"shopId","shopName","PRODUCT","PRODUCTNAME","ITEM_ID","URL","CATEGORYTEXT","PRICE_VAT","EAN","suggestEan","suggestProductName","suggestCategoryTree","suggestPriceMin","suggestPriceMax","suggestProductUrl"
"4603","Premiumstore.sk","Bose Pro BOSE DesignMax DM5SE Vonkajší reproduktor na povrchovú montáž, čierna","","BAS_BASYS-B_829705-0120","https://www.premiumstore.sk/bose-designmax-dm5se-vonkajsi-reproduktor-na-povrchovu-montaz--cierna-2/","Profesionálna audio technika | Plošné ozvučenie (100V rozhlasové ozvučenie)","970","","","","","","",""
"4603","Premiumstore.sk","Držiak Sunnylife pre OSMO Action 5 Pro/4/3","","088695","https://www.premiumstore.sk/drziak-sunnylife-pre-osmo-action-5-pro-4-3/","Heureka.sk | Elektronika | Foto, kamery, optika | Foto a kamery | Športové kamery","13","5905156105645","","","","","",""
"4603","Premiumstore.sk","KNG KM-24185 Wall and ceiling bracket for smaller PA systems","","MON_KM-24185","https://www.premiumstore.sk/kng-km-24185-wall-and-ceiling-bracket-for-smaller-pa-systems/","Heureka.sk | Elektronika | TV, audio, video | Reproduktory, soundbary | Príslušenstvo k reproduktorom | Stojany a držiaky na reproduktory","54.9","4016842101122","4016842101122","Konig & Meyer 24185","Elektronika | TV, audio, video | Reproduktory, soundbary | Príslušenstvo k reproduktorom | Stojany a držiaky na reproduktory","27.1","30","stojany-a-drziaky-na-reproduktory.heureka.sk/konig-meyer-24185"
"4603","Premiumstore.sk","Monacor ETS-340TW","","MON_ETS-340TW_WS","https://www.premiumstore.sk/monacor-ets-340tw-ws-spickove-stlpove-reproduktor/","Heureka.sk | Elektronika | TV, audio, video | Reproduktory, soundbary | Reprosústavy a reproduktory","270","4007754198089","","","","","",""
"4603","Premiumstore.sk","Solight USB-A+C fast charger 20W","","SOL_DC71B-B","https://www.premiumstore.sk/solight-usb-a-c-fast-charger-20w-2/","Heureka.sk | Elektronika | Mobily, tablety, nositeľná elektronika | Príslušenstvo k mobilom | Batérie a nabíjačky pre mobily | Bezdrôtové nabíjačky","5.9","8592718050894","","","","","",""
"4603","Premiumstore.sk","TANNOY SAT 3 Reproduktor","","BAS_BASYS-TA_000-E0Y00","https://www.premiumstore.sk/tannoy-sat-3-reproduktor/","Profesionálna audio technika | Plošné ozvučenie (100V rozhlasové ozvučenie)","129","","","","","","",""
"4603","Premiumstore.sk","BoomTone DJ MS2 Monitoring Accessories","","MON_MS2","https://www.premiumstore.sk/boomtone-dj-ms2-monitoring-accessories/","Heureka.sk | Elektronika | TV, audio, video | Reproduktory, soundbary | Príslušenstvo k reproduktorom | Stojany a držiaky na reproduktory","29.9","2553420000139","","","","","",""
"4603","Premiumstore.sk","Digitálne nočné videnie FNIRSI NVS-20 so záznamom v rozlíšení 4K HD","","078700","https://www.premiumstore.sk/digitalne-nocne-videnie-fnirsi-nvs-20-so-zaznamom-v-rozliseni-4k-hd/","TV, audio a video | Foto a optika | Ďalekohľad","60.9","5907085527413","5907085527413","Fnirsi NVS-20","Elektronika | Foto, kamery, optika | Foto a kamery | Nočné videnie","79.89","79.9","nocne-videnie.heureka.sk/fnirsi-nvs-20"
"4603","Premiumstore.sk","Herný mikrofón Fifine AM8T (ružový)","","087790","https://www.premiumstore.sk/herny-mikrofon-fifine-am8t--ruzovy/","Heureka.sk | Elektronika | TV, audio, video | Mikrofóny","59","5410464334484","5410464334484","Fifine AM8T","Elektronika | Počítače a notebooky | Príslušenstvo k počítačom | Počítačové mikrofóny","59","97.9","pocitacove-mikrofony.heureka.sk/fifine-am8t"
"4603","Premiumstore.sk","Kruger & Matz Detektor kouře Krüger&Matz KM2261 TUYA WIFI","","AT_LEC-KM2261","https://www.premiumstore.sk/detektor-koure-kruger-matz-km2261-tuya-wifi/","Bezpečnosť a smart domácnosť | Zabezpečenie | Požarní hlásiče","17","5901890129312","","","","","",""
"4603","Premiumstore.sk","Monacor PA-4040MPX 4-zónový mixpult","","MON_PA-4040MPX","https://www.premiumstore.sk/monacor-pa-4040mpx-4-zonovy-mixpult/","Profesionálna audio technika | Pódium, diskotéka, DJ | mixy a powermixy | Zónové mixy","417","4007754225808","","","","","",""
"4603","Premiumstore.sk","Solight bezdrôtové tlačidlo pre 1L20, 1L20B, 1L23, 1L45, dosah 150m","","SOL_1L20T","https://www.premiumstore.sk/solight-bezdrotove-tlacidlo-pre-1l20--1l20b--1l23--1l45--dosah-150m/","Heureka.sk | Dielňa, stavba, záhrada | Stavba | Elektromateriály | Domová komunikácia | Domové zvončeky","7.1","8592718051860","","","","","",""
"4603","Premiumstore.sk","WAYDOO EVO Drive Unit Bag","","086980","https://www.premiumstore.sk/waydoo-evo-drive-unit-bag/","Heureka.sk | Šport a outdoor | Športy | Vodné športy | Potápačské vybavenie | Podvodné skútre","255.9","6974416941544","","","","","",""
"4603","Premiumstore.sk","Bose Pro BOSE DesignMax DM8C inštalačný reproduktor, biely","","BAS_BASYS-B_802080-0210","https://www.premiumstore.sk/bose-designmax-dm8c-instalacny-reproduktor--biely/","Profesionálna audio technika | Plošné ozvučenie (100V rozhlasové ozvučenie)","760","","","","","","",""
"4603","Premiumstore.sk","Dynamický mikrofón Fifine Tank1 (biely)","","087581","https://www.premiumstore.sk/dynamicky-mikrofon-fifine-tank1--biely/","Heureka.sk | Elektronika | TV, audio, video | Mikrofóny","61.5","8032766105264","","","","","",""
"4603","Premiumstore.sk","Kovové puzdro Telesin pre kameru DJI ACTION 3/4/5","","077614","https://www.premiumstore.sk/kovove-puzdro-telesin-pre-kameru-dji-action-3-4-5/","Heureka.sk | Elektronika | Foto, kamery, optika | Príslušenstvo k fotoaparátom | Blesky a príslušenstvo | Blesky k fotoaparátom","23","6974944463648","","","","","",""
"4603","Premiumstore.sk","Monacor SP-6/4SQ Univerzálny reproduktor, 3 W, 4 Ω","","MON_SP-6_4SQ","https://www.premiumstore.sk/monacor-sp-6-4sq-univerzalny-reproduktor--3-w--4-/","Heureka.sk | Elektronika | TV, audio, video | Reproduktory, soundbary | Reprosústavy a reproduktory","11.5","4007754137682","","","","","",""
"4603","Premiumstore.sk","Solight LED COB opasok, 5m, 7W/m, 500lm/m, neutrálna biela, USB napájanie, vypínač, 8mm","","SOL_WM62-NW","https://www.premiumstore.sk/solight-led-cob-opasok--5m--7w-m--500lm-m--neutralna-biela--usb-napajanie--vypinac--8mm/","Heureka.sk | Bývanie a doplnky | Osvetlenie a svietidlá | Dekoratívne osvetlenie | LED pásiky","11.5","8592718047627","","","","","",""
"4603","Premiumstore.sk","CP PLUS CP-LNR-4K3081-P8 Síťový videorekordér (NVR) s kompresí H.265 a PoE pro připojení osmi IP ka","","AT_CPP-CP-LNR-4K3081-P8","https://www.premiumstore.sk/cp-plus-cp-lnr-4k3081-p8-sitovy-videorekorder--nvr--s-kompresi-h-265-a-poe-pro-pripojeni-osmi-ip-ka/","Bezpečnosť a smart domácnosť | Kamerové systémy | IP sieťové videorekordéry (NVR) | 8 kanálů","290.9","4250593450317","","","","","",""
"4603","Premiumstore.sk","Elokance LINEONECOVERPACK Accessories (Cases, Stands)","","MON_LINEONECOVERPACK","https://www.premiumstore.sk/elokance-lineonecoverpack-accessories--cases--stands/","Profesionálna audio technika | Pódium, diskotéka, DJ | reproduktorové systémy | príslušenstvo","91","3700752710499","","","","","",""
"4603","Premiumstore.sk","Kamera Ezviz HB8c Lite 2K+ KIT IP vonkajšia, PTZ, Wi-Fi, 4 Mpx, batéria, solárny panel","","PEN_70293647","https://www.premiumstore.sk/kamera-ezviz-hb8c-lite-2k--kit-ip-vonkajsia--ptz--wi-fi--4-mpx--bateria--solarny-panel/","Heureka.sk | Elektronika | Počítače a notebooky | Sieťové prvky | IP kamery","89","6941545639260","6941545639260","Ezviz IP kamera HB8C Lite 4MP a 5W Solar Panel Kit CS-HB8c/SP-R100(4MP)","Elektronika | Počítače a notebooky | Sieťové prvky | IP kamery","29.89","201.68","ip-kamery.heureka.sk/ezviz-ip-kamera-hb8c-lite-4mp-a-5w-solar-panel-kit-cs-hb8c-sp-r100-4mp"
"4603","Premiumstore.sk","Monacor SPX-32M Hi-fi širokopásmový reproduktor, 20 W, 8 Ω","","MON_SPX-32M","https://www.premiumstore.sk/monacor-spx-32m-hi-fi-sirokopasmovy-reproduktor--20-w--8-/","Heureka.sk | Elektronika | TV, audio, video | Reproduktory, soundbary | Reprosústavy a reproduktory","25.5","4007754217018","","","","","",""
"4603","Premiumstore.sk","Solight WZ6105","","SOL_WZ6105","https://www.premiumstore.sk/solight-led-svetelny-zdroj-do-stropnych-svetiel--24w--2400lm--4000k--167mm/","Elektroinštalačný materiál | Osvetlenie | LED Žiarovky | Ostatné svetelné zdroje","6","8592718033613","8592718033613","Solight WZ6105","Bývanie a doplnky | Osvetlenie a svietidlá | Svietidlá","6.2","8.5","svietidla.heureka.sk/solight-wz6105"
"4603","Premiumstore.sk","TC Helicon VoiceTone E1 vocal echo/delay pedál","","BAS_BASYS-TC_996011005","https://www.premiumstore.sk/tc-helicon-voicetone-e1-vocal-echo-delay-pedal/","Profesionálna audio technika | Hudobné nástroje a príslušenstvo | Gitarové príslušenstvo","125","","","","","","",""
"4603","Premiumstore.sk","Bose Pro BOSE DesignMax DM10P-SUB Závesný subwooferový reproduktor, biely","","BAS_BASYS-B_835265-0210","https://www.premiumstore.sk/bose-designmax-dm10p-sub-zavesny-subwooferovy-reproduktor--biely/","Heureka.sk | Elektronika | TV, audio, video | Reproduktory, soundbary | Reprosústavy a reproduktory","650","","","","","","",""
"4603","Premiumstore.sk","Držiak Telesin na motocykel pre športové kamery","","078411","https://www.premiumstore.sk/drziak-telesin-na-motocykel-pre-sportove-kamery/","Heureka.sk | Elektronika | Foto, kamery, optika | Foto a kamery | Športové kamery","19.5","6974944464683","","","","","",""
"4603","Premiumstore.sk","IMG Stage Line PAK-412","","MON_PAK-412","https://www.premiumstore.sk/img-stage-line-pak-412-aktivny-vykonovy-pa-reproduktorovy-system-s-2-kanalovym-zosilnovacom--700-w/","Profesionálna audio technika | Pódium, diskotéka, DJ | reproduktorové systémy | aktívne","545","4007754244830","","","","","",""
"4603","Premiumstore.sk","MOES TV02 Termostatická hlavica s LCD displejom a technológiou ZigBee","","087494","https://www.premiumstore.sk/moes-tv02-termostaticka-hlavica-s-lcd-displejom-a-technologiou-zigbee/","Heureka.sk | Dielňa, stavba, záhrada | Stavba | Elektromateriály | Elektroinštalačný materiál | Zásuvky, vypínače, termostaty | Termostaty","26.9","6974246475554","6974246475554","MOES TV-02","Dielňa, stavba, záhrada | Kúrenie a ohrev vody | Kúrenie | Radiátory a príslušenstvo | Hlavice pre radiátory","42.67","42.67","hlavice-radiatory.heureka.sk/moes-tv-02"
"4603","Premiumstore.sk","Monacor SAM-300D Modul aktívneho subwoofera, 300 W at 4 Ω, trieda D","","MON_SAM-300D","https://www.premiumstore.sk/monacor-sam-300d-modul-aktivneho-subwoofera--300-w-at-4---trieda-d/","Heureka.sk | Elektronika | TV, audio, video | Reproduktory, soundbary | Príslušenstvo k reproduktorom | Stojany a držiaky na reproduktory","291","4007754228229","","","","","",""
"4603","Premiumstore.sk","Sonoff S60TPF","","083568","https://www.premiumstore.sk/inteligentna-zasuvka-sonoff-s60tpf-wifi--4ks/","Heureka.sk | Dielňa, stavba, záhrada | Stavba | Elektromateriály | Elektroinštalačný materiál | Zásuvky, vypínače, termostaty | Zásuvky","38.5","6920075743647","6920075743647","Sonoff S60TPF","Elektronika | Inteligentná domácnosť | Zásuvky pre inteligentnú domácnosť","9.99","44.9","zasuvky-pre-inteligentnu-domacnost.heureka.sk/sonoff-s60tpf"
"4603","Premiumstore.sk","ZZIPP MSZZ149 MSZZ149, Profesionálny stojan pre mikrofón","","MON_MSZZ149","https://www.premiumstore.sk/zzipp-mszz149-mszz149--profesionalny-stojan-pre-mikrofon/","Heureka.sk | Hobby | Hudobniny | Zvuková technika | Stojany na mikrofóny","102","8051361595607","","","","","",""
"4603","Premiumstore.sk","CP PLUS CP-ENC-T51PL3C 5.0 Mpix venkovní kompaktní IP kamera s IR přísvitem, kompresí H.265 a mikro","","AT_CPP-CP-ENC-T51PL3C","https://www.premiumstore.sk/cp-plus-cp-enc-t51pl3c-5-0-mpix-venkovni-kompaktni-ip-kamera-s-ir-prisvitem--kompresi-h-265-a-mikro/","Heureka.sk | Elektronika | Počítače a notebooky | Sieťové prvky | IP kamery","140","4250593447393","","","","","",""
"4603","Premiumstore.sk","Elokance LINESETCOVERPACK Accessories (Cases, Stands)","","MON_LINESETCOVERPACK","https://www.premiumstore.sk/elokance-linesetcoverpack-accessories--cases--stands/","Profesionálna audio technika | Pódium, diskotéka, DJ | reproduktorové systémy | príslušenstvo","91","3700752716767","","","","","",""
"4603","Premiumstore.sk","Laserový senzor pohybu F&F DRL-12 mini 12V DC broušený hliník","","AT_FIR-1622135","https://www.premiumstore.sk/laserovy-senzor-pohybu-f-f-drl-12-mini-12v-dc-brouseny-hlinik/","Bezpečnosť a smart domácnosť | Zabezpečenie | Laserové senzory pohybu","96.9","5902431672960","","","","","",""
"4603","Premiumstore.sk","Nintendo NS2 The Legend of Zelda: Breath of the","","KB_100002136652","https://www.premiumstore.sk/ns2-the-legend-of-zelda--breath-of-the/","Heureka.sk | Gaming | Hry na PC a konzoly | Hry na Nintendo | Hry na Nintendo DS","77.9","","","","","","",""
"4603","Premiumstore.sk","Solight LED žiarivka lineárna T8, 9W, 1260lm, 6000K, 60cm, sklo","","SOL_WT130-B","https://www.premiumstore.sk/solight-led-ziarivka-linearna-t8--9w--1260lm--6000k--60cm--sklo/","Heureka.sk | Bývanie a doplnky | Osvetlenie a svietidlá | Príslušenstvo k svietidlám | Žiarovky","3.2","8592718042462","8592718042462","Solight LED NANO žiarivka lineárna T8 800lm 9W 60cm WT118 4000k Neutrálna biela","Bývanie a doplnky | Osvetlenie a svietidlá | Príslušenstvo k svietidlám | Žiarovky","3.79","5.49","ziarovky.heureka.sk/solight-led-nano-ziarivka-linearna-t8-800lm-9w-60cm-wt118-4000k-neutralna-biela"
"4603","Premiumstore.sk","CP PLUS CP-UNC-TC61L5C-VMD-LQ 6.0 Mpix venkovní kompaktní IP kamera s duálním přísvitem, Starlight, H.265,","","AT_CPP-CP-UNC-TC61L5C-VMD-LQ","https://www.premiumstore.sk/cp-plus-cp-unc-tc61l5c-vmd-lq-6-0-mpix-venkovni-kompaktni-ip-kamera-s-dualnim-prisvitem--starlight--h-265-/","Heureka.sk | Elektronika | Počítače a notebooky | Sieťové prvky | IP kamery","363.9","4250593451932","","","","","",""
"4603","Premiumstore.sk","Elokance OPUS210AARRAY Line Array","","MON_OPUS210AARRAY","https://www.premiumstore.sk/elokance-opus210aarray-line-array/","Profesionálna audio technika | Pódium, diskotéka, DJ | reproduktorové systémy | aktívne","2049","3700752718204","","","","","",""
"4603","Premiumstore.sk","Kamera TP-Link Mercusys MC230 IP, 5MPx, WiFi, prísvit","","PEN_52932495","https://www.premiumstore.sk/kamera-tp-link-mercusys-mc230-ip--5mpx--wifi--prisvit/","Heureka.sk | Elektronika | Počítače a notebooky | Sieťové prvky | IP kamery","27.5","6957939004798","6957939004798","Mercusys MC230","Elektronika | Počítače a notebooky | Sieťové prvky | IP kamery","22.4","26.68","ip-kamery.heureka.sk/mercusys-mc230"
"4603","Premiumstore.sk","Monacor TXA-820WPB Ochranný kryt, odolný voči striekajúcej vode, pre TXA-820, TXA-820CD, TXA-822CD","","MON_TXA-820WPB","https://www.premiumstore.sk/monacor-txa-820wpb-ochranny-kryt--odolny-voci-striekajucej-vode--pre-txa-820--txa-820cd--txa-822cd/","Heureka.sk | Oblečenie, obuv a doplnky | Módne doplnky | Batohy, tašky a kabelky | Tašky","107","4007754270341","","","","","",""
"4603","Premiumstore.sk","Solight príslušenstvo pre zapustenú montáž lineárneho osvetlenia","","SOL_WO2000-ND2","https://www.premiumstore.sk/solight-prislusenstvo-pre-zapustenu-montaz-linearneho-osvetlenia/","Heureka.sk | Bývanie a doplnky | Osvetlenie a svietidlá | LED osvetlenie","2.4","8592718037123","","","","","",""
"4603","Premiumstore.sk","TERMOVÍZNA KAMERA THERMAL MASTER P4 USB-C Mini","","088734","https://www.premiumstore.sk/termovizna-kamera-thermal-master-p4-usb-c-mini/","Heureka.sk | Elektronika | Foto, kamery, optika | Príslušenstvo k fotoaparátom | Blesky a príslušenstvo | Blesky k fotoaparátom","323","6977658980487","6977658980487","Thermal Master P4 USB-C Mini","Elektronika | Foto, kamery, optika | Foto a kamery | Termokamery","379","449.97","termokamery.heureka.sk/thermal-master-p4-usb-c-mini"
"4603","Premiumstore.sk","Bose Pro BOSE DesignMax DM5P závesné inštalačné reproduktory, čierne","","BAS_BASYS-B_841166-0120","https://www.premiumstore.sk/bose-designmax-dm5p-zavesne-instalacne-reproduktory--cierne/","Profesionálna audio technika | Plošné ozvučenie (100V rozhlasové ozvučenie)","780","","","","","","",""
"4603","Premiumstore.sk","Držiak Telesin na selfie pre športové kamery (150 cm)","","078416","https://www.premiumstore.sk/drziak-telesin-na-selfie-pre-sportove-kamery--150-cm/","Heureka.sk | Elektronika | Foto, kamery, optika | Foto a kamery | Športové kamery","16.9","6974944464652","","","","","",""
"4603","Premiumstore.sk","IMG Stage Line RM/MXR-80 482 mm sada montážnych konzol pre MXR-80","","MON_RM_MXR-80","https://www.premiumstore.sk/img-stage-line-rm-mxr-80-482-mm-sada-montaznych-konzol-pre-mxr-80/","Profesionálna audio technika | Pódium, diskotéka, DJ | mixy a powermixy | audio (MMX-)","22.5","4007754275858","","","","","",""
"4603","Premiumstore.sk","MOES WCM-B66 3MP vonkajšia Wi-Fi IP kamera","","087539","https://www.premiumstore.sk/moes-wcm-b66-3mp-vonkajsia-wi-fi-ip-kamera/","Heureka.sk | Elektronika | Počítače a notebooky | Sieťové prvky | IP kamery","28.5","6974246470702","","","","","",""
"4603","Premiumstore.sk","Monacor SP-12/200PA PA stredobasový reproduktor, 200 W, 8 Ω","","MON_SP-12_200PA","https://www.premiumstore.sk/monacor-sp-12-200pa-pa-stredobasovy-reproduktor--200-w--8-/","Heureka.sk | Elektronika | TV, audio, video | Reproduktory, soundbary | Reprosústavy a reproduktory","159","4007754071085","","","","","",""
"4603","Premiumstore.sk","Sunny napájecí adaptér 18V, 1,33A, 24W - spínaný","","AT_ABT-A500000625","https://www.premiumstore.sk/sunny-napajeci-adapter-18v--1-33a--24w-spinany/","Bezpečnosť a smart domácnosť | Kamerové systémy | PRÍSLUŠENSTVO | Napájacie zdroje","14","8592457211099","","","","","",""
"4603","Premiumstore.sk","Zdroj záložní KEMOT PROsinus 1000 URZ3406-LFP4 700W 12V + BATERIE","","AT_VB-URZ3406-LFP4","https://www.premiumstore.sk/zdroj-zalozni-kemot-prosinus-1000-urz3406-lfp4--700w-12v-baterie/","Heureka.sk | Elektronika | Počítače a notebooky | Záložné zdroje | UPS","112.5","","","","","","",""
"4603","Premiumstore.sk","CP PLUS CP-UNC-DA81L3C-LQ 8.0 Mpix venkovní dome IP kamera s duálním přísvitem a mikrofonem","","AT_CPP-CP-UNC-DA81L3C-LQ","https://www.premiumstore.sk/cp-plus-cp-unc-da81l3c-lq-8-0-mpix-venkovni-dome-ip-kamera-s-dualnim-prisvitem-a-mikrofonem/","Heureka.sk | Elektronika | Počítače a notebooky | Sieťové prvky | IP kamery","300.9","4250593450676","","","","","",""
"4603","Premiumstore.sk","Fve Páska oboustranná butylová - tloušťka 1mm, šířka 20mm, délka 60m","","AT_BUTYL20X1X80","https://www.premiumstore.sk/paska-oboustranna-butylova-tloustka-1mm--sirka-20mm--delka-60m/","Heureka.sk | Dielňa, stavba, záhrada | Stavba | Fotovoltaika | Fotovoltaické a solárne panely","23.5","","","","","","",""
"4603","Premiumstore.sk","Magnetický držiak Puluz pre GoPro HERO13 Black (čierny a červený)","","089615","https://www.premiumstore.sk/magneticky-drziak-puluz-pre-gopro-hero13-black--cierny-a-cerveny/","Heureka.sk | Elektronika | Foto, kamery, optika | Foto a kamery | Športové kamery","24.5","5905156106925","","","","","",""
"4603","Premiumstore.sk","ORG OMNI-CORD/SW Spottune OMNI CORD speaker, black","","MON_OMNI-CORD_SW","https://www.premiumstore.sk/org-omni-cord-sw-spottune-omni-cord-speaker--black/","Profesionálna audio technika | Plošné ozvučenie (100V rozhlasové ozvučenie) | Bezdrôtové ozvučenie","739","5700002178480","","","","","",""
"4603","Premiumstore.sk","Solight náhradné trubice 36W pre GNZ01","","SOL_GNZ-T","https://www.premiumstore.sk/solight-nahradne-trubice-36w-pre-gnz01/","Heureka.sk | Veľké spotrebiče | Náhradné diely k veľkým spotrebičom","11","8592718031190","8592718031190","Osram žiarovka LED DULUX L 18LED 7W/830 2G11","Bývanie a doplnky | Osvetlenie a svietidlá | Príslušenstvo k svietidlám | Žiarovky","14.49","18.97","ziarovky.heureka.sk/osram-ziarovka-led-dulux-l-18led-7w-830-2g11"
"4603","Premiumstore.sk","CP PLUS CP-UNC-TA41L3B-D-LQ 4.0 Mpix venkovní IP kamera s duálním přísvitem, H.265, WDR, mikrofonem a repro","","AT_CPP-CP-UNC-TA41L3B-D-LQ","https://www.premiumstore.sk/cp-plus-cp-unc-ta41l3b-d-lq-4-0-mpix-venkovni-ip-kamera-s-dualnim-prisvitem--h-265--wdr--mikrofonem-a-repro/","Heureka.sk | Elektronika | Počítače a notebooky | Sieťové prvky | IP kamery","235.9","4250593450874","","","","","",""
"4603","Premiumstore.sk","Fve Hybridní měnič napětí EM6200-48L, 6.2kW/48V, regulátor MPPT","","AT_ATO-G453","https://www.premiumstore.sk/hybridni-menic-napeti-em6200-48l--6-2kw-48v--regulator-mppt/","Heureka.sk | Dielňa, stavba, záhrada | Stavba | Fotovoltaika | Solárne regulátory","569.5","8596425203796","","","","","",""
"4603","Premiumstore.sk","Laserový senzor pohybu F&F DRL-60-230-9 230V AC černý","","AT_FIR-1622152","https://www.premiumstore.sk/laserovy-senzor-pohybu-f-f-drl-60-230-9-230v-ac-cerny/","Bezpečnosť a smart domácnosť | Zabezpečenie | Laserové senzory pohybu","129","5902431675503","","","","","",""
"4603","Premiumstore.sk","Monacor SPX-20M Miniatúrny hi-fi širokopásmový reproduktor, 15 W, 8 Ω","","MON_SPX-20M","https://www.premiumstore.sk/monacor-spx-20m-miniaturny-hi-fi-sirokopasmovy-reproduktor--15-w--8-/","Heureka.sk | Elektronika | TV, audio, video | Reproduktory, soundbary | Reprosústavy a reproduktory","47.9","4007754217001","","","","","",""
"4603","Premiumstore.sk","Solight drevený LED svietnik, 10x LED, 25cm, 2x AA","","SOL_1V307","https://www.premiumstore.sk/solight-dreveny-led-svietnik--10x-led--25cm--2x-aa/","Heureka.sk | Bývanie a doplnky | Bytové dekorácie | Sviatočné dekorácie | Vianoce | Vianočné osvetlenie","10","","","","","","",""
"4603","Premiumstore.sk","Termostat MOES ZHT-SR-GC s technológiou ZigBee pre kotly/plyn","","087556","https://www.premiumstore.sk/termostat-moes-zht-sr-gc-s-technologiou-zigbee-pre-kotly-plyn/","Heureka.sk | Dielňa, stavba, záhrada | Stavba | Elektromateriály | Elektroinštalačný materiál | Zásuvky, vypínače, termostaty | Termostaty","53","6974246478531","6974246478531","MOES Smart ZigBee GC Water/Gas Boiler 5 A White","Dielňa, stavba, záhrada | Stavba | Elektromateriály | Elektroinštalačný materiál | Zásuvky, vypínače, termostaty | Termostaty","58.5","58.5","termostaty.heureka.sk/moes-smart-zigbee-gc-water-gas-boiler-5-a-white"
"4603","Premiumstore.sk","CP PLUS CP-UNR-4K4164-FI Síťový videorekordér(NVR) s kompresí H.265 pro připojení šestnácti IP kamer s AI funkcemi a SMD","","AT_CPP-CP-UNR-4K4164-FI","https://www.premiumstore.sk/cp-plus-cp-unr-4k4164-fi-sitovy-videorekorder-nvr--s-kompresi-h-265-pro-pripojeni-sestnacti-ip-kamer-s-ai-funkcemi-a-smd/","Bezpečnosť a smart domácnosť | Kamerové systémy | IP sieťové videorekordéry (NVR) | 16 kanálů","999.5","4250593448826","","","","","",""
"4603","Premiumstore.sk","Fve Hybridní měnič napětí EM3500-24L, 3.5kW/24V, regulátor MPPT","","AT_ATO-G452","https://www.premiumstore.sk/hybridni-menic-napeti-em3500-24l--3-5kw-24v--regulator-mppt/","Heureka.sk | Dielňa, stavba, záhrada | Stavba | Fotovoltaika | Solárne regulátory","410.5","8596425203789","","","","","",""
"4603","Premiumstore.sk","MAKERA Carvera Air – káblová sonda","","085502","https://www.premiumstore.sk/makera-carvera-air---kablova-sonda/","Kreatívne technológie | CNC stroje","107.5","6977641140331","","","","","",""
"4603","Premiumstore.sk","Monacor MRD-44PA PA Výškový reproduktor, 45 W, 8 Ω","","MON_MRD-44PA","https://www.premiumstore.sk/monacor-mrd-44pa-pa-vyskovy-reproduktor--45-w--8-/","Profesionálna audio technika | Reproduktory | drivery","53","4007754214208","","","","","",""
"4603","Premiumstore.sk","Oneisall dvojitý automatický dávkovač krmiva pre domáce zvieratá bez WIFI","","073312","https://www.premiumstore.sk/oneisall-dvojity-automaticky-davkovac-krmiva-pre-domace-zvierata-bez-wifi/","Heureka.sk | Chovateľské potreby | Pre psov | Misky a zásobníky pre psov","48","6934399225543","","","","","",""
"4603","Premiumstore.sk","Slnečná clona na smartfón od Sunnylife pre ovládač DJI RC-N1 (ZG73)","","060435","https://www.premiumstore.sk/slnecna-clona-na-smartfon-od-sunnylife-pre-ovladac-dji-rc-n1--zg73--5/","Heureka.sk | Elektronika | Foto, kamery, optika | Foto a kamery | Športové kamery","13.9","5906168430305","","","","","",""
"4603","Premiumstore.sk","Verbatim 49143 USB-C TO HDMI 4K ADAPTER","","KB_100000655027","https://www.premiumstore.sk/verbatim-49143-usb-c-to-hdmi-4k-adapter/","Heureka.sk | Elektronika | Počítače a notebooky | Príslušenstvo k počítačom | Káble a konektory | USB huby","15.5","","","","","","",""
"4603","Premiumstore.sk","Balanční deska Trizand 26946 s počítadlem a vodováhou","","AT_ITR-00018727","https://www.premiumstore.sk/balancni-deska-trizand-26946-s-pocitadlem-a-vodovahou/","Heureka.sk | Šport a outdoor | Športy | Fitness | Posilňovanie | Posilňovacie lavice","22","5900779961845","","","","","",""
"4603","Premiumstore.sk","Carspa HS-150-24 průmyslový zdroj spínaný 24V 150W","","AT_ABT-52900989","https://www.premiumstore.sk/carspa-hs-150-24-prumyslovy-zdroj-spinany-24v-150w/","Fotovoltaika a energie | Napájacie zdroje | Priemyselné zdroje","17.5","6970355992401","","","","","",""
"4603","Premiumstore.sk","Gosund EP2","","075873","https://www.premiumstore.sk/inteligentna-zasuvka-gosund-ep2-z-zigbee--stvorbalenie--10a/","Heureka.sk | Dielňa, stavba, záhrada | Stavba | Elektromateriály | Elektroinštalačný materiál | Zásuvky, vypínače, termostaty | Zásuvky","30.5","6977038680907","6977038680907","Gosund EP2","Elektronika | Inteligentná domácnosť | Zásuvky pre inteligentnú domácnosť","8.54","66.9","zasuvky-pre-inteligentnu-domacnost.heureka.sk/gosund-ep2"
"4603","Premiumstore.sk","MHPower napájecí adaptér Zd24V5A, 24V 5A 120W spínaný s 3 pinovým napájecím kabelem","","AT_ABT-5790187","https://www.premiumstore.sk/mhpower-napajeci-adapter-zd24v5a--24v-5a-120w-spinany-s-3-pinovym-napajecim-kabelem/","Bezpečnosť a smart domácnosť | Kamerové systémy | PRÍSLUŠENSTVO | Napájacie zdroje","33.9","8594199730906","","","","","",""
"4603","Premiumstore.sk","Monacor ST-926GM High-end reproduktorový terminál","","MON_ST-926GM","https://www.premiumstore.sk/monacor-st-926gm-high-end-reproduktorovy-terminal/","Heureka.sk | Elektronika | TV, audio, video | Reproduktory, soundbary | Príslušenstvo k reproduktorom | Stojany a držiaky na reproduktory","30.5","4007754180077","","","","","",""
"4603","Premiumstore.sk","Solight rozbočovač 2 x 16A, USB A+C rychlonabíjačka 20W PD, biely, vypínač","","SOL_P97-PD20","https://www.premiumstore.sk/solight-rozbocovac-2-x-16a--usb-a-c-rychlonabijacka-20w-pd--biely--vypinac/","Heureka.sk | Dielňa, stavba, záhrada | Stavba | Elektromateriály | Elektroinštalačný materiál | Zásuvky, vypínače, termostaty | Zásuvky","8.9","8592718046118","","","","","",""
"4603","Premiumstore.sk","Bose Pro BOSE DesignMax DM8C-Sub inštalačný subwoofer, čierny","","BAS_BASYS-B_829380-0110","https://www.premiumstore.sk/bose-designmax-dm8c-sub-instalacny-subwoofer--cierny/","Profesionálna audio technika | Plošné ozvučenie (100V rozhlasové ozvučenie)","660","","","","","","",""
"4603","Premiumstore.sk","Dynamický mikrofón Fifine Tank6 (biely)","","087583","https://www.premiumstore.sk/dynamicky-mikrofon-fifine-tank6--biely/","Heureka.sk | Elektronika | TV, audio, video | Mikrofóny","68.5","8032766105288","8032766105288","FIFINE TANK6","Elektronika | Počítače a notebooky | Príslušenstvo k počítačom | Počítačové mikrofóny","68.5","93.4","pocitacove-mikrofony.heureka.sk/fifine-tank6"
"4603","Premiumstore.sk","Kamera TP-Link Tapo C425 4MPx, vonkajší, IP, WiFi, prísvit, batéria","","PEN_52932319","https://www.premiumstore.sk/kamera-tp-link-tapo-c425-4mpx--vonkajsi--ip--wifi--prisvit--bateria/","Heureka.sk | Elektronika | Počítače a notebooky | Sieťové prvky | IP kamery","130.5","4895252500899","4895252500899","TP-Link Tapo C425","Elektronika | Počítače a notebooky | Sieťové prvky | IP kamery","91.8","455.32","ip-kamery.heureka.sk/tp-link-tapo-c425"
"4603","Premiumstore.sk","Monacor HF-50 Gumené nožičky, 20 ks.","","MON_HF-50","https://www.premiumstore.sk/monacor-hf-50-gumene-nozicky--20-ks-/","Heureka.sk | Elektronika | TV, audio, video | Reproduktory, soundbary | Príslušenstvo k reproduktorom | Stojany a držiaky na reproduktory","11.9","4007754114461","","","","","",""
"4603","Premiumstore.sk","Sada filtrov ND-PL PGYTECH (8/16/32/64) pre DJI Osmo Action 3","","040235","https://www.premiumstore.sk/sada-filtrov-nd-pl-pgytech--8-16-32-64--pre-dji-osmo-action-3/","Heureka.sk | Elektronika | Foto, kamery, optika | Foto a kamery | Športové kamery","45.9","6970801339064","","","","","",""
"4603","Premiumstore.sk","Tepelne zmrštiteľná hadica NIIMBOT pre tlačiarne C1, 200 m","","087980","https://www.premiumstore.sk/tepelne-zmrstitelna-hadica-niimbot-pre-tlaciarne-c1--200-m/","Heureka.sk | Kancelária a papiernictvo | Kancelárska technika a vybavenie prevádzok | Tlačiarne štítkov","31.5","5905156105454","","","","","",""
"4603","Premiumstore.sk","Bose Pro BOSE FreeSpace 3 Acoustimass Bass Module stropný inštalačný subwoofer, biely","","BAS_BASYS-B_843090-0210","https://www.premiumstore.sk/bose-freespace-3-acoustimass-bass-module-stropny-instalacny-subwoofer--biely/","Heureka.sk | Elektronika | TV, audio, video | Reproduktory, soundbary | Reprosústavy a reproduktory","640","","","","","","",""
"4603","Premiumstore.sk","Diagnostický skener pre motocykle BMW ANCEL MT300","","087779","https://www.premiumstore.sk/diagnosticky-skener-pre-motocykle-bmw-ancel-mt300/","Auto-moto | Diagnostické nástroje","155.5","6978281190526","","","","","",""
"4603","Premiumstore.sk","Kovové ochranné puzdro s držiakom Puluz na studenú päticu pre DJI Osmo Action 6","","083517","https://www.premiumstore.sk/kovove-ochranne-puzdro-s-drziakom-puluz-na-studenu-paticu-pre-dji-osmo-action-6/","Heureka.sk | Elektronika | Foto, kamery, optika | Foto a kamery | Športové kamery","27.5","5905156101807","","","","","",""
"4603","Premiumstore.sk","Monacor LSI-39T Cievka s transformátorovým jadrom, 3,9 mH","","MON_LSI-39T","https://www.premiumstore.sk/monacor-lsi-39t-cievka-s-transformatorovym-jadrom--3-9-mh/","Heureka.sk | Elektronika | TV, audio, video | Reproduktory, soundbary | Príslušenstvo k reproduktorom | Stojany a držiaky na reproduktory","21.5","4007754066876","","","","","",""
"4603","Premiumstore.sk","Príslušenstvo BOYA BY-B04 protivětrný kryt","","PEN_549379","https://www.premiumstore.sk/prislusenstvo-boya-by-b04-protivetrny-kryt/","Heureka.sk | Elektronika | TV, audio, video | Mikrofóny","12","4897040884006","","","","","",""
"4603","Premiumstore.sk","Vodotesné puzdro Puluz pre Insta360 One RS 4K Edition","","089611","https://www.premiumstore.sk/vodotesne-puzdro-puluz-pre-insta360-one-rs-4k-edition/","Heureka.sk | Elektronika | Foto, kamery, optika | Foto a kamery | Športové kamery","36.9","5905156106352","","","","","",""
"4603","Premiumstore.sk","Bose Pro BOSE L1 Pro16","","BAS_BASYS-B_840920-2100","https://www.premiumstore.sk/bose-l1-pro16/","Profesionálna audio technika | Pódium, diskotéka, DJ | reproduktorové systémy","2100","","","","","","",""
"4603","Premiumstore.sk","Fotovoltaický solární panel SOLARFAM SZ-200-CPC-B-18V","","AT_ATO-A500006732","https://www.premiumstore.sk/fotovoltaicky-solarni-panel-solarfam-sz-200-cpc-b-18v/","Heureka.sk | Dielňa, stavba, záhrada | Stavba | Fotovoltaika | Fotovoltaické a solárne panely","202.9","","","","","","",""
"4603","Premiumstore.sk","Kamera TP-Link Tapo C530WS 5MPx, vonkajšia, IP PTZ, WiFi, prísvit","","PEN_52932339","https://www.premiumstore.sk/kamera-tp-link-tapo-c530ws-5mpx--vonkajsia--ip-ptz--wifi--prisvit/","Heureka.sk | Elektronika | Počítače a notebooky | Sieťové prvky | IP kamery","81.5","8885020624984","8885020624984","TP-Link Tapo C530WS","Elektronika | Počítače a notebooky | Sieťové prvky | IP kamery","62.85","84.39","ip-kamery.heureka.sk/tp-link-tapo-c530ws_2"
"4603","Premiumstore.sk","Mini PC GEEKOM A7 s procesorom AMD Ryzen™ 5 7535HS, 16 GB RAM, 512 GB SSD + Windows 11 Pro","","083635","https://www.premiumstore.sk/mini-pc-geekom-a7-s-procesorom-amd-ryzen--5-7535hs--16-gb-ram--512-gb-ssd-windows-11-pro/","TV, audio a video | Počítače a príslušenstvo | Mini PC","638.9","5905156101890","","","","","",""
"4603","Premiumstore.sk","Nintendo NS2 The Legend of Zelda: Tears of the","","KB_100002136653","https://www.premiumstore.sk/ns2-the-legend-of-zelda--tears-of-the/","Heureka.sk | Gaming | Hry na PC a konzoly | Hry na Nintendo | Hry na Nintendo DS","77.9","","","","","","",""
"4603","Premiumstore.sk","TANNOY ARCO GRILLE CMS 803-WH, mriežka reproduktora","","BAS_BASYS-TA_000-BVV00","https://www.premiumstore.sk/tannoy-arco-grille-cms-803-wh--mriezka-reproduktora/","Profesionálna audio technika | Plošné ozvučenie (100V rozhlasové ozvučenie)","59","","","","","","",""
"4603","Premiumstore.sk","Bose Pro BOSE FreeSpace FS2C Stropný reproduktor, čierna","","BAS_BASYS-B_841154-0320","https://www.premiumstore.sk/bose-freespace-fs2c-stropny-reproduktor--cierna/","Profesionálna audio technika | Plošné ozvučenie (100V rozhlasové ozvučenie)","300","","","","","","",""
"4603","Premiumstore.sk","Elokance LINETWOCOVERPACK Accessories (Cases, Stands)","","MON_LINETWOCOVERPACK","https://www.premiumstore.sk/elokance-linetwocoverpack-accessories--cases--stands/","Profesionálna audio technika | Pódium, diskotéka, DJ | reproduktorové systémy | príslušenstvo","123","3700752712745","","","","","",""
"4603","Premiumstore.sk","Kamera Ezviz H80f Triple Lens Vonkajšia PTZ IP, 3x 4MP, WiFi","","PEN_70293585","https://www.premiumstore.sk/kamera-ezviz-h80f-triple-lens-vonkajsia-ptz-ip--3x-4mp--wifi/","Heureka.sk | Elektronika | Počítače a notebooky | Sieťové prvky | IP kamery","132.5","6941545636634","6941545636634","Ezviz IP kamera H80f Triple Lens 3x4MP CS-H80f-R100-8G444WKFL","Elektronika | Počítače a notebooky | Sieťové prvky | IP kamery","112.5","145.67","ip-kamery.heureka.sk/ezviz-ip-kamera-h80f-triple-lens-3x4mp-cs-h80f-r100-8g444wkfl"
"4603","Premiumstore.sk","Monacor LSC-680NP Bipolárny elektrolytický kondenzátor 1.5-220 µF","","MON_LSC-680NP","https://www.premiumstore.sk/monacor-lsc-680np-bipolarny-elektrolyticky-kondenzator-1-5-220-f/","Heureka.sk | Elektronika | TV, audio, video | Reproduktory, soundbary | Príslušenstvo k reproduktorom | Stojany a držiaky na reproduktory","10","4007754033397","","","","","",""
"4603","Premiumstore.sk","Solight LED 3D drevená vianočná dekorácia v ráme, 12x LED, 25cm, 2x AA","","SOL_1V306","https://www.premiumstore.sk/solight-led-3d-drevena-vianocna-dekoracia-v-rame--12x-led--25cm--2x-aa/","Heureka.sk | Bývanie a doplnky | Bytové dekorácie | Sviatočné dekorácie | Vianoce | Vianočné osvetlenie","11","","","","","","",""
"4603","Premiumstore.sk","TC Helicon Harmony V60","","BAS_BASYS-TC_000-DB901","https://www.premiumstore.sk/tc-helicon-harmony-v60/","Profesionálna audio technika | Hudobné nástroje a príslušenstvo | Gitarové príslušenstvo","459","","","","","","",""
"4603","Premiumstore.sk","Bose Pro BOSE FreeSpace FS2C Stropný reproduktor, biely","","BAS_BASYS-B_841154-0420","https://www.premiumstore.sk/bose-freespace-fs2c-stropny-reproduktor--biely/","Profesionálna audio technika | Plošné ozvučenie (100V rozhlasové ozvučenie)","300","","","","","","",""
"4603","Premiumstore.sk","Elektrický bicykel ENGWE L20 3.0 BOOST 250 W s 16-palcovými kolesami (zlatý)","","088755","https://www.premiumstore.sk/elektricky-bicykel-engwe-l20-3-0-boost-250-w-s-16-palcovymi-kolesami--zlaty-/","Šport, hračky a voľný čas | Elektrické bicykle","1360.5","6975639441088","","","","","",""
"4603","Premiumstore.sk","Kamera TP-Link Mercusys MC410 KIT 3MPx, vonkajšia, IP, Wi-Fi, batéria, sol. panel","","PEN_52932494","https://www.premiumstore.sk/kamera-tp-link-mercusys-mc410-kit-3mpx--vonkajsia--ip--wi-fi--bateria--sol--panel/","Heureka.sk | Elektronika | Počítače a notebooky | Sieťové prvky | IP kamery","75.5","6957939005207","6957939005207","MERCUSYS MC410 KIT","Elektronika | Počítače a notebooky | Sieťové prvky | IP kamery","60.7","76.9","ip-kamery.heureka.sk/mercusys-mc410-kit_2"
"4603","Premiumstore.sk","Monacor BP-520G Pár high-end pólových svoriek reproduktorov","","MON_BP-520G","https://www.premiumstore.sk/monacor-bp-520g-par-high-end-polovych-svoriek-reproduktorov/","Heureka.sk | Elektronika | TV, audio, video | Reproduktory, soundbary | Príslušenstvo k reproduktorom | Stojany a držiaky na reproduktory","39.5","4007754089554","","","","","",""
"4603","Premiumstore.sk","Niimbot RR14.2-70White, 14,2 mm x 80 m, biela, originálna farbiaca páska","","089381","https://www.premiumstore.sk/paska-niimbot-c1--biela/","Heureka.sk | Kancelária a papiernictvo | Kancelárska technika a vybavenie prevádzok | Tlačiarne štítkov","10","6978642802778","6978642802778","Niimbot RR14.2-70White, 14,2 mm x 80 m, biela, originálna farbiaca páska","Kancelária a papiernictvo | Kancelárska technika a vybavenie prevádzok | Príslušenstvo ku kancelárskej technike | Farbiace pásky","12.5","12.5","farbiace-pasky.heureka.sk/niimbot-rr14_2-70white-14_2-mm-x-80-m-biela-originalna-farbiaca-paska_2"
"4603","Premiumstore.sk","Samsung Crystal UHD UE98U9072H","","KB_100002203187","https://www.premiumstore.sk/samsung-crystal-uhd-ue98u9072h/","Heureka.sk | Elektronika | TV, audio, video | Televízory","1971.5","8806099137427","","","","","",""
"4603","Premiumstore.sk","TC Electronic Vortex Mini Flanger effect pedal","","BAS_BASYS-TC_960808001","https://www.premiumstore.sk/tc-electronic-vortex-mini-flanger-effect-pedal/","Profesionálna audio technika | Hudobné nástroje a príslušenstvo | Gitarové príslušenstvo","77","","","","","","",""
"4603","Premiumstore.sk","AMIKO WIFI KIT - kamerový SET 6900","","AT_IST-KAMAMSET6900","https://www.premiumstore.sk/amiko-wifi-kit-kamerovy-set-6900/","Bezpečnosť a smart domácnosť | Kamerové systémy | Kamerové sety","371","5999883025574","","","","","",""
"4603","Premiumstore.sk","CP PLUS CP-UNP-D2521L10-DAQ 2.0 Mpix venkovní PTZ IP kamera s IR přísvitem, WDR a kompresí H.265","","AT_CPP-CP-UNP-D2521L10-DAQ","https://www.premiumstore.sk/cp-plus-cp-unp-d2521l10-daq-2-0-mpix-venkovni-ptz-ip-kamera-s-ir-prisvitem--wdr-a-kompresi-h-265/","Bezpečnosť a smart domácnosť | Kamerové systémy | IP sieťové kamery | PTZ kamery","969","4250593449397","","","","","",""
"4603","Premiumstore.sk","Elektrický bicykel ENGWE PRO 3.0 BOOST 250 W s 20-palcovými kolesami (čierny)","","088763","https://www.premiumstore.sk/elektricky-bicykel-engwe-pro-3-0-boost-250-w-s-20-palcovymi-kolesami--cierny-/","Šport, hračky a voľný čas | Elektrické bicykle","1624","6975639441330","","","","","",""
"4603","Premiumstore.sk","Kruger & Matz USB Adaptér 6v1 Kruger&Matz KM0391.2 (HUB) typu C na HDMI/2x USB3.0/2x USB typu C/RJ45","","AT_LEC-KM0391_2","https://www.premiumstore.sk/usb-adapter-6v1-kruger-matz-km0391-2-hub--typu-c-na-hdmi-2x-usb3-0-2x-usb-typu-c-rj45/","Heureka.sk | Elektronika | Počítače a notebooky | Príslušenstvo k počítačom | Káble a konektory | USB huby","32.5","5901890127868","5901890127868","Kruger & Matz KM0391.2","Elektronika | Počítače a notebooky | Príslušenstvo k notebookom | Dokovacie stanice a replikátory portov","27.65","43.13","dokovacie-stanice-a-replikatory-portov.heureka.sk/kruger-matz-km0391_2_2"
"4603","Premiumstore.sk","Monacor LSI-56T Cievka s transformátorovým jadrom, 5,6 mH","","MON_LSI-56T","https://www.premiumstore.sk/monacor-lsi-56t-cievka-s-transformatorovym-jadrom--5-6-mh/","Heureka.sk | Elektronika | TV, audio, video | Reproduktory, soundbary | Príslušenstvo k reproduktorom | Stojany a držiaky na reproduktory","32.9","4007754066890","","","","","",""
"4603","Premiumstore.sk","Samolepiaci fotografický papier Liene Amber 3x3"", 40 listov + 1 náplň","","087646","https://www.premiumstore.sk/samolepiaci-fotograficky-papier-liene-amber-3x3-40-listov-1-napln/","Heureka.sk | Elektronika | Počítače a notebooky | Tlačiarne a príslušenstvo | Tlačiarne","27","6971398602265","","","","","",""
"4603","Premiumstore.sk","Termostat MOES ZHT-SR-GB s protokolom ZigBee pre elektrické kúrenie","","087555","https://www.premiumstore.sk/termostat-moes-zht-sr-gb-s-protokolom-zigbee-pre-elektricke-kurenie/","Heureka.sk | Dielňa, stavba, záhrada | Stavba | Elektromateriály | Elektroinštalačný materiál | Zásuvky, vypínače, termostaty | Termostaty","54","6974246478517","6974246478517","MOES ZigBee Star Ring biely MOES-ZHT-SR-GB-WH-MS-2236","Dielňa, stavba, záhrada | Stavba | Elektromateriály | Elektroinštalačný materiál | Zásuvky, vypínače, termostaty | Termostaty","64.79","64.79","termostaty.heureka.sk/moes-zigbee-star-ring-biely-moes-zht-sr-gb-wh-ms-2236"
"4603","Premiumstore.sk","ANTIK konektor ATK-PWH EK1 (pro 2 AC výstup k Antiku V3)","","AT_ANTIKV3-KON","https://www.premiumstore.sk/antik-konektor-atk-pwh-ek1--pro-2-ac-vystup-k-antiku-v3-/","Heureka.sk | Dielňa, stavba, záhrada | Stavba | Fotovoltaika | Solárne regulátory","15.5","8588008008256","","","","","",""
"4603","Premiumstore.sk","Cp Plus CP-UNC-TC81L5C-VMD-LQ CP-UNC-TC81L5C-VMD-LQ 8.0 Mpix venkovní kompaktní IP kamera s duálním přísvit","","AT_CPP-CP-UNC-TC81L5C-VMD-LQ","https://www.premiumstore.sk/cp-unc-tc81l5c-vmd-lq-cp-unc-tc81l5c-vmd-lq-8-0-mpix-venkovni-kompaktni-ip-kamera-s-dualnim-prisvit/","Heureka.sk | Elektronika | Počítače a notebooky | Sieťové prvky | IP kamery","341","4250593449427","","","","","",""
"4603","Premiumstore.sk","Inteligentná skrinka na odtlačky prstov Avatto SDL-K5","","079277","https://www.premiumstore.sk/inteligentna-skrinka-na-odtlacky-prstov-avatto-sdl-k5/","Heureka.sk | Dielňa, stavba, záhrada | Stavba | Železiarstvo | Kovanie a zámky | Cylindrické vložky","67","6976037362463","","","","","",""
"4603","Premiumstore.sk","Monacor BP-410 Dvojica reproduktorových pólových svoriek","","MON_BP-410","https://www.premiumstore.sk/monacor-bp-410-dvojica-reproduktorovych-polovych-svoriek/","Heureka.sk | Elektronika | TV, audio, video | Reproduktory, soundbary | Príslušenstvo k reproduktorom | Stojany a držiaky na reproduktory","14.5","4007754180046","","","","","",""
"4603","Premiumstore.sk","SOLIGHT WZ6101","","SOL_WZ6101","https://www.premiumstore.sk/solight-led-svetelny-zdroj-do-stropnych-svetiel--12w--1200lm--4000k--130mm/","Elektroinštalačný materiál | Osvetlenie | LED Žiarovky | Ostatné svetelné zdroje","4","8592718033576","8592718033576","SOLIGHT WZ6101","Bývanie a doplnky | Osvetlenie a svietidlá | Svietidlá","4.1","5.5","svietidla.heureka.sk/solight-wz6101"
"4603","Premiumstore.sk","TC Electronic BQ500 bass amplifier","","BAS_BASYS-TC_000-CQS01","https://www.premiumstore.sk/tc-electronic-bq500-bass-amplifier/","Profesionálna audio technika | Hudobné nástroje a príslušenstvo | Basové zosilňovače a reproduktory","289","","","","","","",""
"4603","Premiumstore.sk","BoomTone DJ MS2SET Monitoring Accessories","","MON_MS2SET","https://www.premiumstore.sk/boomtone-dj-ms2set-monitoring-accessories/","Heureka.sk | Elektronika | TV, audio, video | Reproduktory, soundbary | Príslušenstvo k reproduktorom | Stojany a držiaky na reproduktory","82","3700752717436","","","","","",""
"4603","Premiumstore.sk","Cp Plus AI-KO19-2U-B Kabelový organizér pro 19"" racky","","AT_CPP-AI-KO19-2U-B","https://www.premiumstore.sk/ai-ko19-2u-b-kabelovy-organizer-pro-19--racky/","Bezpečnosť a smart domácnosť | Kamerové systémy | PRÍSLUŠENSTVO | Montážne skrine a racky","15.5","745178459280","","","","","",""
"4603","Premiumstore.sk","Kamera TP-Link Mercusys MC500 2 Mpx, vonkajšia, IP PTZ, WiFi, prísvit","","PEN_52932496","https://www.premiumstore.sk/kamera-tp-link-mercusys-mc500-2-mpx--vonkajsia--ip-ptz--wifi--prisvit/","Heureka.sk | Elektronika | Počítače a notebooky | Sieťové prvky | IP kamery","37.9","6957939004644","6957939004644","Mercusys MC500","Elektronika | Počítače a notebooky | Sieťové prvky | IP kamery","30.89","37.86","ip-kamery.heureka.sk/mercusys-mc500_2"
"4603","Premiumstore.sk","Minis Forum MINI-PC Minis Fórum M1 Pro-285H Intel Core Ultra 9 285H Barebone","","083346","https://www.premiumstore.sk/mini-pc-minis-forum-m1-pro-285h-intel-core-ultra-9-285h-barebone/","TV, audio a video | Počítače a príslušenstvo | Mini PC","732.5","4897118834834","","","","","",""
"4603","Premiumstore.sk","PULUZ Tvrdené ochranné sklo na objektív pre DJI Osmo 360 (čierne)","","082313","https://www.premiumstore.sk/puluz-tvrdene-ochranne-sklo-na-objektiv-pre-dji-osmo-360--cierne/","Heureka.sk | Elektronika | Foto, kamery, optika | Foto a kamery | Športové kamery","26","5905156100992","","","","","",""
"4603","Premiumstore.sk","Sunnylife AD020 magnetický hliníkový adaptér pre Insta360 X5 / Ace / Ace Pro 2 / 1","","081516","https://www.premiumstore.sk/sunnylife-ad020-magneticky-hlinikovy-adapter-pre-insta360-x5-ace-ace-pro-2-1/","Heureka.sk | Elektronika | Foto, kamery, optika | Foto a kamery | Športové kamery","15.9","5905156100725","","","","","",""
"4603","Premiumstore.sk","BoomTone DJ SV50 Accessories (Cases, Stands)","","MON_SV50","https://www.premiumstore.sk/boomtone-dj-sv50-accessories--cases--stands/","Heureka.sk | Elektronika | TV, audio, video | Reproduktory, soundbary | Príslušenstvo k reproduktorom | Stojany a držiaky na reproduktory","46","3700752709707","","","","","",""
"4603","Premiumstore.sk","Cp Plus CP-UNC-DA21L3C-Q 2.0 Mpix venkovní dome IP kamera s IR přísvitem a mikrofonem","","AT_CPP-CP-UNC-DA21L3C-Q","https://www.premiumstore.sk/cp-unc-da21l3c-q-2-0-mpix-venkovni-dome-ip-kamera-s-ir-prisvitem-a-mikrofonem/","Heureka.sk | Elektronika | Počítače a notebooky | Sieťové prvky | IP kamery","111.5","4250593450416","","","","","",""
"4603","Premiumstore.sk","Kamera EMOS IP-1150G SNAP /H4173/ GoSmart venkovní bateriová kamera s WiFi a solárním panelem","","AT_ATO-3024041730","https://www.premiumstore.sk/kamera-emos-ip-1150g-snap--h4173--gosmart-venkovni-bateriova-kamera-s-wifi-a-solarnim-panelem/","Heureka.sk | Elektronika | Počítače a notebooky | Sieťové prvky | IP kamery","74.5","8592920161432","","","","","",""
"4603","Premiumstore.sk","MOES ZS-SY-EUD-WH Stmievač ZigBee (biely)","","087533","https://www.premiumstore.sk/moes-zs-sy-eud-wh-stmievac-zigbee--biely-/","Heureka.sk | Elektronika | Inteligentná domácnosť | Ovládače a spínače pre inteligentnú domácnosť","26","6974246476759","","","","","",""
"4603","Premiumstore.sk","Monacor PAST-40/SW Adaptér pre stojan","","MON_PAST-40_SW","https://www.premiumstore.sk/monacor-past-40-sw-adapter-pre-stojan/","Heureka.sk | Elektronika | TV, audio, video | Reproduktory, soundbary | Príslušenstvo k reproduktorom | Stojany a držiaky na reproduktory","14.5","4007754166514","","","","","",""
"4603","Premiumstore.sk","Spúšť blesku GODOX XproII TTL pre Sony","","090963","https://www.premiumstore.sk/spust-blesku-godox-xproii-ttl-pre-sony/","Heureka.sk | Elektronika | Foto, kamery, optika | Príslušenstvo k fotoaparátom | Blesky a príslušenstvo | Blesky k fotoaparátom","79.5","6952344228098","","","","","",""
"4603","Premiumstore.sk","Elokance SLA206ACOVER Accessories (Cases, Stands)","","MON_SLA206ACOVER","https://www.premiumstore.sk/elokance-sla206acover-accessories--cases--stands/","Profesionálna audio technika | Pódium, diskotéka, DJ | reproduktorové systémy | príslušenstvo","50","3700752718242","","","","","",""
"4603","Premiumstore.sk","Kamera Ezviz H8C SE 2K IP, vonkajšia, PTZ, 3 Mpx","","PEN_70293662","https://www.premiumstore.sk/kamera-ezviz-h8c-se-2k-ip--vonkajsia--ptz--3-mpx/","Heureka.sk | Elektronika | Počítače a notebooky | Sieťové prvky | IP kamery","38.5","6941545632223","6941545632223","EZVIZ CS-H8c-R200-1K3KFL4GA(4mm)","Elektronika | Počítače a notebooky | Sieťové prvky | IP kamery","41.96","112.23","ip-kamery.heureka.sk/ezviz-cs-h8c-r200-1k3kfl4ga-4mm"
"4603","Premiumstore.sk","Monacor KATANA-M1 Reproduktorová stavebnica","","MON_KATANA-M1","https://www.premiumstore.sk/monacor-katana-m1-reproduktorova-stavebnica/","Profesionálna audio technika | Reproduktory | Reproduktorové stavebnice","376","4007754275278","","","","","",""
"4603","Premiumstore.sk","Solight P67","","SOL_P67","https://www.premiumstore.sk/solight-zastrcka-do-vlhka--priama--ip44--cierna-oranzova/","Heureka.sk | Dielňa, stavba, záhrada | Stavba | Elektromateriály | Elektroinštalačný materiál | Zásuvky, vypínače, termostaty | Zásuvky","3.4","8592718036874","8592718036874","Solight P67","Elektronika | Inteligentná domácnosť | Zásuvky pre inteligentnú domácnosť","3.17","4.95","zasuvky-pre-inteligentnu-domacnost.heureka.sk/solight-p67"
"4603","Premiumstore.sk","Zdroj záložní Rebel POWER-2200-LFP4 RB-4031 1600W 12V","","AT_LEC-RB-4031","https://www.premiumstore.sk/zdroj-zalozni-rebel-power-2200-lfp4-rb-4031-1600w-12v/","Heureka.sk | Elektronika | Počítače a notebooky | Záložné zdroje | UPS","255.5","5901890135696","","","","","",""
"4603","Premiumstore.sk","Bose Pro Bose Professional DesignMax DM12SE Inštalačný reproduktor na povrchovú montáž, biely","","BAS_BASYS-B_A01114-0200","https://www.premiumstore.sk/bose-professional-designmax-dm12se-instalacny-reproduktor-na-povrchovu-montaz--biely/","Profesionálna audio technika | Plošné ozvučenie (100V rozhlasové ozvučenie)","1150","","","","","","",""
"4603","Premiumstore.sk","Elektrický bicykel ENGWE EP-2 3.0 BOOST 250 W s 20-palcovými kolesami (zelený)","","088762","https://www.premiumstore.sk/elektricky-bicykel-engwe-ep-2-3-0-boost-250-w-s-20-palcovymi-kolesami--zeleny-/","Šport, hračky a voľný čas | Elektrické bicykle","1244.9","6975639441323","","","","","",""
"4603","Premiumstore.sk","Kovové puzdro Telesin pre DJI Osmo Action 5 (modré)","","078413","https://www.premiumstore.sk/kovove-puzdro-telesin-pre-dji-osmo-action-5--modre/","Heureka.sk | Elektronika | Foto, kamery, optika | Foto a kamery | Športové kamery","17.9","6974944465475","","","","","",""
"4603","Premiumstore.sk","Monacor ST-400G Terminál dvojvodičového zapojenia","","MON_ST-400G","https://www.premiumstore.sk/monacor-st-400g-terminal-dvojvodicoveho-zapojenia/","Heureka.sk | Elektronika | TV, audio, video | Reproduktory, soundbary | Príslušenstvo k reproduktorom | Stojany a držiaky na reproduktory","14.5","4007754064070","","","","","",""
"4603","Premiumstore.sk","Sáčok TP-Link Tapo RVA200 jednorazový, prachový Tapo","","PEN_6552610","https://www.premiumstore.sk/sacok-tp-link-tapo-rva200-jednorazovy--prachovy-tapo/","Domáce spotrebiče | Malé spotrebiče | Vysávače | Robotické vysávače","20.5","4895252500448","4895252500448","TP-Link Tapo RVA200 3 ks","Domáce a osobné spotrebiče | Spotrebiče na upratovanie | Príslušenstvo pre upratovacie spotrebiče | Vrecká do vysávačov","15.79","21.11","vrecka-do-vysavacov.heureka.sk/tp-link-tapo-rva200-3-ks"
"4603","Premiumstore.sk","Bimetalová tryska QiDi 0,4 mm pre sériu Q2 (2 ks)","","092713","https://www.premiumstore.sk/bimetalova-tryska-qidi-0-4-mm-pre-seriu-q2--2-ks/","Heureka.sk | Elektronika | Počítače a notebooky | Tlačiarne a príslušenstvo | 3D tlačiarne","30","674519683100","","","","","",""
"4603","Premiumstore.sk","Cp Plus Kamera venkovní kompaktní 4v1 CP-GPC-T24PL2-DS 2.4Mpix GUARD+ s WDR","","AT_CPP-CP-GPC-T24PL2-DS","https://www.premiumstore.sk/kamera-venkovni-kompaktni-4v1-cp-gpc-t24pl2-ds-2-4mpix-guard--s-wdr/","Bezpečnosť a smart domácnosť | Kamerové systémy | KAMERY 4v1 | 2.0 Mpix. / 2.4 Mpix.","69","4250593437806","","","","","",""
"4603","Premiumstore.sk","Fve Hydroizolační folie PVC MERX pod samozátěžové konstrukce 0,1x15m, tl. 1,5mm","","AT_KRA-MERX","https://www.premiumstore.sk/hydroizolacni-folie-pvc-merx-pod-samozatezove-konstrukce-0-1x15m--tl--1-5mm/","Heureka.sk | Dielňa, stavba, záhrada | Stavba | Fotovoltaika | Fotovoltaické a solárne panely","34.5","","","","","","",""
"4603","Premiumstore.sk","Kamera EMOS IP-6100G HAWK /H4168/ GoSmart venkovní bateriová kamera s 4G LTE a solárním panelem","","AT_ATO-3024041680","https://www.premiumstore.sk/kamera-emos-ip-6100g-hawk--h4168--gosmart-venkovni-bateriova-kamera-s-4g-lte-a-solarnim-panelem/","Heureka.sk | Elektronika | Počítače a notebooky | Sieťové prvky | IP kamery","107","8592920161418","","","","","",""
"4603","Premiumstore.sk","MONSK SAM-100WSUB WIFI modul aktívneho subwoofera, 100 W/2 Ω, trieda D","","MON_SAM-100WSUB","https://www.premiumstore.sk/monsk-sam-100wsub-wifi-modul-aktivneho-subwoofera--100-w-2---trieda-d/","Heureka.sk | Elektronika | TV, audio, video | Reproduktory, soundbary | Príslušenstvo k reproduktorom | Stojany a držiaky na reproduktory","143.5","8588008802175","","","","","",""
"4603","Premiumstore.sk","Napájačka Petlibro Dockstream s bezdrôtovým čerpadlom, 2,5 l","","078376","https://www.premiumstore.sk/napajacka-petlibro-dockstream-s-bezdrotovym-cerpadlom--2-5-l/","Heureka.sk | Chovateľské potreby | Pre hlodavce | Vybavenie klietok pre hlodavce | Napájačky","44.9","754932368027","754932368027","Petlibro Dockstream Napájačka vodná fontána 2,5 l","Chovateľské potreby | Pre psov | Misky a zásobníky pre psov","46.63","95.58","misky-a-zasobniky-pre-psov.heureka.sk/petlibro-dockstream-napajacka-vodna-fontana-2_5-l"
"4603","Premiumstore.sk","Solight sada 2x LED sklenené sviečky, časovač, 7,5x10cm, 2x AA","","SOL_1V311","https://www.premiumstore.sk/solight-sada-2x-led-sklenene-sviecky--casovac--7-5x10cm--2x-aa/","Heureka.sk | Bývanie a doplnky | Bytové dekorácie | Sviatočné dekorácie | Vianoce | Vianočné osvetlenie","8.5","","","","","","",""
"4603","Premiumstore.sk","UV filter Puluz pre GoPro HERO9/10/11/12","","089607","https://www.premiumstore.sk/uv-filter-puluz-pre-gopro-hero9-10-11-12/","Heureka.sk | Elektronika | Foto, kamery, optika | Foto a kamery | Športové kamery","15.9","5905156106840","","","","","",""
"4603","Premiumstore.sk","BoomTone DJ LTCRANK Lift Stands","","MON_LTCRANK","https://www.premiumstore.sk/boomtone-dj-ltcrank-lift-stands/","Heureka.sk | Elektronika | TV, audio, video | Reproduktory, soundbary | Príslušenstvo k reproduktorom | Stojany a držiaky na reproduktory","129.9","3700752701558","","","","","",""
"4603","Premiumstore.sk","Dokovacia stanica Peladn S-1 s rozhraním Thunderbolt 3","","087717","https://www.premiumstore.sk/dokovacia-stanica-peladn-s-1-s-rozhranim-thunderbolt-3/","Heureka.sk | Elektronika | Počítače a notebooky | Príslušenstvo k notebookom | Dokovacie stanice a replikátory portov","135","6972410024157","","","","","",""
"4603","Premiumstore.sk","KMP C74V / Multipack CLI-521C, CLI-521BK","","KB_410210257909","https://www.premiumstore.sk/kmp-c74v-multipack-cli-521c--cli-521bk/","Heureka.sk | Elektronika | Počítače a notebooky | Tlačiarne a príslušenstvo | Náplne a farby do tlačiarní | Atramenty a refillkity","16.99","4260324215665","4260324215665","KMP Canon CLI-521CMY - kompatibilný","Elektronika | Počítače a notebooky | Tlačiarne a príslušenstvo | Náplne a farby do tlačiarní | Náplne a tonery - kompatibilné","10.25","10.25","kompatibilne-naplne-a-tonery.heureka.sk/kmp-canon-cli-521cmy-kompatibilny"
"4603","Premiumstore.sk","Minis Forum MiniPC Minis Fórum X1-255 AMD Ryzen 7 H255, barebone","","083646","https://www.premiumstore.sk/minipc-minis-forum-x1-255-amd-ryzen-7-h255--barebone/","TV, audio a video | Počítače a príslušenstvo | Mini PC","471.5","4897118834223","","","","","",""
"4603","Premiumstore.sk","Solex Držiak antény 16cm","","SOL_5O07","https://www.premiumstore.sk/solight-drziak-satelitnej-anteny-na-stenu--t-uchyt--350mm/","Heureka.sk | Elektronika | TV, audio, video | Príslušenstvo k TV, audio-video | Príslušenstvo k TV | Antény | Satelitné antény","19","8595092121495","8595092121495","Solex Držiak antény 16cm","Elektronika | TV, audio, video | Projekčná technika | Príslušenstvo k projektorom | Držiaky k projektorom","19.73","22.69","drziaky-k-projektorom.heureka.sk/solex-drziak-anteny-16cm_14"
"4603","Premiumstore.sk","TANNOY QCI 3 Reproduktor","","BAS_BASYS-TA_000-DHE00","https://www.premiumstore.sk/tannoy-qci-3-reproduktor/","Profesionálna audio technika | Plošné ozvučenie (100V rozhlasové ozvučenie)","79","","","","","","",""
"4603","Premiumstore.sk","BoomTone DJ LT1 Lift Stands","","MON_LT1","https://www.premiumstore.sk/boomtone-dj-lt1-lift-stands/","Heureka.sk | Elektronika | TV, audio, video | Reproduktory, soundbary | Príslušenstvo k reproduktorom | Stojany a držiaky na reproduktory","64","3700752701473","","","","","",""
"4603","Premiumstore.sk","Diaľkový spúšť GODOX X3 TTL pre Olympus","","090978","https://www.premiumstore.sk/dialkovy-spust-godox-x3-ttl-pre-olympus/","Heureka.sk | Elektronika | Foto, kamery, optika | Príslušenstvo k fotoaparátom | Blesky a príslušenstvo | Blesky k fotoaparátom","75","6952344235843","","","","","",""
"4603","Premiumstore.sk","Herný mikrofón Fifine A6T (modrý)","","087787","https://www.premiumstore.sk/herny-mikrofon-fifine-a6t--modry/","Heureka.sk | Elektronika | TV, audio, video | Mikrofóny","40.5","5031192994131","5031192994131","Fifine A6T","Elektronika | Počítače a notebooky | Príslušenstvo k počítačom | Počítačové mikrofóny","40.5","59.9","pocitacove-mikrofony.heureka.sk/fifine-a6t_2"
"4603","Premiumstore.sk","Kovové puzdro Puluz pre Insta360 X5","","089596","https://www.premiumstore.sk/kovove-puzdro-puluz-pre-insta360-x5/","Heureka.sk | Elektronika | Foto, kamery, optika | Foto a kamery | Športové kamery","48","5905156106291","5905156106291","PULUZ pre Insta360 X5","Elektronika | Foto, kamery, optika | Príslušenstvo ku kamerám | Tašky a puzdrá na videokamery","31","59.9","tasky-a-puzdra-na-videokamery.heureka.sk/puluz-pre-insta360-x5"
"4603","Premiumstore.sk","Monacor MPT-151 Výškový horn","","MON_MPT-151","https://www.premiumstore.sk/monacor-mpt-151-vyskovy-horn/","Heureka.sk | Elektronika | TV, audio, video | Reproduktory, soundbary | Príslušenstvo k reproduktorom | Stojany a držiaky na reproduktory","14.9","4007754181234","","","","","",""
"4603","Premiumstore.sk","Solight USB-C 240W kábel s integrovaným stojanom","","SOL_SSC2401","https://www.premiumstore.sk/solight-usb-c-240w-kabel-s-integrovanym-stojanom/","Heureka.sk | Elektronika | TV, audio, video | Hi-Fi komponenty | AV prijímače","6.5","8592718050818","","","","","",""
"4603","Premiumstore.sk","Vysávač MOVA Z200 Stick","","090102","https://www.premiumstore.sk/vysavac-mova-z200-stick/","Heureka.sk | Domáce a osobné spotrebiče | Spotrebiče na upratovanie | Vysávače","345.5","6978794734156","","","","","",""
"4603","Premiumstore.sk","Bose Pro BOSE DesignMax DM5SE Vonkajší reproduktor na povrchovú montáž, čierna","","BAS_BASYS-B_829705-0110","https://www.premiumstore.sk/bose-designmax-dm5se-vonkajsi-reproduktor-na-povrchovu-montaz--cierna/","Profesionálna audio technika | Plošné ozvučenie (100V rozhlasové ozvučenie)","900","","","","","","",""
"4603","Premiumstore.sk","Dlink D-LINK WiFi AX3200 Router (R32/E)","","KB_100001859380","https://www.premiumstore.sk/d-link-wifi-ax3200-router--r32-e-/","Heureka.sk | Elektronika | Počítače a notebooky | Sieťové prvky | WiFi antény","83.5","790069466151","790069466151","D-Link R32/E","Elektronika | Počítače a notebooky | Sieťové prvky | Access pointy a routery","84.29","135.08","access-pointy-routery.heureka.sk/d-link-r32-e"
"4603","Premiumstore.sk","Konferenčný systém EMEET OfficeCore Luna Plus Kit","","085710","https://www.premiumstore.sk/konferencny-system-emeet-officecore-luna-plus-kit/","Heureka.sk | Elektronika | Počítače a notebooky | Príslušenstvo k počítačom | Webkamery","79","6971337722603","","","","","",""
"4603","Premiumstore.sk","Monacor SKYROCK Portable PA speaker system","","MON_SKYROCK","https://www.premiumstore.sk/monacor-skyrock-portable-pa-speaker-system/","Profesionálna audio technika | Pódium, diskotéka, DJ | reproduktorové systémy | aktívne","596.5","4007754418514","","","","","",""
"4603","Premiumstore.sk","Solight 1MN20","","SOL_1MN20","https://www.premiumstore.sk/solight-stredny-naklapaci-drziak-pre-ploche-tv--66cm-140cm--26-55-/","Heureka.sk | Elektronika | TV, audio, video | Príslušenstvo k TV, audio-video | Príslušenstvo k TV | Držiaky a stolíky | Držiaky a stojany na TV a monitory","13.9","8595092122843","8595092122843","Solight 1MN20","Elektronika | TV, audio, video | Príslušenstvo k TV, audio-video | Príslušenstvo k TV | Držiaky a stolíky | Držiaky a stojany na TV a monitory","12.74","20.1","drziaky-a-stojany-na-tv-a-monitory.heureka.sk/solight-1mn20"
"4603","Premiumstore.sk","Šnúrka na krk PULUZ pre DJI RC 2/RC 1/Air","","089617","https://www.premiumstore.sk/snurka-na-krk-puluz-pre-dji-rc-2-rc-1-air/","Heureka.sk | Elektronika | Foto, kamery, optika | Drony a príslušenstvo | Príslušenstvo k dronom","11.5","5905156106383","","","","","",""
"4603","Premiumstore.sk","CP PLUS CP-UNC-TA21L3B-LQ 2.0 Mpix venkovní kompaktní IP kamera s duálním přísvitem, H.26","","AT_CPP-CP-UNC-TA21L3B-LQ","https://www.premiumstore.sk/cp-plus-cp-unc-ta21l3b-lq-2-0-mpix-venkovni-kompaktni-ip-kamera-s-dualnim-prisvitem--h-26/","Heureka.sk | Elektronika | Počítače a notebooky | Sieťové prvky | IP kamery","164","4250593450690","","","","","",""
"4603","Premiumstore.sk","Fve Hliníková FV přídavná podpěra na plochou střechu JIH 15°","","AT_KRA-070027","https://www.premiumstore.sk/hlinikova-fv-pridavna-podpera-na-plochou-strechu-jih-15/","Heureka.sk | Dielňa, stavba, záhrada | Stavba | Fotovoltaika | Fotovoltaické a solárne panely","15","","","","","","",""
"4603","Premiumstore.sk","LAUD OPTIMA-340/B Nástenná kolónka Čierna","","MON_OPTIMA-340_B","https://www.premiumstore.sk/laud-optima-340-b-nastenna-kolonka-cierna/","Heureka.sk | Elektronika | TV, audio, video | Reproduktory, soundbary | Reprosústavy a reproduktory","119","5905143219447","","","","","",""
"4603","Premiumstore.sk","Monacor SPE-140/WS Podomietkový reproduktor, 10 W","","MON_SPE-140_WS","https://www.premiumstore.sk/monacor-spe-140-ws-podomietkovy-reproduktor--10-w/","Heureka.sk | Elektronika | TV, audio, video | Reproduktory, soundbary | Reprosústavy a reproduktory","12.5","4007754186604","","","","","",""
"4603","Premiumstore.sk","Solight doplňkový gong ku zvončeku 1L202","","SOL_1L202G","https://www.premiumstore.sk/solight-doplnkovy-gong-ku-zvonceku-1l202/","Heureka.sk | Dielňa, stavba, záhrada | Stavba | Elektromateriály | Domová komunikácia | Domové zvončeky","4.3","8592718033750","8592718033750","Solight doplňkový gong ku zvončeku 1L202","Dielňa, stavba, záhrada | Stavba | Železiarstvo | Poštové schránky","4.13","4.13","postove-schranky.heureka.sk/solight-doplnkovy-gong-ku-zvonceku-1l202_20"
"4603","Premiumstore.sk","Telesin Diaľkové ovládanie GoPro Hero 13/12/11/10/9/8/MAX","","077620","https://www.premiumstore.sk/dialkove-ovladanie-gopro-hero-13-12-11-10-9-8-max/","Heureka.sk | Elektronika | Foto, kamery, optika | Foto a kamery | Športové kamery","20.5","6974944462641","","","","","",""
"4603","Premiumstore.sk","CP PLUS CP-UNC-TC81ZL6C-VMD-LQ 8.0 Mpix venkovní kompaktní IP kamera s duálním přísvitem, Starlight, H.265,","","AT_CPP-CP-UNC-TC81ZL6C-VMD-LQ","https://www.premiumstore.sk/cp-plus-cp-unc-tc81zl6c-vmd-lq-8-0-mpix-venkovni-kompaktni-ip-kamera-s-dualnim-prisvitem--starlight--h-265-/","Heureka.sk | Elektronika | Počítače a notebooky | Sieťové prvky | IP kamery","472.5","4250593450973","","","","","",""
"4603","Premiumstore.sk","Funkcjonalny klucz sprzętowy Sonoff ZigBee 3.0 USB Dongle Plus","","088071","https://www.premiumstore.sk/funkcjonalny-klucz-sprzetowy-sonoff-zigbee-3-0-usb-dongle-plus/","Heureka.sk | Dielňa, stavba, záhrada | Stavba | Železiarstvo | Kovanie a zámky | Cylindrické vložky","22","","","","","","",""
"4603","Premiumstore.sk","LAUD OPTIMA-340/W Nástenná kolónka Biela","","MON_OPTIMA-340_W","https://www.premiumstore.sk/laud-optima-340-w-nastenna-kolonka-biela/","Heureka.sk | Elektronika | TV, audio, video | Reproduktory, soundbary | Reprosústavy a reproduktory","119","5905143219430","","","","","",""
"4603","Premiumstore.sk","Monacor MHD-1255/VC Náhradná hlasová cievka pre MHD-55 a MHD-120","","MON_MHD-1255_VC","https://www.premiumstore.sk/monacor-mhd-1255-vc-nahradna-hlasova-cievka-pre-mhd-55-a-mhd-120/","Profesionálna audio technika | Reproduktory | náhradné cievky","13.5","4007754013566","","","","","",""
"4603","Premiumstore.sk","ORG STREAM Spottune STREAM audio streamer","","MON_STREAM","https://www.premiumstore.sk/org-stream-spottune-stream-audio-streamer/","Profesionálna audio technika | Plošné ozvučenie (100V rozhlasové ozvučenie) | Bezdrôtové ozvučenie","740","5700002178442","","","","","",""
"4603","Premiumstore.sk","Selfie tyč Hama Fun 70 s integrovanou Bluetooth spúšťou","","PEN_54721761","https://www.premiumstore.sk/selfie-tyc-hama-fun-70-s-integrovanou-bluetooth-spustou/","TV, audio a video | Mobily a tablety | Selfie tyče","22","4007249043153","4007249043153","Hama Selfie Fun 70 BT","Elektronika | Foto, kamery, optika | Príslušenstvo k fotoaparátom | Statívy a príslušenstvo | Statívy","11.89","22.39","stativy.heureka.sk/hama-selfie-fun-70-bt"
"4603","Premiumstore.sk","Trina Solar Solární panel Trina TSM-NEG9R.28 Vertex S+ 455WP BF - černý rám 1762 × 1134 × 30 mm","","AT_TSM-NEG9R_28455WPBF","https://www.premiumstore.sk/solarni-panel-trina-tsm-neg9r-28-vertex-s--455wp-bf-cerny-ram-1762--1134--30-mm/","Heureka.sk | Dielňa, stavba, záhrada | Stavba | Fotovoltaika | Fotovoltaické a solárne panely","102","","","","","","",""
"4603","Premiumstore.sk","Atos Montážní set na taškovou střechu pro 6 panelů TRINA 455Wp pro ohřev vody","","AT_M-SET-6X-TRINA455-SIKMA","https://www.premiumstore.sk/montazni-set-na-taskovou-strechu-pro-6-panelu-trina-455wp-pro-ohrev-vody/","Heureka.sk | Dielňa, stavba, záhrada | Stavba | Fotovoltaika | Fotovoltaické a solárne panely","409","","","","","","",""
"4603","Premiumstore.sk","Carspa HS-120-24 průmyslový zdroj spínaný 24V 120W","","AT_ABT-A500000185","https://www.premiumstore.sk/carspa-hs-120-24-prumyslovy-zdroj-spinany-24v-120w/","Fotovoltaika a energie | Napájacie zdroje | Priemyselné zdroje","14.5","6970355992395","","","","","",""
"4603","Premiumstore.sk","Godox X3Pro for Nikon","","090975","https://www.premiumstore.sk/spust-blesku-godox-x3pro-ttl-pre-nikon/","Heureka.sk | Elektronika | Foto, kamery, optika | Príslušenstvo k fotoaparátom | Blesky a príslušenstvo | Blesky k fotoaparátom","82.5","6952344244296","6952344244296","Godox X3Pro for Nikon","Elektronika | Foto, kamery, optika | Ateliérové ​​vybavenie | Štúdiové blesky","99","99","studiove-blesky.heureka.sk/godox-x3pro-for-nikon"
"4603","Premiumstore.sk","MASCOM MC28TFW11 – 28” Full HD Smart TV (12 V, WebOS, Wi-Fi, DVB-S2/T2/C)","","AT_MC28TFW11","https://www.premiumstore.sk/mascom-mc28tfw11---28--full-hd-smart-tv--12-v--webos--wi-fi--dvb-s2-t2-c-/","Heureka.sk | Elektronika | TV, audio, video | Televízory","361.5","8594016909690","","","","","",""
"4603","Premiumstore.sk","Monacor SPE-110P/WS Podomietkové reproduktory odolné voči počasiu, 30 W MAX, 4 Ω, žiaruvzdorné do 120 °C.","","MON_SPE-110P_WS","https://www.premiumstore.sk/monacor-spe-110p-ws-podomietkove-reproduktory-odolne-voci-pocasiu--30-w-max--4---ziaruvzdorne-do-120-c-/","Heureka.sk | Elektronika | TV, audio, video | Reproduktory, soundbary | Reprosústavy a reproduktory","37.9","","","","","","",""
"4603","Premiumstore.sk","Solight LED vianočná girlanda, cencúle, 200 LED, 10m, IP44, teplé biele svetlo","","SOL_1V402-WW","https://www.premiumstore.sk/solight-led-vianocna-girlanda--cencule--200-led--10m--ip44--teple-biele-svetlo/","Heureka.sk | Bývanie a doplnky | Bytové dekorácie | Sviatočné dekorácie | Vianoce | Vianočné osvetlenie","14","","","","","","",""
"4603","Premiumstore.sk","Webová kamera Emeet SmartCam C960 Ultra","","091810","https://www.premiumstore.sk/webova-kamera-emeet-smartcam-c960-ultra/","Heureka.sk | Elektronika | Počítače a notebooky | Príslušenstvo k počítačom | Webkamery","76","6971337725949","","","","","",""
"4603","Premiumstore.sk","Bose Pro BOSE DesignMax DM5C inštalačné reproduktory, čierne","","BAS_BASYS-B_829683-0110","https://www.premiumstore.sk/bose-designmax-dm5c-instalacne-reproduktory--cierne/","Profesionálna audio technika | Plošné ozvučenie (100V rozhlasové ozvučenie)","720","","","","","","",""
"4603","Premiumstore.sk","Diaľkový spúšťač GODOX XproII TTL pre fotoaparáty Leica","","091030","https://www.premiumstore.sk/dialkovy-spustac-godox-xproii-ttl-pre-fotoaparaty-leica/","Heureka.sk | Elektronika | Foto, kamery, optika | Príslušenstvo k fotoaparátom | Blesky a príslušenstvo | Blesky k fotoaparátom","125","6952344226131","","","","","",""
"4603","Premiumstore.sk","Kamera EMOS IP-1200G WASP /H4167/ GoSmart venkovní bateriová kamera s WiFi a solárním panelem","","AT_ATO-3024041670","https://www.premiumstore.sk/kamera-emos-ip-1200g-wasp--h4167--gosmart-venkovni-bateriova-kamera-s-wifi-a-solarnim-panelem/","Heureka.sk | Elektronika | Počítače a notebooky | Sieťové prvky | IP kamery","97","8592920161401","","","","","",""
"4603","Premiumstore.sk","Monacor EDL-6 PA ceiling speaker, 8 W","","MON_EDL-6","https://www.premiumstore.sk/monacor-edl-6-pa-ceiling-speaker--8-w/","Heureka.sk | Elektronika | TV, audio, video | Reproduktory, soundbary | Reprosústavy a reproduktory","26","4007754276985","","","","","",""
"4603","Premiumstore.sk","Sada farebných filtrov GODOX MF-11C","","090994","https://www.premiumstore.sk/sada-farebnych-filtrov-godox-mf-11c/","Heureka.sk | Elektronika | Foto, kamery, optika | Príslušenstvo k fotoaparátom | Blesky a príslušenstvo | Blesky k fotoaparátom","11","6952344222492","","","","","",""
"4603","Premiumstore.sk","Taška na fotoaparát NEEWER NB-PT s priehradkami","","083777","https://www.premiumstore.sk/taska-na-fotoaparat-neewer-nb-pt-s-priehradkami/","Heureka.sk | Oblečenie, obuv a doplnky | Módne doplnky | Batohy, tašky a kabelky | Batohy","13","6976831833312","","","","","",""
"4603","Premiumstore.sk","CP PLUS CP-UNC-DA61L3C-LQ 6.0 Mpix venkovní dome IP kamera s duálním přísvitem a mikrofonem","","AT_CPP-CP-UNC-DA61L3C-LQ","https://www.premiumstore.sk/cp-plus-cp-unc-da61l3c-lq-6-0-mpix-venkovni-dome-ip-kamera-s-dualnim-prisvitem-a-mikrofonem/","Heureka.sk | Elektronika | Počítače a notebooky | Sieťové prvky | IP kamery","268","4250593450652","","","","","",""
"4603","Premiumstore.sk","Fve Hliníková FV podpěra na plochou střechu V-Z 10°","","AT_KRA-SKVZN","https://www.premiumstore.sk/hlinikova-fv-podpera-na-plochou-strechu-v-z-10--/","Heureka.sk | Dielňa, stavba, záhrada | Stavba | Fotovoltaika | Fotovoltaické a solárne panely","51.5","","","","","","",""
"4603","Premiumstore.sk","Krytky objektívov Puluz pre kameru Insta360 X5 (nacvakávacie)","","078268","https://www.premiumstore.sk/krytky-objektivov-puluz-pre-kameru-insta360-x5--nacvakavacie/","Heureka.sk | Elektronika | Foto, kamery, optika | Foto a kamery | Športové kamery","27.5","5907085526829","","","","","",""
"4603","Premiumstore.sk","Monacor SP-6/150PA PA stredobasový reproduktor, 150 W, 8 Ω","","MON_SP-6_150PA","https://www.premiumstore.sk/monacor-sp-6-150pa-pa-stredobasovy-reproduktor--150-w--8-/","Profesionálna audio technika | Reproduktory | stredové","56.5","4007754125061","","","","","",""
"4603","Premiumstore.sk","Solight digitálny merač spotreby el. Energie DT26","","SOL_DT26","https://www.premiumstore.sk/solight-digitalny-merac-spotreby-el--energie/","Heureka.sk | Dielňa, stavba, záhrada | Stavba | Elektromateriály | Elektroinštalačný materiál | Ističe, poistky, rozvádzače | Elektromery","7.5","8592718020316","8592718020316","Solight digitálny merač spotreby el. Energie DT26","Dielňa, stavba, záhrada | Náradie pre dielňu a záhradu | Náradie do dielne | Ručné náradie | Klasické skrutkovače","8.53","8.53","klasicke-skrutkovace.heureka.sk/solight-digitalny-merac-spotreby-el-energie-dt26_14"
"4603","Premiumstore.sk","Taška Sunnylife pre OSMO 360/ Insta360 GO Ultra/ OP 3/ športovú kameru/ smartfón/ OSMO (ružová)","","080725","https://www.premiumstore.sk/taska-sunnylife-pre-osmo-360--insta360-go-ultra--op-3--sportovu-kameru--smartfon--osmo--ruzova/","Heureka.sk | Elektronika | Foto, kamery, optika | Foto a kamery | Športové kamery","12.5","5907085529226","","","","","",""
"4603","Premiumstore.sk","Bose Pro Bose Professional DesignMax DM12SE Inštalačný reproduktor na povrchovú montáž, čierny","","BAS_BASYS-B_A01114-0100","https://www.premiumstore.sk/bose-professional-designmax-dm12se-instalacny-reproduktor-na-povrchovu-montaz--cierny/","Profesionálna audio technika | Plošné ozvučenie (100V rozhlasové ozvučenie)","1150","","","","","","",""
"4603","Premiumstore.sk","Energy Sistem KaraokeStar Bluetooth Karaoke reproduktor s mikrofónmi","","BAS_BASYS-EN_459339","https://www.premiumstore.sk/energy-sistem-karaokestar-bluetooth-karaoke-reproduktor-s-mikrofonmi/","Profesionálna audio technika | Pódium, diskotéka, DJ | mikrofóny","139","","","","","","",""
"4603","Premiumstore.sk","Kruhové osvetlenie Puluz 20 cm na vlogovanie s držiakom na monitor, držiakom na telefón a nastavením farebnej teploty (čierne)","","089606","https://www.premiumstore.sk/kruhove-osvetlenie-puluz-20-cm-na-vlogovanie-s-drziakom-na-monitor--drziakom-na-telefon-a-nastavenim-farebnej-teploty--cierne/","Heureka.sk | Elektronika | Mobily, tablety, nositeľná elektronika | Príslušenstvo k mobilom | Držiaky a statívy | Kruhové selfie svetlá","21.9","5905156107083","","","","","",""
"4603","Premiumstore.sk","Monacor DT-107 Hi-fi kupolový výškový reproduktor, 80 W, 8 Ω","","MON_DT-107","https://www.premiumstore.sk/monacor-dt-107-hi-fi-kupolovy-vyskovy-reproduktor--80-w--8-/","Heureka.sk | Elektronika | TV, audio, video | Reproduktory, soundbary | Reprosústavy a reproduktory","39.9","4007754087505","","","","","",""
"4603","Premiumstore.sk","ORG OMNI-CORD/WS Spottune OMNI CORD speaker, white","","MON_OMNI-CORD_WS","https://www.premiumstore.sk/org-omni-cord-ws-spottune-omni-cord-speaker--white/","Profesionálna audio technika | Plošné ozvučenie (100V rozhlasové ozvučenie) | Bezdrôtové ozvučenie","739","5700002178473","","","","","",""
"4603","Premiumstore.sk","Selfie tyč FIXED MagSnap s tripodom s podporou MagSafe a bezdrôtovou spúšťou, čierna","","PEN_7380314","https://www.premiumstore.sk/selfie-tyc-fixed-magsnap-s-tripodom-s-podporou-magsafe-a-bezdrotovou-spustou--cierna/","TV, audio a video | Mobily a tablety | Selfie tyče","33.5","8591680157655","8591680157655","Fixed Snap XL FIXSN-XL-BK","Elektronika | Mobily, tablety, nositeľná elektronika | Príslušenstvo k mobilom | Držiaky a statívy | Držiaky na selfie","21.9","45.99","drziaky-na-selfie.heureka.sk/fixed-snap-xl-fixsn-xl-bk"
"4603","Premiumstore.sk","TP-LINK Archer BE3600 WiFi 7 Router","","KB_100002118454","https://www.premiumstore.sk/tp-link-archer-be3600-wifi-7-router/","Heureka.sk | Elektronika | Počítače a notebooky | Sieťové prvky | WiFi antény","95.5","8885020624786","8885020624786","TP-Link Archer BE3600","Elektronika | Počítače a notebooky | Sieťové prvky | Access pointy a routery","77.9","113.9","access-pointy-routery.heureka.sk/tp-link-archer-be3600"
"4603","Premiumstore.sk","Aktívne chladenie CPU Darkflash E400 PLUS (čierna)","","082342","https://www.premiumstore.sk/aktivne-chladenie-cpu-darkflash-e400-plus--cierna/","TV, audio a video | Počítače a príslušenstvo | Herné príslušenstvo | Chladenie počítača | Aktívne chladenie","25.9","4711527007286","","","","","",""
"4603","Premiumstore.sk","Carrying Case Sunnylife for DJI FPV Remote Controller 3/2","","065610","https://www.premiumstore.sk/carrying-case-sunnylife-for-dji-fpv-remote-controller-3-2/","Heureka.sk | Elektronika | Foto, kamery, optika | Drony a príslušenstvo | Príslušenstvo k dronom","11.9","5906168434709","","","","","",""
"4603","Premiumstore.sk","Fontána / napájačka pre domáce zvieratá 3,5 l Oneisall PW04","","075789","https://www.premiumstore.sk/fontana-napajacka-pre-domace-zvierata-3-5-l-oneisall-pw04/","Heureka.sk | Chovateľské potreby | Pre hlodavce | Vybavenie klietok pre hlodavce | Napájačky","38.5","6934399227004","6934399227004","Oneisall Fontána Napájačka pre zvieratá 3,5 L PW04","Chovateľské potreby | Pre psov | Misky a zásobníky pre psov","43.78","46.9","misky-a-zasobniky-pre-psov.heureka.sk/oneisall-fontana-napajacka-pre-zvierata-3_5-l-pw04"
"4603","Premiumstore.sk","Laserový senzor pohybu F&F DRL-60-12 12V DC broušený hliník","","AT_FIR-1622155","https://www.premiumstore.sk/laserovy-senzor-pohybu-f-f-drl-60-12-12v-dc-brouseny-hlinik/","Bezpečnosť a smart domácnosť | Zabezpečenie | Laserové senzory pohybu","129","5902431675473","","","","","",""
"4603","Premiumstore.sk","Monacor SP-302E Hi-fi stredobasový reproduktor, 100 W, 4 Ω","","MON_SP-302E","https://www.premiumstore.sk/monacor-sp-302e-hi-fi-stredobasovy-reproduktor--100-w--4-/","Heureka.sk | Elektronika | TV, audio, video | Reproduktory, soundbary | Reprosústavy a reproduktory","74.5","4007754153538","","","","","",""
"4603","Premiumstore.sk","Solight LED vianočná girlanda s ihličím, 3m, 48x LED, časovač, 3xAA, IP44","","SOL_1V300","https://www.premiumstore.sk/solight-led-vianocna-girlanda-s-ihlicim--3m--48x-led--casovac--3xaa--ip44/","Heureka.sk | Bývanie a doplnky | Bytové dekorácie | Sviatočné dekorácie | Vianoce | Vianočné osvetlenie","14","","","","","","",""
"4603","Premiumstore.sk","WAYDOO EVO Outboard Inverter","","086977","https://www.premiumstore.sk/waydoo-evo-outboard-inverter/","Heureka.sk | Šport a outdoor | Športy | Vodné športy | Potápačské vybavenie | Podvodné skútre","1327.5","6974416941803","","","","","",""
"4603","Premiumstore.sk","Bose Pro BOSE DesignMax DM10S-Sub inštalačný subwoofer, čierny","","BAS_BASYS-B_831856-0110","https://www.premiumstore.sk/bose-designmax-dm10s-sub-instalacny-subwoofer--cierny/","Profesionálna audio technika | Plošné ozvučenie (100V rozhlasové ozvučenie)","750","","","","","","",""
"4603","Premiumstore.sk","Cp Plus CP-USC-CC24L2C 2.4 Mpix venkovní kamera 4v1 pro speciální účely s IR a mikrofonem","","AT_CPP-CP-USC-CC24L2C","https://www.premiumstore.sk/cp-usc-cc24l2c-2-4-mpix-venkovni-kamera-4v1-pro-specialni-ucely-s-ir-a-mikrofonem/","Bezpečnosť a smart domácnosť | Kamerové systémy | KAMERY 4v1 | 2.0 Mpix. / 2.4 Mpix.","132.5","4250593443265","","","","","",""
"4603","Premiumstore.sk","JTS CH-2 Nabíjacia stanica","","MON_CH-2","https://www.premiumstore.sk/jts-ch-2-nabijacia-stanica/","Profesionálna audio technika | JTS | Mikrofóny a bezdrôtové systémy | Príslušenstvo","211","4007754246841","","","","","",""
"4603","Premiumstore.sk","Monacor EDL-530EN/WS PA pendant speaker","","MON_EDL-530EN_WS","https://www.premiumstore.sk/monacor-edl-530en-ws-pa-pendant-speaker/","Profesionálna audio technika | Plošné ozvučenie (100V rozhlasové ozvučenie) | Reproduktory | závesné","160","4007754276978","","","","","",""
"4603","Premiumstore.sk","Sada ND filtrov OBSBOT Tail 2","","088843","https://www.premiumstore.sk/sada-nd-filtrov-obsbot-tail-2/","Heureka.sk | Elektronika | Foto, kamery, optika | Foto a kamery | Športové kamery","153.5","6971889230670","","","","","",""
"4603","Premiumstore.sk","TC Helicon VoiceTone T1 adaptive dinamic and tone vocal/guitar pedal","","BAS_BASYS-TC_996003005","https://www.premiumstore.sk/tc-helicon-voicetone-t1-adaptive-dinamic-and-tone-vocal-guitar-pedal/","Profesionálna audio technika | Hudobné nástroje a príslušenstvo | Gitarové príslušenstvo","99","","","","","","",""
"4603","Premiumstore.sk","Bose Pro BOSE DesignMax DM3P závesné inštalačné reproduktory, čierne","","BAS_BASYS-B_841165-0120","https://www.premiumstore.sk/bose-designmax-dm3p-zavesne-instalacne-reproduktory--cierne/","Profesionálna audio technika | Plošné ozvučenie (100V rozhlasové ozvučenie)","680","","","","","","",""
"4603","Premiumstore.sk","Cp Plus CP-UNC-DA21L3C-LQ 2.0 Mpix venkovní dome IP kamera s duálním přísvitem a mikrofonem","","AT_CPP-CP-UNC-DA21L3C-LQ","https://www.premiumstore.sk/cp-unc-da21l3c-lq-2-0-mpix-venkovni-dome-ip-kamera-s-dualnim-prisvitem-a-mikrofonem/","Heureka.sk | Elektronika | Počítače a notebooky | Sieťové prvky | IP kamery","117","4250593450454","","","","","",""
"4603","Premiumstore.sk","Kondenzátorový mikrofón Fifine K669BB (modrý)","","087750","https://www.premiumstore.sk/kondenzatorovy-mikrofon-fifine-k669bb--modry/","Heureka.sk | Elektronika | TV, audio, video | Mikrofóny","29.5","5410464334972","","","","","",""
"4603","Premiumstore.sk","Monacor DRM-884 Audio matrix router","","MON_DRM-884","https://www.premiumstore.sk/monacor-drm-884-audio-matrix-router/","Profesionálna audio technika | Plošné ozvučenie (100V rozhlasové ozvučenie) | Matrix/mixy audio","1620","4007754261776","","","","","",""
"4603","Premiumstore.sk","Pioneer TS-MR1640 lodný reproduktor","","BAS_BASYS-TS-MR1640","https://www.premiumstore.sk/pioneer-ts-mr1640-lodny-reproduktor/","Heureka.sk | Elektronika | TV, audio, video | Reproduktory, soundbary | Reprosústavy a reproduktory","139","","","","","","",""
"4603","Premiumstore.sk","TERRAMASTER F8 SSD NAS – súborový server s procesorom Intel N95, 8 GB RAM, 8 pozícií","","090321","https://www.premiumstore.sk/terramaster-f8-ssd-nas---suborovy-server-s-procesorom-intel-n95--8-gb-ram--8-pozicii/","Heureka.sk | Elektronika | TV, audio, video | Hi-Fi komponenty | Sieťové prehrávače","655.5","6939236145848","","","","","",""
"4603","Premiumstore.sk","Bose Pro BOSE DesignMax DM5C inštalačné reproduktory, biele","","BAS_BASYS-B_829683-0220","https://www.premiumstore.sk/bose-designmax-dm5c-instalacne-reproduktory--biele-2/","Profesionálna audio technika | Plošné ozvučenie (100V rozhlasové ozvučenie)","750","","","","","","",""
"4603","Premiumstore.sk","Elokance E15ACOVER Accessories (Cases, Stands)","","MON_E15ACOVER","https://www.premiumstore.sk/elokance-e15acover-accessories--cases--stands/","Profesionálna audio technika | Pódium, diskotéka, DJ | reproduktorové systémy | príslušenstvo","71","3700752713520","","","","","",""
"4603","Premiumstore.sk","Kamera TP-Link Tapo C460 KIT 8MPx, vonkajšia, IP, WiFi, prísvit, batéria","","PEN_52932422","https://www.premiumstore.sk/kamera-tp-link-tapo-c460-kit-8mpx--vonkajsia--ip--wifi--prisvit--bateria/","Heureka.sk | Elektronika | Počítače a notebooky | Sieťové prvky | IP kamery","159.5","8885020624250","8885020624250","TP-Link Tapo C460 KIT","Elektronika | Počítače a notebooky | Sieťové prvky | IP kamery","119.9","257.79","ip-kamery.heureka.sk/tp-link-tapo-c460-kit_3"
"4603","Premiumstore.sk","MacMa ASPRO12 Active Loudspeaker","","MON_ASPRO12","https://www.premiumstore.sk/macma-aspro12-active-loudspeaker/","Profesionálna audio technika | Pódium, diskotéka, DJ | reproduktorové systémy | aktívne","460","3700752718020","","","","","",""
"4603","Premiumstore.sk","Múdra zásuvka TP-Link Tapo P110 regulácia 230V cez IP, Cloud, WiFi, monitoring spotreby","","PEN_52410004","https://www.premiumstore.sk/mudra-zasuvka-tp-link-tapo-p110-regulacia-230v-cez-ip--cloud--wifi--monitoring-spotreby/","Heureka.sk | Dielňa, stavba, záhrada | Stavba | Elektromateriály | Elektroinštalačný materiál | Zásuvky, vypínače, termostaty | Zásuvky","19","4897098682449","4897098682449","TP-LINK TAPO P110","Elektronika | Inteligentná domácnosť | Zásuvky pre inteligentnú domácnosť","12.9","51.26","zasuvky-pre-inteligentnu-domacnost.heureka.sk/tp-link-tapo-p110"
"4603","Premiumstore.sk","Súborový server NAS TERRAMASTER T9-500 Pro: Intel Core i7-1255U, 16 GB RAM, 9 pozícií","","090323","https://www.premiumstore.sk/suborovy-server-nas-terramaster-t9-500-pro--intel-core-i7-1255u--16-gb-ram--9-pozicii/","Heureka.sk | Elektronika | TV, audio, video | Hi-Fi komponenty | Sieťové prehrávače","1857.5","6939236145275","","","","","",""
"4603","Premiumstore.sk","Baterka Superfire s rozhraním USB-C A29","","092913","https://www.premiumstore.sk/baterka-superfire-s-rozhranim-usb-c-a29/","Heureka.sk | Bývanie a doplnky | Osvetlenie a svietidlá | Svietidlá","12.9","6977502514240","","","","","",""
"4603","Premiumstore.sk","Energy Sistem Outdoor Box Bike, bezdrôtový reproduktor","","BAS_BASYS-EN_444878","https://www.premiumstore.sk/energy-sistem-outdoor-box-bike--bezdrotovy-reproduktor/","Heureka.sk | Elektronika | TV, audio, video | Reproduktory, soundbary | Reprosústavy a reproduktory","44.9","","","","","","",""
"4603","Premiumstore.sk","Kamera TP-Link Tapo C206 IP, 2MPx, WiFi, prísvit","","PEN_52932426","https://www.premiumstore.sk/kamera-tp-link-tapo-c206-ip--2mpx--wifi--prisvit/","Heureka.sk | Elektronika | Počítače a notebooky | Sieťové prvky | IP kamery","43","1210002602624","1210002602624","TP-Link Tapo C206","Elektronika | Počítače a notebooky | Sieťové prvky | IP kamery","33.42","64.1","ip-kamery.heureka.sk/tp-link-tapo-c206"
"4603","Premiumstore.sk","Monacor MOVE-12/BAG Protective cover for speaker system MOVE-12PMK2","","MON_MOVE-12_BAG","https://www.premiumstore.sk/monacor-move-12-bag-protective-cover-for-speaker-system-move-12pmk2/","Profesionálna audio technika | Pódium, diskotéka, DJ | reproduktorové systémy | príslušenstvo","80.9","4007754276435","","","","","",""
"4603","Premiumstore.sk","Súborový server TERRAMASTER F6-424 NAS s procesorom Intel Celeron N95, 8 GB RAM, 6 pozícií","","090319","https://www.premiumstore.sk/suborovy-server-terramaster-f6-424-nas-s-procesorom-intel-celeron-n95--8-gb-ram--6-pozicii/","Heureka.sk | Elektronika | TV, audio, video | Hi-Fi komponenty | Sieťové prehrávače","736.9","6939236145671","","","","","",""
"4603","Premiumstore.sk","Závaží na kotníky a zápěstí 2x2kg, REBEL ACTIVE RBA-3500-2","","AT_LEC-RBA-3500-2","https://www.premiumstore.sk/zavazi-na-kotniky-a-zapesti-2x2kg--rebel-active-rba-3500-2/","Šport, hračky a voľný čas | Posilňovanie a fitness | Pomôcky na cvičenie | Závažia na kotníky a zápěstí","11.5","5901890101691","5901890101691","REBEL ACTIVE Závažie na nohy 2 x 2 kg","Šport a outdoor | Športy | Fitness | Pomôcky na cvičenie | Záťaže na telo | Záťažové náramky","19.83","19.83","zatazove-naramky.heureka.sk/rebel-active-zavazie-na-nohy-2-x-2-kg"
"4603","Premiumstore.sk","CP PLUS CP-UNC-TA41L3C-D-LQ 4.0 Mpix venkovní dome IP kamera s duálním přísvitem a mikr","","AT_CPP-CP-UNC-TA41L3C-D-LQ","https://www.premiumstore.sk/cp-plus-cp-unc-ta41l3c-d-lq-4-0-mpix-venkovni-dome-ip-kamera-s-dualnim-prisvitem-a-mikr/","Heureka.sk | Elektronika | Počítače a notebooky | Sieťové prvky | IP kamery","190.5","4250593450485","","","","","",""
"4603","Premiumstore.sk","Elokance EPROSUB15ACOVER Accessories (Cases, Stands)","","MON_EPROSUB15ACOVER","https://www.premiumstore.sk/elokance-eprosub15acover-accessories--cases--stands/","Profesionálna audio technika | Pódium, diskotéka, DJ | reproduktorové systémy | príslušenstvo","81","3700752710420","","","","","",""
"4603","Premiumstore.sk","MINIS FORUM UM870 Plus Ryzen 7 8745H 16 GB + 512 GB Mini PC","","084884","https://www.premiumstore.sk/minis-forum-um870-plus-ryzen-7-8745h-16-gb-512-gb-mini-pc/","TV, audio a video | Počítače a príslušenstvo | Mini PC","820","4897118836272","","","","","",""
"4603","Premiumstore.sk","Pletený kostým pre Loona Premium Cactus","","085985","https://www.premiumstore.sk/pleteny-kostym-pre-loona-premium-cactus/","Šport, hračky a voľný čas | Hračky | Vzdelávacie a interaktívne","26.5","6975062110957","","","","","",""
"4603","Premiumstore.sk","TANNOY CVS 801S Reproduktor","","BAS_BASYS-TA_000-DUP00","https://www.premiumstore.sk/tannoy-cvs-801s-reproduktor/","Profesionálna audio technika | Plošné ozvučenie (100V rozhlasové ozvučenie)","419","","","","","","",""
"4603","Premiumstore.sk","Bose Pro BOSE DesignMax DM2C-LP nízkoprofilové inštalačné reproduktory, biele","","BAS_BASYS-B_815011-0210","https://www.premiumstore.sk/bose-designmax-dm2c-lp-nizkoprofilove-instalacne-reproduktory--biele/","Profesionálna audio technika | Plošné ozvučenie (100V rozhlasové ozvučenie)","380","","","","","","",""
"4603","Premiumstore.sk","DIV SPE-82HQ Hi-fi nástenný a stropný reproduktor, 50 W, 8 Ω","","MON_SPE-82HQ","https://www.premiumstore.sk/div-spe-82hq-hi-fi-nastenny-a-stropny-reproduktor--50-w--8-/","Heureka.sk | Elektronika | TV, audio, video | Reproduktory, soundbary | Reprosústavy a reproduktory","101.5","","","","","","",""
"4603","Premiumstore.sk","Hrazda REBEL ACTIVE RBA-2400","","AT_LEC-RBA-2400","https://www.premiumstore.sk/hrazda--rebel-active-rba-2400/","Heureka.sk | Šport a outdoor | Športy | Fitness | Posilňovanie | Posilňovacie stroje","21","5901890101356","5901890101356","REBEL ACTIVE","Šport a outdoor | Športy | Fitness | Posilňovanie | Posilňovacie stroje","16.02","34.1","posilnovacie-stroje.heureka.sk/rebel-active"
"4603","Premiumstore.sk","Konferenčný reproduktor EMEET OfficeCore M3","","085714","https://www.premiumstore.sk/konferencny-reproduktor-emeet-officecore-m3/","Heureka.sk | Elektronika | Počítače a notebooky | Príslušenstvo k počítačom | Webkamery","136.9","6971337721255","","","","","",""
"4603","Premiumstore.sk","Mikrofón Puluz s 8-pinovým konektorom","","089626","https://www.premiumstore.sk/mikrofon-puluz-s-8-pinovym-konektorom/","Heureka.sk | Elektronika | TV, audio, video | Mikrofóny","26","5905156107021","","","","","",""
"4603","Premiumstore.sk","Nintendo NS2 Bravely Default: Flying Fairy HD","","KB_100002136646","https://www.premiumstore.sk/ns2-bravely-default--flying-fairy-hd/","Heureka.sk | Gaming | Hry na PC a konzoly | Hry na Nintendo | Hry na Nintendo DS","39.9","","","","","","",""
"4603","Premiumstore.sk","Stolný statív Puluz PU3070GT","","089591","https://www.premiumstore.sk/stolny-stativ-puluz-pu3070gt/","Heureka.sk | Elektronika | Foto, kamery, optika | Príslušenstvo k fotoaparátom | Statívy a príslušenstvo | Statívy","44","5905156106864","","","","","",""
"4603","Premiumstore.sk","Volt Polska UPS VOLT Micro 2000VA 1200W 2x9Ah POČÍTAČOVÝ UPS","","AT_TIP-06436976","https://www.premiumstore.sk/ups-volt-micro-2000va-1200w-2x9ah-pocitacovy-ups/","Heureka.sk | Elektronika | Počítače a notebooky | Záložné zdroje | UPS","153","5903111886875","","","","","",""
"4603","Premiumstore.sk","Cp Plus CP-UNC-DA21L3C-L 2.0 Mpix venkovní dome IP kamera s duálním přísvitem, H.265 a mikrofonem","","AT_CPP-CP-UNC-DA21L3C-L","https://www.premiumstore.sk/cp-unc-da21l3c-l-2-0-mpix-venkovni-dome-ip-kamera-s-dualnim-prisvitem--h-265-a-mikrofonem/","Heureka.sk | Elektronika | Počítače a notebooky | Sieťové prvky | IP kamery","90","4250593448963","","","","","",""
"4603","Premiumstore.sk","Helvia ONDA-660TFW 6.5"" 2-Way Hi-Fi Low-Impedance Coaxial In-Wall/In-Ceiling Speaker","","MON_ONDA-660TFW","https://www.premiumstore.sk/helvia-onda-660tfw-6-5--2-way-hi-fi-low-impedance-coaxial-in-wall-in-ceiling-speaker/","Heureka.sk | Elektronika | TV, audio, video | Reproduktory, soundbary | Reprosústavy a reproduktory","101","8054301334922","","","","","",""
"4603","Premiumstore.sk","MacMa AS115COVER Accessories (Cases, Stands)","","MON_AS115COVER","https://www.premiumstore.sk/macma-as115cover-accessories--cases--stands/","Profesionálna audio technika | Pódium, diskotéka, DJ | reproduktorové systémy | príslušenstvo","40","3700752714916","","","","","",""
"4603","Premiumstore.sk","Okuliare EVEN REALITIES G2B AR (zelené)","","093231","https://www.premiumstore.sk/okuliare-even-realities-g2b-ar--zelene/","Heureka.sk | Elektronika | TV, audio, video | Príslušenstvo k TV, audio-video | Príslušenstvo k TV | 3D okuliare","744.9","6977390120455","","","","","",""
"4603","Premiumstore.sk","Stabilizátor napětí KEMOT SER-500-S URZ3438-500-S s opožděným zapnutím","","AT_LEC-URZ3438-500-S","https://www.premiumstore.sk/stabilizator-napeti-kemot-ser-500-s-urz3438-500-s-s-opozdenym-zapnutim/","Heureka.sk | Elektronika | Počítače a notebooky | Záložné zdroje | UPS","36","5901890115841","","","","","",""
"4603","Premiumstore.sk","darkFlash Vodné chladenie pre procesor DE360 (čierne)","","082346","https://www.premiumstore.sk/vodne-chladenie-pre-procesor-de360--cierne/","TV, audio a video | Počítače a príslušenstvo | Herné príslušenstvo | Chladenie počítača | Chladenie vodou","102.9","4711527005886","","","","","",""
"4603","Premiumstore.sk","AnyCubic DLP Craftsman Resin (White)","","065343","https://www.premiumstore.sk/anycubic-dlp-craftsman-resin--white/","Heureka.sk | Dielňa, stavba, záhrada | Stavba | Stavebný materiál | Stavebná chémia | Živice","18.9","6974662350886","","","","","",""
"4603","Premiumstore.sk","CP PLUS CP-UNC-TC41L5C-VMD-LQ 4.0 Mpix venkovní kompaktní IP kamera s duálním přísvit","","AT_CPP-CP-UNC-TC41L5C-VMD-LQ","https://www.premiumstore.sk/cp-plus-cp-unc-tc41l5c-vmd-lq-4-0-mpix-venkovni-kompaktni-ip-kamera-s-dualnim-prisvit/","Heureka.sk | Elektronika | Počítače a notebooky | Sieťové prvky | IP kamery","330.9","4250593449403","","","","","",""
"4603","Premiumstore.sk","Elokance LINEMAXCOVERPACK Accessories (Cases, Stands)","","MON_LINEMAXCOVERPACK","https://www.premiumstore.sk/elokance-linemaxcoverpack-accessories--cases--stands/","Profesionálna audio technika | Pódium, diskotéka, DJ | reproduktorové systémy | príslušenstvo","132","3700752716279","","","","","",""
"4603","Premiumstore.sk","Jet Drive propulsion system for WAYDOO EVO boards","","086973","https://www.premiumstore.sk/jet-drive-propulsion-system-for-waydoo-evo-boards/","Heureka.sk | Šport a outdoor | Športy | Vodné športy | Potápačské vybavenie | Podvodné skútre","554.5","6974416941391","","","","","",""
"4603","Premiumstore.sk","Monacor ETS-120SL/WS Dvojica tenkých reproduktorových sústav v extrudovaných hliníkových boxoch","","MON_ETS-120SL_WS","https://www.premiumstore.sk/monacor-ets-120sl-ws-dvojica-tenkych-reproduktorovych-sustav-v-extrudovanych-hlinikovych-boxoch/","Heureka.sk | Elektronika | TV, audio, video | Reproduktory, soundbary | Reprosústavy a reproduktory","1282","4007754254747","","","","","",""
"4603","Premiumstore.sk","Petlibro Granary dávkovač krmiva s kamerou a dvojitou miskou, 5L (čierny)","","078374","https://www.premiumstore.sk/petlibro-granary-davkovac-krmiva-s-kamerou-a-dvojitou-miskou--5l--cierny/","Heureka.sk | Chovateľské potreby | Pre psov | Misky a zásobníky pre psov","175.5","754932368003","754932368003","PETLIBRO Granary WiFi automatické kŕmidlo s dvojitou miskou - do 5 l suchého krmiva","Chovateľské potreby | Pre psov | Misky a zásobníky pre psov","90.5","166.28","misky-a-zasobniky-pre-psov.heureka.sk/petlibro-granary-wifi-automaticke-krmidlo-s-dvojitou-miskou-do-5-l-sucheho-krmiva"
"4603","Premiumstore.sk","TC Electronic MojoMojo Overdrive guitar pedal","","BAS_BASYS-TC_960710001","https://www.premiumstore.sk/tc-electronic-mojomojo-overdrive-guitar-pedal/","Profesionálna audio technika | Hudobné nástroje a príslušenstvo | Gitarové príslušenstvo","58","","","","","","",""
"4603","Premiumstore.sk","Cp Plus CP-UNR-4K4162-V4 Síťový videorekordér H.265 4K pro připojení šestnácti IP kamer","","AT_CPP-CP-UNR-4K4162-V4","https://www.premiumstore.sk/cp-unr-4k4162-v4-sitovy-videorekorder-h-265-4k-pro-pripojeni-sestnacti-ip-kamer/","Bezpečnosť a smart domácnosť | Kamerové systémy | IP sieťové videorekordéry (NVR) | 16 kanálů","361.9","4250593447638","","","","","",""
"4603","Premiumstore.sk","HPA ZONER25 Splitter / Zoner / Mixer","","MON_ZONER25","https://www.premiumstore.sk/hpa-zoner25-splitter-zoner-mixer/","Profesionálna audio technika | Pódium, diskotéka, DJ | mixy a powermixy | Zónové mixy","184","3700752717764","","","","","",""
"4603","Premiumstore.sk","Monacor EDL-530EN/SW PA pendant speaker","","MON_EDL-530EN_SW","https://www.premiumstore.sk/monacor-edl-530en-sw-pa-pendant-speaker/","Profesionálna audio technika | Plošné ozvučenie (100V rozhlasové ozvučenie) | Reproduktory | závesné","160","4007754276961","","","","","",""
"4603","Premiumstore.sk","Počítačová skriňa Darkflash DS900WS (biela) + 4 ventilátory ARGB","","079090","https://www.premiumstore.sk/pocitacova-skrina-darkflash-ds900ws--biela--4-ventilatory-argb/","Heureka.sk | Elektronika | Počítače a notebooky | Počítačové komponenty | PC skrine","59.5","4711527004582","","","","","",""
"4603","Premiumstore.sk","Taška na fotoaparát NEEWER NW140S","","083778","https://www.premiumstore.sk/taska-na-fotoaparat-neewer-nw140s/","Heureka.sk | Oblečenie, obuv a doplnky | Módne doplnky | Batohy, tašky a kabelky | Batohy","18","6976831838416","","","","","",""
"4603","Premiumstore.sk","Bezdrôtový adaptér PXN N7 (pre PS5)","","084595","https://www.premiumstore.sk/bezdrotovy-adapter-pxn-n7--pre-ps5/","Heureka.sk | Elektronika | TV, audio, video | Príslušenstvo k TV, audio-video | Príslušenstvo k TV | Diaľkové ovládače","31.9","6948052904300","","","","","",""
"4603","Premiumstore.sk","Fve Hliníková FV podpěra na plochou střechu JIH 15°","","AT_KRA-661100","https://www.premiumstore.sk/hlinikova-fv-podpera-na-plochou-strechu-jih-15/","Heureka.sk | Dielňa, stavba, záhrada | Stavba | Fotovoltaika | Fotovoltaické a solárne panely","36.9","","","","","","",""
"4603","Premiumstore.sk","Kamera TP-Link Tapo C411 3MPx, vonkajšia, IP, Wi-Fi, prisvietenie, batéria","","PEN_5293245","https://www.premiumstore.sk/kamera-tp-link-tapo-c411-3mpx--vonkajsia--ip--wi-fi--prisvietenie--bateria/","Heureka.sk | Elektronika | Počítače a notebooky | Sieťové prvky | IP kamery","70.5","1210002609883","1210002609883","TP-Link Tapo C411","Elektronika | Počítače a notebooky | Sieťové prvky | IP kamery","45.52","95.9","ip-kamery.heureka.sk/tp-link-tapo-c411"
"4603","Premiumstore.sk","Monacor MRH-80 PA horn výškový reproduktor pre MRD-80","","MON_MRH-80","https://www.premiumstore.sk/monacor-mrh-80-pa-horn-vyskovy-reproduktor-pre-mrd-80/","Heureka.sk | Elektronika | TV, audio, video | Reproduktory, soundbary | Príslušenstvo k reproduktorom | Stojany a držiaky na reproduktory","17","4007754192131","","","","","",""
"4603","Premiumstore.sk","Súprava tlačovej hlavy ELEGOO pre OrangeStorm Giga","","079525","https://www.premiumstore.sk/suprava-tlacovej-hlavy-elegoo-pre-orangestorm-giga/","Kreatívne technológie | 3D tlač | Diely","70.5","6932704906781","","","","","",""
"4603","Premiumstore.sk","Chladič procesora DarkFlash UV360 (čierny)","","086917","https://www.premiumstore.sk/chladic-procesora-darkflash-uv360--cierny/","TV, audio a video | Počítače a príslušenstvo | Herné príslušenstvo | Chladenie počítača | Chladenie vodou","205.9","4711527009044","","","","","",""
"4603","Premiumstore.sk","Godox VC-18","","091026","https://www.premiumstore.sk/nabijacka-baterii-godox-vc18/","Heureka.sk | Elektronika | Foto, kamery, optika | Príslušenstvo k fotoaparátom | Blesky a príslušenstvo | Blesky k fotoaparátom","17.9","6952344207581","6952344207581","Godox VC-18","Elektronika | Foto, kamery, optika | Príslušenstvo k fotoaparátom | Batérie a nabíjačky pre foto a video | Foto - Video nabíjačky","19.25","24.59","foto-video-nabijacky-a-zdroje.heureka.sk/godox-vc-18"
"4603","Premiumstore.sk","Monacor DC-100 Antistatická kefa na LP s uhlíkovými vláknami","","MON_DC-100","https://www.premiumstore.sk/monacor-dc-100-antistaticka-kefa-na-lp-s-uhlikovymi-vlaknami/","Heureka.sk | Elektronika | TV, audio, video | Hi-Fi komponenty | Gramofóny","14.5","4007754003840","","","","","",""
"4603","Premiumstore.sk","Prenosný repelent proti komárom 2 v 1 Flextail Max Repel S (sivý)","","060410","https://www.premiumstore.sk/prenosny-repelent-proti-komarom-2-v-1-flextail-max-repel-s--sivy/","Šport, hračky a voľný čas | Outdoor | Osvetlenie | Kempingové svetlá","32.5","6975755960302","","","","","",""
"4603","Premiumstore.sk","Tannoy PCI 5DC IW Reproduktor","","BAS_BASYS-TA_000-DH800","https://www.premiumstore.sk/pci-5dc-iw-reproduktor/","Profesionálna audio technika | Plošné ozvučenie (100V rozhlasové ozvučenie)","190","","","","","","",""
"4603","Premiumstore.sk","Bose Pro BOSE DesignMax DM8C-Sub inštalačný subwoofer, biely","","BAS_BASYS-B_829380-0210","https://www.premiumstore.sk/bose-designmax-dm8c-sub-instalacny-subwoofer--biely/","Profesionálna audio technika | Plošné ozvučenie (100V rozhlasové ozvučenie)","650","","","","","","",""
"4603","Premiumstore.sk","Detektor plynu LPG ORNO OR-DC-635","","AT_ATO-OR-DC-635","https://www.premiumstore.sk/detektor-plynu-lpg-orno-or-dc-635/","Heureka.sk | Dielňa, stavba, záhrada | Stavba | Stavebná technika a náradie | Meradlá a meracie prístroje | Detektory, senzory | Požiarne hlásiče a detektory plynu","17","5908254846144","","","","","",""
"4603","Premiumstore.sk","IMG Stage Line WAVE-10A Aktívny širokopásmový reproduktorový systém, 300 W","","MON_WAVE-10A","https://www.premiumstore.sk/img-stage-line-wave-10a-aktivny-sirokopasmovy-reproduktorovy-system--300-w/","Profesionálna audio technika | Pódium, diskotéka, DJ | reproduktorové systémy | aktívne","350","4007754273984","","","","","",""
"4603","Premiumstore.sk","Kruger & Matz TV držák Kruger&Matz KM1310 (43-100'' 80kg) univerzální polohovatelný","","AT_LEC-KM1310","https://www.premiumstore.sk/tv-drzak-kruger-matz-km1310-43-100-80kg--univerzalni-polohovatelny/","Heureka.sk | Elektronika | TV, audio, video | Príslušenstvo k TV, audio-video | Príslušenstvo k TV | Držiaky a stolíky | Držiaky a stojany na TV a monitory","58","5901890137867","","","","","",""
"4603","Premiumstore.sk","Mini PC GMKtec EVO-X2 Ryzen AI Max+ 395 s 64 GB RAM, 1 TB SSD a Windows 11 Pro","","088850","https://www.premiumstore.sk/mini-pc-gmktec-evo-x2-ryzen-ai-max--395-s-64-gb-ram--1-tb-ssd-a-windows-11-pro/","TV, audio a video | Počítače a príslušenstvo | Mini PC","2509","6972570963778","","","","","",""
"4603","Premiumstore.sk","Petlibro Napájačka Dockstream s aplikáciou, 2,5 l","","078378","https://www.premiumstore.sk/petlibro-napajacka-dockstream-s-aplikaciou--2-5-l/","Heureka.sk | Chovateľské potreby | Pre hlodavce | Vybavenie klietok pre hlodavce | Napájačky","86.9","754932368041","754932368041","Petlibro Napájačka kov 2500 ml","Chovateľské potreby | Pre psov | Misky a zásobníky pre psov","53.15","108.31","misky-a-zasobniky-pre-psov.heureka.sk/petlibro-napajacka-kov-2500-ml"
"4603","Premiumstore.sk","Sunnylife Sada filtrov pre DJI Action 6 (CPL/ND8/16/32/64/Black Mist 1/4)","","083392","https://www.premiumstore.sk/sada-filtrov-pre-dji-action-6--cpl-nd8-16-32-64-black-mist-1-4/","Heureka.sk | Elektronika | Foto, kamery, optika | Foto a kamery | Športové kamery","37.5","5905156101524","","","","","",""
"4603","Premiumstore.sk","Zdroj záložní KEMOT PROsinus 500 URZ3404-LFP4 300W 12V","","AT_LEC-URZ3404-LFP4","https://www.premiumstore.sk/zdroj-zalozni-kemot-prosinus--500-urz3404-lfp4--300w-12v/","Heureka.sk | Elektronika | Počítače a notebooky | Záložné zdroje | UPS","91.5","5901890116374","","","","","",""
"4603","Premiumstore.sk","128GB CP PLUS CP-UM128C MicroSDXC paměťová karta","","AT_CPP-CP-UM128C","https://www.premiumstore.sk/128gb-cp-plus-cp-um128c-microsdxc-pametova-karta/","Heureka.sk | Elektronika | Počítače a notebooky | Príslušenstvo k počítačom | Pamäťové karty","71.9","4250593449113","","","","","",""
"4603","Premiumstore.sk","Atos Montážní systém pro solární ohřev vody (5 panelů, tašková střecha)","","AT_M-SET-5X-TRINA455-SIKMA","https://www.premiumstore.sk/montazni-system-pro-solarni-ohrev-vody--5-panelu--taskova-strecha/","Heureka.sk | Dielňa, stavba, záhrada | Stavba | Fotovoltaika | Fotovoltaické a solárne panely","361","","","","","","",""
"4603","Premiumstore.sk","BK Instal s.r.o. Solární regulátor MPPT BKI 4kW (pro FV ohřev vody) repasovaný","","AT_ROZ-BKIMPPT","https://www.premiumstore.sk/solarni-regulator-mppt-bki-4kw--pro-fv-ohrev-vody--repasovany/","Heureka.sk | Dielňa, stavba, záhrada | Stavba | Fotovoltaika | Solárne regulátory","267","","","","","","",""
"4603","Premiumstore.sk","BOSE SoundLink Flex II Prenosný bluetooth reproduktor , fog grey","","BAS_BASYS-B_887612-0800","https://www.premiumstore.sk/bose-soundlink-flex-ii-prenosny-bluetooth-reproduktor-fog-grey/","Heureka.sk | Elektronika | TV, audio, video | Reproduktory, soundbary | Reprosústavy a reproduktory","179.9","","","","","","",""
"4603","Premiumstore.sk","Baterka Superfire s rozhraním USB-C L24","","092912","https://www.premiumstore.sk/baterka-superfire-s-rozhranim-usb-c-l24/","Heureka.sk | Bývanie a doplnky | Osvetlenie a svietidlá | Svietidlá","16","6977502518101","","","","","",""
"4603","Premiumstore.sk","Bose Pro BOSE DesignMax DM6SE Vonkajší reproduktor na povrchovú montáž, čierna","","BAS_BASYS-B_829682-0120","https://www.premiumstore.sk/bose-designmax-dm6se-vonkajsi-reproduktor-na-povrchovu-montaz--cierna/","Profesionálna audio technika | Plošné ozvučenie (100V rozhlasové ozvučenie)","1120","","","","","","",""
"4603","Premiumstore.sk","Bose Pro BOSE EdgeMax EM90 stropný inštalačný reproduktor, biely","","BAS_BASYS-B_778844-0220","https://www.premiumstore.sk/bose-edgemax-em90-stropny-instalacny-reproduktor--biely/","Profesionálna audio technika | Plošné ozvučenie (100V rozhlasové ozvučenie)","950","","","","","","",""
"4603","Premiumstore.sk","Bose Pro BOSE FreeSpace FS4SE Reproduktor na povrchovú montáž, biely","","BAS_BASYS-B_841155-0420","https://www.premiumstore.sk/bose-freespace-fs4se-reproduktor-na-povrchovu-montaz--biely/","Profesionálna audio technika | Plošné ozvučenie (100V rozhlasové ozvučenie)","705","","","","","","",""
"4603","Premiumstore.sk","CP PLUS CP-UNC-TA61L3C-LQ 8.0 Mpix venkovní kompaktní IP kamera s duálním přísvitem, kompresí H.265 a mikro","","AT_CPP-CP-UNC-TA81L3C-LQ","https://www.premiumstore.sk/cp-plus-cp-unc-ta61l3c-lq-8-0-mpix-venkovni-kompaktni-ip-kamera-s-dualnim-prisvitem--kompresi-h-265-a-mikro/","Heureka.sk | Elektronika | Počítače a notebooky | Sieťové prvky | IP kamery","375","4250593450683","","","","","",""
"4603","Premiumstore.sk","CP PLUS CP-UNC-VC81L5C-VMD-LQ 8.0 Mpix venkovní dome IP kamera s duálním přísvitem, Starlight, H.265, WDR a","","AT_CPP-CP-UNC-VC81L5C-VMD-LQ","https://www.premiumstore.sk/cp-plus-cp-unc-vc81l5c-vmd-lq-8-0-mpix-venkovni-dome-ip-kamera-s-dualnim-prisvitem--starlight--h-265--wdr-a/","Heureka.sk | Elektronika | Počítače a notebooky | Sieťové prvky | IP kamery","414.9","4250593449434","","","","","",""
"4603","Premiumstore.sk","CP PLUS CP-UNC-VC81ZL5C-VMD-Q 8.0 Mpix venkovní antivandal dome IP kamera s IR přísvitem, Starlight","","AT_CPP-CP-UNC-VC81ZL5C-VMD-Q","https://www.premiumstore.sk/cp-plus-cp-unc-vc81zl5c-vmd-q-8-0-mpix-venkovni-antivandal-dome-ip-kamera-s-ir-prisvitem--starlight/","Heureka.sk | Elektronika | Počítače a notebooky | Sieťové prvky | IP kamery","578.9","4250593450966","","","","","",""
"4603","Premiumstore.sk","Carspa HS-100-24 průmyslový zdroj spínaný 24V 100W","","AT_ABT-52900988","https://www.premiumstore.sk/carspa-hs-100-24-prumyslovy-zdroj-spinany-24v-100w/","Fotovoltaika a energie | Napájacie zdroje | Priemyselné zdroje","14.5","6970355992388","","","","","",""
"4603","Premiumstore.sk","Cp Plus CP-PR-103 Uzamykatelná skříňka na zeď pro velké DVR / NVR přehrávače (bílá)","","AT_CPP-CP-PR-103","https://www.premiumstore.sk/cp-pr-103-uzamykatelna-skrinka-na-zed-pro-velke-dvr-nvr-prehravace--bila-/","Bezpečnosť a smart domácnosť | Kamerové systémy | PRÍSLUŠENSTVO | Montážne skrine a racky","194.5","5901643197605","","","","","",""
"4603","Premiumstore.sk","Cp Plus CP-PR-116 Uzamykatelný rack pro DVR / NVR rekordéry a jiná zařízení","","AT_CPP-CP-PR-116","https://www.premiumstore.sk/cp-pr-116-uzamykatelny-rack-pro-dvr-nvr-rekordery-a-jina-zarizeni/","Bezpečnosť a smart domácnosť | Kamerové systémy | PRÍSLUŠENSTVO | Montážne skrine a racky","164.9","5902135314319","","","","","",""
"4603","Premiumstore.sk","Cp Plus CP-UNC-DA41PL3-0360 4.0 Mpix venkovní IP dome kamera s IR","","AT_CPP-CP-UNC-DA41PL3-0360","https://www.premiumstore.sk/cp-unc-da41pl3-0360-4-0-mpix-venkovni-ip-dome-kamera-s-ir/","Heureka.sk | Elektronika | Počítače a notebooky | Sieťové prvky | IP kamery","116","4250593446792","","","","","",""
"4603","Premiumstore.sk","Cp Plus CP-UNC-DB21L3C-MDS-V3-0280 2.0 Mpix venkovní IP dome kamera s IR, WDR a mikrofonem","","AT_CPP-CP-UNC-DB21L3C-MDS-V3-028","https://www.premiumstore.sk/cp-unc-db21l3c-mds-v3-0280-2-0-mpix-venkovni-ip-dome-kamera-s-ir--wdr-a-mikrofonem/","Heureka.sk | Elektronika | Počítače a notebooky | Sieťové prvky | IP kamery","143.5","4250593447577","","","","","",""
"4603","Premiumstore.sk","Cp Plus CP-UNC-TA41L3C-D-Q 4.0 Mpix venkovní IP kamera s IR, WDR a mikrofonem","","AT_CPP-CP-UNC-TA41L3C-D-Q","https://www.premiumstore.sk/cp-unc-ta41l3c-d-q-4-0-mpix-venkovni-ip-kamera-s-ir--wdr-a-mikrofonem/","Heureka.sk | Elektronika | Počítače a notebooky | Sieťové prvky | IP kamery","144","4250593450447","","","","","",""
"4603","Premiumstore.sk","Denmen Nabíječka GSM1056WH Quick Charge 65W","","AT_ATO-GSM1056WH","https://www.premiumstore.sk/nabijecka-gsm1056wh-quick-charge-65w/","Heureka.sk | Elektronika | Mobily, tablety, nositeľná elektronika | Príslušenstvo k mobilom | Batérie a nabíjačky pre mobily | Nabíjačky pre mobilné telefóny","15.9","5904238715079","","","","","",""
"4603","Premiumstore.sk","Diaľkový spúšťač GODOX X1R TTL pre Canon","","090974","https://www.premiumstore.sk/dialkovy-spustac-godox-x1r-ttl-pre-canon/","Heureka.sk | Elektronika | Foto, kamery, optika | Príslušenstvo k fotoaparátom | Blesky a príslušenstvo | Blesky k fotoaparátom","37.9","6952344209684","","","","","",""
"4603","Premiumstore.sk","Diaľkový spúšťač GODOX XproII TTL pre Canon","","090961","https://www.premiumstore.sk/dialkovy-spustac-godox-xproii-ttl-pre-canon/","Heureka.sk | Elektronika | Foto, kamery, optika | Príslušenstvo k fotoaparátom | Blesky a príslušenstvo | Blesky k fotoaparátom","79.5","6952344228081","","","","","",""
"4603","Premiumstore.sk","Drive unit for WAYDOO EVO boards - Performance","","086966","https://www.premiumstore.sk/drive-unit-for-waydoo-evo-boards-performance/","Heureka.sk | Šport a outdoor | Športy | Vodné športy | Potápačské vybavenie | Podvodné skútre","1667","6974416941520","","","","","",""
"4603","Premiumstore.sk","Elektrický bežecký pás MERACH MR-T26B1","","092882","https://www.premiumstore.sk/elektricky-bezecky-pas-merach-mr-t26b1/","Heureka.sk | Šport a outdoor | Športy | Fitness | Trenažéry | Bežecké pásy","177","5905156111578","","","","","",""
"4603","Premiumstore.sk","Elektrický bicykel ENGWE PRO 3.0 BOOST 250 W s 20-palcovými kolesami (modrý)","","088764","https://www.premiumstore.sk/elektricky-bicykel-engwe-pro-3-0-boost-250-w-s-20-palcovymi-kolesami--modry-/","Šport, hračky a voľný čas | Elektrické bicykle","1624","6975639441347","","","","","",""
"4603","Premiumstore.sk","Elokance SLA115SACOVER Accessories (Cases, Stands)","","MON_SLA115SACOVER","https://www.premiumstore.sk/elokance-sla115sacover-accessories--cases--stands/","Profesionálna audio technika | Pódium, diskotéka, DJ | reproduktorové systémy | príslušenstvo","184","3700752718259","","","","","",""
"4603","Premiumstore.sk","Energy Sistem Fabric Box 3+ Trend Kiwi","","BAS_BASYS-EN_446506","https://www.premiumstore.sk/energy-sistem-fabric-box-3--trend-kiwi/","Heureka.sk | Elektronika | TV, audio, video | Reproduktory, soundbary | Reprosústavy a reproduktory","29.9","","","","","","",""
"4603","Premiumstore.sk","Filter Puluz CPL pre GoPro HERO 9/10/11/12 a 11 Mini","","089642","https://www.premiumstore.sk/filter-puluz-cpl-pre-gopro-hero-9-10-11-12-a-11-mini/","Heureka.sk | Elektronika | Foto, kamery, optika | Foto a kamery | Športové kamery","20","5905156106857","","","","","",""
"4603","Premiumstore.sk","GODOX držiak S3 (Bowens)","","090937","https://www.premiumstore.sk/drziak-pre-blesk-godox-s3-ttl-speedlite/","Heureka.sk | Bývanie a doplnky | Osvetlenie a svietidlá | Svietidlá","24.5","6952344243701","6952344243701","GODOX držiak S3 (Bowens)","Elektronika | Foto, kamery, optika | Ateliérové ​​vybavenie | Odrazové dosky","31.15","31.15","odrazove-dosky.heureka.sk/godox-drziak-s3-bowens"
"4603","Premiumstore.sk","Grownsy Dvojitá růžová","","083871","https://www.premiumstore.sk/dvojita-odsavacka-mlieka-grownsy--ruzova/","Heureka.sk | Domáce a osobné spotrebiče | Starostlivosť o telo a zdravie | Starostlivosť o telo | Masážne prístroje","41.5","5905156102668","5905156102668","Grownsy Dvojitá růžová","Detský tovar | Pre matku | Dojčenie | Odsávačky materského mlieka","43.88","54.5","odsavacky.heureka.sk/grownsy-dvojita-ruzova"
"4603","Premiumstore.sk","Herný mikrofón Fifine A6V (modrý)","","087754","https://www.premiumstore.sk/herny-mikrofon-fifine-a6v--modry/","Heureka.sk | Elektronika | TV, audio, video | Mikrofóny","29.9","5031192994155","","","","","",""
"4603","Premiumstore.sk","Hliníkové puzdro Telesin pre GoPro Hero 13","","078424","https://www.premiumstore.sk/hlinikove-puzdro-telesin-pre-gopro-hero-13/","Heureka.sk | Elektronika | Foto, kamery, optika | Foto a kamery | Športové kamery","23.5","6974944463785","","","","","",""
"4603","Premiumstore.sk","IMG Stage Line FLY-16T 16-kanálový bezdrôtový PA audio transmitter","","MON_FLY-16T","https://www.premiumstore.sk/img-stage-line-fly-16t-16-kanalovy-bezdrotovy-pa-audio-transmitter/","Profesionálna audio technika | Plošné ozvučenie (100V rozhlasové ozvučenie) | Bezdrôtový prenos zvuku","89","4007754266498","","","","","",""
"4603","Premiumstore.sk","IMG Stage Line PAB-110BAG Ochranný obal pre PAB-110MK2, PAK-110MK2","","MON_PAB-110BAG","https://www.premiumstore.sk/img-stage-line-pab-110bag-ochranny-obal-pre-pab-110mk2--pak-110mk2/","Profesionálna audio technika | Pódium, diskotéka, DJ | reproduktorové systémy | príslušenstvo","29.9","","","","","","",""
"4603","Premiumstore.sk","JTS MA-123 Nastaviteľný tlmič pre vyvážené mikrofóny","","MON_MA-123","https://www.premiumstore.sk/jts-ma-123-nastavitelny-tlmic-pre-vyvazene-mikrofony/","Profesionálna audio technika | JTS | Mikrofóny a bezdrôtové systémy | Príslušenstvo","29.5","4007754202250","","","","","",""
"4603","Premiumstore.sk","JTS RTF-20 Koaxiálny anténny kábel","","MON_RTF-20","https://www.premiumstore.sk/jts-rtf-20-koaxialny-antenny-kabel/","Profesionálna audio technika | JTS | Mikrofóny a bezdrôtové systémy | Príslušenstvo","92","4007754202274","","","","","",""
"4603","Premiumstore.sk","KNG KM-19674 Násuvný sklopný adaptér pre reproduktorové stojany","","MON_KM-19674","https://www.premiumstore.sk/kng-km-19674-nasuvny-sklopny-adapter-pre-reproduktorove-stojany/","Heureka.sk | Elektronika | TV, audio, video | Reproduktory, soundbary | Príslušenstvo k reproduktorom | Stojany a držiaky na reproduktory","109.9","4016842816279","4016842816279","Konig & Meyer 19674","Elektronika | TV, audio, video | Reproduktory, soundbary | Príslušenstvo k reproduktorom | Stojany a držiaky na reproduktory","62","64.6","stojany-a-drziaky-na-reproduktory.heureka.sk/konig-meyer-19674"
"4603","Premiumstore.sk","KNG KM-21435 Reproduktorový stojan","","MON_KM-21435","https://www.premiumstore.sk/kng-km-21435-reproduktorovy-stojan/","Heureka.sk | Elektronika | TV, audio, video | Reproduktory, soundbary | Príslušenstvo k reproduktorom | Stojany a držiaky na reproduktory","137","4016842817788","4016842817788","Konig & Meyer 21435","Elektronika | TV, audio, video | Reproduktory, soundbary | Príslušenstvo k reproduktorom | Stojany a držiaky na reproduktory","85.01","85.01","stojany-a-drziaky-na-reproduktory.heureka.sk/konig-meyer-21435"
"4603","Premiumstore.sk","L-držiak Freewell pre Fuji GFX 100RF (čierny)","","080790","https://www.premiumstore.sk/l-drziak-freewell-pre-fuji-gfx-100rf--cierny-/","Heureka.sk | Elektronika | Foto, kamery, optika | Príslušenstvo k fotoaparátom | Blesky a príslušenstvo | Blesky k fotoaparátom","39","4897143171232","","","","","",""
"4603","Premiumstore.sk","LAUD OPTIMA-380/B Smerová nástenná kolónka Čierna","","MON_OPTIMA-380_B","https://www.premiumstore.sk/laud-optima-380-b-smerova-nastenna-kolonka-cierna/","Heureka.sk | Elektronika | TV, audio, video | Reproduktory, soundbary | Reprosústavy a reproduktory","189","5905143219461","","","","","",""
"4603","Premiumstore.sk","LED štúdiové osvetlenie Puluz 120 W s nastavením farebnej teploty a diaľkovým ovládaním","","089604","https://www.premiumstore.sk/led-studiove-osvetlenie-puluz-120-w-s-nastavenim-farebnej-teploty-a-dialkovym-ovladanim/","Heureka.sk | Bývanie a doplnky | Osvetlenie a svietidlá | Svietidlá","64.5","5905156107076","","","","","",""
"4603","Premiumstore.sk","Laserový senzor pohybu F&F DRL-12-9 mini 12V DC černý","","AT_FIR-1622137","https://www.premiumstore.sk/laserovy-senzor-pohybu-f-f-drl-12-9-mini-12v-dc-cerny/","Bezpečnosť a smart domácnosť | Zabezpečenie | Laserové senzory pohybu","96.9","5902431674421","","","","","",""
"4603","Premiumstore.sk","Laserový senzor pohybu F&F DRL-60-230 230V AC broušený hliník","","AT_FIR-1622151","https://www.premiumstore.sk/laserovy-senzor-pohybu-f-f-drl-60-230-230v-ac-brouseny-hlinik/","Bezpečnosť a smart domácnosť | Zabezpečenie | Laserové senzory pohybu","129","5902431675497","","","","","",""
"4603","Premiumstore.sk","MOES WHT-006-GB-WH Wi-Fi termostat pre elektrické kúrenie (biely)","","087529","https://www.premiumstore.sk/moes-wht-006-gb-wh-wi-fi-termostat-pre-elektricke-kurenie--biely-/","Heureka.sk | Dielňa, stavba, záhrada | Stavba | Elektromateriály | Elektroinštalačný materiál | Zásuvky, vypínače, termostaty | Termostaty","32.5","6974246471662","","","","","",""
"4603","Premiumstore.sk","MOES ZTRV-PJ-601-MS Inteligentná termostatická hlavica","","087493","https://www.premiumstore.sk/moes-ztrv-pj-601-ms-inteligentna-termostaticka-hlavica/","Bezpečnosť a smart domácnosť | Prvky výkonu | Smart kúrenie | Termostatické hlavice","24.5","6974246478760","","","","","",""
"4603","Premiumstore.sk","MacMa AS110COVER Accessories (Cases, Stands)","","MON_AS110COVER","https://www.premiumstore.sk/macma-as110cover-accessories--cases--stands/","Profesionálna audio technika | Pódium, diskotéka, DJ | reproduktorové systémy | príslušenstvo","35.9","3700752716514","","","","","",""
"4603","Premiumstore.sk","Magnetický otočný adaptér Sunnylife 180°","","081510","https://www.premiumstore.sk/magneticky-otocny-adapter-sunnylife-180/","Heureka.sk | Elektronika | Foto, kamery, optika | Foto a kamery | Športové kamery","10","5905156100343","","","","","",""
"4603","Premiumstore.sk","Masážní přístroj šíje a zad, REBEL ACTIVE RBA-6005","","AT_LEC-RBA-6005","https://www.premiumstore.sk/masazni-pristroj-sije-a-zad--rebel-active-rba-6005/","Heureka.sk | Domáce a osobné spotrebiče | Starostlivosť o telo a zdravie | Starostlivosť o telo | Masážne prístroje","35.5","5901890115674","5901890115674","Rebel RBA-6005","Domáce a osobné spotrebiče | Starostlivosť o telo a zdravie | Starostlivosť o telo | Masážne prístroje","32.89","32.89","masazne-pristroje.heureka.sk/rebel-rba-6005"
"4603","Premiumstore.sk","Mini PC GMKtec EVO-X2 AMD Ryzen AI Max+ 395 - 128GB RAM + 2TB SSD WIN 11 Pro","","079912","https://www.premiumstore.sk/mini-pc-gmktec-evo-x2-amd-ryzen-ai-max--395-128gb-ram-2tb-ssd-win-11-pro/","TV, audio a video | Počítače a príslušenstvo | Mini PC","4543.5","6972570963761","","","","","",""
"4603","Premiumstore.sk","Mini PC GMKtec K13 s procesorom Core Ultra 7 256V, 16 GB RAM, 512 GB úložiskom, Windows 11 Pro","","087146","https://www.premiumstore.sk/mini-pc-gmktec-k13-s-procesorom-core-ultra-7-256v--16-gb-ram--512-gb-uloziskom--windows-11-pro/","TV, audio a video | Počítače a príslušenstvo | Mini PC","814.9","6972570964775","","","","","",""
"4603","Premiumstore.sk","Mini PC GMKtec K17 s procesorom Intel Core Ultra 5 226V, 16 GB RAM, 1 TB úložiskom a systémom Windows 11 Pro","","087785","https://www.premiumstore.sk/mini-pc-gmktec-k17-s-procesorom-intel-core-ultra-5-226v--16-gb-ram--1-tb-uloziskom-a-systemom-windows-11-pro/","TV, audio a video | Počítače a príslušenstvo | Mini PC","844.5","6972570964898","","","","","",""
"4603","Premiumstore.sk","Monacor ARM-880WP2 Nástenný modul","","MON_ARM-880WP2","https://www.premiumstore.sk/monacor-arm-880wp2-nastenny-modul/","Profesionálna audio technika | Plošné ozvučenie (100V rozhlasové ozvučenie) | Matrix/mixy audio","146","4007754231724","","","","","",""
"4603","Premiumstore.sk","Monacor DRM-884IOP Nástenný modul I/O","","MON_DRM-884IOP","https://www.premiumstore.sk/monacor-drm-884iop-nastenny-modul-i-o/","Profesionálna audio technika | Plošné ozvučenie (100V rozhlasové ozvučenie) | Matrix/mixy audio","265","4007754261790","","","","","",""
"4603","Premiumstore.sk","Monacor EDL-706/12 PA stropný reproduktor","","MON_EDL-706_12","https://www.premiumstore.sk/monacor-edl-706-12-pa-stropny-reproduktor/","Heureka.sk | Elektronika | TV, audio, video | Reproduktory, soundbary | Reprosústavy a reproduktory","328","4007754250343","","","","","",""
"4603","Premiumstore.sk","Monacor ESP-315","","MON_ESP-315_SW","https://www.premiumstore.sk/monacor-esp-315-sw-2-pasmovy-pa-nastenny-reproduktorovy-system--cierny/","Heureka.sk | Elektronika | TV, audio, video | Reproduktory, soundbary | Reprosústavy a reproduktory","174","4007754222203","","","","","",""
"4603","Premiumstore.sk","Monacor ETS-442TW/WS PA stĺpové reproduktory odolné voči počasiu","","MON_ETS-442TW_WS","https://www.premiumstore.sk/monacor-ets-442tw-ws-pa-stlpove-reproduktory-odolne-voci-pocasiu/","Heureka.sk | Elektronika | TV, audio, video | Reproduktory, soundbary | Reprosústavy a reproduktory","667","4007754232660","","","","","",""
"4603","Premiumstore.sk","Monacor ETS-530TW/SW PA stĺpové reproduktory","","MON_ETS-530TW_SW","https://www.premiumstore.sk/monacor-ets-530tw-sw-pa-stlpove-reproduktory/","Heureka.sk | Elektronika | TV, audio, video | Reproduktory, soundbary | Reprosústavy a reproduktory","268","4007754214246","","","","","",""
"4603","Premiumstore.sk","Monacor MHB-15 Nástenná konzola","","MON_MHB-15","https://www.premiumstore.sk/monacor-mhb-15-nastenna-konzola/","Profesionálna audio technika | Pódium, diskotéka, DJ | reproduktorové systémy | príslušenstvo","87.9","4007754235784","","","","","",""
"4603","Premiumstore.sk","Monacor MKTA-680 Fóliový kondenzátor MKT, 250 V","","MON_MKTA-680","https://www.premiumstore.sk/monacor-mkta-680-foliovy-kondenzator-mkt--250-v/","Heureka.sk | Elektronika | TV, audio, video | Reproduktory, soundbary | Príslušenstvo k reproduktorom | Stojany a držiaky na reproduktory","16.5","4007754222128","","","","","",""
"4603","Premiumstore.sk","Monacor MOVE-10/BAG Protective cover for speaker system MOVE-10PMK2","","MON_MOVE-10_BAG","https://www.premiumstore.sk/monacor-move-10-bag-protective-cover-for-speaker-system-move-10pmk2/","Profesionálna audio technika | Pódium, diskotéka, DJ | reproduktorové systémy | príslušenstvo","73.9","4007754276404","","","","","",""
"4603","Premiumstore.sk","Monacor MPT-142 Piezo výškový menič","","MON_MPT-142","https://www.premiumstore.sk/monacor-mpt-142-piezo-vyskovy-menic/","Heureka.sk | Elektronika | TV, audio, video | Reproduktory, soundbary | Reprosústavy a reproduktory","12","4007754181227","","","","","",""
"4603","Premiumstore.sk","Monacor PA-1414MX 10-kanálový PA predzosilňovač","","MON_PA-1414MX","https://www.premiumstore.sk/monacor-pa-1414mx-10-kanalovy-pa-predzosilnovac/","Profesionálna audio technika | Pódium, diskotéka, DJ | mixy a powermixy | Zónové mixy","514","4007754245622","","","","","",""
"4603","Premiumstore.sk","Multifunkčná taška cez rameno Sunnylife for DJI RS 4 Mini","","077589","https://www.premiumstore.sk/multifunkcna-taska-cez-rameno-sunnylife-for-dji-rs-4-mini/","Heureka.sk | Oblečenie, obuv a doplnky | Módne doplnky | Batohy, tašky a kabelky | Tašky","25.5","5907085526263","","","","","",""
"4603","Premiumstore.sk","Napájecí zdroj 12V / 2A BLOW 3841","","AT_B3841","https://www.premiumstore.sk/napajeci-zdroj-12v-2a--blow-3841/","Bezpečnosť a smart domácnosť | Kamerové systémy | PRÍSLUŠENSTVO | Napájacie zdroje","10.5","5900804102878","5900804102878","Prolech 3841","Bývanie a doplnky | Osvetlenie a svietidlá | Príslušenstvo k svietidlám | Príslušenstvo k LED pásikom | Ostatné príslušenstvo pre LED pásiky","8.99","8.99","ostatne-prislusenstvo-led-pasiky.heureka.sk/prolech-3841"
"4603","Premiumstore.sk","Neutrik NLT4FXX NEUTRIK SPEAKON plug","","MON_NLT4FXX","https://www.premiumstore.sk/neutrik-nlt4fxx-neutrik-speakon-plug/","Heureka.sk | Hračky | Detské autá a doprava | RC modely a príslušenstvo | Káble a konektory pre RC modely","27","7613187013409","","","","","",""
"4603","Premiumstore.sk","Nintendo NS2 Street Fighter 6 Years 1-2 Fighters","","KB_100002136650","https://www.premiumstore.sk/ns2-street-fighter-6-years-1-2-fighters/","Heureka.sk | Gaming | Hry na PC a konzoly | Hry na Nintendo | Hry na Nintendo DS","58.5","","","","","","",""
"4603","Premiumstore.sk","ORG DA-P20-130/T Zvukový projektor PA odolný voči poveternostným vplyvom na stenu s certifikátom EN 54-24","","MON_DA-P20-130_T","https://www.premiumstore.sk/org-da-p20-130-t-zvukovy-projektor-pa-odolny-voci-poveternostnym-vplyvom-na-stenu-s-certifikatom-en-54-24/","Heureka.sk | Elektronika | TV, audio, video | Reproduktory, soundbary | Reprosústavy a reproduktory","108.5","4260590180056","","","","","",""
"4603","Premiumstore.sk","Ochranné puzdro s tvrdeným sklom Puluz pre Insta360 X4 Air","","082643","https://www.premiumstore.sk/ochranne-puzdro-s-tvrdenym-sklom-puluz-pre-insta360-x4-air/","Heureka.sk | Elektronika | Foto, kamery, optika | Foto a kamery | Športové kamery","23","5905156101197","","","","","",""
"4603","Premiumstore.sk","Okuliare EVEN REALITIES G2B AR (hnedé)","","093230","https://www.premiumstore.sk/okuliare-even-realities-g2b-ar--hnede/","Heureka.sk | Elektronika | TV, audio, video | Príslušenstvo k TV, audio-video | Príslušenstvo k TV | 3D okuliare","744.9","6977390120448","","","","","",""
"4603","Premiumstore.sk","Okuliare s rozšírenou realitou XREAL XBX A01+","","090475","https://www.premiumstore.sk/okuliare-s-rozsirenou-realitou-xreal-xbx-a01/","Heureka.sk | Elektronika | TV, audio, video | Príslušenstvo k TV, audio-video | Príslušenstvo k TV | 3D okuliare","307","6976143802266","","","","","",""
"4603","Premiumstore.sk","Orava Dálkový ovladač RC45135P Orava, Finlux, Gogen, Hyundai, Telefunken, Haier","","AT_ORA-VDORC45135P","https://www.premiumstore.sk/dalkovy-ovladac-rc45135p-orava--finlux--gogen--hyundai--telefunken--haier/","Heureka.sk | Elektronika | TV, audio, video | Príslušenstvo k TV, audio-video | Príslušenstvo k TV | Diaľkové ovládače","17.5","","","","","","",""
"4603","Premiumstore.sk","PULUZ hliníkový držiak kamery na zrkadlo motocykla (čierny)","","082308","https://www.premiumstore.sk/puluz-hlinikovy-drziak-kamery-na-zrkadlo-motocykla--cierny/","Heureka.sk | Elektronika | Foto, kamery, optika | Foto a kamery | Športové kamery","16.5","5905156100947","","","","","",""
"4603","Premiumstore.sk","Petoneer NutriVue smart food dispenser (with stainless steel bowl)","","069257","https://www.premiumstore.sk/petoneer-nutrivue-smart-food-dispenser--with-stainless-steel-bowl/","Heureka.sk | Chovateľské potreby | Pre psov | Misky a zásobníky pre psov","86","6930460008022","6930460008022","Petoneer Automatický BT dávkovač krmiva s kamerou NutriVue 2,6 l","Chovateľské potreby | Pre mačky | Misky a zásobníky pre mačky","110.99","110.99","misky-a-zasobniky-pre-macky.heureka.sk/petoneer-automaticky-bt-davkovac-krmiva-s-kamerou-nutrivue-2_6-l"
"4603","Premiumstore.sk","Príslušenstvo BOYA BY-P240 protivětrný kryt 240x23mm","","PEN_5494115","https://www.premiumstore.sk/prislusenstvo-boya-by-p240-protivetrny-kryt-240x23mm/","Heureka.sk | Elektronika | TV, audio, video | Mikrofóny","50","4897040883382","","","","","",""
"4603","Premiumstore.sk","Príslušenstvo TP-Link Tapo RVA105 sada na výmenu vysávača Tapo","","PEN_65526105","https://www.premiumstore.sk/prislusenstvo-tp-link-tapo-rva105-sada-na-vymenu-vysavaca-tapo/","Domáce spotrebiče | Malé spotrebiče | Vysávače | Robotické vysávače","24","8885020627510","8885020627510","TP-Link Tapo RVA105 sada","Domáce a osobné spotrebiče | Spotrebiče na upratovanie | Príslušenstvo pre upratovacie spotrebiče | Kefy a mopy k robotickým vysávačom","21.22","26.79","kefy-mopy-roboticke-vysavace.heureka.sk/tp-link-tapo-rva105-sada"
"4603","Premiumstore.sk","Samsung OLED QE42S90H","","KB_100002203822","https://www.premiumstore.sk/samsung-oled-qe42s90h/","Heureka.sk | Elektronika | TV, audio, video | Televízory","1092.9","","","","","","",""
"4603","Premiumstore.sk","Solight 1M01","","SOL_1MN40","https://www.premiumstore.sk/solight-velky-naklapaci-drziak-pre-ploche-tv--94cm-190cm--37-75-/","Heureka.sk | Elektronika | TV, audio, video | Príslušenstvo k TV, audio-video | Príslušenstvo k TV | Držiaky a stolíky | Držiaky a stojany na TV a monitory","15.5","8595092122829","8595092122829","Solight 1M01","Elektronika | TV, audio, video | Príslušenstvo k TV, audio-video | Príslušenstvo k TV | Držiaky a stolíky | Držiaky a stojany na TV a monitory","14.45","22.18","drziaky-a-stojany-na-tv-a-monitory.heureka.sk/solight-1m01"
"4603","Premiumstore.sk","Solight DA43","","SOL_DA43","https://www.premiumstore.sk/solight-nabijacka-usb-c--65w--pd-fast-charger-2/","Fotovoltaika a energie | Napájacie zdroje | Nabíjačky notebookov","12.5","8592718039950","8592718039950","Solight DA43","Elektronika | Mobily, tablety, nositeľná elektronika | Príslušenstvo k mobilom | Batérie a nabíjačky pre mobily | Nabíjačky pre mobilné telefóny","12.99","23.49","nabijacky-pre-mobilne-telefony.heureka.sk/solight-da43"
"4603","Premiumstore.sk","Solight DC47","","SOL_DC47","https://www.premiumstore.sk/solight-usb-nabijaci-adapter--1x-usb--2400ma--ac-230v--cierny/","Heureka.sk | Elektronika | Mobily, tablety, nositeľná elektronika | Príslušenstvo k mobilom | Batérie a nabíjačky pre mobily | Bezdrôtové nabíjačky","4.8","8592718022426","8592718022426","Solight DC47","Dielňa, stavba, záhrada | Stavba | Elektromateriály | Elektroinštalačný materiál | Zásuvky, vypínače, termostaty | Zásuvky","4.53","7.79","zasuvky.heureka.sk/solight-dc47"
"4603","Premiumstore.sk","Solight LED vianočná girlanda, cencúle, 400 LED, 20m, IP44, studené biele svetlo","","SOL_1V404-CW","https://www.premiumstore.sk/solight-led-vianocna-girlanda--cencule--400-led--20m--ip44--studene-biele-svetlo/","Heureka.sk | Bývanie a doplnky | Bytové dekorácie | Sviatočné dekorácie | Vianoce | Vianočné osvetlenie","23.9","","","","","","",""
"4603","Premiumstore.sk","Solight LED vianočná girlanda, cencúle, 400 LED, 20m, IP44, teplé biele svetlo","","SOL_1V404-WW","https://www.premiumstore.sk/solight-led-vianocna-girlanda--cencule--400-led--20m--ip44--teple-biele-svetlo/","Heureka.sk | Bývanie a doplnky | Bytové dekorácie | Sviatočné dekorácie | Vianoce | Vianočné osvetlenie","23.9","","","","","","",""
"4603","Premiumstore.sk","Solight náhradné trubičky pro alkohol tester Solight 1T04A, 1T06, 1T09, 2ks","","SOL_1T4A6-T2","https://www.premiumstore.sk/solight-nahradne-trubicky-pro-alkohol-tester-solight-1t04a--1t06--1t09--2ks/","Heureka.sk | Auto-moto | Všetko pre autá | Autodoplnky | Povinná a odporúčaná výbava | Alkohol testery","1.7","8592718030865","8592718030865","Solight náhradní trubičky pro alkohol tester Solight 1T04A a 1T06, 2ks (1T4A6-T2)","Elektronika | TV, audio, video | Satelitná a digitálna technika | Diseqc prepínače","3.2","3.2","diseqc-prepinace.heureka.sk/solight-nahradni-trubicky-pro-alkohol-tester-solight-1t04a-a-1t06_2ks-1t4a6-t2_11"
"4603","Premiumstore.sk","TANNOY CVS 401-BK Reproduktor","","BAS_BASYS-TA_000-DUN00","https://www.premiumstore.sk/tannoy-cvs-401-bk-reproduktor/","Profesionálna audio technika | Plošné ozvučenie (100V rozhlasové ozvučenie)","169","","","","","","",""
"4603","Premiumstore.sk","TC Electronic BQ250 bass head","","BAS_BASYS-BQ250","https://www.premiumstore.sk/tc-electronic-bq250-bass-head/","Profesionálna audio technika | Hudobné nástroje a príslušenstvo | Basové zosilňovače a reproduktory","235","","","","","","",""
"4603","Premiumstore.sk","Tlačidlo PXN Z ES","","084596","https://www.premiumstore.sk/tlacidlo-pxn-z-es/","Heureka.sk | Elektronika | TV, audio, video | Príslušenstvo k TV, audio-video | Príslušenstvo k TV | Diaľkové ovládače","22.5","6948052904263","","","","","",""
"4603","Premiumstore.sk","VERBATIM Diamond SSD 1TB G2 (32025)","","KB_100002134905","https://www.premiumstore.sk/verbatim-diamond-ssd-1tb-g2--32025/","Heureka.sk | Elektronika | Počítače a notebooky | Počítačové komponenty | Pevné disky externé","210.9","","","","","","",""
"4603","Premiumstore.sk","Vaša fréza MAKERA Carvera Air CNC","","085499","https://www.premiumstore.sk/vasa-freza-makera-carvera-air-cnc/","Kreatívne technológie | CNC stroje","3067.5","6977641142496","","","","","",""
"4603","Premiumstore.sk","Xtrobb 25242 Súprava na odvzdušnenie bŕzd bicykla, univerzálna","","AT_ITR-00018066","https://www.premiumstore.sk/sada-na-odvzdusnovani-brzd-xtrobb-25242/","Šport, hračky a voľný čas | Cyklistika | Ostatné cyklo doplnky","11.5","5904665714607","5904665714607","Xtrobb 25242 Súprava na odvzdušnenie bŕzd bicykla, univerzálna","Auto-moto | Všetko pre autá | Autodiely | Brzdný systém auta | Brzdové a spojkové hadice","14.9","14.9","brzdove-a-spojkove-hadice.heureka.sk/xtrobb-25242-suprava-na-odvzdusnenie-brzd-bicykla-univerzalna_9"
"4603","Premiumstore.sk","Zdroj záložní KEMOT PROsinus 1000 URZ3406B 700W 12V + BATERIE","","AT_VB-URZ3406B","https://www.premiumstore.sk/zdroj-zalozni-kemot-prosinus-1000-urz3406b-700w-12v-baterie/","Heureka.sk | Elektronika | Počítače a notebooky | Záložné zdroje | UPS","126","","","","","","",""
"4603","Premiumstore.sk","Záložní zdroj VOLT POLSKA Sinus Pro 850 E PLUS 12V/230V 850VA 500W","","AT_V-3SPM08012M","https://www.premiumstore.sk/zalozni-zdroj-volt-polska-sinus-pro-850-e-plus-12v-230v-850va-500w/","Heureka.sk | Elektronika | Počítače a notebooky | Záložné zdroje | UPS","128.9","5904100452651","","","","","",""
"4603","Premiumstore.sk","COAX spojka, COAX zdierka - COAX konektor, 1ks ZLA0468-2","","SOL_SSN5600E","https://www.premiumstore.sk/solight-antenny-coax-zdierka-priama-typ-taliansko--10ks--sacok/","Heureka.sk | Elektronika | TV, audio, video | Hi-Fi komponenty | AV prijímače","5.5","8595092115456","8595092115456","COAX spojka, COAX zdierka - COAX konektor, 1ks ZLA0468-2","Auto-moto | Všetko pre autá | Autodiely | Diely v motorovom priestore | Spojky","6.59","6.59","spojky.heureka.sk/coax-spojka-coax-zdierka-coax-konektor-1ks-zla0468-2_3"
"4603","Premiumstore.sk","Filtr Freewell zo série Sherpa Magnetic Mist 3v1","","091589","https://www.premiumstore.sk/filtr-freewell-zo-serie-sherpa-magnetic-mist-3v1/","TV, audio a video | Foto a optika | Filtre | Pre smartfóny","73.9","4897143172758","","","","","",""
"4603","Premiumstore.sk","Kamera TP-Link Mercusys MC210 IP, 3 Mpx, WiFi, prisvietenie","","PEN_52932499","https://www.premiumstore.sk/kamera-tp-link-mercusys-mc210-ip--3-mpx--wifi--prisvietenie/","Heureka.sk | Elektronika | Počítače a notebooky | Sieťové prvky | IP kamery","22.5","6957939004477","6957939004477","Mercusys MC210","Elektronika | Počítače a notebooky | Sieťové prvky | IP kamery","18.29","23.99","ip-kamery.heureka.sk/mercusys-mc210_2"
"4603","Premiumstore.sk","Monacor MKPA-330 Filmový kondenzátor MKP, 33 µF, 250 V","","MON_MKPA-330","https://www.premiumstore.sk/monacor-mkpa-330-filmovy-kondenzator-mkp--33-f--250-v/","Heureka.sk | Elektronika | TV, audio, video | Reproduktory, soundbary | Príslušenstvo k reproduktorom | Stojany a držiaky na reproduktory","12.9","4007754221954","","","","","",""
"4603","Premiumstore.sk","Solight LED drevený vianočný stromček s dekoráciami, 17x LED, biela, 45cm, 2x AA","","SOL_1V305","https://www.premiumstore.sk/solight-led-dreveny-vianocny-stromcek-s-dekoraciami--17x-led--biela--45cm--2x-aa/","Heureka.sk | Bývanie a doplnky | Bytové dekorácie | Sviatočné dekorácie | Vianoce | Vianočné osvetlenie","15","","","","","","",""
"4603","Premiumstore.sk","TERRAMASTER F8 SSD Plus – súborový server NAS s procesorom Intel Core i3-N305, 16 GB RAM, 8 pozícií","","090322","https://www.premiumstore.sk/terramaster-f8-ssd-plus---suborovy-server-nas-s-procesorom-intel-core-i3-n305--16-gb-ram--8-pozicii/","Heureka.sk | Elektronika | TV, audio, video | Hi-Fi komponenty | Sieťové prehrávače","873","6939236145855","","","","","",""
"4603","Premiumstore.sk","Bose Pro BOSE MB210-WR subwoofer","","BAS_BASYS-B_811432-0210","https://www.premiumstore.sk/bose-mb210-wr-subwoofer/","Profesionálna audio technika | Plošné ozvučenie (100V rozhlasové ozvučenie)","1230","","","","","","",""
"4603","Premiumstore.sk","Elokance LINECLUBCOVERPACK Accessories (Cases, Stands)","","MON_LINECLUBCOVERPACK","https://www.premiumstore.sk/elokance-lineclubcoverpack-accessories--cases--stands/","Profesionálna audio technika | Pódium, diskotéka, DJ | reproduktorové systémy | príslušenstvo","92","3700752712752","","","","","",""
"4603","Premiumstore.sk","Kamera TP-Link Tapo C545D 3MPx duál, vonkajšia, IP PTZ, WiFi, prísvit","","PEN_52932452","https://www.premiumstore.sk/kamera-tp-link-tapo-c545d-3mpx-dual--vonkajsia--ip-ptz--wifi--prisvit/","Heureka.sk | Elektronika | Počítače a notebooky | Sieťové prvky | IP kamery","123.9","8885020629255","8885020629255","Tapo C545D","Elektronika | Počítače a notebooky | Sieťové prvky | IP kamery","88.26","118.17","ip-kamery.heureka.sk/tapo-c545d"
"4603","Premiumstore.sk","Monacor DRM-884VAP Nástenný modul pre ovládanie hlasitosti s audio výstupom","","MON_DRM-884VAP","https://www.premiumstore.sk/monacor-drm-884vap-nastenny-modul-pre-ovladanie-hlasitosti-s-audio-vystupom/","Profesionálna audio technika | Plošné ozvučenie (100V rozhlasové ozvučenie) | Matrix/mixy audio","277","4007754261806","","","","","",""
"4603","Premiumstore.sk","Náhradné nože pre gilotínu LIENE určenú pre tlačiarne PixCut S1","","088038","https://www.premiumstore.sk/nahradne-noze-pre-gilotinu-liene-urcenu-pre-tlaciarne-pixcut-s1/","Heureka.sk | Elektronika | Počítače a notebooky | Tlačiarne a príslušenstvo | Tlačiarne","13","6971398602319","","","","","",""
"4603","Premiumstore.sk","Samsung OLED QE55S99H","","KB_100002204133","https://www.premiumstore.sk/samsung-oled-qe55s99h/","Heureka.sk | Elektronika | TV, audio, video | Televízory","2228.9","8806099126230","8806099126230","Samsung QE55S99HAT","Elektronika | TV, audio, video | Televízory","2169","2599","televizor.heureka.sk/samsung-qe55s99hat_2"
"4603","Premiumstore.sk","TERRAMASTER F2-425 – 2-diskový NAS súborový server","","090315","https://www.premiumstore.sk/terramaster-f2-425---2-diskovy-nas-suborovy-server/","Heureka.sk | Elektronika | TV, audio, video | Hi-Fi komponenty | Sieťové prehrávače","309.5","6939236147347","","","","","",""
"4603","Premiumstore.sk","Adaptér Viture Pro USB-C XR pre iPhone","","073063","https://www.premiumstore.sk/adapter-viture-pro-usb-c-xr-pre-iphone/","Heureka.sk | Gaming | Herné príslušenstvo | Príslušenstvo k herným konzolám | Ostatné príslušenstvo k herným konzolám","61","1230000160193","","","","","",""
"4603","Premiumstore.sk","Cabelcon 98029072-02","","AT_98029072-02","https://www.premiumstore.sk/kleste-kompresni-cabelcon-cx3-all-size/","Heureka.sk | Elektronika | TV, audio, video | Príslušenstvo k TV, audio-video | Príslušenstvo k TV | Antény | Satelitné antény","73.5","5707957085689","","","","","",""
"4603","Premiumstore.sk","Energy Sistem Street Play Speaker Bluetooth reproduktor, cherry","","BAS_BASYS-EN_459247","https://www.premiumstore.sk/energy-sistem-street-play-speaker-bluetooth-reproduktor--cherry/","Heureka.sk | Elektronika | TV, audio, video | Reproduktory, soundbary | Reprosústavy a reproduktory","24.9","","","","","","",""
"4603","Premiumstore.sk","Kruger & Matz Zdroj univerzální Kruger&Matz KM1450-90 90W Power Delivery 7 koncovek Adaptér pro notebooky","","AT_LEC-KM1450-90","https://www.premiumstore.sk/zdroj-univerzalni-kruger-matz-km1450-90-90w-power-delivery-7-koncovek-adapter-pro-notebooky/","Heureka.sk | Elektronika | Mobily, tablety, nositeľná elektronika | Príslušenstvo k mobilom | Batérie a nabíjačky pre mobily | Nabíjačky pre mobilné telefóny","26.5","5901890123976","","","","","",""
"4603","Premiumstore.sk","Monacor SAM-500D Aktívny modul subwooferu","","MON_SAM-500D","https://www.premiumstore.sk/monacor-sam-500d-aktivny-modul-subwooferu/","Heureka.sk | Elektronika | TV, audio, video | Reproduktory, soundbary | Príslušenstvo k reproduktorom | Stojany a držiaky na reproduktory","427","4007754231588","","","","","",""
"4603","Premiumstore.sk","Solight LED reťaz s hviezdou na vianočný strom, výška 2,1m, 212 LED, IP44","","SOL_1V308","https://www.premiumstore.sk/solight-led-retaz-s-hviezdou-na-vianocny-strom--vyska-2-1m--212-led--ip44/","Heureka.sk | Bývanie a doplnky | Bytové dekorácie | Sviatočné dekorácie | Vianoce | Vianočné osvetlenie","17","","","","","","",""
"4603","Premiumstore.sk","USB Bluetooth adaptér VU+ Bluetooth 4.1","","AT_VUBLU","https://www.premiumstore.sk/usb-bluetooth-adapter-vu--bluetooth-4-1/","Heureka.sk | Elektronika | TV, audio, video | Satelitná a digitálna technika | Satelitné prijímače","28","","","","","","",""
"4603","Premiumstore.sk","Bezdrôtový ovládač GameSir Nova 2 Lite Champion Edition","","086662","https://www.premiumstore.sk/bezdrotovy-ovladac-gamesir-nova-2-lite-champion-edition/","Heureka.sk | Gaming | Herné príslušenstvo | Herné ovládače | Gamepady","28.9","6936685223158","6936685223158","GameSir Nova Lite 2 Champion Edition HRG71099","Gaming | Herné príslušenstvo | Herné ovládače | Gamepady","32.99","42.18","gamepady.heureka.sk/gamesir-nova-lite-2-champion-edition-hrg71099"
"4603","Premiumstore.sk","Cp Plus CP-UNC-VB81ZL4-VMDS 4K (8.0 Mpix) venkovní IP antivandal dome kamera s IR, WDR, Starlight a mikrof.","","AT_CPP-CP-UNC-VB81ZL4C-VMDS","https://www.premiumstore.sk/cp-unc-vb81zl4-vmds-4k--8-0-mpix--venkovni-ip-antivandal-dome-kamera-s-ir--wdr--starlight-a-mikrof-/","Heureka.sk | Elektronika | Počítače a notebooky | Sieťové prvky | IP kamery","349.9","4250593449014","","","","","",""
"4603","Premiumstore.sk","Inteligentný mini spínač ZigBee SONOFF ZBMINIR2","","081370","https://www.premiumstore.sk/inteligentny-mini-spinac-zigbee-sonoff-zbminir2/","Bezpečnosť a smart domácnosť | Riadiace jednotky | Smart ovládače","10.9","6920075742916","6920075742916","SONOFF ZBMINI ZigBee Smart Switch","Elektronika | Inteligentná domácnosť | Ovládače a spínače pre inteligentnú domácnosť","11.39","14.9","ovladace-a-spinace-pre-inteligentnu-domacnost.heureka.sk/sonoff-zbmini-zigbee-smart-switch"
"4603","Premiumstore.sk","Monacor DN-200 3-pásmová frekvenčná výhybka pre 8 Ω","","MON_DN-200","https://www.premiumstore.sk/monacor-dn-200-3-pasmova-frekvencna-vyhybka-pre-8-/","Heureka.sk | Elektronika | TV, audio, video | Reproduktory, soundbary | Príslušenstvo k reproduktorom | Stojany a držiaky na reproduktory","147.5","4007754004489","","","","","",""
"4603","Premiumstore.sk","Sada 3 filtrov Sunnylife CPL + ND8 + ND16 pre MINI 5 Pro","","081540","https://www.premiumstore.sk/sada-3-filtrov-sunnylife-cpl-nd8-nd16-pre-mini-5-pro/","Heureka.sk | Elektronika | Foto, kamery, optika | Foto a kamery | Športové kamery","15.5","5905156100480","","","","","",""
"4603","Premiumstore.sk","TC Electronic V550 PREAMP, gitarový predzosilňovač","","BAS_BASYS-TC_0709-AJX86","https://www.premiumstore.sk/tc-electronic-v550-preamp--gitarovy-predzosilnovac/","Profesionálna audio technika | Hudobné nástroje a príslušenstvo | Gitarové príslušenstvo","159","","","","","","",""
"4603","Premiumstore.sk","Bose Pro BOSE DesignMax DM2C-LP nízkoprofilové inštalačné reproduktory, čierne","","BAS_BASYS-B_815011-0110","https://www.premiumstore.sk/bose-designmax-dm2c-lp-nizkoprofilove-instalacne-reproduktory--cierne/","Profesionálna audio technika | Plošné ozvučenie (100V rozhlasové ozvučenie)","380","","","","","","",""
"4603","Premiumstore.sk","Cp Plus CP-PR-97 Uzamykatelná skříňka pro velké DVR / NVR rekordéry","","AT_CPP-CP-PR-97","https://www.premiumstore.sk/cp-pr-97-uzamykatelna-skrinka-pro-velke-dvr-nvr-rekordery/","Bezpečnosť a smart domácnosť | Kamerové systémy | PRÍSLUŠENSTVO | Montážne skrine a racky","123.5","5906881447994","","","","","",""
"4603","Premiumstore.sk","Klávesnica pre bezpečnostný systém X-Sense SKP0A","","077354","https://www.premiumstore.sk/klavesnica-pre-bezpecnostny-system-x-sense-skp0a/","Heureka.sk | Elektronika | Inteligentná domácnosť | Ovládače a spínače pre inteligentnú domácnosť","16.5","810194780400","","","","","",""
"4603","Premiumstore.sk","Minis Forum MINI-PC Minis Fórum NAS N5 Pro AMD Ryzen AI 9 HX Pro 370, 32GB+128GB O","","082853","https://www.premiumstore.sk/mini-pc-minis-forum-nas-n5-pro-amd-ryzen-ai-9-hx-pro-370--32gb-128gb-o/","TV, audio a video | Počítače a príslušenstvo | Mini PC","1514","4897118834339","","","","","",""
"4603","Premiumstore.sk","Petlibro Dockstream drinker","","078377","https://www.premiumstore.sk/petlibro-dockstream-drinker/","Heureka.sk | Chovateľské potreby | Pre hlodavce | Vybavenie klietok pre hlodavce | Napájačky","83","754932368034","754932368034","Petlibro Dockstream Napájačka vodná fontána 2,5 l","Chovateľské potreby | Pre psov | Misky a zásobníky pre psov","46.63","95.58","misky-a-zasobniky-pre-psov.heureka.sk/petlibro-dockstream-napajacka-vodna-fontana-2_5-l"
"4603","Premiumstore.sk","Sáčok TP-Link Tapo RVA200 jednorazový, prachový Tapo, poškodený obal","","PEN_65526108","https://www.premiumstore.sk/sacok-tp-link-tapo-rva200-jednorazovy--prachovy-tapo--poskodeny-obal/","Domáce spotrebiče | Malé spotrebiče | Vysávače | Robotické vysávače","14.5","","","","","","",""
"4603","Premiumstore.sk","Bose Pro BOSE AMM108 viacúčelový reproduktor","","BAS_BASYS-B_843160-0110","https://www.premiumstore.sk/bose-amm108-viacucelovy-reproduktor/","Heureka.sk | Elektronika | TV, audio, video | Reproduktory, soundbary | Reprosústavy a reproduktory","1900","","","","","","",""
"4603","Premiumstore.sk","EVEN REALITIES G2A AR okuliare (sivé)","","093226","https://www.premiumstore.sk/even-realities-g2a-ar-okuliare--sive/","Heureka.sk | Elektronika | TV, audio, video | Príslušenstvo k TV, audio-video | Príslušenstvo k TV | 3D okuliare","744.9","6977390120400","","","","","",""
"4603","Premiumstore.sk","Kamera IP vnitřní NEDIS WIFICI12CWT | Wi-Fi | 3MP","","AT_ATO-WIFICI12CWT","https://www.premiumstore.sk/kamera-ip-vnitrni-nedis-wifici12cwt-wi-fi-3mp/","Heureka.sk | Elektronika | Počítače a notebooky | Sieťové prvky | IP kamery","57.9","5412810455065","5412810455065","Nedis SmartLife vnútorná kamera WIFICI12CWT","Elektronika | Počítače a notebooky | Sieťové prvky | IP kamery","59","60.6","ip-kamery.heureka.sk/nedis-smartlife-vnutorna-kamera-wifici12cwt"
"4603","Premiumstore.sk","MONSK SAM-80WIFI Modul aktívneho reproduktora 2 x 40W/4 Ω, trieda D","","MON_SAM-80WIFI","https://www.premiumstore.sk/monsk-sam-80wifi-modul-aktivneho-reproduktora-2-x-40w-4---trieda-d/","Heureka.sk | Elektronika | TV, audio, video | Reproduktory, soundbary | Príslušenstvo k reproduktorom | Stojany a držiaky na reproduktory","189.5","8588008802168","","","","","",""
"4603","Premiumstore.sk","Monitor přídavný GoSmart EMOS IP880B 2WIRE domácího videotelefonu IP880A 2WIRE","","AT_ATO-3010040810","https://www.premiumstore.sk/monitor-pridavny-gosmart-emos-ip880b-2wire-domaciho-videotelefonu-ip880a-2wire/","Bezpečnosť a smart domácnosť | Smart domácnosť | Zvončeky","164.5","8592920157541","","","","","",""
"4603","Premiumstore.sk","Sunny napájecí adaptér 15V, 1,6A, 24W - spínaný","","AT_ABT-A500000624","https://www.premiumstore.sk/sunny-napajeci-adapter-15v--1-6a--24w-spinany/","Bezpečnosť a smart domácnosť | Kamerové systémy | PRÍSLUŠENSTVO | Napájacie zdroje","12.5","","","","","","",""
"4603","Premiumstore.sk","Anténní rozbočovač Toner XGVS-16D31 - 16x F - (5 -1200MHz), útlum 16dB","","AT_TCZ-1006538","https://www.premiumstore.sk/antenni-rozbocovac-toner-xgvs-16d31-16x-f-5-1200mhz-utlum-16db/","Heureka.sk | Elektronika | TV, audio, video | Príslušenstvo k TV, audio-video | Príslušenstvo k TV | Antény | Televízne antény DVB-T a DVB-T2","68","","","","","","",""
"4603","Premiumstore.sk","Elokance STM12AC Floor Monitors","","MON_STM12AC","https://www.premiumstore.sk/elokance-stm12ac-floor-monitors/","Profesionálna audio technika | Pódium, diskotéka, DJ | reproduktorové systémy | aktívne","304","3700752702685","","","","","",""
"4603","Premiumstore.sk","Kamera Ezviz H8c PoE 2K Vonkajšia otočná IP, 4MP, 4mm","","PEN_70293588","https://www.premiumstore.sk/kamera-ezviz-h8c-poe-2k-vonkajsia-otocna-ip--4mp--4mm/","Heureka.sk | Elektronika | Počítače a notebooky | Sieťové prvky | IP kamery","53","6941545632261","6941545632261","EZVIZ CS-H8c3MP PoE","Elektronika | Počítače a notebooky | Sieťové prvky | IP kamery","53.19","74.88","ip-kamery.heureka.sk/ezviz-cs-h8c3mp-poe"
"4603","Premiumstore.sk","Monacor KU-616T Tlakový driver, odolný voči počasiu","","MON_KU-616T","https://www.premiumstore.sk/monacor-ku-616t-tlakovy-driver--odolny-voci-pocasiu/","Profesionálna audio technika | Plošné ozvučenie (100V rozhlasové ozvučenie) | Reproduktory | tlakové 100V","63","4007754031904","","","","","",""
"4603","Premiumstore.sk","Solight sada 3 LED vianočných darčekov, 48x LED, IP44, 230V, biele prevedenie","","SOL_1V304","https://www.premiumstore.sk/solight-sada-3-led-vianocnych-darcekov--48x-led--ip44--230v--biele-prevedenie/","Heureka.sk | Bývanie a doplnky | Bytové dekorácie | Sviatočné dekorácie | Vianoce | Vianočné osvetlenie","30.5","","","","","","",""
"4603","Premiumstore.sk","Záložní zdroj MHPower MPU-300-12 UPS 300W 12V čistý sinus + baterie","","AT_VB-MPU-300","https://www.premiumstore.sk/zalozni-zdroj-mhpower-mpu-300-12-ups-300w-12v-cisty-sinus-baterie/","Heureka.sk | Elektronika | Počítače a notebooky | Záložné zdroje | UPS","127.9","","","","","","",""
"4603","Premiumstore.sk","CP PLUS CP-LNR-4K3041-P4 Síťový videorekordér (NVR) s kompresí H.265 a PoE pro připojení čtyř IP ka","","AT_CPP-CP-LNR-4K3041-P4","https://www.premiumstore.sk/cp-plus-cp-lnr-4k3041-p4-sitovy-videorekorder--nvr--s-kompresi-h-265-a-poe-pro-pripojeni-ctyr-ip-ka/","Bezpečnosť a smart domácnosť | Kamerové systémy | IP sieťové videorekordéry (NVR) | 4 kanály","192.5","4250593450300","","","","","",""
"4603","Premiumstore.sk","Elokance EPRO10A Active Loudspeaker","","MON_EPRO10A","https://www.premiumstore.sk/elokance-epro10a-active-loudspeaker/","Profesionálna audio technika | Pódium, diskotéka, DJ | reproduktorové systémy | aktívne","706","3700752705907","","","","","",""
"4603","Premiumstore.sk","MINIS FORUM M1 Plus Core i5-12600H Mini PC v základnej zostave","","088347","https://www.premiumstore.sk/minis-forum-m1-plus-core-i5-12600h-mini-pc-v-zakladnej-zostave/","TV, audio a video | Počítače a príslušenstvo | Mini PC","405.5","4897118837002","","","","","",""
"4603","Premiumstore.sk","ORG OMNI-TRACK/SW Spottune OMNI TRACK speaker, black","","MON_OMNI-TRACK_SW","https://www.premiumstore.sk/org-omni-track-sw-spottune-omni-track-speaker--black/","Profesionálna audio technika | Plošné ozvučenie (100V rozhlasové ozvučenie) | Bezdrôtové ozvučenie","739","5700002178428","","","","","",""
"4603","Premiumstore.sk","TANNOY CMS 801 SUB BM 8"" subwoofer","","BAS_BASYS-TA_000-BXC00","https://www.premiumstore.sk/tannoy-cms-801-sub-bm-8--subwoofer/","Profesionálna audio technika | Plošné ozvučenie (100V rozhlasové ozvučenie)","349","","","","","","",""
"4603","Premiumstore.sk","Bose Pro BOSE AudioPack Pro S4W, biely","","BAS_BASYS-B_892256-2210","https://www.premiumstore.sk/bose-audiopack-pro-s4w--biely/","Profesionálna audio technika | Plošné ozvučenie (100V rozhlasové ozvučenie)","1660","","","","","","",""
"4603","Premiumstore.sk","DBX Bushido DBD-E-1a sťahovadlo na kolená","","AT_ABL-30-B4-022","https://www.premiumstore.sk/chranice-loktu-dbx-bushido-dbx-eg-11-xl/","Heureka.sk | Šport a outdoor | Športy | Ostatné športy | Bojové športy | Chrániče pre bojové umenia | Chrániče nôh pre bojové športy","17","5904639191663","5904639191663","DBX Bushido DBD-E-1a sťahovadlo na kolená","Zdravie | Zdravotnícke potreby | Športová medicína | Zdravotné bandáže a ortézy","13.29","14.99","zdravotne-bandaze-a-ortezy.heureka.sk/dbx-bushido-dbd-e-1a-stahovadlo-na-kolena"
"4603","Premiumstore.sk","Herný mikrofón Fifine TAM8 (ružový)","","087791","https://www.premiumstore.sk/herny-mikrofon-fifine-tam8--ruzovy/","Heureka.sk | Elektronika | TV, audio, video | Mikrofóny","83.9","5410464335009","5410464335009","Fifine TAM8","Elektronika | Počítače a notebooky | Príslušenstvo k počítačom | Počítačové mikrofóny","83.9","162.79","pocitacove-mikrofony.heureka.sk/fifine-tam8_2"
"4603","Premiumstore.sk","Kondenzátorový mikrofón Fifine K669BS (strieborný)","","087751","https://www.premiumstore.sk/kondenzatorovy-mikrofon-fifine-k669bs--strieborny/","Heureka.sk | Elektronika | TV, audio, video | Mikrofóny","29.5","8032766105332","","","","","",""
"4603","Premiumstore.sk","Magnetický držiak PULUZ pre Insta360 GO Ultra (čierny)","","082310","https://www.premiumstore.sk/magneticky-drziak-puluz-pre-insta360-go-ultra--cierny/","Heureka.sk | Elektronika | Foto, kamery, optika | Foto a kamery | Športové kamery","13.5","5905156100961","","","","","",""
"4603","Premiumstore.sk","Niimbot RR14.2-70Red, 14,2 mm x 70 m, červená, originálna farbiaca páska","","089380","https://www.premiumstore.sk/niimbot-paska-pre-c1--cervena/","Heureka.sk | Kancelária a papiernictvo | Kancelárska technika a vybavenie prevádzok | Tlačiarne štítkov","10","6978061958827","6978061958827","Niimbot RR14.2-70Red, 14,2 mm x 70 m, červená, originálna farbiaca páska","Kancelária a papiernictvo | Kancelárska technika a vybavenie prevádzok | Príslušenstvo ku kancelárskej technike | Farbiace pásky","13.99","13.99","farbiace-pasky.heureka.sk/niimbot-rr14_2-70red-14_2-mm-x-70-m-cervena-originalna-farbiaca-paska"
"4603","Premiumstore.sk","Stabilizátor napětí KEMOT MSER-10000 se servomotorem","","AT_LEC-URZ3426-10K","https://www.premiumstore.sk/stabilizator-napeti-kemot-mser-10000-se-servomotorem/","Heureka.sk | Elektronika | Počítače a notebooky | Záložné zdroje | UPS","288","5901890115827","","","","","",""
"4603","Premiumstore.sk","VERBATIM Diamond SSD 512GB G2 (32024)","","KB_100002134904","https://www.premiumstore.sk/verbatim-diamond-ssd-512gb-g2--32024/","Heureka.sk | Elektronika | Počítače a notebooky | Počítačové komponenty | Pevné disky externé","124.9","","","","","","",""
"4603","Premiumstore.sk","Bose Pro BOSE DesignMax DM5SE Vonkajší reproduktor na povrchovú montáž, biely","","BAS_BASYS-B_829705-0220","https://www.premiumstore.sk/bose-designmax-dm5se-vonkajsi-reproduktor-na-povrchovu-montaz--biely/","Profesionálna audio technika | Plošné ozvučenie (100V rozhlasové ozvučenie)","970","","","","","","",""
"4603","Premiumstore.sk","HDD 3.5"" 8TB 128MB Western Digital PURPLE pro kamerové systémy CP-PR-158","","AT_CPP-CP-PR-158","https://www.premiumstore.sk/hdd-3-5--8tb-128mb-western-digital-purple-pro-kamerove-systemy-cp-pr-158/","Heureka.sk | Elektronika | Počítače a notebooky | Príslušenstvo k počítačom | Pamäťové karty","439.5","8592457145158","","","","","",""
"4603","Premiumstore.sk","MOES WDB-TY-B20 Wi-Fi RF 433 MHz 1080p videozvonček","","087536","https://www.premiumstore.sk/moes-wdb-ty-b20-wi-fi-rf-433-mhz-1080p-videozvoncek/","Heureka.sk | Dielňa, stavba, záhrada | Stavba | Železiarstvo | Kovanie a zámky | Cylindrické vložky","59.5","6974246477381","","","","","",""
"4603","Premiumstore.sk","Ohrievač komory QiDi pre sériu Q2","","092711","https://www.premiumstore.sk/ohrievac-komory-qidi-pre-seriu-q2/","Heureka.sk | Elektronika | Počítače a notebooky | Tlačiarne a príslušenstvo | 3D tlačiarne","35.5","674519882855","","","","","",""
"4603","Premiumstore.sk","TESLA SecureQ SC55 - venkovní WiFi smart kamera PZ","","AT_IST-KAMTEOUT008","https://www.premiumstore.sk/tesla-secureq-sc55-venkovni-wifi-smart-kamera-pz/","Heureka.sk | Elektronika | Počítače a notebooky | Sieťové prvky | IP kamery","52.9","8595689813611","","","","","",""
"4603","Premiumstore.sk","Cp Plus CP-UNC-TA21PL3C-V3 2.0 Mpix venkovní IP kamera s IR a mikrofonem","","AT_CPP-CP-UNC-TA21PL3C-V3","https://www.premiumstore.sk/cp-unc-ta21pl3c-v3-2-0-mpix-venkovni-ip-kamera-s-ir-a-mikrofonem/","Heureka.sk | Elektronika | Počítače a notebooky | Sieťové prvky | IP kamery","76","4250593440844","4250593440844","CP PLUS CP-UNC-TA21PL3C-V3","Elektronika | Počítače a notebooky | Sieťové prvky | IP kamery","77.85","77.85","ip-kamery.heureka.sk/cp-plus-cp-unc-ta21pl3c-v3"
"4603","Premiumstore.sk","Ivo I100 IEC aktivní rozbočovač na 2 TV se zdrojem 12V","","AT_IVO-I100","https://www.premiumstore.sk/ivo-i100-iec-aktivni-rozbocovac-na-2-tv-se-zdrojem-12v/","Heureka.sk | Elektronika | TV, audio, video | Príslušenstvo k TV, audio-video | Príslušenstvo k TV | Antény | Televízne antény DVB-T a DVB-T2","26.5","","","","","","",""
"4603","Premiumstore.sk","Monacor IT-33 Tlakový reproduktor, odolný voči poveternostným vplyvom","","MON_IT-33","https://www.premiumstore.sk/monacor-it-33-tlakovy-reproduktor--odolny-voci-poveternostnym-vplyvom/","Profesionálna audio technika | Plošné ozvučenie (100V rozhlasové ozvučenie) | Reproduktory | tlakové 100V","117","4007754196306","","","","","",""
"4603","Premiumstore.sk","Solight 90° výmenná šošovka pre high bay WPH-150W-007 a WPH-100W-007","","SOL_WPH-ND-011","https://www.premiumstore.sk/solight-90-vymenna-sosovka-pre-high-bay-wph-150w-007-a-wph-100w-007/","Heureka.sk | Bývanie a doplnky | Osvetlenie a svietidlá | LED osvetlenie","4.4","8592718032616","8592718032616","Solight WPH-ND-011","Bývanie a doplnky | Osvetlenie a svietidlá | Svietidlá","11.49","11.49","svietidla.heureka.sk/solight-wph-nd-011"
"4603","Premiumstore.sk","CP PLUS CP-UNC-DA41L3C-D-Q-0360 4.0 Mpix venkovní dome IP kamera s IR, WDR a mikrofonem","","AT_CPP-CP-UNC-DA41L3C-D-Q-0360","https://www.premiumstore.sk/cp-plus-cp-unc-da41l3c-d-q-0360-4-0-mpix-venkovni-dome-ip-kamera-s-ir--wdr-a-mikrofonem/","Heureka.sk | Elektronika | Počítače a notebooky | Sieťové prvky | IP kamery","179.5","4250593450430","","","","","",""
"4603","Premiumstore.sk","Držiak na krk s rýchloupínačom pre športové kamery Telesin","","069454","https://www.premiumstore.sk/drziak-na-krk-s-rychloupinacom-pre-sportove-kamery-telesin/","Heureka.sk | Elektronika | Foto, kamery, optika | Foto a kamery | Športové kamery","14","6974944462665","","","","","",""
"4603","Premiumstore.sk","JTS SIEM-2/5 Mono UHF PLL in-ear monitoring systém","","MON_SIEM-2_5","https://www.premiumstore.sk/jts-siem-2-5-mono-uhf-pll-in-ear-monitoring-system/","Profesionálna audio technika | JTS | Mikrofóny a bezdrôtové systémy | In-ear monitorovacie systémy","533","4007754239430","","","","","",""
"4603","Premiumstore.sk","Laserový senzor pohybu F&F DRL-60-12-9 12V DC černý","","AT_FIR-1622157","https://www.premiumstore.sk/laserovy-senzor-pohybu-f-f-drl-60-12-9-12v-dc-cerny/","Bezpečnosť a smart domácnosť | Zabezpečenie | Laserové senzory pohybu","129","5902431675480","","","","","",""
"4603","Premiumstore.sk","Modul MAKERA Carvera Air so 4 osami","","085500","https://www.premiumstore.sk/modul-makera-carvera-air-so-4-osami/","Kreatívne technológie | CNC stroje","429.9","6977641140287","","","","","",""
"4603","Premiumstore.sk","Puluz PU425 1,5 m USB-C klopový mikrofón","","089597","https://www.premiumstore.sk/puluz-pu425-1-5-m-usb-c-klopovy-mikrofon/","Heureka.sk | Elektronika | TV, audio, video | Mikrofóny","19","5905156107007","","","","","",""
"4603","Premiumstore.sk","TANNOY ARCO GRILLE CMS 603-WH, mriežka reproduktora","","BAS_BASYS-TA_000-BVU00","https://www.premiumstore.sk/tannoy-arco-grille-cms-603-wh--mriezka-reproduktora/","Profesionálna audio technika | Plošné ozvučenie (100V rozhlasové ozvučenie)","39","","","","","","",""
"4603","Premiumstore.sk","Bose Pro BOSE DesignMax DM5C inštalačné reproduktory, biele","","BAS_BASYS-B_829683-0210","https://www.premiumstore.sk/bose-designmax-dm5c-instalacne-reproduktory--biele/","Profesionálna audio technika | Plošné ozvučenie (100V rozhlasové ozvučenie)","720","","","","","","",""
"4603","Premiumstore.sk","Cp Plus CP-URC-DC24PL3C-L 2.4 Mpix venkovní dome kamera 4v1 s duálním přísvitem a mikrofonem","","AT_CPP-CP-URC-DC24PL3C-L","https://www.premiumstore.sk/cp-urc-dc24pl3c-l-2-4-mpix-venkovni-dome-kamera-4v1-s-dualnim-prisvitem-a-mikrofonem/","Bezpečnosť a smart domácnosť | Kamerové systémy | KAMERY 4v1 | 2.0 Mpix. / 2.4 Mpix.","50","4250593448345","4250593448345","CP PLUS CP-URC-DC24PL3C-L","Elektronika | Počítače a notebooky | Sieťové prvky | IP kamery","51.04","51.04","ip-kamery.heureka.sk/cp-plus-cp-urc-dc24pl3c-l"
"4603","Premiumstore.sk","Konferenčný reproduktor EMEET OfficeCore M1A","","085707","https://www.premiumstore.sk/konferencny-reproduktor-emeet-officecore-m1a/","Heureka.sk | Elektronika | Počítače a notebooky | Príslušenstvo k počítačom | Webkamery","38.5","6971337721552","","","","","",""
"4603","Premiumstore.sk","Monacor EX-40/8 Audio budič / rezonátor, 20 W, 8 Ω","","MON_EX-40_8","https://www.premiumstore.sk/monacor-ex-40-8-audio-budic-rezonator--20-w--8-/","Profesionálna audio technika | Plošné ozvučenie (100V rozhlasové ozvučenie) | Reproduktory | príslušenstvo","53.5","4007754253733","","","","","",""
"4603","Premiumstore.sk","Pioneer TS-MR2040 lodný reproduktor","","BAS_BASYS-TS-MR2040","https://www.premiumstore.sk/pioneer-ts-mr2040-lodny-reproduktor/","Heureka.sk | Elektronika | TV, audio, video | Reproduktory, soundbary | Reprosústavy a reproduktory","229","","","","","","",""
"4603","Premiumstore.sk","Teleokulár a mikrookulár pro smartphone Levenhuk Kelvin TLC25","","AT_LEV-86476","https://www.premiumstore.sk/teleokular-a-mikrookular-pro-smartphone-levenhuk-kelvin-tlc25/","Heureka.sk | Elektronika | Foto, kamery, optika | Foto a kamery | Digitálne fotoaparáty","91.5","5905555027777","","","","","",""
"4603","Premiumstore.sk","Bose Pro BOSE FreeSpace FS2SE Vonkajší reproduktor na povrchovú montáž, čierna","","BAS_BASYS-B_841151-0320","https://www.premiumstore.sk/bose-freespace-fs2se-vonkajsi-reproduktor-na-povrchovu-montaz--cierna/","Profesionálna audio technika | Plošné ozvučenie (100V rozhlasové ozvučenie)","420","","","","","","",""
"4603","Premiumstore.sk","Elokance OPUSBUMPERSATSUB2 Line Array","","MON_OPUSBUMPERSATSUB2","https://www.premiumstore.sk/elokance-opusbumpersatsub2-line-array/","Profesionálna audio technika | Pódium, diskotéka, DJ | reproduktorové systémy | príslušenstvo","512","3700752718228","","","","","",""
"4603","Premiumstore.sk","Kamera TP-Link Tapo C465 8MPx, vonkajšia, IP, WiFi, prisvietenie, batéria","","PEN_52932456","https://www.premiumstore.sk/kamera-tp-link-tapo-c465-8mpx--vonkajsia--ip--wifi--prisvietenie--bateria/","Heureka.sk | Elektronika | Počítače a notebooky | Sieťové prvky | IP kamery","172.5","8885020629859","8885020629859","TP Link Tapo C465","Elektronika | Počítače a notebooky | Sieťové prvky | IP kamery","131.96","173.04","ip-kamery.heureka.sk/tp-link-tapo-c465"
"4603","Premiumstore.sk","Magnetický držiak Puluz pre Insta360 GO 3/GO 3S (biely)","","089608","https://www.premiumstore.sk/magneticky-drziak-puluz-pre-insta360-go-3-go-3s--biely/","Heureka.sk | Elektronika | Foto, kamery, optika | Príslušenstvo k fotoaparátom | Statívy a príslušenstvo | Statívy","18.5","5905156106321","","","","","",""
"4603","Premiumstore.sk","NS2 Nintendo Switch 2 Pro Controller","","KB_100002136656","https://www.premiumstore.sk/ns2-nintendo-switch-2-pro-controller/","Heureka.sk | Elektronika | TV, audio, video | Príslušenstvo k TV, audio-video | Príslušenstvo k TV | Diaľkové ovládače","91.9","","","","","","",""
"4603","Premiumstore.sk","Súborový server NAS TERRAMASTER U12-500 Plus, procesor Intel Core i7-1255U, 16 GB RAM, 12 pozícií","","090327","https://www.premiumstore.sk/suborovy-server-nas-terramaster-u12-500-plus--procesor-intel-core-i7-1255u--16-gb-ram--12-pozicii/","Heureka.sk | Elektronika | TV, audio, video | Hi-Fi komponenty | Sieťové prehrávače","2079.5","6939236146050","","","","","",""
"4603","Premiumstore.sk","Behringer EUROLIVE B112D aktívny PA reproduktorový systém","","BAS_BASYS-B112D","https://www.premiumstore.sk/behringer-eurolive-b112d-aktivny-pa-reproduktorovy-system/","Heureka.sk | Elektronika | TV, audio, video | Reproduktory, soundbary | Reprosústavy a reproduktory","225","","","","","","",""
"4603","Premiumstore.sk","Filtr CPL 58mm Telesin do iPhone 15 Pro/Pro Max","","070632","https://www.premiumstore.sk/filtr-cpl-58mm-telesin-do-iphone-15-pro-pro-max/","TV, audio a video | Foto a optika | Filtre | Pre smartfóny","13.9","6974944463198","","","","","",""
"4603","Premiumstore.sk","Kamera TP-Link Tapo C236 IP, 5MPx, WiFi, prisvetlenie, vonkajšie/vnútorné","","PEN_52932446","https://www.premiumstore.sk/kamera-tp-link-tapo-c236-ip--5mpx--wifi--prisvetlenie--vonkajsie-vnutorne/","Heureka.sk | Elektronika | Počítače a notebooky | Sieťové prvky | IP kamery","62","8885020629439","8885020629439","TP-Link Tapo C236","Elektronika | Počítače a notebooky | Sieťové prvky | IP kamery","47.2","91.7","ip-kamery.heureka.sk/tp-link-tapo-c236_3"
"4603","Premiumstore.sk","Monacor MRH-202 PA mid-high range horn","","MON_MRH-202","https://www.premiumstore.sk/monacor-mrh-202-pa-mid-high-range-horn/","Heureka.sk | Elektronika | TV, audio, video | Reproduktory, soundbary | Príslušenstvo k reproduktorom | Stojany a držiaky na reproduktory","45","4007754428728","","","","","",""
"4603","Premiumstore.sk","Súprava filtrov TELESIN CPL/ND8/ND16/ND32 pre DJI Action 3/4/5","","042422","https://www.premiumstore.sk/suprava-filtrov-telesin-cpl-nd8-nd16-nd32-pre-dji-action-3-4-5/","Heureka.sk | Elektronika | Foto, kamery, optika | Foto a kamery | Športové kamery","23.5","6974944460746","","","","","",""
"4603","Premiumstore.sk","Čítačka kariet AXAGON CRE-S3C , USB-C 3.2 Gen 1 - SUPERSPEED , 3-slot & lun SD/microSD/CF, podpora UHS-II","","PEN_28764421","https://www.premiumstore.sk/citacka-kariet-axagon-cre-s3c-usb-c-3-2-gen-1-superspeed-3-slot-lun-sd-microsd-cf--podpora-uhs-ii/","Heureka.sk | Kancelária a papiernictvo | Kancelárska technika a vybavenie prevádzok | Pokladničné systémy | Čítačky kariet","21.5","8595247906632","8595247906632","Axagon CRE-S3C","Elektronika | Počítače a notebooky | Príslušenstvo k počítačom | Čítačky pamäťových kariet","21.11","29.31","citacky-pamatovych-kariet.heureka.sk/axagon-cre-s3c"
"4603","Premiumstore.sk","CP PLUS CP-UNR-4K5162-FI Síťový videorekordér (NVR) s kompresí H.265 pro připojení šestnácti IP kamer s AI","","AT_CPP-CP-UNR-4K5162-FI","https://www.premiumstore.sk/cp-plus-cp-unr-4k5162-fi-sitovy-videorekorder--nvr--s-kompresi-h-265-pro-pripojeni-sestnacti-ip-kamer-s-ai/","Bezpečnosť a smart domácnosť | Kamerové systémy | IP sieťové videorekordéry (NVR) | 16 kanálů","677.5","4250593446150","","","","","",""
"4603","Premiumstore.sk","GMKtec K15 Core Ultra 5 125U 32 GB 1 TB Win 11 Pro Mini PC","","085480","https://www.premiumstore.sk/gmktec-k15-core-ultra-5-125u-32-gb-1-tb-win-11-pro-mini-pc/","TV, audio a video | Počítače a príslušenstvo | Mini PC","927.5","6972570964621","","","","","",""
"4603","Premiumstore.sk","Mikrofón Puluz SmartLink WS300 typu lavalier","","089649","https://www.premiumstore.sk/mikrofon-puluz-smartlink-ws300-typu-lavalier/","Heureka.sk | Elektronika | TV, audio, video | Mikrofóny","55","5905156107038","","","","","",""
"4603","Premiumstore.sk","Prenosná fototlačiareň Liene Amber M110 (4x6"") s 60 listami fotopapiera formátu 4x6""","","087645","https://www.premiumstore.sk/prenosna-fototlaciaren-liene-amber-m110--4x6-s-60-listami-fotopapiera-formatu-4x6/","Heureka.sk | Elektronika | Počítače a notebooky | Tlačiarne a príslušenstvo | Tlačiarne","146","6971398602258","","","","","",""
"4603","Premiumstore.sk","TC Electronic Iron Curtain Noise Gate guitar pedal","","BAS_BASYS-TC_000-CQ900","https://www.premiumstore.sk/tc-electronic-iron-curtain-noise-gate-guitar-pedal/","Profesionálna audio technika | Hudobné nástroje a príslušenstvo | Gitarové príslušenstvo","45","","","","","","",""
"4603","Premiumstore.sk","Bose Pro BOSE DesignMax DM6SE Vonkajší reproduktor na povrchovú montáž, biely","","BAS_BASYS-B_829682-0210","https://www.premiumstore.sk/bose-designmax-dm6se-vonkajsi-reproduktor-na-povrchovu-montaz--biely/","Profesionálna audio technika | Plošné ozvučenie (100V rozhlasové ozvučenie)","1080","","","","","","",""
"4603","Premiumstore.sk","DPM IWH960","","KB_100002200942","https://www.premiumstore.sk/n-oveen-ohrivac-vody-iwh960/","Heureka.sk | Dielňa, stavba, záhrada | Kúrenie a ohrev vody | Ohrev vody | Bojlery a ohrievače vody","76.5","5902221623424","5902221623424","DPM IWH960","Bývanie a doplnky | Sanita a vybavenie kúpeľní | Vodovodné batérie","49.3","69.1","vodovodne-baterie.heureka.sk/dpm-iwh960"
"4603","Premiumstore.sk","IMG Stage Line FLAT-M8BAG Transport and protective bag for FLAT-M8","","MON_FLAT-M8BAG","https://www.premiumstore.sk/img-stage-line-flat-m8bag-transport-and-protective-bag-for-flat-m8/","Profesionálna audio technika | Pódium, diskotéka, DJ | reproduktorové systémy | príslušenstvo","64.5","4007754415964","","","","","",""
"4603","Premiumstore.sk","Kovové ochranné puzdro s rukoväťou Puluz pre DJI Osmo Action 5 Pro / Action 4 / Action 3","","082636","https://www.premiumstore.sk/kovove-ochranne-puzdro-s-rukovatou-puluz-pre-dji-osmo-action-5-pro-action-4-action-3/","Heureka.sk | Elektronika | Foto, kamery, optika | Foto a kamery | Športové kamery","43.5","5905156101128","","","","","",""
"4603","Premiumstore.sk","Mini PC GEEKOM IT12 Max Core Ultra 5 125U 16 GB 500 GB Windows 11 Pro","","087559","https://www.premiumstore.sk/mini-pc-geekom-it12-max-core-ultra-5-125u-16-gb-500-gb-windows-11-pro/","TV, audio a video | Počítače a príslušenstvo | Mini PC","747.5","5905156104723","","","","","",""
"4603","Premiumstore.sk","PULUZ Magnetický kovový držiak pre DJI Osmo Nano (čierny)","","082316","https://www.premiumstore.sk/puluz-magneticky-kovovy-drziak-pre-dji-osmo-nano--cierny/","Heureka.sk | Elektronika | Foto, kamery, optika | Foto a kamery | Športové kamery","14.5","5905156101029","","","","","",""
"4603","Premiumstore.sk","Stôl s bežeckým pásom UREVO FoldiMix 5L (čierny)","","083460","https://www.premiumstore.sk/stol-s-bezeckym-pasom-urevo-foldimix-5l--cierny/","Heureka.sk | Šport a outdoor | Športy | Fitness | Trenažéry | Bežecké pásy","41.5","6978258900752","","","","","",""
"4603","Premiumstore.sk","Xtend Solarmi Kabelová střešní průchodka s MC4 konektory, černá - DOUBLE","","AT_ABT-A500009315","https://www.premiumstore.sk/kabelova-stresni-pruchodka-s-mc4-konektory--cerna-double/","Heureka.sk | Dielňa, stavba, záhrada | Stavba | Fotovoltaika | Fotovoltaické a solárne panely","14.5","8594199732825","","","","","",""
"4603","Premiumstore.sk","AnyCubic DLP Craftsman Resin (Beige)","","065345","https://www.premiumstore.sk/anycubic-dlp-craftsman-resin--beige/","Heureka.sk | Dielňa, stavba, záhrada | Stavba | Stavebný materiál | Stavebná chémia | Živice","18.9","6974662350909","","","","","",""
"4603","Premiumstore.sk","Cp Plus CP-URC-TC24PL3 2.4 Mpix venkovní kompaktní kamera 4v1 s IR přísvitem","","AT_CPP-CP-URC-TC24PL3","https://www.premiumstore.sk/cp-urc-tc24pl3-2-4-mpix-venkovni-kompaktni-kamera-4v1-s-ir-prisvitem/","Bezpečnosť a smart domácnosť | Kamerové systémy | KAMERY 4v1 | 2.0 Mpix. / 2.4 Mpix.","43.9","4250593449502","","","","","",""
"4603","Premiumstore.sk","IMG Stage Line DRIVE-08A Professional active DSP speaker system with 2-channel amplifier, 200 W","","MON_DRIVE-08A","https://www.premiumstore.sk/img-stage-line-drive-08a-professional-active-dsp-speaker-system-with-2-channel-amplifier--200-w/","Profesionálna audio technika | Pódium, diskotéka, DJ | reproduktorové systémy | aktívne","523","4007754276251","","","","","",""
"4603","Premiumstore.sk","MacMa AS110 Active Loudspeaker","","MON_AS110","https://www.premiumstore.sk/macma-as110-active-loudspeaker/","Profesionálna audio technika | Pódium, diskotéka, DJ | reproduktorové systémy | aktívne","307","3700752716507","","","","","",""
"4603","Premiumstore.sk","OEM Satelitný držiak balkonový 1000mm","","AT_SBP38","https://www.premiumstore.sk/nastavec-na-stozar-1-0-m-38-mm-zar-svisle-i-vodorovne-uchyceni/","Heureka.sk | Elektronika | TV, audio, video | Príslušenstvo k TV, audio-video | Príslušenstvo k TV | Antény | Satelitné antény","19.9","5907813655074","5907813655074","OEM Satelitný držiak balkonový 1000mm","Elektronika | TV, audio, video | Projekčná technika | Príslušenstvo k projektorom | Držiaky k projektorom","25.52","25.52","drziaky-k-projektorom.heureka.sk/oem-satelitny-drziak-balkonovy-1000mm_4"
"4603","Premiumstore.sk","Stojanček FIXED Frame Headphones na stôl pre náhlavné slúchadlá, hliníkový strieborný","","PEN_7380162","https://www.premiumstore.sk/stojancek-fixed-frame-headphones-na-stol-pre-nahlavne-sluchadla--hlinikovy-strieborny/","Heureka.sk | Elektronika | TV, audio, video | Slúchadlá","10.5","8591680132850","8591680132850","Fixed Frame Headphones FIXFR-HP-SL","Elektronika | TV, audio, video | Príslušenstvo k TV, audio-video | Audio príslušenstvo | Príslušenstvo k slúchadlám | Stojany na slúchadlá","8.86","14.9","stojany-sluchadla.heureka.sk/fixed-frame-headphones-fixfr-hp-sl"
"4603","Premiumstore.sk","Waterproof housing diving case PULUZ for DJI Osmo Pocket 3 (45 m)","","067465","https://www.premiumstore.sk/waterproof-housing-diving-case-puluz-for-dji-osmo-pocket-3--45-m/","Heureka.sk | Elektronika | Foto, kamery, optika | Foto a kamery | Športové kamery","22.5","5906168437021","","","","","",""
"4603","Premiumstore.sk","Behringer Eurolive B115MP3 1000W 15"" powered speaker","","BAS_BASYS-B115MP3","https://www.premiumstore.sk/behringer-eurolive-b115mp3-1000w-15--powered-speaker/","Heureka.sk | Elektronika | TV, audio, video | Reproduktory, soundbary | Reprosústavy a reproduktory","399","","","","","","",""
"4603","Premiumstore.sk","Diaľkový spúšť GODOX X3Pro TTL pre fotoaparáty Fuji","","091028","https://www.premiumstore.sk/dialkovy-spust-godox-x3pro-ttl-pre-fotoaparaty-fuji/","Heureka.sk | Elektronika | Foto, kamery, optika | Príslušenstvo k fotoaparátom | Blesky a príslušenstvo | Blesky k fotoaparátom","82.5","6952344244302","","","","","",""
"4603","Premiumstore.sk","Hliníkový držiak na riadidlá Puluz s možnosťou otáčania o 360 stupňov pre akčné kamery (čierny)","","089603","https://www.premiumstore.sk/hlinikovy-drziak-na-riadidla-puluz-s-moznostou-otacania-o-360-stupnov-pre-akcne-kamery--cierny/","Heureka.sk | Elektronika | Foto, kamery, optika | Príslušenstvo k fotoaparátom | Statívy a príslušenstvo | Statívy","20.9","5905156106314","","","","","",""
"4603","Premiumstore.sk","Mini PC GEEKOM A9MAX AMD AI 9 HX 370 32GB 1TB + Win 11 Pro","","083636","https://www.premiumstore.sk/mini-pc-geekom-a9max-amd-ai-9-hx-370-32gb-1tb-win-11-pro/","TV, audio a video | Počítače a príslušenstvo | Mini PC","1446.9","5905156101906","","","","","",""
"4603","Premiumstore.sk","Monacor ST-955GM Reproduktorový terminál","","MON_ST-955GM","https://www.premiumstore.sk/monacor-st-955gm-reproduktorovy-terminal/","Heureka.sk | Elektronika | TV, audio, video | Reproduktory, soundbary | Príslušenstvo k reproduktorom | Stojany a držiaky na reproduktory","12","4007754064209","","","","","",""
"4603","Premiumstore.sk","Počítačová skriňa Darkflash DS900WD ATX (biela) + 4 ventilátory","","079088","https://www.premiumstore.sk/pocitacova-skrina-darkflash-ds900wd-atx--biela--4-ventilatory/","Heureka.sk | Elektronika | Počítače a notebooky | Počítačové komponenty | PC skrine","60.5","4711527004629","","","","","",""
"4603","Premiumstore.sk","Stojan na mikrofón Fifine BM88 (ružový)","","087801","https://www.premiumstore.sk/stojan-na-mikrofon-fifine-bm88--ruzovy/","Heureka.sk | Elektronika | TV, audio, video | Reproduktory, soundbary | Príslušenstvo k reproduktorom | Stojany a držiaky na reproduktory","42.9","5410464334248","5410464334248","FIFINE BM88","Elektronika | Počítače a notebooky | Príslušenstvo k počítačom | Počítačové mikrofóny","42.9","59.4","pocitacove-mikrofony.heureka.sk/fifine-bm88_2"
"4603","Premiumstore.sk","Bose Pro BOSE DesignMax DM10S-Sub inštalačný subwoofer, biely","","BAS_BASYS-B_831856-0210","https://www.premiumstore.sk/bose-designmax-dm10s-sub-instalacny-subwoofer--biely/","Profesionálna audio technika | Plošné ozvučenie (100V rozhlasové ozvučenie)","750","","","","","","",""
"4603","Premiumstore.sk","Cp Plus CP-UNC-VC41L5C-VMD-LQ CP-UNC-VC41L5C-VMD-LQ 4.0 Mpix venkovní dome IP kamera s duálním přísvitem,","","AT_CPP-CP-UNC-VC41L5C-VMD-LQ","https://www.premiumstore.sk/cp-unc-vc41l5c-vmd-lq-cp-unc-vc41l5c-vmd-lq--4-0-mpix-venkovni-dome-ip-kamera-s-dualnim-prisvitem-/","Heureka.sk | Elektronika | Počítače a notebooky | Sieťové prvky | IP kamery","216.5","4250593449410","","","","","",""
"4603","Premiumstore.sk","JTS R-2 R-2, miniatúrny bezdrôtový prijímač","","MON_R-2","https://www.premiumstore.sk/jts-r-2-r-2--miniaturny-bezdrotovy-prijimac/","Profesionálna audio technika | JTS | Mikrofóny a bezdrôtové systémy | Bezdrôtové systémy","114.9","8588008802335","","","","","",""
"4603","Premiumstore.sk","Mini PC GEEKOM A8 s procesorom Ryzen 7 8745HS, 16 GB RAM, 1 TB SSD + Windows 11 Pro","","086810","https://www.premiumstore.sk/mini-pc-geekom-a8-s-procesorom-ryzen-7-8745hs--16-gb-ram--1-tb-ssd-windows-11-pro/","TV, audio a video | Počítače a príslušenstvo | Mini PC","723.9","5905156104259","","","","","",""
"4603","Premiumstore.sk","Posúvač pre fotoaparát NEEWER CS1M z uhlíkových vlákien (40 cm)","","083756","https://www.premiumstore.sk/posuvac-pre-fotoaparat-neewer-cs1m-z-uhlikovych-vlakien--40-cm/","Heureka.sk | Elektronika | Foto, kamery, optika | Príslušenstvo k fotoaparátom | Blesky a príslušenstvo | Blesky k fotoaparátom","57.5","6921268812577","","","","","",""
"4603","Premiumstore.sk","TANNOY SAT 3-WH Reproduktor","","BAS_BASYS-TA_000-E0Z00","https://www.premiumstore.sk/tannoy-sat-3-wh-reproduktor/","Profesionálna audio technika | Plošné ozvučenie (100V rozhlasové ozvučenie)","129","","","","","","",""
"4603","Premiumstore.sk","CP PLUS CP-UNC-TA41L6C-D-Q 4.0 Mpix venkovní IP kamera s IR, WDR a mikrofonem","","AT_CPP-CP-UNC-TA41L6C-D-Q","https://www.premiumstore.sk/cp-plus-cp-unc-ta41l6c-d-q-4-0-mpix-venkovni-ip-kamera-s-ir--wdr-a-mikrofonem/","Heureka.sk | Elektronika | Počítače a notebooky | Sieťové prvky | IP kamery","153.5","4250593449342","","","","","",""
"4603","Premiumstore.sk","Elokance EPRO12ACOVER Accessories (Cases, Stands)","","MON_EPRO12ACOVER","https://www.premiumstore.sk/elokance-epro12acover-accessories--cases--stands/","Profesionálna audio technika | Pódium, diskotéka, DJ | reproduktorové systémy | príslušenstvo","61","3700752710161","","","","","",""
"4603","Premiumstore.sk","MHPower napájecí adaptér 24V 1,6A 36W s 3 pinovým napájecím kabelem","","AT_ABT-5290172","https://www.premiumstore.sk/mhpower-napajeci-adapter-24v-1-6a-36w-s-3-pinovym-napajecim-kabelem/","Bezpečnosť a smart domácnosť | Kamerové systémy | PRÍSLUŠENSTVO | Napájacie zdroje","13.5","8594199730999","","","","","",""
"4603","Premiumstore.sk","ORG SUB/WS Spottune SUB wireless subwoofer, white","","MON_SUB_WS","https://www.premiumstore.sk/org-sub-ws-spottune-sub-wireless-subwoofer--white/","Profesionálna audio technika | Plošné ozvučenie (100V rozhlasové ozvučenie) | Bezdrôtové ozvučenie","1292","5745000259014","","","","","",""
"4603","Premiumstore.sk","Solight LED vianočná girlanda, cencúle, 200 LED, 10m, IP44, studené biele svetlo","","SOL_1V402-CW","https://www.premiumstore.sk/solight-led-vianocna-girlanda--cencule--200-led--10m--ip44--studene-biele-svetlo/","Heureka.sk | Bývanie a doplnky | Bytové dekorácie | Sviatočné dekorácie | Vianoce | Vianočné osvetlenie","14","","","","","","",""
"4603","Premiumstore.sk","Vodotesné puzdro PULUZ pre GoPro HERO13 Black / 12 Black / 11 Black / 10 Black / 9 Black","","089618","https://www.premiumstore.sk/vodotesne-puzdro-puluz-pre-gopro-hero13-black-12-black-11-black-10-black-9-black/","Heureka.sk | Elektronika | Foto, kamery, optika | Foto a kamery | Športové kamery","15","5905156106802","","","","","",""
"4603","Premiumstore.sk","CP PLUS CP-LNR-4K3162-P16 Síťový videorekordér (NVR) s kompresí H.265 a PoE pro připojení šestnácti","","AT_CPP-CP-LNR-4K3162-P16","https://www.premiumstore.sk/cp-plus-cp-lnr-4k3162-p16-sitovy-videorekorder--nvr--s-kompresi-h-265-a-poe-pro-pripojeni-sestnacti/","Bezpečnosť a smart domácnosť | Kamerové systémy | IP sieťové videorekordéry (NVR) | 16 kanálů","743.9","4250593450348","","","","","",""
"4603","Premiumstore.sk","Fixed sklo Honor Pad X9a FIXGT-1594-TR","","KB_100002140999","https://www.premiumstore.sk/fixed-sklo-honor-pad-x9a-fixgt-1594-tr/","Heureka.sk | Elektronika | Mobily, tablety, nositeľná elektronika | Príslušenstvo k mobilom | Puzdrá, sklá, fólie | Tvrdené sklá na mobilné telefóny","16.9","8591680185412","","","","","",""
"4603","Premiumstore.sk","MacMa LAMP20WW Led Lamp","","MON_LAMP20WW","https://www.premiumstore.sk/macma-lamp20ww-led-lamp/","Heureka.sk | Bývanie a doplnky | Osvetlenie a svietidlá | Príslušenstvo k svietidlám | Žiarovky","28.5","3700752714671","","","","","",""
"4603","Premiumstore.sk","Monacor SP-250P Basový reproduktor, 100 W, 8 Ω","","MON_SP-250P","https://www.premiumstore.sk/monacor-sp-250p-basovy-reproduktor--100-w--8-/","Profesionálna audio technika | Reproduktory | basové/subwoofery","101","4007754024494","","","","","",""
"4603","Premiumstore.sk","Solight LED nabíjacia kempingová lampa, 400lm, Li-Ion, teplá biela","","SOL_WN56","https://www.premiumstore.sk/solight-led-nabijacia-kempingova-lampa--400lm--li-ion--tepla-biela/","Heureka.sk | Bývanie a doplnky | Osvetlenie a svietidlá | Svietidlá","11.9","8592718049454","","","","","",""
"4603","Premiumstore.sk","Cp Plus AI-VRS19-2U-130B Uzamykatelná skříňka na zeď pro DVR / NVR rekordéry","","AT_CPP-AI-VRS19-2U-130B","https://www.premiumstore.sk/ai-vrs19-2u-130b-uzamykatelna-skrinka-na-zed-pro-dvr-nvr-rekordery/","Bezpečnosť a smart domácnosť | Kamerové systémy | PRÍSLUŠENSTVO | Montážne skrine a racky","105.5","745178459204","","","","","",""
"4603","Premiumstore.sk","IMG Stage Line LR-1000U U-konzola","","MON_LR-1000U","https://www.premiumstore.sk/img-stage-line-lr-1000u-u-konzola/","Profesionálna audio technika | Pódium, diskotéka, DJ | reproduktorové systémy | príslušenstvo","169","4007754233728","","","","","",""
"4603","Premiumstore.sk","Kruger & Matz KM2025","","AT_LEC-KM2025","https://www.premiumstore.sk/kruger-matz-hl-cp03-bezdratovy-adapter-carplay-android-auto/","Heureka.sk | Elektronika | TV, audio, video | Prenosné audio | Rádioprijímače","23.5","5901890124201","5901890124201","Kruger & Matz KM2025","Auto-moto | Všetko pre autá | Elektronika do auta | Autorádiá","22.39","25.5","autoradia.heureka.sk/kruger-matz-km2025"
"4603","Premiumstore.sk","Monacor EDL-606 PA stropné reproduktory","","MON_EDL-606","https://www.premiumstore.sk/monacor-edl-606-pa-stropne-reproduktory/","Heureka.sk | Elektronika | TV, audio, video | Reproduktory, soundbary | Reprosústavy a reproduktory","42.5","4007754181708","","","","","",""
"4603","Premiumstore.sk","Príslušenstvo BOYA BY-B01 protivětrný kryt 70x62mm","","PEN_5494117","https://www.premiumstore.sk/prislusenstvo-boya-by-b01-protivetrny-kryt-70x62mm/","Heureka.sk | Elektronika | TV, audio, video | Mikrofóny","50","4897040883726","","","","","",""
"4603","Premiumstore.sk","Trina Solar 2,73 kWp Sada solárních panelů pro ohřev vody OPTIMAL (6× Trina 455Wp, Dual Glass)","","AT_SADA2_73KWPTRINA","https://www.premiumstore.sk/2-73-kwp-sada-solarnich-panelu-pro-ohrev-vody-optimal--6-trina-455wp--dual-glass/","Heureka.sk | Dielňa, stavba, záhrada | Stavba | Fotovoltaika | Fotovoltaické a solárne panely","600.9","","","","","","",""
"4603","Premiumstore.sk","Bose Pro BOSE FreeSpace 3 Acoustimass Bass Module nástenný inštalačný subwoofer, čierny","","BAS_BASYS-B_040146","https://www.premiumstore.sk/bose-freespace-3-acoustimass-bass-module-nastenny-instalacny-subwoofer--cierny/","Heureka.sk | Elektronika | TV, audio, video | Reproduktory, soundbary | Reprosústavy a reproduktory","720","","","","","","",""
"4603","Premiumstore.sk","HPA WS650BK 100V Public Address Speaker","","MON_WS650BK","https://www.premiumstore.sk/hpa-ws650bk-100v-public-address-speaker/","Profesionálna audio technika | Plošné ozvučenie (100V rozhlasové ozvučenie) | Reproduktory | nástenné","184","3700752716019","","","","","",""
"4603","Premiumstore.sk","MacMa ASPRO15 Active Loudspeaker","","MON_ASPRO15","https://www.premiumstore.sk/macma-aspro15-active-loudspeaker/","Profesionálna audio technika | Pódium, diskotéka, DJ | reproduktorové systémy | aktívne","563","3700752718037","","","","","",""
"4603","Premiumstore.sk","Osłona tunelowa WAYDOO EVO","","087033","https://www.premiumstore.sk/oslona-tunelowa-waydoo-evo/","Heureka.sk | Šport a outdoor | Športy | Vodné športy | Potápačské vybavenie | Podvodné skútre","188","5905156104631","","","","","",""
"4603","Premiumstore.sk","Telesin DJI Osmo 360 kovová klietka","","080682","https://www.premiumstore.sk/telesin-dji-osmo-360-kovova-klietka/","Heureka.sk | Elektronika | Foto, kamery, optika | Foto a kamery | Športové kamery","21.5","6974944466175","","","","","",""
"4603","Premiumstore.sk","Baterka Superfire DL01","","092915","https://www.premiumstore.sk/baterka-superfire-dl01/","Heureka.sk | Bývanie a doplnky | Osvetlenie a svietidlá | Svietidlá","17.5","6977502515476","","","","","",""
"4603","Premiumstore.sk","Cp Plus CP-USC-DA50ZL6C-DS-2712 5.0 Mpix venkovní dome kamera 4v1 s IR, Starlight a mikrofonem","","AT_CPP-CP-USC-DA50ZL6C-DS-2712","https://www.premiumstore.sk/cp-usc-da50zl6c-ds-2712-5-0-mpix-venkovni-dome-kamera-4v1-s-ir--starlight-a-mikrofonem/","Bezpečnosť a smart domácnosť | Kamerové systémy | KAMERY 4v1 | 5.0 Mpix.","185","4250593431804","","","","","",""
"4603","Premiumstore.sk","KMP C136 (Canon PG 560XL)","","KB_100001790235","https://www.premiumstore.sk/kmp-c136--canon-pg-560xl/","Heureka.sk | Elektronika | Počítače a notebooky | Tlačiarne a príslušenstvo | Náplne a farby do tlačiarní | Atramenty a refillkity","18","4011324373493","","","","","",""
"4603","Premiumstore.sk","Monacor LSIP-68/1 Vzduchová cievka, 0.68 mH, Ø 1.0 mm","","MON_LSIP-68_1","https://www.premiumstore.sk/monacor-lsip-68-1-vzduchova-cievka--0-68-mh---1-0-mm/","Heureka.sk | Elektronika | TV, audio, video | Reproduktory, soundbary | Príslušenstvo k reproduktorom | Stojany a držiaky na reproduktory","11.5","4007754059991","","","","","",""
"4603","Premiumstore.sk","Solight LED COB opasok, 5m, 7W/m, 500lm/m, teplá biela, USB napájanie, vypínač, 8mm","","SOL_WM62-WW","https://www.premiumstore.sk/solight-led-cob-opasok--5m--7w-m--500lm-m--tepla-biela--usb-napajanie--vypinac--8mm/","Heureka.sk | Bývanie a doplnky | Osvetlenie a svietidlá | Dekoratívne osvetlenie | LED pásiky","11.5","8592718047610","","","","","",""
"4603","Premiumstore.sk","Cabelcon 98029070","","AT_CABCX3-59_6","https://www.premiumstore.sk/kleste-kompresni-cabelcon-cx3-59-6-f-iec/","Heureka.sk | Elektronika | TV, audio, video | Príslušenstvo k TV, audio-video | Príslušenstvo k TV | Antény | Satelitné antény","29.5","5707957063496","","","","","",""
"4603","Premiumstore.sk","EVEN REALITIES G2B slnečná clona s puzdrom (sivá)","","093235","https://www.premiumstore.sk/even-realities-g2b-slnecna-clona-s-puzdrom--siva/","Heureka.sk | Elektronika | TV, audio, video | Príslušenstvo k TV, audio-video | Príslušenstvo k TV | 3D okuliare","100","6977390120493","","","","","",""
"4603","Premiumstore.sk","JTS UC-900 4-cestný anténny zlučovač","","MON_UC-900","https://www.premiumstore.sk/jts-uc-900-4-cestny-antenny-zlucovac/","Profesionálna audio technika | JTS | Mikrofóny a bezdrôtové systémy | Príslušenstvo","532","4007754244281","","","","","",""
"4603","Premiumstore.sk","Latarka Superfire L22","","072342","https://www.premiumstore.sk/latarka-superfire-l22/","Heureka.sk | Bývanie a doplnky | Osvetlenie a svietidlá | Svietidlá","27.5","6977502512192","6977502512192","Superfire L22","Šport a outdoor | Outdoorové vybavenie | Čelovky a svietidlá | Svetlá a baterky","28.71","34.9","svietidla-outdoor.heureka.sk/superfire-l22"
"4603","Premiumstore.sk","Monacor BP-260G Dvojica reproduktorových pólových svoriek","","MON_BP-260G","https://www.premiumstore.sk/monacor-bp-260g-dvojica-reproduktorovych-polovych-svoriek/","Heureka.sk | Elektronika | TV, audio, video | Reproduktory, soundbary | Príslušenstvo k reproduktorom | Stojany a držiaky na reproduktory","12","4007754064049","","","","","",""
"4603","Premiumstore.sk","SOLIGHT DA42","","SOL_DA42","https://www.premiumstore.sk/solight-nabijacka-do-auta-usb-c--65w--pd-fast-charger/","Fotovoltaika a energie | Napájacie zdroje | Nabíjačky notebookov","10.9","8592718039943","8592718039943","SOLIGHT DA42","Elektronika | Mobily, tablety, nositeľná elektronika | Príslušenstvo k mobilom | Batérie a nabíjačky pre mobily | Nabíjačky pre mobilné telefóny","11.49","13.9","nabijacky-pre-mobilne-telefony.heureka.sk/solight-da42"
"4603","Premiumstore.sk","TANNOY CVS 801S LZ Subwoofer","","BAS_BASYS-TA_000-DUT00","https://www.premiumstore.sk/tannoy-cvs-801s-lz-subwoofer/","Profesionálna audio technika | Plošné ozvučenie (100V rozhlasové ozvučenie)","379","","","","","","",""
"4603","Premiumstore.sk","Console Konzola T-sat 15 cm mini","","AT_V07215","https://www.premiumstore.sk/konzola-t-sat-15-cm-mini/","Heureka.sk | Elektronika | TV, audio, video | Príslušenstvo k TV, audio-video | Príslušenstvo k TV | Antény | Satelitné antény","11","8595225211505","","","","","",""
"4603","Premiumstore.sk","Filtry pre cyklónový odlučovač prachu MAKERA","","085507","https://www.premiumstore.sk/filtry-pre-cyklonovy-odlucovac-prachu-makera/","Kreatívne technológie | CNC stroje","55.9","6977641142717","","","","","",""
"4603","Premiumstore.sk","Laserový senzor pohybu F&F DRL-12-1 mini 12V DC bílý","","AT_FIR-1622136","https://www.premiumstore.sk/laserovy-senzor-pohybu-f-f-drl-12-1-mini-12v-dc-bily/","Bezpečnosť a smart domácnosť | Zabezpečenie | Laserové senzory pohybu","96.9","5902431674414","","","","","",""
"4603","Premiumstore.sk","Nabíječka LiFePO4 MHPower MHP-YZ300 14,6V 20A","","AT_ATO-A500007900","https://www.premiumstore.sk/nabijecka-lifepo4-mhpower-mhp-yz300-14-6v-20a/","Heureka.sk | Auto-moto | Všetko pre autá | Autodoplnky | Povinná a odporúčaná výbava | Nabíjačky a štartovacie boxy","89.5","8594199732207","","","","","",""
"4603","Premiumstore.sk","Sonoff S60ZBTPF","","083572","https://www.premiumstore.sk/sonoff-s60zbtpf-inteligentna-zasuvka-zigbee--4ks/","Heureka.sk | Dielňa, stavba, záhrada | Stavba | Elektromateriály | Elektroinštalačný materiál | Zásuvky, vypínače, termostaty | Zásuvky","50.5","6920075743906","6920075743906","Sonoff S60ZBTPF","Elektronika | Inteligentná domácnosť | Zásuvky pre inteligentnú domácnosť","13.58","59.9","zasuvky-pre-inteligentnu-domacnost.heureka.sk/sonoff-s60zbtpf_3"
"4603","Premiumstore.sk","Torras SlimFit Mag Series Iphone 15 Black","","074846","https://www.premiumstore.sk/torras-slimfit-mag-series-iphone-15-black/","Heureka.sk | Elektronika | TV, audio, video | Príslušenstvo k TV, audio-video | Audio príslušenstvo | Príslušenstvo pre gramofóny | Puzdrá a obaly pre gramofóny","17.9","6938075691134","","","","","",""
"4603","Premiumstore.sk","3D optický skener Revopoint Trackit SR CMM","","091709","https://www.premiumstore.sk/3d-opticky-skener-revopoint-trackit-sr-cmm/","Heureka.sk | Elektronika | Počítače a notebooky | Tlačiarne a príslušenstvo | 3D skenery","4536.5","6975577882141","","","","","",""
"4603","Premiumstore.sk","Bose Pro BOSE DesignMax DM6PE závesné inštalačné reproduktory, biele","","BAS_BASYS-B_841168-0210","https://www.premiumstore.sk/bose-designmax-dm6pe-zavesne-instalacne-reproduktory--biele/","Profesionálna audio technika | Plošné ozvučenie (100V rozhlasové ozvučenie)","960","","","","","","",""
"4603","Premiumstore.sk","Dálkový ovladač univerzální ORNO OR-NBR-AV-4258 by avidsen / EXTEL","","AT_ATO-OR-NBR-AV-4258","https://www.premiumstore.sk/dalkovy-ovladac-univerzalni-orno-or-nbr-av-4258-by-avidsen-extel/","Heureka.sk | Elektronika | TV, audio, video | Príslušenstvo k TV, audio-video | Príslušenstvo k TV | Diaľkové ovládače","17.5","5908254848445","","","","","",""
"4603","Premiumstore.sk","Inteligentný termostatický radiátorový ventil Avatto TRV16 Zigbee Tuya","","053975","https://www.premiumstore.sk/inteligentny-termostaticky-radiatorovy-ventil-avatto-trv16-zigbee-tuya/","Bezpečnosť a smart domácnosť | Prvky výkonu | Smart kúrenie | Termostatické hlavice","28.9","6976037360926","6976037360926","Avatto TRV16","Dielňa, stavba, záhrada | Kúrenie a ohrev vody | Kúrenie | Radiátory a príslušenstvo | Hlavice pre radiátory","30.21","42.17","hlavice-radiatory.heureka.sk/avatto-trv16"
"4603","Premiumstore.sk","Monacor ARM-880RC PA zónový pagingový mikrofón","","MON_ARM-880RC","https://www.premiumstore.sk/monacor-arm-880rc-pa-zonovy-pagingovy-mikrofon/","Profesionálna audio technika | Plošné ozvučenie (100V rozhlasové ozvučenie) | Matrix/mixy audio","399","4007754231694","","","","","",""
"4603","Premiumstore.sk","Nintendo NS2 Super Mario Party Jam+Jam.TV","","KB_100002136651","https://www.premiumstore.sk/ns2-super-mario-party-jam-jam-tv/","Heureka.sk | Gaming | Hry na PC a konzoly | Hry na Nintendo | Hry na Nintendo DS","77.9","","","","","","",""
"4603","Premiumstore.sk","Súprava prenosnej fototlačiarne Liene Pearl N200 Pro 2x3"" (zlatá)","","087642","https://www.premiumstore.sk/suprava-prenosnej-fototlaciarne-liene-pearl-n200-pro-2x3-zlata/","Heureka.sk | Elektronika | Počítače a notebooky | Tlačiarne a príslušenstvo | Tlačiarne","102","6971398602630","","","","","",""
"4603","Premiumstore.sk","Zdroj záložní KEMOT PROsinus 800 URZ3405 500W 12V --BÍLÝ-- + AKU 40Ah","","AT_VB-URZ3405","https://www.premiumstore.sk/zdroj-zalozni-kemot-prosinus--800-urz3405--500w-12v--bily--aku-40ah/","Heureka.sk | Elektronika | Počítače a notebooky | Záložné zdroje | UPS","173.5","","","","","","",""
"4603","Premiumstore.sk","Cp Plus CP-LNC-D81L3C-MD 8.0 Mpix venkovní dome IP kamera s IR přísvitem, kompresí H.265, WDR a mikrofonem","","AT_CPP-CP-LNC-D81L3C-MD","https://www.premiumstore.sk/cp-lnc-d81l3c-md-8-0-mpix-venkovni-dome-ip-kamera-s-ir-prisvitem--kompresi-h-265--wdr-a-mikrofonem/","Heureka.sk | Elektronika | Počítače a notebooky | Sieťové prvky | IP kamery","209","4250593446990","","","","","",""
"4603","Premiumstore.sk","HP C8773EE - originálny","","KB_410210065387","https://www.premiumstore.sk/hp-c8773ee-c-363-zluta/","Heureka.sk | Elektronika | Počítače a notebooky | Tlačiarne a príslušenstvo | Náplne a farby do tlačiarní | Atramenty a refillkity","15.9","829160798424","829160798424","HP C8773EE - originálny","Elektronika | Počítače a notebooky | Tlačiarne a príslušenstvo | Náplne a farby do tlačiarní | Náplne a tonery - originálne","1.17","16.04","naplne-a-tonery.heureka.sk/hp-c8773ee-originalny"
"4603","Premiumstore.sk","Mini PC MINIS FORUM MS-02U-235HX Intel Core Ultra 5 235HX – základná zostava","","088365","https://www.premiumstore.sk/mini-pc-minis-forum-ms-02u-235hx-intel-core-ultra-5-235hx---zakladna-zostava/","TV, audio a video | Počítače a príslušenstvo | Mini PC","747.5","4897118836968","","","","","",""
"4603","Premiumstore.sk","ORG TS-C20-500/T PA stĺpové reproduktory odolné voči počasiu, s certifikáton EN54-24.","","MON_TS-C20-500_T","https://www.premiumstore.sk/org-ts-c20-500-t-pa-stlpove-reproduktory-odolne-voci-pocasiu--s-certifikaton-en54-24-/","Heureka.sk | Elektronika | TV, audio, video | Reproduktory, soundbary | Reprosústavy a reproduktory","212","4260590180490","","","","","",""
"4603","Premiumstore.sk","Solight rozbočovač 3x 16A, USB A+C rychlonabíjačka 20W PD, čierny","","SOL_P112B-PD20","https://www.premiumstore.sk/solight-rozbocovac-3x-16a--usb-a-c-rychlonabijacka-20w-pd--cierny/","Heureka.sk | Dielňa, stavba, záhrada | Stavba | Elektromateriály | Elektroinštalačný materiál | Zásuvky, vypínače, termostaty | Zásuvky","10.5","8592718046699","","","","","",""
"4603","Premiumstore.sk","Anténní rozbočovač Toner XGVS-12D31 - 12x F - (5 -1200MHz), útlum 13dB","","AT_SPR-35012D31","https://www.premiumstore.sk/antenni-rozbocovac-toner-xgvs-12d31-12x-f-5-1200mhz-utlum-13db/","Heureka.sk | Elektronika | TV, audio, video | Príslušenstvo k TV, audio-video | Príslušenstvo k TV | Antény | Televízne antény DVB-T a DVB-T2","32.9","","","","","","",""
"4603","Premiumstore.sk","Cp Plus CP-UNC-TA41PL3C-0360 4.0 Mpix venkovní IP kamera s IR a mikrofonem","","AT_CPP-CP-UNC-TA41PL3C-0360","https://www.premiumstore.sk/cp-unc-ta41pl3c-0360-4-0-mpix-venkovni-ip-kamera-s-ir-a-mikrofonem/","Heureka.sk | Elektronika | Počítače a notebooky | Sieťové prvky | IP kamery","114.9","4250593440868","","","","","",""
"4603","Premiumstore.sk","Hliníkový držiak Sunnylife pre Insta360 X5/X4","","081515","https://www.premiumstore.sk/hlinikovy-drziak-sunnylife-pre-insta360-x5-x4/","Heureka.sk | Elektronika | Foto, kamery, optika | Foto a kamery | Športové kamery","16","5905156100718","","","","","",""
"4603","Premiumstore.sk","MOVA prahová rampa pre modely V50U/Mobius60","","088333","https://www.premiumstore.sk/mova-prahova-rampa-pre-modely-v50u-mobius60/","Heureka.sk | Domáce a osobné spotrebiče | Spotrebiče na upratovanie | Vysávače","22","6977728945286","","","","","",""
"4603","Premiumstore.sk","Neewer LS-18 18-20mm DSR SONY ZV1 10100457","","070460","https://www.premiumstore.sk/neewer-wide-angle-lens-for-sony-zv1--black/","Heureka.sk | Elektronika | Foto, kamery, optika | Príslušenstvo k fotoaparátom | Blesky a príslušenstvo | Blesky k fotoaparátom","63.5","6976831830458","6976831830458","Neewer LS-18 18-20mm DSR SONY ZV1 10100457","Elektronika | Foto, kamery, optika | Príslušenstvo k fotoaparátom | Objektívy a doplnky | Objektívy","69.54","124.95","objektivy.heureka.sk/neewer-ls-18-18-20mm-dsr-sony-zv1-10100457"
"4603","Premiumstore.sk","Stativ Puluz Mini Octopus","","089628","https://www.premiumstore.sk/stativ-puluz-mini-octopus/","Heureka.sk | Elektronika | Foto, kamery, optika | Príslušenstvo k fotoaparátom | Statívy a príslušenstvo | Statívy","10.5","5905156106437","","","","","",""
"4603","Premiumstore.sk","Válcová kefa MOVA","","088337","https://www.premiumstore.sk/valcova-kefa-mova/","Heureka.sk | Domáce a osobné spotrebiče | Spotrebiče na upratovanie | Vysávače","13.5","6977728942537","","","","","",""
"4603","Premiumstore.sk","Aróma difuzér Albi sonický Deluxe - Kvietky","","PEN_7822039","https://www.premiumstore.sk/aroma-difuzer-albi-sonicky-deluxe-kvietky/","Heureka.sk | Bývanie a doplnky | Bytové dekorácie | Vône do bytu a sviečky | Aróma difuzéry","25.5","8590228092601","8590228092601","Albi Aróma difuzér sonický Deluxe Kytičky","Bývanie a doplnky | Bytové dekorácie | Vône do bytu a sviečky | Aróma difuzéry","25.3","29.99","aroma-difuzery.heureka.sk/albi-aroma-difuzer-sonicky-deluxe-kyticky"
"4603","Premiumstore.sk","Cp Plus CP-VNC-T51R5C-MD 5.0 Mpix venkovní IP kamera s IR, WDR a mikrofonem","","AT_CPP-CP-VNC-T51R5C-MD","https://www.premiumstore.sk/cp-vnc-t51r5c-md-5-0-mpix-venkovni-ip-kamera-s-ir--wdr-a-mikrofonem/","Heureka.sk | Elektronika | Počítače a notebooky | Sieťové prvky | IP kamery","204.5","4250593443876","","","","","",""
"4603","Premiumstore.sk","Helvia LIVEO-420PWH 4"" Waterproof 2-way Passive Wall-Mount Speaker Pair, White","","MON_LIVEO-420PWH","https://www.premiumstore.sk/helvia-liveo-420pwh-4--waterproof-2-way-passive-wall-mount-speaker-pair--white/","Profesionálna audio technika | Plošné ozvučenie (100V rozhlasové ozvučenie) | Reproduktory | nástenné","150","8051706390249","","","","","",""
"4603","Premiumstore.sk","MikroTik OEM napájecí adaptér 24V, 2A, 48W s napájecím kabelem","","AT_ABT-A500000857","https://www.premiumstore.sk/mikrotik-oem-napajeci-adapter-24v--2a--48w-s-napajecim-kabelem/","Bezpečnosť a smart domácnosť | Kamerové systémy | PRÍSLUŠENSTVO | Napájacie zdroje","11.5","","","","","","",""
"4603","Premiumstore.sk","Monacor SPH-75/8 Miniatúrny hi-fi stredobasový reproduktor, 15 W, 8 Ω","","MON_SPH-75_8","https://www.premiumstore.sk/monacor-sph-75-8-miniaturny-hi-fi-stredobasovy-reproduktor--15-w--8-/","Heureka.sk | Elektronika | TV, audio, video | Reproduktory, soundbary | Reprosústavy a reproduktory","25.5","4007754094121","","","","","",""
"4603","Premiumstore.sk","Plugg PODCASTARM Table Microphone Stand","","MON_PODCASTARM","https://www.premiumstore.sk/plugg-podcastarm-table-microphone-stand/","Heureka.sk | Elektronika | TV, audio, video | Mikrofóny","16.5","3700752714398","","","","","",""
"4603","Premiumstore.sk","Spúšť blesku GODOX X2T TTL pre Canon","","090946","https://www.premiumstore.sk/spust-blesku-godox-x2t-ttl-pre-canon/","Heureka.sk | Elektronika | Foto, kamery, optika | Príslušenstvo k fotoaparátom | Blesky a príslušenstvo | Blesky k fotoaparátom","54","6952344217078","","","","","",""
"4603","Premiumstore.sk","BoomTone DJ SV200II Accessories (Cases, Stands)","","MON_SV200II","https://www.premiumstore.sk/boomtone-dj-sv200ii-accessories--cases--stands/","Heureka.sk | Elektronika | TV, audio, video | Reproduktory, soundbary | Príslušenstvo k reproduktorom | Stojany a držiaky na reproduktory","54","2559220000164","","","","","",""
"4603","Premiumstore.sk","Cp Plus CP-UNC-VC21ZL4C-VMDS-27135 2.0 Mpix venkovní IP antivandal dome kamera s IR, WDR, Starlight a mikro","","AT_CPP-CP-UNC-VC21ZL4C-VMDS-2713","https://www.premiumstore.sk/cp-unc-vc21zl4c-vmds-27135-2-0-mpix-venkovni-ip-antivandal-dome-kamera-s-ir--wdr--starlight-a-mikro/","Heureka.sk | Elektronika | Počítače a notebooky | Sieťové prvky | IP kamery","271.9","4250593446358","","","","","",""
"4603","Premiumstore.sk","Inteligentná fontána na vodu Petlibro Capsule pre domáce zvieratá","","083917","https://www.premiumstore.sk/inteligentna-fontana-na-vodu-petlibro-capsule-pre-domace-zvierata/","Heureka.sk | Chovateľské potreby | Pre hlodavce | Vybavenie klietok pre hlodavce | Napájačky","30","754932368638","754932368638","Petlibro Capsule fontánka na pití 2,1 l","Chovateľské potreby | Pre psov | Misky a zásobníky pre psov","34.5","37.46","misky-a-zasobniky-pre-psov.heureka.sk/petlibro-capsule-fontanka-na-piti-2_1-l"
"4603","Premiumstore.sk","Mascom dálkový ovladač MC A101T/C a MC A102T/C - originál","","AT_MCA101TDO","https://www.premiumstore.sk/mascom-dalkovy-ovladac-mc-a101t-c-a-mc-a102t-c-original/","Heureka.sk | Elektronika | TV, audio, video | Príslušenstvo k TV, audio-video | Príslušenstvo k TV | Diaľkové ovládače","25","","","","","","",""
"4603","Premiumstore.sk","Oneisall stainless steel fountain / drinker for dog and cat","","063981","https://www.premiumstore.sk/oneisall-stainless-steel-fountain-drinker-for-dog-and-cat/","Heureka.sk | Chovateľské potreby | Pre hlodavce | Vybavenie klietok pre hlodavce | Napájačky","26.5","6934399224638","6934399224638","Napájačka s fontánou kovová Oneisall 2 l","Chovateľské potreby | Pre psov | Misky a zásobníky pre psov","29.21","33.5","misky-a-zasobniky-pre-psov.heureka.sk/napajacka-s-fontanou-kovova-oneisall-2-l"
"4603","Premiumstore.sk","TANNOY CVS 801-BK Reproduktor","","BAS_BASYS-TA_000-DUS00","https://www.premiumstore.sk/tannoy-cvs-801-bk-reproduktor/","Profesionálna audio technika | Plošné ozvučenie (100V rozhlasové ozvučenie)","279","","","","","","",""
"4603","Premiumstore.sk","CP PLUS CP-PR-70 Přídavný montážní nástavec (pro kameru CP-L4C-DX40FL3)","","AT_CP-PR-70","https://www.premiumstore.sk/cp-plus-cp-pr-70-pridavny-montazni-nastavec--pro-kameru-cp-l4c-dx40fl3-/","Bezpečnosť a smart domácnosť | Kamerové systémy | PRÍSLUŠENSTVO | Držiaky","11.9","","","","","","",""
"4603","Premiumstore.sk","Elektrický skúter NAVEE V25i Pro II","","089850","https://www.premiumstore.sk/elektricky-skuter-navee-v25i-pro-ii/","Heureka.sk | Šport a outdoor | Športy | Cyklistika | Elektrokolobežky","317.9","6975293670626","","","","","",""
"4603","Premiumstore.sk","Kovové puzdro Telesin pre GoPro Hero 13","","078415","https://www.premiumstore.sk/kovove-puzdro-telesin-pre-gopro-hero-13/","Heureka.sk | Elektronika | Foto, kamery, optika | Foto a kamery | Športové kamery","31.5","6974944464027","","","","","",""
"4603","Premiumstore.sk","ORG OMNI-TRACK/WS Spottune OMNI TRACK speaker, white","","MON_OMNI-TRACK_WS","https://www.premiumstore.sk/org-omni-track-ws-spottune-omni-track-speaker--white/","Profesionálna audio technika | Plošné ozvučenie (100V rozhlasové ozvučenie) | Bezdrôtové ozvučenie","739","5700002178404","","","","","",""
"4603","Premiumstore.sk","Solight DC70","","SOL_DC70","https://www.premiumstore.sk/solight-usb-c-20w-fast-charger/","Heureka.sk | Elektronika | Mobily, tablety, nositeľná elektronika | Príslušenstvo k mobilom | Batérie a nabíjačky pre mobily | Bezdrôtové nabíjačky","5.9","8592718032050","8592718032050","Solight DC70","Elektronika | Mobily, tablety, nositeľná elektronika | Príslušenstvo k mobilom | Batérie a nabíjačky pre mobily | Nabíjačky pre mobilné telefóny","5.49","8.95","nabijacky-pre-mobilne-telefony.heureka.sk/solight-dc70"
"4603","Premiumstore.sk","Verbatim 49145 USB-C TO VGA ADAPTER","","KB_100000655028","https://www.premiumstore.sk/verbatim-49145-usb-c-to-vga-adapter/","Heureka.sk | Elektronika | Počítače a notebooky | Príslušenstvo k počítačom | Káble a konektory | USB huby","13","","","","","","",""
"4603","Premiumstore.sk","CONSOLE Konzola na stožiar priemer 35 - 60mm, 20cm od zd steny so základňou 150x150mm","","AT_3006","https://www.premiumstore.sk/konzola-na-stozar-prumer-35-60mm--20cm-od-zdi-se-zakladnou-150x150mm/","Heureka.sk | Elektronika | TV, audio, video | Príslušenstvo k TV, audio-video | Príslušenstvo k TV | Antény | Satelitné antény","16","5907813655241","5907813655241","CONSOLE Konzola na stožiar priemer 35 - 60mm, 20cm od zd steny so základňou 150x150mm","Elektronika | TV, audio, video | Projekčná technika | Príslušenstvo k projektorom | Držiaky k projektorom","22.9","22.9","drziaky-k-projektorom.heureka.sk/console-konzola-na-stoziar-priemer-35-60mm-20cm-od-zd-steny-so-zakladnou-150x150mm"
"4603","Premiumstore.sk","Etui Sunnylife dla NEO Motion Fly More Combo - 073535","","073535","https://www.premiumstore.sk/etui-sunnylife-dla-neo-motion-fly-more-combo--073535/","Heureka.sk | Elektronika | Foto, kamery, optika | Foto a kamery | Športové kamery","35","5907085523309","5907085523309","Etui Sunnylife dla NEO Motion Fly More Combo - 073535","Elektronika | Foto, kamery, optika | Drony a príslušenstvo | Príslušenstvo k dronom","37.21","43.5","prislusenstvo-k-dronom.heureka.sk/etui-sunnylife-dla-neo-motion-fly-more-combo-073535"
"4603","Premiumstore.sk","MacMa ASPRO15COVER Accessories (Cases, Stands)","","MON_ASPRO15COVER","https://www.premiumstore.sk/macma-aspro15cover-accessories--cases--stands/","Profesionálna audio technika | Pódium, diskotéka, DJ | reproduktorové systémy | príslušenstvo","53.5","3700752718051","","","","","",""
"4603","Premiumstore.sk","Monacor SP-15A/402PA Profesionálny PA basový reproduktor, 400 W, 8 Ω","","MON_SP-15A_402PA","https://www.premiumstore.sk/monacor-sp-15a-402pa-profesionalny-pa-basovy-reproduktor--400-w--8-/","Profesionálna audio technika | Reproduktory | basové/subwoofery","302","4007754191073","","","","","",""
"4603","Premiumstore.sk","Solight LED COB opasok, 5m, 7W/m, 500lm/m, studená biela, USB napájanie, vypínač, 8mm","","SOL_WM62-CW","https://www.premiumstore.sk/solight-led-cob-opasok--5m--7w-m--500lm-m--studena-biela--usb-napajanie--vypinac--8mm/","Heureka.sk | Bývanie a doplnky | Osvetlenie a svietidlá | Dekoratívne osvetlenie | LED pásiky","11.5","8592718047634","","","","","",""
"4603","Premiumstore.sk","Cp Plus AI-HRS19-4U-450G Uzamykatelný rack pro DVR / NVR rekordéry","","AT_CPP-AI-HRS19-4U-450G","https://www.premiumstore.sk/ai-hrs19-4u-450g-uzamykatelny-rack-pro-dvr-nvr-rekordery/","Bezpečnosť a smart domácnosť | Kamerové systémy | PRÍSLUŠENSTVO | Montážne skrine a racky","93.9","745178459266","","","","","",""
"4603","Premiumstore.sk","Hrniec Berlingerhaus s mramorovým povrchom 28 cm Black Rose Collection BH-1931","","PEN_6340662","https://www.premiumstore.sk/hrniec-berlingerhaus-s-mramorovym-povrchom-28-cm-black-rose-collection-bh-1931/","Heureka.sk | Bývanie a doplnky | Bytové doplnky | Doplnky do kuchyne | Varenie | Hrnce","46.5","5999056793071","5999056793071","BerlingerHaus BH-1931","Bývanie a doplnky | Bytové doplnky | Doplnky do kuchyne | Varenie | Hrnce","39.56","48.29","hrnce.heureka.sk/berlingerhaus-bh-1931"
"4603","Premiumstore.sk","Konferenčný reproduktor EMEET OfficeCore M0 Plus","","085708","https://www.premiumstore.sk/konferencny-reproduktor-emeet-officecore-m0-plus/","Heureka.sk | Elektronika | Počítače a notebooky | Príslušenstvo k počítačom | Webkamery","51.5","6971337722610","","","","","",""
"4603","Premiumstore.sk","Monacor EDL-250/WS PA nástenný a stropný reproduktor, odolný voči počasiu","","MON_EDL-250_WS","https://www.premiumstore.sk/monacor-edl-250-ws-pa-nastenny-a-stropny-reproduktor--odolny-voci-pocasiu/","Heureka.sk | Elektronika | TV, audio, video | Reproduktory, soundbary | Reprosústavy a reproduktory","99.5","4007754199048","","","","","",""
"4603","Premiumstore.sk","Petoneer Nutri Vision Mini chytré krmítko 2,6 l","","026531","https://www.premiumstore.sk/inteligentny-davkovac-krmiva-petoneer-nutri-mini/","Heureka.sk | Chovateľské potreby | Pre psov | Misky a zásobníky pre psov","48.9","6930460006578","6930460006578","Petoneer Nutri Vision Mini chytré krmítko 2,6 l","Chovateľské potreby | Pre mačky | Misky a zásobníky pre mačky","48.9","64.5","misky-a-zasobniky-pre-macky.heureka.sk/petoneer-nutri-vision-mini-chytre-krmitko-2_6-l"
"4603","Premiumstore.sk","Trina Solar 2,27 kWp Sada solárních panelů pro ohřev vody START (5× Trina 455Wp, Dual Glass)","","AT_SADA2_27KWPTRINA","https://www.premiumstore.sk/2-27-kwp-sada-solarnich-panelu-pro-ohrev-vody-start--5-trina-455wp--dual-glass/","Heureka.sk | Dielňa, stavba, záhrada | Stavba | Fotovoltaika | Fotovoltaické a solárne panely","500.9","","","","","","",""
"4603","Premiumstore.sk","Bose Pro BOSE DesignMax DM3C inštalačné reproduktory, biele","","BAS_BASYS-B_829708-0220","https://www.premiumstore.sk/bose-designmax-dm3c-instalacne-reproduktory--biele-2/","Profesionálna audio technika | Plošné ozvučenie (100V rozhlasové ozvučenie)","560","","","","","","",""
"4603","Premiumstore.sk","Dospel Hybridní turbína VIVI 25 W + akumulátor 7,5 Ah 12 V s regulátorem, černá barva","","AT_D-012-9784_C","https://www.premiumstore.sk/hybridni-turbina-vivi-25-w-akumulator-7-5-ah-12-v-s-regulatorem--cerna-barva/","Heureka.sk | Elektronika | Počítače a notebooky | Záložné zdroje | UPS","645.5","5901560529374","","","","","",""
"4603","Premiumstore.sk","KMP C77 / PG-510","","KB_410210867909","https://www.premiumstore.sk/kmp-c77-pg-510/","Heureka.sk | Elektronika | Počítače a notebooky | Tlačiarne a príslušenstvo | Náplne a farby do tlačiarní | Atramenty a refillkity","13.99","4011324151114","","","","","",""
"4603","Premiumstore.sk","Monacor DIVA-SIMONE Reproduktorová stavebnica","","MON_DIVA-SIMONE","https://www.premiumstore.sk/monacor-diva-simone-reproduktorova-stavebnica/","Profesionálna audio technika | Reproduktory | Reproduktorové stavebnice","578","4007754426366","","","","","",""
"4603","Premiumstore.sk","Relaxační koupelový polštář Ruhhy 27050","","AT_ITR-00018771","https://www.premiumstore.sk/relaxacni-koupelovy-polstar-ruhhy-27050/","Heureka.sk | Domáce a osobné spotrebiče | Starostlivosť o telo a zdravie | Starostlivosť o telo | Masážne prístroje","11.5","5900779962088","","","","","",""
"4603","Premiumstore.sk","Súprava domáceho poplachového systému IMOU 11 Ranger 2C","","087825","https://www.premiumstore.sk/suprava-domaceho-poplachoveho-systemu-imou-11-ranger-2c/","Heureka.sk | Elektronika | Počítače a notebooky | Sieťové prvky | IP kamery","154.9","6937479642742","","","","","",""
"4603","Premiumstore.sk","Bose Pro BOSE DesignMax DM6PE závesné inštalačné reproduktory, biele","","BAS_BASYS-B_841168-0220","https://www.premiumstore.sk/bose-designmax-dm6pe-zavesne-instalacne-reproduktory--biele-2/","Profesionálna audio technika | Plošné ozvučenie (100V rozhlasové ozvučenie)","1050","","","","","","",""
"4603","Premiumstore.sk","Držiak na živé vysielanie Puluz s držiakom na telefón (čierny)","","089621","https://www.premiumstore.sk/drziak-na-zive-vysielanie-puluz-s-drziakom-na-telefon--cierny/","Heureka.sk | Elektronika | Foto, kamery, optika | Príslušenstvo k fotoaparátom | Statívy a príslušenstvo | Statívy","12","5905156106765","","","","","",""
"4603","Premiumstore.sk","KNG KM-21302 Teleskopický reproduktorový stojan","","MON_KM-21302","https://www.premiumstore.sk/kng-km-21302-teleskopicky-reproduktorovy-stojan/","Heureka.sk | Elektronika | TV, audio, video | Reproduktory, soundbary | Príslušenstvo k reproduktorom | Stojany a držiaky na reproduktory","317","4016842818211","4016842818211","Konig & Meyer 21302","Elektronika | TV, audio, video | Reproduktory, soundbary | Príslušenstvo k reproduktorom | Stojany a držiaky na reproduktory","183","194","stojany-a-drziaky-na-reproduktory.heureka.sk/konig-meyer-21302"
"4603","Premiumstore.sk","Minis Forum MINI-PC Minis Fórum NAB6 Lite Intel Core i5-12600H, barebone","","082850","https://www.premiumstore.sk/mini-pc-minis-forum-nab6-lite-intel-core-i5-12600h--barebone/","TV, audio a video | Počítače a príslušenstvo | Mini PC","422.5","4897118833851","","","","","",""
"4603","Premiumstore.sk","NEEWER DL100 – trojkolový vozík na kameru s diaľkovým ovládaním","","083748","https://www.premiumstore.sk/neewer-dl100---trojkolovy-vozik-na-kameru-s-dialkovym-ovladanim/","Heureka.sk | Elektronika | Foto, kamery, optika | Príslušenstvo k fotoaparátom | Blesky a príslušenstvo | Blesky k fotoaparátom","70.5","6976831833053","","","","","",""
"4603","Premiumstore.sk","Sada 3 filtrov Sunnylife CPL + ND8 + ND16 pre Osmo Nano","","081536","https://www.premiumstore.sk/sada-3-filtrov-sunnylife-cpl-nd8-nd16-pre-osmo-nano/","Heureka.sk | Elektronika | Foto, kamery, optika | Foto a kamery | Športové kamery","16","5905156100381","","","","","",""
"4603","Premiumstore.sk","Súprava prenosnej fototlačiarne Liene Pearl N200 Pro 2x3"" (fialová)","","087643","https://www.premiumstore.sk/suprava-prenosnej-fototlaciarne-liene-pearl-n200-pro-2x3-fialova/","Heureka.sk | Elektronika | Počítače a notebooky | Tlačiarne a príslušenstvo | Tlačiarne","102","6971398602647","","","","","",""
"4603","Premiumstore.sk","Bose Pro BOSE FreeSpace FS4CE Stropný reproduktor, čierna","","BAS_BASYS-B_841156-0320","https://www.premiumstore.sk/bose-freespace-fs4ce-stropny-reproduktor--cierna/","Profesionálna audio technika | Plošné ozvučenie (100V rozhlasové ozvučenie)","520","","","","","","",""
"4603","Premiumstore.sk","Dálkový ovladač univerzální ORNO OR-NBR-AV-4252 by avidsen / EXTEL","","AT_ATO-OR-NBR-AV-4252","https://www.premiumstore.sk/dalkovy-ovladac-univerzalni-orno-or-nbr-av-4252-by-avidsen-extel/","Heureka.sk | Elektronika | TV, audio, video | Príslušenstvo k TV, audio-video | Príslušenstvo k TV | Diaľkové ovládače","29","5908254848483","","","","","",""
"4603","Premiumstore.sk","Kamera TP-Link Tapo C246D IP, 3MPx Dual, WiFi, prísvit, vonkajšia/vnútorná","","PEN_52932432","https://www.premiumstore.sk/kamera-tp-link-tapo-c246d-ip--3mpx-dual--wifi--prisvit--vonkajsia-vnutorna/","Heureka.sk | Elektronika | Počítače a notebooky | Sieťové prvky | IP kamery","92.5","1210002602723","1210002602723","TP-Link Tapo C246D","Elektronika | Počítače a notebooky | Sieťové prvky | IP kamery","59.6","121.1","ip-kamery.heureka.sk/tp-link-tapo-c246d"
"4603","Premiumstore.sk","Mini PC Minix ER937 HX370 32GB 1TB Windows 11 Pro","","082548","https://www.premiumstore.sk/mini-pc-minix-er937-hx370-32gb-1tb-windows-11-pro/","TV, audio a video | Počítače a príslušenstvo | Mini PC","1388","4897016413070","","","","","",""
"4603","Premiumstore.sk","Rýchlovarná kanvica Hyundai VK690B černá","","PEN_7208381","https://www.premiumstore.sk/rychlovarna-kanvica-hyundai-vk690b-cerna/","Heureka.sk | Domáce a osobné spotrebiče | Kuchynské spotrebiče | Príprava nápojov | Rýchlovarné kanvice","37.5","8590393335596","8590393335596","Hyundai VK690B","Domáce a osobné spotrebiče | Kuchynské spotrebiče | Príprava nápojov | Rýchlovarné kanvice","33.63","36.9","rychlovarne-kanvice.heureka.sk/hyundai-vk690b"
"4603","Premiumstore.sk","TC Helicon Harmony V100","","BAS_BASYS-TC_000-DBA01","https://www.premiumstore.sk/tc-helicon-harmony-v100/","Profesionálna audio technika | Hudobné nástroje a príslušenstvo | Gitarové príslušenstvo","579","","","","","","",""
"4603","Premiumstore.sk","Console Konzola na stožár 10 cm / 48 mm","","AT_V031","https://www.premiumstore.sk/konzola-na-stozar-10-cm-48-mm/","Heureka.sk | Elektronika | TV, audio, video | Príslušenstvo k TV, audio-video | Príslušenstvo k TV | Antény | Satelitné antény","10.9","8595225200530","","","","","",""
"4603","Premiumstore.sk","Herná myš ONIKUMA DM03 RGB (čierna)","","088723","https://www.premiumstore.sk/herna-mys-onikuma-dm03-rgb--cierna/","Heureka.sk | Elektronika | TV, audio, video | Slúchadlá","18.9","6972470564846","","","","","",""
"4603","Premiumstore.sk","Mikroskop LED pro smartphone Levenhuk Kelvin TMC10","","AT_LEV-86481","https://www.premiumstore.sk/mikroskop-led-pro-smartphone-levenhuk-kelvin-tmc10/","Heureka.sk | Elektronika | Foto, kamery, optika | Foto a kamery | Digitálne fotoaparáty","52.9","5905555027821","","","","","",""
"4603","Premiumstore.sk","Prenosný SSD disk Lexar Professional SL400 2 TB + rozbočovač","","076110","https://www.premiumstore.sk/prenosny-ssd-disk-lexar-professional-sl400-2-tb-rozbocovac/","Heureka.sk | Elektronika | Počítače a notebooky | Počítačové komponenty | Pevné disky externé","688.5","843367136308","","","","","",""
"4603","Premiumstore.sk","Solight sada 5x bezpečnostná zátka + kľúčik SL0540","","SOL_5E-61","https://www.premiumstore.sk/solight-bezpecnostna-zatka-sada-5ks-1-klucik/","Heureka.sk | Dielňa, stavba, záhrada | Stavba | Elektromateriály | Elektroinštalačný materiál | Zásuvky, vypínače, termostaty | Zásuvky","1.6","8585001529207","8585001529207","Solight sada 5x bezpečnostná zátka + kľúčik SL0540","Bývanie a doplnky | Bytové doplnky | Doplnky do detskej izby | Detské zábrany a poistky","1.36","3.9","detske-zabrany.heureka.sk/solight-sada-5x-bezpecnostna-zatka-plus-klucik-sl0540"
"4603","Premiumstore.sk","Behringer B115D","","BAS_BASYS-B115D","https://www.premiumstore.sk/behringer-b115d/","Heureka.sk | Elektronika | TV, audio, video | Reproduktory, soundbary | Reprosústavy a reproduktory","289","","","","","","",""
"4603","Premiumstore.sk","Carspa HS-100-12 průmyslový zdroj spínaný 12V 100W","","AT_ABT-A500000175","https://www.premiumstore.sk/carspa-hs-100-12-prumyslovy-zdroj-spinany-12v-100w/","Fotovoltaika a energie | Napájacie zdroje | Priemyselné zdroje","14.5","6970355991558","","","","","",""
"4603","Premiumstore.sk","InAkustik 0042303 Premium HDMI-HDMI Ethe","","KB_700001308507","https://www.premiumstore.sk/inakustik-0042303-premium-hdmi-hdmi-ethe/","Heureka.sk | Elektronika | Počítače a notebooky | Príslušenstvo k počítačom | Káble a konektory | Audio - video káble","23.9","4001985507580","","","","","",""
"4603","Premiumstore.sk","Mini PC GMKtec EVO-T1- Intel Ultra 9 285H- 64GB RAM + 1TB SSD WIN 11 Pro","","079913","https://www.premiumstore.sk/mini-pc-gmktec-evo-t1-intel-ultra-9-285h-64gb-ram-1tb-ssd-win-11-pro/","TV, audio a video | Počítače a príslušenstvo | Mini PC","1761.5","6972570963891","","","","","",""
"4603","Premiumstore.sk","Nabíječka USB BLOW 76-033 GaN 45W USB-A + USB-C + 1m kabel USB-C","","AT_BLOW-76-033","https://www.premiumstore.sk/nabijecka-usb-blow-76-033-gan-45w-usb-a-usb-c-1m-kabel-usb-c/","Heureka.sk | Elektronika | Mobily, tablety, nositeľná elektronika | Príslušenstvo k mobilom | Batérie a nabíjačky pre mobily | Nabíjačky pre mobilné telefóny","10.9","5900804154587","","","","","",""
"4603","Premiumstore.sk","Solight USB-C fast charger 20W","","SOL_DC70B-B","https://www.premiumstore.sk/solight-usb-c-fast-charger-20w-2/","Heureka.sk | Elektronika | Mobily, tablety, nositeľná elektronika | Príslušenstvo k mobilom | Batérie a nabíjačky pre mobily | Bezdrôtové nabíjačky","5.4","8592718050887","","","","","",""
"4603","Premiumstore.sk","Atos Napájecí zdroj spínaný URZ1169 12V / 5A - 2,1/5,5","","AT_LP-URZ1169","https://www.premiumstore.sk/napajeci-zdroj-spinany-urz1169--12v-5a-2-1-5-5/","Bezpečnosť a smart domácnosť | Kamerové systémy | PRÍSLUŠENSTVO | Napájacie zdroje","12.5","5900495178602","5900495178602","Atos Napájecí zdroj URZ1169","Bývanie a doplnky | Osvetlenie a svietidlá | Príslušenstvo k svietidlám | Príslušenstvo k LED pásikom | Ostatné príslušenstvo pre LED pásiky","","","ostatne-prislusenstvo-led-pasiky.heureka.sk/atos-napajeci-zdroj-urz1169"
"4603","Premiumstore.sk","Cp Plus CP-PR-101 Uzamykatelná skříňka na zeď pro malé DVR / NVR přehrávače (bílá)","","AT_CPP-CP-PR-101","https://www.premiumstore.sk/cp-pr-101-uzamykatelna-skrinka-na-zed-pro-male-dvr-nvr-prehravace--bila-/","Bezpečnosť a smart domácnosť | Kamerové systémy | PRÍSLUŠENSTVO | Montážne skrine a racky","155.5","8057457615518","","","","","",""
"4603","Premiumstore.sk","KMP (TN 2421 BK)","","KB_100000416934","https://www.premiumstore.sk/kmp--tn-2421-bk/","Heureka.sk | Elektronika | Počítače a notebooky | Tlačiarne a príslušenstvo | Skenery","26","4011324372335","","","","","",""
"4603","Premiumstore.sk","MINIS FORUM NAS N5 Air Ryzen H255 Mini PC (16 GB RAM + 64 GB úložisko)","","088360","https://www.premiumstore.sk/minis-forum-nas-n5-air-ryzen-h255-mini-pc--16-gb-ram-64-gb-ulozisko/","TV, audio a video | Počítače a príslušenstvo | Mini PC","916.9","4897118837217","","","","","",""
"4603","Premiumstore.sk","Monacor MHD-55 PA horn výškový reproduktor, 30 W, 8 Ω","","MON_MHD-55","https://www.premiumstore.sk/monacor-mhd-55-pa-horn-vyskovy-reproduktor--30-w--8-/","Heureka.sk | Elektronika | TV, audio, video | Reproduktory, soundbary | Reprosústavy a reproduktory","53","4007754013740","","","","","",""
"4603","Premiumstore.sk","Solight LED vianočná girlanda, cencúle, 300 LED, 15m, IP44, studené biele svetlo","","SOL_1V403-CW","https://www.premiumstore.sk/solight-led-vianocna-girlanda--cencule--300-led--15m--ip44--studene-biele-svetlo/","Heureka.sk | Bývanie a doplnky | Bytové dekorácie | Sviatočné dekorácie | Vianoce | Vianočné osvetlenie","19","","","","","","",""
"4603","Premiumstore.sk","Vysílač DO OPENBOX pro multimediální boxy 2.4GHz, USB adaptér, voice","","AT_ATO-4724001","https://www.premiumstore.sk/vysilac-do-openbox-pro-multimedialni-boxy-2-4ghz--usb-adapter--voice/","Heureka.sk | Elektronika | TV, audio, video | Príslušenstvo k TV, audio-video | Príslušenstvo k TV | Diaľkové ovládače","10.5","8594051111294","","","","","",""
"4603","Premiumstore.sk","Cp Plus HDD 3.5"" 10TB 256MB Seagate SKYHAWK pro kamerové systémy CP-PR-160","","AT_CPP-CP-PR-160","https://www.premiumstore.sk/hdd-3-5--10tb-256mb-seagate-skyhawk-pro-kamerove-systemy-cp-pr-160/","Heureka.sk | Elektronika | Počítače a notebooky | Príslušenstvo k počítačom | Pamäťové karty","569.5","","","","","","",""
"4603","Premiumstore.sk","KEPO PA-2500SV PA-2500SV, ovládací panel","","MON_PA-2500SV","https://www.premiumstore.sk/kepo-pa-2500sv-pa-2500sv--ovladaci-panel/","Profesionálna audio technika | Plošné ozvučenie (100V rozhlasové ozvučenie) | Iné 100V zariadenia","123","8588008802311","","","","","",""
"4603","Premiumstore.sk","Mini PC MINIS FORUM N5 Air Ryzen 7 H255 0 GB 64 GB","","088363","https://www.premiumstore.sk/mini-pc-minis-forum-n5-air-ryzen-7-h255-0-gb-64-gb/","TV, audio a video | Počítače a príslušenstvo | Mini PC","772.5","4897118837224","","","","","",""
"4603","Premiumstore.sk","SOLIGHT 5B322B","","SOL_5B322B","https://www.premiumstore.sk/solight-vstavana-podlahova-zasuvka--ip55--matna-cierna--obdlznikove-viecko/","Heureka.sk | Elektronika | TV, audio, video | Príslušenstvo k TV, audio-video | Príslušenstvo k TV | Predlžovacie káble","22.9","8592718039905","8592718039905","SOLIGHT 5B322B","Dielňa, stavba, záhrada | Stavba | Elektromateriály | Elektroinštalačný materiál | Zásuvky, vypínače, termostaty | Zásuvky","19.9","27.99","zasuvky.heureka.sk/solight-5b322b"
"4603","Premiumstore.sk","VITURE (USB 3.2 Gen1) USB-C samec na USB-C samica (čierny) 50 cm","","080686","https://www.premiumstore.sk/viture--usb-3-2-gen1--usb-c-samec-na-usb-c-samica--cierny--50-cm/","Heureka.sk | Gaming | Herné príslušenstvo | Príslušenstvo k herným konzolám | Ostatné príslušenstvo k herným konzolám","11.5","1230000160179","","","","","",""
"4603","Premiumstore.sk","Bezdrôtový ovládač GameSir T4n Lite Nova (sivý)","","075410","https://www.premiumstore.sk/bezdrotovy-ovladac-gamesir-t4n-lite-nova--sivy/","Heureka.sk | Elektronika | TV, audio, video | Príslušenstvo k TV, audio-video | Príslušenstvo k TV | Diaľkové ovládače","22","6936685221703","","","","","",""
"4603","Premiumstore.sk","Cp Plus HDD 3.5"" 2TB 256MB Seagate SKYHAWK pro kamerové systémy CP-PR-139","","AT_CPP-CP-PR-139","https://www.premiumstore.sk/hdd-3-5--2tb-256mb-seagate-skyhawk-pro-kamerove-systemy-cp-pr-139/","Heureka.sk | Elektronika | Počítače a notebooky | Príslušenstvo k počítačom | Pamäťové karty","175.5","8592457209362","","","","","",""
"4603","Premiumstore.sk","KNG KM-214/6 Reproduktorový stojan","","MON_KM-214_6","https://www.premiumstore.sk/kng-km-214-6-reproduktorovy-stojan/","Heureka.sk | Elektronika | TV, audio, video | Reproduktory, soundbary | Príslušenstvo k reproduktorom | Stojany a držiaky na reproduktory","216","4016842817771","4016842817771","Konig & Meyer 214/6","Elektronika | TV, audio, video | Reproduktory, soundbary | Príslušenstvo k reproduktorom | Stojany a držiaky na reproduktory","109","137","stojany-a-drziaky-na-reproduktory.heureka.sk/konig-meyer-214-6"
"4603","Premiumstore.sk","Monacor PA-6FR Anti-feedback modul","","MON_PA-6FR","https://www.premiumstore.sk/monacor-pa-6fr-anti-feedback-modul/","Profesionálna audio technika | Plošné ozvučenie (100V rozhlasové ozvučenie) | Iné 100V zariadenia | eliminátor spätnej väzby","265","4007754199604","","","","","",""
"4603","Premiumstore.sk","Solight USB A - USB-C adaptér","","SOL_SSC5000E","https://www.premiumstore.sk/solight-usb-a-usb-c-adapter/","Heureka.sk | Elektronika | TV, audio, video | Hi-Fi komponenty | AV prijímače","1.3","8592718041236","","","","","",""
"4603","Premiumstore.sk","Baterka Flextail ZERO 1200 (čierna)","","091670","https://www.premiumstore.sk/baterka-flextail-zero-1200--cierna/","Heureka.sk | Bývanie a doplnky | Osvetlenie a svietidlá | Svietidlá","36.5","6975755967486","","","","","",""
"4603","Premiumstore.sk","Cp Plus CP-UNR-4K4082-V4 Síťový videorekordér H.265 (NVR) 4K pro připojení osmi IP kamer","","AT_CPP-CP-UNR-4K4082-V4","https://www.premiumstore.sk/cp-unr-4k4082-v4-sitovy-videorekorder-h-265--nvr--4k-pro-pripojeni-osmi-ip-kamer/","Bezpečnosť a smart domácnosť | Kamerové systémy | IP sieťové videorekordéry (NVR) | 8 kanálů","324","4250593448604","","","","","",""
"4603","Premiumstore.sk","Elokance OPUSBUMPER210 Line Array","","MON_OPUSBUMPER210","https://www.premiumstore.sk/elokance-opusbumper210-line-array/","Profesionálna audio technika | Pódium, diskotéka, DJ | reproduktorové systémy | príslušenstvo","508","3700752718235","","","","","",""
"4603","Premiumstore.sk","KNG KM-24471 Stenová podpora pre reproduktorové systémy","","MON_KM-24471","https://www.premiumstore.sk/kng-km-24471-stenova-podpora-pre-reproduktorove-systemy/","Heureka.sk | Elektronika | TV, audio, video | Reproduktory, soundbary | Príslušenstvo k reproduktorom | Stojany a držiaky na reproduktory","108.9","4016842811076","4016842811076","Konig & Meyer 24471","Elektronika | TV, audio, video | Reproduktory, soundbary | Príslušenstvo k reproduktorom | Stojany a držiaky na reproduktory","53.5","63","stojany-a-drziaky-na-reproduktory.heureka.sk/konig-meyer-24471"
"4603","Premiumstore.sk","MOES BHT-002 Wi-Fi LCD termostat","","087531","https://www.premiumstore.sk/moes-bht-002-wi-fi-lcd-termostat/","Heureka.sk | Dielňa, stavba, záhrada | Stavba | Elektromateriály | Elektroinštalačný materiál | Zásuvky, vypínače, termostaty | Termostaty","27","6974246470788","","","","","",""
"4603","Premiumstore.sk","Monacor SP-8/4SQ","","MON_SP-8_4SQ","https://www.premiumstore.sk/monacor-sp-8-4sq-univerzalny-reproduktor--10-w--4-/","Heureka.sk | Elektronika | TV, audio, video | Reproduktory, soundbary | Reprosústavy a reproduktory","18.5","4007754137767","","","","","",""
"4603","Premiumstore.sk","Solight DA41","","SOL_DA41","https://www.premiumstore.sk/solight-nabijacka-usb-c--65w--pd-fast-charger/","Fotovoltaika a energie | Napájacie zdroje | Nabíjačky notebookov","11.9","8592718036867","8592718036867","Solight DA41","Elektronika | Mobily, tablety, nositeľná elektronika | Príslušenstvo k mobilom | Batérie a nabíjačky pre mobily | Nabíjačky pre mobilné telefóny","12.48","19.75","nabijacky-pre-mobilne-telefony.heureka.sk/solight-da41"
"4603","Premiumstore.sk","TC Electronic Flashback 2 MINI DELAY","","BAS_BASYS-TC_000-DTC00","https://www.premiumstore.sk/tc-electronic-flashback-2-mini-delay/","Profesionálna audio technika | Hudobné nástroje a príslušenstvo | Gitarové príslušenstvo","115","","","","","","",""
"4603","Premiumstore.sk","Bose Pro BOSE AMS115 kompaktný subwoofer","","BAS_BASYS-B_843163-0110","https://www.premiumstore.sk/bose-ams115-kompaktny-subwoofer/","Heureka.sk | Elektronika | TV, audio, video | Reproduktory, soundbary | Reprosústavy a reproduktory","2200","","","","","","",""
"4603","Premiumstore.sk","Dokovacia stanica Peladn S-2 Oculink","","087718","https://www.premiumstore.sk/dokovacia-stanica-peladn-s-2-oculink/","Heureka.sk | Elektronika | Počítače a notebooky | Príslušenstvo k notebookom | Dokovacie stanice a replikátory portov","95","6972410027264","","","","","",""
"4603","Premiumstore.sk","Inšpekčná kamera Uni-T UT665","","AT_TIP-08810603","https://www.premiumstore.sk/endoskop-uni-t--ut665/","Bezpečnosť a smart domácnosť | Kamerové systémy | Inspekční kamery, endoskopy","91.5","5901890045018","5901890045018","Inšpekčná kamera Uni-T UT665","Dielňa, stavba, záhrada | Náradie pre dielňu a záhradu | Náradie do dielne | Elektrické náradie | Vŕtačky a príslušenstvo | Príslušenstvo k vŕtačkám","97.7","97.7","prislusenstvo-k-vrtackam.heureka.sk/inspekcna-kamera-uni-t-ut665"
"4603","Premiumstore.sk","Monacor BR-50 Bass rocker, 50 W, 4 Ω","","MON_BR-50","https://www.premiumstore.sk/monacor-br-50-bass-rocker--50-w--4-/","Profesionálna audio technika | Plošné ozvučenie (100V rozhlasové ozvučenie) | Reproduktory | príslušenstvo","75","4007754242652","","","","","",""
"4603","Premiumstore.sk","Prenosná fototlačiareň Liene Pix Cut 2 v 1","","084706","https://www.premiumstore.sk/prenosna-fototlaciaren-liene-pix-cut-2-v-1/","Heureka.sk | Elektronika | Počítače a notebooky | Tlačiarne a príslušenstvo | Tlačiarne","268.5","6971398602111","","","","","",""
"4603","Premiumstore.sk","Sunny napájecí adaptér 12V, 2A, 24W - spínaný","","AT_ABT-529009","https://www.premiumstore.sk/sunny-napajeci-adapter-12v--2a--24w-spinany/","Bezpečnosť a smart domácnosť | Kamerové systémy | PRÍSLUŠENSTVO | Napájacie zdroje","12.5","","","","","","",""
"4603","Premiumstore.sk","Čistič povrchů Solatech Clean Pro PVC 5 litrů","","AT_SOL-CLEAN-PRO","https://www.premiumstore.sk/cistic-povrchu-solatech-clean-pro-pvc-5-litru/","Heureka.sk | Dielňa, stavba, záhrada | Stavba | Fotovoltaika | Fotovoltaické a solárne panely","110.9","","","","","","",""
"4603","Premiumstore.sk","Bose Pro BOSE DesignMax DM6C inštalačné reproduktory, čierne","","BAS_BASYS-B_829679-0120","https://www.premiumstore.sk/bose-designmax-dm6c-instalacne-reproduktory--cierne-2/","Profesionálna audio technika | Plošné ozvučenie (100V rozhlasové ozvučenie)","1030","","","","","","",""
"4603","Premiumstore.sk","Dokovacia stanica Peladn G2E Thunderbolt 5 (sivá)","","087722","https://www.premiumstore.sk/dokovacia-stanica-peladn-g2e-thunderbolt-5--siva/","Heureka.sk | Elektronika | Počítače a notebooky | Príslušenstvo k notebookom | Dokovacie stanice a replikátory portov","326.5","6979390520273","","","","","",""
"4603","Premiumstore.sk","IMG Stage Line FLAT-M200BAG Transportná a ochranná taška pre FLAT-M200","","MON_FLAT-M200BAG","https://www.premiumstore.sk/img-stage-line-flat-m200bag-transportna-a-ochranna-taska-pre-flat-m200/","Profesionálna audio technika | Pódium, diskotéka, DJ | reproduktorové systémy | aktívne","65","4007754272543","","","","","",""
"4603","Premiumstore.sk","Mini PC MINIS FORUM UM890 Pro Ryzen 9 8945HS 16 GB + 512 GB","","084885","https://www.premiumstore.sk/mini-pc-minis-forum-um890-pro-ryzen-9-8945hs-16-gb-512-gb/","TV, audio a video | Počítače a príslušenstvo | Mini PC","916.9","4897118836265","","","","","",""
"4603","Premiumstore.sk","Monacor WSA-20BT Bluetooth audio prijímač","","MON_WSA-20BT","https://www.premiumstore.sk/monacor-wsa-20bt-bluetooth-audio-prijimac/","Profesionálna audio technika | Plošné ozvučenie (100V rozhlasové ozvučenie) | Bezdrôtový prenos zvuku","83.5","4007754246445","","","","","",""
"4603","Premiumstore.sk","Přenosný kufřík na projektor KRUGER & MATZ KM0372","","AT_ATO-KM0372","https://www.premiumstore.sk/prenosny-kufrik-na-projektor-kruger-matz-km0372/","Heureka.sk | Elektronika | TV, audio, video | Televízory","16.9","5901890071949","5901890071949","Taška na projektor KRUGER & MATZ KM0372","Elektronika | TV, audio, video | Projekčná technika | Príslušenstvo k projektorom | Držiaky k projektorom","12.19","12.19","drziaky-k-projektorom.heureka.sk/taska-na-projektor-kruger-matz-km0372_19"
"4603","Premiumstore.sk","Sunnylife 2-v-1 rám a držiak pre Osmo Action 6","","088694","https://www.premiumstore.sk/sunnylife-2-v-1-ram-a-drziak-pre-osmo-action-6/","Heureka.sk | Elektronika | Foto, kamery, optika | Foto a kamery | Športové kamery","13","5905156105638","","","","","",""
"4603","Premiumstore.sk","Bose Pro BOSE F1 Model 812","","BAS_BASYS-B_731419-2110","https://www.premiumstore.sk/bose-f1-model-812/","Profesionálna audio technika | Reproduktory","1390","","","","","","",""
"4603","Premiumstore.sk","Dospel Hybridní turbína VIVI 25 W + akumulátor 7,5 Ah 12 V s regulátorem, bílá barva","","AT_D-012-9784_B","https://www.premiumstore.sk/hybridni-turbina-vivi-25-w-akumulator-7-5-ah-12-v-s-regulatorem--bila-barva/","Heureka.sk | Elektronika | Počítače a notebooky | Záložné zdroje | UPS","645.5","5901560527301","","","","","",""
"4603","Premiumstore.sk","Kamera TP-Link Tapo C216 IP, 3MPx, WiFi, prísvit, vonkajšia/vnútorná","","PEN_52932429","https://www.premiumstore.sk/kamera-tp-link-tapo-c216-ip--3mpx--wifi--prisvit--vonkajsia-vnutorna/","Heureka.sk | Elektronika | Počítače a notebooky | Sieťové prvky | IP kamery","44.9","8885020629378","8885020629378","TP-Link Tapo C216","Elektronika | Počítače a notebooky | Sieťové prvky | IP kamery","33.21","67","ip-kamery.heureka.sk/tp-link-tapo-c216"
"4603","Premiumstore.sk","Mini PC MINIS FORUM MS-02 Ultra Intel Core Ultra 9 285HX barebone","","083848","https://www.premiumstore.sk/mini-pc-minis-forum-ms-02-ultra-intel-core-ultra-9-285hx-barebone/","TV, audio a video | Počítače a príslušenstvo | Mini PC","1567.5","4897118835213","","","","","",""
"4603","Premiumstore.sk","Puzdro Freewell pre Samsung S24 Ultra so 17 mm držiakom","","077752","https://www.premiumstore.sk/puzdro-freewell-pre-samsung-s24-ultra-so-17-mm-drziakom/","Heureka.sk | Elektronika | TV, audio, video | Príslušenstvo k TV, audio-video | Audio príslušenstvo | Príslušenstvo pre gramofóny | Puzdrá a obaly pre gramofóny","44.9","6972971866111","","","","","",""
"4603","Premiumstore.sk","TC Electronic Ditto X4 Looper","","BAS_BASYS-TC_960805005","https://www.premiumstore.sk/tc-electronic-ditto-x4-looper/","Profesionálna audio technika | Hudobné nástroje a príslušenstvo | Gitarové príslušenstvo","225","","","","","","",""
"4603","Premiumstore.sk","Canon 6496B001 - originálny","","KB_410210355221","https://www.premiumstore.sk/canon-pgi-550bk-black/","Heureka.sk | Elektronika | Počítače a notebooky | Tlačiarne a príslušenstvo | Náplne a farby do tlačiarní | Atramenty a refillkity","15.5","4960999904580","4960999904580","Canon 6496B001 - originálny","Elektronika | Počítače a notebooky | Tlačiarne a príslušenstvo | Náplne a farby do tlačiarní | Náplne a tonery - originálne","13.3","23.9","naplne-a-tonery.heureka.sk/canon-6496b001-originalny"
"4603","Premiumstore.sk","Godox Tieniaca klapka Godox BD-07 pre AD200 Pro","","091055","https://www.premiumstore.sk/bleskova-hlava-godox-bd-07/","Heureka.sk | Bývanie a doplnky | Osvetlenie a svietidlá | Svietidlá","22.9","6952344211175","6952344211175","Godox Tieniaca klapka Godox BD-07 pre AD200 Pro","Elektronika | Foto, kamery, optika | Ateliérové ​​vybavenie | Štúdiové svetlá","24.92","34.85","studiove-svetla.heureka.sk/godox-tieniaca-klapka-godox-bd-07-pre-ad200-pro"
"4603","Premiumstore.sk","Magnetické ochranné puzdro Puluz pre DJI Osmo Pocket 3","","089638","https://www.premiumstore.sk/magneticke-ochranne-puzdro-puluz-pre-dji-osmo-pocket-3/","Heureka.sk | Elektronika | Foto, kamery, optika | Príslušenstvo k fotoaparátom | Blesky a príslušenstvo | Blesky k fotoaparátom","14","5905156106499","","","","","",""
"4603","Premiumstore.sk","Prenosné puzdro Sunnylife pre Insta360 GO Ultra","","088595","https://www.premiumstore.sk/prenosne-puzdro-sunnylife-pre-insta360-go-ultra/","Heureka.sk | Elektronika | Foto, kamery, optika | Príslušenstvo k fotoaparátom | Blesky a príslušenstvo | Blesky k fotoaparátom","13","5905156105492","","","","","",""
"4603","Premiumstore.sk","Solight sada 5x bezpečnostná zátka + kľúčik SL0540","","SOL_5E61B","https://www.premiumstore.sk/solight-bezpecnostna-zatka-cierna--sada-5ks-1-klucik/","Heureka.sk | Dielňa, stavba, záhrada | Stavba | Elektromateriály | Elektroinštalačný materiál | Zásuvky, vypínače, termostaty | Zásuvky","1.8","8585001573262","8585001573262","Solight bezpečnostná zátka sada 5ks + 1 kľúčik 5E61","Bývanie a doplnky | Bytové doplnky | Doplnky do detskej izby | Detské zábrany a poistky","1.56","2.99","detske-zabrany.heureka.sk/solight-bezpecnostna-zatka-sada-5ks-plus-1-klucik-5e61"
"4603","Premiumstore.sk","Baseus Metal Gleam 2 Series B00061802813-00","","SOL_P109PD20","https://www.premiumstore.sk/solight-rozbocovac-1x-16a-2x-2-5a--2xusb-a-c-rychlonabijacka-20w-pd--biely--vypinac/","Heureka.sk | Dielňa, stavba, záhrada | Stavba | Elektromateriály | Elektroinštalačný materiál | Zásuvky, vypínače, termostaty | Zásuvky","11.5","8592718034764","8592718034764","Baseus Metal Gleam 2 Series B00061802813-00","Elektronika | Počítače a notebooky | Príslušenstvo k notebookom | Dokovacie stanice a replikátory portov","10.81","52.59","dokovacie-stanice-a-replikatory-portov.heureka.sk/baseus-metal-gleam-2-series-b00061802813-00"
"4603","Premiumstore.sk","CP PLUS CP-UVR-0401F1-IC2 Videorekordér 5v1 s kompresí H.265 (až pro 5 Mpix kamery) s pod","","AT_CPP-CP-UVR-0401F1-IC2","https://www.premiumstore.sk/cp-plus-cp-uvr-0401f1-ic2-videorekorder-5v1-s-kompresi-h-265--az-pro-5-mpix-kamery--s-pod/","Bezpečnosť a smart domácnosť | Kamerové systémy | HDCVI a 5v1 videorekordéry","142","4250593446006","","","","","",""
"4603","Premiumstore.sk","IMG Stage Line PAK-415","","MON_PAK-415","https://www.premiumstore.sk/img-stage-line-pak-415-aktivny-vykonovy-pa-reproduktorovy-system-s-2-kanalovym-zosilnovacom--700-w/","Profesionálna audio technika | Pódium, diskotéka, DJ | reproduktorové systémy | aktívne","595","4007754244908","","","","","",""
"4603","Premiumstore.sk","Mini PC GEEKOM IT13 Max Core Ultra 9 185H 32 GB 1 TB Windows 11 Pro","","087558","https://www.premiumstore.sk/mini-pc-geekom-it13-max-core-ultra-9-185h-32-gb-1-tb-windows-11-pro/","TV, audio a video | Počítače a príslušenstvo | Mini PC","1073.5","5905156104730","","","","","",""
"4603","Premiumstore.sk","Monacor ST-975GM High-end reproduktorový terminál","","MON_ST-975GM","https://www.premiumstore.sk/monacor-st-975gm-high-end-reproduktorovy-terminal/","Heureka.sk | Elektronika | TV, audio, video | Reproduktory, soundbary | Príslušenstvo k reproduktorom | Stojany a držiaky na reproduktory","28.5","4007754089561","","","","","",""
"4603","Premiumstore.sk","Solight LED vianočný veniec 3D, 150 LED, 50cm, IP44, teplá biela, časovač","","SOL_1V303","https://www.premiumstore.sk/solight-led-vianocny-veniec-3d--150-led--50cm--ip44--tepla-biela--casovac/","Heureka.sk | Bývanie a doplnky | Bytové dekorácie | Sviatočné dekorácie | Vianoce | Vianočné osvetlenie","34","","","","","","",""
"4603","Premiumstore.sk","Atos Montážní set na taškovou střechu pro 8 panelů TRINA 455Wp pro ohřev vody","","AT_M-SET-8X-TRINA455-SIKMA","https://www.premiumstore.sk/montazni-set-na-taskovou-strechu-pro-8-panelu-trina-455wp-pro-ohrev-vody/","Heureka.sk | Dielňa, stavba, záhrada | Stavba | Fotovoltaika | Fotovoltaické a solárne panely","525","","","","","","",""
"4603","Premiumstore.sk","Cp Plus CP-LNC-T51PL3C-D 5.0 Mpix venkovní kompaktní IP kamera s IR přísvitem, kompresí H.265, WDR a mikrof","","AT_CPP-CP-LNC-T51PL3C-D","https://www.premiumstore.sk/cp-lnc-t51pl3c-d-5-0-mpix-venkovni-kompaktni-ip-kamera-s-ir-prisvitem--kompresi-h-265--wdr-a-mikrof/","Heureka.sk | Elektronika | Počítače a notebooky | Sieťové prvky | IP kamery","126.9","4250593446983","","","","","",""
"4603","Premiumstore.sk","IN 553048","","SOL_PP128-RJ45","https://www.premiumstore.sk/solight-rj45-cat6-doplnkovy-modul-pre-vstavane-zasuvky-serie-pp128/","Heureka.sk | Elektronika | TV, audio, video | Príslušenstvo k TV, audio-video | Príslušenstvo k TV | Predlžovacie káble","17.5","8592718041502","8592718041502","IN 553048","Dielňa, stavba, záhrada | Stavba | Elektromateriály | Elektroinštalačný materiál | Zásuvky, vypínače, termostaty | Zásuvky","17.9","69.99","zasuvky.heureka.sk/in-553048"
"4603","Premiumstore.sk","MINI-PC Minis Forum MS-01-S1390 Intel Core i9-13900H barebone","","074535","https://www.premiumstore.sk/mini-pc-minis-forum-ms-01-s1390-intel-core-i9-13900h-barebone/","TV, audio a video | Počítače a príslušenstvo | Mini PC","805.5","4897118831949","","","","","",""
"4603","Premiumstore.sk","Monacor LSIP-120/1 Vzduchová cievka, 1.2 mH, Ø 1.0 mm","","MON_LSIP-120_1","https://www.premiumstore.sk/monacor-lsip-120-1-vzduchova-cievka--1-2-mh---1-0-mm/","Heureka.sk | Elektronika | TV, audio, video | Reproduktory, soundbary | Príslušenstvo k reproduktorom | Stojany a držiaky na reproduktory","14.5","4007754060027","","","","","",""
"4603","Premiumstore.sk","Samsung OLED QE55S95H","","KB_100002203112","https://www.premiumstore.sk/samsung-oled-qe55s95h/","Heureka.sk | Elektronika | TV, audio, video | Televízory","1885.9","8806099008253","","","","","",""
"4603","Premiumstore.sk","Vodotesné puzdro Puluz (60 m) s rýchloupínacím držiakom pre Insta360 X5 (priehľadné)","","089598","https://www.premiumstore.sk/vodotesne-puzdro-puluz--60-m--s-rychloupinacim-drziakom-pre-insta360-x5--priehladne/","Heureka.sk | Elektronika | Foto, kamery, optika | Foto a kamery | Športové kamery","116.5","5905156106307","","","","","",""
"4603","Premiumstore.sk","Cp Plus CP-USC-DC24FL4-V3 2.4 Mpix venkovní dome kamera 4v1 s IR","","AT_CPP-CP-USC-DC24FL4-V3","https://www.premiumstore.sk/cp-usc-dc24fl4-v3-2-4-mpix-venkovni-dome-kamera-4v1-s-ir/","Bezpečnosť a smart domácnosť | Kamerové systémy | KAMERY 4v1 | 2.0 Mpix. / 2.4 Mpix.","95.5","4250593440820","","","","","",""
"4603","Premiumstore.sk","JTS MA-935 Adaptér","","MON_MA-935","https://www.premiumstore.sk/jts-ma-935-adapter/","Profesionálna audio technika | JTS | Mikrofóny a bezdrôtové systémy | Príslušenstvo","26.5","4007754256307","","","","","",""
"4603","Premiumstore.sk","Mini PC GEEKOM A8 Ryzen 9 8945HS 32 GB + 1 TB + Win11 Pro","","084415","https://www.premiumstore.sk/mini-pc-geekom-a8-ryzen-9-8945hs-32-gb-1-tb-win11-pro/","TV, audio a video | Počítače a príslušenstvo | Mini PC","1158","5905156101258","","","","","",""
"4603","Premiumstore.sk","Príslušenstvo BOYA BY-P160 protivětrný kryt 160x23mm","","PEN_5494114","https://www.premiumstore.sk/prislusenstvo-boya-by-p160-protivetrny-kryt-160x23mm/","Heureka.sk | Elektronika | TV, audio, video | Mikrofóny","50","4897040883351","","","","","",""
"4603","Premiumstore.sk","Torba Sunnylife from DJI Neo (czarna)","","071847","https://www.premiumstore.sk/torba-sunnylife-from-dji-neo--czarna/","Heureka.sk | Elektronika | Foto, kamery, optika | Drony a príslušenstvo | Príslušenstvo k dronom","10","5907085520308","","","","","",""
"4603","Premiumstore.sk","Bezdrôtový klopový mikrofón PULUZ","","089667","https://www.premiumstore.sk/bezdrotovy-klopovy-mikrofon-puluz-2/","Heureka.sk | Elektronika | TV, audio, video | Mikrofóny","16.5","5905156107052","","","","","",""
"4603","Premiumstore.sk","Cp Plus CP-UVR-0401F2-PI Čtyřkanálový aviation MDVR 5v1 DVR s kompresí H.265 (analog, HDCVI, AHD, TVI, IP)","","AT_CPP-CP-UVR-0401F2-PI","https://www.premiumstore.sk/cp-uvr-0401f2-pi-ctyrkanalovy-aviation-mdvr-5v1-dvr-s-kompresi-h-265--analog--hdcvi--ahd--tvi--ip-/","Bezpečnosť a smart domácnosť | Kamerové systémy | HDCVI a 5v1 videorekordéry | 4 kanály","574.9","4250593445481","","","","","",""
"4603","Premiumstore.sk","KMP H45 (CC644EE)","","KB_410210697909","https://www.premiumstore.sk/kmp-h45--cc644ee/","Heureka.sk | Elektronika | Počítače a notebooky | Tlačiarne a príslušenstvo | Náplne a farby do tlačiarní | Atramenty a refillkity","17.99","4011324710441","","","","","",""
"4603","Premiumstore.sk","Monacor PA-6040MPX 4-zónový mixpult","","MON_PA-6040MPX","https://www.premiumstore.sk/monacor-pa-6040mpx-4-zonovy-mixpult/","Profesionálna audio technika | Plošné ozvučenie (100V rozhlasové ozvučenie) | Matrix/mixy audio","816","4007754245615","","","","","",""
"4603","Premiumstore.sk","Solight P99B-PD20","","SOL_P99B-PD20","https://www.premiumstore.sk/solight-rozbocovac-s-usb-a-c-rychlonabijackou-20w-pd--2-x-10a--cierny--vypinac/","Heureka.sk | Dielňa, stavba, záhrada | Stavba | Elektromateriály | Elektroinštalačný materiál | Zásuvky, vypínače, termostaty | Zásuvky","8.9","8592718034856","8592718034856","Solight P99B-PD20","Dielňa, stavba, záhrada | Stavba | Elektromateriály | Elektroinštalačný materiál | Zásuvky, vypínače, termostaty | Zásuvky","8.19","12.95","zasuvky.heureka.sk/solight-p99b-pd20"
"4603","Premiumstore.sk","BOSE SoundLink Flex II - rosewood maueve","","BAS_BASYS-B_887612-0160","https://www.premiumstore.sk/bose-soundlink-flex-ii-rosewood-maueve/","Heureka.sk | Elektronika | TV, audio, video | Reproduktory, soundbary | Reprosústavy a reproduktory","179","","","","","","",""
"4603","Premiumstore.sk","Cp Plus CP-UNC-WD21L2-VMD 2.0 Mpix venkovní IP antivandal dome kamera s IR, WDR, Starlight a mikrofonem","","AT_CPP-CP-UNC-WD21L2-VMD","https://www.premiumstore.sk/cp-unc-wd21l2-vmd-2-0-mpix-venkovni-ip-antivandal-dome-kamera-s-ir--wdr--starlight-a-mikrofonem/","Heureka.sk | Elektronika | Počítače a notebooky | Sieťové prvky | IP kamery","172.5","","","","","","",""
"4603","Premiumstore.sk","Elokance BASESCREW10MM Other Speaker Spare Parts","","MON_BASESCREW10MM","https://www.premiumstore.sk/elokance-basescrew10mm-other-speaker-spare-parts/","Heureka.sk | Elektronika | TV, audio, video | Reproduktory, soundbary | Príslušenstvo k reproduktorom | Stojany a držiaky na reproduktory","29.9","3700752709615","","","","","",""
"4603","Premiumstore.sk","KMP H205BX (HP 653XL Black)","","KB_100001790329","https://www.premiumstore.sk/kmp-h205bx--hp-653xl-black/","Heureka.sk | Elektronika | Počítače a notebooky | Tlačiarne a príslušenstvo | Náplne a farby do tlačiarní | Atramenty a refillkity","10.9","4011324374568","","","","","",""
"4603","Premiumstore.sk","MINIS FORUM DEG1 Dokovacia stanica Oculink","","084882","https://www.premiumstore.sk/minis-forum-deg1-dokovacia-stanica-oculink/","Heureka.sk | Elektronika | Počítače a notebooky | Príslušenstvo k notebookom | Dokovacie stanice a replikátory portov","96","4897118836296","","","","","",""
"4603","Premiumstore.sk","Monacor SP-23/4RDP Miniatúrne podomietkové reproduktory, 8 Ω","","MON_SP-23_4RDP","https://www.premiumstore.sk/monacor-sp-23-4rdp-miniaturne-podomietkove-reproduktory--8-/","Heureka.sk | Elektronika | TV, audio, video | Reproduktory, soundbary | Reprosústavy a reproduktory","10.5","4007754024463","","","","","",""
"4603","Premiumstore.sk","Solatech Univerzální držák DIM PVC Trapéz XL pro konstrukci na PVC střechu (290/310)","","AT_DIM-XL","https://www.premiumstore.sk/univerzalni-drzak-dim-pvc-trapez-xl-pro-konstrukci-na-pvc-strechu--290-310/","Heureka.sk | Dielňa, stavba, záhrada | Stavba | Fotovoltaika | Fotovoltaické a solárne panely","23.5","","","","","","",""
"4603","Premiumstore.sk","TC ELECTRONIC DITTO 2 LOOPER Druhá generácia DITTO LOOPER","","BAS_BASYS-TC_0709-ALV86","https://www.premiumstore.sk/tc-electronic-ditto-2-looper-druha-generacia-ditto-looper/","Profesionálna audio technika | Hudobné nástroje a príslušenstvo | Gitarové príslušenstvo","99","","","","","","",""
"4603","Premiumstore.sk","Cp Plus CP-LNC-T81L3C-D 8.0 Mpix venkovní kompaktní IP kamera s IR přísvitem, kompresí H.265, WDR a mikrofo","","AT_CPP-CP-LNC-T81L3C-D","https://www.premiumstore.sk/cp-lnc-t81l3c-d-8-0-mpix-venkovni-kompaktni-ip-kamera-s-ir-prisvitem--kompresi-h-265--wdr-a-mikrofo/","Heureka.sk | Elektronika | Počítače a notebooky | Sieťové prvky | IP kamery","209","4250593447003","","","","","",""
"4603","Premiumstore.sk","Hlavica s guľovou hlavou z hliníkovej zliatiny Puluz s uchytením na studenú päticu (čierna)","","089600","https://www.premiumstore.sk/hlavica-s-gulovou-hlavou-z-hlinikovej-zliatiny-puluz-s-uchytenim-na-studenu-paticu--cierna/","Heureka.sk | Elektronika | Foto, kamery, optika | Príslušenstvo k fotoaparátom | Statívy a príslušenstvo | Statívy","19","5905156106895","","","","","",""
"4603","Premiumstore.sk","MONE MRH-300 PA stredovýškový horn","","MON_MRH-300","https://www.premiumstore.sk/mone-mrh-300-pa-stredovyskovy-horn/","Heureka.sk | Elektronika | TV, audio, video | Reproduktory, soundbary | Príslušenstvo k reproduktorom | Stojany a držiaky na reproduktory","46.9","","","","","","",""
"4603","Premiumstore.sk","NEEWER CA077 Univerzálny držiak na fotoaparát","","083762","https://www.premiumstore.sk/neewer-ca077-univerzalny-drziak-na-fotoaparat/","Heureka.sk | Elektronika | Foto, kamery, optika | Príslušenstvo k fotoaparátom | Blesky a príslušenstvo | Blesky k fotoaparátom","79.5","6976831839680","","","","","",""
"4603","Premiumstore.sk","Spúšť blesku GODOX X2T TTL pre Sony","","090948","https://www.premiumstore.sk/spust-blesku-godox-x2t-ttl-pre-sony/","Heureka.sk | Elektronika | Foto, kamery, optika | Príslušenstvo k fotoaparátom | Blesky a príslušenstvo | Blesky k fotoaparátom","51","6952344217092","","","","","",""
"4603","Premiumstore.sk","Volt Polska UPS VOLT Micro 1000VA 600W 9Ah POČÍTAČOVÝ UPS","","AT_TIP-06436973","https://www.premiumstore.sk/ups-volt-micro-1000va-600w-9ah-pocitacovy-ups/","Heureka.sk | Elektronika | Počítače a notebooky | Záložné zdroje | UPS","56","5903111886844","","","","","",""
"4603","Premiumstore.sk","AMIKO WIFI KIT - kamerový SET 2950","","AT_IST-KAMAMSET2950","https://www.premiumstore.sk/amiko-wifi-kit-kamerovy-set-2950/","Bezpečnosť a smart domácnosť | Kamerové systémy | Kamerové sety","305.9","5999883026106","","","","","",""
"4603","Premiumstore.sk","Cp Plus AI-VRS19-3U-180B Uzamykatelná skříňka na zeď pro DVR / NVR rekordéry","","AT_CPP-AI-VRS19-3U-180B","https://www.premiumstore.sk/ai-vrs19-3u-180b-uzamykatelna-skrinka-na-zed-pro-dvr-nvr-rekordery/","Bezpečnosť a smart domácnosť | Kamerové systémy | PRÍSLUŠENSTVO | Montážne skrine a racky","121.9","745178459198","","","","","",""
"4603","Premiumstore.sk","HPA PROMIX10RM Mixing Desk Accessories","","MON_PROMIX10RM","https://www.premiumstore.sk/hpa-promix10rm-mixing-desk-accessories/","Profesionálna audio technika | Pódium, diskotéka, DJ | mixy a powermixy | audio (MMX-)","39.9","3700752717405","","","","","",""
"4603","Premiumstore.sk","MOVA Z70 Ultra Roller kompletná sada – Metal Black","","090100","https://www.premiumstore.sk/mova-z70-ultra-roller-kompletna-sada---metal-black/","Heureka.sk | Domáce a osobné spotrebiče | Spotrebiče na upratovanie | Robotické vysávače","1616","6978794732930","","","","","",""
"4603","Premiumstore.sk","Monacor SP-7/4SQ Univerzálny reproduktor, 8 WMAX, 4 WRMS, 4 Ω","","MON_SP-7_4SQ","https://www.premiumstore.sk/monacor-sp-7-4sq-univerzalny-reproduktor--8-wmax--4-wrms--4-/","Heureka.sk | Elektronika | TV, audio, video | Reproduktory, soundbary | Reprosústavy a reproduktory","12","4007754137729","","","","","",""
"4603","Premiumstore.sk","Paddleboard Capriolo Orange 335 x 83x 15 cm, 150 kg","","PEN_120607","https://www.premiumstore.sk/paddleboard-capriolo-orange-335-x-83x-15-cm--150-kg/","Heureka.sk | Šport a outdoor | Športy | Vodné športy | Paddleboardy","272.9","8605011511433","8605011511433","Paddleboard Capriolo Orange S100130","Šport a outdoor | Športy | Vodné športy | Paddleboardy","261.19","269.27","paddleboardy.heureka.sk/paddleboard-capriolo-orange-s100130"
"4603","Premiumstore.sk","Spojka na stožáry rovná i křížová - 50mm","","AT_TCZ-E8695","https://www.premiumstore.sk/spojka-na-stozary-rovna-i-krizova-50mm/","Heureka.sk | Elektronika | TV, audio, video | Príslušenstvo k TV, audio-video | Príslušenstvo k TV | Antény | Satelitné antény","10.5","5907634527994","","","","","",""
"4603","Premiumstore.sk","BoomTone DJ SV100 Accessories (Cases, Stands)","","MON_SV100","https://www.premiumstore.sk/boomtone-dj-sv100-accessories--cases--stands/","Heureka.sk | Elektronika | TV, audio, video | Reproduktory, soundbary | Príslušenstvo k reproduktorom | Stojany a držiaky na reproduktory","29.9","2559210000150","","","","","",""
"4603","Premiumstore.sk","Cp Plus CP-ENC-D51PL3C 5.0 Mpix venkovní IP dome kamera s IR přísvitem a mikrofonem","","AT_CPP-CP-ENC-D51PL3C","https://www.premiumstore.sk/cp-enc-d51pl3c-5-0-mpix-venkovni-ip-dome-kamera-s-ir-prisvitem-a-mikrofonem/","Heureka.sk | Elektronika | Počítače a notebooky | Sieťové prvky | IP kamery","112.5","4250593447409","","","","","",""
"4603","Premiumstore.sk","IMG Stage Line WAVE-15A Aktívny širokopásmový reproduktorový systém, 400 W","","MON_WAVE-15A","https://www.premiumstore.sk/img-stage-line-wave-15a-aktivny-sirokopasmovy-reproduktorovy-system--400-w/","Profesionálna audio technika | Pódium, diskotéka, DJ | reproduktorové systémy | aktívne","537","4007754274004","","","","","",""
"4603","Premiumstore.sk","MacMa AS115 Active Loudspeaker","","MON_AS115","https://www.premiumstore.sk/macma-as115-active-loudspeaker/","Profesionálna audio technika | Pódium, diskotéka, DJ | reproduktorové systémy | aktívne","410","3700752714084","","","","","",""
"4603","Premiumstore.sk","Nintendo NS2 Mario Kart World","","KB_100002136649","https://www.premiumstore.sk/ns2-mario-kart-world/","Heureka.sk | Gaming | Hry na PC a konzoly | Hry na Nintendo | Hry na Nintendo DS","88.5","","","","","","",""
"4603","Premiumstore.sk","TANNOY CMS 503DC BM Reproduktor","","BAS_BASYS-TA_000-BTY00","https://www.premiumstore.sk/tannoy-cms-503dc-bm-reproduktor/","Profesionálna audio technika | Plošné ozvučenie (100V rozhlasové ozvučenie)","199","","","","","","",""
"4603","Premiumstore.sk","CP PLUS CP-LNR-4K3162 Síťový videorekordér (NVR) s kompresí H.265 pro připojení šestnácti IP kamer","","AT_CPP-CP-LNR-4K3162","https://www.premiumstore.sk/cp-plus-cp-lnr-4k3162-sitovy-videorekorder--nvr--s-kompresi-h-265-pro-pripojeni-sestnacti-ip-kamer/","Bezpečnosť a smart domácnosť | Kamerové systémy | IP sieťové videorekordéry (NVR) | 16 kanálů","410.5","4250593450331","","","","","",""
"4603","Premiumstore.sk","Elektrický bicykel ENGWE ZIP 250 W s 16-palcovými kolesami (sivý)","","088752","https://www.premiumstore.sk/elektricky-bicykel-engwe-zip-250-w-s-16-palcovymi-kolesami--sivy-/","Šport, hračky a voľný čas | Elektrické bicykle","1009","6975639441477","","","","","",""
"4603","Premiumstore.sk","Kamera endoskopická UNI-T UT667-5m","","AT_TIP-08811163","https://www.premiumstore.sk/kamera-endoskopicka-uni-t-ut667-5m/","Bezpečnosť a smart domácnosť | Kamerové systémy | Inspekční kamery, endoskopy","47.5","6935750566749","","","","","",""
"4603","Premiumstore.sk","Nástěnná nabíječka pro elektromobily Besen SQ20-11KW-APP","","077440","https://www.premiumstore.sk/nastenna-nabijacka-pre-elektromobily-besen-sq20-11kw-app/","Heureka.sk | Auto-moto | Elektromobilita a jej príslušenstvo | Príslušenstvo pre elektromobily | Nabíjačky pre elektromobily","299.5","5907085525358","5907085525358","Nástěnná nabíječka pro elektromobily Besen SQ20-11KW-APP","Auto-moto | Všetko pre autá | Autodoplnky | Autonavijaky","322.33","328.32","autonavijaky.heureka.sk/nastenna-nabijecka-pro-elektromobily-besen-sq20-11kw-app"
"4603","Premiumstore.sk","Solatech Univerzální držák DIM TPO pro konstrukci na TPO střechu s hydroizolací (Sarnafil)","","AT_DIM-TPO","https://www.premiumstore.sk/univerzalni-drzak-dim-tpo-pro-konstrukci-na-tpo-strechu-s-hydroizolaci--sarnafil/","Heureka.sk | Dielňa, stavba, záhrada | Stavba | Fotovoltaika | Fotovoltaické a solárne panely","31.5","","","","","","",""
"4603","Premiumstore.sk","Vaša fréza MAKERA Carvera CNC","","085498","https://www.premiumstore.sk/vasa-freza-makera-carvera-cnc/","Kreatívne technológie | CNC stroje","6680","6977641140072","","","","","",""
"4603","Premiumstore.sk","Běžecký pás REBEL ACTIVE RBA-1021 rychlost 1–12 km/h, 12 programů","","AT_LEC-RBA-1021","https://www.premiumstore.sk/bezecky-pas-rebel-active-rba-1021-rychlost-1-12-km-h--12-programu/","Heureka.sk | Šport a outdoor | Športy | Fitness | Trenažéry | Bežecké pásy","191.5","5901890136952","","","","","",""
"4603","Premiumstore.sk","Elokance X215A Active Loudspeaker","","MON_X215A","https://www.premiumstore.sk/elokance-x215a-active-loudspeaker/","Profesionálna audio technika | Pódium, diskotéka, DJ | reproduktorové systémy | aktívne","1129","3700752717030","","","","","",""
"4603","Premiumstore.sk","Loona Pletený kostým pre Loon Premium Student","","085989","https://www.premiumstore.sk/pleteny-kostym-pre-loon-premium-student/","Šport, hračky a voľný čas | Hračky | Vzdelávacie a interaktívne","25","6975062110995","","","","","",""
"4603","Premiumstore.sk","Monacor MRD-34PA PA Výškový reproduktor, 35 W, 8 Ω","","MON_MRD-34PA","https://www.premiumstore.sk/monacor-mrd-34pa-pa-vyskovy-reproduktor--35-w--8-/","Profesionálna audio technika | Reproduktory | drivery","36","4007754214192","","","","","",""
"4603","Premiumstore.sk","Sada 4 filtrov Sunnylife ND8/PL + ND16/PL + ND32/PL + ND64/PL pre Osmo Nano","","081542","https://www.premiumstore.sk/sada-4-filtrov-sunnylife-nd8-pl-nd16-pl-nd32-pl-nd64-pl-pre-osmo-nano/","Heureka.sk | Elektronika | Foto, kamery, optika | Foto a kamery | Športové kamery","22","5905156100404","","","","","",""
"4603","Premiumstore.sk","Zásuvkový termostatický regulátor teploty Meross MTS960HK (HomeKit)","","069800","https://www.premiumstore.sk/zasuvkovy-termostaticky-regulator-teploty-meross-mts960hk--homekit/","Heureka.sk | Dielňa, stavba, záhrada | Stavba | Elektromateriály | Elektroinštalačný materiál | Zásuvky, vypínače, termostaty | Zásuvky","36","6973696567604","6973696567604","Meross MTS960HK","Elektronika | Inteligentná domácnosť | Zásuvky pre inteligentnú domácnosť","37.95","45.9","zasuvky-pre-inteligentnu-domacnost.heureka.sk/meross-mts960hk"
"4603","Premiumstore.sk","CP PLUS CP-UNC-VC41ZL5C-VMD-Q 4.0 Mpix venkovní antivandal dome IP kamera s IR přísvitem, Starlight","","AT_CPP-CP-UNC-VC41ZL5C-VMD-Q","https://www.premiumstore.sk/cp-plus-cp-unc-vc41zl5c-vmd-q-4-0-mpix-venkovni-antivandal-dome-ip-kamera-s-ir-prisvitem--starlight/","Heureka.sk | Elektronika | Počítače a notebooky | Sieťové prvky | IP kamery","480.9","4250593450959","","","","","",""
"4603","Premiumstore.sk","Herný mikrofón Fifine A6VR (červený)","","087786","https://www.premiumstore.sk/herny-mikrofon-fifine-a6vr--cerveny/","Heureka.sk | Elektronika | TV, audio, video | Mikrofóny","29.9","5031192994315","","","","","",""
"4603","Premiumstore.sk","Kompletná sada príslušenstva PULUZ 45 v 1 PKT10","","090045","https://www.premiumstore.sk/kompletna-sada-prislusenstva-puluz-45-v-1-pkt10/","Heureka.sk | Elektronika | Foto, kamery, optika | Príslušenstvo k fotoaparátom | Statívy a príslušenstvo | Statívy","37","5905156107090","","","","","",""
"4603","Premiumstore.sk","Monacor DRM-884VP Nástenný modul pre ovládanie hlasitosti","","MON_DRM-884VP","https://www.premiumstore.sk/monacor-drm-884vp-nastenny-modul-pre-ovladanie-hlasitosti/","Profesionálna audio technika | Plošné ozvučenie (100V rozhlasové ozvučenie) | Matrix/mixy audio","179","4007754261813","","","","","",""
"4603","Premiumstore.sk","Okuliare EVEN REALITIES G2B AR (šedé)","","093229","https://www.premiumstore.sk/okuliare-even-realities-g2b-ar--sede/","Heureka.sk | Elektronika | TV, audio, video | Príslušenstvo k TV, audio-video | Príslušenstvo k TV | 3D okuliare","744.9","6977390120431","","","","","",""
"4603","Premiumstore.sk","TERRAMASTER T12-500 Pro NAS – súborový server s procesorom Intel Core i7-1255U, 16 GB RAM, 12 pozícií","","090324","https://www.premiumstore.sk/terramaster-t12-500-pro-nas---suborovy-server-s-procesorom-intel-core-i7-1255u--16-gb-ram--12-pozicii/","Heureka.sk | Elektronika | TV, audio, video | Hi-Fi komponenty | Sieťové prehrávače","2177.9","6939236145329","","","","","",""
"4603","Premiumstore.sk","Bose Pro BOSE DesignMax DM3C inštalačné reproduktory (pár), čierne","","BAS_BASYS-B_829708-0110","https://www.premiumstore.sk/bose-designmax-dm3c-instalacne-reproduktory--par-cierne/","Profesionálna audio technika | Plošné ozvučenie (100V rozhlasové ozvučenie)","540","","","","","","",""
"4603","Premiumstore.sk","Gosund EP2","","073706","https://www.premiumstore.sk/inteligentna-zasuvka-gosund-ep2-wifi--4-kusy--stvorbalenie--10a-tuya/","Heureka.sk | Dielňa, stavba, záhrada | Stavba | Elektromateriály | Elektroinštalačný materiál | Zásuvky, vypínače, termostaty | Zásuvky","28.9","6972391283260","6972391283260","Gosund EP2","Elektronika | Inteligentná domácnosť | Zásuvky pre inteligentnú domácnosť","8.54","66.9","zasuvky-pre-inteligentnu-domacnost.heureka.sk/gosund-ep2"
"4603","Premiumstore.sk","Kondenzátorový mikrofón Puluz s 8-pinovým konektorom a všesmerovou charakteristikou pre mobilné telefóny","","089605","https://www.premiumstore.sk/kondenzatorovy-mikrofon-puluz-s-8-pinovym-konektorom-a-vsesmerovou-charakteristikou-pre-mobilne-telefony/","Heureka.sk | Elektronika | TV, audio, video | Mikrofóny","45.5","5905156107014","","","","","",""
"4603","Premiumstore.sk","OBSBOT – otočná nabíjacie stanica s 360° otočným mechanizmom","","088844","https://www.premiumstore.sk/obsbot---otocna-nabijacie-stanica-s-360-otocnym-mechanizmom/","Heureka.sk | Elektronika | Foto, kamery, optika | Príslušenstvo k fotoaparátom | Blesky a príslušenstvo | Blesky k fotoaparátom","384.5","6971889230403","","","","","",""
"4603","Premiumstore.sk","TC Electronic Spark Mini Booster effect pedal","","BAS_BASYS-TC_960802001","https://www.premiumstore.sk/tc-electronic-spark-mini-booster-effect-pedal/","Profesionálna audio technika | Hudobné nástroje a príslušenstvo | Gitarové príslušenstvo","49","","","","","","",""
"4603","Premiumstore.sk","Cp Plus CP-LNC-D51L3C-D 5.0 Mpix venkovní dome IP kamera s IR přísvitem, kompresí H.265, WDR a mikrofonem","","AT_CPP-CP-LNC-D51L3C-D","https://www.premiumstore.sk/cp-lnc-d51l3c-d-5-0-mpix-venkovni-dome-ip-kamera-s-ir-prisvitem--kompresi-h-265--wdr-a-mikrofonem/","Heureka.sk | Elektronika | Počítače a notebooky | Sieťové prvky | IP kamery","126.9","4250593446976","","","","","",""
"4603","Premiumstore.sk","IN 553048","","SOL_PP128C-PD20","https://www.premiumstore.sk/solight-vestavny-blok-zasuviek-s-posuvnym-krytom--2-zasuvky--usb-a-c-20w-pd--2m--strieborny/","Heureka.sk | Elektronika | TV, audio, video | Príslušenstvo k TV, audio-video | Príslušenstvo k TV | Predlžovacie káble","58.5","8592718041472","8592718041472","IN 553048","Dielňa, stavba, záhrada | Stavba | Elektromateriály | Elektroinštalačný materiál | Zásuvky, vypínače, termostaty | Zásuvky","17.9","69.99","zasuvky.heureka.sk/in-553048"
"4603","Premiumstore.sk","Monacor EUL-2SUB/SW Subwoofer v 100V linkovej technológii","","MON_EUL-2SUB_SW","https://www.premiumstore.sk/monacor-eul-2sub-sw-subwoofer-v-100v-linkovej-technologii/","Profesionálna audio technika | Plošné ozvučenie (100V rozhlasové ozvučenie) | Reproduktory","815","4007754242256","","","","","",""
"4603","Premiumstore.sk","Salente IceQueen černá","","KB_100002097168","https://www.premiumstore.sk/salente-icequeen-cerna/","Heureka.sk | Domáce a osobné spotrebiče | Kuchynské spotrebiče | Príprava nápojov | Rýchlovarné kanvice","19.9","8595683204033","8595683204033","Salente IceQueen, 1,7 l čierna","Domáce a osobné spotrebiče | Kuchynské spotrebiče | Príprava nápojov | Rýchlovarné kanvice","19.29","25.76","rychlovarne-kanvice.heureka.sk/salente-icequeen-1_7-l-cierna"
"4603","Premiumstore.sk","Štít PGYTECH pre DJI Osmo Action 5 Pro","","073930","https://www.premiumstore.sk/stit-pgytech-pre-dji-osmo-action-5-pro/","Heureka.sk | Elektronika | Foto, kamery, optika | Foto a kamery | Športové kamery","30.5","6976100488496","","","","","",""
"4603","Premiumstore.sk","CP PLUS CP-UNC-DA21PL3-0360 2.0 Mpix venkovní IP dome kamera s IR","","AT_CPP-CP-UNC-DA21PL3-0360","https://www.premiumstore.sk/cp-plus-cp-unc-da21pl3-0360--2-0-mpix-venkovni-ip-dome-kamera-s-ir/","Heureka.sk | Elektronika | Počítače a notebooky | Sieťové prvky | IP kamery","110.9","4250593435864","","","","","",""
"4603","Premiumstore.sk","Dokovacia stanica Peladn S-3 Thunderbolt 5","","087720","https://www.premiumstore.sk/dokovacia-stanica-peladn-s-3-thunderbolt-5/","Heureka.sk | Elektronika | Počítače a notebooky | Príslušenstvo k notebookom | Dokovacie stanice a replikátory portov","304.5","6972410028261","","","","","",""
"4603","Premiumstore.sk","JTS IE-1 Stereo in-ear slúchadlá","","MON_IE-1","https://www.premiumstore.sk/jts-ie-1-stereo-in-ear-sluchadla/","Profesionálna audio technika | JTS | Mikrofóny a bezdrôtové systémy | In-ear monitorovacie systémy","106.5","4007754194920","","","","","",""
"4603","Premiumstore.sk","LAUD OPTIMA-380/W Smerová nástenná kolóna Biela","","MON_OPTIMA-380_W","https://www.premiumstore.sk/laud-optima-380-w-smerova-nastenna-kolona-biela/","Heureka.sk | Elektronika | TV, audio, video | Reproduktory, soundbary | Reprosústavy a reproduktory","189","5905143219454","","","","","",""
"4603","Premiumstore.sk","Mobilný ovládač GameSir X3 Pro USB-C s držiakom na telefón","","075408","https://www.premiumstore.sk/mobilny-ovladac-gamesir-x3-pro-usb-c-s-drziakom-na-telefon/","Heureka.sk | Elektronika | TV, audio, video | Príslušenstvo k TV, audio-video | Príslušenstvo k TV | Diaľkové ovládače","67.9","6936685221277","","","","","",""
"4603","Premiumstore.sk","Prenosná fototlačiareň LIENE Pearl N200 Pro 2x3"" (fialová)","","088529","https://www.premiumstore.sk/prenosna-fototlaciaren-liene-pearl-n200-pro-2x3-fialova/","Heureka.sk | Elektronika | Počítače a notebooky | Tlačiarne a príslušenstvo | Tlačiarne","83.5","6971398602746","","","","","",""
"4603","Premiumstore.sk","Súborový server TERRAMASTER U4-500 NAS s procesorom Intel Pentium Gold 8505, 8 GB RAM a 4 pozíciami","","090325","https://www.premiumstore.sk/suborovy-server-terramaster-u4-500-nas-s-procesorom-intel-pentium-gold-8505--8-gb-ram-a-4-poziciami/","Heureka.sk | Elektronika | TV, audio, video | Hi-Fi komponenty | Sieťové prehrávače","936","6939236146609","","","","","",""
"4603","Premiumstore.sk","ANLAN 01-AAMY51-02 Akupresúrny masážny prístroj 3 v 1","","087135","https://www.premiumstore.sk/anlan-01-aamy51-02-akupresurny-masazny-pristroj-3-v-1/","Heureka.sk | Domáce a osobné spotrebiče | Starostlivosť o telo a zdravie | Starostlivosť o telo | Masážne prístroje","63.5","6977254878669","","","","","",""
"4603","Premiumstore.sk","ARVOX CS-Q120 Stĺpový reproduktor 240Wrms","","MON_CS-Q120","https://www.premiumstore.sk/arvox-cs-q120-stlpovy-reproduktor-240wrms/","Profesionálna audio technika | Plošné ozvučenie (100V rozhlasové ozvučenie) | Reproduktory | nástenné","414.5","","","","","","",""
"4603","Premiumstore.sk","Acer Nitro KG240YP0BI","","KB_100002204147","https://www.premiumstore.sk/acer-nitro-kg240yp0bi/","TV, audio a video | Počítače a príslušenstvo | Monitory","59.5","4711721022962","","","","","",""
"4603","Premiumstore.sk","Automatický dávkovač MOVA PF10 Pro","","074758","https://www.premiumstore.sk/automaticky-davkovac-mova-pf10-pro/","Heureka.sk | Chovateľské potreby | Pre psov | Misky a zásobníky pre psov","95.9","6977728940984","","","","","",""
"4603","Premiumstore.sk","Baterka Superfire G19","","089388","https://www.premiumstore.sk/baterka-superfire-g19/","Heureka.sk | Bývanie a doplnky | Osvetlenie a svietidlá | Svietidlá","11.9","6975515776525","","","","","",""
"4603","Premiumstore.sk","BoomTone DJ SP110 Accessories (Cases, Stands)","","MON_SP110","https://www.premiumstore.sk/boomtone-dj-sp110-accessories--cases--stands/","Heureka.sk | Elektronika | TV, audio, video | Reproduktory, soundbary | Príslušenstvo k reproduktorom | Stojany a držiaky na reproduktory","12.5","2559511000149","","","","","",""
"4603","Premiumstore.sk","BoomTone DJ WS1 Accessories (Cases, Stands)","","MON_WS1","https://www.premiumstore.sk/boomtone-dj-ws1-accessories--cases--stands/","Heureka.sk | Elektronika | TV, audio, video | Reproduktory, soundbary | Príslušenstvo k reproduktorom | Stojany a držiaky na reproduktory","25.5","3700752701602","","","","","",""
"4603","Premiumstore.sk","Bose Pro BOSE DesignMax DM3SE Vonkajší reproduktor na povrchovú montáž, biely","","BAS_BASYS-B_829712-0220","https://www.premiumstore.sk/bose-designmax-dm3se-vonkajsi-reproduktor-na-povrchovu-montaz--biely-2/","Profesionálna audio technika | Plošné ozvučenie (100V rozhlasové ozvučenie)","680","","","","","","",""
"4603","Premiumstore.sk","Bose Pro BOSE DesignMax DM3SE Vonkajší reproduktor na povrchovú montáž, biely","","BAS_BASYS-B_829712-0210","https://www.premiumstore.sk/bose-designmax-dm3se-vonkajsi-reproduktor-na-povrchovu-montaz--biely/","Profesionálna audio technika | Plošné ozvučenie (100V rozhlasové ozvučenie)","660","","","","","","",""
"4603","Premiumstore.sk","Bose Pro BOSE DesignMax DM6PE závesné inštalačné reproduktory, čierne","","BAS_BASYS-B_841168-0120","https://www.premiumstore.sk/bose-designmax-dm6pe-zavesne-instalacne-reproduktory--cierne/","Profesionálna audio technika | Plošné ozvučenie (100V rozhlasové ozvučenie)","1050","","","","","","",""
"4603","Premiumstore.sk","Bose Pro BOSE FreeSpace FS2SE Reproduktor na povrchovú montáž, biely","","BAS_BASYS-B_841151-0420","https://www.premiumstore.sk/bose-freespace-fs2se-reproduktor-na-povrchovu-montaz--biely/","Profesionálna audio technika | Plošné ozvučenie (100V rozhlasové ozvučenie)","420","","","","","","",""
"4603","Premiumstore.sk","Bose Pro BOSE FreeSpace FS4CE Stropný reproduktor, biely","","BAS_BASYS-B_841156-0420","https://www.premiumstore.sk/bose-freespace-fs4ce-stropny-reproduktor--biely/","Profesionálna audio technika | Plošné ozvučenie (100V rozhlasové ozvučenie)","520","","","","","","",""
"4603","Premiumstore.sk","CANON CLI-551 C/M/Y/BK Pack","","KB_700005555221","https://www.premiumstore.sk/canon-cli-551-c-m-y-bk-pack/","Heureka.sk | Elektronika | Počítače a notebooky | Tlačiarne a príslušenstvo | Náplne a farby do tlačiarní | Atramenty a refillkity","48.5","8714574679235","8714574679235","Canon 6509B015 - originálny","Elektronika | Počítače a notebooky | Tlačiarne a príslušenstvo | Náplne a farby do tlačiarní | Náplne a tonery - originálne","29.95","104.84","naplne-a-tonery.heureka.sk/canon-6509b015-originalny"
"4603","Premiumstore.sk","CP PLUS CP-UNB-C22 IP dveřní kamerová jednotka","","AT_CP-UNB-C22","https://www.premiumstore.sk/cp-plus-cp-unb-c22-ip-dverni-kamerova-jednotka/","Heureka.sk | Dielňa, stavba, záhrada | Stavba | Elektromateriály | Domová komunikácia | Domové telefóny a videotelefóny","188.5","4250593416672","","","","","",""
"4603","Premiumstore.sk","Cable for the WAYDOO EVO remote control","","087034","https://www.premiumstore.sk/cable-for-the-waydoo-evo-remote-control/","Heureka.sk | Šport a outdoor | Športy | Vodné športy | Potápačské vybavenie | Podvodné skútre","25.9","5905156104594","","","","","",""
"4603","Premiumstore.sk","Carspa HS-120-48 průmyslový zdroj spínaný 48V 120W","","AT_ABT-A500000192","https://www.premiumstore.sk/carspa-hs-120-48-prumyslovy-zdroj-spinany-48v-120w/","Fotovoltaika a energie | Napájacie zdroje | Priemyselné zdroje","16.5","6970355991046","","","","","",""
"4603","Premiumstore.sk","Carspa HS-250-48 průmyslový zdroj spínaný 48V 250W","","AT_ABT-52900998","https://www.premiumstore.sk/carspa-hs-250-48-prumyslovy-zdroj-spinany-48v-250w/","Fotovoltaika a energie | Napájacie zdroje | Priemyselné zdroje","24","6970355991077","","","","","",""
"4603","Premiumstore.sk","Carspa HS-350-15 průmyslový zdroj spínaný 15V 350W","","AT_ABT-A500000183","https://www.premiumstore.sk/carspa-hs-350-15-prumyslovy-zdroj-spinany-15v-350w/","Fotovoltaika a energie | Napájacie zdroje | Priemyselné zdroje","34","6970355993187","","","","","",""
"4603","Premiumstore.sk","Cp Plus CP-PR-102 Uzamykatelná skříňka na zeď pro velké DVR / NVR přehrávače (černá)","","AT_CPP-CP-PR-102","https://www.premiumstore.sk/cp-pr-102-uzamykatelna-skrinka-na-zed-pro-velke-dvr-nvr-prehravace--cerna-/","Bezpečnosť a smart domácnosť | Kamerové systémy | PRÍSLUŠENSTVO | Montážne skrine a racky","194.5","5901643195687","","","","","",""
"4603","Premiumstore.sk","Cp Plus CP-UNR-4K4082-P8V4 Síťový videorekordér H.265 4K pro osm IP kamer s PoE","","AT_CPP-CP-UNR-4K4082-P8V4","https://www.premiumstore.sk/cp-unr-4k4082-p8v4-sitovy-videorekorder-h-265-4k-pro-osm-ip-kamer-s-poe/","Bezpečnosť a smart domácnosť | Kamerové systémy | IP sieťové videorekordéry (NVR) | 8 kanálů","530.9","4250593439596","","","","","",""
"4603","Premiumstore.sk","Cp Plus CP-UVC-VB24FL3-B CP-UVC-VB24FL3-B 2.4 Mpix venkovní HDCVI kamera s IR přísvitem","","AT_CPP-CP-UVC-VB24FL3-B","https://www.premiumstore.sk/cp-uvc-vb24fl3-b-cp-uvc-vb24fl3-b-2-4-mpix-venkovni-hdcvi-kamera-s-ir-prisvitem/","Bezpečnosť a smart domácnosť | Kamerové systémy | HDCVI, HDTVI, AHD kamery","123","4250593446631","","","","","",""
"4603","Premiumstore.sk","Cp Plus HDD 3.5"" 8TB 256MB Seagate SKYHAWK pro kamerové systémy CP-PR-145","","AT_CPP-CP-PR-145","https://www.premiumstore.sk/hdd-3-5--8tb-256mb-seagate-skyhawk-pro-kamerove-systemy-cp-pr-145/","Heureka.sk | Elektronika | Počítače a notebooky | Príslušenstvo k počítačom | Pamäťové karty","437.5","","","","","","",""
"4603","Premiumstore.sk","Cyklotrenažér Cycplus R200","","082894","https://www.premiumstore.sk/cyklotrenazer-cycplus-r200/","Šport, hračky a voľný čas | Elektrické bicykle","373.9","6976297861300","","","","","",""
"4603","Premiumstore.sk","Diagnostický skener pre motocykle ANCEL MT310","","087778","https://www.premiumstore.sk/diagnosticky-skener-pre-motocykle-ancel-mt310/","Auto-moto | Diagnostické nástroje","296.9","6978281190533","6978281190533","Ancel MT310","Auto-moto | Všetko pre autá | Elektronika do auta | Autodiagnostiky","296.9","336.9","autodiagnostiky.heureka.sk/ancel-mt310"
"4603","Premiumstore.sk","Držiak Puluz na riadidlá pre bicykle a motocykle, kompatibilný s akčnými kamerami a monopodmi","","089670","https://www.premiumstore.sk/drziak-puluz-na-riadidla-pre-bicykle-a-motocykle--kompatibilny-s-akcnymi-kamerami-a-monopodmi/","Heureka.sk | Elektronika | Foto, kamery, optika | Príslušenstvo k fotoaparátom | Statívy a príslušenstvo | Statívy","22","5905156106628","","","","","",""
"4603","Premiumstore.sk","Dálkový ovladač ALIEN ALMA 1660 náhrada","","AT_DOALMA1660N","https://www.premiumstore.sk/dalkovy-ovladac-alien-alma-1660-nahrada/","Heureka.sk | Elektronika | TV, audio, video | Príslušenstvo k TV, audio-video | Príslušenstvo k TV | Diaľkové ovládače","10.5","","","","","","",""
"4603","Premiumstore.sk","Elektrický bicykel ENGWE EP-2 3.0 BOOST 250 W s 20-palcovými kolesami (čierny)","","088760","https://www.premiumstore.sk/elektricky-bicykel-engwe-ep-2-3-0-boost-250-w-s-20-palcovymi-kolesami--cierny-/","Šport, hračky a voľný čas | Elektrické bicykle","1244.9","6975639441316","","","","","",""
"4603","Premiumstore.sk","Elokance OPUS18210SAARRAY Line Array","","MON_OPUS18210SAARRAY","https://www.premiumstore.sk/elokance-opus18210saarray-line-array/","Profesionálna audio technika | Pódium, diskotéka, DJ | reproduktorové systémy | aktívne","1639","3700752718211","","","","","",""
"4603","Premiumstore.sk","Energy Sistem Fabric Box 3+ Trend Blueberry","","BAS_BASYS-EN_446513","https://www.premiumstore.sk/energy-sistem-fabric-box-3--trend-blueberry/","Heureka.sk | Elektronika | TV, audio, video | Reproduktory, soundbary | Reprosústavy a reproduktory","29.9","","","","","","",""
"4603","Premiumstore.sk","Energy Sistem Urban Box Supernova prenosný reproduktor, modrý","","BAS_BASYS-EN_454952","https://www.premiumstore.sk/energy-sistem-urban-box-supernova-prenosny-reproduktor--modry/","Heureka.sk | Elektronika | TV, audio, video | Reproduktory, soundbary | Reprosústavy a reproduktory","49.9","","","","","","",""
"4603","Premiumstore.sk","Energy Sistem Urban Box Supernova prenosný reproduktor, čierny","","BAS_BASYS-EN_454938","https://www.premiumstore.sk/energy-sistem-urban-box-supernova-prenosny-reproduktor--cierny/","Heureka.sk | Elektronika | TV, audio, video | Reproduktory, soundbary | Reprosústavy a reproduktory","49.9","","","","","","",""
"4603","Premiumstore.sk","Filter kit for DJI Osmo Pocket 3 Neewer FL-P10 (ND8~1000,LPR,MIST1/4 ,CPL,ND8/PL~ND64/PL","","065174","https://www.premiumstore.sk/filter-kit-for-dji-osmo-pocket-3-neewer-fl-p10--nd8-1000-lpr-mist1-4--cpl-nd8-pl-nd64-pl/","Heureka.sk | Elektronika | Foto, kamery, optika | Foto a kamery | Športové kamery","85","6976831838317","","","","","",""
"4603","Premiumstore.sk","Fixed Orb 2 nabíjací USB-C adaptér pre Apple Watch s podporou rýchlonabíjania, biely FIXORB2-WH","","KB_100002172036","https://www.premiumstore.sk/fixed-fixorb2-wh-nabijeci-usb-c-adapter/","TV, audio a video | Mobily a tablety | Príslušenstvo | Nabíjačky pre mobily","15.9","8591680183555","8591680183555","Fixed Orb 2 nabíjací USB-C adaptér pre Apple Watch s podporou rýchlonabíjania, biely FIXORB2-WH","Elektronika | Mobily, tablety, nositeľná elektronika | Príslušenstvo k prenosnej elektronike | Príslušenstvo k inteligentným hodinkám | Dobíjacie káble pre inteligentné hodinky","15.9","26.83","kable-inteligentne-hodinky.heureka.sk/fixed-orb-2-nabijaci-usb-c-adapter-pre-apple-watch-s-podporou-rychlonabijania-biely-fixorb2-wh"
"4603","Premiumstore.sk","Fixed sklo SamsG TabA11/A9 FIXGT-1650-TR","","KB_100002197828","https://www.premiumstore.sk/fixed-sklo-samsg-taba11-a9-fixgt-1650-tr/","Heureka.sk | Elektronika | Mobily, tablety, nositeľná elektronika | Príslušenstvo k mobilom | Puzdrá, sklá, fólie | Tvrdené sklá na mobilné telefóny","14.5","8591680190706","","","","","",""
"4603","Premiumstore.sk","Fotovoltaický solární panel SOLARFAM SZ-100-FC-B","","AT_ATO-A500006731","https://www.premiumstore.sk/fotovoltaicky-solarni-panel-solarfam-sz-100-fc-b/","Heureka.sk | Dielňa, stavba, záhrada | Stavba | Fotovoltaika | Fotovoltaické a solárne panely","113.9","","","","","","",""
"4603","Premiumstore.sk","Fve Držák pro fotovoltaický panel rohový - balení 4ks, černý","","AT_TIP-04290059","https://www.premiumstore.sk/drzak-pro-fotovoltaicky-panel-rohovy-baleni-4ks--cerny/","Heureka.sk | Dielňa, stavba, záhrada | Stavba | Fotovoltaika | Fotovoltaické a solárne panely","13","8595118884564","","","","","",""
"4603","Premiumstore.sk","Fve Hliníková FV podpěra na plochou střechu JIH 15° + EPDM /1240x327mm/","","AT_1240X327MM15JIH","https://www.premiumstore.sk/hlinikova-fv-podpera-na-plochou-strechu-jih-15---epdm--1240x327mm/","Heureka.sk | Dielňa, stavba, záhrada | Stavba | Fotovoltaika | Fotovoltaické a solárne panely","26.5","","","","","","",""
"4603","Premiumstore.sk","Fve Hliníková FV přídavná podpěra na plochou střechu V-Z 10°","","AT_KRA-SKVZP","https://www.premiumstore.sk/hlinikova-fv-pridavna-podpera-na-plochou-strechu-v-z-10--/","Heureka.sk | Dielňa, stavba, záhrada | Stavba | Fotovoltaika | Fotovoltaické a solárne panely","36.5","","","","","","",""
"4603","Premiumstore.sk","Fve Wifi modul pro hybridní měniče řady EM","","AT_ATO-G454","https://www.premiumstore.sk/wifi-modul-pro-hybridni-menice-rady-em/","Heureka.sk | Dielňa, stavba, záhrada | Stavba | Fotovoltaika | Solárne regulátory","58.5","8596425212392","","","","","",""
"4603","Premiumstore.sk","Godox VC26","","090966","https://www.premiumstore.sk/nabijacka-baterii-godox-vc26-pre-model-v1-ad100pro/","Heureka.sk | Elektronika | Foto, kamery, optika | Príslušenstvo k fotoaparátom | Blesky a príslušenstvo | Blesky k fotoaparátom","14.5","6952344217504","6952344217504","Godox VC26","Elektronika | Foto, kamery, optika | Príslušenstvo k fotoaparátom | Batérie a nabíjačky pre foto a video | Foto - Video nabíjačky","20","24.5","foto-video-nabijacky-a-zdroje.heureka.sk/godox-vc26"
"4603","Premiumstore.sk","Gril elektrický Ruhhy 26176","","AT_ITR-00019361","https://www.premiumstore.sk/gril-elektricky-ruhhy-26176/","Domáce spotrebiče | Malé spotrebiče | Grily, pekárne, variče | Elektrické grily","30.9","5900779957893","","","","","",""
"4603","Premiumstore.sk","HP 305XL Black, 3YM62AE","","KB_100000908074","https://www.premiumstore.sk/hp-305xl-black--3ym62ae/","Heureka.sk | Elektronika | Počítače a notebooky | Tlačiarne a príslušenstvo | Náplne a farby do tlačiarní | Atramenty a refillkity","27.9","194441597356","194441597356","HP 3YM62AE - originálny","Elektronika | Počítače a notebooky | Tlačiarne a príslušenstvo | Náplne a farby do tlačiarní | Náplne a tonery - originálne","21.5","38.3","naplne-a-tonery.heureka.sk/hp-3ym62ae-originalny"
"4603","Premiumstore.sk","HPA WS400WH 100V Public Address Speaker","","MON_WS400WH","https://www.premiumstore.sk/hpa-ws400wh-100v-public-address-speaker/","Profesionálna audio technika | Plošné ozvučenie (100V rozhlasové ozvučenie) | Reproduktory | nástenné","153","3700752716828","","","","","",""
"4603","Premiumstore.sk","IMG Stage Line FLAT-M8 Active PA stage monitor speaker system, 300 W","","MON_FLAT-M8","https://www.premiumstore.sk/img-stage-line-flat-m8-active-pa-stage-monitor-speaker-system--300-w/","Profesionálna audio technika | Pódium, diskotéka, DJ | reproduktorové systémy | aktívne","479","4007754415780","","","","","",""
"4603","Premiumstore.sk","Inteligentná zásuvka IMOU CE2P, sada 4 ks","","087831","https://www.premiumstore.sk/inteligentna-zasuvka-imou-ce2p--sada-4-ks/","Heureka.sk | Dielňa, stavba, záhrada | Stavba | Elektromateriály | Elektroinštalačný materiál | Zásuvky, vypínače, termostaty | Zásuvky","36.9","6937479643282","6937479643282","Imou by Dahua CE2P IOT-CE2P-16A-MAT-EU","Elektronika | Inteligentná domácnosť | Zásuvky pre inteligentnú domácnosť","9.4","62.64","zasuvky-pre-inteligentnu-domacnost.heureka.sk/imou-by-dahua-ce2p-iot-ce2p-16a-mat-eu"
"4603","Premiumstore.sk","JTS E-7TB/5 UHF PLL vreckový vysielač s klopovým (lavalierovým) mikrofónom","","MON_E-7TB_5","https://www.premiumstore.sk/jts-e-7tb-5-uhf-pll-vreckovy-vysielac-s-klopovym--lavalierovym--mikrofonom/","Profesionálna audio technika | JTS | Mikrofóny a bezdrôtové systémy | Bezdrôtové systémy","164","4007754273663","","","","","",""
"4603","Premiumstore.sk","KMP C78 / CL-511","","KB_410210877909","https://www.premiumstore.sk/kmp-c78-cl-511/","Heureka.sk | Elektronika | Počítače a notebooky | Tlačiarne a príslušenstvo | Náplne a farby do tlačiarní | Atramenty a refillkity","17.99","4053617048060","","","","","",""
"4603","Premiumstore.sk","KMP H44 (CC641EE)","","KB_410210687909","https://www.premiumstore.sk/kmp-h44--cc641ee/","Heureka.sk | Elektronika | Počítače a notebooky | Tlačiarne a príslušenstvo | Náplne a farby do tlačiarní | Atramenty a refillkity","13.99","4011324710410","","","","","",""
"4603","Premiumstore.sk","KNG KM-21367 Dištančná trubica","","MON_KM-21367","https://www.premiumstore.sk/kng-km-21367-distancna-trubica/","Heureka.sk | Elektronika | TV, audio, video | Reproduktory, soundbary | Príslušenstvo k reproduktorom | Stojany a držiaky na reproduktory","135","4016842826858","4016842826858","König & Meyer 21367","Elektronika | TV, audio, video | Reproduktory, soundbary | Príslušenstvo k reproduktorom | Stojany a držiaky na reproduktory","66.3","76","stojany-a-drziaky-na-reproduktory.heureka.sk/konig-meyer-21367"
"4603","Premiumstore.sk","KNG KM-24110 Držiak na stenu pre PA reproduktorové systémy","","MON_KM-24110","https://www.premiumstore.sk/kng-km-24110-drziak-na-stenu-pre-pa-reproduktorove-systemy/","Heureka.sk | Elektronika | TV, audio, video | Reproduktory, soundbary | Príslušenstvo k reproduktorom | Stojany a držiaky na reproduktory","128","4016842814527","4016842814527","Konig & Meyer 24110","Elektronika | TV, audio, video | Reproduktory, soundbary | Príslušenstvo k reproduktorom | Stojany a držiaky na reproduktory","75.9","79","stojany-a-drziaky-na-reproduktory.heureka.sk/konig-meyer-24110"
"4603","Premiumstore.sk","Kamera TP-Link Tapo C675D KIT 2× 2K, vonkajšia, IP PTZ, WiFi, prisvietenie, sol. panel","","PEN_52932460","https://www.premiumstore.sk/kamera-tp-link-tapo-c675d-kit-2-2k--vonkajsia--ip-ptz--wifi--prisvietenie--sol--panel/","Heureka.sk | Elektronika | Počítače a notebooky | Sieťové prvky | IP kamery","269.5","8885020629903","8885020629903","TP Link Tapo C675D","Elektronika | Počítače a notebooky | Sieťové prvky | IP kamery","224.14","231.71","ip-kamery.heureka.sk/tp-link-tapo-c675d"
"4603","Premiumstore.sk","Kamerová jednotka pro monitor GoSmart EMOS IP880B 2WIRE a videotelefon IP-880A 2WIRE, 1 tlač.","","AT_ATO-3010040820","https://www.premiumstore.sk/kamerova-jednotka-pro-monitor-gosmart-emos-ip880b-2wire-a-videotelefon-ip-880a-2wire--1-tlac-/","Bezpečnosť a smart domácnosť | Smart domácnosť | Zvončeky","164.5","8592920157565","","","","","",""
"4603","Premiumstore.sk","Kompletný čistiaci robot MOVA Z70 Ultra Roller - stone black","","088726","https://www.premiumstore.sk/kompletny-cistiaci-robot-mova-z70-ultra-roller-stone-black/","Heureka.sk | Domáce a osobné spotrebiče | Spotrebiče na upratovanie | Robotické vysávače","1616","6978794732879","","","","","",""
"4603","Premiumstore.sk","Kruger & Matz Kamera IP vnitřní Kruger&Matz Connect C25 2K Tuya Wi-Fi","","AT_ATO-KM2216","https://www.premiumstore.sk/kamera-ip-vnitrni-kruger-matz-connect-c25-2k-tuya-wi-fi/","Heureka.sk | Elektronika | Počítače a notebooky | Sieťové prvky | IP kamery","35.5","5901890114943","5901890114943","Krüger & Matz Connect C25 Tuya","Elektronika | Počítače a notebooky | Sieťové prvky | IP kamery","38.29","39","ip-kamery.heureka.sk/kruger-matz-connect-c25-tuya"
"4603","Premiumstore.sk","LAUD AMBIENT-6PRO/W Stropný stereo reproduktor, biely","","MON_AMBIENT-6PRO_W","https://www.premiumstore.sk/laud-ambient-6pro-w-stropny-stereo-reproduktor--biely/","Heureka.sk | Elektronika | TV, audio, video | Reproduktory, soundbary | Reprosústavy a reproduktory","140","5905143219485","","","","","",""
"4603","Premiumstore.sk","LCD displej KRUGER & MATZ KM2020 Android Auto Apple Carplay s couvací kamerou","","AT_LEC-KM2020","https://www.premiumstore.sk/lcd-displej-kruger-matz-km2020-android-auto-apple-carplay-s-couvaci-kamerou/","Heureka.sk | Elektronika | TV, audio, video | Prenosné audio | Rádioprijímače","56","5901890116978","","","","","",""
"4603","Premiumstore.sk","Laserový senzor pohybu F&F DRL-60-12-1 12V DC bílý","","AT_FIR-1622156","https://www.premiumstore.sk/laserovy-senzor-pohybu-f-f-drl-60-12-1-12v-dc-bily/","Bezpečnosť a smart domácnosť | Zabezpečenie | Laserové senzory pohybu","129","5902431675589","","","","","",""
"4603","Premiumstore.sk","MEROSS MSS815MAQUA-UN – 4-dielna sada inteligentných Wi-Fi vypínačov","","089468","https://www.premiumstore.sk/meross-mss815maqua-un---4-dielna-sada-inteligentnych-wi-fi-vypinacov/","Bezpečnosť a smart domácnosť | Riadiace jednotky | Smart ovládače","47.9","6942349202087","","","","","",""
"4603","Premiumstore.sk","MHPower MPU-1200-12","","AT_ATO-A500007433","https://www.premiumstore.sk/zalozni-zdroj-mhpower-wpu-1050-12--ups--1050w--cisty-sinus--12v/","Heureka.sk | Elektronika | Počítače a notebooky | Záložné zdroje | UPS","185","8594199732221","8594199732221","MHPower MPU-1200-12","Elektronika | Počítače a notebooky | Záložné zdroje | UPS","39.66","176.96","ups.heureka.sk/mhpower-mpu-1200-12"
"4603","Premiumstore.sk","MHPower napájecí adaptér 48V 2A 96W pro MikroTik s napájecím kabelem","","AT_ABT-A500003018","https://www.premiumstore.sk/mhpower-napajeci-adapter-48v-2a-96w-pro-mikrotik-s-napajecim-kabelem/","Bezpečnosť a smart domácnosť | Kamerové systémy | PRÍSLUŠENSTVO | Napájacie zdroje","20","8594199730944","","","","","",""
"4603","Premiumstore.sk","MOES WCM-Q09 8MP Wi-Fi 6 IP kamera","","087543","https://www.premiumstore.sk/moes-wcm-q09-8mp-wi-fi-6-ip-kamera/","Heureka.sk | Elektronika | Počítače a notebooky | Sieťové prvky | IP kamery","35.9","6974246472690","","","","","",""
"4603","Premiumstore.sk","MacMa AS812SUBCOVER Accessories (Cases, Stands)","","MON_AS812SUBCOVER","https://www.premiumstore.sk/macma-as812subcover-accessories--cases--stands/","Profesionálna audio technika | Pódium, diskotéka, DJ | reproduktorové systémy | príslušenstvo","54","3700752718099","","","","","",""
"4603","Premiumstore.sk","MacMa AS815SUBCOVER Accessories (Cases, Stands)","","MON_AS815SUBCOVER","https://www.premiumstore.sk/macma-as815subcover-accessories--cases--stands/","Profesionálna audio technika | Pódium, diskotéka, DJ | reproduktorové systémy | príslušenstvo","50","3700752716484","","","","","",""
"4603","Premiumstore.sk","MacMa ASPRO12COVER Accessories (Cases, Stands)","","MON_ASPRO12COVER","https://www.premiumstore.sk/macma-aspro12cover-accessories--cases--stands/","Profesionálna audio technika | Pódium, diskotéka, DJ | reproduktorové systémy | príslušenstvo","54","3700752718044","","","","","",""
"4603","Premiumstore.sk","Monacor ARM-880RCE 8-zónový rozširovací modul","","MON_ARM-880RCE","https://www.premiumstore.sk/monacor-arm-880rce-8-zonovy-rozsirovaci-modul/","Profesionálna audio technika | Plošné ozvučenie (100V rozhlasové ozvučenie) | Matrix/mixy audio","328","4007754231700","","","","","",""
"4603","Premiumstore.sk","Monacor DMP-130MIX","","MON_DMP-130MIXBT","https://www.premiumstore.sk/monacor-dmp-130mixbt-mp3-prehravac-a-mikrofonny-linkovy-mixpult/","Profesionálna audio technika | Pódium, diskotéka, DJ | mixy a powermixy | audio (MMX-)","367","4007754274950","","","","","",""
"4603","Premiumstore.sk","Monacor DT-25N Neodymový Hi-Fi výškový reproduktor, 40 W, 8 Ω","","MON_DT-25N","https://www.premiumstore.sk/monacor-dt-25n-neodymovy-hi-fi-vyskovy-reproduktor--40-w--8-/","Heureka.sk | Elektronika | TV, audio, video | Reproduktory, soundbary | Reprosústavy a reproduktory","20.5","4007754154641","","","","","",""
"4603","Premiumstore.sk","Monacor EDL-65TW Nastaviteľný PA podhľadový reproduktor","","MON_EDL-65TW","https://www.premiumstore.sk/monacor-edl-65tw-nastavitelny-pa-podhladovy-reproduktor/","Heureka.sk | Elektronika | TV, audio, video | Reproduktory, soundbary | Reprosústavy a reproduktory","177","4007754197921","","","","","",""
"4603","Premiumstore.sk","Monacor LSI-22T Cievka s transformátorovým jadrom, 2,2 mH","","MON_LSI-22T","https://www.premiumstore.sk/monacor-lsi-22t-cievka-s-transformatorovym-jadrom--2-2-mh/","Heureka.sk | Elektronika | TV, audio, video | Reproduktory, soundbary | Príslušenstvo k reproduktorom | Stojany a držiaky na reproduktory","21.5","4007754066845","","","","","",""
"4603","Premiumstore.sk","Monacor MDM-140 Pena, 1 m2","","MON_MDM-140","https://www.premiumstore.sk/monacor-mdm-140-pena--1-m2/","Heureka.sk | Elektronika | TV, audio, video | Reproduktory, soundbary | Príslušenstvo k reproduktorom | Stojany a držiaky na reproduktory","30.9","4007754263503","","","","","",""
"4603","Premiumstore.sk","Monacor MHB-12 Nástenná konzola","","MON_MHB-12","https://www.premiumstore.sk/monacor-mhb-12-nastenna-konzola/","Profesionálna audio technika | Pódium, diskotéka, DJ | reproduktorové systémy | príslušenstvo","74","4007754235777","","","","","",""
"4603","Premiumstore.sk","Monacor PA-1200M Monitorovacia jednotka, 10 + 1 kanálov","","MON_PA-1200M","https://www.premiumstore.sk/monacor-pa-1200m-monitorovacia-jednotka--10-1-kanalov/","Profesionálna audio technika | Plošné ozvučenie (100V rozhlasové ozvučenie) | Iné 100V zariadenia | monitorujúce zariadenia","439","4007754156867","","","","","",""
"4603","Premiumstore.sk","Monacor WP-1/WH Nástenný ovládací modul pre PA-4125DX","","MON_WP-1_WH","https://www.premiumstore.sk/monacor-wp-1-wh-nastenny-ovladaci-modul-pre-pa-4125dx/","Profesionálna audio technika | Plošné ozvučenie (100V rozhlasové ozvučenie) | Matrix/mixy audio","281","4007754427035","","","","","",""
"4603","Premiumstore.sk","Monacor WSA-10BT Bluetooth audio prijímač","","MON_WSA-10BT","https://www.premiumstore.sk/monacor-wsa-10bt-bluetooth-audio-prijimac/","Profesionálna audio technika | Plošné ozvučenie (100V rozhlasové ozvučenie) | Bezdrôtový prenos zvuku","133","4007754242799","","","","","",""
"4603","Premiumstore.sk","NEEWER PG001 Mini Follow Focus s dorazmi A/B","","083760","https://www.premiumstore.sk/neewer-pg001-mini-follow-focus-s-dorazmi-a-b/","Heureka.sk | Elektronika | Foto, kamery, optika | Príslušenstvo k fotoaparátom | Blesky a príslušenstvo | Blesky k fotoaparátom","81.5","6921268811594","","","","","",""
"4603","Premiumstore.sk","Nintendo NS2 Joy-Con 2 Pair Light Blue/Light Red","","KB_100002136654","https://www.premiumstore.sk/ns2-joy-con-2-pair-light-blue-light-red/","Heureka.sk | Elektronika | TV, audio, video | Príslušenstvo k TV, audio-video | Príslušenstvo k TV | Diaľkové ovládače","91.9","","","","","","",""
"4603","Premiumstore.sk","Nintendo NS2 Joy-Con 2 Wheel Pair","","KB_100002136657","https://www.premiumstore.sk/ns2-joy-con-2-wheel-pair/","Heureka.sk | Elektronika | TV, audio, video | Príslušenstvo k TV, audio-video | Príslušenstvo k TV | Diaľkové ovládače","20.9","","","","","","",""
"4603","Premiumstore.sk","ORG OMNI-REC/SW Spottune OMNI REC recessed speaker, black","","MON_OMNI-REC_SW","https://www.premiumstore.sk/org-omni-rec-sw-spottune-omni-rec-recessed-speaker--black/","Profesionálna audio technika | Plošné ozvučenie (100V rozhlasové ozvučenie) | Bezdrôtové ozvučenie","977","4007754411546","","","","","",""
"4603","Premiumstore.sk","ORG TS-C10-300/T PA stĺpové reproduktory odolné voči počasiu, s certifikáton EN54-24.","","MON_TS-C10-300_T","https://www.premiumstore.sk/org-ts-c10-300-t-pa-stlpove-reproduktory-odolne-voci-pocasiu--s-certifikaton-en54-24-/","Heureka.sk | Elektronika | TV, audio, video | Reproduktory, soundbary | Reprosústavy a reproduktory","149","4260590180483","","","","","",""
"4603","Premiumstore.sk","Oem Kábel CONNECT IT predlžovací prívod 230V 2m, 5 zásuviek s vypínačmi, biely","","PEN_10905565","https://www.premiumstore.sk/kabel-connect-it-predlzovaci-privod-230v-2m--5-zasuviek-s-vypinacmi--biely/","Heureka.sk | Elektronika | TV, audio, video | Príslušenstvo k TV, audio-video | Príslušenstvo k TV | Predlžovacie káble","12.9","8595703507267","8595703507267","Connect IT CES-1100-WH","Elektronika | TV, audio, video | Príslušenstvo k TV, audio-video | Príslušenstvo k TV | Predlžovacie káble","12.69","22.53","predlzovacie-kable.heureka.sk/connect-it-ces-1100-wh"
"4603","Premiumstore.sk","Ovládač GameSir T4n Nova Lite (sivý)","","086667","https://www.premiumstore.sk/ovladac-gamesir-t4n-nova-lite--sivy/","Heureka.sk | Gaming | Herné príslušenstvo | Herné ovládače | Gamepady","22","6936685221680","","","","","",""
"4603","Premiumstore.sk","Paddleboard SUP REBEL ACTIVE RBA-4513 WINDSURFING 305x76x15 cm","","AT_LEC-RBA-4513","https://www.premiumstore.sk/paddleboard-sup-rebel-active-rba-4513-windsurfing--305x76x15-cm/","Heureka.sk | Šport a outdoor | Športy | Vodné športy | Paddleboardy","352","5901890123334","5901890123334","Paddleboard Rebel RBA-4513","Šport a outdoor | Športy | Vodné športy | Paddleboardy","450.29","450.29","paddleboardy.heureka.sk/paddleboard-rebel-rba-4513"
"4603","Premiumstore.sk","Pioneer UD-ME100LED Súprava LED pre námorné reproduktory","","BAS_BASYS-UD-ME100LED","https://www.premiumstore.sk/pioneer-ud-me100led-suprava-led-pre-namorne-reproduktory/","Heureka.sk | Elektronika | TV, audio, video | Reproduktory, soundbary | Reprosústavy a reproduktory","79","","","","","","",""
"4603","Premiumstore.sk","Prémiový L držiak Freewell pre Fuji X100VI (čierny)","","080786","https://www.premiumstore.sk/premiovy-l-drziak-freewell-pre-fuji-x100vi--cierny/","Heureka.sk | Elektronika | Foto, kamery, optika | Príslušenstvo k fotoaparátom | Blesky a príslušenstvo | Blesky k fotoaparátom","39","4897143170884","","","","","",""
"4603","Premiumstore.sk","Príslušenstvo TP-Link Tapo RVA100 sada na výmenu vysávača Tapo, poškodený obal","","PEN_65526107","https://www.premiumstore.sk/prislusenstvo-tp-link-tapo-rva100-sada-na-vymenu-vysavaca-tapo--poskodeny-obal/","Domáce spotrebiče | Malé spotrebiče | Vysávače | Robotické vysávače","19.5","","","","","","",""
"4603","Premiumstore.sk","Puluz 75 mm adaptér z plochého na guľatý pre fluidnú hlavu","","089614","https://www.premiumstore.sk/puluz-75-mm-adapter-z-plocheho-na-gulaty-pre-fluidnu-hlavu/","Heureka.sk | Elektronika | Foto, kamery, optika | Príslušenstvo k fotoaparátom | Statívy a príslušenstvo | Statívy","27.5","5905156106918","","","","","",""
"4603","Premiumstore.sk","REBEL ACTIVE RBA-1020 rehabilitační rotoped se setrvačníkem","","AT_LEC-RBA-1020","https://www.premiumstore.sk/rebel-active-rba-1020-rehabilitacni-rotoped-se-setrvacnikem/","Heureka.sk | Šport a outdoor | Športy | Fitness | Trenažéry | Rotopédy","34.5","5901890130172","","","","","",""
"4603","Premiumstore.sk","SOLIGHT WZ6103","","SOL_WZ6103","https://www.premiumstore.sk/solight-led-svetelny-zdroj-do-stropnych-svetiel--18w--1800lm--4000k--155mm/","Elektroinštalačný materiál | Osvetlenie | LED Žiarovky | Ostatné svetelné zdroje","5.2","8592718033590","8592718033590","SOLIGHT WZ6103","Bývanie a doplnky | Osvetlenie a svietidlá | Svietidlá","5.14","7.5","svietidla.heureka.sk/solight-wz6103"
"4603","Premiumstore.sk","Sada 4 filtrov Sunnylife MCUV + CPL + ND32 + ND64 pre Osmo Nano","","081538","https://www.premiumstore.sk/sada-4-filtrov-sunnylife-mcuv-cpl-nd32-nd64-pre-osmo-nano/","Heureka.sk | Elektronika | Foto, kamery, optika | Foto a kamery | Športové kamery","18","5905156100411","","","","","",""
"4603","Premiumstore.sk","Sada 6 filtrov Sunnylife 1/4 Black Mist + CPL + ND8 + ND16 + ND32 + ND64 pre Osmo Nano","","081539","https://www.premiumstore.sk/sada-6-filtrov-sunnylife-1-4-black-mist-cpl-nd8-nd16-nd32-nd64-pre-osmo-nano/","Heureka.sk | Elektronika | Foto, kamery, optika | Foto a kamery | Športové kamery","25.9","5905156100428","","","","","",""
"4603","Premiumstore.sk","Sada objektivů pro smartphony Levenhuk Kelvin SLS10","","AT_LEV-86477","https://www.premiumstore.sk/sada-objektivu-pro-smartphony-levenhuk-kelvin-sls10/","Heureka.sk | Elektronika | Foto, kamery, optika | Foto a kamery | Digitálne fotoaparáty","48","5905555027784","","","","","",""
"4603","Premiumstore.sk","Skladací elektrický bežecký pás ACEZOE P20 (čierny a žltý)","","087427","https://www.premiumstore.sk/skladaci-elektricky-bezecky-pas-acezoe-p20--cierny-a-zlty/","Heureka.sk | Šport a outdoor | Športy | Fitness | Trenažéry | Bežecké pásy","229","6975710727858","","","","","",""
"4603","Premiumstore.sk","Solight LED stropné svetlo Plain, 3CCT, 24W, 1920lm, IP44, okrúhle, 38cm","","SOL_WO788-1","https://www.premiumstore.sk/solight-led-stropne-svetlo-plain--3cct--24w--1920lm--ip44--okruhle--38cm/","Heureka.sk | Bývanie a doplnky | Osvetlenie a svietidlá | LED osvetlenie","18.9","8592718030575","8592718030575","SOLIGHT WO788","Bývanie a doplnky | Osvetlenie a svietidlá | Svietidlá","19.41","34.9","svietidla.heureka.sk/solight-wo788"
"4603","Premiumstore.sk","Solight LED vianočná hviezda stolová, 10x LED, 3x AA, zlatá","","SOL_1V262-G","https://www.premiumstore.sk/solight-led-vianocna-hviezda-stolova--10x-led--3x-aa--zlata/","Heureka.sk | Bývanie a doplnky | Bytové dekorácie | Sviatočné dekorácie | Vianoce | Vianočné osvetlenie","11","","","","","","",""
"4603","Premiumstore.sk","Solight rozbočovač 4 x 16A, čierny","","SOL_P112B","https://www.premiumstore.sk/solight-rozbocovac-4-x-16a--cierny/","Heureka.sk | Dielňa, stavba, záhrada | Stavba | Elektromateriály | Elektroinštalačný materiál | Zásuvky, vypínače, termostaty | Zásuvky","3.1","8592718046675","","","","","",""
"4603","Premiumstore.sk","Spúšť blesku GODOX X2T TTL pre fotoaparáty Olympus","","090989","https://www.premiumstore.sk/spust-blesku-godox-x2t-ttl-pre-fotoaparaty-olympus/","Heureka.sk | Elektronika | Foto, kamery, optika | Príslušenstvo k fotoaparátom | Blesky a príslušenstvo | Blesky k fotoaparátom","53","6952344217696","","","","","",""
"4603","Premiumstore.sk","Sunnylife Sada ND filtrov pre DJI Action 6 (ND8/16/32/64)","","083390","https://www.premiumstore.sk/sada-nd-filtrov-pre-dji-action-6--nd8-16-32-64/","Heureka.sk | Elektronika | Foto, kamery, optika | Foto a kamery | Športové kamery","24.5","5905156101500","","","","","",""
"4603","Premiumstore.sk","Súborový server TERRAMASTER F4-425 NAS: Intel N5095, 16 GB RAM, 4 pozície","","090317","https://www.premiumstore.sk/suborovy-server-terramaster-f4-425-nas--intel-n5095--16-gb-ram--4-pozicie/","Heureka.sk | Elektronika | TV, audio, video | Hi-Fi komponenty | Sieťové prehrávače","432.9","6939236147385","","","","","",""
"4603","Premiumstore.sk","TANNOY CVS 301-BK Reproduktor","","BAS_BASYS-TA_000-DUL00","https://www.premiumstore.sk/tannoy-cvs-301-bk-reproduktor/","Profesionálna audio technika | Plošné ozvučenie (100V rozhlasové ozvučenie)","149","","","","","","",""
"4603","Premiumstore.sk","TANNOY iW 62S-WH Subwoofer","","BAS_BASYS-TA_000-CHN00","https://www.premiumstore.sk/tannoy-iw-62s-wh-subwoofer/","Profesionálna audio technika | Plošné ozvučenie (100V rozhlasové ozvučenie)","190","","","","","","",""
"4603","Premiumstore.sk","TERRAMASTER F4 SSD NAS – súborový server s procesorom Intel N95, 8 GB RAM, 4 pozície","","090320","https://www.premiumstore.sk/terramaster-f4-ssd-nas---suborovy-server-s-procesorom-intel-n95--8-gb-ram--4-pozicie/","Heureka.sk | Elektronika | TV, audio, video | Hi-Fi komponenty | Sieťové prehrávače","504.5","6939236147170","","","","","",""
"4603","Premiumstore.sk","Trina Solar 3,64 kWp Sada solárních panelů pro ohřev vody MAXI (8× Trina 455Wp, Dual Glass)","","AT_SADA3_64KWPTRINA","https://www.premiumstore.sk/3-64-kwp-sada-solarnich-panelu-pro-ohrev-vody-maxi--8-trina-455wp--dual-glass/","Heureka.sk | Dielňa, stavba, záhrada | Stavba | Fotovoltaika | Fotovoltaické a solárne panely","801","","","","","","",""
"4603","Premiumstore.sk","USB WiFi adaptér duální VU+ 2,4/5GHz/1300Mbps s ANTÉNOU 6dBi, USB 3.0","","AT_VUWIFI1300ANT","https://www.premiumstore.sk/usb-wifi-adapter-dualni-vu--2-4-5ghz-1300mbps-s-antenou-6dbi--usb-3-0/","Heureka.sk | Elektronika | TV, audio, video | Satelitná a digitálna technika | Satelitné prijímače","44","","","","","","",""
"4603","Premiumstore.sk","VERBATIM Diamond SSD 2TB G2 (32026)","","KB_100002134906","https://www.premiumstore.sk/verbatim-diamond-ssd-2tb-g2--32026/","Heureka.sk | Elektronika | Počítače a notebooky | Počítačové komponenty | Pevné disky externé","364.5","","","","","","",""
"4603","Premiumstore.sk","Vertikálny mobilný ovládač GameSir Pocket Taco","","086669","https://www.premiumstore.sk/vertikalny-mobilny-ovladac-gamesir-pocket-taco/","Heureka.sk | Elektronika | TV, audio, video | Príslušenstvo k TV, audio-video | Príslušenstvo k TV | Diaľkové ovládače","30.5","6936685223714","6936685223714","GameSir HRG7300","Gaming | Herné príslušenstvo | Herné ovládače | Gamepady","45.92","50.63","gamepady.heureka.sk/gamesir-hrg7300"
"4603","Premiumstore.sk","Vodotesné puzdro Puluz (45 m) pre smartfóny s USB-C na podvodné fotky a videá (biele)","","089595","https://www.premiumstore.sk/vodotesne-puzdro-puluz--45-m--pre-smartfony-s-usb-c-na-podvodne-fotky-a-videa--biele-/","Heureka.sk | Elektronika | Foto, kamery, optika | Foto a kamery | Športové kamery","64.9","5905156106635","","","","","",""
"4603","Premiumstore.sk","Vodotesné puzdro Puluz pre GoPro HERO8 Black","","089629","https://www.premiumstore.sk/vodotesne-puzdro-puluz-pre-gopro-hero8-black/","Heureka.sk | Elektronika | Foto, kamery, optika | Foto a kamery | Športové kamery","15","5905156106826","","","","","",""
"4603","Premiumstore.sk","beyerdynamic TG Drum Set PRO M","","BAS_BASYS-BD_727687","https://www.premiumstore.sk/beyerdynamic-tg-drum-set-pro-m/","Profesionálna audio technika | Pódium, diskotéka, DJ | mikrofóny","749","","","","","","",""
"4603","Premiumstore.sk","darkFlash Vodné chladenie pre procesor DE240 (biele)","","082345","https://www.premiumstore.sk/vodne-chladenie-pre-procesor-de240--biele/","TV, audio a video | Počítače a príslušenstvo | Herné príslušenstvo | Chladenie počítača | Chladenie vodou","82","4711527005916","","","","","",""
"4603","Premiumstore.sk","Cp Plus CP-PR-99 Držák pro zavěšení skříňky CP-PR-97 (pro velké DVR / NVR rekordéry)","","AT_CPP-CP-PR-99","https://www.premiumstore.sk/cp-pr-99-drzak-pro-zaveseni-skrinky-cp-pr-97--pro-velke-dvr-nvr-rekordery-/","Bezpečnosť a smart domácnosť | Kamerové systémy | PRÍSLUŠENSTVO | Montážne skrine a racky","16.5","8057457615457","","","","","",""
"4603","Premiumstore.sk","HP 305XL Tri-colour, 3YM63AE","","KB_100000908216","https://www.premiumstore.sk/hp-305xl-tri-colour--3ym63ae/","Heureka.sk | Elektronika | Počítače a notebooky | Tlačiarne a príslušenstvo | Náplne a farby do tlačiarní | Atramenty a refillkity","25.5","194441597370","194441597370","HP 3YM63AE - originálny","Elektronika | Počítače a notebooky | Tlačiarne a príslušenstvo | Náplne a farby do tlačiarní | Náplne a tonery - originálne","19.42","38.3","naplne-a-tonery.heureka.sk/hp-3ym63ae-originalny"
"4603","Premiumstore.sk","MacMa AS112COVER Accessories (Cases, Stands)","","MON_AS112COVER","https://www.premiumstore.sk/macma-as112cover-accessories--cases--stands/","Profesionálna audio technika | Pódium, diskotéka, DJ | reproduktorové systémy | príslušenstvo","40","3700752714909","","","","","",""
"4603","Premiumstore.sk","Ochranný kryt objektívu PC PULUZ pre DJI Osmo 360","","080660","https://www.premiumstore.sk/ochranny-kryt-objektivu-pc-puluz-pre-dji-osmo-360/","Heureka.sk | Elektronika | Foto, kamery, optika | Foto a kamery | Športové kamery","11.5","5907085529165","","","","","",""
"4603","Premiumstore.sk","Spúšť blesku NEEWER QZ-C","","083206","https://www.premiumstore.sk/spust-blesku-neewer-qz-c/","Heureka.sk | Elektronika | Foto, kamery, optika | Príslušenstvo k fotoaparátom | Blesky a príslušenstvo | Blesky k fotoaparátom","80","6921268817329","","","","","",""
"4603","Premiumstore.sk","Vodotesné puzdro Puluz pre kameru Insta360 X5","","078266","https://www.premiumstore.sk/vodotesne-puzdro-puluz-pre-kameru-insta360-x5/","Heureka.sk | Elektronika | Foto, kamery, optika | Foto a kamery | Športové kamery","68","5907085526805","","","","","",""
"4603","Premiumstore.sk","Adaptér Puluz pre DJI OSMO Pocket 3 s 1/4"" studenou päticou","","089616","https://www.premiumstore.sk/adapter-puluz-pre-dji-osmo-pocket-3-s-1-4--studenou-paticou/","Heureka.sk | Elektronika | Foto, kamery, optika | Príslušenstvo k fotoaparátom | Blesky a príslušenstvo | Blesky k fotoaparátom","19","5905156106376","","","","","",""
"4603","Premiumstore.sk","CP PLUS CP-LNC-VC51L4-MD 5.0 Mpix venkovní antivandal dome IP kamera s IR přísvitem, kompresí H.265 a WDR","","AT_CPP-CP-LNC-VC51L4-MD","https://www.premiumstore.sk/cp-plus-cp-lnc-vc51l4-md-5-0-mpix-venkovni-antivandal-dome-ip-kamera-s-ir-prisvitem--kompresi-h-265-a-wdr/","Heureka.sk | Elektronika | Počítače a notebooky | Sieťové prvky | IP kamery","235","4250593450140","","","","","",""
"4603","Premiumstore.sk","Elokance EPRO10ACOVER Accessories (Cases, Stands)","","MON_EPRO10ACOVER","https://www.premiumstore.sk/elokance-epro10acover-accessories--cases--stands/","Profesionálna audio technika | Pódium, diskotéka, DJ | reproduktorové systémy | príslušenstvo","61","3700752710406","","","","","",""
"4603","Premiumstore.sk","JTS CS-8 Automatický mixer mikrofónov","","MON_CS-8","https://www.premiumstore.sk/jts-cs-8-automaticky-mixer-mikrofonov/","Profesionálna audio technika | Pódium, diskotéka, DJ | mixy a powermixy | audio (MMX-)","603","4007754217957","","","","","",""
"4603","Premiumstore.sk","Monacor DRM-884RC PA zónový paging mikrofón","","MON_DRM-884RC","https://www.premiumstore.sk/monacor-drm-884rc-pa-zonovy-paging-mikrofon/","Profesionálna audio technika | Plošné ozvučenie (100V rozhlasové ozvučenie) | Matrix/mixy audio","392","4007754261820","","","","","",""
"4603","Premiumstore.sk","Otočný stojan Puluz 45 cm (čierny)","","041708","https://www.premiumstore.sk/otocny-stojan-puluz-45-cm--cierny/","Heureka.sk | Elektronika | Foto, kamery, optika | Ateliérové ​​vybavenie | Foto pozadia a foto stoly","73.5","5905316141285","","","","","",""
"4603","Premiumstore.sk","TC ELECTRONIC PLETHORA X1 TonePrint Loader so 14 legendárnymi gitarovými efektmi TC a nožným spínačom MASH","","BAS_BASYS-TC_0709-AJN86","https://www.premiumstore.sk/tc-electronic-plethora-x1-toneprint-loader-so-14-legendarnymi-gitarovymi-efektmi-tc-a-noznym-spinacom-mash/","Profesionálna audio technika | Hudobné nástroje a príslušenstvo | Gitarové príslušenstvo","149","","","","","","",""
"4603","Premiumstore.sk","Cp Plus CP-PR-98 Držák pro zavěšení skříňky CP-PR-96 (pro malé DVR / NVR rekordéry)","","AT_CPP-CP-PR-98","https://www.premiumstore.sk/cp-pr-98-drzak-pro-zaveseni-skrinky-cp-pr-96--pro-male-dvr-nvr-rekordery-/","Bezpečnosť a smart domácnosť | Kamerové systémy | PRÍSLUŠENSTVO | Montážne skrine a racky","13.5","8057457615440","","","","","",""
"4603","Premiumstore.sk","HPA WS650WH 100V Public Address Speaker","","MON_WS650WH","https://www.premiumstore.sk/hpa-ws650wh-100v-public-address-speaker/","Profesionálna audio technika | Plošné ozvučenie (100V rozhlasové ozvučenie) | Reproduktory | nástenné","184","3700752716026","","","","","",""
"4603","Premiumstore.sk","Monacor ARM-880WP1 Nástenný modul","","MON_ARM-880WP1","https://www.premiumstore.sk/monacor-arm-880wp1-nastenny-modul/","Profesionálna audio technika | Plošné ozvučenie (100V rozhlasové ozvučenie) | Matrix/mixy audio","170","4007754231717","","","","","",""
"4603","Premiumstore.sk","Pletený kostým pre Loona Premium Pineapple","","085987","https://www.premiumstore.sk/pleteny-kostym-pre-loona-premium-pineapple/","Šport, hračky a voľný čas | Hračky | Vzdelávacie a interaktívne","27","6975062110971","","","","","",""
"4603","Premiumstore.sk","TC Electronic Mini Corona Chorus efektový pedál","","BAS_BASYS-TC_960807001","https://www.premiumstore.sk/tc-electronic-mini-corona-chorus-efektovy-pedal/","Profesionálna audio technika | Hudobné nástroje a príslušenstvo | Gitarové príslušenstvo","105","","","","","","",""
"4603","Premiumstore.sk","Cp Plus CP-URC-TC51PL3C-L-V2 5.0 Mpix venkovní kamera 4v1 s duálním přísvitem a mikrofonem","","AT_CPP-CP-URC-TC51PL3C-L-V2","https://www.premiumstore.sk/cp-urc-tc51pl3c-l-v2-5-0-mpix-venkovni-kamera-4v1-s-dualnim-prisvitem-a-mikrofonem/","Bezpečnosť a smart domácnosť | Kamerové systémy | KAMERY 4v1 | 5.0 Mpix.","56.5","4250593449328","4250593449328","CP PLUS CP-URC-TC51PL3C-L-V2","Elektronika | Počítače a notebooky | Sieťové prvky | IP kamery","57.6","57.6","ip-kamery.heureka.sk/cp-plus-cp-urc-tc51pl3c-l-v2"
"4603","Premiumstore.sk","Hybridní měnič napětí CARSPA MKS6.2K, DC/AC 48V/6200W, reg.MPPT","","AT_ATO-G458","https://www.premiumstore.sk/hybridni-menic-napeti-carspa-mks6-2k--dc-ac-48v-6200w--reg-mppt/","Heureka.sk | Dielňa, stavba, záhrada | Stavba | Fotovoltaika | Solárne regulátory","419.9","8596425203338","","","","","",""
"4603","Premiumstore.sk","Mikrofón Puluz USB-C typu lavalier","","089655","https://www.premiumstore.sk/mikrofon-puluz-usb-c-typu-lavalier/","Heureka.sk | Elektronika | TV, audio, video | Mikrofóny","26","5905156107069","","","","","",""
"4603","Premiumstore.sk","Orava Dálkový ovladač RC4875 Orava, Finlux, Gogen, Hyundai, Telefunken, Haier","","AT_DORC4875","https://www.premiumstore.sk/dalkovy-ovladac-rc4875-orava--finlux--gogen--hyundai--telefunken--haier/","Heureka.sk | Elektronika | TV, audio, video | Príslušenstvo k TV, audio-video | Príslušenstvo k TV | Diaľkové ovládače","17.5","","","","","","",""
"4603","Premiumstore.sk","Sunny napájecí adaptér 24V, 1A, 24W - spínaný","","AT_ABT-A500000626","https://www.premiumstore.sk/sunny-napajeci-adapter-24v--1a--24w-spinany/","Bezpečnosť a smart domácnosť | Kamerové systémy | PRÍSLUŠENSTVO | Napájacie zdroje","13.5","","","","","","",""
"4603","Premiumstore.sk","Baterie V-TAC VT-48100E-P2 /51,2V/100A/5,12kWh modul do racku","","AT_ATO-04250905","https://www.premiumstore.sk/baterie-v-tac-vt-48100e-p2--51-2v-100a-5-12kwh-modul-do-racku/","Heureka.sk | Elektronika | Batérie a nabíjanie | Batérie | LiFePO4 batérie","979.9","3800157693561","","","","","",""
"4603","Premiumstore.sk","Console Konzola na balkón/stožár 30 cm, ohýbaná + třmen","","AT_LP-UCH0323","https://www.premiumstore.sk/konzola-na-balkon-stozar-30-cm--ohybana-trmen/","Heureka.sk | Elektronika | TV, audio, video | Príslušenstvo k TV, audio-video | Príslušenstvo k TV | Antény | Satelitné antény","10.5","5901436779940","","","","","",""
"4603","Premiumstore.sk","Emos GoSmart Kódová klávesnica IP-006AX, WiFi","","AT_ATO-3069050230","https://www.premiumstore.sk/klavesnice-kodova-emos-ip-006ax--h5023--gosmart--wi-fi/","Heureka.sk | Dielňa, stavba, záhrada | Stavba | Stavebná technika a náradie | Meradlá a meracie prístroje | Detektory, senzory | Vodné detektory a alarmy","100","8592920128862","8592920128862","Emos GoSmart Kódová klávesnica IP-006AX, WiFi","Bývanie a doplnky | Osvetlenie a svietidlá | Príslušenstvo k svietidlám | Žiarovky","85.39","85.49","ziarovky.heureka.sk/emos-gosmart-kodova-klavesnica-ip-006ax-wifi"
"4603","Premiumstore.sk","Kamera TP-Link Tapo C510W(2-pack) 3Mpx, vonkajšia, IP PTZ, WiFi, prisvietenie, poškodený obal","","PEN_52932464","https://www.premiumstore.sk/kamera-tp-link-tapo-c510w-2-pack--3mpx--vonkajsia--ip-ptz--wifi--prisvietenie--poskodeny-obal/","Heureka.sk | Elektronika | Počítače a notebooky | Sieťové prvky | IP kamery","112.5","","","","","","",""
"4603","Premiumstore.sk","Monacor ETS-530TW/WS PA stĺpové reproduktory","","MON_ETS-530TW_WS","https://www.premiumstore.sk/monacor-ets-530tw-ws-pa-stlpove-reproduktory/","Heureka.sk | Elektronika | TV, audio, video | Reproduktory, soundbary | Reprosústavy a reproduktory","268","4007754214253","","","","","",""
"4603","Premiumstore.sk","Přenosný kufřík na projektor KRUGER & MATZ KM0374","","AT_LEC-KM0374","https://www.premiumstore.sk/prenosny-kufrik-na-projektor-kruger-matz-km0374/","Heureka.sk | Elektronika | TV, audio, video | Televízory","16.9","5901890105347","5901890105347","Taška na projektor KRUGER & MATZ KM0374","Elektronika | TV, audio, video | Projekčná technika | Príslušenstvo k projektorom | Držiaky k projektorom","11.99","11.99","drziaky-k-projektorom.heureka.sk/taska-na-projektor-kruger-matz-km0374_8"
"4603","Premiumstore.sk","Torba Sunnylife Adventure Combo do Action 6 (oranžový)","","083371","https://www.premiumstore.sk/torba-sunnylife-adventure-combo-do-action-6--oranzovy/","Heureka.sk | Elektronika | Foto, kamery, optika | Príslušenstvo k fotoaparátom | Blesky a príslušenstvo | Blesky k fotoaparátom","18","5905156101487","","","","","",""
"4603","Premiumstore.sk","BoomTone DJ LT2 Lift Stands","","MON_LT2","https://www.premiumstore.sk/boomtone-dj-lt2-lift-stands/","Heureka.sk | Elektronika | TV, audio, video | Reproduktory, soundbary | Príslušenstvo k reproduktorom | Stojany a držiaky na reproduktory","83","3700752701480","","","","","",""
"4603","Premiumstore.sk","Cp Plus CP-UVR-1601F1-IC Šestnáctikanálový 5v1 mini DVR s kompresí H.265 (analog, HDCVI, AHD, TVI, IP)","","AT_CPP-CP-UVR-1601F1-IC","https://www.premiumstore.sk/cp-uvr-1601f1-ic-sestnactikanalovy-5v1-mini-dvr-s-kompresi-h-265--analog--hdcvi--ahd--tvi--ip-/","Bezpečnosť a smart domácnosť | Kamerové systémy | HDCVI a 5v1 videorekordéry | 16 kanálů","361.5","4250593442008","","","","","",""
"4603","Premiumstore.sk","IMG Stage Line FLY-16R 16-kanálový bezdrôtový PA audio prijímač","","MON_FLY-16R","https://www.premiumstore.sk/img-stage-line-fly-16r-16-kanalovy-bezdrotovy-pa-audio-prijimac/","Profesionálna audio technika | Plošné ozvučenie (100V rozhlasové ozvučenie) | Bezdrôtový prenos zvuku","89","4007754266474","","","","","",""
"4603","Premiumstore.sk","Monacor LSIP-47/1 Vzduchové cievky, 0.47 mH, Ø 1.0 mm","","MON_LSIP-47_1","https://www.premiumstore.sk/monacor-lsip-47-1-vzduchove-cievky--0-47-mh---1-0-mm/","Heureka.sk | Elektronika | TV, audio, video | Reproduktory, soundbary | Príslušenstvo k reproduktorom | Stojany a držiaky na reproduktory","10","4007754059977","","","","","",""
"4603","Premiumstore.sk","SOLIGHT P106C-PD20","","SOL_P106C-PD20","https://www.premiumstore.sk/solight-rozbocovac--3x-16a--usb-a-c-rychlonabijacka-20w-pd--biely-sivy/","Heureka.sk | Dielňa, stavba, záhrada | Stavba | Elektromateriály | Elektroinštalačný materiál | Zásuvky, vypínače, termostaty | Zásuvky","15","8592718041519","8592718041519","SOLIGHT P106C-PD20","Elektronika | TV, audio, video | Príslušenstvo k TV, audio-video | Príslušenstvo k TV | Predlžovacie káble","18.19","20.9","predlzovacie-kable.heureka.sk/solight-p106c-pd20"
"4603","Premiumstore.sk","Termostatická hlavica MOES TRV 801 s Wi-Fi","","087496","https://www.premiumstore.sk/termostaticka-hlavica-moes-trv-801-s-wi-fi/","Heureka.sk | Dielňa, stavba, záhrada | Stavba | Elektromateriály | Elektroinštalačný materiál | Zásuvky, vypínače, termostaty | Termostaty","35.9","6974246471228","","","","","",""
"4603","Premiumstore.sk","Blitzwolf BW-VS10 100-palcové premietacie plátno","","086742","https://www.premiumstore.sk/blitzwolf-bw-vs10-100-palcove-premietacie-platno/","Heureka.sk | Elektronika | TV, audio, video | Projekčná technika | Projektory","197","5905156104488","","","","","",""
"4603","Premiumstore.sk","Diaľkový spúšťač GODOX X3Pro TTL pre Sony","","090950","https://www.premiumstore.sk/dialkovy-spustac-godox-x3pro-ttl-pre-sony/","Heureka.sk | Elektronika | Foto, kamery, optika | Príslušenstvo k fotoaparátom | Blesky a príslušenstvo | Blesky k fotoaparátom","84.5","6952344244289","","","","","",""
"4603","Premiumstore.sk","KMP C137 (Canon CL 561XL)","","KB_100001790223","https://www.premiumstore.sk/kmp-c137--canon-cl-561xl/","Heureka.sk | Elektronika | Počítače a notebooky | Tlačiarne a príslušenstvo | Náplne a farby do tlačiarní | Atramenty a refillkity","18.5","4011324373509","","","","","",""
"4603","Premiumstore.sk","Mini PC MINIS FORUM UM760 Slim Ryzen 5 7640HS (bez skrinky)","","088364","https://www.premiumstore.sk/mini-pc-minis-forum-um760-slim-ryzen-5-7640hs--bez-skrinky/","TV, audio a video | Počítače a príslušenstvo | Mini PC","403","4897118837637","","","","","",""
"4603","Premiumstore.sk","Smartphone HOTWAV A17 Pro Max (čierny)","","084356","https://www.premiumstore.sk/smartphone-hotwav-a17-pro-max--cierny/","TV, audio a video | Mobily a tablety | Smartfóny","97","6971593174765","6971593174765","HOTWAV A17 Pro Max 4GB/128GB Black","Elektronika | Mobily, tablety, nositeľná elektronika | Mobilné telefóny","98.74","143.39","mobilne-telefony.heureka.sk/hotwav-a17-pro-max-4gb-128gb-black"
"4603","Premiumstore.sk","TANNOY PCI 7DC IW Reproduktor","","BAS_BASYS-TA_000-DHC00","https://www.premiumstore.sk/tannoy-pci-7dc-iw-reproduktor/","Profesionálna audio technika | Plošné ozvučenie (100V rozhlasové ozvučenie)","249","","","","","","",""
"4603","Premiumstore.sk","Blesk GODOX LUX Senior (zelený)","","091027","https://www.premiumstore.sk/blesk-godox-lux-senior--zeleny/","Heureka.sk | Elektronika | Foto, kamery, optika | Príslušenstvo k fotoaparátom | Blesky a príslušenstvo | Blesky k fotoaparátom","111.9","6952344226896","","","","","",""
"4603","Premiumstore.sk","Cp Plus CP-USC-WB24L2C-D 2.4 Mpix venkovní antivandal HDCVI kamera s IR, WDR a mikrofonem","","AT_ATO-CP-USC-WB24L2C-D","https://www.premiumstore.sk/cp-usc-wb24l2c-d-2-4-mpix-venkovni-antivandal-hdcvi-kamera-s-ir--wdr-a-mikrofonem/","Bezpečnosť a smart domácnosť | Kamerové systémy | HDCVI, HDTVI, AHD kamery | 2.0 Mpix (Full HD)","173","4250593443227","","","","","",""
"4603","Premiumstore.sk","Helvia ONDA-880TFW 8"" 2-Way Hi-Fi Low-Impedance Coaxial In-Wall/In-Ceiling Speaker","","MON_ONDA-880TFW","https://www.premiumstore.sk/helvia-onda-880tfw-8--2-way-hi-fi-low-impedance-coaxial-in-wall-in-ceiling-speaker/","Heureka.sk | Elektronika | TV, audio, video | Reproduktory, soundbary | Reprosústavy a reproduktory","119","8054301334939","","","","","",""
"4603","Premiumstore.sk","Kondenzátorový mikrofón Fifine K669BG (zelený)","","087749","https://www.premiumstore.sk/kondenzatorovy-mikrofon-fifine-k669bg--zeleny/","Heureka.sk | Elektronika | TV, audio, video | Mikrofóny","29.5","5410464334989","","","","","",""
"4603","Premiumstore.sk","Monacor MBR-70 Bassreflexová trubica, SV=34.2 cm2","","MON_MBR-70","https://www.premiumstore.sk/monacor-mbr-70-bassreflexova-trubica--sv-34-2-cm2/","Heureka.sk | Elektronika | TV, audio, video | Reproduktory, soundbary | Príslušenstvo k reproduktorom | Stojany a držiaky na reproduktory","11.5","4007754011951","","","","","",""
"4603","Premiumstore.sk","Solight 90° výmenná šošovka pre high bay WPH-200W-007","","SOL_WPH-ND-010","https://www.premiumstore.sk/solight-90-vymenna-sosovka-pre-high-bay-wph-200w-007/","Heureka.sk | Bývanie a doplnky | Osvetlenie a svietidlá | LED osvetlenie","4.4","8592718032586","8592718032586","Solight WPH-ND-010","Bývanie a doplnky | Osvetlenie a svietidlá | Svietidlá","11.49","11.99","svietidla.heureka.sk/solight-wph-nd-010"
"4603","Premiumstore.sk","Volt Polska UPS VOLT Micro 1200VA 720W 2x7Ah POČÍTAČOVÝ UPS","","AT_TIP-06436974","https://www.premiumstore.sk/ups-volt-micro-1200va-720w-2x7ah-pocitacovy-ups/","Heureka.sk | Elektronika | Počítače a notebooky | Záložné zdroje | UPS","94.5","5903111886851","","","","","",""
"4603","Premiumstore.sk","Bose Pro BOSE DesignMax DM3SE Vonkajší reproduktor na povrchovú montáž, čierna","","BAS_BASYS-B_829712-0120","https://www.premiumstore.sk/bose-designmax-dm3se-vonkajsi-reproduktor-na-povrchovu-montaz--cierna/","Profesionálna audio technika | Plošné ozvučenie (100V rozhlasové ozvučenie)","680","","","","","","",""
"4603","Premiumstore.sk","Detektor plynu LPG ORNO OR-DC-644 TUYA Smart Wi-Fi","","AT_ATO-OR-DC-644","https://www.premiumstore.sk/detektor-plynu-lpg-orno-or-dc-644-tuya-smart-wi-fi/","Heureka.sk | Dielňa, stavba, záhrada | Stavba | Stavebná technika a náradie | Meradlá a meracie prístroje | Detektory, senzory | Požiarne hlásiče a detektory plynu","17.9","5908254851001","","","","","",""
"4603","Premiumstore.sk","Kamera TP-Link Tapo C615G KIT 3MPx, vonkajšia, IP PTZ, FHD, 4G, prisvietenie","","PEN_52932448","https://www.premiumstore.sk/kamera-tp-link-tapo-c615g-kit-3mpx--vonkajsia--ip-ptz--fhd--4g--prisvietenie/","Heureka.sk | Elektronika | Počítače a notebooky | Sieťové prvky | IP kamery","137","8885020629705","8885020629705","TP-Link Tapo C615G","Elektronika | Počítače a notebooky | Sieťové prvky | IP kamery","112.39","156.11","ip-kamery.heureka.sk/tp-link-tapo-c615g"
"4603","Premiumstore.sk","Monacor PAST-25/SW Dištančná trubica","","MON_PAST-25_SW","https://www.premiumstore.sk/monacor-past-25-sw-distancna-trubica/","Heureka.sk | Elektronika | TV, audio, video | Reproduktory, soundbary | Príslušenstvo k reproduktorom | Stojany a držiaky na reproduktory","33.5","4007754169263","","","","","",""
"4603","Premiumstore.sk","Solatech Univerzální držák DIM PVC pro konstrukci na PVC střechu (CZ výroba)","","AT_DIM-PVC","https://www.premiumstore.sk/univerzalni-drzak-dim-pvc-pro-konstrukci-na-pvc-strechu--cz-vyroba/","Heureka.sk | Dielňa, stavba, záhrada | Stavba | Fotovoltaika | Fotovoltaické a solárne panely","19.9","","","","","","",""
"4603","Premiumstore.sk","Základné panely MAKERA Carvera Air z MDF s hrúbkou 2 mm (5 ks)","","085503","https://www.premiumstore.sk/zakladne-panely-makera-carvera-air-z-mdf-s-hrubkou-2-mm--5-ks/","Kreatívne technológie | CNC stroje","23.9","6977641140423","","","","","",""
"4603","Premiumstore.sk","Bose Pro BOSE DesignMax Luna DML88P Závesný inštalačný reproduktor , čierny","","BAS_BASYS-B_892117-0100","https://www.premiumstore.sk/bose-designmax-luna-dml88p-zavesny-instalacny-reproduktor-cierny/","Profesionálna audio technika | Plošné ozvučenie (100V rozhlasové ozvučenie)","890","","","","","","",""
"4603","Premiumstore.sk","Elokance EGOMAX Portable Speaker","","MON_EGOMAX","https://www.premiumstore.sk/elokance-egomax-portable-speaker/","Profesionálna audio technika | Pódium, diskotéka, DJ | reproduktorové systémy | aktívne","658","3700752715364","","","","","",""
"4603","Premiumstore.sk","Kamera Ezviz H3c IP, vonkajšia, bullet, Wi-Fi, 2Mpix, 4mm, biela","","PEN_70293644","https://www.premiumstore.sk/kamera-ezviz-h3c-ip--vonkajsia--bullet--wi-fi--2mpix--4mm--biela/","Heureka.sk | Elektronika | Počítače a notebooky | Sieťové prvky | IP kamery","40.5","6941545614731","6941545614731","Ezviz CS-H3c-R100-1K2WF(4mm)","Elektronika | Počítače a notebooky | Sieťové prvky | IP kamery","39.4","48.56","ip-kamery.heureka.sk/ezviz-cs-h3c-r100-1k2wf-4mm"
"4603","Premiumstore.sk","Monacor IT-110 Tlakový reproduktor","","MON_IT-110","https://www.premiumstore.sk/monacor-it-110-tlakovy-reproduktor/","Profesionálna audio technika | Plošné ozvučenie (100V rozhlasové ozvučenie) | Reproduktory | tlakové 100V","63.5","4007754176285","","","","","",""
"4603","Premiumstore.sk","Solight USB-C fast charger 20W","","SOL_DC70B-W","https://www.premiumstore.sk/solight-usb-c-fast-charger-20w/","Heureka.sk | Elektronika | Mobily, tablety, nositeľná elektronika | Príslušenstvo k mobilom | Batérie a nabíjačky pre mobily | Bezdrôtové nabíjačky","5.4","8592718049409","","","","","",""
"4603","Premiumstore.sk","TC Electronic JIMS 800 PREAMP, gitarový predzosilňovač","","BAS_BASYS-TC_0709-AJV86","https://www.premiumstore.sk/tc-electronic-jims-800-preamp--gitarovy-predzosilnovac/","Profesionálna audio technika | Hudobné nástroje a príslušenstvo | Gitarové príslušenstvo","150","","","","","","",""
"4603","Premiumstore.sk","BoomTone DJ SP2R Accessories (Cases, Stands)","","MON_SP2R","https://www.premiumstore.sk/boomtone-dj-sp2r-accessories--cases--stands/","Heureka.sk | Elektronika | TV, audio, video | Reproduktory, soundbary | Príslušenstvo k reproduktorom | Stojany a držiaky na reproduktory","29.9","3700752703637","","","","","",""
"4603","Premiumstore.sk","Dokovacia stanica Peladn X-2 s rozhraním Thunderbolt 3","","087721","https://www.premiumstore.sk/dokovacia-stanica-peladn-x-2-s-rozhranim-thunderbolt-3/","Heureka.sk | Elektronika | Počítače a notebooky | Príslušenstvo k notebookom | Dokovacie stanice a replikátory portov","169.9","6972410027769","","","","","",""
"4603","Premiumstore.sk","IMG Stage Line FLY-16SET Sada 16-kanálového bezdrôtového prenosu zvuku PA","","MON_FLY-16SET","https://www.premiumstore.sk/img-stage-line-fly-16set-sada-16-kanaloveho-bezdrotoveho-prenosu-zvuku-pa/","Profesionálna audio technika | Plošné ozvučenie (100V rozhlasové ozvučenie) | Bezdrôtový prenos zvuku","189","4007754270044","","","","","",""
"4603","Premiumstore.sk","MHPower napájecí adaptér 24V 4A 96W pro MikroTik s napájecím kabelem","","AT_ABT-A500003021","https://www.premiumstore.sk/mhpower-napajeci-adapter-24v-4a-96w-pro-mikrotik-s-napajecim-kabelem/","Bezpečnosť a smart domácnosť | Kamerové systémy | PRÍSLUŠENSTVO | Napájacie zdroje","18.5","8594199730968","","","","","",""
"4603","Premiumstore.sk","Monacor PA-6FD Modul detekcie poruchy","","MON_PA-6FD","https://www.premiumstore.sk/monacor-pa-6fd-modul-detekcie-poruchy/","Profesionálna audio technika | Plošné ozvučenie (100V rozhlasové ozvučenie) | Iné 100V zariadenia | monitorujúce zariadenia","79.9","4007754199581","","","","","",""
"4603","Premiumstore.sk","Solight sada 4ks vianočných sviečok, 4,5x6cm, prírodný vosk, 1xCR2032","","SOL_1V313","https://www.premiumstore.sk/solight-sada-4ks-vianocnych-sviecok--4-5x6cm--prirodny-vosk--1xcr2032/","Heureka.sk | Bývanie a doplnky | Bytové dekorácie | Sviatočné dekorácie | Vianoce | Vianočné osvetlenie","6.8","","","","","","",""
"4603","Premiumstore.sk","XREAL HUB charging adapter","","071819","https://www.premiumstore.sk/xreal-hub-charging-adapter/","Heureka.sk | Gaming | Herné príslušenstvo | Príslušenstvo k herným konzolám | Ostatné príslušenstvo k herným konzolám","41.9","6976143801108","","","","","",""
"4603","Premiumstore.sk","Bose Pro BOSE DesignMax DM8C inštalačný reproduktor, čierny","","BAS_BASYS-B_802080-0110","https://www.premiumstore.sk/bose-designmax-dm8c-instalacny-reproduktor--cierny/","Profesionálna audio technika | Plošné ozvučenie (100V rozhlasové ozvučenie)","760","","","","","","",""
"4603","Premiumstore.sk","Elokance ELO12MK2COVER Accessories (Cases, Stands)","","MON_ELO12MK2COVER","https://www.premiumstore.sk/elokance-elo12mk2cover-accessories--cases--stands/","Profesionálna audio technika | Pódium, diskotéka, DJ | reproduktorové systémy | príslušenstvo","47","3700752711540","","","","","",""
"4603","Premiumstore.sk","Kruger & Matz Zdroj univerzální Kruger&Matz KM1450-65 65W Power Delivery 7 koncovek pro notebooky","","AT_LEC-KM1450-65","https://www.premiumstore.sk/zdroj-univerzalni-kruger-matz-km1450-65-65w-power-delivery-7-koncovek-pro-notebooky/","Heureka.sk | Elektronika | Mobily, tablety, nositeľná elektronika | Príslušenstvo k mobilom | Batérie a nabíjačky pre mobily | Nabíjačky pre mobilné telefóny","22.5","5901890123952","","","","","",""
"4603","Premiumstore.sk","Múdra zásuvka TP-Link Tapo P100(1-pack) regulácia 230V cez IP, Cloud, WiFi","","PEN_52410002","https://www.premiumstore.sk/mudra-zasuvka-tp-link-tapo-p100-1-pack--regulacia-230v-cez-ip--cloud--wifi/","Heureka.sk | Dielňa, stavba, záhrada | Stavba | Elektromateriály | Elektroinštalačný materiál | Zásuvky, vypínače, termostaty | Zásuvky","13.5","4897098681633","4897098681633","TP-Link Tapo P100 (1-pack)","Elektronika | Inteligentná domácnosť | Zásuvky pre inteligentnú domácnosť","8.25","73.42","zasuvky-pre-inteligentnu-domacnost.heureka.sk/tp-link-tapo-p100-1-pack"
"4603","Premiumstore.sk","Solight LED vianočná hviezda stolová, 10x LED, 3x AA, strieborná","","SOL_1V262-S","https://www.premiumstore.sk/solight-led-vianocna-hviezda-stolova--10x-led--3x-aa--strieborna/","Heureka.sk | Bývanie a doplnky | Bytové dekorácie | Sviatočné dekorácie | Vianoce | Vianočné osvetlenie","11","","","","","","",""
"4603","Premiumstore.sk","1 modulové relé na riadenie hladiny vody pre 1 nádrž 24-240VAC/DC","","AT_ATO-OR-PZ-465","https://www.premiumstore.sk/detektor-uniku-vody-orno-or-pz-465/","Heureka.sk | Dielňa, stavba, záhrada | Stavba | Stavebná technika a náradie | Meradlá a meracie prístroje | Detektory, senzory | Požiarne hlásiče a detektory plynu","20.5","5908254848032","5908254848032","ORNO 1 modulárne relé na reguláciu hladiny vody pre 1 nádrž 24-240 V AC/DC","Auto-moto | Všetko pre autá | Autodiely | Diely karosérie | Nárazníky a diely","9.52","9.99","narazniky-a-diely.heureka.sk/orno-1-modularne-rele-na-regulaciu-hladiny-vody-pre-1-nadrz-24-240-v-ac-dc"
"4603","Premiumstore.sk","Diaľkový spúšť GODOX XproII TTL pre Nikon","","090962","https://www.premiumstore.sk/dialkovy-spust-godox-xproii-ttl-pre-nikon/","Heureka.sk | Elektronika | Foto, kamery, optika | Príslušenstvo k fotoaparátom | Blesky a príslušenstvo | Blesky k fotoaparátom","79.5","6952344226247","","","","","",""
"4603","Premiumstore.sk","IMG Stage Line WAVE-08A Aktívny širokopásmový reproduktorový systém, 150 W","","MON_WAVE-08A","https://www.premiumstore.sk/img-stage-line-wave-08a-aktivny-sirokopasmovy-reproduktorovy-system--150-w/","Profesionálna audio technika | Pódium, diskotéka, DJ | reproduktorové systémy | aktívne","275","4007754273977","","","","","",""
"4603","Premiumstore.sk","Mini PC GEEKOM IT13 s procesorom Core i9-13900HK, 16 GB RAM, 1 TB SSD + Windows 11 Pro","","088487","https://www.premiumstore.sk/mini-pc-geekom-it13-s-procesorom-core-i9-13900hk--16-gb-ram--1-tb-ssd-windows-11-pro/","TV, audio a video | Počítače a príslušenstvo | Mini PC","868.5","5905156105485","","","","","",""
"4603","Premiumstore.sk","Ovládač LED s nastaviteľnou bielou farbou a Wi-Fi pripojením MOES WCB-A5-TW-E1","","087532","https://www.premiumstore.sk/ovladac-led-s-nastavitelnou-bielou-farbou-a-wi-fi-pripojenim-moes-wcb-a5-tw-e1/","Bezpečnosť a smart domácnosť | Osvetlenie | LED pásy","13.5","6974246472584","","","","","",""
"4603","Premiumstore.sk","Sunnylife 1/4"" filtre na objektívy 3 ks. - Black Mist + CPL + ND16 pre Osmo Nano","","081535","https://www.premiumstore.sk/sunnylife-1-4--filtre-na-objektivy-3-ks-black-mist-cpl-nd16-pre-osmo-nano/","Heureka.sk | Elektronika | Foto, kamery, optika | Foto a kamery | Športové kamery","16.5","5905156100374","","","","","",""
"4603","Premiumstore.sk","Bateriový modul do racku 48V 100A GBLR-48-100 4,8 kWh GETI","","AT_ATO-04250921","https://www.premiumstore.sk/bateriovy-modul-do-racku-48v-100a--gblr-48-100-4-8-kwh--geti/","Heureka.sk | Elektronika | Batérie a nabíjanie | Batérie | LiFePO4 batérie","964.5","8595563735350","","","","","",""
"4603","Premiumstore.sk","Cp Plus CP-ANW-HP4H2-N65 Čtyřportový 10/100 Mbps PoE switch s 2x 10/100 Mbps uplinkem","","AT_CPP-CP-ANW-HP4H2-N65","https://www.premiumstore.sk/cp-anw-hp4h2-n65-ctyrportovy-10-100-mbps-poe-switch-s-2x-10-100-mbps-uplinkem/","Bezpečnosť a smart domácnosť | Kamerové systémy | PRÍSLUŠENSTVO | PoE switche","57","4250593441858","","","","","",""
"4603","Premiumstore.sk","FINLUX 65FQK9070 ULTRA HD 4K QLED SMART ANDROID TV","","AT_65FQK9070","https://www.premiumstore.sk/finlux-65fqk9070-ultra-hd-4k-qled-smart-android-tv/","Heureka.sk | Elektronika | TV, audio, video | Televízory","14","8698902064705","","","","","",""
"4603","Premiumstore.sk","Kamerová jednotka pro monitor GoSmart EMOS IP880B 2WIRE a videotelefon IP-880A 2WIRE, 3 tlač.","","AT_ATO-3010040840","https://www.premiumstore.sk/kamerova-jednotka-pro-monitor-gosmart-emos-ip880b-2wire-a-videotelefon-ip-880a-2wire--3-tlac-/","Bezpečnosť a smart domácnosť | Smart domácnosť | Zvončeky","205.9","8592920157602","","","","","",""
"4603","Premiumstore.sk","Monacor EUL-26/SW Dvojice miniatúrnych PA reproduktorových systémov","","MON_EUL-26_SW","https://www.premiumstore.sk/monacor-eul-26-sw-dvojice-miniaturnych-pa-reproduktorovych-systemov/","Profesionálna audio technika | Plošné ozvučenie (100V rozhlasové ozvučenie) | Reproduktory | nástenné","69.9","4007754241945","","","","","",""
"4603","Premiumstore.sk","Skladací elektrický bežecký pás ACEZOE P20 (červený)","","087431","https://www.premiumstore.sk/skladaci-elektricky-bezecky-pas-acezoe-p20--cerveny/","Heureka.sk | Šport a outdoor | Športy | Fitness | Trenažéry | Bežecké pásy","229","6975710727865","","","","","",""
"4603","Premiumstore.sk","Torba Sunnylife Dobrodružstvo Combo do Action 6 (čierna)","","083370","https://www.premiumstore.sk/torba-sunnylife-dobrodruzstvo-combo-do-action-6--cierna/","Heureka.sk | Elektronika | Foto, kamery, optika | Príslušenstvo k fotoaparátom | Blesky a príslušenstvo | Blesky k fotoaparátom","17.9","5905156101470","","","","","",""
"4603","Premiumstore.sk","BoomTone DJ LTSTAND Lift Stands","","MON_LTSTAND","https://www.premiumstore.sk/boomtone-dj-ltstand-lift-stands/","Heureka.sk | Elektronika | TV, audio, video | Reproduktory, soundbary | Príslušenstvo k reproduktorom | Stojany a držiaky na reproduktory","65.9","3700752701541","","","","","",""
"4603","Premiumstore.sk","Cp Plus Čtyřportový 10/100 Mbps PoE switch s 2x 100 Mbps uplinkem, 4x port RJ45 PoE 802af/at, signalizace provozu pomocí LED diod, ochrana","","AT_CPP-CP-UNW-HPU4H2-48","https://www.premiumstore.sk/ctyrportovy-10-100-mbps-poe-switch-s-2x-100-mbps-uplinkem--4x-port-rj45-poe-802af-at--signalizace-provozu-pomoci-led-diod--ochrana/","Bezpečnosť a smart domácnosť | Kamerové systémy | PRÍSLUŠENSTVO | PoE switche","53","4250593451017","","","","","",""
"4603","Premiumstore.sk","Inteligentný kŕmidlo pre domáce zvieratá Petkit","","089026","https://www.premiumstore.sk/inteligentny-krmidlo-pre-domace-zvierata-petkit/","Heureka.sk | Chovateľské potreby | Pre psov | Misky a zásobníky pre psov","123","6975069307657","","","","","",""
"4603","Premiumstore.sk","Monacor MDM-4002 Akustické penové predné podložky pre reproduktory, 668 x 579 mm","","MON_MDM-4002","https://www.premiumstore.sk/monacor-mdm-4002-akusticke-penove-predne-podlozky-pre-reproduktory--668-x-579-mm/","Heureka.sk | Elektronika | TV, audio, video | Reproduktory, soundbary | Príslušenstvo k reproduktorom | Stojany a držiaky na reproduktory","33","4007754073126","","","","","",""
"4603","Premiumstore.sk","Sada vzduchových filtrov OBSBOT Tail Air ND","","088842","https://www.premiumstore.sk/sada-vzduchovych-filtrov-obsbot-tail-air-nd/","Heureka.sk | Elektronika | Foto, kamery, optika | Foto a kamery | Športové kamery","60.5","6971889230397","","","","","",""
"4603","Premiumstore.sk","Vodné chladenie pre procesor Darkflash DH360D (biele)","","084157","https://www.premiumstore.sk/vodne-chladenie-pre-procesor-darkflash-dh360d--biele/","TV, audio a video | Počítače a príslušenstvo | Herné príslušenstvo | Chladenie počítača | Chladenie vodou","77.5","4711527002151","","","","","",""
"4603","Premiumstore.sk","Cp Plus CP-UNC-EE61L2C-VMD-Q 6.0 Mpix IP antivandal dome kamera (rybí oko) s mikrofonem a WDR","","AT_CPP-CP-UNC-EE61L2C-VMD-Q","https://www.premiumstore.sk/cp-unc-ee61l2c-vmd-q-6-0-mpix-ip-antivandal-dome-kamera--rybi-oko--s-mikrofonem-a-wdr/","Heureka.sk | Elektronika | Počítače a notebooky | Sieťové prvky | IP kamery","419.5","4250593449878","","","","","",""
"4603","Premiumstore.sk","Herná myš ONIKUMA DM05 RGB (čierna)","","088724","https://www.premiumstore.sk/herna-mys-onikuma-dm05-rgb--cierna/","Heureka.sk | Elektronika | TV, audio, video | Slúchadlá","16.5","6972470564853","","","","","",""
"4603","Premiumstore.sk","Magnetický upevňovací adaptér Sunnylife s guľovým kĺbom s rozsahom 360° pre Osmo 360 / Action 5 Pro / 4 / 3","","089923","https://www.premiumstore.sk/magneticky-upevnovaci-adapter-sunnylife-s-gulovym-klbom-s-rozsahom-360-pre-osmo-360-action-5-pro-4-3/","Heureka.sk | Elektronika | Foto, kamery, optika | Foto a kamery | Športové kamery","16","5905156107915","","","","","",""
"4603","Premiumstore.sk","Optical glass lens cover PULUZ for Insta360 X4","","067460","https://www.premiumstore.sk/optical-glass-lens-cover-puluz-for-insta360-x4/","Heureka.sk | Elektronika | Foto, kamery, optika | Foto a kamery | Športové kamery","21.5","5906168436970","","","","","",""
"4603","Premiumstore.sk","Stabilizátor napětí KEMOT SER-500-W URZ3439-500-W s opožděným zapnutím","","AT_LEC-URZ3439-500-W","https://www.premiumstore.sk/stabilizator-napeti-kemot-ser-500-w-urz3439-500-w-s-opozdenym-zapnutim/","Heureka.sk | Elektronika | Počítače a notebooky | Záložné zdroje | UPS","37","5901890115902","","","","","",""
"4603","Premiumstore.sk","Čítačka kariet TP-Link UA440C USB3.0 Typ C, microSD/SDHC/SDXC","","PEN_49907057","https://www.premiumstore.sk/citacka-kariet-tp-link-ua440c-usb3-0-typ-c--microsd-sdhc-sdxc/","Heureka.sk | Kancelária a papiernictvo | Kancelárska technika a vybavenie prevádzok | Pokladničné systémy | Čítačky kariet","20.5","1210002600118","1210002600118","TP-Link UA440C","Kancelária a papiernictvo | Kancelárska technika a vybavenie prevádzok | Pokladničné systémy | Čítačky kariet","16.95","23.01","citacky-kariet.heureka.sk/tp-link-ua440c"
"4603","Premiumstore.sk","Atos Kabel mikrofonní XLR samice - XLR samec 5m","","AT_LEC-KPO2756-5","https://www.premiumstore.sk/kabel-mikrofonni-xlr-samice-xlr-samec-5m/","Heureka.sk | Elektronika | TV, audio, video | Hi-Fi komponenty | AV prijímače","11","5901436713890","","","","","",""
"4603","Premiumstore.sk","Chladič procesora Darkflash DG360 (biely)","","086919","https://www.premiumstore.sk/chladic-procesora-darkflash-dg360--biely/","TV, audio a video | Počítače a príslušenstvo | Herné príslušenstvo | Chladenie počítača | Chladenie vodou","56","4711527002748","","","","","",""
"4603","Premiumstore.sk","Elokance STM12AS Floor Monitors","","MON_STM12AS","https://www.premiumstore.sk/elokance-stm12as-floor-monitors/","Profesionálna audio technika | Pódium, diskotéka, DJ | reproduktorové systémy | aktívne","412","3700752708106","","","","","",""
"4603","Premiumstore.sk","Kamera TP-Link Tapo C460 8MPx, vonkajšia, IP, WiFi, prísvit, batéria","","PEN_52932421","https://www.premiumstore.sk/kamera-tp-link-tapo-c460-8mpx--vonkajsia--ip--wifi--prisvit--bateria/","Heureka.sk | Elektronika | Počítače a notebooky | Sieťové prvky | IP kamery","143","8885020629545","8885020629545","TP-Link Tapo C460","Elektronika | Počítače a notebooky | Sieťové prvky | IP kamery","113.65","212.3","ip-kamery.heureka.sk/tp-link-tapo-c460_2"
"4603","Premiumstore.sk","Monacor ETS-215/WS PA stĺpové reproduktory","","MON_ETS-215_WS","https://www.premiumstore.sk/monacor-ets-215-ws-pa-stlpove-reproduktory/","Heureka.sk | Elektronika | TV, audio, video | Reproduktory, soundbary | Reprosústavy a reproduktory","118","4007754151268","","","","","",""
"4603","Premiumstore.sk","Průmyslový endoskop Ermenrich Seek VE80","","AT_LEV-85670","https://www.premiumstore.sk/prumyslovy-endoskop-ermenrich-seek-ve80/","Bezpečnosť a smart domácnosť | Kamerové systémy | Inspekční kamery, endoskopy","261.5","5905555026435","","","","","",""
"4603","Premiumstore.sk","Termostatická hlavica SONOFF ZigBee TRVZB, balenie po 4 kusoch","","088085","https://www.premiumstore.sk/termostaticka-hlavica-sonoff-zigbee-trvzb--balenie-po-4-kusoch/","Bezpečnosť a smart domácnosť | Prvky výkonu | Smart kúrenie | Termostatické hlavice","127.5","6920075743494","6920075743494","Sonoff Zigbee TRVZB 4 ks 06447314","Dielňa, stavba, záhrada | Kúrenie a ohrev vody | Kúrenie | Radiátory a príslušenstvo | Hlavice pre radiátory","136.89","139.73","hlavice-radiatory.heureka.sk/sonoff-zigbee-trvzb-4-ks-06447314"
"4603","Premiumstore.sk","Adaptér Freewell Pro SSD Link Drive","","090468","https://www.premiumstore.sk/adapter-freewell-pro-ssd-link-drive/","Heureka.sk | Elektronika | Počítače a notebooky | Počítačové komponenty | Pevné disky externé","59.5","4897143171652","","","","","",""
"4603","Premiumstore.sk","Cp Plus CP-URC-TC51PL3C 5.0 Mpix venkovní kamera 4v1 s IR přísvitem a mikrofonem","","AT_CPP-CP-URC-TC51PL3C","https://www.premiumstore.sk/cp-urc-tc51pl3c-5-0-mpix-venkovni-kamera-4v1-s-ir-prisvitem-a-mikrofonem/","Bezpečnosť a smart domácnosť | Kamerové systémy | KAMERY 4v1 | 5.0 Mpix.","48.5","4250593449854","","","","","",""
"4603","Premiumstore.sk","Herný ovládač GameSir T3 GY Tegenaria Lite Wired Controller Gray","","079690","https://www.premiumstore.sk/herny-ovladac-gamesir-t3-gy-tegenaria-lite-wired-controller-gray/","Heureka.sk | Gaming | Herné príslušenstvo | Herné ovládače | Gamepady","16","6936685222359","","","","","",""
"4603","Premiumstore.sk","Monacor HF-30 Gumené nožičky, 20 ks.","","MON_HF-30","https://www.premiumstore.sk/monacor-hf-30-gumene-nozicky--20-ks-/","Heureka.sk | Elektronika | TV, audio, video | Reproduktory, soundbary | Príslušenstvo k reproduktorom | Stojany a držiaky na reproduktory","12.9","4007754114478","","","","","",""
"4603","Premiumstore.sk","Prenosný repelent proti komárom 2 v 1 Flextail Max Repel S (zelený)","","060411","https://www.premiumstore.sk/prenosny-repelent-proti-komarom-2-v-1-flextail-max-repel-s--zeleny/","Šport, hračky a voľný čas | Outdoor | Osvetlenie | Kempingové svetlá","32.5","6975755960296","","","","","",""
"4603","Premiumstore.sk","Tefal K28104DI","","KB_100002199420","https://www.premiumstore.sk/tefal-k28104di/","Heureka.sk | Bývanie a doplnky | Bytové doplnky | Doplnky do kuchyne | Kuchynské náradie | Kuchynské nože a príslušenstvo | Kuchynské nože","11.5","3168430363892","","","","","",""
"4603","Premiumstore.sk","CP PLUS CP-UNC-VC61L5C-VMD-LQ 6.0 Mpix venkovní dome IP kamera s duálním přísvitem, Starlight, H.265, WDR a","","AT_CPP-CP-UNC-VC61L5C-VMD-LQ","https://www.premiumstore.sk/cp-plus-cp-unc-vc61l5c-vmd-lq-6-0-mpix-venkovni-dome-ip-kamera-s-dualnim-prisvitem--starlight--h-265--wdr-a/","Heureka.sk | Elektronika | Počítače a notebooky | Sieťové prvky | IP kamery","348","4250593451956","","","","","",""
"4603","Premiumstore.sk","Energy Sistem Music Box 2 Bluetooth speaker, indigo","","BAS_BASYS-EN_448524","https://www.premiumstore.sk/energy-sistem-music-box-2-bluetooth-speaker--indigo/","Heureka.sk | Elektronika | TV, audio, video | Reproduktory, soundbary | Reprosústavy a reproduktory","24.9","","","","","","",""
"4603","Premiumstore.sk","Kamera TP-Link Tapo C400 KIT 2MPx, vonkajšia, IP, WiFi, prisvetlenie, batéria + solárny panel","","PEN_52932449","https://www.premiumstore.sk/kamera-tp-link-tapo-c400-kit-2mpx--vonkajsia--ip--wifi--prisvetlenie--bateria-solarny-panel/","Heureka.sk | Elektronika | Počítače a notebooky | Sieťové prvky | IP kamery","73.9","8885021371283","8885021371283","TP-Link Tapo C400","Elektronika | Počítače a notebooky | Sieťové prvky | IP kamery","52.25","97","ip-kamery.heureka.sk/tp-link-tapo-c400_2"
"4603","Premiumstore.sk","Multifunkčný batoh NEEWER NB-MF na fotoaparáty a príslušenstvo","","083781","https://www.premiumstore.sk/multifunkcny-batoh-neewer-nb-mf-na-fotoaparaty-a-prislusenstvo/","Heureka.sk | Oblečenie, obuv a doplnky | Módne doplnky | Batohy, tašky a kabelky | Batohy","21.5","6976831837396","","","","","",""
"4603","Premiumstore.sk","Solární panel SOLARFAM 50W mono, 565x450x25mm, černý rám","","AT_ABT-A500004960","https://www.premiumstore.sk/solarni-panel-solarfam-50w-mono--565x450x25mm--cerny-ram/","Heureka.sk | Dielňa, stavba, záhrada | Stavba | Fotovoltaika | Fotovoltaické a solárne panely","40.5","","","","","","",""
"4603","Premiumstore.sk","Tesla Bambino BM30 detská WiFi pestúnka s kamerou","","AT_IST-TBBWBM30","https://www.premiumstore.sk/detska-chuvicka-tesla-bambino-bm30-wifi-s-monitorem-a-kamerou/","Heureka.sk | Elektronika | Počítače a notebooky | Sieťové prvky | IP kamery","123","8595689813482","8595689813482","Tesla detská pestúnka biela","Detský tovar | Vybavenie detskej izby | Detské pestúnky a monitory dychu | Detské pestúnky","55.91","108.17","detske-elektronicke-pestunky.heureka.sk/tesla-detska-pestunka-biela"
"4603","Premiumstore.sk","Bose Pro BOSE DesignMax DM6C inštalačné reproduktory, čierne","","BAS_BASYS-B_829679-0110","https://www.premiumstore.sk/bose-designmax-dm6c-instalacne-reproduktory--cierne/","Profesionálna audio technika | Plošné ozvučenie (100V rozhlasové ozvučenie)","960","","","","","","",""
"4603","Premiumstore.sk","Držiak so studenou päticou Freewell pre Fuji X100VI (strieborný)","","080783","https://www.premiumstore.sk/drziak-so-studenou-paticou-freewell-pre-fuji-x100vi--strieborny/","TV, audio a video | Foto a optika | Filtre | Pre zrkadlovky","40.5","4897143170877","","","","","",""
"4603","Premiumstore.sk","Inteligentná žiarovka YEELIGHT D1 (1 ks)","","085853","https://www.premiumstore.sk/inteligentna-ziarovka-yeelight-d1--1-ks/","Bezpečnosť a smart domácnosť | Osvetlenie | LED žiarovky","18.5","6924922267393","","","","","",""
"4603","Premiumstore.sk","Monacor AIRMT-85 Špičkový výškový reproduktor Air Motion Transformer, 20 W, 4 Ω","","MON_AIRMT-85","https://www.premiumstore.sk/monacor-airmt-85-spickovy-vyskovy-reproduktor-air-motion-transformer--20-w--4-/","Heureka.sk | Elektronika | TV, audio, video | Reproduktory, soundbary | Reprosústavy a reproduktory","179","4007754250251","","","","","",""
"4603","Premiumstore.sk","Monacor SP-13/4 Univerzálny reproduktor, 20 W, 4 Ω","","MON_SP-13_4","https://www.premiumstore.sk/monacor-sp-13-4-univerzalny-reproduktor--20-w--4-/","Heureka.sk | Elektronika | TV, audio, video | Reproduktory, soundbary | Reprosústavy a reproduktory","28.9","4007754137804","","","","","",""
"4603","Premiumstore.sk","Súborový server NAS TERRAMASTER F4-425 Plus s procesorom Intel N95, 8 GB RAM a 4 pozíciami","","090318","https://www.premiumstore.sk/suborovy-server-nas-terramaster-f4-425-plus-s-procesorom-intel-n95--8-gb-ram-a-4-poziciami/","Heureka.sk | Elektronika | TV, audio, video | Hi-Fi komponenty | Sieťové prehrávače","604","6939236148436","","","","","",""
"4603","Premiumstore.sk","Zdroj záložní KEMOT PROsinus 500 URZ3404B 300W 12V + AKU 40Ah","","AT_VB-URZ3404B","https://www.premiumstore.sk/zdroj-zalozni-kemot-prosinus--500-urz3404b-300w-12v-aku-40ah/","Heureka.sk | Elektronika | Počítače a notebooky | Záložné zdroje | UPS","167.5","","","","","","",""
"4603","Premiumstore.sk","Cp Plus CP-DNW-GPU4G2-48C Čtyřportový 10/100/1000 Mbps PoE switch s 2x 10/1000 Mbps uplinkem","","AT_CPP-CP-DNW-GPU4G2-48C","https://www.premiumstore.sk/cp-dnw-gpu4g2-48c-ctyrportovy-10-100-1000-mbps-poe-switch-s-2x-10-1000-mbps-uplinkem/","Bezpečnosť a smart domácnosť | Kamerové systémy | PRÍSLUŠENSTVO | PoE switche","94","4250593451246","","","","","",""
"4603","Premiumstore.sk","HDD 3.5"" 6TB 64MB Western Digital PURPLE pro kamerové systémy CP-PR-89","","AT_CPP-CP-PR-89","https://www.premiumstore.sk/hdd-3-5--6tb-64mb-western-digital-purple-pro-kamerove-systemy-cp-pr-89/","Heureka.sk | Elektronika | Počítače a notebooky | Príslušenstvo k počítačom | Pamäťové karty","361","718037857077","","","","","",""
"4603","Premiumstore.sk","Mini PC GEEKOM GT1MEGA Intel® Core™ Ultra 9 185H 16GB 1TB + Win 11 Pro","","083633","https://www.premiumstore.sk/mini-pc-geekom-gt1mega-intel-core--ultra-9-185h-16gb-1tb-win-11-pro/","TV, audio a video | Počítače a príslušenstvo | Mini PC","902.5","5905156101876","","","","","",""
"4603","Premiumstore.sk","ORG SUB/SW Spottune SUB wireless subwoofer, black","","MON_SUB_SW","https://www.premiumstore.sk/org-sub-sw-spottune-sub-wireless-subwoofer--black/","Profesionálna audio technika | Plošné ozvučenie (100V rozhlasové ozvučenie) | Bezdrôtové ozvučenie","1292","5745000259007","","","","","",""
"4603","Premiumstore.sk","Solight power banka s bezdrôtovým nabíjaním 10.000mAh","","SOL_DCPB01","https://www.premiumstore.sk/solight-power-banka-s-bezdrotovym-nabijanim-10-000mah/","Heureka.sk | Elektronika | Mobily, tablety, nositeľná elektronika | Príslušenstvo k mobilom | Batérie a nabíjačky pre mobily | Bezdrôtové nabíjačky","10.9","8592718041205","8592718041205","Samsung EB-U2510XUEGEU","Elektronika | Batérie a nabíjanie | Powerbanky","15.05","52.9","powerbanky.heureka.sk/samsung-eb-u2510xuegeu"
"4603","Premiumstore.sk","Bose Pro BOSE DesignMax DM6SE Vonkajší reproduktor na povrchovú montáž, biely","","BAS_BASYS-B_829682-0220","https://www.premiumstore.sk/bose-designmax-dm6se-vonkajsi-reproduktor-na-povrchovu-montaz--biely-2/","Profesionálna audio technika | Plošné ozvučenie (100V rozhlasové ozvučenie)","1120","","","","","","",""
"4603","Premiumstore.sk","Elokance ESLIM212TRIPOD Speaker Stands","","MON_ESLIM212TRIPOD","https://www.premiumstore.sk/elokance-eslim212tripod-speaker-stands/","Profesionálna audio technika | Pódium, diskotéka, DJ | reproduktorové systémy | príslušenstvo","39.9","3700752718105","","","","","",""
"4603","Premiumstore.sk","Kamera Ezviz H3c 3K Venkovní IP, 5MP, 2.8mm, WiFi","","PEN_70293580","https://www.premiumstore.sk/kamera-ezviz-h3c-3k-venkovni-ip--5mp--2-8mm--wifi/","Heureka.sk | Elektronika | Počítače a notebooky | Sieťové prvky | IP kamery","49","6941545630410","6941545630410","EZVIZ CS-H3C","Elektronika | Počítače a notebooky | Sieťové prvky | IP kamery","53.09","61.07","ip-kamery.heureka.sk/ezviz-cs-h3c"
"4603","Premiumstore.sk","Monacor IT-400DTM Weatherproof active 2-way horn speaker (music horn) with integrated Dante® module","","MON_IT-400DTM","https://www.premiumstore.sk/monacor-it-400dtm-weatherproof-active-2-way-horn-speaker--music-horn--with-integrated-dante-sup---sup--module/","Profesionálna audio technika | Plošné ozvučenie (100V rozhlasové ozvučenie) | Reproduktory | tlakové 100V","873","4007754417647","","","","","",""
"4603","Premiumstore.sk","Samsung Mini LED UE55M70H","","KB_100002203823","https://www.premiumstore.sk/samsung-mini-led-ue55m70h/","Heureka.sk | Elektronika | TV, audio, video | Televízory","501.9","","","","","","",""
"4603","Premiumstore.sk","TANNOY CVS 301/401 plastové mezikružie","","BAS_BASYS-TA_000-E4700","https://www.premiumstore.sk/tannoy-cvs-301-401-plastove-mezikruzie/","Profesionálna audio technika | Plošné ozvučenie (100V rozhlasové ozvučenie)","19","","","","","","",""
"4603","Premiumstore.sk","Bose Pro BOSE DesignMax Luna DML88P Závesný inštalačný reproduktor , biely","","BAS_BASYS-B_892117-0200","https://www.premiumstore.sk/bose-designmax-luna-dml88p-zavesny-instalacny-reproduktor-biely/","Profesionálna audio technika | Plošné ozvučenie (100V rozhlasové ozvučenie)","890","","","","","","",""
"4603","Premiumstore.sk","Elektrický bežecký pás MERACH MR-T14","","090791","https://www.premiumstore.sk/elektricky-bezecky-pas-merach-mr-t14/","Heureka.sk | Šport a outdoor | Športy | Fitness | Trenažéry | Bežecké pásy","278.9","5905156109506","","","","","",""
"4603","Premiumstore.sk","Kamera TP-Link Mercusys MC200 IP, 2 Mpx, WiFi, prisvietenie","","PEN_52932498","https://www.premiumstore.sk/kamera-tp-link-mercusys-mc200-ip--2-mpx--wifi--prisvietenie/","Heureka.sk | Elektronika | Počítače a notebooky | Sieťové prvky | IP kamery","20","6957939004897","6957939004897","Mercusys MC200","Elektronika | Počítače a notebooky | Sieťové prvky | IP kamery","16.49","27.2","ip-kamery.heureka.sk/mercusys-mc200"
"4603","Premiumstore.sk","Monacor BP-30G/RT Dvojica banánových zástrčiek pre reproduktory, 4 mm","","MON_BP-30G_RT","https://www.premiumstore.sk/monacor-bp-30g-rt-dvojica-bananovych-zastrciek-pre-reproduktory--4-mm/","Heureka.sk | Elektronika | TV, audio, video | Reproduktory, soundbary | Príslušenstvo k reproduktorom | Stojany a držiaky na reproduktory","12","4007754058109","","","","","",""
"4603","Premiumstore.sk","Nabíječka USB KRUGER & MATZ KM0859 GaN 140W USB-A + 3x USB-C","","AT_ATO-KM0859","https://www.premiumstore.sk/nabijecka-usb-kruger-matz-km0859-gan-140w-usb-a-3x-usb-c/","Heureka.sk | Elektronika | Mobily, tablety, nositeľná elektronika | Príslušenstvo k mobilom | Batérie a nabíjačky pre mobily | Nabíjačky pre mobilné telefóny","44","5901890117838","","","","","",""
"4603","Premiumstore.sk","Sada teleokuláru pro smartphone Levenhuk Kelvin TLC50","","AT_LEV-86474","https://www.premiumstore.sk/sada-teleokularu-pro-smartphone-levenhuk-kelvin-tlc50/","Heureka.sk | Elektronika | Foto, kamery, optika | Foto a kamery | Digitálne fotoaparáty","193.5","5905555027753","","","","","",""
"4603","Premiumstore.sk","TC Electronic 2290 P, DYNAMIC DIGITAL DELAY","","BAS_BASYS-TC_0709-AJO86","https://www.premiumstore.sk/tc-electronic-2290-p--dynamic-digital-delay/","Profesionálna audio technika | Hudobné nástroje a príslušenstvo | Gitarové príslušenstvo","339","","","","","","",""
"4603","Premiumstore.sk","CP PLUS CP-UNC-WC41L3C-VMD-LQ 4.0 Mpix venkovní mini antivandal IP kamera s duálním přísvitem, Starlight, m","","AT_CPP-CP-UNC-WC41L3C-VMD-LQ","https://www.premiumstore.sk/cp-plus-cp-unc-wc41l3c-vmd-lq-4-0-mpix-venkovni-mini-antivandal-ip-kamera-s-dualnim-prisvitem--starlight--m/","Heureka.sk | Elektronika | Počítače a notebooky | Sieťové prvky | IP kamery","376","4250593445344","","","","","",""
"4603","Premiumstore.sk","Elektrický bicykel ENGWE L20 PRO 3.0 250 W s 20-palcovými kolesami (čierny)","","088756","https://www.premiumstore.sk/elektricky-bicykel-engwe-l20-pro-3-0-250-w-s-20-palcovymi-kolesami--cierny-/","Šport, hračky a voľný čas | Elektrické bicykle","1668.9","6975639441095","","","","","",""
"4603","Premiumstore.sk","Konferenčný reproduktor EMEET OfficeCore M2 Max","","085715","https://www.premiumstore.sk/konferencny-reproduktor-emeet-officecore-m2-max/","Heureka.sk | Elektronika | Počítače a notebooky | Príslušenstvo k počítačom | Webkamery","167.5","6971337720289","","","","","",""
"4603","Premiumstore.sk","Monacor LSI-33T Cievka s transformátorovým jadrom, 3,3 mH","","MON_LSI-33T","https://www.premiumstore.sk/monacor-lsi-33t-cievka-s-transformatorovym-jadrom--3-3-mh/","Heureka.sk | Elektronika | TV, audio, video | Reproduktory, soundbary | Príslušenstvo k reproduktorom | Stojany a držiaky na reproduktory","24.5","4007754066869","","","","","",""
"4603","Premiumstore.sk","Sada filtrov ND (ND 8 16 32 64) PGYTECH pre DJI OSMO ACTION 3","","040234","https://www.premiumstore.sk/sada-filtrov-nd--nd-8-16-32-64--pgytech-pre-dji-osmo-action-3/","Heureka.sk | Elektronika | Foto, kamery, optika | Foto a kamery | Športové kamery","37","6970801339057","","","","","",""
"4603","Premiumstore.sk","Termostat MOES ZHT-SR-GA s technológiou ZigBee pre vodné vykurovanie","","087554","https://www.premiumstore.sk/termostat-moes-zht-sr-ga-s-technologiou-zigbee-pre-vodne-vykurovanie/","Heureka.sk | Dielňa, stavba, záhrada | Stavba | Elektromateriály | Elektroinštalačný materiál | Zásuvky, vypínače, termostaty | Termostaty","53","6974246478494","6974246478494","MOES Smart ZigBee GA Heating 5 A White","Dielňa, stavba, záhrada | Stavba | Elektromateriály | Elektroinštalačný materiál | Zásuvky, vypínače, termostaty | Termostaty","58.5","58.5","termostaty.heureka.sk/moes-smart-zigbee-ga-heating-5-a-white"
"4603","Premiumstore.sk","80-metrová hadica NIIMBOT pre tlačiarne C1","","087981","https://www.premiumstore.sk/80-metrova-hadica-niimbot-pre-tlaciarne-c1/","Heureka.sk | Kancelária a papiernictvo | Kancelárska technika a vybavenie prevádzok | Tlačiarne štítkov","17.5","5905156105461","5905156105461","Zmršťovacia bužírka NIIMBOT pre tlačiareň C1 80 m (1,5 mm²) biela","Kancelária a papiernictvo | Kancelárska technika a vybavenie prevádzok | Príslušenstvo ku kancelárskej technike | Farbiace pásky","20.5","20.5","farbiace-pasky.heureka.sk/zmrstovacia-buzirka-niimbot-pre-tlaciaren-c1-80-m-1_5-mm-biela"
"4603","Premiumstore.sk","Cp Plus CP-UNC-DA41PL3-V3-0280 4.0 Mpix venkovní IP dome kamera s IR přísvitem","","AT_CPP-CP-UNC-DA41PL3-V3-0280","https://www.premiumstore.sk/cp-unc-da41pl3-v3-0280-4-0-mpix-venkovni-ip-dome-kamera-s-ir-prisvitem/","Heureka.sk | Elektronika | Počítače a notebooky | Sieťové prvky | IP kamery","118.5","","","","","","",""
"4603","Premiumstore.sk","Hliníkový 360° držiak na volant PULUZ pre športové kamery (čierny)","","082317","https://www.premiumstore.sk/hlinikovy-360-drziak-na-volant-puluz-pre-sportove-kamery--cierny/","Heureka.sk | Elektronika | Foto, kamery, optika | Foto a kamery | Športové kamery","13","5905156101036","","","","","",""
"4603","Premiumstore.sk","Monacor BP-100G Dvojica banánových zástrčiek pre reproduktory, 4 mm","","MON_BP-100G","https://www.premiumstore.sk/monacor-bp-100g-dvojica-bananovych-zastrciek-pre-reproduktory--4-mm/","Heureka.sk | Elektronika | TV, audio, video | Reproduktory, soundbary | Príslušenstvo k reproduktorom | Stojany a držiaky na reproduktory","19.9","4007754058055","","","","","",""
"4603","Premiumstore.sk","REBEL ACTIVE RBA-1019 rehabilitační rotoped","","AT_LEC-RBA-1019","https://www.premiumstore.sk/rebel-active-rba-1019-rehabilitacni-rotoped/","Heureka.sk | Šport a outdoor | Športy | Fitness | Trenažéry | Rotopédy","24.9","5901890130165","","","","","",""
"4603","Premiumstore.sk","TANNOY VXP 15HP Reproduktor","","BAS_BASYS-TA_000-BZC01","https://www.premiumstore.sk/tannoy-vxp-15hp-reproduktor/","Profesionálna audio technika | Plošné ozvučenie (100V rozhlasové ozvučenie)","1490","","","","","","",""
"4603","Premiumstore.sk","Cp Plus CP-PR-100 Uzamykatelná skříňka na zeď pro malé DVR / NVR přehrávače (černá)","","AT_CPP-CP-PR-100","https://www.premiumstore.sk/cp-pr-100-uzamykatelna-skrinka-na-zed-pro-male-dvr-nvr-prehravace--cerna-/","Bezpečnosť a smart domácnosť | Kamerové systémy | PRÍSLUŠENSTVO | Montážne skrine a racky","150","5901643195670","","","","","",""
"4603","Premiumstore.sk","Grownsy Dvojitá","","083869","https://www.premiumstore.sk/dvojita-odsavacka-mlieka-grownsy/","Heureka.sk | Domáce a osobné spotrebiče | Starostlivosť o telo a zdravie | Starostlivosť o telo | Masážne prístroje","37.5","5905156102644","5905156102644","Grownsy Dvojitá","Detský tovar | Pre matku | Dojčenie | Odsávačky materského mlieka","40.54","46.5","odsavacky.heureka.sk/grownsy-dvojita"
"4603","Premiumstore.sk","MOES WCM-J10-S 4MP Wi-Fi IP kamera","","087545","https://www.premiumstore.sk/moes-wcm-j10-s-4mp-wi-fi-ip-kamera/","Heureka.sk | Elektronika | Počítače a notebooky | Sieťové prvky | IP kamery","55.9","6974246470580","","","","","",""
"4603","Premiumstore.sk","ORG RWM-1D Káblový kanál do racku, 1 U","","MON_RWM-1D","https://www.premiumstore.sk/org-rwm-1d-kablovy-kanal-do-racku--1-u/","Heureka.sk | Hobby | Hudobniny | Hudobné nástroje | Strunové nástroje | Príslušenstvo pre gitary","44.5","4007754244861","","","","","",""
"4603","Premiumstore.sk","Soundbar JBL Bar 2.0 All-In-One (MK2)","","PEN_36102508","https://www.premiumstore.sk/soundbar-jbl-bar-2-0-all-in-one--mk2-/","Heureka.sk | Elektronika | TV, audio, video | Reproduktory, soundbary | Soundbary","198.5","6925281925313","6925281925313","JBL Bar 2.0 All-In-One MK2","Elektronika | TV, audio, video | Reproduktory, soundbary | Soundbary","199","219.42","soundbary.heureka.sk/jbl-bar-2_0-all-in-one-mk2"
"4603","Premiumstore.sk","Vodotesné cestovné puzdro Puluz pre akčné kamery a príslušenstvo, 23 x 17 x 7 cm","","089602","https://www.premiumstore.sk/vodotesne-cestovne-puzdro-puluz-pre-akcne-kamery-a-prislusenstvo--23-x-17-x-7-cm/","Heureka.sk | Elektronika | TV, audio, video | Príslušenstvo k TV, audio-video | Audio príslušenstvo | Príslušenstvo pre gramofóny | Puzdrá a obaly pre gramofóny","11.5","5905156106659","","","","","",""
"4603","Premiumstore.sk","ANCEL L5000 PRO – diagnostický detektor únikov pre automobilové systémy","","087781","https://www.premiumstore.sk/ancel-l5000-pro---diagnosticky-detektor-unikov-pre-automobilove-systemy/","Auto-moto | Diagnostické nástroje","290","6978281190588","","","","","",""
"4603","Premiumstore.sk","Bose Pro BOSE EdgeMax EM180 stropný inštalačný reproduktor, biely","","BAS_BASYS-B_777189-0220","https://www.premiumstore.sk/bose-edgemax-em180-stropny-instalacny-reproduktor--biely/","Profesionálna audio technika | Plošné ozvučenie (100V rozhlasové ozvučenie)","950","","","","","","",""
"4603","Premiumstore.sk","Elektrický bežecký pás MERACH MR-T12B2","","092881","https://www.premiumstore.sk/elektricky-bezecky-pas-merach-mr-t12b2/","Heureka.sk | Šport a outdoor | Športy | Fitness | Trenažéry | Bežecké pásy","536","5905156111561","","","","","",""
"4603","Premiumstore.sk","JBL Easy sing mic mini","","KB_100002203931","https://www.premiumstore.sk/jbl-easy-sing-mic-mini/","Heureka.sk | Elektronika | TV, audio, video | Mikrofóny","138.9","1200130038693","1200130038693","JBL EasySing Mic Mini","Hobby | Zábava | Párty a oslavy | Karaoke","138.9","174.14","karaoke.heureka.sk/jbl-easysing-mic-mini"
"4603","Premiumstore.sk","Monacor BP-30G/SW Banánové zástrčky pre reproduktory, 4 mm","","MON_BP-30G_SW","https://www.premiumstore.sk/monacor-bp-30g-sw-bananove-zastrcky-pre-reproduktory--4-mm/","Heureka.sk | Elektronika | TV, audio, video | Reproduktory, soundbary | Príslušenstvo k reproduktorom | Stojany a držiaky na reproduktory","12","4007754058116","","","","","",""
"4603","Premiumstore.sk","Ohrievač komory QiDi pre sériu Max4","","092712","https://www.premiumstore.sk/ohrievac-komory-qidi-pre-seriu-max4/","Heureka.sk | Elektronika | Počítače a notebooky | Tlačiarne a príslušenstvo | 3D tlačiarne","52.9","744581223259","","","","","",""
"4603","Premiumstore.sk","TANNOY VX 5.2 Reproduktor","","BAS_BASYS-TA_000-BUE00","https://www.premiumstore.sk/tannoy-vx-5-2-reproduktor/","Profesionálna audio technika | Plošné ozvučenie (100V rozhlasové ozvučenie)","329","","","","","","",""
"4603","Premiumstore.sk","Záložní zdroj MHPower MPL-1050-12 UPS 1050W 12V čistý sinus podpora LiFePO4","","AT_ABT-A500008332","https://www.premiumstore.sk/zalozni-zdroj-mhpower-mpl-1050-12-ups-1050w-12v-cisty-sinus-podpora-lifepo4/","Heureka.sk | Elektronika | Počítače a notebooky | Záložné zdroje | UPS","184.9","8594199732269","","","","","",""
"4603","Premiumstore.sk","Cp Plus CP-PR-119 Police na zařízení pro 19"" racky","","AT_CPP-CP-PR-119","https://www.premiumstore.sk/cp-pr-119-police-na-zarizeni-pro-19--racky/","Bezpečnosť a smart domácnosť | Kamerové systémy | PRÍSLUŠENSTVO | Montážne skrine a racky","27.5","5902135315255","","","","","",""
"4603","Premiumstore.sk","HPA PROMIX12RM Mixing Desk Accessories","","MON_PROMIX12RM","https://www.premiumstore.sk/hpa-promix12rm-mixing-desk-accessories/","Profesionálna audio technika | Pódium, diskotéka, DJ | mixy a powermixy | audio (MMX-)","39.9","3700752717412","","","","","",""
"4603","Premiumstore.sk","Monacor AIRMT-130 Špičkový výškový reproduktor AIR MOTION TRANSFORMER, 60 W, 8 Ω","","MON_AIRMT-130","https://www.premiumstore.sk/monacor-airmt-130-spickovy-vyskovy-reproduktor-air-motion-transformer--60-w--8-/","Heureka.sk | Elektronika | TV, audio, video | Reproduktory, soundbary | Reprosústavy a reproduktory","305","4007754250268","","","","","",""
"4603","Premiumstore.sk","Optický 3D skener Revopoint Trackit SR","","091708","https://www.premiumstore.sk/opticky-3d-skener-revopoint-trackit-sr/","Heureka.sk | Elektronika | Počítače a notebooky | Tlačiarne a príslušenstvo | 3D skenery","3849.5","6975577882073","","","","","",""
"4603","Premiumstore.sk","TC Electronic El Cambo Overdrive guitar pedal","","BAS_BASYS-TC_000-CQ300","https://www.premiumstore.sk/tc-electronic-el-cambo-overdrive-guitar-pedal/","Profesionálna audio technika | Hudobné nástroje a príslušenstvo | Gitarové príslušenstvo","45","","","","","","",""
"4603","Premiumstore.sk","Bezdrôtový konferenčný reproduktor EMEET OfficeCore M220","","085712","https://www.premiumstore.sk/bezdrotovy-konferencny-reproduktor-emeet-officecore-m220/","Heureka.sk | Elektronika | Počítače a notebooky | Príslušenstvo k počítačom | Webkamery","189.5","6971337726687","","","","","",""
"4603","Premiumstore.sk","Cp Plus AI-KO19-1U-G Kabelový organizér pro 19"" racky","","AT_CPP-AI-KO19-1U-G","https://www.premiumstore.sk/ai-ko19-1u-g-kabelovy-organizer-pro-19--racky/","Bezpečnosť a smart domácnosť | Kamerové systémy | PRÍSLUŠENSTVO | Montážne skrine a racky","11","745178459297","","","","","",""
"4603","Premiumstore.sk","Kamera Ezviz H8c Pro 3K Vonkajšia otočná IP s WiFi, 5MP, 4mm","","PEN_70293587","https://www.premiumstore.sk/kamera-ezviz-h8c-pro-3k-vonkajsia-otocna-ip-s-wifi--5mp--4mm/","Heureka.sk | Elektronika | Počítače a notebooky | Sieťové prvky | IP kamery","70.9","6941545632162","6941545632162","EZVIZ CS-H8C-R200-1J5WKFL","Elektronika | Počítače a notebooky | Sieťové prvky | IP kamery","34.61","75.63","ip-kamery.heureka.sk/ezviz-cs-h8c-r200-1j5wkfl"
"4603","Premiumstore.sk","Minis Forum MINI-PC Minis Fórum M1 Pro-125H Intel Core Ultra 5 125H barebone","","083345","https://www.premiumstore.sk/mini-pc-minis-forum-m1-pro-125h-intel-core-ultra-5-125h-barebone/","TV, audio a video | Počítače a príslušenstvo | Mini PC","506.5","4897118834391","","","","","",""
"4603","Premiumstore.sk","Okuliare VITURE Pro 2 XR","","091439","https://www.premiumstore.sk/okuliare-viture-pro-2-xr/","Heureka.sk | Elektronika | TV, audio, video | Príslušenstvo k TV, audio-video | Príslušenstvo k TV | 3D okuliare","357.9","1230000282161","","","","","",""
"4603","Premiumstore.sk","Stabilizátor napětí KEMOT SER-1000-W URZ3439-1000-W s opožděným zapnutím","","AT_LEC-URZ3439-1000-W","https://www.premiumstore.sk/stabilizator-napeti-kemot-ser-1000-w-urz3439-1000-w-s-opozdenym-zapnutim/","Heureka.sk | Elektronika | Počítače a notebooky | Záložné zdroje | UPS","43.5","5901890115926","","","","","",""
"4603","Premiumstore.sk","Bezdrôtový klopový mikrofón PULUZ","","089657","https://www.premiumstore.sk/bezdrotovy-klopovy-mikrofon-puluz/","Heureka.sk | Elektronika | TV, audio, video | Mikrofóny","16.5","5905156107045","","","","","",""
"4603","Premiumstore.sk","Cp Plus CP-PR-118 Zásuvkový distributor (pes) na 8 zásuvek pro 19"" racky","","AT_CPP-CP-PR-118","https://www.premiumstore.sk/cp-pr-118-zasuvkovy-distributor--pes--na-8-zasuvek-pro-19--racky/","Bezpečnosť a smart domácnosť | Kamerové systémy | PRÍSLUŠENSTVO | Montážne skrine a racky","37.5","5901643194000","","","","","",""
"4603","Premiumstore.sk","KNG KM-24120 Držiak na stenu pre PA reproduktorové systémy","","MON_KM-24120","https://www.premiumstore.sk/kng-km-24120-drziak-na-stenu-pre-pa-reproduktorove-systemy/","Heureka.sk | Elektronika | TV, audio, video | Reproduktory, soundbary | Príslušenstvo k reproduktorom | Stojany a držiaky na reproduktory","308","4016842817467","4016842817467","Konig & Meyer 24120","Elektronika | TV, audio, video | Reproduktory, soundbary | Príslušenstvo k reproduktorom | Stojany a držiaky na reproduktory","156","156","stojany-a-drziaky-na-reproduktory.heureka.sk/konig-meyer-24120"
"4603","Premiumstore.sk","MOES WCM-P52P 4MP Wi-Fi PTZ IP kamera","","087538","https://www.premiumstore.sk/moes-wcm-p52p-4mp-wi-fi-ptz-ip-kamera/","Heureka.sk | Elektronika | Počítače a notebooky | Sieťové prvky | IP kamery","34.5","6974246479262","","","","","",""
"4603","Premiumstore.sk","Monacor PA-24AD 10-cestný PA linkový rozdeľovač","","MON_PA-24AD","https://www.premiumstore.sk/monacor-pa-24ad-10-cestny-pa-linkovy-rozdelovac/","Profesionálna audio technika | Plošné ozvučenie (100V rozhlasové ozvučenie) | Matrix/mixy audio","341","4007754182255","","","","","",""
"4603","Premiumstore.sk","Solárny panel FOSSIBOT SP200 200 W (čierny)","","088876","https://www.premiumstore.sk/solarny-panel-fossibot-sp200-200-w--cierny/","Heureka.sk | Dielňa, stavba, záhrada | Stavba | Fotovoltaika | Fotovoltaické a solárne panely","208.9","6942580504988","","","","","",""
"4603","Premiumstore.sk","Základný krúžok s vekom Freewell 82 mm pre Real Locking VND","","080808","https://www.premiumstore.sk/zakladny-kruzok-s-vekom-freewell-82-mm-pre-real-locking-vnd/","Heureka.sk | Elektronika | Foto, kamery, optika | Príslušenstvo k fotoaparátom | Blesky a príslušenstvo | Blesky k fotoaparátom","15","4897143170785","4897143170785","Freewell Real Locking magnetický 82mm FW-L1-BL82","Elektronika | Foto, kamery, optika | Príslušenstvo k fotoaparátom | Objektívy a doplnky | Predsádky a redukcie","29.99","32.01","predsadky-a-redukcie.heureka.sk/freewell-real-locking-magneticky-82mm-fw-l1-bl82"
"4603","Premiumstore.sk","Držák monitoru CABLETECH UCH0219-1 17''-32''","","AT_LEC-UCH0219-1","https://www.premiumstore.sk/drzak-monitoru-cabletech-uch0219-1-17-32--/","Heureka.sk | Elektronika | TV, audio, video | Príslušenstvo k TV, audio-video | Príslušenstvo k TV | Držiaky a stolíky | Držiaky a stojany na TV a monitory","14.5","5901890137386","","","","","",""
"4603","Premiumstore.sk","KMP H171 (HP 652 Tri-colour)","","KB_410214527909","https://www.premiumstore.sk/kmp-h171--hp-652-tri-colour-/","Heureka.sk | Elektronika | Počítače a notebooky | Tlačiarne a príslušenstvo | Náplne a farby do tlačiarní | Atramenty a refillkity","13.5","4011324175943","","","","","",""
"4603","Premiumstore.sk","Monacor HF-70 Gumené nožičky, 20 ks.","","MON_HF-70","https://www.premiumstore.sk/monacor-hf-70-gumene-nozicky--20-ks-/","Heureka.sk | Elektronika | TV, audio, video | Reproduktory, soundbary | Príslušenstvo k reproduktorom | Stojany a držiaky na reproduktory","13.5","4007754114447","","","","","",""
"4603","Premiumstore.sk","STELL SHO 1122 35030631","","AT_V014","https://www.premiumstore.sk/konzola-t-sat-50-cm/","Heureka.sk | Elektronika | TV, audio, video | Príslušenstvo k TV, audio-video | Príslušenstvo k TV | Antény | Satelitné antény","15.5","8590669089420","8590669089420","STELL SHO 1122 35030631","Elektronika | TV, audio, video | Príslušenstvo k TV, audio-video | Príslušenstvo k TV | Držiaky a stolíky | Držiaky a stojany na TV a monitory","12","14.28","drziaky-a-stojany-na-tv-a-monitory.heureka.sk/stell-sho-1122-35030631"
"4603","Premiumstore.sk","Zdroj záložní Rebel POWER-2000-LFP4 RB-4030 1200W 12V","","AT_LEC-RB-4030","https://www.premiumstore.sk/zdroj-zalozni-rebel-power-2000-lfp4-rb-4030--1200w-12v/","Heureka.sk | Elektronika | Počítače a notebooky | Záložné zdroje | UPS","187.5","5901890135672","","","","","",""
"4603","Premiumstore.sk","Bose Pro BOSE FreeSpace FS4SE Reproduktor na povrchovú montáž, čierna","","BAS_BASYS-B_841155-0320","https://www.premiumstore.sk/bose-freespace-fs4se-reproduktor-na-povrchovu-montaz--cierna/","Profesionálna audio technika | Plošné ozvučenie (100V rozhlasové ozvučenie)","705","","","","","","",""
"4603","Premiumstore.sk","EVEN REALITIES G2A slnečná clona s puzdrom (zelená)","","093234","https://www.premiumstore.sk/even-realities-g2a-slnecna-clona-s-puzdrom--zelena/","Heureka.sk | Elektronika | TV, audio, video | Príslušenstvo k TV, audio-video | Príslušenstvo k TV | 3D okuliare","100","6977390120486","","","","","",""
"4603","Premiumstore.sk","Kamera TP-Link Tapo C660 KIT 8MPx, vonkajšia, IP PTZ, WiFi batérie, prísvit","","PEN_52932424","https://www.premiumstore.sk/kamera-tp-link-tapo-c660-kit-8mpx--vonkajsia--ip-ptz--wifi-baterie--prisvit/","Heureka.sk | Elektronika | Počítače a notebooky | Sieťové prvky | IP kamery","194.9","8885020624199","8885020624199","TP-Link Tapo C660 Kit","Elektronika | Počítače a notebooky | Sieťové prvky | IP kamery","127.7","199","ip-kamery.heureka.sk/tp-link-tapo-c660-kit"
"4603","Premiumstore.sk","Monacor SPE-15F/WS Dvojica PA reproduktorov pod omietku, 15 W, 4 Ω","","MON_SPE-15F_WS","https://www.premiumstore.sk/monacor-spe-15f-ws-dvojica-pa-reproduktorov-pod-omietku--15-w--4-/","Heureka.sk | Elektronika | TV, audio, video | Reproduktory, soundbary | Reprosústavy a reproduktory","67.9","4007754220704","","","","","",""
"4603","Premiumstore.sk","Sunnylife protective case for Insta360 GO 3 / GO 3S camera (black)","","055459","https://www.premiumstore.sk/sunnylife-protective-case-for-insta360-go-3-go-3s-camera--black/","Heureka.sk | Elektronika | Foto, kamery, optika | Foto a kamery | Športové kamery","12","5905316148680","","","","","",""
"4603","Premiumstore.sk","Bezdrôtový konferenčný reproduktor EMEET Luna","","085709","https://www.premiumstore.sk/bezdrotovy-konferencny-reproduktor-emeet-luna/","Heureka.sk | Elektronika | Počítače a notebooky | Príslušenstvo k počítačom | Webkamery","49.5","6971337720197","","","","","",""
"4603","Premiumstore.sk","Cp Plus CP-UVR-0801L1-4KI3-V2 Osmikanálový 4K 5v1 DVR s kompresí H.265 (analog, HDCVI, AHD, TVI, IP)","","AT_CPP-CP-UVR-0801L1-4KI3-V2","https://www.premiumstore.sk/cp-uvr-0801l1-4ki3-v2--osmikanalovy-4k-5v1-dvr-s-kompresi-h-265--analog--hdcvi--ahd--tvi--ip-/","Bezpečnosť a smart domácnosť | Kamerové systémy | HDCVI a 5v1 videorekordéry | 8 kanálů","323.9","4250593446617","","","","","",""
"4603","Premiumstore.sk","Freewell Real Locking magnetický 67mm FW-L1-BL67","","080805","https://www.premiumstore.sk/zakladny-kruzok-freewell-67-mm-s-vekom-pre-real-locking-vnd/","Heureka.sk | Elektronika | Foto, kamery, optika | Príslušenstvo k fotoaparátom | Blesky a príslušenstvo | Blesky k fotoaparátom","30","4897143170754","4897143170754","Freewell Real Locking magnetický 67mm FW-L1-BL67","Elektronika | Foto, kamery, optika | Príslušenstvo k fotoaparátom | Objektívy a doplnky | Predsádky a redukcie","29.99","33.28","predsadky-a-redukcie.heureka.sk/freewell-real-locking-magneticky-67mm-fw-l1-bl67"
"4603","Premiumstore.sk","Kamera EMOS IP-220W /H4062/ GoSmart vnitřní otočná s Wi-Fi","","AT_ATO-3024040620","https://www.premiumstore.sk/kamera-emos-ip-220w--h4062--gosmart-vnitrni-otocna-s-wi-fi/","Heureka.sk | Elektronika | Počítače a notebooky | Sieťové prvky | IP kamery","41","8592920147061","8592920147061","GoSmart 220W","Elektronika | Počítače a notebooky | Sieťové prvky | IP kamery","32.6","38.95","ip-kamery.heureka.sk/gosmart-220w"
"4603","Premiumstore.sk","MOES WCM-S24-S 4MP Wi-Fi IP kamera","","087542","https://www.premiumstore.sk/moes-wcm-s24-s-4mp-wi-fi-ip-kamera/","Heureka.sk | Elektronika | Počítače a notebooky | Sieťové prvky | IP kamery","52.5","6974246470573","","","","","",""
"4603","Premiumstore.sk","Nabíjačka Telesin pre DJI Osmo Action 5 pro","","078410","https://www.premiumstore.sk/nabijacka-telesin-pre-dji-osmo-action-5-pro/","Heureka.sk | Elektronika | Foto, kamery, optika | Príslušenstvo k fotoaparátom | Blesky a príslušenstvo | Blesky k fotoaparátom","16","6974944464478","","","","","",""
"4603","Premiumstore.sk","Solight rozbočovač 3x 16A, USB A+C rychlonabíjačka 20W PD, biely","","SOL_P112-PD20","https://www.premiumstore.sk/solight-rozbocovac-3x-16a--usb-a-c-rychlonabijacka-20w-pd--biely/","Heureka.sk | Dielňa, stavba, záhrada | Stavba | Elektromateriály | Elektroinštalačný materiál | Zásuvky, vypínače, termostaty | Zásuvky","10.5","8592718046682","","","","","",""
"4603","Premiumstore.sk","Telkom Telmor Anténny konektor IEC GNI0255.1","","SOL_SSN5500E","https://www.premiumstore.sk/solight-antenny-coax-konektor-priamy-typ-taliansko--10ks--sacok/","Heureka.sk | Elektronika | TV, audio, video | Hi-Fi komponenty | AV prijímače","5.5","8595092115449","8595092115449","Telkom Telmor Anténny konektor IEC GNI0255.1","Auto-moto | Všetko pre autá | Elektronika do auta | Auto Hi-Fi | Auto antény","6.59","6.59","auto-anteny.heureka.sk/telkom-telmor-antenny-konektor-iec-gni0255_1_9"
"4603","Premiumstore.sk","CP PLUS CP-UNR-4K4324-FI Síťový videorekordér (NVR) s kompresí H.265 pro připojení 32 IP kamer s AI funkcem","","AT_CPP-CP-UNR-4K4324-FI","https://www.premiumstore.sk/cp-plus-cp-unr-4k4324-fi-sitovy-videorekorder--nvr--s-kompresi-h-265-pro-pripojeni-32-ip-kamer-s-ai-funkcem/","Bezpečnosť a smart domácnosť | Kamerové systémy | IP sieťové videorekordéry (NVR) | 32 kanálů","1218.5","4250593448291","","","","","",""
"4603","Premiumstore.sk","H3019 Kamerová jednotka pro monitory a videotelefony EMOS EM-10AHD EMOS","","AT_EMO3010003019","https://www.premiumstore.sk/kamerova-jednotka-emos-em-10ahd--h3019-klavesnice--pro-monitory-a-videotelefony/","Bezpečnosť a smart domácnosť | Smart domácnosť | Zvončeky","108.5","8592920117521","8592920117521","H3019 Kamerová jednotka pro monitory a videotelefony EMOS EM-10AHD EMOS","Dielňa, stavba, záhrada | Stavba | Železiarstvo | Poštové schránky","102.9","102.9","postove-schranky.heureka.sk/h3019-kamerova-jednotka-pro-monitory-a-videotelefony-emos-em-10ahd-emos_2"
"4603","Premiumstore.sk","MINI PC GMKtec M6 Ultra AMD Ryzen 5 7640HS 16GM RAM + 512GB SSD WIN 11 PRO","","081570","https://www.premiumstore.sk/mini-pc-gmktec-m6-ultra-amd-ryzen-5-7640hs-16gm-ram-512gb-ssd-win-11-pro/","TV, audio a video | Počítače a príslušenstvo | Mini PC","651.9","6972570964126","","","","","",""
"4603","Premiumstore.sk","Monacor ST-925GM Reproduktorový terminál","","MON_ST-925GM","https://www.premiumstore.sk/monacor-st-925gm-reproduktorovy-terminal/","Heureka.sk | Elektronika | TV, audio, video | Reproduktory, soundbary | Príslušenstvo k reproduktorom | Stojany a držiaky na reproduktory","11.5","4007754064162","","","","","",""
"4603","Premiumstore.sk","Solight sada LED sviečok na vianočný stromček, 10x sviečka, diaľkové ovládanie, časovač, 1xAAA","","SOL_1V312","https://www.premiumstore.sk/solight-sada-led-sviecok-na-vianocny-stromcek--10x-sviecka--dialkove-ovladanie--casovac--1xaaa/","Heureka.sk | Bývanie a doplnky | Bytové dekorácie | Sviatočné dekorácie | Vianoce | Vianočné osvetlenie","20.5","","","","","","",""
"4603","Premiumstore.sk","Tlačiareň štítkov NIIMBOT M3 (biela)","","087891","https://www.premiumstore.sk/tlaciaren-stitkov-niimbot-m3--biela/","Heureka.sk | Kancelária a papiernictvo | Kancelárska technika a vybavenie prevádzok | Tlačiarne štítkov","138.5","6978061958209","","","","","",""
"4603","Premiumstore.sk","Chladič procesora Darkflash DG360 (čierny)","","086918","https://www.premiumstore.sk/chladic-procesora-darkflash-dg360--cierny/","TV, audio a video | Počítače a príslušenstvo | Herné príslušenstvo | Chladenie počítača | Chladenie vodou","53","4711527002731","","","","","",""
"4603","Premiumstore.sk","GODOX UB-165W parabolický odrazový dáždnik","","091079","https://www.premiumstore.sk/godox-ub-165w-parabolicky-odrazovy-dazdnik/","Heureka.sk | Elektronika | Foto, kamery, optika | Príslušenstvo k fotoaparátom | Blesky a príslušenstvo | Blesky k fotoaparátom","65","6952344219416","","","","","",""
"4603","Premiumstore.sk","MINIS FORUM X1 Pro-370 Ryzen AI 9 HX370 Mini PC v základnej zostave","","088348","https://www.premiumstore.sk/minis-forum-x1-pro-370-ryzen-ai-9-hx370-mini-pc-v-zakladnej-zostave/","TV, audio a video | Počítače a príslušenstvo | Mini PC","916.9","4897118834032","","","","","",""
"4603","Premiumstore.sk","Monacor MVB-10 Konzola","","MON_MVB-10","https://www.premiumstore.sk/monacor-mvb-10-konzola/","Profesionálna audio technika | Pódium, diskotéka, DJ | reproduktorové systémy | príslušenstvo","70.5","4007754235722","","","","","",""
"4603","Premiumstore.sk","Orava Dálkový ovladač RC4590 Orava, Finlux, Gogen, Hyundai, Telefunken, Haier","","AT_ORA-VDORC4590","https://www.premiumstore.sk/dalkovy-ovladac-rc4590-orava--finlux--gogen--hyundai--telefunken--haier/","Heureka.sk | Elektronika | TV, audio, video | Príslušenstvo k TV, audio-video | Príslušenstvo k TV | Diaľkové ovládače","17.5","","","","","","",""
"4603","Premiumstore.sk","Solight 90° výmenná šošovka pre high bay radu 006","","SOL_WPH-ND-009","https://www.premiumstore.sk/solight-90-vymenna-sosovka-pre-high-bay-radu-006/","Heureka.sk | Bývanie a doplnky | Osvetlenie a svietidlá | LED osvetlenie","4.4","8592718032579","8592718032579","Solight WPH-ND-009","Bývanie a doplnky | Osvetlenie a svietidlá | Svietidlá","11.49","11.49","svietidla.heureka.sk/solight-wph-nd-009"
"4603","Premiumstore.sk","Zdroj záložní KEMOT PROsinus 500 URZ3404-LFP4 300W 12V + BATERIE","","AT_VB-URZ3404-LPFP4","https://www.premiumstore.sk/zdroj-zalozni-kemot-prosinus--500-urz3404-lfp4--300w-12v-baterie/","Heureka.sk | Elektronika | Počítače a notebooky | Záložné zdroje | UPS","127.5","","","","","","",""
"4603","Premiumstore.sk","Batéria NEEWER 6800 mAh, 14,5 V, 99 Wh","","083770","https://www.premiumstore.sk/bateria-neewer-6800-mah--14-5-v--99-wh/","Heureka.sk | Elektronika | Foto, kamery, optika | Príslušenstvo k fotoaparátom | Blesky a príslušenstvo | Blesky k fotoaparátom","125.5","6976831839741","","","","","",""
"4603","Premiumstore.sk","Chladič extrudéra QiDi Polar Cooler pre sériu Q2/Max4","","092710","https://www.premiumstore.sk/chladic-extrudera-qidi-polar-cooler-pre-seriu-q2-max4/","Heureka.sk | Elektronika | Počítače a notebooky | Tlačiarne a príslušenstvo | 3D tlačiarne","208.5","744581223334","","","","","",""
"4603","Premiumstore.sk","HP 142A Black Laser Toner, W1420A","","KB_100001932204","https://www.premiumstore.sk/hp-142a-black-laser-toner--w1420a/","Heureka.sk | Elektronika | Počítače a notebooky | Tlačiarne a príslušenstvo | Skenery","57.5","1948507406262","1948507406262","HP W1420A - originálny","Elektronika | Počítače a notebooky | Tlačiarne a príslušenstvo | Náplne a farby do tlačiarní | Náplne a tonery - originálne","46.03","70.47","naplne-a-tonery.heureka.sk/hp-w1420a-originalny"
"4603","Premiumstore.sk","MOES WCM-S26 4MP Wi-Fi IP kamera","","087540","https://www.premiumstore.sk/moes-wcm-s26-4mp-wi-fi-ip-kamera/","Heureka.sk | Elektronika | Počítače a notebooky | Sieťové prvky | IP kamery","45.9","6978507850937","","","","","",""
"4603","Premiumstore.sk","Nabíječka EMOS V1TG65 USB adaptér do sítě GaN PD 65W, AC + kabel","","AT_EMO1704023500","https://www.premiumstore.sk/nabijecka-emos-v1tg65-usb-adapter-do-site-gan-pd-65w--ac-kabel/","Heureka.sk | Elektronika | Mobily, tablety, nositeľná elektronika | Príslušenstvo k mobilom | Batérie a nabíjačky pre mobily | Nabíjačky pre mobilné telefóny","31.9","8592920159538","","","","","",""
"4603","Premiumstore.sk","Solight rozbočovač 4 x 16A, biely","","SOL_P112","https://www.premiumstore.sk/solight-rozbocovac-4-x-16a--biely/","Heureka.sk | Dielňa, stavba, záhrada | Stavba | Elektromateriály | Elektroinštalačný materiál | Zásuvky, vypínače, termostaty | Zásuvky","3.1","8592718046668","","","","","",""
"4603","Premiumstore.sk","Bose Pro BOSE ShowMatch SM10 DeltaQ line array reproduktor","","BAS_BASYS-B_730999-8850","https://www.premiumstore.sk/bose-showmatch-sm10-deltaq-line-array-reproduktor/","Profesionálna audio technika | Plošné ozvučenie (100V rozhlasové ozvučenie)","5810","","","","","","",""
"4603","Premiumstore.sk","EVEN REALITIES G2A AR okuliare (zelené)","","093228","https://www.premiumstore.sk/even-realities-g2a-ar-okuliare--zelene/","Heureka.sk | Elektronika | TV, audio, video | Príslušenstvo k TV, audio-video | Príslušenstvo k TV | 3D okuliare","744.9","6977390120424","","","","","",""
"4603","Premiumstore.sk","Kamera TP-Link Tapo C560WS 8MPx, vonkajšia, IP PTZ, WiFi, prísvit","","PEN_52932423","https://www.premiumstore.sk/kamera-tp-link-tapo-c560ws-8mpx--vonkajsia--ip-ptz--wifi--prisvit/","Heureka.sk | Elektronika | Počítače a notebooky | Sieťové prvky | IP kamery","102.9","1210002602679","1210002602679","TP-Link Tapo C560WS","Elektronika | Počítače a notebooky | Sieťové prvky | IP kamery","74.89","102.8","ip-kamery.heureka.sk/tp-link-tapo-c560ws"
"4603","Premiumstore.sk","Monacor KU-916T Tlakový driver, odolný voči počasiu","","MON_KU-916T","https://www.premiumstore.sk/monacor-ku-916t-tlakovy-driver--odolny-voci-pocasiu/","Profesionálna audio technika | Plošné ozvučenie (100V rozhlasové ozvučenie) | Reproduktory | tlakové 100V","77","4007754171532","","","","","",""
"4603","Premiumstore.sk","Samsung QE75QN900F NEO QLED 8K","","KB_100002134570","https://www.premiumstore.sk/samsung-qe75qn900f-neo-qled-8k/","Heureka.sk | Elektronika | TV, audio, video | Televízory","4120.5","8806097068389","8806097068389","Samsung QE75QN900FT","Elektronika | TV, audio, video | Televízory","2799","4007.93","televizor.heureka.sk/samsung-qe75qn900ft_2"
"4603","Premiumstore.sk","Termostatická hlavica SONOFF ZigBee TRVZB, balenie po 2 kusoch","","088084","https://www.premiumstore.sk/termostaticka-hlavica-sonoff-zigbee-trvzb--balenie-po-2-kusoch/","Bezpečnosť a smart domácnosť | Prvky výkonu | Smart kúrenie | Termostatické hlavice","63.5","6920075743487","6920075743487","Sonoff Zigbee TRVZB 2ks 06447315","Dielňa, stavba, záhrada | Kúrenie a ohrev vody | Kúrenie | Radiátory a príslušenstvo | Hlavice pre radiátory","72.49","72.55","hlavice-radiatory.heureka.sk/sonoff-zigbee-trvzb-2ks-06447315"
"4603","Premiumstore.sk","Bose Pro BOSE L1 Pro8","","BAS_BASYS-B_840919-2100","https://www.premiumstore.sk/bose-l1-pro8/","Profesionálna audio technika | Pódium, diskotéka, DJ | reproduktorové systémy","1440","","","","","","",""
"4603","Premiumstore.sk","Diaľkový spúšťač GODOX X1R TTL pre Sony","","091002","https://www.premiumstore.sk/dialkovy-spustac-godox-x1r-ttl-pre-sony/","Heureka.sk | Elektronika | Foto, kamery, optika | Príslušenstvo k fotoaparátom | Blesky a príslušenstvo | Blesky k fotoaparátom","34.9","6952344212059","","","","","",""
"4603","Premiumstore.sk","Kovové puzdro Telesin pre DJI Osmo Action 5 (čierne)","","078412","https://www.premiumstore.sk/kovove-puzdro-telesin-pre-dji-osmo-action-5--cierne/","Heureka.sk | Elektronika | Foto, kamery, optika | Foto a kamery | Športové kamery","21.5","6974944465468","","","","","",""
"4603","Premiumstore.sk","Monacor MPT-016 Piezo výškový reproduktor","","MON_MPT-016","https://www.premiumstore.sk/monacor-mpt-016-piezo-vyskovy-reproduktor/","Heureka.sk | Elektronika | TV, audio, video | Reproduktory, soundbary | Reprosústavy a reproduktory","10","4007754181203","","","","","",""
"4603","Premiumstore.sk","Pumpa na karimatku Flextail TINY Pump 3X Farba: biela","","085473","https://www.premiumstore.sk/elektricka-pumpa-flextail-tiny-pump-3x--biela/","Heureka.sk | Šport a outdoor | Športy | Cyklistika | Náradie na bicykel a údržba | Pumpy na bicykel","28","6975755966915","6975755966915","Pumpa na karimatku Flextail TINY Pump 3X Farba: biela","Šport a outdoor | Športy | Cyklistika | Príslušenstvo na bicykel | Doplnky na bicykel","30.67","55.2","cyklisticke-prislusenstvo.heureka.sk/pumpa-na-karimatku-flextail-tiny-pump-3x-farba-biela"
"4603","Premiumstore.sk","Waydoo EVO Master Plus 75L Electric Skateboard (Color: Sunrise)","","086956","https://www.premiumstore.sk/waydoo-evo-master-plus-75l-electric-skateboard--color--sunrise/","Heureka.sk | Šport a outdoor | Športy | Vodné športy | Potápačské vybavenie | Podvodné skútre","2764.5","6974416941292","","","","","",""
"4603","Premiumstore.sk","CP PLUS CP-PR-45 Přídavná montážní propojovací krabice (134mm)","","AT_CP-PR-45","https://www.premiumstore.sk/cp-plus-cp-pr-45-pridavna-montazni-propojovaci-krabice--134mm-/","Bezpečnosť a smart domácnosť | Kamerové systémy | PRÍSLUŠENSTVO | Držiaky","27.9","","","","","","",""
"4603","Premiumstore.sk","Freewell Freewell 1,7x Teleobjektiv závit 17 mm","","090472","https://www.premiumstore.sk/telebjektiv-freewell-1-7x-pre-smartfony--bajonet-17-mm/","Heureka.sk | Elektronika | Foto, kamery, optika | Príslušenstvo k fotoaparátom | Blesky a príslušenstvo | Blesky k fotoaparátom","114.9","6972971865749","6972971865749","Freewell Freewell 1,7x Teleobjektiv závit 17 mm","Elektronika | Foto, kamery, optika | Príslušenstvo k fotoaparátom | Objektívy a doplnky | Objektívy","139","139.82","objektivy.heureka.sk/freewell-freewell-1_7x-teleobjektiv-zavit-17-mm"
"4603","Premiumstore.sk","Kamera TP-Link Tapo C630 KIT 5MPx, vonkajšia, IP PTZ, WiFi batéria, prisvietenie","","PEN_52932450","https://www.premiumstore.sk/kamera-tp-link-tapo-c630-kit-5mpx--vonkajsia--ip-ptz--wifi-bateria--prisvietenie/","Heureka.sk | Elektronika | Počítače a notebooky | Sieťové prvky | IP kamery","126","1210002605410","1210002605410","TP-LINK Tapo C630 KIT","Elektronika | Počítače a notebooky | Sieťové prvky | IP kamery","98.2","136.12","ip-kamery.heureka.sk/tp-link-tapo-c630-kit"
"4603","Premiumstore.sk","Mini PC Minix NR660LP s procesorom Ryzen 5 6600H, 16 GB RAM, 512 GB SSD a operačným systémom Windows 11 Pro","","086792","https://www.premiumstore.sk/mini-pc-minix-nr660lp-s-procesorom-ryzen-5-6600h--16-gb-ram--512-gb-ssd-a-operacnym-systemom-windows-11-pro/","TV, audio a video | Počítače a príslušenstvo | Mini PC","492.5","4897016413056","","","","","",""
"4603","Premiumstore.sk","Noveen N'oveen ohřívač vody IWH955","","KB_100002200941","https://www.premiumstore.sk/n-oveen-ohrivac-vody-iwh955/","Heureka.sk | Dielňa, stavba, záhrada | Kúrenie a ohrev vody | Ohrev vody | Bojlery a ohrievače vody","76.5","5902221623448","5902221623448","N OVEEN IWH955","Bývanie a doplnky | Sanita a vybavenie kúpeľní | Vodovodné batérie","49.9","83.2","vodovodne-baterie.heureka.sk/n-oveen-iwh955"
"4603","Premiumstore.sk","TANNOY VXP 8 Reproduktor","","BAS_BASYS-TA_000-BZ001","https://www.premiumstore.sk/tannoy-vxp-8-reproduktor/","Profesionálna audio technika | Plošné ozvučenie (100V rozhlasové ozvučenie)","829","","","","","","",""
"4603","Premiumstore.sk","Blow LXG804 12V/3A","","AT_BL3A","https://www.premiumstore.sk/napajeci-zdroj-spinany-blow-12v-3a-konektor-2-1-5-5/","Bezpečnosť a smart domácnosť | Kamerové systémy | PRÍSLUŠENSTVO | Napájacie zdroje","13","5900804081135","","","","","",""
"4603","Premiumstore.sk","Fve Montážní trojúhelník, nastavitelný 15-30° - 1000x880x430 mm","","AT_TRIANGLE-ADJ-SMALL","https://www.premiumstore.sk/montazni-trojuhelnik--nastavitelny-15-30-1000x880x430-mm/","Heureka.sk | Dielňa, stavba, záhrada | Stavba | Fotovoltaika | Fotovoltaické a solárne panely","23.5","","","","","","",""
"4603","Premiumstore.sk","Kamera TP-Link Tapo C645D KIT 2x 2K, venkovní, IP PTZ, WiFi, přísvit, sol. panel","","PEN_52932459","https://www.premiumstore.sk/kamera-tp-link-tapo-c645d-kit-2x-2k--venkovni--ip-ptz--wifi--prisvit--sol--panel/","Heureka.sk | Elektronika | Počítače a notebooky | Sieťové prvky | IP kamery","231.5","8885020629750","8885020629750","TP Link Tapo C645D","Elektronika | Počítače a notebooky | Sieťové prvky | IP kamery","185.77","231.28","ip-kamery.heureka.sk/tp-link-tapo-c645d"
"4603","Premiumstore.sk","Montážna doska ELEGOO s dvoma tlačovými hlavami pre OrangeStorm Giga","","079523","https://www.premiumstore.sk/montazna-doska-elegoo-s-dvoma-tlacovymi-hlavami-pre-orangestorm-giga/","Kreatívne technológie | 3D tlač | Diely","29.9","6932704906767","","","","","",""
"4603","Premiumstore.sk","TANNOY VXP 12¨Reproduktor","","BAS_BASYS-TA_000-BZ401","https://www.premiumstore.sk/tannoy-vxp-12--reproduktor/","Profesionálna audio technika | Plošné ozvučenie (100V rozhlasové ozvučenie)","1049","","","","","","",""
"4603","Premiumstore.sk","Cp Plus AI-PRS19-6U-350GB Uzamykatelný rack pro DVR / NVR rekordéry","","AT_CPP-AI-PRS19-6U-350GB","https://www.premiumstore.sk/ai-prs19-6u-350gb-uzamykatelny-rack-pro-dvr-nvr-rekordery/","Bezpečnosť a smart domácnosť | Kamerové systémy | PRÍSLUŠENSTVO | Montážne skrine a racky","97.5","745178459228","","","","","",""
"4603","Premiumstore.sk","Gtv AE-PBSUC2GU-53","","SOL_PP128","https://www.premiumstore.sk/solight-vestavny-blok-zasuviek-s-posuvnym-krytom--3-zasuvky--2m--strieborny/","Heureka.sk | Elektronika | TV, audio, video | Príslušenstvo k TV, audio-video | Príslušenstvo k TV | Predlžovacie káble","41.5","8592718041465","8592718041465","Gtv AE-PBSUC2GU-53","Dielňa, stavba, záhrada | Stavba | Elektromateriály | Elektroinštalačný materiál | Zásuvky, vypínače, termostaty | Zásuvky","33.99","51.64","zasuvky.heureka.sk/gtv-ae-pbsuc2gu-53"
"4603","Premiumstore.sk","Monacor EDL-255/WS PA nástenný a stropný reproduktor","","MON_EDL-255_WS","https://www.premiumstore.sk/monacor-edl-255-ws-pa-nastenny-a-stropny-reproduktor/","Heureka.sk | Elektronika | TV, audio, video | Reproduktory, soundbary | Reprosústavy a reproduktory","115.5","4007754064544","","","","","",""
"4603","Premiumstore.sk","Průmyslový endoskop Ermenrich Seek VE50 Fialový","","AT_LEV-83838","https://www.premiumstore.sk/prumyslovy-endoskop-ermenrich-seek-ve50-fialovy/","Bezpečnosť a smart domácnosť | Kamerové systémy | Inspekční kamery, endoskopy","161","5905555021515","5905555021515","Ermenrich Seek VE50","Elektronika | Foto, kamery, optika | Foto a kamery | Termokamery","147.9","159.42","termokamery.heureka.sk/ermenrich-seek-ve50"
"4603","Premiumstore.sk","Waydoo EVO Propeller","","086982","https://www.premiumstore.sk/waydoo-evo-propeller/","Heureka.sk | Šport a outdoor | Športy | Vodné športy | Potápačské vybavenie | Podvodné skútre","190.9","6974416941926","","","","","",""
"4603","Premiumstore.sk","Bose Pro BOSE EdgeMax EM180-LP stropný inštalačný reproduktor, biely","","BAS_BASYS-B_891454-0200","https://www.premiumstore.sk/bose-edgemax-em180-lp-stropny-instalacny-reproduktor--biely/","Profesionálna audio technika | Plošné ozvučenie (100V rozhlasové ozvučenie)","850","","","","","","",""
"4603","Premiumstore.sk","Diagnostický skener pre motocykle ANCEL MT100 PRO","","087780","https://www.premiumstore.sk/diagnosticky-skener-pre-motocykle-ancel-mt100-pro/","Auto-moto | Diagnostické nástroje","145","6978281190519","6978281190519","Ancel MT100","Auto-moto | Všetko pre autá | Elektronika do auta | Autodiagnostiky","99.92","145","autodiagnostiky.heureka.sk/ancel-mt100"
"4603","Premiumstore.sk","Inteligentná LED žiarovka Meross MSL120 WiFi (HomeKit) (štvorbalenie)","","077938","https://www.premiumstore.sk/inteligentna-led-ziarovka-meross-msl120-wifi--homekit-stvorbalenie/","Bezpečnosť a smart domácnosť | Osvetlenie | LED žiarovky","39.5","6973696566324","","","","","",""
"4603","Premiumstore.sk","Kruger & Matz Zdroj univerzální Kruger&Matz KM1450-45 45W pro notebook Power Delivery 7 koncovek","","AT_LEC-KM1450-45","https://www.premiumstore.sk/zdroj-univerzalni-kruger-matz-km1450-45-45w-pro-notebook-power-delivery-7-koncovek/","Heureka.sk | Elektronika | Mobily, tablety, nositeľná elektronika | Príslušenstvo k mobilom | Batérie a nabíjačky pre mobily | Nabíjačky pre mobilné telefóny","17","5901890123938","","","","","",""
"4603","Premiumstore.sk","Mini PC GMKtec M8 Ryzen 5 PRO 6650H 16GB 512GB Win 11 Pro","","084391","https://www.premiumstore.sk/mini-pc-gmktec-m8-ryzen-5-pro-6650h-16gb-512gb-win-11-pro/","TV, audio a video | Počítače a príslušenstvo | Mini PC","531","6972570964454","","","","","",""
"4603","Premiumstore.sk","Pletený kostým pre kačičku Loona Premium","","085988","https://www.premiumstore.sk/pleteny-kostym-pre-kacicku-loona-premium/","Šport, hračky a voľný čas | Hračky | Vzdelávacie a interaktívne","27","6975062110988","","","","","",""
"4603","Premiumstore.sk","Sunnylife Súprava filtrov do DJI Action 6 (CPL/MCUV/ND8/16/32/64/Light Pollution LPR/Black Mist 1/4)","","083393","https://www.premiumstore.sk/suprava-filtrov-do-dji-action-6--cpl-mcuv-nd8-16-32-64-light-pollution-lpr-black-mist-1-4/","Heureka.sk | Elektronika | Foto, kamery, optika | Foto a kamery | Športové kamery","49.9","5905156101531","","","","","",""
"4603","Premiumstore.sk","Základný krúžok Freewell 58 mm s vekom pre Real Locking VND","","080803","https://www.premiumstore.sk/zakladny-kruzok-freewell-58-mm-s-vekom-pre-real-locking-vnd/","Heureka.sk | Elektronika | Foto, kamery, optika | Príslušenstvo k fotoaparátom | Blesky a príslušenstvo | Blesky k fotoaparátom","15.5","4897143170730","4897143170730","Freewell Real Locking VND 58 mm","Elektronika | Foto, kamery, optika | Príslušenstvo k fotoaparátom | Objektívy a doplnky | Predsádky a redukcie","29.99","32.01","predsadky-a-redukcie.heureka.sk/freewell-real-locking-vnd-58-mm"
"4603","Premiumstore.sk","BoboVR G3 Grip Cover – návleky na rukoväte pre VR","","083397","https://www.premiumstore.sk/bobovr-g3-grip-cover---navleky-na-rukovate-pre-vr/","Heureka.sk | Gaming | Herné príslušenstvo | Príslušenstvo k herným konzolám | Ostatné príslušenstvo k herným konzolám","17.9","6937267000518","6937267000518","BOBOVR G3 Silikónový kryt pre ovládače Meta Quest 3, 3S čierna","Gaming | Herné príslušenstvo | Príslušenstvo k herným konzolám | Obaly a kryty na herné konzoly a gamepady","17.9","32.46","obaly-kryty-herni-konzole.heureka.sk/bobovr-g3-silikonovy-kryt-pre-ovladace-meta-quest-3_3s-cierna"
"4603","Premiumstore.sk","Godox C26","","091011","https://www.premiumstore.sk/nabijacka-baterii-godox-c26-pre-ad600pro/","Heureka.sk | Elektronika | Foto, kamery, optika | Príslušenstvo k fotoaparátom | Blesky a príslušenstvo | Blesky k fotoaparátom","41.5","6952344212493","6952344212493","Godox C26","Elektronika | Foto, kamery, optika | Príslušenstvo k fotoaparátom | Batérie a nabíjačky pre foto a video | Foto - Video nabíjačky","47.9","54.5","foto-video-nabijacky-a-zdroje.heureka.sk/godox-c26"
"4603","Premiumstore.sk","Kamera TP-Link Tapo C665G KIT 4MPx, vonkajšia, IP PTZ, 4K, 4G, prisvietenie","","PEN_52932455","https://www.premiumstore.sk/kamera-tp-link-tapo-c665g-kit-4mpx--vonkajsia--ip-ptz--4k--4g--prisvietenie/","Heureka.sk | Elektronika | Počítače a notebooky | Sieťové prvky | IP kamery","249.5","8885020624212","8885020624212","TP Link Tapo C665G KIT","Elektronika | Počítače a notebooky | Sieťové prvky | IP kamery","197.5","253.24","ip-kamery.heureka.sk/tp-link-tapo-c665g-kit"
"4603","Premiumstore.sk","Nástěnná nabíječka pro elektromobily Besen SQ20-22KW-APP","","077441","https://www.premiumstore.sk/nastenna-nabijacka-pre-elektromobily-besen-sq20-22kw-app/","Heureka.sk | Auto-moto | Elektromobilita a jej príslušenstvo | Príslušenstvo pre elektromobily | Nabíjačky pre elektromobily","323.5","5907085525365","5907085525365","Nástěnná nabíječka pro elektromobily Besen SQ20-22KW-APP","Auto-moto | Všetko pre autá | Autodoplnky | Autonavijaky","348.75","348.75","autonavijaky.heureka.sk/nastenna-nabijecka-pro-elektromobily-besen-sq20-22kw-app"
"4603","Premiumstore.sk","TC Electronic DUAL WRECK PREAMP, gitarový predzosilňovač","","BAS_BASYS-TC_0709-AJS86","https://www.premiumstore.sk/tc-electronic-dual-wreck-preamp--gitarovy-predzosilnovac/","Profesionálna audio technika | Hudobné nástroje a príslušenstvo | Gitarové príslušenstvo","159","","","","","","",""
"4603","Premiumstore.sk","Cp Plus AI-VRS19-2U-130W Uzamykatelná skříňka na zeď pro DVR / NVR rekordéry","","AT_CPP-AI-VRS19-2U-130W","https://www.premiumstore.sk/ai-vrs19-2u-130w-uzamykatelna-skrinka-na-zed-pro-dvr-nvr-rekordery/","Bezpečnosť a smart domácnosť | Kamerové systémy | PRÍSLUŠENSTVO | Montážne skrine a racky","105.5","745178459211","","","","","",""
"4603","Premiumstore.sk","HDD 3.5"" 10TB 128MB Western Digital PURPLE pro kamerové systémy CP-PR-159","","AT_CPP-CP-PR-159","https://www.premiumstore.sk/hdd-3-5--10tb-128mb-western-digital-purple-pro-kamerove-systemy-cp-pr-159/","Heureka.sk | Elektronika | Počítače a notebooky | Príslušenstvo k počítačom | Pamäťové karty","607.5","","","","","","",""
"4603","Premiumstore.sk","Monacor EDL-420/SW Guľový reproduktor PA odolný voči poveternostným vplyvom, čierny","","MON_EDL-420_SW","https://www.premiumstore.sk/monacor-edl-420-sw-gulovy-reproduktor-pa-odolny-voci-poveternostnym-vplyvom--cierny/","Profesionálna audio technika | Plošné ozvučenie (100V rozhlasové ozvučenie) | Reproduktory | závesné","112.5","4007754411034","","","","","",""
"4603","Premiumstore.sk","Sada na opravu jízdních kol Trizand 27893","","AT_ITR-00019343","https://www.premiumstore.sk/sada-na-opravu-jizdnich-kol-trizand-27893/","Šport, hračky a voľný čas | Cyklistika | Ostatné cyklo doplnky","11","5900779965614","5900779965614","Trizand 27893 Sada nářadí na opravu jízdních kol 7 ks, zelená 5900779965614","Dielňa, stavba, záhrada | Náradie pre dielňu a záhradu | Náradie do dielne | Elektrické náradie | Brúsky a príslušenstvo | Brúsky - príslušenstvo","6.9","7.5","brusky-prislusenstvo.heureka.sk/trizand-27893-sada-naradi-na-opravu-jizdnich-kol-7-ks-zelena-5900779965614_2"
"4603","Premiumstore.sk","Zásuvka Switchbot Plug Mini(EU).","","082231","https://www.premiumstore.sk/zasuvka-switchbot-plug-mini-eu/","Heureka.sk | Dielňa, stavba, záhrada | Stavba | Elektromateriály | Elektroinštalačný materiál | Zásuvky, vypínače, termostaty | Zásuvky","15.9","810150547399","","","","","",""
"4603","Premiumstore.sk","Bose Pro BOSE FreeSpace 3 Acoustimass Bass Module nástenný inštalačný subwoofer, biely","","BAS_BASYS-B_040145","https://www.premiumstore.sk/bose-freespace-3-acoustimass-bass-module-nastenny-instalacny-subwoofer--biely/","Heureka.sk | Elektronika | TV, audio, video | Reproduktory, soundbary | Reprosústavy a reproduktory","720","","","","","","",""
"4603","Premiumstore.sk","Diaľkový spúšťač GODOX X2T TTL pre fotoaparáty Fuji","","090990","https://www.premiumstore.sk/dialkovy-spustac-godox-x2t-ttl-pre-fotoaparaty-fuji/","Heureka.sk | Elektronika | Foto, kamery, optika | Príslušenstvo k fotoaparátom | Blesky a príslušenstvo | Blesky k fotoaparátom","53","6952344217689","","","","","",""
"4603","Premiumstore.sk","JTS CS-4 Automatický mixer mikrofónov","","MON_CS-4","https://www.premiumstore.sk/jts-cs-4-automaticky-mixer-mikrofonov/","Profesionálna audio technika | Pódium, diskotéka, DJ | mixy a powermixy | audio (MMX-)","363","4007754217940","","","","","",""
"4603","Premiumstore.sk","Krüger & Matz Connect C200 Tuya Kamerový systém","","AT_LP-KM2240","https://www.premiumstore.sk/kamerovy-set-kruger-matz-km2240-connect-c200-tuya-wi-fi/","Heureka.sk | Elektronika | Počítače a notebooky | Sieťové prvky | IP kamery","170.9","5901890071475","5901890071475","Krüger & Matz Connect C200 Tuya Kamerový systém","Elektronika | Počítače a notebooky | Sieťové prvky | IP kamery","168.01","189.49","ip-kamery.heureka.sk/kruger-matz-connect-c200-tuya-kamerovy-system"
"4603","Premiumstore.sk","Minis Forum MINI-PC Minis Fórum UM790 Pro Ryzen 9 7940HS barebone","","082849","https://www.premiumstore.sk/mini-pc-minis-forum-um790-pro-ryzen-9-7940hs-barebone/","TV, audio a video | Počítače a príslušenstvo | Mini PC","477","4897118831895","","","","","",""
"4603","Premiumstore.sk","Počítačová skriňa DarkFlash C280 (čierna) + 7 ventilátorov","","082912","https://www.premiumstore.sk/pocitacova-skrina-darkflash-c280--cierna--7-ventilatorov/","Heureka.sk | Elektronika | Počítače a notebooky | Počítačové komponenty | PC skrine","62.9","4711527008078","","","","","",""
"4603","Premiumstore.sk","Súborový server NAS TERRAMASTER U8-500 Plus: Intel Core i7-1255U, 16 GB RAM, 8 pozícií","","090326","https://www.premiumstore.sk/suborovy-server-nas-terramaster-u8-500-plus--intel-core-i7-1255u--16-gb-ram--8-pozicii/","Heureka.sk | Elektronika | TV, audio, video | Hi-Fi komponenty | Sieťové prehrávače","1818.5","6939236146005","","","","","",""
"4603","Premiumstore.sk","Behringer EUROLIVE B112D aktívny PA reproduktorový systém-akcia","","BAS_BASYS-B112D2","https://www.premiumstore.sk/behringer-eurolive-b112d-aktivny-pa-reproduktorovy-system-akcia/","Heureka.sk | Elektronika | TV, audio, video | Reproduktory, soundbary | Reprosústavy a reproduktory","199","","","","","","",""
"4603","Premiumstore.sk","Dokovacia stanica Peladn G2E (strieborná) s rozhraním Thunderbolt 5","","089230","https://www.premiumstore.sk/dokovacia-stanica-peladn-g2e--strieborna--s-rozhranim-thunderbolt-5/","Heureka.sk | Elektronika | Počítače a notebooky | Príslušenstvo k notebookom | Dokovacie stanice a replikátory portov","326.5","6979390520433","","","","","",""
"4603","Premiumstore.sk","Inšpekčná kamera BIGSTREN 5 m IP67 s displejom Full HD a 8 LED","","AT_ITR-00018497","https://www.premiumstore.sk/kamera-endoskopicka-bigstren-25520-5m/","Bezpečnosť a smart domácnosť | Kamerové systémy | Inspekční kamery, endoskopy","38.9","5900779955653","5900779955653","Inšpekčná kamera BIGSTREN 5 m IP67 s displejom Full HD a 8 LED","Auto-moto | Všetko pre autá | Autodiely | Diely v motorovom priestore | Zapaľovanie do áut | Žhaviace sviečky","36.9","36.9","zhaviace-sviecky.heureka.sk/inspekcna-kamera-bigstren-5-m-ip67-s-displejom-full-hd-a-8-led"
"4603","Premiumstore.sk","Magnetický kovový stojan PULUZ DJI Osmo (čierny)","","080662","https://www.premiumstore.sk/magneticky-kovovy-stojan-puluz-dji-osmo--cierny/","Heureka.sk | Elektronika | Foto, kamery, optika | Foto a kamery | Športové kamery","11","5907085529189","","","","","",""
"4603","Premiumstore.sk","ORG WSA-2 Bluetooth audio prijímač","","MON_WSA-2","https://www.premiumstore.sk/org-wsa-2-bluetooth-audio-prijimac/","Profesionálna audio technika | Plošné ozvučenie (100V rozhlasové ozvučenie) | Bezdrôtový prenos zvuku","108.5","5099206051805","5099206051805","Logitech Bluetooth Audio Adapter 980-000912","Elektronika | TV, audio, video | Satelitná a digitálna technika | Bluetooth audio adaptéry","25.46","52.8","prenasace-signalu-a-vzdialeny-pristup.heureka.sk/logitech-bluetooth-audio-adapter-980-000912"
"4603","Premiumstore.sk","Střídač hybridní DEYE SUN-30K-SG01HP3-EU-BM3, 30kW, 3F, HV","","AT_TIP-04230654","https://www.premiumstore.sk/stridac-hybridni-deye-sun-30k-sg01hp3-eu-bm3--30kw--3f--hv/","Heureka.sk | Dielňa, stavba, záhrada | Stavba | Fotovoltaika | Solárne regulátory","4455.5","5905951586113","","","","","",""
"4603","Premiumstore.sk","Zdroj záložní KEMOT PROsinus 800 URZ3405-LFP4 500W 12V + BATERIE","","AT_VB-URZ3405-LFP4","https://www.premiumstore.sk/zdroj-zalozni-kemot-prosinus--800-urz3405-lfp4--500w-12v-baterie/","Heureka.sk | Elektronika | Počítače a notebooky | Záložné zdroje | UPS","104.9","","","","","","",""
"4603","Premiumstore.sk","Bose Pro BOSE AudioPack Pro S4B, čierny","","BAS_BASYS-B_892255-2110","https://www.premiumstore.sk/bose-audiopack-pro-s4b--cierny/","Profesionálna audio technika | Plošné ozvučenie (100V rozhlasové ozvučenie)","1660","","","","","","",""
"4603","Premiumstore.sk","Diaľkový spúšťač GODOX X2T TTL pre Nikon","","090947","https://www.premiumstore.sk/dialkovy-spustac-godox-x2t-ttl-pre-nikon/","Heureka.sk | Elektronika | Foto, kamery, optika | Príslušenstvo k fotoaparátom | Blesky a príslušenstvo | Blesky k fotoaparátom","51","6952344217085","","","","","",""
"4603","Premiumstore.sk","IMG Stage Line BAG-12M Ochranný obal pre MEGA-112MK2, MEGA-DSP12, MOVE-12","","MON_BAG-12M","https://www.premiumstore.sk/img-stage-line-bag-12m-ochranny-obal-pre-mega-112mk2--mega-dsp12--move-12/","Profesionálna audio technika | Plošné ozvučenie (100V rozhlasové ozvučenie) | Reproduktory","76.9","","","","","","",""
"4603","Premiumstore.sk","Mini PC GMKtec K13 Core Ultra 7 256V 16 GB 1 TB Windows 11 Pro","","087147","https://www.premiumstore.sk/mini-pc-gmktec-k13-core-ultra-7-256v-16-gb-1-tb-windows-11-pro/","TV, audio a video | Počítače a príslušenstvo | Mini PC","888","6972570964782","","","","","",""
"4603","Premiumstore.sk","Monacor WALL-04T/WS 2-pásmový PA reproduktorový systém v páre, biely","","MON_WALL-04T_WS","https://www.premiumstore.sk/monacor-wall-04t-ws-2-pasmovy-pa-reproduktorovy-system-v-pare--biely/","Profesionálna audio technika | Plošné ozvučenie (100V rozhlasové ozvučenie) | Reproduktory | nástenné","153","4007754261240","","","","","",""
"4603","Premiumstore.sk","Prenosná fototlačiareň Liene Pearl N200 Pro 2x3"" (zlatá)","","087641","https://www.premiumstore.sk/prenosna-fototlaciaren-liene-pearl-n200-pro-2x3-zlata/","Heureka.sk | Elektronika | Počítače a notebooky | Tlačiarne a príslušenstvo | Tlačiarne","84.9","6971398602623","","","","","",""
"4603","Premiumstore.sk","Stolný statív Puluz (čierny)","","089601","https://www.premiumstore.sk/stolny-stativ-puluz--cierny/","Heureka.sk | Elektronika | Foto, kamery, optika | Príslušenstvo k fotoaparátom | Statívy a príslušenstvo | Statívy","11.5","5905156106901","","","","","",""
"4603","Premiumstore.sk","Bose Pro BOSE DesignMax DM3C inštalačné reproduktory, biele","","BAS_BASYS-B_829708-0210","https://www.premiumstore.sk/bose-designmax-dm3c-instalacne-reproduktory--biele/","Profesionálna audio technika | Plošné ozvučenie (100V rozhlasové ozvučenie)","540","","","","","","",""
"4603","Premiumstore.sk","Diaľkový spúšť GODOX X3Pro TTL pre fotoaparáty Olympus","","091029","https://www.premiumstore.sk/dialkovy-spust-godox-x3pro-ttl-pre-fotoaparaty-olympus/","Heureka.sk | Elektronika | Foto, kamery, optika | Príslušenstvo k fotoaparátom | Blesky a príslušenstvo | Blesky k fotoaparátom","83.5","6952344244319","","","","","",""
"4603","Premiumstore.sk","KMP H205CX (HP 653XL Colour)","","KB_100001790328","https://www.premiumstore.sk/kmp-h205cx--hp-653xl-colour/","Heureka.sk | Elektronika | Počítače a notebooky | Tlačiarne a príslušenstvo | Náplne a farby do tlačiarní | Atramenty a refillkity","10.9","4011324374575","","","","","",""
"4603","Premiumstore.sk","Mini PC GMKtec G11 s procesorom AMD R2514, 16 GB RAM, 512 GB SSD a Windows 11 Pro","","087784","https://www.premiumstore.sk/mini-pc-gmktec-g11-s-procesorom-amd-r2514--16-gb-ram--512-gb-ssd-a-windows-11-pro/","TV, audio a video | Počítače a príslušenstvo | Mini PC","482.5","6972570965116","","","","","",""
"4603","Premiumstore.sk","Počítačová skriňa Darkflash DQX90 (čierna)","","071199","https://www.premiumstore.sk/pocitacova-skrina-darkflash-dqx90--cierna/","Heureka.sk | Elektronika | Počítače a notebooky | Počítačové komponenty | PC skrine","115.9","4710343799504","","","","","",""
"4603","Premiumstore.sk","TC Electronic Crescendo Auto Swell effect pedal","","BAS_BASYS-TC_000-CQ100","https://www.premiumstore.sk/tc-electronic-crescendo-auto-swell-effect-pedal/","Profesionálna audio technika | Hudobné nástroje a príslušenstvo | Gitarové príslušenstvo","45","","","","","","",""
"4603","Premiumstore.sk","CP PLUS CP-UNC-TA61L3C-LQ 6.0 Mpix venkovní kompaktní IP kamera s duálním přísvitem, kompresí H.265 a mikro","","AT_CPP-CP-UNC-TA61L3C-LQ","https://www.premiumstore.sk/cp-plus-cp-unc-ta61l3c-lq-6-0-mpix-venkovni-kompaktni-ip-kamera-s-dualnim-prisvitem--kompresi-h-265-a-mikro/","Heureka.sk | Elektronika | Počítače a notebooky | Sieťové prvky | IP kamery","268","4250593450669","","","","","",""
"4603","Premiumstore.sk","Fve Zadní krycí plech 2050 mm JIH hliníkový","","AT_KRA-KPJ205","https://www.premiumstore.sk/zadni-kryci-plech-2050-mm-jih-hlinikovy/","Heureka.sk | Dielňa, stavba, záhrada | Stavba | Fotovoltaika | Fotovoltaické a solárne panely","40.5","","","","","","",""
"4603","Premiumstore.sk","MOES WCM-P67 3MP Wi-Fi IP kamera","","087537","https://www.premiumstore.sk/moes-wcm-p67-3mp-wi-fi-ip-kamera/","Heureka.sk | Elektronika | Počítače a notebooky | Sieťové prvky | IP kamery","20.9","6978507851200","","","","","",""
"4603","Premiumstore.sk","Pioneer TS-ME650FS lodný reproduktor","","BAS_BASYS-TS-ME650FS","https://www.premiumstore.sk/pioneer-ts-me650fs--lodny-reproduktor/","Heureka.sk | Elektronika | TV, audio, video | Reproduktory, soundbary | Reprosústavy a reproduktory","159","","","","","","",""
"4603","Premiumstore.sk","Solight USB-A+C fast charger 20W","","SOL_DC71B-W","https://www.premiumstore.sk/solight-usb-a-c-fast-charger-20w/","Heureka.sk | Elektronika | Mobily, tablety, nositeľná elektronika | Príslušenstvo k mobilom | Batérie a nabíjačky pre mobily | Bezdrôtové nabíjačky","5.9","8592718049416","","","","","",""
"4603","Premiumstore.sk","Štartér motora ANCEL BS200","","087777","https://www.premiumstore.sk/starter-motora-ancel-bs200/","Auto-moto | Diagnostické nástroje","114.5","6978281190564","","","","","",""
"4603","Premiumstore.sk","64GB CP PLUS CP-UM64C MicroSDXC paměťová karta","","AT_CPP-CP-UM64C","https://www.premiumstore.sk/64gb-cp-plus-cp-um64c-microsdxc-pametova-karta/","Heureka.sk | Elektronika | Počítače a notebooky | Príslušenstvo k počítačom | Pamäťové karty","42","4250593449106","","","","","",""
"4603","Premiumstore.sk","CP PLUS CP-PR-57 Montážní adaptér pro PTZ kamery na stropní konzoli","","AT_CP-PR-57","https://www.premiumstore.sk/cp-plus-cp-pr-57-montazni-adapter-pro-ptz-kamery-na-stropni-konzoli/","Bezpečnosť a smart domácnosť | Kamerové systémy | PRÍSLUŠENSTVO | Držiaky","14.5","","","","","","",""
"4603","Premiumstore.sk","HDD 3.5"" 2TB 64MB Western Digital PURPLE pro kamerové systémy CP-PR-30","","AT_CP-PR320","https://www.premiumstore.sk/hdd-3-5--2tb-64mb-western-digital-purple-pro-kamerove-systemy-cp-pr-30/","Heureka.sk | Elektronika | Počítače a notebooky | Príslušenstvo k počítačom | Pamäťové karty","220","3755171234569","","","","","",""
"4603","Premiumstore.sk","Mast for WAYDOO EVO 31"" boards (79 cm)","","086769","https://www.premiumstore.sk/mast-for-waydoo-evo-31--boards--79-cm/","Heureka.sk | Šport a outdoor | Športy | Vodné športy | Potápačské vybavenie | Podvodné skútre","1724.5","6974416941513","","","","","",""
"4603","Premiumstore.sk","Monacor SPE-150/WS Širokopásmový reproduktor pod omietku, 15 W, 4 Ω","","MON_SPE-150_WS","https://www.premiumstore.sk/monacor-spe-150-ws-sirokopasmovy-reproduktor-pod-omietku--15-w--4-/","Heureka.sk | Elektronika | TV, audio, video | Reproduktory, soundbary | Reprosústavy a reproduktory","19.9","4007754031706","","","","","",""
"4603","Premiumstore.sk","Solight LED vianočná girlanda, cencúle, 300 LED, 15m, IP44, teplé biele svetlo","","SOL_1V403-WW","https://www.premiumstore.sk/solight-led-vianocna-girlanda--cencule--300-led--15m--ip44--teple-biele-svetlo/","Heureka.sk | Bývanie a doplnky | Bytové dekorácie | Sviatočné dekorácie | Vianoce | Vianočné osvetlenie","19","","","","","","",""
"4603","Premiumstore.sk","AMIO Elektrická pánev do auta 20cm x 4cm 250W 24V 02533","","AT_HAD-V153C","https://www.premiumstore.sk/elektricka-panev-do-auta-20cm-x-4cm-150w-24v/","Heureka.sk | Domáce a osobné spotrebiče | Kuchynské spotrebiče | Príprava jedla | Malé kuchynské spotrebiče | Pečenie a opekanie | Elektrické pečiace panvice","42.5","5903293025338","5903293025338","AMIO Elektrická pánev do auta 20cm x 4cm 250W 24V 02533","Auto-moto | Všetko pre autá | Autodiely | Diely v motorovom priestore | Autoklimatizácie a nezávislé kúrenie","34.7","43.9","klimatizacie-a-jej-diely.heureka.sk/amio-elektricka-panev-do-auta-20cm-x-4cm-250w-24v-02533_4"
"4603","Premiumstore.sk","Cp Plus CP-DPS-MD50P-12D Napájecí zdroj pro více kamer - 12V/5A v kovovém provedení","","AT_CPP-CP-DPS-MD50P-12D","https://www.premiumstore.sk/cp-dps-md50p-12d-napajeci-zdroj-pro-vice-kamer-12v-5a-v-kovovem-provedeni/","Bezpečnosť a smart domácnosť | Kamerové systémy | PRÍSLUŠENSTVO | Napájacie zdroje","23","4250593443722","","","","","",""
"4603","Premiumstore.sk","IMG Stage Line RM/MXR-60 482 mm (19"") sada montážnych konzol pre MXR-60","","MON_RM_MXR-60","https://www.premiumstore.sk/img-stage-line-rm-mxr-60-482-mm--19-sada-montaznych-konzol-pre-mxr-60/","Profesionálna audio technika | Pódium, diskotéka, DJ | mixy a powermixy | audio (MMX-)","22.5","4007754275841","","","","","",""
"4603","Premiumstore.sk","MHPower napájecí adaptér 48V 1A 48W pro MikroTik s napájecím kabelem","","AT_ABT-529018","https://www.premiumstore.sk/mhpower-napajeci-adapter-48v-1a-48w-pro-mikrotik-s-napajecim-kabelem/","Bezpečnosť a smart domácnosť | Kamerové systémy | PRÍSLUŠENSTVO | Napájacie zdroje","12.5","8594199730951","","","","","",""
"4603","Premiumstore.sk","Monacor LSI-15T Cievka s transformátorovým jadrom, 15 mH","","MON_LSI-15T","https://www.premiumstore.sk/monacor-lsi-15t-cievka-s-transformatorovym-jadrom--15-mh/","Heureka.sk | Elektronika | TV, audio, video | Reproduktory, soundbary | Príslušenstvo k reproduktorom | Stojany a držiaky na reproduktory","103","4007754046908","","","","","",""
"4603","Premiumstore.sk","Sada fréz MAKERA Carvera Essential Extended (52 dielov)","","085505","https://www.premiumstore.sk/sada-frez-makera-carvera-essential-extended--52-dielov/","Kreatívne technológie | CNC stroje","235","6977641140676","","","","","",""
"4603","Premiumstore.sk","Vodotesné potápačské puzdro Puluz pre DJI Osmo Action 6 (do 60 m)","","083522","https://www.premiumstore.sk/vodotesne-potapacske-puzdro-puluz-pre-dji-osmo-action-6--do-60-m/","Heureka.sk | Elektronika | Foto, kamery, optika | Foto a kamery | Športové kamery","10.5","5905156101845","","","","","",""
"4603","Premiumstore.sk","Cp Plus CP-UNC-DA41PL3C-0360 4.0 Mpix venkovní IP dome kamera s IR a mikrofonem","","AT_CPP-CP-UNC-DA41PL3C-0360","https://www.premiumstore.sk/cp-unc-da41pl3c-0360-4-0-mpix-venkovni-ip-dome-kamera-s-ir-a-mikrofonem/","Heureka.sk | Elektronika | Počítače a notebooky | Sieťové prvky | IP kamery","109","4250593443838","","","","","",""
"4603","Premiumstore.sk","Hliníkový riadidlový držiak Puluz s otočnosťou o 360 stupňov","","089625","https://www.premiumstore.sk/hlinikovy-riadidlovy-drziak-puluz-s-otocnostou-o-360-stupnov/","Heureka.sk | Elektronika | Foto, kamery, optika | Príslušenstvo k fotoaparátom | Statívy a príslušenstvo | Statívy","17","5905156106420","","","","","",""
"4603","Premiumstore.sk","Mikroskop LED pro smartphone Levenhuk Kelvin TMC20","","AT_LEV-86480","https://www.premiumstore.sk/mikroskop-led-pro-smartphone-levenhuk-kelvin-tmc20/","Heureka.sk | Elektronika | Foto, kamery, optika | Foto a kamery | Digitálne fotoaparáty","62.5","5905555027814","","","","","",""
"4603","Premiumstore.sk","PULUZ DJI Osmo 360 ochranná klietka (čierna)","","080659","https://www.premiumstore.sk/puluz-dji-osmo-360-ochranna-klietka--cierna/","Heureka.sk | Elektronika | Foto, kamery, optika | Foto a kamery | Športové kamery","27.5","5907085529158","","","","","",""
"4603","Premiumstore.sk","Titánová rozširujúca klietka s rukoväťou a ďalšími prípojkami Puluz pre DJI Osmo Action 6","","083519","https://www.premiumstore.sk/titanova-rozsirujuca-klietka-s-rukovatou-a-dalsimi-pripojkami-puluz-pre-dji-osmo-action-6/","Heureka.sk | Elektronika | Foto, kamery, optika | Foto a kamery | Športové kamery","51.9","5905156101821","","","","","",""
"4603","Premiumstore.sk","Baterka Superfire DL02","","092916","https://www.premiumstore.sk/baterka-superfire-dl02/","Heureka.sk | Bývanie a doplnky | Osvetlenie a svietidlá | Svietidlá","21.5","6977502517463","","","","","",""
"4603","Premiumstore.sk","Cp Plus CP-UVC-TB24FL6-B CP-UVC-TB24FL6-B 2.4 Mpix venkovní HDCVI kamera s IR přísvitem","","AT_CPP-CP-UVC-TB24FL6-B","https://www.premiumstore.sk/cp-uvc-tb24fl6-b-cp-uvc-tb24fl6-b-2-4-mpix-venkovni-hdcvi-kamera-s-ir-prisvitem/","Bezpečnosť a smart domácnosť | Kamerové systémy | HDCVI, HDTVI, AHD kamery","123","4250593446648","","","","","",""
"4603","Premiumstore.sk","KMP H170 (HP 652 Black)","","KB_410214517909","https://www.premiumstore.sk/kmp-h170--hp-652-black/","Heureka.sk | Elektronika | Počítače a notebooky | Tlačiarne a príslušenstvo | Náplne a farby do tlačiarní | Atramenty a refillkity","12.9","4011324175936","","","","","",""
"4603","Premiumstore.sk","Monacor MRD-80 PA Výškový reproduktor, 30 W, 8 Ω","","MON_MRD-80","https://www.premiumstore.sk/monacor-mrd-80-pa-vyskovy-reproduktor--30-w--8-/","Profesionálna audio technika | Reproduktory | drivery","25.5","4007754171990","","","","","",""
"4603","Premiumstore.sk","Solight LED vianočná hviezda 3D, 150 LED, 60cm, IP44, teplá biela, časovač","","SOL_1V302","https://www.premiumstore.sk/solight-led-vianocna-hviezda-3d--150-led--60cm--ip44--tepla-biela--casovac/","Heureka.sk | Bývanie a doplnky | Bytové dekorácie | Sviatočné dekorácie | Vianoce | Vianočné osvetlenie","34","","","","","","",""
"4603","Premiumstore.sk","Automatic double pet feeder WiFi Oneisall","","065833","https://www.premiumstore.sk/automatic-double-pet-feeder--wifi-oneisall/","Heureka.sk | Chovateľské potreby | Pre psov | Misky a zásobníky pre psov","58","6934399223204","6934399223204","Oneisall Automat na krmení kovový 2100 ml","Chovateľské potreby | Pre psov | Misky a zásobníky pre psov","25.86","79.9","misky-a-zasobniky-pre-psov.heureka.sk/oneisall-automat-na-krmeni-kovovy-2100-ml"
"4603","Premiumstore.sk","Cp Plus CP-LNC-TC81ZML6C-MD 8.0 Mpix venkovní kompaktní IP kamera s IR přísvitem, kompresí H.265, WDR a mikrofonem","","AT_CPP-CP-LNC-TC81ZML6C-MD","https://www.premiumstore.sk/cp-lnc-tc81zml6c-md-8-0-mpix-venkovni-kompaktni-ip-kamera-s-ir-prisvitem--kompresi-h-265--wdr-a-mikrofonem/","Heureka.sk | Elektronika | Počítače a notebooky | Sieťové prvky | IP kamery","333","4250593450263","","","","","",""
"4603","Premiumstore.sk","Elektrický bicykel ENGWE L20 3.0 PRO 250 W s 20-palcovými kolesami (zlatý)","","088759","https://www.premiumstore.sk/elektricky-bicykel-engwe-l20-3-0-pro-250-w-s-20-palcovymi-kolesami--zlaty-/","Šport, hračky a voľný čas | Elektrické bicykle","1668.9","6975639441101","","","","","",""
"4603","Premiumstore.sk","JTS USP-900 Pasívny anténny UHF rozbočovač/zlučovač","","MON_USP-900","https://www.premiumstore.sk/jts-usp-900-pasivny-antenny-uhf-rozbocovac-zlucovac/","Profesionálna audio technika | JTS | Mikrofóny a bezdrôtové systémy | Príslušenstvo","53","4007754202335","","","","","",""
"4603","Premiumstore.sk","Latarka Superfire TH04-U","","081948","https://www.premiumstore.sk/latarka-superfire-th04-u/","Heureka.sk | Bývanie a doplnky | Osvetlenie a svietidlá | Svietidlá","12","6975515776037","6975515776037","Superfire TH04","Šport a outdoor | Outdoorové vybavenie | Čelovky a svietidlá | Čelovky","11.92","15.1","celovky.heureka.sk/superfire-th04"
"4603","Premiumstore.sk","Monacor ETS-230/WS PA stĺpové reproduktory","","MON_ETS-230_WS","https://www.premiumstore.sk/monacor-ets-230-ws-pa-stlpove-reproduktory/","Heureka.sk | Elektronika | TV, audio, video | Reproduktory, soundbary | Reprosústavy a reproduktory","195","4007754151275","","","","","",""
"4603","Premiumstore.sk","SPL Performer s800 výkonový zosilňovač, čierny","","BAS_BASYS-SPL_1600","https://www.premiumstore.sk/spl-performer-s800-vykonovy-zosilnovac--cierny/","Heureka.sk | Elektronika | TV, audio, video | Hi-Fi komponenty | AV prijímače","3399","","","","","","",""
"4603","Premiumstore.sk","TANNOY iW 62 BACKCAN","","BAS_BASYS-TA_000-CHP00","https://www.premiumstore.sk/tannoy-iw-62-backcan/","Profesionálna audio technika | Plošné ozvučenie (100V rozhlasové ozvučenie)","229","","","","","","",""
"4603","Premiumstore.sk","BMS controllbox Deye BOS-G-PDU-2 pro sestavy BOS-G Pro, HV","","AT_BOSGPDU2BMS","https://www.premiumstore.sk/bms-controllbox-deye-bos-g-pdu-2-pro-sestavy-bos-g-pro--hv/","Heureka.sk | Elektronika | Batérie a nabíjanie | Batérie | LiFePO4 batérie","1173.5","","","","","","",""
"4603","Premiumstore.sk","Diaľkový spúšťač GODOX X2T TTL pre Pentax","","091046","https://www.premiumstore.sk/dialkovy-spustac-godox-x2t-ttl-pre-pentax/","Heureka.sk | Elektronika | Foto, kamery, optika | Príslušenstvo k fotoaparátom | Blesky a príslušenstvo | Blesky k fotoaparátom","48.5","6952344217825","","","","","",""
"4603","Premiumstore.sk","Inteligentný cyklotrenažér Cycplus T2H","","082895","https://www.premiumstore.sk/inteligentny-cyklotrenazer-cycplus-t2h/","Šport, hračky a voľný čas | Elektrické bicykle","407.5","6976297861270","6976297861270","Cycplus DirectDrive Smart T2H","Šport a outdoor | Športy | Fitness | Trenažéry | Cyklotrenažéry","385","599","cyklotrenazery.heureka.sk/cycplus-directdrive-smart-t2h"
"4603","Premiumstore.sk","Mini PC GMKtec M3 Pro s procesorom i5-13500H, 16 GB RAM, 512 GB SSD a systémom Windows 11 Pro","","087783","https://www.premiumstore.sk/mini-pc-gmktec-m3-pro-s-procesorom-i5-13500h--16-gb-ram--512-gb-ssd-a-systemom-windows-11-pro/","TV, audio a video | Počítače a príslušenstvo | Mini PC","675.5","6972570964928","","","","","",""
"4603","Premiumstore.sk","Pletený komplet pre Loona Premium Sunflower","","085986","https://www.premiumstore.sk/pleteny-komplet-pre-loona-premium-sunflower/","Šport, hračky a voľný čas | Hračky | Vzdelávacie a interaktívne","26","6975062110964","","","","","",""
"4603","Premiumstore.sk","TANNOY PCI 6DC IW Reproduktor","","BAS_BASYS-TA_000-DH700","https://www.premiumstore.sk/tannoy-pci-6dc-iw-reproduktor/","Profesionálna audio technika | Plošné ozvučenie (100V rozhlasové ozvučenie)","209","","","","","","",""
"4603","Premiumstore.sk","Bimetalický hotend QiDi pre sériu Q2","","092714","https://www.premiumstore.sk/bimetalicky-hotend-qidi-pre-seriu-q2/","Heureka.sk | Elektronika | Počítače a notebooky | Tlačiarne a príslušenstvo | 3D tlačiarne","35.9","674519882909","","","","","",""
"4603","Premiumstore.sk","Cp Plus CP-UNR-4K2162-V3 Síťový videorekordér H.265 4K pro připojení šestnácti IP kamer","","AT_CPP-CP-UNR-4K2162-V3","https://www.premiumstore.sk/cp-unr-4k2162-v3-sitovy-videorekorder-h-265-4k-pro-pripojeni-sestnacti-ip-kamer/","Bezpečnosť a smart domácnosť | Kamerové systémy | IP sieťové videorekordéry (NVR) | 16 kanálů","295.9","4250593448390","","","","","",""
"4603","Premiumstore.sk","FIXED Opus Redmi A7 Pro4G FIXOP3-1716-BK","","KB_100002203005","https://www.premiumstore.sk/fixed-opus-redmi-a7-pro4g-fixop3-1716-bk/","Heureka.sk | Elektronika | Mobily, tablety, nositeľná elektronika | Príslušenstvo k mobilom | Puzdrá, sklá, fólie | Puzdrá a kryty na mobilné telefóny | Puzdrá a kryty na mobilné telefóny Samsung","11.9","8591680195169","","","","","",""
"4603","Premiumstore.sk","Kolečka pro kancelářskou židli Malatec 22077","","AT_ITR-00016822","https://www.premiumstore.sk/kolecka-pro-kancelarskou-zidli-malatec-22077/","Heureka.sk | Bývanie a doplnky | Nábytok | Kreslá a sedenie | Herné kreslá","11","5900779944060","","","","","",""
"4603","Premiumstore.sk","Monacor LSIP-220/1 Vzduchová cievka, 2.2 mH, Ø 1.0 mm","","MON_LSIP-220_1","https://www.premiumstore.sk/monacor-lsip-220-1-vzduchova-cievka--2-2-mh---1-0-mm/","Heureka.sk | Elektronika | TV, audio, video | Reproduktory, soundbary | Príslušenstvo k reproduktorom | Stojany a držiaky na reproduktory","21.5","4007754060058","","","","","",""
"4603","Premiumstore.sk","Solatech Univerzální držák DIM BIT pro konstrukci na asfaltovou střechu (CZ výroba)","","AT_DIM-BIT","https://www.premiumstore.sk/univerzalni-drzak-dim-bit-pro-konstrukci-na-asfaltovou-strechu--cz-vyroba/","Heureka.sk | Dielňa, stavba, záhrada | Stavba | Fotovoltaika | Fotovoltaické a solárne panely","24","","","","","","",""
"4603","Premiumstore.sk","Vodotesné puzdro Puluz (45 m) pre iPhone: na podvodné fotografie a videá (biele)","","089599","https://www.premiumstore.sk/vodotesne-puzdro-puluz--45-m--pre-iphone--na-podvodne-fotografie-a-videa--biele/","Heureka.sk | Elektronika | Foto, kamery, optika | Foto a kamery | Športové kamery","64.9","5905156106642","","","","","",""
"4603","Premiumstore.sk","BoomTone DJ SPM20 Distance Poles","","MON_SPM20","https://www.premiumstore.sk/boomtone-dj-spm20-distance-poles/","Heureka.sk | Elektronika | TV, audio, video | Reproduktory, soundbary | Príslušenstvo k reproduktorom | Stojany a držiaky na reproduktory","18.5","3700752705440","","","","","",""
"4603","Premiumstore.sk","DJI Osmo Pocket 3 Puluz batéria 2800 mAh USB-C 5 V/2 A","","089622","https://www.premiumstore.sk/dji-osmo-pocket-3-puluz-bateria-2800-mah-usb-c-5-v-2-a/","Heureka.sk | Elektronika | Foto, kamery, optika | Príslušenstvo k fotoaparátom | Blesky a príslušenstvo | Blesky k fotoaparátom","45.5","5905156106819","","","","","",""
"4603","Premiumstore.sk","JTS RTF-UF20 Sada BNC anténnych káblov","","MON_RTF-UF20","https://www.premiumstore.sk/jts-rtf-uf20-sada-bnc-antennych-kablov/","Profesionálna audio technika | JTS | Mikrofóny a bezdrôtové systémy | Príslušenstvo","44.5","4007754256338","","","","","",""
"4603","Premiumstore.sk","Monacor MVB-15 Konzola","","MON_MVB-15","https://www.premiumstore.sk/monacor-mvb-15-konzola/","Profesionálna audio technika | Pódium, diskotéka, DJ | reproduktorové systémy | príslušenstvo","90.5","4007754235746","","","","","",""
"4603","Premiumstore.sk","Smart reproduktor, BOSE Home Speaker Portable strieborny + nabíjacia dokovacia stanica","","BAS_BASYS-B_000010-0300","https://www.premiumstore.sk/smart-reproduktor--bose-home-speaker-portable-strieborny-nabijacia-dokovacia-stanica/","Heureka.sk | Elektronika | TV, audio, video | Reproduktory, soundbary | Reprosústavy a reproduktory","420","","","","","","",""
"4603","Premiumstore.sk","Zdroj záložní Rebel POWER-1500-LFP4 RB-4029 1050W 12V","","AT_LEC-RB-4029","https://www.premiumstore.sk/zdroj-zalozni-rebel-power-1500-lfp4-rb-4029-1050w-12v/","Heureka.sk | Elektronika | Počítače a notebooky | Záložné zdroje | UPS","161.9","5901890135665","","","","","",""
"4603","Premiumstore.sk","Carspa S-400-48 průmyslový zdroj spínaný 48V 400W","","AT_ABT-A500000425","https://www.premiumstore.sk/carspa-s-400-48-prumyslovy-zdroj-spinany-48v-400w/","Fotovoltaika a energie | Napájacie zdroje | Priemyselné zdroje","32","6970355992609","","","","","",""
"4603","Premiumstore.sk","Helvia DEKO-25BK Pair of 2.5"" full-range compact loudspeaker, Black 8 Ohm","","MON_DEKO-25BK","https://www.premiumstore.sk/helvia-deko-25bk-pair-of-2-5--full-range-compact-loudspeaker--black-8-ohm/","Profesionálna audio technika | Plošné ozvučenie (100V rozhlasové ozvučenie) | Reproduktory | nástenné","68","8054301338418","","","","","",""
"4603","Premiumstore.sk","MOES WCM-JD-T1 3MP vonkajšia Wi-Fi IP kamera","","087541","https://www.premiumstore.sk/moes-wcm-jd-t1-3mp-vonkajsia-wi-fi-ip-kamera/","Heureka.sk | Elektronika | Počítače a notebooky | Sieťové prvky | IP kamery","43.9","6974246477398","","","","","",""
"4603","Premiumstore.sk","NEEWER CA0132 Držiak s prísavkou 6"", balenie po 2 kusoch","","091842","https://www.premiumstore.sk/neewer-ca0132-drziak-s-prisavkou-6-balenie-po-2-kusoch/","Heureka.sk | Elektronika | Foto, kamery, optika | Príslušenstvo k fotoaparátom | Blesky a príslušenstvo | Blesky k fotoaparátom","35.5","6921268818982","","","","","",""
"4603","Premiumstore.sk","Solárny panel FOSSIBOT SP420 420 W (čierny)","","088877","https://www.premiumstore.sk/solarny-panel-fossibot-sp420-420-w--cierny/","Heureka.sk | Dielňa, stavba, záhrada | Stavba | Fotovoltaika | Fotovoltaické a solárne panely","431.9","6942580504995","","","","","",""
"4603","Premiumstore.sk","Torba Sunnylife pre OSMO 360 Adventure Combo","","080733","https://www.premiumstore.sk/torba-sunnylife-pre-osmo-360-adventure-combo/","Heureka.sk | Elektronika | Foto, kamery, optika | Foto a kamery | Športové kamery","13.9","5907085529295","","","","","",""
"4603","Premiumstore.sk","A-Data ADATA RAMADT1720","","KB_700072347261","https://www.premiumstore.sk/adata-ramadt1720/","TV, audio a video | Počítače a príslušenstvo | Pamäte RAM","788.5","4712366966390","","","","","",""
"4603","Premiumstore.sk","Compass 06241","","AT_CMP-06241","https://www.premiumstore.sk/nabijeci-bezdratova-podlozka-pro-telefony-compass/","Heureka.sk | Elektronika | Mobily, tablety, nositeľná elektronika | Príslušenstvo k mobilom | Batérie a nabíjačky pre mobily | Nabíjačky pre mobilné telefóny","17","8591686062410","8591686062410","Compass 06241","Elektronika | Mobily, tablety, nositeľná elektronika | Príslušenstvo k mobilom | Batérie a nabíjačky pre mobily | Bezdrôtové nabíjačky","16","21.88","bezdrotove-nabijecky.heureka.sk/compass-06241"
"4603","Premiumstore.sk","Grownsy růžová","","083870","https://www.premiumstore.sk/odsavacka-mlieka-grownsy--ruzova/","Heureka.sk | Domáce a osobné spotrebiče | Starostlivosť o telo a zdravie | Starostlivosť o telo | Masážne prístroje","28.5","5905156102651","5905156102651","Grownsy růžová","Detský tovar | Pre matku | Dojčenie | Odsávačky materského mlieka","30.54","36.9","odsavacky.heureka.sk/grownsy-ruzova"
"4603","Premiumstore.sk","MOES MWP-EU16M-WH-MS Inteligentná zásuvka","","087534","https://www.premiumstore.sk/moes-mwp-eu16m-wh-ms-inteligentna-zasuvka/","Heureka.sk | Dielňa, stavba, záhrada | Stavba | Elektromateriály | Elektroinštalačný materiál | Zásuvky, vypínače, termostaty | Zásuvky","11.9","6974246470863","","","","","",""
"4603","Premiumstore.sk","Monacor PA-6FM Modul detekcie poruchy","","MON_PA-6FM","https://www.premiumstore.sk/monacor-pa-6fm-modul-detekcie-poruchy/","Profesionálna audio technika | Plošné ozvučenie (100V rozhlasové ozvučenie) | Iné 100V zariadenia | monitorujúce zariadenia","71.5","4007754199598","","","","","",""
"4603","Premiumstore.sk","Ovládač GameSir T7 Pro pre Xbox a PC (zelený)","","086659","https://www.premiumstore.sk/ovladac-gamesir-t7-pro-pre-xbox-a-pc--zeleny/","Heureka.sk | Gaming | Herné príslušenstvo | Herné ovládače | Gamepady","35.9","6936685223370","","","","","",""
"4603","Premiumstore.sk","Solight rozbočovač 2 x 16A, USB A+C rychlonabíjačka 20W PD, čierny, vypínač","","SOL_P97B-PD20","https://www.premiumstore.sk/solight-rozbocovac-2-x-16a--usb-a-c-rychlonabijacka-20w-pd--cierny--vypinac/","Heureka.sk | Dielňa, stavba, záhrada | Stavba | Elektromateriály | Elektroinštalačný materiál | Zásuvky, vypínače, termostaty | Zásuvky","8.9","8592718046651","","","","","",""
"4603","Premiumstore.sk","Záložní zdroj MHPower MPL-300-12 UPS 300W 12V čistý sin LiFePO4 + BATERIE","","AT_VB-MPL-300","https://www.premiumstore.sk/zalozni-zdroj-mhpower-mpl-300-12-ups-300w-12v-cisty-sin-lifepo4-baterie/","Heureka.sk | Elektronika | Počítače a notebooky | Záložné zdroje | UPS","130.5","","","","","","",""
"4603","Premiumstore.sk","Behringer DR112DSP","","BAS_BASYS-DR112DSP","https://www.premiumstore.sk/behringer-dr112dsp/","Profesionálna audio technika | Reproduktory","269","","","","","","",""
"4603","Premiumstore.sk","Cp Plus AI-RP19-1U-250B Police pro zařízení pro 19"" racky","","AT_CPP-AI-RP19-1U-250B","https://www.premiumstore.sk/ai-rp19-1u-250b-police-pro-zarizeni-pro-19--racky/","Bezpečnosť a smart domácnosť | Kamerové systémy | PRÍSLUŠENSTVO | Montážne skrine a racky","17.5","745178459273","","","","","",""
"4603","Premiumstore.sk","Herný mikrofón Fifine A6V (ružový)","","087753","https://www.premiumstore.sk/herny-mikrofon-fifine-a6v--ruzovy/","Heureka.sk | Elektronika | TV, audio, video | Mikrofóny","29.9","5031192994162","5031192994162","Fifine A6V","Elektronika | Počítače a notebooky | Príslušenstvo k počítačom | Počítačové mikrofóny","29.9","44.87","pocitacove-mikrofony.heureka.sk/fifine-a6v_2"
"4603","Premiumstore.sk","MacMa AS108COVER Accessories (Cases, Stands)","","MON_AS108COVER","https://www.premiumstore.sk/macma-as108cover-accessories--cases--stands/","Profesionálna audio technika | Pódium, diskotéka, DJ | reproduktorové systémy | príslušenstvo","39.9","3700752718075","","","","","",""
"4603","Premiumstore.sk","Nintendo NS2 Joy-Con 2 Charging Grip","","KB_100002136655","https://www.premiumstore.sk/ns2-joy-con-2-charging-grip/","Heureka.sk | Elektronika | TV, audio, video | Príslušenstvo k TV, audio-video | Príslušenstvo k TV | Diaľkové ovládače","36","","","","","","",""
"4603","Premiumstore.sk","Sunnylife Sada filtrov pre DJI Action 6 (CPL/ND8/16/32)","","083391","https://www.premiumstore.sk/sada-filtrov-pre-dji-action-6--cpl-nd8-16-32/","Heureka.sk | Elektronika | Foto, kamery, optika | Foto a kamery | Športové kamery","25.5","5905156101517","","","","","",""
"4603","Premiumstore.sk","Bose Pro BOSE ShowMatch SMS118 subwoofer","","BAS_BASYS-B_734302-0110","https://www.premiumstore.sk/bose-showmatch-sms118-subwoofer/","Profesionálna audio technika | Plošné ozvučenie (100V rozhlasové ozvučenie)","5170","","","","","","",""
"4603","Premiumstore.sk","EVEN REALITIES G2A slnečná clona s puzdrom (hnedá)","","093233","https://www.premiumstore.sk/even-realities-g2a-slnecna-clona-s-puzdrom--hneda/","Heureka.sk | Elektronika | TV, audio, video | Príslušenstvo k TV, audio-video | Príslušenstvo k TV | 3D okuliare","100","6977390120479","","","","","",""
"4603","Premiumstore.sk","Kamera endoskopická REBEL RB-1141 720p","","AT_LEC-RB-1141","https://www.premiumstore.sk/kamera-endoskopicka-rebel-rb-1141-720p/","Bezpečnosť a smart domácnosť | Kamerové systémy | Inspekční kamery, endoskopy","12.5","5901890098366","","","","","",""
"4603","Premiumstore.sk","Monacor MPT-177 Piezo výškový reproduktor","","MON_MPT-177","https://www.premiumstore.sk/monacor-mpt-177-piezo-vyskovy-reproduktor/","Heureka.sk | Elektronika | TV, audio, video | Reproduktory, soundbary | Reprosústavy a reproduktory","21.5","4007754181258","","","","","",""
"4603","Premiumstore.sk","Selfie tyč FIXED Snap XL s tripodom a bezdrôtovou spúšťou, 1/4"" skrutka, čierna","","PEN_7380124","https://www.premiumstore.sk/selfie-tyc-fixed-snap-xl-s-tripodom-a-bezdrotovou-spustou--1-4--skrutka--cierna/","TV, audio a video | Mobily a tablety | Selfie tyče","32","8591680138289","8591680138289","Fixed Snap XL FIXSN-XL-BK","Elektronika | Mobily, tablety, nositeľná elektronika | Príslušenstvo k mobilom | Držiaky a statívy | Držiaky na selfie","21.9","45.99","drziaky-na-selfie.heureka.sk/fixed-snap-xl-fixsn-xl-bk"
"4603","Premiumstore.sk","UREVO Podložka pod fitness zariadenia Urevo, 160 cm x 65 cm (čierna)","","082575","https://www.premiumstore.sk/podlozka-pod-fitness-zariadenia-urevo--160-cm-x-65-cm--cierna/","Heureka.sk | Šport a outdoor | Športy | Fitness | Trenažéry | Bežecké pásy","30","6978258900035","","","","","",""
"4603","Premiumstore.sk","Bose Pro BOSE Sub2 subwoofer","","BAS_BASYS-B_840917-2100","https://www.premiumstore.sk/bose-sub2-subwoofer/","Profesionálna audio technika | Reproduktory","1450","","","","","","",""
"4603","Premiumstore.sk","Elokance ELOSUB15AMK2COVE Accessories (Cases, Stands)","","MON_ELOSUB15AMK2COVE","https://www.premiumstore.sk/elokance-elosub15amk2cove-accessories--cases--stands/","Profesionálna audio technika | Pódium, diskotéka, DJ | reproduktorové systémy | príslušenstvo","52","3700752712172","","","","","",""
"4603","Premiumstore.sk","Lexar Professional SL400 1TB prenosný SSD disk + rozbočovač","","076109","https://www.premiumstore.sk/lexar-professional-sl400-1tb-prenosny-ssd-disk-rozbocovac/","Heureka.sk | Elektronika | Počítače a notebooky | Počítačové komponenty | Pevné disky externé","358","843367136292","","","","","",""
"4603","Premiumstore.sk","Monacor MPT-025 Piezo výškový reproduktor","","MON_MPT-025","https://www.premiumstore.sk/monacor-mpt-025-piezo-vyskovy-reproduktor/","Heureka.sk | Elektronika | TV, audio, video | Reproduktory, soundbary | Reprosústavy a reproduktory","12.5","4007754181210","","","","","",""
"4603","Premiumstore.sk","Puzdro na kameru PGYTECH pre OSMO 360","","082329","https://www.premiumstore.sk/puzdro-na-kameru-pgytech-pre-osmo-360/","Heureka.sk | Elektronika | Foto, kamery, optika | Foto a kamery | Športové kamery","27.5","6937452751874","","","","","",""
"4603","Premiumstore.sk","Zdroj záložní KEMOT PROsinus 2000 URZ3407-LFP4 1200W 12V","","AT_LEC-URZ3407-LFP4","https://www.premiumstore.sk/zdroj-zalozni-kemot-prosinus-2000-urz3407-lfp4--1200w-12v/","Heureka.sk | Elektronika | Počítače a notebooky | Záložné zdroje | UPS","193.5","5901890123129","","","","","",""
"4603","Premiumstore.sk","CP PLUS CP-UNC-DA41L3C-D-LQ-0360 4.0 Mpix venkovní dome IP kamera s duálním přísvitem a mikrofonem","","AT_CPP-CP-UNC-DA41L3C-D-LQ-0360","https://www.premiumstore.sk/cp-plus-cp-unc-da41l3c-d-lq-0360-4-0-mpix-venkovni-dome-ip-kamera-s-dualnim-prisvitem-a-mikrofonem/","Heureka.sk | Elektronika | Počítače a notebooky | Sieťové prvky | IP kamery","186.9","4250593450478","","","","","",""
"4603","Premiumstore.sk","HPA WS800WH 100V Public Address Speaker","","MON_WS800WH","https://www.premiumstore.sk/hpa-ws800wh-100v-public-address-speaker/","Profesionálna audio technika | Plošné ozvučenie (100V rozhlasové ozvučenie) | Reproduktory | nástenné","319","3700752717207","","","","","",""
"4603","Premiumstore.sk","Kamerová jednotka pro monitor GoSmart EMOS IP880B 2WIRE a videotelefon IP-880A 2WIRE, 2 tlač.","","AT_ATO-3010040830","https://www.premiumstore.sk/kamerova-jednotka-pro-monitor-gosmart-emos-ip880b-2wire-a-videotelefon-ip-880a-2wire--2-tlac-/","Bezpečnosť a smart domácnosť | Smart domácnosť | Zvončeky","185","8592920157589","","","","","",""
"4603","Premiumstore.sk","Modulové relé na kontrolu hladiny vody pre 2 nádrže 24-240VAC/DC","","AT_ATO-OR-PZ-466","https://www.premiumstore.sk/detektor-uniku-vody-orno-or-pz-466/","Heureka.sk | Dielňa, stavba, záhrada | Stavba | Stavebná technika a náradie | Meradlá a meracie prístroje | Detektory, senzory | Požiarne hlásiče a detektory plynu","21.5","5908254848049","5908254848049","ORNO Relé na kontrolu hladiny vody pre 2 nádrže O-OR-PZ-466","Auto-moto | Všetko pre autá | Autodiely | Diely karosérie | Nárazníky a diely","12.79","12.79","narazniky-a-diely.heureka.sk/orno-rele-na-kontrolu-hladiny-vody-pre-2-nadrze-o-or-pz-466"
"4603","Premiumstore.sk","ORG TS-C30-700/T PA stĺpové reproduktory odolné voči počasiu, s certifikáton EN54-24.","","MON_TS-C30-700_T","https://www.premiumstore.sk/org-ts-c30-700-t-pa-stlpove-reproduktory-odolne-voci-pocasiu--s-certifikaton-en54-24-/","Heureka.sk | Elektronika | TV, audio, video | Reproduktory, soundbary | Reprosústavy a reproduktory","316","4260590180506","","","","","",""
"4603","Premiumstore.sk","TC Helicon VoiceTone X1 megaphone and distorting vocals effect pedal","","BAS_BASYS-TC_996010005","https://www.premiumstore.sk/tc-helicon-voicetone-x1-megaphone-and-distorting-vocals-effect-pedal/","Profesionálna audio technika | Hudobné nástroje a príslušenstvo | Gitarové príslušenstvo","104","","","","","","",""
"4603","Premiumstore.sk","Bose Pro BOSE DesignMax DM6C inštalačné reproduktory, biele","","BAS_BASYS-B_829679-0220","https://www.premiumstore.sk/bose-designmax-dm6c-instalacne-reproduktory--biele/","Profesionálna audio technika | Plošné ozvučenie (100V rozhlasové ozvučenie)","1030","","","","","","",""
"4603","Premiumstore.sk","Elokance E12ACOVER Accessories (Cases, Stands)","","MON_E12ACOVER","https://www.premiumstore.sk/elokance-e12acover-accessories--cases--stands/","Profesionálna audio technika | Pódium, diskotéka, DJ | reproduktorové systémy | príslušenstvo","60.5","3700752713513","","","","","",""
"4603","Premiumstore.sk","KMP H175CX (HP 304 Tri-colour XL)","","KB_100000196895","https://www.premiumstore.sk/kmp-h175cx--hp-304-tri-colour-xl-/","Heureka.sk | Elektronika | Počítače a notebooky | Tlačiarne a príslušenstvo | Náplne a farby do tlačiarní | Atramenty a refillkity","16.5","4011324691610","","","","","",""
"4603","Premiumstore.sk","Monacor DNL-1245 Basová 2-pásmová frekvenčná výhybka pre 8 Ω pre PA","","MON_DNL-1245","https://www.premiumstore.sk/monacor-dnl-1245-basova-2-pasmova-frekvencna-vyhybka-pre-8--pre-pa/","Heureka.sk | Elektronika | TV, audio, video | Reproduktory, soundbary | Príslušenstvo k reproduktorom | Stojany a držiaky na reproduktory","67.5","4007754071009","","","","","",""
"4603","Premiumstore.sk","Sada 4 filtrov Sunnylife ND8 + ND16 + ND32 + ND64 pre Osmo Nano","","081537","https://www.premiumstore.sk/sada-4-filtrov-sunnylife-nd8-nd16-nd32-nd64-pre-osmo-nano/","Heureka.sk | Elektronika | Foto, kamery, optika | Foto a kamery | Športové kamery","18.5","5905156100398","","","","","",""
"4603","Premiumstore.sk","TANNOY CVS 301 Reproduktor","","BAS_BASYS-TA_000-DUK00","https://www.premiumstore.sk/tannoy-cvs-301-reproduktor/","Profesionálna audio technika | Plošné ozvučenie (100V rozhlasové ozvučenie)","149","","","","","","",""
"4603","Premiumstore.sk","Bose Pro BOSE DesignMax DM8S Povrchový reproduktor, biely","","BAS_BASYS-B_801332-0210","https://www.premiumstore.sk/bose-designmax-dm8s-povrchovy-reproduktor--biely/","Profesionálna audio technika | Plošné ozvučenie (100V rozhlasové ozvučenie)","828","","","","","","",""
"4603","Premiumstore.sk","EVEN REALITIES G2A AR okuliare (hnedé)","","093227","https://www.premiumstore.sk/even-realities-g2a-ar-okuliare--hnede/","Heureka.sk | Elektronika | TV, audio, video | Príslušenstvo k TV, audio-video | Príslušenstvo k TV | 3D okuliare","744.9","6977390120417","","","","","",""
"4603","Premiumstore.sk","Kamera Ezviz H90 2K IP, vonkajšia, duálna, PTZ, Wi-Fi, 2 × 4Mpx, 2,8 + 6mm, IR prisvietenie až 30m","","PEN_70293659","https://www.premiumstore.sk/kamera-ezviz-h90-2k-ip--vonkajsia--dualna--ptz--wi-fi--2--4mpx--2-8-6mm--ir-prisvietenie-az-30m/","Heureka.sk | Elektronika | Počítače a notebooky | Sieťové prvky | IP kamery","109.9","6941545636337","6941545636337","Ezviz H90 2K+Dual rotation lens CS-H90-R100-8H44WKFL","Elektronika | Počítače a notebooky | Sieťové prvky | IP kamery","107.81","136.9","ip-kamery.heureka.sk/ezviz-h90-2k-plus-dual-rotation-lens-cs-h90-r100-8h44wkfl"
"4603","Premiumstore.sk","Monacor ARM-880 Audio matrix router","","MON_ARM-880","https://www.premiumstore.sk/monacor-arm-880-audio-matrix-router/","Profesionálna audio technika | Plošné ozvučenie (100V rozhlasové ozvučenie) | Matrix/mixy audio","1902","4007754231687","","","","","",""
"4603","Premiumstore.sk","Nabíjacie puzdro Puluz pre Insta360 X5 (čierne)","","089609","https://www.premiumstore.sk/nabijacie-puzdro-puluz-pre-insta360-x5--cierne/","Heureka.sk | Elektronika | Foto, kamery, optika | Foto a kamery | Športové kamery","19.9","5905156106338","","","","","",""
"4603","Premiumstore.sk","Sada 6 filtrov Sunnylife MCUV + CPL + ND8 + ND16 + ND32 + ND64 pre MINI 5 Pro","","081546","https://www.premiumstore.sk/sada-6-filtrov-sunnylife-mcuv-cpl-nd8-nd16-nd32-nd64-pre-mini-5-pro/","Heureka.sk | Elektronika | Foto, kamery, optika | Foto a kamery | Športové kamery","23.5","5905156100527","","","","","",""
"4603","Premiumstore.sk","TANNOY CVS 601-BK Reproduktor","","BAS_BASYS-TA_000-DUQ00","https://www.premiumstore.sk/tannoy-cvs-601-bk-reproduktor/","Profesionálna audio technika | Plošné ozvučenie (100V rozhlasové ozvučenie)","229","","","","","","",""
"4603","Premiumstore.sk","Bose Pro BOSE Sub1 subwoofer","","BAS_BASYS-B_840918-2100","https://www.premiumstore.sk/bose-sub1-subwoofer/","Profesionálna audio technika | Reproduktory","1030","","","","","","",""
"4603","Premiumstore.sk","EVEN REALITIES G2A Slnečná clona s puzdrom (sivá)","","093232","https://www.premiumstore.sk/even-realities-g2a-slnecna-clona-s-puzdrom--siva/","Heureka.sk | Elektronika | TV, audio, video | Príslušenstvo k TV, audio-video | Príslušenstvo k TV | 3D okuliare","100","6977390120462","","","","","",""
"4603","Premiumstore.sk","Konferenčný reproduktor EMEET OfficeCore Luna Plus","","085711","https://www.premiumstore.sk/konferencny-reproduktor-emeet-officecore-luna-plus/","Heureka.sk | Elektronika | Počítače a notebooky | Príslušenstvo k počítačom | Webkamery","67.9","6971337722740","","","","","",""
"4603","Premiumstore.sk","Monacor IT-400 TW","","MON_IT-400TW","https://www.premiumstore.sk/monacor-it-400tw-2-pasmovy-tlakovy-reproduktor--odolny-voci-poveternostnym-vplyvom/","Profesionálna audio technika | Plošné ozvučenie (100V rozhlasové ozvučenie) | Reproduktory | tlakové 100V","407","4007754212754","","","","","",""
"4603","Premiumstore.sk","STELL SHO 1120 35030629","","AT_V012","https://www.premiumstore.sk/konzola-t-sat-25-cm/","Heureka.sk | Elektronika | TV, audio, video | Príslušenstvo k TV, audio-video | Príslušenstvo k TV | Antény | Satelitné antény","12.5","8590669089406","8590669089406","STELL SHO 1120 35030629","Elektronika | TV, audio, video | Príslušenstvo k TV, audio-video | Príslušenstvo k TV | Držiaky a stolíky | Držiaky a stojany na TV a monitory","9.99","13.09","drziaky-a-stojany-na-tv-a-monitory.heureka.sk/stell-sho-1120-35030629"
"4603","Premiumstore.sk","TP-LINK WiFi AX3000 (Deco X55 1-pack)","","KB_100002080839","https://www.premiumstore.sk/tp-link-wifi-ax3000--deco-x55-1-pack-/","Heureka.sk | Elektronika | Počítače a notebooky | Sieťové prvky | WiFi antény","101.9","4897098682999","4897098682999","TP-Link Deco X55","Elektronika | Počítače a notebooky | Sieťové prvky | Access pointy a routery","99.49","253.24","access-pointy-routery.heureka.sk/tp-link-deco-x55"
"4603","Premiumstore.sk","Cp Plus CP-DPS-MD100P-12D Napájecí zdroj pro více kamer - 12V/10A v kovovém provedení","","AT_CPP-CP-DPS-MD100P-12D","https://www.premiumstore.sk/cp-dps-md100p-12d-napajeci-zdroj-pro-vice-kamer-12v-10a-v-kovovem-provedeni/","Bezpečnosť a smart domácnosť | Kamerové systémy | PRÍSLUŠENSTVO | Napájacie zdroje","29.9","4250593443739","","","","","",""
"4603","Premiumstore.sk","Herná myš ONIKUMA DM07 RGB (čierna)","","088722","https://www.premiumstore.sk/herna-mys-onikuma-dm07-rgb--cierna/","Heureka.sk | Elektronika | TV, audio, video | Slúchadlá","23","6972470564945","","","","","",""
"4603","Premiumstore.sk","Minis Forum MINI-PC Minis Fórum NAB6 Lite Intel Core i5-12600H, 16GB+512GB","","082851","https://www.premiumstore.sk/mini-pc-minis-forum-nab6-lite-intel-core-i5-12600h--16gb-512gb/","TV, audio a video | Počítače a príslušenstvo | Mini PC","614.9","4897118832250","","","","","",""
"4603","Premiumstore.sk","Puzdro na fotoaparát GODOX CB23","","091077","https://www.premiumstore.sk/puzdro-na-fotoaparat-godox-cb23/","Heureka.sk | Elektronika | TV, audio, video | Príslušenstvo k TV, audio-video | Audio príslušenstvo | Príslušenstvo pre gramofóny | Puzdrá a obaly pre gramofóny","18.5","6952344222034","","","","","",""
"4603","Premiumstore.sk","Solární panel TESLA Solar Panel 8W","","AT_ATO-SOLTE0001","https://www.premiumstore.sk/solarni-panel-tesla-solar-panel-8w/","Heureka.sk | Dielňa, stavba, záhrada | Stavba | Fotovoltaika | Fotovoltaické a solárne panely","32","8595689813635","","","","","",""
"4603","Premiumstore.sk","Behringer EUROLIVE B1200D-PRO subwoofer","","BAS_BASYS-B1200D-PRO","https://www.premiumstore.sk/behringer-eurolive-b1200d-pro-subwoofer/","Heureka.sk | Elektronika | TV, audio, video | Reproduktory, soundbary | Reprosústavy a reproduktory","369","","","","","","",""
"4603","Premiumstore.sk","Carspa HS-350-48 průmyslový zdroj spínaný 48V 350W","","AT_ABT-A500000194","https://www.premiumstore.sk/carspa-hs-350-48-prumyslovy-zdroj-spinany-48v-350w/","Fotovoltaika a energie | Napájacie zdroje | Priemyselné zdroje","28","6970355991084","","","","","",""
"4603","Premiumstore.sk","KMP Canon CL-41 - kompatibilný","","KB_410210177909","https://www.premiumstore.sk/kmp-c58-cl-41/","Heureka.sk | Elektronika | Počítače a notebooky | Tlačiarne a príslušenstvo | Náplne a farby do tlačiarní | Atramenty a refillkity","19.99","4011324150117","4011324150117","KMP Canon CL-41 - kompatibilný","Elektronika | Počítače a notebooky | Tlačiarne a príslušenstvo | Náplne a farby do tlačiarní | Náplne a tonery - kompatibilné","21.2","24.99","kompatibilne-naplne-a-tonery.heureka.sk/kmp-canon-cl-41-kompatibilny"
"4603","Premiumstore.sk","Mini PC Minix ER936-AI s procesorom Ryzen 365, 32 GB RAM, 1 TB úložiskom a systémom Windows 11 Pro","","088033","https://www.premiumstore.sk/mini-pc-minix-er936-ai-s-procesorom-ryzen-365--32-gb-ram--1-tb-uloziskom-a-systemom-windows-11-pro/","TV, audio a video | Počítače a príslušenstvo | Mini PC","1135.9","4897016413087","","","","","",""
"4603","Premiumstore.sk","Nintendo NS2 Donkey Kong Bananza","","KB_100002136647","https://www.premiumstore.sk/ns2-donkey-kong-bananza/","Heureka.sk | Gaming | Hry na PC a konzoly | Hry na Nintendo | Hry na Nintendo DS","77.9","","","","","","",""
"4603","Premiumstore.sk","Solight smart vianočný stromček, 150 LED, 1,5m, IP44, RGB, diaľkový ovládač + BT aplikácia","","SOL_1V301","https://www.premiumstore.sk/solight-smart-vianocny-stromcek--150-led--1-5m--ip44--rgb--dialkovy-ovladac-bt-aplikacia/","Heureka.sk | Bývanie a doplnky | Bytové dekorácie | Sviatočné dekorácie | Vianoce | Vianočné osvetlenie","37","","","","","","",""
"4603","Premiumstore.sk","Atos Nákupní skládací košík termoizolační - modrý s květy","","AT_HAD-V157H","https://www.premiumstore.sk/nakupni-skladaci-kosik-termoizolacni-modry-s-kvety/","Heureka.sk | Šport a outdoor | Outdoorové vybavenie | Varenie v prírode | Chladiace tašky a boxy","15","5907451304860","5907451304860","Verk 14195 Nákupný skladací košík modrý kvet","Bývanie a doplnky | Bytové doplnky | Doplnky do kuchyne | Nákupné tašky a košíky","12.42","12.42","nakupne-tasky-kosiky.heureka.sk/verk-14195-nakupny-skladaci-kosik-modry-kvet"
"4603","Premiumstore.sk","Cp Plus CP-PR-104 Ventilátor s termostatem 45C° pro uzamykatelné skříňky na DVR / NVR rekordéry","","AT_CPP-CP-PR-104","https://www.premiumstore.sk/cp-pr-104-ventilator-s-termostatem-45c-pro-uzamykatelne-skrinky-na-dvr-nvr-rekordery/","Bezpečnosť a smart domácnosť | Kamerové systémy | PRÍSLUŠENSTVO | Montážne skrine a racky","72.5","5906881447987","","","","","",""
"4603","Premiumstore.sk","KMP C57 / PG-40","","KB_410210167909","https://www.premiumstore.sk/kmp-c57-pg-40/","Heureka.sk | Elektronika | Počítače a notebooky | Tlačiarne a príslušenstvo | Náplne a farby do tlačiarní | Atramenty a refillkity","15.99","4054105232077","","","","","",""
"4603","Premiumstore.sk","MINIS FORUM X1 Pro-470 Ryzen AI 9 HX470 – mini PC v podobe základnej zostavy","","088349","https://www.premiumstore.sk/minis-forum-x1-pro-470-ryzen-ai-9-hx470---mini-pc-v-podobe-zakladnej-zostavy/","TV, audio a video | Počítače a príslušenstvo | Mini PC","1085.9","4897118837620","","","","","",""
"4603","Premiumstore.sk","Monacor MKPA-470 Filmový kondenzátor MKP, 47 µF, 250 V","","MON_MKPA-470","https://www.premiumstore.sk/monacor-mkpa-470-filmovy-kondenzator-mkp--47-f--250-v/","Heureka.sk | Elektronika | TV, audio, video | Reproduktory, soundbary | Príslušenstvo k reproduktorom | Stojany a držiaky na reproduktory","18.5","4007754221961","","","","","",""
"4603","Premiumstore.sk","Solight andel s LED osvetlením a časovačom, 37cm, 3xAA","","SOL_1V309","https://www.premiumstore.sk/solight-andel-s-led-osvetlenim-a-casovacom--37cm--3xaa/","Heureka.sk | Bývanie a doplnky | Bytové dekorácie | Sviatočné dekorácie | Vianoce | Vianočné osvetlenie","8.3","","","","","","",""
"4603","Premiumstore.sk","ZZIPP SSZZ108SET SSZZ108SET, Sada stojanov pre reproduktory","","MON_SSZZ108SET","https://www.premiumstore.sk/zzipp-sszz108set-sszz108set--sada-stojanov-pre-reproduktory/","Heureka.sk | Elektronika | TV, audio, video | Reproduktory, soundbary | Príslušenstvo k reproduktorom | Stojany a držiaky na reproduktory","122","8051361595676","","","","","",""
"4603","Premiumstore.sk","Diaľkový spúšť GODOX X1R pre Nikon","","090986","https://www.premiumstore.sk/dialkovy-spust-godox-x1r-pre-nikon/","Heureka.sk | Elektronika | Foto, kamery, optika | Príslušenstvo k fotoaparátom | Blesky a príslušenstvo | Blesky k fotoaparátom","37.9","6952344209851","","","","","",""
"4603","Premiumstore.sk","KMP H126 (CZ102AE)","","KB_410214347909","https://www.premiumstore.sk/kmp-h126--cz102ae/","Heureka.sk | Elektronika | Počítače a notebooky | Tlačiarne a príslušenstvo | Náplne a farby do tlačiarní | Atramenty a refillkity","11.99","4011324173833","","","","","",""
"4603","Premiumstore.sk","Monacor DN-1 2-pásmová frekvenčná výhybka pre 8 Ω","","MON_DN-1","https://www.premiumstore.sk/monacor-dn-1-2-pasmova-frekvencna-vyhybka-pre-8-/","Heureka.sk | Elektronika | TV, audio, video | Reproduktory, soundbary | Príslušenstvo k reproduktorom | Stojany a držiaky na reproduktory","12.9","4007754004434","","","","","",""
"4603","Premiumstore.sk","SOLIGHT 5B323W","","SOL_5B323W","https://www.premiumstore.sk/solight-vstavana-podlahova-dvojzasuvka--ip55--matna-biela--obdlznikove-viecko/","Heureka.sk | Elektronika | TV, audio, video | Príslušenstvo k TV, audio-video | Príslušenstvo k TV | Predlžovacie káble","48","8592718034481","8592718034481","SOLIGHT 5B323","Dielňa, stavba, záhrada | Stavba | Elektromateriály | Elektroinštalačný materiál | Zásuvky, vypínače, termostaty | Zásuvky","41","58.9","zasuvky.heureka.sk/solight-5b323"
"4603","Premiumstore.sk","Zdroj záložní KEMOT PROsinus 1500 URZ3427-12-LFP4 1050W 12V","","AT_LEC-URZ3427-12-LFP4","https://www.premiumstore.sk/zdroj-zalozni-kemot-prosinus-1500-urz3427-12-lfp4--1050w-12v/","Heureka.sk | Elektronika | Počítače a notebooky | Záložné zdroje | UPS","164.5","5901890123167","","","","","",""
"4603","Premiumstore.sk","Bose Pro BOSE DesignMax DM10P závesné inštalačné reproduktory, čierne","","BAS_BASYS-B_835265-0110","https://www.premiumstore.sk/bose-designmax-dm10p-zavesne-instalacne-reproduktory--cierne/","Profesionálna audio technika | Plošné ozvučenie (100V rozhlasové ozvučenie)","650","","","","","","",""
"4603","Premiumstore.sk","Detektor oxidu uhelnatého VIRONE DC-11","","AT_ATO-DC-11","https://www.premiumstore.sk/detektor-oxidu-uhelnateho-virone-dc-11/","Heureka.sk | Dielňa, stavba, záhrada | Stavba | Stavebná technika a náradie | Meradlá a meracie prístroje | Detektory, senzory | Požiarne hlásiče a detektory plynu","15.9","5908254851223","","","","","",""
"4603","Premiumstore.sk","Kamera TP-Link Tapo C400 2MPx, vonkajšia, IP, WiFi, prísvit, batéria","","PEN_52932431","https://www.premiumstore.sk/kamera-tp-link-tapo-c400-2mpx--vonkajsia--ip--wifi--prisvit--bateria/","Heureka.sk | Elektronika | Počítače a notebooky | Sieťové prvky | IP kamery","65","8885021371115","8885021371115","TP-Link Tapo C400","Elektronika | Počítače a notebooky | Sieťové prvky | IP kamery","52.25","97","ip-kamery.heureka.sk/tp-link-tapo-c400_2"
"4603","Premiumstore.sk","Monacor SP-308CX 2-pásmový koaxiálny PA reproduktor","","MON_SP-308CX","https://www.premiumstore.sk/monacor-sp-308cx-2-pasmovy-koaxialny-pa-reproduktor/","Heureka.sk | Elektronika | TV, audio, video | Reproduktory, soundbary | Reprosústavy a reproduktory","191","4007754246575","","","","","",""
"4603","Premiumstore.sk","Sonoff S60ZBTPF Inteligentná zásuvka ZigBee (2ks)","","083570","https://www.premiumstore.sk/sonoff-s60zbtpf-inteligentna-zasuvka-zigbee--2ks/","Heureka.sk | Dielňa, stavba, záhrada | Stavba | Elektromateriály | Elektroinštalačný materiál | Zásuvky, vypínače, termostaty | Zásuvky","26.5","6920075743890","6920075743890","Sonoff S60ZBTPF","Elektronika | Inteligentná domácnosť | Zásuvky pre inteligentnú domácnosť","13.58","59.9","zasuvky-pre-inteligentnu-domacnost.heureka.sk/sonoff-s60zbtpf_3"
"4603","Premiumstore.sk","Behringer 305 EQ/MIXER/OUTPUT Eurorack mixer module","","BAS_BASYS-305_EQ","https://www.premiumstore.sk/behringer-305-eq-mixer-output-eurorack-mixer-module/","Profesionálna audio technika | Pódium, diskotéka, DJ | mixy a powermixy","95","","","","","","",""
"4603","Premiumstore.sk","Cp Plus CP-UNR-4K4162-P16V4 Síťový videorekordér H.265 4K pro šestnáct IP kamer s PoE a s AI funkcemi bez n","","AT_CPP-CP-UNR-4K4162-P16V4","https://www.premiumstore.sk/cp-unr-4k4162-p16v4-sitovy-videorekorder-h-265-4k-pro-sestnact-ip-kamer-s-poe-a-s-ai-funkcemi-bez-n/","Bezpečnosť a smart domácnosť | Kamerové systémy | IP sieťové videorekordéry (NVR) | 16 kanálů","814.5","","","","","","",""
"4603","Premiumstore.sk","Filter Freewell Insta360 Luna Ultra ND8/PL ND/PL","","091562","https://www.premiumstore.sk/filter-freewell-insta360-luna-ultra-nd8-pl-nd-pl/","Heureka.sk | Elektronika | Foto, kamery, optika | Foto a kamery | Športové kamery","25","4897143173700","","","","","",""
"4603","Premiumstore.sk","KNG KM-26735 Reproduktorový stojan","","MON_KM-26735","https://www.premiumstore.sk/kng-km-26735-reproduktorovy-stojan/","Heureka.sk | Elektronika | TV, audio, video | Reproduktory, soundbary | Príslušenstvo k reproduktorom | Stojany a držiaky na reproduktory","213","4016842810710","4016842810710","Konig & Meyer 26735","Elektronika | TV, audio, video | Reproduktory, soundbary | Príslušenstvo k reproduktorom | Stojany a držiaky na reproduktory","117.99","124","stojany-a-drziaky-na-reproduktory.heureka.sk/konig-meyer-26735"
"4603","Premiumstore.sk","MOES WCM-Q29 8MP Wi-Fi IP kamera s dvoma objektívmi","","087544","https://www.premiumstore.sk/moes-wcm-q29-8mp-wi-fi-ip-kamera-s-dvoma-objektivmi/","Heureka.sk | Elektronika | Počítače a notebooky | Sieťové prvky | IP kamery","42","6974246472683","","","","","",""
"4603","Premiumstore.sk","Monacor SPS-30/SC Sada reproduktorových hrotov (4 ks)","","MON_SPS-30_SC","https://www.premiumstore.sk/monacor-sps-30-sc-sada-reproduktorovych-hrotov--4-ks-/","Heureka.sk | Elektronika | TV, audio, video | Reproduktory, soundbary | Príslušenstvo k reproduktorom | Stojany a držiaky na reproduktory","66","4007754179392","","","","","",""
"4603","Premiumstore.sk","Solight LED vianočná hviezda strieborná, závesná, časovač, 40cm, 15x LED, 2x AA","","SOL_1V310","https://www.premiumstore.sk/solight-led-vianocna-hviezda-strieborna--zavesna--casovac--40cm--15x-led--2x-aa/","Heureka.sk | Bývanie a doplnky | Bytové dekorácie | Sviatočné dekorácie | Vianoce | Vianočné osvetlenie","5.1","","","","","","",""
"4603","Premiumstore.sk","TERRAMASTER F2-425 Plus – NAS súborový server s procesorom Intel N5095, 4 GB RAM, 2 pozície","","090316","https://www.premiumstore.sk/terramaster-f2-425-plus---nas-suborovy-server-s-procesorom-intel-n5095--4-gb-ram--2-pozicie/","Heureka.sk | Elektronika | TV, audio, video | Hi-Fi komponenty | Sieťové prehrávače","495.5","6939236148306","","","","","",""
