date,product_card_id,on_bidded_position,satellite_name,click_source,shop_item_id,shop_item_name,portal_category_id,portal_category_name,portal_category_tree,visits_total,visits_free,visits_bidded,visits_not_bidded,costs_with_vat_total,costs_with_vat_bidded,costs_with_vat_not_bidded,costs_without_vat_total,costs_without_vat_bidded,costs_without_vat_not_bidded,orders_total,orders_free,orders_bidded,orders_not_bidded,revenue_total,revenue_free,revenue_bidded,revenue_not_bidded
2026-08-17,550844496,false,,product_detail,KB_100001771960,YAMAHA TW-E5B GRAY,709,Slúchadlá,"Elektronika>TV, audio, video>Slúchadlá",1,0,0,1,0.304,0,0.304,0.251,0,0.251,0,0,0,0,0,0,0,0
2026-08-17,489979529,false,,product_detail,KB_100001368619,Yamaha YHT-4960 BLACK,705,Reprosústavy a reproduktory,"Elektronika>TV, audio, video>Reproduktory, soundbary>Reprosústavy a reproduktory",1,0,0,1,0.38,0,0.38,0.314,0,0.314,0,0,0,0,0,0,0,0
2026-08-17,782090972,false,,product_detail,KB_100002201645,EDIFIER T5s subwoofer hnědý,2115,Subwoofery,"Elektronika>TV, audio, video>Hi-Fi komponenty>Subwoofery",1,0,0,1,0.258,0,0.258,0.213,0,0.213,0,0,0,0,0,0,0,0
2026-08-17,776640918,false,,product_detail,082890,Cycplus L7 zadné svetlo na bicykel s radarom,2379,Svetlá na bicykel,Šport a outdoor>Športy>Cyklistika>Príslušenstvo na bicykel>Svetlá na bicykel,1,0,0,1,0.189,0,0.189,0.156,0,0.156,0,0,0,0,0,0,0,0
2026-08-17,663392355,false,,product_detail,KB_100001947365,CANON PIXMA G3430 Black,761,Multifunkčné zariadenia,Elektronika>Počítače a notebooky>Tlačiarne a príslušenstvo>Multifunkčné zariadenia,1,0,0,1,0.404,0,0.404,0.334,0,0.334,0,0,0,0,0,0,0,0
2026-08-17,693490475,false,,product_detail,065088,Cycplus M2 bicycle computer,5999,Tachometre na bicykel,Šport a outdoor>Športy>Cyklistika>Príslušenstvo na bicykel>Tachometre na bicykel,1,0,0,1,0.133,0,0.133,0.11,0,0.11,0,0,0,0,0,0,0,0
2026-08-17,308779288,false,,product_detail,KB_100001826385,AKAI AS005RA-750B Zesilovač 5.1,805,Zosilňovače,"Elektronika>TV, audio, video>Hi-Fi komponenty>Zosilňovače",1,0,0,1,0.296,0,0.296,0.245,0,0.245,0,0,0,0,0,0,0,0
2026-08-17,751037025,false,,product_detail,KB_100002134244,Gorenje NRR9185DABXL,1041,Chladničky,Veľké spotrebiče>Spotrebiče do kuchyne>Chladenie a mrazenie>Chladničky,1,0,0,1,0.564,0,0.564,0.466,0,0.466,0,0,0,0,0,0,0,0
2026-08-17,339964709,false,,product_detail,BAS_BASYS-TC_000-CPP00,TC Electronic Teleport GLR active DI reciever for guitar,2007,Príslušenstvo pre gitary,Hobby>Hudobniny>Hudobné nástroje>Strunové nástroje>Príslušenstvo pre gitary,1,0,0,1,0.246,0,0.246,0.203,0,0.203,0,0,0,0,0,0,0,0
2026-08-17,678651853,false,,product_detail,KB_100002074756,Candy CFT610/5S/1/4U,963,Digestory,Veľké spotrebiče>Spotrebiče do kuchyne>Varenie a ohrievanie>Digestory,1,0,0,1,0.339,0,0.339,0.28,0,0.28,0,0,0,0,0,0,0,0
2026-08-17,563587671,false,,product_detail,KB_100002065154,JBL Boombox 3 BLACK,5948,Bluetooth reproduktory,"Elektronika>TV, audio, video>Reproduktory, soundbary>Bluetooth reproduktory",2,0,0,2,0.796,0,0.796,0.658,0,0.658,0,0,0,0,0,0,0,0
2026-08-17,140543999,false,,product_detail,KB_130282534555,YAMAHA NS-F51 BLACK 1 karton,5949,Stĺpové reproduktory,"Elektronika>TV, audio, video>Reproduktory, soundbary>Stĺpové reproduktory",3,0,0,3,0.555,0,0.555,0.459,0,0.459,0,0,0,0,0,0,0,0
2026-08-17,707500503,false,,product_detail,029278,"Solárna lampa Superfire FF5-A, 63W, 500lm, 5000mAh",2619,Záhradné lampy,"Dielňa, stavba, záhrada>Záhrada>Záhradné osvetlenie>Záhradné lampy",2,0,0,2,0.542,0,0.542,0.448,0,0.448,0,0,0,0,0,0,0,0
2026-08-17,380316692,false,,product_detail,KB_100001942312,Leifheit LinoLift 500 85359,1707,Sušiaky na bielizeň,Bývanie a doplnky>Domáce potreby a upratovanie>Pranie a žehlenie>Sušiaky na bielizeň,1,0,0,1,0.427,0,0.427,0.353,0,0.353,0,0,0,0,0,0,0,0
2026-08-17,709374251,false,,product_detail,062436,Edifier R990BT Speakers (Black),705,Reprosústavy a reproduktory,"Elektronika>TV, audio, video>Reproduktory, soundbary>Reprosústavy a reproduktory",1,0,0,1,0.144,0,0.144,0.119,0,0.119,0,0,0,0,0,0,0,0
2026-08-17,322416939,false,,product_detail,SOL_WM-30WS-L,"Solight LED reflektor PRO so senzorom, 30W, 2760lm, 5000K, IP44",6540,Reflektory,Bývanie a doplnky>Osvetlenie a svietidlá>Reflektory,1,0,0,1,0.242,0,0.242,0.2,0,0.2,0,0,0,0,0,0,0,0
2026-08-17,234416578,false,,product_detail,KB_700001255039,VERBATIM 43962 SDHC 16GB class 10,822,Pamäťové karty,Elektronika>Počítače a notebooky>Príslušenstvo k počítačom>Pamäťové karty,1,0,0,1,0.106,0,0.106,0.088,0,0.088,0,0,0,0,0,0,0,0
2026-08-17,834945226,false,,product_detail,078877,Flytec V801 5200mah návnada loď,8514,Zavážacie loďky,"Hobby>Rybárske potreby>Rybárske návnady, nástrahy a príslušenstvo>Zavážacie loďky",8,0,0,8,3.056,0,3.056,2.528,0,2.528,0,0,0,0,0,0,0,0
2026-08-17,358476850,false,,product_detail,KB_100000473376,"Aligator ALI BT sluchátka AH02,FM,SD,bílá AH02WT",709,Slúchadlá,"Elektronika>TV, audio, video>Slúchadlá",1,0,0,1,0.162,0,0.162,0.134,0,0.134,0,0,0,0,0,0,0,0
2026-08-17,829471564,false,,product_detail,085718,Webová kamera EMEET Pixy,766,Webkamery,Elektronika>Počítače a notebooky>Príslušenstvo k počítačom>Webkamery,1,0,0,1,0.24,0,0.24,0.198,0,0.198,0,0,0,0,0,0,0,0
2026-08-17,737322976,false,,product_detail,KB_100002126960,Indesit BTW S50400 EU/N,962,Práčky,Veľké spotrebiče>Práčky a sušičky>Práčky,1,0,0,1,0.499,0,0.499,0.412,0,0.412,0,0,0,0,0,0,0,0
2026-08-17,785449460,false,,product_detail,082886,"Cyklocomputer Cycplus M3 - kompatibilný s: Strava, Trainingpeaks atď.",5999,Tachometre na bicykel,Šport a outdoor>Športy>Cyklistika>Príslušenstvo na bicykel>Tachometre na bicykel,2,0,0,2,0.324,0,0.324,0.268,0,0.268,1,0,0,1,36,0,0,36
2026-08-17,416922318,false,,product_detail,AT_TIP-04250125,"Baterie olověná 12V/ 7,5 Ah REBEL bezúdržbová",2973,Olovené batérie,Elektronika>Batérie a nabíjanie>Batérie>Olovené batérie,1,0,0,1,0.122,0,0.122,0.101,0,0.101,0,0,0,0,0,0,0,0
2026-08-17,799015584,false,,product_detail,077735,Diagnostický skener motocyklov Ancel MT700,4467,Autodiagnostiky,Auto-moto>Všetko pre autá>Elektronika do auta>Autodiagnostiky,1,0,0,1,0.567,0,0.567,0.469,0,0.469,0,0,0,0,0,0,0,0
2026-08-17,702366308,false,,product_detail,065295,Kamera Insta360 X4,6021,Športové kamery,"Elektronika>Foto, kamery, optika>Foto a kamery>Športové kamery",1,0,0,1,0.415,0,0.415,0.343,0,0.343,0,0,0,0,0,0,0,0
2026-08-17,433032043,false,,product_detail,KB_100001090729,Niceboy VEGA X Lite,6021,Športové kamery,"Elektronika>Foto, kamery, optika>Foto a kamery>Športové kamery",1,0,0,1,0.168,0,0.168,0.139,0,0.139,0,0,0,0,0,0,0,0
2026-08-17,557812408,false,,product_detail,SOL_PP141,"Solight predlžovací prívod, 7 zásuviek, biely, vypínač, 2m",2838,Predlžovacie káble,"Elektronika>TV, audio, video>Príslušenstvo k TV, audio-video>Príslušenstvo k TV>Predlžovacie káble",1,0,0,1,0.104,0,0.104,0.086,0,0.086,0,0,0,0,0,0,0,0
2026-08-17,659253556,false,,product_detail,BAS_BASYS-B_884367-0900,"Bose QuietComfort Headphones Club SC - Bluetooth slúchadlá s potlačením okolitého hluku, čierne",709,Slúchadlá,"Elektronika>TV, audio, video>Slúchadlá",1,0,0,1,0.342,0,0.342,0.283,0,0.283,0,0,0,0,0,0,0,0
2026-08-17,729112204,false,,product_detail,066846,"Arzopa Portable Monitor Z1RC 16,0""",816,Monitory,Elektronika>Počítače a notebooky>Monitory,1,0,0,1,0.215,0,0.215,0.178,0,0.178,1,0,0,1,117.9,0,0,117.9
2026-08-17,828344117,false,,product_detail,083126,"FunWater SUP paddleboard SUPFW05D Tiki 3,2m (zelená)",4782,Paddleboardy,Šport a outdoor>Športy>Vodné športy>Paddleboardy,1,0,0,1,0.317,0,0.317,0.262,0,0.262,0,0,0,0,0,0,0,0
2026-08-17,468909433,false,,product_detail,KB_700000095772,Thomson CR 50,5966,Rádiobudíky,"Elektronika>TV, audio, video>Prenosné audio>Rádiobudíky",1,0,0,1,0.122,0,0.122,0.101,0,0.101,0,0,0,0,0,0,0,0
2026-08-17,824272256,false,,product_detail,085478,3D skener Creality Sermoon P1,5689,3D skenery,Elektronika>Počítače a notebooky>Tlačiarne a príslušenstvo>3D skenery,1,0,0,1,0.696,0,0.696,0.575,0,0.575,0,0,0,0,0,0,0,0
2026-08-17,691060367,false,,product_detail,KB_100002100822,JBL Partybox Stage 320,5948,Bluetooth reproduktory,"Elektronika>TV, audio, video>Reproduktory, soundbary>Bluetooth reproduktory",1,0,0,1,0.501,0,0.501,0.414,0,0.414,0,0,0,0,0,0,0,0
2026-08-17,789671530,false,,product_detail,075423,Štúdiové slúchadlá Maono MH700 (čierne),709,Slúchadlá,"Elektronika>TV, audio, video>Slúchadlá",1,0,0,1,0.19,0,0.19,0.157,0,0.157,0,0,0,0,0,0,0,0
2026-08-17,582722284,false,,product_detail,KB_100002127040,Girmi ST9100,944,Žehličky,Domáce a osobné spotrebiče>Starostlivosť o bielizeň>Žehličky,1,0,0,1,0.273,0,0.273,0.226,0,0.226,0,0,0,0,0,0,0,0
2026-08-17,813539642,false,,product_detail,080232,Plynová varná doska IsEasy MGBS-765 z nehrdzavejúcej ocele,965,Varné dosky,Veľké spotrebiče>Spotrebiče do kuchyne>Varenie a ohrievanie>Varné dosky,1,0,0,1,0.405,0,0.405,0.335,0,0.335,1,0,0,1,125.5,0,0,125.5
2026-08-17,792526743,false,,product_detail,070506,Elektrický masážny prístroj na tvár Guasha ANLAN 02-AGSY41-02A,1024,Masážne prístroje,Domáce a osobné spotrebiče>Starostlivosť o telo a zdravie>Starostlivosť o telo>Masážne prístroje,1,0,0,1,0.273,0,0.273,0.226,0,0.226,0,0,0,0,0,0,0,0
2026-08-17,404488457,false,,product_detail,082664,Detektor kovov Garrett ACE 400i,4821,Hobby detektory,Hobby>Pre domácich majstrov a záhradkárov>Hobby detektory,1,0,0,1,0.814,0,0.814,0.673,0,0.673,0,0,0,0,0,0,0,0
2026-08-17,842873371,false,,product_detail,KB_100002203351,Beko B3RCSO255W,1041,Chladničky,Veľké spotrebiče>Spotrebiče do kuchyne>Chladenie a mrazenie>Chladničky,1,0,0,1,0.46,0,0.46,0.38,0,0.38,0,0,0,0,0,0,0,0
2026-08-17,13762883,false,,product_detail,BAS_BASYS-C-1U,Behringer C-1U USB štúdiový kondenzátorový mikrofón,710,Mikrofóny,"Elektronika>TV, audio, video>Mikrofóny",1,0,0,1,0.182,0,0.182,0.15,0,0.15,0,0,0,0,0,0,0,0
2026-08-17,270374680,false,,product_detail,KB_100000124700,MAXXO VM Profi,3065,Zváračky fólií a vákuovačky,Domáce a osobné spotrebiče>Kuchynské spotrebiče>Príprava jedla>Malé kuchynské spotrebiče>Vychytávky do kuchyne>Zváračky fólií a vákuovačky,1,0,0,1,0.444,0,0.444,0.367,0,0.367,0,0,0,0,0,0,0,0
2026-08-17,840480654,false,,product_detail,AT_LEC-RBA-4500-WH,"Paddleboard SUP REBEL ACTIVE RBA-4500-WH 11'6"" 350x81x15cm BÍLÝ",4782,Paddleboardy,Šport a outdoor>Športy>Vodné športy>Paddleboardy,1,0,0,1,0.302,0,0.302,0.25,0,0.25,0,0,0,0,0,0,0,0
2026-08-17,418019668,false,,product_detail,KB_100000821076,GORENJE F4142PW,959,Mrazničky,Veľké spotrebiče>Spotrebiče do kuchyne>Chladenie a mrazenie>Mrazničky,7,0,0,7,2.968,0,2.968,2.45,0,2.45,0,0,0,0,0,0,0,0
2026-08-17,473598172,false,,product_detail,KB_100001188839,Rowenta ZR009008,4211,Filtre do vysávačov,Domáce a osobné spotrebiče>Spotrebiče na upratovanie>Príslušenstvo pre upratovacie spotrebiče>Filtre do vysávačov,1,0,0,1,0.119,0,0.119,0.098,0,0.098,0,0,0,0,0,0,0,0
2026-08-17,749219827,false,,product_detail,090576,Projektor Magcubic HY320 (biely),699,Projektory,"Elektronika>TV, audio, video>Projekčná technika>Projektory",1,0,0,1,0.24,0,0.24,0.198,0,0.198,0,0,0,0,0,0,0,0
2026-08-17,830017072,false,,product_detail,086911,Slnečné okuliare Colmi A2 AI s UV ochranou a fialovými sklami,4939,Inteligentné okuliare,Elektronika>Inteligentná domácnosť>Wearables>Inteligentné okuliare,2,0,0,2,0.404,0,0.404,0.334,0,0.334,0,0,0,0,0,0,0,0
2026-08-17,21608234,false,,product_detail,KB_340110035590,GORENJE R 506 E,970,Elektrické kuchynské krájače,Domáce a osobné spotrebiče>Kuchynské spotrebiče>Príprava jedla>Malé kuchynské spotrebiče>Krájanie a strúhanie>Elektrické kuchynské krájače,1,0,0,1,0.344,0,0.344,0.284,0,0.284,0,0,0,0,0,0,0,0
2026-08-17,785788381,false,,product_detail,070509,Prístroj na spevnenie tváre ANLAN 01-AVLY41-02A,1024,Masážne prístroje,Domáce a osobné spotrebiče>Starostlivosť o telo a zdravie>Starostlivosť o telo>Masážne prístroje,4,0,0,4,1.092,0,1.092,0.904,0,0.904,0,0,0,0,0,0,0,0
2026-08-17,791036862,false,,product_detail,081289,UREVO FoldiMix 5L Pro elektrický bežecký pás (strieborný),1317,Bežecké pásy,Šport a outdoor>Športy>Fitness>Trenažéry>Bežecké pásy,1,0,0,1,0.811,0,0.811,0.67,0,0.67,0,0,0,0,0,0,0,0
2026-08-17,225633409,false,,product_detail,SOL_WO44,"Solight LED stolná lampička nabíjacia, 5W, RGB podsvietenie, stmievateľná, USB napájanie",2149,Lampičky,Bývanie a doplnky>Osvetlenie a svietidlá>Lampičky,1,0,0,1,0.242,0,0.242,0.2,0,0.2,0,0,0,0,0,0,0,0
2026-08-17,836708609,false,,product_detail,083136,Euhomy CF008-30BL 30L chladnička do auta (čierna),1042,Prenosné chladničky,Veľké spotrebiče>Spotrebiče do kuchyne>Chladenie a mrazenie>Prenosné chladničky,1,0,0,1,0.517,0,0.517,0.427,0,0.427,0,0,0,0,0,0,0,0
2026-08-17,759926304,false,,product_detail,075531,Bezdrôtový robot na čistenie bazénov Wybot C1 Pro,1560,Bazénové vysávače,"Dielňa, stavba, záhrada>Bazény a doplnky>Čistenie bazénov>Bazénové vysávače",1,0,0,1,0.969,0,0.969,0.801,0,0.801,0,0,0,0,0,0,0,0
2026-08-17,778676603,false,,product_detail,SOL_V60,Solight profesionálny multimeter,3762,Ampermetre a voltmetre,"Dielňa, stavba, záhrada>Stavba>Stavebná technika a náradie>Meradlá a meracie prístroje>Meranie napätia>Ampermetre a voltmetre",1,0,0,1,0.14,0,0.14,0.116,0,0.116,0,0,0,0,0,0,0,0
2026-08-17,696679361,false,,product_detail,074474,Digitálny multimeter Habotest HT86B,3762,Ampermetre a voltmetre,"Dielňa, stavba, záhrada>Stavba>Stavebná technika a náradie>Meradlá a meracie prístroje>Meranie napätia>Ampermetre a voltmetre",1,0,0,1,0.09,0,0.09,0.074,0,0.074,0,0,0,0,0,0,0,0
2026-08-17,840679629,false,,product_detail,KB_100002203894,JBL PartyBox 330,5948,Bluetooth reproduktory,"Elektronika>TV, audio, video>Reproduktory, soundbary>Bluetooth reproduktory",1,0,0,1,0.513,0,0.513,0.424,0,0.424,0,0,0,0,0,0,0,0
2026-08-17,833963676,false,,product_detail,KB_100002203143,Samsung OLED QE48S85H,2873,Televízory,"Elektronika>TV, audio, video>Televízory",1,0,0,1,0.44,0,0.44,0.364,0,0.364,0,0,0,0,0,0,0,0
2026-08-17,841204284,false,,product_detail,KB_100002202821,Gorenje WG2PS74A2W,962,Práčky,Veľké spotrebiče>Práčky a sušičky>Práčky,1,0,0,1,0.485,0,0.485,0.401,0,0.401,0,0,0,0,0,0,0,0
2026-08-17,750554217,false,,product_detail,KB_100002130861,Gorenje RKI517E41,1041,Chladničky,Veľké spotrebiče>Spotrebiče do kuchyne>Chladenie a mrazenie>Chladničky,1,0,0,1,0.509,0,0.509,0.421,0,0.421,0,0,0,0,0,0,0,0
2026-08-17,785200579,false,,product_detail,SOL_TR01,"Solight lokátor na bicykel, Find My kompatibilný",6240,Inteligentné lokátory,Elektronika>Inteligentná domácnosť>Wearables>Inteligentné lokátory,4,0,0,4,0.488,0,0.488,0.404,0,0.404,0,0,0,0,0,0,0,0
2026-08-17,718285024,false,,product_detail,065087,GPS bike computer Cycplus M1,5999,Tachometre na bicykel,Šport a outdoor>Športy>Cyklistika>Príslušenstvo na bicykel>Tachometre na bicykel,2,0,0,2,0.266,0,0.266,0.22,0,0.22,0,0,0,0,0,0,0,0
2026-08-17,421642719,false,,product_detail,028430,Reproduktory Edifier S1000MKII 2.0 (hnedé),705,Reprosústavy a reproduktory,"Elektronika>TV, audio, video>Reproduktory, soundbary>Reprosústavy a reproduktory",1,0,0,1,0.283,0,0.283,0.234,0,0.234,0,0,0,0,0,0,0,0
2026-08-17,719904185,false,,product_detail,AT_LEC-RBA-4507-WH,Paddleboard SUP REBEL ACTIVE RBA-4507-WH - bílý 11' 335x84x15 cm,4782,Paddleboardy,Šport a outdoor>Športy>Vodné športy>Paddleboardy,1,0,0,1,0.317,0,0.317,0.262,0,0.262,0,0,0,0,0,0,0,0
2026-08-17,719904185,false,,search,AT_LEC-RBA-4507-WH,Paddleboard SUP REBEL ACTIVE RBA-4507-WH - bílý 11' 335x84x15 cm,4782,Paddleboardy,Šport a outdoor>Športy>Vodné športy>Paddleboardy,1,0,0,1,0.317,0,0.317,0.262,0,0.262,0,0,0,0,0,0,0,0
2026-08-17,778327494,false,,product_detail,078740,Moza Racing Panel plynu MOZA AS008 MTP (PC),813,Joysticky,Gaming>Herné príslušenstvo>Herné ovládače>Joysticky,1,0,0,1,0.362,0,0.362,0.299,0,0.299,0,0,0,0,0,0,0,0
2026-08-17,134342298,false,,product_detail,KB_341050044421,DOMO DO42325PC,2195,Zaváracie hrnce,Bývanie a doplnky>Bytové doplnky>Doplnky do kuchyne>Zaváranie>Zaváracie hrnce,2,0,0,2,1.022,0,1.022,0.844,0,0.844,0,0,0,0,0,0,0,0
2026-08-17,382547396,false,,product_detail,SOL_HN60,"Solight vonkajšia anténa, DVB-T2, 47dB",4981,Televízne antény DVB-T a DVB-T2,"Elektronika>TV, audio, video>Príslušenstvo k TV, audio-video>Príslušenstvo k TV>Antény>Televízne antény DVB-T a DVB-T2",1,0,0,1,0.14,0,0.14,0.116,0,0.116,0,0,0,0,0,0,0,0
2026-08-17,833934079,false,,product_detail,086337,Projektor Magcubic X7,699,Projektory,"Elektronika>TV, audio, video>Projekčná technika>Projektory",1,0,0,1,0.277,0,0.277,0.229,0,0.229,0,0,0,0,0,0,0,0
2026-08-17,739313474,false,,product_detail,083113,Waydoo Underwater scooter Subnado Lite,5443,Podvodné skútre,Šport a outdoor>Športy>Vodné športy>Potápačské vybavenie>Podvodné skútre,2,0,0,2,0.826,0,0.826,0.682,0,0.682,0,0,0,0,0,0,0,0
2026-08-17,538335162,false,,product_detail,077514,Merač vzdialenosti UNI-T LM120A,3053,Meracie lasery,"Dielňa, stavba, záhrada>Stavba>Stavebná technika a náradie>Meradlá a meracie prístroje>Meranie roviny>Meracie lasery",1,0,0,1,0.294,0,0.294,0.243,0,0.243,0,0,0,0,0,0,0,0
2026-08-17,755637895,false,,product_detail,073609,Gimbal Hohem iSteady M7,5783,Stabilizátory a gimbaly,"Elektronika>Foto, kamery, optika>Príslušenstvo k fotoaparátom>Statívy a príslušenstvo>Stabilizátory a gimbaly",1,0,0,1,0.296,0,0.296,0.245,0,0.245,0,0,0,0,0,0,0,0
2026-08-17,773512905,false,,product_detail,KB_100002137062,BROTHER DCP-T730DW,761,Multifunkčné zariadenia,Elektronika>Počítače a notebooky>Tlačiarne a príslušenstvo>Multifunkčné zariadenia,1,0,0,1,0.479,0,0.479,0.396,0,0.396,0,0,0,0,0,0,0,0
2026-08-17,773641704,false,,product_detail,078739,Moza Racing Koleso MOZA RS068 FSR V2 (PC),814,Volanty,Gaming>Herné príslušenstvo>Herné ovládače>Volanty,1,0,0,1,0.495,0,0.495,0.409,0,0.409,0,0,0,0,0,0,0,0
2026-08-17,842108281,false,,search,SOL_WO820-W,"Solight LED osvetlenie Gari, 26W, 2340lm, 3CCT, IP65, 30cm, biela",2890,LED osvetlenie,Bývanie a doplnky>Osvetlenie a svietidlá>LED osvetlenie,1,0,0,1,0.242,0,0.242,0.2,0,0.2,0,0,0,0,0,0,0,0
2026-08-17,462084167,false,,product_detail,026239,Stropné svietidlo Yeelight Arwen 550S,1663,Svietidlá,Bývanie a doplnky>Osvetlenie a svietidlá>Svietidlá,1,0,0,1,0.534,0,0.534,0.441,0,0.441,0,0,0,0,0,0,0,0
2026-08-17,798687787,false,,product_detail,081238,Inteligentné hodinky Zeblaze Vibe 8 Abyss (Czarny),4800,Inteligentné hodinky,"Elektronika>Mobily, tablety, nositeľná elektronika>Inteligentné hodinky",1,0,0,1,0.194,0,0.194,0.16,0,0.16,0,0,0,0,0,0,0,0
2026-08-17,842125609,false,,search,085867,Sada pedálov MOZA RACING SRP2,814,Volanty,Gaming>Herné príslušenstvo>Herné ovládače>Volanty,1,0,0,1,0.263,0,0.263,0.217,0,0.217,0,0,0,0,0,0,0,0
2026-08-17,742493850,false,,product_detail,069813,Šálkový mixér AMZCHEF ZM5003-GA (sivý),952,Mixéry,Domáce a osobné spotrebiče>Kuchynské spotrebiče>Príprava jedla>Malé kuchynské spotrebiče>Mixovanie a šľahanie>Mixéry,1,0,0,1,0.351,0,0.351,0.29,0,0.29,0,0,0,0,0,0,0,0
2026-08-17,781133531,false,,product_detail,KB_100002128566,Black-Decker Black+Decker BXHB600E Tyčový mixér,952,Mixéry,Domáce a osobné spotrebiče>Kuchynské spotrebiče>Príprava jedla>Malé kuchynské spotrebiče>Mixovanie a šľahanie>Mixéry,2,0,0,2,0.36,0,0.36,0.298,0,0.298,0,0,0,0,0,0,0,0
2026-08-17,561346483,false,,product_detail,KB_100001919102,Candy CFT610/4N/1,963,Digestory,Veľké spotrebiče>Spotrebiče do kuchyne>Varenie a ohrievanie>Digestory,1,0,0,1,0.362,0,0.362,0.299,0,0.299,0,0,0,0,0,0,0,0
2026-08-17,32623273,false,,product_detail,KB_340910114838,TEFAL GC 305012,6260,Domáce grily,Domáce a osobné spotrebiče>Kuchynské spotrebiče>Príprava jedla>Malé kuchynské spotrebiče>Pečenie a opekanie>Domáce grily,1,0,0,1,0.393,0,0.393,0.325,0,0.325,0,0,0,0,0,0,0,0
2026-08-17,842985103,false,,product_detail,KB_100002203245,WHIRLPOOL TW721DSFCEE,962,Práčky,Veľké spotrebiče>Práčky a sušičky>Práčky,1,0,0,1,0.559,0,0.559,0.462,0,0.462,0,0,0,0,0,0,0,0
2026-08-17,430292849,false,,product_detail,KB_100000910016,YAMAHA RX-V4A Black,804,AV prijímače,"Elektronika>TV, audio, video>Hi-Fi komponenty>AV prijímače",1,0,0,1,0.485,0,0.485,0.401,0,0.401,0,0,0,0,0,0,0,0
2026-08-17,842108276,false,,search,SOL_WO821-W,"Solight LED osvetlenie Gari, 44W, 3960lm, 3CCT, IP65, 40cm, biela",2890,LED osvetlenie,Bývanie a doplnky>Osvetlenie a svietidlá>LED osvetlenie,1,0,0,1,0.255,0,0.255,0.211,0,0.211,0,0,0,0,0,0,0,0
2026-08-17,228515347,false,,product_detail,AT_MS-WT_463R,Budík digitální TechnoLine WT 463R s FM radiopřijímačem,706,Rádioprijímače,"Elektronika>TV, audio, video>Prenosné audio>Rádioprijímače",1,0,0,1,0.168,0,0.168,0.139,0,0.139,0,0,0,0,0,0,0,0
2026-08-17,643971896,false,,product_detail,SOL_KP07,"Solight nástenný keramický ohrievač, 2000 W, biely",2365,Elektrické ohrievače,"Dielňa, stavba, záhrada>Kúrenie a ohrev vody>Ohrievače>Elektrické ohrievače",1,0,0,1,0.299,0,0.299,0.247,0,0.247,0,0,0,0,0,0,0,0
2026-08-17,85798641,false,,product_detail,MON_PA-1200RM,Monacor PA-1200RM Montážny rám,805,Zosilňovače,"Elektronika>TV, audio, video>Hi-Fi komponenty>Zosilňovače",1,0,0,1,0.202,0,0.202,0.167,0,0.167,0,0,0,0,0,0,0,0
2026-08-17,829471573,false,,product_detail,085701,Webová kamera EMEET SmartCam Nova 4K,766,Webkamery,Elektronika>Počítače a notebooky>Príslušenstvo k počítačom>Webkamery,1,0,0,1,0.192,0,0.192,0.159,0,0.159,0,0,0,0,0,0,0,0
2026-08-17,800327009,false,,product_detail,KB_100002142380,Girmi FG2800 Horkovzdušní fritéza,6356,Mini rúry,Veľké spotrebiče>Spotrebiče do kuchyne>Varenie a ohrievanie>Mini rúry,2,0,0,2,0.932,0,0.932,0.77,0,0.77,0,0,0,0,0,0,0,0
2026-08-17,834409049,false,,product_detail,078883,Flytec V050 12000mah návnada loď (čierna),8514,Zavážacie loďky,"Hobby>Rybárske potreby>Rybárske návnady, nástrahy a príslušenstvo>Zavážacie loďky",2,0,0,2,0.738,0,0.738,0.61,0,0.61,0,0,0,0,0,0,0,0
2026-08-17,412434452,false,,product_detail,KB_100002144007,"G3Ferrari Vařič, G10061, indukční, sklok",1958,Variče,Domáce a osobné spotrebiče>Kuchynské spotrebiče>Príprava jedla>Malé kuchynské spotrebiče>Varenie a vyprážanie>Variče,1,0,0,1,0.334,0,0.334,0.276,0,0.276,1,0,0,1,117.8,0,0,117.8
2026-08-17,131716204,false,,product_detail,SOL_WO203,"Solight LED kuchynské svietidlo T5, vypínač, 9W, 4100K, 54cm",1663,Svietidlá,Bývanie a doplnky>Osvetlenie a svietidlá>Svietidlá,1,0,0,1,0.177,0,0.177,0.146,0,0.146,0,0,0,0,0,0,0,0
2026-08-17,841030593,false,,product_detail,AT_LEC-RBA-4500-OR,"Paddleboard SUP REBEL ACTIVE RBA-4500-OR 11'6"" 350x81x15cm oranžový",4782,Paddleboardy,Šport a outdoor>Športy>Vodné športy>Paddleboardy,31,0,0,31,9.362,0,9.362,7.75,0,7.75,0,0,0,0,0,0,0,0
2026-08-17,642186824,false,,product_detail,082266,Diagnostický skener OBDeleven 2 Pro Pack,4467,Autodiagnostiky,Auto-moto>Všetko pre autá>Elektronika do auta>Autodiagnostiky,1,0,0,1,0.353,0,0.353,0.292,0,0.292,0,0,0,0,0,0,0,0
2026-08-17,817952680,false,,product_detail,084602,3D tlačiareň Qidi Q2,5632,3D tlačiarne,Elektronika>Počítače a notebooky>Tlačiarne a príslušenstvo>3D tlačiarne,1,0,0,1,0.485,0,0.485,0.401,0,0.401,0,0,0,0,0,0,0,0
2026-08-17,200211451,false,,product_detail,BAS_BASYS-BD_717525,beyerdynamic Amiron Home high-end stereo headphones,709,Slúchadlá,"Elektronika>TV, audio, video>Slúchadlá",1,0,0,1,0.416,0,0.416,0.344,0,0.344,0,0,0,0,0,0,0,0
2026-08-17,742949273,false,,product_detail,054659,IMOU Memory card Samsung EVO Plus microSD 2021 64GB (MB-MC64KA),822,Pamäťové karty,Elektronika>Počítače a notebooky>Príslušenstvo k počítačom>Pamäťové karty,1,0,0,1,0.14,0,0.14,0.116,0,0.116,0,0,0,0,0,0,0,0
2026-08-17,756926375,false,,product_detail,KB_100002193627,Roborock F25,5411,Podlahové umývacie stroje,"Dielňa, stavba, záhrada>Dielňa>Dielenské vybavenie>Upratovacia technika>Podlahové umývacie stroje",3,0,0,3,2.526,0,2.526,2.088,0,2.088,0,0,0,0,0,0,0,0
2026-08-17,651522519,false,,product_detail,KB_100002066448,ETA 745390000,943,Vysávače,Domáce a osobné spotrebiče>Spotrebiče na upratovanie>Vysávače,1,0,0,1,0.49,0,0.49,0.405,0,0.405,0,0,0,0,0,0,0,0
2026-08-17,366498278,false,,product_detail,SOL_PS08,"Solight predlžovací prívod - spojka, 1 zásuvka, 30 m, 3 x 1,5mm2, oranžová",2838,Predlžovacie káble,"Elektronika>TV, audio, video>Príslušenstvo k TV, audio-video>Príslušenstvo k TV>Predlžovacie káble",1,0,0,1,0.237,0,0.237,0.196,0,0.196,0,0,0,0,0,0,0,0
2026-08-17,842876793,false,,product_detail,AT_ATO-04280482,"Trina Solar Solární sestava ostrovní TRINA 1820Wp, LiFePO4 VTAC 51,2V 100Ah, měnič 48V/230VAC 5500W",6891,Solárne zostavy,"Dielňa, stavba, záhrada>Stavba>Fotovoltaika>Solárne zostavy",1,0,0,1,0.175,0,0.175,0.145,0,0.145,0,0,0,0,0,0,0,0
2026-08-17,702462086,false,,product_detail,056094,Počítačová skriňa Darkflash DS900 AIR (čierna),775,PC skrine,Elektronika>Počítače a notebooky>Počítačové komponenty>PC skrine,1,0,0,1,0.182,0,0.182,0.15,0,0.15,0,0,0,0,0,0,0,0
2026-08-17,747730521,false,,product_detail,072300,Anycubic Photon Mono 4 3D printer,5632,3D tlačiarne,Elektronika>Počítače a notebooky>Tlačiarne a príslušenstvo>3D tlačiarne,1,0,0,1,0.277,0,0.277,0.229,0,0.229,0,0,0,0,0,0,0,0
2026-08-17,719003057,false,,product_detail,SOL_5B323,"Solight vstavaná podlahová dvojzásuvka, IP55, okrúhle viečko",3935,Zásuvky,"Dielňa, stavba, záhrada>Stavba>Elektromateriály>Elektroinštalačný materiál>Zásuvky, vypínače, termostaty>Zásuvky",1,0,0,1,0.294,0,0.294,0.243,0,0.243,0,0,0,0,0,0,0,0
2026-08-17,823784243,false,,product_detail,084364,Tablet HOTWAV TAB R9 Plus (červený),3021,Tablety,"Elektronika>Mobily, tablety, nositeľná elektronika>Tablety a čítačky>Tablety",1,0,0,1,0.342,0,0.342,0.283,0,0.283,0,0,0,0,0,0,0,0
2026-08-17,828344118,false,,product_detail,083118,"FunWater SUP paddleboard SUPFW07A 3,2m (modrý)",4782,Paddleboardy,Šport a outdoor>Športy>Vodné športy>Paddleboardy,1,0,0,1,0.273,0,0.273,0.226,0,0.226,0,0,0,0,0,0,0,0
2026-08-17,603383048,false,,product_detail,037078,Digitálny univerzálny multimeter Habotest HT113,3762,Ampermetre a voltmetre,"Dielňa, stavba, záhrada>Stavba>Stavebná technika a náradie>Meradlá a meracie prístroje>Meranie napätia>Ampermetre a voltmetre",1,0,0,1,0.09,0,0.09,0.074,0,0.074,0,0,0,0,0,0,0,0
2026-08-17,560731467,false,,product_detail,AT_HD-G909,"Solární regulátor MPPT Lumiax MT1050EU, 12V/10A",6897,Solárne regulátory,"Dielňa, stavba, záhrada>Stavba>Fotovoltaika>Solárne regulátory",1,0,0,1,0.339,0,0.339,0.28,0,0.28,0,0,0,0,0,0,0,0
2026-08-17,753512084,false,,product_detail,KB_100002135103,Gorenje F49CPW,959,Mrazničky,Veľké spotrebiče>Spotrebiče do kuchyne>Chladenie a mrazenie>Mrazničky,1,0,0,1,0.403,0,0.403,0.333,0,0.333,0,0,0,0,0,0,0,0
2026-08-17,835421312,false,,product_detail,083106,Cycplus AS200 TB2 TOPUMP – mini pumpa na bicykel,1230,Pumpy na bicykel,Šport a outdoor>Športy>Cyklistika>Náradie na bicykel a údržba>Pumpy na bicykel,1,0,0,1,0.122,0,0.122,0.101,0,0.101,0,0,0,0,0,0,0,0
2026-08-17,724426509,false,,product_detail,AT_LEC-TSA5007,Chladící box TEESA TSA5007 25L DC12/24V AC 230V -22°C,1042,Prenosné chladničky,Veľké spotrebiče>Spotrebiče do kuchyne>Chladenie a mrazenie>Prenosné chladničky,1,0,0,1,0.54,0,0.54,0.446,0,0.446,0,0,0,0,0,0,0,0
2026-08-17,823811847,false,,product_detail,082910,Počítačová skriňa DarkFlash DS950V s displejom (biela) + 6 ventilátorov,775,PC skrine,Elektronika>Počítače a notebooky>Počítačové komponenty>PC skrine,1,0,0,1,0.24,0,0.24,0.198,0,0.198,0,0,0,0,0,0,0,0
2026-08-17,757804116,false,,product_detail,KB_100002131615,Rowenta RO3725EA,943,Vysávače,Domáce a osobné spotrebiče>Spotrebiče na upratovanie>Vysávače,1,0,0,1,0.368,0,0.368,0.304,0,0.304,0,0,0,0,0,0,0,0
2026-08-17,642186833,false,,product_detail,082267,Diagnostický skener OBDeleven 2 Ultimate,4467,Autodiagnostiky,Auto-moto>Všetko pre autá>Elektronika do auta>Autodiagnostiky,1,0,0,1,0.369,0,0.369,0.305,0,0.305,0,0,0,0,0,0,0,0
2026-08-17,762429541,false,,search,KB_100001517420,Gaggia Classic E24 černá,6708,Pákové kávovary,Domáce a osobné spotrebiče>Kuchynské spotrebiče>Príprava nápojov>Kávovary a príprava kávy>Pákové kávovary,1,0,0,1,0.837,0,0.837,0.692,0,0.692,0,0,0,0,0,0,0,0
2026-08-17,739415099,false,,product_detail,070643,TELESIN buoyancy mount for GoPro 8 / 9 / 10 / 11 / 12 / 13,6752,Držiaky ku kamerám,"Elektronika>Foto, kamery, optika>Príslušenstvo ku kamerám>Držiaky ku kamerám",1,0,0,1,0.122,0,0.122,0.101,0,0.101,0,0,0,0,0,0,0,0
2026-08-17,842873114,false,,product_detail,KB_100002202660,Tefal INGENIO Expertise pánev 22 cm,1201,Panvice,Bývanie a doplnky>Bytové doplnky>Doplnky do kuchyne>Varenie>Panvice,1,0,0,1,0.265,0,0.265,0.219,0,0.219,0,0,0,0,0,0,0,0
2026-08-17,829471566,false,,product_detail,085720,Webová kamera EMEET SmartCam S600L,766,Webkamery,Elektronika>Počítače a notebooky>Príslušenstvo k počítačom>Webkamery,1,0,0,1,0.223,0,0.223,0.184,0,0.184,0,0,0,0,0,0,0,0
2026-08-17,829877460,false,,product_detail,083124,"FunWater SUP paddleboard SUPFW01A 3,35m (modrý)",4782,Paddleboardy,Šport a outdoor>Športy>Vodné športy>Paddleboardy,5,0,0,5,1.45,0,1.45,1.2,0,1.2,0,0,0,0,0,0,0,0
2026-08-17,826936192,false,,product_detail,AT_LEC-TSA6005,"Chladící box TEESA TSA6005 50l, 12V/24V/230V/baterie, kola, kompresor, mražení, Bluetooth",1042,Prenosné chladničky,Veľké spotrebiče>Spotrebiče do kuchyne>Chladenie a mrazenie>Prenosné chladničky,1,0,0,1,0.613,0,0.613,0.507,0,0.507,0,0,0,0,0,0,0,0
2026-08-17,392248202,false,,product_detail,BAS_BASYS-TA_000-C2B01,Tannoy GOLD 5 powered studio monitor,705,Reprosústavy a reproduktory,"Elektronika>TV, audio, video>Reproduktory, soundbary>Reprosústavy a reproduktory",1,0,0,1,0.26,0,0.26,0.215,0,0.215,0,0,0,0,0,0,0,0
2026-08-17,842872667,false,,search,KB_100002141556,TCL NXTPAPER 14 Gray,3021,Tablety,"Elektronika>Mobily, tablety, nositeľná elektronika>Tablety a čítačky>Tablety",1,0,0,1,0.424,0,0.424,0.35,0,0.35,0,0,0,0,0,0,0,0
2026-08-17,691060366,false,,product_detail,KB_100002100821,JBL Partybox Club 120,5948,Bluetooth reproduktory,"Elektronika>TV, audio, video>Reproduktory, soundbary>Bluetooth reproduktory",3,0,0,3,1.143,0,1.143,0.945,0,0.945,0,0,0,0,0,0,0,0
2026-08-17,839662618,false,,product_detail,080670,VITURE XR Luma Ultra,4939,Inteligentné okuliare,Elektronika>Inteligentná domácnosť>Wearables>Inteligentné okuliare,3,0,0,3,1.572,0,1.572,1.299,0,1.299,0,0,0,0,0,0,0,0
2026-08-17,682143837,false,,product_detail,KB_100002079522,LENOVO adaptér TAB 68W AC USB ZG38C05739,738,Nabíjačky pre mobilné telefóny,"Elektronika>Mobily, tablety, nositeľná elektronika>Príslušenstvo k mobilom>Batérie a nabíjačky pre mobily>Nabíjačky pre mobilné telefóny",1,0,0,1,0.14,0,0.14,0.116,0,0.116,0,0,0,0,0,0,0,0
2026-08-17,795264391,false,,product_detail,079610,"Smartring Colmi R10 18,3MM 8 (čierny)",7432,Inteligentné prstene,Elektronika>Inteligentná domácnosť>Wearables>Inteligentné prstene,1,0,0,1,0.168,0,0.168,0.139,0,0.139,0,0,0,0,0,0,0,0
2026-08-17,669628069,false,,product_detail,KB_100002067419,Guzzanti GZ 256A,1041,Chladničky,Veľké spotrebiče>Spotrebiče do kuchyne>Chladenie a mrazenie>Chladničky,1,0,0,1,0.509,0,0.509,0.421,0,0.421,0,0,0,0,0,0,0,0
2026-08-17,829471567,false,,product_detail,085696,Webová kamera EMEET SmartCam C950,766,Webkamery,Elektronika>Počítače a notebooky>Príslušenstvo k počítačom>Webkamery,1,0,0,1,0.14,0,0.14,0.116,0,0.116,0,0,0,0,0,0,0,0
2026-08-17,465366333,false,,product_detail,045428,Slúchadlá Oneodio Pro30 (strieborné),709,Slúchadlá,"Elektronika>TV, audio, video>Slúchadlá",1,0,0,1,0.183,0,0.183,0.151,0,0.151,0,0,0,0,0,0,0,0
2026-08-17,841303888,false,,product_detail,AT_LEC-KM1304-1,TV držák Kruger & Matz KM1304-1 (32-45'' 35kg) černý,5241,Držiaky a stojany na TV a monitory,"Elektronika>TV, audio, video>Príslušenstvo k TV, audio-video>Príslušenstvo k TV>Držiaky a stolíky>Držiaky a stojany na TV a monitory",1,0,0,1,0.122,0,0.122,0.101,0,0.101,0,0,0,0,0,0,0,0
2026-08-17,819049272,false,,product_detail,KB_100002202011,Gorenje NRS917E41X,1041,Chladničky,Veľké spotrebiče>Spotrebiče do kuchyne>Chladenie a mrazenie>Chladničky,3,0,0,3,1.587,0,1.587,1.311,0,1.311,0,0,0,0,0,0,0,0
2026-08-18,,false,,partner,,,,,,1,0,0,1,0.185,0,0.185,0.153,0,0.153,0,0,0,0,0,0,0,0
2026-08-18,782090972,false,,product_detail,KB_100002201645,EDIFIER T5s subwoofer hnědý,2115,Subwoofery,"Elektronika>TV, audio, video>Hi-Fi komponenty>Subwoofery",1,0,0,1,0.258,0,0.258,0.213,0,0.213,0,0,0,0,0,0,0,0
2026-08-18,795292005,false,,product_detail,079601,Inteligentné hodinky Colmi P80 (strieborné),4800,Inteligentné hodinky,"Elektronika>Mobily, tablety, nositeľná elektronika>Inteligentné hodinky",1,0,0,1,0.136,0,0.136,0.112,0,0.112,0,0,0,0,0,0,0,0
2026-08-18,693490475,false,,product_detail,065088,Cycplus M2 bicycle computer,5999,Tachometre na bicykel,Šport a outdoor>Športy>Cyklistika>Príslušenstvo na bicykel>Tachometre na bicykel,1,0,0,1,0.133,0,0.133,0.11,0,0.11,0,0,0,0,0,0,0,0
2026-08-18,765482216,false,,product_detail,KB_100002136640,Ariete Capri Citrusovač 413/CA,6539,Elektrické lisy na citrusy,Domáce a osobné spotrebiče>Kuchynské spotrebiče>Príprava jedla>Malé kuchynské spotrebiče>Vychytávky do kuchyne>Elektrické lisy na citrusy,3,0,0,3,1.032,0,1.032,0.852,0,0.852,0,0,0,0,0,0,0,0
2026-08-18,824000837,false,,product_detail,KB_100002201158,Beko B3BCNA324HS,1041,Chladničky,Veľké spotrebiče>Spotrebiče do kuchyne>Chladenie a mrazenie>Chladničky,1,0,0,1,0.586,0,0.586,0.484,0,0.484,0,0,0,0,0,0,0,0
2026-08-18,751037025,false,,product_detail,KB_100002134244,Gorenje NRR9185DABXL,1041,Chladničky,Veľké spotrebiče>Spotrebiče do kuchyne>Chladenie a mrazenie>Chladničky,2,0,0,2,1.128,0,1.128,0.932,0,0.932,0,0,0,0,0,0,0,0
2026-08-18,663876161,false,,product_detail,061008,3D Tlačiareň Creality CR-10 SE,5632,3D tlačiarne,Elektronika>Počítače a notebooky>Tlačiarne a príslušenstvo>3D tlačiarne,2,0,0,2,0.554,0,0.554,0.458,0,0.458,1,0,0,1,187.5,0,0,187.5
2026-08-18,678651853,false,,product_detail,KB_100002074756,Candy CFT610/5S/1/4U,963,Digestory,Veľké spotrebiče>Spotrebiče do kuchyne>Varenie a ohrievanie>Digestory,1,0,0,1,0.339,0,0.339,0.28,0,0.28,0,0,0,0,0,0,0,0
2026-08-18,793603103,false,,product_detail,BAS_BASYS-B_890101-0100,BOSE QC Ultra Headphones 2nd Gen - Black,709,Slúchadlá,"Elektronika>TV, audio, video>Slúchadlá",1,0,0,1,0.416,0,0.416,0.344,0,0.344,0,0,0,0,0,0,0,0
2026-08-18,673539322,false,,product_detail,KB_100001143478,YAMAHA NS-P41 BLACK,705,Reprosústavy a reproduktory,"Elektronika>TV, audio, video>Reproduktory, soundbary>Reprosústavy a reproduktory",1,0,0,1,0.312,0,0.312,0.258,0,0.258,0,0,0,0,0,0,0,0
2026-08-18,563587671,false,,product_detail,KB_100002065154,JBL Boombox 3 BLACK,5948,Bluetooth reproduktory,"Elektronika>TV, audio, video>Reproduktory, soundbary>Bluetooth reproduktory",3,0,0,3,1.216,0,1.216,1.005,0,1.005,0,0,0,0,0,0,0,0
2026-08-18,705979026,false,,product_detail,KB_100002076695,GUZZANTI GZ 102A,1041,Chladničky,Veľké spotrebiče>Spotrebiče do kuchyne>Chladenie a mrazenie>Chladničky,1,0,0,1,0.422,0,0.422,0.349,0,0.349,0,0,0,0,0,0,0,0
2026-08-18,817006077,false,,product_detail,077726,Profesionálny automobilový diagnostický skener OBD2 Ancel X6,4467,Autodiagnostiky,Auto-moto>Všetko pre autá>Elektronika do auta>Autodiagnostiky,2,0,0,2,0.802,0,0.802,0.662,0,0.662,0,0,0,0,0,0,0,0
2026-08-18,779937800,false,,product_detail,082487,Bezdrôtový robot na čistenie bazénov WYBOT C2 PRO,1560,Bazénové vysávače,"Dielňa, stavba, záhrada>Bazény a doplnky>Čistenie bazénov>Bazénové vysávače",1,0,0,1,1.016,0,1.016,0.84,0,0.84,0,0,0,0,0,0,0,0
2026-08-18,140543999,false,,product_detail,KB_130282534555,YAMAHA NS-F51 BLACK 1 karton,5949,Stĺpové reproduktory,"Elektronika>TV, audio, video>Reproduktory, soundbary>Stĺpové reproduktory",1,0,0,1,0.185,0,0.185,0.153,0,0.153,0,0,0,0,0,0,0,0
2026-08-18,825757651,false,,product_detail,083705,COLMI G06 Inteligentné okuliare Čierne,4939,Inteligentné okuliare,Elektronika>Inteligentná domácnosť>Wearables>Inteligentné okuliare,1,0,0,1,0.182,0,0.182,0.15,0,0.15,0,0,0,0,0,0,0,0
2026-08-18,834409026,false,,product_detail,078875,Flytec V700 12000 mAh loďka na návnadu,8514,Zavážacie loďky,"Hobby>Rybárske potreby>Rybárske návnady, nástrahy a príslušenstvo>Zavážacie loďky",2,0,0,2,0.764,0,0.764,0.632,0,0.632,0,0,0,0,0,0,0,0
2026-08-18,705779945,false,,product_detail,019954,Puluz 20in1 sada príslušenstva pre športové kamery PKT18,6752,Držiaky ku kamerám,"Elektronika>Foto, kamery, optika>Príslušenstvo ku kamerám>Držiaky ku kamerám",1,0,0,1,0.122,0,0.122,0.101,0,0.101,0,0,0,0,0,0,0,0
2026-08-18,365111823,false,,product_detail,SOL_TE81W,"Solight meteostanica, extra veľký farebný LCD, teplota, vlhkosť, tlak, RCC, USB nabíjanie, biela",882,Meteostanice,Elektronika>Inteligentná domácnosť>Meteostanice,1,0,0,1,0.22,0,0.22,0.182,0,0.182,0,0,0,0,0,0,0,0
2026-08-18,739434051,false,,product_detail,079515,Filament ELEGOO PETG Pro (biely),6216,Tlačové struny,Elektronika>Počítače a notebooky>Tlačiarne a príslušenstvo>Náplne a farby do tlačiarní>Tlačové struny,1,0,0,1,0.106,0,0.106,0.088,0,0.088,1,0,0,1,126,0,0,126
2026-08-18,822923678,false,,product_detail,KB_100002202259,Tefal CY9441F2,4007,Elektrické hrnce,Domáce a osobné spotrebiče>Kuchynské spotrebiče>Príprava jedla>Malé kuchynské spotrebiče>Varenie a vyprážanie>Elektrické hrnce,1,0,0,1,0.816,0,0.816,0.674,0,0.674,0,0,0,0,0,0,0,0
2026-08-18,713811932,false,,product_detail,SOL_1D79,Solight vonkajšia IP kamera,1899,IP kamery,Elektronika>Počítače a notebooky>Sieťové prvky>IP kamery,2,0,0,2,0.404,0,0.404,0.334,0,0.334,0,0,0,0,0,0,0,0
2026-08-18,795547616,false,,product_detail,079098,Počítačová skriňa Darkflash M305 bez ventilátorov (čierna),775,PC skrine,Elektronika>Počítače a notebooky>Počítačové komponenty>PC skrine,1,0,0,1,0.14,0,0.14,0.116,0,0.116,0,0,0,0,0,0,0,0
2026-08-18,834945226,false,,product_detail,078877,Flytec V801 5200mah návnada loď,8514,Zavážacie loďky,"Hobby>Rybárske potreby>Rybárske návnady, nástrahy a príslušenstvo>Zavážacie loďky",7,0,0,7,2.674,0,2.674,2.212,0,2.212,0,0,0,0,0,0,0,0
2026-08-18,790114481,false,,product_detail,077963,"Čelová baterka Superfire TH06, 600 lm, USB-C",2378,Čelovky,Šport a outdoor>Outdoorové vybavenie>Čelovky a svietidlá>Čelovky,1,0,0,1,0.057,0,0.057,0.047,0,0.047,0,0,0,0,0,0,0,0
2026-08-18,728716887,false,,product_detail,077140,Laserový gravír XTOOL M1 Ultra 20 W 4 v 1 – súprava Deluxe V1.0,1898,Plotre,Elektronika>Počítače a notebooky>Tlačiarne a príslušenstvo>Plotre,1,0,0,1,0.662,0,0.662,0.547,0,0.547,0,0,0,0,0,0,0,0
2026-08-18,737322976,false,,product_detail,KB_100002126960,Indesit BTW S50400 EU/N,962,Práčky,Veľké spotrebiče>Práčky a sušičky>Práčky,2,0,0,2,0.998,0,0.998,0.824,0,0.824,0,0,0,0,0,0,0,0
2026-08-18,301703972,false,,product_detail,KB_100002074529,Leifheit Mop na podlahu Easy Spray XL,3693,Mopy a upratovacie súpravy,Drogéria>Upratovacie pomôcky>Mopy a upratovacie súpravy,1,0,0,1,0.368,0,0.368,0.304,0,0.304,0,0,0,0,0,0,0,0
2026-08-18,785449460,false,,product_detail,082886,"Cyklocomputer Cycplus M3 - kompatibilný s: Strava, Trainingpeaks atď.",5999,Tachometre na bicykel,Šport a outdoor>Športy>Cyklistika>Príslušenstvo na bicykel>Tachometre na bicykel,1,0,0,1,0.162,0,0.162,0.134,0,0.134,0,0,0,0,0,0,0,0
2026-08-18,683897478,false,,product_detail,KB_100002202240,Leifheit Žehlicí prkno Classic M Black,3000,Žehliace dosky,Bývanie a doplnky>Domáce potreby a upratovanie>Pranie a žehlenie>Žehliace dosky,1,0,0,1,0.304,0,0.304,0.251,0,0.251,0,0,0,0,0,0,0,0
2026-08-18,702366308,false,,product_detail,065295,Kamera Insta360 X4,6021,Športové kamery,"Elektronika>Foto, kamery, optika>Foto a kamery>Športové kamery",1,0,0,1,0.415,0,0.415,0.343,0,0.343,0,0,0,0,0,0,0,0
2026-08-18,794131201,false,,product_detail,077951,Creality Falcon 2 Pro S 22W laserový gravírovací stroj,8450,Gravírovacie stroje,Elektronika>Počítače a notebooky>Tlačiarne a príslušenstvo>Gravírovacie stroje,2,0,0,2,1.092,0,1.092,0.902,0,0.902,0,0,0,0,0,0,0,0
2026-08-18,779762754,false,,product_detail,077697,Bezdrôtový robot na čistenie bazénov WYBOT C2 Pro Vision,1560,Bazénové vysávače,"Dielňa, stavba, záhrada>Bazény a doplnky>Čistenie bazénov>Bazénové vysávače",1,0,0,1,1.05,0,1.05,0.868,0,0.868,0,0,0,0,0,0,0,0
2026-08-18,842875710,false,,search,MON_PA-1200IRD,Monacor PA-1200IRD Internet radio DAB+/FM RDS tuner insertion with BT and USB interface,805,Zosilňovače,"Elektronika>TV, audio, video>Hi-Fi komponenty>Zosilňovače",1,0,0,1,0.454,0,0.454,0.375,0,0.375,0,0,0,0,0,0,0,0
2026-08-18,599555246,false,,product_detail,AT_ATO-ZAB0016,Hoverboard Rebel Cruiser Black,5089,Hoverboardy,Šport a outdoor>Športy>Ostatné športy>Elektrovozidlá>Hoverboardy,1,0,0,1,0.301,0,0.301,0.249,0,0.249,0,0,0,0,0,0,0,0
2026-08-18,659253556,false,,product_detail,BAS_BASYS-B_884367-0900,"Bose QuietComfort Headphones Club SC - Bluetooth slúchadlá s potlačením okolitého hluku, čierne",709,Slúchadlá,"Elektronika>TV, audio, video>Slúchadlá",2,0,0,2,0.684,0,0.684,0.566,0,0.566,0,0,0,0,0,0,0,0
2026-08-18,741428313,false,,product_detail,069049,Reproduktory Edifier MR3 2.0 (biele),705,Reprosústavy a reproduktory,"Elektronika>TV, audio, video>Reproduktory, soundbary>Reprosústavy a reproduktory",2,0,0,2,0.372,0,0.372,0.308,0,0.308,0,0,0,0,0,0,0,0
2026-08-18,819057793,false,,product_detail,KB_100002201377,Gorenje RK58DPB4I,1041,Chladničky,Veľké spotrebiče>Spotrebiče do kuchyne>Chladenie a mrazenie>Chladničky,1,0,0,1,0.473,0,0.473,0.391,0,0.391,0,0,0,0,0,0,0,0
2026-08-18,691060367,false,,product_detail,KB_100002100822,JBL Partybox Stage 320,5948,Bluetooth reproduktory,"Elektronika>TV, audio, video>Reproduktory, soundbary>Bluetooth reproduktory",3,0,0,3,1.489,0,1.489,1.23,0,1.23,1,0,0,1,857,0,0,857
2026-08-18,723325375,false,,product_detail,069409,"Uperfect Ubegin B5 15.6"" 1920x1080 60Hz Portable Monitor",816,Monitory,Elektronika>Počítače a notebooky>Monitory,1,0,0,1,0.184,0,0.184,0.152,0,0.152,0,0,0,0,0,0,0,0
2026-08-18,842918726,false,,product_detail,AT_MMCHB4KPRO,"Homatics Box 4K Pro V2 AI-SR Google TV (USB 2.0, USB-C, 4GB RAM, 64GB FLASH)",719,Multimediálne centrá,"Elektronika>TV, audio, video>Videoprehrávače a rekordéry>Multimediálne centrá",1,0,0,1,0.277,0,0.277,0.229,0,0.229,0,0,0,0,0,0,0,0
2026-08-18,159252218,false,,product_detail,KB_100000474543,BWT náhradní filtry Mg2+ 6ks,8372,Filtračné patróny,Domáce a osobné spotrebiče>Kuchynské spotrebiče>Filtrácia vody>Filtračné patróny,1,0,0,1,0.242,0,0.242,0.2,0,0.2,0,0,0,0,0,0,0,0
2026-08-18,755759103,false,,product_detail,078878,Flytec V801 12000mah návnada loď,8514,Zavážacie loďky,"Hobby>Rybárske potreby>Rybárske návnady, nástrahy a príslušenstvo>Zavážacie loďky",6,0,0,6,2.292,0,2.292,1.896,0,1.896,0,0,0,0,0,0,0,0
2026-08-18,719116325,false,,product_detail,063462,Mikrofón Maono DGM20 (biely),5898,Počítačové mikrofóny,Elektronika>Počítače a notebooky>Príslušenstvo k počítačom>Počítačové mikrofóny,1,0,0,1,0.168,0,0.168,0.139,0,0.139,0,0,0,0,0,0,0,0
2026-08-18,790831221,false,,product_detail,075413,Mikrofón Maono PD300X,5898,Počítačové mikrofóny,Elektronika>Počítače a notebooky>Príslušenstvo k počítačom>Počítačové mikrofóny,1,0,0,1,0.212,0,0.212,0.175,0,0.175,0,0,0,0,0,0,0,0
2026-08-18,842877847,false,,search,AT_ITR-00018130,Pumpa kompresor pro paddleboard Trizand 25262,4782,Paddleboardy,Šport a outdoor>Športy>Vodné športy>Paddleboardy,1,0,0,1,0.171,0,0.171,0.141,0,0.141,0,0,0,0,0,0,0,0
2026-08-18,829458646,false,,product_detail,AT_LEV-85934,Dalekohled pozorovací LEVENHUK New Blaze PLUS 100,780,Ďalekohľady,"Elektronika>Foto, kamery, optika>Ďalekohľady, mikroskopy>Ďalekohľady",1,0,0,1,0.382,0,0.382,0.316,0,0.316,0,0,0,0,0,0,0,0
2026-08-18,704326912,false,,product_detail,060317,SkyRC Nabíjačka B6AC Neo,6308,Nabíjačky a batérie k RC modelom,Hračky>Detské autá a doprava>RC modely a príslušenstvo>Nabíjačky a batérie k RC modelom,1,0,0,1,0.223,0,0.223,0.184,0,0.184,0,0,0,0,0,0,0,0
2026-08-18,719161905,false,,product_detail,061673,Počítačová skriňa Darkflash Q15,775,PC skrine,Elektronika>Počítače a notebooky>Počítačové komponenty>PC skrine,1,0,0,1,0.14,0,0.14,0.116,0,0.116,0,0,0,0,0,0,0,0
2026-08-18,784880804,false,,product_detail,075490,Edifier Slúchadlá do uší NeoBuds Pro 3 TWS ANC čierne,709,Slúchadlá,"Elektronika>TV, audio, video>Slúchadlá",1,0,0,1,0.288,0,0.288,0.238,0,0.238,0,0,0,0,0,0,0,0
2026-08-18,741402051,false,,product_detail,072076,Inteligentné hodinky Colmi V73 (zlaté),4800,Inteligentné hodinky,"Elektronika>Mobily, tablety, nositeľná elektronika>Inteligentné hodinky",1,0,0,1,0.136,0,0.136,0.112,0,0.112,0,0,0,0,0,0,0,0
2026-08-18,834764909,false,,product_detail,085465,Elektrická pumpa FLEXTAIL Zero Pump 2 (čierna),1230,Pumpy na bicykel,Šport a outdoor>Športy>Cyklistika>Náradie na bicykel a údržba>Pumpy na bicykel,2,0,0,2,0.256,0,0.256,0.212,0,0.212,0,0,0,0,0,0,0,0
2026-08-18,814448918,false,,product_detail,AT_LEC-RBA-4511,"Paddleboard SUP REBEL ACTIVE RBA-4511 244x76x10, šedý",4782,Paddleboardy,Šport a outdoor>Športy>Vodné športy>Paddleboardy,1,0,0,1,0.302,0,0.302,0.25,0,0.25,0,0,0,0,0,0,0,0
2026-08-18,829471539,false,,product_detail,083091,Ultimea Skywave F40 BOOM Soundbar,5090,Soundbary,"Elektronika>TV, audio, video>Reproduktory, soundbary>Soundbary",1,0,0,1,0.296,0,0.296,0.245,0,0.245,0,0,0,0,0,0,0,0
2026-08-18,835801191,false,,product_detail,KB_100002201686,Beko B3RCNA415HXB,1041,Chladničky,Veľké spotrebiče>Spotrebiče do kuchyne>Chladenie a mrazenie>Chladničky,1,0,0,1,0.529,0,0.529,0.437,0,0.437,0,0,0,0,0,0,0,0
2026-08-18,270374680,false,,product_detail,KB_100000124700,MAXXO VM Profi,3065,Zváračky fólií a vákuovačky,Domáce a osobné spotrebiče>Kuchynské spotrebiče>Príprava jedla>Malé kuchynské spotrebiče>Vychytávky do kuchyne>Zváračky fólií a vákuovačky,1,0,0,1,0.444,0,0.444,0.367,0,0.367,0,0,0,0,0,0,0,0
2026-08-18,729112205,false,,product_detail,075953,Prenosný monitor Arzopa A1S 14.0 (strieborno-sivý),816,Monitory,Elektronika>Počítače a notebooky>Monitory,1,0,0,1,0.184,0,0.184,0.152,0,0.152,0,0,0,0,0,0,0,0
2026-08-18,,false,,search,084432,FNIRSI FNB48P USB port tester čierny,,,,1,0,0,1,0.185,0,0.185,0.153,0,0.153,0,0,0,0,0,0,0,0
2026-08-18,11010191,false,,product_detail,BAS_BASYS-EP4000,Behringer EUROPOWER EP4000 stereo power amplifier,805,Zosilňovače,"Elektronika>TV, audio, video>Hi-Fi komponenty>Zosilňovače",1,0,0,1,0.415,0,0.415,0.343,0,0.343,0,0,0,0,0,0,0,0
2026-08-18,642049031,false,,product_detail,062241,Inteligentné hodinky Haylou LS02 Pro (strieborné),4800,Inteligentné hodinky,"Elektronika>Mobily, tablety, nositeľná elektronika>Inteligentné hodinky",1,0,0,1,0.12,0,0.12,0.099,0,0.099,0,0,0,0,0,0,0,0
2026-08-18,765712270,false,,product_detail,086820,Nano projektor JMGO N1S,699,Projektory,"Elektronika>TV, audio, video>Projekčná technika>Projektory",1,0,0,1,0.468,0,0.468,0.387,0,0.387,0,0,0,0,0,0,0,0
2026-08-18,830017072,false,,product_detail,086911,Slnečné okuliare Colmi A2 AI s UV ochranou a fialovými sklami,4939,Inteligentné okuliare,Elektronika>Inteligentná domácnosť>Wearables>Inteligentné okuliare,1,0,0,1,0.202,0,0.202,0.167,0,0.167,0,0,0,0,0,0,0,0
2026-08-18,766269033,false,,product_detail,075759,Elektrický bežecký pás UREVO Cyberpad (modrý),1317,Bežecké pásy,Šport a outdoor>Športy>Fitness>Trenažéry>Bežecké pásy,1,0,0,1,0.796,0,0.796,0.658,0,0.658,0,0,0,0,0,0,0,0
2026-08-18,785788381,false,,product_detail,070509,Prístroj na spevnenie tváre ANLAN 01-AVLY41-02A,1024,Masážne prístroje,Domáce a osobné spotrebiče>Starostlivosť o telo a zdravie>Starostlivosť o telo>Masážne prístroje,1,0,0,1,0.273,0,0.273,0.226,0,0.226,0,0,0,0,0,0,0,0
2026-08-18,834409055,false,,product_detail,083985,Flytec V803-GPS 12000mAh loď na návnadu,8514,Zavážacie loďky,"Hobby>Rybárske potreby>Rybárske návnady, nástrahy a príslušenstvo>Zavážacie loďky",1,0,0,1,0.518,0,0.518,0.428,0,0.428,1,0,0,1,143.5,0,0,143.5
2026-08-18,318913856,false,,product_detail,KB_100000158723,LEIFHEIT 51016,3691,Stierky na sklo,Drogéria>Upratovacie pomôcky>Stierky na sklo,1,0,0,1,0.468,0,0.468,0.387,0,0.387,0,0,0,0,0,0,0,0
2026-08-18,509815788,false,,product_detail,KB_100001544708,Guzzanti GUZZANTIGZ 3601,4876,Dózy na potraviny,Bývanie a doplnky>Bytové doplnky>Doplnky do kuchyne>Skladovanie a balenie potravín>Dózy na potraviny,1,0,0,1,0.281,0,0.281,0.232,0,0.232,0,0,0,0,0,0,0,0
2026-08-18,763476004,false,,product_detail,SOL_AV06T,Solight ventilátor do kúpeľne s časovačom,1038,Domáce ventilátory,Domáce a osobné spotrebiče>Chladenie a kúrenie>Domáce ventilátory,1,0,0,1,0.191,0,0.191,0.158,0,0.158,0,0,0,0,0,0,0,0
2026-08-18,759926304,false,,product_detail,075531,Bezdrôtový robot na čistenie bazénov Wybot C1 Pro,1560,Bazénové vysávače,"Dielňa, stavba, záhrada>Bazény a doplnky>Čistenie bazénov>Bazénové vysávače",1,0,0,1,0.969,0,0.969,0.801,0,0.801,0,0,0,0,0,0,0,0
2026-08-18,778676603,false,,product_detail,SOL_V60,Solight profesionálny multimeter,3762,Ampermetre a voltmetre,"Dielňa, stavba, záhrada>Stavba>Stavebná technika a náradie>Meradlá a meracie prístroje>Meranie napätia>Ampermetre a voltmetre",1,0,0,1,0.14,0,0.14,0.116,0,0.116,0,0,0,0,0,0,0,0
2026-08-18,694819727,false,,product_detail,083073,Projektor Ultimea Apollo P60,699,Projektory,"Elektronika>TV, audio, video>Projekčná technika>Projektory",1,0,0,1,0.312,0,0.312,0.258,0,0.258,0,0,0,0,0,0,0,0
2026-08-18,709214175,false,,product_detail,060693,"Čelovka 2v1 Superfire TH04 – 600 lm, USB-C, 5 režimov, 127 m",2378,Čelovky,Šport a outdoor>Outdoorové vybavenie>Čelovky a svietidlá>Čelovky,1,0,0,1,0.103,0,0.103,0.085,0,0.085,0,0,0,0,0,0,0,0
2026-08-18,840679629,false,,product_detail,KB_100002203894,JBL PartyBox 330,5948,Bluetooth reproduktory,"Elektronika>TV, audio, video>Reproduktory, soundbary>Bluetooth reproduktory",1,0,0,1,0.513,0,0.513,0.424,0,0.424,0,0,0,0,0,0,0,0
2026-08-18,401295851,false,,product_detail,AT_T149721,Televes DAT BOSS LR 700 TFORCE LTE700,4981,Televízne antény DVB-T a DVB-T2,"Elektronika>TV, audio, video>Príslušenstvo k TV, audio-video>Príslušenstvo k TV>Antény>Televízne antény DVB-T a DVB-T2",1,0,0,1,0.258,0,0.258,0.213,0,0.213,0,0,0,0,0,0,0,0
2026-08-18,773641701,false,,product_detail,076779,Moza Racing RS065 (PC) multifunkčné manévre,6546,Diely na stavbu kokpitu,Gaming>Herné príslušenstvo>Diely na stavbu kokpitu,1,0,0,1,0.264,0,0.264,0.218,0,0.218,0,0,0,0,0,0,0,0
2026-08-18,841970140,false,,product_detail,AT_LEC-RBA-4500-BL,"Paddleboard SUP REBEL ACTIVE RBA-4500-BL 11'6"" 350x81x15cm modrý",4782,Paddleboardy,Šport a outdoor>Športy>Vodné športy>Paddleboardy,1,0,0,1,0.302,0,0.302,0.25,0,0.25,0,0,0,0,0,0,0,0
2026-08-18,750554217,false,,product_detail,KB_100002130861,Gorenje RKI517E41,1041,Chladničky,Veľké spotrebiče>Spotrebiče do kuchyne>Chladenie a mrazenie>Chladničky,1,0,0,1,0.509,0,0.509,0.421,0,0.421,1,0,0,1,392.5,0,0,392.5
2026-08-18,834409050,false,,product_detail,078906,Flytec V080 Basic 20 000 mAh – zariadenie na návnadu,8514,Zavážacie loďky,"Hobby>Rybárske potreby>Rybárske návnady, nástrahy a príslušenstvo>Zavážacie loďky",3,0,0,3,1.854,0,1.854,1.533,0,1.533,0,0,0,0,0,0,0,0
2026-08-18,667646478,false,,product_detail,KB_100002065180,Tefal GC772830,6260,Domáce grily,Domáce a osobné spotrebiče>Kuchynské spotrebiče>Príprava jedla>Malé kuchynské spotrebiče>Pečenie a opekanie>Domáce grily,1,0,0,1,0.615,0,0.615,0.508,0,0.508,0,0,0,0,0,0,0,0
2026-08-18,434906099,false,,product_detail,077186,Grafický tablet Huion Kamvas 22 Plus GS2202,752,Grafické tablety,Elektronika>Počítače a notebooky>Grafické tablety,1,0,0,1,0.468,0,0.468,0.387,0,0.387,0,0,0,0,0,0,0,0
2026-08-18,797140014,false,,product_detail,081423,3D tlačiareň Creality K2 Combo,5632,3D tlačiarne,Elektronika>Počítače a notebooky>Tlačiarne a príslušenstvo>3D tlačiarne,1,0,0,1,0.485,0,0.485,0.401,0,0.401,0,0,0,0,0,0,0,0
2026-08-18,342255055,false,,product_detail,BAS_BASYS-B_040188,"Bose Pro BOSE Panaray MA12 modulárny line array reproduktor, biely",705,Reprosústavy a reproduktory,"Elektronika>TV, audio, video>Reproduktory, soundbary>Reprosústavy a reproduktory",1,0,0,1,0.38,0,0.38,0.314,0,0.314,0,0,0,0,0,0,0,0
2026-08-18,719904185,false,,product_detail,AT_LEC-RBA-4507-WH,Paddleboard SUP REBEL ACTIVE RBA-4507-WH - bílý 11' 335x84x15 cm,4782,Paddleboardy,Šport a outdoor>Športy>Vodné športy>Paddleboardy,6,0,0,6,1.902,0,1.902,1.572,0,1.572,0,0,0,0,0,0,0,0
2026-08-18,582554695,false,,product_detail,BAS_BASYS-EN_454976,"Energy Sistem Detský reproduktor Lol&Roll Bluetooth, ružový",5948,Bluetooth reproduktory,"Elektronika>TV, audio, video>Reproduktory, soundbary>Bluetooth reproduktory",1,0,0,1,0.103,0,0.103,0.085,0,0.085,0,0,0,0,0,0,0,0
2026-08-18,718498756,false,,product_detail,057378,Počítačová skrinka Darkflash B351,775,PC skrine,Elektronika>Počítače a notebooky>Počítačové komponenty>PC skrine,1,0,0,1,0.14,0,0.14,0.116,0,0.116,0,0,0,0,0,0,0,0
2026-08-18,795547615,false,,product_detail,079099,Počítačová skriňa Darkflash M305 bez ventilátorov (biela),775,PC skrine,Elektronika>Počítače a notebooky>Počítačové komponenty>PC skrine,1,0,0,1,0.152,0,0.152,0.126,0,0.126,1,0,0,1,19.5,0,0,19.5
2026-08-18,642244282,false,,product_detail,058437,"Prenosný monitor Arzopa A1 MAX 17,3""",816,Monitory,Elektronika>Počítače a notebooky>Monitory,1,0,0,1,0.215,0,0.215,0.178,0,0.178,0,0,0,0,0,0,0,0
2026-08-18,669197628,false,,product_detail,026085,Digitálny decibelomer Habotest HT622B USB A/C,3067,Stavebné detektory,"Dielňa, stavba, záhrada>Stavba>Stavebná technika a náradie>Meradlá a meracie prístroje>Detektory, senzory>Stavebné detektory",1,0,0,1,0.175,0,0.175,0.145,0,0.145,1,0,0,1,26.9,0,0,26.9
2026-08-18,716783636,false,,product_detail,065095,Cycplus AS2 mini electric pump,1230,Pumpy na bicykel,Šport a outdoor>Športy>Cyklistika>Náradie na bicykel a údržba>Pumpy na bicykel,2,0,0,2,0.304,0,0.304,0.252,0,0.252,0,0,0,0,0,0,0,0
2026-08-18,739434053,false,,product_detail,077388,Vlákno ASA ELEGOO (biele),6216,Tlačové struny,Elektronika>Počítače a notebooky>Tlačiarne a príslušenstvo>Náplne a farby do tlačiarní>Tlačové struny,1,0,0,1,0.106,0,0.106,0.088,0,0.088,0,0,0,0,0,0,0,0
2026-08-18,847485262,false,,search,MON_ATT-200,Monacor ATT-200 Krabica pod omietku,3628,Poistky,"Dielňa, stavba, záhrada>Stavba>Elektromateriály>Elektroinštalačný materiál>Ističe, poistky, rozvádzače>Poistky",1,0,0,1,0.09,0,0.09,0.074,0,0.074,0,0,0,0,0,0,0,0
2026-08-18,828344116,false,,product_detail,083125,"FunWater SUP paddleboard SUPFW05B Tiki 3,2m (modro-biela)",4782,Paddleboardy,Šport a outdoor>Športy>Vodné športy>Paddleboardy,3,0,0,3,0.819,0,0.819,0.678,0,0.678,0,0,0,0,0,0,0,0
2026-08-18,773512905,false,,product_detail,KB_100002137062,BROTHER DCP-T730DW,761,Multifunkčné zariadenia,Elektronika>Počítače a notebooky>Tlačiarne a príslušenstvo>Multifunkčné zariadenia,1,0,0,1,0.479,0,0.479,0.396,0,0.396,0,0,0,0,0,0,0,0
2026-08-18,784324927,false,,product_detail,078923,Inteligentné hodinky Zeblaze Stratos 4 (čierne),4800,Inteligentné hodinky,"Elektronika>Mobily, tablety, nositeľná elektronika>Inteligentné hodinky",1,0,0,1,0.231,0,0.231,0.191,0,0.191,0,0,0,0,0,0,0,0
2026-08-18,500856233,false,,product_detail,AT_TIP-06560510,Impregnace na textilní sedačky INPRODUCTS 1l,3987,Impregnácia,Šport a outdoor>Outdoorové vybavenie>Ostatné outdoorové vybavenie>Impregnácia,1,0,0,1,0.168,0,0.168,0.139,0,0.139,0,0,0,0,0,0,0,0
2026-08-18,637029620,false,,product_detail,KB_100002071159,Gorenje F49DPW,959,Mrazničky,Veľké spotrebiče>Spotrebiče do kuchyne>Chladenie a mrazenie>Mrazničky,1,0,0,1,0.392,0,0.392,0.324,0,0.324,0,0,0,0,0,0,0,0
2026-08-18,643135864,false,,product_detail,KB_100002065361,BEKO B5RCNA405HG,1041,Chladničky,Veľké spotrebiče>Spotrebiče do kuchyne>Chladenie a mrazenie>Chladničky,1,0,0,1,0.529,0,0.529,0.437,0,0.437,0,0,0,0,0,0,0,0
2026-08-18,774122779,false,,product_detail,075445,3D tlačiareň Anycubic Kobra 3 Max Combo,5632,3D tlačiarne,Elektronika>Počítače a notebooky>Tlačiarne a príslušenstvo>3D tlačiarne,1,0,0,1,0.497,0,0.497,0.411,0,0.411,0,0,0,0,0,0,0,0
2026-08-18,287241713,false,,product_detail,BAS_BASYS-X-TOUCH,Behringer X-TOUCH universal interface,3112,DJ kontroléry,"Elektronika>TV, audio, video>DJ technika>DJ kontroléry",1,0,0,1,0.485,0,0.485,0.401,0,0.401,0,0,0,0,0,0,0,0
2026-08-18,480793913,false,,product_detail,KB_100001392483,Yamaha RX-A6A BLACK,804,AV prijímače,"Elektronika>TV, audio, video>Hi-Fi komponenty>AV prijímače",1,0,0,1,0.696,0,0.696,0.575,0,0.575,0,0,0,0,0,0,0,0
2026-08-18,641371999,false,,product_detail,050755,Slúchadlá do uší TWS Haylou X1 2023 ENC (modré),709,Slúchadlá,"Elektronika>TV, audio, video>Slúchadlá",2,0,0,2,0.324,0,0.324,0.268,0,0.268,1,0,0,1,15,0,0,15
2026-08-18,784016194,false,,product_detail,KB_100002172103,Xiaomi 22.5W PWB 20000mAh Light Gray,4835,Powerbanky,Elektronika>Batérie a nabíjanie>Powerbanky,1,0,0,1,0.14,0,0.14,0.116,0,0.116,0,0,0,0,0,0,0,0
2026-08-18,834409054,false,,product_detail,083984,Flytec V803-GPS 5200mAh loď na návnadu,8514,Zavážacie loďky,"Hobby>Rybárske potreby>Rybárske návnady, nástrahy a príslušenstvo>Zavážacie loďky",1,0,0,1,0.518,0,0.518,0.428,0,0.428,0,0,0,0,0,0,0,0
2026-08-18,757513219,false,,product_detail,074821,SONOFF NSPanel Pro 120 Smart Control Panel Matter WiFi/Bluetooth/ZigBee (čierny),5828,Centrálne jednotky,Elektronika>Inteligentná domácnosť>Centrálne jednotky,1,0,0,1,0.243,0,0.243,0.201,0,0.201,0,0,0,0,0,0,0,0
2026-08-18,402782305,false,,product_detail,KB_100000729210,Maxxo rádio DAB+/FM PB01,706,Rádioprijímače,"Elektronika>TV, audio, video>Prenosné audio>Rádioprijímače",1,0,0,1,0.168,0,0.168,0.139,0,0.139,0,0,0,0,0,0,0,0
2026-08-18,833934091,false,,product_detail,086348,Projektor Magcubic HY300X-2,699,Projektory,"Elektronika>TV, audio, video>Projekčná technika>Projektory",1,0,0,1,0.202,0,0.202,0.167,0,0.167,0,0,0,0,0,0,0,0
2026-08-18,795264402,false,,product_detail,079619,Smartring Colmi R12 20MM 10 (čierny),7432,Inteligentné prstene,Elektronika>Inteligentná domácnosť>Wearables>Inteligentné prstene,1,0,0,1,0.182,0,0.182,0.15,0,0.15,0,0,0,0,0,0,0,0
2026-08-18,834409049,false,,product_detail,078883,Flytec V050 12000mah návnada loď (čierna),8514,Zavážacie loďky,"Hobby>Rybárske potreby>Rybárske návnady, nástrahy a príslušenstvo>Zavážacie loďky",4,0,0,4,1.476,0,1.476,1.22,0,1.22,1,0,0,1,72.9,0,0,72.9
2026-08-18,832101366,false,,product_detail,KB_100002202028,Gorenje W3NGPI74A3S,962,Práčky,Veľké spotrebiče>Práčky a sušičky>Práčky,1,0,0,1,0.499,0,0.499,0.412,0,0.412,0,0,0,0,0,0,0,0
2026-08-18,748939109,false,,product_detail,073835,IsEasy MGBG-312A dvojzónový plynový sporák so skleneným panelom,965,Varné dosky,Veľké spotrebiče>Spotrebiče do kuchyne>Varenie a ohrievanie>Varné dosky,1,0,0,1,0.225,0,0.225,0.186,0,0.186,0,0,0,0,0,0,0,0
2026-08-18,844823420,false,,product_detail,092829,Akumulátorový vertikálny vysávač ULTENIC U18 PRO,943,Vysávače,Domáce a osobné spotrebiče>Spotrebiče na upratovanie>Vysávače,1,0,0,1,0.518,0,0.518,0.428,0,0.428,0,0,0,0,0,0,0,0
2026-08-18,547943201,false,,product_detail,KB_100002128646,Tesla KT500X,947,Rýchlovarné kanvice,Domáce a osobné spotrebiče>Kuchynské spotrebiče>Príprava nápojov>Rýchlovarné kanvice,1,0,0,1,0.244,0,0.244,0.202,0,0.202,0,0,0,0,0,0,0,0
2026-08-18,752340844,false,,product_detail,064409,EJEAS V6PRO+ motorcycle intercom,6410,Interkomy na motorku,Auto-moto>Všetko pre motorky>Doplnky na motorku>Interkomy na motorku,1,0,0,1,0.23,0,0.23,0.19,0,0.19,1,0,0,1,62,0,0,62
2026-08-18,841030593,false,,product_detail,AT_LEC-RBA-4500-OR,"Paddleboard SUP REBEL ACTIVE RBA-4500-OR 11'6"" 350x81x15cm oranžový",4782,Paddleboardy,Šport a outdoor>Športy>Vodné športy>Paddleboardy,29,0,0,29,8.758,0,8.758,7.25,0,7.25,0,0,0,0,0,0,0,0
2026-08-18,728186941,false,,product_detail,SOL_TE87,"Solight meteostanica, farebný LCD, vnútorná/vonkajšia teplota a vlhkosť, tlak, RCC, čierna",882,Meteostanice,Elektronika>Inteligentná domácnosť>Meteostanice,1,0,0,1,0.19,0,0.19,0.157,0,0.157,0,0,0,0,0,0,0,0
2026-08-18,642186824,false,,product_detail,082266,Diagnostický skener OBDeleven 2 Pro Pack,4467,Autodiagnostiky,Auto-moto>Všetko pre autá>Elektronika do auta>Autodiagnostiky,2,0,0,2,0.706,0,0.706,0.584,0,0.584,0,0,0,0,0,0,0,0
2026-08-18,447772179,false,,search,AT_ATO-A500004113,"Solární regulátor PWM Epever VS3024AU, 12/24V, 30A s LCD displejem",6897,Solárne regulátory,"Dielňa, stavba, záhrada>Stavba>Fotovoltaika>Solárne regulátory",1,0,0,1,0.339,0,0.339,0.28,0,0.28,0,0,0,0,0,0,0,0
2026-08-18,112217216,false,,product_detail,MON_MPT-001,Monacor MPT-001 Piezo výškový reproduktor,705,Reprosústavy a reproduktory,"Elektronika>TV, audio, video>Reproduktory, soundbary>Reprosústavy a reproduktory",1,0,0,1,0.05,0,0.05,0.041,0,0.041,0,0,0,0,0,0,0,0
2026-08-18,753811352,false,,product_detail,073492,Elektrický bežecký pás UREVO Spacewalk E3S (čierny),1317,Bežecké pásy,Šport a outdoor>Športy>Fitness>Trenažéry>Bežecké pásy,1,0,0,1,0.575,0,0.575,0.475,0,0.475,0,0,0,0,0,0,0,0
2026-08-18,624540524,false,,product_detail,083168,Kávovar na kapsule HiBREW H2B 5 v 1 (sivý),6706,Kávovary na kapsuly,Domáce a osobné spotrebiče>Kuchynské spotrebiče>Príprava nápojov>Kávovary a príprava kávy>Kávovary na kapsuly,1,0,0,1,0.444,0,0.444,0.367,0,0.367,0,0,0,0,0,0,0,0
2026-08-18,412894629,false,,product_detail,KB_100000776671,YAMAHA A-S3200 BLACK,805,Zosilňovače,"Elektronika>TV, audio, video>Hi-Fi komponenty>Zosilňovače",3,0,0,3,2.088,0,2.088,1.725,0,1.725,0,0,0,0,0,0,0,0
2026-08-18,802805256,false,,product_detail,079284,Inteligentný termostat WiFi Avatto WT20R-EH-16A-W-WiFi,3936,Termostaty,"Dielňa, stavba, záhrada>Stavba>Elektromateriály>Elektroinštalačný materiál>Zásuvky, vypínače, termostaty>Termostaty",1,0,0,1,0.175,0,0.175,0.145,0,0.145,0,0,0,0,0,0,0,0
2026-08-18,756926375,false,,product_detail,KB_100002193627,Roborock F25,5411,Podlahové umývacie stroje,"Dielňa, stavba, záhrada>Dielňa>Dielenské vybavenie>Upratovacia technika>Podlahové umývacie stroje",1,0,0,1,0.842,0,0.842,0.696,0,0.696,0,0,0,0,0,0,0,0
2026-08-18,731107213,false,,product_detail,055287,Bezdrôtový adaptér Carlinkit CCPA Apple Carplay/Android Auto (čierny),720,Autorádiá,Auto-moto>Všetko pre autá>Elektronika do auta>Autorádiá,2,0,0,2,0.522,0,0.522,0.432,0,0.432,0,0,0,0,0,0,0,0
2026-08-18,702462086,false,,product_detail,056094,Počítačová skriňa Darkflash DS900 AIR (čierna),775,PC skrine,Elektronika>Počítače a notebooky>Počítačové komponenty>PC skrine,1,0,0,1,0.182,0,0.182,0.15,0,0.15,0,0,0,0,0,0,0,0
2026-08-18,839853392,false,,product_detail,090891,Projektor Magcubic HY300X-3,699,Projektory,"Elektronika>TV, audio, video>Projekčná technika>Projektory",2,0,0,2,0.404,0,0.404,0.334,0,0.334,0,0,0,0,0,0,0,0
2026-08-18,784880815,false,,product_detail,069217,"TWS QCY MeloBuds Pro HT08 headphones, ANC (gold)",709,Slúchadlá,"Elektronika>TV, audio, video>Slúchadlá",1,0,0,1,0.183,0,0.183,0.151,0,0.151,0,0,0,0,0,0,0,0
2026-08-18,728857914,false,,product_detail,KB_100002102417,Beko BM3WFSU37213WB,962,Práčky,Veľké spotrebiče>Práčky a sušičky>Práčky,1,0,0,1,0.512,0,0.512,0.423,0,0.423,0,0,0,0,0,0,0,0
2026-08-18,828344118,false,,product_detail,083118,"FunWater SUP paddleboard SUPFW07A 3,2m (modrý)",4782,Paddleboardy,Šport a outdoor>Športy>Vodné športy>Paddleboardy,1,0,0,1,0.273,0,0.273,0.226,0,0.226,1,0,0,1,122,0,0,122
2026-08-18,829877466,false,,product_detail,083123,"FunWater SUP doska na plávanie SUPFW71A 3,5m (sötétkék)",4782,Paddleboardy,Šport a outdoor>Športy>Vodné športy>Paddleboardy,1,0,0,1,0.29,0,0.29,0.24,0,0.24,0,0,0,0,0,0,0,0
2026-08-18,795212919,false,,product_detail,KB_100002172123,JVC Party reproduktor XS-EP514B,5948,Bluetooth reproduktory,"Elektronika>TV, audio, video>Reproduktory, soundbary>Bluetooth reproduktory",1,0,0,1,0.35,0,0.35,0.289,0,0.289,0,0,0,0,0,0,0,0
2026-08-18,276355979,false,,search,SOL_1D14,Solight doplnkový diaľkový ovládač pre GSM alarmy 1D11 a 1D12,3021,Tablety,"Elektronika>Mobily, tablety, nositeľná elektronika>Tablety a čítačky>Tablety",1,0,0,1,0.076,0,0.076,0.063,0,0.063,0,0,0,0,0,0,0,0
2026-08-18,753512084,false,,product_detail,KB_100002135103,Gorenje F49CPW,959,Mrazničky,Veľké spotrebiče>Spotrebiče do kuchyne>Chladenie a mrazenie>Mrazničky,2,0,0,2,0.806,0,0.806,0.666,0,0.666,0,0,0,0,0,0,0,0
2026-08-18,85798834,false,,search,MON_ESP-15_WS,Monacor ESP-15/WS PA hi-fi nástenné a stropné reproduktory,705,Reprosústavy a reproduktory,"Elektronika>TV, audio, video>Reproduktory, soundbary>Reprosústavy a reproduktory",1,0,0,1,0.186,0,0.186,0.154,0,0.154,0,0,0,0,0,0,0,0
2026-08-18,734105994,false,,search,074912,"METZ 65MQE7600Z 65"" QLED 4K Ultra HD TV",2873,Televízory,"Elektronika>TV, audio, video>Televízory",1,0,0,1,0.41,0,0.41,0.339,0,0.339,0,0,0,0,0,0,0,0
2026-08-18,800686135,false,,product_detail,KB_100002201814,Beko PowerIntense BDFN26560XP,966,Umývačky riadu,Veľké spotrebiče>Spotrebiče do kuchyne>Umývačky riadu,1,0,0,1,0.697,0,0.697,0.576,0,0.576,0,0,0,0,0,0,0,0
2026-08-18,642186833,false,,product_detail,082267,Diagnostický skener OBDeleven 2 Ultimate,4467,Autodiagnostiky,Auto-moto>Všetko pre autá>Elektronika do auta>Autodiagnostiky,2,0,0,2,0.738,0,0.738,0.61,0,0.61,0,0,0,0,0,0,0,0
2026-08-18,531597233,false,,product_detail,SOL_TE90,"Solight profesionálna meteostanica, prehľadný a dizajnový displej, tlak, teplota, vlhkosť, zrážky, hodnoty vetra",882,Meteostanice,Elektronika>Inteligentná domácnosť>Meteostanice,1,0,0,1,0.305,0,0.305,0.252,0,0.252,0,0,0,0,0,0,0,0
2026-08-18,842877374,false,,product_detail,AT_TIP-04280257,"Solární sestava ostrovní SOLARFAM 110Wp, 12V, baterie 100Ah, měnič 230VAC 600W",6891,Solárne zostavy,"Dielňa, stavba, záhrada>Stavba>Fotovoltaika>Solárne zostavy",1,0,0,1,0.926,0,0.926,0.765,0,0.765,0,0,0,0,0,0,0,0
2026-08-18,627131438,false,,product_detail,KB_100000570666,Rowenta ZR710101,6766,Kefy a mopy k robotickým vysávačom,Domáce a osobné spotrebiče>Spotrebiče na upratovanie>Príslušenstvo pre upratovacie spotrebiče>Kefy a mopy k robotickým vysávačom,1,0,0,1,0.208,0,0.208,0.172,0,0.172,1,0,0,1,39,0,0,39
2026-08-18,826330287,false,,product_detail,090958,Blesk GODOX AD100Pro II,4239,Štúdiové blesky,"Elektronika>Foto, kamery, optika>Ateliérové ​​vybavenie>Štúdiové blesky",1,0,0,1,0.312,0,0.312,0.258,0,0.258,0,0,0,0,0,0,0,0
2026-08-18,806548222,false,,product_detail,079855,Cyklistická pumpa Fanttik X9 Ace,1230,Pumpy na bicykel,Šport a outdoor>Športy>Cyklistika>Náradie na bicykel a údržba>Pumpy na bicykel,2,0,0,2,0.256,0,0.256,0.212,0,0.212,0,0,0,0,0,0,0,0
2026-08-18,776633498,false,,product_detail,078375,"Inteligentný dávkovač krmiva Petlibro RFID s obojkom, 3 l",2242,Misky a zásobníky pre psov,Chovateľské potreby>Pre psov>Misky a zásobníky pre psov,1,0,0,1,0.675,0,0.675,0.558,0,0.558,0,0,0,0,0,0,0,0
2026-08-18,579157105,false,,product_detail,AT_SPR-4726018WL,Octagon SFX6018 S2 IP WL HD,2189,Satelitné prijímače,"Elektronika>TV, audio, video>Satelitná a digitálna technika>Satelitné prijímače",1,0,0,1,0.234,0,0.234,0.193,0,0.193,0,0,0,0,0,0,0,0
2026-08-18,671824104,false,,product_detail,054999,Inteligentný dávkovač krmiva CatLink F04 STD,2242,Misky a zásobníky pre psov,Chovateľské potreby>Pre psov>Misky a zásobníky pre psov,1,0,0,1,0.53,0,0.53,0.438,0,0.438,0,0,0,0,0,0,0,0
2026-08-18,691060366,false,,product_detail,KB_100002100821,JBL Partybox Club 120,5948,Bluetooth reproduktory,"Elektronika>TV, audio, video>Reproduktory, soundbary>Bluetooth reproduktory",4,0,0,4,1.524,0,1.524,1.26,0,1.26,0,0,0,0,0,0,0,0
2026-08-18,794874839,false,,product_detail,078452,Neewer GM76 179 cm statív / monopod,855,Statívy,"Elektronika>Foto, kamery, optika>Príslušenstvo k fotoaparátom>Statívy a príslušenstvo>Statívy",1,0,0,1,0.24,0,0.24,0.198,0,0.198,0,0,0,0,0,0,0,0
2026-08-18,834409045,false,,product_detail,078895,Flytec V030 Basic 20 000 mAh – zariadenie na návnadu,8514,Zavážacie loďky,"Hobby>Rybárske potreby>Rybárske návnady, nástrahy a príslušenstvo>Zavážacie loďky",2,0,0,2,1.236,0,1.236,1.022,0,1.022,0,0,0,0,0,0,0,0
2026-08-18,97311662,false,,product_detail,KB_100002136218,Leifheit Air Board M Compact,3000,Žehliace dosky,Bývanie a doplnky>Domáce potreby a upratovanie>Pranie a žehlenie>Žehliace dosky,1,0,0,1,0.427,0,0.427,0.353,0,0.353,0,0,0,0,0,0,0,0
2026-08-18,197489112,false,,product_detail,BAS_BASYS-B_742897-0200,BOSE Model 791 II - biela,705,Reprosústavy a reproduktory,"Elektronika>TV, audio, video>Reproduktory, soundbary>Reprosústavy a reproduktory",1,0,0,1,0.38,0,0.38,0.314,0,0.314,1,0,0,1,4543,0,0,4543
2026-08-18,822725946,false,,product_detail,KB_100002203401,Candy BPS 7N3BX-S,961,Sušičky bielizne,Veľké spotrebiče>Práčky a sušičky>Sušičky bielizne,1,0,0,1,0.569,0,0.569,0.47,0,0.47,0,0,0,0,0,0,0,0
2026-08-18,818125184,false,,product_detail,AT_ATO-KMDP-45P-BK,Kruger & Matz Digitální piano Kruger&Matz KMDP-45P-BK černé se stojanem,2032,Digitálne piana,Hobby>Hudobniny>Hudobné nástroje>Klávesové nástroje>Digitálne piana,1,0,0,1,0.744,0,0.744,0.615,0,0.615,0,0,0,0,0,0,0,0
2026-08-18,669628069,false,,product_detail,KB_100002067419,Guzzanti GZ 256A,1041,Chladničky,Veľké spotrebiče>Spotrebiče do kuchyne>Chladenie a mrazenie>Chladničky,2,0,0,2,1.018,0,1.018,0.842,0,0.842,0,0,0,0,0,0,0,0
2026-08-18,430306483,false,,search,AT_BL-82-219,"Baterie olověná 12V / 7,5Ah XTREME / Enerwell bezúdržbový akumulátor",2973,Olovené batérie,Elektronika>Batérie a nabíjanie>Batérie>Olovené batérie,1,0,0,1,0.122,0,0.122,0.101,0,0.101,0,0,0,0,0,0,0,0
2026-08-18,785310368,false,,product_detail,SOL_TE110S,Solight senzor pre meteostanice TE110,3774,Príslušenstvo k meteostaniciam,Elektronika>Inteligentná domácnosť>Príslušenstvo k meteostaniciam,1,0,0,1,0.08,0,0.08,0.066,0,0.066,0,0,0,0,0,0,0,0
2026-08-18,741428313,false,,product_detail,069050,Reproduktory Edifier MR3 2.0 (čierne),705,Reprosústavy a reproduktory,"Elektronika>TV, audio, video>Reproduktory, soundbary>Reprosústavy a reproduktory",1,0,0,1,0.186,0,0.186,0.154,0,0.154,0,0,0,0,0,0,0,0
2026-08-18,821018660,false,,search,AT_T00025102,TechniSat DIGITRADIO 372 CD IR stříbrné,706,Rádioprijímače,"Elektronika>TV, audio, video>Prenosné audio>Rádioprijímače",1,0,0,1,0.278,0,0.278,0.23,0,0.23,0,0,0,0,0,0,0,0
2026-08-18,6389979,false,,product_detail,BAS_BASYS-B_024644,BOSE Model 251 - biela,705,Reprosústavy a reproduktory,"Elektronika>TV, audio, video>Reproduktory, soundbary>Reprosústavy a reproduktory",1,0,0,1,0.38,0,0.38,0.314,0,0.314,0,0,0,0,0,0,0,0
2026-08-19,,false,,partner,,,,,,1,0,0,1,0.185,0,0.185,0.153,0,0.153,1,0,0,1,72.9,0,0,72.9
2026-08-19,489979529,false,,product_detail,KB_100001368619,Yamaha YHT-4960 BLACK,705,Reprosústavy a reproduktory,"Elektronika>TV, audio, video>Reproduktory, soundbary>Reprosústavy a reproduktory",1,0,0,1,0.396,0,0.396,0.327,0,0.327,0,0,0,0,0,0,0,0
2026-08-19,776640918,false,,product_detail,082890,Cycplus L7 zadné svetlo na bicykel s radarom,2379,Svetlá na bicykel,Šport a outdoor>Športy>Cyklistika>Príslušenstvo na bicykel>Svetlá na bicykel,1,0,0,1,0.189,0,0.189,0.156,0,0.156,0,0,0,0,0,0,0,0
2026-08-19,604570914,false,,product_detail,AT_SPR-4726018,Octagon SFX6018 S2 IP HD,2189,Satelitné prijímače,"Elektronika>TV, audio, video>Satelitná a digitálna technika>Satelitné prijímače",1,0,0,1,0.234,0,0.234,0.193,0,0.193,1,0,0,1,74.9,0,0,74.9
2026-08-19,748475469,false,,product_detail,KB_100002129682,Strong LEAP-S3 V2 Google TV box,719,Multimediálne centrá,"Elektronika>TV, audio, video>Videoprehrávače a rekordéry>Multimediálne centrá",1,0,0,1,0.223,0,0.223,0.184,0,0.184,0,0,0,0,0,0,0,0
2026-08-19,308779288,false,,product_detail,KB_100001826385,AKAI AS005RA-750B Zesilovač 5.1,805,Zosilňovače,"Elektronika>TV, audio, video>Hi-Fi komponenty>Zosilňovače",2,0,0,2,0.592,0,0.592,0.49,0,0.49,0,0,0,0,0,0,0,0
2026-08-19,836097706,false,,product_detail,082880,Cycplus AS2 PRO mini elektrické čerpadlo,1230,Pumpy na bicykel,Šport a outdoor>Športy>Cyklistika>Náradie na bicykel a údržba>Pumpy na bicykel,1,0,0,1,0.197,0,0.197,0.163,0,0.163,0,0,0,0,0,0,0,0
2026-08-19,765482216,false,,product_detail,KB_100002136640,Ariete Capri Citrusovač 413/CA,6539,Elektrické lisy na citrusy,Domáce a osobné spotrebiče>Kuchynské spotrebiče>Príprava jedla>Malé kuchynské spotrebiče>Vychytávky do kuchyne>Elektrické lisy na citrusy,2,0,0,2,0.688,0,0.688,0.568,0,0.568,0,0,0,0,0,0,0,0
2026-08-19,673539322,false,,product_detail,KB_100001143478,YAMAHA NS-P41 BLACK,705,Reprosústavy a reproduktory,"Elektronika>TV, audio, video>Reproduktory, soundbary>Reprosústavy a reproduktory",1,0,0,1,0.324,0,0.324,0.268,0,0.268,0,0,0,0,0,0,0,0
2026-08-19,563587671,false,,product_detail,KB_100002065154,JBL Boombox 3 BLACK,5948,Bluetooth reproduktory,"Elektronika>TV, audio, video>Reproduktory, soundbary>Bluetooth reproduktory",2,0,0,2,0.815,0,0.815,0.674,0,0.674,0,0,0,0,0,0,0,0
2026-08-19,817006077,false,,product_detail,077726,Profesionálny automobilový diagnostický skener OBD2 Ancel X6,4467,Autodiagnostiky,Auto-moto>Všetko pre autá>Elektronika do auta>Autodiagnostiky,1,0,0,1,0.401,0,0.401,0.331,0,0.331,0,0,0,0,0,0,0,0
2026-08-19,847485607,false,,search,MON_SP-60_4,"Monacor SP-60/4 Hi-fi stredobasový reproduktor, 30 W, 4 Ω",705,Reprosústavy a reproduktory,"Elektronika>TV, audio, video>Reproduktory, soundbary>Reprosústavy a reproduktory",0,1,0,0,0,0,0,0,0,0,0,0,0,0,0,0,0,0
2026-08-19,707500503,false,,product_detail,029278,"Solárna lampa Superfire FF5-A, 63W, 500lm, 5000mAh",2619,Záhradné lampy,"Dielňa, stavba, záhrada>Záhrada>Záhradné osvetlenie>Záhradné lampy",1,0,0,1,0.271,0,0.271,0.224,0,0.224,0,0,0,0,0,0,0,0
2026-08-19,380316692,false,,product_detail,KB_100001942312,Leifheit LinoLift 500 85359,1707,Sušiaky na bielizeň,Bývanie a doplnky>Domáce potreby a upratovanie>Pranie a žehlenie>Sušiaky na bielizeň,1,0,0,1,0.427,0,0.427,0.353,0,0.353,1,0,0,1,55,0,0,55
2026-08-19,802079843,false,,product_detail,081507,Slúchadlá TWS QCY MeloBuds N70 (fialové),709,Slúchadlá,"Elektronika>TV, audio, video>Slúchadlá",1,0,0,1,0.221,0,0.221,0.183,0,0.183,0,0,0,0,0,0,0,0
2026-08-19,801943049,false,,product_detail,KB_100002197816,Armodd Silentwatch 8 Pro Black - 9166,4800,Inteligentné hodinky,"Elektronika>Mobily, tablety, nositeľná elektronika>Inteligentné hodinky",1,0,0,1,0.306,0,0.306,0.253,0,0.253,0,0,0,0,0,0,0,0
2026-08-19,510517882,false,,product_detail,AT_LP-TSA5004_1,"Autochladnička TEESA TSA5004.1 s funkcí ohřevu, 20l",1042,Prenosné chladničky,Veľké spotrebiče>Spotrebiče do kuchyne>Chladenie a mrazenie>Prenosné chladničky,1,0,0,1,0.292,0,0.292,0.241,0,0.241,0,0,0,0,0,0,0,0
2026-08-19,365111823,false,,product_detail,SOL_TE81W,"Solight meteostanica, extra veľký farebný LCD, teplota, vlhkosť, tlak, RCC, USB nabíjanie, biela",882,Meteostanice,Elektronika>Inteligentná domácnosť>Meteostanice,1,0,0,1,0.22,0,0.22,0.182,0,0.182,0,0,0,0,0,0,0,0
2026-08-19,760321386,false,,product_detail,SOL_PP126C-PD20,"Solight 3z + USB A+C 20W PD výsuvný blok zásuviek, 2m, nerez oceľ",3935,Zásuvky,"Dielňa, stavba, záhrada>Stavba>Elektromateriály>Elektroinštalačný materiál>Zásuvky, vypínače, termostaty>Zásuvky",1,0,0,1,0.35,0,0.35,0.289,0,0.289,0,0,0,0,0,0,0,0
2026-08-19,8565938,false,,product_detail,KB_100002201625,EDIFIER M1360 reproduktory černé,705,Reprosústavy a reproduktory,"Elektronika>TV, audio, video>Reproduktory, soundbary>Reprosústavy a reproduktory",1,0,0,1,0.116,0,0.116,0.096,0,0.096,0,0,0,0,0,0,0,0
2026-08-19,834945226,false,,product_detail,078877,Flytec V801 5200mah návnada loď,8514,Zavážacie loďky,"Hobby>Rybárske potreby>Rybárske návnady, nástrahy a príslušenstvo>Zavážacie loďky",3,0,0,3,1.146,0,1.146,0.948,0,0.948,0,0,0,0,0,0,0,0
2026-08-19,829471564,false,,product_detail,085718,Webová kamera EMEET Pixy,766,Webkamery,Elektronika>Počítače a notebooky>Príslušenstvo k počítačom>Webkamery,1,0,0,1,0.24,0,0.24,0.198,0,0.198,0,0,0,0,0,0,0,0
2026-08-19,778327488,false,,product_detail,078756,Náhradné tyče Moza Racing RS079,6546,Diely na stavbu kokpitu,Gaming>Herné príslušenstvo>Diely na stavbu kokpitu,1,0,0,1,0.182,0,0.182,0.15,0,0.15,0,0,0,0,0,0,0,0
2026-08-19,737322976,false,,product_detail,KB_100002126960,Indesit BTW S50400 EU/N,962,Práčky,Veľké spotrebiče>Práčky a sušičky>Práčky,2,0,0,2,1.068,0,1.068,0.882,0,0.882,0,0,0,0,0,0,0,0
2026-08-19,825903341,false,,product_detail,082486,Bezdrôtový robot na čistenie bazénov WYBOT Winny 200,1560,Bazénové vysávače,"Dielňa, stavba, záhrada>Bazény a doplnky>Čistenie bazénov>Bazénové vysávače",2,0,0,2,0.988,0,0.988,0.816,0,0.816,1,0,0,1,110,0,0,110
2026-08-19,683897478,false,,product_detail,KB_100002202240,Leifheit Žehlicí prkno Classic M Black,3000,Žehliace dosky,Bývanie a doplnky>Domáce potreby a upratovanie>Pranie a žehlenie>Žehliace dosky,1,0,0,1,0.304,0,0.304,0.251,0,0.251,0,0,0,0,0,0,0,0
2026-08-19,565177664,false,,product_detail,KB_100001844091,Indesit BTW S6240P EU/N,962,Práčky,Veľké spotrebiče>Práčky a sušičky>Práčky,1,0,0,1,0.548,0,0.548,0.453,0,0.453,0,0,0,0,0,0,0,0
2026-08-19,708075727,false,,product_detail,062395,HiBREW 5-in-1 capsule coffee maker H1B-black (black),6706,Kávovary na kapsuly,Domáce a osobné spotrebiče>Kuchynské spotrebiče>Príprava nápojov>Kávovary a príprava kávy>Kávovary na kapsuly,1,0,0,1,0.444,0,0.444,0.367,0,0.367,0,0,0,0,0,0,0,0
2026-08-19,816489354,false,,product_detail,KB_100002200065,Guzzanti GZ 86RR,1041,Chladničky,Veľké spotrebiče>Spotrebiče do kuchyne>Chladenie a mrazenie>Chladničky,1,0,0,1,0.45,0,0.45,0.372,0,0.372,0,0,0,0,0,0,0,0
2026-08-19,742082172,false,,product_detail,065954,Bezdrôtové slúchadlá Edifier W830NB (čierne),709,Slúchadlá,"Elektronika>TV, audio, video>Slúchadlá",1,0,0,1,0.252,0,0.252,0.208,0,0.208,1,0,0,1,62,0,0,62
2026-08-19,718039451,false,,product_detail,SOL_WM-50W-RE,"Solight LED reflektor, 50W, prenosný, nabijací, 5000lm, oranžovo-čierny",4164,Dielenské svietidlá,"Dielňa, stavba, záhrada>Dielňa>Dielenské vybavenie>Dielenské svietidlá",1,0,0,1,0.35,0,0.35,0.289,0,0.289,0,0,0,0,0,0,0,0
2026-08-19,733799021,false,,product_detail,069216,"TWS QCY MeloBuds Pro HT08 Headphones, ANC (black)",709,Slúchadlá,"Elektronika>TV, audio, video>Slúchadlá",1,0,0,1,0.19,0,0.19,0.157,0,0.157,0,0,0,0,0,0,0,0
2026-08-19,273242153,false,,product_detail,AT_DOSENSLE2810M4N,Dálkový ovladač ALIEN SENCOR SLE2810M4,869,Diaľkové ovládače,"Elektronika>TV, audio, video>Príslušenstvo k TV, audio-video>Príslušenstvo k TV>Diaľkové ovládače",1,0,0,1,0.113,0,0.113,0.093,0,0.093,0,0,0,0,0,0,0,0
2026-08-19,581875279,false,,product_detail,KB_100002069227,Gorenje R4142PS,1041,Chladničky,Veľké spotrebiče>Spotrebiče do kuchyne>Chladenie a mrazenie>Chladničky,1,0,0,1,0.502,0,0.502,0.415,0,0.415,0,0,0,0,0,0,0,0
2026-08-19,741428313,false,,product_detail,069049,Reproduktory Edifier MR3 2.0 (biele),705,Reprosústavy a reproduktory,"Elektronika>TV, audio, video>Reproduktory, soundbary>Reprosústavy a reproduktory",1,0,0,1,0.194,0,0.194,0.16,0,0.16,0,0,0,0,0,0,0,0
2026-08-19,819057793,false,,product_detail,KB_100002201377,Gorenje RK58DPB4I,1041,Chladničky,Veľké spotrebiče>Spotrebiče do kuchyne>Chladenie a mrazenie>Chladničky,1,0,0,1,0.488,0,0.488,0.403,0,0.403,0,0,0,0,0,0,0,0
2026-08-19,731439365,false,,product_detail,SOL_1V283,"Solight LED drevený vianočný stromek s dekoráciami, 13x LED, prírodné drevo, 53cm, 2x AA",5551,Vianočné osvetlenie,Bývanie a doplnky>Bytové dekorácie>Sviatočné dekorácie>Vianoce>Vianočné osvetlenie,1,0,0,1,0.304,0,0.304,0.251,0,0.251,0,0,0,0,0,0,0,0
2026-08-19,823784159,false,,product_detail,084374,Tablet HOTWAV TAB Pad 13 Pro (zelený),3021,Tablety,"Elektronika>Mobily, tablety, nositeľná elektronika>Tablety a čítačky>Tablety",1,0,0,1,0.227,0,0.227,0.188,0,0.188,0,0,0,0,0,0,0,0
2026-08-19,833707409,false,,search,079911,Mini PC GMKtec EVO-X1- AMD Ryzen AI 9 HX 370 - 32GB RAM + 1TB SSD WIN 11 Pro,748,Stolné počítače,Elektronika>Počítače a notebooky>Stolné počítače,1,0,0,1,0.484,0,0.484,0.4,0,0.4,0,0,0,0,0,0,0,0
2026-08-19,719161905,false,,product_detail,061673,Počítačová skriňa Darkflash Q15,775,PC skrine,Elektronika>Počítače a notebooky>Počítačové komponenty>PC skrine,1,0,0,1,0.14,0,0.14,0.116,0,0.116,0,0,0,0,0,0,0,0
2026-08-19,842874129,false,,search,067778,Sunnylife waterproof case for DJI Osmo Action 5 PRO/4/3,6021,Športové kamery,"Elektronika>Foto, kamery, optika>Foto a kamery>Športové kamery",0,1,0,0,0,0,0,0,0,0,0,0,0,0,0,0,0,0
2026-08-19,595042616,false,,product_detail,KB_100002131449,Candy CHW6LBX/4U2 IDEA,965,Varné dosky,Veľké spotrebiče>Spotrebiče do kuchyne>Varenie a ohrievanie>Varné dosky,1,0,0,1,0.269,0,0.269,0.222,0,0.222,0,0,0,0,0,0,0,0
2026-08-19,834764909,false,,product_detail,085465,Elektrická pumpa FLEXTAIL Zero Pump 2 (čierna),1230,Pumpy na bicykel,Šport a outdoor>Športy>Cyklistika>Náradie na bicykel a údržba>Pumpy na bicykel,1,0,0,1,0.128,0,0.128,0.106,0,0.106,0,0,0,0,0,0,0,0
2026-08-19,13762883,false,,product_detail,BAS_BASYS-C-1U,Behringer C-1U USB štúdiový kondenzátorový mikrofón,710,Mikrofóny,"Elektronika>TV, audio, video>Mikrofóny",1,0,0,1,0.182,0,0.182,0.15,0,0.15,0,0,0,0,0,0,0,0
2026-08-19,829471539,false,,product_detail,083091,Ultimea Skywave F40 BOOM Soundbar,5090,Soundbary,"Elektronika>TV, audio, video>Reproduktory, soundbary>Soundbary",1,0,0,1,0.296,0,0.296,0.245,0,0.245,0,0,0,0,0,0,0,0
2026-08-19,826641482,false,,product_detail,KB_100002202297,Krups EA201BE0,946,Automatické kávovary,Domáce a osobné spotrebiče>Kuchynské spotrebiče>Príprava nápojov>Kávovary a príprava kávy>Automatické kávovary,1,0,0,1,0.532,0,0.532,0.44,0,0.44,0,0,0,0,0,0,0,0
2026-08-19,115083170,false,,product_detail,KB_100000236692,Limobar LIMO BAR Edge - Grey,2927,Sódobary,Domáce a osobné spotrebiče>Kuchynské spotrebiče>Príprava nápojov>Sódobary,1,0,0,1,0.25,0,0.25,0.207,0,0.207,0,0,0,0,0,0,0,0
2026-08-19,727936366,false,,product_detail,075757,"Uperfect UGame J5 M173J15 17,3"" 3840*2160 60Hz prenosný monitor",816,Monitory,Elektronika>Počítače a notebooky>Monitory,1,0,0,1,0.31,0,0.31,0.256,0,0.256,0,0,0,0,0,0,0,0
2026-08-19,840480654,false,,product_detail,AT_LEC-RBA-4500-WH,"Paddleboard SUP REBEL ACTIVE RBA-4500-WH 11'6"" 350x81x15cm BÍLÝ",4782,Paddleboardy,Šport a outdoor>Športy>Vodné športy>Paddleboardy,1,0,0,1,0.302,0,0.302,0.25,0,0.25,0,0,0,0,0,0,0,0
2026-08-19,418019668,false,,product_detail,KB_100000821076,GORENJE F4142PW,959,Mrazničky,Veľké spotrebiče>Spotrebiče do kuchyne>Chladenie a mrazenie>Mrazničky,1,0,0,1,0.52,0,0.52,0.43,0,0.43,0,0,0,0,0,0,0,0
2026-08-19,729112205,false,,product_detail,075953,Prenosný monitor Arzopa A1S 14.0 (strieborno-sivý),816,Monitory,Elektronika>Počítače a notebooky>Monitory,1,0,0,1,0.184,0,0.184,0.152,0,0.152,0,0,0,0,0,0,0,0
2026-08-19,642049031,false,,product_detail,062241,Inteligentné hodinky Haylou LS02 Pro (strieborné),4800,Inteligentné hodinky,"Elektronika>Mobily, tablety, nositeľná elektronika>Inteligentné hodinky",1,0,0,1,0.12,0,0.12,0.099,0,0.099,0,0,0,0,0,0,0,0
2026-08-19,748223375,false,,product_detail,071277,Yeelight Pura Monitor Light Bar Lite,1663,Svietidlá,Bývanie a doplnky>Osvetlenie a svietidlá>Svietidlá,1,0,0,1,0.271,0,0.271,0.224,0,0.224,0,0,0,0,0,0,0,0
2026-08-19,843531587,false,,product_detail,AT_TIP-04280219,"Solární sestava ostrovní SOLARFAM 200Wp, 12V, baterie 150Ah, měnič 230VAC 600W",6891,Solárne zostavy,"Dielňa, stavba, záhrada>Stavba>Fotovoltaika>Solárne zostavy",1,0,0,1,0.945,0,0.945,0.781,0,0.781,0,0,0,0,0,0,0,0
2026-08-19,749251512,false,,product_detail,KB_100002127878,Samsung It Samsung Galaxy S25 Ultra 5G 1TB Silver,731,Mobilné telefóny,"Elektronika>Mobily, tablety, nositeľná elektronika>Mobilné telefóny",1,0,0,1,0.519,0,0.519,0.429,0,0.429,0,0,0,0,0,0,0,0
2026-08-19,842202540,false,,product_detail,KB_100002202418,Beko TB721EBESCS,962,Práčky,Veľké spotrebiče>Práčky a sušičky>Práčky,1,0,0,1,0.598,0,0.598,0.494,0,0.494,0,0,0,0,0,0,0,0
2026-08-19,401295851,false,,product_detail,AT_T149721,Televes DAT BOSS LR 700 TFORCE LTE700,4981,Televízne antény DVB-T a DVB-T2,"Elektronika>TV, audio, video>Príslušenstvo k TV, audio-video>Príslušenstvo k TV>Antény>Televízne antény DVB-T a DVB-T2",1,0,0,1,0.258,0,0.258,0.213,0,0.213,0,0,0,0,0,0,0,0
2026-08-19,409038431,false,,product_detail,KB_100000729324,Limobar LIMO BAR TWIN - Black/Silver,2927,Sódobary,Domáce a osobné spotrebiče>Kuchynské spotrebiče>Príprava nápojov>Sódobary,1,0,0,1,0.338,0,0.338,0.279,0,0.279,0,0,0,0,0,0,0,0
2026-08-19,834409050,false,,product_detail,078906,Flytec V080 Basic 20 000 mAh – zariadenie na návnadu,8514,Zavážacie loďky,"Hobby>Rybárske potreby>Rybárske návnady, nástrahy a príslušenstvo>Zavážacie loďky",1,0,0,1,0.618,0,0.618,0.511,0,0.511,0,0,0,0,0,0,0,0
2026-08-19,785200579,false,,product_detail,SOL_TR01,"Solight lokátor na bicykel, Find My kompatibilný",6240,Inteligentné lokátory,Elektronika>Inteligentná domácnosť>Wearables>Inteligentné lokátory,2,0,0,2,0.244,0,0.244,0.202,0,0.202,1,0,0,1,29,0,0,29
2026-08-19,845099910,false,,product_detail,090434,Router GL.iNet Opal Wi-Fi 5,1789,Access pointy a routery,Elektronika>Počítače a notebooky>Sieťové prvky>Access pointy a routery,1,0,0,1,0.219,0,0.219,0.181,0,0.181,0,0,0,0,0,0,0,0
2026-08-19,718285024,false,,product_detail,065087,GPS bike computer Cycplus M1,5999,Tachometre na bicykel,Šport a outdoor>Športy>Cyklistika>Príslušenstvo na bicykel>Tachometre na bicykel,1,0,0,1,0.133,0,0.133,0.11,0,0.11,0,0,0,0,0,0,0,0
2026-08-19,749251509,false,,product_detail,KB_100002127880,Samsung It Samsung Galaxy S25 Ultra 5G 1TB Titan,731,Mobilné telefóny,"Elektronika>Mobily, tablety, nositeľná elektronika>Mobilné telefóny",1,0,0,1,0.519,0,0.519,0.429,0,0.429,0,0,0,0,0,0,0,0
2026-08-19,179794310,false,,product_detail,KB_100000236690,Limobar LIMO BAR ECO - White,2927,Sódobary,Domáce a osobné spotrebiče>Kuchynské spotrebiče>Príprava nápojov>Sódobary,1,0,0,1,0.282,0,0.282,0.233,0,0.233,1,0,0,1,39.5,0,0,39.5
2026-08-19,842569618,false,,product_detail,AT_LEC-RBA-4507-G,Paddleboard SUP REBEL ACTIVE RBA-4507-G - ŠEDÝ 11' 335x84x15 cm,4782,Paddleboardy,Šport a outdoor>Športy>Vodné športy>Paddleboardy,1,0,0,1,0.307,0,0.307,0.254,0,0.254,0,0,0,0,0,0,0,0
2026-08-19,716783636,false,,product_detail,065095,Cycplus AS2 mini electric pump,1230,Pumpy na bicykel,Šport a outdoor>Športy>Cyklistika>Náradie na bicykel a údržba>Pumpy na bicykel,3,0,0,3,0.456,0,0.456,0.378,0,0.378,0,0,0,0,0,0,0,0
2026-08-19,802079843,false,,search,081506,Slúchadlá TWS QCY MeloBuds N70 (titánovo-zlaté),709,Slúchadlá,"Elektronika>TV, audio, video>Slúchadlá",1,0,0,1,0.221,0,0.221,0.183,0,0.183,0,0,0,0,0,0,0,0
2026-08-19,828344116,false,,product_detail,083125,"FunWater SUP paddleboard SUPFW05B Tiki 3,2m (modro-biela)",4782,Paddleboardy,Šport a outdoor>Športy>Vodné športy>Paddleboardy,2,0,0,2,0.538,0,0.538,0.445,0,0.445,0,0,0,0,0,0,0,0
2026-08-19,773512905,false,,product_detail,KB_100002137062,BROTHER DCP-T730DW,761,Multifunkčné zariadenia,Elektronika>Počítače a notebooky>Tlačiarne a príslušenstvo>Multifunkčné zariadenia,1,0,0,1,0.494,0,0.494,0.408,0,0.408,0,0,0,0,0,0,0,0
2026-08-19,784324927,false,,product_detail,078923,Inteligentné hodinky Zeblaze Stratos 4 (čierne),4800,Inteligentné hodinky,"Elektronika>Mobily, tablety, nositeľná elektronika>Inteligentné hodinky",3,0,0,3,0.66,0,0.66,0.546,0,0.546,0,0,0,0,0,0,0,0
2026-08-19,251270091,false,,product_detail,SOL_PP73,"Solight predlžovací prívod, 6 zásuviek, biely, vypínač, 5m",2838,Predlžovacie káble,"Elektronika>TV, audio, video>Príslušenstvo k TV, audio-video>Príslušenstvo k TV>Predlžovacie káble",1,0,0,1,0.108,0,0.108,0.089,0,0.089,0,0,0,0,0,0,0,0
2026-08-19,487899389,false,,product_detail,028429,Reproduktory Edifier R2850DB 2.0 (čierne),705,Reprosústavy a reproduktory,"Elektronika>TV, audio, video>Reproduktory, soundbary>Reprosústavy a reproduktory",2,0,0,2,0.614,0,0.614,0.508,0,0.508,0,0,0,0,0,0,0,0
2026-08-19,755269424,false,,product_detail,SOL_5B351,"Solight zásuvka IP66 s vypínačom, vodotesná a prachotesná",3935,Zásuvky,"Dielňa, stavba, záhrada>Stavba>Elektromateriály>Elektroinštalačný materiál>Zásuvky, vypínače, termostaty>Zásuvky",1,0,0,1,0.175,0,0.175,0.145,0,0.145,0,0,0,0,0,0,0,0
2026-08-19,561346483,false,,product_detail,KB_100001919102,Candy CFT610/4N/1,963,Digestory,Veľké spotrebiče>Spotrebiče do kuchyne>Varenie a ohrievanie>Digestory,1,0,0,1,0.336,0,0.336,0.278,0,0.278,0,0,0,0,0,0,0,0
2026-08-19,834105348,false,,product_detail,087089,OTTOCAST OTTOAIBOX N95C Monitor do auta,720,Autorádiá,Auto-moto>Všetko pre autá>Elektronika do auta>Autorádiá,1,0,0,1,0.369,0,0.369,0.305,0,0.305,0,0,0,0,0,0,0,0
2026-08-19,491249088,false,,product_detail,KB_100001411587,Tefal EY111B15,949,Fritézy,Domáce a osobné spotrebiče>Kuchynské spotrebiče>Príprava jedla>Malé kuchynské spotrebiče>Varenie a vyprážanie>Fritézy,1,0,0,1,0.344,0,0.344,0.284,0,0.284,0,0,0,0,0,0,0,0
2026-08-19,842874518,false,,search,083135,Euhomy BR001-89 70L chladnička na nápoje (čierna),1041,Chladničky,Veľké spotrebiče>Spotrebiče do kuchyne>Chladenie a mrazenie>Chladničky,1,0,0,1,0.434,0,0.434,0.359,0,0.359,0,0,0,0,0,0,0,0
2026-08-19,652647011,false,,product_detail,KB_100002063316,YAMAHA R-N800A BLACK,804,AV prijímače,"Elektronika>TV, audio, video>Hi-Fi komponenty>AV prijímače",1,0,0,1,0.578,0,0.578,0.478,0,0.478,0,0,0,0,0,0,0,0
2026-08-19,830006007,false,,product_detail,KB_100002197420,Fixed pouzdro XRN15Pro 4G FIXOP3-1645-BK,8306,Puzdrá a kryty na mobilné telefóny Xiaomi,"Elektronika>Mobily, tablety, nositeľná elektronika>Príslušenstvo k mobilom>Puzdrá, sklá, fólie>Puzdrá a kryty na mobilné telefóny>Puzdrá a kryty na mobilné telefóny Xiaomi",1,0,0,1,0.301,0,0.301,0.249,0,0.249,0,0,0,0,0,0,0,0
2026-08-19,398013734,false,,product_detail,KB_648000228119,LEIFHEIT Sušák Telegant Plus 70 bílý,1707,Sušiaky na bielizeň,Bývanie a doplnky>Domáce potreby a upratovanie>Pranie a žehlenie>Sušiaky na bielizeň,1,0,0,1,0.255,0,0.255,0.211,0,0.211,0,0,0,0,0,0,0,0
2026-08-19,537294352,false,,product_detail,KB_100002099597,Zelmer ZMM9802B,6423,Elektrické kuchynské mlynčeky,Domáce a osobné spotrebiče>Kuchynské spotrebiče>Príprava jedla>Malé kuchynské spotrebiče>Krájanie a strúhanie>Elektrické kuchynské mlynčeky,1,0,0,1,0.518,0,0.518,0.428,0,0.428,0,0,0,0,0,0,0,0
2026-08-19,619558760,false,,product_detail,AT_SRTLEAPS3,Strong LEAP-S3 Google TV 4K UHD Android TV multimediální přehrávač,719,Multimediálne centrá,"Elektronika>TV, audio, video>Videoprehrávače a rekordéry>Multimediálne centrá",1,0,0,1,0.223,0,0.223,0.184,0,0.184,0,0,0,0,0,0,0,0
2026-08-19,834409049,false,,product_detail,078883,Flytec V050 12000mah návnada loď (čierna),8514,Zavážacie loďky,"Hobby>Rybárske potreby>Rybárske návnady, nástrahy a príslušenstvo>Zavážacie loďky",9,0,0,9,3.321,0,3.321,2.745,0,2.745,2,0,0,2,145.8,0,0,145.8
2026-08-19,841030593,false,,product_detail,AT_LEC-RBA-4500-OR,"Paddleboard SUP REBEL ACTIVE RBA-4500-OR 11'6"" 350x81x15cm oranžový",4782,Paddleboardy,Šport a outdoor>Športy>Vodné športy>Paddleboardy,14,0,0,14,4.124,0,4.124,3.409,0,3.409,0,0,0,0,0,0,0,0
2026-08-19,642186824,false,,product_detail,082266,Diagnostický skener OBDeleven 2 Pro Pack,4467,Autodiagnostiky,Auto-moto>Všetko pre autá>Elektronika do auta>Autodiagnostiky,4,0,0,4,1.412,0,1.412,1.168,0,1.168,0,0,0,0,0,0,0,0
2026-08-19,817952680,false,,product_detail,084602,3D tlačiareň Qidi Q2,5632,3D tlačiarne,Elektronika>Počítače a notebooky>Tlačiarne a príslušenstvo>3D tlačiarne,1,0,0,1,0.485,0,0.485,0.401,0,0.401,0,0,0,0,0,0,0,0
2026-08-19,287663993,false,,product_detail,BAS_BASYS-B_040144,"Bose Pro BOSE FreeSpace 3 Surface-mount Satellite nástenné inštalačné reproduktory, čierne",705,Reprosústavy a reproduktory,"Elektronika>TV, audio, video>Reproduktory, soundbary>Reprosústavy a reproduktory",1,0,0,1,0.307,0,0.307,0.254,0,0.254,0,0,0,0,0,0,0,0
2026-08-19,834409075,false,,product_detail,083987,Flytec V803-Pro 12000mAh loď na návnadu,8514,Zavážacie loďky,"Hobby>Rybárske potreby>Rybárske návnady, nástrahy a príslušenstvo>Zavážacie loďky",1,0,0,1,0.777,0,0.777,0.642,0,0.642,0,0,0,0,0,0,0,0
2026-08-19,90411237,false,,product_detail,BAS_BASYS-M32_LIVE,Midas M32 LIVE Digitálna konzola,2034,Mixážne pulty,"Elektronika>TV, audio, video>DJ technika>Mixážne pulty",1,0,0,1,0.696,0,0.696,0.575,0,0.575,0,0,0,0,0,0,0,0
2026-08-19,755095044,false,,product_detail,075469,"Prenosný monitor Arzopa A3C Pro 13,3""",816,Monitory,Elektronika>Počítače a notebooky>Monitory,1,0,0,1,0.215,0,0.215,0.178,0,0.178,0,0,0,0,0,0,0,0
2026-08-19,439622737,false,,product_detail,028432,Reproduktory Edifier S351DB 2.1 (čierne),705,Reprosústavy a reproduktory,"Elektronika>TV, audio, video>Reproduktory, soundbary>Reprosústavy a reproduktory",1,0,0,1,0.271,0,0.271,0.224,0,0.224,0,0,0,0,0,0,0,0
2026-08-19,800683290,false,,product_detail,KB_100002164682,Beko BDFN26540XP,966,Umývačky riadu,Veľké spotrebiče>Spotrebiče do kuchyne>Umývačky riadu,1,0,0,1,0.652,0,0.652,0.539,0,0.539,0,0,0,0,0,0,0,0
2026-08-19,843531589,false,,product_detail,AT_TIP-04280339,"Solární sestava ostrovní SOLARFAM 180Wp, 12V, baterie 100Ah, měnič 230VAC 600W",6891,Solárne zostavy,"Dielňa, stavba, záhrada>Stavba>Fotovoltaika>Solárne zostavy",1,0,0,1,0.945,0,0.945,0.781,0,0.781,0,0,0,0,0,0,0,0
2026-08-19,756926375,false,,product_detail,KB_100002193627,Roborock F25,5411,Podlahové umývacie stroje,"Dielňa, stavba, záhrada>Dielňa>Dielenské vybavenie>Upratovacia technika>Podlahové umývacie stroje",1,0,0,1,0.842,0,0.842,0.696,0,0.696,0,0,0,0,0,0,0,0
2026-08-19,460022536,false,,product_detail,AT_DONCRY750,Dálkový ovladač ALIEN AB CryptoBox 750 HD - náhrada,869,Diaľkové ovládače,"Elektronika>TV, audio, video>Príslušenstvo k TV, audio-video>Príslušenstvo k TV>Diaľkové ovládače",1,0,0,1,0.113,0,0.113,0.093,0,0.093,0,0,0,0,0,0,0,0
2026-08-19,419820756,false,,product_detail,AT_MS-GARNI_2060_ARCUS,Meteorologická stanice s 24hod /7denní předpovědí GARNI 2060 Arcus s Wi-Fi,882,Meteostanice,Elektronika>Inteligentná domácnosť>Meteostanice,1,0,0,1,0.617,0,0.617,0.51,0,0.51,0,0,0,0,0,0,0,0
2026-08-19,795212919,false,,product_detail,KB_100002172123,JVC Party reproduktor XS-EP514B,5948,Bluetooth reproduktory,"Elektronika>TV, audio, video>Reproduktory, soundbary>Bluetooth reproduktory",1,0,0,1,0.35,0,0.35,0.289,0,0.289,0,0,0,0,0,0,0,0
2026-08-19,809469605,false,,product_detail,086345,Projektor Magcubic HY300PRO,699,Projektory,"Elektronika>TV, audio, video>Projekčná technika>Projektory",1,0,0,1,0.202,0,0.202,0.167,0,0.167,0,0,0,0,0,0,0,0
2026-08-19,624252976,false,,product_detail,SOL_WO20-W,"Solight LED svetelný panel Backlit, 40W, 3600lm, 4000K, Lifud, 60x60cm, 3 roky záruka, bílá barva",1663,Svietidlá,Bývanie a doplnky>Osvetlenie a svietidlá>Svietidlá,1,0,0,1,0.242,0,0.242,0.2,0,0.2,0,0,0,0,0,0,0,0
2026-08-19,734105994,false,,search,074912,"METZ 65MQE7600Z 65"" QLED 4K Ultra HD TV",2873,Televízory,"Elektronika>TV, audio, video>Televízory",0,1,0,0,0,0,0,0,0,0,0,0,0,0,0,0,0,0
2026-08-19,720759770,false,,product_detail,066509,Motorcycle Intercom EJEAS K1,6410,Interkomy na motorku,Auto-moto>Všetko pre motorky>Doplnky na motorku>Interkomy na motorku,1,0,0,1,0.353,0,0.353,0.292,0,0.292,0,0,0,0,0,0,0,0
2026-08-19,834409025,false,,product_detail,078876,Flytec V900 12000mah návnada loď,8514,Zavážacie loďky,"Hobby>Rybárske potreby>Rybárske návnady, nástrahy a príslušenstvo>Zavážacie loďky",1,0,0,1,0.456,0,0.456,0.377,0,0.377,0,0,0,0,0,0,0,0
2026-08-19,642186833,false,,product_detail,082267,Diagnostický skener OBDeleven 2 Ultimate,4467,Autodiagnostiky,Auto-moto>Všetko pre autá>Elektronika do auta>Autodiagnostiky,1,0,0,1,0.369,0,0.369,0.305,0,0.305,0,0,0,0,0,0,0,0
2026-08-19,624252975,false,,product_detail,SOL_WO23-W,"Solight LED svetelný panel Backlit, 36W, 3960lm, 4000K, Lifud, 120x30cm, 3 roky záruka, bílá barva",1663,Svietidlá,Bývanie a doplnky>Osvetlenie a svietidlá>Svietidlá,1,0,0,1,0.255,0,0.255,0.211,0,0.211,0,0,0,0,0,0,0,0
2026-08-19,9473926,false,,product_detail,BAS_BASYS-PMP1680S,Behringer PMP1680S mixer amplifier whit effect processor,2034,Mixážne pulty,"Elektronika>TV, audio, video>DJ technika>Mixážne pulty",1,0,0,1,0.35,0,0.35,0.289,0,0.289,0,0,0,0,0,0,0,0
2026-08-19,842872493,false,,product_detail,KB_100000366124,Polk Audio SIGNATURE ES60 podlah. Black,5949,Stĺpové reproduktory,"Elektronika>TV, audio, video>Reproduktory, soundbary>Stĺpové reproduktory",1,0,0,1,0.217,0,0.217,0.179,0,0.179,0,0,0,0,0,0,0,0
2026-08-19,775865476,false,,product_detail,AT_LEC-KM0575,Soundbar KRUGER & MATZ Planet 2.1,5090,Soundbary,"Elektronika>TV, audio, video>Reproduktory, soundbary>Soundbary",1,0,0,1,0.212,0,0.212,0.175,0,0.175,0,0,0,0,0,0,0,0
2026-08-19,829877460,false,,product_detail,083124,"FunWater SUP paddleboard SUPFW01A 3,35m (modrý)",4782,Paddleboardy,Šport a outdoor>Športy>Vodné športy>Paddleboardy,2,0,0,2,0.572,0,0.572,0.473,0,0.473,0,0,0,0,0,0,0,0
2026-08-19,343016671,false,,product_detail,SOL_PF32,"Solight flexo šnúra, 2x 1,5mm2, gumová, čierna, 2,5m",2771,Napájacie káble,Elektronika>Počítače a notebooky>Príslušenstvo k počítačom>Káble a konektory>Napájacie káble,1,0,0,1,0.08,0,0.08,0.066,0,0.066,0,0,0,0,0,0,0,0
2026-08-19,842877135,false,,product_detail,AT_S-FV-VOLT-5000-SINUS-3640W-TRI,Volt Polska Sada pro solární ohřev vody VOLT 5000 SINUS GREEN BOOST 3640Wp 8x PV TRINA Solar,6891,Solárne zostavy,"Dielňa, stavba, záhrada>Stavba>Fotovoltaika>Solárne zostavy",1,0,0,1,1.065,0,1.065,0.88,0,0.88,0,0,0,0,0,0,0,0
2026-08-19,834409045,false,,product_detail,078895,Flytec V030 Basic 20 000 mAh – zariadenie na návnadu,8514,Zavážacie loďky,"Hobby>Rybárske potreby>Rybárske návnady, nástrahy a príslušenstvo>Zavážacie loďky",2,0,0,2,1.236,0,1.236,1.022,0,1.022,0,0,0,0,0,0,0,0
2026-08-19,818125184,false,,product_detail,AT_ATO-KMDP-45P-BK,Kruger & Matz Digitální piano Kruger&Matz KMDP-45P-BK černé se stojanem,2032,Digitálne piana,Hobby>Hudobniny>Hudobné nástroje>Klávesové nástroje>Digitálne piana,1,0,0,1,0.744,0,0.744,0.615,0,0.615,0,0,0,0,0,0,0,0
2026-08-19,669628069,false,,product_detail,KB_100002067419,Guzzanti GZ 256A,1041,Chladničky,Veľké spotrebiče>Spotrebiče do kuchyne>Chladenie a mrazenie>Chladničky,1,0,0,1,0.525,0,0.525,0.434,0,0.434,0,0,0,0,0,0,0,0
2026-08-19,725834814,false,,search,078732,Herný volant Moza Racing RS V2 RS25,814,Volanty,Gaming>Herné príslušenstvo>Herné ovládače>Volanty,0,1,0,0,0,0,0,0,0,0,0,0,0,0,0,0,0,0
2026-08-19,444694293,false,,product_detail,KB_100001124116,Albrecht DR 865,706,Rádioprijímače,"Elektronika>TV, audio, video>Prenosné audio>Rádioprijímače",1,0,0,1,0.277,0,0.277,0.229,0,0.229,0,0,0,0,0,0,0,0
2026-08-19,714228283,false,,product_detail,031529,Vrecko na odpadky pre mačky Catlink pre Scooper 2x20ks,6977,"Lopatky, vrecká a filtre do mačacích toaliet","Chovateľské potreby>Pre mačky>Mačacie toalety a podstielky>Lopatky, vrecká a filtre do mačacích toaliet",1,0,0,1,0.163,0,0.163,0.135,0,0.135,1,0,0,1,23.8,0,0,23.8
2026-08-19,760959711,false,,product_detail,073831,Päťzónový indukčný sporák IsEasy LI5-01,965,Varné dosky,Veľké spotrebiče>Spotrebiče do kuchyne>Varenie a ohrievanie>Varné dosky,1,0,0,1,0.655,0,0.655,0.541,0,0.541,1,0,0,1,192.5,0,0,192.5
2026-08-19,815663079,false,,product_detail,SOL_5B352,"Solight dvojzásuvka IP66, vodotesná a prachotesná",3935,Zásuvky,"Dielňa, stavba, záhrada>Stavba>Elektromateriály>Elektroinštalačný materiál>Zásuvky, vypínače, termostaty>Zásuvky",1,0,0,1,0.175,0,0.175,0.145,0,0.145,0,0,0,0,0,0,0,0
2026-08-20,828763849,false,,product_detail,082883,Elektrické čerpadlo Cycplus A12,1230,Pumpy na bicykel,Šport a outdoor>Športy>Cyklistika>Náradie na bicykel a údržba>Pumpy na bicykel,1,0,0,1,0.116,0,0.116,0.096,0,0.096,0,0,0,0,0,0,0,0
2026-08-20,304336421,false,,search,AT_DONAS1HD,Dálkový ovladač ALIEN Openbox AS1 HD,869,Diaľkové ovládače,"Elektronika>TV, audio, video>Príslušenstvo k TV, audio-video>Príslušenstvo k TV>Diaľkové ovládače",0,1,0,0,0,0,0,0,0,0,0,0,0,0,0,0,0,0
2026-08-20,807854321,false,,product_detail,KB_100002200540,Roborock Qrevo C Pro Black,5527,Robotické vysávače,Domáce a osobné spotrebiče>Spotrebiče na upratovanie>Robotické vysávače,1,0,0,1,0.687,0,0.687,0.568,0,0.568,0,0,0,0,0,0,0,0
2026-08-20,678651853,false,,product_detail,KB_100002074756,Candy CFT610/5S/1/4U,963,Digestory,Veľké spotrebiče>Spotrebiče do kuchyne>Varenie a ohrievanie>Digestory,1,0,0,1,0.336,0,0.336,0.278,0,0.278,0,0,0,0,0,0,0,0
2026-08-20,705176630,false,,product_detail,SOL_5B322,"Solight vstavaná podlahová zásuvka, IP55, obdĺžnikové viečko",3935,Zásuvky,"Dielňa, stavba, záhrada>Stavba>Elektromateriály>Elektroinštalačný materiál>Zásuvky, vypínače, termostaty>Zásuvky",1,0,0,1,0.14,0,0.14,0.116,0,0.116,0,0,0,0,0,0,0,0
2026-08-20,510517882,false,,product_detail,AT_LP-TSA5004_1,"Autochladnička TEESA TSA5004.1 s funkcí ohřevu, 20l",1042,Prenosné chladničky,Veľké spotrebiče>Spotrebiče do kuchyne>Chladenie a mrazenie>Prenosné chladničky,1,0,0,1,0.292,0,0.292,0.241,0,0.241,0,0,0,0,0,0,0,0
2026-08-20,749247485,false,,product_detail,090294,Projektor Magcubic HY320PRO,699,Projektory,"Elektronika>TV, audio, video>Projekčná technika>Projektory",2,0,0,2,0.48,0,0.48,0.396,0,0.396,0,0,0,0,0,0,0,0
2026-08-20,834945226,false,,product_detail,078877,Flytec V801 5200mah návnada loď,8514,Zavážacie loďky,"Hobby>Rybárske potreby>Rybárske návnady, nástrahy a príslušenstvo>Zavážacie loďky",3,0,0,3,1.146,0,1.146,0.948,0,0.948,0,0,0,0,0,0,0,0
2026-08-20,785450671,false,,product_detail,SOL_TE110W,"Solight meteostanica, farba biela",882,Meteostanice,Elektronika>Inteligentná domácnosť>Meteostanice,1,0,0,1,0.19,0,0.19,0.157,0,0.157,0,0,0,0,0,0,0,0
2026-08-20,834945220,false,,product_detail,083983,Flytec V803 12000mAh loď na návnadu,8514,Zavážacie loďky,"Hobby>Rybárske potreby>Rybárske návnady, nástrahy a príslušenstvo>Zavážacie loďky",1,0,0,1,0.408,0,0.408,0.337,0,0.337,0,0,0,0,0,0,0,0
2026-08-20,816489354,false,,product_detail,KB_100002200065,Guzzanti GZ 86RR,1041,Chladničky,Veľké spotrebiče>Spotrebiče do kuchyne>Chladenie a mrazenie>Chladničky,2,0,0,2,0.9,0,0.9,0.744,0,0.744,0,0,0,0,0,0,0,0
2026-08-20,165428035,false,,product_detail,KB_340920034421,DOMO DO8709P,2999,Palacinkovače,Domáce a osobné spotrebiče>Kuchynské spotrebiče>Príprava jedla>Malé kuchynské spotrebiče>Pečenie a opekanie>Palacinkovače,1,0,0,1,0.242,0,0.242,0.2,0,0.2,0,0,0,0,0,0,0,0
2026-08-20,841372515,false,,product_detail,AT_ATO-EVO4000,Azo Digital Solární regulátor MPPT ECO SOLAR BOOST EVO MPPT-4000 4kW (pro FV ohřev vody),6897,Solárne regulátory,"Dielňa, stavba, záhrada>Stavba>Fotovoltaika>Solárne regulátory",1,0,0,1,0.653,0,0.653,0.54,0,0.54,0,0,0,0,0,0,0,0
2026-08-20,691060367,false,,product_detail,KB_100002100822,JBL Partybox Stage 320,5948,Bluetooth reproduktory,"Elektronika>TV, audio, video>Reproduktory, soundbary>Bluetooth reproduktory",1,0,0,1,0.526,0,0.526,0.435,0,0.435,0,0,0,0,0,0,0,0
2026-08-20,800796692,false,,product_detail,KB_100002172291,Lenovo Folio Keyboard for IdeaTab Grey,3149,Puzdrá na tablety,"Elektronika>Mobily, tablety, nositeľná elektronika>Tablety a čítačky>Príslušenstvo k tabletom>Puzdrá na tablety",1,0,0,1,0.168,0,0.168,0.139,0,0.139,0,0,0,0,0,0,0,0
2026-08-20,251270114,false,,product_detail,SOL_PS15O,"Solight predlžovací prívod - spojka, 1 zásuvka, 7m, 3 x 1mm2, oranžová",2838,Predlžovacie káble,"Elektronika>TV, audio, video>Príslušenstvo k TV, audio-video>Príslušenstvo k TV>Predlžovacie káble",1,0,0,1,0.108,0,0.108,0.089,0,0.089,0,0,0,0,0,0,0,0
2026-08-20,441605705,false,,product_detail,KB_100001775864,FoodSaver FSR2002,6631,Vákuovacie vrecká a fólie,Domáce a osobné spotrebiče>Kuchynské spotrebiče>Príslušenstvo ku kuchynským spotrebičom>Vákuovacie vrecká a fólie,1,0,0,1,0.208,0,0.208,0.172,0,0.172,0,0,0,0,0,0,0,0
2026-08-20,842875295,false,,search,MON_STA-500,IMG Stage Line STA-500 Stereo PA zosilňovač,805,Zosilňovače,"Elektronika>TV, audio, video>Hi-Fi komponenty>Zosilňovače",1,0,0,1,0.327,0,0.327,0.27,0,0.27,0,0,0,0,0,0,0,0
2026-08-20,704326912,false,,product_detail,060317,SkyRC Nabíjačka B6AC Neo,6308,Nabíjačky a batérie k RC modelom,Hračky>Detské autá a doprava>RC modely a príslušenstvo>Nabíjačky a batérie k RC modelom,1,0,0,1,0.223,0,0.223,0.184,0,0.184,0,0,0,0,0,0,0,0
2026-08-20,115083170,false,,product_detail,KB_100000236692,Limobar LIMO BAR Edge - Grey,2927,Sódobary,Domáce a osobné spotrebiče>Kuchynské spotrebiče>Príprava nápojov>Sódobary,3,0,0,3,0.75,0,0.75,0.621,0,0.621,0,0,0,0,0,0,0,0
2026-08-20,642049031,false,,product_detail,062241,Inteligentné hodinky Haylou LS02 Pro (strieborné),4800,Inteligentné hodinky,"Elektronika>Mobily, tablety, nositeľná elektronika>Inteligentné hodinky",1,0,0,1,0.12,0,0.12,0.099,0,0.099,0,0,0,0,0,0,0,0
2026-08-20,830017072,false,,product_detail,086911,Slnečné okuliare Colmi A2 AI s UV ochranou a fialovými sklami,4939,Inteligentné okuliare,Elektronika>Inteligentná domácnosť>Wearables>Inteligentné okuliare,1,0,0,1,0.202,0,0.202,0.167,0,0.167,0,0,0,0,0,0,0,0
2026-08-20,766269033,false,,product_detail,075759,Elektrický bežecký pás UREVO Cyberpad (modrý),1317,Bežecké pásy,Šport a outdoor>Športy>Fitness>Trenažéry>Bežecké pásy,1,0,0,1,0.811,0,0.811,0.67,0,0.67,0,0,0,0,0,0,0,0
2026-08-20,842874655,false,,product_detail,087171,UTRAI JS9 – multifunkčný štartér do auta,2884,Nabíjačky a štartovacie boxy,Auto-moto>Všetko pre autá>Autodoplnky>Povinná a odporúčaná výbava>Nabíjačky a štartovacie boxy,1,0,0,1,0.324,0,0.324,0.268,0,0.268,0,0,0,0,0,0,0,0
2026-08-20,839662148,false,,product_detail,090304,Inteligentné hodinky Zeblaze Stratos 4 Pro (čierne),4800,Inteligentné hodinky,"Elektronika>Mobily, tablety, nositeľná elektronika>Inteligentné hodinky",1,0,0,1,0.24,0,0.24,0.198,0,0.198,0,0,0,0,0,0,0,0
2026-08-20,785819603,false,,product_detail,KB_100002202992,Candy BR 48SBL6G-S,962,Práčky,Veľké spotrebiče>Práčky a sušičky>Práčky,1,0,0,1,0.57,0,0.57,0.471,0,0.471,0,0,0,0,0,0,0,0
2026-08-20,694819727,false,,product_detail,083073,Projektor Ultimea Apollo P60,699,Projektory,"Elektronika>TV, audio, video>Projekčná technika>Projektory",1,0,0,1,0.312,0,0.312,0.258,0,0.258,0,0,0,0,0,0,0,0
2026-08-20,840679629,false,,product_detail,KB_100002203894,JBL PartyBox 330,5948,Bluetooth reproduktory,"Elektronika>TV, audio, video>Reproduktory, soundbary>Bluetooth reproduktory",1,0,0,1,0.538,0,0.538,0.445,0,0.445,0,0,0,0,0,0,0,0
2026-08-20,582293021,false,,product_detail,KB_100002134326,"Kaon MZ-104, 4K satelitní přijímač",2189,Satelitné prijímače,"Elektronika>TV, audio, video>Satelitná a digitálna technika>Satelitné prijímače",1,0,0,1,0.258,0,0.258,0.213,0,0.213,0,0,0,0,0,0,0,0
2026-08-20,304336400,false,,search,AT_DONSUN300,Dálkový ovladač ALIEN Sunsat S300HDi,869,Diaľkové ovládače,"Elektronika>TV, audio, video>Príslušenstvo k TV, audio-video>Príslušenstvo k TV>Diaľkové ovládače",1,0,0,1,0.113,0,0.113,0.093,0,0.093,0,0,0,0,0,0,0,0
2026-08-20,134342298,false,,product_detail,KB_341050044421,DOMO DO42325PC,2195,Zaváracie hrnce,Bývanie a doplnky>Bytové doplnky>Doplnky do kuchyne>Zaváranie>Zaváracie hrnce,1,0,0,1,0.511,0,0.511,0.422,0,0.422,0,0,0,0,0,0,0,0
2026-08-20,751394453,false,,product_detail,075952,Sada 6 denných filtrov Freewell Standard pre DJI Flip,5081,Príslušenstvo k dronom,"Elektronika>Foto, kamery, optika>Drony a príslušenstvo>Príslušenstvo k dronom",1,0,0,1,0.168,0,0.168,0.139,0,0.139,0,0,0,0,0,0,0,0
2026-08-20,842569618,false,,product_detail,AT_LEC-RBA-4507-G,Paddleboard SUP REBEL ACTIVE RBA-4507-G - ŠEDÝ 11' 335x84x15 cm,4782,Paddleboardy,Šport a outdoor>Športy>Vodné športy>Paddleboardy,1,0,0,1,0.307,0,0.307,0.254,0,0.254,0,0,0,0,0,0,0,0
2026-08-20,739313474,false,,product_detail,083113,Waydoo Underwater scooter Subnado Lite,5443,Podvodné skútre,Šport a outdoor>Športy>Vodné športy>Potápačské vybavenie>Podvodné skútre,1,0,0,1,0.413,0,0.413,0.341,0,0.341,0,0,0,0,0,0,0,0
2026-08-20,716783636,false,,product_detail,065095,Cycplus AS2 mini electric pump,1230,Pumpy na bicykel,Šport a outdoor>Športy>Cyklistika>Náradie na bicykel a údržba>Pumpy na bicykel,2,0,0,2,0.304,0,0.304,0.252,0,0.252,0,0,0,0,0,0,0,0
2026-08-20,793389401,false,,product_detail,085822,Ležérny cvičebný bicykel MERACH MR-S08B1-EU (čierny),5022,Recumbenty,Šport a outdoor>Športy>Fitness>Trenažéry>Recumbenty,1,0,0,1,0.347,0,0.347,0.287,0,0.287,0,0,0,0,0,0,0,0
2026-08-20,755637895,false,,product_detail,073609,Gimbal Hohem iSteady M7,5783,Stabilizátory a gimbaly,"Elektronika>Foto, kamery, optika>Príslušenstvo k fotoaparátom>Statívy a príslušenstvo>Stabilizátory a gimbaly",1,0,0,1,0.296,0,0.296,0.245,0,0.245,0,0,0,0,0,0,0,0
2026-08-20,828344116,false,,product_detail,083125,"FunWater SUP paddleboard SUPFW05B Tiki 3,2m (modro-biela)",4782,Paddleboardy,Šport a outdoor>Športy>Vodné športy>Paddleboardy,2,0,0,2,0.53,0,0.53,0.438,0,0.438,0,0,0,0,0,0,0,0
2026-08-20,830040160,false,,product_detail,071558,Neakasa P2 PRO vacuum cleaner / pet hair grooming kit,2241,Kozmetika a úprava psa,Chovateľské potreby>Pre psov>Hygiena a kozmetika pre psov>Starostlivosť o psiu srsť>Kozmetika a úprava psa,1,0,0,1,0.497,0,0.497,0.411,0,0.411,0,0,0,0,0,0,0,0
2026-08-20,460022637,false,,product_detail,AT_DON5100,Dálkový ovladač ALIEN Humax IRHD 5100 S - náhrada,869,Diaľkové ovládače,"Elektronika>TV, audio, video>Príslušenstvo k TV, audio-video>Príslušenstvo k TV>Diaľkové ovládače",1,0,0,1,0.113,0,0.113,0.093,0,0.093,0,0,0,0,0,0,0,0
2026-08-20,844823424,false,,product_detail,092836,Čistiaci robot PROSCENIC Q20 Plus,5527,Robotické vysávače,Domáce a osobné spotrebiče>Spotrebiče na upratovanie>Robotické vysávače,1,0,0,1,0.513,0,0.513,0.424,0,0.424,0,0,0,0,0,0,0,0
2026-08-20,629401393,false,,product_detail,KB_100002128166,Amica OMC6751B,963,Digestory,Veľké spotrebiče>Spotrebiče do kuchyne>Varenie a ohrievanie>Digestory,2,0,0,2,1.334,0,1.334,1.102,0,1.102,0,0,0,0,0,0,0,0
2026-08-20,630025994,false,,product_detail,KB_100002136235,Leifheit Sušák na prádlo Classic Extenda,1707,Sušiaky na bielizeň,Bývanie a doplnky>Domáce potreby a upratovanie>Pranie a žehlenie>Sušiaky na bielizeň,1,0,0,1,0.427,0,0.427,0.353,0,0.353,0,0,0,0,0,0,0,0
2026-08-20,800327009,false,,product_detail,KB_100002142380,Girmi FG2800 Horkovzdušní fritéza,6356,Mini rúry,Veľké spotrebiče>Spotrebiče do kuchyne>Varenie a ohrievanie>Mini rúry,1,0,0,1,0.466,0,0.466,0.385,0,0.385,0,0,0,0,0,0,0,0
2026-08-20,834409049,false,,product_detail,078883,Flytec V050 12000mah návnada loď (čierna),8514,Zavážacie loďky,"Hobby>Rybárske potreby>Rybárske návnady, nástrahy a príslušenstvo>Zavážacie loďky",3,0,0,3,1.107,0,1.107,0.915,0,0.915,2,0,0,2,145.8,0,0,145.8
2026-08-20,823784474,false,,product_detail,085658,AURZEN Boom Mini projektor,699,Projektory,"Elektronika>TV, audio, video>Projekčná technika>Projektory",1,0,0,1,0.312,0,0.312,0.258,0,0.258,0,0,0,0,0,0,0,0
2026-08-20,841030593,false,,product_detail,AT_LEC-RBA-4500-OR,"Paddleboard SUP REBEL ACTIVE RBA-4500-OR 11'6"" 350x81x15cm oranžový",4782,Paddleboardy,Šport a outdoor>Športy>Vodné športy>Paddleboardy,8,0,0,8,2.352,0,2.352,1.944,0,1.944,0,0,0,0,0,0,0,0
2026-08-20,304335290,false,,search,AT_DOPHN164N,Dálkový ovladač ALIEN Philips 996590020164 (YKF348-001),869,Diaľkové ovládače,"Elektronika>TV, audio, video>Príslušenstvo k TV, audio-video>Príslušenstvo k TV>Diaľkové ovládače",1,0,0,1,0.113,0,0.113,0.093,0,0.093,0,0,0,0,0,0,0,0
2026-08-20,642186824,false,,product_detail,082266,Diagnostický skener OBDeleven 2 Pro Pack,4467,Autodiagnostiky,Auto-moto>Všetko pre autá>Elektronika do auta>Autodiagnostiky,2,0,0,2,0.706,0,0.706,0.584,0,0.584,0,0,0,0,0,0,0,0
2026-08-20,421767741,false,,product_detail,SOL_WZ413-1,"Solight LED žiarovka reflektorová, R50, 5W, E14, 3000K, 440lm, biele prevedenie",2050,Žiarovky,Bývanie a doplnky>Osvetlenie a svietidlá>Príslušenstvo k svietidlám>Žiarovky,1,0,0,1,0.065,0,0.065,0.054,0,0.054,0,0,0,0,0,0,0,0
2026-08-20,842874864,false,,product_detail,087304,GOOLOO GP4000 74 Wh štartér,2884,Nabíjačky a štartovacie boxy,Auto-moto>Všetko pre autá>Autodoplnky>Povinná a odporúčaná výbava>Nabíjačky a štartovacie boxy,1,0,0,1,0.342,0,0.342,0.283,0,0.283,0,0,0,0,0,0,0,0
2026-08-20,794318560,false,,search,SOL_1L67TB,"Solight bezdrôtové tlačidlo pre 1L67B, 200m, čierne, learning code, kryt na menovku",2897,Domové zvončeky,"Dielňa, stavba, záhrada>Stavba>Elektromateriály>Domová komunikácia>Domové zvončeky",1,0,0,1,0.09,0,0.09,0.074,0,0.074,0,0,0,0,0,0,0,0
2026-08-20,802805255,false,,product_detail,079283,Inteligentný termostat WiFi Avatto WT20R-BH-3A-W-WiFi,3936,Termostaty,"Dielňa, stavba, záhrada>Stavba>Elektromateriály>Elektroinštalačný materiál>Zásuvky, vypínače, termostaty>Termostaty",1,0,0,1,0.175,0,0.175,0.145,0,0.145,0,0,0,0,0,0,0,0
2026-08-20,788979706,false,,product_detail,083687,3D skener Creality Sermoon S1,5689,3D skenery,Elektronika>Počítače a notebooky>Tlačiarne a príslušenstvo>3D skenery,1,0,0,1,0.696,0,0.696,0.575,0,0.575,0,0,0,0,0,0,0,0
2026-08-20,689139341,false,,product_detail,044652,"BliTZWOlF Vysielač/prijímač Bluetooth 5.2 BlitzMax BT05, aptX",3249,Bluetooth audio adaptéry,"Elektronika>TV, audio, video>Satelitná a digitálna technika>Bluetooth audio adaptéry",1,0,0,1,0.152,0,0.152,0.126,0,0.126,0,0,0,0,0,0,0,0
2026-08-20,651522519,false,,product_detail,KB_100002066448,ETA 745390000,943,Vysávače,Domáce a osobné spotrebiče>Spotrebiče na upratovanie>Vysávače,1,0,0,1,0.495,0,0.495,0.409,0,0.409,1,0,0,1,124.9,0,0,124.9
2026-08-20,833415457,false,,product_detail,KB_100002203156,Samsung Crystal UHD UE65U8072H,2873,Televízory,"Elektronika>TV, audio, video>Televízory",1,0,0,1,0.417,0,0.417,0.345,0,0.345,0,0,0,0,0,0,0,0
2026-08-20,400325953,false,,product_detail,KB_100001129850,Amica SPA 18 ZPX,960,Sporáky,Veľké spotrebiče>Spotrebiče do kuchyne>Varenie a ohrievanie>Sporáky,1,0,0,1,0.643,0,0.643,0.531,0,0.531,0,0,0,0,0,0,0,0
2026-08-20,683749128,false,,product_detail,AT_ATO-KM2241,Kruger & Matz Kamerový set Kruger&Matz Connect C210 Tuya Wi-Fi,1899,IP kamery,Elektronika>Počítače a notebooky>Sieťové prvky>IP kamery,1,0,0,1,0.33,0,0.33,0.273,0,0.273,0,0,0,0,0,0,0,0
2026-08-20,734105994,false,,product_detail,074912,"METZ 65MQE7600Z 65"" QLED 4K Ultra HD TV",2873,Televízory,"Elektronika>TV, audio, video>Televízory",1,0,0,1,0.373,0,0.373,0.308,0,0.308,0,0,0,0,0,0,0,0
2026-08-20,724426509,false,,product_detail,AT_LEC-TSA5007,Chladící box TEESA TSA5007 25L DC12/24V AC 230V -22°C,1042,Prenosné chladničky,Veľké spotrebiče>Spotrebiče do kuchyne>Chladenie a mrazenie>Prenosné chladničky,1,0,0,1,0.54,0,0.54,0.446,0,0.446,0,0,0,0,0,0,0,0
2026-08-20,352074837,false,,search,AT_IST-AIPTZ15244,Tesla GSM-LTE zesilovač/opakovač 900/1800 MHz - kompletní sada,4981,Televízne antény DVB-T a DVB-T2,"Elektronika>TV, audio, video>Príslušenstvo k TV, audio-video>Príslušenstvo k TV>Antény>Televízne antény DVB-T a DVB-T2",1,0,0,1,0.278,0,0.278,0.23,0,0.23,1,0,0,1,190.9,0,0,190.9
2026-08-20,630070272,false,,product_detail,KB_100000033297,Leifheit Sušák Classic 250 Flex,1707,Sušiaky na bielizeň,Bývanie a doplnky>Domáce potreby a upratovanie>Pranie a žehlenie>Sušiaky na bielizeň,1,0,0,1,0.271,0,0.271,0.224,0,0.224,0,0,0,0,0,0,0,0
2026-08-20,842877374,false,,product_detail,AT_TIP-04280257,"Solární sestava ostrovní SOLARFAM 110Wp, 12V, baterie 100Ah, měnič 230VAC 600W",6891,Solárne zostavy,"Dielňa, stavba, záhrada>Stavba>Fotovoltaika>Solárne zostavy",1,0,0,1,0.926,0,0.926,0.765,0,0.765,0,0,0,0,0,0,0,0
2026-08-20,691060366,false,,product_detail,KB_100002100821,JBL Partybox Club 120,5948,Bluetooth reproduktory,"Elektronika>TV, audio, video>Reproduktory, soundbary>Bluetooth reproduktory",1,0,0,1,0.401,0,0.401,0.331,0,0.331,0,0,0,0,0,0,0,0
2026-08-20,834409045,false,,product_detail,078895,Flytec V030 Basic 20 000 mAh – zariadenie na návnadu,8514,Zavážacie loďky,"Hobby>Rybárske potreby>Rybárske návnady, nástrahy a príslušenstvo>Zavážacie loďky",2,0,0,2,1.236,0,1.236,1.022,0,1.022,0,0,0,0,0,0,0,0
2026-08-20,844823414,false,,product_detail,092822,Čistiaci robot VEXILAR W15,5527,Robotické vysávače,Domáce a osobné spotrebiče>Spotrebiče na upratovanie>Robotické vysávače,1,0,0,1,0.513,0,0.513,0.424,0,0.424,0,0,0,0,0,0,0,0
2026-08-20,661157514,false,,product_detail,054686,Nabíjačka SkyRC Q200neo,6308,Nabíjačky a batérie k RC modelom,Hračky>Detské autá a doprava>RC modely a príslušenstvo>Nabíjačky a batérie k RC modelom,1,0,0,1,0.382,0,0.382,0.316,0,0.316,0,0,0,0,0,0,0,0
2026-08-20,825537374,false,,product_detail,085442,"LONGER RAY5 mini 2,5 W laserový gravírovací stroj",8450,Gravírovacie stroje,Elektronika>Počítače a notebooky>Tlačiarne a príslušenstvo>Gravírovacie stroje,1,0,0,1,0.24,0,0.24,0.198,0,0.198,0,0,0,0,0,0,0,0
2026-08-20,427127884,false,,product_detail,SOL_PF61,"Solight flexo šnúra, 10m, 3 x 1.5mm2, gumová H07RN-F3, čierna",2771,Napájacie káble,Elektronika>Počítače a notebooky>Príslušenstvo k počítačom>Káble a konektory>Napájacie káble,1,0,0,1,0.14,0,0.14,0.116,0,0.116,1,0,0,1,20,0,0,20
2026-08-20,846856274,false,,search,082881,Mini elektrické čerpadlo Cycplus AS2 PRO MAX,1151,Čerpadlá,"Dielňa, stavba, záhrada>Záhrada>Záhradná technika>Čerpadlá",1,0,0,1,0.443,0,0.443,0.366,0,0.366,0,0,0,0,0,0,0,0
2026-08-20,847454190,false,,search,084885,Mini PC MINIS FORUM UM890 Pro Ryzen 9 8945HS 16 GB + 512 GB,748,Stolné počítače,Elektronika>Počítače a notebooky>Stolné počítače,1,0,0,1,0.456,0,0.456,0.377,0,0.377,0,0,0,0,0,0,0,0
