"code";"pairCode";"name";"guid";"externalId";"ean";"productNumber";"serialNumber";"defaultCategory";"categoryText";"categoryText2";"categoryText3";"categoryText4";"categoryText5";"categoryText6";"categoryText7";"categoryText8";"categoryText9";"categoryText10";"xmlFeedName";""
"KB_182250445221";"";"CANON PG-40BK Black";"118ec946-92ac-11f1-a793-bc2411833e01";"";"4960999273372";"";"";"TV, audio a video > Počítače a príslušenstvo > Tlačiarne a skenery > Atramenty";"TV, audio a video > Počítače a príslušenstvo > Tlačiarne a skenery > Atramenty";"";"";"";"";"";"";"";"";"";"Canon 0615B001 - originálny";""
"KB_340520055652";"";"MAXXO DH 919 Extra Tea";"13c33bb6-92ac-11f1-a610-bc2411833e01";"";"8595235803059";"";"";"Domáce spotrebiče > Malé spotrebiče > Nádobie > Poháre a fľaše";"Domáce spotrebiče > Malé spotrebiče > Nádobie > Poháre a fľaše";"";"";"";"";"";"";"";"";"";"Maxxo SKLENICE EXTRA TEA 480 ml";""
"KB_410210585387";"";"HP 301 Tri-colour, CH562EE";"16237682-92ac-11f1-8bef-bc2411833e01";"";"884962894514";"";"";"TV, audio a video > Počítače a príslušenstvo > Tlačiarne a skenery > Atramenty";"TV, audio a video > Počítače a príslušenstvo > Tlačiarne a skenery > Atramenty";"";"";"";"";"";"";"";"";"";"HP CH562EE - originálny";""
"KB_410210975387";"";"HP 302 Black, F6U66AE";"162d2024-92ac-11f1-8e2f-bc2411833e01";"";"888793803035";"";"";"TV, audio a video > Počítače a príslušenstvo > Tlačiarne a skenery > Atramenty";"TV, audio a video > Počítače a príslušenstvo > Tlačiarne a skenery > Atramenty";"";"";"";"";"";"";"";"";"";"HP F6U66AE - originálny";""
"KB_410212087909";"";"KMP C88 / CL-541XL";"16f3ad52-92ac-11f1-8686-bc2411833e01";"";"4011324151732";"";"";"TV, audio a video > Počítače a príslušenstvo > Tlačiarne a skenery > Atramenty";"TV, audio a video > Počítače a príslušenstvo > Tlačiarne a skenery > Atramenty";"";"";"";"";"";"";"";"";"";"KMP Canon CL-541 XL - kompatibilný";""
"KB_410230295221";"";"CANON PGI-570XL PGBK Black";"16fd15c2-92ac-11f1-8400-bc2411833e01";"";"4549292032826";"";"";"TV, audio a video > Počítače a príslušenstvo > Tlačiarne a skenery > Atramenty";"TV, audio a video > Počítače a príslušenstvo > Tlačiarne a skenery > Atramenty";"";"";"";"";"";"";"";"";"";"Canon 0318C001 - originálny";""
"KB_410210177909";"";"KMP C58 / CL-41";"1737a282-92ac-11f1-b52f-bc2411833e01";"";"4011324150117";"";"";"TV, audio a video > Počítače a príslušenstvo > Tlačiarne a skenery > Atramenty";"TV, audio a video > Počítače a príslušenstvo > Tlačiarne a skenery > Atramenty";"";"";"";"";"";"";"";"";"";"KMP Canon CL-41 - kompatibilný";""
"KB_410210935387";"";"HP 652 Black, F6V25AE";"17b1e5f6-92ac-11f1-ab13-bc2411833e01";"";"889296160939";"";"";"TV, audio a video > Počítače a príslušenstvo > Tlačiarne a skenery > Atramenty";"TV, audio a video > Počítače a príslušenstvo > Tlačiarne a skenery > Atramenty";"";"";"";"";"";"";"";"";"";"HP F6V25AE - originálny";""
"KB_410210355221";"";"CANON PGI-550BK Black";"185c5522-92ac-11f1-9012-bc2411833e01";"";"4960999904580";"";"";"TV, audio a video > Počítače a príslušenstvo > Tlačiarne a skenery > Atramenty";"TV, audio a video > Počítače a príslušenstvo > Tlačiarne a skenery > Atramenty";"";"";"";"";"";"";"";"";"";"Canon 6496B001 - originálny";""
"KB_410210465221";"";"CANON CLI-571 XL Y Yellow";"1866da56-92ac-11f1-ae18-bc2411833e01";"";"4549292032888";"";"";"TV, audio a video > Počítače a príslušenstvo > Tlačiarne a skenery > Atramenty";"TV, audio a video > Počítače a príslušenstvo > Tlačiarne a skenery > Atramenty";"";"";"";"";"";"";"";"";"";"Canon 0334C001 - originálny";""
"KB_410210485221";"";"CANON CLI-571 XL C Cyan";"1870ce30-92ac-11f1-8dc5-bc2411833e01";"";"4549292032857";"";"";"TV, audio a video > Počítače a príslušenstvo > Tlačiarne a skenery > Atramenty";"TV, audio a video > Počítače a príslušenstvo > Tlačiarne a skenery > Atramenty";"";"";"";"";"";"";"";"";"";"Canon 0332C001 - originálny";""
"KB_410210615387";"";"HP 301 Black, CH561EE";"187bcb28-92ac-11f1-ba85-bc2411833e01";"";"884962894415";"";"";"TV, audio a video > Počítače a príslušenstvo > Tlačiarne a skenery > Atramenty";"TV, audio a video > Počítače a príslušenstvo > Tlačiarne a skenery > Atramenty";"";"";"";"";"";"";"";"";"";"HP CH561EE - originálny";""
"KB_410214457909";"";"KMP H76 (CH564EE)";"18a43036-92ac-11f1-8b12-bc2411833e01";"";"4011324172034";"";"";"TV, audio a video > Počítače a príslušenstvo > Tlačiarne a skenery > Atramenty";"TV, audio a video > Počítače a príslušenstvo > Tlačiarne a skenery > Atramenty";"";"";"";"";"";"";"";"";"";"KMP HP CH564EE - kompatibilný";""
"KB_341950068119";"";"LEIFHEIT Sací hubice 17 cm";"198d33da-92ac-11f1-bc32-bc2411833e01";"";"4006501510075";"";"";"Domáce spotrebiče > Malé spotrebiče > Upratovacie pomôcky > Čističe okien";"Domáce spotrebiče > Malé spotrebiče > Upratovacie pomôcky > Čističe okien";"";"";"";"";"";"";"";"";"";"Leifheit 51007 sacia hubica 17 cm";""
"KB_491200098119";"";"Leifheit Thermo Reflect L/Universal";"1a93c8e8-92ac-11f1-bd7d-bc2411833e01";"";"4006501716088";"";"";"Domáce spotrebiče > Malé spotrebiče > Príslušenstvo k malým spotrebičom > Príslušenstvo k žehlenie";"Domáce spotrebiče > Malé spotrebiče > Príslušenstvo k malým spotrebičom > Príslušenstvo k žehlenie";"";"";"";"";"";"";"";"";"";"Leifheit Thermo Reflect Universal 71608";""
"KB_491500014462";"";"BWT náhradní filtry Mg2+ 3ks";"1aad4e94-92ac-11f1-b660-bc2411833e01";"";"9022001909848";"";"";"Domáce spotrebiče > Malé spotrebiče > Príprava nápojov > Príslušenstvo pre filtračné kanvice";"Domáce spotrebiče > Malé spotrebiče > Príprava nápojov > Príslušenstvo pre filtračné kanvice";"";"";"";"";"";"";"";"";"";"BWT Longlife Mg2+ 3 ks";""
"KB_410210665387";"";"HP 650 Black, CZ101AE";"1b14ddac-92ac-11f1-8f47-bc2411833e01";"";"886112545987";"";"";"TV, audio a video > Počítače a príslušenstvo > Tlačiarne a skenery > Atramenty";"TV, audio a video > Počítače a príslušenstvo > Tlačiarne a skenery > Atramenty";"";"";"";"";"";"";"";"";"";"HP CZ101AE - originálny";""
"KB_999000127909";"";"KMP B-T55 (TN 1050)";"1c46389c-92ac-11f1-8179-bc2411833e01";"";"4011324126006";"";"";"TV, audio a video > Počítače a príslušenstvo > Tlačiarne a skenery > Tonery";"TV, audio a video > Počítače a príslušenstvo > Tlačiarne a skenery > Tonery";"";"";"";"";"";"";"";"";"";"KMP Brother TN-1050 - kompatibilný";""
"KB_410210945387";"";"HP 652 Tri-colour, F6V24AE";"1cd02ffc-92ac-11f1-b7ae-bc2411833e01";"";"889296160892";"";"";"TV, audio a video > Počítače a príslušenstvo > Tlačiarne a skenery > Atramenty";"TV, audio a video > Počítače a príslušenstvo > Tlačiarne a skenery > Atramenty";"";"";"";"";"";"";"";"";"";"HP F6V24AE - originálny";""
"KB_410211107909";"";"KMP C81V / PGI-525BK, CLI-526C/M/Y";"1cdc37fc-92ac-11f1-b8d5-bc2411833e01";"";"4260324215764";"";"";"TV, audio a video > Počítače a príslušenstvo > Tlačiarne a skenery > Atramenty";"TV, audio a video > Počítače a príslušenstvo > Tlačiarne a skenery > Atramenty";"";"";"";"";"";"";"";"";"";"KMP Canon PGI-525Bk + CLI-526C/M/Y - kompatibilný";""
"KB_410214687909";"";"KMP H168BX (HP 302 Black XL)";"1dc7a020-92ac-11f1-a967-bc2411833e01";"";"4011324211122";"";"";"TV, audio a video > Počítače a príslušenstvo > Tlačiarne a skenery > Atramenty";"TV, audio a video > Počítače a príslušenstvo > Tlačiarne a skenery > Atramenty";"";"";"";"";"";"";"";"";"";"KMP HP F6U68AE - kompatibilný";""
"KB_999001365098";"";"ETA 002898030";"1f610ce6-92ac-11f1-b549-bc2411833e01";"";"8590393260270";"";"";"Domáce spotrebiče > Malé spotrebiče > Príslušenstvo k malým spotrebičom > Príslušenstvo ku kuchynským robotom";"Domáce spotrebiče > Malé spotrebiče > Príslušenstvo k malým spotrebičom > Príslušenstvo ku kuchynským robotom";"";"";"";"";"";"";"";"";"";"ETA Gratus 0028 98030";""
"KB_410211005387";"";"HP 903XL Black, T6M15AE";"1f6b8428-92ac-11f1-a4d7-bc2411833e01";"";"889894729002";"";"";"TV, audio a video > Počítače a príslušenstvo > Tlačiarne a skenery > Atramenty";"TV, audio a video > Počítače a príslušenstvo > Tlačiarne a skenery > Atramenty";"";"";"";"";"";"";"";"";"";"HP T6M15AE - originálny";""
"KB_410214697909";"";"KMP H168CX (HP 302 Tri-colour XL)";"20efb9f4-92ac-11f1-91dc-bc2411833e01";"";"4011324211139";"";"";"TV, audio a video > Počítače a príslušenstvo > Tlačiarne a skenery > Atramenty";"TV, audio a video > Počítače a príslušenstvo > Tlačiarne a skenery > Atramenty";"";"";"";"";"";"";"";"";"";"KMP HP F6U67AE - kompatibilný";""
"KB_410211085387";"";"HP 903 Cyan, T6L87AE";"214b8900-92ac-11f1-8603-bc2411833e01";"";"889894728791";"";"";"TV, audio a video > Počítače a príslušenstvo > Tlačiarne a skenery > Atramenty";"TV, audio a video > Počítače a príslušenstvo > Tlačiarne a skenery > Atramenty";"";"";"";"";"";"";"";"";"";"HP T6L87AE - originálny";""
"KB_410210065387";"";"HP C8773EE č.363 žlutá";"23684f7a-92ac-11f1-b0c6-bc2411833e01";"";"829160798424";"";"";"TV, audio a video > Počítače a príslušenstvo > Tlačiarne a skenery > Atramenty";"TV, audio a video > Počítače a príslušenstvo > Tlačiarne a skenery > Atramenty";"";"";"";"";"";"";"";"";"";"HP C8773EE - originálny";""
"KB_999013295223";"";"D-LINK WiFi AC USB 3.0 Adaptér (DWA-182)";"23b7f9f8-92ac-11f1-b133-bc2411833e01";"";"790069382239";"";"";"TV, audio a video > Počítače a príslušenstvo > Sieťové prvky > Sieťové karty";"TV, audio a video > Počítače a príslušenstvo > Sieťové prvky > Sieťové karty";"";"";"";"";"";"";"";"";"";"D-Link DWA-182";""
"KB_410211095387";"";"HP 903 Yellow, T6L95AE";"2480101e-92ac-11f1-b5db-bc2411833e01";"";"889894728852";"";"";"TV, audio a video > Počítače a príslušenstvo > Tlačiarne a skenery > Atramenty";"TV, audio a video > Počítače a príslušenstvo > Tlačiarne a skenery > Atramenty";"";"";"";"";"";"";"";"";"";"HP T6L95AE - originálny";""
"KB_100000190961";"";"HP 44A Black Laser Toner, CF244A";"253f46e6-92ac-11f1-b060-bc2411833e01";"";"190781977902";"";"";"TV, audio a video > Počítače a príslušenstvo > Tlačiarne a skenery > Tonery";"TV, audio a video > Počítače a príslušenstvo > Tlačiarne a skenery > Tonery";"";"";"";"";"";"";"";"";"";"HP CF244A - originálny";""
"KB_100000222970";"";"BROTHER 31700838 PT-P710BT";"26c53eb2-92ac-11f1-9cad-bc2411833e01";"";"4977766788861";"";"";"TV, audio a video > Počítače a príslušenstvo > Tlačiarne a skenery > Pokladničné tlačiarne";"TV, audio a video > Počítače a príslušenstvo > Tlačiarne a skenery > Pokladničné tlačiarne";"";"";"";"";"";"";"";"";"";"Brother PT-P710BT PTP710BTXG1";""
"KB_342200087780";"";"LIMO BAR - Cylinder CO2 425g - Retail";"280ccee8-92ac-11f1-9723-bc2411833e01";"";"793573269065";"";"";"Domáce spotrebiče > Malé spotrebiče > Príprava nápojov > Sirupy a fľaše pre výrobníky sódy";"Domáce spotrebiče > Malé spotrebiče > Príprava nápojov > Sirupy a fľaše pre výrobníky sódy";"";"";"";"";"";"";"";"";"";"Retail Limobar LIMO BAR Cylinder CO2 425 g";""
"KB_100000474544";"";"Maxxo vodní filtry 5+1";"29372d4a-92ac-11f1-9074-bc2411833e01";"";"8595235806388";"";"";"Domáce spotrebiče > Malé spotrebiče > Príprava nápojov > Príslušenstvo pre filtračné kanvice";"Domáce spotrebiče > Malé spotrebiče > Príprava nápojov > Príslušenstvo pre filtračné kanvice";"";"";"";"";"";"";"";"";"";"Maxxo Uni 6 ks";""
"KB_100000479063";"";"ALI BT selfie tyč HA12, černá HA12";"2a603dd8-92ac-11f1-8b89-bc2411833e01";"";"8595181169346";"";"";"TV, audio a video > Mobily a tablety > Príslušenstvo > Držiaky na mobily";"TV, audio a video > Mobily a tablety > Príslušenstvo > Držiaky na mobily";"";"";"";"";"";"";"";"";"";"Aligator HA12 tripod černý 8595181169346";""
"KB_420180167717";"";"CL držák vent. horiz., černý HANDYDRIVEK";"2af859b0-92ac-11f1-95ac-bc2411833e01";"";"8018080251238";"";"";"TV, audio a video > Mobily a tablety > Príslušenstvo > Držiaky na mobily";"TV, audio a video > Mobily a tablety > Príslušenstvo > Držiaky na mobily";"";"";"";"";"";"";"";"";"";"CellularLine Handy Drive HANDYDRIVEK";""
"KB_100000651903";"";"HP Wireless Mouse 220 Black";"2b9cba6e-92ac-11f1-a700-bc2411833e01";"";"193808642487";"";"";"TV, audio a video > Počítače a príslušenstvo > PC periférie > Myši";"TV, audio a video > Počítače a príslušenstvo > PC periférie > Myši";"";"";"";"";"";"";"";"";"";"HP Wireless Mouse 220 3FV66AA";""
"KB_100000729129";"";"HP Wireless Mouse 220 Red";"2ba662a8-92ac-11f1-bad3-bc2411833e01";"";"193905408610";"";"";"TV, audio a video > Počítače a príslušenstvo > PC periférie > Myši";"TV, audio a video > Počítače a príslušenstvo > PC periférie > Myši";"";"";"";"";"";"";"";"";"";"HP Wireless Mouse 220 7KX10AA";""
"KB_100000729289";"";"Laica Bi-flux filtr C3M Coffee & Tea,3ks";"2d32f7bc-92ac-11f1-a5ea-bc2411833e01";"";"8013240701752";"";"";"Domáce spotrebiče > Malé spotrebiče > Príprava nápojov > Príslušenstvo pre filtračné kanvice";"Domáce spotrebiče > Malé spotrebiče > Príprava nápojov > Príslušenstvo pre filtračné kanvice";"";"";"";"";"";"";"";"";"";"Laica Bi-Flux káva a čaj C3M 3 ks";""
"KB_100000421695";"";"ETA 002898050";"2d7ad140-92ac-11f1-97cb-bc2411833e01";"";"8590393250240";"";"";"Domáce spotrebiče > Malé spotrebiče > Príslušenstvo k malým spotrebičom > Príslušenstvo ku kuchynským robotom";"Domáce spotrebiče > Malé spotrebiče > Príslušenstvo k malým spotrebičom > Príslušenstvo ku kuchynským robotom";"";"";"";"";"";"";"";"";"";"ETA Gratus 0028 98050";""
"KB_100000729323";"";"LIMO BAR TWIN - White";"2dd93938-92ac-11f1-b88d-bc2411833e01";"";"8594183190167";"";"";"Domáce spotrebiče > Malé spotrebiče > Príprava nápojov > Výrobníky sódy";"Domáce spotrebiče > Malé spotrebiče > Príprava nápojov > Výrobníky sódy";"";"";"";"";"";"";"";"";"";"LIMO BAR TWIN White";""
"KB_999000455098";"";"ETA 002800860";"2e13e812-92ac-11f1-b4dd-bc2411833e01";"";"8592417769950";"";"";"Domáce spotrebiče > Malé spotrebiče > Príslušenstvo k malým spotrebičom > Príslušenstvo ku kuchynským robotom";"Domáce spotrebiče > Malé spotrebiče > Príslušenstvo k malým spotrebičom > Príslušenstvo ku kuchynským robotom";"";"";"";"";"";"";"";"";"";"ETA Gratus 0028 00860";""
"KB_100000287818";"";"Philips SQM3642/00 TV držák na zeď";"2e52ac5a-92ac-11f1-9022-bc2411833e01";"";"6959033844713";"";"";"TV, audio a video > Príslušenstvo k TV, audio, video > TV držiaky";"TV, audio a video > Príslušenstvo k TV, audio, video > TV držiaky";"";"";"";"";"";"";"";"";"";"Philips SQM3642";""
"KB_100000455883";"";"Fixed držák ICON Air Vent, FIXIC-VENT-BK";"2ec1b9ce-92ac-11f1-9793-bc2411833e01";"";"8591680095469";"";"";"TV, audio a video > Mobily a tablety > Príslušenstvo > Držiaky na mobily";"TV, audio a video > Mobily a tablety > Príslušenstvo > Držiaky na mobily";"";"";"";"";"";"";"";"";"";"FIXED Icon Air Vent FIXIC-VENT-BK";""
"KB_100000196881";"";"TP-LINK WiFi AC1300 (Deco M5 3-pack)";"2f0c0f1a-92ac-11f1-8b85-bc2411833e01";"";"6935364080839";"";"";"TV, audio a video > Počítače a príslušenstvo > Sieťové prvky > WiFi routery";"TV, audio a video > Počítače a príslušenstvo > Sieťové prvky > WiFi routery";"";"";"";"";"";"";"";"";"";"TP-Link Deco M5 3ks";""
"KB_100000158624";"";"Fujifilm INSTAX MINI EU 2 GLOSSY 10X2/PK";"2fef7b56-92ac-11f1-a340-bc2411833e01";"";"4547410364866";"";"";"TV, audio a video > Foto a optika > Príslušenstvo > Ostatné príslušenstvo k fotoaparátom";"TV, audio a video > Foto a optika > Príslušenstvo > Ostatné príslušenstvo k fotoaparátom";"";"";"";"";"";"";"";"";"";"Fujifilm Instax Mini glossy 20ks";""
"KB_100000236691";"";"LIMO BAR Edge - Red";"3044522a-92ac-11f1-b555-bc2411833e01";"";"8594172540010";"";"";"Domáce spotrebiče > Malé spotrebiče > Príprava nápojov > Výrobníky sódy";"Domáce spotrebiče > Malé spotrebiče > Príprava nápojov > Výrobníky sódy";"";"";"";"";"";"";"";"";"";"LIMO BAR Edge Red";""
"KB_100000473691";"";"Steba Sendvičovač 3v1 SG 55";"30871858-92ac-11f1-bdb5-bc2411833e01";"";"4011833301963";"";"";"Domáce spotrebiče > Malé spotrebiče > Sendvičovače, hriankovače, vaflovače > Sendvičovače";"Domáce spotrebiče > Malé spotrebiče > Sendvičovače, hriankovače, vaflovače > Sendvičovače";"";"";"";"";"";"";"";"";"";"Steba SG 55";""
"KB_100000800050";"";"Leifheit Mop na podlahu PICO SPRAY";"326da902-92ac-11f1-be52-bc2411833e01";"";"4006501565907";"";"";"Domáce spotrebiče > Malé spotrebiče > Upratovacie pomôcky > Mopy a upratovacie súpravy";"Domáce spotrebiče > Malé spotrebiče > Upratovacie pomôcky > Mopy a upratovacie súpravy";"";"";"";"";"";"";"";"";"";"Leifheit 56590 Pico Spray podlahový mop";""
"KB_100000236692";"";"LIMO BAR Edge - Grey";"330e4b78-92ac-11f1-8bcc-bc2411833e01";"";"8594172540027";"";"";"Domáce spotrebiče > Malé spotrebiče > Príprava nápojov > Výrobníky sódy";"Domáce spotrebiče > Malé spotrebiče > Príprava nápojov > Výrobníky sódy";"";"";"";"";"";"";"";"";"";"LIMO BAR Edge Grey";""
"KB_100000729253";"";"Laica XXL Milano bílá";"3317d6e8-92ac-11f1-b3b8-bc2411833e01";"";"8013240705514";"";"";"Domáce spotrebiče > Malé spotrebiče > Príprava nápojov > Filtračné kanvice";"Domáce spotrebiče > Malé spotrebiče > Príprava nápojov > Filtračné kanvice";"";"";"";"";"";"";"";"";"";"Laica Milano XXL J81-AA biela";""
"KB_100000905607";"";"TP-LINK Archer MR600 4G LTE WiFI Router";"334b8196-92ac-11f1-8d5a-bc2411833e01";"";"6935364089832";"";"";"TV, audio a video > Počítače a príslušenstvo > Sieťové prvky > WiFi routery";"TV, audio a video > Počítače a príslušenstvo > Sieťové prvky > WiFi routery";"";"";"";"";"";"";"";"";"";"TP-Link Archer MR600";""
"KB_100000729322";"";"LIMO BAR TWIN - Black";"3356ea36-92ac-11f1-965a-bc2411833e01";"";"8594183190211";"";"";"Domáce spotrebiče > Malé spotrebiče > Príprava nápojov > Výrobníky sódy";"Domáce spotrebiče > Malé spotrebiče > Príprava nápojov > Výrobníky sódy";"";"";"";"";"";"";"";"";"";"LIMO BAR TWIN Black";""
"KB_100000729324";"";"LIMO BAR TWIN - Black/Silver";"3362da58-92ac-11f1-b9a7-bc2411833e01";"";"8594183190174";"";"";"Domáce spotrebiče > Malé spotrebiče > Príprava nápojov > Výrobníky sódy";"Domáce spotrebiče > Malé spotrebiče > Príprava nápojov > Výrobníky sódy";"";"";"";"";"";"";"";"";"";"LIMO BAR TWIN Black/Silver";""
"KB_100001117730";"";"Bialetti Set Mini Express ""R"" Kandinsky";"33b4da38-92ac-11f1-933c-bc2411833e01";"";"8006363030465";"";"";"Domáce spotrebiče > Malé spotrebiče > Kávovary a espressá > Moka kanvice a frenchpressy";"Domáce spotrebiče > Malé spotrebiče > Kávovary a espressá > Moka kanvice a frenchpressy";"";"";"";"";"";"";"";"";"";"Bialetti Mini Express Set 2 Kandinsky";""
"KB_100000800099";"";"Leifheit Pěnová stěrka na podlahy SOFT &";"3433cbfe-92ac-11f1-ad97-bc2411833e01";"";"4006501552433";"";"";"Domáce spotrebiče > Malé spotrebiče > Upratovacie pomôcky > Čističe okien";"Domáce spotrebiče > Malé spotrebiče > Upratovacie pomôcky > Čističe okien";"";"";"";"";"";"";"";"";"";"Leifheit 55243 Soft & Easy penová stierka na podlahy";""
"KB_100001162126";"";"Maxxo vakuovací rolky 40x1000cm";"36f0caea-92ac-11f1-be10-bc2411833e01";"";"8595235802915";"";"";"Domáce spotrebiče > Malé spotrebiče > Vákuovačky a zváračky fólií > Príslušenstvo pre vákuovačky a zváračky";"Domáce spotrebiče > Malé spotrebiče > Vákuovačky a zváračky fólií > Príslušenstvo pre vákuovačky a zváračky";"";"";"";"";"";"";"";"";"";"Maxxo MDSVB_004 40 x 1000 cm 1 ks";""
"KB_100000902816";"";"ETA 418191000";"37c978f4-92ac-11f1-b863-bc2411833e01";"";"8590393325238";"";"";"Domáce spotrebiče > Malé spotrebiče > Príslušenstvo k malým spotrebičom > Príslušenstvo ku kávovarom";"Domáce spotrebiče > Malé spotrebiče > Príslušenstvo k malým spotrebičom > Príslušenstvo ku kávovarom";"";"";"";"";"";"";"";"";"";"MAXXO Termo poháre Ristretto 2 x 80 ml";""
"KB_100001117729";"";"Bialetti Set Mini Express ""R"" Magrite";"380b95ae-92ac-11f1-94e5-bc2411833e01";"";"8006363030458";"";"";"Domáce spotrebiče > Malé spotrebiče > Kávovary a espressá > Moka kanvice a frenchpressy";"Domáce spotrebiče > Malé spotrebiče > Kávovary a espressá > Moka kanvice a frenchpressy";"";"";"";"";"";"";"";"";"";"Bialetti Mini Express Set 2 Magrite";""
"KB_100000980758";"";"Vileda Universal sušák na prádlo 18m";"3846e168-92ac-11f1-8b64-bc2411833e01";"";"4023103140592";"";"";"Domáce spotrebiče > Malé spotrebiče > Žehličky > Sušiaky na bielizeň";"Domáce spotrebiče > Malé spotrebiče > Žehličky > Sušiaky na bielizeň";"";"";"";"";"";"";"";"";"";"Vileda Universal sušiak 18 m 157241";""
"KB_100000375610";"";"TP-LINK WiFi AC1200 (Deco M4 2-pack)";"3a43794a-92ac-11f1-8c48-bc2411833e01";"";"6935364084189";"";"";"TV, audio a video > Počítače a príslušenstvo > Sieťové prvky > WiFi routery";"TV, audio a video > Počítače a príslušenstvo > Sieťové prvky > WiFi routery";"";"";"";"";"";"";"";"";"";"TP-Link Deco M4, 2ks";""
"KB_100000224396";"";"Evolveo Ania 5R, chladicí podst. pro NTB";"3b668b96-92ac-11f1-89a0-bc2411833e01";"";"8594161339113";"";"";"TV, audio a video > Počítače a príslušenstvo > Príslušenstvo k notebookom > Ostatné príslušenstvo k notebookom";"TV, audio a video > Počítače a príslušenstvo > Príslušenstvo k notebookom > Ostatné príslušenstvo k notebookom";"";"";"";"";"";"";"";"";"";"Evolveo Ania 5R ANIA5R";""
"KB_100001124322";"";"Hori XONE/XSX/PC Racing Wheel Overdrive";"3c57df8c-92ac-11f1-b413-bc2411833e01";"";"810050910187";"";"";"TV, audio a video > Počítače a príslušenstvo > Herné zariadenia > Herné ovládače > Volanty";"TV, audio a video > Počítače a príslušenstvo > Herné zariadenia > Herné ovládače > Volanty";"";"";"";"";"";"";"";"";"";"Hori Racing Wheel Overdrive HRX364330";""
"KB_100001188938";"";"TP-LINK Archer C54 AC1200 Router";"3d128fc6-92ac-11f1-baee-bc2411833e01";"";"6935364089337";"";"";"TV, audio a video > Počítače a príslušenstvo > Sieťové prvky > WiFi routery";"TV, audio a video > Počítače a príslušenstvo > Sieťové prvky > WiFi routery";"";"";"";"";"";"";"";"";"";"TP-Link Archer C54";""
"KB_700130367798";"";"TP-LINK UH720 USB 3.0 7-Port Hub";"3de352c8-92ac-11f1-88bc-bc2411833e01";"";"6935364010041";"";"";"TV, audio a video > Počítače a príslušenstvo > Sieťové prvky > Sieťové karty";"TV, audio a video > Počítače a príslušenstvo > Sieťové prvky > Sieťové karty";"";"";"";"";"";"";"";"";"";"TP-Link UH720";""
"KB_100000654805";"";"TP-LINK WiFi AC1200 (Deco E4 3-pack)";"3decf7ba-92ac-11f1-8f96-bc2411833e01";"";"6935364086794";"";"";"TV, audio a video > Počítače a príslušenstvo > Sieťové prvky > WiFi routery";"TV, audio a video > Počítače a príslušenstvo > Sieťové prvky > WiFi routery";"";"";"";"";"";"";"";"";"";"TP-Link Deco E4, 3ks";""
"KB_100001259471";"";"ETA 230290000";"3df6e266-92ac-11f1-80e3-bc2411833e01";"";"8590393254842";"";"";"Domáce spotrebiče > Malé spotrebiče > Sušičky potravín";"Domáce spotrebiče > Malé spotrebiče > Sušičky potravín";"";"";"";"";"";"";"";"";"";"ETA Vital Air II 2302 90000";""
"KB_100000456589";"";"TP-LINK WiFi AC1200 (Deco M4 3-pack)";"3e5a4e82-92ac-11f1-97c4-bc2411833e01";"";"6935364085179";"";"";"TV, audio a video > Počítače a príslušenstvo > Sieťové prvky > WiFi routery";"TV, audio a video > Počítače a príslušenstvo > Sieťové prvky > WiFi routery";"";"";"";"";"";"";"";"";"";"TP-Link Deco M4, 3ks";""
"KB_100001259470";"";"ETA 507590000";"3ef61eb6-92ac-11f1-98db-bc2411833e01";"";"8590393259755";"";"";"Domáce spotrebiče > Malé spotrebiče > Kuchynské roboty a krájače > Mlynčeky na mäso";"Domáce spotrebiče > Malé spotrebiče > Kuchynské roboty a krájače > Mlynčeky na mäso";"";"";"";"";"";"";"";"";"";"ETA Ambo III 5075 90000";""
"KB_100000652147";"";"HP 912 Magenta, 3YL78AE";"3fe8e4b6-92ac-11f1-a72e-bc2411833e01";"";"192545866750";"";"";"TV, audio a video > Počítače a príslušenstvo > Tlačiarne a skenery > Atramenty";"TV, audio a video > Počítače a príslušenstvo > Tlačiarne a skenery > Atramenty";"";"";"";"";"";"";"";"";"";"HP 3YL78AE - originálny";""
"KB_100001393017";"";"KMP C110 (PGI-580XXL BK)";"40e2dc5a-92ac-11f1-89c1-bc2411833e01";"";"4011324371598";"";"";"TV, audio a video > Počítače a príslušenstvo > Tlačiarne a skenery > Atramenty";"TV, audio a video > Počítače a príslušenstvo > Tlačiarne a skenery > Atramenty";"";"";"";"";"";"";"";"";"";"KMP Canon PGI-580XXL PGBK - kompatibilný";""
"KB_100001393018";"";"KMP C111 (CLI-581XXL BK)";"40ee14f8-92ac-11f1-9463-bc2411833e01";"";"4011324371604";"";"";"TV, audio a video > Počítače a príslušenstvo > Tlačiarne a skenery > Atramenty";"TV, audio a video > Počítače a príslušenstvo > Tlačiarne a skenery > Atramenty";"";"";"";"";"";"";"";"";"";"KMP Canon CLI-581XXL BK - kompatibilný";""
"KB_100001124015";"";"HP 653 Black, 3YM75AE";"40f78682-92ac-11f1-ad63-bc2411833e01";"";"193905429509";"";"";"TV, audio a video > Počítače a príslušenstvo > Tlačiarne a skenery > Atramenty";"TV, audio a video > Počítače a príslušenstvo > Tlačiarne a skenery > Atramenty";"";"";"";"";"";"";"";"";"";"HP 3YM75AE - originálny";""
"KB_100001411596";"";"ETA 518091010";"4162ea4e-92ac-11f1-ae1b-bc2411833e01";"";"8590393325474";"";"";"Domáce spotrebiče > Malé spotrebiče > Nádobie > Hrnčeky a šálky";"Domáce spotrebiče > Malé spotrebiče > Nádobie > Hrnčeky a šálky";"";"";"";"";"";"";"";"";"";"ETA 5180 91010 Poháre na lungo ETA518091010 2 x 160 ml";""
"KB_100001393028";"";"KMP E198X (502XL M)";"42e0a08c-92ac-11f1-ac61-bc2411833e01";"";"4011324373554";"";"";"TV, audio a video > Počítače a príslušenstvo > Tlačiarne a skenery > Atramenty";"TV, audio a video > Počítače a príslušenstvo > Tlačiarne a skenery > Atramenty";"";"";"";"";"";"";"";"";"";"KMP Epson 502XL M - kompatibilný";""
"KB_100000652146";"";"HP 912 Cyan, 3YL77AE";"42e9ebe2-92ac-11f1-bb5d-bc2411833e01";"";"192545866712";"";"";"TV, audio a video > Počítače a príslušenstvo > Tlačiarne a skenery > Atramenty";"TV, audio a video > Počítače a príslušenstvo > Tlačiarne a skenery > Atramenty";"";"";"";"";"";"";"";"";"";"HP 3YL77AE - originálny";""
"KB_100001393026";"";"KMP E196X (502XL BK)";"45846c9c-92ac-11f1-9f80-bc2411833e01";"";"4011324373530";"";"";"TV, audio a video > Počítače a príslušenstvo > Tlačiarne a skenery > Atramenty";"TV, audio a video > Počítače a príslušenstvo > Tlačiarne a skenery > Atramenty";"";"";"";"";"";"";"";"";"";"KMP Epson 502XL BK - kompatibilný";""
"KB_100001393027";"";"KMP E197X (502XL C)";"458e24b2-92ac-11f1-9023-bc2411833e01";"";"4011324373547";"";"";"TV, audio a video > Počítače a príslušenstvo > Tlačiarne a skenery > Atramenty";"TV, audio a video > Počítače a príslušenstvo > Tlačiarne a skenery > Atramenty";"";"";"";"";"";"";"";"";"";"KMP Epson 502XL C - kompatibilný";""
"KB_100000224941";"";"HP 903 Black, T6L99AE";"4597f096-92ac-11f1-86a1-bc2411833e01";"";"889894728883";"";"";"TV, audio a video > Počítače a príslušenstvo > Tlačiarne a skenery > Atramenty";"TV, audio a video > Počítače a príslušenstvo > Tlačiarne a skenery > Atramenty";"";"";"";"";"";"";"";"";"";"HP T6L99AE - originálny";""
"KB_100000652149";"";"HP 912 Black, 3YL80AE";"45a21648-92ac-11f1-bde4-bc2411833e01";"";"192545866835";"";"";"TV, audio a video > Počítače a príslušenstvo > Tlačiarne a skenery > Atramenty";"TV, audio a video > Počítače a príslušenstvo > Tlačiarne a skenery > Atramenty";"";"";"";"";"";"";"";"";"";"HP 3YL80AE - originálny";""
"KB_700000066503";"";"VILEDA F25354 Smeták,VILEDA";"45edeb5e-92ac-11f1-b59e-bc2411833e01";"";"4023103095755";"";"";"Domáce spotrebiče > Malé spotrebiče > Upratovacie pomôcky > Mopy a upratovacie súpravy";"Domáce spotrebiče > Malé spotrebiče > Upratovacie pomôcky > Mopy a upratovacie súpravy";"";"";"";"";"";"";"";"";"";"Vileda DuActiva zmeták hlavice 2v1 112079";""
"KB_100001775840";"";"FoodSaver FSB4802-I";"471697e2-92ac-11f1-bc0b-bc2411833e01";"";"5060134334261";"";"";"Domáce spotrebiče > Malé spotrebiče > Vákuovačky a zváračky fólií > Príslušenstvo pre vákuovačky a zváračky";"Domáce spotrebiče > Malé spotrebiče > Vákuovačky a zváračky fólií > Príslušenstvo pre vákuovačky a zváračky";"";"";"";"";"";"";"";"";"";"FoodSaver Sada vákuovacích sáčkov 48ks 20x29cm";""
"KB_100001714206";"";"D-LINK WiFi AX1500 Range Extender (E15)";"479e4ef8-92ac-11f1-8a41-bc2411833e01";"";"790069459436";"";"";"TV, audio a video > Počítače a príslušenstvo > Sieťové prvky > WiFi routery";"TV, audio a video > Počítače a príslušenstvo > Sieťové prvky > WiFi routery";"";"";"";"";"";"";"";"";"";"D-Link E15/E";""
"KB_100001510867";"";"Fixed Stoj. Magsafe 3v1, 15+15+5W, černý";"47f033c6-92ac-11f1-a962-bc2411833e01";"";"8591680134151";"";"";"TV, audio a video > Mobily a tablety > Príslušenstvo > Nabíjačky pre mobily";"TV, audio a video > Mobily a tablety > Príslušenstvo > Nabíjačky pre mobily";"";"";"";"";"";"";"";"";"";"FIXED FIXMPOS-BK";""
"KB_100001532813";"";"Philips AWP305/10";"48392806-92ac-11f1-aefa-bc2411833e01";"";"4897099302834";"";"";"Domáce spotrebiče > Malé spotrebiče > Príprava nápojov > Príslušenstvo pre filtračné kanvice";"Domáce spotrebiče > Malé spotrebiče > Príprava nápojov > Príslušenstvo pre filtračné kanvice";"";"";"";"";"";"";"";"";"";"Philips On-Tap AWP305/10";""
"KB_100001532833";"";"Russell Hobbs 28010-56/RH";"48430a10-92ac-11f1-b884-bc2411833e01";"";"5038061107173";"";"";"Domáce spotrebiče > Malé spotrebiče > Kuchynské potreby > Mlynčeky na korenie";"Domáce spotrebiče > Malé spotrebiče > Kuchynské potreby > Mlynčeky na korenie";"";"";"";"";"";"";"";"";"";"Russell Hobbs 28010-56";""
"KB_700010550632";"";"Continenta Dřevěný chlebník";"489017f6-92ac-11f1-9aa6-bc2411833e01";"";"4017167329208";"";"";"Domáce spotrebiče > Malé spotrebiče > Kuchynské potreby > Chlebníky, Košíky, Košíky (ošatky)";"Domáce spotrebiče > Malé spotrebiče > Kuchynské potreby > Chlebníky, Košíky, Košíky (ošatky)";"";"";"";"";"";"";"";"";"";"Continenta Chlebník 40 × 26 × 18,5 cm";""
"KB_999011865967";"";"Carrera 61603 Zatáčka 1/90 2ksGO/GO+/D14";"48e9ee66-92ac-11f1-b35d-bc2411833e01";"";"4007486616035";"";"";"Šport, hračky a voľný čas > Hračky > Autodráhy";"Šport, hračky a voľný čas > Hračky > Autodráhy";"";"";"";"";"";"";"";"";"";"Carrera GO Zákruta 1 90 2ks";""
"KB_100001456420";"";"UMAX U-Box J42 Nano/bez OS";"492a792c-92ac-11f1-8ced-bc2411833e01";"";"8595142719665";"";"";"TV, audio a video > Počítače a príslušenstvo > Stolové počítače";"TV, audio a video > Počítače a príslušenstvo > Stolové počítače";"";"";"";"";"";"";"";"";"";"Umax U-Box J42 Nano UMM210J44";""
"KB_100001879444";"";"ETA 007090010";"49409720-92ac-11f1-845a-bc2411833e01";"";"8590393336067";"";"";"Domáce spotrebiče > Malé spotrebiče > Kuchynské roboty a krájače > Kuchynské roboty";"Domáce spotrebiče > Malé spotrebiče > Kuchynské roboty a krájače > Kuchynské roboty";"";"";"";"";"";"";"";"";"";"ETA Leonardo Plus 0070 900010";""
"KB_100001740130";"";"Tefal L9863153";"4a7e09a6-92ac-11f1-8ea5-bc2411833e01";"";"3168430337633";"";"";"Domáce spotrebiče > Malé spotrebiče > Nádobie > Hrnce";"Domáce spotrebiče > Malé spotrebiče > Nádobie > Hrnce";"";"";"";"";"";"";"";"";"";"Tefal Odnímateľná rukoväť Ingenio 6 L9863153";""
"KB_100001173055";"";"Kingston USB 3.2 (gen 1) DT Kyson 64GB";"4f96029a-92ac-11f1-9177-bc2411833e01";"";"740617309102";"";"";"TV, audio a video > Počítače a príslušenstvo > Pamäťové médiá > USB flash disky";"TV, audio a video > Počítače a príslušenstvo > Pamäťové médiá > USB flash disky";"";"";"";"";"";"";"";"";"";"KINGSTON DataTraveler Kyson 64GB DTKN/64GB";""
"KB_100001382487";"";"RivaCase 7567 batoh na notebook 17,3""";"4fa03b70-92ac-11f1-ad9e-bc2411833e01";"";"4260403578308";"";"";"TV, audio a video > Počítače a príslušenstvo > Príslušenstvo k notebookom > Tašky k notebookom";"TV, audio a video > Počítače a príslušenstvo > Príslušenstvo k notebookom > Tašky k notebookom";"";"";"";"";"";"";"";"";"";"Rivacase Prater 17,3"" 7567 sivá";""
"KB_100001501379";"";"Rapoo M300 Silent bezdrátová myš, modrá";"5080eca6-92ac-11f1-a5c5-bc2411833e01";"";"6940056180490";"";"";"TV, audio a video > Počítače a príslušenstvo > PC periférie > Myši";"TV, audio a video > Počítače a príslušenstvo > PC periférie > Myši";"";"";"";"";"";"";"";"";"";"Rapoo M300 6940056180490";""
"KB_100001382812";"";"Umax U-Smart Laser Robot Accesories";"50b2bec0-92ac-11f1-b772-bc2411833e01";"";"8595142719177";"";"";"Domáce spotrebiče > Malé spotrebiče > Príslušenstvo k malým spotrebičom > Príslušenstvo k vysávačom";"Domáce spotrebiče > Malé spotrebiče > Príslušenstvo k malým spotrebičom > Príslušenstvo k vysávačom";"";"";"";"";"";"";"";"";"";"UMAX U-Smart Laser Robot Accesories / Hlavná kefa amp; 2x Bočná kefka amp; 2x Hepa filter amp; 1x Textilná handrička na vytieranie (UB912)";""
"KB_100001880340";"";"Alligator 3079B";"50bc6d6c-92ac-11f1-b6b7-bc2411833e01";"";"7350007792587";"";"";"Domáce spotrebiče > Malé spotrebiče > Kuchynské roboty a krájače > Krájače potravín";"Domáce spotrebiče > Malé spotrebiče > Kuchynské roboty a krájače > Krájače potravín";"";"";"";"";"";"";"";"";"";"Krájač Alligator Family z umelej hmoty čierny";""
"KB_100001881353";"";"Ardes 4B03";"50faf6d6-92ac-11f1-bbd3-bc2411833e01";"";"8004032112986";"";"";"Domáce spotrebiče > Malé spotrebiče > Vzduchotechnika > Vykurovacie telesá > Vykurovacie telesá, radiátory > Teplovzdušné ventilátory";"Domáce spotrebiče > Malé spotrebiče > Vzduchotechnika > Vykurovacie telesá > Vykurovacie telesá, radiátory > Teplovzdušné ventilátory";"";"";"";"";"";"";"";"";"";"Infra Ardes 4B03";""
"KB_100001714207";"";"D-LINK WiFi AX1500 Mesh 2-pack (M15-2)";"511c4bce-92ac-11f1-aa91-bc2411833e01";"";"790069461187";"";"";"TV, audio a video > Počítače a príslušenstvo > Sieťové prvky > WiFi routery";"TV, audio a video > Počítače a príslušenstvo > Sieťové prvky > WiFi routery";"";"";"";"";"";"";"";"";"";"D-Link M15-2, 2ks";""
"KB_100000571086";"";"Rapoo 8050T set klávesnice a myši černý";"51326b20-92ac-11f1-b598-bc2411833e01";"";"6940056189684";"";"";"TV, audio a video > Počítače a príslušenstvo > PC periférie > Klávesnice";"TV, audio a video > Počítače a príslušenstvo > PC periférie > Klávesnice";"";"";"";"";"";"";"";"";"";"Rapoo 8050T 6940056189684";""
"KB_100001393029";"";"KMP E199X (502XL Y)";"5167d238-92ac-11f1-b463-bc2411833e01";"";"4011324373561";"";"";"TV, audio a video > Počítače a príslušenstvo > Tlačiarne a skenery > Atramenty";"TV, audio a video > Počítače a príslušenstvo > Tlačiarne a skenery > Atramenty";"";"";"";"";"";"";"";"";"";"KMP Epson 502XL Y - kompatibilný";""
"KB_100000461725";"";"HP 304 Tri-colour, N9K05AE";"5171a1be-92ac-11f1-b18e-bc2411833e01";"";"889894860736";"";"";"TV, audio a video > Počítače a príslušenstvo > Tlačiarne a skenery > Atramenty";"TV, audio a video > Počítače a príslušenstvo > Tlačiarne a skenery > Atramenty";"";"";"";"";"";"";"";"";"";"HP N9K05AE - originálny";""
"KB_100001881519";"";"Fixed držák tab/telefonu Relax,FIXRLX-BK";"5267cee0-92ac-11f1-b4ce-bc2411833e01";"";"8591680142972";"";"";"TV, audio a video > Mobily a tablety > Príslušenstvo > Držiaky na mobily";"TV, audio a video > Mobily a tablety > Príslušenstvo > Držiaky na mobily";"";"";"";"";"";"";"";"";"";"FIXED Relax FIXRLX-BK";""
"KB_100001755867";"";"Maxxo UNI filtry 8ks";"52ab8982-92ac-11f1-a379-bc2411833e01";"";"8595235806708";"";"";"Domáce spotrebiče > Malé spotrebiče > Príprava nápojov > Príslušenstvo pre filtračné kanvice";"Domáce spotrebiče > Malé spotrebiče > Príprava nápojov > Príslušenstvo pre filtračné kanvice";"";"";"";"";"";"";"";"";"";"Maxxo Uni 8 ks";""
"KB_100001959515";"";"ScanPart Čisticí tablety 90ks";"55d284e4-92ac-11f1-a9b9-bc2411833e01";"";"4012074058067";"";"";"Domáce spotrebiče > Malé spotrebiče > Príslušenstvo k malým spotrebičom > Príslušenstvo ku kávovarom";"Domáce spotrebiče > Malé spotrebiče > Príslušenstvo k malým spotrebičom > Príslušenstvo ku kávovarom";"";"";"";"";"";"";"";"";"";"ScanPart Čistiace tabletky 90ks";""
"KB_100001932194";"";"TP-LINK WiFi AX3000 (Deco X50 2-pack)";"55e88762-92ac-11f1-9a5d-bc2411833e01";"";"4897098687079";"";"";"TV, audio a video > Počítače a príslušenstvo > Sieťové prvky > WiFi routery";"TV, audio a video > Počítače a príslušenstvo > Sieťové prvky > WiFi routery";"";"";"";"";"";"";"";"";"";"TP-Link Deco X50, 2ks";""
"KB_100001926487";"";"Fixed USB-C/Lightning FIXDLS-CL2-WH";"5912233a-92ac-11f1-a31f-bc2411833e01";"";"8591680147366";"";"";"TV, audio a video > Mobily a tablety > Príslušenstvo > Nabíjačky pre mobily";"TV, audio a video > Mobily a tablety > Príslušenstvo > Nabíjačky pre mobily";"";"";"";"";"";"";"";"";"";"Fixed FIXDLS-CL2-WH Liquid silicone nabíjací a dátový, PD 60W USB-C/Lightning - MFi na iPhone/iPad/iPod/AirPods, 2m, bílý";""
"KB_100001932195";"";"TP-LINK WiFi AX3000 (Deco X50 1-pack)";"598e7e1c-92ac-11f1-a68b-bc2411833e01";"";"4897098687062";"";"";"TV, audio a video > Počítače a príslušenstvo > Sieťové prvky > WiFi routery";"TV, audio a video > Počítače a príslušenstvo > Sieťové prvky > WiFi routery";"";"";"";"";"";"";"";"";"";"TP-LINK Deco X50";""
"KB_100001169950";"";"D-LINK 5-Port Gigabit Switch (DGS-105GL)";"59cbf170-92ac-11f1-bec2-bc2411833e01";"";"790069458576";"";"";"TV, audio a video > Počítače a príslušenstvo > Sieťové prvky > WiFi routery";"TV, audio a video > Počítače a príslušenstvo > Sieťové prvky > WiFi routery";"";"";"";"";"";"";"";"";"";"D-Link DGS-105GL";""
"KB_100001879427";"";"ETA 002892020";"5a417224-92ac-11f1-9e7a-bc2411833e01";"";"8590393336166";"";"";"Domáce spotrebiče > Malé spotrebiče > Príslušenstvo k malým spotrebičom > Príslušenstvo ku kuchynským robotom";"Domáce spotrebiče > Malé spotrebiče > Príslušenstvo k malým spotrebičom > Príslušenstvo ku kuchynským robotom";"";"";"";"";"";"";"";"";"";"ETA Gratus 0028 92020";""
"KB_100002076356";"";"Fixed Gravity univ.držák FIXH-GR2-GR";"5b43eaa8-92ac-11f1-a708-bc2411833e01";"";"8591680160426";"";"";"TV, audio a video > Mobily a tablety > Príslušenstvo > Držiaky na mobily";"TV, audio a video > Mobily a tablety > Príslušenstvo > Držiaky na mobily";"";"";"";"";"";"";"";"";"";"FIXED FIXH-GR2-GR";""
"KB_100001510853";"";"Fixed Watch42/44/45 černý,FIXMEST-434-BK";"5b707348-92ac-11f1-a99a-bc2411833e01";"";"8591680133338";"";"";"TV, audio a video > Mobily a tablety > Príslušenstvo > Príslušenstvo pre smart hodinky";"TV, audio a video > Mobily a tablety > Príslušenstvo > Príslušenstvo pre smart hodinky";"";"";"";"";"";"";"";"";"";"Fixed Mesh Strap nerezový remienok pre Apple Watch 42/44/45mm čierny FIXMEST-434-BK";""
"KB_100002080836";"";"TP-LINK WiFi AX1500 (Deco X10 2-pack)";"5cc8b6ce-92ac-11f1-8350-bc2411833e01";"";"4895252503173";"";"";"TV, audio a video > Počítače a príslušenstvo > Sieťové prvky > WiFi routery";"TV, audio a video > Počítače a príslušenstvo > Sieťové prvky > WiFi routery";"";"";"";"";"";"";"";"";"";"TP-Link Deco X10, 2ks";""
"KB_100001021553";"";"D-LINK WiFi LTE USB Modem (DWR-933)";"5d86e630-92ac-11f1-952f-bc2411833e01";"";"790069450068";"";"";"TV, audio a video > Počítače a príslušenstvo > Sieťové prvky > WiFi routery";"TV, audio a video > Počítače a príslušenstvo > Sieťové prvky > WiFi routery";"";"";"";"";"";"";"";"";"";"D-Link DWR-933";""
"KB_100002102375";"";"Fixed kabel USB-C/USB-C FIXDBP-CC2-GR";"5f4b7a9e-92ac-11f1-a359-bc2411833e01";"";"8591680168675";"";"";"TV, audio a video > Mobily a tablety > Príslušenstvo > Káble pre mobily";"TV, audio a video > Mobily a tablety > Príslušenstvo > Káble pre mobily";"";"";"";"";"";"";"";"";"";"Fixed FIXDBP-CC2-GR USB-C/USB-C, PD 3.1, 240W, 2m, sivý";""
"KB_100002103222";"";"KMP H-T259B (HP W2070A Black)";"60cc1e82-92ac-11f1-aa93-bc2411833e01";"";"4011324374865";"";"";"TV, audio a video > Počítače a príslušenstvo > Tlačiarne a skenery > Tonery";"TV, audio a video > Počítače a príslušenstvo > Tlačiarne a skenery > Tonery";"";"";"";"";"";"";"";"";"";"KMP HP W2070A - kompatibilný";""
"KB_340930019999";"";"UNI ME 2153 vařič Solo";"62358f2e-92ac-11f1-8695-bc2411833e01";"";"8590584215300";"";"";"Domáce spotrebiče > Malé spotrebiče > Grily, pekárne, variče > Elektrické variče";"Domáce spotrebiče > Malé spotrebiče > Grily, pekárne, variče > Elektrické variče";"";"";"";"";"";"";"";"";"";"Meva Solo";""
"KB_100002104315";"";"Black&Decker BXMRA1500E";"63b5ae7e-92ac-11f1-b91d-bc2411833e01";"";"8432406350083";"";"";"Domáce spotrebiče > Malé spotrebiče > Vzduchotechnika > Vykurovacie telesá > Vykurovacie telesá, radiátory > Konvektory";"Domáce spotrebiče > Malé spotrebiče > Vzduchotechnika > Vykurovacie telesá > Vykurovacie telesá, radiátory > Konvektory";"";"";"";"";"";"";"";"";"";"Black & Decker BXMRA1500E Mica";""
"KB_100001517276";"";"MERCUSYS WiFi AC1300 Halo H30G (2-pack)";"642c32f6-92ac-11f1-9883-bc2411833e01";"";"6957939000677";"";"";"TV, audio a video > Počítače a príslušenstvo > Sieťové prvky > WiFi routery";"TV, audio a video > Počítače a príslušenstvo > Sieťové prvky > WiFi routery";"";"";"";"";"";"";"";"";"";"Mercusys Halo H30G, 2ks";""
"KB_100001743283";"";"KMP H96CX (HP 305XL Colour)";"6494785c-92ac-11f1-ac96-bc2411833e01";"";"4011324000160";"";"";"TV, audio a video > Počítače a príslušenstvo > Tlačiarne a skenery > Atramenty";"TV, audio a video > Počítače a príslušenstvo > Tlačiarne a skenery > Atramenty";"";"";"";"";"";"";"";"";"";"KMP HP 3YM63AE - kompatibilný";""
"KB_100002103224";"";"KMP H-T259M (HP W2073A Magenta)";"64aa8db8-92ac-11f1-b6bb-bc2411833e01";"";"4011324374889";"";"";"TV, audio a video > Počítače a príslušenstvo > Tlačiarne a skenery > Tonery";"TV, audio a video > Počítače a príslušenstvo > Tlačiarne a skenery > Tonery";"";"";"";"";"";"";"";"";"";"KMP HP W2073A - kompatibilný";""
"KB_100002103225";"";"KMP H-T259Y (HP W2072A Yellow)";"64b42c7e-92ac-11f1-9d46-bc2411833e01";"";"4011324374896";"";"";"TV, audio a video > Počítače a príslušenstvo > Tlačiarne a skenery > Tonery";"TV, audio a video > Počítače a príslušenstvo > Tlačiarne a skenery > Tonery";"";"";"";"";"";"";"";"";"";"KMP HP W2072A - kompatibilný";""
"KB_100002120867";"";"Fixed držák do auta FIXICQ-FLEXXL-BK";"65323286-92ac-11f1-b853-bc2411833e01";"";"8591680173679";"";"";"TV, audio a video > Mobily a tablety > Príslušenstvo > Držiaky na mobily";"TV, audio a video > Mobily a tablety > Príslušenstvo > Držiaky na mobily";"";"";"";"";"";"";"";"";"";"FIXED Iconiq Flex XL FIXICQ-FLEXXL-BK";""
"KB_100002073231";"";"PS5 DualSense Controller Starlight Blue";"65c37606-92ac-11f1-bf47-bc2411833e01";"";"711719576013";"";"";"TV, audio a video > Počítače a príslušenstvo > Herné zariadenia > Herné ovládače > Gamepady";"TV, audio a video > Počítače a príslušenstvo > Herné zariadenia > Herné ovládače > Gamepady";"";"";"";"";"";"";"";"";"";"PlayStation 5 DualSense PS719727897";""
"KB_100000650993";"";"CANON PG-560BK Black";"6771ec94-92ac-11f1-b8a6-bc2411833e01";"";"4549292144642";"";"";"TV, audio a video > Počítače a príslušenstvo > Tlačiarne a skenery > Atramenty";"TV, audio a video > Počítače a príslušenstvo > Tlačiarne a skenery > Atramenty";"";"";"";"";"";"";"";"";"";"Canon 3713C001 - originálny";""
"KB_100002081657";"";"Rapoo E9310M klávesnice bílá";"682c625e-92ac-11f1-82e2-bc2411833e01";"";"6940056126368";"";"";"TV, audio a video > Počítače a príslušenstvo > PC periférie > Klávesnice";"TV, audio a video > Počítače a príslušenstvo > PC periférie > Klávesnice";"";"";"";"";"";"";"";"";"";"Rapoo E9310M 6940056126368";""
"KB_100002127072";"";"G3Ferrari G2013900 Artiko Výrobník ledu";"68d0d906-92ac-11f1-b27a-bc2411833e01";"";"8056095879177";"";"";"Domáce spotrebiče > Malé spotrebiče > Príprava nápojov > Výrobníky ľadu";"Domáce spotrebiče > Malé spotrebiče > Príprava nápojov > Výrobníky ľadu";"";"";"";"";"";"";"";"";"";"G3Ferrari G20139";""
"KB_100002096262";"";"Carrera D124 BMW M4 GT3 Safety Car";"68f0822e-92ac-11f1-bada-bc2411833e01";"";"4007486239708";"";"";"Šport, hračky a voľný čas > Hračky > Autá, letadla, lode";"Šport, hračky a voľný čas > Hračky > Autá, letadla, lode";"";"";"";"";"";"";"";"";"";"Carrera Auto D124 23970 BMW M4 GT3 Safety Car";""
"KB_100002104850";"";"TESLA Cook BBQ150";"6b250e2a-92ac-11f1-8da7-bc2411833e01";"";"8595689805975";"";"";"Domáce spotrebiče > Malé spotrebiče > Ostatné domáce spotrebiče";"Domáce spotrebiče > Malé spotrebiče > Ostatné domáce spotrebiče";"";"";"";"";"";"";"";"";"";"Inteligentná teplotná sonda TESLA Cook BBQ150";""
"KB_100002127850";"";"Samsung Galaxy S25 5G 128GB Dark Blue";"6b3284b0-92ac-11f1-8619-bc2411833e01";"";"8806095852256";"";"";"TV, audio a video > Mobily a tablety > Smart telefóny";"TV, audio a video > Mobily a tablety > Smart telefóny";"";"";"";"";"";"";"";"";"";"Samsung Galaxy S25 12GB/128GB S931B Navy";""
"KB_100002127870";"";"Samsung Galaxy S25 Ultra 5G 256GB Silver";"6b3d800e-92ac-11f1-924c-bc2411833e01";"";"8806097022459";"";"";"TV, audio a video > Mobily a tablety > Smart telefóny";"TV, audio a video > Mobily a tablety > Smart telefóny";"";"";"";"";"";"";"";"";"";"Samsung Galaxy S25 Ultra 12GB/256GB S938B Titanium Whitesilver";""
"KB_100002127872";"";"Samsung Galaxy S25 Ultra 5G 256GB Titan";"6b48a66e-92ac-11f1-90ee-bc2411833e01";"";"8806095860107";"";"";"TV, audio a video > Mobily a tablety > Smart telefóny";"TV, audio a video > Mobily a tablety > Smart telefóny";"";"";"";"";"";"";"";"";"";"Samsung Galaxy S25 Ultra 12GB/256GB S938B Titanium Gray";""
"KB_100002127879";"";"Samsung Galaxy S25 Ultra 5G 1TB Blue";"6b53579e-92ac-11f1-b227-bc2411833e01";"";"8806095861920";"";"";"TV, audio a video > Mobily a tablety > Smart telefóny";"TV, audio a video > Mobily a tablety > Smart telefóny";"";"";"";"";"";"";"";"";"";"Samsung Galaxy S25 Ultra 12GB/1TB S938B Titanium Silverblue";""
"KB_100002104305";"";"Black&Decker BXPC1100E";"6d0e1740-92ac-11f1-94eb-bc2411833e01";"";"8432406680104";"";"";"Domáce spotrebiče > Malé spotrebiče > Na párty a oslavy";"Domáce spotrebiče > Malé spotrebiče > Na párty a oslavy";"";"";"";"";"";"";"";"";"";"Black & Decker BXPC1100E";""
"KB_100001785645";"";"Black&Decker BXCSH2000E";"6d1872f8-92ac-11f1-a6d7-bc2411833e01";"";"8432406350021";"";"";"Domáce spotrebiče > Malé spotrebiče > Vzduchotechnika > Vykurovacie telesá > Vykurovacie telesá, radiátory > Konvektory";"Domáce spotrebiče > Malé spotrebiče > Vzduchotechnika > Vykurovacie telesá > Vykurovacie telesá, radiátory > Konvektory";"";"";"";"";"";"";"";"";"";"Black & Decker BXCSH2000E";""
"KB_100002129948";"";"Ariete ART 205/01";"6dd974c6-92ac-11f1-bd15-bc2411833e01";"";"8003705121324";"";"";"Domáce spotrebiče > Malé spotrebiče > Sendvičovače, hriankovače, vaflovače > Hriankovače";"Domáce spotrebiče > Malé spotrebiče > Sendvičovače, hriankovače, vaflovače > Hriankovače";"";"";"";"";"";"";"";"";"";"Ariete Party Time Hamburger Maker 205/01 modrý";""
"KB_100002073230";"";"PS5 DualSense Controller Galactic Purple";"6e4293f2-92ac-11f1-803b-bc2411833e01";"";"711719575993";"";"";"TV, audio a video > Počítače a príslušenstvo > Herné zariadenia > Herné ovládače > Gamepady";"TV, audio a video > Počítače a príslušenstvo > Herné zariadenia > Herné ovládače > Gamepady";"";"";"";"";"";"";"";"";"";"PlayStation 5 DualSense PS719728894";""
"KB_100002130351";"";"TP-LINK Archer BE220 WiFi 7 Router";"6e91620c-92ac-11f1-aaff-bc2411833e01";"";"1210002600842";"";"";"TV, audio a video > Počítače a príslušenstvo > Sieťové prvky > WiFi routery";"TV, audio a video > Počítače a príslušenstvo > Sieťové prvky > WiFi routery";"";"";"";"";"";"";"";"";"";"TP-Link Archer BE220";""
"KB_100002121696";"";"Fixed Odnímatelné pouzdro mob FIXBIB2-BK";"6ed4218c-92ac-11f1-af57-bc2411833e01";"";"8591680165384";"";"";"TV, audio a video > Mobily a tablety > Príslušenstvo > Puzdrá na mobilné telefóny";"TV, audio a video > Mobily a tablety > Príslušenstvo > Puzdrá na mobilné telefóny";"";"";"";"";"";"";"";"";"";"FIXED Bikee Bag 2 FIXBIB2-BK";""
"KB_100002126770";"";"Remoska® Europa Hrnec 24 cm";"70646da4-92ac-11f1-b854-bc2411833e01";"";"8595006128275";"";"";"Domáce spotrebiče > Malé spotrebiče > Nádobie > Hrnce";"Domáce spotrebiče > Malé spotrebiče > Nádobie > Hrnce";"";"";"";"";"";"";"";"";"";"Remoska Europa Hrniec 24 cm R2003224109";""
"KB_100002103674";"";"ScanPart čistítí tablekty 2fázové 40ks";"710bc41e-92ac-11f1-918f-bc2411833e01";"";"4012074058050";"";"";"Domáce spotrebiče > Malé spotrebiče > Príslušenstvo k malým spotrebičom > Príslušenstvo ku kávovarom";"Domáce spotrebiče > Malé spotrebiče > Príslušenstvo k malým spotrebičom > Príslušenstvo ku kávovarom";"";"";"";"";"";"";"";"";"";"ScanPart Čistiace tabletky 40ks";""
"KB_100002127412";"";"Niceboy OFFICE K30 Black";"715c65ae-92ac-11f1-8426-bc2411833e01";"";"8594182428773";"";"";"TV, audio a video > Počítače a príslušenstvo > PC periférie > Klávesnice";"TV, audio a video > Počítače a príslušenstvo > PC periférie > Klávesnice";"";"";"";"";"";"";"";"";"";"Niceboy Office K30 CZ/SK office-k30-b";""
"KB_100002127535";"";"Fixed pouzdr XRN14P5G/PX7 FIXOP3-1432-BK";"717b3cfe-92ac-11f1-a2f9-bc2411833e01";"";"8591680167821";"";"";"TV, audio a video > Mobily a tablety > Príslušenstvo > Puzdrá na mobilné telefóny";"TV, audio a video > Mobily a tablety > Príslušenstvo > Puzdrá na mobilné telefóny";"";"";"";"";"";"";"";"";"";"Fixed Opus pro Xiaomi Redmi Note 14 Pro 5G/POCO X7 5G černé FIXOP3-1432-BK (FIXOP3-1432-BK)";""
"KB_100002127852";"";"Samsung Galaxy S25 5G 128GB Green";"71b3b49e-92ac-11f1-b6a2-bc2411833e01";"";"8806095852881";"";"";"TV, audio a video > Mobily a tablety > Smart telefóny";"TV, audio a video > Mobily a tablety > Smart telefóny";"";"";"";"";"";"";"";"";"";"Samsung Galaxy S25 12GB/128GB S931B Mint";""
"KB_100002127858";"";"Samsung Galaxy S25 5G 512GB Dark Blue";"71bd8546-92ac-11f1-9713-bc2411833e01";"";"8806095851891";"";"";"TV, audio a video > Mobily a tablety > Smart telefóny";"TV, audio a video > Mobily a tablety > Smart telefóny";"";"";"";"";"";"";"";"";"";"Samsung Galaxy S25 12GB/512GB S931B Navy";""
"KB_100002127860";"";"Samsung Galaxy S25 5G 512GB Green";"71f52c1c-92ac-11f1-a432-bc2411833e01";"";"8806095852522";"";"";"TV, audio a video > Mobily a tablety > Smart telefóny";"TV, audio a video > Mobily a tablety > Smart telefóny";"";"";"";"";"";"";"";"";"";"Samsung Galaxy S25 12GB/512GB S931B Mint";""
"KB_100002127871";"";"Samsung Galaxy S25 Ultra 5G 256GB Blue";"7200d85a-92ac-11f1-b38b-bc2411833e01";"";"8806095859415";"";"";"TV, audio a video > Mobily a tablety > Smart telefóny";"TV, audio a video > Mobily a tablety > Smart telefóny";"";"";"";"";"";"";"";"";"";"Samsung Galaxy S25 Ultra 12GB/256GB S938B Titanium Silverblue";""
"KB_100002127875";"";"Samsung Galaxy S25 Ultra 5G 512GB Blue";"720c7c1e-92ac-11f1-aa02-bc2411833e01";"";"8806095862095";"";"";"TV, audio a video > Mobily a tablety > Smart telefóny";"TV, audio a video > Mobily a tablety > Smart telefóny";"";"";"";"";"";"";"";"";"";"Samsung Galaxy S25 Ultra 12GB/512GB S938B Titanium Silverblue";""
"KB_100002131483";"";"ALI MiTag set 3ks Google Find My APD006";"7337b2ac-92ac-11f1-95d5-bc2411833e01";"";"8596426111489";"";"";"TV, audio a video > Mobily a tablety > Nositeľná elektronika > Lokátory";"TV, audio a video > Mobily a tablety > Nositeľná elektronika > Lokátory";"";"";"";"";"";"";"";"";"";"Aligator MiTag Google Find My Device APD006";""
"KB_100002102213";"";"Samsung VG-SCFC32BWBXC";"740a9262-92ac-11f1-aa11-bc2411833e01";"";"8806094913552";"";"";"TV, audio a video > Príslušenstvo k TV, audio, video";"TV, audio a video > Príslušenstvo k TV, audio, video";"";"";"";"";"";"";"";"";"";"Samsung VG-SCFC32BWBXC";""
"KB_100002130041";"";"Laica LAI APM002";"74a0f572-92ac-11f1-826b-bc2411833e01";"";"8033224603872";"";"";"Domáce spotrebiče > Malé spotrebiče > Príslušenstvo k malým spotrebičom > Príslušenstvo ku kuchynským robotom";"Domáce spotrebiče > Malé spotrebiče > Príslušenstvo k malým spotrebičom > Príslušenstvo ku kuchynským robotom";"";"";"";"";"";"";"";"";"";"Laica Stojan na cestoviny APM002";""
"KB_100002131714";"";"BWT filtry pro extra tvrdou vodu 6ks";"7520c7a2-92ac-11f1-b9eb-bc2411833e01";"";"9022001909831";"";"";"Domáce spotrebiče > Malé spotrebiče > Príprava nápojov > Príslušenstvo pre filtračné kanvice";"Domáce spotrebiče > Malé spotrebiče > Príprava nápojov > Príslušenstvo pre filtračné kanvice";"";"";"";"";"";"";"";"";"";"BWT Jemná filtrovaná voda 6 ks";""
"KB_100002102278";"";"Leifheit Set PowerClean M+náhr. zdarma";"752a59d4-92ac-11f1-94e9-bc2411833e01";"";"4006501555151";"";"";"Domáce spotrebiče > Malé spotrebiče > Upratovacie pomôcky > Mopy a upratovacie súpravy";"Domáce spotrebiče > Malé spotrebiče > Upratovacie pomôcky > Mopy a upratovacie súpravy";"";"";"";"";"";"";"";"";"";"Leifheit Set PowerClean M + náhrada micro duo zdarma";""
"KB_100002102948";"";"Fixed pouzdro SG S24 FE FIXOP3-1391-BK";"75bd6c60-92ac-11f1-9df1-bc2411833e01";"";"8591680173600";"";"";"TV, audio a video > Mobily a tablety > Príslušenstvo > Puzdrá na mobilné telefóny";"TV, audio a video > Mobily a tablety > Príslušenstvo > Puzdrá na mobilné telefóny";"";"";"";"";"";"";"";"";"";"Fixed Opus Samsung Galaxy S24 FE čierne FIXOP3-1391-BK";""
"KB_100002102519";"";"Ariete Breakfast Sandwich 1971, černý";"75f0fcb0-92ac-11f1-8ab0-bc2411833e01";"";"8003705121126";"";"";"Domáce spotrebiče > Malé spotrebiče > Sendvičovače, hriankovače, vaflovače > Sendvičovače";"Domáce spotrebiče > Malé spotrebiče > Sendvičovače, hriankovače, vaflovače > Sendvičovače";"";"";"";"";"";"";"";"";"";"Ariete Breakfast 1971 čierny";""
"KB_100002129922";"";"Ariete ART 808/05";"76453280-92ac-11f1-84ec-bc2411833e01";"";"8003705119130";"";"";"Domáce spotrebiče > Malé spotrebiče > Vzduchotechnika > Vykurovacie telesá > Vykurovacie telesá, radiátory > Olejové radiátory";"Domáce spotrebiče > Malé spotrebiče > Vzduchotechnika > Vykurovacie telesá > Vykurovacie telesá, radiátory > Olejové radiátory";"";"";"";"";"";"";"";"";"";"Ariete Vintage 808/05 modrý";""
"KB_100002126032";"";"Asus ROG FALCHION RX Low profile(ROG RX";"76a58338-92ac-11f1-a0d0-bc2411833e01";"";"4711387334409";"";"";"TV, audio a video > Počítače a príslušenstvo > PC periférie > Klávesnice";"TV, audio a video > Počítače a príslušenstvo > PC periférie > Klávesnice";"";"";"";"";"";"";"";"";"";"Asus ROG FALCHION RX Low profile 90MP03EC-BKUA10";""
"KB_100002069686";"";"ScanPart Vodní filtr pro Bosch";"7733b36a-92ac-11f1-9d78-bc2411833e01";"";"4012074053079";"";"";"Domáce spotrebiče > Malé spotrebiče > Príslušenstvo k malým spotrebičom > Príslušenstvo ku kávovarom";"Domáce spotrebiče > Malé spotrebiče > Príslušenstvo k malým spotrebičom > Príslušenstvo ku kávovarom";"";"";"";"";"";"";"";"";"";"Scanpart SCA2790000866";""
"KB_100002103128";"";"Fixed nabíjecí stojan 3v1 FIXMFLE-AL-GR";"7750d5a8-92ac-11f1-afd6-bc2411833e01";"";"8591680173730";"";"";"TV, audio a video > Mobily a tablety > Príslušenstvo > Nabíjačky pre mobily";"TV, audio a video > Mobily a tablety > Príslušenstvo > Nabíjačky pre mobily";"";"";"";"";"";"";"";"";"";"Fixed FIXMFLE-AL-GR";""
"KB_100002080841";"";"TP-LINK WiFi AX3000 (Deco X55 3-pack)";"779bb5be-92ac-11f1-b692-bc2411833e01";"";"4897098683019";"";"";"TV, audio a video > Počítače a príslušenstvo > Sieťové prvky > WiFi routery";"TV, audio a video > Počítače a príslušenstvo > Sieťové prvky > WiFi routery";"";"";"";"";"";"";"";"";"";"TP-Link Deco X55, 3ks";""
"KB_100002103819";"";"Superior posuvná podložka 37-62cm";"77a9fc6e-92ac-11f1-a185-bc2411833e01";"";"8054242081541";"";"";"Domáce spotrebiče > Veľké spotrebiče > Práčky > Príslušenstvo k práčkam a sušičkám";"Domáce spotrebiče > Veľké spotrebiče > Práčky > Príslušenstvo k práčkam a sušičkám";"";"";"";"";"";"";"";"";"";"Superior SUPSLW003";""
"KB_100002103829";"";"CARNEO Smart Ring Black velikost 11";"77b76c3c-92ac-11f1-a8cb-bc2411833e01";"";"8588009299783";"";"";"TV, audio a video > Mobily a tablety > Nositeľná elektronika > Smart prstene";"TV, audio a video > Mobily a tablety > Nositeľná elektronika > Smart prstene";"";"";"";"";"";"";"";"";"";"Carneo RING No.1 veľkosť 11";""
"KB_100002096254";"";"Carrera autodráha FIRST Spidey Web Spin";"77dc2572-92ac-11f1-ab5f-bc2411833e01";"";"4007486630499";"";"";"Šport, hračky a voľný čas > Hračky > Autodráhy";"Šport, hračky a voľný čas > Hračky > Autodráhy";"";"";"";"";"";"";"";"";"";"Carrera Autodráha FIRST 63049 Spidey Web Spin";""
"KB_100002103465";"";"Ariete Breakfast Toaster 157/04, bílý";"78115c92-92ac-11f1-a05c-bc2411833e01";"";"8003705121867";"";"";"Domáce spotrebiče > Malé spotrebiče > Sendvičovače, hriankovače, vaflovače > Hriankovače";"Domáce spotrebiče > Malé spotrebiče > Sendvičovače, hriankovače, vaflovače > Hriankovače";"";"";"";"";"";"";"";"";"";"Ariete Breakfast 157/04 biely";""
"KB_100002104314";"";"Black&Decker BXCSH2001E";"787bb3ee-92ac-11f1-856d-bc2411833e01";"";"8432406350090";"";"";"Domáce spotrebiče > Malé spotrebiče > Vzduchotechnika > Vykurovacie telesá > Vykurovacie telesá, radiátory > Konvektory";"Domáce spotrebiče > Malé spotrebiče > Vzduchotechnika > Vykurovacie telesá > Vykurovacie telesá, radiátory > Konvektory";"";"";"";"";"";"";"";"";"";"Black+Decker BXCSH2001E";""
"KB_100002134603";"";"Samsung QE85QN70F NEO QLED";"78de73da-92ac-11f1-988b-bc2411833e01";"";"8806095917023";"";"";"TV, audio a video > Televízory > QLED, NeoQLED televízory";"TV, audio a video > Televízory > QLED, NeoQLED televízory";"";"";"";"";"";"";"";"";"";"Samsung QE85QN70FAU";""
"KB_100002134645";"";"Fixed Slim Traveller 45W FIXCG45S-2CD-WH";"7904df34-92ac-11f1-a112-bc2411833e01";"";"8591680165834";"";"";"TV, audio a video > Mobily a tablety > Príslušenstvo > Nabíjačky pre mobily";"TV, audio a video > Mobily a tablety > Príslušenstvo > Nabíjačky pre mobily";"";"";"";"";"";"";"";"";"";"FIXED FIXCG45S-2CD-WH";""
"KB_100002131003";"";"ScanPart DOLCE GUSTO kapsle pro opakovan";"7a2873a8-92ac-11f1-a853-bc2411833e01";"";"4012074051990";"";"";"Domáce spotrebiče > Malé spotrebiče > Kávovary a espressá > Kávové kapsle";"Domáce spotrebiče > Malé spotrebiče > Kávovary a espressá > Kávové kapsle";"";"";"";"";"";"";"";"";"";"ScanPart Dolce Gusto";""
"KB_100002063685";"";"Leifheit Držák kuchyňských rolí PARAT F2";"7ab6c87e-92ac-11f1-b7bf-bc2411833e01";"";"4006501257710";"";"";"Domáce spotrebiče > Malé spotrebiče > Kuchynské potreby > Ostatné kuchynské potreby";"Domáce spotrebiče > Malé spotrebiče > Kuchynské potreby > Ostatné kuchynské potreby";"";"";"";"";"";"";"";"";"";"LEIFHEIT Parat F2 Držiak kuchynských roliek, bílý 25771";""
"KB_100002136202";"";"Leifheit Držák rolí PARAT";"7ad44232-92ac-11f1-89be-bc2411833e01";"";"4006501257239";"";"";"Domáce spotrebiče > Malé spotrebiče > Kuchynské potreby > Ostatné kuchynské potreby";"Domáce spotrebiče > Malé spotrebiče > Kuchynské potreby > Ostatné kuchynské potreby";"";"";"";"";"";"";"";"";"";"LEIFHEIT Parat Plus Držiak na kuchynskú fóliu 25723";""
"KB_100002136228";"";"Leifheit Patrový sušák of Classic Tower";"7ade228e-92ac-11f1-8ff7-bc2411833e01";"";"4006501814708";"";"";"Domáce spotrebiče > Malé spotrebiče > Žehličky > Sušiaky na bielizeň";"Domáce spotrebiče > Malé spotrebiče > Žehličky > Sušiaky na bielizeň";"";"";"";"";"";"";"";"";"";"Leifheit Classic Tower 270 81454";""
"KB_100002131481";"";"ALI MiTag lokátor Google Find My APD003";"7afb6466-92ac-11f1-b395-bc2411833e01";"";"8596426111007";"";"";"TV, audio a video > Mobily a tablety > Nositeľná elektronika > Lokátory";"TV, audio a video > Mobily a tablety > Nositeľná elektronika > Lokátory";"";"";"";"";"";"";"";"";"";"Aligator Life Tag Apple Find My APD001";""
"KB_100002131713";"";"BWT filtry pro extra tvrdou vodu 3ks";"7bc2bc3c-92ac-11f1-a87e-bc2411833e01";"";"9022001908780";"";"";"Domáce spotrebiče > Malé spotrebiče > Príprava nápojov > Príslušenstvo pre filtračné kanvice";"Domáce spotrebiče > Malé spotrebiče > Príprava nápojov > Príslušenstvo pre filtračné kanvice";"";"";"";"";"";"";"";"";"";"BWT Jemná filtrovaná voda 3 ks";""
"KB_100002135097";"";"D-LINK WiFi 5G AX3000 Router (G530)";"7c6f669e-92ac-11f1-a17b-bc2411833e01";"";"790069476020";"";"";"TV, audio a video > Počítače a príslušenstvo > Sieťové prvky > WiFi routery";"TV, audio a video > Počítače a príslušenstvo > Sieťové prvky > WiFi routery";"";"";"";"";"";"";"";"";"";"D-Link G530";""
"KB_100002136774";"";"SAMSUNG S4 S40GD (LS24D400GAUXEN)";"7cde392a-92ac-11f1-8b1c-bc2411833e01";"";"8806095802992";"";"";"TV, audio a video > Počítače a príslušenstvo > Monitory > LCD monitory";"TV, audio a video > Počítače a príslušenstvo > Monitory > LCD monitory";"";"";"";"";"";"";"";"";"";"Samsung Essential Monitor S4 S24D400GAU";""
"KB_100000033333";"";"Leifheit Odpeckovávač švestek s nádobkou";"7d6bf044-92ac-11f1-beee-bc2411833e01";"";"4006501373007";"";"";"Domáce spotrebiče > Malé spotrebiče > Kuchynské potreby > Odkôstkovače";"Domáce spotrebiče > Malé spotrebiče > Kuchynské potreby > Odkôstkovače";"";"";"";"";"";"";"";"";"";"Leifheit Odpeckovač švestek zásobník 37300";""
"KB_100002136153";"";"Leifheit Mop na okna a rámy 4 v 1 s tele";"7de8392e-92ac-11f1-a88d-bc2411833e01";"";"4006501511201";"";"";"Domáce spotrebiče > Malé spotrebiče > Upratovacie pomôcky > Čističe okien";"Domáce spotrebiče > Malé spotrebiče > Upratovacie pomôcky > Čističe okien";"";"";"";"";"";"";"";"";"";"Leifheit 51120 Plus 3 mop na okná s teleskopickou tyčou";""
"KB_100002136204";"";"Leifheit Stěrka na okna XL 2v1 (40 cm) s";"7e8b4830-92ac-11f1-96fe-bc2411833e01";"";"4006501515230";"";"";"Domáce spotrebiče > Malé spotrebiče > Upratovacie pomôcky > Čističe okien";"Domáce spotrebiče > Malé spotrebiče > Upratovacie pomôcky > Čističe okien";"";"";"";"";"";"";"";"";"";"Leifheit 51523 Power Slide Click System stierka na okná s teleskopickou tyčou 40 cm";""
"KB_100001919249";"";"HRA XSX Wild Hearts";"7ef2c1f4-92ac-11f1-8256-bc2411833e01";"";"5030949125002";"";"";"TV, audio a video > Počítače a príslušenstvo > Herné zariadenia > Konzolové hry > Xbox One - hry";"TV, audio a video > Počítače a príslušenstvo > Herné zariadenia > Konzolové hry > Xbox One - hry";"";"";"";"";"";"";"";"";"";"Wild Hearts (XSX)";""
"KB_100002134593";"";"Samsung QE75QN85F NEO QLED";"7f6f537c-92ac-11f1-ae5b-bc2411833e01";"";"8806097051596";"";"";"TV, audio a video > Televízory > QLED, NeoQLED televízory";"TV, audio a video > Televízory > QLED, NeoQLED televízory";"";"";"";"";"";"";"";"";"";"Samsung QE75QN85FAU";""
"KB_100002134598";"";"Samsung QE75QN80F NEO QLED";"7f79bda8-92ac-11f1-b50b-bc2411833e01";"";"8806095995496";"";"";"TV, audio a video > Televízory > QLED, NeoQLED televízory";"TV, audio a video > Televízory > QLED, NeoQLED televízory";"";"";"";"";"";"";"";"";"";"Samsung QE75QN80FAU";""
"KB_100002127537";"";"Fixed pouzdro XRN 14 P4G FIXOP3-1542-BK";"7fe423c8-92ac-11f1-bbb9-bc2411833e01";"";"8591680182329";"";"";"TV, audio a video > Mobily a tablety > Príslušenstvo > Puzdrá na mobilné telefóny";"TV, audio a video > Mobily a tablety > Príslušenstvo > Puzdrá na mobilné telefóny";"";"";"";"";"";"";"";"";"";"Fixed Opus pro Xiaomi Redmi Note 14 Pro 4G černé FIXOP3-1542-BK";""
"KB_100001787719";"";"Black+Decker BXTO1001E";"80778a5a-92ac-11f1-ad3e-bc2411833e01";"";"8432406600058";"";"";"Domáce spotrebiče > Malé spotrebiče > Sendvičovače, hriankovače, vaflovače > Hriankovače";"Domáce spotrebiče > Malé spotrebiče > Sendvičovače, hriankovače, vaflovače > Hriankovače";"";"";"";"";"";"";"";"";"";"Black & Decker BXTO1001E";""
"KB_100002134624";"";"Samsung QE65LS03FW NEO QLED THE FRAME";"80816642-92ac-11f1-9fe3-bc2411833e01";"";"8806097109457";"";"";"TV, audio a video > Televízory > QLED, NeoQLED televízory";"TV, audio a video > Televízory > QLED, NeoQLED televízory";"";"";"";"";"";"";"";"";"";"Samsung The Frame QE65LS03FWU";""
"KB_100002136700";"";"Redmi Pad 2 4/128GB šedá (65579)";"80e23e04-92ac-11f1-9cd4-bc2411833e01";"";"6932554433383";"";"";"TV, audio a video > Počítače a príslušenstvo > Tablety";"TV, audio a video > Počítače a príslušenstvo > Tablety";"";"";"";"";"";"";"";"";"";"Xiaomi Redmi Pad 2 Wi-Fi 4GB/128GB Graphite Gray";""
"KB_100002136704";"";"Redmi Pad 2 4G 4/128GB (65580)";"80ec4b6a-92ac-11f1-b996-bc2411833e01";"";"6932554433222";"";"";"TV, audio a video > Počítače a príslušenstvo > Tablety";"TV, audio a video > Počítače a príslušenstvo > Tablety";"";"";"";"";"";"";"";"";"";"Xiaomi Redmi Pad 2 LTE 4GB/128GB Graphite Gray";""
"KB_100002127821";"";"LENOVO TAB 10.1 (ZAEH0037CZ)";"815f8760-92ac-11f1-8924-bc2411833e01";"";"198154670085";"";"";"TV, audio a video > Počítače a príslušenstvo > Tablety";"TV, audio a video > Počítače a príslušenstvo > Tablety";"";"";"";"";"";"";"";"";"";"Lenovo TAB 10 ZAEH0037CZ";""
"KB_100002127886";"";"ALI držák do auta s Magsafe AMS06BK";"816931c0-92ac-11f1-b19d-bc2411833e01";"";"8596426109394";"";"";"TV, audio a video > Mobily a tablety > Príslušenstvo > Držiaky na mobily";"TV, audio a video > Mobily a tablety > Príslušenstvo > Držiaky na mobily";"";"";"";"";"";"";"";"";"";"ALIGATOR AMS06BK";""
"KB_100002127902";"";"ALI DK 65W USB-C/Light 1,2m svět DATKP63";"81ee837a-92ac-11f1-9bb0-bc2411833e01";"";"8596426108908";"";"";"TV, audio a video > Mobily a tablety > Príslušenstvo > Káble pre mobily";"TV, audio a video > Mobily a tablety > Príslušenstvo > Káble pre mobily";"";"";"";"";"";"";"";"";"";"Aligator DATKP63 Dátový POWER 3A 30W / USB-C/Lightning, 1,2m, svíticí";""
"KB_100002127853";"";"Samsung Galaxy S25 5G 128GB Silver";"81f87b32-92ac-11f1-800c-bc2411833e01";"";"8806095851655";"";"";"TV, audio a video > Mobily a tablety > Smart telefóny";"TV, audio a video > Mobily a tablety > Smart telefóny";"";"";"";"";"";"";"";"";"";"Samsung Galaxy S25 12GB/128GB S931B Silver Shadow";""
"KB_100002141313";"";"Samsung Galaxy Z Flip7 5G 512GB Black";"822d064a-92ac-11f1-b9aa-bc2411833e01";"";"8806097492146";"";"";"TV, audio a video > Mobily a tablety > Smart telefóny";"TV, audio a video > Mobily a tablety > Smart telefóny";"";"";"";"";"";"";"";"";"";"Samsung Galaxy Z Flip7 F766B 12GB/512GB Jetblack";""
"KB_100002127856";"";"Samsung Galaxy S25 5G 256GB Green";"82695640-92ac-11f1-8380-bc2411833e01";"";"8806095852690";"";"";"TV, audio a video > Mobily a tablety > Smart telefóny";"TV, audio a video > Mobily a tablety > Smart telefóny";"";"";"";"";"";"";"";"";"";"Samsung Galaxy S25 12GB/256GB S931B Mint";""
"KB_100002127861";"";"Samsung Galaxy S25 5G 512GB Silver";"8272e00c-92ac-11f1-9fc9-bc2411833e01";"";"8806095851297";"";"";"TV, audio a video > Mobily a tablety > Smart telefóny";"TV, audio a video > Mobily a tablety > Smart telefóny";"";"";"";"";"";"";"";"";"";"Samsung Galaxy S25 12GB/512GB S931B Silver Shadow";""
"KB_100002127881";"";"Samsung Galaxy S25 Ultra 5G 1TB Black";"827e4b7c-92ac-11f1-b428-bc2411833e01";"";"8806095815640";"";"";"TV, audio a video > Mobily a tablety > Smart telefóny";"TV, audio a video > Mobily a tablety > Smart telefóny";"";"";"";"";"";"";"";"";"";"Samsung Galaxy S25 Ultra 12GB/1TB S938B Titanium Black";""
"KB_100000033293";"";"Leifheit Žehlicí prkno Classic S Basic";"82e64a42-92ac-11f1-bbab-bc2411833e01";"";"4006501725769";"";"";"Domáce spotrebiče > Malé spotrebiče > Žehličky > Žehliace dosky";"Domáce spotrebiče > Malé spotrebiče > Žehličky > Žehliace dosky";"";"";"";"";"";"";"";"";"";"Leifheit Fashion 72576 S";""
"KB_100000286808";"";"Leifheit Stěrka na dlaždice a vanu FLEXI";"83c99040-92ac-11f1-bfde-bc2411833e01";"";"4006501417008";"";"";"Domáce spotrebiče > Malé spotrebiče > Upratovacie pomôcky > Mopy a upratovacie súpravy";"Domáce spotrebiče > Malé spotrebiče > Upratovacie pomôcky > Mopy a upratovacie súpravy";"";"";"";"";"";"";"";"";"";"Leifheit Flexipad Evo stierka na dlaždice a vaňu s rukoväťou 41700";""
"KB_100002136133";"";"Leifheit Vakuovací sáčky 20x30 cm";"83d3b728-92ac-11f1-850a-bc2411833e01";"";"4006501032393";"";"";"Domáce spotrebiče > Malé spotrebiče > Vákuovačky a zváračky fólií > Príslušenstvo pre vákuovačky a zváračky";"Domáce spotrebiče > Malé spotrebiče > Vákuovačky a zváračky fólií > Príslušenstvo pre vákuovačky a zváračky";"";"";"";"";"";"";"";"";"";"Leifheit 03239 20 x 30 cm 50 ks";""
"KB_100002136160";"";"Leifheit Sada 2 náhradních potahů hlavic";"83dd9bda-92ac-11f1-8c84-bc2411833e01";"";"4006501119414";"";"";"Domáce spotrebiče > Malé spotrebiče > Upratovacie pomôcky > Mopy a upratovacie súpravy";"Domáce spotrebiče > Malé spotrebiče > Upratovacie pomôcky > Mopy a upratovacie súpravy";"";"";"";"";"";"";"";"";"";"Kryt parnej hlavy Clean Tenso Power 2 ks LEIFHEIT 11941";""
"KB_100002141556";"";"TCL NXTPAPER 14 Gray";"846358c4-92ac-11f1-aed2-bc2411833e01";"";"4894461994680";"";"";"TV, audio a video > Počítače a príslušenstvo > Tablety";"TV, audio a video > Počítače a príslušenstvo > Tablety";"";"";"";"";"";"";"";"";"";"TCL NXTPAPER 14 9491G-2CLCA111-6";""
"KB_100002127342";"";"FIXED pouzd 60N/50N/MS50 FIXOP3-1442-BK";"85116dc4-92ac-11f1-924d-bc2411833e01";"";"8591680168200";"";"";"TV, audio a video > Mobily a tablety > Príslušenstvo > Puzdrá na mobilné telefóny";"TV, audio a video > Mobily a tablety > Príslušenstvo > Puzdrá na mobilné telefóny";"";"";"";"";"";"";"";"";"";"Fixed Opus Motorola Edge 50 Neo čierne FIXOP3-1442-BK";""
"KB_100002127346";"";"FIXED pouzdro SG S25 FIXOP3-1504-BK";"851d128c-92ac-11f1-a983-bc2411833e01";"";"8591680177936";"";"";"TV, audio a video > Mobily a tablety > Príslušenstvo > Puzdrá na mobilné telefóny";"TV, audio a video > Mobily a tablety > Príslušenstvo > Puzdrá na mobilné telefóny";"";"";"";"";"";"";"";"";"";"Fixed Opus Samsung Galaxy S25 čierne FIXOP3-1504-BK";""
"KB_100001453241";"";"APPLE AirTag Lokátor";"856fdaee-92ac-11f1-a69d-bc2411833e01";"";"190199535039";"";"";"TV, audio a video > Mobily a tablety > Nositeľná elektronika > Lokátory";"TV, audio a video > Mobily a tablety > Nositeľná elektronika > Lokátory";"";"";"";"";"";"";"";"";"";"Apple AirTag (1 pack) MX532ZM/A";""
"KB_100002141315";"";"Samsung Galaxy Z Flip7 5G 512GB Blue";"8671349c-92ac-11f1-88bf-bc2411833e01";"";"8806097427049";"";"";"TV, audio a video > Mobily a tablety > Smart telefóny";"TV, audio a video > Mobily a tablety > Smart telefóny";"";"";"";"";"";"";"";"";"";"Samsung Galaxy Z Flip7 F766B 12GB/512GB Blue Shadow";""
"KB_100002141319";"";"Samsung Galaxy Z Fold7 5G 512GB Silver";"8685c0a6-92ac-11f1-9666-bc2411833e01";"";"8806097425625";"";"";"TV, audio a video > Mobily a tablety > Smart telefóny";"TV, audio a video > Mobily a tablety > Smart telefóny";"";"";"";"";"";"";"";"";"";"Samsung Galaxy Z Fold7 F966B 12GB/512GB Silver Shadow";""
"KB_100002129995";"";"Laica LAI LC7107";"88651854-92ac-11f1-b68d-bc2411833e01";"";"8013240200958";"";"";"Domáce spotrebiče > Malé spotrebiče > Kuchynské potreby > Kuchynské váhy";"Domáce spotrebiče > Malé spotrebiče > Kuchynské potreby > Kuchynské váhy";"";"";"";"";"";"";"";"";"";"Laica LC 7107";""
"KB_100002130026";"";"Laica LAI BRK80A01";"886efd7e-92ac-11f1-8580-bc2411833e01";"";"8013240708225";"";"";"Domáce spotrebiče > Malé spotrebiče > Príprava nápojov > Filtračné kanvice";"Domáce spotrebiče > Malé spotrebiče > Príprava nápojov > Filtračné kanvice";"";"";"";"";"";"";"";"";"";"Laica Filtračná thermo nerezová fľaša čierna rúčka";""
"KB_100002143013";"";"Samsung A175 Galaxy A17 128GB Black";"889034a8-92ac-11f1-a879-bc2411833e01";"";"8806097651000";"";"";"TV, audio a video > Mobily a tablety > Smart telefóny";"TV, audio a video > Mobily a tablety > Smart telefóny";"";"";"";"";"";"";"";"";"";"Samsung Galaxy A17 A175F 4GB/128GB Black";""
"KB_100002127971";"";"Fixed pouzdro MMot G75 5G FIXOP3-1498-BK";"8aacecb8-92ac-11f1-bbec-bc2411833e01";"";"8591680179978";"";"";"TV, audio a video > Mobily a tablety > Príslušenstvo > Puzdrá na mobilné telefóny";"TV, audio a video > Mobily a tablety > Príslušenstvo > Puzdrá na mobilné telefóny";"";"";"";"";"";"";"";"";"";"FIXED Opus pro Motorola Moto G75 5G černé FIXOP3-1498-BK";""
"KB_100002127874";"";"Samsung Galaxy S25 Ultra 5G 512GB Silver";"8b2a6e72-92ac-11f1-a1c4-bc2411833e01";"";"8806097022435";"";"";"TV, audio a video > Mobily a tablety > Smart telefóny";"TV, audio a video > Mobily a tablety > Smart telefóny";"";"";"";"";"";"";"";"";"";"Samsung Galaxy S25 Ultra 12GB/512GB S938B Titanium Whitesilver";""
"KB_100002148347";"";"Fixed pouzdro A iP 17PM FIXPUNM2-1603-BK";"8c01b044-92ac-11f1-b4b2-bc2411833e01";"";"8591680187232";"";"";"TV, audio a video > Mobily a tablety > Príslušenstvo > Puzdrá na mobilné telefóny";"TV, audio a video > Mobily a tablety > Príslušenstvo > Puzdrá na mobilné telefóny";"";"";"";"";"";"";"";"";"";"Fixed MagPure Neck s černou šňůrkou na krk pro Apple iPhone 17 Pro Max FIXPUNM2-1603-BK";""
"KB_100002068422";"";"PS5 DualSense Wireless Volcanic Red";"8ca5c1ca-92ac-11f1-8291-bc2411833e01";"";"711000040728";"";"";"TV, audio a video > Počítače a príslušenstvo > Herné zariadenia > Herné ovládače > Gamepady";"TV, audio a video > Počítače a príslušenstvo > Herné zariadenia > Herné ovládače > Gamepady";"";"";"";"";"";"";"";"";"";"Pay Station 5 Dualsense PS711000040728";""
"KB_100002131668";"";"Fixed pouzdro POCO F7 FIXOP3-1533-BK";"8cee413e-92ac-11f1-bd1e-bc2411833e01";"";"8591680181513";"";"";"TV, audio a video > Mobily a tablety > Príslušenstvo > Puzdrá na mobilné telefóny";"TV, audio a video > Mobily a tablety > Príslušenstvo > Puzdrá na mobilné telefóny";"";"";"";"";"";"";"";"";"";"Fixed Opus puzdro typu kniha pre POCO F7, čierne FIXOP3-1533-BK";""
"KB_100001499892";"";"Evolveo Motion D1, ovladač s klávesnicí";"8dc189fe-92ac-11f1-88f7-bc2411833e01";"";"8595683201247";"";"";"TV, audio a video > Počítače a príslušenstvo > PC periférie > Klávesnice";"TV, audio a video > Počítače a príslušenstvo > PC periférie > Klávesnice";"";"";"";"";"";"";"";"";"";"Diaľkový ovládač Evolveo FlyMotion D1";""
"KB_100002129949";"";"Ariete ART 206/01";"8e071974-92ac-11f1-acd3-bc2411833e01";"";"8003705121348";"";"";"Domáce spotrebiče > Malé spotrebiče > Fritézy a hrnce > Parné hrnce";"Domáce spotrebiče > Malé spotrebiče > Fritézy a hrnce > Parné hrnce";"";"";"";"";"";"";"";"";"";"Ariete Party Time 206/01 modrý";""
"KB_100002164141";"";"Pedrini Infinity červená 6 porcí";"8e932ed2-92ac-11f1-9f2c-bc2411833e01";"";"883336417397";"";"";"Domáce spotrebiče > Malé spotrebiče > Kávovary a espressá > Moka kanvice a frenchpressy";"Domáce spotrebiče > Malé spotrebiče > Kávovary a espressá > Moka kanvice a frenchpressy";"";"";"";"";"";"";"";"";"";"Pedrini Infinity červená 6";""
"KB_100002142507";"";"Samsung VG-SCFF75WTBXC";"8eb22878-92ac-11f1-a479-bc2411833e01";"";"8806097237570";"";"";"TV, audio a video > Príslušenstvo k TV, audio, video";"TV, audio a video > Príslušenstvo k TV, audio, video";"";"";"";"";"";"";"";"";"";"Samsung VG-SCFF75WTBXC";""
"KB_100002134614";"";"Samsung QE75Q7F QLED";"8f04df1e-92ac-11f1-9b4f-bc2411833e01";"";"8806097118695";"";"";"TV, audio a video > Televízory > QLED, NeoQLED televízory";"TV, audio a video > Televízory > QLED, NeoQLED televízory";"";"";"";"";"";"";"";"";"";"Samsung QE75Q7FAAU";""
"KB_100002134616";"";"Samsung QE75Q6F QLED";"8f0f280c-92ac-11f1-a665-bc2411833e01";"";"8806097347583";"";"";"TV, audio a video > Televízory > QLED, NeoQLED televízory";"TV, audio a video > Televízory > QLED, NeoQLED televízory";"";"";"";"";"";"";"";"";"";"Samsung QE75Q6FAAU";""
"KB_100002134642";"";"Fixed Camino Case FIXCA-C-BK";"8f658cec-92ac-11f1-8133-bc2411833e01";"";"8591680180011";"";"";"TV, audio a video > Mobily a tablety > Príslušenstvo > Puzdrá na mobilné telefóny";"TV, audio a video > Mobily a tablety > Príslušenstvo > Puzdrá na mobilné telefóny";"";"";"";"";"";"";"";"";"";"Fixed Camino Case do 7"" čierna FIXCA-C-BK";""
"KB_100002070990";"";"PS5 DualSense Wireless Midnight Black";"8fd41f5e-92ac-11f1-8261-bc2411833e01";"";"711719022381";"";"";"TV, audio a video > Počítače a príslušenstvo > Herné zariadenia > Herné ovládače > Gamepady";"TV, audio a video > Počítače a príslušenstvo > Herné zariadenia > Herné ovládače > Gamepady";"";"";"";"";"";"";"";"";"";"PlayStation 5 DualSense PS711000050265";""
"KB_100002071008";"";"PS5 DualSense Wireless Nova Pink";"8fde0a1e-92ac-11f1-8fff-bc2411833e01";"";"711719575962";"";"";"TV, audio a video > Počítače a príslušenstvo > Herné zariadenia > Herné ovládače > Gamepady";"TV, audio a video > Počítače a príslušenstvo > Herné zariadenia > Herné ovládače > Gamepady";"";"";"";"";"";"";"";"";"";"PlayStation 5 DualSense PS719728399";""
"KB_100002164491";"";"Ali pouzdro Mag-Skin iP17 ProMax PAS0029";"90381c34-92ac-11f1-8e24-bc2411833e01";"";"8596426112547";"";"";"TV, audio a video > Mobily a tablety > Príslušenstvo > Puzdrá na mobilné telefóny";"TV, audio a video > Mobily a tablety > Príslušenstvo > Puzdrá na mobilné telefóny";"";"";"";"";"";"";"";"";"";"Aligator púzdro Mag-Skin iPhone 17 Pro Max PAS0029";""
"KB_100002123996";"";"Brita Pack 6 MAXTRApro PO 2024";"906a64be-92ac-11f1-a91d-bc2411833e01";"";"4006387126339";"";"";"Domáce spotrebiče > Malé spotrebiče > Príprava nápojov > Príslušenstvo pre filtračné kanvice";"Domáce spotrebiče > Malé spotrebiče > Príprava nápojov > Príslušenstvo pre filtračné kanvice";"";"";"";"";"";"";"";"";"";"Brita Maxtra Plus Pure Performance 6 ks";""
"KB_100002136203";"";"Leifheit Držák kuchyňských rolí ROLLY MO";"90b661fc-92ac-11f1-851c-bc2411833e01";"";"4006501257956";"";"";"Domáce spotrebiče > Malé spotrebiče > Kuchynské potreby > Ostatné kuchynské potreby";"Domáce spotrebiče > Malé spotrebiče > Kuchynské potreby > Ostatné kuchynské potreby";"";"";"";"";"";"";"";"";"";"LEIFHEIT Rolly Mobil Držiak roliek a fólií 25795";""
"KB_100002136212";"";"Leifheit Potah na žehlicí prkno Cotton C";"90c02ac0-92ac-11f1-aa23-bc2411833e01";"";"4006501716019";"";"";"Domáce spotrebiče > Malé spotrebiče > Žehličky > Žehliace dosky";"Domáce spotrebiče > Malé spotrebiče > Žehličky > Žehliace dosky";"";"";"";"";"";"";"";"";"";"Leifheit Cotton Comfort S/M";""
"KB_100002136247";"";"Leifheit Držák k zahradnímu sušáku s cen";"910c8988-92ac-11f1-8368-bc2411833e01";"";"4006501856074";"";"";"Domáce spotrebiče > Malé spotrebiče > Žehličky > Sušiaky na bielizeň";"Domáce spotrebiče > Malé spotrebiče > Žehličky > Sušiaky na bielizeň";"";"";"";"";"";"";"";"";"";"Leifheit držiak k sušiaku Linomatic 85607";""
"KB_100002171985";"";"Redmi Pad 2 Pro 8/256GB šedá (70394)";"91e6ec2c-92ac-11f1-aa94-bc2411833e01";"";"6932554463786";"";"";"TV, audio a video > Počítače a príslušenstvo > Tablety";"TV, audio a video > Počítače a príslušenstvo > Tablety";"";"";"";"";"";"";"";"";"";"Xiaomi Redmi Pad 2 Pro 8GB/256GB Graphite Gray";""
"KB_100001959516";"";"ScanPart vodní filtr kompatibilní 4ks";"9205dfce-92ac-11f1-a3f5-bc2411833e01";"";"4012074059149";"";"";"Domáce spotrebiče > Malé spotrebiče > Príprava nápojov > Príslušenstvo pre filtračné kanvice";"Domáce spotrebiče > Malé spotrebiče > Príprava nápojov > Príslušenstvo pre filtračné kanvice";"";"";"";"";"";"";"";"";"";"Scanpart SCA2790000454 4 ks";""
"KB_100002119174";"";"TP-LINK Deco BE25 (2-pack)";"93e9f3c0-92ac-11f1-93ef-bc2411833e01";"";"8885020620689";"";"";"TV, audio a video > Počítače a príslušenstvo > Sieťové prvky > WiFi routery";"TV, audio a video > Počítače a príslušenstvo > Sieťové prvky > WiFi routery";"";"";"";"";"";"";"";"";"";"TP-Link Deco BE25, 2ks";""
"KB_100002168764";"";"Samsung S731 Galaxy S25 FE 128GB White";"948003b0-92ac-11f1-8c54-bc2411833e01";"";"8806097644538";"";"";"TV, audio a video > Mobily a tablety > Smart telefóny";"TV, audio a video > Mobily a tablety > Smart telefóny";"";"";"";"";"";"";"";"";"";"Samsung Galaxy S25 FE 8GB/128GB Awesome White";""
"KB_100002168765";"";"Samsung S731 Galaxy S25 FE 256GB Black";"9489bb8a-92ac-11f1-8b65-bc2411833e01";"";"8806097644651";"";"";"TV, audio a video > Mobily a tablety > Smart telefóny";"TV, audio a video > Mobily a tablety > Smart telefóny";"";"";"";"";"";"";"";"";"";"Samsung Galaxy S25 FE 8GB/256GB Jetblack";""
"KB_100002172267";"";"Samsung Galaxy Tab A11+ 256GB Gray";"949ec9a8-92ac-11f1-bdc3-bc2411833e01";"";"8806097855071";"";"";"TV, audio a video > Počítače a príslušenstvo > Tablety";"TV, audio a video > Počítače a príslušenstvo > Tablety";"";"";"";"";"";"";"";"";"";"Samsung GalaxyTab A11+ SM-X230NZAPEUE";""
"KB_100002197914";"";"NS1 Laysara: Summit Kingdom Collector's";"9618f06a-92ac-11f1-884b-bc2411833e01";"";"5906213246011";"";"";"TV, audio a video > Počítače a príslušenstvo > Herné zariadenia > Konzolové hry > Nintendo Switch - hry";"TV, audio a video > Počítače a príslušenstvo > Herné zariadenia > Konzolové hry > Nintendo Switch - hry";"";"";"";"";"";"";"";"";"";"Laysara: Summit Kingdom (Collector's Edition)";""
"KB_100002134425";"";"Girmi PS8400 kuchyňská váha";"9684e310-92ac-11f1-aeac-bc2411833e01";"";"8056095876503";"";"";"Domáce spotrebiče > Malé spotrebiče > Kuchynské potreby > Kuchynské váhy";"Domáce spotrebiče > Malé spotrebiče > Kuchynské potreby > Kuchynské váhy";"";"";"";"";"";"";"";"";"";"Girmi PS 8400";""
"KB_100002077942";"";"BELKIN SCREENFORCE™ UltraGlass2 OVA134zz";"970f2b4c-92ac-11f1-a996-bc2411833e01";"";"745883866519";"";"";"TV, audio a video > Mobily a tablety > Príslušenstvo > Ochranné fólie pre mobilné telefóny";"TV, audio a video > Mobily a tablety > Príslušenstvo > Ochranné fólie pre mobilné telefóny";"";"";"";"";"";"";"";"";"";"Belkin ScreenForce Pro UltraGlass2 AM Screen Protection for iPhone 15 Pro Max OVA134zz";""
"KB_100002200455";"";"Beko Mezikus NPSKM";"984bc1e6-92ac-11f1-ae99-bc2411833e01";"";"8690842767135";"";"";"Domáce spotrebiče > Veľké spotrebiče > Práčky > Príslušenstvo k práčkam a sušičkám";"Domáce spotrebiče > Veľké spotrebiče > Práčky > Príslušenstvo k práčkam a sušičkám";"";"";"";"";"";"";"";"";"";"Beko NPSKM";""
"KB_100000286780";"";"Leifheit Lis na česnek PROLINE Knobi Kin";"99093ece-92ac-11f1-8bb4-bc2411833e01";"";"4006501031464";"";"";"Domáce spotrebiče > Malé spotrebiče > Kuchynské potreby > Lisy na potraviny";"Domáce spotrebiče > Malé spotrebiče > Kuchynské potreby > Lisy na potraviny";"";"";"";"";"";"";"";"";"";"Leifheit 03146";""
"KB_100002154297";"";"Kingston Canvas Select Plus 64GB";"991daef4-92ac-11f1-bf56-bc2411833e01";"";"740617348255";"";"";"TV, audio a video > Počítače a príslušenstvo > Pamäťové médiá > Pamäťové karty";"TV, audio a video > Počítače a príslušenstvo > Pamäťové médiá > Pamäťové karty";"";"";"";"";"";"";"";"";"";"Kingston Canvas Select Plus SDXC 64GB SDS3/64GB";""
"KB_100002154308";"";"Kingston Canvas Select Plus 128GB";"9927777c-92ac-11f1-97eb-bc2411833e01";"";"740617348286";"";"";"TV, audio a video > Počítače a príslušenstvo > Pamäťové médiá > Pamäťové karty";"TV, audio a video > Počítače a príslušenstvo > Pamäťové médiá > Pamäťové karty";"";"";"";"";"";"";"";"";"";"Kingston Canvas Select Plus SDXC 128GB SDS3/128GB";""
"KB_100002080835";"";"TP-LINK WiFi AX1500 (Deco X10 1-pack)";"998cb40c-92ac-11f1-a157-bc2411833e01";"";"4895252503197";"";"";"TV, audio a video > Počítače a príslušenstvo > Sieťové prvky > WiFi routery";"TV, audio a video > Počítače a príslušenstvo > Sieťové prvky > WiFi routery";"";"";"";"";"";"";"";"";"";"TP-Link Deco X10";""
"KB_100002136173";"";"Leifheit Perfect Steam Air Board L/Uni";"99dddb7a-92ac-11f1-bed6-bc2411833e01";"";"4006501716156";"";"";"Domáce spotrebiče > Malé spotrebiče > Žehličky > Žehliace dosky";"Domáce spotrebiče > Malé spotrebiče > Žehličky > Žehliace dosky";"";"";"";"";"";"";"";"";"";"Leifheit Perfect Steam Universal 71615";""
"KB_100002136199";"";"Leifheit Držák fólií (rolí) PARAT ROYAL";"99e79796-92ac-11f1-916c-bc2411833e01";"";"4006501257932";"";"";"Domáce spotrebiče > Malé spotrebiče > Kuchynské potreby > Ostatné kuchynské potreby";"Domáce spotrebiče > Malé spotrebiče > Kuchynské potreby > Ostatné kuchynské potreby";"";"";"";"";"";"";"";"";"";"LEIFHEIT Držák fólií (rolí) PARAT ROYAL EST";""
"KB_100002200944";"";"N'oveen ohřívač vody IWH160";"9a167836-92ac-11f1-92b4-bc2411833e01";"";"5902221623028";"";"";"Domáce spotrebiče > Veľké spotrebiče > Vykurovanie a ohrev vody > Ohrievače vody";"Domáce spotrebiče > Veľké spotrebiče > Vykurovanie a ohrev vody > Ohrievače vody";"";"";"";"";"";"";"";"";"";"NOVEEN IWH160";""
"KB_100002200945";"";"N'oveen ohřívač vody IWH350";"9a21c376-92ac-11f1-8714-bc2411833e01";"";"5902221621178";"";"";"Domáce spotrebiče > Veľké spotrebiče > Vykurovanie a ohrev vody > Ohrievače vody";"Domáce spotrebiče > Veľké spotrebiče > Vykurovanie a ohrev vody > Ohrievače vody";"";"";"";"";"";"";"";"";"";"Noveen IWH350";""
"KB_100002141316";"";"Samsung Galaxy Z Fold7 5G 256GB Silver";"9ad1bab0-92ac-11f1-8d88-bc2411833e01";"";"8806097423720";"";"";"TV, audio a video > Mobily a tablety > Smart telefóny";"TV, audio a video > Mobily a tablety > Smart telefóny";"";"";"";"";"";"";"";"";"";"Samsung Galaxy Z Fold7 F966B 12GB/256GB Silver Shadow";""
"KB_100002141323";"";"Samsung Galaxy Z Fold7 5G 1TB Black";"9adc91f6-92ac-11f1-967f-bc2411833e01";"";"8806097424000";"";"";"TV, audio a video > Mobily a tablety > Smart telefóny";"TV, audio a video > Mobily a tablety > Smart telefóny";"";"";"";"";"";"";"";"";"";"Samsung Galaxy Z Fold7 F966B 16GB/1TB Jetblack";""
"KB_100002164136";"";"Pedrini Aroma Induction 3 porce";"9b66d0e6-92ac-11f1-87c0-bc2411833e01";"";"883336424289";"";"";"Domáce spotrebiče > Malé spotrebiče > Kávovary a espressá > Moka kanvice a frenchpressy";"Domáce spotrebiče > Malé spotrebiče > Kávovary a espressá > Moka kanvice a frenchpressy";"";"";"";"";"";"";"";"";"";"PEDRINI Moka AROMA FULL Indukcia 3";""
"KB_100001785295";"";"N'oveen ohřívač vody IWH370";"9b90f29a-92ac-11f1-9025-bc2411833e01";"";"5902221621192";"";"";"Domáce spotrebiče > Veľké spotrebiče > Vykurovanie a ohrev vody > Ohrievače vody";"Domáce spotrebiče > Veľké spotrebiče > Vykurovanie a ohrev vody > Ohrievače vody";"";"";"";"";"";"";"";"";"";"NOVEEN IWH370";""
"KB_100002201268";"";"Samsung Galaxy S26+ 5G 256GB Blue";"9b9abb2c-92ac-11f1-9156-bc2411833e01";"";"8806097828471";"";"";"TV, audio a video > Mobily a tablety > Smart telefóny";"TV, audio a video > Mobily a tablety > Smart telefóny";"";"";"";"";"";"";"";"";"";"Samsung Galaxy S26+ 12GB/256GB S947B Sky Blue";""
"KB_100002201276";"";"Samsung Galaxy S26 Ultra 5G 1TB Black";"9be2e8ca-92ac-11f1-b6c4-bc2411833e01";"";"8806097827122";"";"";"TV, audio a video > Mobily a tablety > Smart telefóny";"TV, audio a video > Mobily a tablety > Smart telefóny";"";"";"";"";"";"";"";"";"";"Samsung Galaxy S26 Ultra 16GB/1TB S948B Black";""
"KB_100002200745";"";"FIXED kryt pro SG S26 FIXFLM2-1705-BK";"9c0b4c5c-92ac-11f1-a959-bc2411833e01";"";"8591680193059";"";"";"TV, audio a video > Mobily a tablety > Príslušenstvo > Puzdrá na mobilné telefóny";"TV, audio a video > Mobily a tablety > Príslušenstvo > Puzdrá na mobilné telefóny";"";"";"";"";"";"";"";"";"";"Fixed MagFlow Samsung Galaxy S26+ čierny FIXFLM2-1705-BK";""
"KB_100002200776";"";"FIXED pouzdro pro SG S26+ FIXOP3-1705-BK";"9c15c060-92ac-11f1-aff5-bc2411833e01";"";"8591680189922";"";"";"TV, audio a video > Mobily a tablety > Príslušenstvo > Puzdrá na mobilné telefóny";"TV, audio a video > Mobily a tablety > Príslušenstvo > Puzdrá na mobilné telefóny";"";"";"";"";"";"";"";"";"";"Fixed Opus Samsung Galaxy S26+ čierne FIXOP3-1705-BK";""
"KB_100002101848";"";"Powerton chytrý prsten Gold velikost 10";"9cc01a74-92ac-11f1-8e5c-bc2411833e01";"";"8590274984523";"";"";"TV, audio a video > Mobily a tablety > Nositeľná elektronika > Smart prstene";"TV, audio a video > Mobily a tablety > Nositeľná elektronika > Smart prstene";"";"";"";"";"";"";"";"";"";"Powerton chytrý prsten zlatý veľkosť 10";""
"KB_100001785497";"";"N'oveen ohřívač vody IWH360";"9d1cb0ae-92ac-11f1-a777-bc2411833e01";"";"5902221621185";"";"";"Domáce spotrebiče > Veľké spotrebiče > Vykurovanie a ohrev vody > Ohrievače vody";"Domáce spotrebiče > Veľké spotrebiče > Vykurovanie a ohrev vody > Ohrievače vody";"";"";"";"";"";"";"";"";"";"NOVEEN IWH360";""
"KB_100002201272";"";"Samsung Galaxy S26 Ultra 5G 256GB Purple";"9d26ea60-92ac-11f1-b418-bc2411833e01";"";"8806097827078";"";"";"TV, audio a video > Mobily a tablety > Smart telefóny";"TV, audio a video > Mobily a tablety > Smart telefóny";"";"";"";"";"";"";"";"";"";"Samsung Galaxy S26 Ultra 12GB/256GB S948B Cobalt Violet";""
"KB_100002201274";"";"Samsung Galaxy S26 Ultra 5G 512GB Blue";"9d30aa0a-92ac-11f1-8598-bc2411833e01";"";"8806097826705";"";"";"TV, audio a video > Mobily a tablety > Smart telefóny";"TV, audio a video > Mobily a tablety > Smart telefóny";"";"";"";"";"";"";"";"";"";"Samsung Galaxy S26 Ultra 12GB/512GB S948B Sky Blue";""
"KB_100002201277";"";"Samsung Galaxy S26 Ultra 5G 1TB Purple";"9d3a6cc0-92ac-11f1-b126-bc2411833e01";"";"8806097826972";"";"";"TV, audio a video > Mobily a tablety > Smart telefóny";"TV, audio a video > Mobily a tablety > Smart telefóny";"";"";"";"";"";"";"";"";"";"Samsung Galaxy S26 Ultra 16GB/1TB S948B Cobalt Violet";""
"KB_100002201290";"";"Samsung Galaxy S26+ 5G 256GB White";"9d43f90c-92ac-11f1-841d-bc2411833e01";"";"8806097828150";"";"";"TV, audio a video > Mobily a tablety > Smart telefóny";"TV, audio a video > Mobily a tablety > Smart telefóny";"";"";"";"";"";"";"";"";"";"Samsung Galaxy S26+ 12GB/256GB S947B White";""
"KB_100002201775";"";"Samsung A376 Galaxy A37 128GB White";"9d4dd1ca-92ac-11f1-b234-bc2411833e01";"";"8806099035136";"";"";"TV, audio a video > Mobily a tablety > Smart telefóny";"TV, audio a video > Mobily a tablety > Smart telefóny";"";"";"";"";"";"";"";"";"";"Samsung Galaxy A37 5G A376B 6GB/128GB Awesome White";""
"KB_100002201777";"";"Samsung A576 Galaxy A57 128GB Gray";"9d5792fa-92ac-11f1-9db6-bc2411833e01";"";"8806099028114";"";"";"TV, audio a video > Mobily a tablety > Smart telefóny";"TV, audio a video > Mobily a tablety > Smart telefóny";"";"";"";"";"";"";"";"";"";"Samsung Galaxy A57 5G A576B 8GB/128GB Awesome Gray";""
"KB_100002201915";"";"FIXED Opus pro SG A37 5G FIXOP3-1703-RD";"9da87e90-92ac-11f1-9b3b-bc2411833e01";"";"8591680191468";"";"";"TV, audio a video > Mobily a tablety > Príslušenstvo > Puzdrá na mobilné telefóny";"TV, audio a video > Mobily a tablety > Príslušenstvo > Puzdrá na mobilné telefóny";"";"";"";"";"";"";"";"";"";"Fixed Opus Samsung Galaxy A57 5G červené FIXOP3-1703-RD";""
"KB_100002142359";"";"Girmi SR5400 Odšťavňovač";"9dd0876e-92ac-11f1-b3d3-bc2411833e01";"";"8056095871478";"";"";"Domáce spotrebiče > Malé spotrebiče > Príprava nápojov > Odšťavovače";"Domáce spotrebiče > Malé spotrebiče > Príprava nápojov > Odšťavovače";"";"";"";"";"";"";"";"";"";"Girmi SR 5400";""
"KB_100002142495";"";"Samsung VG-SCFF85SGMXC";"9e03b0d0-92ac-11f1-aa9c-bc2411833e01";"";"8806097237648";"";"";"TV, audio a video > Príslušenstvo k TV, audio, video";"TV, audio a video > Príslušenstvo k TV, audio, video";"";"";"";"";"";"";"";"";"";"Samsung VG-SCFF85SGMXC";""
"KB_100002142503";"";"Samsung VG-SCFF85WTBXC";"9e0dbd96-92ac-11f1-826a-bc2411833e01";"";"8806097238133";"";"";"TV, audio a video > Príslušenstvo k TV, audio, video";"TV, audio a video > Príslušenstvo k TV, audio, video";"";"";"";"";"";"";"";"";"";"Samsung VG-SCFF85WTBXC";""
"KB_100002142508";"";"Samsung VG-SCFF75BWBXC";"9e17bc4c-92ac-11f1-a182-bc2411833e01";"";"8806097238157";"";"";"TV, audio a video > Príslušenstvo k TV, audio, video";"TV, audio a video > Príslušenstvo k TV, audio, video";"";"";"";"";"";"";"";"";"";"Samsung VG-SCFF75BWBXC";""
"KB_100002164563";"";"Aligator Sada 3ks přívešků Life APD002";"9ea72a58-92ac-11f1-872d-bc2411833e01";"";"8596426110055";"";"";"TV, audio a video > Mobily a tablety > Príslušenstvo > Ostatné príslušenstvo pre mobily";"TV, audio a video > Mobily a tablety > Príslušenstvo > Ostatné príslušenstvo pre mobily";"";"";"";"";"";"";"";"";"";"Aligator Lifetag Apple Find My (3ks) APD002";""
"KB_100002201830";"";"Samsung A376 Galaxy A37 256GB White";"9f3fd1f4-92ac-11f1-9a77-bc2411833e01";"";"8806099035099";"";"";"TV, audio a video > Mobily a tablety > Smart telefóny";"TV, audio a video > Mobily a tablety > Smart telefóny";"";"";"";"";"";"";"";"";"";"Samsung Galaxy A37 5G A376B 8GB/256GB Awesome White";""
"KB_100002143100";"";"Fixed sklo Apple iP17PM FIXGFADA-1603-BK";"9f7bf7d8-92ac-11f1-8253-bc2411833e01";"";"8591680187102";"";"";"TV, audio a video > Mobily a tablety > Príslušenstvo > Tvrdené sklá pre mobilné telefóny";"TV, audio a video > Mobily a tablety > Príslušenstvo > Tvrdené sklá pre mobilné telefóny";"";"";"";"";"";"";"";"";"";"FIXED FullGlue-Cover s aplikátorom pre Apple iPhone 17 Pro Max 2 ks v balení čierne FIXGFADA-1603-BK";""
"KB_100002136869";"";"Kingston 128GBmicroSDXC U3V30 A2 200MB/s";"9f85f184-92ac-11f1-84b8-bc2411833e01";"";"740617347944";"";"";"TV, audio a video > Počítače a príslušenstvo > Pamäťové médiá > Pamäťové karty";"TV, audio a video > Počítače a príslušenstvo > Pamäťové médiá > Pamäťové karty";"";"";"";"";"";"";"";"";"";"Kingston microSDXC 128GB Canvas Go Plus SDCG4/128GB";""
"KB_100002202174";"";"Philips Mikrosystem TAM4205M2";"a0258488-92ac-11f1-b8af-bc2411833e01";"";"4895229160606";"";"";"TV, audio a video > Audio technika > HiFi systémy > Mikrosystémy";"TV, audio a video > Audio technika > HiFi systémy > Mikrosystémy";"";"";"";"";"";"";"";"";"";"Philips TAM3505M2/12";""
"KB_100002202447";"";"FIXED Pouzdro SGTabA11 FIXRTC-1650-BK";"a04ec4e2-92ac-11f1-b5ae-bc2411833e01";"";"8591680190959";"";"";"TV, audio a video > Mobily a tablety > Príslušenstvo > Puzdrá na mobilné telefóny";"TV, audio a video > Mobily a tablety > Príslušenstvo > Puzdrá na mobilné telefóny";"";"";"";"";"";"";"";"";"";"FIXED Rugged Tab Case na Samsung Galaxy Tab A11 FIXRTC-1650-BK čierny";""
"KB_100002128583";"";"Black+Decker BXCJ30E";"a0e5702c-92ac-11f1-9c64-bc2411833e01";"";"8432406240070";"";"";"Domáce spotrebiče > Malé spotrebiče > Príprava nápojov > Odšťavovače";"Domáce spotrebiče > Malé spotrebiče > Príprava nápojov > Odšťavovače";"";"";"";"";"";"";"";"";"";"Black & Decker BXCJ 30E";""
"KB_100002202769";"";"Xiaomi 17T Pro 12/256GB Fialová";"a1711a82-92ac-11f1-a9be-bc2411833e01";"";"6932554431143";"";"";"TV, audio a video > Mobily a tablety > Smart telefóny";"TV, audio a video > Mobily a tablety > Smart telefóny";"";"";"";"";"";"";"";"";"";"Xiaomi 17T Pro 12GB/256GB Deep Violet";""
"KB_100002202773";"";"Xiaomi 17T Pro 12/512GB Modrá";"a17c8e8a-92ac-11f1-bf45-bc2411833e01";"";"6932554469498";"";"";"TV, audio a video > Mobily a tablety > Smart telefóny";"TV, audio a video > Mobily a tablety > Smart telefóny";"";"";"";"";"";"";"";"";"";"Xiaomi 17T Pro 12GB/512GB Deep Blue";""
"KB_100002145356";"";"Lenovo IDEA TAB11 FOLIO CASE luna grey";"a1f5be54-92ac-11f1-99a1-bc2411833e01";"";"198156446015";"";"";"TV, audio a video > Počítače a príslušenstvo > Príslušenstvo k tabletom > Puzdrá pre tablety";"TV, audio a video > Počítače a príslušenstvo > Príslušenstvo k tabletom > Puzdrá pre tablety";"";"";"";"";"";"";"";"";"";"Lenovo Idea Tab Folio Case Luna ZG38C06985 grey";""
"KB_100002202783";"";"Redmi Pad 2 4/256GB šedá (79239)";"a1ff7052-92ac-11f1-bd53-bc2411833e01";"";"6932554450960";"";"";"TV, audio a video > Počítače a príslušenstvo > Tablety";"TV, audio a video > Počítače a príslušenstvo > Tablety";"";"";"";"";"";"";"";"";"";"Xiaomi Redmi Pad 2 Wi-Fi 4GB/128GB Graphite Gray";""
"KB_100002102967";"";"ALI Síť Nab.65W, 2xUSB-C + USB CHPD0026";"a2e8d5f8-92ac-11f1-b137-bc2411833e01";"";"8596426105921";"";"";"TV, audio a video > Mobily a tablety > Príslušenstvo > Nabíjačky pre mobily";"TV, audio a video > Mobily a tablety > Príslušenstvo > Nabíjačky pre mobily";"";"";"";"";"";"";"";"";"";"Aligator CHPD0026";""
"KB_100001743281";"";"KMP H96BX (HP 305XL Black)";"a36dd668-92ac-11f1-b67c-bc2411833e01";"";"4011324000153";"";"";"TV, audio a video > Počítače a príslušenstvo > Tlačiarne a skenery > Atramenty";"TV, audio a video > Počítače a príslušenstvo > Tlačiarne a skenery > Atramenty";"";"";"";"";"";"";"";"";"";"KMP HP 3YM62AE - kompatibilný";""
"KB_100002168691";"";"Samsung Galaxy Tab S10 Lite 5G Silver";"a3827622-92ac-11f1-9f60-bc2411833e01";"";"8806097638650";"";"";"TV, audio a video > Počítače a príslušenstvo > Tablety";"TV, audio a video > Počítače a príslušenstvo > Tablety";"";"";"";"";"";"";"";"";"";"Samsung Galaxy Tab S10 Lite 5G SM-X406BZSREUE";""
"KB_100002096256";"";"Carrera autodráha GO Chase´n Race";"a3f471d2-92ac-11f1-95b1-bc2411833e01";"";"4007486625778";"";"";"Šport, hračky a voľný čas > Hračky > Autodráhy";"Šport, hračky a voľný čas > Hračky > Autodráhy";"";"";"";"";"";"";"";"";"";"Carrera Autodráha GO 62577 Chase´n Race";""
"KB_100002141309";"";"Samsung Galaxy Z Flip7 FE 5G 256GB Black";"a4f96aba-92ac-11f1-befa-bc2411833e01";"";"8806097428367";"";"";"TV, audio a video > Mobily a tablety > Smart telefóny";"TV, audio a video > Mobily a tablety > Smart telefóny";"";"";"";"";"";"";"";"";"";"Samsung Galaxy Z Flip7 FE F761B 8GB/128GB Black";""
"KB_100002141317";"";"Samsung Galaxy Z Fold7 5G 256GB Blue";"a505a514-92ac-11f1-8ad3-bc2411833e01";"";"8806097424413";"";"";"TV, audio a video > Mobily a tablety > Smart telefóny";"TV, audio a video > Mobily a tablety > Smart telefóny";"";"";"";"";"";"";"";"";"";"Samsung Galaxy Z Fold7 F966B 12GB/256GB Blue Shadow";""
"KB_100002141321";"";"Samsung Galaxy Z Fold7 5G 512GB Black";"a50f64be-92ac-11f1-8171-bc2411833e01";"";"8806097424987";"";"";"TV, audio a video > Mobily a tablety > Smart telefóny";"TV, audio a video > Mobily a tablety > Smart telefóny";"";"";"";"";"";"";"";"";"";"Samsung Galaxy Z Fold7 F966B 12GB/512GB Jetblack";""
"KB_100002103459";"";"GS  G7-SE Wired Controller XBOx &PC Or";"a523ead8-92ac-11f1-9486-bc2411833e01";"";"6936685221451";"";"";"TV, audio a video > Počítače a príslušenstvo > Herné zariadenia > Herné ovládače > Gamepady";"TV, audio a video > Počítače a príslušenstvo > Herné zariadenia > Herné ovládače > Gamepady";"";"";"";"";"";"";"";"";"";"GameSir G7-SE HRG2298";""
"KB_100002164145";"";"Pedrini MyMoka Indukce modrá 3 porce";"a855352c-92ac-11f1-ace4-bc2411833e01";"";"883336412064";"";"";"Domáce spotrebiče > Malé spotrebiče > Kávovary a espressá > Moka kanvice a frenchpressy";"Domáce spotrebiče > Malé spotrebiče > Kávovary a espressá > Moka kanvice a frenchpressy";"";"";"";"";"";"";"";"";"";"Pedrini MyMoka Induction modrá 3";""
"KB_100002199598";"";"ALI Smart IT Dancing Robot, oran. ASR001";"a8e88bba-92ac-11f1-b4ac-bc2411833e01";"";"8596426113322";"";"";"Šport, hračky a voľný čas > Hračky > Elektronické hračky";"Šport, hračky a voľný čas > Hračky > Elektronické hračky";"";"";"";"";"";"";"";"";"";"Aligator Smart AI Dancing Robot";""
"KB_100002199599";"";"ALI Smart IT Dancing Robot, grey ASR002";"a8f27eae-92ac-11f1-a67d-bc2411833e01";"";"8596426113339";"";"";"Šport, hračky a voľný čas > Hračky > Elektronické hračky";"Šport, hračky a voľný čas > Hračky > Elektronické hračky";"";"";"";"";"";"";"";"";"";"Aligator Smart AI Dancing Robot";""
"KB_100002101843";"";"Powerton chytrý prsten Black velikost 8";"a956dc64-92ac-11f1-9f69-bc2411833e01";"";"8590274983816";"";"";"TV, audio a video > Mobily a tablety > Nositeľná elektronika > Smart prstene";"TV, audio a video > Mobily a tablety > Nositeľná elektronika > Smart prstene";"";"";"";"";"";"";"";"";"";"POWERTON WPSR02-B8 veľkosť 8 černý";""
"KB_100002101850";"";"Powerton chytrý prsten Gold velikost 11";"a960f6fe-92ac-11f1-b186-bc2411833e01";"";"8590274984561";"";"";"TV, audio a video > Mobily a tablety > Nositeľná elektronika > Smart prstene";"TV, audio a video > Mobily a tablety > Nositeľná elektronika > Smart prstene";"";"";"";"";"";"";"";"";"";"Powerton chytrý prsten zlatý veľkosť 11";""
"KB_100002142475";"";"HONOR Pad X9a 128GB Gray";"a98b9972-92ac-11f1-ad4d-bc2411833e01";"";"6936520871964";"";"";"TV, audio a video > Počítače a príslušenstvo > Tablety";"TV, audio a video > Počítače a príslušenstvo > Tablety";"";"";"";"";"";"";"";"";"";"Honor Pad X9 Wifi 6GB/128GB Gray 5301AMNL";""
"KB_100002142504";"";"Samsung VG-SCFF85BWBXC";"a995ffa2-92ac-11f1-a9fb-bc2411833e01";"";"8806097238126";"";"";"TV, audio a video > Príslušenstvo k TV, audio, video";"TV, audio a video > Príslušenstvo k TV, audio, video";"";"";"";"";"";"";"";"";"";"Samsung VG-SCFF85BWBXC";""
"KB_100000219035";"";"Rapoo E9270p bezdrátová klávesnice černá";"a9a9d1e4-92ac-11f1-a835-bc2411833e01";"";"6940056179951";"";"";"TV, audio a video > Počítače a príslušenstvo > PC periférie > Klávesnice";"TV, audio a video > Počítače a príslušenstvo > PC periférie > Klávesnice";"";"";"";"";"";"";"";"";"";"Rapoo E9270p 6940056179951";""
"KB_100001827867";"";"Black&Decker BXTO900E";"aa429398-92ac-11f1-b361-bc2411833e01";"";"8432406600065";"";"";"Domáce spotrebiče > Malé spotrebiče > Sendvičovače, hriankovače, vaflovače > Hriankovače";"Domáce spotrebiče > Malé spotrebiče > Sendvičovače, hriankovače, vaflovače > Hriankovače";"";"";"";"";"";"";"";"";"";"Black & Decker BXTO900E";""
"KB_100002200740";"";"FIXED kryt pro SG S26 FIXVM-1704-BK";"aa4bfe92-92ac-11f1-9b0f-bc2411833e01";"";"8591680191703";"";"";"TV, audio a video > Mobily a tablety > Príslušenstvo > Puzdrá na mobilné telefóny";"TV, audio a video > Mobily a tablety > Príslušenstvo > Puzdrá na mobilné telefóny";"";"";"";"";"";"";"";"";"";"Fixed MagVelar Aramidový Samsung Galaxy S26 čierny FIXVM-1704-BK";""
"KB_100002200778";"";"FIXED kryt pro SG S26+ FIXVM-1705-BK";"aa61c5ba-92ac-11f1-b392-bc2411833e01";"";"8591680191710";"";"";"TV, audio a video > Mobily a tablety > Príslušenstvo > Puzdrá na mobilné telefóny";"TV, audio a video > Mobily a tablety > Príslušenstvo > Puzdrá na mobilné telefóny";"";"";"";"";"";"";"";"";"";"Fixed MagVelar Aramidový Samsung Galaxy S26+ čierny FIXVM-1705-BK";""
"KB_100002200946";"";"N'oveen ohřívač vody IWH460";"aa812590-92ac-11f1-a597-bc2411833e01";"";"5902221623035";"";"";"Domáce spotrebiče > Veľké spotrebiče > Vykurovanie a ohrev vody > Ohrievače vody";"Domáce spotrebiče > Veľké spotrebiče > Vykurovanie a ohrev vody > Ohrievače vody";"";"";"";"";"";"";"";"";"";"NOVEEN IWH460";""
"KB_100002200947";"";"N'oveen ohřívač vody IWH965";"aa8b0894-92ac-11f1-a350-bc2411833e01";"";"5902221623431";"";"";"Domáce spotrebiče > Veľké spotrebiče > Vykurovanie a ohrev vody > Ohrievače vody";"Domáce spotrebiče > Veľké spotrebiče > Vykurovanie a ohrev vody > Ohrievače vody";"";"";"";"";"";"";"";"";"";"N'OVEEN IWH965";""
"KB_100002201264";"";"Samsung Galaxy S26 5G 256GB Blue";"ab017c9a-92ac-11f1-b4cb-bc2411833e01";"";"8806097827610";"";"";"TV, audio a video > Mobily a tablety > Smart telefóny";"TV, audio a video > Mobily a tablety > Smart telefóny";"";"";"";"";"";"";"";"";"";"Samsung Galaxy S26 12GB/256GB S942B Sky Blue";""
"KB_100002201275";"";"Samsung Galaxy S26 Ultra 5G 512GB White";"ab0be0b8-92ac-11f1-ae78-bc2411833e01";"";"8806097826880";"";"";"TV, audio a video > Mobily a tablety > Smart telefóny";"TV, audio a video > Mobily a tablety > Smart telefóny";"";"";"";"";"";"";"";"";"";"Samsung Galaxy S26 Ultra 12GB/512GB S948B White";""
"KB_100002201286";"";"Samsung Galaxy S26 5G 256GB Purple";"ab16336a-92ac-11f1-82eb-bc2411833e01";"";"8806097827313";"";"";"TV, audio a video > Mobily a tablety > Smart telefóny";"TV, audio a video > Mobily a tablety > Smart telefóny";"";"";"";"";"";"";"";"";"";"Samsung Galaxy S26 12GB/256GB S942B Cobalt Violet";""
"KB_100002201292";"";"Samsung Galaxy S26+ 5G 512GB Purple";"ab2babdc-92ac-11f1-80f5-bc2411833e01";"";"8806097828211";"";"";"TV, audio a video > Mobily a tablety > Smart telefóny";"TV, audio a video > Mobily a tablety > Smart telefóny";"";"";"";"";"";"";"";"";"";"Samsung Galaxy S26+ 12GB/512GB S947B Cobalt Violet";""
"KB_100002088977";"";"Carrera Adventní kalendář R/C Offroad";"ab4af29e-92ac-11f1-a34d-bc2411833e01";"";"9003150143345";"";"";"Šport, hračky a voľný čas > Hračky > Autá, letadla, lode";"Šport, hračky a voľný čas > Hračky > Autá, letadla, lode";"";"";"";"";"";"";"";"";"";"Carrera Adventný kalendár 160150 R/C Offroad";""
"KB_100002201682";"";"Black&Decker BXOV3000E";"ac60a14c-92ac-11f1-ae65-bc2411833e01";"";"8432406710061";"";"";"Domáce spotrebiče > Veľké spotrebiče > Sporáky a rúry > Stolové rúry";"Domáce spotrebiče > Veľké spotrebiče > Sporáky a rúry > Stolové rúry";"";"";"";"";"";"";"";"";"";"Black & Decker BXOV3000E";""
"KB_100002201829";"";"Samsung A376 Galaxy A37 256GB Gray";"acc53cd8-92ac-11f1-bd4e-bc2411833e01";"";"8806099035181";"";"";"TV, audio a video > Mobily a tablety > Smart telefóny";"TV, audio a video > Mobily a tablety > Smart telefóny";"";"";"";"";"";"";"";"";"";"Samsung Galaxy A37 5G A376B 8GB/256GB Awesome Charcoal";""
"KB_100002103454";"";"GameSir Kaleid Xbox Wired Controller";"ad10704a-92ac-11f1-bec6-bc2411833e01";"";"6936685220843";"";"";"TV, audio a video > Počítače a príslušenstvo > Herné zariadenia > Herné ovládače";"TV, audio a video > Počítače a príslušenstvo > Herné zariadenia > Herné ovládače";"";"";"";"";"";"";"";"";"";"GameSir Kaleid HRG7113";""
"KB_100002201914";"";"FIXED Opus pro SG A37 5G FIXOP3-1703-BRW";"ad6483b0-92ac-11f1-8522-bc2411833e01";"";"8591680191451";"";"";"TV, audio a video > Mobily a tablety > Príslušenstvo > Puzdrá na mobilné telefóny";"TV, audio a video > Mobily a tablety > Príslušenstvo > Puzdrá na mobilné telefóny";"";"";"";"";"";"";"";"";"";"Fixed Opus Samsung Galaxy A57 5G hnedé FIXOP3-1703-BRW";""
"KB_100002121585";"";"Gorenje JC200BE";"ae0f77b6-92ac-11f1-bccb-bc2411833e01";"";"3838782693397";"";"";"Domáce spotrebiče > Malé spotrebiče > Príprava nápojov > Lisy na citrusy";"Domáce spotrebiče > Malé spotrebiče > Príprava nápojov > Lisy na citrusy";"";"";"";"";"";"";"";"";"";"Gorenje JC200BE";""
"KB_100002202747";"";"Xiaomi 17T 12/256GB Černá";"ae39aca2-92ac-11f1-b40d-bc2411833e01";"";"6932554448417";"";"";"TV, audio a video > Mobily a tablety > Smart telefóny";"TV, audio a video > Mobily a tablety > Smart telefóny";"";"";"";"";"";"";"";"";"";"Xiaomi 17T 12GB/256GB Black";""
"KB_100002197422";"";"Fixed pouzdro XRN 15P+ 5G FIXOP3-1647-BK";"aeaf6492-92ac-11f1-8bec-bc2411833e01";"";"8591680190348";"";"";"TV, audio a video > Mobily a tablety > Príslušenstvo > Puzdrá na mobilné telefóny";"TV, audio a video > Mobily a tablety > Príslušenstvo > Puzdrá na mobilné telefóny";"";"";"";"";"";"";"";"";"";"Fixed Opus puzdro typu kniha pre Xiaomi Redmi Note 15 Pro+ 5G, čierne FIXOP3-1647-BK";""
"KB_100002154290";"";"Kingston Canvas Select Plus/Micro 256GB";"af840c56-92ac-11f1-9469-bc2411833e01";"";"740617348507";"";"";"TV, audio a video > Počítače a príslušenstvo > Pamäťové médiá > Pamäťové karty";"TV, audio a video > Počítače a príslušenstvo > Pamäťové médiá > Pamäťové karty";"";"";"";"";"";"";"";"";"";"Kingston Canvas Select Plus MicroSDXC 256GB SDCS3/256GB";""
"KB_100002200453";"";"Beko Mezikus PCSKM";"b037bae4-92ac-11f1-b9e7-bc2411833e01";"";"8690842767074";"";"";"Domáce spotrebiče > Veľké spotrebiče > Práčky > Príslušenstvo k práčkam a sušičkám";"Domáce spotrebiče > Veľké spotrebiče > Práčky > Príslušenstvo k práčkam a sušičkám";"";"";"";"";"";"";"";"";"";"Beko PCSKM";""
"KB_100002164137";"";"Pedrini Aroma Induction 6 porcí";"b080dd6e-92ac-11f1-a90e-bc2411833e01";"";"883336424296";"";"";"Domáce spotrebiče > Malé spotrebiče > Kávovary a espressá > Moka kanvice a frenchpressy";"Domáce spotrebiče > Malé spotrebiče > Kávovary a espressá > Moka kanvice a frenchpressy";"";"";"";"";"";"";"";"";"";"PEDRINI Moka AROMA FULL Indukcia 6";""
"KB_100002164139";"";"Pedrini Infinity černá 6 porcí";"b08a8de6-92ac-11f1-a89e-bc2411833e01";"";"883336419247";"";"";"Domáce spotrebiče > Malé spotrebiče > Kávovary a espressá > Moka kanvice a frenchpressy";"Domáce spotrebiče > Malé spotrebiče > Kávovary a espressá > Moka kanvice a frenchpressy";"";"";"";"";"";"";"";"";"";"Pedrini Infinity Rock Black 6";""
"KB_100002164146";"";"Pedrini MyMoka Indukce modrá 6 porcí";"b0945ea2-92ac-11f1-ac50-bc2411833e01";"";"883336412071";"";"";"Domáce spotrebiče > Malé spotrebiče > Kávovary a espressá > Moka kanvice a frenchpressy";"Domáce spotrebiče > Malé spotrebiče > Kávovary a espressá > Moka kanvice a frenchpressy";"";"";"";"";"";"";"";"";"";"Pedrini MyMoka induction 6";""
"KB_100002200739";"";"FIXED kryt pro SG S26 FIXFLM2-1704-BK";"b0b52402-92ac-11f1-b60a-bc2411833e01";"";"8591680191291";"";"";"TV, audio a video > Mobily a tablety > Príslušenstvo > Puzdrá na mobilné telefóny";"TV, audio a video > Mobily a tablety > Príslušenstvo > Puzdrá na mobilné telefóny";"";"";"";"";"";"";"";"";"";"Fixed MagFlow Samsung Galaxy S26 čierny FIXFLM2-1704-BK";""
"KB_100002200779";"";"FIXED kryt pro SG S26 Ultr FIXVM-1706-BK";"b0cae3a0-92ac-11f1-8bad-bc2411833e01";"";"8591680191727";"";"";"TV, audio a video > Mobily a tablety > Príslušenstvo > Puzdrá na mobilné telefóny";"TV, audio a video > Mobily a tablety > Príslušenstvo > Puzdrá na mobilné telefóny";"";"";"";"";"";"";"";"";"";"Fixed MagVelar Aramidový Samsung Galaxy S26 Ultra čierny FIXVM-1706-BK";""
"KB_100002200783";"";"FIXED kryt SG S26 Ultra FIXFLM-1706-PI";"b0d45f98-92ac-11f1-9b2f-bc2411833e01";"";"8591680193080";"";"";"TV, audio a video > Mobily a tablety > Príslušenstvo > Puzdrá na mobilné telefóny";"TV, audio a video > Mobily a tablety > Príslušenstvo > Puzdrá na mobilné telefóny";"";"";"";"";"";"";"";"";"";"Fixed MagFlow Samsung Galaxy S26 Ultra ružový FIXFLM2-1706-PI";""
"KB_100002203801";"";"Midland G9 Pro, PMR+LPD, single";"b11b7fe0-92ac-11f1-b7ec-bc2411833e01";"";"8011869202445";"";"";"TV, audio a video > Audio technika > Rádioprijímače";"TV, audio a video > Audio technika > Rádioprijímače";"";"";"";"";"";"";"";"";"";"Midland G9 PRO";""
"KB_100002203808";"";"Albrecht Tectalk Worker 3, hard case 4pc";"b130727e-92ac-11f1-ae91-bc2411833e01";"";"4032661298263";"";"";"TV, audio a video > Audio technika > Rádioprijímače";"TV, audio a video > Audio technika > Rádioprijímače";"";"";"";"";"";"";"";"";"";"Albrecht Tectalk Worker 3 Case 4 ks";""
"KB_100002203931";"";"JBL Easy sing mic mini";"b144d232-92ac-11f1-aea9-bc2411833e01";"";"1200130038693";"";"";"TV, audio a video > Audio technika > Mikrofóny";"TV, audio a video > Audio technika > Mikrofóny";"";"";"";"";"";"";"";"";"";"JBL Easy sing mic mini";""
"KB_100002127976";"";"Fixed pouzdro SG A36 5G FIXOP3-1502-BL";"b18ae902-92ac-11f1-898e-bc2411833e01";"";"8591680178803";"";"";"TV, audio a video > Mobily a tablety > Príslušenstvo > Puzdrá na mobilné telefóny";"TV, audio a video > Mobily a tablety > Príslušenstvo > Puzdrá na mobilné telefóny";"";"";"";"";"";"";"";"";"";"Fixed Opus Samsung Galaxy A36 5G/A56 5G modré FIXOP3-1502-BL";""
"KB_100002127977";"";"Fixed pouzdro SG A36 5G FIXOP3-1502-BRW";"b194a71c-92ac-11f1-b2fb-bc2411833e01";"";"8591680178810";"";"";"TV, audio a video > Mobily a tablety > Príslušenstvo > Puzdrá na mobilné telefóny";"TV, audio a video > Mobily a tablety > Príslušenstvo > Puzdrá na mobilné telefóny";"";"";"";"";"";"";"";"";"";"Fixed Opus Samsung Galaxy A36 5G hnedé FIXOP3-1502-BRW";""
"KB_100002127851";"";"Samsung Galaxy S25 5G 128GB Light Blue";"b1a832dc-92ac-11f1-8dcc-bc2411833e01";"";"8806095851136";"";"";"TV, audio a video > Mobily a tablety > Smart telefóny";"TV, audio a video > Mobily a tablety > Smart telefóny";"";"";"";"";"";"";"";"";"";"Samsung Galaxy S25 12GB/128GB S931B Icyblue";""
"KB_100002127873";"";"Samsung Galaxy S25 Ultra 5G 256GB Black";"b1b202ee-92ac-11f1-970b-bc2411833e01";"";"8806095815749";"";"";"TV, audio a video > Mobily a tablety > Smart telefóny";"TV, audio a video > Mobily a tablety > Smart telefóny";"";"";"";"";"";"";"";"";"";"Samsung Galaxy S25 Ultra 12GB/256GB S938B Titanium Black";""
"KB_100002127878";"";"Samsung Galaxy S25 Ultra 5G 1TB Silver";"b1d15540-92ac-11f1-8144-bc2411833e01";"";"8806097022497";"";"";"TV, audio a video > Mobily a tablety > Smart telefóny";"TV, audio a video > Mobily a tablety > Smart telefóny";"";"";"";"";"";"";"";"";"";"Samsung Galaxy S25 Ultra 12GB/1TB S938B Titanium Whitesilver";""
"KB_100002201270";"";"Samsung Galaxy S26+ 5G 512GB Black";"b2074664-92ac-11f1-b73d-bc2411833e01";"";"8806097828303";"";"";"TV, audio a video > Mobily a tablety > Smart telefóny";"TV, audio a video > Mobily a tablety > Smart telefóny";"";"";"";"";"";"";"";"";"";"Samsung Galaxy S26+ 12GB/512GB S947B Black";""
"KB_100002201295";"";"Samsung Galaxy S26 Ultra 5G 256GB White";"b2118df4-92ac-11f1-a31e-bc2411833e01";"";"8806097826927";"";"";"TV, audio a video > Mobily a tablety > Smart telefóny";"TV, audio a video > Mobily a tablety > Smart telefóny";"";"";"";"";"";"";"";"";"";"Samsung Galaxy S26 Ultra 12GB/256GB S948B White";""
"KB_100002201296";"";"Samsung Galaxy S26 Ultra 5G 512GB Purple";"b21c3a38-92ac-11f1-9505-bc2411833e01";"";"8806097827016";"";"";"TV, audio a video > Mobily a tablety > Smart telefóny";"TV, audio a video > Mobily a tablety > Smart telefóny";"";"";"";"";"";"";"";"";"";"Samsung Galaxy S26 Ultra 12GB/512GB S948B Cobalt Violet";""
"KB_100002201683";"";"Black&Decker BXOV4500E";"b26632dc-92ac-11f1-9a75-bc2411833e01";"";"8432406710078";"";"";"Domáce spotrebiče > Veľké spotrebiče > Sporáky a rúry > Stolové rúry";"Domáce spotrebiče > Veľké spotrebiče > Sporáky a rúry > Stolové rúry";"";"";"";"";"";"";"";"";"";"Black & Decker BXOV4500E";""
"KB_100002201716";"";"Apple MacBook Air 15"" M5 16/1TB mid";"b2abbfd2-92ac-11f1-a5a1-bc2411833e01";"";"195950697407";"";"";"TV, audio a video > Počítače a príslušenstvo > Notebooky";"TV, audio a video > Počítače a príslušenstvo > Notebooky";"";"";"";"";"";"";"";"";"";"Apple MacBook Air 13"" M5 8-Core GPU (2026) Silver MDH74CZ/A";""
"KB_100002201831";"";"Samsung A376 Galaxy A37 256GB Lavender";"b2b583b4-92ac-11f1-9226-bc2411833e01";"";"8806099035280";"";"";"TV, audio a video > Mobily a tablety > Smart telefóny";"TV, audio a video > Mobily a tablety > Smart telefóny";"";"";"";"";"";"";"";"";"";"Samsung Galaxy A37 5G A376B 8GB/256GB Awesome Lavender";""
"KB_100002120870";"";"Fixed držák do auta FIXICQ-V-BK";"b3381eb4-92ac-11f1-9356-bc2411833e01";"";"8591680173716";"";"";"TV, audio a video > Mobily a tablety > Príslušenstvo > Držiaky na mobily";"TV, audio a video > Mobily a tablety > Príslušenstvo > Držiaky na mobily";"";"";"";"";"";"";"";"";"";"FIXED Iconiq Vent FIXICQ-V-BK";""
"KB_100002201902";"";"FIXED Opus pro SG A37 5G FIXOP3-1702-BL";"b3973818-92ac-11f1-92f8-bc2411833e01";"";"8591680191413";"";"";"TV, audio a video > Mobily a tablety > Príslušenstvo > Puzdrá na mobilné telefóny";"TV, audio a video > Mobily a tablety > Príslušenstvo > Puzdrá na mobilné telefóny";"";"";"";"";"";"";"";"";"";"Fixed Opus Samsung Galaxy A37 5G modré FIXOP3-1702-BL";""
"KB_100002202114";"";"Philips Mikrosystem TAM4505M2";"b3dbf160-92ac-11f1-b6c8-bc2411833e01";"";"4895229160613";"";"";"TV, audio a video > Audio technika > HiFi systémy > Mikrosystémy";"TV, audio a video > Audio technika > HiFi systémy > Mikrosystémy";"";"";"";"";"";"";"";"";"";"Philips TAM4505M2/12";""
"KB_100002168763";"";"Samsung S731 Galaxy S25 FE 128GB Blue";"b4763ee6-92ac-11f1-ba24-bc2411833e01";"";"8806097644859";"";"";"TV, audio a video > Mobily a tablety > Smart telefóny";"TV, audio a video > Mobily a tablety > Smart telefóny";"";"";"";"";"";"";"";"";"";"Samsung Galaxy S25 FE 8GB/128GB Icyblue";""
"KB_100002168773";"";"Samsung Galaxy Tab S10 Lite WiFi Red";"b48d89f2-92ac-11f1-8efe-bc2411833e01";"";"8806097638452";"";"";"TV, audio a video > Počítače a príslušenstvo > Tablety";"TV, audio a video > Počítače a príslušenstvo > Tablety";"";"";"";"";"";"";"";"";"";"Samsung Galaxy Tab S10 Lite SM-X400NZRREUE";""
"KB_100002172238";"";"Samsung Galaxy Tab A11 64GB Gray";"b4c38d7c-92ac-11f1-aa4c-bc2411833e01";"";"8806097781943";"";"";"TV, audio a video > Počítače a príslušenstvo > Tablety";"TV, audio a video > Počítače a príslušenstvo > Tablety";"";"";"";"";"";"";"";"";"";"Samsung Galaxy Tab A11 Wi-Fi 4 GB/64GB SM-X130NZAAEUE";""
"KB_100002202864";"";"FIXED Opus pro Xiaomi 17T FIXOP3-1693-BK";"b569906e-92ac-11f1-9ec2-bc2411833e01";"";"8591680194506";"";"";"TV, audio a video > Mobily a tablety > Príslušenstvo > Puzdrá na mobilné telefóny";"TV, audio a video > Mobily a tablety > Príslušenstvo > Puzdrá na mobilné telefóny";"";"";"";"";"";"";"";"";"";"Fixed Opus puzdro typu kniha pre Xiaomi 17T, čierne FIXOP3-1693-BK";""
"KB_100002197830";"";"Fixed pouzdro Sams GTA11/A9 FIXTOT-1650";"b743e34e-92ac-11f1-b98d-bc2411833e01";"";"8591680190751";"";"";"TV, audio a video > Mobily a tablety > Príslušenstvo > Puzdrá na mobilné telefóny";"TV, audio a video > Mobily a tablety > Príslušenstvo > Puzdrá na mobilné telefóny";"";"";"";"";"";"";"";"";"";"Fixed Topic Tab na Samsung Galaxy Tab A11/A9 FIXTOT-1650 čierne";""
"KB_100002127901";"";"ALI DK 65W USB-C/USB-C 1,2m svět DATKP62";"b7d6d8fc-92ac-11f1-ad53-bc2411833e01";"";"8596426108892";"";"";"TV, audio a video > Mobily a tablety > Príslušenstvo > Káble pre mobily";"TV, audio a video > Mobily a tablety > Príslušenstvo > Káble pre mobily";"";"";"";"";"";"";"";"";"";"Aligator DATKP62 Dátový POWER 3A 65W / USB-C / USB-C, 1,2m, svíticí";""
"KB_100002127859";"";"Samsung Galaxy S25 5G 512GB Light Blue";"b83a0dc8-92ac-11f1-810a-bc2411833e01";"";"8806095853765";"";"";"TV, audio a video > Mobily a tablety > Smart telefóny";"TV, audio a video > Mobily a tablety > Smart telefóny";"";"";"";"";"";"";"";"";"";"Samsung Galaxy S25 12GB/512GB S931B Icyblue";""
"KB_100002200449";"";"Beko Mezikus PCSKW";"b8dcf22c-92ac-11f1-8ba3-bc2411833e01";"";"8690842767050";"";"";"Domáce spotrebiče > Veľké spotrebiče > Práčky > Príslušenstvo k práčkam a sušičkám";"Domáce spotrebiče > Veľké spotrebiče > Práčky > Príslušenstvo k práčkam a sušičkám";"";"";"";"";"";"";"";"";"";"Beko PCSKW";""
"KB_100002143813";"";"G3Ferrari Kuchyňská váha, G2007100 SFERA";"b9083e50-92ac-11f1-866d-bc2411833e01";"";"8056095870532";"";"";"Domáce spotrebiče > Malé spotrebiče > Kuchynské potreby > Kuchynské váhy";"Domáce spotrebiče > Malé spotrebiče > Kuchynské potreby > Kuchynské váhy";"";"";"";"";"";"";"";"";"";"G3Ferrari G20071";""
"KB_100002200744";"";"FIXED kryt pro SG S26 FIXFLM2-1704-RD";"b94fac86-92ac-11f1-ae47-bc2411833e01";"";"8591680193042";"";"";"TV, audio a video > Mobily a tablety > Príslušenstvo > Puzdrá na mobilné telefóny";"TV, audio a video > Mobily a tablety > Príslušenstvo > Puzdrá na mobilné telefóny";"";"";"";"";"";"";"";"";"";"Fixed MagFlow kryt s podporou MagSafe Samsung Galaxy S26 červený FIXFLM2-1704-RD";""
"KB_100002200784";"";"FIXED kryt SG S26 Ultra FIXFLM-1706-RD";"b96ec3c8-92ac-11f1-83b5-bc2411833e01";"";"8591680193097";"";"";"TV, audio a video > Mobily a tablety > Príslušenstvo > Puzdrá na mobilné telefóny";"TV, audio a video > Mobily a tablety > Príslušenstvo > Puzdrá na mobilné telefóny";"";"";"";"";"";"";"";"";"";"Fixed MagFlow Samsung Galaxy S26 Ultra červený FIXFLM2-1706-RD";""
"KB_100002201271";"";"Samsung Galaxy S26+ 5G 512GB White";"b9fc8870-92ac-11f1-b665-bc2411833e01";"";"8806097828105";"";"";"TV, audio a video > Mobily a tablety > Smart telefóny";"TV, audio a video > Mobily a tablety > Smart telefóny";"";"";"";"";"";"";"";"";"";"Samsung Galaxy S26+ 12GB/512GB S947B White";""
"KB_100002201288";"";"Samsung Galaxy S26 5G 512GB Blue";"ba064d06-92ac-11f1-b123-bc2411833e01";"";"8806097827559";"";"";"TV, audio a video > Mobily a tablety > Smart telefóny";"TV, audio a video > Mobily a tablety > Smart telefóny";"";"";"";"";"";"";"";"";"";"Samsung Galaxy S26 12GB/512GB S942B Sky Blue";""
"KB_100002201298";"";"Samsung Galaxy S26 Ultra 5G 1TB White";"ba10164c-92ac-11f1-a9be-bc2411833e01";"";"8806097826811";"";"";"TV, audio a video > Mobily a tablety > Smart telefóny";"TV, audio a video > Mobily a tablety > Smart telefóny";"";"";"";"";"";"";"";"";"";"Samsung Galaxy S26 Ultra 16GB/1TB S948B White";""
"KB_100002201320";"";"Samsung Galaxy Buds4 bílá";"ba24f01c-92ac-11f1-b652-bc2411833e01";"";"8806097998167";"";"";"TV, audio a video > Slúchadlá > Bezdrátová";"TV, audio a video > Slúchadlá > Bezdrátová";"";"";"";"";"";"";"";"";"";"Samsung Galaxy Buds4 SM-R540N White";""
"KB_100002100762";"";"ScanPart kávový filtr GOLD TONE";"ba6aee0a-92ac-11f1-84e0-bc2411833e01";"";"4004060422129";"";"";"Domáce spotrebiče > Malé spotrebiče > Príslušenstvo k malým spotrebičom > Príslušenstvo ku kávovarom";"Domáce spotrebiče > Malé spotrebiče > Príslušenstvo k malým spotrebičom > Príslušenstvo ku kávovarom";"";"";"";"";"";"";"";"";"";"ScanPart veľkosť 4-vložka";""
"KB_100002201526";"";"PS5 - DualSense CHROMA TEAL";"baa4d412-92ac-11f1-b3ff-bc2411833e01";"";"711719023838";"";"";"TV, audio a video > Počítače a príslušenstvo > Herné zariadenia > Herné ovládače";"TV, audio a video > Počítače a príslušenstvo > Herné zariadenia > Herné ovládače";"";"";"";"";"";"";"";"";"";"PlayStation 5 DualSense v2 PS711719023838";""
"KB_100002201776";"";"Samsung A376 Galaxy A37 256GB Green";"bb4ad8da-92ac-11f1-9169-bc2411833e01";"";"8806099035372";"";"";"TV, audio a video > Mobily a tablety > Smart telefóny";"TV, audio a video > Mobily a tablety > Smart telefóny";"";"";"";"";"";"";"";"";"";"Samsung Galaxy A37 5G A376B 8GB/256GB Awesome Graygreen";""
"KB_100002201786";"";"Samsung A576 Galaxy A57 256GB Icy Blue";"bb6a6b00-92ac-11f1-a9d1-bc2411833e01";"";"8806099025885";"";"";"TV, audio a video > Mobily a tablety > Smart telefóny";"TV, audio a video > Mobily a tablety > Smart telefóny";"";"";"";"";"";"";"";"";"";"Samsung Galaxy A57 5G A576B 8GB/256GB Awesome Icyblue";""
"KB_100002201903";"";"FIXED Opus pro SG A37 5G FIXOP3-1702-BRW";"bbb38600-92ac-11f1-bd19-bc2411833e01";"";"8591680191420";"";"";"TV, audio a video > Mobily a tablety > Príslušenstvo > Puzdrá na mobilné telefóny";"TV, audio a video > Mobily a tablety > Príslušenstvo > Puzdrá na mobilné telefóny";"";"";"";"";"";"";"";"";"";"Fixed Opus Samsung Galaxy A37 5G hnedé FIXOP3-1702-BRW";""
"KB_100002201911";"";"FIXED Opus pro SG A37 5G FIXOP3-1702-RD";"bbbff02a-92ac-11f1-8028-bc2411833e01";"";"8591680191437";"";"";"TV, audio a video > Mobily a tablety > Príslušenstvo > Puzdrá na mobilné telefóny";"TV, audio a video > Mobily a tablety > Príslušenstvo > Puzdrá na mobilné telefóny";"";"";"";"";"";"";"";"";"";"Fixed Opus Samsung Galaxy A37 5G červené FIXOP3-1702-RD";""
"KB_100002131904";"";"Fixed pouzdro ME60 F 5G FIXOP3-1564-BK";"bbe03e5c-92ac-11f1-bd37-bc2411833e01";"";"8591680183777";"";"";"TV, audio a video > Mobily a tablety > Príslušenstvo > Puzdrá na mobilné telefóny";"TV, audio a video > Mobily a tablety > Príslušenstvo > Puzdrá na mobilné telefóny";"";"";"";"";"";"";"";"";"";"FIXED Opus Motorola Edge 60 Fusion 5G čierne FIXOP3-1564-BK";""
"KB_100002202111";"";"Leifheit Žehlicí prkno 76215";"bc1cb09e-92ac-11f1-8706-bc2411833e01";"";"4006501762153";"";"";"Domáce spotrebiče > Malé spotrebiče > Žehličky > Žehliace dosky";"Domáce spotrebiče > Malé spotrebiče > Žehličky > Žehliace dosky";"";"";"";"";"";"";"";"";"";"Leifheit Air Board M BLACK Plus NF";""
"KB_100002130787";"";"Fixed pouzdro SG A36 5G FIXPFIT2-1502-BK";"bc8c71a4-92ac-11f1-a959-bc2411833e01";"";"8591680178957";"";"";"TV, audio a video > Mobily a tablety > Príslušenstvo > Puzdrá na mobilné telefóny";"TV, audio a video > Mobily a tablety > Príslušenstvo > Puzdrá na mobilné telefóny";"";"";"";"";"";"";"";"";"";"Fixed ProFit Samsung Galaxy A36 5G černé FIXPFIT2-1502-BK";""
"KB_100002202593";"";"JBL Easy sing mics";"bceafabc-92ac-11f1-bb26-bc2411833e01";"";"1200130032752";"";"";"TV, audio a video > Audio technika > Mikrofóny";"TV, audio a video > Audio technika > Mikrofóny";"";"";"";"";"";"";"";"";"";"PBWIRELESSMIC JBL";""
"KB_100002202754";"";"Xiaomi 17T 12/512GB Černá";"bd3ebb52-92ac-11f1-a24b-bc2411833e01";"";"6932554447939";"";"";"TV, audio a video > Mobily a tablety > Smart telefóny";"TV, audio a video > Mobily a tablety > Smart telefóny";"";"";"";"";"";"";"";"";"";"Xiaomi 17T 12GB/512GB Black";""
"KB_100002202775";"";"Xiaomi 17T Pro 12/1024GB Černá";"bd48944c-92ac-11f1-9929-bc2411833e01";"";"6932554431150";"";"";"TV, audio a video > Mobily a tablety > Smart telefóny";"TV, audio a video > Mobily a tablety > Smart telefóny";"";"";"";"";"";"";"";"";"";"Xiaomi 17T Pro 12GB/1TB Black";""
"KB_100002202780";"";"Redmi A7 Pro 4/64GB Green";"bd5256f8-92ac-11f1-89f4-bc2411833e01";"";"6932554493264";"";"";"TV, audio a video > Mobily a tablety > Smart telefóny";"TV, audio a video > Mobily a tablety > Smart telefóny";"";"";"";"";"";"";"";"";"";"Xiaomi Redmi A7 Pro 4GB/64GB Palm Green";""
"KB_100002131147";"";"Fixed pouzdro Vivo V50 L FIXOP3-1580-BK";"bdf24334-92ac-11f1-b0da-bc2411833e01";"";"8591680184903";"";"";"TV, audio a video > Mobily a tablety > Príslušenstvo > Puzdrá na mobilné telefóny";"TV, audio a video > Mobily a tablety > Príslušenstvo > Puzdrá na mobilné telefóny";"";"";"";"";"";"";"";"";"";"FIXED Opus pro Vivo V50 Lite 4G/5G černé FIXOP3-1580-BK";""
"KB_100002134605";"";"Samsung QE50Q8F QLED";"be3c1bc6-92ac-11f1-a36f-bc2411833e01";"";"8806097120650";"";"";"TV, audio a video > Televízory > QLED, NeoQLED televízory";"TV, audio a video > Televízory > QLED, NeoQLED televízory";"";"";"";"";"";"";"";"";"";"Samsung QE50Q8FAAU";""
"KB_100002136134";"";"Leifheit Vakuovací sáčky 30x40 cm";"beeb3002-92ac-11f1-ae77-bc2411833e01";"";"4006501032409";"";"";"Domáce spotrebiče > Malé spotrebiče > Vákuovačky a zváračky fólií > Príslušenstvo pre vákuovačky a zváračky";"Domáce spotrebiče > Malé spotrebiče > Vákuovačky a zváračky fólií > Príslušenstvo pre vákuovačky a zváračky";"";"";"";"";"";"";"";"";"";"Leifheit 03240 30 x 40 cm 50 ks";""
"KB_100002131711";"";"BWT náhradní vodní filtr 3+1ks REFILL";"bf4e84d6-92ac-11f1-af19-bc2411833e01";"";"9022001901484";"";"";"Domáce spotrebiče > Malé spotrebiče > Príprava nápojov > Príslušenstvo pre filtračné kanvice";"Domáce spotrebiče > Malé spotrebiče > Príprava nápojov > Príslušenstvo pre filtračné kanvice";"";"";"";"";"";"";"";"";"";"BWT Longlife Mg2+ 4 ks";""
"KB_100002136323";"";"Fixed Powerstation Uni FIXPOS-U-BK";"bf621d20-92ac-11f1-b4ed-bc2411833e01";"";"8591680182077";"";"";"TV, audio a video > Mobily a tablety > Príslušenstvo > Nabíjačky pre mobily";"TV, audio a video > Mobily a tablety > Príslušenstvo > Nabíjačky pre mobily";"";"";"";"";"";"";"";"";"";"Fixed FIXPOS-U-BK";""
"KB_100002136514";"";"Ninja FB131EUWH Frost Vault 28l";"bff13960-92ac-11f1-abf5-bc2411833e01";"";"622356289535";"";"";"Domáce spotrebiče > Veľké spotrebiče > Chladničky > Chladiace tašky a boxy";"Domáce spotrebiče > Veľké spotrebiče > Chladničky > Chladiace tašky a boxy";"";"";"";"";"";"";"";"";"";"Ninja FB131EUGY";""
"KB_100002136516";"";"Ninja FB151EUGY Frost Vault 47l";"c0010016-92ac-11f1-86c0-bc2411833e01";"";"622356298902";"";"";"Domáce spotrebiče > Veľké spotrebiče > Chladničky > Chladiace tašky a boxy";"Domáce spotrebiče > Veľké spotrebiče > Chladničky > Chladiace tašky a boxy";"";"";"";"";"";"";"";"";"";"Ninja FB151EUGY";""
"KB_100002134421";"";"G3Ferrari G2015200 Citrusovač Ribera";"c014945a-92ac-11f1-88f3-bc2411833e01";"";"8055176400286";"";"";"Domáce spotrebiče > Malé spotrebiče > Príprava nápojov > Lisy na citrusy";"Domáce spotrebiče > Malé spotrebiče > Príprava nápojov > Lisy na citrusy";"";"";"";"";"";"";"";"";"";"G3 Ferrari G2015200";""
"KB_100002134612";"";"Samsung QE55Q7F QLED";"c15253ca-92ac-11f1-9925-bc2411833e01";"";"8806097118565";"";"";"TV, audio a video > Televízory > QLED, NeoQLED televízory";"TV, audio a video > Televízory > QLED, NeoQLED televízory";"";"";"";"";"";"";"";"";"";"Samsung QE55Q7FAAU";""
"KB_100002141000";"";"Fixed MagMate FIXMM-BK";"c1a51ab0-92ac-11f1-b0ff-bc2411833e01";"";"8591680183333";"";"";"TV, audio a video > Mobily a tablety > Príslušenstvo > Držiaky na mobily";"TV, audio a video > Mobily a tablety > Príslušenstvo > Držiaky na mobily";"";"";"";"";"";"";"";"";"";"FIXED MagMate s prísavkami a podporou MagSafe čierny FIXMM-BK";""
"KB_100001946099";"";"Leifheit Stěrka na dlažbu Classic s tele";"c20e12c2-92ac-11f1-b9fc-bc2411833e01";"";"4006501564214";"";"";"Domáce spotrebiče > Malé spotrebiče > Upratovacie pomôcky > Mopy a upratovacie súpravy";"Domáce spotrebiče > Malé spotrebiče > Upratovacie pomôcky > Mopy a upratovacie súpravy";"";"";"";"";"";"";"";"";"";"Leifheit 56421 Stěrka na dlažbu Classic s teleskopickou tyčí";""
"KB_100002063691";"";"Leifheit Návlek na mop PROFI pro venkovn";"c217ee64-92ac-11f1-80eb-bc2411833e01";"";"4006501551467";"";"";"Domáce spotrebiče > Malé spotrebiče > Upratovacie pomôcky > Mopy a upratovacie súpravy";"Domáce spotrebiče > Malé spotrebiče > Upratovacie pomôcky > Mopy a upratovacie súpravy";"";"";"";"";"";"";"";"";"";"Leifheit 55146 Outdoor do mop a Profi";""
"KB_100002136162";"";"Leifheit Čistič na okna s rozprašovačem";"c22c4c24-92ac-11f1-891e-bc2411833e01";"";"4006501511652";"";"";"Domáce spotrebiče > Malé spotrebiče > Upratovacie pomôcky > Čistiace prostriedky";"Domáce spotrebiče > Malé spotrebiče > Upratovacie pomôcky > Čistiace prostriedky";"";"";"";"";"";"";"";"";"";"Leifheit 51165 Micro Duo mop na okná s čističom na sklo 500 ml";""
"KB_100002141318";"";"Samsung Galaxy Z Fold7 5G 256GB Black";"c2827f90-92ac-11f1-8af9-bc2411833e01";"";"8806097425106";"";"";"TV, audio a video > Mobily a tablety > Smart telefóny";"TV, audio a video > Mobily a tablety > Smart telefóny";"";"";"";"";"";"";"";"";"";"Samsung Galaxy Z Fold7 F966B 12GB/256GB Jetblack";""
"KB_100002141320";"";"Samsung Galaxy Z Fold7 5G 512GB Blue";"c28c7cca-92ac-11f1-8c79-bc2411833e01";"";"8806097424239";"";"";"TV, audio a video > Mobily a tablety > Smart telefóny";"TV, audio a video > Mobily a tablety > Smart telefóny";"";"";"";"";"";"";"";"";"";"Samsung Galaxy Z Fold7 F966B 12GB/512GB Blue Shadow";""
"KB_100002141409";"";"Leifheit mop na stírání prachu SUPERDUST";"c2d586f4-92ac-11f1-a995-bc2411833e01";"";"4006501555175";"";"";"Domáce spotrebiče > Malé spotrebiče > Upratovacie pomôcky > Mopy a upratovacie súpravy";"Domáce spotrebiče > Malé spotrebiče > Upratovacie pomôcky > Mopy a upratovacie súpravy";"";"";"";"";"";"";"";"";"";"Leifheit 55517";""
"KB_100002141555";"";"Philips TAZ6000 Radiomagnetofon";"c38aa142-92ac-11f1-9bfb-bc2411833e01";"";"4895229151895";"";"";"TV, audio a video > Audio technika > Radiomagnetofóny > Radiomagnetofóny s CD";"TV, audio a video > Audio technika > Radiomagnetofóny > Radiomagnetofóny s CD";"";"";"";"";"";"";"";"";"";"Philips TAZ6000/10";""
"KB_100002142496";"";"Samsung VG-SCFF85TKBXC";"c4e01d74-92ac-11f1-9976-bc2411833e01";"";"8806097237587";"";"";"TV, audio a video > Príslušenstvo k TV, audio, video";"TV, audio a video > Príslušenstvo k TV, audio, video";"";"";"";"";"";"";"";"";"";"Samsung VG-SCFF85TKBXC";""
"KB_100002141943";"";"Fixed pouzdro XRedmi 15C FIXOP3-1576-BK";"c6a9f972-92ac-11f1-be01-bc2411833e01";"";"8591680184477";"";"";"TV, audio a video > Mobily a tablety > Príslušenstvo > Puzdrá na mobilné telefóny";"TV, audio a video > Mobily a tablety > Príslušenstvo > Puzdrá na mobilné telefóny";"";"";"";"";"";"";"";"";"";"Fixed Opus pro Xiaomi Redmi 15C 4G/5G černé FIXOP3-1576-BK";""
"KB_100002142498";"";"Samsung VG-SCFF75TKBXC";"c738d0ac-92ac-11f1-9602-bc2411833e01";"";"8806097237563";"";"";"TV, audio a video > Príslušenstvo k TV, audio, video";"TV, audio a video > Príslušenstvo k TV, audio, video";"";"";"";"";"";"";"";"";"";"Samsung VG-SCFF75TKBXC";""
"KB_100002164140";"";"Pedrini Infinity červená 3 porce";"c7b0b0f4-92ac-11f1-92a5-bc2411833e01";"";"883336417380";"";"";"Domáce spotrebiče > Malé spotrebiče > Kávovary a espressá > Moka kanvice a frenchpressy";"Domáce spotrebiče > Malé spotrebiče > Kávovary a espressá > Moka kanvice a frenchpressy";"";"";"";"";"";"";"";"";"";"Pedrini Infinity 3";""
"KB_100002161617";"";"Fixed nabíječka GaN 65W FIXCG65R-2C-WH";"c8236388-92ac-11f1-826f-bc2411833e01";"";"8591680186013";"";"";"TV, audio a video > Mobily a tablety > Príslušenstvo > Nabíjačky pre mobily";"TV, audio a video > Mobily a tablety > Príslušenstvo > Nabíjačky pre mobily";"";"";"";"";"";"";"";"";"";"FIXED GaN 65W nabíjačka s navíjacím káblom FIXCG65R-2C-WH";""
"KB_100002171984";"";"Redmi Pad 2 Pro 6/128GB stříbrná (71048)";"c89410c4-92ac-11f1-94ea-bc2411833e01";"";"6932554467364";"";"";"TV, audio a video > Počítače a príslušenstvo > Tablety";"TV, audio a video > Počítače a príslušenstvo > Tablety";"";"";"";"";"";"";"";"";"";"Xiaomi Redmi Pad 2 Pro 6GB/128GB Silver";""
"KB_100002164121";"";"Embassy Nairobi";"c8a76c82-92ac-11f1-9adb-bc2411833e01";"";"8594180080195";"";"";"Domáce spotrebiče > Malé spotrebiče > Kávovary a espressá > Automatická espressá";"Domáce spotrebiče > Malé spotrebiče > Kávovary a espressá > Automatická espressá";"";"";"";"";"";"";"";"";"";"Embassy Nairobi 8519";""
"KB_100002172068";"";"FIXED FIXRBM-1200-RA Zadní kryt FIXED Ma";"c8c48902-92ac-11f1-8131-bc2411833e01";"";"8591680187652";"";"";"TV, audio a video > Mobily a tablety > Príslušenstvo > Puzdrá na mobilné telefóny";"TV, audio a video > Mobily a tablety > Príslušenstvo > Puzdrá na mobilné telefóny";"";"";"";"";"";"";"";"";"";"Fixed kryt MagRainbow s podporou Magsafe pro Apple iPhone 15, duhový FIXRBM-1200-RA";""
"KB_100002168766";"";"Samsung S731 Galaxy S25 FE 256GB Navy";"c8d7c80a-92ac-11f1-8024-bc2411833e01";"";"8806097644958";"";"";"TV, audio a video > Mobily a tablety > Smart telefóny";"TV, audio a video > Mobily a tablety > Smart telefóny";"";"";"";"";"";"";"";"";"";"Samsung Galaxy S25 FE 8GB/256GB Navy";""
"KB_100002168774";"";"Samsung Galaxy Tab S10 Lite WiFi Silver";"c8e30b70-92ac-11f1-be82-bc2411833e01";"";"8806097638353";"";"";"TV, audio a video > Počítače a príslušenstvo > Tablety";"TV, audio a video > Počítače a príslušenstvo > Tablety";"";"";"";"";"";"";"";"";"";"Samsung Galaxy Tab S10 Lite SM-X400NZSREUE";""
"KB_100002172263";"";"Samsung Galaxy Tab A11 64GB Silver";"c8f618d2-92ac-11f1-b958-bc2411833e01";"";"8806097781899";"";"";"TV, audio a video > Počítače a príslušenstvo > Tablety";"TV, audio a video > Počítače a príslušenstvo > Tablety";"";"";"";"";"";"";"";"";"";"Samsung Galaxy Tab A11 Wi-Fi 4GB/64GB SM-X130NZSAEUE";""
"KB_100002197033";"";"Coox silikonový vál 60x40 cm, červená";"c9a1eee6-92ac-11f1-961f-bc2411833e01";"";"4260191684335";"";"";"Domáce spotrebiče > Malé spotrebiče > Kuchynské potreby > Doštičky, Podložky, Krájacie dosky";"Domáce spotrebiče > Malé spotrebiče > Kuchynské potreby > Doštičky, Podložky, Krájacie dosky";"";"";"";"";"";"";"";"";"";"Silikónová doska coox s klipom 60x40 cm Farba: Červená";""
"KB_100002154294";"";"Kingston Canvas Select Plus/Micro 128GB";"c9d4c730-92ac-11f1-bc08-bc2411833e01";"";"740617348453";"";"";"TV, audio a video > Počítače a príslušenstvo > Pamäťové médiá > Pamäťové karty";"TV, audio a video > Počítače a príslušenstvo > Pamäťové médiá > Pamäťové karty";"";"";"";"";"";"";"";"";"";"Kingston Canvas Select Plus MicroSDXC 128GB SDCS3/128GB";""
"KB_100002171983";"";"Redmi Pad 2 Pro 6/128GB šedá (70403)";"ca06b074-92ac-11f1-b6cf-bc2411833e01";"";"6932554463670";"";"";"TV, audio a video > Počítače a príslušenstvo > Tablety";"TV, audio a video > Počítače a príslušenstvo > Tablety";"";"";"";"";"";"";"";"";"";"Xiaomi Redmi Pad 2 Pro 6GB/128GB Graphite Gray";""
"KB_100002168772";"";"Samsung Galaxy Tab S10 Lite WiFi Gray";"ca57d9fe-92ac-11f1-b0c3-bc2411833e01";"";"8806097638551";"";"";"TV, audio a video > Počítače a príslušenstvo > Tablety";"TV, audio a video > Počítače a príslušenstvo > Tablety";"";"";"";"";"";"";"";"";"";"Samsung Galaxy Tab S10 Lite SM-X400NZAREUE";""
"KB_100002172122";"";"JBL Tuner 3 White Přenosné rádio";"ca61feb6-92ac-11f1-a689-bc2411833e01";"";"1200130024054";"";"";"TV, audio a video > Reproduktory > Bezdrátové reproduktory";"TV, audio a video > Reproduktory > Bezdrátové reproduktory";"";"";"";"";"";"";"";"";"";"JBL Tuner";""
"KB_100002172264";"";"Samsung Galaxy Tab A11 LTE 64GB Gray";"ca89a06a-92ac-11f1-baa1-bc2411833e01";"";"8806097744269";"";"";"TV, audio a video > Počítače a príslušenstvo > Tablety";"TV, audio a video > Počítače a príslušenstvo > Tablety";"";"";"";"";"";"";"";"";"";"Samsung Galaxy Tab A11 LTE 4GB/64GB SM-X135FZAAEUE";""
"KB_100002200746";"";"FIXED kryt SG S26 Ultra FIXFLM-1706-BL";"cb2492dc-92ac-11f1-a2e7-bc2411833e01";"";"8591680193073";"";"";"TV, audio a video > Mobily a tablety > Príslušenstvo > Puzdrá na mobilné telefóny";"TV, audio a video > Mobily a tablety > Príslušenstvo > Puzdrá na mobilné telefóny";"";"";"";"";"";"";"";"";"";"Fixed MagFlow Samsung Galaxy S26 Ultra modrý FIXFLM2-1706-BL";""
"KB_100002200752";"";"FIXED kryt SG S26 Ultra FIXMMY-1706-BK";"cb2e1eba-92ac-11f1-a18a-bc2411833e01";"";"8591680191406";"";"";"TV, audio a video > Mobily a tablety > Príslušenstvo > Puzdrá na mobilné telefóny";"TV, audio a video > Mobily a tablety > Príslušenstvo > Puzdrá na mobilné telefóny";"";"";"";"";"";"";"";"";"";"Fixed MagMisty Samsung Galaxy S26 Ultra čierny FIXMMY-1706-BK";""
"KB_100002197913";"";"NS1 Laysara: Summit Kingdom";"cb8cf2e6-92ac-11f1-815f-bc2411833e01";"";"5906213246004";"";"";"TV, audio a video > Počítače a príslušenstvo > Herné zariadenia > Konzolové hry > Nintendo Switch - hry";"TV, audio a video > Počítače a príslušenstvo > Herné zariadenia > Konzolové hry > Nintendo Switch - hry";"";"";"";"";"";"";"";"";"";"Laysara: Summit Kingdom";""
"KB_100002200256";"";"Fixed nabiječka,mini,USB-C,FIXCG65M-C-WH";"cbd42b48-92ac-11f1-8c44-bc2411833e01";"";"8591680188963";"";"";"TV, audio a video > Mobily a tablety > Príslušenstvo > Nabíjačky pre mobily";"TV, audio a video > Mobily a tablety > Príslušenstvo > Nabíjačky pre mobily";"";"";"";"";"";"";"";"";"";"Fixed FIXCG65M-C-WH";""
"KB_100002172036";"";"FIXED FIXORB2-WH Nabíjecí USB-C adaptér";"cbe1e602-92ac-11f1-8d60-bc2411833e01";"";"8591680183555";"";"";"TV, audio a video > Mobily a tablety > Príslušenstvo > Nabíjačky pre mobily";"TV, audio a video > Mobily a tablety > Príslušenstvo > Nabíjačky pre mobily";"";"";"";"";"";"";"";"";"";"Fixed Orb 2 nabíjací USB-C adaptér pre Apple Watch s podporou rýchlonabíjania, biely FIXORB2-WH";""
"KB_100001783702";"";"N'oveen ohřívač vody IWH850";"cc2b5a76-92ac-11f1-9c71-bc2411833e01";"";"5902221621512";"";"";"Domáce spotrebiče > Veľké spotrebiče > Vykurovanie a ohrev vody > Ohrievače vody";"Domáce spotrebiče > Veľké spotrebiče > Vykurovanie a ohrev vody > Ohrievače vody";"";"";"";"";"";"";"";"";"";"NOVEEN IWH850 INOX";""
"KB_100002201266";"";"Samsung Galaxy S26 5G 512GB Purple";"cc362de8-92ac-11f1-8bca-bc2411833e01";"";"8806097827863";"";"";"TV, audio a video > Mobily a tablety > Smart telefóny";"TV, audio a video > Mobily a tablety > Smart telefóny";"";"";"";"";"";"";"";"";"";"Samsung Galaxy S26 12GB/512GB S942B Cobalt Violet";""
"KB_100002201269";"";"Samsung Galaxy S26+ 5G 256GB Purple";"cc40750a-92ac-11f1-92ef-bc2411833e01";"";"8806097828259";"";"";"TV, audio a video > Mobily a tablety > Smart telefóny";"TV, audio a video > Mobily a tablety > Smart telefóny";"";"";"";"";"";"";"";"";"";"Samsung Galaxy S26+ 12GB/256GB S947B Cobalt Violet";""
"KB_100002201273";"";"Samsung Galaxy S26 Ultra 5G 512GB Black";"cc4c4ba0-92ac-11f1-a32f-bc2411833e01";"";"8806097827177";"";"";"TV, audio a video > Mobily a tablety > Smart telefóny";"TV, audio a video > Mobily a tablety > Smart telefóny";"";"";"";"";"";"";"";"";"";"Samsung Galaxy S26 Ultra 12GB/512GB S948B Black";""
"KB_100002200738";"";"FIXED pouzdro SG S26 Ultr FIXOP3-1706-BK";"cc774436-92ac-11f1-b3ad-bc2411833e01";"";"8591680189939";"";"";"TV, audio a video > Mobily a tablety > Príslušenstvo > Puzdrá na mobilné telefóny";"TV, audio a video > Mobily a tablety > Príslušenstvo > Puzdrá na mobilné telefóny";"";"";"";"";"";"";"";"";"";"Fixed Opus Samsung Galaxy S26 Ultra čierne FIXOP3-1706-BK";""
"KB_100002200741";"";"FIXED kryt pro SG S26 FIXSHM-1704-TR";"cc84d380-92ac-11f1-a344-bc2411833e01";"";"8591680191802";"";"";"TV, audio a video > Mobily a tablety > Príslušenstvo > Puzdrá na mobilné telefóny";"TV, audio a video > Mobily a tablety > Príslušenstvo > Puzdrá na mobilné telefóny";"";"";"";"";"";"";"";"";"";"Fixed MagShell Samsung Galaxy S26 číry FIXSHM-1704-TR";""
"KB_100002200777";"";"FIXED kryt SG S26 Ultra FIXFLM-1706-BK";"cc8fdf46-92ac-11f1-90db-bc2411833e01";"";"8591680191307";"";"";"TV, audio a video > Mobily a tablety > Príslušenstvo > Puzdrá na mobilné telefóny";"TV, audio a video > Mobily a tablety > Príslušenstvo > Puzdrá na mobilné telefóny";"";"";"";"";"";"";"";"";"";"Fixed MagFlow Samsung Galaxy S26 Ultra čierny FIXFLM2-1706-BK";""
"KB_100002200782";"";"FIXED kryt pro SGS26+ FIXFLM2-1705-PI";"cc9b4958-92ac-11f1-ab96-bc2411833e01";"";"8591680193066";"";"";"TV, audio a video > Mobily a tablety > Príslušenstvo > Puzdrá na mobilné telefóny";"TV, audio a video > Mobily a tablety > Príslušenstvo > Puzdrá na mobilné telefóny";"";"";"";"";"";"";"";"";"";"Fixed MagFlow kryt s podporou MagSafe Samsung Galaxy S26+ ružový FIXFLM2-1705-PI";""
"KB_100002200940";"";"N'oveen ohřívač vody IWH560";"ccb05384-92ac-11f1-819f-bc2411833e01";"";"5902221623042";"";"";"Domáce spotrebiče > Veľké spotrebiče > Vykurovanie a ohrev vody > Ohrievače vody";"Domáce spotrebiče > Veľké spotrebiče > Vykurovanie a ohrev vody > Ohrievače vody";"";"";"";"";"";"";"";"";"";"NOVEEN IWH560";""
"KB_100002200942";"";"N'oveen ohřívač vody IWH960";"ccbca3dc-92ac-11f1-b1d9-bc2411833e01";"";"5902221623424";"";"";"Domáce spotrebiče > Veľké spotrebiče > Vykurovanie a ohrev vody > Ohrievače vody";"Domáce spotrebiče > Veľké spotrebiče > Vykurovanie a ohrev vody > Ohrievače vody";"";"";"";"";"";"";"";"";"";"DPM IWH960";""
"KB_100002201297";"";"Samsung Galaxy S26 Ultra 5G 1TB Blue";"cd45a77c-92ac-11f1-9eac-bc2411833e01";"";"8806097827276";"";"";"TV, audio a video > Mobily a tablety > Smart telefóny";"TV, audio a video > Mobily a tablety > Smart telefóny";"";"";"";"";"";"";"";"";"";"Samsung Galaxy S26 Ultra 16GB/1TB S948B Sky Blue";""
"KB_100002201774";"";"Samsung A376 Galaxy A37 128GB Gray";"cd7be076-92ac-11f1-a4af-bc2411833e01";"";"8806099035259";"";"";"TV, audio a video > Mobily a tablety > Smart telefóny";"TV, audio a video > Mobily a tablety > Smart telefóny";"";"";"";"";"";"";"";"";"";"Samsung Galaxy A37 5G A376B 6GB/128GB Awesome Charcoal";""
"KB_100002201852";"";"ETA 005490000";"ce26c46e-92ac-11f1-abfe-bc2411833e01";"";"8590393442638";"";"";"Domáce spotrebiče > Malé spotrebiče > Kuchynské roboty a krájače > Mixéry a šľahače > Šľahače";"Domáce spotrebiče > Malé spotrebiče > Kuchynské roboty a krájače > Mixéry a šľahače > Šľahače";"";"";"";"";"";"";"";"";"";"ETA Lento II 0054 90000";""
"KB_100002201901";"";"FIXED Opus pro SG A37 5G FIXOP3-1702-BK";"ce32ea64-92ac-11f1-96cc-bc2411833e01";"";"8591680187591";"";"";"TV, audio a video > Mobily a tablety > Príslušenstvo > Puzdrá na mobilné telefóny";"TV, audio a video > Mobily a tablety > Príslušenstvo > Puzdrá na mobilné telefóny";"";"";"";"";"";"";"";"";"";"Fixed Opus Samsung Galaxy A37 5G čierne FIXOP3-1702-BK";""
"KB_100002202110";"";"Leifheit 3237 Vakuovací role 20x600 cm";"ced235ce-92ac-11f1-a4dc-bc2411833e01";"";"4006501032379";"";"";"Domáce spotrebiče > Malé spotrebiče > Vákuovačky a zváračky fólií > Vákuovačky a zváračky";"Domáce spotrebiče > Malé spotrebiče > Vákuovačky a zváračky fólií > Vákuovačky a zváračky";"";"";"";"";"";"";"";"";"";"Leifheit 03237 20 x 600 cm";""
"KB_100002202555";"";"Steba FDM 2 výrobník ledové tříště";"cfaf6e9e-92ac-11f1-bfc5-bc2411833e01";"";"4011833304513";"";"";"Domáce spotrebiče > Malé spotrebiče > Príprava nápojov > Výrobníky ľadu";"Domáce spotrebiče > Malé spotrebiče > Príprava nápojov > Výrobníky ľadu";"";"";"";"";"";"";"";"";"";"Steba FDM 2";""
"KB_100002202632";"";"Redmi Pad 2 9.7 4/64GB Black (78859)";"cff559f4-92ac-11f1-8dbb-bc2411833e01";"";"6939093008089";"";"";"TV, audio a video > Počítače a príslušenstvo > Tablety";"TV, audio a video > Počítače a príslušenstvo > Tablety";"";"";"";"";"";"";"";"";"";"Xiaomi Redmi Pad 2 4GB/64GB Gray";""
"KB_100002202774";"";"Xiaomi 17T Pro 12/512GB Fialová";"d0274752-92ac-11f1-ae96-bc2411833e01";"";"6932554469559";"";"";"TV, audio a video > Mobily a tablety > Smart telefóny";"TV, audio a video > Mobily a tablety > Smart telefóny";"";"";"";"";"";"";"";"";"";"Xiaomi 17T Pro 12GB/512GB Deep Violet";""
"KB_100002202763";"";"Xiaomi 17T Pro 12/256GB Černá";"d051bdde-92ac-11f1-b92b-bc2411833e01";"";"6932554424053";"";"";"TV, audio a video > Mobily a tablety > Smart telefóny";"TV, audio a video > Mobily a tablety > Smart telefóny";"";"";"";"";"";"";"";"";"";"Xiaomi 17T Pro 12GB/256GB Black";""
"KB_100002143913";"";"G3Ferrari Fritéza, G1020700 Friggisano,";"d17beed2-92ac-11f1-975c-bc2411833e01";"";"8055176403904";"";"";"Domáce spotrebiče > Malé spotrebiče > Fritézy a hrnce > Elektrické panvice";"Domáce spotrebiče > Malé spotrebiče > Fritézy a hrnce > Elektrické panvice";"";"";"";"";"";"";"";"";"";"G3 Ferrari G10207";""
"KB_100002143914";"";"G3Ferrari Fritéza, G1021200 Friggisano,";"d189642c-92ac-11f1-abba-bc2411833e01";"";"8055176404307";"";"";"Domáce spotrebiče > Malé spotrebiče > Fritézy a hrnce > Elektrické panvice";"Domáce spotrebiče > Malé spotrebiče > Fritézy a hrnce > Elektrické panvice";"";"";"";"";"";"";"";"";"";"G3Ferrari G1021200";""
"KB_100002203800";"";"Albrecht DR 57";"d1f60942-92ac-11f1-85cf-bc2411833e01";"";"4032661272577";"";"";"TV, audio a video > Audio technika > Rádioprijímače";"TV, audio a video > Audio technika > Rádioprijímače";"";"";"";"";"";"";"";"";"";"Alan Electronics Albrecht DR 57 DAB/DAB+";""
"KB_100002144222";"";"G3Ferrari Topinkovač, G1006400, TRAMEZZO";"d2203852-92ac-11f1-9c54-bc2411833e01";"";"8058150117279";"";"";"Domáce spotrebiče > Malé spotrebiče > Sendvičovače, hriankovače, vaflovače > Hriankovače";"Domáce spotrebiče > Malé spotrebiče > Sendvičovače, hriankovače, vaflovače > Hriankovače";"";"";"";"";"";"";"";"";"";"G3Ferrari G1006400";""
"KB_410210995387";"";"HP 651 Tri-colour, C2P11AE";"d2796058-92ac-11f1-9545-bc2411833e01";"";"889296160854";"";"";"TV, audio a video > Počítače a príslušenstvo > Tlačiarne a skenery > Atramenty";"TV, audio a video > Počítače a príslušenstvo > Tlačiarne a skenery > Atramenty";"";"";"";"";"";"";"";"";"";"HP C2P11AE - originálny";""
"KB_491500034462";"";"Maxxo vodní filtry 3+1";"d2f2daaa-92ac-11f1-b905-bc2411833e01";"";"8595235806586";"";"";"Domáce spotrebiče > Malé spotrebiče > Príprava nápojov > Príslušenstvo pre filtračné kanvice";"Domáce spotrebiče > Malé spotrebiče > Príprava nápojov > Príslušenstvo pre filtračné kanvice";"";"";"";"";"";"";"";"";"";"Maxxo Uni 4 ks";""
"KB_100000236690";"";"LIMO BAR ECO - White";"d49ff6b2-92ac-11f1-bc0f-bc2411833e01";"";"8594172540560";"";"";"Domáce spotrebiče > Malé spotrebiče > Príprava nápojov > Výrobníky sódy";"Domáce spotrebiče > Malé spotrebiče > Príprava nápojov > Výrobníky sódy";"";"";"";"";"";"";"";"";"";"Limo Bar Eco White";""
"KB_100001020867";"";"Ardes AR4B01B";"d65926b8-92ac-11f1-baa3-bc2411833e01";"";"8004032114041";"";"";"Domáce spotrebiče > Malé spotrebiče > Vzduchotechnika > Vykurovacie telesá > Vykurovacie telesá, radiátory > Teplovzdušné ventilátory";"Domáce spotrebiče > Malé spotrebiče > Vzduchotechnika > Vykurovacie telesá > Vykurovacie telesá, radiátory > Teplovzdušné ventilátory";"";"";"";"";"";"";"";"";"";"Ardes 4B01";""
"KB_100001173053";"";"Kingston USB 3.2 (gen 1) DT Kyson 128GB";"d804f50a-92ac-11f1-89a5-bc2411833e01";"";"740617309119";"";"";"TV, audio a video > Počítače a príslušenstvo > Pamäťové médiá > USB flash disky";"TV, audio a video > Počítače a príslušenstvo > Pamäťové médiá > USB flash disky";"";"";"";"";"";"";"";"";"";"KINGSTON DataTraveler Kyson 128GB DTKN/128GB";""
"KB_100000652148";"";"HP 912 Yellow, 3YL79AE";"d818a82a-92ac-11f1-b0e8-bc2411833e01";"";"192545866798";"";"";"TV, audio a video > Počítače a príslušenstvo > Tlačiarne a skenery > Atramenty";"TV, audio a video > Počítače a príslušenstvo > Tlačiarne a skenery > Atramenty";"";"";"";"";"";"";"";"";"";"HP 3YL79AE - originálny";""
"KB_100000858011";"";"HP 117A Yellow Laser Toner, W2072A";"d8226ee6-92ac-11f1-ac3a-bc2411833e01";"";"193424172825";"";"";"TV, audio a video > Počítače a príslušenstvo > Tlačiarne a skenery > Tonery";"TV, audio a video > Počítače a príslušenstvo > Tlačiarne a skenery > Tonery";"";"";"";"";"";"";"";"";"";"HP W2072A - originálny";""
"KB_100001714208";"";"D-LINK WiFi AX1500 Mesh 3-pack (M15-3)";"d958073a-92ac-11f1-9dfd-bc2411833e01";"";"790069461217";"";"";"TV, audio a video > Počítače a príslušenstvo > Sieťové prvky > WiFi routery";"TV, audio a video > Počítače a príslušenstvo > Sieťové prvky > WiFi routery";"";"";"";"";"";"";"";"";"";"D-Link M15-3, 3ks";""
"KB_100001162127";"";"Fixed Stylus FIXGRA-BK";"da6c1094-92ac-11f1-b954-bc2411833e01";"";"8591680118687";"";"";"TV, audio a video > Počítače a príslušenstvo > Príslušenstvo k tabletom > Ostatné k tabletu";"TV, audio a video > Počítače a príslušenstvo > Príslušenstvo k tabletom > Ostatné k tabletu";"";"";"";"";"";"";"";"";"";"FIXED Graphite FIXGRA-BK";""
"KB_100001932193";"";"TP-LINK WiFi AX3000 (Deco X50 3-pack)";"db7166e2-92ac-11f1-92d8-bc2411833e01";"";"4897098687086";"";"";"TV, audio a video > Počítače a príslušenstvo > Sieťové prvky > WiFi routery";"TV, audio a video > Počítače a príslušenstvo > Sieťové prvky > WiFi routery";"";"";"";"";"";"";"";"";"";"TP-LINK DECO X50, 3ks";""
"KB_100002069729";"";"D-LINK WiFi N300 USB Adaptér (DWA-137)";"dcf1011c-92ac-11f1-80cb-bc2411833e01";"";"790069470967";"";"";"TV, audio a video > Počítače a príslušenstvo > Sieťové prvky > Sieťové karty";"TV, audio a video > Počítače a príslušenstvo > Sieťové prvky > Sieťové karty";"";"";"";"";"";"";"";"";"";"D-Link DWA-137";""
"KB_100001723070";"";"MERCUSYS WiFi AC1900 Halo H50G (2-pack)";"dcfb64ae-92ac-11f1-9f5a-bc2411833e01";"";"6935364006600";"";"";"TV, audio a video > Počítače a príslušenstvo > Sieťové prvky > WiFi routery";"TV, audio a video > Počítače a príslušenstvo > Sieťové prvky > WiFi routery";"";"";"";"";"";"";"";"";"";"Mercusys Halo H50G, 2ks";""
"KB_100001438037";"";"HP LaserJet Pro MFP M234sdn (6GX00F)";"dd055e64-92ac-11f1-bfe9-bc2411833e01";"";"194850889486";"";"";"TV, audio a video > Počítače a príslušenstvo > Tlačiarne a skenery > Laserové tlačiarne";"TV, audio a video > Počítače a príslušenstvo > Tlačiarne a skenery > Laserové tlačiarne";"";"";"";"";"";"";"";"";"";"HP LaserJet M234sdn 6GX00F";""
"KB_100002075205";"";"ETA 207990000";"de070f24-92ac-11f1-bf63-bc2411833e01";"";"8590393366613";"";"";"Domáce spotrebiče > Malé spotrebiče > Kuchynské roboty a krájače > Mixéry a šľahače > Elektrické sekáčiky";"Domáce spotrebiče > Malé spotrebiče > Kuchynské roboty a krájače > Mixéry a šľahače > Elektrické sekáčiky";"";"";"";"";"";"";"";"";"";"ETA Basto II 2079 90000 biely";""
"KB_100002102968";"";"ALI Síť Nab.65W, 2xUSB-C + USB CHPD0027";"dfa02e10-92ac-11f1-a62b-bc2411833e01";"";"8596426105938";"";"";"TV, audio a video > Mobily a tablety > Príslušenstvo > Nabíjačky pre mobily";"TV, audio a video > Mobily a tablety > Príslušenstvo > Nabíjačky pre mobily";"";"";"";"";"";"";"";"";"";"Aligator CHPD0027";""
"KB_100002103223";"";"KMP H-T259C (HP W2071A Cyan)";"dfcac724-92ac-11f1-a5bf-bc2411833e01";"";"4011324374872";"";"";"TV, audio a video > Počítače a príslušenstvo > Tlačiarne a skenery > Tonery";"TV, audio a video > Počítače a príslušenstvo > Tlačiarne a skenery > Tonery";"";"";"";"";"";"";"";"";"";"KMP HP W2071A - kompatibilný";""
"KB_100002096253";"";"Carrera autodráha FIRST DC Batweels 2.9";"dfd52b1a-92ac-11f1-b845-bc2411833e01";"";"4007486630482";"";"";"Šport, hračky a voľný čas > Hračky > Autodráhy";"Šport, hračky a voľný čas > Hračky > Autodráhy";"";"";"";"";"";"";"";"";"";"Carrera FIRST 63047 DC Batweels 2.4";""
"KB_100002126771";"";"Remoska® Europa Hrnec 28 cm";"e1780474-92ac-11f1-9a81-bc2411833e01";"";"8595006155776";"";"";"Domáce spotrebiče > Malé spotrebiče > Nádobie > Hrnce";"Domáce spotrebiče > Malé spotrebiče > Nádobie > Hrnce";"";"";"";"";"";"";"";"";"";"Remoska Europa Hrniec 28 cm R2003228129";""
"KB_100002126820";"";"PS5 - DualSense CHROMA PEARL";"e18c47b8-92ac-11f1-97af-bc2411833e01";"";"711719590019";"";"";"TV, audio a video > Počítače a príslušenstvo > Herné zariadenia > Herné ovládače > Gamepady";"TV, audio a video > Počítače a príslušenstvo > Herné zariadenia > Herné ovládače > Gamepady";"";"";"";"";"";"";"";"";"";"PlayStation 5 DualSense PS711000044446";""
"KB_100002127673";"";"Apple MW493ZM/A 60W USB-C Char.Cable(1m)";"e1f575da-92ac-11f1-aea9-bc2411833e01";"";"195949371905";"";"";"TV, audio a video > Mobily a tablety > Príslušenstvo > Káble pre mobily";"TV, audio a video > Mobily a tablety > Príslušenstvo > Káble pre mobily";"";"";"";"";"";"";"";"";"";"Apple MQKJ3ZM/A USB, 1m";""
"KB_100002127822";"";"LENOVO TAB 10.1 (ZAEH0095CZ)";"e2134920-92ac-11f1-a028-bc2411833e01";"";"198154669591";"";"";"TV, audio a video > Počítače a príslušenstvo > Tablety";"TV, audio a video > Počítače a príslušenstvo > Tablety";"";"";"";"";"";"";"";"";"";"Lenovo TAB 10 ZAEH0095CZ";""
"KB_100002127876";"";"Samsung Galaxy S25 Ultra 5G 512GB Titan";"e23b7f08-92ac-11f1-93ba-bc2411833e01";"";"8806095859910";"";"";"TV, audio a video > Mobily a tablety > Smart telefóny";"TV, audio a video > Mobily a tablety > Smart telefóny";"";"";"";"";"";"";"";"";"";"Samsung Galaxy S25 Ultra 12GB/512GB S938B Titanium Gray";""
"KB_100002127880";"";"Samsung Galaxy S25 Ultra 5G 1TB Titan";"e246a1c6-92ac-11f1-a5a9-bc2411833e01";"";"8806095859743";"";"";"TV, audio a video > Mobily a tablety > Smart telefóny";"TV, audio a video > Mobily a tablety > Smart telefóny";"";"";"";"";"";"";"";"";"";"Samsung Galaxy S25 Ultra 12GB/1TB S938B Titanium Gray";""
"KB_100002129710";"";"Rapoo 8810ME set klávesnice a myši CZ/SK";"e2af38f8-92ac-11f1-8632-bc2411833e01";"";"6940056131461";"";"";"TV, audio a video > Počítače a príslušenstvo > PC periférie > Klávesnice";"TV, audio a video > Počítače a príslušenstvo > PC periférie > Klávesnice";"";"";"";"";"";"";"";"";"";"Rapoo 8810ME 6940056131461";""
"KB_100002129914";"";"Ariete ART 413/04";"e2d8ad78-92ac-11f1-bf2e-bc2411833e01";"";"8003705118140";"";"";"Domáce spotrebiče > Malé spotrebiče > Príprava nápojov > Lisy na citrusy";"Domáce spotrebiče > Malé spotrebiče > Príprava nápojov > Lisy na citrusy";"";"";"";"";"";"";"";"";"";"Ariete Vintage 413/04 zelený";""
"KB_100002130944";"";"Brita Fill&Go Vital fil.láhev 0,6l zelen";"e34f0360-92ac-11f1-ba3e-bc2411833e01";"";"4006387128395";"";"";"Domáce spotrebiče > Malé spotrebiče > Príprava nápojov > Filtračné kanvice";"Domáce spotrebiče > Malé spotrebiče > Príprava nápojov > Filtračné kanvice";"";"";"";"";"";"";"";"";"";"Brita Fill & Go Vital 0,6l zelená";""
"KB_100002136144";"";"Leifheit Thermo Reflect Glide&Park L/Uni";"e47fdf8e-92ac-11f1-a8de-bc2411833e01";"";"4006501716125";"";"";"Domáce spotrebiče > Malé spotrebiče > Žehličky > Žehliace dosky";"Domáce spotrebiče > Malé spotrebiče > Žehličky > Žehliace dosky";"";"";"";"";"";"";"";"";"";"Leifheit Thermo Reflect Glide & Park Universal";""
"KB_100002136982";"";"ALI GL. FULL Xia Not 14 Pro/Pro+ GLF0046";"e5ec177a-92ac-11f1-87ca-bc2411833e01";"";"8596426110840";"";"";"TV, audio a video > Mobily a tablety > Príslušenstvo > Puzdrá na mobilné telefóny";"TV, audio a video > Mobily a tablety > Príslušenstvo > Puzdrá na mobilné telefóny";"";"";"";"";"";"";"";"";"";"Aligator ochrana displeja Glass Full Cover Xiaomi Redmi Note 14 Pro/Pro+ 5G / čierna GLF0046";""
"KB_100002141307";"";"Samsung Galaxy Z Flip7 FE 5G 128GB Black";"e657301e-92ac-11f1-a685-bc2411833e01";"";"8806097428428";"";"";"TV, audio a video > Mobily a tablety > Smart telefóny";"TV, audio a video > Mobily a tablety > Smart telefóny";"";"";"";"";"";"";"";"";"";"Samsung Galaxy Z Flip7 FE F761B 8GB/128GB Black";""
"KB_100002141605";"";"FIXED držák MagRound 2 FIXMRO2-BK";"e6ddb1c0-92ac-11f1-b4c5-bc2411833e01";"";"8591680183524";"";"";"TV, audio a video > Mobily a tablety > Príslušenstvo > Držiaky na mobily";"TV, audio a video > Mobily a tablety > Príslušenstvo > Držiaky na mobily";"";"";"";"";"";"";"";"";"";"Fixed FIXMRO2-BK";""
"KB_100002141944";"";"Fixed pouzdro XRedmi 15 FIXOP3-1618-BK";"e6f4642e-92ac-11f1-800d-bc2411833e01";"";"8591680186846";"";"";"TV, audio a video > Mobily a tablety > Príslušenstvo > Puzdrá na mobilné telefóny";"TV, audio a video > Mobily a tablety > Príslušenstvo > Puzdrá na mobilné telefóny";"";"";"";"";"";"";"";"";"";"Fixed Opus pre Xiaomi Redmi 15 4G/5G, čierne FIXOP3-1618-BK";""
"KB_100002143012";"";"Samsung A175 Galaxy A17 128GB Gray";"e75248e6-92ac-11f1-a3db-bc2411833e01";"";"8806097651079";"";"";"TV, audio a video > Mobily a tablety > Smart telefóny";"TV, audio a video > Mobily a tablety > Smart telefóny";"";"";"";"";"";"";"";"";"";"Samsung Galaxy A17 A175F 4GB/128GB Gray";""
"KB_100002148344";"";"Fixed pouzdro A iP 17 FIXPUNM2-1600-PI";"e7d034c2-92ac-11f1-8e39-bc2411833e01";"";"8591680187188";"";"";"TV, audio a video > Mobily a tablety > Príslušenstvo > Puzdrá na mobilné telefóny";"TV, audio a video > Mobily a tablety > Príslušenstvo > Puzdrá na mobilné telefóny";"";"";"";"";"";"";"";"";"";"Fixed MagPure Neck s růžovou šňůrkou na krk pro Apple iPhone 17 FIXPUNM2-1600-PI";""
"KB_100002197831";"";"Fixed pouzdro SamsGTA11+/A9+ FIXTOT-1651";"e930f874-92ac-11f1-a14c-bc2411833e01";"";"8591680190768";"";"";"TV, audio a video > Mobily a tablety > Príslušenstvo > Puzdrá na mobilné telefóny";"TV, audio a video > Mobily a tablety > Príslušenstvo > Puzdrá na mobilné telefóny";"";"";"";"";"";"";"";"";"";"FixedTopic Tab Samsung Galaxy Tab A11+/A9+ FIXTOT-1651 čierne";""
"KB_100002197874";"";"POCO F8 PRO 12/512GB Black";"e93b0f94-92ac-11f1-b35f-bc2411833e01";"";"6932554472238";"";"";"TV, audio a video > Mobily a tablety > Smart telefóny";"TV, audio a video > Mobily a tablety > Smart telefóny";"";"";"";"";"";"";"";"";"";"POCO F8 Pro 12GB/512GB Black";""
"KB_100002200742";"";"FIXED kryt SG S26 Ultra FIXSHM-1706-TR";"e999423a-92ac-11f1-8051-bc2411833e01";"";"8591680191826";"";"";"TV, audio a video > Mobily a tablety > Príslušenstvo > Puzdrá na mobilné telefóny";"TV, audio a video > Mobily a tablety > Príslušenstvo > Puzdrá na mobilné telefóny";"";"";"";"";"";"";"";"";"";"Fixed MagShell Samsung Galaxy S26 Ultra číry FIXSHM-1706-TR";""
"KB_100002200751";"";"FIXED kryt pro SG S26 FIXMMY-1704-BK";"e9a38600-92ac-11f1-bcae-bc2411833e01";"";"8591680191390";"";"";"TV, audio a video > Mobily a tablety > Príslušenstvo > Puzdrá na mobilné telefóny";"TV, audio a video > Mobily a tablety > Príslušenstvo > Puzdrá na mobilné telefóny";"";"";"";"";"";"";"";"";"";"Fixed MagMisty Samsung Galaxy S26 černý FIXMMY-1704-BK";""
"KB_100002200780";"";"FIXED kryt pro SG S26+ FIXSHM-1705-TR";"e9b967b8-92ac-11f1-b7aa-bc2411833e01";"";"8591680191819";"";"";"TV, audio a video > Mobily a tablety > Príslušenstvo > Puzdrá na mobilné telefóny";"TV, audio a video > Mobily a tablety > Príslušenstvo > Puzdrá na mobilné telefóny";"";"";"";"";"";"";"";"";"";"Fixed MagShell Samsung Galaxy S26+ číry FIXSHM-1705-TR";""
"KB_100002200939";"";"N'oveen ohřívač vody IWH150";"e9e56228-92ac-11f1-8f38-bc2411833e01";"";"5902221621505";"";"";"Domáce spotrebiče > Veľké spotrebiče > Vykurovanie a ohrev vody > Ohrievače vody";"Domáce spotrebiče > Veľké spotrebiče > Vykurovanie a ohrev vody > Ohrievače vody";"";"";"";"";"";"";"";"";"";"NOVEEN IWH150";""
"KB_100002201265";"";"Samsung Galaxy S26 5G 512GB Black";"e9f91a48-92ac-11f1-b544-bc2411833e01";"";"8806097827405";"";"";"TV, audio a video > Mobily a tablety > Smart telefóny";"TV, audio a video > Mobily a tablety > Smart telefóny";"";"";"";"";"";"";"";"";"";"Samsung Galaxy S26 12GB/512GB S942B Black";""
"KB_100002201293";"";"Samsung Galaxy S26 Ultra 5G 256GB Black";"ea033cee-92ac-11f1-a2d2-bc2411833e01";"";"8806097827221";"";"";"TV, audio a video > Mobily a tablety > Smart telefóny";"TV, audio a video > Mobily a tablety > Smart telefóny";"";"";"";"";"";"";"";"";"";"Samsung Galaxy S26 Ultra 12GB/256GB S948B Black";""
"KB_100002201294";"";"Samsung Galaxy S26 Ultra 5G 256GB Blue";"ea0d1c32-92ac-11f1-a5e1-bc2411833e01";"";"8806097826781";"";"";"TV, audio a video > Mobily a tablety > Smart telefóny";"TV, audio a video > Mobily a tablety > Smart telefóny";"";"";"";"";"";"";"";"";"";"Samsung Galaxy S26 Ultra 12GB/256GB S948B Sky Blue";""
"KB_100002201233";"";"FIXED MagClick 2 s MgSf 15W FIXMCLI2-BK";"ead62140-92ac-11f1-9b29-bc2411833e01";"";"8591680188468";"";"";"Bezpečnosť a smart domácnosť > Smart domácnosť";"Bezpečnosť a smart domácnosť > Smart domácnosť";"";"";"";"";"";"";"";"";"";"FIXED FIXMCLI2-BK";""
"KB_100002143814";"";"G3Ferrari Kuchyňská váha, G20093, Ginny,";"ebbec4a4-92ac-11f1-8f61-bc2411833e01";"";"8056095874202";"";"";"Domáce spotrebiče > Malé spotrebiče > Kuchynské potreby > Kuchynské váhy";"Domáce spotrebiče > Malé spotrebiče > Kuchynské potreby > Kuchynské váhy";"";"";"";"";"";"";"";"";"";"G3Ferrari G20093";""
"KB_100002143907";"";"G3Ferrari Citrusovač, G2005100 SUCCOBELL";"ebc83336-92ac-11f1-9841-bc2411833e01";"";"8058150116555";"";"";"Domáce spotrebiče > Malé spotrebiče > Príprava nápojov > Odšťavovače";"Domáce spotrebiče > Malé spotrebiče > Príprava nápojov > Odšťavovače";"";"";"";"";"";"";"";"";"";"G3Ferrari G20051";""
"018684";"";"Stan Puluz 80 cm bez tieňov s LED svietidlom s výkonom 8500 lúmenov";"33b0eee6-92c5-11f1-88ea-bc2411833e01";"";"5907489601252";"";"";"TV, audio a video > Foto a optika > Fotoateliér > Stany bez tieňa";"TV, audio a video > Foto a optika > Fotoateliér > Stany bez tieňa";"";"";"";"";"";"";"";"";"";"Puluz LED 8500 80 cm";""
"024466";"";"Vodná fontána pre domáce zvieratá Petoneer Fresco mini plus";"36d6ecf6-92c5-11f1-8b54-bc2411833e01";"";"6930460006042";"";"";"Zdravie a starostlivosť > Chovateľské potreby > Fontány > napájačky";"Zdravie a starostlivosť > Chovateľské potreby > Fontány > napájačky";"";"";"";"";"";"";"";"";"";"Petoneer Fresco Mini Plus chytrá vodní fontána 4 stupně filtrace vody 1.9 L";""
"024664";"";"Inteligentný WiFi RGB LED svetelný pásik NiteBird SL3 (2x5 m), Tuya";"371ced1e-92c5-11f1-a7f4-bc2411833e01";"";"6972391282324";"";"";"Bezpečnosť a smart domácnosť > Osvetlenie > LED pásy";"Bezpečnosť a smart domácnosť > Osvetlenie > LED pásy";"";"";"";"";"";"";"";"";"";"Gosund SL3 Smart LED pás 2x5m (SL3)";""
"026478";"";"Súprava príslušenstva Puluz pre športové kamery PKT39 50 v 1";"3ab06366-92c5-11f1-9918-bc2411833e01";"";"5907489605632";"";"";"TV, audio a video > Foto a optika > Súpravy";"TV, audio a video > Foto a optika > Súpravy";"";"";"";"";"";"";"";"";"";"Puluz 50in1 PKT39";""
"026531";"";"Inteligentný dávkovač krmiva Petoneer Nutri Mini";"3ad23bee-92c5-11f1-91b3-bc2411833e01";"";"6930460006578";"";"";"Zdravie a starostlivosť > Chovateľské potreby > Dávkovače krmiva > misky";"Zdravie a starostlivosť > Chovateľské potreby > Dávkovače krmiva > misky";"";"";"";"";"";"";"";"";"";"Petoneer Nutri Vision Mini chytré krmítko 2,6 l";""
"026431";"";"Podpera pozadia pre fotoštúdio Puluz 70x200cm + pozadia 2 ks DCA0976";"3b3aec7a-92c5-11f1-88bd-bc2411833e01";"";"5907489605571";"";"";"TV, audio a video > Foto a optika > Fotoateliér > Fotografické pozadia";"TV, audio a video > Foto a optika > Fotoateliér > Fotografické pozadia";"";"";"";"";"";"";"";"";"";"Stavebnica / Statív na pripevnenie fotografického pozadia Puluz 70x200cm + fotografické... 026431";""
"026433";"";"Podpora pozadia pre fotoštúdio Puluz 200x200cm DCA0975";"3b45c848-92c5-11f1-82e9-bc2411833e01";"";"5907489605595";"";"";"TV, audio a video > Foto a optika > Fotoateliér > Fotografické pozadia";"TV, audio a video > Foto a optika > Fotoateliér > Fotografické pozadia";"";"";"";"";"";"";"";"";"";"Súprava / Statív na pripevnenie fotografického pozadia Puluz 200x200cm DCA0975 026433";""
"026434";"";"Podpera pozadia pre fotoštúdio Puluz 2x2m + pozadia 3 ks PKT5204";"3b50e412-92c5-11f1-9d30-bc2411833e01";"";"5907489605601";"";"";"TV, audio a video > Foto a optika > Fotoateliér > Fotografické pozadia";"TV, audio a video > Foto a optika > Fotoateliér > Fotografické pozadia";"";"";"";"";"";"";"";"";"";"Podpera pozadia pre fotoštúdio Puluz 2x2m + pozadia 3 ks PKT5204 (IN-PKT5204)";""
"026435";"";"Súprava na upevnenie fotografického pozadia Puluz 2x3 m / stojan + 3 fotografické pozadia PKT5205";"3b5ad9e0-92c5-11f1-ac57-bc2411833e01";"";"5907489605625";"";"";"TV, audio a video > Foto a optika > Fotoateliér > Fotografické pozadia";"TV, audio a video > Foto a optika > Fotoateliér > Fotografické pozadia";"";"";"";"";"";"";"";"";"";"Zelené, Červené, Modré pozadie 2 x 3 m + držiak pozadia (výška 200cm)";""
"027675";"";"Yeelight Svetlo do skrine čierne 40 cm 2700K";"3bd8de12-92c5-11f1-a906-bc2411833e01";"";"6924922209560";"";"";"Bezpečnosť a smart domácnosť > Osvetlenie > Nábytkové svietidlá";"Bezpečnosť a smart domácnosť > Osvetlenie > Nábytkové svietidlá";"";"";"";"";"";"";"";"";"";"Xiaomi XA0112";""
"028360";"";"Yeelight LED senzorové svetlo do šuplíka (4ks)";"3bfb2896-92c5-11f1-9b2f-bc2411833e01";"";"6924922212874";"";"";"Bezpečnosť a smart domácnosť > Osvetlenie > Nábytkové svietidlá";"Bezpečnosť a smart domácnosť > Osvetlenie > Nábytkové svietidlá";"";"";"";"";"";"";"";"";"";"Yeelight Y00168";""
"028536";"";"Edifier SS02 znamená reproduktory Edifier S1000MKII / S1000W (hnedé) 2ks.";"3d2c5564-92c5-11f1-a283-bc2411833e01";"";"6923520265640";"";"";"TV, audio a video > Audio technika > Stojany";"TV, audio a video > Audio technika > Stojany";"";"";"";"";"";"";"";"";"";"Edifier SS02";""
"029287";"";"Dielenská baterka Superfire G21, 650lm, USB";"3dfe8782-92c5-11f1-9287-bc2411833e01";"";"6956362994447";"";"";"Šport, hračky a voľný čas > Outdoor > Svietidlá > Pracovné svetlá";"Šport, hračky a voľný čas > Outdoor > Svietidlá > Pracovné svetlá";"";"";"";"";"";"";"";"";"";"Superfire G21";""
"029288";"";"UV svietidlo Superfire A5, 365NM";"3e938a12-92c5-11f1-ac84-bc2411833e01";"";"6974760350320";"";"";"Šport, hračky a voľný čas > Outdoor > Svietidlá > UV svietidlá";"Šport, hračky a voľný čas > Outdoor > Svietidlá > UV svietidlá";"";"";"";"";"";"";"";"";"";"Superfire A5";""
"028636";"";"Súprava na živé vysielanie Puluz držiak na statív + LED lampa + mikrofón + svorka na telefón";"3ef094d2-92c5-11f1-badf-bc2411833e01";"";"5907489607100";"";"";"TV, audio a video > Foto a optika > Súpravy";"TV, audio a video > Foto a optika > Súpravy";"";"";"";"";"";"";"";"";"";"Puluz statív + LED lampa + mikrofón + svorka na telefón PKT3132B 028636";""
"073706";"";"Inteligentná zásuvka Gosund EP2 WiFi, 4 kusy (štvorbalenie) 10A Tuya";"3f066eb0-92c5-11f1-8fd3-bc2411833e01";"";"6972391283260";"";"";"Bezpečnosť a smart domácnosť > Prvky výkonu > Smart zástrčky > Zásuvky";"Bezpečnosť a smart domácnosť > Prvky výkonu > Smart zástrčky > Zásuvky";"";"";"";"";"";"";"";"";"";"Gosund EP2";""
"030890";"";"Inteligentný samočistiaci odpadkový kôš pre mačky Catlink Scooper Young Version";"3f437364-92c5-11f1-8240-bc2411833e01";"";"6972884750040";"";"";"Zdravie a starostlivosť > Chovateľské potreby > Inteligentné toalety pre zvieratá";"Zdravie a starostlivosť > Chovateľské potreby > Inteligentné toalety pre zvieratá";"";"";"";"";"";"";"";"";"";"Catlink Young Automatický box 60 x 58 x 71 cm";""
"031408";"";"Obudowa / ramka zabezpieczająca Telesin metalowa dla DJI Action 2 (OA-FMS-003)";"40fbf60e-92c5-11f1-a1c9-bc2411833e01";"";"6972860178813";"";"";"TV, audio a video > Foto a optika > Príslušenstvo > Pre športové kamery";"TV, audio a video > Foto a optika > Príslušenstvo > Pre športové kamery";"";"";"";"";"";"";"";"";"";"Púzdro Metal frame Telesin for DJI Action 2 - OA-FMS-003";""
"031873";"";"Diaľkové ovládanie Telesin pre GoPro Hero 13 / 12 / 11 / 10 / 9 / 8 / MAX (GP-RMT-T10)";"41fcb3ea-92c5-11f1-8a8b-bc2411833e01";"";"6972860179162";"";"";"TV, audio a video > Foto a optika > Príslušenstvo > Pre športové kamery";"TV, audio a video > Foto a optika > Príslušenstvo > Pre športové kamery";"";"";"";"";"";"";"";"";"";"Telesin T10 Bluetooth diaľkový ovládač pre GoPro Hero 9 / 8 GP-RMT-T10";""
"033593";"";"Pretekársky volant  PXN-V3 (PC / PS3 / PS4 / XBOX ONE / SWITCH)";"425ea5c8-92c5-11f1-a55f-bc2411833e01";"";"6948052901231";"";"";"TV, audio a video > Počítače a príslušenstvo > Herné príslušenstvo > Simulátory > Simulácia pretekov";"TV, audio a video > Počítače a príslušenstvo > Herné príslušenstvo > Simulátory > Simulácia pretekov";"";"";"";"";"";"";"";"";"";"PXN PXN-V3";""
"033594";"";"Nastaviteľný stojan na herný volant PXN-A9 (čierny)";"426b660a-92c5-11f1-8638-bc2411833e01";"";"6948052900708";"";"";"TV, audio a video > Počítače a príslušenstvo > Herné príslušenstvo > Simulátory > Simulácia pretekov";"TV, audio a video > Počítače a príslušenstvo > Herné príslušenstvo > Simulátory > Simulácia pretekov";"";"";"";"";"";"";"";"";"";"PXN Nastavitelný herní stojan na volant PXN-A9";""
"033601";"";"Joystick PXN-2113 PRO Ovládanie letu PC";"427ab7fe-92c5-11f1-a7c7-bc2411833e01";"";"6948052901026";"";"";"TV, audio a video > Počítače a príslušenstvo > Herné príslušenstvo > Simulátory > Simulácia letu";"TV, audio a video > Počítače a príslušenstvo > Herné príslušenstvo > Simulátory > Simulácia letu";"";"";"";"";"";"";"";"";"";"Joystick PXN-2113";""
"034115";"";"Yeelight Svetlo so senzorom do šatníka 40 cm - čierne 4000 K";"42ba0526-92c5-11f1-8061-bc2411833e01";"";"6924922214755";"";"";"Bezpečnosť a smart domácnosť > Osvetlenie > Nábytkové svietidlá";"Bezpečnosť a smart domácnosť > Osvetlenie > Nábytkové svietidlá";"";"";"";"";"";"";"";"";"";"Yeelight YLBGD-0045B";""
"034123";"";"Rozšírenie inteligentných svetelnch panelov Yeelight YLFWD-0013";"42d562f8-92c5-11f1-89f7-bc2411833e01";"";"6924922222187";"";"";"Bezpečnosť a smart domácnosť > Osvetlenie > Dekoratívne osvetlenie";"Bezpečnosť a smart domácnosť > Osvetlenie > Dekoratívne osvetlenie";"";"";"";"";"";"";"";"";"";"Yeelight YLFWD-0013";""
"035194";"";"Termoregulačný inteligentný pelech Petoneer Cozy Sofa";"436fb18c-92c5-11f1-8d6f-bc2411833e01";"";"6930460007148";"";"";"Zdravie a starostlivosť > Chovateľské potreby > Ostatné príslušenstvo";"Zdravie a starostlivosť > Chovateľské potreby > Ostatné príslušenstvo";"";"";"";"";"";"";"";"";"";"Cozy Sofa pelech s termoreguláciou";""
"033951";"";"Darkflash DK352 Plus computer case + 4 fans (black)";"438f9588-92c5-11f1-a040-bc2411833e01";"";"4710343794134";"";"";"TV, audio a video > Počítače a príslušenstvo > Herné príslušenstvo > Skrine > S ventilátorom";"TV, audio a video > Počítače a príslušenstvo > Herné príslušenstvo > Skrine > S ventilátorom";"";"";"";"";"";"";"";"";"";"darkFlash DK352 Plus Black";""
"035464";"";"Popruh na krk s držiakom Telesin pre športové kamery / phones (TE-HNB-001)";"43f277ac-92c5-11f1-ba08-bc2411833e01";"";"6972860178875";"";"";"TV, audio a video > Foto a optika > Selfie tyče > statívy > držiaky > Postroje, upevňovacie prvky a držiaky";"TV, audio a video > Foto a optika > Selfie tyče > statívy > držiaky > Postroje, upevňovacie prvky a držiaky";"";"";"";"";"";"";"";"";"";"Telesin Popruh na krk pre športové kamery TE-HNB-001";""
"034805";"";"Fototaška cez rameno Puluz (čierna)";"4408818c-92c5-11f1-8546-bc2411833e01";"";"5907489609173";"";"";"TV, audio a video > Foto a optika > Batohy";"TV, audio a video > Foto a optika > Batohy";"";"";"";"";"";"";"";"";"";"Puluz PU5016B čierna";""
"035837";"";"Yeelight stropný reflektor (jedna žiarovka) biely";"442c0f3a-92c5-11f1-b417-bc2411833e01";"";"6924922224709";"";"";"Bezpečnosť a smart domácnosť > Osvetlenie > Svietidlá";"Bezpečnosť a smart domácnosť > Osvetlenie > Svietidlá";"";"";"";"";"";"";"";"";"";"Yeelight YLDDL-0083";""
"035846";"";"DJI RoboMaster TT celoplošný ochranný kryt vrtule";"44e563e0-92c5-11f1-af16-bc2411833e01";"";"6941565913470";"";"";"Šport, hračky a voľný čas > Hračky > Edukatívne > Programovateľní roboti";"Šport, hračky a voľný čas > Hračky > Edukatívne > Programovateľní roboti";"";"";"";"";"";"";"";"";"";"DJI RoboMaster TT All-Protection Propeller Guard CP.TL.AS000004.01";""
"036232";"";"Čítačka pamäťových kariet SD/TF série Baseus Lite, USB + USB-C (sivá)";"46eb9330-92c5-11f1-8309-bc2411833e01";"";"6932172608200";"";"";"TV, audio a video > Počítače a príslušenstvo > Čítačky kariet";"TV, audio a video > Počítače a príslušenstvo > Čítačky kariet";"";"";"";"";"";"";"";"";"";"Baseus Lite Series WKQX060013";""
"038341";"";"Inteligentný WiFi spínač na monitorovanie teploty a vlhkosti Sonoff THR316D TH Elite";"47228f48-92c5-11f1-9f51-bc2411833e01";"";"6920075777529";"";"";"Bezpečnosť a smart domácnosť > Riadiace jednotky > Smart ovládače";"Bezpečnosť a smart domácnosť > Riadiace jednotky > Smart ovládače";"";"";"";"";"";"";"";"";"";"SONOFF TH316D Elite";""
"038280";"";"Powerbanka Baseus Bipow 10000 mAh, 20 W (biela)";"49505110-92c5-11f1-a54f-bc2411833e01";"";"6932172618315";"";"";"Fotovoltaika a energie > Powerbanky";"Fotovoltaika a energie > Powerbanky";"";"";"";"";"";"";"";"";"";"Baseus PPBD050502";""
"040908";"";"Joystick PXN-2119 PRO na ovládanie letu";"49b0304e-92c5-11f1-899e-bc2411833e01";"";"6948052901316";"";"";"TV, audio a video > Počítače a príslušenstvo > Herné príslušenstvo > Simulátory > Simulácia letu";"TV, audio a video > Počítače a príslušenstvo > Herné príslušenstvo > Simulátory > Simulácia letu";"";"";"";"";"";"";"";"";"";"PXN-2119 PRO Flight control 6948052901316";""
"040907";"";"PXN-F16 Flight Joystick for PC";"49bde374-92c5-11f1-8eb8-bc2411833e01";"";"6948052900692";"";"";"TV, audio a video > Počítače a príslušenstvo > Herné príslušenstvo > Simulátory > Simulácia letu";"TV, audio a video > Počítače a príslušenstvo > Herné príslušenstvo > Simulátory > Simulácia letu";"";"";"";"";"";"";"";"";"";"Joystick PXN-2113";""
"040244";"";"Elektrický otočný stojan Puluz 30 cm USB (čierny)";"4aa75630-92c5-11f1-a3aa-bc2411833e01";"";"5905316140806";"";"";"TV, audio a video > Foto a optika > Fotoateliér > Podšálky";"TV, audio a video > Foto a optika > Fotoateliér > Podšálky";"";"";"";"";"";"";"";"";"";"Elektrický otočný stolík s displejom Puluz 30 cm USB (čierny)";""
"040245";"";"Elektrický otočný stôl Puluz 30 cm USB (biely)";"4ab1aa5e-92c5-11f1-9dcd-bc2411833e01";"";"5905316140813";"";"";"TV, audio a video > Foto a optika > Fotoateliér > Podšálky";"TV, audio a video > Foto a optika > Fotoateliér > Podšálky";"";"";"";"";"";"";"";"";"";"Elektrický otočný stolík Puluz 30 cm s USB (biely)";""
"041177";"";"Inteligentný samočistiaci záchod pre mačky Catlink Pro-X Štandardná verzia";"4ae62ff4-92c5-11f1-b061-bc2411833e01";"";"6972884750699";"";"";"Zdravie a starostlivosť > Chovateľské potreby > Inteligentné toalety pre zvieratá";"Zdravie a starostlivosť > Chovateľské potreby > Inteligentné toalety pre zvieratá";"";"";"";"";"";"";"";"";"";"Catlink Pro-X Luxusný automatický box pre mačky 60 x 58 x 71 cm";""
"041709";"";"Otočný stojan Puluz 45 cm (biely)";"4b2f1232-92c5-11f1-a377-bc2411833e01";"";"5905316141292";"";"";"TV, audio a video > Foto a optika > Fotoateliér > Podšálky";"TV, audio a video > Foto a optika > Fotoateliér > Podšálky";"";"";"";"";"";"";"";"";"";"Otočný stojan Puluz 45 cm (biely)";""
"041718";"";"Selfie tyč/ statív Puluz dvojitá LED dióda";"4b677c94-92c5-11f1-886d-bc2411833e01";"";"5905316141384";"";"";"TV, audio a video > Foto a optika > Fotoateliér > Kruhové svetlá";"TV, audio a video > Foto a optika > Fotoateliér > Kruhové svetlá";"";"";"";"";"";"";"";"";"";"Puluz s duálnym LED osvetlením 041718";""
"042427";"";"Univerzálny prísavný držiak TELESIN s držiakom na telefón a akčnú kameru TE-SUC-012";"4bb1de42-92c5-11f1-af3e-bc2411833e01";"";"6974944460524";"";"";"TV, audio a video > Foto a optika > Selfie tyče > statívy > držiaky > Postroje, upevňovacie prvky a držiaky";"TV, audio a video > Foto a optika > Selfie tyče > statívy > držiaky > Postroje, upevňovacie prvky a držiaky";"";"";"";"";"";"";"";"";"";"TELESIN TE-SUC-012";""
"042423";"";"TELESIN Univerzálny držiak na rúrku riadidiel pre športové kamery (hliník)";"4bbbf63e-92c5-11f1-bcfc-bc2411833e01";"";"6974944460005";"";"";"TV, audio a video > Foto a optika > Selfie tyče > statívy > držiaky > Selfie tyče a držiaky";"TV, audio a video > Foto a optika > Selfie tyče > statívy > držiaky > Selfie tyče a držiaky";"";"";"";"";"";"";"";"";"";"Telesin Tube Clamp držiak pre športové kamery na bicykel GP-HBM-001";""
"038159";"";"Bicyklová baterka Superfire BL12 – 4800 mAh, USB, 2 režimy";"4bd0a372-92c5-11f1-96e3-bc2411833e01";"";"6956362995277";"";"";"Šport, hračky a voľný čas > Príslušenstvo pre bicykle > Lampy";"Šport, hračky a voľný čas > Príslušenstvo pre bicykle > Lampy";"";"";"";"";"";"";"";"";"";"Superfire BL12 USB predné čierne";""
"045752";"";"Podwójne inteligentne gniazdko WiFi Gosund SP211, 2 sztuki 3500W (dwupak) Tuya";"4e661dce-92c5-11f1-890f-bc2411833e01";"";"6972391289552";"";"";"Bezpečnosť a smart domácnosť > Prvky výkonu > Smart zástrčky > Zásuvky";"Bezpečnosť a smart domácnosť > Prvky výkonu > Smart zástrčky > Zásuvky";"";"";"";"";"";"";"";"";"";"Smart Gosund SP211";""
"045782";"";"Sunnylife Puzdro na prenášanie pre DJI RS 3 Mini";"4e9267f8-92c5-11f1-b946-bc2411833e01";"";"5905316146471";"";"";"TV, audio a video > Foto a optika > Príslušenstvo > Pre stabilizátory";"TV, audio a video > Foto a optika > Príslušenstvo > Pre stabilizátory";"";"";"";"";"";"";"";"";"";"Sunnylife RO-B555 čierny";""
"044424";"";"Pero Baseus Smooth Writing 2 Stylus Pen (biele)";"4f282982-92c5-11f1-a8ad-bc2411833e01";"";"6932172624545";"";"";"TV, audio a video > Mobily a tablety > Stylusy pre tablety";"TV, audio a video > Mobily a tablety > Stylusy pre tablety";"";"";"";"";"";"";"";"";"";"Baseus Smooth Writing 2 SXBC060102";""
"048140";"";"Set of 6 Freewell All Day filters for DJI Mini 3 Pro / Mini 3";"5024b3a0-92c5-11f1-ad84-bc2411833e01";"";"6972971860362";"";"";"Dróny a RC modely > Príslušenstvo pre drony > Filtre pre drony";"Dróny a RC modely > Príslušenstvo pre drony > Filtre pre drony";"";"";"";"";"";"";"";"";"";"Freewell Filtre All Day pre DJI Mini 3 pro / Mini 3 balenie 6 ks FW-MN3-ALD";""
"048322";"";"Cestovný batoh pre domáce zvieratá PetKit Breezy 2 (zelený)";"503942c0-92c5-11f1-9c88-bc2411833e01";"";"6973293808629";"";"";"Zdravie a starostlivosť > Chovateľské potreby > Venčenie a transport";"Zdravie a starostlivosť > Chovateľské potreby > Venčenie a transport";"";"";"";"";"";"";"";"";"";"PetKit Breezy2 SMART Cat Carrier Batoh na miláčikov 13 x 12 x 18 cm";""
"048201";"";"Filter Freewell CPL pre GoPro HERO11/HERO10/HERO9";"504dfe22-92c5-11f1-8ec2-bc2411833e01";"";"6972971860959";"";"";"TV, audio a video > Foto a optika > Príslušenstvo > Pre športové kamery";"TV, audio a video > Foto a optika > Príslušenstvo > Pre športové kamery";"";"";"";"";"";"";"";"";"";"Freewell Filtr CPL pro GoPro HERO 9/10/11/12 - PI193191052";""
"089096";"";"Inteligentný vypínač svetla WiFi Avatto TS02-EU-B1 1 Way TUYA (čierny)";"50641b3a-92c5-11f1-9adc-bc2411833e01";"";"6976037362654";"";"";"Bezpečnosť a smart domácnosť > Riadiace jednotky > Prepínače";"Bezpečnosť a smart domácnosť > Riadiace jednotky > Prepínače";"";"";"";"";"";"";"";"";"";"Avatto TS02-EU-B1";""
"047922";"";"Inteligentný svetelný spínač WiFi Avatto TS02-EU-B2 2-cestný (čierny)";"506e4d4e-92c5-11f1-b7ae-bc2411833e01";"";"6976037360322";"";"";"Bezpečnosť a smart domácnosť > Riadiace jednotky > Prepínače";"Bezpečnosť a smart domácnosť > Riadiace jednotky > Prepínače";"";"";"";"";"";"";"";"";"";"Avatto TS02-EU-B2";""
"047923";"";"Inteligentný vypínač svetla WiFi Avatto TS02-EU-W3 3 Way TUYA (biely)";"50782dbe-92c5-11f1-a3a5-bc2411833e01";"";"6976037360308";"";"";"Bezpečnosť a smart domácnosť > Riadiace jednotky > Prepínače";"Bezpečnosť a smart domácnosť > Riadiace jednotky > Prepínače";"";"";"";"";"";"";"";"";"";"Avatto TS02-EU-W3";""
"047973";"";"Inteligentný spínací modul ZigBee Avatto ZWSM16-W2 TUYA";"50de22f4-92c5-11f1-94aa-bc2411833e01";"";"6976037360179";"";"";"Bezpečnosť a smart domácnosť > Riadiace jednotky > Smart ovládače";"Bezpečnosť a smart domácnosť > Riadiace jednotky > Smart ovládače";"";"";"";"";"";"";"";"";"";"Avatto ZWSM16-W4";""
"047980";"";"Inteligentný spínací modul ZigBee Avatto LZWSM16-W2 Bez neutrálu TUYA";"5107bfe2-92c5-11f1-abfa-bc2411833e01";"";"6976037360865";"";"";"Bezpečnosť a smart domácnosť > Riadiace jednotky > Smart ovládače";"Bezpečnosť a smart domácnosť > Riadiace jednotky > Smart ovládače";"";"";"";"";"";"";"";"";"";"Smart Switch Module AVATTO LZWSM16-W2 ZigBee Tuya";""
"047981";"";"Inteligentný spínací modul ZigBee Avatto LZWSM16-W3 Bez neutrálu TUYA";"5111acb4-92c5-11f1-bfa7-bc2411833e01";"";"6976037360872";"";"";"Bezpečnosť a smart domácnosť > Riadiace jednotky > Smart ovládače";"Bezpečnosť a smart domácnosť > Riadiace jednotky > Smart ovládače";"";"";"";"";"";"";"";"";"";"Avatto LZWSM16-W3";""
"044426";"";"Pero Baseus Smooth Writing 2 Stylus Pen (fialové)";"51d96722-92c5-11f1-912f-bc2411833e01";"";"6932172624569";"";"";"TV, audio a video > Mobily a tablety > Stylusy pre tablety";"TV, audio a video > Mobily a tablety > Stylusy pre tablety";"";"";"";"";"";"";"";"";"";"Baseus Stylus Pen Smooth Writing 2 Series SXBC060105";""
"050857";"";"Vonkajšia WiFi kamera 360° IMOU Cruiser 2 5MP";"52ef5392-92c5-11f1-8d9c-bc2411833e01";"";"6971927235049";"";"";"Bezpečnosť a smart domácnosť > Smart záhrada";"Bezpečnosť a smart domácnosť > Smart záhrada";"";"";"";"";"";"";"";"";"";"Dahua IMOU IPC-GS7EP-5M0WE";""
"048321";"";"Potápačská maska Telesin s odnímateľným držiakom pre športové kamery";"533594c4-92c5-11f1-8601-bc2411833e01";"";"6972860176192";"";"";"TV, audio a video > Foto a optika > Príslušenstvo > Ostatné";"TV, audio a video > Foto a optika > Príslušenstvo > Ostatné";"";"";"";"";"";"";"";"";"";"Telesin Diving potápačské okuliare s držiakom na športové kamery GP-DIV-GS2-BK";""
"044427";"";"Bezdrôtové nabíjanie stylusu pre telefón / tablet Baseus Smooth Writing (ružový)";"536a722a-92c5-11f1-9da2-bc2411833e01";"";"6932172624576";"";"";"TV, audio a video > Mobily a tablety > Stylusy pre tablety";"TV, audio a video > Mobily a tablety > Stylusy pre tablety";"";"";"";"";"";"";"";"";"";"Baseus Stylus Pen Smooth Writing 2 Series SXBC060104";""
"051646";"";"Yeelight Cube Light Smart Gaming Lamp Spot + podstavec";"5397e476-92c5-11f1-8c24-bc2411833e01";"";"6924922224853";"";"";"TV, audio a video > Počítače a príslušenstvo > Herné príslušenstvo > Osvetlenie";"TV, audio a video > Počítače a príslušenstvo > Herné príslušenstvo > Osvetlenie";"";"";"";"";"";"";"";"";"";"Yeelight YLFWD-0008";""
"052013";"";"Schodíky pre Catlink BayMax Litter Box";"550fbcac-92c5-11f1-9aed-bc2411833e01";"";"6972884750903";"";"";"Zdravie a starostlivosť > Chovateľské potreby > Príslušenstvo pre mačacie toalety";"Zdravie a starostlivosť > Chovateľské potreby > Príslušenstvo pre mačacie toalety";"";"";"";"";"";"";"";"";"";"Catlink Scooper Schodíky do odpadkového koša";""
"053547";"";"Bezdrôtový adaptér Carlinkit 2AIR";"55859a8a-92c5-11f1-b5ba-bc2411833e01";"";"6972185560430";"";"";"Auto-moto > Bezdrôtové adaptéry CarPlay > Android Auto";"Auto-moto > Bezdrôtové adaptéry CarPlay > Android Auto";"";"";"";"";"";"";"";"";"";"Carlinkit CPC200-2Air";""
"053497";"";"Darkflash DK352 Plus computer case + 4 fans (black and white)";"563ec082-92c5-11f1-b499-bc2411833e01";"";"4710343794141";"";"";"TV, audio a video > Počítače a príslušenstvo > Herné príslušenstvo > Skrine > S ventilátorom";"TV, audio a video > Počítače a príslušenstvo > Herné príslušenstvo > Skrine > S ventilátorom";"";"";"";"";"";"";"";"";"";"darkFlash DK352 Plus Black & White";""
"053477";"";"Stojan / statív / trojnožka pre projektor Blitzwolf BW-VF3, otočný, do 10 kg";"565d75d6-92c5-11f1-bb1d-bc2411833e01";"";"5905316147874";"";"";"TV, audio a video > Mobily a tablety > Selfie tyče > statívy > stojany > Podložky a stojany";"TV, audio a video > Mobily a tablety > Selfie tyče > statívy > stojany > Podložky a stojany";"";"";"";"";"";"";"";"";"";"Blitzwolf BW-VF3";""
"054631";"";"Náhradná batéria BOBOVR B2";"56c3d5ec-92c5-11f1-966b-bc2411833e01";"";"6937267000204";"";"";"TV, audio a video > Počítače a príslušenstvo > Herné príslušenstvo > Príslušenstvo VR";"TV, audio a video > Počítače a príslušenstvo > Herné príslušenstvo > Príslušenstvo VR";"";"";"";"";"";"";"";"";"";"BOBOVR B2 náhradné batérie k VR popruhu na hlavu";""
"053648";"";"PetKit Eversweet SOLO SE fontána pre psov a mačky (tmavosivá)";"56cdf202-92c5-11f1-b73b-bc2411833e01";"";"6975069300764";"";"";"Zdravie a starostlivosť > Chovateľské potreby > Fontány > napájačky";"Zdravie a starostlivosť > Chovateľské potreby > Fontány > napájačky";"";"";"";"";"";"";"";"";"";"PetKit Eversweet Solo SE fontánka 1.8 l P4103S";""
"053647";"";"PetKit 2v1 PRO Pet Trimmer";"56d8602a-92c5-11f1-9e98-bc2411833e01";"";"6973293809190";"";"";"Zdravie a starostlivosť > Chovateľské potreby > Starostlivosť o zvieratá";"Zdravie a starostlivosť > Chovateľské potreby > Starostlivosť o zvieratá";"";"";"";"";"";"";"";"";"";"PetKit Pet Trimmer PK413";""
"053427";"";"Vodná fontána pre domáce zvieratá Catlink Pure 3";"56e3ca64-92c5-11f1-be4e-bc2411833e01";"";"6972884750873";"";"";"Zdravie a starostlivosť > Chovateľské potreby > Fontány > napájačky";"Zdravie a starostlivosť > Chovateľské potreby > Fontány > napájačky";"";"";"";"";"";"";"";"";"";"Plastová napájačka CATLINK 2,3 l";""
"054638";"";"Batéria pre BOBOVR M2 Pro + nabíjacia stanica";"56ee2162-92c5-11f1-892a-bc2411833e01";"";"6937267000273";"";"";"TV, audio a video > Počítače a príslušenstvo > Herné príslušenstvo > Príslušenstvo VR";"TV, audio a video > Počítače a príslušenstvo > Herné príslušenstvo > Príslušenstvo VR";"";"";"";"";"";"";"";"";"";"BOBOVR Baterie BOBOVR M2 Pro + nabíjecí stanice";""
"055034";"";"Selfie tyč Puluz pre Insta360 One RS / X2 / X3 / X4 / X5 - 3 m (PU642B)";"572e0106-92c5-11f1-ad5e-bc2411833e01";"";"5905316147591";"";"";"TV, audio a video > Foto a optika > Selfie tyče > statívy > držiaky > Selfie tyče a držiaky";"TV, audio a video > Foto a optika > Selfie tyče > statívy > držiaky > Selfie tyče a držiaky";"";"";"";"";"";"";"";"";"";"Selfie tyč Puluz pre športové fotoaparáty - 3 m (PU642B)";""
"055431";"";"Plastikowe wodoodporne etui Puluz na iPhone 15 Plus/15 Pro Max/14 Plus/14 Pro Max/13 Pro Max/12 Pro Max/11 Pro Max (biały)";"583ea636-92c5-11f1-b463-bc2411833e01";"";"5905316148642";"";"";"TV, audio a video > Mobily a tablety > Obaly na telefóny > Vodotesné puzdro";"TV, audio a video > Mobily a tablety > Obaly na telefóny > Vodotesné puzdro";"";"";"";"";"";"";"";"";"";"Puluz Plastic waterproof phone Case iPhone 14 Plus/Pro Max/13 Pro Max/12 Pro Max/11 Pro Max white";""
"054078";"";"Statív PULUZ - flexibilný držiak s diaľkovým ovládaním pre mobilné telefóny (Apple) a športové kamery (DJI Action, GoPro, Insta360)";"58a9d7f8-92c5-11f1-8d56-bc2411833e01";"";"5905316148024";"";"";"TV, audio a video > Foto a optika > Selfie tyče > statívy > držiaky > Selfie tyče a držiaky";"TV, audio a video > Foto a optika > Selfie tyče > statívy > držiaky > Selfie tyče a držiaky";"";"";"";"";"";"";"";"";"";"Puluz PU860";""
"055630";"";"Súprava 4 filtrov Split ND Freewell pre DJI Air 3";"58d76a06-92c5-11f1-af93-bc2411833e01";"";"6972971864407";"";"";"Dróny a RC modely > Príslušenstvo pre drony > Filtre pre drony";"Dróny a RC modely > Príslušenstvo pre drony > Filtre pre drony";"";"";"";"";"";"";"";"";"";"Freewell Sada 4 filtrov Split ND pre DJI Air 3 FW-A3-SPLITND";""
"054362";"";"Motor na ovládanie závesov SwitchBot Rod 2 (biely)";"5953538c-92c5-11f1-a5c7-bc2411833e01";"";"850046603495";"";"";"Bezpečnosť a smart domácnosť > Riadiace jednotky > Smart ovládače";"Bezpečnosť a smart domácnosť > Riadiace jednotky > Smart ovládače";"";"";"";"";"";"";"";"";"";"SwitchBot Bot Curtain U Rail 3";""
"056047";"";"Ochranný kryt PGYTECH pre DJI RC/RC2 (P-45A-020)";"59c34f5c-92c5-11f1-bb3a-bc2411833e01";"";"6976100482449";"";"";"Dróny a RC modely > Príslušenstvo pre drony > DJI";"Dróny a RC modely > Príslušenstvo pre drony > DJI";"";"";"";"";"";"";"";"";"";"PGYTECH Chránič pro DJI RC/RC2 P-45A-020";""
"055833";"";"Automatické kŕmidlo pre domáce zvieratá - 6 jedál / 3600 mAh";"59e3de52-92c5-11f1-8587-bc2411833e01";"";"6975116293407";"";"";"Zdravie a starostlivosť > Chovateľské potreby > Dávkovače krmiva > misky";"Zdravie a starostlivosť > Chovateľské potreby > Dávkovače krmiva > misky";"";"";"";"";"";"";"";"";"";"Rojeco 6 jedál Automatické krmítko pre zvieratá 3600mAh";""
"056154";"";"Univerzálny magnetický filtračný systém Freewell K2";"59f64dd0-92c5-11f1-b977-bc2411833e01";"";"6972971863264";"";"";"TV, audio a video > Foto a optika > Filtre > Pre zrkadlovky";"TV, audio a video > Foto a optika > Filtre > Pre zrkadlovky";"";"";"";"";"";"";"";"";"";"Freewell magnetický set VND 82 mm";""
"055844";"";"Bezdrôtové napájadlo pre domáce zvieratá Rojeco 2,5 L";"5a024d38-92c5-11f1-abda-bc2411833e01";"";"6975116293520";"";"";"Zdravie a starostlivosť > Chovateľské potreby > Fontány > napájačky";"Zdravie a starostlivosť > Chovateľské potreby > Fontány > napájačky";"";"";"";"";"";"";"";"";"";"Rojeco | Vodní fontána pro domácí mazlíčky Rojeco Wireless 2,5L RYSJ-13";""
"054997";"";"Inteligentný dávkovač krmiva CatLink F04 PRO";"5a7f8988-92c5-11f1-bd85-bc2411833e01";"";"6972884750958";"";"";"Zdravie a starostlivosť > Chovateľské potreby > Dávkovače krmiva > misky";"Zdravie a starostlivosť > Chovateľské potreby > Dávkovače krmiva > misky";"";"";"";"";"";"";"";"";"";"CatLink Fresh 2 F04 PRO Inteligentný dávkovač krmiva až 2 l krmiva aplikácie (6972884750958)";""
"055001";"";"Inteligentný dávkovač krmiva CatLink F03 STD";"5a96cb02-92c5-11f1-9ae6-bc2411833e01";"";"6972884750965";"";"";"Zdravie a starostlivosť > Chovateľské potreby > Dávkovače krmiva > misky";"Zdravie a starostlivosť > Chovateľské potreby > Dávkovače krmiva > misky";"";"";"";"";"";"";"";"";"";"CatLink F03 Standard Inteligentní dávkovač krmiva";""
"056789";"";"Náhradný filter pre napájadlo Catlink";"5aacb6b0-92c5-11f1-ac7f-bc2411833e01";"";"6972884750910";"";"";"Zdravie a starostlivosť > Chovateľské potreby > Ostatné príslušenstvo";"Zdravie a starostlivosť > Chovateľské potreby > Ostatné príslušenstvo";"";"";"";"";"";"";"";"";"";"Náhradné filtre pre fontánu Catlink Pure 3";""
"057805";"";"Inteligentná IP kamera Gosund IPC3, IP65";"5bc64d04-92c5-11f1-8036-bc2411833e01";"";"6972391287725";"";"";"Bezpečnosť a smart domácnosť > IP kamery";"Bezpečnosť a smart domácnosť > IP kamery";"";"";"";"";"";"";"";"";"";"Gosund Smart Floodlight camera";""
"057355";"";"Inteligentná zásuvka MEROSS MSS315CFH-EU s meraním spotreby energie (Matter)";"5c7e9d8c-92c5-11f1-8915-bc2411833e01";"";"6973696568830";"";"";"Bezpečnosť a smart domácnosť > Prvky výkonu > Smart zástrčky > Zásuvky";"Bezpečnosť a smart domácnosť > Prvky výkonu > Smart zástrčky > Zásuvky";"";"";"";"";"";"";"";"";"";"Meross MSS315MA-EU";""
"057896";"";"14 filtrov Voľne použiteľné pre DJI Osmo Pocket 3";"5ca099aa-92c5-11f1-91db-bc2411833e01";"";"6972971864919";"";"";"Dróny a RC modely > Príslušenstvo pre drony > DJI";"Dróny a RC modely > Príslušenstvo pre drony > DJI";"";"";"";"";"";"";"";"";"";"Freewell Set štrnástich filtrov pre DJI Osmo Pocket 3 FW-OP3-MEGA";""
"057897";"";"Sada 8 filtrov Freewell DJI Osmo Pocket 3";"5cabb09c-92c5-11f1-9aea-bc2411833e01";"";"6972971864902";"";"";"Dróny a RC modely > Príslušenstvo pre drony > DJI";"Dróny a RC modely > Príslušenstvo pre drony > DJI";"";"";"";"";"";"";"";"";"";"Freewell sada ôsmich filtrov All Day pre DJI Osmo Pocket 3 FW-OP3-ALD";""
"057875";"";"Filtre Freewell pre DJI Mini 4 Pro Mega Pack (16 kusov)";"5cb70384-92c5-11f1-9df8-bc2411833e01";"";"6972971864582";"";"";"Dróny a RC modely > Príslušenstvo pre drony > Filtre pre drony";"Dróny a RC modely > Príslušenstvo pre drony > Filtre pre drony";"";"";"";"";"";"";"";"";"";"Freewell sada šestnástich filtrov pre DJI Mini 4 Pro FW-MN4-MEGA";""
"057877";"";"Filtre Freewell Bright Day pre DJI Mini 4 Pro (6 balení)";"5cc1a7c6-92c5-11f1-93ce-bc2411833e01";"";"6972971864575";"";"";"Dróny a RC modely > Príslušenstvo pre drony > Filtre pre drony";"Dróny a RC modely > Príslušenstvo pre drony > Filtre pre drony";"";"";"";"";"";"";"";"";"";"Freewell sada šiestich filtrov Bright Day pre DJI Mini 4 Pro FW-MN4-BRG";""
"057882";"";"Filtre GND 0.9 + 1.2 Freewell pre DJI Mini 4 Pro";"5ccc78f4-92c5-11f1-9158-bc2411833e01";"";"6972971864599";"";"";"Dróny a RC modely > Príslušenstvo pre drony > Filtre pre drony";"Dróny a RC modely > Príslušenstvo pre drony > Filtre pre drony";"";"";"";"";"";"";"";"";"";"Freewell sada dvoch prechodových filtrov pre DJI Mini 4 Pro FW-MN4-GND";""
"057883";"";"Filtre ND (16/64/256) pre DJI Mini 4 Pro";"5cd78424-92c5-11f1-a9f3-bc2411833e01";"";"6972971864636";"";"";"Dróny a RC modely > Príslušenstvo pre drony > Filtre pre drony";"Dróny a RC modely > Príslušenstvo pre drony > Filtre pre drony";"";"";"";"";"";"";"";"";"";"Freewell - Kruhový polarizačný filter pre DJI Mini 4 Pro FW-MN4-CPL";""
"058841";"";"Selfie tyč Puluz pre športové fotoaparáty (čierna)";"5e030fd0-92c5-11f1-9251-bc2411833e01";"";"5905316149311";"";"";"TV, audio a video > Foto a optika > Príslušenstvo > Pre športové kamery";"TV, audio a video > Foto a optika > Príslušenstvo > Pre športové kamery";"";"";"";"";"";"";"";"";"";"Puluz Waterproof Diving vodotesné puzdro na Insta360 X3, biele PU890T";""
"058847";"";"Náhlavný popruh BOBOVR M3 Pro pre Oculus Quest 3 / Quest 3S + batéria";"5e246536-92c5-11f1-a539-bc2411833e01";"";"6937267000341";"";"";"TV, audio a video > Počítače a príslušenstvo > Herné príslušenstvo > Príslušenstvo VR";"TV, audio a video > Počítače a príslušenstvo > Herné príslušenstvo > Príslušenstvo VR";"";"";"";"";"";"";"";"";"";"BOBOVR M3 Pre Head Strap pre Oculus Quest 3 + batéria";""
"059216";"";"Herný volant PXN-V10 (PC / PS3 / PS4 / XBOX ONE / SWITCH)";"5e97cb02-92c5-11f1-b997-bc2411833e01";"";"6948052903020";"";"";"TV, audio a video > Počítače a príslušenstvo > Herné príslušenstvo > Simulátory > Simulácia pretekov";"TV, audio a video > Počítače a príslušenstvo > Herné príslušenstvo > Simulátory > Simulácia pretekov";"";"";"";"";"";"";"";"";"";"Thrustmaster T3PM PS5, PS4, Xbox One, Xbox Series X|S, PC 4060210";""
"059897";"";"Inteligentná vizuálna tyč na čistenie uší Bebird Note 5 (modrá)";"5fbaff4a-92c5-11f1-b02b-bc2411833e01";"";"6972403826416";"";"";"Zdravie a starostlivosť > Otoskopy";"Zdravie a starostlivosť > Otoskopy";"";"";"";"";"";"";"";"";"";"Bebird Note 5 SMART Visual Ear-Clean Rod modrá";""
"059901";"";"Inteligentná vizuálna tyč na čistenie uší Bebird Note 5 pro (biela)";"5fc5b7d2-92c5-11f1-8d79-bc2411833e01";"";"6972403826454";"";"";"Zdravie a starostlivosť > Otoskopy";"Zdravie a starostlivosť > Otoskopy";"";"";"";"";"";"";"";"";"";"Bebird Note 5 Pro Otoskop na čistenie uší modrá";""
"060074";"";"Yeelight Cube Light Smart Gaming Lamp Panel";"600b4d74-92c5-11f1-83fc-bc2411833e01";"";"6924922232261";"";"";"Bezpečnosť a smart domácnosť > Osvetlenie > Dekoratívne osvetlenie";"Bezpečnosť a smart domácnosť > Osvetlenie > Dekoratívne osvetlenie";"";"";"";"";"";"";"";"";"";"YEELIGHT Beam RGBIC Light bar";""
"058042";"";"Slúchadlá do uší TWS Mcdodo HP-2780 (biele)";"616ed7f8-92c5-11f1-b413-bc2411833e01";"";"6941237112088";"";"";"TV, audio a video > Audio technika > Slúchadlá > Bezdrôtové slúchadlá > TWS slúchadlá";"TV, audio a video > Audio technika > Slúchadlá > Bezdrôtové slúchadlá > TWS slúchadlá";"";"";"";"";"";"";"";"";"";"Joyroom JR-TS1";""
"060145";"";"Súprava na starostlivosť o srsť domácich zvierat Petkit AirClipper 5 v 1";"617b571c-92c5-11f1-b487-bc2411833e01";"";"6934399223150";"";"";"Zdravie a starostlivosť > Chovateľské potreby > Starostlivosť o zvieratá";"Zdravie a starostlivosť > Chovateľské potreby > Starostlivosť o zvieratá";"";"";"";"";"";"";"";"";"";"Oneisall Súprava pre starostlivosť o domácich miláčikov LM2";""
"060147";"";"Zastrihávač / zastrihávač domácich zvierat Oneisall P2 (zlatý)";"618fde08-92c5-11f1-ae92-bc2411833e01";"";"6934399224034";"";"";"Zdravie a starostlivosť > Chovateľské potreby > Starostlivosť o zvieratá";"Zdravie a starostlivosť > Chovateľské potreby > Starostlivosť o zvieratá";"";"";"";"";"";"";"";"";"";"Oneisall Trimmer P2 strihací strojček";""
"060149";"";"Inteligentný dávkovač krmiva PetKit Fresh Element Mini (WIFI)";"619a3c5e-92c5-11f1-83b4-bc2411833e01";"";"6934399223235";"";"";"Zdravie a starostlivosť > Chovateľské potreby > Dávkovače krmiva > misky";"Zdravie a starostlivosť > Chovateľské potreby > Dávkovače krmiva > misky";"";"";"";"";"";"";"";"";"";"Chytrý dávkovač krmiva Oneisall PFD001 Pro";""
"060196";"";"Metal selfie stick 2 m PULUZ for Insta360 One RS/X2/X3/X4 (black)";"61d3db4e-92c5-11f1-95c5-bc2411833e01";"";"5906168430466";"";"";"TV, audio a video > Foto a optika > Selfie tyče > statívy > držiaky > Postroje, upevňovacie prvky a držiaky";"TV, audio a video > Foto a optika > Selfie tyče > statívy > držiaky > Postroje, upevňovacie prvky a držiaky";"";"";"";"";"";"";"";"";"";"Puluz Kovová selfie tyč pre Insta360 One RS/X2/X3/X4, čierna PU641B";""
"060422";"";"Slnečná clona na smartfón od Sunnylife pre ovládač DJI RC-N1 (ZG73)";"623c36da-92c5-11f1-aba1-bc2411833e01";"";"5905316149861";"";"";"TV, audio a video > Foto a optika > Príslušenstvo > Pre športové kamery";"TV, audio a video > Foto a optika > Príslušenstvo > Pre športové kamery";"";"";"";"";"";"";"";"";"";"Sunnylife pre Pocket 3 a príslušenstvo";""
"058449";"";"Bezdrôtový diaľkový spínač SwitchBot-S1 (čierny)";"62d45e9c-92c5-11f1-8c1f-bc2411833e01";"";"850007706388";"";"";"Bezpečnosť a smart domácnosť > Prvky výkonu > Senzory";"Bezpečnosť a smart domácnosť > Prvky výkonu > Senzory";"";"";"";"";"";"";"";"";"";"SwitchBot Contact Sensor";""
"058462";"";"Univerzálny diaľkový ovládač IR WiFi Avatto S16 TUYA";"63e76d92-92c5-11f1-a1bf-bc2411833e01";"";"6976037361077";"";"";"Bezpečnosť a smart domácnosť > Prvky výkonu > Senzory";"Bezpečnosť a smart domácnosť > Prvky výkonu > Senzory";"";"";"";"";"";"";"";"";"";"Avatto WHS20S";""
"058466";"";"Univerzálny diaľkový ovládač IR WiFi Avatto S16 TUYA";"63fde702-92c5-11f1-bfed-bc2411833e01";"";"6976037361107";"";"";"Bezpečnosť a smart domácnosť > Prvky výkonu > Smart kúrenie > Termostaty";"Bezpečnosť a smart domácnosť > Prvky výkonu > Smart kúrenie > Termostaty";"";"";"";"";"";"";"";"";"";"Avatto WT198 WiFi TUYA";""
"058467";"";"Univerzálny diaľkový ovládač IR WiFi Avatto S16 TUYA";"64153e2a-92c5-11f1-ae98-bc2411833e01";"";"6976037361091";"";"";"Bezpečnosť a smart domácnosť > Prvky výkonu > Smart kúrenie > Termostaty";"Bezpečnosť a smart domácnosť > Prvky výkonu > Smart kúrenie > Termostaty";"";"";"";"";"";"";"";"";"";"Avatto ZWT198 ZigBee TUYA";""
"058468";"";"Univerzálny diaľkový ovládač IR WiFi Avatto S16 TUYA";"642018cc-92c5-11f1-87ed-bc2411833e01";"";"6976037361114";"";"";"Bezpečnosť a smart domácnosť > Prvky výkonu > Smart kúrenie > Termostaty";"Bezpečnosť a smart domácnosť > Prvky výkonu > Smart kúrenie > Termostaty";"";"";"";"";"";"";"";"";"";"AVATTO WT410-16A-W WiFi Tuya";""
"058472";"";"Univerzálny diaľkový ovládač IR WiFi Avatto S16 TUYA";"64370d84-92c5-11f1-bcd0-bc2411833e01";"";"6976037361152";"";"";"Bezpečnosť a smart domácnosť > Prvky výkonu > Smart kúrenie > Termostaty";"Bezpečnosť a smart domácnosť > Prvky výkonu > Smart kúrenie > Termostaty";"";"";"";"";"";"";"";"";"";"AVATTO WT410-BH-3A-B WiFi Tuya";""
"060689";"";"Univerzálny diaľkový ovládač IR WiFi Avatto S16 TUYA";"6441947a-92c5-11f1-8faa-bc2411833e01";"";"6976037361121";"";"";"Bezpečnosť a smart domácnosť > Prvky výkonu > Smart kúrenie > Termostaty";"Bezpečnosť a smart domácnosť > Prvky výkonu > Smart kúrenie > Termostaty";"";"";"";"";"";"";"";"";"";"AVATTO WT410-BH-3A-W WiFi Tuya";""
"060457";"";"Univerzálny diaľkový ovládač IR WiFi Avatto S16 TUYA";"644c1602-92c5-11f1-8a82-bc2411833e01";"";"6976037361275";"";"";"Bezpečnosť a smart domácnosť > Riadiace jednotky > Smart ovládače";"Bezpečnosť a smart domácnosť > Riadiace jednotky > Smart ovládače";"";"";"";"";"";"";"";"";"";"Avatto ZDMS16-2";""
"060458";"";"Univerzálny diaľkový ovládač IR WiFi Avatto S16 TUYA";"64560e3c-92c5-11f1-ac68-bc2411833e01";"";"6976037361268";"";"";"Bezpečnosť a smart domácnosť > Riadiace jednotky > Smart ovládače";"Bezpečnosť a smart domácnosť > Riadiace jednotky > Smart ovládače";"";"";"";"";"";"";"";"";"";"Avatto ZDMS16-1";""
"060690";"";"Nočná lampička pre deti SuperFire RAB-02 Little Rabbit – 2 režimy, farba 4000K";"646d8ea4-92c5-11f1-8433-bc2411833e01";"";"6974760352362";"";"";"Bezpečnosť a smart domácnosť > Osvetlenie > Stolové a nočné lampy";"Bezpečnosť a smart domácnosť > Osvetlenie > Stolové a nočné lampy";"";"";"";"";"";"";"";"";"";"Superfire RAB-02";""
"061188";"";"Bezdrôtový adaptér Carlinkit TBOX-Plus 4+64 GB";"64c3e89e-92c5-11f1-a6aa-bc2411833e01";"";"6972185560454";"";"";"Auto-moto > Bezdrôtové adaptéry CarPlay > Android Auto";"Auto-moto > Bezdrôtové adaptéry CarPlay > Android Auto";"";"";"";"";"";"";"";"";"";"CarlinKit CPC200 Tbox Ambient";""
"059291";"";"Interaktívne hračky pre mačky 3 v 1";"6555ce80-92c5-11f1-8505-bc2411833e01";"";"6975116293841";"";"";"Zdravie a starostlivosť > Chovateľské potreby > Hračky";"Zdravie a starostlivosť > Chovateľské potreby > Hračky";"";"";"";"";"";"";"";"";"";"Rojeco interaktívna loptička";""
"060028";"";"Catlink BayMax Lite intelligent self-cleaning cat litter box";"65605f4e-92c5-11f1-9d00-bc2411833e01";"";"6972884751177";"";"";"Zdravie a starostlivosť > Chovateľské potreby > Inteligentné toalety pre zvieratá";"Zdravie a starostlivosť > Chovateľské potreby > Inteligentné toalety pre zvieratá";"";"";"";"";"";"";"";"";"";"Catlink Baymax Automatický box na podstielku 59,9 x 53,3 x 54,5 cm";""
"061203";"";"Vodítko pre psa PetKit Go Free 4,5 m";"662be11e-92c5-11f1-9fea-bc2411833e01";"";"6975116293018";"";"";"Zdravie a starostlivosť > Chovateľské potreby > Venčenie a transport";"Zdravie a starostlivosť > Chovateľské potreby > Venčenie a transport";"";"";"";"";"";"";"";"";"";"Rojeco Automatické vodítko pre psov LED";""
"060473";"";"Škrabadlo pre mačky Petkit";"66e9be6e-92c5-11f1-a3f6-bc2411833e01";"";"6931580101303";"";"";"Zdravie a starostlivosť > Chovateľské potreby > Hračky";"Zdravie a starostlivosť > Chovateľské potreby > Hračky";"";"";"";"";"";"";"";"";"";"PetKit 3v1 škrabadlo hračka a pelíšek pro kočky";""
"055285";"";"Bezdrôtový adaptér Carlinkit U2W Plus";"67b371e6-92c5-11f1-912e-bc2411833e01";"";"6972185560386";"";"";"Auto-moto > Bezdrôtové adaptéry CarPlay > Android Auto";"Auto-moto > Bezdrôtové adaptéry CarPlay > Android Auto";"";"";"";"";"";"";"";"";"";"Bezdrôtový adaptér Carlinkit U2W Plus (čierny)";""
"063459";"";"Inteligentná sušička pre domáce zvieratá Catlink Luxury";"68f99882-92c5-11f1-abc2-bc2411833e01";"";"6972884751214";"";"";"Zdravie a starostlivosť > Chovateľské potreby > Starostlivosť o zvieratá";"Zdravie a starostlivosť > Chovateľské potreby > Starostlivosť o zvieratá";"";"";"";"";"";"";"";"";"";"Catlink CL DA 02 Chytrá sušička zvířat Luxury 65 l";""
"063814";"";"Držiak na spätné zrkadlo PULUZ pre akčné kamery (vrátane Osmo Action 5 Pro, Insta360 X5 / X4 / X3)(PU3211)";"6a968006-92c5-11f1-a20e-bc2411833e01";"";"5906168432361";"";"";"TV, audio a video > Foto a optika > Selfie tyče > statívy > držiaky > Postroje, upevňovacie prvky a držiaky";"TV, audio a video > Foto a optika > Selfie tyče > statívy > držiaky > Postroje, upevňovacie prvky a držiaky";"";"";"";"";"";"";"";"";"";"PULUZ Držiak na spätné zrkadlo na motocykel pre akčné kamery - PU3211";""
"064297";"";"Ottocast CA400-S 4-in-1 Carplay/Android adapter (black)";"6b9952ee-92c5-11f1-bb08-bc2411833e01";"";"5906168433917";"";"";"Auto-moto > Bezdrôtové adaptéry CarPlay > Android Auto";"Auto-moto > Bezdrôtové adaptéry CarPlay > Android Auto";"";"";"";"";"";"";"";"";"";"Ottocast CA400-S 4 in 1 Carplay&Andorid";""
"064413";"";"Gosund ST20 Tuya smart ZigBee motion sensor";"6bcea43a-92c5-11f1-ad90-bc2411833e01";"";"6977038680297";"";"";"Bezpečnosť a smart domácnosť > Prvky výkonu > Senzory";"Bezpečnosť a smart domácnosť > Prvky výkonu > Senzory";"";"";"";"";"";"";"";"";"";"Gosund ST20";""
"064642";"";"Powerbank Baseus Compact 5000mAh, 20W, USB-C (black)";"6cc86d44-92c5-11f1-9c23-bc2411833e01";"";"6932172659509";"";"";"Fotovoltaika a energie > Powerbanky";"Fotovoltaika a energie > Powerbanky";"";"";"";"";"";"";"";"";"";"Baseus 5000 mAh čierna";""
"064643";"";"Powerbank Baseus Compact 5000mAh, 20W, USB-C (biały)";"6cd26420-92c5-11f1-add7-bc2411833e01";"";"6932172659516";"";"";"Fotovoltaika a energie > Powerbanky";"Fotovoltaika a energie > Powerbanky";"";"";"";"";"";"";"";"";"";"Baseus P10068306213";""
"062715";"";"Avatto SDL-A270-S digital smart lock -6072 WiFi Silver";"6d07c962-92c5-11f1-8c13-bc2411833e01";"";"6976037361480";"";"";"Bezpečnosť a smart domácnosť > Prvky výkonu > Smart zámky";"Bezpečnosť a smart domácnosť > Prvky výkonu > Smart zámky";"";"";"";"";"";"";"";"";"";"Avatto SDL-A270-S -6072 WiFi Silver";""
"062719";"";"Avatto Smart Digital Lock ZSDL-A270-B-ALI-6072 ZigBee Black";"6d29ad48-92c5-11f1-984d-bc2411833e01";"";"6976037361510";"";"";"Bezpečnosť a smart domácnosť > Prvky výkonu > Smart zámky";"Bezpečnosť a smart domácnosť > Prvky výkonu > Smart zámky";"";"";"";"";"";"";"";"";"";"Avatto ZSDL-A270-B-ALI-6072 ZigBee Black";""
"063585";"";"Akumulátor pre DJI Avata 2";"6d9b5538-92c5-11f1-8dbc-bc2411833e01";"";"6941565980472";"";"";"Dróny a RC modely > Príslušenstvo pre drony > DJI";"Dróny a RC modely > Príslušenstvo pre drony > DJI";"";"";"";"";"";"";"";"";"";"DJI Avata 2 Intelligent Flight Battery CP.FP.00000152.01";""
"064905";"";"Kit Neewer 660 Bi Color LED, two lamps 40W 3200-5600K";"6dd77bd0-92c5-11f1-9d05-bc2411833e01";"";"6976831831561";"";"";"TV, audio a video > Foto a optika > Súpravy";"TV, audio a video > Foto a optika > Súpravy";"";"";"";"";"";"";"";"";"";"Neewer 660 Bi Color LED, dvě žárovky 40W 3200-5600K";""
"064837";"";"BOBOVR S3 PRO Battery Relief Strap for Meta Quest 3 / Quest 3S";"6e04f8c6-92c5-11f1-88be-bc2411833e01";"";"6937267000372";"";"";"TV, audio a video > Počítače a príslušenstvo > Herné príslušenstvo > Príslušenstvo VR";"TV, audio a video > Počítače a príslušenstvo > Herné príslušenstvo > Príslušenstvo VR";"";"";"";"";"";"";"";"";"";"BOBOVR S3 Pro| Popruh s batériou Meta Quest 3S & Quest 3";""
"065004";"";"LED svetelný panel Neewer GL1 Pro 2900–7000 K";"6e436bd8-92c5-11f1-8222-bc2411833e01";"";"6976831830168";"";"";"TV, audio a video > Foto a optika > Fotoateliér > Svietidlá";"TV, audio a video > Foto a optika > Fotoateliér > Svietidlá";"";"";"";"";"";"";"";"";"";"Neewer GL1 Pro";""
"065005";"";"Kit Neewer ZC-10S two lamps LED + filters + tripods";"6e4da968-92c5-11f1-ba69-bc2411833e01";"";"6976831830212";"";"";"TV, audio a video > Foto a optika > Fotoateliér > Svietidlá";"TV, audio a video > Foto a optika > Fotoateliér > Svietidlá";"";"";"";"";"";"";"";"";"";"Neewer 4254035";""
"088227";"";"Lamp LED Neewer MS150B Bi Color 130W 2700-6500K";"6e5985da-92c5-11f1-ab85-bc2411833e01";"";"6921268813802";"";"";"TV, audio a video > Foto a optika > Fotoateliér > Svietidlá";"TV, audio a video > Foto a optika > Fotoateliér > Svietidlá";"";"";"";"";"";"";"";"";"";"Neewer MS150B mini Bi-Color LED video svetlo 10105169";""
"064428";"";"Rýchlonabíjací kábel SDC DJI Power pre Inspire 3";"6f9707ec-92c5-11f1-93cf-bc2411833e01";"";"6941565969576";"";"";"Fotovoltaika a energie > Elektrické stanice > Príslušenstvo";"Fotovoltaika a energie > Elektrické stanice > Príslušenstvo";"";"";"";"";"";"";"";"";"";"DJI Power SDC to DJI Inspire 3 Fast Charge Cable CP.DY.00000046.01";""
"064730";"";"Hyper PLA Filament Creality (Beige)";"6ffcba88-92c5-11f1-81e9-bc2411833e01";"";"6971636401247";"";"";"Kreatívne technológie > 3D tlač > Vlákna";"Kreatívne technológie > 3D tlač > Vlákna";"";"";"";"";"";"";"";"";"";"Creality Hyper PLA 1,75 mm 1 kg béžová";""
"064731";"";"Hyper PLA Filament Creality (Yellow)";"7006f39a-92c5-11f1-8584-bc2411833e01";"";"6971636401094";"";"";"Kreatívne technológie > 3D tlač > Vlákna";"Kreatívne technológie > 3D tlač > Vlákna";"";"";"";"";"";"";"";"";"";"Creality Hyper PLA 1,75 mm 1 kg žltá";""
"064732";"";"Hyper PLA Filament Creality (Green)";"70115bf0-92c5-11f1-805a-bc2411833e01";"";"6971636401155";"";"";"Kreatívne technológie > 3D tlač > Vlákna";"Kreatívne technológie > 3D tlač > Vlákna";"";"";"";"";"";"";"";"";"";"Creality Hyper PLA 1,75 mm 1 kg zelená";""
"064733";"";"Hyper PLA Filament Creality (Orange)";"701b7a5e-92c5-11f1-b466-bc2411833e01";"";"6971636401254";"";"";"Kreatívne technológie > 3D tlač > Vlákna";"Kreatívne technológie > 3D tlač > Vlákna";"";"";"";"";"";"";"";"";"";"Creality Hyper PLA 1,75 mm 1 kg oranžová";""
"064734";"";"Hyper PLA Filament Creality (Brown)";"7026060e-92c5-11f1-a559-bc2411833e01";"";"6971636401285";"";"";"Kreatívne technológie > 3D tlač > Vlákna";"Kreatívne technológie > 3D tlač > Vlákna";"";"";"";"";"";"";"";"";"";"Creality Hyper PLA 1,75 mm 1 kg hnedá";""
"064735";"";"Hyper PLA Filament Creality (Black)";"70307bac-92c5-11f1-b795-bc2411833e01";"";"6971636405580";"";"";"Kreatívne technológie > 3D tlač > Vlákna";"Kreatívne technológie > 3D tlač > Vlákna";"";"";"";"";"";"";"";"";"";"Creality Hyper PLA 1,75 mm 1 kg čierna";""
"064736";"";"Hyper PLA Filament Creality (Red)";"703c5062-92c5-11f1-bace-bc2411833e01";"";"6971636405603";"";"";"Kreatívne technológie > 3D tlač > Vlákna";"Kreatívne technológie > 3D tlač > Vlákna";"";"";"";"";"";"";"";"";"";"Creality Hyper PLA 1,75 mm 1 kg červená";""
"064737";"";"Hyper PLA Filament Creality (Blue)";"70468a32-92c5-11f1-a050-bc2411833e01";"";"6971636405573";"";"";"Kreatívne technológie > 3D tlač > Vlákna";"Kreatívne technológie > 3D tlač > Vlákna";"";"";"";"";"";"";"";"";"";"Creality Hyper PLA 1,75 mm 1 kg modrá";""
"064738";"";"Hyper PLA Filament Creality (Grey)";"7050ad5a-92c5-11f1-8cf1-bc2411833e01";"";"6971636405566";"";"";"Kreatívne technológie > 3D tlač > Vlákna";"Kreatívne technológie > 3D tlač > Vlákna";"";"";"";"";"";"";"";"";"";"Creality Hyper PLA sivý 1,75 mm, 1 kg";""
"064739";"";"Hyper PLA Filament Creality (White)";"705b0110-92c5-11f1-8c80-bc2411833e01";"";"6971636405634";"";"";"Kreatívne technológie > 3D tlač > Vlákna";"Kreatívne technológie > 3D tlač > Vlákna";"";"";"";"";"";"";"";"";"";"Creality Hyper PLA 1,75 mm 1 kg biela";""
"064740";"";"Hyper ABS Filament Creality (Black)";"706505a2-92c5-11f1-bb0d-bc2411833e01";"";"6971636403579";"";"";"Kreatívne technológie > 3D tlač > Vlákna";"Kreatívne technológie > 3D tlač > Vlákna";"";"";"";"";"";"";"";"";"";"Creality Hyper ABS čierne 1,75 mm, 1 kg";""
"064741";"";"Hyper ABS Filament Creality (White)";"706f1baa-92c5-11f1-8b48-bc2411833e01";"";"6971636403609";"";"";"Kreatívne technológie > 3D tlač > Vlákna";"Kreatívne technológie > 3D tlač > Vlákna";"";"";"";"";"";"";"";"";"";"Creality Hyper ABS biele 1,75 mm, 1 kg";""
"064742";"";"Hyper ABS Filament Creality (Grey)";"7078f7ce-92c5-11f1-89d9-bc2411833e01";"";"6971636403647";"";"";"Kreatívne technológie > 3D tlač > Vlákna";"Kreatívne technológie > 3D tlač > Vlákna";"";"";"";"";"";"";"";"";"";"Creality Hyper ABS sivé 1,75 mm, 1 kg";""
"064746";"";"CR-Silk PLA Filament Creality (Purple)";"70a1f4ee-92c5-11f1-8f12-bc2411833e01";"";"6971636408116";"";"";"Kreatívne technológie > 3D tlač > Vlákna";"Kreatívne technológie > 3D tlač > Vlákna";"";"";"";"";"";"";"";"";"";"Creality CR-Silk PLA fialové 1,75 mm, 1 kg";""
"064748";"";"CR-Silk PLA Filament Creallity (Silver)";"70b5f160-92c5-11f1-ac0e-bc2411833e01";"";"6971636408901";"";"";"Kreatívne technológie > 3D tlač > Vlákna";"Kreatívne technológie > 3D tlač > Vlákna";"";"";"";"";"";"";"";"";"";"Creality CR-Silk PLA strieborný 1,75 mm, 1 kg";""
"064749";"";"CR-Silk PLA Filament Creality (Rainbow)";"70c02b94-92c5-11f1-9e7e-bc2411833e01";"";"6971636405832";"";"";"Kreatívne technológie > 3D tlač > Vlákna";"Kreatívne technológie > 3D tlač > Vlákna";"";"";"";"";"";"";"";"";"";"Creality CR-Silk PLA , dúhové 1 kg, 1,75 mm";""
"064752";"";"CR-Silk PLA Filament Creality (Pink-purple)";"70ca3c2e-92c5-11f1-b69d-bc2411833e01";"";"6971636405559";"";"";"Kreatívne technológie > 3D tlač > Vlákna";"Kreatívne technológie > 3D tlač > Vlákna";"";"";"";"";"";"";"";"";"";"Creality CR-Silk PLA ružovo-fialové 1,75 mm, 1 kg";""
"064756";"";"CR-PETG Filament Creality (Grey)";"70def858-92c5-11f1-800d-bc2411833e01";"";"6971636401711";"";"";"Kreatívne technológie > 3D tlač > Vlákna";"Kreatívne technológie > 3D tlač > Vlákna";"";"";"";"";"";"";"";"";"";"Creality 1.75mm PETG black neutral tray 1kg Šedá";""
"064757";"";"CR-PETG Filament Creality (Black)";"70e906fe-92c5-11f1-9c66-bc2411833e01";"";"6971636405344";"";"";"Kreatívne technológie > 3D tlač > Vlákna";"Kreatívne technológie > 3D tlač > Vlákna";"";"";"";"";"";"";"";"";"";"Creality CR-PETG 1,75 mm 1 kg čierna";""
"064758";"";"CR-PETG Filament Creality (White)";"70f3b716-92c5-11f1-ad60-bc2411833e01";"";"6971636409380";"";"";"Kreatívne technológie > 3D tlač > Vlákna";"Kreatívne technológie > 3D tlač > Vlákna";"";"";"";"";"";"";"";"";"";"Creality PETG 1.75mm 1kg Biela";""
"064759";"";"CR-PETG Filament Creality (Transparent)";"70fff256-92c5-11f1-87fc-bc2411833e01";"";"6971636409625";"";"";"Kreatívne technológie > 3D tlač > Vlákna";"Kreatívne technológie > 3D tlač > Vlákna";"";"";"";"";"";"";"";"";"";"Creality CR-PETG 1,75 mm 1 kg transparentný";""
"064761";"";"CR-PETG Filament Creality (Blue)";"71194d50-92c5-11f1-afaf-bc2411833e01";"";"6971636409328";"";"";"Kreatívne technológie > 3D tlač > Vlákna";"Kreatívne technológie > 3D tlač > Vlákna";"";"";"";"";"";"";"";"";"";"Creality PETG 1,75mm 1 kg Modrý CR-PETG Blue";""
"064762";"";"CR-PETG Filament Creality (Red)";"7123f61a-92c5-11f1-a20e-bc2411833e01";"";"6971636409410";"";"";"Kreatívne technológie > 3D tlač > Vlákna";"Kreatívne technológie > 3D tlač > Vlákna";"";"";"";"";"";"";"";"";"";"Creality PETG 1,75mm 1 kg Modrý CR-PETG Red";""
"064763";"";"CR-PETG Filament Creality (Transparent blue)";"712e6dac-92c5-11f1-bccc-bc2411833e01";"";"6971636409601";"";"";"Kreatívne technológie > 3D tlač > Vlákna";"Kreatívne technológie > 3D tlač > Vlákna";"";"";"";"";"";"";"";"";"";"Creality CR-PETG 1,75 mm 1 kg modrá";""
"065405";"";"Set of 4 filters ND8,16,32,64 Freewell for DJI Avata 2";"71671788-92c5-11f1-a2e5-bc2411833e01";"";"6972971865336";"";"";"Dróny a RC modely > Príslušenstvo pre drony > Filtre pre drony";"Dróny a RC modely > Príslušenstvo pre drony > Filtre pre drony";"";"";"";"";"";"";"";"";"";"Freewell - Set štyroch ND filtrov Standard Day FW-DAV2-STD";""
"065406";"";"UV Filter Freewell for DJI Avata 2";"7171973a-92c5-11f1-9302-bc2411833e01";"";"6972971865343";"";"";"Dróny a RC modely > Príslušenstvo pre drony > Filtre pre drony";"Dróny a RC modely > Príslušenstvo pre drony > Filtre pre drony";"";"";"";"";"";"";"";"";"";"Freewell - UV filter pre DJI Avata 2 FW-DAV2-UV";""
"065407";"";"Polarizer Filter Freewell for DJI Avata 2";"717d8df6-92c5-11f1-a003-bc2411833e01";"";"6972971865350";"";"";"Dróny a RC modely > Príslušenstvo pre drony > Filtre pre drony";"Dróny a RC modely > Príslušenstvo pre drony > Filtre pre drony";"";"";"";"";"";"";"";"";"";"Freewell - Polarizačný filter pre DJI Avata 2 FW-DAV2-PL";""
"065527";"";"Gens ace G-Tech 5500mAh 4S1P 14.8V 60C HardCase RC car Lipo Battery";"72295f1e-92c5-11f1-9f21-bc2411833e01";"";"6928493309469";"";"";"Dróny a RC modely > Batérie > Lítiové a NiMH";"Dróny a RC modely > Batérie > Lítiové a NiMH";"";"";"";"";"";"";"";"";"";"Gens ace G-Tech 5500mAh 4S1P 14.8V 60C HardCase RC auto Lipo batéria";""
"065620";"";"Set of 5 Filters Sunnylife ND 8/16/32/64/128 for DJI Avata 2";"72cbd7f8-92c5-11f1-bdc1-bc2411833e01";"";"5906168434822";"";"";"Dróny a RC modely > Príslušenstvo pre drony > Filtre pre drony";"Dróny a RC modely > Príslušenstvo pre drony > Filtre pre drony";"";"";"";"";"";"";"";"";"";"Sunnylife Sada 5 filtrov ND 8/16/32/64/128";""
"065403";"";"Shoulder Bag Sunnylife for RS 4";"730c6ae8-92c5-11f1-b7dd-bc2411833e01";"";"5906168434419";"";"";"TV, audio a video > Foto a optika > Príslušenstvo > Ostatné";"TV, audio a video > Foto a optika > Príslušenstvo > Ostatné";"";"";"";"";"";"";"";"";"";"Sunnylife A3-B660 šedá";""
"086214";"";"SkyRC BD380+ vybíjač";"740e5258-92c5-11f1-8c36-bc2411833e01";"";"6930460008718";"";"";"Dróny a RC modely > Načítanie > Príslušenstvo";"Dróny a RC modely > Načítanie > Príslušenstvo";"";"";"";"";"";"";"";"";"";"SKY RC BD380+ vybíjač a analyzér akumulátorov 380W";""
"063810";"";"Outdoor WiFi/LAN IP Camera IMOU Bullet 3 3MP";"75884878-92c5-11f1-8c00-bc2411833e01";"";"6971927238040";"";"";"Bezpečnosť a smart domácnosť > IP kamery";"Bezpečnosť a smart domácnosť > IP kamery";"";"";"";"";"";"";"";"";"";"Dahua IMOU IPC-S3EP-3M0WE";""
"063732";"";"Smart WiFi Touch Wall Switch Sonoff TX T5 3C (3-channel)";"7592c5b4-92c5-11f1-ba95-bc2411833e01";"";"6920075740257";"";"";"Bezpečnosť a smart domácnosť > Riadiace jednotky > Prepínače";"Bezpečnosť a smart domácnosť > Riadiace jednotky > Prepínače";"";"";"";"";"";"";"";"";"";"Sonoff TX T5 3C";""
"084468";"";"Smart Scene Wall Switch WiFi Sonoff M5 1C (1-channel)";"75bc3a7a-92c5-11f1-84ee-bc2411833e01";"";"6920075743715";"";"";"Bezpečnosť a smart domácnosť > Riadiace jednotky > Prepínače";"Bezpečnosť a smart domácnosť > Riadiace jednotky > Prepínače";"";"";"";"";"";"";"";"";"";"Sonoff M5-1C-86 Man";""
"063737";"";"Smart Scene Wall Switch WiFi Sonoff M5 3C (3-channel)";"75dccc9a-92c5-11f1-b933-bc2411833e01";"";"6920075777116";"";"";"Bezpečnosť a smart domácnosť > Riadiace jednotky > Prepínače";"Bezpečnosť a smart domácnosť > Riadiace jednotky > Prepínače";"";"";"";"";"";"";"";"";"";"Sonoff Smart M5-3C-86";""
"063859";"";"Smart plug WiFi Sonoff S60TPF";"76450616-92c5-11f1-b61d-bc2411833e01";"";"6920075740455";"";"";"Bezpečnosť a smart domácnosť > Prvky výkonu > Smart zástrčky > Zásuvky";"Bezpečnosť a smart domácnosť > Prvky výkonu > Smart zástrčky > Zásuvky";"";"";"";"";"";"";"";"";"";"Sonoff S60TPF";""
"065785";"";"Inteligentná fontána pre zvieratá Eversweet Max Petkit";"7684c940-92c5-11f1-b27c-bc2411833e01";"";"6975069302829";"";"";"Zdravie a starostlivosť > Chovateľské potreby > Fontány > napájačky";"Zdravie a starostlivosť > Chovateľské potreby > Fontány > napájačky";"";"";"";"";"";"";"";"";"";"PetKit Eversweet Max 3 l";""
"065823";"";"Náhradné filtre pre napájačku Petkit Eversweet Max";"768f1ecc-92c5-11f1-ba9c-bc2411833e01";"";"6975069302959";"";"";"Zdravie a starostlivosť > Chovateľské potreby > Ostatné príslušenstvo";"Zdravie a starostlivosť > Chovateľské potreby > Ostatné príslušenstvo";"";"";"";"";"";"";"";"";"";"Filter pre fontánu Petkit Eversweet MAX 5 ks";""
"066302";"";"Tripod stand PULUZ for Insta360 X3 / X4";"772a5d56-92c5-11f1-8c87-bc2411833e01";"";"5906168435485";"";"";"TV, audio a video > Foto a optika > Selfie tyče > statívy > držiaky > Statívy";"TV, audio a video > Foto a optika > Selfie tyče > statívy > držiaky > Statívy";"";"";"";"";"";"";"";"";"";"Puluz Statív pre Insta360 X3/X4 PU886B";""
"066304";"";"Waterproof diving case PULUZ for Insta360 X4";"774af5c0-92c5-11f1-8d95-bc2411833e01";"";"5906168435508";"";"";"TV, audio a video > Foto a optika > Príslušenstvo > Pre športové kamery";"TV, audio a video > Foto a optika > Príslušenstvo > Pre športové kamery";"";"";"";"";"";"";"";"";"";"Puluz Waterproof Diving vodotesné puzdro na Insta360 X4 PU977T";""
"066411";"";"Metal Protective Cage With Lens Cover PULUZ for Insta360 X4";"7794c2e0-92c5-11f1-bab5-bc2411833e01";"";"5906168435775";"";"";"TV, audio a video > Foto a optika > Príslušenstvo > Pre športové kamery";"TV, audio a video > Foto a optika > Príslušenstvo > Pre športové kamery";"";"";"";"";"";"";"";"";"";"PULUZ Kovové ochranné puzdro s krytom objektívu pre Insta 360 X4";""
"066401";"";"RGB Led Light Stick PULUZ 17cm";"77bfbf0e-92c5-11f1-a241-bc2411833e01";"";"5906168435614";"";"";"TV, audio a video > Foto a optika > Fotoateliér > Svietidlá";"TV, audio a video > Foto a optika > Fotoateliér > Svietidlá";"";"";"";"";"";"";"";"";"";"Fotolampa PULUZ 17cm RGB";""
"066404";"";"RGB Led Light Stick PULUZ 30cm";"77dee47e-92c5-11f1-93dd-bc2411833e01";"";"5906168435621";"";"";"TV, audio a video > Foto a optika > Fotoateliér > Svietidlá";"TV, audio a video > Foto a optika > Fotoateliér > Svietidlá";"";"";"";"";"";"";"";"";"";"Fotolampa PULUZ 30cm RGB";""
"065832";"";"Pet trimmer 4 in 1 Oneisall";"7834dcb2-92c5-11f1-86b1-bc2411833e01";"";"6934399223242";"";"";"Zdravie a starostlivosť > Chovateľské potreby > Starostlivosť o zvieratá";"Zdravie a starostlivosť > Chovateľské potreby > Starostlivosť o zvieratá";"";"";"";"";"";"";"";"";"";"Oneisall Automat na krmení kovový 2100 ml";""
"067560";"";"Filter and lens set FREEWELL for DJI Osmo Pocket 3";"7a0b0958-92c5-11f1-92fa-bc2411833e01";"";"6972971865190";"";"";"TV, audio a video > Foto a optika > Filtre > Pre športové kamery";"TV, audio a video > Foto a optika > Filtre > Pre športové kamery";"";"";"";"";"";"";"";"";"";"Freewell DJI Osmo Pocket 3 - Lens & ND Filters Kit FW-OP3-CLWND";""
"067836";"";"Adapter WiFi Baseus FastJoy 1800Mbps (black)";"7aca4908-92c5-11f1-a27f-bc2411833e01";"";"6932172661892";"";"";"TV, audio a video > Počítače a príslušenstvo > Adaptéry a meniče";"TV, audio a video > Počítače a príslušenstvo > Adaptéry a meniče";"";"";"";"";"";"";"";"";"";"Baseus FastJoy B01317600111-06";""
"068104";"";"Waydoo submersible";"7af9acb6-92c5-11f1-91b2-bc2411833e01";"";"6974416940905";"";"";"Šport, hračky a voľný čas > Podvodné skútre";"Šport, hračky a voľný čas > Podvodné skútre";"";"";"";"";"";"";"";"";"";"WAYDOO Subnado čierna";""
"067586";"";"Powerbank OS-Baseus Compact IP 5000mAh 20W (black)";"7b921028-92c5-11f1-adc2-bc2411833e01";"";"6932172663124";"";"";"TV, audio a video > Mobily a tablety > Powerbanky";"TV, audio a video > Mobily a tablety > Powerbanky";"";"";"";"";"";"";"";"";"";"Baseus 5000 mAh čierna";""
"067587";"";"Powerbank OS-Baseus Compact IP 5000mAh 20W (white)";"7b9c7734-92c5-11f1-bf6f-bc2411833e01";"";"6932172663155";"";"";"TV, audio a video > Mobily a tablety > Powerbanky";"TV, audio a video > Mobily a tablety > Powerbanky";"";"";"";"";"";"";"";"";"";"Baseus P10068306213";""
"067588";"";"Powerbank OS-Baseus Compact IP 5000mAh 20W (blue)";"7ba693e0-92c5-11f1-8b7a-bc2411833e01";"";"6932172663131";"";"";"TV, audio a video > Mobily a tablety > Powerbanky";"TV, audio a video > Mobily a tablety > Powerbanky";"";"";"";"";"";"";"";"";"";"Baseus Compact 5000mAh modrý";""
"067782";"";"Wireless controler GameSir T4n (white)";"7bcf33b8-92c5-11f1-aaeb-bc2411833e01";"";"6936685220935";"";"";"TV, audio a video > Počítače a príslušenstvo > Herné príslušenstvo > Herné podložky > Podložky";"TV, audio a video > Počítače a príslušenstvo > Herné príslušenstvo > Herné podložky > Podložky";"";"";"";"";"";"";"";"";"";"GameSir Nova HD HRG7110";""
"068294";"";"Carlinkit CPC200-Tbox UHD Carplay/Android bezdrôtový adaptér (biely)";"7bd9d660-92c5-11f1-b01c-bc2411833e01";"";"6972185560539";"";"";"Auto-moto > Bezdrôtové adaptéry CarPlay > Android Auto";"Auto-moto > Bezdrôtové adaptéry CarPlay > Android Auto";"";"";"";"";"";"";"";"";"";"Carlinkit CPC200-Tbox";""
"068590";"";"360° Outdoor Wi-Fi Camera IMOU Cruiser SE+ 5MP";"7c06848a-92c5-11f1-a942-bc2411833e01";"";"6976391038950";"";"";"Bezpečnosť a smart domácnosť > IP kamery";"Bezpečnosť a smart domácnosť > IP kamery";"";"";"";"";"";"";"";"";"";"Dahua IMOU IPC-K7CP-5H1WE";""
"068597";"";"2in1 Bulb and 360° Outdoor Camera WiFi IMOU Bulb Cam 5MP";"7c1c2e8e-92c5-11f1-8f9f-bc2411833e01";"";"6971927238309";"";"";"Bezpečnosť a smart domácnosť > IP kamery";"Bezpečnosť a smart domácnosť > IP kamery";"";"";"";"";"";"";"";"";"";"Dahua IMOU IPC-S6DP-5M0WEB-E27";""
"068599";"";"Outdor Camera with Built-in Solar Panel IMOU Cell 3C AIO";"7c3565ac-92c5-11f1-a24b-bc2411833e01";"";"6976391038820";"";"";"Bezpečnosť a smart domácnosť > IP kamery";"Bezpečnosť a smart domácnosť > IP kamery";"";"";"";"";"";"";"";"";"";"Dahua IMOU IPC-K9DCP-3T0WE-V2";""
"068601";"";"360° Outdoor Camera WiFi IMOU Cruiser Z 5MP";"7c4000d4-92c5-11f1-ba8b-bc2411833e01";"";"6976391038110";"";"";"Bezpečnosť a smart domácnosť > IP kamery";"Bezpečnosť a smart domácnosť > IP kamery";"";"";"";"";"";"";"";"";"";"Dahua IMOU IPC-S7DP-5M0WEZ";""
"068679";"";"Wall charger Blitzwolf BW-S26 250W (black)";"7cbaa622-92c5-11f1-8126-bc2411833e01";"";"5906168437526";"";"";"TV, audio a video > Mobily a tablety > Nabíjačky > sieťové nabíjačky";"TV, audio a video > Mobily a tablety > Nabíjačky > sieťové nabíjačky";"";"";"";"";"";"";"";"";"";"Blitzwolf BW-S26";""
"068822";"";"BOBOVR C3 Carrying Case for Quest 3";"7cc699d2-92c5-11f1-86fd-bc2411833e01";"";"6937267000419";"";"";"TV, audio a video > Počítače a príslušenstvo > Herné príslušenstvo > Príslušenstvo VR";"TV, audio a video > Počítače a príslušenstvo > Herné príslušenstvo > Príslušenstvo VR";"";"";"";"";"";"";"";"";"";"BOBOVR C3 Prenosné puzdro Meta Quest 3, 3S";""
"069271";"";"Monitor mount 13-30"" Huanuo HNCM7";"7e10fae4-92c5-11f1-af76-bc2411833e01";"";"5906168437854";"";"";"TV, audio a video > Počítače a príslušenstvo > Monitor stands";"TV, audio a video > Počítače a príslušenstvo > Monitor stands";"";"";"";"";"";"";"";"";"";"HUANUO HNCM7";""
"069296";"";"TV mount 37-82"" Perlesmith PSLTK1";"7e6b7212-92c5-11f1-bb7e-bc2411833e01";"";"5906168437915";"";"";"TV, audio a video > Počítače a príslušenstvo > Držiaky na TV";"TV, audio a video > Počítače a príslušenstvo > Držiaky na TV";"";"";"";"";"";"";"";"";"";"Perlesmith PSLTK1";""
"069336";"";"42-82"" TV mount Perlegear PGLF12-EU";"7ea253d6-92c5-11f1-abe4-bc2411833e01";"";"5906168437960";"";"";"TV, audio a video > Počítače a príslušenstvo > Držiaky na TV";"TV, audio a video > Počítače a príslušenstvo > Držiaky na TV";"";"";"";"";"";"";"";"";"";"Perlegear PGLF12";""
"069340";"";"TV mount 26-60"" Perlegear PGMF3";"7ecc8764-92c5-11f1-b920-bc2411833e01";"";"5906168438004";"";"";"TV, audio a video > Počítače a príslušenstvo > Držiaky na TV";"TV, audio a video > Počítače a príslušenstvo > Držiaky na TV";"";"";"";"";"";"";"";"";"";"Perlegear PGMF3";""
"069364";"";"Battery Tester Ancel BA201 8-16V DC";"7f07baaa-92c5-11f1-8fce-bc2411833e01";"";"5906168432972";"";"";"Auto-moto > Diagnostické nástroje";"Auto-moto > Diagnostické nástroje";"";"";"";"";"";"";"";"";"";"Ancel BA201";""
"069080";"";"2in1 Diagnostic Scanner OBD2 and Battery Tester Ancel AD410 PRO";"7f40bc60-92c5-11f1-89a2-bc2411833e01";"";"5906168432965";"";"";"Auto-moto > Diagnostické nástroje";"Auto-moto > Diagnostické nástroje";"";"";"";"";"";"";"";"";"";"Ancel AD410 PRO";""
"066507";"";"Tempered glass for Samsung S24 Torras Install Master";"7f4b4446-92c5-11f1-a2a2-bc2411833e01";"";"6938075672270";"";"";"TV, audio a video > Mobily a tablety > Tvrdené sklo a fólie > Pre smartfóny";"TV, audio a video > Mobily a tablety > Tvrdené sklo a fólie > Pre smartfóny";"";"";"";"";"";"";"";"";"";"Torras GlassGo Install Master Samsung Galaxy S24 Clear KF2344247";""
"069084";"";"Diagnostic Scanner OBD2 Ancel AS100/AC100";"7fa75ba0-92c5-11f1-a5cc-bc2411833e01";"";"5906168439131";"";"";"Auto-moto > Diagnostické nástroje";"Auto-moto > Diagnostické nástroje";"";"";"";"";"";"";"";"";"";"Ancel AS100/AC100";""
"069087";"";"Diagnostic Scanner OBD2 Ancel AD530";"7fca734c-92c5-11f1-9751-bc2411833e01";"";"5906168439100";"";"";"Auto-moto > Diagnostické nástroje";"Auto-moto > Diagnostické nástroje";"";"";"";"";"";"";"";"";"";"Ancel AD530";""
"068239";"";"Motorcycle Windshield Mount Clip PULUZ  for Action Cameras (DJI Osmo Action 4, GoPro Hero 12, Insta360 Ace Pro / X4)(Black)";"8066fdd4-92c5-11f1-9bce-bc2411833e01";"";"5906168437397";"";"";"TV, audio a video > Foto a optika > Selfie tyče > statívy > držiaky > Postroje, upevňovacie prvky a držiaky";"TV, audio a video > Foto a optika > Selfie tyče > statívy > držiaky > Postroje, upevňovacie prvky a držiaky";"";"";"";"";"";"";"";"";"";"Puluz Držák Clip Mount pro čelní sklo motocyklu GoPro, SJCam, Xiaomi Insta360, Dji PU942B";""
"069158";"";"Intelligent self-cleaning cat litterbox UBPet C20";"8071ca0c-92c5-11f1-aa07-bc2411833e01";"";"6931705006490";"";"";"Zdravie a starostlivosť > Chovateľské potreby > Inteligentné toalety pre zvieratá";"Zdravie a starostlivosť > Chovateľské potreby > Inteligentné toalety pre zvieratá";"";"";"";"";"";"";"";"";"";"UBPet uzavretá kyveta 50,6 x 49 x 54,7 cm";""
"069160";"";"Intelligent self-cleaning cat litterbox with camera UBPet C10 Pro";"809dba72-92c5-11f1-a0a0-bc2411833e01";"";"6931705006278";"";"";"Zdravie a starostlivosť > Chovateľské potreby > Inteligentné toalety pre zvieratá";"Zdravie a starostlivosť > Chovateľské potreby > Inteligentné toalety pre zvieratá";"";"";"";"";"";"";"";"";"";"UBPet uzavretá kyveta 55 x 52 x 53 cm";""
"069259";"";"Petoneer Fresco EZ smart pet fountain/drinker";"813d8214-92c5-11f1-a286-bc2411833e01";"";"6930460008145";"";"";"Zdravie a starostlivosť > Chovateľské potreby > Fontány > napájačky";"Zdravie a starostlivosť > Chovateľské potreby > Fontány > napájačky";"";"";"";"";"";"";"";"";"";"Petoneer Fresco Ez chytrá fontána";""
"067697";"";"SONOFF M5-3C-86W WiFi Matter smart wall switch (3-channel)";"81539fae-92c5-11f1-a71c-bc2411833e01";"";"6920075777901";"";"";"Bezpečnosť a smart domácnosť > Riadiace jednotky > Prepínače";"Bezpečnosť a smart domácnosť > Riadiace jednotky > Prepínače";"";"";"";"";"";"";"";"";"";"Sonoff M5";""
"067692";"";"SONOFF M5-3C-80W WiFi Matter smart wall switch (3-channel, for frame)";"815e84e6-92c5-11f1-a51f-bc2411833e01";"";"6920075777895";"";"";"Bezpečnosť a smart domácnosť > Riadiace jednotky > Prepínače";"Bezpečnosť a smart domácnosť > Riadiace jednotky > Prepínače";"";"";"";"";"";"";"";"";"";"Sonoff M5-3C-80W";""
"067696";"";"SONOFF M5-2C-86W WiFi Matter smart wall switch (2-channel)";"81691e4c-92c5-11f1-94cc-bc2411833e01";"";"6920075777871";"";"";"Bezpečnosť a smart domácnosť > Riadiace jednotky > Prepínače";"Bezpečnosť a smart domácnosť > Riadiace jednotky > Prepínače";"";"";"";"";"";"";"";"";"";"Sonoff M5";""
"067690";"";"SONOFF M5-2C-80W WiFi Matter smart wall switch (2-channel, for frame)";"8173d4ea-92c5-11f1-bf73-bc2411833e01";"";"6920075777864";"";"";"Bezpečnosť a smart domácnosť > Riadiace jednotky > Prepínače";"Bezpečnosť a smart domácnosť > Riadiace jednotky > Prepínače";"";"";"";"";"";"";"";"";"";"Sonoff M5-2C-80W";""
"067694";"";"SONOFF M5-1C-86W WiFi Matter smart wall switch (1-channel)";"817edee4-92c5-11f1-afbd-bc2411833e01";"";"6920075777840";"";"";"Bezpečnosť a smart domácnosť > Riadiace jednotky > Prepínače";"Bezpečnosť a smart domácnosť > Riadiace jednotky > Prepínače";"";"";"";"";"";"";"";"";"";"Sonoff M5 M5-1C-86W";""
"067689";"";"Matter SONOFF M5-1C-80W WiFi smart wall switch (1-channel, for frame)";"818a8c6c-92c5-11f1-8d3f-bc2411833e01";"";"6920075777833";"";"";"Bezpečnosť a smart domácnosť > Riadiace jednotky > Prepínače";"Bezpečnosť a smart domácnosť > Riadiace jednotky > Prepínače";"";"";"";"";"";"";"";"";"";"Sonoff M5";""
"069441";"";"TELESIN motorcycle/bike mount for sports cameras";"8212684e-92c5-11f1-9e6a-bc2411833e01";"";"6974944461668";"";"";"TV, audio a video > Foto a optika > Selfie tyče > statívy > držiaky > Postroje, upevňovacie prvky a držiaky";"TV, audio a video > Foto a optika > Selfie tyče > statívy > držiaky > Postroje, upevňovacie prvky a držiaky";"";"";"";"";"";"";"";"";"";"Telesin Double Clamp mounting bracket GP-HBM-001-D";""
"069967";"";"Torras Ostand R Fusion Case for iPhone 16 Plus (Black)";"82d15862-92c5-11f1-90ad-bc2411833e01";"";"6970592331643";"";"";"TV, audio a video > Mobily a tablety > Obaly na telefóny > Ochranné puzdrá pre smartfóny";"TV, audio a video > Mobily a tablety > Obaly na telefóny > Ochranné puzdrá pre smartfóny";"";"";"";"";"";"";"";"";"";"Case Torras Ostand R Fusion dla iPhone 16 Plus Czarne";""
"069969";"";"Torras Ostand R Fusion Case for iPhone 16 Pro (Gray)";"82dca406-92c5-11f1-939c-bc2411833e01";"";"6970592331667";"";"";"TV, audio a video > Mobily a tablety > Obaly na telefóny > Ochranné puzdrá pre smartfóny";"TV, audio a video > Mobily a tablety > Obaly na telefóny > Ochranné puzdrá pre smartfóny";"";"";"";"";"";"";"";"";"";"Case Torras Ostand R Fusion dla iPhone 16 Pro Szare";""
"069971";"";"Torras Ostand R Fusion Case for iPhone 16 Pro (Black)";"82e74424-92c5-11f1-9bfb-bc2411833e01";"";"6970592331698";"";"";"TV, audio a video > Mobily a tablety > Obaly na telefóny > Ochranné puzdrá pre smartfóny";"TV, audio a video > Mobily a tablety > Obaly na telefóny > Ochranné puzdrá pre smartfóny";"";"";"";"";"";"";"";"";"";"Case Torras Ostand R Fusion dla iPhone 16 Pro Szare";""
"069973";"";"Torras Ostand R Fusion Case for iPhone 16 Pro Max (Gray)";"82f392f6-92c5-11f1-8932-bc2411833e01";"";"6970592331711";"";"";"TV, audio a video > Mobily a tablety > Obaly na telefóny > Ochranné puzdrá pre smartfóny";"TV, audio a video > Mobily a tablety > Obaly na telefóny > Ochranné puzdrá pre smartfóny";"";"";"";"";"";"";"";"";"";"Case Torras Ostand R Fusion dla iPhone 16 ProMax Szare";""
"069980";"";"Torras Ostand Spin Case for iPhone 16 Plus (Black)";"8313501e-92c5-11f1-8912-bc2411833e01";"";"6970592332695";"";"";"TV, audio a video > Mobily a tablety > Obaly na telefóny > Ochranné puzdrá pre smartfóny";"TV, audio a video > Mobily a tablety > Obaly na telefóny > Ochranné puzdrá pre smartfóny";"";"";"";"";"";"";"";"";"";"Case Torras Ostand Spin dla iPhone 16 Plus Czarne";""
"070460";"";"Neewer wide angle lens for Sony ZV1 (black)";"840fc074-92c5-11f1-bb2c-bc2411833e01";"";"6976831830458";"";"";"TV, audio a video > Foto a optika > Príslušenstvo > Pre fotoaparáty a videokamery";"TV, audio a video > Foto a optika > Príslušenstvo > Pre fotoaparáty a videokamery";"";"";"";"";"";"";"";"";"";"Neewer LS-18 18-20mm DSR SONY ZV1 10100457";""
"070461";"";"Neewer 58mm smartphone filter set";"842fb208-92c5-11f1-b0ae-bc2411833e01";"";"6976831833855";"";"";"TV, audio a video > Foto a optika > Filtre > Pre smartfóny";"TV, audio a video > Foto a optika > Filtre > Pre smartfóny";"";"";"";"";"";"";"";"";"";"Neewer sada filtrov 58 mm pre smartfón";""
"070465";"";"Neewer photo bag";"84fc28ba-92c5-11f1-a09b-bc2411833e01";"";"6976831838423";"";"";"TV, audio a video > Foto a optika > Skladovanie a preprava > Tašky";"TV, audio a video > Foto a optika > Skladovanie a preprava > Tašky";"";"";"";"";"";"";"";"";"";"Neewer B0C8HWZB8F šedá";""
"070471";"";"Neewer photo background stand set";"858ade98-92c5-11f1-aff3-bc2411833e01";"";"6976831831493";"";"";"TV, audio a video > Foto a optika > Fotoateliér > Fotografické pozadia";"TV, audio a video > Foto a optika > Fotoateliér > Fotografické pozadia";"";"";"";"";"";"";"";"";"";"Neewer photo background stand set";""
"069460";"";"Magnetic quick mount kit for Telesin sports cameras";"85e37dd2-92c5-11f1-9658-bc2411833e01";"";"6974944461149";"";"";"TV, audio a video > Foto a optika > Selfie tyče > statívy > držiaky > Postroje, upevňovacie prvky a držiaky";"TV, audio a video > Foto a optika > Selfie tyče > statívy > držiaky > Postroje, upevňovacie prvky a držiaky";"";"";"";"";"";"";"";"";"";"Telesin Súprava 4v1 s rýchloupínacím magnetom na krk pre GoPro / SJCAM / Xiaomi / DJI / TE-MMK-001";""
"069579";"";"Waydoo Subnado submersible - starter kit (red)";"86c8ae66-92c5-11f1-99b0-bc2411833e01";"";"6974416940851";"";"";"Šport, hračky a voľný čas > Podvodné skútre";"Šport, hračky a voľný čas > Podvodné skútre";"";"";"";"";"";"";"";"";"";"WAYDOO Subnado čierna";""
"068230";"";"Yeelight Ultra-thin Motion Sensor Closet Light A30";"86ea514c-92c5-11f1-83c0-bc2411833e01";"";"6924922243724";"";"";"Bezpečnosť a smart domácnosť > Osvetlenie > Nábytkové svietidlá";"Bezpečnosť a smart domácnosť > Osvetlenie > Nábytkové svietidlá";"";"";"";"";"";"";"";"";"";"YEELIGHT Ultra-thin Motion Sensor Closet Light A30";""
"070688";"";"GameSir K1 Flux wired controller";"871ab166-92c5-11f1-812b-bc2411833e01";"";"6936685221338";"";"";"TV, audio a video > Počítače a príslušenstvo > Herné príslušenstvo > Herné podložky > Podložky";"TV, audio a video > Počítače a príslušenstvo > Herné príslušenstvo > Herné podložky > Podložky";"";"";"";"";"";"";"";"";"";"GameSir Kaleid Flux HRG7112";""
"066928";"";"Replacement filters for Catlink Pure 2 (2 pcs)";"873a8e8c-92c5-11f1-a461-bc2411833e01";"";"6972884750729";"";"";"Zdravie a starostlivosť > Chovateľské potreby > Ostatné príslušenstvo";"Zdravie a starostlivosť > Chovateľské potreby > Ostatné príslušenstvo";"";"";"";"";"";"";"";"";"";"Catlink Pure 2 Vymeniteľné filtre pre fontánu napájačky Originál 2 ks";""
"068936";"";"GameSir G7 HE wired controller (black)";"87465302-92c5-11f1-be4f-bc2411833e01";"";"6936685221529";"";"";"TV, audio a video > Počítače a príslušenstvo > Herné príslušenstvo > Herné podložky > Podložky";"TV, audio a video > Počítače a príslušenstvo > Herné príslušenstvo > Herné podložky > Podložky";"";"";"";"";"";"";"";"";"";"GameSir G7 HRG2297";""
"068938";"";"GameSir G7 HE wired controller (white)";"87511526-92c5-11f1-b292-bc2411833e01";"";"6936685221512";"";"";"TV, audio a video > Počítače a príslušenstvo > Herné príslušenstvo > Herné podložky > Podložky";"TV, audio a video > Počítače a príslušenstvo > Herné príslušenstvo > Herné podložky > Podložky";"";"";"";"";"";"";"";"";"";"GameSir G7-HE HRG2299";""
"068942";"";"GameSir G8+ Bluetooth mobile controller with phone holder";"876fb8be-92c5-11f1-a485-bc2411833e01";"";"6936685221291";"";"";"TV, audio a video > Mobily a tablety > Herné ovládače";"TV, audio a video > Mobily a tablety > Herné ovládače";"";"";"";"";"";"";"";"";"";"GameSir G8+ HRG2310";""
"070682";"";"Hohem microphone (2TX + 1RX + charging case)";"889c3a50-92c5-11f1-8305-bc2411833e01";"";"6971071551873";"";"";"TV, audio a video > Audio technika > Mikrofóny > Klopové mikrofóny";"TV, audio a video > Audio technika > Mikrofóny > Klopové mikrofóny";"";"";"";"";"";"";"";"";"";"Hohom MIC-01";""
"068250";"";"PGYTech magnetic phone holder (green)";"89171aa4-92c5-11f1-958a-bc2411833e01";"";"6976100485594";"";"";"TV, audio a video > Mobily a tablety > Selfie tyče > statívy > stojany > Selfie stojany";"TV, audio a video > Mobily a tablety > Selfie tyče > statívy > stojany > Selfie stojany";"";"";"";"";"";"";"";"";"";"PGYTECH MagFlex Phone Photography Stand P-PG-024";""
"066919";"";"Catlink Fresh smart odor absorber";"8921c1d4-92c5-11f1-a02d-bc2411833e01";"";"6972884750200";"";"";"Zdravie a starostlivosť > Chovateľské potreby > Pohlcovače zápachu";"Zdravie a starostlivosť > Chovateľské potreby > Pohlcovače zápachu";"";"";"";"";"";"";"";"";"";"Catlink Smart Cat Pet neutralizátor zápachu";""
"070921";"";"Blitzwolf BW-S28 260W, 2xUSB-A, 3xUSB-C, 15W wireless charger (black)";"89619958-92c5-11f1-872a-bc2411833e01";"";"5906168439865";"";"";"TV, audio a video > Mobily a tablety > Nabíjačky > sieťové nabíjačky";"TV, audio a video > Mobily a tablety > Nabíjačky > sieťové nabíjačky";"";"";"";"";"";"";"";"";"";"Blitzwolf BW-S28";""
"070922";"";"Blitzwolf BW-S27 160W, 2xUSB-A, 4xUSB-C, 15W wireless charger (black)";"896dca84-92c5-11f1-8599-bc2411833e01";"";"5906168439872";"";"";"TV, audio a video > Mobily a tablety > Nabíjačky > sieťové nabíjačky";"TV, audio a video > Mobily a tablety > Nabíjačky > sieťové nabíjačky";"";"";"";"";"";"";"";"";"";"Blitzwolf BW-S27";""
"070622";"";"Telesin magnetic tabletop mount phone stand";"8a0f8856-92c5-11f1-9e3e-bc2411833e01";"";"6974944463341";"";"";"TV, audio a video > Foto a optika > Selfie tyče > statívy > držiaky > Statívy";"TV, audio a video > Foto a optika > Selfie tyče > statívy > držiaky > Statívy";"";"";"";"";"";"";"";"";"";"Telesin P3-DS-02";""
"071188";"";"PetKit Pura MAX 2 PREMIUM inteligentný samočistiaci box pre mačky";"8a7c913a-92c5-11f1-9441-bc2411833e01";"";"6975069305028";"";"";"Zdravie a starostlivosť > Chovateľské potreby > Inteligentné toalety pre zvieratá";"Zdravie a starostlivosť > Chovateľské potreby > Inteligentné toalety pre zvieratá";"";"";"";"";"";"";"";"";"";"Petkit PuraMax 2 62 x 53,8 x 55,2 cm";""
"070822";"";"Superfire BM01 4-in-1 bicycle light";"8ae691d4-92c5-11f1-bcc5-bc2411833e01";"";"6975515772343";"";"";"Šport, hračky a voľný čas > Príslušenstvo pre bicykle > Lampy";"Šport, hračky a voľný čas > Príslušenstvo pre bicykle > Lampy";"";"";"";"";"";"";"";"";"";"Superfire BM01 predné čierne";""
"069170";"";"Smartring Colmi R03 20.3MM 11 (black)";"8b10a898-92c5-11f1-a59a-bc2411833e01";"";"6972436985616";"";"";"TV, audio a video > Mobily a tablety > Smart hodinky > Smart prstene";"TV, audio a video > Mobily a tablety > Smart hodinky > Smart prstene";"";"";"";"";"";"";"";"";"";"Colmi R03 20,3mm veľkosť 11 čierny";""
"069175";"";"Smartring Colmi R03 18.9MM 9 (Złoty)";"8b308c80-92c5-11f1-80d3-bc2411833e01";"";"6972436985654";"";"";"TV, audio a video > Mobily a tablety > Smart hodinky > Smart prstene";"TV, audio a video > Mobily a tablety > Smart hodinky > Smart prstene";"";"";"";"";"";"";"";"";"";"Colmi R03 18,9mm veľkosť 9 zlatý";""
"069176";"";"Smartring Colmi R03 19.8MM 10 (Złoty)";"8b3a945a-92c5-11f1-8938-bc2411833e01";"";"6972436985661";"";"";"TV, audio a video > Mobily a tablety > Smart hodinky > Smart prstene";"TV, audio a video > Mobily a tablety > Smart hodinky > Smart prstene";"";"";"";"";"";"";"";"";"";"Colmi R03 19,8 mm veľkosť 10 zlatý";""
"069177";"";"Smartring Colmi R03 20.3MM 11 (Złoty)";"8b44e450-92c5-11f1-bac6-bc2411833e01";"";"6972436985678";"";"";"TV, audio a video > Mobily a tablety > Smart hodinky > Smart prstene";"TV, audio a video > Mobily a tablety > Smart hodinky > Smart prstene";"";"";"";"";"";"";"";"";"";"Colmi R03 20,3mm veľkosť 11 zlatý";""
"068043";"";"ZigBee motion sensor SONOFF SNZB-03P + battery";"8c1bca9c-92c5-11f1-94a8-bc2411833e01";"";"6920075740639";"";"";"Bezpečnosť a smart domácnosť > Prvky výkonu > Senzory";"Bezpečnosť a smart domácnosť > Prvky výkonu > Senzory";"";"";"";"";"";"";"";"";"";"Sonoff SNZB-03P";""
"071137";"";"Zastrihávač / zastrihávač domácich zvierat Oneisall DTJ-001";"8c331e86-92c5-11f1-a086-bc2411833e01";"";"6934399223266";"";"";"Zdravie a starostlivosť > Chovateľské potreby > Starostlivosť o zvieratá";"Zdravie a starostlivosť > Chovateľské potreby > Starostlivosť o zvieratá";"";"";"";"";"";"";"";"";"";"Oneisall Trimmer DTJ-001";""
"071475";"";"Filters ND8/16/32 Freewell for DJI Neo";"8dac244c-92c5-11f1-b50f-bc2411833e01";"";"6972971865626";"";"";"Dróny a RC modely > Príslušenstvo pre drony > Filtre pre drony";"Dróny a RC modely > Príslušenstvo pre drony > Filtre pre drony";"";"";"";"";"";"";"";"";"";"Freewell sada filtrov Standard Day pre DJI Neo - FW-NE-STD";""
"068849";"";"Smart ceiling lamp 32cm WiFi/Bluetooth 16M RGBCW Gosund LB11 1920lm Tuya + Remote Control.";"8dcb9d7c-92c5-11f1-9ca8-bc2411833e01";"";"6977038680341";"";"";"Bezpečnosť a smart domácnosť > Osvetlenie > Stropné svietidlá";"Bezpečnosť a smart domácnosť > Osvetlenie > Stropné svietidlá";"";"";"";"";"";"";"";"";"";"Gosund LB11";""
"071557";"";"Neakasa M1/M1 Lite litter box waste bags";"8ec51334-92c5-11f1-ba75-bc2411833e01";"";"6975532170443";"";"";"Zdravie a starostlivosť > Chovateľské potreby > Príslušenstvo pre mačacie toalety";"Zdravie a starostlivosť > Chovateľské potreby > Príslušenstvo pre mačacie toalety";"";"";"";"";"";"";"";"";"";"Neakasa Odpadové vrecká pre automatickú toaletu 30 ks";""
"070839";"";"Blitzwolf BW-VF4 360° Projector Stand";"8f396af4-92c5-11f1-a8da-bc2411833e01";"";"5906168439285";"";"";"TV, audio a video > Mobily a tablety > Selfie tyče > statívy > stojany > Podložky a stojany";"TV, audio a video > Mobily a tablety > Selfie tyče > statívy > stojany > Podložky a stojany";"";"";"";"";"";"";"";"";"";"Blitzwolf BW-VF4";""
"071852";"";"SUNNYLIFE Combo Bag for DJI Neo (orange)";"8fbf8b48-92c5-11f1-b0e2-bc2411833e01";"";"5907085520353";"";"";"Dróny a RC modely > Príslušenstvo pre drony > Tašky a kufre";"Dróny a RC modely > Príslušenstvo pre drony > Tašky a kufre";"";"";"";"";"";"";"";"";"";"SUNNYLIFE - Prenosný obal pre DJI Neo Oranžová IN-NE-B864-C";""
"072048";"";"Freewell set of 4 ND filters for DJI Osmo Action 5 Pro";"91924532-92c5-11f1-9461-bc2411833e01";"";"6972971865640";"";"";"Dróny a RC modely > Príslušenstvo pre drony > Filtre pre drony";"Dróny a RC modely > Príslušenstvo pre drony > Filtre pre drony";"";"";"";"";"";"";"";"";"";"Freewell Sada štyroch ND filtrov Standard Day pre DJI Osmo Action 5 Pro FW-OA5-STD";""
"072049";"";"Freewell set of 4 ND/PL filters for DJI Osmo Action 5 Pro";"919e6c2c-92c5-11f1-b0c9-bc2411833e01";"";"6972971865657";"";"";"Dróny a RC modely > Príslušenstvo pre drony > Filtre pre drony";"Dróny a RC modely > Príslušenstvo pre drony > Filtre pre drony";"";"";"";"";"";"";"";"";"";"Freewell Sada štyroch ND/PL filtrov Bright Day pre DJI Osmo Action 5 Pro FW-OA5-BRG";""
"072052";"";"Filtr CPL Freewell do DJI Osmo Action 5 Pro";"91a8ce6a-92c5-11f1-9801-bc2411833e01";"";"6972971865695";"";"";"Dróny a RC modely > Príslušenstvo pre drony > Filtre pre drony";"Dróny a RC modely > Príslušenstvo pre drony > Filtre pre drony";"";"";"";"";"";"";"";"";"";"Freewell CPL filter pre DJI Osmo Action 5 Pro FW-OA5-CPL";""
"072371";"";"Carlinkit TBOX-Plus 8+128GB Apple Carplay/Android Auto wireless adapter";"91fe4e9e-92c5-11f1-b5af-bc2411833e01";"";"5907085521930";"";"";"Auto-moto > Bezdrôtové adaptéry CarPlay > Android Auto";"Auto-moto > Bezdrôtové adaptéry CarPlay > Android Auto";"";"";"";"";"";"";"";"";"";"Carlinkit TBOX-Plus 8+128 GB – bezdrôtový adaptér pre Apple CarPlay/Android Auto";""
"072515";"";"Počítačová skriňa Darkflash C218M + 6 ventilátorov ARGB (čierne)";"92db2f62-92c5-11f1-a1f3-bc2411833e01";"";"6926170096619";"";"";"TV, audio a video > Počítače a príslušenstvo > Herné príslušenstvo > Skrine > S ventilátorom";"TV, audio a video > Počítače a príslušenstvo > Herné príslušenstvo > Skrine > S ventilátorom";"";"";"";"";"";"";"";"";"";"darkFlash C218M Black";""
"070671";"";"Bezdrôtový vysávač na mokré a suché vysávanie Mova M10";"96171a10-92c5-11f1-9dd1-bc2411833e01";"";"6976233677835";"";"";"Domáce spotrebiče > Malé spotrebiče > Vysávače > Tyčové vysávače";"Domáce spotrebiče > Malé spotrebiče > Vysávače > Tyčové vysávače";"";"";"";"";"";"";"";"";"";"Dreame Mova M10";""
"071081";"";"Robotický vysávač MOVA E20, biely";"9621fda4-92c5-11f1-a147-bc2411833e01";"";"6976233679174";"";"";"Domáce spotrebiče > Malé spotrebiče > Vysávače > Robotické vysávače";"Domáce spotrebiče > Malé spotrebiče > Vysávače > Robotické vysávače";"";"";"";"";"";"";"";"";"";"Mova E20 White";""
"071080";"";"Robotický vysávač MOVA E20, čierny";"962cbea6-92c5-11f1-9652-bc2411833e01";"";"6976233679181";"";"";"Domáce spotrebiče > Malé spotrebiče > Vysávače > Robotické vysávače";"Domáce spotrebiče > Malé spotrebiče > Vysávače > Robotické vysávače";"";"";"";"";"";"";"";"";"";"Mova E20 Black";""
"071273";"";"Čítacia lampa Yeelight Led Neck Book Light";"984ef8a2-92c5-11f1-9ac4-bc2411833e01";"";"6924922257059";"";"";"Bezpečnosť a smart domácnosť > Osvetlenie > Iné";"Bezpečnosť a smart domácnosť > Osvetlenie > Iné";"";"";"";"";"";"";"";"";"";"Yeelight LED Neck Book Light";""
"071274";"";"Yeelight Pura Monitor Light Bar Pro";"9859b22e-92c5-11f1-aca2-bc2411833e01";"";"6924922256830";"";"";"TV, audio a video > Počítače a príslušenstvo > Osvetlenie";"TV, audio a video > Počítače a príslušenstvo > Osvetlenie";"";"";"";"";"";"";"";"";"";"Yeelight YLBGD-0110";""
"071275";"";"Yeelight Pura Monitor Light Bar Pro";"98640800-92c5-11f1-8026-bc2411833e01";"";"6924922256823";"";"";"TV, audio a video > Počítače a príslušenstvo > Osvetlenie";"TV, audio a video > Počítače a príslušenstvo > Osvetlenie";"";"";"";"";"";"";"";"";"";"Yeelight YLFWD-0009";""
"073428";"";"Bezdrôtové vodné čerpadlo Petkit Eversweet FFT1 (UVC) filtračné čerpadlo pre napájačky";"991b9c9a-92c5-11f1-8420-bc2411833e01";"";"6975069301846";"";"";"Zdravie a starostlivosť > Chovateľské potreby > Fontány > napájačky";"Zdravie a starostlivosť > Chovateľské potreby > Fontány > napájačky";"";"";"";"";"";"";"";"";"";"Náhradná bezdrôtová pumpa pre fontány Petkit";""
"073522";"";"Skladovacie vrecko Sunnylife DJI NEO";"99729a7c-92c5-11f1-8591-bc2411833e01";"";"5907085523224";"";"";"TV, audio a video > Foto a optika > Príslušenstvo > Pre športové kamery";"TV, audio a video > Foto a optika > Príslušenstvo > Pre športové kamery";"";"";"";"";"";"";"";"";"";"Sunnylife DJI NEO";""
"073530";"";"Kombinovaná taška Sunnylife pre NEO Motion Fly (073530)";"99c9b320-92c5-11f1-8918-bc2411833e01";"";"5907085523293";"";"";"TV, audio a video > Foto a optika > Príslušenstvo > Pre športové kamery";"TV, audio a video > Foto a optika > Príslušenstvo > Pre športové kamery";"";"";"";"";"";"";"";"";"";"Sunnylife Kombinovaná taška pro NEO Motion Fly - 073530";""
"073535";"";"Etui Sunnylife dla NEO Motion Fly More Combo (073535)";"99d49858-92c5-11f1-87f0-bc2411833e01";"";"5907085523309";"";"";"TV, audio a video > Foto a optika > Príslušenstvo > Pre športové kamery";"TV, audio a video > Foto a optika > Príslušenstvo > Pre športové kamery";"";"";"";"";"";"";"";"";"";"Etui Sunnylife dla NEO Motion Fly More Combo - 073535";""
"073563";"";"Akumulátor Lipo Tattu 2s 650mAh 95C 7,6V HV z XT30 Long-Pack";"9a721542-92c5-11f1-88a6-bc2411833e01";"";"6928493311639";"";"";"Dróny a RC modely > Batérie > Lítiové a NiMH";"Dróny a RC modely > Batérie > Lítiové a NiMH";"";"";"";"";"";"";"";"";"";"Gens Ace Acepow Electronics Co. Ltd Gens Ace LiPo Tattu Serie 2S 650mAh 7,6V 2S1P HV 95C XT30 Plug";""
"073832";"";"IsEasy LT2V-30 Ceramic/Electric cooktop";"9b35dde2-92c5-11f1-86d1-bc2411833e01";"";"6977132450086";"";"";"Domáce spotrebiče > Malé spotrebiče > Kuchynské príslušenstvo > Na varenie";"Domáce spotrebiče > Malé spotrebiče > Kuchynské príslušenstvo > Na varenie";"";"";"";"";"";"";"";"";"";"IsEasy LT2V-30";""
"073833";"";"IsEasy LT5-04 Ceramic/Electric cooktop";"9b40787e-92c5-11f1-b984-bc2411833e01";"";"6977132450123";"";"";"Domáce spotrebiče > Malé spotrebiče > Kuchynské príslušenstvo > Na varenie";"Domáce spotrebiče > Malé spotrebiče > Kuchynské príslušenstvo > Na varenie";"";"";"";"";"";"";"";"";"";"IsEasy LT5-04";""
"072496";"";"Lampa na čítanie Yeelight Pura Reading Desk Lamp";"9c1c1c62-92c5-11f1-bc1f-bc2411833e01";"";"6924922257844";"";"";"Bezpečnosť a smart domácnosť > Osvetlenie > Stolové a nočné lampy";"Bezpečnosť a smart domácnosť > Osvetlenie > Stolové a nočné lampy";"";"";"";"";"";"";"";"";"";"Yeelight YLYTD-0034";""
"084467";"";"Inteligentný WiFi nástenný spínač SONOFF M5-3C-80 (3-kanálový, do rámu, grafitový)";"9c96563a-92c5-11f1-8cf1-bc2411833e01";"";"6920075743708";"";"";"Bezpečnosť a smart domácnosť > Riadiace jednotky > Prepínače";"Bezpečnosť a smart domácnosť > Riadiace jednotky > Prepínače";"";"";"";"";"";"";"";"";"";"Sonoff M5-3C-80M-2175";""
"074141";"";"Dvojzónový indukčný sporák IsEasy LI2V-22";"9d32a18e-92c5-11f1-b067-bc2411833e01";"";"6977132450031";"";"";"Domáce spotrebiče > Malé spotrebiče > Kuchynské príslušenstvo > Na varenie";"Domáce spotrebiče > Malé spotrebiče > Kuchynské príslušenstvo > Na varenie";"";"";"";"";"";"";"";"";"";"IsEasy LI2V-22";""
"074199";"";"Dopravné prostriedky Sunnylife AQX-16 pre AIR 3S/AIR 3 Fly more combo";"9de7325c-92c5-11f1-b671-bc2411833e01";"";"5907085522814";"";"";"Dróny a RC modely > Príslušenstvo pre drony > Tašky a kufre";"Dróny a RC modely > Príslušenstvo pre drony > Tašky a kufre";"";"";"";"";"";"";"";"";"";"Transportní zařízení Sunnylife pro AIR 3S/AIR 3 Fly more combo - AQX-16";""
"073688";"";"Adapter, quick release MOZA RACING RS07 for R21/R16/R12/R9/R5";"9e95fd3c-92c5-11f1-bd43-bc2411833e01";"";"6973137270490";"";"";"TV, audio a video > Počítače a príslušenstvo > Herné príslušenstvo > Simulátory > Simulácia pretekov";"TV, audio a video > Počítače a príslušenstvo > Herné príslušenstvo > Simulátory > Simulácia pretekov";"";"";"";"";"";"";"";"";"";"Moza Quick Release / Rýchloupináč pre volant / guličkové ložiská / pre modely R9 R16 R21 (RS07)";""
"074232";"";"Rojeco PD800 elektrický obojok proti štekaniu (čierny)";"9ea0ca00-92c5-11f1-8507-bc2411833e01";"";"6975116294350";"";"";"Zdravie a starostlivosť > Chovateľské potreby > Ostatné príslušenstvo";"Zdravie a starostlivosť > Chovateľské potreby > Ostatné príslušenstvo";"";"";"";"";"";"";"";"";"";"Rojeco Elektrický obojok proti štekanie Rojeco PD800 čierna (RXGQQY-01)";""
"073689";"";"Table Clamp MOZA RACING RS12 for R5/R9/R12";"9eabd1fc-92c5-11f1-a4af-bc2411833e01";"";"6973137270391";"";"";"TV, audio a video > Počítače a príslušenstvo > Herné príslušenstvo > Simulátory > Simulácia pretekov";"TV, audio a video > Počítače a príslušenstvo > Herné príslušenstvo > Simulátory > Simulácia pretekov";"";"";"";"";"";"";"";"";"";"Moza R5/R9 držák na stůl RS12";""
"073693";"";"Formula Wheel Rim Mod MOZA RACING ES RS032";"9ed694be-92c5-11f1-9db5-bc2411833e01";"";"6973137270438";"";"";"TV, audio a video > Počítače a príslušenstvo > Herné príslušenstvo > Simulátory > Simulácia pretekov";"TV, audio a video > Počítače a príslušenstvo > Herné príslušenstvo > Simulátory > Simulácia pretekov";"";"";"";"";"";"";"";"";"";"MOZA ES Formula Wheel Mod RS032";""
"074227";"";"Elektrický obojok proti kôrovcom Rojeco 1000m PD529 (oranžový)";"9efa6f60-92c5-11f1-b01a-bc2411833e01";"";"6975116290727";"";"";"Zdravie a starostlivosť > Chovateľské potreby > Ostatné príslušenstvo";"Zdravie a starostlivosť > Chovateľské potreby > Ostatné príslušenstvo";"";"";"";"";"";"";"";"";"";"Rojeco 1000 m PD529 Elektrický obojok proti kôrovcovi oranžový";""
"074213";"";"Torba Adventure Sunnylife OA5-B894-C do ACTION 5 PRO/OSMO Action 4/3 (oranžová)";"9f7b7dee-92c5-11f1-b9b6-bc2411833e01";"";"5907085523057";"";"";"Dróny a RC modely > Príslušenstvo pre drony > DJI";"Dróny a RC modely > Príslušenstvo pre drony > DJI";"";"";"";"";"";"";"";"";"";"Taška Adventure Sunnylife OA5-B894-C";""
"074212";"";"Torba Adventure Sunnylife OA5-B894-D do ACTION 5 PRO/OSMO Action 4/3 (čierna)";"9f85e95a-92c5-11f1-a57c-bc2411833e01";"";"5907085523040";"";"";"Dróny a RC modely > Príslušenstvo pre drony > Tašky a kufre";"Dróny a RC modely > Príslušenstvo pre drony > Tašky a kufre";"";"";"";"";"";"";"";"";"";"Sunnylife Taška Adventure OA5-B894-D";""
"074330";"";"Úložné puzdro PGYTECH DJI Air 3/3S";"9fc18762-92c5-11f1-a558-bc2411833e01";"";"6976100488656";"";"";"TV, audio a video > Foto a optika > Kamery > Akaso";"TV, audio a video > Foto a optika > Kamery > Akaso";"";"";"";"";"";"";"";"";"";"PGYTECH DJI Air 3/3S Case P-60C-010";""
"074753";"";"Čistiaci robot MOVA P50 Ultra";"a1ebefe6-92c5-11f1-9878-bc2411833e01";"";"6977728942438";"";"";"Domáce spotrebiče > Malé spotrebiče > Vysávače > Robotické vysávače";"Domáce spotrebiče > Malé spotrebiče > Vysávače > Robotické vysávače";"";"";"";"";"";"";"";"";"";"Mova P50 Ultra White";""
"074097";"";"Čistiaci robot MOVA P50 Pro Ultra";"a1f6cd94-92c5-11f1-8fbb-bc2411833e01";"";"6977728942285";"";"";"Domáce spotrebiče > Malé spotrebiče > Vysávače > Robotické vysávače";"Domáce spotrebiče > Malé spotrebiče > Vysávače > Robotické vysávače";"";"";"";"";"";"";"";"";"";"Mova P50 Ultra White";""
"074752";"";"MOVA WF10 Pro fontána/napájačka pre zvieratá";"a20d431c-92c5-11f1-bb01-bc2411833e01";"";"6977728940991";"";"";"Zdravie a starostlivosť > Chovateľské potreby > Fontány > napájačky";"Zdravie a starostlivosť > Chovateľské potreby > Fontány > napájačky";"";"";"";"";"";"";"";"";"";"MOVA WF10 Pro fontána/napáječka pro zvířata";""
"074748";"";"Napájačka pre zvieratá MOVA WF20 Pro";"a21a161e-92c5-11f1-a027-bc2411833e01";"";"6977728941547";"";"";"Zdravie a starostlivosť > Chovateľské potreby > Fontány > napájačky";"Zdravie a starostlivosť > Chovateľské potreby > Fontány > napájačky";"";"";"";"";"";"";"";"";"";"MOVA WF20 Pro 3l";""
"074976";"";"Puzdro Sunnylife FP-B957-C pre DJI Flip (oranžové)";"a30e06de-92c5-11f1-b899-bc2411833e01";"";"5907085524566";"";"";"Dróny a RC modely > Príslušenstvo pre drony > Tašky a kufre";"Dróny a RC modely > Príslušenstvo pre drony > Tašky a kufre";"";"";"";"";"";"";"";"";"";"Sunnylife Pouzdro pro DJI Flip (oranžové) - FP-B957-C";""
"074750";"";"MOVA Turbo sušič vlasov (ružový)";"a336a6f2-92c5-11f1-91f2-bc2411833e01";"";"6977328061973";"";"";"Zdravie a starostlivosť > Starostlivosť o vlasy > Fény";"Zdravie a starostlivosť > Starostlivosť o vlasy > Fény";"";"";"";"";"";"";"";"";"";"MOVA AHD11C-WH";""
"075323";"";"BOBOVR E3 PRO odľahčovací remienok na batérie pre Meta Quest 3/3s";"a4257fc0-92c5-11f1-93b9-bc2411833e01";"";"6937267000471";"";"";"TV, audio a video > Počítače a príslušenstvo > Herné príslušenstvo > Príslušenstvo VR";"TV, audio a video > Počítače a príslušenstvo > Herné príslušenstvo > Príslušenstvo VR";"";"";"";"";"";"";"";"";"";"BOBOVR E3 Head Strap Meta Quest 3S & Quest 3";""
"074231";"";"RojecoPD521 1000m výcvikový obojok pre psov s 2 obojkami (čierny)";"a6c0b222-92c5-11f1-82ce-bc2411833e01";"";"6975116292769";"";"";"Zdravie a starostlivosť > Chovateľské potreby > Venčenie a transport";"Zdravie a starostlivosť > Chovateľské potreby > Venčenie a transport";"";"";"";"";"";"";"";"";"";"RojecoPD521 1000m výcvikový obojok pre psov s 2 obojkami (čierny)";""
"075530";"";"Bezdrôtový robot na čistenie bazénov Wybot C1";"a76be584-92c5-11f1-8409-bc2411833e01";"";"6975843748751";"";"";"Záhrada > Zariadenia na čistenie bazénov";"Záhrada > Zariadenia na čistenie bazénov";"";"";"";"";"";"";"";"";"";"WYBOT C1";""
"075534";"";"Robot na čistenie bazénov Wybot L1";"a798272a-92c5-11f1-824f-bc2411833e01";"";"6975843748539";"";"";"Záhrada > Zariadenia na čistenie bazénov";"Záhrada > Zariadenia na čistenie bazénov";"";"";"";"";"";"";"";"";"";"Wybot L1";""
"075951";"";"Sada 6 filtrov Freewell Bright Day pre DJI Flip";"a8f544fe-92c5-11f1-a68e-bc2411833e01";"";"4897143170440";"";"";"Dróny a RC modely > Príslušenstvo pre drony > Filtre pre drony";"Dróny a RC modely > Príslušenstvo pre drony > Filtre pre drony";"";"";"";"";"";"";"";"";"";"Freewell sada 6 filtrov Bright Day pre DJI Flip FW-DFL-BRG";""
"076104";"";"Prenosný disk SSD Lexar SL500 1 TB";"a96863f8-92c5-11f1-9e91-bc2411833e01";"";"843367133024";"";"";"TV, audio a video > Počítače a príslušenstvo > SSD disky";"TV, audio a video > Počítače a príslušenstvo > SSD disky";"";"";"";"";"";"";"";"";"";"Lexar SL500 Portable SSD 1TB, LSL500X001T-RNBNG";""
"076105";"";"Prenosný disk SSD Lexar SL500 2 TB";"a972780c-92c5-11f1-bfee-bc2411833e01";"";"843367133031";"";"";"TV, audio a video > Počítače a príslušenstvo > SSD disky";"TV, audio a video > Počítače a príslušenstvo > SSD disky";"";"";"";"";"";"";"";"";"";"Lexar SL500 Portable SSD 2TB, LSL500X002T-RNBNG";""
"076113";"";"Prenosný disk SSD Lexar SL300 1 TB";"a994e806-92c5-11f1-aaa5-bc2411833e01";"";"843367137978";"";"";"TV, audio a video > Počítače a príslušenstvo > SSD disky";"TV, audio a video > Počítače a príslušenstvo > SSD disky";"";"";"";"";"";"";"";"";"";"Lexar SL300 Portable SSD 1TB, LSL300001T-RNBNG";""
"076114";"";"Prenosný disk SSD Lexar SL300 2 TB";"a99f5d18-92c5-11f1-b7d0-bc2411833e01";"";"843367137985";"";"";"TV, audio a video > Počítače a príslušenstvo > SSD disky";"TV, audio a video > Počítače a príslušenstvo > SSD disky";"";"";"";"";"";"";"";"";"";"Lexar SL300 Portable SSD 2TB, LSL300002T-RNBNG";""
"076027";"";"Pamäťová karta Lexar Professional SILVER PLUS SDXC 256 GB";"a9c97292-92c5-11f1-94aa-bc2411833e01";"";"843367134144";"";"";"TV, audio a video > Mobily a tablety > Pamäťové karty";"TV, audio a video > Mobily a tablety > Pamäťové karty";"";"";"";"";"";"";"";"";"";"Lexar SDXC 256 GB SDSIPL256G-BNNNG";""
"076028";"";"Pamäťová karta Lexar Professional SILVER PLUS SDXC 512 GB";"a9d3d99e-92c5-11f1-af61-bc2411833e01";"";"843367134151";"";"";"TV, audio a video > Mobily a tablety > Pamäťové karty";"TV, audio a video > Mobily a tablety > Pamäťové karty";"";"";"";"";"";"";"";"";"";"Lexar SDXC 512 GB SDSIPL512G-BNNNG";""
"076029";"";"Pamäťová karta Lexar Professional SILVER PLUS SDXC 1 TB";"a9de0d4c-92c5-11f1-a212-bc2411833e01";"";"843367134168";"";"";"TV, audio a video > Mobily a tablety > Pamäťové karty";"TV, audio a video > Mobily a tablety > Pamäťové karty";"";"";"";"";"";"";"";"";"";"Lexar 1 TB LSDSIPL001T-BNNNG";""
"076035";"";"Karta pamäte Lexar High-Performance Silver Plus microSDXC 64GB + adaptér";"a9f2d4d4-92c5-11f1-9c3f-bc2411833e01";"";"843367135325";"";"";"TV, audio a video > Mobily a tablety > Pamäťové karty";"TV, audio a video > Mobily a tablety > Pamäťové karty";"";"";"";"";"";"";"";"";"";"Lexar microSDXC Professional Silver Plus 64 GB LMSSIPL064G-BNANG";""
"076037";"";"Karta pamäte Lexar High-Performance Silver Plus microSDXC 128GB + adaptér";"aa095920-92c5-11f1-b1d4-bc2411833e01";"";"843367135332";"";"";"TV, audio a video > Mobily a tablety > Pamäťové karty";"TV, audio a video > Mobily a tablety > Pamäťové karty";"";"";"";"";"";"";"";"";"";"Lexar microSDXC Professional Silver Plus 128 GB LMSSIPL128G-BNANG";""
"076040";"";"Karta pamäte Lexar High-Performance Silver Plus microSDXC 512GB + adaptér";"aa1f1a44-92c5-11f1-91e2-bc2411833e01";"";"843367135356";"";"";"TV, audio a video > Mobily a tablety > Pamäťové karty";"TV, audio a video > Mobily a tablety > Pamäťové karty";"";"";"";"";"";"";"";"";"";"Lexar microSDXC Professional Silver Plus 512 GB LMSSIPL512G-BNANG";""
"076041";"";"Karta pamäte Lexar High-Performance Silver Plus microSDXC 1TB + adaptér";"aa29dbc8-92c5-11f1-ae40-bc2411833e01";"";"843367135363";"";"";"TV, audio a video > Mobily a tablety > Pamäťové karty";"TV, audio a video > Mobily a tablety > Pamäťové karty";"";"";"";"";"";"";"";"";"";"Lexar microSDXC Professional Silver Plus 1 TB LMSSIPL001T-BNANG";""
"076049";"";"Pamäťová karta Lexar GOLD microSDXC 128 GB";"aa4a1212-92c5-11f1-b5c8-bc2411833e01";"";"843367132393";"";"";"TV, audio a video > Mobily a tablety > Pamäťové karty";"TV, audio a video > Mobily a tablety > Pamäťové karty";"";"";"";"";"";"";"";"";"";"Lexar microSDXC 128GB LMSGOLD128G-BNNNG";""
"076050";"";"Pamäťová karta Lexar GOLD microSDXC 256GB";"aa54dd14-92c5-11f1-95e0-bc2411833e01";"";"843367132409";"";"";"TV, audio a video > Mobily a tablety > Pamäťové karty";"TV, audio a video > Mobily a tablety > Pamäťové karty";"";"";"";"";"";"";"";"";"";"Lexar microSDXC LMSGOLD256G-BNNNG";""
"076051";"";"Pamäťová karta Lexar PLAY Pro microSD Express 7.1 256GB";"aa5f66f8-92c5-11f1-b6a8-bc2411833e01";"";"843367135745";"";"";"TV, audio a video > Mobily a tablety > Pamäťové karty";"TV, audio a video > Mobily a tablety > Pamäťové karty";"";"";"";"";"";"";"";"";"";"Lexar 256GB microSDXC Express PLAY Pro LMSXPS0256G-BNNNG";""
"076052";"";"Pamäťová karta Lexar PLAY Pro microSD Express 7.1 512GB";"aa6ba6fc-92c5-11f1-b37f-bc2411833e01";"";"843367135752";"";"";"TV, audio a video > Mobily a tablety > Pamäťové karty";"TV, audio a video > Mobily a tablety > Pamäťové karty";"";"";"";"";"";"";"";"";"";"Lexar 512GB microSDXC Express PLAY Pro LMSXPS0512G-BNNNG";""
"076053";"";"Pamäťová karta Lexar PLAY Pro microSD Express 7.1 1TB";"aa767ad2-92c5-11f1-93a7-bc2411833e01";"";"843367135769";"";"";"TV, audio a video > Mobily a tablety > Pamäťové karty";"TV, audio a video > Mobily a tablety > Pamäťové karty";"";"";"";"";"";"";"";"";"";"Lexar 1TB PLAY microSD™ LMSXPS0001T-BNNNG";""
"076100";"";"Lexar Fingerprint F35pro USB 3.2 128GB pendrive";"aa9ff678-92c5-11f1-9cf6-bc2411833e01";"";"843367127474";"";"";"TV, audio a video > Počítače a príslušenstvo > Pendrive";"TV, audio a video > Počítače a príslušenstvo > Pendrive";"";"";"";"";"";"";"";"";"";"Lexar Fingerprint F35pro 128GB LJDF35P128G-RNBNG";""
"076099";"";"Lexar Fingerprint F35pro USB 3.2 64GB pendrive";"aaaa8e30-92c5-11f1-84e0-bc2411833e01";"";"843367127467";"";"";"TV, audio a video > Počítače a príslušenstvo > Pendrive";"TV, audio a video > Počítače a príslušenstvo > Pendrive";"";"";"";"";"";"";"";"";"";"Lexar Fingerprint F35pro 64GB LJDF35P064G-RNBNG";""
"076115";"";"Skriňa na disky SSD/M2 Lexar LPAE06N 10Gb/s";"aaba2eee-92c5-11f1-ad9a-bc2411833e01";"";"843367129638";"";"";"TV, audio a video > Počítače a príslušenstvo > Rámčeky pre disky";"TV, audio a video > Počítače a príslušenstvo > Rámčeky pre disky";"";"";"";"";"";"";"";"";"";"Lexar LPAE06N-RNBNG";""
"076093";"";"Pendrive Lexar Dual Type-C a Type-A USB 3.1 256 GB";"aada1c5e-92c5-11f1-a688-bc2411833e01";"";"843367129089";"";"";"TV, audio a video > Počítače a príslušenstvo > Pendrive";"TV, audio a video > Počítače a príslušenstvo > Pendrive";"";"";"";"";"";"";"";"";"";"Lexar JumpDrive D400 Dual 256GB LJDD400256G-BNQNG";""
"076092";"";"Pendrive Lexar Dual Type-C a Type-A USB 3.1 128 GB";"aae614b4-92c5-11f1-b385-bc2411833e01";"";"843367129072";"";"";"TV, audio a video > Počítače a príslušenstvo > Pendrive";"TV, audio a video > Počítače a príslušenstvo > Pendrive";"";"";"";"";"";"";"";"";"";"Lexar JumpDrive D400 Dual 128GB LJDD400128G-BNQNG";""
"076175";"";"Blitzwolf BW-TA1 Cestovný adaptér 4 v 1 2xUSB + C + PD 20W";"ab26621c-92c5-11f1-a833-bc2411833e01";"";"5907085525037";"";"";"TV, audio a video > Počítače a príslušenstvo > Adaptéry a meniče";"TV, audio a video > Počítače a príslušenstvo > Adaptéry a meniče";"";"";"";"";"";"";"";"";"";"BlitzWolf BW-TA1";""
"076270";"";"Bezdrôtový ovládač GameSir SuperNova T4n Pro (ružový)";"ab3b98bc-92c5-11f1-83c5-bc2411833e01";"";"6936685222007";"";"";"TV, audio a video > Mobily a tablety > Herné ovládače";"TV, audio a video > Mobily a tablety > Herné ovládače";"";"";"";"";"";"";"";"";"";"GameSir Super Nova HRG7121";""
"074820";"";"SONOFF NSPanel Pro 120 Smart Control Panel Matter WiFi/Bluetooth/ZigBee (biely)";"abed50c0-92c5-11f1-bb56-bc2411833e01";"";"6920075741940";"";"";"Bezpečnosť a smart domácnosť > Riadiace jednotky > Ovládacie panely";"Bezpečnosť a smart domácnosť > Riadiace jednotky > Ovládacie panely";"";"";"";"";"";"";"";"";"";"Sonoff NSPanel Pro 120P";""
"075828";"";"Teplomer a vlhkomer CO2 SwitchBot Meter Pro";"acd562c0-92c5-11f1-a5be-bc2411833e01";"";"810150541717";"";"";"Bezpečnosť a smart domácnosť > Prvky výkonu > Senzory";"Bezpečnosť a smart domácnosť > Prvky výkonu > Senzory";"";"";"";"";"";"";"";"";"";"Switchbot W4900010";""
"075831";"";"Detektor úniku vody SwitchBot";"ace03506-92c5-11f1-81b5-bc2411833e01";"";"810150543780";"";"";"Bezpečnosť a smart domácnosť > Prvky výkonu > Senzory";"Bezpečnosť a smart domácnosť > Prvky výkonu > Senzory";"";"";"";"";"";"";"";"";"";"SwitchBot W4402000";""
"076425";"";"Stojan pre herný volant PXN-A11";"ae1555be-92c5-11f1-bf54-bc2411833e01";"";"6948052903778";"";"";"TV, audio a video > Počítače a príslušenstvo > Herné príslušenstvo > Simulátory > Simulácia pretekov";"TV, audio a video > Počítače a príslušenstvo > Herné príslušenstvo > Simulátory > Simulácia pretekov";"";"";"";"";"";"";"";"";"";"PXN Nastavitelný herní stojan na volant PXN-A11";""
"077190";"";"Osvetlená kresliaca tabuľa LED Huion L4S";"b0b4c610-92c5-11f1-83c8-bc2411833e01";"";"6930444800093";"";"";"TV, audio a video > Mobily a tablety > Tablety > Grafické tablety";"TV, audio a video > Mobily a tablety > Tablety > Grafické tablety";"";"";"";"";"";"";"";"";"";"Kresliaca doska Huion L4S";""
"077476";"";"Elektrický bežecký pás UREVO FoldiMix 5 Pro (silver)";"b1b939d8-92c5-11f1-af9b-bc2411833e01";"";"6978258900066";"";"";"Šport, hračky a voľný čas > Elektrické bežecké pásy";"Šport, hračky a voľný čas > Elektrické bežecké pásy";"";"";"";"";"";"";"";"";"";"UREVO FoldiMix 5 Pro";""
"077486";"";"Profesionálny digitálny multimeter UNI-T UT191T";"b249f69e-92c5-11f1-acf0-bc2411833e01";"";"6935750519110";"";"";"Náradie a dielňa > Meracie nástroje";"Náradie a dielňa > Meracie nástroje";"";"";"";"";"";"";"";"";"";"UNI-T UT191T PRO Line";""
"077491";"";"Svetelný merač UNI-T UT383";"b2855aae-92c5-11f1-b974-bc2411833e01";"";"6935750538302";"";"";"Náradie a dielňa > Meracie nástroje";"Náradie a dielňa > Meracie nástroje";"";"";"";"";"";"";"";"";"";"Uni-T UT383";""
"077503";"";"Tester káblov HDMI UNI-T UT681HDMI";"b2ff7654-92c5-11f1-a1bb-bc2411833e01";"";"6935750568125";"";"";"Náradie a dielňa > Meracie nástroje";"Náradie a dielňa > Meracie nástroje";"";"";"";"";"";"";"";"";"";"UNI-T UT681 HDMI";""
"077505";"";"Detektor párov vodičov UNI-T UT682D";"b3234e12-92c5-11f1-8f2e-bc2411833e01";"";"6935750568262";"";"";"Náradie a dielňa > Meracie nástroje";"Náradie a dielňa > Meracie nástroje";"";"";"";"";"";"";"";"";"";"UNI-T UT682D Tester kábla";""
"077512";"";"Bezkontaktný tachometer UNI-T UT373";"b36e211c-92c5-11f1-b122-bc2411833e01";"";"6935750537305";"";"";"Náradie a dielňa > Meracie nástroje";"Náradie a dielňa > Meracie nástroje";"";"";"";"";"";"";"";"";"";"UNI-T UT373";""
"077513";"";"Merač luxov UNI-T UT381A";"b3784b6a-92c5-11f1-8c24-bc2411833e01";"";"6935750538111";"";"";"Náradie a dielňa > Meracie nástroje";"Náradie a dielňa > Meracie nástroje";"";"";"";"";"";"";"";"";"";"Uni-T UT381";""
"077516";"";"UNI-T UT521 tester uzemnenia";"b3994b3a-92c5-11f1-82f0-bc2411833e01";"";"6935750552100";"";"";"Náradie a dielňa > Meracie nástroje";"Náradie a dielňa > Meracie nástroje";"";"";"";"";"";"";"";"";"";"UNI-T UT521";""
"077517";"";"Tester autobatérií UNI-T UT673A";"b3a4458a-92c5-11f1-8985-bc2411833e01";"";"6935750567302";"";"";"Auto-moto > Diagnostické nástroje";"Auto-moto > Diagnostické nástroje";"";"";"";"";"";"";"";"";"";"UNI-T UT673A";""
"077518";"";"Detektor drôtov UNI-T UT25CL";"b3b0a62c-92c5-11f1-a2d6-bc2411833e01";"";"6935750525081";"";"";"Náradie a dielňa > Meracie nástroje";"Náradie a dielňa > Meracie nástroje";"";"";"";"";"";"";"";"";"";"UNI-T UT25CL";""
"074539";"";"Bebird EarSight Plus otoskop s kamerou na čistenie uší (modrý)";"b4f81a9c-92c5-11f1-bc2a-bc2411833e01";"";"6972403820117";"";"";"Zdravie a starostlivosť > Otoskopy";"Zdravie a starostlivosť > Otoskopy";"";"";"";"";"";"";"";"";"";"Bebird EarVision Plus I35R | Otoskop s kamerou pro čištění uší | 1080p";""
"075538";"";"Stolná lampa Yeelight Z1 (skladacia)";"b5050d6a-92c5-11f1-ab98-bc2411833e01";"";"608887786668";"";"";"Bezpečnosť a smart domácnosť > Osvetlenie > Stolové a nočné lampy";"Bezpečnosť a smart domácnosť > Osvetlenie > Stolové a nočné lampy";"";"";"";"";"";"";"";"";"";"Yeelight YLYTD-0014";""
"077440";"";"Nástenná nabíjačka pre elektromobily Besen SQ20-11KW-APP";"b5ac0e4e-92c5-11f1-b338-bc2411833e01";"";"5907085525358";"";"";"Auto-moto > Káble a nabíjačky pre elektromobily";"Auto-moto > Káble a nabíjačky pre elektromobily";"";"";"";"";"";"";"";"";"";"Nástěnná nabíječka pro elektromobily Besen SQ20-11KW-APP";""
"077441";"";"Nástenná nabíjačka pre elektromobily Besen SQ20-22KW-APP";"b5b6e3e6-92c5-11f1-8bbb-bc2411833e01";"";"5907085525365";"";"";"Auto-moto > Káble a nabíjačky pre elektromobily";"Auto-moto > Káble a nabíjačky pre elektromobily";"";"";"";"";"";"";"";"";"";"Nástěnná nabíječka pro elektromobily Besen SQ20-22KW-APP";""
"077965";"";"Latarka Superfire L20, 5000lm, USB-C";"b60e2124-92c5-11f1-800e-bc2411833e01";"";"6977502514059";"";"";"Šport, hračky a voľný čas > Outdoor > Svietidlá > Ostatné";"Šport, hračky a voľný čas > Outdoor > Svietidlá > Ostatné";"";"";"";"";"";"";"";"";"";"Superfire L20";""
"077759";"";"Sada filtrov Freewell pre DJI O4 Air Unit Pro";"b70b46a6-92c5-11f1-9253-bc2411833e01";"";"4897143170570";"";"";"TV, audio a video > Foto a optika > Príslušenstvo > Objektívy DJI";"TV, audio a video > Foto a optika > Príslušenstvo > Objektívy DJI";"";"";"";"";"";"";"";"";"";"aero-naut CAMcarbon LIGHT vrtule 12x7 pravotočivá";""
"078189";"";"Puzdro Sunnylife AQX-20 pre Mavic 4 PRO & RC 2 c";"b870cda4-92c5-11f1-bdf7-bc2411833e01";"";"5907085526614";"";"";"Dróny a RC modely > Príslušenstvo pre drony > Tašky a kufre";"Dróny a RC modely > Príslušenstvo pre drony > Tašky a kufre";"";"";"";"";"";"";"";"";"";"Sunnylife AQX-20";""
"078248";"";"Bezdrôtový adaptér Carlinkit MINI ULTRA Carplay a Android auto";"b9329e7a-92c5-11f1-b924-bc2411833e01";"";"6972185560942";"";"";"Auto-moto > Bezdrôtové adaptéry CarPlay > Android Auto";"Auto-moto > Bezdrôtové adaptéry CarPlay > Android Auto";"";"";"";"";"";"";"";"";"";"Bezdrôtový adaptér Carlinkit MINI ULTRA pre CarPlay a Android Auto";""
"078409";"";"Akumulátor Telesin pre GoPro Hero 13";"bb6d5c66-92c5-11f1-b569-bc2411833e01";"";"6974944463808";"";"";"TV, audio a video > Foto a optika > Príslušenstvo > Pre športové kamery";"TV, audio a video > Foto a optika > Príslušenstvo > Pre športové kamery";"";"";"";"";"";"";"";"";"";"Telesin Dobíjecí baterie 1950 mAh Stamina pro GoPro Hero 13 Hero13 černá / JH-GP13 / S0-BTR-04-TGP";""
"078442";"";"Neewer BR60 5"" klipové kruhové svetlo / stolový stojan";"bb7895e0-92c5-11f1-818e-bc2411833e01";"";"6976831837822";"";"";"TV, audio a video > Foto a optika > Fotoateliér > Kruhové svetlá";"TV, audio a video > Foto a optika > Fotoateliér > Kruhové svetlá";"";"";"";"";"";"";"";"";"";"Neewer BR60 5"" kruhové svetlo s upínacím mechanizmom / stolný stojan";""
"078444";"";"Neewer BP66 štúdiový set dve LED lampy + filtre + statívy";"bbfa57ce-92c5-11f1-9d12-bc2411833e01";"";"6976831839833";"";"";"TV, audio a video > Foto a optika > Fotoateliér > Svietidlá";"TV, audio a video > Foto a optika > Fotoateliér > Svietidlá";"";"";"";"";"";"";"";"";"";"Neewer BP66";""
"078445";"";"Neweer SP-02 rýchloupínací adaptér pre telefón Arca";"bc05b6b4-92c5-11f1-a5c5-bc2411833e01";"";"6921268811624";"";"";"TV, audio a video > Foto a optika > Selfie tyče > statívy > držiaky > Postroje, upevňovacie prvky a držiaky";"TV, audio a video > Foto a optika > Selfie tyče > statívy > držiaky > Postroje, upevňovacie prvky a držiaky";"";"";"";"";"";"";"";"";"";"Neweer SP-02";""
"078430";"";"Selfie svetlo Telesin s magnetickým držiakom telefónu";"bc95faf8-92c5-11f1-8815-bc2411833e01";"";"6974944463310";"";"";"TV, audio a video > Mobily a tablety > Selfie tyče > statívy > stojany > Iné";"TV, audio a video > Mobily a tablety > Selfie tyče > statívy > stojany > Iné";"";"";"";"";"";"";"";"";"";"Telesin Zrcátko LED Osvětlení Beauty Světýlko 180° Mini Ring Light Magnet Magsafe Selfie Light 3 Módy";""
"078455";"";"Neweer TL21C RGB LED farebné foto svetlo";"bcc13f38-92c5-11f1-a15c-bc2411833e01";"";"6976831839109";"";"";"TV, audio a video > Foto a optika > Fotoateliér > Svietidlá";"TV, audio a video > Foto a optika > Fotoateliér > Svietidlá";"";"";"";"";"";"";"";"";"";"Neewer TL21C APP LED svetelná lišta 10103817";""
"078550";"";"Autochladnička Euhomy CF004, 18 l";"bda30e72-92c5-11f1-a6ed-bc2411833e01";"";"5907085527055";"";"";"Šport, hračky a voľný čas > Outdoor > Kempovanie";"Šport, hračky a voľný čas > Outdoor > Kempovanie";"";"";"";"";"";"";"";"";"";"EUHOMY CF004 19l";""
"076563";"";"Teplomer na grilovanie mäsa SONOFF BMT01";"be3aa9bc-92c5-11f1-9034-bc2411833e01";"";"6920075742954";"";"";"Bezpečnosť a smart domácnosť > Prvky výkonu > Senzory";"Bezpečnosť a smart domácnosť > Prvky výkonu > Senzory";"";"";"";"";"";"";"";"";"";"Teplomer na pečenie mäsa SONOFF BMT01";""
"078686";"";"Tester USB 2w1 FNIRSI FNAC-28 USB-C USB-A";"beff4ab0-92c5-11f1-aa3b-bc2411833e01";"";"5907085527208";"";"";"Náradie a dielňa > Meracie nástroje";"Náradie a dielňa > Meracie nástroje";"";"";"";"";"";"";"";"";"";"Fnirsi FNAC-28";""
"078687";"";"FNIRSI DPS150 DC programovateľný mini laboratórny napájací zdroj";"bf0b07ec-92c5-11f1-a446-bc2411833e01";"";"5907085527239";"";"";"Náradie a dielňa > Ostatné";"Náradie a dielňa > Ostatné";"";"";"";"";"";"";"";"";"";"Fnirsi DPS150";""
"078730";"";"Baza na joystick Moza Racing AY210 (PC)";"bf3abfe6-92c5-11f1-b692-bc2411833e01";"";"6973137270780";"";"";"TV, audio a video > Počítače a príslušenstvo > Herné príslušenstvo > Simulátory > Simulácia letu";"TV, audio a video > Počítače a príslušenstvo > Herné príslušenstvo > Simulátory > Simulácia letu";"";"";"";"";"";"";"";"";"";"MOZA Flight AY210 Force Feedback YOKE AS011";""
"078742";"";"Moza Racing RS062 svorka volantu pre stôl";"bfbb020a-92c5-11f1-995c-bc2411833e01";"";"6973137270469";"";"";"TV, audio a video > Počítače a príslušenstvo > Herné príslušenstvo > Simulátory > Simulácia pretekov";"TV, audio a video > Počítače a príslušenstvo > Herné príslušenstvo > Simulátory > Simulácia pretekov";"";"";"";"";"";"";"";"";"";"Moza TSW Truck Wheel čierna / Montážny držiak pre volant / upevnenie na koľajnice alebo stoly (RS062)";""
"078743";"";"Moza Racing RS050 adaptér na volant + univerzálny HUB";"bfc54698-92c5-11f1-b5f2-bc2411833e01";"";"6973137270506";"";"";"TV, audio a video > Počítače a príslušenstvo > Herné príslušenstvo > Simulátory > Simulácia pretekov";"TV, audio a video > Počítače a príslušenstvo > Herné príslušenstvo > Simulátory > Simulácia pretekov";"";"";"";"";"";"";"";"";"";"Moza Univerzálny HUB a držiak na základe herného volantu (RS050)";""
"078745";"";"Súprava na zvýšenie výkonu pre pedále CRP2 Moza Racing RS069";"bfdb65ea-92c5-11f1-87d5-bc2411833e01";"";"6973137270636";"";"";"TV, audio a video > Počítače a príslušenstvo > Herné príslušenstvo > Simulátory > Simulácia pretekov";"TV, audio a video > Počítače a príslušenstvo > Herné príslušenstvo > Simulátory > Simulácia pretekov";"";"";"";"";"";"";"";"";"";"MOZA Racing CRP2 Performance Kit RS069";""
"078754";"";"Stolové svorky pre základňu AB9 Moza Racing AS004";"c0142150-92c5-11f1-afce-bc2411833e01";"";"6973137270629";"";"";"TV, audio a video > Počítače a príslušenstvo > Herné príslušenstvo > Simulátory > Simulácia letu";"TV, audio a video > Počítače a príslušenstvo > Herné príslušenstvo > Simulátory > Simulácia letu";"";"";"";"";"";"";"";"";"";"MOZA Flight Base Table Clamp AS004";""
"078757";"";"MOZA RACING RS078 predlžovacia doska základne pedálov mBooster/CRP/CRP2";"c033fa5c-92c5-11f1-a390-bc2411833e01";"";"6973137270803";"";"";"TV, audio a video > Počítače a príslušenstvo > Herné príslušenstvo > Simulátory > Simulácia pretekov";"TV, audio a video > Počítače a príslušenstvo > Herné príslušenstvo > Simulátory > Simulácia pretekov";"";"";"";"";"";"";"";"";"";"MOZA Racing mBooster Base Extension Plate RS078";""
"078389";"";"Čistiaci robot MOVA E40 Ultra";"c116e20e-92c5-11f1-8721-bc2411833e01";"";"6977728945088";"";"";"Domáce spotrebiče > Malé spotrebiče > Vysávače > Robotické vysávače";"Domáce spotrebiče > Malé spotrebiče > Vysávače > Robotické vysávače";"";"";"";"";"";"";"";"";"";"Mova E40 Ultra White";""
"074569";"";"Reproduktory Edifier Hecate G2000 PRO, biele";"c1b647a4-92c5-11f1-8ee0-bc2411833e01";"";"6923520216529";"";"";"TV, audio a video > Počítače a príslušenstvo > Herné príslušenstvo > Reproduktory";"TV, audio a video > Počítače a príslušenstvo > Herné príslušenstvo > Reproduktory";"";"";"";"";"";"";"";"";"";"Edifier Hecate G2000 PRO";""
"079056";"";"Sonoff ZBM5-2C-86W (2-kanálový) inteligentný dotykový nástenný spínač Zigbee";"c1d7caf0-92c5-11f1-9c22-bc2411833e01";"";"6920075743074";"";"";"Bezpečnosť a smart domácnosť > Riadiace jednotky > Prepínače";"Bezpečnosť a smart domácnosť > Riadiace jednotky > Prepínače";"";"";"";"";"";"";"";"";"";"Sonoff ZBM5-2C-86W";""
"079263";"";"Inteligentný senzor prítomnosti človeka Avatto HE20 WiFi";"c2f0a8da-92c5-11f1-a7a7-bc2411833e01";"";"6976037361978";"";"";"Bezpečnosť a smart domácnosť > Prvky výkonu > Senzory";"Bezpečnosť a smart domácnosť > Prvky výkonu > Senzory";"";"";"";"";"";"";"";"";"";"Avatto HE20 WiFi";""
"079269";"";"Digitálna cylindrická vložka zámku Avatto SDL-V1-B80 80 mm čierna";"c325137c-92c5-11f1-8a6a-bc2411833e01";"";"6976037362388";"";"";"Bezpečnosť a smart domácnosť > Prvky výkonu > Smart zámky";"Bezpečnosť a smart domácnosť > Prvky výkonu > Smart zámky";"";"";"";"";"";"";"";"";"";"Avatto SDL-V1-B80 80 mm";""
"079273";"";"Digitálna cylindrická vložka zámku Avatto SDL-V1-S70 70 mm Silver";"c34f4624-92c5-11f1-b8a5-bc2411833e01";"";"6976037362425";"";"";"Bezpečnosť a smart domácnosť > Prvky výkonu > Smart zámky";"Bezpečnosť a smart domácnosť > Prvky výkonu > Smart zámky";"";"";"";"";"";"";"";"";"";"Avatto SDL-V1-S70 70 mm stříbrná";""
"079291";"";"Modul inteligentných závesov Avatto CMS16-RF-1 WIFI+RF";"c4097cd8-92c5-11f1-a6c4-bc2411833e01";"";"6976037362104";"";"";"Bezpečnosť a smart domácnosť > Riadiace jednotky > Smart ovládače";"Bezpečnosť a smart domácnosť > Riadiace jednotky > Smart ovládače";"";"";"";"";"";"";"";"";"";"Avatto CMS16-RF-1";""
"079343";"";"Fén na vlasy MOVA Shine 20 (strieborný)";"c48f4cb4-92c5-11f1-99ad-bc2411833e01";"";"6977728944463";"";"";"Zdravie a starostlivosť > Starostlivosť o vlasy > Fény";"Zdravie a starostlivosť > Starostlivosť o vlasy > Fény";"";"";"";"";"";"";"";"";"";"MOVA Shine 10 stříbrný 52402";""
"078982";"";"Filament PLA Anycubic 1 KG (biely)";"c60faf52-92c5-11f1-aec0-bc2411833e01";"";"6974662351678";"";"";"Kreatívne technológie > 3D tlač > Vlákna";"Kreatívne technológie > 3D tlač > Vlákna";"";"";"";"";"";"";"";"";"";"AnyCubic PLA struna 1,75 mm pro 3D tiskárnu, 1kg, Bílá 6974662351678";""
"077389";"";"Filament ELEGOO PLA-CF (čierny)";"c6c7a7f6-92c5-11f1-aae0-bc2411833e01";"";"6932704908495";"";"";"Kreatívne technológie > 3D tlač > Vlákna";"Kreatívne technológie > 3D tlač > Vlákna";"";"";"";"";"";"";"";"";"";"ELEGOO PLA-CF 1kg černý 1,75mm";""
"079659";"";"Herná klávesnica ONIKUMA G80";"c754d07c-92c5-11f1-92de-bc2411833e01";"";"6972470564167";"";"";"TV, audio a video > Počítače a príslušenstvo > Herné príslušenstvo > Klávesnice > Bezdrôtový";"TV, audio a video > Počítače a príslušenstvo > Herné príslušenstvo > Klávesnice > Bezdrôtový";"";"";"";"";"";"";"";"";"";"Onikuma G80RGB Grey Blue";""
"079576";"";"Súprava inteligentného solárneho vodného čerpadla s bránou RainPoint, aplikácia";"c7f009d4-92c5-11f1-98c5-bc2411833e01";"";"5907085528588";"";"";"Záhrada > Zavlažovacie systémy";"Záhrada > Zavlažovacie systémy";"";"";"";"";"";"";"";"";"";"Smart zavlažovací systém RAINPOINT HTP115FR WiFi";""
"079589";"";"Dvojité záhradné nohavice Splitter RainPoint";"c85f5eba-92c5-11f1-be99-bc2411833e01";"";"5907085528687";"";"";"Záhrada > Zavlažovacie systémy";"Záhrada > Zavlažovacie systémy";"";"";"";"";"";"";"";"";"";"RAINPOINT ICD047";""
"079687";"";"Ovládač GameSir G7 Pro WT TRI-MODE White";"c86caa8e-92c5-11f1-b44b-bc2411833e01";"";"6936685222267";"";"";"TV, audio a video > Počítače a príslušenstvo > Herné príslušenstvo > Herné podložky > Podložky";"TV, audio a video > Počítače a príslušenstvo > Herné príslušenstvo > Herné podložky > Podložky";"";"";"";"";"";"";"";"";"";"GameSir G7-HE HRG2299";""
"079688";"";"Ovládač GameSir G7 Pro BK TRI-MODE Black and Red";"c8789510-92c5-11f1-be1d-bc2411833e01";"";"6936685220409";"";"";"TV, audio a video > Počítače a príslušenstvo > Herné príslušenstvo > Herné podložky > Podložky";"TV, audio a video > Počítače a príslušenstvo > Herné príslušenstvo > Herné podložky > Podložky";"";"";"";"";"";"";"";"";"";"GameSir G7 Pro HRG22996";""
"079691";"";"Mobilný ovládač GameSir X5 Lite GN Bright Green";"c89bbc48-92c5-11f1-8a68-bc2411833e01";"";"6936685222670";"";"";"TV, audio a video > Mobily a tablety > Herné ovládače";"TV, audio a video > Mobily a tablety > Herné ovládače";"";"";"";"";"";"";"";"";"";"GameSir X5 Lite Wasabi Green HRG8596";""
"079692";"";"Mobilný ovládač GamesSir X5 Lite BK Black";"c8a754ae-92c5-11f1-8483-bc2411833e01";"";"6936685221901";"";"";"TV, audio a video > Mobily a tablety > Herné ovládače";"TV, audio a video > Mobily a tablety > Herné ovládače";"";"";"";"";"";"";"";"";"";"GamesSir X5 Lite 54343-uniw";""
"079044";"";"Bezdrôtový ovládač GameSir Nova 2 Lite (sivý)";"c8d2caf8-92c5-11f1-abe3-bc2411833e01";"";"6936685222540";"";"";"TV, audio a video > Počítače a príslušenstvo > Herné príslušenstvo > Herné podložky > Podložky";"TV, audio a video > Počítače a príslušenstvo > Herné príslušenstvo > Herné podložky > Podložky";"";"";"";"";"";"";"";"";"";"GameSir Nova Lite Multiplatform Domino White HRG7109";""
"079515";"";"Filament ELEGOO PETG Pro (biely)";"c8e7d57e-92c5-11f1-b3ea-bc2411833e01";"";"6976021769667";"";"";"Kreatívne technológie > 3D tlač > Vlákna";"Kreatívne technológie > 3D tlač > Vlákna";"";"";"";"";"";"";"";"";"";"Elegoo PETG PRO 1.75mm 1Kg White 4260246";""
"079520";"";"Filament PLA ELEGOO (Szary)";"c91cd8f0-92c5-11f1-bca0-bc2411833e01";"";"6932704900284";"";"";"Kreatívne technológie > 3D tlač > Vlákna";"Kreatívne technológie > 3D tlač > Vlákna";"";"";"";"";"";"";"";"";"";"Elegoo Rapid PLA+ 1.75, 1kg, šedá RPLAP1G";""
"079937";"";"Súprava na starostlivosť o domáce zvieratá a vysávač Neakasa S1 Pro";"ca80800c-92c5-11f1-943b-bc2411833e01";"";"6975532170429";"";"";"Zdravie a starostlivosť > Chovateľské potreby > Starostlivosť o zvieratá";"Zdravie a starostlivosť > Chovateľské potreby > Starostlivosť o zvieratá";"";"";"";"";"";"";"";"";"";"Neakasa Sada na úpravu domácích mazlíčků a vysavač S1 Pro";""
"079938";"";"Sušič vlasov pre domáce zvieratá Neakasa F1";"ca8af9f6-92c5-11f1-89e2-bc2411833e01";"";"6975532170085";"";"";"Zdravie a starostlivosť > Chovateľské potreby > Starostlivosť o zvieratá";"Zdravie a starostlivosť > Chovateľské potreby > Starostlivosť o zvieratá";"";"";"";"";"";"";"";"";"";"Neakasa Fén na vlasy pro domácí zvířata F1";""
"080233";"";"Sklenená plynová varná doska IsEasy MGBG-654A";"cb47b636-92c5-11f1-8979-bc2411833e01";"";"6977132450239";"";"";"Domáce spotrebiče > Malé spotrebiče > Kuchynské príslušenstvo > Na varenie";"Domáce spotrebiče > Malé spotrebiče > Kuchynské príslušenstvo > Na varenie";"";"";"";"";"";"";"";"";"";"IsEasy Mgbg-604b";""
"080234";"";"Sklenená plynová varná doska IsEasy MGBG-604B";"cb875642-92c5-11f1-ac34-bc2411833e01";"";"6977132450321";"";"";"Domáce spotrebiče > Malé spotrebiče > Kuchynské príslušenstvo > Na varenie";"Domáce spotrebiče > Malé spotrebiče > Kuchynské príslušenstvo > Na varenie";"";"";"";"";"";"";"";"";"";"isEasy MGBG-604W";""
"078290";"";"Nočné svetlo Yeelight Vega RGB NightLight so senzorom pohybu";"ccab1360-92c5-11f1-aaae-bc2411833e01";"";"6924922260769";"";"";"Bezpečnosť a smart domácnosť > Osvetlenie > Stolové a nočné lampy";"Bezpečnosť a smart domácnosť > Osvetlenie > Stolové a nočné lampy";"";"";"";"";"";"";"";"";"";"Yeelight YLYYD-0026";""
"079034";"";"Inteligentná lampa sufitowa RGB Yeelight Yeelight Jupiter D C600";"cd4a6816-92c5-11f1-b968-bc2411833e01";"";"6924922261346";"";"";"Bezpečnosť a smart domácnosť > Osvetlenie > Stropné svietidlá";"Bezpečnosť a smart domácnosť > Osvetlenie > Stropné svietidlá";"";"";"";"";"";"";"";"";"";"Yeelight C600";""
"079035";"";"Svietidlá do skrinky Yeelight Ultra-Thin Intelligent Linkage Cabinet Li (2szt)";"cd5569aa-92c5-11f1-bac7-bc2411833e01";"";"6924922259145";"";"";"Bezpečnosť a smart domácnosť > Osvetlenie > Stolové a nočné lampy";"Bezpečnosť a smart domácnosť > Osvetlenie > Stolové a nočné lampy";"";"";"";"";"";"";"";"";"";"Yeelight Ultra-Thin Intelligent Linkage Cabinet Light A30 (30 cm) – 2 pack";""
"080299";"";"Sada pedálov PXN PD HM - brzda a plyn (Windows 7/8/10/11)";"cd8e4856-92c5-11f1-84d6-bc2411833e01";"";"6948052904089";"";"";"TV, audio a video > Počítače a príslušenstvo > Herné príslušenstvo > Simulátory > Simulácia pretekov";"TV, audio a video > Počítače a príslušenstvo > Herné príslušenstvo > Simulátory > Simulácia pretekov";"";"";"";"";"";"";"";"";"";"PXN PD HM brzda a plyn";""
"080460";"";"Inteligentný samočistiaci box pre mačky Neakasa M1 Lite";"cdbb342e-92c5-11f1-8704-bc2411833e01";"";"6975532170399";"";"";"Zdravie a starostlivosť > Chovateľské potreby > Inteligentné toalety pre zvieratá";"Zdravie a starostlivosť > Chovateľské potreby > Inteligentné toalety pre zvieratá";"";"";"";"";"";"";"";"";"";"Neakasa M1 Inteligentní samočistící toaleta 59,1 x 52,5 x 51,3 cm";""
"080485";"";"Výrobok X.A.2";"ce4fbf54-92c5-11f1-bddd-bc2411833e01";"";"6937224123076";"";"";"Dróny a RC modely > Príslušenstvo pre drony > DJI";"Dróny a RC modely > Príslušenstvo pre drony > DJI";"";"";"";"";"";"";"";"";"";"DJI Mini 5 Pro Two-Way Charging Hub CP.MA.00000879.01";""
"080486";"";"Výrobok X.A.3";"ce5c4b70-92c5-11f1-a740-bc2411833e01";"";"6937224123168";"";"";"Dróny a RC modely > Príslušenstvo pre drony > DJI";"Dróny a RC modely > Príslušenstvo pre drony > DJI";"";"";"";"";"";"";"";"";"";"DJI Mini 5 Pro ND Filters Set (ND8/32/128) CP.MA.00000880.01";""
"080556";"";"Sonoff MINI-ZBRBS inteligentný mini spínač ZigBee";"ce68c184-92c5-11f1-9b47-bc2411833e01";"";"6920075743333";"";"";"Bezpečnosť a smart domácnosť > Riadiace jednotky > Smart ovládače";"Bezpečnosť a smart domácnosť > Riadiace jednotky > Smart ovládače";"";"";"";"";"";"";"";"";"";"SONOFF ZigBee Prepínač motorov (MINI-ZBRBS)";""
"080672";"";"Okuliare VITURE XR Beast";"cfdaadfc-92c5-11f1-8c4c-bc2411833e01";"";"1230000160995";"";"";"TV, audio a video > Počítače a príslušenstvo > Herné príslušenstvo > Okuliare pre rozšírenú realitu";"TV, audio a video > Počítače a príslušenstvo > Herné príslušenstvo > Okuliare pre rozšírenú realitu";"";"";"";"";"";"";"";"";"";"VITURE XR Beast";""
"080590";"";"Inteligentný nástenný spínač pre rolety SONOFF MINI-RBS-E Matter";"d1c1aa58-92c5-11f1-b111-bc2411833e01";"";"6920075743432";"";"";"Bezpečnosť a smart domácnosť > Riadiace jednotky > Prepínače";"Bezpečnosť a smart domácnosť > Riadiace jednotky > Prepínače";"";"";"";"";"";"";"";"";"";"Sonoff MINI-RBS-E SONOFF-MINI-RBS-E-2071";""
"080805";"";"Základný krúžok Freewell 67 mm s vekom pre Real Locking VND";"d295ddd2-92c5-11f1-b754-bc2411833e01";"";"4897143170754";"";"";"TV, audio a video > Foto a optika > Príslušenstvo > Pre fotoaparáty a videokamery";"TV, audio a video > Foto a optika > Príslušenstvo > Pre fotoaparáty a videokamery";"";"";"";"";"";"";"";"";"";"Freewell Real Locking magnetický 67mm FW-L1-BL67";""
"080701";"";"Elektrická zubná kefka MOVA Fresh 20 Sensus (biela)";"d2ac1cfa-92c5-11f1-9139-bc2411833e01";"";"6977728949321";"";"";"Zdravie a starostlivosť > Sonické zubné kefky > Sonické zubné kefky";"Zdravie a starostlivosť > Sonické zubné kefky > Sonické zubné kefky";"";"";"";"";"";"";"";"";"";"MOVA Fresh 20 Sensus White";""
"078880";"";"Flytec V010 12 000 mAh lodná batéria";"d2d20c76-92c5-11f1-b2d3-bc2411833e01";"";"5907085524009";"";"";"Šport, hračky a voľný čas > Outdoor > Rybárčenie > Návnada lode";"Šport, hračky a voľný čas > Outdoor > Rybárčenie > Návnada lode";"";"";"";"";"";"";"";"";"";"Flytec V010 zavážecí návnadová loďka na ryby + baterie 12 000 mAh";""
"078874";"";"Flytec 2011-5 Loď na návnadu, 12 000 mAh";"d2efe138-92c5-11f1-b356-bc2411833e01";"";"5907085523880";"";"";"Šport, hračky a voľný čas > Outdoor > Rybárčenie > Návnada lode";"Šport, hračky a voľný čas > Outdoor > Rybárčenie > Návnada lode";"";"";"";"";"";"";"";"";"";"Flytec 2011-5 – zavážecí návnadová loďka na ryby + baterie 12 000 mAh";""
"078879";"";"Flytec V010 5200mah návnada loď";"d3138af2-92c5-11f1-83ea-bc2411833e01";"";"5907085523996";"";"";"Šport, hračky a voľný čas > Outdoor > Rybárčenie > Návnada lode";"Šport, hračky a voľný čas > Outdoor > Rybárčenie > Návnada lode";"";"";"";"";"";"";"";"";"";"Flytec Zavážacia Lodka GPS V900 12000mAh";""
"078881";"";"Navijak Flytec V020 5200 mAh na baitcasting";"d329a7ec-92c5-11f1-af64-bc2411833e01";"";"5907085524016";"";"";"Šport, hračky a voľný čas > Outdoor > Rybárčenie > Návnada lode";"Šport, hračky a voľný čas > Outdoor > Rybárčenie > Návnada lode";"";"";"";"";"";"";"";"";"";"Flytec V020 zavážecí návnadová loďka pro baitcasting 5200 mAh";""
"078885";"";"Flytec V050 12000mah návnada loď (moro)";"d34095ce-92c5-11f1-9643-bc2411833e01";"";"5907085524092";"";"";"Šport, hračky a voľný čas > Outdoor > Rybárčenie > Návnada lode";"Šport, hračky a voľný čas > Outdoor > Rybárčenie > Návnada lode";"";"";"";"";"";"";"";"";"";"Flytec V050 zavážecí návnadová loďka 12000 mAh (moro)";""
"078875";"";"Flytec V700 12000 mAh loďka na návnadu";"d35736a8-92c5-11f1-9f65-bc2411833e01";"";"5907085523941";"";"";"Šport, hračky a voľný čas > Outdoor > Rybárčenie > Návnada lode";"Šport, hračky a voľný čas > Outdoor > Rybárčenie > Návnada lode";"";"";"";"";"";"";"";"";"";"Flytec V700 zavážecí návnadová loďka 12000 mAh";""
"078878";"";"Flytec V801 12000mah návnada loď";"d3640c7a-92c5-11f1-bf5e-bc2411833e01";"";"5907085523989";"";"";"Šport, hračky a voľný čas > Outdoor > Rybárčenie > Návnada lode";"Šport, hračky a voľný čas > Outdoor > Rybárčenie > Návnada lode";"";"";"";"";"";"";"";"";"";"Flytec Zavážacia Lodka GPS V900 12000mAh";""
"080997";"";"Panel tlačidiel ovládacieho panela PXN CB1";"d46625d6-92c5-11f1-9176-bc2411833e01";"";"6948052903440";"";"";"TV, audio a video > Počítače a príslušenstvo > Herné príslušenstvo > Simulátory > Simulácia pretekov";"TV, audio a video > Počítače a príslušenstvo > Herné príslušenstvo > Simulátory > Simulácia pretekov";"";"";"";"";"";"";"";"";"";"PXN CB1 Tlačítkový panel ovládací skříňky";""
"079593";"";"Hodinky Colmi V89 Smartwatch (čierne)";"d4bd9cbc-92c5-11f1-9d45-bc2411833e01";"";"6972436986460";"";"";"TV, audio a video > Mobily a tablety > Smart hodinky > Smart hodinky";"TV, audio a video > Mobily a tablety > Smart hodinky > Smart hodinky";"";"";"";"";"";"";"";"";"";"Colmi V89";""
"079594";"";"Hodinky Colmi V89 Smartwatch (zlaté)";"d4c81598-92c5-11f1-ac8e-bc2411833e01";"";"6972436986477";"";"";"TV, audio a video > Mobily a tablety > Smart hodinky > Smart hodinky";"TV, audio a video > Mobily a tablety > Smart hodinky > Smart hodinky";"";"";"";"";"";"";"";"";"";"Colmi V89";""
"079595";"";"Hodinky Colmi V89 Smartwatch (strieborné)";"d4d29e00-92c5-11f1-b686-bc2411833e01";"";"6972436986484";"";"";"TV, audio a video > Mobily a tablety > Smart hodinky > Smart hodinky";"TV, audio a video > Mobily a tablety > Smart hodinky > Smart hodinky";"";"";"";"";"";"";"";"";"";"Colmi V89";""
"079596";"";"Hodinky Colmi V89 Smartwatch (čierna oceľ)";"d4ddd9d2-92c5-11f1-922e-bc2411833e01";"";"6972436987191";"";"";"TV, audio a video > Mobily a tablety > Smart hodinky > Smart hodinky";"TV, audio a video > Mobily a tablety > Smart hodinky > Smart hodinky";"";"";"";"";"";"";"";"";"";"Colmi V89";""
"075873";"";"Inteligentná zásuvka Gosund EP2-Z ZigBee (štvorbalenie) 10A";"d5b927a8-92c5-11f1-b5ba-bc2411833e01";"";"6977038680907";"";"";"Bezpečnosť a smart domácnosť > Prvky výkonu > Smart zástrčky > Zásuvky";"Bezpečnosť a smart domácnosť > Prvky výkonu > Smart zástrčky > Zásuvky";"";"";"";"";"";"";"";"";"";"Gosund EP2";""
"081213";"";"Meross MSP844(EU) inteligentný rýchlonabíjací napájací pás, 4 zásuvky + 2x USB-A + 2x USB-C (Matter)";"d661eca8-92c5-11f1-9353-bc2411833e01";"";"6942349203312";"";"";"Bezpečnosť a smart domácnosť > Osvetlenie > LED žiarovky";"Bezpečnosť a smart domácnosť > Osvetlenie > LED žiarovky";"";"";"";"";"";"";"";"";"";"Meross MSP844";""
"081075";"";"Ovládacia páka lietadla MOZA RACING MHG";"d6f38244-92c5-11f1-b20f-bc2411833e01";"";"6973137271367";"";"";"TV, audio a video > Počítače a príslušenstvo > Herné príslušenstvo > Simulátory > Simulácia letu";"TV, audio a video > Počítače a príslušenstvo > Herné príslušenstvo > Simulátory > Simulácia letu";"";"";"";"";"";"";"";"";"";"MOZA MHG";""
"081076";"";"Teleso škrtiacej klapky MOZA RACING MTQ AS014";"d6fde3b0-92c5-11f1-98fb-bc2411833e01";"";"6973137270926";"";"";"TV, audio a video > Počítače a príslušenstvo > Herné príslušenstvo > Simulátory > Simulácia letu";"TV, audio a video > Počítače a príslušenstvo > Herné príslušenstvo > Simulátory > Simulácia letu";"";"";"";"";"";"";"";"";"";"Moza Racing MTQ AS014 Těleso škrticí klapky";""
"081080";"";"Základňa volantu MOZA RACING R25 RS091";"d7273904-92c5-11f1-90b6-bc2411833e01";"";"6973137271343";"";"";"TV, audio a video > Počítače a príslušenstvo > Herné príslušenstvo > Simulátory > Simulácia pretekov";"TV, audio a video > Počítače a príslušenstvo > Herné príslušenstvo > Simulátory > Simulácia pretekov";"";"";"";"";"";"";"";"";"";"Moza Racing R25 Ultra Direct Drive RS091";""
"081081";"";"Univerzálna montážna doska Moza Racing RS089";"d7317734-92c5-11f1-a639-bc2411833e01";"";"6973137270919";"";"";"TV, audio a video > Počítače a príslušenstvo > Herné príslušenstvo > Simulátory > Simulácia pretekov";"TV, audio a video > Počítače a príslušenstvo > Herné príslušenstvo > Simulátory > Simulácia pretekov";"";"";"";"";"";"";"";"";"";"Moza Racing RS089 Universal Mounting Plate";""
"081317";"";"Filament PLA Anycubic 1 KG (červený)";"d73c7cb0-92c5-11f1-9d45-bc2411833e01";"";"6974662351692";"";"";"Kreatívne technológie > 3D tlač > Vlákna";"Kreatívne technológie > 3D tlač > Vlákna";"";"";"";"";"";"";"";"";"";"AnyCubic PLA struna 1,75 mm pro 3D tiskárnu, 1kg, Red 6974662351692";""
"081316";"";"Filament PLA Anycubic 1 KG (modrý)";"d747070c-92c5-11f1-99f8-bc2411833e01";"";"6974662351715";"";"";"Kreatívne technológie > 3D tlač > Vlákna";"Kreatívne technológie > 3D tlač > Vlákna";"";"";"";"";"";"";"";"";"";"AnyCubic PLA struna 1,75 mm pro 3D tiskárnu, 1kg, Blue 6974662351715";""
"081335";"";"Filament PLA Anycubic 1 KG (Zielony)";"d7517188-92c5-11f1-ab01-bc2411833e01";"";"6974662351722";"";"";"Kreatívne technológie > 3D tlač > Vlákna";"Kreatívne technológie > 3D tlač > Vlákna";"";"";"";"";"";"";"";"";"";"Anycubic PLA Basic Green 1,75 mm 1000 g";""
"079792";"";"Filament Hyper PLA Creality (Złoty)";"d7c8f19a-92c5-11f1-a190-bc2411833e01";"";"6971636403166";"";"";"Kreatívne technológie > 3D tlač > Vlákna";"Kreatívne technológie > 3D tlač > Vlákna";"";"";"";"";"";"";"";"";"";"Creality Hyper PLA Gold 1,75 mm 1000 g";""
"079795";"";"Vlákno Hyper PETG Creality (Czarny)";"d7dddc86-92c5-11f1-b2ad-bc2411833e01";"";"6971636402091";"";"";"Kreatívne technológie > 3D tlač > Vlákna";"Kreatívne technológie > 3D tlač > Vlákna";"";"";"";"";"";"";"";"";"";"Creality Hyper PETG čierne 1,75 mm, 1 kg";""
"079796";"";"Vlákno Hyper PETG Creality (Szary)";"d7e89c66-92c5-11f1-97e7-bc2411833e01";"";"6971636402138";"";"";"Kreatívne technológie > 3D tlač > Vlákna";"Kreatívne technológie > 3D tlač > Vlákna";"";"";"";"";"";"";"";"";"";"Creality Hyper PETG transparentné 1,75 mm, 1 kg";""
"079798";"";"Filament Hyper PETG Creality (zelený)";"d7fdf3ae-92c5-11f1-8566-bc2411833e01";"";"6971636402305";"";"";"Kreatívne technológie > 3D tlač > Vlákna";"Kreatívne technológie > 3D tlač > Vlákna";"";"";"";"";"";"";"";"";"";"Creality Hyper PETG Green 1,75 mm 1000 g";""
"079799";"";"Hyper PLA-CF Creality Filament (tmavozelený)";"d808afce-92c5-11f1-a6d5-bc2411833e01";"";"6971636402862";"";"";"Kreatívne technológie > 3D tlač > Vlákna";"Kreatívne technológie > 3D tlač > Vlákna";"";"";"";"";"";"";"";"";"";"Creality Hyper PLA-CF 1,75 mm 1 kg tmavo zelená";""
"079801";"";"Vlákno Creality TPU (biele)";"d81e85f6-92c5-11f1-9cb7-bc2411833e01";"";"6971636408833";"";"";"Kreatívne technológie > 3D tlač > Vlákna";"Kreatívne technológie > 3D tlač > Vlákna";"";"";"";"";"";"";"";"";"";"Creality TPU, 1,75 mm, 1kg, šedá";""
"079803";"";"Vlákno Creality TPU (červené)";"d8347910-92c5-11f1-848a-bc2411833e01";"";"6971636407331";"";"";"Kreatívne technológie > 3D tlač > Vlákna";"Kreatívne technológie > 3D tlač > Vlákna";"";"";"";"";"";"";"";"";"";"Creality Ender PLA 1kg, červený 1,75 mm, 1 kg";""
"079804";"";"Vlákno Creality TPU (modré)";"d83ecece-92c5-11f1-9d2d-bc2411833e01";"";"6971636407621";"";"";"Kreatívne technológie > 3D tlač > Vlákna";"Kreatívne technológie > 3D tlač > Vlákna";"";"";"";"";"";"";"";"";"";"Creality Hyper PLA modrý 1,75 mm, 1 kg";""
"079805";"";"Vlákno Creality TPU (zelené)";"d8493c2e-92c5-11f1-9f0e-bc2411833e01";"";"6971636408499";"";"";"Kreatívne technológie > 3D tlač > Vlákna";"Kreatívne technológie > 3D tlač > Vlákna";"";"";"";"";"";"";"";"";"";"Creality Creality Filament TPU, 1 kg, 1,75 mm, zelený";""
"081488";"";"Puzdro Freewell pre iPhone 17 Pro Max so 17 mm držiakom";"da72ac7e-92c5-11f1-91b5-bc2411833e01";"";"4897143171317";"";"";"TV, audio a video > Mobily a tablety > Obaly na telefóny > Ochranné puzdrá pre smartfóny";"TV, audio a video > Mobily a tablety > Obaly na telefóny > Ochranné puzdrá pre smartfóny";"";"";"";"";"";"";"";"";"";"Freewell iPhone 17 Pro Max Case with 17mm Mount FW-17-IP17PROMK";""
"081544";"";"Sada 4 filtrov Sunnylife ND8/PL + ND16/PL + ND32/PL + ND64/PL pre MINI 5 Pro";"db5a0d62-92c5-11f1-82bd-bc2411833e01";"";"5905156100503";"";"";"TV, audio a video > Foto a optika > Filtre > Pre športové kamery";"TV, audio a video > Foto a optika > Filtre > Pre športové kamery";"";"";"";"";"";"";"";"";"";"Sada 4 filtrů Sunnylife ND8/PL + ND16/PL + ND32/PL + ND64/PL pro MINI 5 Pro";""
"081513";"";"Magnetický držiak Sunnylife MJ033 pre (OSMO 360, Insta360 GO Ultra)";"dbedaef0-92c5-11f1-b804-bc2411833e01";"";"5905156100640";"";"";"TV, audio a video > Foto a optika > Príslušenstvo > Pre športové kamery";"TV, audio a video > Foto a optika > Príslušenstvo > Pre športové kamery";"";"";"";"";"";"";"";"";"";"Sunnylife Magnetický držák MJ033";""
"080703";"";"Inteligentný samočistiaci box pre mačky MOVA LR10 Prime (biely)";"dda1d9e2-92c5-11f1-acb1-bc2411833e01";"";"6977728947884";"";"";"Zdravie a starostlivosť > Chovateľské potreby > Inteligentné toalety pre zvieratá";"Zdravie a starostlivosť > Chovateľské potreby > Inteligentné toalety pre zvieratá";"";"";"";"";"";"";"";"";"";"Mova mačací toaleta LR10 Prime 55,2 x 58,3 x 76,4 cm";""
"081985";"";"Fritéza MOVA FD10 Pro Max (čierna)";"ddcd36be-92c5-11f1-9db7-bc2411833e01";"";"6977728949628";"";"";"Domáce spotrebiče > Malé spotrebiče > Kávovary a espressá";"Domáce spotrebiče > Malé spotrebiče > Kávovary a espressá";"";"";"";"";"";"";"";"";"";"Mova FD10 Pro";""
"080750";"";"Bezdrôtový ovládač GameSir G7 Pro WC Wuchang Edition";"e0112304-92c5-11f1-85bb-bc2411833e01";"";"6936685223219";"";"";"TV, audio a video > Počítače a príslušenstvo > Herné príslušenstvo > Herné podložky > Podložky";"TV, audio a video > Počítače a príslušenstvo > Herné príslušenstvo > Herné podložky > Podložky";"";"";"";"";"";"";"";"";"";"GameSir G7 Pro HRG22997";""
"081463";"";"Puzdro Freewell pre Iphone 16 Pro Max so 17 mm držiakom";"e026e496-92c5-11f1-9bb2-bc2411833e01";"";"4897143171294";"";"";"TV, audio a video > Mobily a tablety > Obaly na telefóny > Ochranné puzdrá pre smartfóny";"TV, audio a video > Mobily a tablety > Obaly na telefóny > Ochranné puzdrá pre smartfóny";"";"";"";"";"";"";"";"";"";"Freewell magnetický kryt pre iPhone 16 Pro Max závit 17 mm";""
"082661";"";"Detektor kovov Garrett ACE 150";"e10a148c-92c5-11f1-87b3-bc2411833e01";"";"786156002708";"";"";"Náradie a dielňa > Wykrywacze metalu";"Náradie a dielňa > Wykrywacze metalu";"";"";"";"";"";"";"";"";"";"Garrett ACE 150 1138070";""
"082662";"";"Detektor kovov Garret ACE 250";"e11525de-92c5-11f1-ba96-bc2411833e01";"";"786156002715";"";"";"Náradie a dielňa > Wykrywacze metalu";"Náradie a dielňa > Wykrywacze metalu";"";"";"";"";"";"";"";"";"";"Garrett ACE 250 1139070";""
"082666";"";"Detektor kovov Garrett AT Pro-International";"e142aec8-92c5-11f1-9aaa-bc2411833e01";"";"786156003934";"";"";"Náradie a dielňa > Wykrywacze metalu";"Náradie a dielňa > Wykrywacze metalu";"";"";"";"";"";"";"";"";"";"Garrett AT PRO International 1140560";""
"082667";"";"Ručný detektor kovov Garrett Pro-pointer AT Pinpointer";"e14fd5a8-92c5-11f1-a572-bc2411833e01";"";"786156004535";"";"";"Náradie a dielňa > Wykrywacze metalu";"Náradie a dielňa > Wykrywacze metalu";"";"";"";"";"";"";"";"";"";"Garrett Pro-Pointer AT 1140900";""
"082668";"";"Ručný detektor kovov Garrett Pro-Pointer II Pinpointer";"e15a43c6-92c5-11f1-9e67-bc2411833e01";"";"786156004610";"";"";"Náradie a dielňa > Wykrywacze metalu";"Náradie a dielňa > Wykrywacze metalu";"";"";"";"";"";"";"";"";"";"Garrett Pro-Pointer II 1166050";""
"082888";"";"Monitor srdcovej frekvencie na hrudnom páse Cycplus H2";"e56d1bf0-92c5-11f1-b317-bc2411833e01";"";"6976297860853";"";"";"Šport, hračky a voľný čas > Príslušenstvo pre bicykle > Senzory";"Šport, hračky a voľný čas > Príslušenstvo pre bicykle > Senzory";"";"";"";"";"";"";"";"";"";"Pulzometer Cycplus H2 hrudník";""
"081304";"";"Elektrická kulma na riasy ANLAN 08-AJMJ31-02A";"e8f16d9e-92c5-11f1-985f-bc2411833e01";"";"6953156301504";"";"";"Zdravie a starostlivosť > Predlžovanie rias";"Zdravie a starostlivosť > Predlžovanie rias";"";"";"";"";"";"";"";"";"";"Anlan 08-AMYY31-02A";""
"081405";"";"IPL epilátor ANLAN 02-ATMY52-0RE";"e907a0aa-92c5-11f1-9e28-bc2411833e01";"";"6977254876764";"";"";"Zdravie a starostlivosť > Osobná starostlivosť";"Zdravie a starostlivosť > Osobná starostlivosť";"";"";"";"";"";"";"";"";"";"Anlan 02-ATMY52-0RE";""
"083448";"";"Okuliare RayNeo X3 Pro AR";"eb6a7a52-92c5-11f1-9151-bc2411833e01";"";"6976972040242";"";"";"TV, audio a video > Počítače a príslušenstvo > Herné príslušenstvo > Okuliare pre rozšírenú realitu";"TV, audio a video > Počítače a príslušenstvo > Herné príslušenstvo > Okuliare pre rozšírenú realitu";"";"";"";"";"";"";"";"";"";"RayNeo X3 Pro AR";""
"083398";"";"BoboVR F3 rozhranie pre tvár";"ec9087a0-92c5-11f1-8c00-bc2411833e01";"";"6937267000525";"";"";"TV, audio a video > Počítače a príslušenstvo > Herné príslušenstvo > Príslušenstvo VR";"TV, audio a video > Počítače a príslušenstvo > Herné príslušenstvo > Príslušenstvo VR";"";"";"";"";"";"";"";"";"";"BOBOVR F3 Komfortná a chladiaca tvárová maska Meta Quest 3";""
"082631";"";"Ovládač GameSir G7 Pro Zenless Zone Zero Edition (sivý)";"ee0c6298-92c5-11f1-aa50-bc2411833e01";"";"6936685222892";"";"";"TV, audio a video > Počítače a príslušenstvo > Herné príslušenstvo > Herné podložky > Príslušenstvo";"TV, audio a video > Počítače a príslušenstvo > Herné príslušenstvo > Herné podložky > Príslušenstvo";"";"";"";"";"";"";"";"";"";"GameSir G7 PRO HRG22998";""
"082632";"";"Mobilný ovládač GameSir G8+ MFi (sivý)";"ee1731aa-92c5-11f1-914d-bc2411833e01";"";"6936685222991";"";"";"TV, audio a video > Počítače a príslušenstvo > Herné príslušenstvo > Herné podložky > Príslušenstvo";"TV, audio a video > Počítače a príslušenstvo > Herné príslušenstvo > Herné podložky > Príslušenstvo";"";"";"";"";"";"";"";"";"";"GameSir G8 Plus MFi HRG2305";""
"081453";"";"Inteligentné hodinky COLMI L28 (strieborná-zelená + zelený kožený remienok)";"ee483d36-92c5-11f1-af48-bc2411833e01";"";"6972436987825";"";"";"TV, audio a video > Mobily a tablety > Smart hodinky > Smart hodinky";"TV, audio a video > Mobily a tablety > Smart hodinky > Smart hodinky";"";"";"";"";"";"";"";"";"";"Colmi L28";""
"083702";"";"Inteligentné hodinky COLMI L28 (strieborná-fialová + fialový kožený remienok)";"ee5677ca-92c5-11f1-9dc7-bc2411833e01";"";"6972436987832";"";"";"TV, audio a video > Mobily a tablety > Smart hodinky > Smart hodinky";"TV, audio a video > Mobily a tablety > Smart hodinky > Smart hodinky";"";"";"";"";"";"";"";"";"";"Colmi L28";""
"083713";"";"Inteligentné hodinky COLMI L28 (strieborná-zelená + strieborný oceľový remienok)";"ee7eb3ac-92c5-11f1-821c-bc2411833e01";"";"6972436987863";"";"";"TV, audio a video > Mobily a tablety > Smart hodinky > Smart hodinky";"TV, audio a video > Mobily a tablety > Smart hodinky > Smart hodinky";"";"";"";"";"";"";"";"";"";"Colmi L28";""
"083704";"";"Inteligentné hodinky COLMI L28 (strieborná-fialová + strieborný oceľový remienok)";"ee8c3ebe-92c5-11f1-b969-bc2411833e01";"";"6972436987870";"";"";"TV, audio a video > Mobily a tablety > Smart hodinky > Smart hodinky";"TV, audio a video > Mobily a tablety > Smart hodinky > Smart hodinky";"";"";"";"";"";"";"";"";"";"Colmi L28";""
"082343";"";"Aktívne chladenie procesora Darkflash E400 PLUS (biely)";"ef625e90-92c5-11f1-901c-bc2411833e01";"";"4711527007293";"";"";"TV, audio a video > Počítače a príslušenstvo > Herné príslušenstvo > Chladenie počítača > Aktívne chladenie";"TV, audio a video > Počítače a príslušenstvo > Herné príslušenstvo > Chladenie počítača > Aktívne chladenie";"";"";"";"";"";"";"";"";"";"Darkflash E400 PLUS White";""
"082344";"";"Vodné chladenie CPU DE240 (čierne)";"ef6d67ae-92c5-11f1-bb46-bc2411833e01";"";"4711527005909";"";"";"TV, audio a video > Počítače a príslušenstvo > Herné príslušenstvo > Chladenie počítača > Chladenie vodou";"TV, audio a video > Počítače a príslušenstvo > Herné príslušenstvo > Chladenie počítača > Chladenie vodou";"";"";"";"";"";"";"";"";"";"Darkflash DA240 Black";""
"082347";"";"Vodné chladenie pre procesor DE360 (biely)";"ef8f3302-92c5-11f1-985f-bc2411833e01";"";"4711527005893";"";"";"TV, audio a video > Počítače a príslušenstvo > Herné príslušenstvo > Chladenie počítača > Chladenie vodou";"TV, audio a video > Počítače a príslušenstvo > Herné príslušenstvo > Chladenie počítača > Chladenie vodou";"";"";"";"";"";"";"";"";"";"Darkflash DE360 White";""
"082903";"";"Počítačová skriňa DarkFlash DS950 (čierna)";"efce1edc-92c5-11f1-a207-bc2411833e01";"";"4711527008405";"";"";"TV, audio a video > Počítače a príslušenstvo > Herné príslušenstvo > Skrine > Bez ventilátora";"TV, audio a video > Počítače a príslušenstvo > Herné príslušenstvo > Skrine > Bez ventilátora";"";"";"";"";"";"";"";"";"";"darkFlash DS950 Black";""
"082905";"";"Počítačová skriňa DarkFlash DS950 (biela)";"efedefc8-92c5-11f1-b0d5-bc2411833e01";"";"4711527008412";"";"";"TV, audio a video > Počítače a príslušenstvo > Herné príslušenstvo > Skrine > Bez ventilátora";"TV, audio a video > Počítače a príslušenstvo > Herné príslušenstvo > Skrine > Bez ventilátora";"";"";"";"";"";"";"";"";"";"darkFlash DS950 White";""
"083856";"";"Grownsy nosný aspirátor s 3 koncovkami (sivý)";"f05a4d76-92c5-11f1-997b-bc2411833e01";"";"5905156102552";"";"";"Domáce spotrebiče > Malé spotrebiče > Pre dieťa";"Domáce spotrebiče > Malé spotrebiče > Pre dieťa";"";"";"";"";"";"";"";"";"";"GROWNSY BC023 nosová odsávačka";""
"083869";"";"Dvojitá odsávačka mlieka Grownsy";"f0afe40c-92c5-11f1-a133-bc2411833e01";"";"5905156102644";"";"";"Zdravie a starostlivosť > Matka a dieťa > Odsávačky mlieka a masážne prístroje > Odsávačky mlieka";"Zdravie a starostlivosť > Matka a dieťa > Odsávačky mlieka a masážne prístroje > Odsávačky mlieka";"";"";"";"";"";"";"";"";"";"Grownsy Dvojitá";""
"083870";"";"Odsávačka mlieka Grownsy (ružová)";"f0bac50c-92c5-11f1-8d8f-bc2411833e01";"";"5905156102651";"";"";"Zdravie a starostlivosť > Matka a dieťa > Odsávačky mlieka a masážne prístroje > Odsávačky mlieka";"Zdravie a starostlivosť > Matka a dieťa > Odsávačky mlieka a masážne prístroje > Odsávačky mlieka";"";"";"";"";"";"";"";"";"";"Grownsy růžová";""
"083871";"";"Dvojitá odsávačka mlieka Grownsy (ružová)";"f0c5ab5c-92c5-11f1-b9ea-bc2411833e01";"";"5905156102668";"";"";"Zdravie a starostlivosť > Matka a dieťa > Odsávačky mlieka a masážne prístroje > Odsávačky mlieka";"Zdravie a starostlivosť > Matka a dieťa > Odsávačky mlieka a masážne prístroje > Odsávačky mlieka";"";"";"";"";"";"";"";"";"";"Grownsy Dvojitá růžová";""
"083574";"";"SONOFF MINI-ZBRBS-E Inteligentný roletový spínač ZigBee";"f15aa4a0-92c5-11f1-8cce-bc2411833e01";"";"6920075743449";"";"";"Bezpečnosť a smart domácnosť > Riadiace jednotky > Smart ovládače";"Bezpečnosť a smart domácnosť > Riadiace jednotky > Smart ovládače";"";"";"";"";"";"";"";"";"";"SONOFF MINI-ZBRBS-E, séria Fusion Orb-ZBRBS, Zigbee inteligentný nástenný spínač roliet/žalúzi - SONOFF-MINI-ZBRBS-E-2067";""
"083572";"";"Sonoff S60ZBTPF Inteligentná zásuvka ZigBee (4ks)";"f167bcc6-92c5-11f1-9c34-bc2411833e01";"";"6920075743906";"";"";"Bezpečnosť a smart domácnosť > Prvky výkonu > Smart zástrčky > Zásuvky";"Bezpečnosť a smart domácnosť > Prvky výkonu > Smart zástrčky > Zásuvky";"";"";"";"";"";"";"";"";"";"Sonoff S60ZBTPF";""
"083568";"";"Inteligentná zásuvka Sonoff S60TPF WiFi (4ks)";"f17da0d6-92c5-11f1-b360-bc2411833e01";"";"6920075743647";"";"";"Bezpečnosť a smart domácnosť > Prvky výkonu > Smart zástrčky > Zásuvky";"Bezpečnosť a smart domácnosť > Prvky výkonu > Smart zástrčky > Zásuvky";"";"";"";"";"";"";"";"";"";"Sonoff S60TPF";""
"083566";"";"Inteligentná zásuvka Sonoff S60TPF WiFi (2 balenia)";"f18a5ae2-92c5-11f1-9a60-bc2411833e01";"";"6920075743661";"";"";"Bezpečnosť a smart domácnosť > Prvky výkonu > Smart zástrčky > Zásuvky";"Bezpečnosť a smart domácnosť > Prvky výkonu > Smart zástrčky > Zásuvky";"";"";"";"";"";"";"";"";"";"Sonoff S60TPF";""
"083936";"";"Súprava na polievanie kvetín v črepníkoch RainPoint IK149";"f20b4242-92c5-11f1-a7d8-bc2411833e01";"";"5905156102743";"";"";"Záhrada > Zavlažovacie systémy";"Záhrada > Zavlažovacie systémy";"";"";"";"";"";"";"";"";"";"RainPoint IK149 set";""
"082912";"";"Počítačová skriňa DarkFlash C280 (čierna) + 7 ventilátorov";"f34dc422-92c5-11f1-b4b9-bc2411833e01";"";"4711527008078";"";"";"TV, audio a video > Počítače a príslušenstvo > Herné príslušenstvo > Skrine > S ventilátorom";"TV, audio a video > Počítače a príslušenstvo > Herné príslušenstvo > Skrine > S ventilátorom";"";"";"";"";"";"";"";"";"";"darkFlash C280 + 7 fans Black";""
"082914";"";"Počítačová skriňa DarkFlash C280 (biela) + 7 ventilátorov";"f364eaa8-92c5-11f1-b3ef-bc2411833e01";"";"4711527008085";"";"";"TV, audio a video > Počítače a príslušenstvo > Herné príslušenstvo > Skrine > S ventilátorom";"TV, audio a video > Počítače a príslušenstvo > Herné príslušenstvo > Skrine > S ventilátorom";"";"";"";"";"";"";"";"";"";"darkFlash C280 + 7 fans White";""
"082921";"";"Počítačová skriňa DarkFlash B275 PRO (čierna) + 6 ventilátorov";"f3b1a276-92c5-11f1-bb31-bc2411833e01";"";"4711527008344";"";"";"TV, audio a video > Počítače a príslušenstvo > Herné príslušenstvo > Skrine > S ventilátorom";"TV, audio a video > Počítače a príslušenstvo > Herné príslušenstvo > Skrine > S ventilátorom";"";"";"";"";"";"";"";"";"";"darkFlash B275 Pro Black";""
"084147";"";"Chladiaca taška do auta Hcalory D30+ s Bluetooth";"f430f4c2-92c5-11f1-bbfd-bc2411833e01";"";"5905156102897";"";"";"Domáce spotrebiče > Malé spotrebiče > Mini chladničky";"Domáce spotrebiče > Malé spotrebiče > Mini chladničky";"";"";"";"";"";"";"";"";"";"Hcalory APP D30+";""
"084148";"";"Chladiaca taška do auta Hcalory D40+ s Bluetooth";"f43b78ca-92c5-11f1-8607-bc2411833e01";"";"5905156102903";"";"";"Domáce spotrebiče > Malé spotrebiče > Mini chladničky";"Domáce spotrebiče > Malé spotrebiče > Mini chladničky";"";"";"";"";"";"";"";"";"";"Hcalory APP D40+";""
"084149";"";"Autoreflektor Hcalory D55M+ s Bluetooth";"f4474786-92c5-11f1-b8f0-bc2411833e01";"";"5905156102972";"";"";"Domáce spotrebiče > Malé spotrebiče > Mini chladničky";"Domáce spotrebiče > Malé spotrebiče > Mini chladničky";"";"";"";"";"";"";"";"";"";"Hcalory APP D55M+";""
"084196";"";"Nafukovacia podložka Flextail Tiny Sleeping Pad R03 AVS Regular (zelená)";"f477988c-92c5-11f1-ba15-bc2411833e01";"";"6975755966632";"";"";"Šport, hračky a voľný čas > Outdoor > Kempovanie";"Šport, hračky a voľný čas > Outdoor > Kempovanie";"";"";"";"";"";"";"";"";"";"Flextail Tiny";""
"084197";"";"Kapsula Flextail AVS (sivá)";"f485871c-92c5-11f1-b2f1-bc2411833e01";"";"6975755965840";"";"";"Šport, hračky a voľný čas > Outdoor > Kempovanie";"Šport, hračky a voľný čas > Outdoor > Kempovanie";"";"";"";"";"";"";"";"";"";"Flextail AVS Capsule";""
"084204";"";"Prenosná pumpa Flextail Max Pump 3 (biela)";"f4a5bbfe-92c5-11f1-a747-bc2411833e01";"";"6975755965079";"";"";"Šport, hračky a voľný čas > Outdoor > Kempovanie";"Šport, hračky a voľný čas > Outdoor > Kempovanie";"";"";"";"";"";"";"";"";"";"Flextail Max Pump 3-O ()";""
"084205";"";"Prenosná pumpa Flextail Max Pump 3 (čierna)";"f4b046a0-92c5-11f1-af63-bc2411833e01";"";"6975755965062";"";"";"Šport, hračky a voľný čas > Outdoor > Kempovanie";"Šport, hračky a voľný čas > Outdoor > Kempovanie";"";"";"";"";"";"";"";"";"";"Flextail Max Pump 3-O ()";""
"084206";"";"Prenosná pumpa Flextail Max Pump 3 (oranžová)";"f4bb0be4-92c5-11f1-aa4e-bc2411833e01";"";"6975755965086";"";"";"Šport, hračky a voľný čas > Outdoor > Kempovanie";"Šport, hračky a voľný čas > Outdoor > Kempovanie";"";"";"";"";"";"";"";"";"";"Flextail Max Pump 3-O ()";""
"084210";"";"Čerpadlo na balóny Flextail Evo (čierne)";"f4e2daf2-92c5-11f1-ba3b-bc2411833e01";"";"6975755966847";"";"";"Domáce spotrebiče > Malé spotrebiče > Ostatné domáce spotrebiče";"Domáce spotrebiče > Malé spotrebiče > Ostatné domáce spotrebiče";"";"";"";"";"";"";"";"";"";"Flextail Evo – na balónky (";""
"084295";"";"Magnetický filter Freewell NEO 2 MEGA KIT – balenie po 9 kusoch";"f6c030ae-92c5-11f1-8644-bc2411833e01";"";"4897143171942";"";"";"Dróny a RC modely > Príslušenstvo pre drony > Filtre pre drony";"Dróny a RC modely > Príslušenstvo pre drony > Filtre pre drony";"";"";"";"";"";"";"";"";"";"Freewell Neo 2 Magnetic Filters Mega Kit -9pack FW-NE2-MEGA";""
"084314";"";"Freewell Neutral Density ND1000 Filter pre OSMO NANO";"f6cc5c9e-92c5-11f1-997b-bc2411833e01";"";"4897143171720";"";"";"Dróny a RC modely > Príslušenstvo pre drony > Filtre pre drony";"Dróny a RC modely > Príslušenstvo pre drony > Filtre pre drony";"";"";"";"";"";"";"";"";"";"Freewell ND1000 FW-OSN-ND1000";""
"084308";"";"Freewell neutrálny filter ND32 pre OSMO 360";"f6e5b87e-92c5-11f1-abb8-bc2411833e01";"";"4897143171782";"";"";"Dróny a RC modely > Príslušenstvo pre drony > Filtre pre drony";"Dróny a RC modely > Príslušenstvo pre drony > Filtre pre drony";"";"";"";"";"";"";"";"";"";"Freewell Osmo 360 Neutral Density ND32 Filter FW-OS360-ND32";""
"084305";"";"Freewell Filtr Glow Mist 1/4 pre OSMO Action 6";"f6f07ad4-92c5-11f1-8250-bc2411833e01";"";"4897143171935";"";"";"Dróny a RC modely > Príslušenstvo pre drony > Filtre pre drony";"Dróny a RC modely > Príslušenstvo pre drony > Filtre pre drony";"";"";"";"";"";"";"";"";"";"Freewell Osmo Action 6 Glow Mist 1/4 Filter FW-OA6-GMIST1/4";""
"084316";"";"Filter Freewell na zníženie svetelného znečistenia pre OSMO NANO";"f6fb0c42-92c5-11f1-a0ef-bc2411833e01";"";"4897143171713";"";"";"Dróny a RC modely > Príslušenstvo pre drony > Filtre pre drony";"Dróny a RC modely > Príslušenstvo pre drony > Filtre pre drony";"";"";"";"";"";"";"";"";"";"Freewell LPR FW-OSN-LPR";""
"084313";"";"Freewell kruhový polarizačný filter CPL pre OSMO NANO";"f7059bf8-92c5-11f1-b3c4-bc2411833e01";"";"4897143171690";"";"";"Dróny a RC modely > Príslušenstvo pre drony > Filtre pre drony";"Dróny a RC modely > Príslušenstvo pre drony > Filtre pre drony";"";"";"";"";"";"";"";"";"";"Freewell Osmo Nano Circular Polarizer Filter FW-OSN-CPL";""
"084302";"";"Filter Freewell Filter64 na zníženie svetelného znečistenia pre OSMO Action 6";"f70fdaf0-92c5-11f1-8f9a-bc2411833e01";"";"4897143171904";"";"";"Dróny a RC modely > Príslušenstvo pre drony > Filtre pre drony";"Dróny a RC modely > Príslušenstvo pre drony > Filtre pre drony";"";"";"";"";"";"";"";"";"";"Freewell Osmo Action 6 Light Pollution Reduction Filter FW-OA6-LPR";""
"084299";"";"Sada filtrov Freewell pre OSMO Action 6 – Mega Kit – 12-dielne balenie";"f71b81f2-92c5-11f1-b84f-bc2411833e01";"";"4897143171768";"";"";"Dróny a RC modely > Príslušenstvo pre drony > Filtre pre drony";"Dróny a RC modely > Príslušenstvo pre drony > Filtre pre drony";"";"";"";"";"";"";"";"";"";"Freewell Osmo Action 5 Pro Filters - Standard Day 4Pack FW-OA6-MEGA";""
"084310";"";"Sada filtrov Freewell pre OSMO NANO – Mega Kit – 12 ks.";"f72ff43e-92c5-11f1-a2d5-bc2411833e01";"";"4897143171737";"";"";"Dróny a RC modely > Príslušenstvo pre drony > Filtre pre drony";"Dróny a RC modely > Príslušenstvo pre drony > Filtre pre drony";"";"";"";"";"";"";"";"";"";"Freewell Sada filtrov pre OSMO NANO Mega Kit 12 ks IN-FW-OSN-MEGA";""
"084307";"";"Freewell Neutral Density ND16 Filter pre OSMO 360";"f73a74d6-92c5-11f1-98c2-bc2411833e01";"";"4897143171614";"";"";"Dróny a RC modely > Príslušenstvo pre drony > Filtre pre drony";"Dróny a RC modely > Príslušenstvo pre drony > Filtre pre drony";"";"";"";"";"";"";"";"";"";"Freewell Osmo 360 Neutral Density ND16 Filter FW-OS360-ND16";""
"084304";"";"Freewell ND1000 Filter pre OSMO Action 6";"f7464ff4-92c5-11f1-b278-bc2411833e01";"";"4897143171911";"";"";"Dróny a RC modely > Príslušenstvo pre drony > Filtre pre drony";"Dróny a RC modely > Príslušenstvo pre drony > Filtre pre drony";"";"";"";"";"";"";"";"";"";"Freewell Osmo Action 6 ND1000 Filter FW-OA6-ND1000";""
"084301";"";"Sada filtrov Freewell pre OSMO Action 6 „Bright Day“ – 4 ks.";"f751c9c4-92c5-11f1-b87d-bc2411833e01";"";"4897143171898";"";"";"Dróny a RC modely > Príslušenstvo pre drony > Filtre pre drony";"Dróny a RC modely > Príslušenstvo pre drony > Filtre pre drony";"";"";"";"";"";"";"";"";"";"Freewell Osmo Action 6 Filters - Bright Day- 4Pack FW-OA6-BRG";""
"084306";"";"Sada filtrov Freewell ND pre OSMO 360 – balenie po 3 kusoch";"f75e384e-92c5-11f1-a79c-bc2411833e01";"";"4897143171959";"";"";"Dróny a RC modely > Príslušenstvo pre drony > Filtre pre drony";"Dróny a RC modely > Príslušenstvo pre drony > Filtre pre drony";"";"";"";"";"";"";"";"";"";"Freewell Sada filtrov ND pre OSMO 360 3 ks IN-FW-OS360-PRO";""
"084303";"";"Polarizačný filter Freewell CPL pre OSMO Action 6";"f768acfc-92c5-11f1-9200-bc2411833e01";"";"4897143171928";"";"";"Dróny a RC modely > Príslušenstvo pre drony > Filtre pre drony";"Dróny a RC modely > Príslušenstvo pre drony > Filtre pre drony";"";"";"";"";"";"";"";"";"";"Freewell Osmo Action 6 CPL Filter FW-OA6-CPL";""
"084300";"";"Sada filtrov Freewell pre OSMO Action 6 „Standard Day“ – 4 ks.";"f772cb60-92c5-11f1-a0cd-bc2411833e01";"";"4897143171775";"";"";"Dróny a RC modely > Príslušenstvo pre drony > Filtre pre drony";"Dróny a RC modely > Príslušenstvo pre drony > Filtre pre drony";"";"";"";"";"";"";"";"";"";"Freewell Osmo Action 6 Filters - Standard Day- 4Pack FW-OA6-STD";""
"084291";"";"UV filter Freewell pre OSMO NANO";"f7888bc6-92c5-11f1-8b5f-bc2411833e01";"";"4897143171706";"";"";"Dróny a RC modely > Príslušenstvo pre drony > Filtre pre drony";"Dróny a RC modely > Príslušenstvo pre drony > Filtre pre drony";"";"";"";"";"";"";"";"";"";"Freewell Osmo Nano Filters Standard Day 4 ks FW-OSN-STD";""
"084315";"";"Filter Freewell Black Glow Mist pre OSMO NANO";"f792f58e-92c5-11f1-8180-bc2411833e01";"";"4897143171683";"";"";"Dróny a RC modely > Príslušenstvo pre drony > Filtre pre drony";"Dróny a RC modely > Príslušenstvo pre drony > Filtre pre drony";"";"";"";"";"";"";"";"";"";"Freewell Osmo Nano Black Glow Mist Filter FW-OSN-GMIST1/4";""
"084312";"";"Sada filtrov Freewell pre OSMO NANO „Bright Day“ – 4 ks.";"f79d3d46-92c5-11f1-bc08-bc2411833e01";"";"4897143171676";"";"";"Dróny a RC modely > Príslušenstvo pre drony > Filtre pre drony";"Dróny a RC modely > Príslušenstvo pre drony > Filtre pre drony";"";"";"";"";"";"";"";"";"";"Freewell FW-OSN-BRG";""
"084309";"";"Freewell Neutral Density ND64 Filter pre OSMO 360";"f7a76d70-92c5-11f1-9b76-bc2411833e01";"";"4897143171799";"";"";"Dróny a RC modely > Príslušenstvo pre drony > Filtre pre drony";"Dróny a RC modely > Príslušenstvo pre drony > Filtre pre drony";"";"";"";"";"";"";"";"";"";"Freewell Osmo 360 Neutral Density ND64 Filter FW-OS360-ND64";""
"084437";"";"FNIRSI HS-02B F 100 W inteligentná spájkovačka";"f849fd92-92c5-11f1-b72f-bc2411833e01";"";"5905156102279";"";"";"Náradie a dielňa > Spájkovačky";"Náradie a dielňa > Spájkovačky";"";"";"";"";"";"";"";"";"";"Fnirsi HS-02B";""
"084438";"";"FNIRSI HS-02B 100 W inteligentná spájkovačka";"f854d7e4-92c5-11f1-8ce2-bc2411833e01";"";"5905156102286";"";"";"Náradie a dielňa > Spájkovačky";"Náradie a dielňa > Spájkovačky";"";"";"";"";"";"";"";"";"";"Fnirsi HS-02B";""
"084443";"";"100 W inteligentná spájkovačka s náradím FNIRSI HS-02A MAX";"f88a938e-92c5-11f1-8c35-bc2411833e01";"";"5905156102484";"";"";"Náradie a dielňa > Spájkovačky";"Náradie a dielňa > Spájkovačky";"";"";"";"";"";"";"";"";"";"Fnirsi HS-02A";""
"084444";"";"100 W inteligentná spájkovačka s náradím FNIRSI HS-02B MAX";"f8957754-92c5-11f1-aeca-bc2411833e01";"";"5905156102491";"";"";"Náradie a dielňa > Spájkovačky";"Náradie a dielňa > Spájkovačky";"";"";"";"";"";"";"";"";"";"Fnirsi HS-02B";""
"084452";"";"Merač vlhkosti dreva FNIRSI WHD-02 s hrotmi";"f8ef0efe-92c5-11f1-90bf-bc2411833e01";"";"5905156102392";"";"";"Náradie a dielňa > Meracie nástroje";"Náradie a dielňa > Meracie nástroje";"";"";"";"";"";"";"";"";"";"Fnirsi WHD-02";""
"084454";"";"Detektor jadrového žiarenia FNIRSI GC-02";"f903f51c-92c5-11f1-b49d-bc2411833e01";"";"5905156102415";"";"";"Náradie a dielňa > Meracie nástroje";"Náradie a dielňa > Meracie nástroje";"";"";"";"";"";"";"";"";"";"Fnirsi Geigerov čítač GC-02";""
"084456";"";"FNIRSI DPOX180H 2-v-1 ručný digitálny fosforový osciloskop";"f9181b14-92c5-11f1-8669-bc2411833e01";"";"5905156102446";"";"";"Auto-moto > Diagnostické nástroje";"Auto-moto > Diagnostické nástroje";"";"";"";"";"";"";"";"";"";"Fnirsi DPOX180H";""
"083982";"";"Flytec V803 5200mAh loď na návnadu";"f94f5796-92c5-11f1-968a-bc2411833e01";"";"5905156102101";"";"";"Šport, hračky a voľný čas > Outdoor > Rybárčenie > Návnada lode";"Šport, hračky a voľný čas > Outdoor > Rybárčenie > Návnada lode";"";"";"";"";"";"";"";"";"";"Flytec V803 zavážecí návnadová loďka 5200 mAh";""
"083983";"";"Flytec V803 12000mAh loď na návnadu";"f95a51f0-92c5-11f1-96ce-bc2411833e01";"";"5905156102118";"";"";"Šport, hračky a voľný čas > Outdoor > Rybárčenie > Návnada lode";"Šport, hračky a voľný čas > Outdoor > Rybárčenie > Návnada lode";"";"";"";"";"";"";"";"";"";"Flytec V803 RC zavážecí loďka 12000mAh";""
"083984";"";"Flytec V803-GPS 5200mAh loď na návnadu";"f9655672-92c5-11f1-ac9b-bc2411833e01";"";"5905156102125";"";"";"Šport, hračky a voľný čas > Outdoor > Rybárčenie > Návnada lode";"Šport, hračky a voľný čas > Outdoor > Rybárčenie > Návnada lode";"";"";"";"";"";"";"";"";"";"Flytec V803 GPS návnadová loď 12000 mAh";""
"083985";"";"Flytec V803-GPS 12000mAh loď na návnadu";"f9700504-92c5-11f1-83b6-bc2411833e01";"";"5905156102132";"";"";"Šport, hračky a voľný čas > Outdoor > Rybárčenie > Návnada lode";"Šport, hračky a voľný čas > Outdoor > Rybárčenie > Návnada lode";"";"";"";"";"";"";"";"";"";"Flytec V803 GPS návnadová loď 12000 mAh";""
"083986";"";"Flytec V803-Pro 5200mAh loď na návnadu";"f97c0b4c-92c5-11f1-91d2-bc2411833e01";"";"5905156102149";"";"";"Šport, hračky a voľný čas > Outdoor > Rybárčenie > Návnada lode";"Šport, hračky a voľný čas > Outdoor > Rybárčenie > Návnada lode";"";"";"";"";"";"";"";"";"";"Flytec V803-Pro 5200mAh návnadová loď";""
"083987";"";"Flytec V803-Pro 12000mAh loď na návnadu";"f986e65c-92c5-11f1-91d6-bc2411833e01";"";"5905156102156";"";"";"Šport, hračky a voľný čas > Outdoor > Rybárčenie > Návnada lode";"Šport, hračky a voľný čas > Outdoor > Rybárčenie > Návnada lode";"";"";"";"";"";"";"";"";"";"Flytec V803 GPS návnadová loď 12000 mAh";""
"084507";"";"Nabíjačka SkyRC D750 MIX";"f991fc40-92c5-11f1-b9d4-bc2411833e01";"";"6930460008725";"";"";"Dróny a RC modely > Načítanie > Nabíjačky";"Dróny a RC modely > Načítanie > Nabíjačky";"";"";"";"";"";"";"";"";"";"SKY RC D750 MIX nabíječ 1600W";""
"084508";"";"Inteligentná nabíjačka SkyRC S100neo AC/DC";"f99cb6d0-92c5-11f1-ba29-bc2411833e01";"";"6930460008367";"";"";"Dróny a RC modely > Načítanie > Nabíjačky";"Dróny a RC modely > Načítanie > Nabíjačky";"";"";"";"";"";"";"";"";"";"SKY RC S100neo nabíjač";""
"084521";"";"Inteligentná zásuvka Avatto OT60-FR";"f9d22ef0-92c5-11f1-aa39-bc2411833e01";"";"6976037363224";"";"";"Bezpečnosť a smart domácnosť > Prvky výkonu > Smart zástrčky > Zásuvky";"Bezpečnosť a smart domácnosť > Prvky výkonu > Smart zástrčky > Zásuvky";"";"";"";"";"";"";"";"";"";"Avatto OT60-FR";""
"084520";"";"Inteligentná zásuvka Avatto WOT20-FR";"f9dd8854-92c5-11f1-bbe3-bc2411833e01";"";"6976037363262";"";"";"Bezpečnosť a smart domácnosť > Prvky výkonu > Smart zástrčky > Zásuvky";"Bezpečnosť a smart domácnosť > Prvky výkonu > Smart zástrčky > Zásuvky";"";"";"";"";"";"";"";"";"";"Avatto WOT20-FR";""
"084516";"";"Nabíjačka lítiových batérií SkyRC Type35 2–4S";"f9e8b17a-92c5-11f1-8141-bc2411833e01";"";"6930460008824";"";"";"Dróny a RC modely > Načítanie > Nabíjačky";"Dróny a RC modely > Načítanie > Nabíjačky";"";"";"";"";"";"";"";"";"";"SKY RC Type35 2-4S nabíječ 35W";""
"084513";"";"Nabíjačka SkyRC e3S 2S/3S";"f9f374de-92c5-11f1-b7b8-bc2411833e01";"";"6930460008558";"";"";"Dróny a RC modely > Načítanie > Nabíjačky";"Dróny a RC modely > Načítanie > Nabíjačky";"";"";"";"";"";"";"";"";"";"SkyRC Nabíječka e3S 2S/3S";""
"084514";"";"Dvojkanálová nabíjačka lítiových batérií SkyRC PC1080neo";"f9ff7248-92c5-11f1-8582-bc2411833e01";"";"6930460008626";"";"";"Dróny a RC modely > Načítanie > Nabíjačky";"Dróny a RC modely > Načítanie > Nabíjačky";"";"";"";"";"";"";"";"";"";"SkyRC Dvoukanálová lithiová nabíječka PC1080neo";""
"084511";"";"Inteligentná nabíjačka SkyRC B6neo+";"fa0a1ef0-92c5-11f1-95ab-bc2411833e01";"";"6930460008527";"";"";"Dróny a RC modely > Načítanie > Nabíjačky";"Dróny a RC modely > Načítanie > Nabíjačky";"";"";"";"";"";"";"";"";"";"SkyRC B6neo+ inteligentní nabíječka";""
"084515";"";"SkyRC Q100neo AC/DC multifunkčná inteligentná nabíjačka";"fa14ff96-92c5-11f1-8d5d-bc2411833e01";"";"6930460009029";"";"";"Dróny a RC modely > Načítanie > Nabíjačky";"Dróny a RC modely > Načítanie > Nabíjačky";"";"";"";"";"";"";"";"";"";"SKY RC Q100neo nabíjač 4x60W";""
"082529";"";"LaserPecker LX2 40W laserový gravír";"fa2d46c8-92c5-11f1-9234-bc2411833e01";"";"6974109084398";"";"";"Kreatívne technológie > Laserové gravírovacie a rezacie stroje > Zariadenie";"Kreatívne technológie > Laserové gravírovacie a rezacie stroje > Zariadenie";"";"";"";"";"";"";"";"";"";"LaserPecker LX2 40 W";""
"084658";"";"Pamäťová karta Lexar microSDXC, 128 GB (SD3.0)";"fc4bd9ba-92c5-11f1-bc75-bc2411833e01";"";"843367139873";"";"";"TV, audio a video > Mobily a tablety > Pamäťové karty";"TV, audio a video > Mobily a tablety > Pamäťové karty";"";"";"";"";"";"";"";"";"";"Lexar microSDXC Blue Plus 128 GB LMSBLPL128G-BNANG";""
"084659";"";"Pamäťová karta Lexar microSDXC, 256 GB (SD3.0)";"fc569d32-92c5-11f1-9660-bc2411833e01";"";"843367139118";"";"";"TV, audio a video > Mobily a tablety > Pamäťové karty";"TV, audio a video > Mobily a tablety > Pamäťové karty";"";"";"";"";"";"";"";"";"";"Lexar 256GB Blue Plus microSDHC LMSBLPL256G-BNANG";""
"084625";"";"Rotoped DeerRun S500 Pro (čierny)";"fcadb41e-92c5-11f1-9254-bc2411833e01";"";"5905156103122";"";"";"Šport, hračky a voľný čas > Stacionárne Bicykle";"Šport, hračky a voľný čas > Stacionárne Bicykle";"";"";"";"";"";"";"";"";"";"DeerRun S500 Pro";""
"083359";"";"PLA drevené vlákno (indický dub)";"fd3c4134-92c5-11f1-8cc8-bc2411833e01";"";"6932704920312";"";"";"Kreatívne technológie > 3D tlač > Vlákna";"Kreatívne technológie > 3D tlač > Vlákna";"";"";"";"";"";"";"";"";"";"Elegoo PLA Teak Wood 1,75 mm 1000 g";""
"084697";"";"Prenosná fototlačiareň Liene Pearl 2x3"" (biela)";"fd61ed8a-92c5-11f1-9bb4-bc2411833e01";"";"6971398601343";"";"";"Náradie a dielňa > Kancelária a škola > Fototlačiarne";"Náradie a dielňa > Kancelária a škola > Fototlačiarne";"";"";"";"";"";"";"";"";"";"Xiaomi Mi Portable Photo Printer";""
"084699";"";"Prenosná fototlačiareň Liene Pearl 2x3"" (biela)";"fd77711e-92c5-11f1-a176-bc2411833e01";"";"6971398601534";"";"";"Náradie a dielňa > Kancelária a škola > Fototlačiarne";"Náradie a dielňa > Kancelária a škola > Fototlačiarne";"";"";"";"";"";"";"";"";"";"Xiaomi Mi Portable Photo Printer";""
"084701";"";"Prenosná fototlačiareň Liene Pearl 2x3"" (ružová)";"fd8ca39a-92c5-11f1-9a6e-bc2411833e01";"";"6971398601541";"";"";"Náradie a dielňa > Kancelária a škola > Fototlačiarne";"Náradie a dielňa > Kancelária a škola > Fototlačiarne";"";"";"";"";"";"";"";"";"";"LIENE Pearl KW001-65023";""
"084703";"";"Prenosná fototlačiareň Liene Amber M200 4x6""";"fda1b640-92c5-11f1-852a-bc2411833e01";"";"6971398600827";"";"";"Náradie a dielňa > Kancelária a škola > Fototlačiarne";"Náradie a dielňa > Kancelária a škola > Fototlačiarne";"";"";"";"";"";"";"";"";"";"Xiaomi Mi Portable Photo Printer";""
"084788";"";"Uni-T UT12E-EU Bezkontaktný tester napätia";"fdfa7c12-92c5-11f1-8f0d-bc2411833e01";"";"6935750512418";"";"";"Náradie a dielňa > Meracie nástroje";"Náradie a dielňa > Meracie nástroje";"";"";"";"";"";"";"";"";"";"UNI-T UT12E-EU PRO Line";""
"084809";"";"Uni-T UT12M-EU bezkontaktný tester napätia";"fe054e76-92c5-11f1-b684-bc2411833e01";"";"6935750512487";"";"";"Náradie a dielňa > Meracie nástroje";"Náradie a dielňa > Meracie nástroje";"";"";"";"";"";"";"";"";"";"UNI-T UT12M-EU PRO Line";""
"084773";"";"Okuliare RayNeo Air 4 Pro AR";"fe1badc4-92c5-11f1-9738-bc2411833e01";"";"6976972040778";"";"";"TV, audio a video > Počítače a príslušenstvo > Herné príslušenstvo > Okuliare pre rozšírenú realitu";"TV, audio a video > Počítače a príslušenstvo > Herné príslušenstvo > Okuliare pre rozšírenú realitu";"";"";"";"";"";"";"";"";"";"RayNeo Air 4 Pro AR";""
"082010";"";"ANLAN 05-ACFJ41-0VE Sušič vlasov";"ff335d06-92c5-11f1-b5b7-bc2411833e01";"";"6977254872650";"";"";"Zdravie a starostlivosť > Starostlivosť o vlasy > Fény";"Zdravie a starostlivosť > Starostlivosť o vlasy > Fény";"";"";"";"";"";"";"";"";"";"ANLAN 05-ACFJ41-0VE";""
"084832";"";"Tester napätia a spojitosti Uni-T UT15B";"017d2060-92c6-11f1-a15c-bc2411833e01";"";"6935750515020";"";"";"Náradie a dielňa > Meracie nástroje";"Náradie a dielňa > Meracie nástroje";"";"";"";"";"";"";"";"";"";"UNI-T UT15B";""
"084835";"";"Tester napätia a spojitosti Uni-T UT18D";"01a08690-92c6-11f1-9d4e-bc2411833e01";"";"6935750518045";"";"";"Náradie a dielňa > Meracie nástroje";"Náradie a dielňa > Meracie nástroje";"";"";"";"";"";"";"";"";"";"UNI-T UT18D";""
"084836";"";"Digitálny multimeter Uni-T True RMS UT15B MAX";"01aae6b2-92c6-11f1-bd97-bc2411833e01";"";"6935750515259";"";"";"Náradie a dielňa > Meracie nástroje";"Náradie a dielňa > Meracie nástroje";"";"";"";"";"";"";"";"";"";"UNI-T UT15B MAX";""
"084837";"";"Digitálny multimeter Uni-T True RMS UT17B MAX";"01b54f58-92c6-11f1-b8bc-bc2411833e01";"";"6935750517192";"";"";"Náradie a dielňa > Meracie nástroje";"Náradie a dielňa > Meracie nástroje";"";"";"";"";"";"";"";"";"";"UNI-T UT17B MAX";""
"084838";"";"Digitálny multimeter Uni-T True RMS UT18B MAX";"01bf8d1a-92c6-11f1-afd6-bc2411833e01";"";"6935750518090";"";"";"Náradie a dielňa > Meracie nástroje";"Náradie a dielňa > Meracie nástroje";"";"";"";"";"";"";"";"";"";"UNI-T UT18B MAX";""
"084841";"";"Uni-T UT120C vreckový digitálny multimeter";"01c9f7a0-92c6-11f1-999f-bc2411833e01";"";"6935750512531";"";"";"Náradie a dielňa > Meracie nástroje";"Náradie a dielňa > Meracie nástroje";"";"";"";"";"";"";"";"";"";"UNI-T UT125C";""
"084843";"";"Digitálny multimeter Uni-T UT117C";"01e2951c-92c6-11f1-865e-bc2411833e01";"";"6935750511718";"";"";"Náradie a dielňa > Meracie nástroje";"Náradie a dielňa > Meracie nástroje";"";"";"";"";"";"";"";"";"";"UNI-T UT117C";""
"084844";"";"Uni-T UT118C digitálny multimeter v tvare pera";"01ef8178-92c6-11f1-b6e5-bc2411833e01";"";"6935750511831";"";"";"Náradie a dielňa > Meracie nástroje";"Náradie a dielňa > Meracie nástroje";"";"";"";"";"";"";"";"";"";"UNI-T UT118C";""
"084887";"";"Uni-T UT133A ručný digitálny multimeter";"0228dce8-92c6-11f1-9b65-bc2411833e01";"";"6935750513316";"";"";"Náradie a dielňa > Meracie nástroje";"Náradie a dielňa > Meracie nástroje";"";"";"";"";"";"";"";"";"";"UNI-T UT133A";""
"084888";"";"Uni-T UT133B ručný digitálny multimeter";"0238515a-92c6-11f1-bb22-bc2411833e01";"";"6935750513323";"";"";"Náradie a dielňa > Meracie nástroje";"Náradie a dielňa > Meracie nástroje";"";"";"";"";"";"";"";"";"";"UNI-T UT133B";""
"084889";"";"Digitálny multimeter Uni-T UT139A s meraním skutočnej efektívnej hodnoty";"02429c46-92c6-11f1-a2b9-bc2411833e01";"";"6935750511398";"";"";"Náradie a dielňa > Meracie nástroje";"Náradie a dielňa > Meracie nástroje";"";"";"";"";"";"";"";"";"";"UNI-T UT139A";""
"084890";"";"Digitálny multimeter Uni-T UT139B s meraním skutočnej efektívnej hodnoty";"024e7c3c-92c6-11f1-9ce1-bc2411833e01";"";"6935750521397";"";"";"Náradie a dielňa > Meracie nástroje";"Náradie a dielňa > Meracie nástroje";"";"";"";"";"";"";"";"";"";"UNI-T UT139B";""
"084893";"";"Digitálny multimeter Uni-T UT161B";"0263824e-92c6-11f1-9b7f-bc2411833e01";"";"6935750516157";"";"";"Náradie a dielňa > Meracie nástroje";"Náradie a dielňa > Meracie nástroje";"";"";"";"";"";"";"";"";"";"UNI-T UT161B";""
"084895";"";"Digitálny multimeter Uni-T UT161E";"0278642a-92c6-11f1-b91a-bc2411833e01";"";"6935750516171";"";"";"Náradie a dielňa > Meracie nástroje";"Náradie a dielňa > Meracie nástroje";"";"";"";"";"";"";"";"";"";"UNI-T UT161E";""
"084901";"";"Uni-T UT201R digitálny klešťový multimeter";"0282f1ba-92c6-11f1-ba12-bc2411833e01";"";"6935750520185";"";"";"Náradie a dielňa > Meracie nástroje";"Náradie a dielňa > Meracie nástroje";"";"";"";"";"";"";"";"";"";"UNI-T UT201R";""
"084902";"";"Digitálny klešťový merač Uni-T UT202R";"028d7bf8-92c6-11f1-9657-bc2411833e01";"";"6935750520291";"";"";"Náradie a dielňa > Meracie nástroje";"Náradie a dielňa > Meracie nástroje";"";"";"";"";"";"";"";"";"";"UNI-T UT202R";""
"084903";"";"Uni-T UT201F digitálny klešťový multimeter";"0297dc42-92c6-11f1-a833-bc2411833e01";"";"6935750502020";"";"";"Náradie a dielňa > Meracie nástroje";"Náradie a dielňa > Meracie nástroje";"";"";"";"";"";"";"";"";"";"UNI-T UT202F";""
"084904";"";"Digitálny klešťový multimeter Uni-T UT203R";"02a26a04-92c6-11f1-a5a6-bc2411833e01";"";"6935750520390";"";"";"Náradie a dielňa > Meracie nástroje";"Náradie a dielňa > Meracie nástroje";"";"";"";"";"";"";"";"";"";"UNI-T UT203R";""
"084906";"";"Uni-T UT202BT Inteligentný svorkový multimeter";"02b88938-92c6-11f1-8ad4-bc2411833e01";"";"6935750521243";"";"";"Náradie a dielňa > Meracie nástroje";"Náradie a dielňa > Meracie nástroje";"";"";"";"";"";"";"";"";"";"UNI-T UT202BT";""
"084907";"";"Digitálny klešťový multimeter Uni-T UT200R";"02c2d122-92c6-11f1-929a-bc2411833e01";"";"6935750520086";"";"";"Náradie a dielňa > Meracie nástroje";"Náradie a dielňa > Meracie nástroje";"";"";"";"";"";"";"";"";"";"UNI-T UT200A";""
"084908";"";"Uni-T UT205E digitálny klešťový multimeter";"02ccd9d8-92c6-11f1-8a21-bc2411833e01";"";"6935750520536";"";"";"Náradie a dielňa > Meracie nástroje";"Náradie a dielňa > Meracie nástroje";"";"";"";"";"";"";"";"";"";"UNI-T UT205E";""
"084909";"";"Uni-T UT206B digitálny klešťový multimeter";"02d72d8e-92c6-11f1-889e-bc2411833e01";"";"6935750520635";"";"";"Náradie a dielňa > Meracie nástroje";"Náradie a dielňa > Meracie nástroje";"";"";"";"";"";"";"";"";"";"UNI-T UT206B";""
"084910";"";"Uni-T UT207B digitálny klešťový multimeter";"02e16e7a-92c6-11f1-837d-bc2411833e01";"";"6935750562079";"";"";"Náradie a dielňa > Meracie nástroje";"Náradie a dielňa > Meracie nástroje";"";"";"";"";"";"";"";"";"";"UNI-T UT207B";""
"084911";"";"Uni-T UT208B digitálny klešťový multimeter";"02ec0056-92c6-11f1-a724-bc2411833e01";"";"6935750542088";"";"";"Náradie a dielňa > Meracie nástroje";"Náradie a dielňa > Meracie nástroje";"";"";"";"";"";"";"";"";"";"UNI-T UT208B";""
"084912";"";"Uni-T UT210A Mini digitálny klešťový multimeter";"02f6773e-92c6-11f1-8505-bc2411833e01";"";"6935750512104";"";"";"Náradie a dielňa > Meracie nástroje";"Náradie a dielňa > Meracie nástroje";"";"";"";"";"";"";"";"";"";"UNI-T UT210A";""
"084913";"";"Uni-T UT210B Mini digitálny klešťový multimeter";"03015398-92c6-11f1-b84f-bc2411833e01";"";"6935750521021";"";"";"Náradie a dielňa > Meracie nástroje";"Náradie a dielňa > Meracie nástroje";"";"";"";"";"";"";"";"";"";"UNI-T UT210B";""
"084914";"";"Uni-T UT210C Mini digitálny klešťový multimeter";"030c5aa4-92c6-11f1-b6a6-bc2411833e01";"";"6935750521038";"";"";"Náradie a dielňa > Meracie nástroje";"Náradie a dielňa > Meracie nástroje";"";"";"";"";"";"";"";"";"";"UNI-T UT210C";""
"084916";"";"Uni-T UT210E Mini digitálny klešťový multimeter";"03243cb4-92c6-11f1-9e21-bc2411833e01";"";"6935750521052";"";"";"Náradie a dielňa > Meracie nástroje";"Náradie a dielňa > Meracie nástroje";"";"";"";"";"";"";"";"";"";"UNI-T UT210E";""
"084917";"";"Presný klešťový multimeter Uni-T 60A UT211B";"032f6a94-92c6-11f1-9aed-bc2411833e01";"";"6935750522110";"";"";"Náradie a dielňa > Meracie nástroje";"Náradie a dielňa > Meracie nástroje";"";"";"";"";"";"";"";"";"";"UNI-T UT211B";""
"084918";"";"Digitálny klešťový multimeter Uni-T 400A 2. generácie UT213A";"033a72a4-92c6-11f1-aa24-bc2411833e01";"";"6935750521311";"";"";"Náradie a dielňa > Meracie nástroje";"Náradie a dielňa > Meracie nástroje";"";"";"";"";"";"";"";"";"";"UNI-T UT213A";""
"084919";"";"Digitálny klešťový multimeter Uni-T 400A 3. generácie UT213B";"03456e5c-92c6-11f1-aba0-bc2411833e01";"";"6935750521328";"";"";"Náradie a dielňa > Meracie nástroje";"Náradie a dielňa > Meracie nástroje";"";"";"";"";"";"";"";"";"";"UNI-T UT213B";""
"084920";"";"Uni-T 400A – digitálny klešťový multimeter 4. generácie UT213C";"0350a25e-92c6-11f1-b203-bc2411833e01";"";"6935750521335";"";"";"Náradie a dielňa > Meracie nástroje";"Náradie a dielňa > Meracie nástroje";"";"";"";"";"";"";"";"";"";"UNI-T UT213C";""
"084921";"";"Uni-T UT216A digitálny klešťový multimeter";"035b59f6-92c6-11f1-9372-bc2411833e01";"";"6935750512166";"";"";"Náradie a dielňa > Meracie nástroje";"Náradie a dielňa > Meracie nástroje";"";"";"";"";"";"";"";"";"";"UNI-T UT216A";""
"084922";"";"Digitálny merací prístroj Uni-T UT220";"0365db10-92c6-11f1-b71c-bc2411833e01";"";"6935750522080";"";"";"Náradie a dielňa > Meracie nástroje";"Náradie a dielňa > Meracie nástroje";"";"";"";"";"";"";"";"";"";"UNI-T UT220";""
"084923";"";"Digitálny merací prístroj Uni-T UT221";"03709b22-92c6-11f1-80e5-bc2411833e01";"";"6935750502211";"";"";"Náradie a dielňa > Meracie nástroje";"Náradie a dielňa > Meracie nástroje";"";"";"";"";"";"";"";"";"";"UNI-T UT221";""
"084927";"";"Uni-T UT261B – tester fáz a smeru otáčania motora";"039e0db4-92c6-11f1-8712-bc2411833e01";"";"6935750526125";"";"";"Auto-moto > Diagnostické nástroje";"Auto-moto > Diagnostické nástroje";"";"";"";"";"";"";"";"";"";"UNI-T UT261B";""
"084928";"";"Infračervený teplomer Uni-T UT300S";"03a967a4-92c6-11f1-a3e7-bc2411833e01";"";"6935750530085";"";"";"Auto-moto > Diagnostické nástroje";"Auto-moto > Diagnostické nástroje";"";"";"";"";"";"";"";"";"";"UNI-T UT300S";""
"084938";"";"Recenzia zariadenia Uni-T RCD UT582+";"04020224-92c6-11f1-a02d-bc2411833e01";"";"6935750558218";"";"";"Náradie a dielňa > Meracie nástroje";"Náradie a dielňa > Meracie nástroje";"";"";"";"";"";"";"";"";"";"Uni-T UT582";""
"084949";"";"Senzor Uni-T Flex Clamp UT-CS09D";"0421c398-92c6-11f1-9c29-bc2411833e01";"";"6935750509166";"";"";"Náradie a dielňa > Meracie nástroje";"Náradie a dielňa > Meracie nástroje";"";"";"";"";"";"";"";"";"";"UNI-T UT-CS09D";""
"084951";"";"Kalibrátor procesov Uni-T UT701";"0437cda0-92c6-11f1-8a41-bc2411833e01";"";"6935750570173";"";"";"Náradie a dielňa > Meracie nástroje";"Náradie a dielňa > Meracie nástroje";"";"";"";"";"";"";"";"";"";"UNI-T UT701";""
"084955";"";"Tester batérií Uni-T UT675A";"0463ff06-92c6-11f1-8fd8-bc2411833e01";"";"6935750567500";"";"";"Náradie a dielňa > Meracie nástroje";"Náradie a dielňa > Meracie nástroje";"";"";"";"";"";"";"";"";"";"UNI-T UT675A";""
"084967";"";"Testovanie zariadenia USB Uni-T UT658LOAD";"04daeec2-92c6-11f1-9083-bc2411833e01";"";"6935750565100";"";"";"Náradie a dielňa > Meracie nástroje";"Náradie a dielňa > Meracie nástroje";"";"";"";"";"";"";"";"";"";"Uni-T UT658";""
"084971";"";"Digitálny mikroohmmer Uni-T UT620C+";"05066fc0-92c6-11f1-a2ad-bc2411833e01";"";"6935750562017";"";"";"Náradie a dielňa > Meracie nástroje";"Náradie a dielňa > Meracie nástroje";"";"";"";"";"";"";"";"";"";"UNI-T UT620C+";""
"084972";"";"Merač LCR Uni-T UT612";"051135ea-92c6-11f1-9227-bc2411833e01";"";"6935750561201";"";"";"Náradie a dielňa > Meracie nástroje";"Náradie a dielňa > Meracie nástroje";"";"";"";"";"";"";"";"";"";"UNI-T UT612 RLC USB";""
"084979";"";"Merač izolačného odporu pri vysokom napätí Uni-T UT512D";"053b9fba-92c6-11f1-aa5d-bc2411833e01";"";"6935750551257";"";"";"Náradie a dielňa > Meracie nástroje";"Náradie a dielňa > Meracie nástroje";"";"";"";"";"";"";"";"";"";"UNI-T UT512D";""
"084982";"";"Merač izolačného odporu pri vysokom napätí Uni-T UT512";"054779c0-92c6-11f1-8fe2-bc2411833e01";"";"6935750551202";"";"";"Náradie a dielňa > Meracie nástroje";"Náradie a dielňa > Meracie nástroje";"";"";"";"";"";"";"";"";"";"UNI-T UT512";""
"084983";"";"Merač izolačného odporu pri vysokom napätí Uni-T UT511";"0551c77c-92c6-11f1-8fe2-bc2411833e01";"";"6935750551103";"";"";"Náradie a dielňa > Meracie nástroje";"Náradie a dielňa > Meracie nástroje";"";"";"";"";"";"";"";"";"";"UNI-T UT511 1kV";""
"084990";"";"Uni-TUT372D 2-v-1 rýchlomer";"07c99174-92c6-11f1-8513-bc2411833e01";"";"6935750537213";"";"";"Náradie a dielňa > Meracie nástroje";"Náradie a dielňa > Meracie nástroje";"";"";"";"";"";"";"";"";"";"UNI-T UT372D";""
"084991";"";"Bezkontaktný otáčkomer Uni-T UT372";"07d3c6e4-92c6-11f1-bd7d-bc2411833e01";"";"6935750537206";"";"";"Náradie a dielňa > Meracie nástroje";"Náradie a dielňa > Meracie nástroje";"";"";"";"";"";"";"";"";"";"UNI-T UT372";""
"084995";"";"Uni-T UT362H Anemometer";"08028862-92c6-11f1-8c3f-bc2411833e01";"";"6935750536230";"";"";"Náradie a dielňa > Meracie nástroje";"Náradie a dielňa > Meracie nástroje";"";"";"";"";"";"";"";"";"";"UNI-T UT362H";""
"084998";"";"Merač hladiny hluku Uni-T UT35";"08183f5e-92c6-11f1-a887-bc2411833e01";"";"6935750535202";"";"";"Náradie a dielňa > Meracie nástroje";"Náradie a dielňa > Meracie nástroje";"";"";"";"";"";"";"";"";"";"UNI-T UT352";""
"085000";"";"Uni-T UT345C Snímač hladiny paliva v nádrži na LPG";"082d75b8-92c6-11f1-a341-bc2411833e01";"";"6935750534533";"";"";"Náradie a dielňa > Meracie nástroje";"Náradie a dielňa > Meracie nástroje";"";"";"";"";"";"";"";"";"";"UNI-T UT345C";""
"085002";"";"Meradlo hrúbky povlaku Uni-T UT343A";"08443096-92c6-11f1-ba85-bc2411833e01";"";"6935750534328";"";"";"Náradie a dielňa > Meracie nástroje";"Náradie a dielňa > Meracie nástroje";"";"";"";"";"";"";"";"";"";"UNI-T UT343A";""
"085003";"";"Merač oxidu uhoľnatého Uni-T UT337A";"0850ecbe-92c6-11f1-9fd7-bc2411833e01";"";"6935750533710";"";"";"Náradie a dielňa > Meracie nástroje";"Náradie a dielňa > Meracie nástroje";"";"";"";"";"";"";"";"";"";"UNI-T UT337A";""
"085009";"";"Merač teploty a vlhkosti Uni-T UT331+";"088faf12-92c6-11f1-95b0-bc2411833e01";"";"6935750533376";"";"";"Náradie a dielňa > Meracie nástroje";"Náradie a dielňa > Meracie nástroje";"";"";"";"";"";"";"";"";"";"UNI-T UT331+ 07820075";""
"085011";"";"Digitálny termohygrometer Uni-T UT330TH s rozhraním USB a funkciou zaznamenávania údajov";"08a4d770-92c6-11f1-a289-bc2411833e01";"";"6935750533406";"";"";"Náradie a dielňa > Meracie nástroje";"Náradie a dielňa > Meracie nástroje";"";"";"";"";"";"";"";"";"";"Datalogger UNI-T UT330TH";""
"085012";"";"Digitálny termohygrometer Uni-T UT330T s USB a funkciou zaznamenávania údajov";"08aef3b8-92c6-11f1-a21f-bc2411833e01";"";"6935750533390";"";"";"Náradie a dielňa > Meracie nástroje";"Náradie a dielňa > Meracie nástroje";"";"";"";"";"";"";"";"";"";"Datalogger UNI-T UT330T";""
"085013";"";"4-kanálový teplomer Uni-T UT325F";"08bafc26-92c6-11f1-afeb-bc2411833e01";"";"6935750532553";"";"";"Náradie a dielňa > Meracie nástroje";"Náradie a dielňa > Meracie nástroje";"";"";"";"";"";"";"";"";"";"UNI-T UT325F";""
"085014";"";"Kontaktný teplomer Uni-T UT325";"08c5b152-92c6-11f1-9179-bc2411833e01";"";"6935750532508";"";"";"Náradie a dielňa > Meracie nástroje";"Náradie a dielňa > Meracie nástroje";"";"";"";"";"";"";"";"";"";"UNI-T UT325";""
"085015";"";"Uni-T UT320T 2-v-1 teplomer";"08d093b0-92c6-11f1-80fe-bc2411833e01";"";"6935750532409";"";"";"Náradie a dielňa > Meracie nástroje";"Náradie a dielňa > Meracie nástroje";"";"";"";"";"";"";"";"";"";"UNI-T UT320T";""
"085018";"";"Vibračný tester Uni-T UT315A";"08f1b694-92c6-11f1-b1d2-bc2411833e01";"";"6935750531518";"";"";"Náradie a dielňa > Meracie nástroje";"Náradie a dielňa > Meracie nástroje";"";"";"";"";"";"";"";"";"";"UNI-T UT315";""
"085019";"";"Vibračný tester Uni-T UT312A";"08fc9190-92c6-11f1-82b3-bc2411833e01";"";"6935750531228";"";"";"Náradie a dielňa > Meracie nástroje";"Náradie a dielňa > Meracie nástroje";"";"";"";"";"";"";"";"";"";"UNI-T UT312A";""
"085020";"";"Vibračný tester Uni-T UT311A";"0907e450-92c6-11f1-9e81-bc2411833e01";"";"6935750531136";"";"";"Náradie a dielňa > Meracie nástroje";"Náradie a dielňa > Meracie nástroje";"";"";"";"";"";"";"";"";"";"UNI-T UT311A";""
"085023";"";"Infračervený teplomer Uni-T UT303D+";"0913437c-92c6-11f1-8f51-bc2411833e01";"";"6935750530399";"";"";"Náradie a dielňa > Meracie nástroje";"Náradie a dielňa > Meracie nástroje";"";"";"";"";"";"";"";"";"";"Teploměr bezkontaktní UNI-T UT303D+ (07810269)";""
"085024";"";"Infračervený teplomer Uni-T UT303C+";"091dc586-92c6-11f1-9584-bc2411833e01";"";"6935750530375";"";"";"Náradie a dielňa > Meracie nástroje";"Náradie a dielňa > Meracie nástroje";"";"";"";"";"";"";"";"";"";"UNI-T UT303C";""
"085029";"";"Infračervený teplomer Uni-T UT301D+";"09543bc0-92c6-11f1-90b8-bc2411833e01";"";"6935750573013";"";"";"Náradie a dielňa > Meracie nástroje";"Náradie a dielňa > Meracie nástroje";"";"";"";"";"";"";"";"";"";"UNI-T UT301D+";""
"085031";"";"Infračervený teplomer Uni-T UT301C+";"095e9610-92c6-11f1-b81c-bc2411833e01";"";"6935750530191";"";"";"Náradie a dielňa > Meracie nástroje";"Náradie a dielňa > Meracie nástroje";"";"";"";"";"";"";"";"";"";"UNI-T UT301C+";""
"085032";"";"Infračervený teplomer Uni-T UT301A+";"09694e66-92c6-11f1-9c25-bc2411833e01";"";"6935750530177";"";"";"Náradie a dielňa > Meracie nástroje";"Náradie a dielňa > Meracie nástroje";"";"";"";"";"";"";"";"";"";"UNI-T UT301A+";""
"085473";"";"Elektrická pumpa FLEXTAIL Tiny Pump 3X (biela)";"0a27dc32-92c6-11f1-bde0-bc2411833e01";"";"6975755966915";"";"";"Šport, hračky a voľný čas > Príslušenstvo pre bicykle > Pumpy";"Šport, hračky a voľný čas > Príslušenstvo pre bicykle > Pumpy";"";"";"";"";"";"";"";"";"";"Pumpa na karimatku Flextail TINY Pump 3X Farba: biela";""
"085033";"";"Recenzia zariadenia SMD Uni-T UT116A";"0af96252-92c6-11f1-aef4-bc2411833e01";"";"6935750511602";"";"";"Náradie a dielňa > Meracie nástroje";"Náradie a dielňa > Meracie nástroje";"";"";"";"";"";"";"";"";"";"UNI-T UT116A";""
"085034";"";"Infračervený teplomer Uni-T UT300A+";"0b04232c-92c6-11f1-bd96-bc2411833e01";"";"6935750563014";"";"";"Náradie a dielňa > Meracie nástroje";"Náradie a dielňa > Meracie nástroje";"";"";"";"";"";"";"";"";"";"UNI-T UT300A+";""
"085036";"";"Senzor Flex Uni-T UT-CS06A s upínacím držiakom";"0b2ff52e-92c6-11f1-9567-bc2411833e01";"";"6935750506059";"";"";"Náradie a dielňa > Meracie nástroje";"Náradie a dielňa > Meracie nástroje";"";"";"";"";"";"";"";"";"";"UNI-T UT-CS06A";""
"085041";"";"Laserový diaľkomer Uni-T LM60T";"0b74a08e-92c6-11f1-b15b-bc2411833e01";"";"6935750560273";"";"";"Náradie a dielňa > Meracie nástroje";"Náradie a dielňa > Meracie nástroje";"";"";"";"";"";"";"";"";"";"UNI-T LM 60T";""
"085042";"";"Laserový diaľkomer Uni-T LM60Mi";"0b8af9c4-92c6-11f1-861d-bc2411833e01";"";"6935750560327";"";"";"Náradie a dielňa > Meracie nástroje";"Náradie a dielňa > Meracie nástroje";"";"";"";"";"";"";"";"";"";"UNI-T LM60Mi";""
"085046";"";"Laserový diaľkomer Uni-T LM600A";"0ba08f46-92c6-11f1-ad43-bc2411833e01";"";"6935750560310";"";"";"Náradie a dielňa > Meracie nástroje";"Náradie a dielňa > Meracie nástroje";"";"";"";"";"";"";"";"";"";"UNI-T LM600A";""
"085047";"";"Laserový diaľkomer Uni-T LM600";"0baaf6c0-92c6-11f1-a96f-bc2411833e01";"";"6935750560402";"";"";"Náradie a dielňa > Meracie nástroje";"Náradie a dielňa > Meracie nástroje";"";"";"";"";"";"";"";"";"";"UNI-T LM600";""
"085051";"";"Laserová vodováha Uni-T LM570LD-II";"0be6f40e-92c6-11f1-b5d4-bc2411833e01";"";"6935750557044";"";"";"Náradie a dielňa > Meracie nástroje";"Náradie a dielňa > Meracie nástroje";"";"";"";"";"";"";"";"";"";"UNI-T LM570LD-II";""
"085052";"";"Laserový diaľkomer Uni-T LM40T";"0bfc29a0-92c6-11f1-8aea-bc2411833e01";"";"6935750540947";"";"";"Náradie a dielňa > Meracie nástroje";"Náradie a dielňa > Meracie nástroje";"";"";"";"";"";"";"";"";"";"UNI-T LM 40T";""
"085062";"";"Laserový diaľkomer Uni-T LM1000A";"0c54b296-92c6-11f1-8eea-bc2411833e01";"";"6935750510636";"";"";"Náradie a dielňa > Meracie nástroje";"Náradie a dielňa > Meracie nástroje";"";"";"";"";"";"";"";"";"";"TIPA UNI-T LM1000A";""
"085064";"";"Uni-T A63 2-v-1 teplomer na potraviny";"0c69e26a-92c6-11f1-b014-bc2411833e01";"";"6935750563021";"";"";"Náradie a dielňa > Meracie nástroje";"Náradie a dielňa > Meracie nástroje";"";"";"";"";"";"";"";"";"";"Cami T Plus dual";""
"085066";"";"Uni-T A56 BT – Bluetooth záznamník teploty a vlhkosti";"0c7fe5ce-92c6-11f1-99de-bc2411833e01";"";"6935750556030";"";"";"Náradie a dielňa > Meracie nástroje";"Náradie a dielňa > Meracie nástroje";"";"";"";"";"";"";"";"";"";"Datalogger UNI-T A56 BT";""
"085067";"";"Merač CO2 Uni-T A37";"0c957416-92c6-11f1-bcfe-bc2411833e01";"";"6935750537022";"";"";"Náradie a dielňa > Meracie nástroje";"Náradie a dielňa > Meracie nástroje";"";"";"";"";"";"";"";"";"";"UNI-T A37";""
"085068";"";"Monitorovacie zariadenia Uni-T A25D na meranie PM2,5";"0cad469a-92c6-11f1-8626-bc2411833e01";"";"6935750525050";"";"";"Náradie a dielňa > Meracie nástroje";"Náradie a dielňa > Meracie nástroje";"";"";"";"";"";"";"";"";"";"UNI-T A25D";""
"085069";"";"Merač teploty a vlhkosti Uni-T A13T";"0cb8ec66-92c6-11f1-bf69-bc2411833e01";"";"6935750513293";"";"";"Náradie a dielňa > Meracie nástroje";"Náradie a dielňa > Meracie nástroje";"";"";"";"";"";"";"";"";"";"UNI-T A13T";""
"085070";"";"Merač teploty a vlhkosti Uni-T A12T";"0cc4a416-92c6-11f1-b714-bc2411833e01";"";"6935750512272";"";"";"Náradie a dielňa > Meracie nástroje";"Náradie a dielňa > Meracie nástroje";"";"";"";"";"";"";"";"";"";"UNI-T A12T MIE0334";""
"085485";"";"Širokouhlý objektív Freewell 16 mm s bajonetom 17 mm";"0d3986a0-92c6-11f1-9187-bc2411833e01";"";"4897143171997";"";"";"TV, audio a video > Foto a optika > Príslušenstvo > Pre fotoaparáty a videokamery";"TV, audio a video > Foto a optika > Príslušenstvo > Pre fotoaparáty a videokamery";"";"";"";"";"";"";"";"";"";"Freewell 16 mm s bajonetem 17 mm";""
"085486";"";"Freewell Klatka Osmo Action 6 Creator Pro";"0d43c08e-92c6-11f1-9244-bc2411833e01";"";"4897143172024";"";"";"TV, audio a video > Foto a optika > Príslušenstvo > Pre športové kamery";"TV, audio a video > Foto a optika > Príslušenstvo > Pre športové kamery";"";"";"";"";"";"";"";"";"";"Freewell Osmo Action 6 Creator Pro Cage FW-OA6-PROCAGE";""
"084495";"";"Sonoff MINI-ZBDIM Zigbee inteligentný mini ovládač/stmievač";"0fedba7e-92c6-11f1-8691-bc2411833e01";"";"6979033600010";"";"";"Bezpečnosť a smart domácnosť > Riadiace jednotky > Smart ovládače";"Bezpečnosť a smart domácnosť > Riadiace jednotky > Smart ovládače";"";"";"";"";"";"";"";"";"";"SONOFF MINI Extreme Zigbee Stmievač | MINI-ZBDIM";""
"085665";"";"Stojan AURZEN Powerplay";"10c30b70-92c6-11f1-afa7-bc2411833e01";"";"6978642440079";"";"";"TV, audio a video > Počítače a príslušenstvo > Projektory a plátna > Projektory";"TV, audio a video > Počítače a príslušenstvo > Projektory a plátna > Projektory";"";"";"";"";"";"";"";"";"";"Aurzen Powerplay s powerbankou 10000 mAh";""
"083988";"";"Letové pedále MOZA Racing AS019";"12337db4-92c6-11f1-9543-bc2411833e01";"";"6973137271336";"";"";"TV, audio a video > Počítače a príslušenstvo > Herné príslušenstvo > Simulátory > Simulácia letu";"TV, audio a video > Počítače a príslušenstvo > Herné príslušenstvo > Simulátory > Simulácia letu";"";"";"";"";"";"";"";"";"";"Moza Racing Flight pedals AS019";""
"084498";"";"Sonoff AirGuard CO2 SAWF-08P WiFi LCD meradlo kvality vzduchu";"129b5326-92c6-11f1-a9bc-bc2411833e01";"";"6920075743258";"";"";"Bezpečnosť a smart domácnosť > Prvky výkonu > Senzory";"Bezpečnosť a smart domácnosť > Prvky výkonu > Senzory";"";"";"";"";"";"";"";"";"";"Sonoff AirGuard CO2 SAWF-08P";""
"084499";"";"Dvojkanálový mini prepínač bez N Sonoff MINI-ZB2GS-L ZigBee";"12a65c12-92c6-11f1-9521-bc2411833e01";"";"6920075743463";"";"";"Bezpečnosť a smart domácnosť > Riadiace jednotky > Smart ovládače";"Bezpečnosť a smart domácnosť > Riadiace jednotky > Smart ovládače";"";"";"";"";"";"";"";"";"";"Sonoff MINI-ZB2GS";""
"084502";"";"SONOFF MINI-ZBDIM-E ZigBee inteligentný nástenný vypínač/stmievač";"12b19c9e-92c6-11f1-8864-bc2411833e01";"";"6979033600065";"";"";"Bezpečnosť a smart domácnosť > Riadiace jednotky > Smart ovládače";"Bezpečnosť a smart domácnosť > Riadiace jednotky > Smart ovládače";"";"";"";"";"";"";"";"";"";"Sonoff Inteligentný nástenný stmievač Zigbee MINI-ZBDIM-E";""
"084501";"";"SONOFF MINI-DIM-E Inteligentný WiFi nástenný vypínač/stmievač";"12bc84ba-92c6-11f1-a2e2-bc2411833e01";"";"6979033600058";"";"";"Bezpečnosť a smart domácnosť > Riadiace jednotky > Smart ovládače";"Bezpečnosť a smart domácnosť > Riadiace jednotky > Smart ovládače";"";"";"";"";"";"";"";"";"";"SONOFF Orb-DIM Matter over WiFi Dimmer Wall Switch MINI-DIM-E";""
"085447";"";"Interkom EJEAS X10 Plus pre motocyklistov pre až 100 účastníkov";"12c7d5b8-92c6-11f1-bc93-bc2411833e01";"";"5905156101920";"";"";"TV, audio a video > Audio technika > Interkomy";"TV, audio a video > Audio technika > Interkomy";"";"";"";"";"";"";"";"";"";"Ejeas X10 MESH 4.0";""
"085459";"";"Interkom EJEAS V4 Plus pre motocyklistov pre až 4 účastníkov";"12d4322c-92c6-11f1-ac0c-bc2411833e01";"";"5905156101937";"";"";"TV, audio a video > Audio technika > Interkomy";"TV, audio a video > Audio technika > Interkomy";"";"";"";"";"";"";"";"";"";"Ejeas V4PLUS";""
"085463";"";"Interkom pre motocykel EJEAS K1Pro s nahrávačom";"12ee72fe-92c6-11f1-b6f4-bc2411833e01";"";"5905156101951";"";"";"TV, audio a video > Audio technika > Interkomy";"TV, audio a video > Audio technika > Interkomy";"";"";"";"";"";"";"";"";"";"Ejeas K1";""
"085464";"";"Interkom pre motocykel s nahrávačom EJEAS K1Pro+";"12f94364-92c6-11f1-9299-bc2411833e01";"";"5905156101968";"";"";"TV, audio a video > Audio technika > Interkomy";"TV, audio a video > Audio technika > Interkomy";"";"";"";"";"";"";"";"";"";"Ejeas K1";""
"085821";"";"MERACH spinningové kolo MR-S26B2-EU (čierne)";"13bc412a-92c6-11f1-b660-bc2411833e01";"";"5905156103498";"";"";"Šport, hračky a voľný čas > Stacionárne Bicykle";"Šport, hračky a voľný čas > Stacionárne Bicykle";"";"";"";"";"";"";"";"";"";"MERACH S26B2";""
"085828";"";"Vibračná platforma MERACH MR-2533B1-EU (čierna)";"14089688-92c6-11f1-94ea-bc2411833e01";"";"5905156103559";"";"";"Šport, hračky a voľný čas > Fitness Vybavenie";"Šport, hračky a voľný čas > Fitness Vybavenie";"";"";"";"";"";"";"";"";"";"Merach MR-2533B1-EU";""
"085832";"";"MERACH stroj na drepy MR-R07BH1";"1429b5ca-92c6-11f1-975d-bc2411833e01";"";"5905156103597";"";"";"Šport, hračky a voľný čas > Fitness Vybavenie";"Šport, hračky a voľný čas > Fitness Vybavenie";"";"";"";"";"";"";"";"";"";"Merach R07W1 Full-Body Workout";""
"085831";"";"Vibračná platforma MERACH MR-2440P1-EU (ružová)";"1449e7fa-92c6-11f1-b147-bc2411833e01";"";"5905156103580";"";"";"Šport, hračky a voľný čas > Fitness Vybavenie";"Šport, hračky a voľný čas > Fitness Vybavenie";"";"";"";"";"";"";"";"";"";"MERACH MR-2440P1-EU";""
"082843";"";"Filament ELEGOO PLA+ (čierny)";"14bea568-92c6-11f1-a6fa-bc2411833e01";"";"6976021769261";"";"";"Kreatívne technológie > 3D tlač > Vlákna";"Kreatívne technológie > 3D tlač > Vlákna";"";"";"";"";"";"";"";"";"";"Elegoo PLA+ 1.75mm 1Kg Black 4260198";""
"085869";"";"MOZA RACING SRP2 Zadný držiak";"15c98752-92c6-11f1-a79a-bc2411833e01";"";"6973137271398";"";"";"TV, audio a video > Počítače a príslušenstvo > Herné príslušenstvo > Simulátory > Simulácia pretekov";"TV, audio a video > Počítače a príslušenstvo > Herné príslušenstvo > Simulátory > Simulácia pretekov";"";"";"";"";"";"";"";"";"";"MOZA Racing SRP2 zadní držák RS100";""
"085914";"";"Elektrický skúter NAVEE E25 Pro";"16122048-92c6-11f1-a5ce-bc2411833e01";"";"6975293673122";"";"";"Šport, hračky a voľný čas > Outdoor > Elektrické skútre";"Šport, hračky a voľný čas > Outdoor > Elektrické skútre";"";"";"";"";"";"";"";"";"";"Navee E25 Pro";""
"085984";"";"Interaktívny robot Loona Premium";"16751ebe-92c6-11f1-a176-bc2411833e01";"";"6975062110858";"";"";"Šport, hračky a voľný čas > Hračky > Vzdelávacie a interaktívne";"Šport, hračky a voľný čas > Hračky > Vzdelávacie a interaktívne";"";"";"";"";"";"";"";"";"";"KEYi Loona Robot KY004LN01";""
"081911";"";"Purobot Max Pro 2 Petkit Automatická samočistiaca toaleta pre domáce zvieratá";"16bae66a-92c6-11f1-99a3-bc2411833e01";"";"6975069306278";"";"";"Zdravie a starostlivosť > Chovateľské potreby > Inteligentné toalety pre zvieratá";"Zdravie a starostlivosť > Chovateľské potreby > Inteligentné toalety pre zvieratá";"";"";"";"";"";"";"";"";"";"Purobot Max Pro 2 Petkit Automatická samočisticí toaleta";""
"084683";"";"Al MOVA TPEAK Al NOTE diktafón";"1831aca4-92c6-11f1-b59c-bc2411833e01";"";"6978977330045";"";"";"TV, audio a video > Audio technika > Hlasové záznamníky";"TV, audio a video > Audio technika > Hlasové záznamníky";"";"";"";"";"";"";"";"";"";"Mova 58967-uniw";""
"086042";"";"Inteligentná WiFi zásuvka Sonoff WS01TPF-E (typ F)";"18fdf9d0-92c6-11f1-8235-bc2411833e01";"";"6979033600133";"";"";"Bezpečnosť a smart domácnosť > Prvky výkonu > Smart zástrčky > Zásuvky";"Bezpečnosť a smart domácnosť > Prvky výkonu > Smart zástrčky > Zásuvky";"";"";"";"";"";"";"";"";"";"Sonoff WS01TPF-E-2179";""
"086948";"";"Bezdrôtový adaptér Ottocast CA525-T3";"191b6876-92c6-11f1-b62c-bc2411833e01";"";"6977341740237";"";"";"Auto-moto > Bezdrôtové adaptéry CarPlay > Android Auto";"Auto-moto > Bezdrôtové adaptéry CarPlay > Android Auto";"";"";"";"";"";"";"";"";"";"Ottocast CA525-T3";""
"083104";"";"Cycplus AS1 PRO POCKET PRO AIRBANK – mini pumpa na bicykel";"1932a73e-92c6-11f1-821b-bc2411833e01";"";"6976297860334";"";"";"Šport, hračky a voľný čas > Príslušenstvo pre bicykle > Pumpy";"Šport, hračky a voľný čas > Príslušenstvo pre bicykle > Pumpy";"";"";"";"";"";"";"";"";"";"Cycplus AS1 PRO POCKET PRO AIRBANK";""
"083105";"";"Cycplus AS100 POCKET SE AIRBANK – mini pumpa na bicykel";"193db692-92c6-11f1-93a7-bc2411833e01";"";"6976297860570";"";"";"Šport, hračky a voľný čas > Príslušenstvo pre bicykle > Pumpy";"Šport, hračky a voľný čas > Príslušenstvo pre bicykle > Pumpy";"";"";"";"";"";"";"";"";"";"Cycplus AS100 POCKET SE AIRBANK";""
"083111";"";"Cycplus AS220 PRO POCKET 2 PRO AIRBANK – mini pumpa na bicykel";"1981870a-92c6-11f1-8a06-bc2411833e01";"";"6976297860938";"";"";"Šport, hračky a voľný čas > Príslušenstvo pre bicykle > Pumpy";"Šport, hračky a voľný čas > Príslušenstvo pre bicykle > Pumpy";"";"";"";"";"";"";"";"";"";"Mini Cycplus AS220 PRO POCKET 2 PRO AIRBANK";""
"086906";"";"Inteligentné hodinky COLMI C28 – strieborné + hnedý kožený remienok";"19cce8bc-92c6-11f1-84fa-bc2411833e01";"";"6972436987023";"";"";"TV, audio a video > Mobily a tablety > Smart hodinky > Smart hodinky";"TV, audio a video > Mobily a tablety > Smart hodinky > Smart hodinky";"";"";"";"";"";"";"";"";"";"COLMI C28";""
"086910";"";"Športové slnečné okuliare Colmi V06 AI v oranžovej farbe";"19faaedc-92c6-11f1-8065-bc2411833e01";"";"6972436986965";"";"";"TV, audio a video > Počítače a príslušenstvo > Herné príslušenstvo > Okuliare pre rozšírenú realitu";"TV, audio a video > Počítače a príslušenstvo > Herné príslušenstvo > Okuliare pre rozšírenú realitu";"";"";"";"";"";"";"";"";"";"Colmi V06 AI";""
"086915";"";"Slnečné okuliare Zeblaze Eyewear s umelou inteligenciou – čierne";"1cc667dc-92c6-11f1-9075-bc2411833e01";"";"6946639813861";"";"";"TV, audio a video > Počítače a príslušenstvo > Herné príslušenstvo > Okuliare pre rozšírenú realitu";"TV, audio a video > Počítače a príslušenstvo > Herné príslušenstvo > Okuliare pre rozšírenú realitu";"";"";"";"";"";"";"";"";"";"Zeblaze Eyewear";""
"086330";"";"Plynový sporák ISEASY MGBG-603S2R s 3 horákmi";"1cf1f848-92c6-11f1-b084-bc2411833e01";"";"6977132450260";"";"";"Domáce spotrebiče > Malé spotrebiče > Płyty gazowe";"Domáce spotrebiče > Malé spotrebiče > Płyty gazowe";"";"";"";"";"";"";"";"";"";"isEasy MGBG-603S2R";""
"084825";"";"Okuliare XREAL 1S pre rozšírenú realitu";"1cfc7c00-92c6-11f1-a00c-bc2411833e01";"";"6976143801856";"";"";"TV, audio a video > Počítače a príslušenstvo > Herné príslušenstvo > Okuliare pre rozšírenú realitu";"TV, audio a video > Počítače a príslušenstvo > Herné príslušenstvo > Okuliare pre rozšírenú realitu";"";"";"";"";"";"";"";"";"";"XREAL 1S AR";""
"083927";"";"Silikónová podložka pod plech Neakasa M1 (sivá)";"1d8004f8-92c6-11f1-b43a-bc2411833e01";"";"6975532171181";"";"";"Zdravie a starostlivosť > Chovateľské potreby > Príslušenstvo pre mačacie toalety";"Zdravie a starostlivosť > Chovateľské potreby > Príslušenstvo pre mačacie toalety";"";"";"";"";"";"";"";"";"";"Neakasa Náhradná gumová vložka do mačacieho záchoda M1";""
"087276";"";"Kávovar AMZCHEF CE-AZ-EM1501-SV s piestom (strieborný)";"1e3b9d1c-92c6-11f1-ad85-bc2411833e01";"";"9331911828447";"";"";"Domáce spotrebiče > Malé spotrebiče > Kávovary a espressá";"Domáce spotrebiče > Malé spotrebiče > Kávovary a espressá";"";"";"";"";"";"";"";"";"";"AMZCHEF CE-AZ-EM1501-SV strieborný";""
"083928";"";"Silikónová podložka Neakasa M1 (biela)";"1fc60cb2-92c6-11f1-89ee-bc2411833e01";"";"6975532171440";"";"";"Zdravie a starostlivosť > Chovateľské potreby > Príslušenstvo pre mačacie toalety";"Zdravie a starostlivosť > Chovateľské potreby > Príslušenstvo pre mačacie toalety";"";"";"";"";"";"";"";"";"";"Neakasa Náhradná gumová vložka do mačacieho záchoda M1";""
"086797";"";"Prenosný monitor Minix SF10T s uhlopriečkou 10,5""";"20647ec4-92c6-11f1-b6a6-bc2411833e01";"";"4897016414404";"";"";"TV, audio a video > Počítače a príslušenstvo > Prenosné monitory";"TV, audio a video > Počítače a príslušenstvo > Prenosné monitory";"";"";"";"";"";"";"";"";"";"Minix SF10T";""
"087350";"";"Vnútorná IP kamera IMOU Ranger 2C Pro s rozlíšením 5 MP";"207cb264-92c6-11f1-9a3c-bc2411833e01";"";"6937479641172";"";"";"Bezpečnosť a smart domácnosť > IP kamery";"Bezpečnosť a smart domácnosť > IP kamery";"";"";"";"";"";"";"";"";"";"Imou Ranger 2 Pro 5MP IPC-S2EP-5R1S";""
"087354";"";"Vonkajšia IP kamera IMOU AOV Dual 10 MP 4G LTE";"209507d8-92c6-11f1-b769-bc2411833e01";"";"6937479641752";"";"";"Bezpečnosť a smart domácnosť > IP kamery";"Bezpečnosť a smart domácnosť > IP kamery";"";"";"";"";"";"";"";"";"";"Imou IPC SA70F 10M0T2 EU FSP008";""
"086798";"";"Prenosný monitor Minix SF16T s uhlopriečkou 16""";"20a1f3c6-92c6-11f1-8c03-bc2411833e01";"";"4897016411199";"";"";"TV, audio a video > Počítače a príslušenstvo > Prenosné monitory";"TV, audio a video > Počítače a príslušenstvo > Prenosné monitory";"";"";"";"";"";"";"";"";"";"Minix SF16T";""
"087215";"";"Herná klávesnica Onikuma MT902 2,4 GHz (čierno-biela)";"20fcbfae-92c6-11f1-bc87-bc2411833e01";"";"6972470564693";"";"";"TV, audio a video > Počítače a príslušenstvo > Myši, klávesnica";"TV, audio a video > Počítače a príslušenstvo > Myši, klávesnica";"";"";"";"";"";"";"";"";"";"Onikuma MT902 2,4 GHz černá a bílá";""
"087216";"";"Herná klávesnica Onikuma MT902 2,4 GHz (čierno-biely farebný prechod)";"210737fe-92c6-11f1-a760-bc2411833e01";"";"6972470564686";"";"";"TV, audio a video > Počítače a príslušenstvo > Myši, klávesnica";"TV, audio a video > Počítače a príslušenstvo > Myši, klávesnica";"";"";"";"";"";"";"";"";"";"Onikuma MT902 Black-White";""
"087217";"";"Herná klávesnica Onikuma MT902 (čierna)";"21128c80-92c6-11f1-b2a3-bc2411833e01";"";"6972470564839";"";"";"TV, audio a video > Počítače a príslušenstvo > Myši, klávesnica";"TV, audio a video > Počítače a príslušenstvo > Myši, klávesnica";"";"";"";"";"";"";"";"";"";"Onikuma MT902 Black";""
"087218";"";"Herná klávesnica Onikuma MT902 (biela)";"211d9580-92c6-11f1-a4bd-bc2411833e01";"";"6972470564822";"";"";"TV, audio a video > Počítače a príslušenstvo > Myši, klávesnica";"TV, audio a video > Počítače a príslušenstvo > Myši, klávesnica";"";"";"";"";"";"";"";"";"";"Onikuma MT902 White";""
"087219";"";"Herná klávesnica Onikuma MT603 (čierna)";"212850d8-92c6-11f1-ad9e-bc2411833e01";"";"6972470564570";"";"";"TV, audio a video > Počítače a príslušenstvo > Myši, klávesnica";"TV, audio a video > Počítače a príslušenstvo > Myši, klávesnica";"";"";"";"";"";"";"";"";"";"Onikuma MT603 Black";""
"087220";"";"Herná klávesnica Onikuma MT707 (žltá)";"213505f8-92c6-11f1-955a-bc2411833e01";"";"6972470564532";"";"";"TV, audio a video > Počítače a príslušenstvo > Myši, klávesnica";"TV, audio a video > Počítače a príslušenstvo > Myši, klávesnica";"";"";"";"";"";"";"";"";"";"Onikuma MT707 Yellow";""
"087221";"";"Herná klávesnica Onikuma G83 (čierna)";"2141ec5a-92c6-11f1-a77e-bc2411833e01";"";"6972470564174";"";"";"TV, audio a video > Počítače a príslušenstvo > Myši, klávesnica";"TV, audio a video > Počítače a príslušenstvo > Myši, klávesnica";"";"";"";"";"";"";"";"";"";"Onikuma G83 Black";""
"087459";"";"ZEUSLAP Z14P 14-palcový prenosný monitor";"2175fafe-92c6-11f1-9460-bc2411833e01";"";"6974065452439";"";"";"TV, audio a video > Počítače a príslušenstvo > Prenosné monitory";"TV, audio a video > Počítače a príslušenstvo > Prenosné monitory";"";"";"";"";"";"";"";"";"";"Zeuslap Z14P";""
"087460";"";"ZEUSLAP ZP156 – prenosný monitor s uhlopriečkou 15,6""";"218da9ba-92c6-11f1-a5bd-bc2411833e01";"";"6974065452293";"";"";"TV, audio a video > Počítače a príslušenstvo > Prenosné monitory";"TV, audio a video > Počítače a príslušenstvo > Prenosné monitory";"";"";"";"";"";"";"";"";"";"Zeuslap ZP156";""
"087453";"";"Prenosný monitor ZEUSLAP P16BT s 16-palcovým dotykovým displejom";"21afc04a-92c6-11f1-b857-bc2411833e01";"";"6974065451906";"";"";"TV, audio a video > Počítače a príslušenstvo > Prenosné monitory";"TV, audio a video > Počítače a príslušenstvo > Prenosné monitory";"";"";"";"";"";"";"";"";"";"ZEUSLAP P16BT";""
"087445";"";"ZEUSLAP Z10P 10-palcový prenosný monitor";"21c6a1e8-92c6-11f1-8023-bc2411833e01";"";"6974065450237";"";"";"TV, audio a video > Počítače a príslušenstvo > Prenosné monitory";"TV, audio a video > Počítače a príslušenstvo > Prenosné monitory";"";"";"";"";"";"";"";"";"";"Zeuslap Z10P";""
"087452";"";"Prenosný monitor ZEUSLAP Z22P PRO s 22-palcovým dotykovým displejom";"21f464d4-92c6-11f1-a2c1-bc2411833e01";"";"6974065452279";"";"";"TV, audio a video > Počítače a príslušenstvo > Prenosné monitory";"TV, audio a video > Počítače a príslušenstvo > Prenosné monitory";"";"";"";"";"";"";"";"";"";"Zeuslap Z22P PRO";""
"087449";"";"Prenosný monitor ZEUSLAP P16A s uhlopriečkou 16"" a obnovovacou frekvenciou 144 Hz";"21ff598e-92c6-11f1-9154-bc2411833e01";"";"6974065452309";"";"";"TV, audio a video > Počítače a príslušenstvo > Prenosné monitory";"TV, audio a video > Počítače a príslušenstvo > Prenosné monitory";"";"";"";"";"";"";"";"";"";"Zeuslap P16A";""
"087455";"";"ZEUSLAP Z18S 18"" 100 Hz prenosný herný monitor";"220a8e80-92c6-11f1-a9af-bc2411833e01";"";"6974065452316";"";"";"TV, audio a video > Počítače a príslušenstvo > Prenosné monitory";"TV, audio a video > Počítače a príslušenstvo > Prenosné monitory";"";"";"";"";"";"";"";"";"";"Zeuslap Z18S";""
"087461";"";"ZEUSLAP Z14Lite 14-palcový prenosný monitor";"2215ec9e-92c6-11f1-a529-bc2411833e01";"";"6974065451586";"";"";"TV, audio a video > Počítače a príslušenstvo > Prenosné monitory";"TV, audio a video > Počítače a príslušenstvo > Prenosné monitory";"";"";"";"";"";"";"";"";"";"Zeuslap Z14Lite";""
"087440";"";"Prenosný monitor ZEUSLAP P16KT s 16-palcovým dotykovým displejom s obnovovacou frekvenciou 144 Hz";"2220d078-92c6-11f1-a955-bc2411833e01";"";"6974065450923";"";"";"TV, audio a video > Počítače a príslušenstvo > Prenosné monitory";"TV, audio a video > Počítače a príslušenstvo > Prenosné monitory";"";"";"";"";"";"";"";"";"";"Zeuslap P16KT";""
"087450";"";"Prenosný monitor ZEUSLAP Z15ST s 15,6-palcovým dotykovým displejom";"222c8d28-92c6-11f1-bbd7-bc2411833e01";"";"6974065450077";"";"";"TV, audio a video > Počítače a príslušenstvo > Prenosné monitory";"TV, audio a video > Počítače a príslušenstvo > Prenosné monitory";"";"";"";"";"";"";"";"";"";"Zeuslap Z15ST";""
"087467";"";"Prenosný monitor ZEUSLAP P16 Ultra s uhlopriečkou 16"" a obnovovacou frekvenciou 144 Hz";"22382908-92c6-11f1-8064-bc2411833e01";"";"6974065452378";"";"";"TV, audio a video > Počítače a príslušenstvo > Prenosné monitory";"TV, audio a video > Počítače a príslušenstvo > Prenosné monitory";"";"";"";"";"";"";"";"";"";"Zeuslap P16 Ultra";""
"085436";"";"Inteligentný WiFi spínač na žalúzie Meross MRS100MA(EU) (Matter)";"22509560-92c6-11f1-8c21-bc2411833e01";"";"6942349220296";"";"";"Bezpečnosť a smart domácnosť > Riadiace jednotky > Smart ovládače";"Bezpečnosť a smart domácnosť > Riadiace jednotky > Smart ovládače";"";"";"";"";"";"";"";"";"";"Meross Matter Smart MRS100MA";""
"087448";"";"Prenosný monitor ZEUSLAP AP156 s uhlopriečkou 15,6""";"225bb5ee-92c6-11f1-841c-bc2411833e01";"";"6974065450015";"";"";"TV, audio a video > Počítače a príslušenstvo > Prenosné monitory";"TV, audio a video > Počítače a príslušenstvo > Prenosné monitory";"";"";"";"";"";"";"";"";"";"Zeuslap AP156";""
"087429";"";"Skladací elektrický bežecký pás ACEZOE P11pro";"22718b44-92c6-11f1-833e-bc2411833e01";"";"6975710727582";"";"";"Šport, hračky a voľný čas > Elektrické bežecké pásy";"Šport, hračky a voľný čas > Elektrické bežecké pásy";"";"";"";"";"";"";"";"";"";"ACEZOE UTRAI P11pro";""
"087462";"";"ZEUSLAP ZB156 15,6"" prenosný monitor";"227be346-92c6-11f1-8d45-bc2411833e01";"";"6974065452361";"";"";"TV, audio a video > Počítače a príslušenstvo > Prenosné monitory";"TV, audio a video > Počítače a príslušenstvo > Prenosné monitory";"";"";"";"";"";"";"";"";"";"Zeuslap ZB156";""
"087466";"";"ZEUSLAP Z23 LITE 23"" prenosný monitor";"22864b24-92c6-11f1-be08-bc2411833e01";"";"6974065452415";"";"";"TV, audio a video > Počítače a príslušenstvo > Prenosné monitory";"TV, audio a video > Počítače a príslušenstvo > Prenosné monitory";"";"";"";"";"";"";"";"";"";"Zeuslap Z23Lite";""
"087454";"";"Prenosný monitor ZEUSLAP Z14W s 14-palcovým dvojitým dotykovým displejom";"229bfa1e-92c6-11f1-a0d7-bc2411833e01";"";"6974065451777";"";"";"TV, audio a video > Počítače a príslušenstvo > Prenosné monitory";"TV, audio a video > Počítače a príslušenstvo > Prenosné monitory";"";"";"";"";"";"";"";"";"";"Zeuslap Z14W";""
"087447";"";"Prenosný monitor ZEUSLAP P15A s uhlopriečkou 15,6""";"22a6ea96-92c6-11f1-9b58-bc2411833e01";"";"6974065450008";"";"";"TV, audio a video > Počítače a príslušenstvo > Prenosné monitory";"TV, audio a video > Počítače a príslušenstvo > Prenosné monitory";"";"";"";"";"";"";"";"";"";"Zeuslap P15A";""
"087446";"";"Prenosný monitor ZEUSLAP Z10T s 10-palcovým dotykovým displejom";"22bd4cb4-92c6-11f1-b799-bc2411833e01";"";"6974065450206";"";"";"TV, audio a video > Počítače a príslušenstvo > Prenosné monitory";"TV, audio a video > Počítače a príslušenstvo > Prenosné monitory";"";"";"";"";"";"";"";"";"";"Zeuslap Z10T";""
"087442";"";"Prenosný monitor ZEUSLAP AT156 s uhlopriečkou 15,6""";"22c7f754-92c6-11f1-92f0-bc2411833e01";"";"6974065450022";"";"";"TV, audio a video > Počítače a príslušenstvo > Prenosné monitory";"TV, audio a video > Počítače a príslušenstvo > Prenosné monitory";"";"";"";"";"";"";"";"";"";"Zeuslap AT156";""
"087451";"";"ZEUSLAP Z16H 16"" prenosný monitor";"22d2e880-92c6-11f1-9c6f-bc2411833e01";"";"6974065455898";"";"";"TV, audio a video > Počítače a príslušenstvo > Prenosné monitory";"TV, audio a video > Počítače a príslušenstvo > Prenosné monitory";"";"";"";"";"";"";"";"";"";"Zeuslap Z16H";""
"087465";"";"Prenosný monitor ZEUSLAP P15AT s 15,6-palcovým dotykovým displejom";"22dd9852-92c6-11f1-a2ce-bc2411833e01";"";"6974065450305";"";"";"TV, audio a video > Počítače a príslušenstvo > Prenosné monitory";"TV, audio a video > Počítače a príslušenstvo > Prenosné monitory";"";"";"";"";"";"";"";"";"";"ZEUSLAP P15AT";""
"087439";"";"Prenosný monitor ZEUSLAP OL133ED s 13,3-palcovým dotykovým displejom";"22e858d2-92c6-11f1-83a2-bc2411833e01";"";"6974065451890";"";"";"TV, audio a video > Počítače a príslušenstvo > Prenosné monitory";"TV, audio a video > Počítače a príslušenstvo > Prenosné monitory";"";"";"";"";"";"";"";"";"";"Zeuslap OL133ED";""
"087441";"";"ZEUSLAP Z18W – prenosný monitor s dvoma 18-palcovými obrazovkami";"22f2d17c-92c6-11f1-9757-bc2411833e01";"";"6974065451784";"";"";"TV, audio a video > Počítače a príslušenstvo > Prenosné monitory";"TV, audio a video > Počítače a príslušenstvo > Prenosné monitory";"";"";"";"";"";"";"";"";"";"Zeuslap Z18W";""
"087469";"";"ZEUSLAP P16 – prenosný herný monitor s uhlopriečkou 16"" a obnovovacou frekvenciou 120 Hz";"22fd6bb4-92c6-11f1-b5b7-bc2411833e01";"";"6974065451678";"";"";"TV, audio a video > Počítače a príslušenstvo > Prenosné monitory";"TV, audio a video > Počítače a príslušenstvo > Prenosné monitory";"";"";"";"";"";"";"";"";"";"Zeuslap P16";""
"087339";"";"3D skener Revopoint Inspire 2 – Premium edícia";"24f17708-92c6-11f1-9051-bc2411833e01";"";"6975577881335";"";"";"Kreatívne technológie > 3D skenery";"Kreatívne technológie > 3D skenery";"";"";"";"";"";"";"";"";"";"Revopoint Inspire 2 - Premium Edition";""
"086691";"";"Filament Anycubic ASA (sivý) 1 kg";"25296c3a-92c6-11f1-b1b9-bc2411833e01";"";"6974662353207";"";"";"Kreatívne technológie > 3D tlač > Vlákna";"Kreatívne technológie > 3D tlač > Vlákna";"";"";"";"";"";"";"";"";"";"Anycubic ASA Grey 1,75 mm 1000 g";""
"086692";"";"Filament Anycubic ASA (biely) 1 kg";"2533d134-92c6-11f1-b0d6-bc2411833e01";"";"6974662353191";"";"";"Kreatívne technológie > 3D tlač > Vlákna";"Kreatívne technológie > 3D tlač > Vlákna";"";"";"";"";"";"";"";"";"";"Anycubic ASA White 1,75 mm 1000 g";""
"086695";"";"Filament Anycubic PETG (sivý) 1 kg";"25735cf0-92c6-11f1-8307-bc2411833e01";"";"6974662352774";"";"";"Kreatívne technológie > 3D tlač > Vlákna";"Kreatívne technológie > 3D tlač > Vlákna";"";"";"";"";"";"";"";"";"";"AnyCubic PETG 1,75 mm 1kg, Šedá";""
"087729";"";"BALDRTHERM B0598 3-kanálový termohygrometer s automatickým podsvietením";"25e69738-92c6-11f1-9b8e-bc2411833e01";"";"5905156105164";"";"";"Domáce spotrebiče > Malé spotrebiče > Teplomery";"Domáce spotrebiče > Malé spotrebiče > Teplomery";"";"";"";"";"";"";"";"";"";"BALDRTHERM B0598 – 3kanálový termohygrometr s automatickým podsvícením";""
"087730";"";"BALDRTHERM HCS596WB – termohygrometer s Wi-Fi a solárnym napájaním";"25f1e566-92c6-11f1-b164-bc2411833e01";"";"5905156105171";"";"";"Domáce spotrebiče > Malé spotrebiče > Teplomery";"Domáce spotrebiče > Malé spotrebiče > Teplomery";"";"";"";"";"";"";"";"";"";"BALDRTHERM HCS596WB – solárně napájený Wi-Fi termohygrometr";""
"087733";"";"Meteorologická stanica BALDRTHERM B0359WST2H2PR s vonkajším senzorom";"25fcdf7a-92c6-11f1-a7a5-bc2411833e01";"";"5905156105201";"";"";"Domáce spotrebiče > Malé spotrebiče > Teplomery";"Domáce spotrebiče > Malé spotrebiče > Teplomery";"";"";"";"";"";"";"";"";"";"Meteorologická stanice BALDRTHERM B0359WST2H2PR s venkovním čidlem";""
"087734";"";"Meteorologická stanica BALDRTHERM B0389WST2H2-V1 s vonkajším senzorom";"26077cf0-92c6-11f1-8221-bc2411833e01";"";"5905156105218";"";"";"Domáce spotrebiče > Malé spotrebiče > Teplomery";"Domáce spotrebiče > Malé spotrebiče > Teplomery";"";"";"";"";"";"";"";"";"";"Meteorologická stanice BALDRTHERM B0389WST2H2-V1 s venkovním čidlem";""
"087832";"";"Inteligentná žiarovka IMOU CL2B";"269698f4-92c6-11f1-8611-bc2411833e01";"";"6976391034679";"";"";"Bezpečnosť a smart domácnosť > Osvetlenie > LED žiarovky";"Bezpečnosť a smart domácnosť > Osvetlenie > LED žiarovky";"";"";"";"";"";"";"";"";"";"Imou by Dahua CL2B, E27, 12W IOT-CL2B-MAT-EU";""
"087818";"";"Súprava Kit-Pro IMOU na monitorovanie prostredníctvom WiFi CCTV";"26b75eae-92c6-11f1-9aa7-bc2411833e01";"";"6971927230952";"";"";"Bezpečnosť a smart domácnosť > IP kamery";"Bezpečnosť a smart domácnosť > IP kamery";"";"";"";"";"";"";"";"";"";"Dahua Imou KIT/NVR1104HS-W-S2/4-F22FE";""
"087828";"";"IMOU CE2P Smart Plug";"26ccdbc6-92c6-11f1-aa4d-bc2411833e01";"";"6976391034709";"";"";"Bezpečnosť a smart domácnosť > IP kamery";"Bezpečnosť a smart domácnosť > IP kamery";"";"";"";"";"";"";"";"";"";"Imou by Dahua CE2P IOT-CE2P-16A-MAT-EU";""
"087133";"";"ANLAN 02-AGSY53-02A Masážny prístroj 2 v 1 na tvár a hlavu";"2702d8b6-92c6-11f1-bfc5-bc2411833e01";"";"6979147470035";"";"";"Zdravie a starostlivosť > Prístroje na tvár > Masážne prístroje";"Zdravie a starostlivosť > Prístroje na tvár > Masážne prístroje";"";"";"";"";"";"";"";"";"";"Anlan 02-AGSY53-02A";""
"087134";"";"ANLAN 02-AGSY51-0RA 3-v-1 masážny prístroj na telo, tvár a hlavu";"27223724-92c6-11f1-a650-bc2411833e01";"";"6979147470004";"";"";"Zdravie a starostlivosť > Prístroje na tvár > Masážne prístroje";"Zdravie a starostlivosť > Prístroje na tvár > Masážne prístroje";"";"";"";"";"";"";"";"";"";"Anlan 02-AGSY51-0RA";""
"087690";"";"Anamorfný objektív Freewell 1,33x s bajonetom 17 mm";"2761ef72-92c6-11f1-96de-bc2411833e01";"";"4897143170464";"";"";"TV, audio a video > Mobily a tablety > Objektívy pre telefóny";"TV, audio a video > Mobily a tablety > Objektívy pre telefóny";"";"";"";"";"";"";"";"";"";"Freewell 1.33x Anamorphic Lens with 17mm Mount FW-PROANM-1.33X";""
"087897";"";"Termovízna kamera Mileseey TR20 Pro";"2822f2d0-92c6-11f1-9313-bc2411833e01";"";"6971915320023";"";"";"Náradie a dielňa > Meracie nástroje";"Náradie a dielňa > Meracie nástroje";"";"";"";"";"";"";"";"";"";"Mileseey TR20 Pro";""
"087904";"";"Lovecký ďalekohľad Mileseey IONJET2";"285b22ea-92c6-11f1-b521-bc2411833e01";"";"6971915323055";"";"";"TV, audio a video > Foto a optika > Ďalekohľad";"TV, audio a video > Foto a optika > Ďalekohľad";"";"";"";"";"";"";"";"";"";"Mileseey IONJET2";""
"087756";"";"Inteligentná zásuvka MEROSS MSS315CFH-EU s monitorovaním spotreby energie (Matter) (sada 4 ks)";"28dcb92c-92c6-11f1-a06c-bc2411833e01";"";"6973696569479";"";"";"Bezpečnosť a smart domácnosť > Prvky výkonu > Smart zástrčky > Zásuvky";"Bezpečnosť a smart domácnosť > Prvky výkonu > Smart zástrčky > Zásuvky";"";"";"";"";"";"";"";"";"";"Meross MSS315CFH-EU";""
"087758";"";"MEROSS MRS100MA(EU) Inteligentný Wi-Fi (Matter) vypínač na rolety (balenie po 4 ks)";"28e7c920-92c6-11f1-8658-bc2411833e01";"";"6942349220999";"";"";"Bezpečnosť a smart domácnosť > Riadiace jednotky > Smart ovládače";"Bezpečnosť a smart domácnosť > Riadiace jednotky > Smart ovládače";"";"";"";"";"";"";"";"";"";"Meross MRS100MA(EU)";""
"087759";"";"MEROSS MRS105MA-EU Inteligentný ovládač rolet s podporou Wi-Fi (Matter) (balenie po 4 ks)";"28f23cd4-92c6-11f1-96da-bc2411833e01";"";"6942349202025";"";"";"Bezpečnosť a smart domácnosť > Riadiace jednotky > Smart ovládače";"Bezpečnosť a smart domácnosť > Riadiace jednotky > Smart ovládače";"";"";"";"";"";"";"";"";"";"Meross MRS105MA-EU";""
"087760";"";"MEROSS MRS200MA-EU – inteligentný navíjací mechanizmus na rolety s Wi-Fi";"29070894-92c6-11f1-ae0b-bc2411833e01";"";"6942349208669";"";"";"Bezpečnosť a smart domácnosť > Riadiace jednotky > Smart ovládače";"Bezpečnosť a smart domácnosť > Riadiace jednotky > Smart ovládače";"";"";"";"";"";"";"";"";"";"Meross MRS200MA-EU";""
"087762";"";"MEROSS MA151-UN Inteligentný Wi-Fi detektor dymu";"291dea32-92c6-11f1-b6b2-bc2411833e01";"";"6942349202070";"";"";"Bezpečnosť a smart domácnosť > Prvky výkonu > Senzory";"Bezpečnosť a smart domácnosť > Prvky výkonu > Senzory";"";"";"";"";"";"";"";"";"";"Meross Smart Smoke MEROSS-MA151-EU-1932";""
"087757";"";"MEROSS EM06P-EU Inteligentný monitor spotreby energie s pripojením Wi-Fi";"295d170c-92c6-11f1-9326-bc2411833e01";"";"6942349203404";"";"";"Bezpečnosť a smart domácnosť > Riadiace jednotky > Smart ovládače";"Bezpečnosť a smart domácnosť > Riadiace jednotky > Smart ovládače";"";"";"";"";"";"";"";"";"";"Meross Smart Energy Monitor - MEROSS-EM06P-EU-1858";""
"083180";"";"LED svietidlo NEEWER RBB1200";"29c982c0-92c6-11f1-a412-bc2411833e01";"";"6921268813574";"";"";"TV, audio a video > Foto a optika > Fotoateliér > Svietidlá";"TV, audio a video > Foto a optika > Fotoateliér > Svietidlá";"";"";"";"";"";"";"";"";"";"NEEWER RBB1200";""
"083179";"";"Sada 2 ks LED svietidiel NEEWER RGB1200 60 W V4";"29df0938-92c6-11f1-a9fe-bc2411833e01";"";"6976831830120";"";"";"TV, audio a video > Foto a optika > Fotoateliér > Svietidlá";"TV, audio a video > Foto a optika > Fotoateliér > Svietidlá";"";"";"";"";"";"";"";"";"";"NEEWER RGB1200 60 W V4";""
"083197";"";"LED svietidlo Neewer CB300C RGB";"29f55dfa-92c6-11f1-9a74-bc2411833e01";"";"6976831839932";"";"";"TV, audio a video > Foto a optika > Fotoateliér > Svietidlá";"TV, audio a video > Foto a optika > Fotoateliér > Svietidlá";"";"";"";"";"";"";"";"";"";"Neewer CB300C RGB";""
"083182";"";"LED svietidlo NEEWER APC100C";"2a224464-92c6-11f1-b52a-bc2411833e01";"";"6976831837860";"";"";"TV, audio a video > Foto a optika > Fotoateliér > Svietidlá";"TV, audio a video > Foto a optika > Fotoateliér > Svietidlá";"";"";"";"";"";"";"";"";"";"NEEWER APC100C";""
"083198";"";"Dvojfarebné LED svietidlo Neewer CB300B";"2a384c00-92c6-11f1-9643-bc2411833e01";"";"6976831838874";"";"";"TV, audio a video > Foto a optika > Fotoateliér > Svietidlá";"TV, audio a video > Foto a optika > Fotoateliér > Svietidlá";"";"";"";"";"";"";"";"";"";"Neewer CB300B";""
"083178";"";"LED svietidlo NEEWER RGB1200";"2a433886-92c6-11f1-9f2a-bc2411833e01";"";"6921268813611";"";"";"TV, audio a video > Foto a optika > Fotoateliér > Svietidlá";"TV, audio a video > Foto a optika > Fotoateliér > Svietidlá";"";"";"";"";"";"";"";"";"";"Neewer RGB1200";""
"083199";"";"Dvojfarebné LED svietidlo Neewer CB200B";"2a5ad6a8-92c6-11f1-9571-bc2411833e01";"";"6976831830250";"";"";"TV, audio a video > Foto a optika > Fotoateliér > Svietidlá";"TV, audio a video > Foto a optika > Fotoateliér > Svietidlá";"";"";"";"";"";"";"";"";"";"Neewer CB200B";""
"083200";"";"LED svietidlo Neewer CB200C RGB";"2a654976-92c6-11f1-8dd0-bc2411833e01";"";"6976831838898";"";"";"TV, audio a video > Foto a optika > Fotoateliér > Svietidlá";"TV, audio a video > Foto a optika > Fotoateliér > Svietidlá";"";"";"";"";"";"";"";"";"";"Neewer CB200C RGB";""
"083201";"";"LED svietidlo Neewer MS60C RGB";"2a6fb29e-92c6-11f1-8325-bc2411833e01";"";"6921268813833";"";"";"TV, audio a video > Foto a optika > Fotoateliér > Svietidlá";"TV, audio a video > Foto a optika > Fotoateliér > Svietidlá";"";"";"";"";"";"";"";"";"";"Neewer MS60C RGB";""
"083183";"";"LED trubicové svietidlo NEEWER TL60 20 W";"2a7a0c3a-92c6-11f1-94b4-bc2411833e01";"";"6976831830113";"";"";"TV, audio a video > Foto a optika > Fotoateliér > Svietidlá";"TV, audio a video > Foto a optika > Fotoateliér > Svietidlá";"";"";"";"";"";"";"";"";"";"NEEWER TL60, 20 W";""
"083203";"";"Mini LED svietidlo Neewer HB80C RGB COB";"2adc2c58-92c6-11f1-b413-bc2411833e01";"";"6921268812928";"";"";"TV, audio a video > Foto a optika > Fotoateliér > Svietidlá";"TV, audio a video > Foto a optika > Fotoateliér > Svietidlá";"";"";"";"";"";"";"";"";"";"Neewer HB80C RGB COB";""
"083187";"";"NEEWER GR18C Okrúhly LED panel pre bočné osvetlenie";"2af661f4-92c6-11f1-9902-bc2411833e01";"";"6976831838867";"";"";"TV, audio a video > Foto a optika > Fotoateliér > Svietidlá";"TV, audio a video > Foto a optika > Fotoateliér > Svietidlá";"";"";"";"";"";"";"";"";"";"NEEWER GR18C";""
"083188";"";"Magnetické LED svietidlo NEEWER BL60C";"2b00e048-92c6-11f1-9a00-bc2411833e01";"";"6976831831219";"";"";"TV, audio a video > Foto a optika > Fotoateliér > Svietidlá";"TV, audio a video > Foto a optika > Fotoateliér > Svietidlá";"";"";"";"";"";"";"";"";"";"NEEWER BL60C";""
"083204";"";"Prenosné dvojfarebné LED osvetlenie Neewer HS200B";"2b0b9182-92c6-11f1-9784-bc2411833e01";"";"6921268817381";"";"";"TV, audio a video > Foto a optika > Fotoateliér > Svietidlá";"TV, audio a video > Foto a optika > Fotoateliér > Svietidlá";"";"";"";"";"";"";"";"";"";"Neewer HS200B ručné Bi-Color LED video svetlo 10106508";""
"083191";"";"Dvojfarebné ručné LED trubicové svietidlo NEEWER";"2b5a6dc0-92c6-11f1-b71c-bc2411833e01";"";"6976831839338";"";"";"TV, audio a video > Foto a optika > Fotoateliér > Svietidlá";"TV, audio a video > Foto a optika > Fotoateliér > Svietidlá";"";"";"";"";"";"";"";"";"";"Neewer Basics ručné Bi-Color LED trubicové video svetlo 10106583";""
"083192";"";"Ručné LED svietidlo NEEWER RGB s trubicovým dizajnom";"2b7b5f44-92c6-11f1-bd37-bc2411833e01";"";"6976831838904";"";"";"TV, audio a video > Foto a optika > Fotoateliér > Svietidlá";"TV, audio a video > Foto a optika > Fotoateliér > Svietidlá";"";"";"";"";"";"";"";"";"";"NEEWER RGB";""
"083207";"";"NEEWER BASICS N12 Mini blesk";"2bba7efe-92c6-11f1-8038-bc2411833e01";"";"6921268814311";"";"";"TV, audio a video > Foto a optika > Príslušenstvo > Pre fotoaparáty a videokamery";"TV, audio a video > Foto a optika > Príslušenstvo > Pre fotoaparáty a videokamery";"";"";"";"";"";"";"";"";"";"NEEWER BASICS N12";""
"083195";"";"Štúdiové LED osvetlenie NEEWER CB60 RGB, 70 W, CRI 97+";"2bce7de6-92c6-11f1-886b-bc2411833e01";"";"6976831830236";"";"";"TV, audio a video > Foto a optika > Fotoateliér > Svietidlá";"TV, audio a video > Foto a optika > Fotoateliér > Svietidlá";"";"";"";"";"";"";"";"";"";"NEEWER CB60 RGB 70W";""
"087709";"";"Športové slnečné okuliare ZEBLAZE Q01 v fialovej farbe";"2cf46942-92c6-11f1-891d-bc2411833e01";"";"6946639814097";"";"";"TV, audio a video > Počítače a príslušenstvo > Herné príslušenstvo > Okuliare pre rozšírenú realitu";"TV, audio a video > Počítače a príslušenstvo > Herné príslušenstvo > Okuliare pre rozšírenú realitu";"";"";"";"";"";"";"";"";"";"ZEBLAZE Q01";""
"083723";"";"Sada na selfie Neewer SRP18C s priemerom 17 cm a okrúhlym LED osvetlením pre telefón";"2cff6414-92c6-11f1-a0ee-bc2411833e01";"";"6976831832421";"";"";"TV, audio a video > Foto a optika > Fotoateliér > Kruhové svetlá";"TV, audio a video > Foto a optika > Fotoateliér > Kruhové svetlá";"";"";"";"";"";"";"";"";"";"Neewer SRP18C na selfie s priemerom 17 cm s okrúhlym LED osvetlením pre mobilné telefóny";""
"087711";"";"Športové slnečné okuliare ZEBLAZE Q01 v striebornej farbe";"2d14956e-92c6-11f1-8241-bc2411833e01";"";"6946639814110";"";"";"TV, audio a video > Počítače a príslušenstvo > Herné príslušenstvo > Okuliare pre rozšírenú realitu";"TV, audio a video > Počítače a príslušenstvo > Herné príslušenstvo > Okuliare pre rozšírenú realitu";"";"";"";"";"";"";"";"";"";"ZEBLAZE Q01";""
"083721";"";"Sada flexibilného osvetlenia Neewer BH40C s dvoma ramenami";"2d3e31b2-92c6-11f1-803b-bc2411833e01";"";"6976831838980";"";"";"TV, audio a video > Foto a optika > Fotoateliér > Svietidlá";"TV, audio a video > Foto a optika > Fotoateliér > Svietidlá";"";"";"";"";"";"";"";"";"";"Neewer BH40C se dvěma rameny";""
"083769";"";"Batéria NEEWER, 3450 mAh, 14,54 V, 50 Wh";"2d6c0e48-92c6-11f1-aabc-bc2411833e01";"";"6976831831745";"";"";"TV, audio a video > Foto a optika > Príslušenstvo > Ostatné";"TV, audio a video > Foto a optika > Príslušenstvo > Ostatné";"";"";"";"";"";"";"";"";"";"Neewer 90095722";""
"086696";"";"Filament Anycubic TPU (čierny) 1 kg";"2d8c2f7a-92c6-11f1-9131-bc2411833e01";"";"6974662353092";"";"";"Kreatívne technológie > 3D tlač > Vlákna";"Kreatívne technológie > 3D tlač > Vlákna";"";"";"";"";"";"";"";"";"";"Anycubic TPU Black 1,75 mm 1000 g";""
"086702";"";"Filament Anycubic TPU (priehľadná modrá) 1 kg";"2d96a176-92c6-11f1-b798-bc2411833e01";"";"6974662353153";"";"";"Kreatívne technológie > 3D tlač > Vlákna";"Kreatívne technológie > 3D tlač > Vlákna";"";"";"";"";"";"";"";"";"";"Anycubic TPU Clear Blue 1,75 mm 1000 g";""
"086703";"";"Filament Anycubic TPU (priehľadná zelená) 1 kg";"2da13c80-92c6-11f1-976c-bc2411833e01";"";"6974662353160";"";"";"Kreatívne technológie > 3D tlač > Vlákna";"Kreatívne technológie > 3D tlač > Vlákna";"";"";"";"";"";"";"";"";"";"Anycubic TPU Clear Green 1,75 mm 1000 g";""
"086698";"";"Filament Anycubic TPU (priehľadný) 1 kg";"2dabc59c-92c6-11f1-9fa7-bc2411833e01";"";"6974662353115";"";"";"Kreatívne technológie > 3D tlač > Vlákna";"Kreatívne technológie > 3D tlač > Vlákna";"";"";"";"";"";"";"";"";"";"Anycubic TPU Clear 1,75 mm 1000 g";""
"086700";"";"Filament Anycubic TPU (priehľadná oranžová) 1 kg";"2db6aaca-92c6-11f1-8d0f-bc2411833e01";"";"6974662353139";"";"";"Kreatívne technológie > 3D tlač > Vlákna";"Kreatívne technológie > 3D tlač > Vlákna";"";"";"";"";"";"";"";"";"";"Anycubic TPU Clear Orange 1,75 mm 1000 g";""
"086701";"";"Filament Anycubic TPU (priehľadná červená) 1 kg";"2dcd1d82-92c6-11f1-92c6-bc2411833e01";"";"6974662353146";"";"";"Kreatívne technológie > 3D tlač > Vlákna";"Kreatívne technológie > 3D tlač > Vlákna";"";"";"";"";"";"";"";"";"";"Canon Selphy Square QX20 červená";""
"087951";"";"Ultimea Poseidon R3T Soundbar";"2e2e7e4c-92c6-11f1-8a5c-bc2411833e01";"";"4262533461208";"";"";"TV, audio a video > Audio technika > Reproduktory > Soundbary";"TV, audio a video > Audio technika > Reproduktory > Soundbary";"";"";"";"";"";"";"";"";"";"Ultimea Poseidon R3T 60289-uniw";""
"088094";"";"Detektor kovov GARRETT AT Gold 5x8";"2e5852b2-92c6-11f1-9632-bc2411833e01";"";"786156004023";"";"";"Náradie a dielňa > Ostatné";"Náradie a dielňa > Ostatné";"";"";"";"";"";"";"";"";"";"Garrett AT Gold";""
"083754";"";"Neewer LS-300 – bodové svetlo s výkonom 300 W a uchytením Bowens";"2eab31e4-92c6-11f1-a251-bc2411833e01";"";"6921268817763";"";"";"TV, audio a video > Foto a optika > Fotoateliér > Svietidlá";"TV, audio a video > Foto a optika > Fotoateliér > Svietidlá";"";"";"";"";"";"";"";"";"";"Neewer LS-300";""
"083750";"";"Stativová hlavica Dolly pre stativy Neewer SW-600, veľkosť L";"2f9cd634-92c6-11f1-a740-bc2411833e01";"";"6921268815257";"";"";"TV, audio a video > Foto a optika > Selfie tyče > statívy > držiaky > Statívy";"TV, audio a video > Foto a optika > Selfie tyče > statívy > držiaky > Statívy";"";"";"";"";"";"";"";"";"";"Neewer SW-600";""
"087090";"";"OTTOCAST OTTOAIBOX N95C – monitor do auta + zadná kamera";"2fc0ddfe-92c6-11f1-90f3-bc2411833e01";"";"6977341740268";"";"";"Auto-moto > Monitory automobilov";"Auto-moto > Monitory automobilov";"";"";"";"";"";"";"";"";"";"Ottocast OttoAibox N95C";""
"088215";"";"Súprava vonkajšej IP kamery IMOU AOV PT s funkciou otáčania a naklápania";"2fcc6318-92c6-11f1-bf02-bc2411833e01";"";"6971927235704";"";"";"Bezpečnosť a smart domácnosť > IP kamery";"Bezpečnosť a smart domácnosť > IP kamery";"";"";"";"";"";"";"";"";"";"Dahua IPC-B7ED-5M1TEA-EU/FSP14";""
"087356";"";"Vnútorná IP kamera IMOU IPC-C32EP";"2fd75f2a-92c6-11f1-b41a-bc2411833e01";"";"6976391032903";"";"";"Bezpečnosť a smart domácnosť > IP kamery";"Bezpečnosť a smart domácnosť > IP kamery";"";"";"";"";"";"";"";"";"";"Dahua IMOU IPC-C22EP-A";""
"087830";"";"Inteligentná zásuvka IMOU CE2P, balenie po 2 ks";"2fe47476-92c6-11f1-a7b9-bc2411833e01";"";"6937479643275";"";"";"Bezpečnosť a smart domácnosť > Prvky výkonu > Smart zástrčky > Zásuvky";"Bezpečnosť a smart domácnosť > Prvky výkonu > Smart zástrčky > Zásuvky";"";"";"";"";"";"";"";"";"";"Imou by Dahua CE2P IOT-CE2P-16A-MAT-EU";""
"087811";"";"Súprava bezdrôtového zvončeka IMOU 2S";"2ff0098a-92c6-11f1-a547-bc2411833e01";"";"6976391039506";"";"";"Bezpečnosť a smart domácnosť > Príslušenstvo";"Bezpečnosť a smart domácnosť > Príslušenstvo";"";"";"";"";"";"";"";"";"";"Imou by Dahua 2S Kit/ DB-2SP-3T0W/DS2S";""
"087821";"";"Bezdrôtový router IMOU HR340 s rýchlosťou 300 Mbps";"301d585e-92c6-11f1-8be0-bc2411833e01";"";"6976391033986";"";"";"TV, audio a video > Počítače a príslušenstvo > Routery";"TV, audio a video > Počítače a príslušenstvo > Routery";"";"";"";"";"";"";"";"";"";"Imou HR340";""
"087816";"";"IMOU S800 PRO palubná kamera, 4K";"3062b25a-92c6-11f1-ab97-bc2411833e01";"";"6939554951343";"";"";"Auto-moto > Videorekordéry > Videorekordéry";"Auto-moto > Videorekordéry > Videorekordéry";"";"";"";"";"";"";"";"";"";"IMOU Dash Cam S800 PRO";""
"086704";"";"Filament Anycubic TPU (mliečna biela) 1 kg";"30780628-92c6-11f1-9f94-bc2411833e01";"";"6974662353177";"";"";"Kreatívne technológie > 3D tlač > Vlákna";"Kreatívne technológie > 3D tlač > Vlákna";"";"";"";"";"";"";"";"";"";"AnyCubic TPU 1,75 mm 1kg, Bílá";""
"088203";"";"Elektrický skúter NAVEE GT5 Max";"314380b4-92c6-11f1-bacd-bc2411833e01";"";"8885022071014";"";"";"Šport, hračky a voľný čas > Outdoor > Elektrické skútre";"Šport, hračky a voľný čas > Outdoor > Elektrické skútre";"";"";"";"";"";"";"";"";"";"Navee GT5 Max";""
"088204";"";"Elektrický skúter NAVEE GT5 Pro";"314ff646-92c6-11f1-88b0-bc2411833e01";"";"8885022070956";"";"";"Šport, hračky a voľný čas > Outdoor > Elektrické skútre";"Šport, hračky a voľný čas > Outdoor > Elektrické skútre";"";"";"";"";"";"";"";"";"";"Navee GT5 Pro";""
"088205";"";"Elektrický skúter NAVEE V45i";"315c90ea-92c6-11f1-bb82-bc2411833e01";"";"6975293679162";"";"";"Šport, hračky a voľný čas > Outdoor > Elektrické skútre";"Šport, hračky a voľný čas > Outdoor > Elektrické skútre";"";"";"";"";"";"";"";"";"";"Navee V45i";""
"088341";"";"Filament ANYCUBIC IPHPLGE-107 PLA, 1 kg (sivý)";"31670e8a-92c6-11f1-9109-bc2411833e01";"";"6974662351685";"";"";"Kreatívne technológie > 3D tlač > Vlákna";"Kreatívne technológie > 3D tlač > Vlákna";"";"";"";"";"";"";"";"";"";"AnyCubic PLA struna 1,75 mm pro 3D tiskárnu, 1kg, Šedá 6974662351685";""
"088344";"";"Filament ANYCUBIC IPHPFFW-101 PLA-CF 1 kg (biela farba s rybím šupinovým vzorom)";"3173c27e-92c6-11f1-bc64-bc2411833e01";"";"6974662354297";"";"";"Kreatívne technológie > 3D tlač > Vlákna";"Kreatívne technológie > 3D tlač > Vlákna";"";"";"";"";"";"";"";"";"";"AnyCubic PLA struna 1,75 mm pro 3D tiskárnu, 1kg, Bílá 6974662351678";""
"088001";"";"Bezdrôtový adaptér Carlinkit TBOX ULTRA 2 pre CarPlay/Android Auto";"31a059ce-92c6-11f1-a1d9-bc2411833e01";"";"6972185561093";"";"";"Auto-moto > Bezdrôtové adaptéry CarPlay > Android Auto";"Auto-moto > Bezdrôtové adaptéry CarPlay > Android Auto";"";"";"";"";"";"";"";"";"";"Carlinkit Tbox Ultra 2 5G 8+128 GB";""
"088003";"";"Bezdrôtový adaptér Carlinkit 2AIR-T pre CarPlay/Android Auto";"31b606fc-92c6-11f1-92b7-bc2411833e01";"";"6972185561109";"";"";"Auto-moto > Bezdrôtové adaptéry CarPlay > Android Auto";"Auto-moto > Bezdrôtové adaptéry CarPlay > Android Auto";"";"";"";"";"";"";"";"";"";"Carlinkit 2Air-T";""
"088004";"";"Bezdrôtový adaptér Carlinkit CP2A PRO pre CarPlay/Android Auto";"31c1d572-92c6-11f1-9ed3-bc2411833e01";"";"6972185561079";"";"";"Auto-moto > Bezdrôtové adaptéry CarPlay > Android Auto";"Auto-moto > Bezdrôtové adaptéry CarPlay > Android Auto";"";"";"";"";"";"";"";"";"";"Carlinkit CP2A-PRO";""
"088200";"";"Slúchadlá ONIKUMA B100 (biele)";"3310b3da-92c6-11f1-a56b-bc2411833e01";"";"6972470563399";"";"";"Zdravie a starostlivosť > Matka a dieťa > Elektronické príslušenstvo > Slúchadlá a reproduktory";"Zdravie a starostlivosť > Matka a dieťa > Elektronické príslušenstvo > Slúchadlá a reproduktory";"";"";"";"";"";"";"";"";"";"Onikuma B100 RGB";""
"088201";"";"Bezdrôtové slúchadlá ONIKUMA T209";"331d9794-92c6-11f1-a764-bc2411833e01";"";"6972470563955";"";"";"Zdravie a starostlivosť > Matka a dieťa > Elektronické príslušenstvo > Slúchadlá a reproduktory";"Zdravie a starostlivosť > Matka a dieťa > Elektronické príslušenstvo > Slúchadlá a reproduktory";"";"";"";"";"";"";"";"";"";"ONIKUMA T209 30";""
"088718";"";"BALDRTHERM B0596WT2H2P-V1 – meteorologická stanica napájaná solárnou energiou (čierna)";"334bda3c-92c6-11f1-adc5-bc2411833e01";"";"5905156107120";"";"";"Domáce spotrebiče > Malé spotrebiče > Teplomery";"Domáce spotrebiče > Malé spotrebiče > Teplomery";"";"";"";"";"";"";"";"";"";"BALDRTHERM B0596WT2H2P-V1 Solární meteorologická stanice (černá)";""
"088696";"";"Držiak Sunnylife pre Insta360 Ace Pro 2/1";"33f1f93a-92c6-11f1-b3a4-bc2411833e01";"";"5905156105652";"";"";"TV, audio a video > Foto a optika > Príslušenstvo > Pre športové kamery";"TV, audio a video > Foto a optika > Príslušenstvo > Pre športové kamery";"";"";"";"";"";"";"";"";"";"Držák Sunnylife pro Insta360 Ace Pro 2/1";""
"088747";"";"TERMOVÍZNA KAMERA THERMAL MASTER X2 USB-C Mini";"3475e3bc-92c6-11f1-8ed1-bc2411833e01";"";"6977658980494";"";"";"TV, audio a video > Foto a optika > Príslušenstvo > Ostatné";"TV, audio a video > Foto a optika > Príslušenstvo > Ostatné";"";"";"";"";"";"";"";"";"";"THERMAL MASTER X2 USB-C Mini";""
"088750";"";"Termovízna kamera THERMAL MASTER T2Max";"3480843e-92c6-11f1-99a0-bc2411833e01";"";"6977658980531";"";"";"Náradie a dielňa > Ostatné";"Náradie a dielňa > Ostatné";"";"";"";"";"";"";"";"";"";"Thermal Master T2 Max";""
"088754";"";"Elektrický bicykel ENGWE L20 3.0 BOOST 250 W s 20-palcovými kolesami (čierny)";"34bc6cc4-92c6-11f1-9b60-bc2411833e01";"";"6975639441071";"";"";"Šport, hračky a voľný čas > Elektrické bicykle";"Šport, hračky a voľný čas > Elektrické bicykle";"";"";"";"";"";"";"";"";"";"ENGWE L20 3.0 Boost 2025";""
"088873";"";"Nabíjacia stanica FOSSIBOT FBP1200 1200 W (zelená)";"35adf77e-92c6-11f1-85ef-bc2411833e01";"";"6942580505053";"";"";"Fotovoltaika a energie > Elektrické stanice > Elektrické stanice";"Fotovoltaika a energie > Elektrické stanice > Elektrické stanice";"";"";"";"";"";"";"";"";"";"FOSSIBOT FBP1200";""
"088875";"";"Nabíjacia stanica FOSSIBOT F7200 s výkonom 7200 W (zelená)";"35c3a20e-92c6-11f1-9cd0-bc2411833e01";"";"6942580504926";"";"";"Fotovoltaika a energie > Elektrické stanice > Elektrické stanice";"Fotovoltaika a energie > Elektrické stanice > Elektrické stanice";"";"";"";"";"";"";"";"";"";"FOSSIBOT F7200";""
"088883";"";"Projektor AURZEN Boom Mini Black";"35f780c4-92c6-11f1-b18d-bc2411833e01";"";"6978642440222";"";"";"TV, audio a video > Počítače a príslušenstvo > Projektory a plátna > Projektory";"TV, audio a video > Počítače a príslušenstvo > Projektory a plátna > Projektory";"";"";"";"";"";"";"";"";"";"Mini projektor AURZEN Boom";""
"083715";"";"Blesk Neewer Z2PRO-F 3000 mAh pre fotoaparáty Fujifilm";"3695ac90-92c6-11f1-8e6b-bc2411833e01";"";"6976831830359";"";"";"TV, audio a video > Foto a optika > Príslušenstvo > Pre fotoaparáty a videokamery";"TV, audio a video > Foto a optika > Príslušenstvo > Pre fotoaparáty a videokamery";"";"";"";"";"";"";"";"";"";"Neewer Z2PRO-F TTL so guľatou hlavou a kapacitou 3000 mA";""
"087055";"";"Bezdrôtový ovládač GameSir G7 Pro DD2";"3707b5ce-92c6-11f1-b11f-bc2411833e01";"";"6936685222526";"";"";"TV, audio a video > Počítače a príslušenstvo > Herné príslušenstvo > Herné podložky > Podložky";"TV, audio a video > Počítače a príslušenstvo > Herné príslušenstvo > Herné podložky > Podložky";"";"";"";"";"";"";"";"";"";"GameSir G7 Pro HRG22999B";""
"086668";"";"Mobilný ovládač GameSir X5s (biely)";"37230af4-92c6-11f1-8d44-bc2411833e01";"";"6936685222373";"";"";"TV, audio a video > Mobily a tablety > Herné ovládače";"TV, audio a video > Mobily a tablety > Herné ovládače";"";"";"";"";"";"";"";"";"";"Nintendo Switch 2 Pro Controller";""
"086666";"";"Ovládač GameSir T4n Nova Lite (modrý)";"373d42b6-92c6-11f1-8ef5-bc2411833e01";"";"6936685221710";"";"";"TV, audio a video > Počítače a príslušenstvo > Herné príslušenstvo > Herné podložky > Podložky";"TV, audio a video > Počítače a príslušenstvo > Herné príslušenstvo > Herné podložky > Podložky";"";"";"";"";"";"";"";"";"";"GameSir Nova Lite Multiplatform Sky Blue HRG71096";""
"086665";"";"Ovládač GameSir T4n Nova Lite (zelený)";"374743d8-92c6-11f1-9bdc-bc2411833e01";"";"6936685221727";"";"";"TV, audio a video > Počítače a príslušenstvo > Herné príslušenstvo > Herné podložky > Podložky";"TV, audio a video > Počítače a príslušenstvo > Herné príslušenstvo > Herné podložky > Podložky";"";"";"";"";"";"";"";"";"";"GameSir Nova Lite Multiplatform Domino White HRG7109";""
"086664";"";"Ovládač GameSir T4n Nova Lite (žltý)";"37514dce-92c6-11f1-b049-bc2411833e01";"";"6936685221697";"";"";"TV, audio a video > Počítače a príslušenstvo > Herné príslušenstvo > Herné podložky > Podložky";"TV, audio a video > Počítače a príslušenstvo > Herné príslušenstvo > Herné podložky > Podložky";"";"";"";"";"";"";"";"";"";"GameSir Nova Lite Multiplatform Domino White HRG7109";""
"086663";"";"Ovládač GameSir T4n Nova Lite (ružový)";"375c1df8-92c6-11f1-b0e9-bc2411833e01";"";"6936685221734";"";"";"TV, audio a video > Počítače a príslušenstvo > Herné príslušenstvo > Herné podložky > Podložky";"TV, audio a video > Počítače a príslušenstvo > Herné príslušenstvo > Herné podložky > Podložky";"";"";"";"";"";"";"";"";"";"GameSir Nova Lite Multiplatform Domino White HRG7109";""
"086660";"";"GameSir T7 Pro – ovládač pre Xbox/PC";"3772364c-92c6-11f1-aa02-bc2411833e01";"";"6936685223035";"";"";"TV, audio a video > Počítače a príslušenstvo > Herné príslušenstvo > Herné podložky > Podložky";"TV, audio a video > Počítače a príslušenstvo > Herné príslušenstvo > Herné podložky > Podložky";"";"";"";"";"";"";"";"";"";"GameSir T7 Pro HRG7200";""
"088743";"";"MERACH MR-2397 Trenažér na stehná a panvové dno (modrý)";"3819a472-92c6-11f1-bbb6-bc2411833e01";"";"5905156105775";"";"";"Šport, hračky a voľný čas > Fitness Vybavenie";"Šport, hračky a voľný čas > Fitness Vybavenie";"";"";"";"";"";"";"";"";"";"Merach Trainer MR-2397B2";""
"088744";"";"MERACH MR-2397 Tréningový prístroj na stehná a panvové dno (ružový)";"382437f2-92c6-11f1-9ed6-bc2411833e01";"";"5905156105805";"";"";"Šport, hračky a voľný čas > Fitness Vybavenie";"Šport, hračky a voľný čas > Fitness Vybavenie";"";"";"";"";"";"";"";"";"";"Merach Trainer MR-2397P2";""
"089917";"";"Hliníkový obojsmerný montážny adaptér Sunnylife pre Osmo Nano / Action 6";"3a0426fe-92c6-11f1-954b-bc2411833e01";"";"5905156107816";"";"";"TV, audio a video > Foto a optika > Selfie tyče > statívy > držiaky > Adaptéry";"TV, audio a video > Foto a optika > Selfie tyče > statívy > držiaky > Adaptéry";"";"";"";"";"";"";"";"";"";"Sunnylife pro Osmo Nano / Action 6";""
"089920";"";"Sunnylife 1/4"" adaptér s rýchloupínaním a otočným uhlom 180° pre Insta360 X4 Air / X5 / Ace Pro 2 / 1 / Ace";"3a25d9ac-92c6-11f1-afff-bc2411833e01";"";"5905156107847";"";"";"TV, audio a video > Foto a optika > Selfie tyče > statívy > držiaky > Adaptéry";"TV, audio a video > Foto a optika > Selfie tyče > statívy > držiaky > Adaptéry";"";"";"";"";"";"";"";"";"";"Sunnylife 1/4 adaptér s rychloupínáním a otočným úhlem 180° pro Insta360 X4 Air / X5 / Ace Pro 2 / 1 / Ace";""
"089922";"";"Magnetický upevňovací adaptér Sunnylife s guľovým kĺbom pre Osmo Nano / Action 6";"3a3d5456-92c6-11f1-b47f-bc2411833e01";"";"5905156107908";"";"";"TV, audio a video > Foto a optika > Selfie tyče > statívy > držiaky > Adaptéry";"TV, audio a video > Foto a optika > Selfie tyče > statívy > držiaky > Adaptéry";"";"";"";"";"";"";"";"";"";"Sunnylife s kulovým kloubem pro Osmo Nano / Action 6";""
"086749";"";"3D tlačiareň LK10 s väčším formátom";"3b14d804-92c6-11f1-8908-bc2411833e01";"";"5905156104242";"";"";"Kreatívne technológie > 3D tlač > 3D tlačiarne";"Kreatívne technológie > 3D tlač > 3D tlačiarne";"";"";"";"";"";"";"";"";"";"Longer LK10";""
"088772";"";"ANLAN 01-AMFY52-02A Masážny prístroj na tvár a oči";"3b1fae8c-92c6-11f1-9fab-bc2411833e01";"";"6977254877877";"";"";"Zdravie a starostlivosť > Prístroje na tvár > Masážne prístroje";"Zdravie a starostlivosť > Prístroje na tvár > Masážne prístroje";"";"";"";"";"";"";"";"";"";"Anlan 01-AMFY52-02A";""
"088719";"";"Herné slúchadlá ONIKUMA GT805 (čierne)";"3b3579e2-92c6-11f1-97b9-bc2411833e01";"";"6972470564556";"";"";"Zdravie a starostlivosť > Matka a dieťa > Elektronické príslušenstvo > Slúchadlá a reproduktory";"Zdravie a starostlivosť > Matka a dieťa > Elektronické príslušenstvo > Slúchadlá a reproduktory";"";"";"";"";"";"";"";"";"";"ONIKUMA GT805";""
"088720";"";"Herné slúchadlá ONIKUMA GT888 (čierne)";"3b4076b2-92c6-11f1-9834-bc2411833e01";"";"6972470564617";"";"";"Zdravie a starostlivosť > Matka a dieťa > Elektronické príslušenstvo > Slúchadlá a reproduktory";"Zdravie a starostlivosť > Matka a dieťa > Elektronické príslušenstvo > Slúchadlá a reproduktory";"";"";"";"";"";"";"";"";"";"ONIKUMA GT888";""
"088721";"";"Herné slúchadlá ONIKUMA GT886 (čierne)";"3b4b45d8-92c6-11f1-a71f-bc2411833e01";"";"6972470564785";"";"";"Zdravie a starostlivosť > Matka a dieťa > Elektronické príslušenstvo > Slúchadlá a reproduktory";"Zdravie a starostlivosť > Matka a dieťa > Elektronické príslušenstvo > Slúchadlá a reproduktory";"";"";"";"";"";"";"";"";"";"ONIKUMA GT886";""
"087890";"";"Tlačiareň na označovanie káblov NIIMBOT C1";"3c106a48-92c6-11f1-83ed-bc2411833e01";"";"6978061959022";"";"";"Náradie a dielňa > Kancelária a škola > Tlačiarne štítkov > Tlačiarne štítkov";"Náradie a dielňa > Kancelária a škola > Tlačiarne štítkov > Tlačiarne štítkov";"";"";"";"";"";"";"";"";"";"Niimbot C1";""
"088735";"";"Elektrický bežecký pás DeerRun Q2 Urban Plus (čierny)";"3c9fa7f8-92c6-11f1-ae39-bc2411833e01";"";"6980051300011";"";"";"Šport, hračky a voľný čas > Elektrické bežecké pásy";"Šport, hračky a voľný čas > Elektrické bežecké pásy";"";"";"";"";"";"";"";"";"";"DeerRun Q2 Urban Plus";""
"089353";"";"AMZCHEF CE-FS-I72S-FFDD07 4-zónová indukčná varná doska";"3cc1c5b8-92c6-11f1-9fc8-bc2411833e01";"";"5905156109636";"";"";"Domáce spotrebiče > Malé spotrebiče > Grily, pekárne, variče > Varné platne";"Domáce spotrebiče > Malé spotrebiče > Grily, pekárne, variče > Varné platne";"";"";"";"";"";"";"";"";"";"Amzchef CE-FS-I72S-FFDD07";""
"089354";"";"Indukčná varná doska AMZCHEF CE-FS-I72S-FFDD06, 4 varné zóny";"3ccc235a-92c6-11f1-bc55-bc2411833e01";"";"5905156109643";"";"";"Domáce spotrebiče > Malé spotrebiče > Grily, pekárne, variče > Varné platne";"Domáce spotrebiče > Malé spotrebiče > Grily, pekárne, variče > Varné platne";"";"";"";"";"";"";"";"";"";"AMZCHEF CE-FS-I72S-FFDD06";""
"089355";"";"AMZCHEF CE-T-72CB4xyP200-LBHA keramická varná doska so 4 horákmi";"3cd6e7ae-92c6-11f1-a1ec-bc2411833e01";"";"5905156109650";"";"";"Domáce spotrebiče > Malé spotrebiče > Grily, pekárne, variče > Varné platne";"Domáce spotrebiče > Malé spotrebiče > Grily, pekárne, variče > Varné platne";"";"";"";"";"";"";"";"";"";"Amzchef CE-T-72CB4xyP200-LBHA";""
"089356";"";"AMZCHEF CE-T-74IB3xyzf-CS 3-zónová indukčná varná doska";"3ce1988e-92c6-11f1-a6e2-bc2411833e01";"";"5905156109667";"";"";"Domáce spotrebiče > Malé spotrebiče > Grily, pekárne, variče > Varné platne";"Domáce spotrebiče > Malé spotrebiče > Grily, pekárne, variče > Varné platne";"";"";"";"";"";"";"";"";"";"Amzchef CE-T-74IB3xyzf-CS";""
"089357";"";"AMZCHEF CE-T-74IB4xyzf-CS 4-zónová indukčná varná doska";"3cec0814-92c6-11f1-8268-bc2411833e01";"";"5905156109674";"";"";"Domáce spotrebiče > Malé spotrebiče > Grily, pekárne, variče > Varné platne";"Domáce spotrebiče > Malé spotrebiče > Grily, pekárne, variče > Varné platne";"";"";"";"";"";"";"";"";"";"Amzchef CE-T-74IB4xyzf-CS";""
"089358";"";"Indukčná varná doska AMZCHEF CE-FS-I74S-FFDD10, 4 varné zóny";"3cf673b2-92c6-11f1-ae93-bc2411833e01";"";"9331911828744";"";"";"Domáce spotrebiče > Malé spotrebiče > Grily, pekárne, variče > Varné platne";"Domáce spotrebiče > Malé spotrebiče > Grily, pekárne, variče > Varné platne";"";"";"";"";"";"";"";"";"";"Amzchef CE-FS-I74S-FFDD10";""
"089359";"";"Indukčná varná doska AMZCHEF CE-FS-I95S-GFFDD0 s 5 varnými zónami";"3d032314-92c6-11f1-a58e-bc2411833e01";"";"5905156109681";"";"";"Domáce spotrebiče > Malé spotrebiče > Grily, pekárne, variče > Varné platne";"Domáce spotrebiče > Malé spotrebiče > Grily, pekárne, variče > Varné platne";"";"";"";"";"";"";"";"";"";"Amzchef CE-FS-I95S-GFFDD0";""
"090433";"";"Router GL.iNet Mango s podporou Wi-Fi 4";"3e764dfc-92c6-11f1-bdba-bc2411833e01";"";"6971131380238";"";"";"TV, audio a video > Počítače a príslušenstvo > Routery";"TV, audio a video > Počítače a príslušenstvo > Routery";"";"";"";"";"";"";"";"";"";"GL.iNet GL-MT300N-V2";""
"090435";"";"GL.iNet Beryl AX Wi-Fi 6 router";"3e8cbca4-92c6-11f1-98f4-bc2411833e01";"";"6971131383093";"";"";"TV, audio a video > Počítače a príslušenstvo > Routery";"TV, audio a video > Počítače a príslušenstvo > Routery";"";"";"";"";"";"";"";"";"";"GL.iNet GL-MT3000";""
"090439";"";"Router GL.iNet Slate 7";"3eab90a2-92c6-11f1-8117-bc2411833e01";"";"6971131384762";"";"";"TV, audio a video > Počítače a príslušenstvo > Routery";"TV, audio a video > Počítače a príslušenstvo > Routery";"";"";"";"";"";"";"";"";"";"GL.iNet GL-BE3600";""
"090440";"";"Router GL.iNet Flint";"3eb5b85c-92c6-11f1-9a48-bc2411833e01";"";"6971131382362";"";"";"TV, audio a video > Počítače a príslušenstvo > Routery";"TV, audio a video > Počítače a príslušenstvo > Routery";"";"";"";"";"";"";"";"";"";"GL.iNet GL-AX1800";""
"090441";"";"Router GL.iNet Puli 4G";"3ec007e4-92c6-11f1-8dff-bc2411833e01";"";"6971131381846";"";"";"TV, audio a video > Počítače a príslušenstvo > Routery";"TV, audio a video > Počítače a príslušenstvo > Routery";"";"";"";"";"";"";"";"";"";"GL.iNet GL-XE300-BAT";""
"090442";"";"Router GL.iNet Spitz Plus 4G LTE";"3eca7a9e-92c6-11f1-b446-bc2411833e01";"";"6971131384724";"";"";"TV, audio a video > Počítače a príslušenstvo > Routery";"TV, audio a video > Počítače a príslušenstvo > Routery";"";"";"";"";"";"";"";"";"";"GL.iNet GL-X2000 4G LTE";""
"090443";"";"Router GL.iNet Puli AX 5G NR";"3ed4cd3c-92c6-11f1-a189-bc2411833e01";"";"6971131384182";"";"";"TV, audio a video > Počítače a príslušenstvo > Routery";"TV, audio a video > Počítače a príslušenstvo > Routery";"";"";"";"";"";"";"";"";"";"GL.iNet GL-XE3000 5G";""
"087944";"";"Náhradné vrecká pre Neakas Pooguard";"3faafbfa-92c6-11f1-8150-bc2411833e01";"";"6975532171082";"";"";"Zdravie a starostlivosť > Chovateľské potreby > Ostatné príslušenstvo";"Zdravie a starostlivosť > Chovateľské potreby > Ostatné príslušenstvo";"";"";"";"";"";"";"";"";"";"Neakasa PooGuard náhradné vrecká 3 rolky / 48 ks";""
"088055";"";"SONOFF S61s – externá zásuvka s podporou Matter cez Wi-Fi";"3fedee38-92c6-11f1-8ed0-bc2411833e01";"";"6920075743807";"";"";"Bezpečnosť a smart domácnosť > Prvky výkonu > Smart zástrčky > Zásuvky";"Bezpečnosť a smart domácnosť > Prvky výkonu > Smart zástrčky > Zásuvky";"";"";"";"";"";"";"";"";"";"SONOFF S61sTPF iPlug Gen2";""
"088056";"";"SONOFF S61s – externá zásuvka s podporou Matter cez Wi-Fi, balenie po 4 kusoch";"3ff8a0f8-92c6-11f1-8640-bc2411833e01";"";"6920075743814";"";"";"Bezpečnosť a smart domácnosť > Prvky výkonu > Smart zástrčky > Zásuvky";"Bezpečnosť a smart domácnosť > Prvky výkonu > Smart zástrčky > Zásuvky";"";"";"";"";"";"";"";"";"";"Sonoff S61s";""
"090795";"";"Veslovací trenažér MERACH MR-R02B10 (čierny)";"408807ca-92c6-11f1-a839-bc2411833e01";"";"5905156109469";"";"";"Šport, hračky a voľný čas > Fitness Vybavenie";"Šport, hračky a voľný čas > Fitness Vybavenie";"";"";"";"";"";"";"";"";"";"Merach MR-R02B10";""
"090796";"";"Veslovací trenažér MERACH MR-R10B2 (čierny)";"40936642-92c6-11f1-922e-bc2411833e01";"";"5905156109452";"";"";"Šport, hračky a voľný čas > Fitness Vybavenie";"Šport, hračky a voľný čas > Fitness Vybavenie";"";"";"";"";"";"";"";"";"";"Merach MR-R10B2";""
"090797";"";"Veslovací trenažér MERACH MR-R14R1 (hnedý)";"409d8b7c-92c6-11f1-9a29-bc2411833e01";"";"5905156109445";"";"";"Šport, hračky a voľný čas > Fitness Vybavenie";"Šport, hračky a voľný čas > Fitness Vybavenie";"";"";"";"";"";"";"";"";"";"Merach MR-R14R1";""
"090852";"";"ANMITE A140W05T 14"" prenosný monitor";"41294086-92c6-11f1-8c68-bc2411833e01";"";"6920233414860";"";"";"TV, audio a video > Počítače a príslušenstvo > Prenosné monitory";"TV, audio a video > Počítače a príslušenstvo > Prenosné monitory";"";"";"";"";"";"";"";"";"";"ANMITE A140W05T";""
"090854";"";"Prenosný monitor ANMITE A156W04T s uhlopriečkou 15,6""";"4133ae68-92c6-11f1-855b-bc2411833e01";"";"6920233488885";"";"";"TV, audio a video > Počítače a príslušenstvo > Prenosné monitory";"TV, audio a video > Počítače a príslušenstvo > Prenosné monitory";"";"";"";"";"";"";"";"";"";"ANMITE A156W04T";""
"090860";"";"ANMITE A160W04H 16"" prenosný monitor";"415e52e4-92c6-11f1-983f-bc2411833e01";"";"6920233416093";"";"";"TV, audio a video > Počítače a príslušenstvo > Prenosné monitory";"TV, audio a video > Počítače a príslušenstvo > Prenosné monitory";"";"";"";"";"";"";"";"";"";"ANMITE A160W04H";""
"090861";"";"ANMITE A160W24H 16"" prenosný monitor";"41689948-92c6-11f1-9193-bc2411833e01";"";"6920233416000";"";"";"TV, audio a video > Počítače a príslušenstvo > Prenosné monitory";"TV, audio a video > Počítače a príslušenstvo > Prenosné monitory";"";"";"";"";"";"";"";"";"";"ANMITE A160W24H";""
"090864";"";"Prenosný monitor ANMITE A215W03 s uhlopriečkou 21,5""";"417e87e4-92c6-11f1-92da-bc2411833e01";"";"6920233421547";"";"";"TV, audio a video > Počítače a príslušenstvo > Prenosné monitory";"TV, audio a video > Počítače a príslušenstvo > Prenosné monitory";"";"";"";"";"";"";"";"";"";"ANMITE A215W03";""
"090868";"";"Prenosný monitor ANMITE A238W05 s uhlopriečkou 23,8""";"41935962-92c6-11f1-8b84-bc2411833e01";"";"6920233423879";"";"";"TV, audio a video > Počítače a príslušenstvo > Prenosné monitory";"TV, audio a video > Počítače a príslušenstvo > Prenosné monitory";"";"";"";"";"";"";"";"";"";"ANMITE A238W05";""
"090462";"";"Puzdro Freewell pre iPhone 16 s 17 mm uchytením";"41b4deca-92c6-11f1-864c-bc2411833e01";"";"4897143170808";"";"";"TV, audio a video > Mobily a tablety > Obaly na telefóny > Ochranné puzdrá pre smartfóny";"TV, audio a video > Mobily a tablety > Obaly na telefóny > Ochranné puzdrá pre smartfóny";"";"";"";"";"";"";"";"";"";"Freewell iPhone 16 Case with 17mm Mount FW-17-IP16";""
"090463";"";"Puzdro Freewell pre iPhone 16 Plus";"41bf9e46-92c6-11f1-8da1-bc2411833e01";"";"4897143170815";"";"";"TV, audio a video > Mobily a tablety > Obaly na telefóny > Ochranné puzdrá pre smartfóny";"TV, audio a video > Mobily a tablety > Obaly na telefóny > Ochranné puzdrá pre smartfóny";"";"";"";"";"";"";"";"";"";"Freewell iPhone 16 Plus Case with 17mm Mount FW-17-IP16PLUS";""
"090464";"";"Puzdro Freewell pre iPhone 16 Pro s 17 mm uchytením";"41ca3946-92c6-11f1-853b-bc2411833e01";"";"4897143171287";"";"";"TV, audio a video > Mobily a tablety > Obaly na telefóny > Ochranné puzdrá pre smartfóny";"TV, audio a video > Mobily a tablety > Obaly na telefóny > Ochranné puzdrá pre smartfóny";"";"";"";"";"";"";"";"";"";"Freewell magnetický kryt pre iPhone 16 Pre závit 17 mm";""
"090470";"";"Držiak Freewell Genius Rig pre iPhone 17 Pro";"420b40b2-92c6-11f1-ab0d-bc2411833e01";"";"4897143171591";"";"";"TV, audio a video > Foto a optika > Selfie tyče > statívy > držiaky > Postroje, upevňovacie prvky a držiaky";"TV, audio a video > Foto a optika > Selfie tyče > statívy > držiaky > Postroje, upevňovacie prvky a držiaky";"";"";"";"";"";"";"";"";"";"Freewell iPhone 17 Pro Genius Rig FW-IP17P-GVK";""
"090471";"";"Držiak na telefón Freewell Genius Rig pre iPhone 17 Pro Max";"4215c172-92c6-11f1-b4f2-bc2411833e01";"";"4897143171607";"";"";"TV, audio a video > Foto a optika > Selfie tyče > statívy > držiaky > Postroje, upevňovacie prvky a držiaky";"TV, audio a video > Foto a optika > Selfie tyče > statívy > držiaky > Postroje, upevňovacie prvky a držiaky";"";"";"";"";"";"";"";"";"";"Freewell iPhone 17 Pro Max Genius Rig FW-IP17PM-GVK";""
"090472";"";"Telebjektív Freewell 1,7x pre smartfóny, bajonet 17 mm";"4220a1fa-92c6-11f1-afe5-bc2411833e01";"";"6972971865749";"";"";"TV, audio a video > Foto a optika > Príslušenstvo > Pre fotoaparáty a videokamery";"TV, audio a video > Foto a optika > Príslušenstvo > Pre fotoaparáty a videokamery";"";"";"";"";"";"";"";"";"";"Freewell Freewell 1,7x Teleobjektiv závit 17 mm";""
"090474";"";"Multifunkčný statív pre fotoaparát 5 v 1";"4235d69c-92c6-11f1-b8ce-bc2411833e01";"";"4897143171256";"";"";"TV, audio a video > Foto a optika > Selfie tyče > statívy > držiaky > Statívy";"TV, audio a video > Foto a optika > Selfie tyče > statívy > držiaky > Statívy";"";"";"";"";"";"";"";"";"";"Freewell FW-T2";""
"089380";"";"NIIMBOT páska pre C1 (červená)";"4315f114-92c6-11f1-a57c-bc2411833e01";"";"6978061958827";"";"";"Náradie a dielňa > Kancelária a škola > Tlačiarne štítkov > Štítky";"Náradie a dielňa > Kancelária a škola > Tlačiarne štítkov > Štítky";"";"";"";"";"";"";"";"";"";"Niimbot RR14.2-70Red, 14,2 mm x 70 m, červená, originálna farbiaca páska";""
"089381";"";"Páska NIIMBOT C1 (biela)";"432009ba-92c6-11f1-8ce4-bc2411833e01";"";"6978642802778";"";"";"Náradie a dielňa > Kancelária a škola > Tlačiarne štítkov > Štítky";"Náradie a dielňa > Kancelária a škola > Tlačiarne štítkov > Štítky";"";"";"";"";"";"";"";"";"";"Niimbot RR14.2-70White, 14,2 mm x 80 m, biela, originálna farbiaca páska";""
"091451";"";"Filter Freewell CPL pre Insta360 Luna Ultra";"43404cf2-92c6-11f1-96eb-bc2411833e01";"";"4897143173618";"";"";"TV, audio a video > Foto a optika > Filtre > Pre športové kamery";"TV, audio a video > Foto a optika > Filtre > Pre športové kamery";"";"";"";"";"";"";"";"";"";"Freewell CPL pro Insta360 Luna Ultra";""
"091452";"";"Filter Freewell Insta360 Luna na zníženie vplyvu svetelného znečistenia";"434cdb7a-92c6-11f1-ba2c-bc2411833e01";"";"4897143173649";"";"";"TV, audio a video > Foto a optika > Filtre > Pre športové kamery";"TV, audio a video > Foto a optika > Filtre > Pre športové kamery";"";"";"";"";"";"";"";"";"";"Freewell Insta360 Luna pro snížení světelného znečištění";""
"091453";"";"Filter Ultra Glow Mist Freewell pre Insta360 Luna 1/4";"43594234-92c6-11f1-8f03-bc2411833e01";"";"4897143173656";"";"";"TV, audio a video > Foto a optika > Filtre > Pre športové kamery";"TV, audio a video > Foto a optika > Filtre > Pre športové kamery";"";"";"";"";"";"";"";"";"";"Ultra Glow Mist pro Freewell Insta360 Luna 1/4";""
"091454";"";"Filter Freewell Insta360 Luna Ultra Glow Mist 1/8";"436497c4-92c6-11f1-b08a-bc2411833e01";"";"4897143173632";"";"";"TV, audio a video > Foto a optika > Filtre > Pre športové kamery";"TV, audio a video > Foto a optika > Filtre > Pre športové kamery";"";"";"";"";"";"";"";"";"";"Freewell Insta360 Luna Ultra Glow Mist 1/8";""
"091557";"";"ND filter Freewell pre Insta360 Luna Ultra ND1000";"436ec2bc-92c6-11f1-a00c-bc2411833e01";"";"4897143173625";"";"";"TV, audio a video > Foto a optika > Filtre > Pre športové kamery";"TV, audio a video > Foto a optika > Filtre > Pre športové kamery";"";"";"";"";"";"";"";"";"";"ND filtr Freewell pro Insta360 Luna Ultra ND1000";""
"091558";"";"ND filter Freewell Insta360 Luna Ultra ND8";"4378db80-92c6-11f1-a868-bc2411833e01";"";"4897143173663";"";"";"TV, audio a video > Foto a optika > Filtre > Pre športové kamery";"TV, audio a video > Foto a optika > Filtre > Pre športové kamery";"";"";"";"";"";"";"";"";"";"ND filtr Freewell Insta360 Luna Ultra ND8";""
"091559";"";"ND filter Freewell pre Insta360 Luna Ultra ND16";"43835574-92c6-11f1-aa5b-bc2411833e01";"";"4897143173670";"";"";"TV, audio a video > Foto a optika > Filtre > Pre športové kamery";"TV, audio a video > Foto a optika > Filtre > Pre športové kamery";"";"";"";"";"";"";"";"";"";"ND filtr Freewell pro Insta360 Luna Ultra ND16";""
"091560";"";"ND filter Freewell pre Insta360 Luna Ultra ND32";"438e2d50-92c6-11f1-b50e-bc2411833e01";"";"4897143173687";"";"";"TV, audio a video > Foto a optika > Filtre > Pre športové kamery";"TV, audio a video > Foto a optika > Filtre > Pre športové kamery";"";"";"";"";"";"";"";"";"";"ND filtr Freewell pro Insta360 Luna Ultra ND32";""
"091561";"";"ND filter Freewell Insta360 Luna Ultra ND64";"439b0fca-92c6-11f1-8703-bc2411833e01";"";"4897143173694";"";"";"TV, audio a video > Foto a optika > Filtre > Pre športové kamery";"TV, audio a video > Foto a optika > Filtre > Pre športové kamery";"";"";"";"";"";"";"";"";"";"ND filtr Freewell Insta360 Luna Ultra ND64";""
"091563";"";"Filter Freewell pre Insta360 Luna Ultra ND16/PL";"43a52c9e-92c6-11f1-92fd-bc2411833e01";"";"4897143173717";"";"";"TV, audio a video > Foto a optika > Filtre > Pre športové kamery";"TV, audio a video > Foto a optika > Filtre > Pre športové kamery";"";"";"";"";"";"";"";"";"";"Freewell pro Insta360 Luna Ultra ND16/PL";""
"091564";"";"Filter Freewell Insta360 Luna Ultra ND32/PL ND/PL";"43af2352-92c6-11f1-a04a-bc2411833e01";"";"4897143173724";"";"";"TV, audio a video > Foto a optika > Filtre > Pre športové kamery";"TV, audio a video > Foto a optika > Filtre > Pre športové kamery";"";"";"";"";"";"";"";"";"";"Freewell Insta360 Luna Ultra ND32/PL ND/PL";""
"091565";"";"Filter Freewell ND/PL pre Insta360 Luna Ultra ND64/PL";"43b93d7e-92c6-11f1-aa85-bc2411833e01";"";"4897143173731";"";"";"TV, audio a video > Foto a optika > Filtre > Pre športové kamery";"TV, audio a video > Foto a optika > Filtre > Pre športové kamery";"";"";"";"";"";"";"";"";"";"Freewell ND/PL pro Insta360 Luna Ultra ND64/PL";""
"091568";"";"Filter na zníženie svetelného znečistenia Freewell Osmo Pocket 4P";"43ce1f50-92c6-11f1-82ec-bc2411833e01";"";"4897143172970";"";"";"TV, audio a video > Foto a optika > Filtre > Pre športové kamery";"TV, audio a video > Foto a optika > Filtre > Pre športové kamery";"";"";"";"";"";"";"";"";"";"Freewell Osmo Pocket 4P pro potlačení světelného znečištění";""
"091570";"";"Filtračný vložka Black Glow Mist 1/4 Freewell pre Osmo Pocket 4P";"43d87da6-92c6-11f1-8775-bc2411833e01";"";"4897143172987";"";"";"TV, audio a video > Foto a optika > Filtre > Pre športové kamery";"TV, audio a video > Foto a optika > Filtre > Pre športové kamery";"";"";"";"";"";"";"";"";"";"Black Glow Mist 1/4 Freewell pro Osmo Pocket 4P";""
"091572";"";"Filtračný nástavec Black Glow Mist Freewell pre Osmo Pocket 4P 1/8";"43e4c84a-92c6-11f1-bb01-bc2411833e01";"";"4897143172963";"";"";"TV, audio a video > Foto a optika > Filtre > Pre športové kamery";"TV, audio a video > Foto a optika > Filtre > Pre športové kamery";"";"";"";"";"";"";"";"";"";"Black Glow Mist Freewell pro Osmo Pocket 4P 1/8";""
"091574";"";"Filtračný systém Freewell UV Osmo Pocket 4P";"43ef486a-92c6-11f1-89dc-bc2411833e01";"";"4897143174042";"";"";"TV, audio a video > Foto a optika > Filtre > Pre športové kamery";"TV, audio a video > Foto a optika > Filtre > Pre športové kamery";"";"";"";"";"";"";"";"";"";"Freewell UV Osmo Pocket 4P";""
"091576";"";"ND filter Freewell Osmo Pocket 4P ND8";"43f9844c-92c6-11f1-8599-bc2411833e01";"";"4897143173007";"";"";"TV, audio a video > Foto a optika > Filtre > Pre športové kamery";"TV, audio a video > Foto a optika > Filtre > Pre športové kamery";"";"";"";"";"";"";"";"";"";"ND filtr Freewell Osmo Pocket 4P ND8";""
"091577";"";"ND filter Freewell Osmo Pocket 4P ND16";"44050556-92c6-11f1-b2e1-bc2411833e01";"";"4897143173014";"";"";"TV, audio a video > Foto a optika > Filtre > Pre športové kamery";"TV, audio a video > Foto a optika > Filtre > Pre športové kamery";"";"";"";"";"";"";"";"";"";"ND filtr Freewell Osmo Pocket 4P ND16";""
"091578";"";"ND filter Freewell Osmo Pocket 4P ND32";"440f4ea8-92c6-11f1-88cf-bc2411833e01";"";"4897143173021";"";"";"TV, audio a video > Foto a optika > Filtre > Pre športové kamery";"TV, audio a video > Foto a optika > Filtre > Pre športové kamery";"";"";"";"";"";"";"";"";"";"ND filtr Freewell Osmo Pocket 4P ND32";""
"091579";"";"ND filter Freewell pre Osmo Pocket ND64";"4419380a-92c6-11f1-a8ed-bc2411833e01";"";"4897143173038";"";"";"TV, audio a video > Foto a optika > Filtre > Pre športové kamery";"TV, audio a video > Foto a optika > Filtre > Pre športové kamery";"";"";"";"";"";"";"";"";"";"ND filtr Freewell pro Osmo Pocket ND64";""
"091580";"";"Filter ND Freewell Osmo Pocket 4P ND1000";"44237126-92c6-11f1-bcf9-bc2411833e01";"";"4897143172956";"";"";"TV, audio a video > Foto a optika > Filtre > Pre športové kamery";"TV, audio a video > Foto a optika > Filtre > Pre športové kamery";"";"";"";"";"";"";"";"";"";"ND filtr Freewell Osmo Pocket 4P ND1000";""
"091582";"";"Freewell Osmo Pocket 4P ND8 ND/PL filter";"442d6744-92c6-11f1-ad11-bc2411833e01";"";"4897143173052";"";"";"TV, audio a video > Foto a optika > Filtre > Pre športové kamery";"TV, audio a video > Foto a optika > Filtre > Pre športové kamery";"";"";"";"";"";"";"";"";"";"Freewell Osmo Pocket 4P ND8 ND/PL";""
"091583";"";"Filter Freewell Osmo Pocket 4P ND16 ND/PL";"4437b1a4-92c6-11f1-ac49-bc2411833e01";"";"4897143173069";"";"";"TV, audio a video > Foto a optika > Filtre > Pre športové kamery";"TV, audio a video > Foto a optika > Filtre > Pre športové kamery";"";"";"";"";"";"";"";"";"";"Freewell Osmo Pocket 4P ND16 ND/PL";""
"091584";"";"Filter Freewell Osmo Pocket ND32/PL";"4441ff06-92c6-11f1-ad3a-bc2411833e01";"";"4897143173076";"";"";"TV, audio a video > Foto a optika > Filtre > Pre športové kamery";"TV, audio a video > Foto a optika > Filtre > Pre športové kamery";"";"";"";"";"";"";"";"";"";"Freewell Osmo Pocket ND32/PL";""
"091585";"";"Filter Freewell Osmo Pocket ND64/PL";"444cb1b2-92c6-11f1-8571-bc2411833e01";"";"4897143173083";"";"";"TV, audio a video > Foto a optika > Filtre > Pre športové kamery";"TV, audio a video > Foto a optika > Filtre > Pre športové kamery";"";"";"";"";"";"";"";"";"";"Freewell Osmo Pocket ND64/PL";""
"091586";"";"Sada filtrov Freewell Osmo Pocket 4/3 Xtra Muse";"4456b626-92c6-11f1-8c07-bc2411833e01";"";"4897143172796";"";"";"TV, audio a video > Foto a optika > Filtre > Pre športové kamery";"TV, audio a video > Foto a optika > Filtre > Pre športové kamery";"";"";"";"";"";"";"";"";"";"Freewell Osmo Pocket 4/3 Xtra Muse";""
"091592";"";"Sada filtrov Freewell pre Insta360 Luna Ultra All Day (8-dielna sada)";"448bfc28-92c6-11f1-ba36-bc2411833e01";"";"4897143173557";"";"";"TV, audio a video > Foto a optika > Filtre > Pre športové kamery";"TV, audio a video > Foto a optika > Filtre > Pre športové kamery";"";"";"";"";"";"";"";"";"";"Freewell pro Insta360 Luna Ultra All Day (8dílná sada)";""
"091593";"";"Sada filtrov Freewell pre Insta360 Luna Ultra Standard Day (4-dielna sada)";"44961000-92c6-11f1-b25b-bc2411833e01";"";"4897143173564";"";"";"TV, audio a video > Foto a optika > Filtre > Pre športové kamery";"TV, audio a video > Foto a optika > Filtre > Pre športové kamery";"";"";"";"";"";"";"";"";"";"Freewell pro Insta360 Luna Ultra Standard Day (4dílná sada)";""
"091594";"";"Sada filtrov Freewell pre Insta360 Luna Ultra Bright Day (4-dielna sada)";"44a020cc-92c6-11f1-bc29-bc2411833e01";"";"4897143173571";"";"";"TV, audio a video > Foto a optika > Filtre > Pre športové kamery";"TV, audio a video > Foto a optika > Filtre > Pre športové kamery";"";"";"";"";"";"";"";"";"";"Freewell pro Insta360 Luna Ultra Bright Day (4dílná sada)";""
"091595";"";"Sada filtrov Freewell Insta360 Luna Ultra na každodenné použitie (4-dielna)";"44aa22a2-92c6-11f1-b17f-bc2411833e01";"";"4897143173588";"";"";"TV, audio a video > Foto a optika > Filtre > Pre športové kamery";"TV, audio a video > Foto a optika > Filtre > Pre športové kamery";"";"";"";"";"";"";"";"";"";"Freewell Insta360 Luna Ultra pro každodenní použití";""
"091600";"";"Sada filtrov Freewell Osmo Pocket Every Day (balenie po 4 ks)";"44d40842-92c6-11f1-a82f-bc2411833e01";"";"4897143172918";"";"";"TV, audio a video > Foto a optika > Filtre > Pre športové kamery";"TV, audio a video > Foto a optika > Filtre > Pre športové kamery";"";"";"";"";"";"";"";"";"";"Freewell Osmo Pocket Every Day";""
"088325";"";"Herný pedál PXN Vector X Clutch";"44eb0ccc-92c6-11f1-abdd-bc2411833e01";"";"6948052904249";"";"";"TV, audio a video > Počítače a príslušenstvo > Herné príslušenstvo > Simulátory > Simulácia pretekov";"TV, audio a video > Počítače a príslušenstvo > Herné príslušenstvo > Simulátory > Simulácia pretekov";"";"";"";"";"";"";"";"";"";"PXN Vector X Clutch PD LP C PXN-Vector X PD LP C";""
"MON_AR-30";"";"Monacor AR-30 Budič / rezonátor odolný voči počasiu, 8 Ω";"9c9f7230-92cd-11f1-b5b9-bc24110eff41";"";"4007754220650";"";"";"Profesionálna audio technika > Plošné ozvučenie (100V rozhlasové ozvučenie) > Reproduktory > príslušenstvo";"Profesionálna audio technika > Plošné ozvučenie (100V rozhlasové ozvučenie) > Reproduktory > príslušenstvo";"";"";"";"";"";"";"";"";"";"Monacor AR-30";""
"MON_AR-50";"";"Monacor AR-50 Budič / rezonátor odolný voči počasiu, 8 Ω";"9ca9e67a-92cd-11f1-a767-bc24110eff41";"";"4007754220667";"";"";"Profesionálna audio technika > Plošné ozvučenie (100V rozhlasové ozvučenie) > Reproduktory > príslušenstvo";"Profesionálna audio technika > Plošné ozvučenie (100V rozhlasové ozvučenie) > Reproduktory > príslušenstvo";"";"";"";"";"";"";"";"";"";"Monacor AR-50";""
"MON_ATS-12CB";"";"Monacor ATS-12CB Taška s integrovanou funkciou nabíjania";"9d067b10-92cd-11f1-a318-bc24110eff41";"";"4007754239683";"";"";"Profesionálna audio technika > Tlmočnícke, sprievodcovské a konferenčné systémy > Bezdrôtový, sprievodcovský systém > nabíjačky a príslušenstvo";"Profesionálna audio technika > Tlmočnícke, sprievodcovské a konferenčné systémy > Bezdrôtový, sprievodcovský systém > nabíjačky a príslušenstvo";"";"";"";"";"";"";"";"";"";"Monacor ATS-12CB";""
"MON_ATS-16PS";"";"Monacor ATS-16PS Inteligentná PWM rýchlonabíjacia stanica";"9d20706a-92cd-11f1-8bf2-bc24110eff41";"";"4007754191110";"";"";"Profesionálna audio technika > Tlmočnícke, sprievodcovské a konferenčné systémy > Bezdrôtový, sprievodcovský systém > nabíjačky a príslušenstvo";"Profesionálna audio technika > Tlmočnícke, sprievodcovské a konferenčné systémy > Bezdrôtový, sprievodcovský systém > nabíjačky a príslušenstvo";"";"";"";"";"";"";"";"";"";"Monacor ATS-16PS";""
"MON_ATS-22T";"";"Monacor ATS-22T 16-kanálový miniatúrny vysielač";"9d4d8d3e-92cd-11f1-9e02-bc24110eff41";"";"4007754246247";"";"";"Profesionálna audio technika > Tlmočnícke, sprievodcovské a konferenčné systémy > Bezdrôtový, sprievodcovský systém > vysielače";"Profesionálna audio technika > Tlmočnícke, sprievodcovské a konferenčné systémy > Bezdrôtový, sprievodcovský systém > vysielače";"";"";"";"";"";"";"";"";"";"Monacor ATS-22T";""
"MON_ATT-2100/WS";"";"Monacor ATT-2100/WS Nástenný ovládač hlasitosti PA, 100 W";"9d89128c-92cd-11f1-a56e-bc24110eff41";"";"4007754205596";"";"";"Profesionálna audio technika > Plošné ozvučenie (100V rozhlasové ozvučenie) > Regulátory hlasitosti";"Profesionálna audio technika > Plošné ozvučenie (100V rozhlasové ozvučenie) > Regulátory hlasitosti";"";"";"";"";"";"";"";"";"";"Monacor ATT-2100/WS";""
"MON_ATT-212/WS";"";"Monacor ATT-212/WS Nástenný ovládač hlasitosti PA, 12 W";"9d95b30c-92cd-11f1-8845-bc24110eff41";"";"4007754228151";"";"";"Profesionálna audio technika > Plošné ozvučenie (100V rozhlasové ozvučenie) > Regulátory hlasitosti";"Profesionálna audio technika > Plošné ozvučenie (100V rozhlasové ozvučenie) > Regulátory hlasitosti";"";"";"";"";"";"";"";"";"";"Monacor ATT-212/WS";""
"MON_ATT-224/WS";"";"Monacor ATT-224/WS Nástenný ovládač hlasitosti PA, 24 W";"9d9fe8ae-92cd-11f1-b376-bc24110eff41";"";"4007754228168";"";"";"Profesionálna audio technika > Plošné ozvučenie (100V rozhlasové ozvučenie) > Regulátory hlasitosti";"Profesionálna audio technika > Plošné ozvučenie (100V rozhlasové ozvučenie) > Regulátory hlasitosti";"";"";"";"";"";"";"";"";"";"Monacor ATT-224/WS";""
"MON_ATT-325ST";"";"Monacor ATT-325ST Stereo ovládač hlasitosti";"9dcbe81e-92cd-11f1-b8ae-bc24110eff41";"";"4007754179903";"";"";"Profesionálna audio technika > Plošné ozvučenie (100V rozhlasové ozvučenie) > Regulátory hlasitosti";"Profesionálna audio technika > Plošné ozvučenie (100V rozhlasové ozvučenie) > Regulátory hlasitosti";"";"";"";"";"";"";"";"";"";"Monacor ATT-325ST regulátor hlasitosti";""
"MON_CLUB-1TOP";"";"Monacor CLUB-1TOP CLUB-1TOP, reproduktorové systémy, profesionálne PA";"9f96a3d2-92cd-11f1-9fb2-bc24110eff41";"";"4007754214352";"";"";"Profesionálna audio technika > Pódium, diskotéka, DJ > reproduktorové systémy > pasívne";"Profesionálna audio technika > Pódium, diskotéka, DJ > reproduktorové systémy > pasívne";"";"";"";"";"";"";"";"";"";"Monacor CLUB-1 TOP";""
"MON_DMG-700";"";"Monacor DMG-700 Dynamický mikrofón husí krk, 700 mm";"a1245d34-92cd-11f1-b33d-bc24110eff41";"";"4007754154085";"";"";"Profesionálna audio technika > Pódium, diskotéka, DJ > mikrofóny > husí krk";"Profesionálna audio technika > Pódium, diskotéka, DJ > mikrofóny > husí krk";"";"";"";"";"";"";"";"";"";"Monacor DMG-700";""
"MON_DMS-1";"";"Monacor DMS-1 Základňa stolného mikrofónu";"a133ed62-92cd-11f1-87e6-bc24110eff41";"";"4007754174847";"";"";"Profesionálna audio technika > Pódium, diskotéka, DJ > Statívy/držiaky > mikrofónové stolové";"Profesionálna audio technika > Pódium, diskotéka, DJ > Statívy/držiaky > mikrofónové stolové";"";"";"";"";"";"";"";"";"";"Monacor DMS-1";""
"MON_DMS-5";"";"Monacor DMS-5 Základňa stolného mikrofónu";"a13ef4c8-92cd-11f1-a167-bc24110eff41";"";"4007754211184";"";"";"Profesionálna audio technika > Pódium, diskotéka, DJ > Statívy/držiaky > mikrofónové stolové";"Profesionálna audio technika > Pódium, diskotéka, DJ > Statívy/držiaky > mikrofónové stolové";"";"";"";"";"";"";"";"";"";"Monacor DMS-5";""
"MON_DMT-4010RMS";"";"Monacor DMT-4010RMS Digitálny multimeter";"a14e9da6-92cd-11f1-8121-bc24110eff41";"";"4007754214918";"";"";"Profesionálna audio technika > Náradia, Do It Yourself, napájanie, meracia technika > Meracie prístroje > Multimetre";"Profesionálna audio technika > Náradia, Do It Yourself, napájanie, meracia technika > Meracie prístroje > Multimetre";"";"";"";"";"";"";"";"";"";"Monacor DMT-4010RMS";""
"MON_DT-100";"";"Monacor DT-100 Hi-fi kopulový výškový reproduktor, 30 W, 8 Ω";"a188ccce-92cd-11f1-8476-bc24110eff41";"";"4007754005264";"";"";"Profesionálna audio technika > Reproduktory > výškové";"Profesionálna audio technika > Reproduktory > výškové";"";"";"";"";"";"";"";"";"";"Monacor DT-100";""
"MON_DT-140";"";"Monacor DT-140 Hi-fi výškový reproduktor, 80 WMAX, 40 WRMS, 4 Ω";"a19f2f14-92cd-11f1-ab5c-bc24110eff41";"";"4007754235050";"";"";"Profesionálna audio technika > Reproduktory > výškové";"Profesionálna audio technika > Reproduktory > výškové";"";"";"";"";"";"";"";"";"";"Monacor DT-140";""
"MON_DT-19SU";"";"Monacor DT-19SU Hi-fi kupolový výškový reproduktor, 50 W, 8 Ω";"a1a9a8ae-92cd-11f1-8cb6-bc24110eff41";"";"4007754045772";"";"";"Profesionálna audio technika > Reproduktory > výškové";"Profesionálna audio technika > Reproduktory > výškové";"";"";"";"";"";"";"";"";"";"Monacor DT-19SU";""
"MON_DT-28N";"";"NR1 DT-28N Neodymový hi-fi výškový reproduktor, 50 W, 8 Ω";"a1d98790-92cd-11f1-90bd-bc24110eff41";"";"4007754154658";"";"";"Profesionálna audio technika > Reproduktory > výškové";"Profesionálna audio technika > Reproduktory > výškové";"";"";"";"";"";"";"";"";"";"Monacor DT-28N";""
"MON_DT-99";"";"Monacor DT-99 Hi-fi kupolový výškový reproduktor, 40 W, 8 Ω";"a1e3bd1e-92cd-11f1-a84a-bc24110eff41";"";"4007754146516";"";"";"Profesionálna audio technika > Reproduktory > výškové";"Profesionálna audio technika > Reproduktory > výškové";"";"";"";"";"";"";"";"";"";"Monacor DT-99";""
"MON_DTM-104/4";"";"Monacor DTM-104/4 Hi-fi kupolové výškové reproduktory, 45 W, 8 Ω (/8) a 4 Ω (/4)";"a1ef5cd2-92cd-11f1-9dde-bc24110eff41";"";"4007754220940";"";"";"Profesionálna audio technika > Reproduktory > výškové";"Profesionálna audio technika > Reproduktory > výškové";"";"";"";"";"";"";"";"";"";"Monacor DTM-104/4";""
"MON_EDL-110/WS";"";"Monacor EDL-110/WS Vodeodolný PA nástenný a stropný reproduktor";"a2fdca64-92cd-11f1-98df-bc24110eff41";"";"4007754190519";"";"";"Profesionálna audio technika > Plošné ozvučenie (100V rozhlasové ozvučenie) > Reproduktory > projektory zvuku 100V";"Profesionálna audio technika > Plošné ozvučenie (100V rozhlasové ozvučenie) > Reproduktory > projektory zvuku 100V";"";"";"";"";"";"";"";"";"";"Monacor EDL-110";""
"MON_EDL-220/WS";"";"Monacor EDL-220/WS PA nástenný a stropný reproduktor, odolný voči vplyvom počasia";"a35165b6-92cd-11f1-8bdd-bc24110eff41";"";"4007754190533";"";"";"Profesionálna audio technika > Plošné ozvučenie (100V rozhlasové ozvučenie) > Reproduktory > projektory zvuku 100V";"Profesionálna audio technika > Plošné ozvučenie (100V rozhlasové ozvučenie) > Reproduktory > projektory zvuku 100V";"";"";"";"";"";"";"";"";"";"Monacor EDL-220";""
"MON_EDL-310L";"";"Monacor EDL-310L Super disperzný PA stropný reproduktor";"a39a2170-92cd-11f1-890c-bc24110eff41";"";"4007754206562";"";"";"Profesionálna audio technika > Plošné ozvučenie (100V rozhlasové ozvučenie) > Reproduktory > podhľadové 100V";"Profesionálna audio technika > Plošné ozvučenie (100V rozhlasové ozvučenie) > Reproduktory > podhľadové 100V";"";"";"";"";"";"";"";"";"";"Monacor EDL-310L";""
"MON_EDL-420/WS";"";"Monacor EDL-420/WS Guľový reproduktor PA odolný voči poveternostným vplyvom";"a3bfa8be-92cd-11f1-8ecd-bc24110eff41";"";"4007754189148";"";"";"Profesionálna audio technika > Plošné ozvučenie (100V rozhlasové ozvučenie) > Reproduktory > závesné";"Profesionálna audio technika > Plošné ozvučenie (100V rozhlasové ozvučenie) > Reproduktory > závesné";"";"";"";"";"";"";"";"";"";"Monacor EDL-420";""
"MON_EMA-3";"";"IMG Stage Line EMA-3 48 V fantomové napájanie";"a4561952-92cd-11f1-9ccf-bc24110eff41";"";"4007754180091";"";"";"Profesionálna audio technika > Pódium, diskotéka, DJ > mikrofóny > príslušenstvo";"Profesionálna audio technika > Pódium, diskotéka, DJ > mikrofóny > príslušenstvo";"";"";"";"";"";"";"";"";"";"IMG STAGE LINE EMA-3";""
"MON_ESP-152/WS";"";"Monacor ESP-152/WS PA nástenný reproduktor";"a4d25814-92cd-11f1-984c-bc24110eff41";"";"4007754196269";"";"";"Profesionálna audio technika > Plošné ozvučenie (100V rozhlasové ozvučenie) > Reproduktory > nástenné 100V";"Profesionálna audio technika > Plošné ozvučenie (100V rozhlasové ozvučenie) > Reproduktory > nástenné 100V";"";"";"";"";"";"";"";"";"";"Monacor ESP-152";""
"MON_ESP-157/WS";"";"Monacor ESP-157/WS PA nástenný reproduktor";"a4dcc04c-92cd-11f1-a5ce-bc24110eff41";"";"4007754239751";"";"";"Profesionálna audio technika > Plošné ozvučenie (100V rozhlasové ozvučenie) > Reproduktory > nástenné 100V";"Profesionálna audio technika > Plošné ozvučenie (100V rozhlasové ozvučenie) > Reproduktory > nástenné 100V";"";"";"";"";"";"";"";"";"";"Monacor ESP-157";""
"MON_ESP-250/WS";"";"Monacor ESP-250/WS PA reproduktorové systémy";"a4ff4644-92cd-11f1-81da-bc24110eff41";"";"4007754218411";"";"";"Profesionálna audio technika > Plošné ozvučenie (100V rozhlasové ozvučenie) > Reproduktory > nástenné 100V";"Profesionálna audio technika > Plošné ozvučenie (100V rozhlasové ozvučenie) > Reproduktory > nástenné 100V";"";"";"";"";"";"";"";"";"";"Monacor ESP-250";""
"MON_ESP-315/SW";"";"Monacor ESP-315/SW 2-pásmový PA nástenný reproduktorový systém, čierny";"a5099522-92cd-11f1-9a12-bc24110eff41";"";"4007754222203";"";"";"Profesionálna audio technika > Plošné ozvučenie (100V rozhlasové ozvučenie) > Reproduktory > nástenné 100V";"Profesionálna audio technika > Plošné ozvučenie (100V rozhlasové ozvučenie) > Reproduktory > nástenné 100V";"";"";"";"";"";"";"";"";"";"Monacor ESP-315";""
"MON_ESP-315/WS";"";"Monacor ESP-315/WS 2-pásmový PA nástenný reproduktorový systém, biely";"a513d1b8-92cd-11f1-9973-bc24110eff41";"";"4007754222210";"";"";"Profesionálna audio technika > Plošné ozvučenie (100V rozhlasové ozvučenie) > Reproduktory > nástenné 100V";"Profesionálna audio technika > Plošné ozvučenie (100V rozhlasové ozvučenie) > Reproduktory > nástenné 100V";"";"";"";"";"";"";"";"";"";"Monacor ESP-315";""
"MON_ESP-360/WS";"";"Monacor ESP-360/WS PA nástenný reproduktor";"a5289256-92cd-11f1-864b-bc24110eff41";"";"4007754190304";"";"";"Profesionálna audio technika > Plošné ozvučenie (100V rozhlasové ozvučenie) > Reproduktory > nástenné 100V";"Profesionálna audio technika > Plošné ozvučenie (100V rozhlasové ozvučenie) > Reproduktory > nástenné 100V";"";"";"";"";"";"";"";"";"";"Monacor ESP-360";""
"MON_ESP-50EN/WS";"";"Monacor ESP-50EN/WS PA nástenný reproduktor";"a53dd490-92cd-11f1-86d1-bc24110eff41";"";"4007754234008";"";"";"Profesionálna audio technika > Plošné ozvučenie (100V rozhlasové ozvučenie) > Systémy požiarneho a evakuačného rozhlasu > EN54";"Profesionálna audio technika > Plošné ozvučenie (100V rozhlasové ozvučenie) > Systémy požiarneho a evakuačného rozhlasu > EN54";"";"";"";"";"";"";"";"";"";"Monacor ESP-50EN";""
"MON_ESP-60/WS";"";"Monacor ESP-60/WS ESP-60/WS, PA nástenný reproduktor";"a548b2b6-92cd-11f1-a470-bc24110eff41";"";"4007754122428";"";"";"Profesionálna audio technika > Plošné ozvučenie (100V rozhlasové ozvučenie) > Reproduktory > nástenné 100V";"Profesionálna audio technika > Plošné ozvučenie (100V rozhlasové ozvučenie) > Reproduktory > nástenné 100V";"";"";"";"";"";"";"";"";"";"Monacor ESP-60";""
"MON_ESP-70/WS";"";"Monacor ESP-70/WS PA nástenný reproduktor";"a56991c0-92cd-11f1-b544-bc24110eff41";"";"4007754195651";"";"";"Profesionálna audio technika > Plošné ozvučenie (100V rozhlasové ozvučenie) > Reproduktory > nástenné 100V";"Profesionálna audio technika > Plošné ozvučenie (100V rozhlasové ozvučenie) > Reproduktory > nástenné 100V";"";"";"";"";"";"";"";"";"";"Monacor ESP-70";""
"MON_ESP-72/WS";"";"Monacor ESP-72/WS PA nástenný reproduktor";"a573deb4-92cd-11f1-8e3f-bc24110eff41";"";"4007754195668";"";"";"Profesionálna audio technika > Plošné ozvučenie (100V rozhlasové ozvučenie) > Reproduktory > nástenné 100V";"Profesionálna audio technika > Plošné ozvučenie (100V rozhlasové ozvučenie) > Reproduktory > nástenné 100V";"";"";"";"";"";"";"";"";"";"Monacor ESP-72";""
"MON_ESP-80/WS";"";"Monacor ESP-80/WS PA nástenný reproduktor";"a57ea40c-92cd-11f1-b2a4-bc24110eff41";"";"4007754203349";"";"";"Profesionálna audio technika > Plošné ozvučenie (100V rozhlasové ozvučenie) > Reproduktory > nástenné 100V";"Profesionálna audio technika > Plošné ozvučenie (100V rozhlasové ozvučenie) > Reproduktory > nástenné 100V";"";"";"";"";"";"";"";"";"";"Monacor ESP-80";""
"MON_ESP-90/WS";"";"Monacor ESP-90/WS PA nástenný reproduktor";"a59359d8-92cd-11f1-b114-bc24110eff41";"";"4007754214314";"";"";"Profesionálna audio technika > Plošné ozvučenie (100V rozhlasové ozvučenie) > Reproduktory > podhľadové 100V";"Profesionálna audio technika > Plošné ozvučenie (100V rozhlasové ozvučenie) > Reproduktory > podhľadové 100V";"";"";"";"";"";"";"";"";"";"Monacor ESP-90";""
"MON_ETS-210TW/WS";"";"Monacor ETS-210TW/WS PA stĺpové reproduktory, hliníkové, slimline, odolné voči počasiu";"a5a23700-92cd-11f1-a7ec-bc24110eff41";"";"4007754225822";"";"";"Profesionálna audio technika > Plošné ozvučenie (100V rozhlasové ozvučenie) > Reproduktory > reproduktorové stĺpiky 100V";"Profesionálna audio technika > Plošné ozvučenie (100V rozhlasové ozvučenie) > Reproduktory > reproduktorové stĺpiky 100V";"";"";"";"";"";"";"";"";"";"Monacor ETS-210TW";""
"MON_ETS-340TW/WS";"";"Monacor ETS-340TW/WS Špičkové stĺpové reproduktor";"a5c1658a-92cd-11f1-bdee-bc24110eff41";"";"4007754198089";"";"";"Profesionálna audio technika > Plošné ozvučenie (100V rozhlasové ozvučenie) > Reproduktory > reproduktorové stĺpiky 100V";"Profesionálna audio technika > Plošné ozvučenie (100V rozhlasové ozvučenie) > Reproduktory > reproduktorové stĺpiky 100V";"";"";"";"";"";"";"";"";"";"Monacor ETS-340TW";""
"MON_ETS-360TW/WS";"";"Monacor ETS-360TW/WS Špičkové stĺpové reproduktory";"a5ccbb2e-92cd-11f1-9701-bc24110eff41";"";"4007754198119";"";"";"Profesionálna audio technika > Plošné ozvučenie (100V rozhlasové ozvučenie) > Reproduktory > reproduktorové stĺpiky 100V";"Profesionálna audio technika > Plošné ozvučenie (100V rozhlasové ozvučenie) > Reproduktory > reproduktorové stĺpiky 100V";"";"";"";"";"";"";"";"";"";"Monacor ETS-360TW";""
"MON_GLS-301/GR";"";"Monacor GLS-301/GR Záhradný reproduktor PA odolný voči poveternostným vplyvom “Rock”";"a6f1a654-92cd-11f1-8a7a-bc24110eff41";"";"4007754227550";"";"";"Profesionálna audio technika > Plošné ozvučenie (100V rozhlasové ozvučenie) > Reproduktory > záhradné";"Profesionálna audio technika > Plošné ozvučenie (100V rozhlasové ozvučenie) > Reproduktory > záhradné";"";"";"";"";"";"";"";"";"";"Monacor GLS-301";""
"MON_HPR-6";"";"IMG Stage Line HPR-6 Efektívny slúchadlový stereo zosilňovač";"a7d02686-92cd-11f1-8127-bc24110eff41";"";"4007754182965";"";"";"Profesionálna audio technika > Pódium, diskotéka, DJ > Predzosilňovače audio";"Profesionálna audio technika > Pódium, diskotéka, DJ > Predzosilňovače audio";"";"";"";"";"";"";"";"";"";"IMG STAGE LINE HPR-6";""
"MON_HSE-150/SK";"";"Monacor HSE-150/SK Ultraľahký náhlavový mikrofón";"a8081a5a-92cd-11f1-931b-bc24110eff41";"";"4007754183719";"";"";"Profesionálna audio technika > Pódium, diskotéka, DJ > mikrofóny > náhlavové";"Profesionálna audio technika > Pódium, diskotéka, DJ > mikrofóny > náhlavové";"";"";"";"";"";"";"";"";"";"IMG Stage Line HSE 150";""
"MON_HT-30";"";"Monacor HT-30 Miniatúrny PA horn výškový reproduktor, 50 W, 8 Ω";"a8b0a3e6-92cd-11f1-8387-bc24110eff41";"";"4007754008937";"";"";"Profesionálna audio technika > Reproduktory > výškové";"Profesionálna audio technika > Reproduktory > výškové";"";"";"";"";"";"";"";"";"";"Monacor HT-30";""
"MON_IT-250TW";"";"Monacor IT-250TW 2-pásmový horn reproduktor (music horn), odolný voči počasiu";"a936377c-92cd-11f1-985e-bc24110eff41";"";"4007754238952";"";"";"Profesionálna audio technika > Plošné ozvučenie (100V rozhlasové ozvučenie) > Reproduktory > tlakové 100V";"Profesionálna audio technika > Plošné ozvučenie (100V rozhlasové ozvučenie) > Reproduktory > tlakové 100V";"";"";"";"";"";"";"";"";"";"Monacor IT-250TW";""
"MON_IT-400TW";"";"Monacor IT-400TW 2-pásmový tlakový reproduktor, odolný voči poveternostným vplyvom";"a97455fc-92cd-11f1-a4da-bc24110eff41";"";"4007754212754";"";"";"Profesionálna audio technika > Plošné ozvučenie (100V rozhlasové ozvučenie) > Reproduktory > tlakové 100V";"Profesionálna audio technika > Plošné ozvučenie (100V rozhlasové ozvučenie) > Reproduktory > tlakové 100V";"";"";"";"";"";"";"";"";"";"Monacor IT-400 TW";""
"MON_ITH-300";"";"Monacor ITH-300 Sada pre montáž na stĺp pre tlakové reproduktory alebo kamery, V2A";"a98091dc-92cd-11f1-ba70-bc24110eff41";"";"4007754247916";"";"";"Profesionálna audio technika > Plošné ozvučenie (100V rozhlasové ozvučenie) > Reproduktory > príslušenstvo";"Profesionálna audio technika > Plošné ozvučenie (100V rozhlasové ozvučenie) > Reproduktory > príslušenstvo";"";"";"";"";"";"";"";"";"";"Monacor ITH-300";""
"MON_KU-516";"";"Monacor KU-516 Tlakový driver odolný voči počasiu";"aa978788-92cd-11f1-a69b-bc24110eff41";"";"4007754031249";"";"";"Profesionálna audio technika > Plošné ozvučenie (100V rozhlasové ozvučenie) > Reproduktory > tlakové";"Profesionálna audio technika > Plošné ozvučenie (100V rozhlasové ozvučenie) > Reproduktory > tlakové";"";"";"";"";"";"";"";"";"";"Monacor KU-516";""
"MON_LST-6";"";"Monacor LST-6 Pár univerzálnych držiakov";"ac8d932a-92cd-11f1-82f4-bc24110eff41";"";"4007754176872";"";"";"Profesionálna audio technika > Pódium, diskotéka, DJ > Statívy/držiaky";"Profesionálna audio technika > Pódium, diskotéka, DJ > Statívy/držiaky";"";"";"";"";"";"";"";"";"";"Monacor LST-6";""
"MON_MC-31";"";"IMG Stage Line MC-31 3-pásmový mikrofónny zlučovač";"ad1abe6c-92cd-11f1-b70d-bc24110eff41";"";"4007754197747";"";"";"Profesionálna audio technika > Pódium, diskotéka, DJ > Distribútory";"Profesionálna audio technika > Pódium, diskotéka, DJ > Distribútory";"";"";"";"";"";"";"";"";"";"IMG Stage Line MC-31";""
"MON_MCA-127J";"";"Monacor MCA-127J Audio pripájací kábel, 1 m";"ad42a724-92cd-11f1-9498-bc24110eff41";"";"4007754227673";"";"";"Profesionálna audio technika > Káble, konektory a redukcie > Káble > XLR";"Profesionálna audio technika > Káble, konektory a redukcie > Káble > XLR";"";"";"";"";"";"";"";"";"";"Monacor 0069030";""
"MON_MCA-129P";"";"Monacor MCA-129P Adaptér na audio kábel, 1 m";"ad5731bc-92cd-11f1-b11d-bc24110eff41";"";"4007754202717";"";"";"Profesionálna audio technika > Káble, konektory a redukcie > Káble > 3.5/2.5mm";"Profesionálna audio technika > Káble, konektory a redukcie > Káble > XLR";"Profesionálna audio technika > Káble, konektory a redukcie > Káble > 3.5/2.5mm";"";"";"";"";"";"";"";"";"Monacor MCA-129P";""
"MON_MCA-158";"";"Monacor MCA-158 Pripájací audio kábel, 1.5. m";"ad6bacdc-92cd-11f1-a082-bc24110eff41";"";"4007754148480";"";"";"Profesionálna audio technika > Káble, konektory a redukcie > Káble > RCA";"Profesionálna audio technika > Káble, konektory a redukcie > Káble > XLR";"Profesionálna audio technika > Káble, konektory a redukcie > Káble > RCA";"";"";"";"";"";"";"";"";"Monacor MCA-158";""
"MON_MCA-158J";"";"Monacor MCA-158J Pripájací audio kábel, 1.5 m";"ad764778-92cd-11f1-a199-bc24110eff41";"";"4007754227703";"";"";"Profesionálna audio technika > Káble, konektory a redukcie > Káble > XLR";"Profesionálna audio technika > Káble, konektory a redukcie > Káble > XLR";"";"";"";"";"";"";"";"";"";"Monacor MCA-158J";""
"MON_MCM-500/SW";"";"Monacor MCM-500/SW Mini XLR kábel, 5 m";"adc30608-92cd-11f1-ba49-bc24110eff41";"";"4007754139068";"";"";"Profesionálna audio technika > Káble, konektory a redukcie > Káble > XLR";"Profesionálna audio technika > Káble, konektory a redukcie > Káble > XLR";"";"";"";"";"";"";"";"";"";"Monacor MCM-500/SW";""
"MON_MEC-20/SW";"";"Monacor MEC-20/SW XLR kábel, 6 m";"aea83840-92cd-11f1-acf0-bc24110eff41";"";"4007754012941";"";"";"Profesionálna audio technika > Káble, konektory a redukcie > Káble > XLR";"Profesionálna audio technika > Káble, konektory a redukcie > Káble > XLR";"";"";"";"";"";"";"";"";"";"Monacor MEC-20/SW";""
"MON_MEC-2000/SW";"";"Monacor MEC-2000/SW XLR kábel, 20 m";"aeb26e64-92cd-11f1-88d8-bc24110eff41";"";"4007754091236";"";"";"Profesionálna audio technika > Káble, konektory a redukcie > Káble > XLR";"Profesionálna audio technika > Káble, konektory a redukcie > Káble > XLR";"";"";"";"";"";"";"";"";"";"Monacor MEC-2000/SW";""
"MON_MEC-600/SW";"";"Monacor MEC-600/SW Mono predlžovací kábel, 6 m";"aec77cfa-92cd-11f1-b3ad-bc24110eff41";"";"4007754013023";"";"";"Profesionálna audio technika > Káble, konektory a redukcie > Káble > XLR";"Profesionálna audio technika > Káble, konektory a redukcie > Káble > XLR";"";"";"";"";"";"";"";"";"";"Monacor MEC-600/SW";""
"MON_MEL-102/SW";"";"Monacor MEL-102/SW Linkový kábel, 1 m";"aedc0882-92cd-11f1-90c6-bc24110eff41";"";"4007754183177";"";"";"Profesionálna audio technika > Káble, konektory a redukcie > Káble > XLR";"Profesionálna audio technika > Káble, konektory a redukcie > Káble > XLR";"";"";"";"";"";"";"";"";"";"Monacor MEL-102/SW";""
"MON_MKA-50SET/SW";"";"Monacor MKA-50SET/SW Aktívny 2-pásmový stereo reproduktorový systém, 2 x 20 W";"af6b1e5a-92cd-11f1-b442-bc24110eff41";"";"4007754241907";"";"";"Profesionálna audio technika > Pódium, diskotéka, DJ > reproduktorové systémy > aktívne";"Profesionálna audio technika > Pódium, diskotéka, DJ > reproduktorové systémy > aktívne";"";"";"";"";"";"";"";"";"";"Monacor MKA-50SET/SW";""
"MON_MMX-602/SW";"";"IMG Stage Line MMX-602/SW Mikrofónový/linkový mixer";"b070a82e-92cd-11f1-94d7-bc24110eff41";"";"4007754182736";"";"";"Profesionálna audio technika > Pódium, diskotéka, DJ > mixy a powermixy > audio (MMX-)";"Profesionálna audio technika > Pódium, diskotéka, DJ > mixy a powermixy > audio (MMX-)";"";"";"";"";"";"";"";"";"";"IMG StageLine MMX-602/SW";""
"MON_MMX-8";"";"IMG Stage Line MMX-8 8-kanálový miniatúrny univerzálny audio mix";"b07ae1cc-92cd-11f1-a734-bc24110eff41";"";"4007754074925";"";"";"Profesionálna audio technika > Pódium, diskotéka, DJ > mixy a powermixy > audio (MMX-)";"Profesionálna audio technika > Pódium, diskotéka, DJ > mixy a powermixy > audio (MMX-)";"";"";"";"";"";"";"";"";"";"IMG Stageline MMX-8";""
"MON_MPA-102";"";"IMG Stage Line MPA-102 1-kanálový nízkošumový mikrofónny predzosilňovač";"b08508dc-92cd-11f1-8c14-bc24110eff41";"";"4007754164114";"";"";"Profesionálna audio technika > Pódium, diskotéka, DJ > Predzosilňovače audio";"Profesionálna audio technika > Pódium, diskotéka, DJ > Predzosilňovače audio";"";"";"";"";"";"";"";"";"";"IMG STAGE LINE MPA-102";""
"MON_MPX-20USB";"";"IMG Stage Line MPX-20USB 3-kanálový stereo DJ mix";"b100c666-92cd-11f1-9069-bc24110eff41";"";"4007754238853";"";"";"Profesionálna audio technika > Pódium, diskotéka, DJ > mixy a powermixy > dj (MPX-)";"Profesionálna audio technika > Pódium, diskotéka, DJ > mixy a powermixy > dj (MPX-)";"";"";"";"";"";"";"";"";"";"Monacor MPX-20USB";""
"MON_MPX-44/SW";"";"IMG Stage Line MPX-44/SW 6-kanálový stereo DJ mix";"b10b2f98-92cd-11f1-82b6-bc24110eff41";"";"4007754204902";"";"";"Profesionálna audio technika > Pódium, diskotéka, DJ > mixy a powermixy > dj (MPX-)";"Profesionálna audio technika > Pódium, diskotéka, DJ > mixy a powermixy > dj (MPX-)";"";"";"";"";"";"";"";"";"";"IMG STAGE LINE MPX-44/SW";""
"MON_MS-100/SW";"";"Monacor MS-100/SW Stolový mikrofónny stojan/podlahový stojan";"b1764da0-92cd-11f1-b4fc-bc24110eff41";"";"4007754168716";"";"";"Profesionálna audio technika > Pódium, diskotéka, DJ > Statívy/držiaky > mikrofónové stolové";"Profesionálna audio technika > Pódium, diskotéka, DJ > Statívy/držiaky > mikrofónové stolové";"";"";"";"";"";"";"";"";"";"Monacor MS-100/SW";""
"MON_MS-22";"";"Monacor MS-22 Stolový mikrofónny stojan";"b1ac5ff8-92cd-11f1-8c44-bc24110eff41";"";"4007754175066";"";"";"Profesionálna audio technika > Pódium, diskotéka, DJ > Statívy/držiaky > mikrofónové stolové";"Profesionálna audio technika > Pódium, diskotéka, DJ > Statívy/držiaky > mikrofónové stolové";"";"";"";"";"";"";"";"";"";"Monacor MS-22";""
"MON_MS-28";"";"Monacor MS-28 Stojan pre mikrofón";"b1b8c04a-92cd-11f1-84f0-bc24110eff41";"";"4007754201338";"";"";"Profesionálna audio technika > Pódium, diskotéka, DJ > Statívy/držiaky > mikrofónové podlahové";"Profesionálna audio technika > Pódium, diskotéka, DJ > Statívy/držiaky > mikrofónové podlahové";"";"";"";"";"";"";"";"";"";"Monacor MS-28";""
"MON_MS-40/SW";"";"Monacor MS-40/SW MS-40/SW, mikrofónny stojan";"b1da787a-92cd-11f1-ae73-bc24110eff41";"";"4007754159219";"";"";"Profesionálna audio technika > Pódium, diskotéka, DJ > Statívy/držiaky > mikrofónové podlahové";"Profesionálna audio technika > Pódium, diskotéka, DJ > Statívy/držiaky > mikrofónové podlahové";"";"";"";"";"";"";"";"";"";"Monacor MS-40/SW";""
"MON_MS-6";"";"Monacor MS-6 Stolový mikrofónny stojan";"b1eef85e-92cd-11f1-a19a-bc24110eff41";"";"4007754231298";"";"";"Profesionálna audio technika > Pódium, diskotéka, DJ > Statívy/držiaky > mikrofónové stolové";"Profesionálna audio technika > Pódium, diskotéka, DJ > Statívy/držiaky > mikrofónové stolové";"";"";"";"";"";"";"";"";"";"Monacor MS-6";""
"MON_MS-90/SW";"";"Monacor MS-90/SW Stojan pre mikrofón";"b2038d96-92cd-11f1-ac26-bc24110eff41";"";"4007754179651";"";"";"Profesionálna audio technika > Pódium, diskotéka, DJ > Statívy/držiaky > mikrofónové podlahové";"Profesionálna audio technika > Pódium, diskotéka, DJ > Statívy/držiaky > mikrofónové podlahové";"";"";"";"";"";"";"";"";"";"Monacor MS-90/SW";""
"MON_MS-92/SW";"";"Monacor MS-92/SW Stojan pre mikrofón";"b20f12ec-92cd-11f1-904b-bc24110eff41";"";"4007754226959";"";"";"Profesionálna audio technika > Pódium, diskotéka, DJ > Statívy/držiaky > mikrofónové podlahové";"Profesionálna audio technika > Pódium, diskotéka, DJ > Statívy/držiaky > mikrofónové podlahové";"";"";"";"";"";"";"";"";"";"Monacor MS-92/SW";""
"MON_NAHDMIWB";"";"Neutrik NAHDMIWB HDMI™ panelové prechodky";"b3f3c6e8-92cd-11f1-b17e-bc24110eff41";"";"7613187005039";"";"";"Profesionálna audio technika > Káble, konektory a redukcie > Konektory a redukcie > iné";"Profesionálna audio technika > Káble, konektory a redukcie > Neutrik > Ostatné";"Profesionálna audio technika > Káble, konektory a redukcie > Konektory a redukcie > iné";"";"";"";"";"";"";"";"";"Neutrik NAHDMI-W-B";""
"MON_NE-8FDP";"";"Neutrik NE-8FDP EtherCon panelové prechodky";"b4ae247a-92cd-11f1-955a-bc24110eff41";"";"7613187004919";"";"";"Profesionálna audio technika > Káble, konektory a redukcie > Konektory a redukcie > XLR";"Profesionálna audio technika > Káble, konektory a redukcie > Neutrik > Ostatné";"Profesionálna audio technika > Káble, konektory a redukcie > Konektory a redukcie > XLR";"";"";"";"";"";"";"";"";"Neutrik NE8FDP";""
"MON_NP-3RX";"";"Neutrik NP-3RX NEUTRIK 6.3 mm stereo konektor, pravouhlý";"b5114d66-92cd-11f1-ae9e-bc24110eff41";"";"7613187000768";"";"";"Profesionálna audio technika > Káble, konektory a redukcie > Konektory a redukcie > 6.3mm";"Profesionálna audio technika > Káble, konektory a redukcie > Neutrik > Jack";"Profesionálna audio technika > Káble, konektory a redukcie > Konektory a redukcie > 6.3mm";"";"";"";"";"";"";"";"";"Neutrik NP3RX";""
"MON_NP-3XBAG";"";"Neutrik NP-3XBAG NEUTRIK 6.3 mm stereo konektor";"b51c3d48-92cd-11f1-95e9-bc24110eff41";"";"7613187000683";"";"";"Profesionálna audio technika > Káble, konektory a redukcie > Konektory a redukcie > 6.3mm";"Profesionálna audio technika > Káble, konektory a redukcie > Neutrik > Jack";"Profesionálna audio technika > Káble, konektory a redukcie > Konektory a redukcie > 6.3mm";"";"";"";"";"";"";"";"";"Neutrik NP3XBAG";""
"MON_NR-10M";"";"Monacor NR-10M Zapustený hornový reproduktor (hudobný klaksón) s reproduktorom celého rozsahu, 4 Ω";"b546cf2c-92cd-11f1-976f-bc24110eff41";"";"4007754239607";"";"";"Profesionálna audio technika > Plošné ozvučenie (100V rozhlasové ozvučenie) > Reproduktory > tlakové";"Profesionálna audio technika > Plošné ozvučenie (100V rozhlasové ozvučenie) > Reproduktory > tlakové";"";"";"";"";"";"";"";"";"";"Monacor NR-10M";""
"MON_NR-254KS";"";"Monacor NR-254KS Tlakový reproduktor, odolný voči počasiu";"b570077a-92cd-11f1-ba9d-bc24110eff41";"";"4007754206449";"";"";"Profesionálna audio technika > Plošné ozvučenie (100V rozhlasové ozvučenie) > Reproduktory > tlakové";"Profesionálna audio technika > Plošné ozvučenie (100V rozhlasové ozvučenie) > Reproduktory > tlakové";"";"";"";"";"";"";"";"";"";"Monacor NR-254 KS";""
"MON_NR-33KS";"";"Monacor NR-33KS Tlakový reproduktor, odolný voči počasiu";"b584c91c-92cd-11f1-92e7-bc24110eff41";"";"4007754031218";"";"";"Profesionálna audio technika > Plošné ozvučenie (100V rozhlasové ozvučenie) > Reproduktory > tlakové";"Profesionálna audio technika > Plošné ozvučenie (100V rozhlasové ozvučenie) > Reproduktory > tlakové";"";"";"";"";"";"";"";"";"";"Monacor NR-33 KS";""
"MON_NR-40KS";"";"Monacor NR-40KS Tlakový reproduktor, odolný voči počasiu";"b591015a-92cd-11f1-b966-bc24110eff41";"";"4007754154672";"";"";"Profesionálna audio technika > Plošné ozvučenie (100V rozhlasové ozvučenie) > Reproduktory > tlakové";"Profesionálna audio technika > Plošné ozvučenie (100V rozhlasové ozvučenie) > Reproduktory > tlakové";"";"";"";"";"";"";"";"";"";"Monacor NR-40 KS";""
"MON_PAB-306/SW";"";"Monacor PAB-306/SW Univerzálne PA reproduktorové systémy, 160 W, 8 Ω";"b811ba82-92cd-11f1-b84b-bc24110eff41";"";"4007754229219";"";"";"Profesionálna audio technika > Pódium, diskotéka, DJ > reproduktorové systémy > pasívne";"Profesionálna audio technika > Pódium, diskotéka, DJ > reproduktorové systémy > pasívne";"";"";"";"";"";"";"";"";"";"Monacor PAB-306/SW";""
"MON_PAB-308/WS";"";"Monacor PAB-308/WS Univerzálne PA reproduktorové systémy, 125 W, 8 Ω";"b82fd986-92cd-11f1-947d-bc24110eff41";"";"4007754229240";"";"";"Profesionálna audio technika > Pódium, diskotéka, DJ > reproduktorové systémy > pasívne";"Profesionálna audio technika > Pódium, diskotéka, DJ > reproduktorové systémy > pasívne";"";"";"";"";"";"";"";"";"";"Monacor PAB-308/WS";""
"MON_PAK-412";"";"IMG Stage Line PAK-412 Aktívny výkonový PA reproduktorový systém s 2-kanálovým zosilňovačom, 700 W";"b83b40b4-92cd-11f1-80b4-bc24110eff41";"";"4007754244830";"";"";"Profesionálna audio technika > Pódium, diskotéka, DJ > reproduktorové systémy > aktívne";"Profesionálna audio technika > Pódium, diskotéka, DJ > reproduktorové systémy > aktívne";"";"";"";"";"";"";"";"";"";"IMG Stage Line PAK-412";""
"MON_PAK-415";"";"IMG Stage Line PAK-415 Aktívny výkonový PA reproduktorový systém s 2-kanálovým zosilňovačom, 700 W";"b845773c-92cd-11f1-8b77-bc24110eff41";"";"4007754244908";"";"";"Profesionálna audio technika > Pódium, diskotéka, DJ > reproduktorové systémy > aktívne";"Profesionálna audio technika > Pódium, diskotéka, DJ > reproduktorové systémy > aktívne";"";"";"";"";"";"";"";"";"";"IMG Stage Line PAK-415";""
"MON_PAST-84/SW";"";"Monacor PAST-84/SW Držiak na stenu pre PA reproduktorové systémy";"b8bfa1f6-92cd-11f1-b4e2-bc24110eff41";"";"4007754188950";"";"";"Profesionálna audio technika > Pódium, diskotéka, DJ > Statívy/držiaky > reproduktorov";"Profesionálna audio technika > Pódium, diskotéka, DJ > Statívy/držiaky > reproduktorov";"";"";"";"";"";"";"";"";"";"Monacor PAST-84/SW";""
"MON_PPA-100/SW";"";"IMG Stage Line PPA-100/SW Slúchadlový stereo zosilňovač";"b985d20e-92cd-11f1-9786-bc24110eff41";"";"4007754182743";"";"";"Profesionálna audio technika > Pódium, diskotéka, DJ > Predzosilňovače audio";"Profesionálna audio technika > Pódium, diskotéka, DJ > Predzosilňovače audio";"";"";"";"";"";"";"";"";"";"IMG STAGE LINE PPA-100/SW";""
"MON_RBT-56";"";"Monacor RBT-56 Hi-fi stuhový výškový reproduktor, 10 W, 4 Ω";"ba5352f6-92cd-11f1-b84f-bc24110eff41";"";"4007754250275";"";"";"Profesionálna audio technika > Reproduktory > výškové";"Profesionálna audio technika > Reproduktory > výškové";"";"";"";"";"";"";"";"";"";"Monacor RBT-56";""
"MON_RBT-95";"";"Monacor RBT-95 Stuhové výškové reproduktory, 30 W, 8 Ω";"ba5de518-92cd-11f1-a1bd-bc24110eff41";"";"4007754196542";"";"";"Profesionálna audio technika > Reproduktory > výškové";"Profesionálna audio technika > Reproduktory > výškové";"";"";"";"";"";"";"";"";"";"Monacor RBT-95";""
"MON_RBT-95SR";"";"Monacor RBT-95SR Stuhový výškový reproduktor, 40 W, 8 Ω";"ba685a70-92cd-11f1-b61f-bc24110eff41";"";"4007754228960";"";"";"Profesionálna audio technika > Reproduktory > výškové";"Profesionálna audio technika > Reproduktory > výškové";"";"";"";"";"";"";"";"";"";"Monacor RBT-95";""
"MON_RCP-8704U";"";"Monacor RCP-8704U 482 mm (19"") rackové panely";"baa604b0-92cd-11f1-8f95-bc24110eff41";"";"4007754034394";"";"";"Profesionálna audio technika > Pódium, diskotéka, DJ > transportné kufre a racky > príslušenstvo > ostatné";"Profesionálna audio technika > Pódium, diskotéka, DJ > transportné kufre a racky > príslušenstvo > ostatné";"";"";"";"";"";"";"";"";"";"Monacor RCP-8704U";""
"MON_RCP-8721U";"";"Monacor RCP-8721U Rackový panel";"bab060f4-92cd-11f1-9b64-bc24110eff41";"";"4007754034400";"";"";"Profesionálna audio technika > Pódium, diskotéka, DJ > transportné kufre a racky > príslušenstvo > ostatné";"Profesionálna audio technika > Pódium, diskotéka, DJ > transportné kufre a racky > príslušenstvo > ostatné";"";"";"";"";"";"";"";"";"";"Monacor RCP-8721U";""
"MON_RCP-8730U";"";"Monacor RCP-8730U Rackový panel, 1U";"bac7f57a-92cd-11f1-bcf3-bc24110eff41";"";"4007754169522";"";"";"Profesionálna audio technika > Pódium, diskotéka, DJ > transportné kufre a racky > príslušenstvo > ostatné";"Profesionálna audio technika > Pódium, diskotéka, DJ > transportné kufre a racky > príslušenstvo > ostatné";"";"";"";"";"";"";"";"";"";"Monacor RCP-8730U";""
"MON_RCP-8732U";"";"Monacor RCP-8732U Rackový panel, 1U";"badcbab4-92cd-11f1-8e6d-bc24110eff41";"";"4007754169546";"";"";"Profesionálna audio technika > Pódium, diskotéka, DJ > transportné kufre a racky > príslušenstvo > ostatné";"Profesionálna audio technika > Pódium, diskotéka, DJ > transportné kufre a racky > príslušenstvo > ostatné";"";"";"";"";"";"";"";"";"";"Monacor RCP-8732U 1 U";""
"MON_RH-100";"";"Monacor RH-100 482 mm (19"") montážna doska, 1 U";"bb0f4632-92cd-11f1-b19f-bc24110eff41";"";"4007754169584";"";"";"Profesionálna audio technika > Pódium, diskotéka, DJ > transportné kufre a racky > príslušenstvo > ostatné";"Profesionálna audio technika > Pódium, diskotéka, DJ > transportné kufre a racky > príslušenstvo > ostatné";"";"";"";"";"";"";"";"";"";"Monacor RH-100";""
"MON_SLA-35";"";"Monacor SLA-35 Zosilňovač stereofónnej úrovne a impedancie";"bc21f880-92cd-11f1-a2e0-bc24110eff41";"";"4007754231755";"";"";"Profesionálna audio technika > Pódium, diskotéka, DJ > Predzosilňovače audio";"Profesionálna audio technika > Pódium, diskotéka, DJ > Predzosilňovače audio";"";"";"";"";"";"";"";"";"";"Monacor SLA-35";""
"MON_SP-10/4S";"";"Monacor SP-10/4S Univerzálny reproduktor, 15 W, 4 Ω";"bc79ad3c-92cd-11f1-9cf9-bc24110eff41";"";"4007754137798";"";"";"Profesionálna audio technika > Reproduktory > univerzálne";"Profesionálna audio technika > Reproduktory > univerzálne";"";"";"";"";"";"";"";"";"";"Monacor SP-10/4";""
"MON_SP-100/8";"";"Monacor SP-100/8 Hi-fi stredobasový reproduktor, 30 W, 8 Ω";"bc8a1186-92cd-11f1-8e1d-bc24110eff41";"";"4007754138849";"";"";"Profesionálna audio technika > Reproduktory > stredo-basové";"Profesionálna audio technika > Reproduktory > stredo-basové";"";"";"";"";"";"";"";"";"";"Monacor SP-100/8";""
"MON_SP-15";"";"Monacor SP-15 Špeciálny reproduktor, 10 W, 8 Ω";"bcc0df4a-92cd-11f1-b72a-bc24110eff41";"";"4007754024289";"";"";"Profesionálna audio technika > Reproduktory > univerzálne";"Profesionálna audio technika > Reproduktory > univerzálne";"";"";"";"";"";"";"";"";"";"Monacor SP-15";""
"MON_SP-17/4";"";"Monacor SP-17/4 Univerzálny reproduktor, 30 W, 4 Ω";"bcd5e4da-92cd-11f1-9bb6-bc24110eff41";"";"4007754137828";"";"";"Profesionálna audio technika > Reproduktory > univerzálne";"Profesionálna audio technika > Reproduktory > univerzálne";"";"";"";"";"";"";"";"";"";"Monacor SP-17/4";""
"MON_SP-202E";"";"Monacor SP-202E Hi-fi stredobasový reproduktor, 50 W, 4 Ω";"bce0669e-92cd-11f1-b7fd-bc24110eff41";"";"4007754153514";"";"";"Profesionálna audio technika > Reproduktory > stredo-basové";"Profesionálna audio technika > Reproduktory > stredo-basové";"";"";"";"";"";"";"";"";"";"Monacor SP-202E";""
"MON_SP-252C";"";"Monacor SP-252C Car hi-fi basový reproduktor, Ø 25 cm, 100 W, 4 Ω";"bd1a03cc-92cd-11f1-ac53-bc24110eff41";"";"4007754095593";"";"";"Profesionálna audio technika > Reproduktory > basové/subwoofery";"Profesionálna audio technika > Reproduktory > basové/subwoofery";"";"";"";"";"";"";"";"";"";"Monacor SP-252C";""
"MON_SP-252E";"";"Monacor SP-252E Hi-fi stredobasový reproduktor, 75 W, 4 Ω";"bd257950-92cd-11f1-8a95-bc24110eff41";"";"4007754153521";"";"";"Profesionálna audio technika > Reproduktory > stredo-basové";"Profesionálna audio technika > Reproduktory > stredo-basové";"";"";"";"";"";"";"";"";"";"Monacor SP-252E";""
"MON_SP-252PA";"";"Monacor SP-252PA Univerzálny stredobasový reproduktor, 75 W, 8 Ω";"bd2f9fd4-92cd-11f1-9658-bc24110eff41";"";"4007754134896";"";"";"Profesionálna audio technika > Reproduktory > stredo-basové";"Profesionálna audio technika > Reproduktory > univerzálne";"Profesionálna audio technika > Reproduktory > stredo-basové";"";"";"";"";"";"";"";"";"Monacor SP-252PA";""
"MON_SP-312CX";"";"Monacor SP-312CX 2-pásmový koaxiálny PA reproduktor";"bd70b82a-92cd-11f1-8783-bc24110eff41";"";"4007754246599";"";"";"Profesionálna audio technika > Reproduktory > širokopásmové";"Profesionálna audio technika > Reproduktory > širokopásmové";"";"";"";"";"";"";"";"";"";"Monacor SP-312CX";""
"MON_SP-45/4";"";"Monacor SP-45/4 Basovostredový reproduktor, 20 W,4 Ω";"bd9f75a2-92cd-11f1-908e-bc24110eff41";"";"4007754024753";"";"";"Profesionálna audio technika > Reproduktory > stredo-basové";"Profesionálna audio technika > Reproduktory > stredo-basové";"";"";"";"";"";"";"";"";"";"Monacor SP-45/4";""
"MON_SP-60/4";"";"Monacor SP-60/4 Hi-fi stredobasový reproduktor, 30 W, 4 Ω";"bddb92d0-92cd-11f1-ac5d-bc24110eff41";"";"4007754024807";"";"";"Profesionálna audio technika > Reproduktory > stredo-basové";"Profesionálna audio technika > Reproduktory > stredo-basové";"";"";"";"";"";"";"";"";"";"Monacor SP-60/4";""
"MON_SP-60/8";"";"Monacor SP-60/8 Hi-fi stredobasový reproduktor, 30 W, 8 Ω";"bde54ce4-92cd-11f1-a0a4-bc24110eff41";"";"4007754024814";"";"";"Profesionálna audio technika > Reproduktory > stredo-basové";"Profesionálna audio technika > Reproduktory > stredo-basové";"";"";"";"";"";"";"";"";"";"Monacor SP-60/8";""
"MON_SP-7/4SQS";"";"Monacor SP-7/4SQS Univerzálny reproduktor, 8 WMAX, 4 WRMS, 4 Ω";"bdfa68c2-92cd-11f1-864e-bc24110eff41";"";"4007754137736";"";"";"Profesionálna audio technika > Reproduktory > univerzálne";"Profesionálna audio technika > Reproduktory > univerzálne";"";"";"";"";"";"";"";"";"";"Monacor SP-7/4SQS";""
"MON_SP-8/4SQ";"";"Monacor SP-8/4SQ Univerzálny reproduktor, 10 W, 4 Ω";"be18ca6a-92cd-11f1-86c9-bc24110eff41";"";"4007754137767";"";"";"Profesionálna audio technika > Reproduktory > univerzálne";"Profesionálna audio technika > Reproduktory > univerzálne";"";"";"";"";"";"";"";"";"";"Monacor SP-8/4SQ";""
"MON_SPE-15/WS";"";"Monacor SPE-15/WS Hi-fi nástenný a stropný reproduktor, 25 W, 8 Ω";"bee286a2-92cd-11f1-b89a-bc24110eff41";"";"4007754232677";"";"";"Profesionálna audio technika > Plošné ozvučenie (100V rozhlasové ozvučenie) > Reproduktory > podhľadové";"Profesionálna audio technika > Plošné ozvučenie (100V rozhlasové ozvučenie) > Reproduktory > podhľadové";"";"";"";"";"";"";"";"";"";"Monacor SPE-15";""
"MON_SPE-158/WS";"";"Monacor SPE-158/WS Širokopásmový reproduktor pod omietku, 15 W, 8 Ω";"bef7415a-92cd-11f1-adee-bc24110eff41";"";"4007754117882";"";"";"Profesionálna audio technika > Plošné ozvučenie (100V rozhlasové ozvučenie) > Reproduktory > podhľadové";"Profesionálna audio technika > Plošné ozvučenie (100V rozhlasové ozvučenie) > Reproduktory > podhľadové";"";"";"";"";"";"";"";"";"";"Monacor SPE-158";""
"MON_SPE-22/WS";"";"Monacor SPE-22/WS Hi-fi nástenné a stropné reproduktory, 8 Ω";"bf0b9164-92cd-11f1-9d2c-bc24110eff41";"";"4007754232691";"";"";"Profesionálna audio technika > Plošné ozvučenie (100V rozhlasové ozvučenie) > Reproduktory > podhľadové";"Profesionálna audio technika > Plošné ozvučenie (100V rozhlasové ozvučenie) > Reproduktory > podhľadové";"";"";"";"";"";"";"";"";"";"Monacor SPE-22";""
"MON_SPE-230/WS";"";"Monacor SPE-230/WS Pár zapustených reproduktorov";"bf159b14-92cd-11f1-befd-bc24110eff41";"";"4007754091496";"";"";"Profesionálna audio technika > Plošné ozvučenie (100V rozhlasové ozvučenie) > Reproduktory > podhľadové";"Profesionálna audio technika > Plošné ozvučenie (100V rozhlasové ozvučenie) > Reproduktory > podhľadové";"";"";"";"";"";"";"";"";"";"Monacor SPE-230";""
"MON_SPE-265/WS";"";"Monacor SPE-265/WS Dvojica podomietkových reproduktorov";"bf1f7c6a-92cd-11f1-861e-bc24110eff41";"";"4007754091502";"";"";"Profesionálna audio technika > Plošné ozvučenie (100V rozhlasové ozvučenie) > Reproduktory > podhľadové";"Profesionálna audio technika > Plošné ozvučenie (100V rozhlasové ozvučenie) > Reproduktory > podhľadové";"";"";"";"";"";"";"";"";"";"Monacor SPE-265";""
"MON_SPE-32/WS";"";"Monacor SPE-32/WS Hi-fi nástenné a stropné reproduktory, 8 Ω";"bf2924d6-92cd-11f1-9d5f-bc24110eff41";"";"4007754232707";"";"";"Profesionálna audio technika > Plošné ozvučenie (100V rozhlasové ozvučenie) > Reproduktory > podhľadové";"Profesionálna audio technika > Plošné ozvučenie (100V rozhlasové ozvučenie) > Reproduktory > podhľadové";"";"";"";"";"";"";"";"";"";"Monacor SPE-32";""
"MON_SPE-82/WS";"";"Monacor SPE-82/WS Malý reproduktor pod omietku, 6 W, 4 Ω";"bf32d080-92cd-11f1-b489-bc24110eff41";"";"4007754157383";"";"";"Profesionálna audio technika > Plošné ozvučenie (100V rozhlasové ozvučenie) > Reproduktory > podhľadové";"Profesionálna audio technika > Plošné ozvučenie (100V rozhlasové ozvučenie) > Reproduktory > podhľadové";"";"";"";"";"";"";"";"";"";"Monacor SPE-82";""
"MON_SPH-145HQ";"";"Monacor SPH-145HQ Vysokokvalitný hi-fi stredobasový reproduktor, 50 W, 8 Ω";"bf5d3046-92cd-11f1-aa41-bc24110eff41";"";"4007754228014";"";"";"Profesionálna audio technika > Reproduktory > stredo-basové";"Profesionálna audio technika > Reproduktory > stredo-basové";"";"";"";"";"";"";"";"";"";"Monacor SPH-145HQ";""
"MON_SPH-30X/8SW";"";"Monacor SPH-30X/8SW Vysokokvalitný hi-fi reproduktor s plným rozsahom, 20 W, 8 Ω, s čiernym kevlarovým kužeľom";"bf99b854-92cd-11f1-a7bb-bc24110eff41";"";"4007754230826";"";"";"Profesionálna audio technika > Reproduktory > širokopásmové";"Profesionálna audio technika > Reproduktory > širokopásmové";"";"";"";"";"";"";"";"";"";"Monacor SPH-30X/8SW";""
"MON_SPM-116/8";"";"Monacor SPM-116/8 Hi-fi stredobasový reproduktor, 40 W, 8 Ω";"bfd84d26-92cd-11f1-8698-bc24110eff41";"";"4007754220988";"";"";"Profesionálna audio technika > Reproduktory > stredo-basové";"Profesionálna audio technika > Reproduktory > stredo-basové";"";"";"";"";"";"";"";"";"";"Monacor SPM-116/8";""
"MON_SPS-80S";"";"Monacor SPS-80S Skrinka na prepínanie reproduktorov";"c019c60c-92cd-11f1-8ead-bc24110eff41";"";"4007754162042";"";"";"Profesionálna audio technika > Plošné ozvučenie (100V rozhlasové ozvučenie) > Reproduktory > príslušenstvo";"Profesionálna audio technika > Plošné ozvučenie (100V rozhlasové ozvučenie) > Reproduktory > príslušenstvo";"";"";"";"";"";"";"";"";"";"Monacor SPS-80S";""
"MON_SPX-21M";"";"Monacor SPX-21M Hi-fi širokopásmový reproduktor, 12 W, 4 Ω";"c0388e98-92cd-11f1-a845-bc24110eff41";"";"4007754221305";"";"";"Profesionálna audio technika > Reproduktory > širokopásmové";"Profesionálna audio technika > Reproduktory > širokopásmové";"";"";"";"";"";"";"";"";"";"Monacor SPX-21M";""
"MON_STA-1000D";"";"IMG Stage Line STA-1000D Digitálny stereo PA zosilňovač";"c0b6751a-92cd-11f1-a9e7-bc24110eff41";"";"4007754239072";"";"";"Profesionálna audio technika > Pódium, diskotéka, DJ > zosilňovače > stereo";"Profesionálna audio technika > Pódium, diskotéka, DJ > zosilňovače > stereo";"";"";"";"";"";"";"";"";"";"IMG Stage Line STA-1000D";""
"MON_STA-300D";"";"IMG Stage Line STA-300D Digitálny stereo PA zosilňovač";"c1142c96-92cd-11f1-a804-bc24110eff41";"";"4007754247442";"";"";"Profesionálna audio technika > Pódium, diskotéka, DJ > zosilňovače > stereo";"Profesionálna audio technika > Pódium, diskotéka, DJ > zosilňovače > stereo";"";"";"";"";"";"";"";"";"";"Img-Stage Line STA-300D";""
"MON_TXA-1020";"";"Monacor TXA-1020 Prenosné vysokovýkonné zosilňovacie systémy";"c2e3351c-92cd-11f1-8a79-bc24110eff41";"";"4007754243604";"";"";"Profesionálna audio technika > Plošné ozvučenie (100V rozhlasové ozvučenie) > Prenosné ozvučovacie systémy";"Profesionálna audio technika > Plošné ozvučenie (100V rozhlasové ozvučenie) > Prenosné ozvučovacie systémy";"";"";"";"";"";"";"";"";"";"Monacor TXA-1020";""
"MON_TXA-1022CD";"";"Monacor TXA-1022CD Prenosné vysokovýkonné zosilňovacie systémy";"c2f74db8-92cd-11f1-a82f-bc24110eff41";"";"4007754243628";"";"";"Profesionálna audio technika > Plošné ozvučenie (100V rozhlasové ozvučenie) > Prenosné ozvučovacie systémy";"Profesionálna audio technika > Plošné ozvučenie (100V rozhlasové ozvučenie) > Prenosné ozvučovacie systémy";"";"";"";"";"";"";"";"";"";"Monacor TXA-1022CD";""
"MON_TXA-800HT";"";"Monacor TXA-800HT Rúčkový mikrofón s integrovaným multifrekvenčným transmiterom";"c3181516-92cd-11f1-b1a8-bc24110eff41";"";"4007754199352";"";"";"Profesionálna audio technika > Tlmočnícke, sprievodcovské a konferenčné systémy > Bezdrôtový, sprievodcovský systém > vysielače";"Profesionálna audio technika > Plošné ozvučenie (100V rozhlasové ozvučenie) > Prenosné ozvučovacie systémy";"Profesionálna audio technika > Tlmočnícke, sprievodcovské a konferenčné systémy > Bezdrôtový, sprievodcovský systém > vysielače";"";"";"";"";"";"";"";"";"Monacor TXS-1800HT";""
"MON_TXS-812SET";"";"IMG Stage Line TXS-812SET Bezdrôtový 2-kanálový mikrofónny systém, 863.80 MHz, 864.20 MHz";"c3cfbec8-92cd-11f1-8a08-bc24110eff41";"";"4007754215175";"";"";"Profesionálna audio technika > Pódium, diskotéka, DJ > mikrofóny > bezdrôtové > frekvencie povolené v SR";"Profesionálna audio technika > Pódium, diskotéka, DJ > mikrofóny > bezdrôtové > frekvencie povolené v SR";"";"";"";"";"";"";"";"";"";"Monacor TXS-812SET";""
"MON_ATT-2100H/WS";"";"Monacor ATT-2100H/WS Nástenné ovládanie hlasitosti PA, 100 W";"c5a84ee0-92cd-11f1-8a3b-bc24110eff41";"";"4007754255652";"";"";"Profesionálna audio technika > Plošné ozvučenie (100V rozhlasové ozvučenie) > Regulátory hlasitosti";"Profesionálna audio technika > Plošné ozvučenie (100V rozhlasové ozvučenie) > Regulátory hlasitosti";"";"";"";"";"";"";"";"";"";"Monacor ATT-2100H/WS";""
"MON_ATT-212H/WS";"";"Monacor ATT-212H/WS Nástenné ovládanie hlasitosti PA, 12 W";"c5b288d8-92cd-11f1-b0c3-bc24110eff41";"";"4007754255614";"";"";"Profesionálna audio technika > Plošné ozvučenie (100V rozhlasové ozvučenie) > Regulátory hlasitosti";"Profesionálna audio technika > Plošné ozvučenie (100V rozhlasové ozvučenie) > Regulátory hlasitosti";"";"";"";"";"";"";"";"";"";"Monacor ATT-212H/WS";""
"MON_ATT-224H/WS";"";"Monacor ATT-224H/WS Nástenné ovládanie hlasitosti PA, 24 W";"c5bcb5ec-92cd-11f1-bf0e-bc24110eff41";"";"4007754255621";"";"";"Profesionálna audio technika > Plošné ozvučenie (100V rozhlasové ozvučenie) > Regulátory hlasitosti";"Profesionálna audio technika > Plošné ozvučenie (100V rozhlasové ozvučenie) > Regulátory hlasitosti";"";"";"";"";"";"";"";"";"";"Monacor ATT-224H/WS";""
"MON_ATT-250H/WS";"";"Monacor ATT-250H/WS Nástenné ovládanie hlasitosti PA, 50 W";"c5c6bf9c-92cd-11f1-8ffa-bc24110eff41";"";"4007754255645";"";"";"Profesionálna audio technika > Plošné ozvučenie (100V rozhlasové ozvučenie) > Regulátory hlasitosti";"Profesionálna audio technika > Plošné ozvučenie (100V rozhlasové ozvučenie) > Regulátory hlasitosti";"";"";"";"";"";"";"";"";"";"Monacor ATT-250H/WS";""
"MON_EDL-62HQ";"";"Monacor EDL-62HQ PA hi-fi nástenný a stropný reproduktor, 30 W, 100 V";"c5e6f6c2-92cd-11f1-8372-bc24110eff41";"";"4007754254686";"";"";"Profesionálna audio technika > Plošné ozvučenie (100V rozhlasové ozvučenie) > Reproduktory > podhľadové";"Profesionálna audio technika > Plošné ozvučenie (100V rozhlasové ozvučenie) > Reproduktory > podhľadové";"";"";"";"";"";"";"";"";"";"MONACOR EDL-62HQ";""
"MON_EDL-82HQ";"";"Monacor EDL-82HQ PA hi-fi nástenný a stropný reproduktor, 30 W, 100 V";"c5f0b93c-92cd-11f1-a5c5-bc24110eff41";"";"4007754254693";"";"";"Profesionálna audio technika > Plošné ozvučenie (100V rozhlasové ozvučenie) > Reproduktory > podhľadové";"Profesionálna audio technika > Plošné ozvučenie (100V rozhlasové ozvučenie) > Reproduktory > podhľadové";"";"";"";"";"";"";"";"";"";"Monacor EDL-82HQ";""
"MON_EX-1W";"";"Monacor EX-1W Audio budič / rezonátor, 5 W, 8 Ω";"c604b2c0-92cd-11f1-8371-bc24110eff41";"";"4007754253719";"";"";"Profesionálna audio technika > Plošné ozvučenie (100V rozhlasové ozvučenie) > Reproduktory > príslušenstvo";"Profesionálna audio technika > Plošné ozvučenie (100V rozhlasové ozvučenie) > Reproduktory > príslušenstvo";"";"";"";"";"";"";"";"";"";"Monacor EX-1W";""
"MON_EX-40/4";"";"Monacor EX-40/4 Audio budič / rezonátor, 20 W, 4 Ω";"c60e95f6-92cd-11f1-8eed-bc24110eff41";"";"4007754253726";"";"";"Profesionálna audio technika > Plošné ozvučenie (100V rozhlasové ozvučenie) > Reproduktory > príslušenstvo";"Profesionálna audio technika > Plošné ozvučenie (100V rozhlasové ozvučenie) > Reproduktory > príslušenstvo";"";"";"";"";"";"";"";"";"";"Monacor EX-40/4";""
"MON_CM-125IF";"";"JTS CM-125IF Elektretový klopový mikrofón";"c6d3fd6e-92cd-11f1-95aa-bc24110eff41";"";"4007754248074";"";"";"Profesionálna audio technika > JTS > Mikrofóny a bezdrôtové systémy > Náhlavové a klopové mikrofóny";"Profesionálna audio technika > JTS > Mikrofóny a bezdrôtové systémy > Náhlavové a klopové mikrofóny";"";"";"";"";"";"";"";"";"";"Monacor CM-125IF";""
"MON_CM-214F";"";"JTS CM-214F Elektretový náhlavový mikrofón";"c6df2306-92cd-11f1-a849-bc24110eff41";"";"4007754242942";"";"";"Profesionálna audio technika > Pódium, diskotéka, DJ > mikrofóny > náhlavové";"Profesionálna audio technika > JTS > Mikrofóny a bezdrôtové systémy > Náhlavové a klopové mikrofóny";"Profesionálna audio technika > Pódium, diskotéka, DJ > mikrofóny > náhlavové";"";"";"";"";"";"";"";"";"Monacor CM-214F";""
"MON_CM-502G12B";"";"JTS CM-502G12B Závesný elektretový mikrofón";"c7174ab0-92cd-11f1-bdef-bc24110eff41";"";"4007754248197";"";"";"Profesionálna audio technika > Pódium, diskotéka, DJ > mikrofóny > husí krk";"Profesionálna audio technika > JTS > Inštalácie > Inštalačné mikrofóny";"Profesionálna audio technika > Pódium, diskotéka, DJ > mikrofóny > husí krk";"";"";"";"";"";"";"";"";"Monacor CM-502G12B";""
"MON_CM-502WT";"";"JTS CM-502WT Závesný elektretový mikrofón";"c72b8728-92cd-11f1-9f51-bc24110eff41";"";"4007754248210";"";"";"Profesionálna audio technika > JTS > Inštalácie > Inštalačné mikrofóny";"Profesionálna audio technika > JTS > Inštalácie > Inštalačné mikrofóny";"";"";"";"";"";"";"";"";"";"Monacor CM-502WT";""
"MON_CS-1CH";"";"JTS CS-1CH Predsednícka mikrofónna stanica";"c793b258-92cd-11f1-b65b-bc24110eff41";"";"4007754212051";"";"";"Profesionálna audio technika > JTS > Inštalácie > Konferenčné systémy";"Profesionálna audio technika > Tlmočnícke, sprievodcovské a konferenčné systémy > Konferenčný systém";"Profesionálna audio technika > JTS > Inštalácie > Konferenčné systémy";"";"";"";"";"";"";"";"";"Monacor CS-1CH";""
"MON_GM-5212LDU";"";"JTS GM-5212LDU Dvojitý mikrofón na husom krku s LED";"c87aceea-92cd-11f1-a4c7-bc24110eff41";"";"4007754234121";"";"";"Profesionálna audio technika > Pódium, diskotéka, DJ > mikrofóny > husí krk";"Profesionálna audio technika > JTS > Inštalácie > Inštalačné mikrofóny";"Profesionálna audio technika > Pódium, diskotéka, DJ > mikrofóny > husí krk";"";"";"";"";"";"";"";"";"Monacor GM-5212LDU";""
"MON_KA-8TH/1";"";"JTS KA-8TH/1 Dynamický rúčkový UHF PLL mikrofón";"c93b9404-92cd-11f1-b5f1-bc24110eff41";"";"4007754230260";"";"";"Profesionálna audio technika > Tlmočnícke, sprievodcovské a konferenčné systémy > Bezdrôtový, sprievodcovský systém > vysielače";"Profesionálna audio technika > JTS > Inštalácie > Bezdrôtový systém pre kamery";"Profesionálna audio technika > Tlmočnícke, sprievodcovské a konferenčné systémy > Bezdrôtový, sprievodcovský systém > vysielače";"";"";"";"";"";"";"";"";"JTS KA-8TH/1";""
"MON_NX-8.8";"";"JTS NX-8.8 Elektretový vokálny mikrofón";"c998151c-92cd-11f1-ac86-bc24110eff41";"";"4007754194159";"";"";"Profesionálna audio technika > Pódium, diskotéka, DJ > mikrofóny > elektretové/veľkomembránové";"Profesionálna audio technika > JTS > Mikrofóny a bezdrôtové systémy > Káblové mikrofóny";"Profesionálna audio technika > Pódium, diskotéka, DJ > mikrofóny > elektretové/veľkomembránové";"";"";"";"";"";"";"";"";"JTS NX-8-8";""
"MON_NX-9";"";"JTS NX-9 Závesný elektretový mikrofón";"c9adb444-92cd-11f1-9de1-bc24110eff41";"";"4007754194142";"";"";"Profesionálna audio technika > Pódium, diskotéka, DJ > mikrofóny > elektretové/veľkomembránové";"Profesionálna audio technika > JTS > Mikrofóny a bezdrôtové systémy > Káblové mikrofóny";"Profesionálna audio technika > JTS > Inštrumentálne mikrofóny";"Profesionálna audio technika > Pódium, diskotéka, DJ > mikrofóny > elektretové/veľkomembránové";"";"";"";"";"";"";"";"JTS NX-9";""
"MON_ST-5000";"";"JTS ST-5000 Pultový mikrofón na husom krku";"ca3e420c-92cd-11f1-9c43-bc24110eff41";"";"4007754248012";"";"";"Profesionálna audio technika > JTS > Inštalácie > Inštalačné mikrofóny";"Profesionálna audio technika > JTS > Inštalácie > Inštalačné mikrofóny";"";"";"";"";"";"";"";"";"";"Monacor ST-5000";""
"MON_ST-850";"";"JTS ST-850 Mikrofón na husom krku s možnosťou bezdrôtovej prevádzky";"ca5cc22c-92cd-11f1-a0d1-bc24110eff41";"";"4007754202304";"";"";"Profesionálna audio technika > Pódium, diskotéka, DJ > mikrofóny > husí krk";"Profesionálna audio technika > Pódium, diskotéka, DJ > mikrofóny > na stôl";"Profesionálna audio technika > JTS > Inštalácie > Inštalačné mikrofóny";"Profesionálna audio technika > Pódium, diskotéka, DJ > mikrofóny > husí krk";"";"";"";"";"";"";"";"JTS ST-850";""
"MON_CX-500DUSET";"";"JTS CX-500DUSET Miniatúrny elektretový inštrumentálny mikrofón";"cb14856a-92cd-11f1-bfbf-bc24110eff41";"";"4007754254570";"";"";"Profesionálna audio technika > Pódium, diskotéka, DJ > mikrofóny > pre hudobné nástroje";"Profesionálna audio technika > Pódium, diskotéka, DJ > mikrofóny > pre hudobné nástroje";"";"";"";"";"";"";"";"";"";"JTS CX-500DUSET";""
"MON_WALL-04T/SW";"";"Monacor WALL-04T/SW 2-pásmový PA reproduktorový systém v páre, čierny";"ccc2d7a4-92cd-11f1-96d3-bc24110eff41";"";"4007754261233";"";"";"Profesionálna audio technika > Plošné ozvučenie (100V rozhlasové ozvučenie) > Reproduktory > nástenné";"Profesionálna audio technika > Plošné ozvučenie (100V rozhlasové ozvučenie) > Reproduktory > nástenné 100V";"Profesionálna audio technika > Plošné ozvučenie (100V rozhlasové ozvučenie) > Reproduktory > nástenné";"";"";"";"";"";"";"";"";"Monacor WALL-04T/WS";""
"MON_DA-10-260/T";"";"ORG DA-10-260/T Zvukový projektor PA odolný voči poveternostným vplyvom na stenu s certifikátom EN 54-24";"cd4adbc2-92cd-11f1-906f-bc24110eff41";"";"4007754263909";"";"";"Profesionálna audio technika > Plošné ozvučenie (100V rozhlasové ozvučenie) > Reproduktory";"Profesionálna audio technika > Pódium, diskotéka, DJ > transportné kufre a racky";"Profesionálna audio technika > Káble, konektory a redukcie > Konektory a redukcie";"Profesionálna audio technika > Pódium, diskotéka, DJ > Statívy/držiaky";"Profesionálna audio technika > Pódium, diskotéka, DJ > Príslušenstvo k reproduktorom";"Profesionálna audio technika > Plošné ozvučenie (100V rozhlasové ozvučenie) > Reproduktory";"";"";"";"";"";"Monacor DA-10-260/T";""
"MON_SPH-174KE";"";"Monacor SPH-174KE Hi-fi stredobasový reproduktor , 50 W, 8 Ω";"cda7f7da-92cd-11f1-945b-bc24110eff41";"";"4007754261899";"";"";"Profesionálna audio technika > Reproduktory > stredo-basové";"Profesionálna audio technika > Reproduktory > stredo-basové";"";"";"";"";"";"";"";"";"";"Monacor SPH-174KE";""
"MON_MECR-200/SW";"";"Monacor MECR-200/SW XLR kábel, 2 m, REAN";"ce09b04c-92cd-11f1-b51e-bc24110eff41";"";"4007754265361";"";"";"Profesionálna audio technika > Káble, konektory a redukcie > Káble > XLR";"Profesionálna audio technika > Pódium, diskotéka, DJ > transportné kufre a racky";"Profesionálna audio technika > Plošné ozvučenie (100V rozhlasové ozvučenie) > Reproduktory";"Profesionálna audio technika > Pódium, diskotéka, DJ > Statívy/držiaky";"Profesionálna audio technika > Pódium, diskotéka, DJ > Príslušenstvo k reproduktorom";"Profesionálna audio technika > Káble, konektory a redukcie > Káble > XLR";"";"";"";"";"";"Monacor MECR-200/SW";""
"MON_CH-8";"";"JTS CH-8 Transportný kufrík s funkciou nabíjania";"ce7600bc-92cd-11f1-a560-bc24110eff41";"";"4007754261134";"";"";"Profesionálna audio technika > Pódium, diskotéka, DJ > mikrofóny > bezdrôtové > Príslušenstvo k bezdrôtovým mikrofónom";"Profesionálna audio technika > Pódium, diskotéka, DJ > mikrofóny > bezdrôtové > Príslušenstvo k bezdrôtovým mikrofónom";"";"";"";"";"";"";"";"";"";"JTS CH-8";""
"MON_PA-912S";"";"Monacor PA-912S Mono PA výkonový zosilňovač, 120 W";"cf10ab9e-92cd-11f1-afc1-bc24110eff41";"";"4007754261851";"";"";"Profesionálna audio technika > Plošné ozvučenie (100V rozhlasové ozvučenie) > Zosilňovače > koncové";"Profesionálna audio technika > Plošné ozvučenie (100V rozhlasové ozvučenie) > Zosilňovače > koncové";"";"";"";"";"";"";"";"";"";"Monacor PA-912S";""
"MON_EDL-116TW";"";"Monacor EDL-116TW PA stropný reproduktor, 100 V";"cfa340ee-92cd-11f1-a902-bc24110eff41";"";"4007754266436";"";"";"Profesionálna audio technika > Plošné ozvučenie (100V rozhlasové ozvučenie) > Reproduktory > podhľadové 100V";"Profesionálna audio technika > Plošné ozvučenie (100V rozhlasové ozvučenie) > Reproduktory > podhľadové 100V";"";"";"";"";"";"";"";"";"";"Monacor EDL-116TW";""
"MON_EDL-118TW";"";"Monacor EDL-118TW PA stropný reproduktor, 100 V";"cfad4026-92cd-11f1-a2a2-bc24110eff41";"";"4007754266443";"";"";"Profesionálna audio technika > Plošné ozvučenie (100V rozhlasové ozvučenie) > Reproduktory > podhľadové 100V";"Profesionálna audio technika > Plošné ozvučenie (100V rozhlasové ozvučenie) > Reproduktory > podhľadové 100V";"";"";"";"";"";"";"";"";"";"Monacor EDL-118TW";""
"MON_EDL-16";"";"Monacor EDL-16 PA stropný reproduktor, 15 cm (6"")";"cfb75c8c-92cd-11f1-a556-bc24110eff41";"";"4007754266108";"";"";"Profesionálna audio technika > Plošné ozvučenie (100V rozhlasové ozvučenie) > Reproduktory > podhľadové 100V";"Profesionálna audio technika > Plošné ozvučenie (100V rozhlasové ozvučenie) > Reproduktory > podhľadové 100V";"";"";"";"";"";"";"";"";"";"Monacor EDL-16";""
"MON_EDL-18";"";"Monacor EDL-18 PA stropný reproduktor, 20 cm (8"")";"cfc17c4e-92cd-11f1-8763-bc24110eff41";"";"4007754266115";"";"";"Profesionálna audio technika > Plošné ozvučenie (100V rozhlasové ozvučenie) > Reproduktory > podhľadové 100V";"Profesionálna audio technika > Plošné ozvučenie (100V rozhlasové ozvučenie) > Reproduktory > podhľadové 100V";"";"";"";"";"";"";"";"";"";"Monacor EDL-18";""
"MON_EDL-42HQ";"";"Monacor EDL-42HQ Hi-fi nástenný a stropný reproduktor, 15 W, 100 V, 8Ohm";"d035ff24-92cd-11f1-9733-bc24110eff41";"";"4007754272024";"";"";"Profesionálna audio technika > Plošné ozvučenie (100V rozhlasové ozvučenie) > Reproduktory > podhľadové";"Profesionálna audio technika > Plošné ozvučenie (100V rozhlasové ozvučenie) > Reproduktory > podhľadové 100V";"Profesionálna audio technika > Plošné ozvučenie (100V rozhlasové ozvučenie) > Reproduktory > podhľadové";"";"";"";"";"";"";"";"";"Monacor EDL-42HQ";""
"MON_KM-16312";"";"KNG KM-16312 Nástenný držiak pre slúchadlá";"d05ffcb6-92cd-11f1-a6cc-bc24110eff41";"";"4016842106394";"";"";"Profesionálna audio technika > Pódium, diskotéka, DJ > Statívy/držiaky > príslušenstvo";"Profesionálna audio technika > Pódium, diskotéka, DJ > Statívy/držiaky > príslušenstvo";"";"";"";"";"";"";"";"";"";"König & Meyer KM-16312";""
"MON_WAVE-12P";"";"IMG Stage Line WAVE-12P Pasívny širokopásmový reproduktorový systém, 400 W, 8 Ω";"d0b09da6-92cd-11f1-b8bc-bc24110eff41";"";"4007754274035";"";"";"Profesionálna audio technika > Pódium, diskotéka, DJ > reproduktorové systémy > pasívne";"Profesionálna audio technika > Pódium, diskotéka, DJ > reproduktorové systémy > pasívne";"";"";"";"";"";"";"";"";"";"IMG Stageline WAVE-12P";""
"MON_WAVE-15P";"";"IMG Stage Line WAVE-15P Pasívny širokopásmový reproduktorový systém, 500 W, 8 Ω";"d0bb0214-92cd-11f1-bd73-bc24110eff41";"";"4007754274042";"";"";"Profesionálna audio technika > Pódium, diskotéka, DJ > reproduktorové systémy > pasívne";"Profesionálna audio technika > Pódium, diskotéka, DJ > reproduktorové systémy > pasívne";"";"";"";"";"";"";"";"";"";"IMG Stageline WAVE-15P";""
"MON_MXR-4";"";"IMG Stage Line MXR-4 4-kanálový audio mix";"d0d04bd8-92cd-11f1-8fd1-bc24110eff41";"";"4007754273366";"";"";"Profesionálna audio technika > Pódium, diskotéka, DJ > mixy a powermixy > audio (MMX-)";"Profesionálna audio technika > Pódium, diskotéka, DJ > mixy a powermixy > audio (MMX-)";"";"";"";"";"";"";"";"";"";"IMG Stage Line MXR-4";""
"MON_DMP-130MIXBT";"";"Monacor DMP-130MIXBT MP3 prehrávač a mikrofónny linkový mixpult";"d24755e2-92cd-11f1-95df-bc24110eff41";"";"4007754274950";"";"";"Profesionálna audio technika > Pódium, diskotéka, DJ > mixy a powermixy > audio (MMX-)";"Profesionálna audio technika > Plošné ozvučenie (100V rozhlasové ozvučenie) > Zdroje zvuku";"Profesionálna audio technika > Pódium, diskotéka, DJ > mixy a powermixy > audio (MMX-)";"";"";"";"";"";"";"";"";"Monacor DMP-130MIX";""
"MON_PA-704";"";"Monacor PA-704 Mixážny zosilňovač";"d27ed828-92cd-11f1-9e84-bc24110eff41";"";"4007754274240";"";"";"Profesionálna audio technika > Plošné ozvučenie (100V rozhlasové ozvučenie) > Zosilňovače > mixážne";"Profesionálna audio technika > Plošné ozvučenie (100V rozhlasové ozvučenie) > Zosilňovače > s malým výkonom";"Profesionálna audio technika > Plošné ozvučenie (100V rozhlasové ozvučenie) > Zosilňovače > mixážne";"";"";"";"";"";"";"";"";"Monacor PA-704";""
"MON_TXS-606DT/2";"";"IMG Stage Line TXS-606DT/2 Wireless desktop microphone with integrated multifrequency transmitter, 672.000-691.975 MHz";"d298c198-92cd-11f1-95de-bc24110eff41";"";"4007754276169";"";"";"Profesionálna audio technika > Pódium, diskotéka, DJ > mikrofóny > bezdrôtové > frekvencie vyžadujúce povolenie na prevádzku v SR";"Profesionálna audio technika > Pódium, diskotéka, DJ > mikrofóny > bezdrôtové > frekvencie vyžadujúce povolenie na prevádzku v SR";"";"";"";"";"";"";"";"";"";"Monacor TXS-606DT";""
"MON_EDL-250C/WS";"";"Monacor EDL-250C/WS PA ceiling speaker";"d2c7b0ca-92cd-11f1-95e5-bc24110eff41";"";"4007754233360";"";"";"Profesionálna audio technika > Plošné ozvučenie (100V rozhlasové ozvučenie) > Systémy požiarneho a evakuačného rozhlasu > EN54";"Profesionálna audio technika > Plošné ozvučenie (100V rozhlasové ozvučenie) > Reproduktory > podhľadové 100V";"Profesionálna audio technika > Plošné ozvučenie (100V rozhlasové ozvučenie) > Systémy požiarneho a evakuačného rozhlasu > EN54";"";"";"";"";"";"";"";"";"Monacor EDL-250C";""
"MON_ESP-134/WS";"";"Monacor ESP-134/WS PA wall speaker";"d43f875c-92cd-11f1-8164-bc24110eff41";"";"4007754276992";"";"";"Profesionálna audio technika > Plošné ozvučenie (100V rozhlasové ozvučenie) > Reproduktory > nástenné 100V";"Profesionálna audio technika > Plošné ozvučenie (100V rozhlasové ozvučenie) > Reproduktory > nástenné 100V";"";"";"";"";"";"";"";"";"";"Monacor ESP-134/WS";""
"MON_EDL-412/SW";"";"Monacor EDL-412/SW PA reproduktor odolný voči poveternostným vplyvom, čierny";"d44a0754-92cd-11f1-83c9-bc24110eff41";"";"4007754411027";"";"";"Profesionálna audio technika > Plošné ozvučenie (100V rozhlasové ozvučenie) > Reproduktory > závesné";"Profesionálna audio technika > Plošné ozvučenie (100V rozhlasové ozvučenie) > Reproduktory > závesné";"";"";"";"";"";"";"";"";"";"Monacor EDL-412";""
"MON_WALL-08T/WS";"";"Monacor WALL-08T/WS Pair of 2-way PA speaker systems, white";"d4693f0c-92cd-11f1-881c-bc24110eff41";"";"4007754410907";"";"";"Profesionálna audio technika > Plošné ozvučenie (100V rozhlasové ozvučenie) > Reproduktory > nástenné";"Profesionálna audio technika > Pódium, diskotéka, DJ > transportné kufre a racky > príslušenstvo";"Profesionálna audio technika > Plošné ozvučenie (100V rozhlasové ozvučenie) > Reproduktory > nástenné 100V";"Profesionálna audio technika > Plošné ozvučenie (100V rozhlasové ozvučenie) > Reproduktory > nástenné";"";"";"";"";"";"";"";"Monacor WALL-08T/WS";""
"MON_PM-35USB";"";"JTS PM-35USB Dynamic microphone with USB connector";"d473de1c-92cd-11f1-acb9-bc24110eff41";"";"4007754412376";"";"";"Profesionálna audio technika > Pódium, diskotéka, DJ > mikrofóny > dynamické";"Profesionálna audio technika > Pódium, diskotéka, DJ > mikrofóny > dynamické";"";"";"";"";"";"";"";"";"";"Monacor PM-35USB";""
"MON_TCB-22";"";"Monacor TCB-22 2-channel audio balancing transformer";"d521d044-92cd-11f1-a65e-bc24110eff41";"";"4007754277005";"";"";"Profesionálna audio technika > Pódium, diskotéka, DJ > DI boxy a transformátory";"Profesionálna audio technika > Pódium, diskotéka, DJ > DI boxy a transformátory";"";"";"";"";"";"";"";"";"";"Monacor TCB-22";""
"MON_EDL-250/SW";"";"Monacor EDL-250/SW PA zvukový projektor odolný voči poveternostným vplyvom, čierny";"d54b0766-92cd-11f1-bca0-bc24110eff41";"";"4007754415612";"";"";"Profesionálna audio technika > Plošné ozvučenie (100V rozhlasové ozvučenie) > Reproduktory > projektory zvuku 100V";"Profesionálna audio technika > Plošné ozvučenie (100V rozhlasové ozvučenie) > Reproduktory > projektory zvuku 100V";"";"";"";"";"";"";"";"";"";"Monacor EDL-250";""
"MON_BK-4MCDE/2BE";"";"Panasonic BK-4MCDE/2BE Eneloop rechargeable batteries, AAA size, pack of 2, PANASONIC";"d6438404-92cd-11f1-ae4d-bc24110eff41";"";"5410853064268";"";"";"Profesionálna audio technika > Náradia, Do It Yourself, napájanie, meracia technika > Akumulátory, batérie a nabíjačky";"Profesionálna audio technika > Náradia, Do It Yourself, napájanie, meracia technika > Akumulátory, batérie a nabíjačky";"";"";"";"";"";"";"";"";"";"Panasonic Eneloop AAA 2ks 4MCCE/2BE";""
"MON_GM-5212SW";"";"JTS GM-5212SW Elektretový mikrofón na husom krku s tlačidlom on/off";"d64fdbbe-92cd-11f1-99c3-bc24110eff41";"";"4007754419399";"";"";"Profesionálna audio technika > Pódium, diskotéka, DJ > mikrofóny > husí krk";"Profesionálna audio technika > JTS > Inštalácie > Inštalačné mikrofóny";"Profesionálna audio technika > Pódium, diskotéka, DJ > mikrofóny > husí krk";"";"";"";"";"";"";"";"";"Monacor GM-5212SW";""
"SOL_XA05";"";"Solight účastnícka zásuvka koncová so SAT, útlm: 3dB";"f8f58b8e-92d5-11f1-a958-bc24110eff41";"";"8595092105587";"";"";"TV, audio a video > Antény a satelity > Anténne zásuvky";"TV, audio a video > Antény a satelity > Anténne zásuvky";"";"";"";"";"";"";"";"";"";"Solight XA05";""
"SOL_1MN40";"";"Solight veľký naklápací držiak pre ploché TV, 94cm - 190cm (37'' - 75'')";"f90ab25c-92d5-11f1-b9ce-bc24110eff41";"";"8595092122829";"";"";"TV, audio a video > TV stolíky a držiaky > Naklápacie držiaky";"TV, audio a video > TV stolíky a držiaky > Naklápacie držiaky";"";"";"";"";"";"";"";"";"";"Solight 1M01";""
"SOL_WO8017";"";"Solight LED osvetlenie s diaľkovým ovládačom Larios White, 48W, 3360lm, 39cm, zmena chromatickosti, stmievateľná";"f940522c-92d5-11f1-9189-bc24110eff41";"";"8592718039189";"";"";"Elektroinštalačný materiál > Osvetlenie > LED osvetlenie > Interiérové osvetlenie";"Elektroinštalačný materiál > Osvetlenie > LED osvetlenie > Interiérové osvetlenie";"";"";"";"";"";"";"";"";"";"Solight WO8017";""
"SOL_CA08B-M";"";"Solight digitálne hodiny s bluetooth synchronizáciou";"f97d1af4-92d5-11f1-b02e-bc24110eff41";"";"8592718042097";"";"";"Domáce spotrebiče > Malé spotrebiče > Meteostanice";"Domáce spotrebiče > Malé spotrebiče > Meteostanice";"";"";"";"";"";"";"";"";"";"Solight CA08B-M";""
"SOL_1L80B";"";"Solight bezdrôtový zvonček, do zásuvky, 180m, čierny, learning code";"f99cf540-92d5-11f1-ad83-bc24110eff41";"";"8592718034825";"";"";"Elektroinštalačný materiál > Zvončeky";"Elektroinštalačný materiál > Zvončeky";"";"";"";"";"";"";"";"";"";"Solight bezdrátový zvonek, do zásuvky 1L80B";""
"SOL_WO3105";"";"Solight kovový lampáš so žiarovkou s micro LED, teplá biela, 3xAA, 20cm";"f9cb26fe-92d5-11f1-8d60-bc24110eff41";"";"8592718037222";"";"";"Elektroinštalačný materiál > Osvetlenie > Svietidlá > Lampáše";"Elektroinštalačný materiál > Osvetlenie > Svietidlá > Lampáše";"";"";"";"";"";"";"";"";"";"Solight WO3105";""
"SOL_SSN5200E";"";"Solight anténne konektory, COAX konektor + COAX zdierka, priame, sáčok";"fa5a068a-92d5-11f1-aeae-bc24110eff41";"";"8592718021597";"";"";"TV, audio a video > AV káble > Anténa > Konektory a redukcie > COAX";"TV, audio a video > AV káble > Anténa > Konektory a redukcie > COAX";"";"";"";"";"";"";"";"";"";"COAX spojka, COAX zdierka - COAX konektor, 1ks ZLA0468-2";""
"SOL_P83";"";"Solight rozbočovač, 5 x 2,5A, biely";"fa7c1ffe-92d5-11f1-8761-bc24110eff41";"";"8592718022709";"";"";"Elektroinštalačný materiál > Ostatné > 230V > Rozbočky";"Elektroinštalačný materiál > Ostatné > 230V > Rozbočky";"";"";"";"";"";"";"";"";"";"Solight P83";""
"SOL_WM56";"";"Solight LED svetelný pás so svetelným a pohybovým senzorom, 1m, 4x AAA";"fa8d11ba-92d5-11f1-a53c-bc24110eff41";"";"8592718020040";"";"";"Elektroinštalačný materiál > Osvetlenie > LED pásky > LED pásiky";"Elektroinštalačný materiál > Osvetlenie > LED pásky > LED pásiky";"";"";"";"";"";"";"";"";"";"Solight SL0020";""
"SOL_WM-150-S";"";"Solight stojan teleskopický pre LED reflektory, 60-150cm, pre 1-2 reflektory, oranžová farba";"fae8f840-92d5-11f1-aad3-bc24110eff41";"";"8592718025151";"";"";"Elektroinštalačný materiál > Osvetlenie > LED reflektory > Reflektory so stojanom";"Elektroinštalačný materiál > Osvetlenie > LED reflektory > Reflektory so stojanom";"";"";"";"";"";"";"";"";"";"Solight WM-150-S";""
"SOL_PB21B";"";"Solight predlžovací prívod na bubne, 4 zásuvky, 10m, čierny kábel, 3x 1.0mm2";"fb4f1314-92d5-11f1-b511-bc24110eff41";"";"8592718022532";"";"";"Elektroinštalačný materiál > Predlžovacie káble a zásuvky > Navíjacie bubny";"Elektroinštalačný materiál > Predlžovacie káble a zásuvky > Navíjacie bubny";"";"";"";"";"";"";"";"";"";"Solight PB21";""
"SOL_PA20";"";"Solight cestovný adaptér, univerzálny, uzemnený";"fb6a4d64-92d5-11f1-886f-bc24110eff41";"";"8592718011123";"";"";"Elektroinštalačný materiál > Cestovné adaptéry";"Elektroinštalačný materiál > Cestovné adaptéry";"";"";"";"";"";"";"";"";"";"Solight PA20";""
"SOL_PA01-USA";"";"Solight cestovný adaptér do Spojených štátov, typ B";"fb97e224-92d5-11f1-9e99-bc24110eff41";"";"8592718022402";"";"";"Elektroinštalačný materiál > Cestovné adaptéry";"Elektroinštalačný materiál > Cestovné adaptéry";"";"";"";"";"";"";"";"";"";"Solight PA01-USA";""
"SOL_WM-100W-L";"";"Solight LED reflektor PRO, 100W, 9200lm, 5000K, IP65";"fc6cc7f0-92d5-11f1-bba8-bc24110eff41";"";"8592718025717";"";"";"Elektroinštalačný materiál > Osvetlenie > LED reflektory > Reflektory bez senzora";"Elektroinštalačný materiál > Osvetlenie > LED reflektory > Reflektory bez senzora";"";"";"";"";"";"";"";"";"";"Solight Pro WM-100W-L";""
"SOL_PB33";"";"Solight predlžovací prívod - na bubne, 4 zásuvky, 25m kábel guma, 3x 1,5mm2, IP44";"fc778cbc-92d5-11f1-aa3f-bc24110eff41";"";"8595092129385";"";"";"Elektroinštalačný materiál > Predlžovacie káble a zásuvky > Navíjacie bubny";"Elektroinštalačný materiál > Predlžovacie káble a zásuvky > Navíjacie bubny";"";"";"";"";"";"";"";"";"";"Solight PB 33";""
"SOL_WN900";"";"Solight náhradný akumulátor typ 18650, 3,7V, Li-Ion, 2200mAh";"fc84a9ec-92d5-11f1-b0c9-bc24110eff41";"";"8592718017101";"";"";"Elektroinštalačný materiál > Osvetlenie > Svietidlá > Nabíjacie";"Elektroinštalačný materiál > Osvetlenie > Svietidlá > Nabíjacie";"";"";"";"";"";"";"";"";"";"SOLIGHT WN900 3,7V, Li-Ion, 2200mAh";""
"SOL_WM504";"";"Solight LED RGB pásik pre TV, 2 x 50cm, USB, vypínač, diaľkový ovládač";"fc9ab228-92d5-11f1-ab04-bc24110eff41";"";"8592718020712";"";"";"Elektroinštalačný materiál > Osvetlenie > LED pásky > LED pásiky";"Elektroinštalačný materiál > Osvetlenie > LED pásky > LED pásiky";"";"";"";"";"";"";"";"";"";"Solight pre TV RGB WM504 2x50cm";""
"SOL_DY12";"";"Solight diaľkovo ovládané vonkajšie zásuvky set 2 + 1, 2 zásuvky, 1 ovládač, learning code";"fca59b48-92d5-11f1-8119-bc24110eff41";"";"8592718023386";"";"";"Bezpečnosť a smart domácnosť > Smart domácnosť";"Bezpečnosť a smart domácnosť > Smart domácnosť";"";"";"";"";"";"";"";"";"";"Solight DY12";""
"SOL_WPH-240W-002";"";"Solight high bay, 240W, 33600lm, 120°, Philips, MW, 5000K, UGR";"fcc0d020-92d5-11f1-bbc5-bc24110eff41";"";"8592718025922";"";"";"Elektroinštalačný materiál > Osvetlenie > Priemyselné LED osvetlenie > High Bay";"Elektroinštalačný materiál > Osvetlenie > Priemyselné LED osvetlenie > High Bay";"";"";"";"";"";"";"";"";"";"Solight high bay, 240W, 33600lm, 120°, Philips, MW, 5000K, UGR";""
"SOL_DA32";"";"Solight univerzálny zdroj pre netbooky a notebooky, 48W, 7 koncoviek, automatický";"fd01acd0-92d5-11f1-8bd4-bc24110eff41";"";"8592718001612";"";"";"Fotovoltaika a energie > Napájacie zdroje > Nabíjačky notebookov";"Fotovoltaika a energie > Napájacie zdroje > Nabíjačky notebookov";"";"";"";"";"";"";"";"";"";"Solight 48W DA32 - neoriginálny";""
"SOL_WT123";"";"Solight LED žiarivka lineárna PRO+, T8, 22W, 3080lm, 4000K, 150cm, Alu + PC";"fd288058-92d5-11f1-86f4-bc24110eff41";"";"8592718024178";"";"";"Elektroinštalačný materiál > Osvetlenie > LED trubicové žiarivky";"Elektroinštalačný materiál > Osvetlenie > LED trubicové žiarivky";"";"";"";"";"";"";"";"";"";"Solight LED žiarivka PRO+, T8, 22W, 3080lm, 4000K, 150cm, Alu+PC";""
"SOL_WM501";"";"Solight LED pásik pre TV, 100cm, USB, vypínač, studená biela";"fd4b444e-92d5-11f1-a546-bc24110eff41";"";"8592718017965";"";"";"Elektroinštalačný materiál > Osvetlenie > LED pásky > LED pásiky";"Elektroinštalačný materiál > Osvetlenie > LED pásky > LED pásiky";"";"";"";"";"";"";"";"";"";"Solight 8592718017965";""
"SOL_WPIR01";"";"Solight PIR interiérový senzor, do krabičky od vypínačov, funkcia zapnutia-vypnutia senzoru, biely";"fd6c747a-92d5-11f1-bcce-bc24110eff41";"";"8592718010492";"";"";"Elektroinštalačný materiál > Osvetlenie > Senzory a konektory";"Elektroinštalačný materiál > Osvetlenie > Senzory a konektory";"";"";"";"";"";"";"";"";"";"Solight WPIR01";""
"SOL_P50";"";"Solight zástrčka uhlová, nízky profil od steny, IP20, biela";"fd7c1d08-92d5-11f1-8608-bc24110eff41";"";"8592718013868";"";"";"Elektroinštalačný materiál > Ostatné > 230V > Koncovky";"Elektroinštalačný materiál > Ostatné > 230V > Koncovky";"";"";"";"";"";"";"";"";"";"Solight P50";""
"SOL_WL17";"";"Solight LED kovové svietidlo malé, 50lm, 1W LED, čierna, 1 x AA";"fdba9b96-92d5-11f1-a5b8-bc24110eff41";"";"8592718012908";"";"";"Elektroinštalačný materiál > Osvetlenie > Svietidlá > Nenabíjacie";"Elektroinštalačný materiál > Osvetlenie > Svietidlá > Nenabíjacie";"";"";"";"";"";"";"";"";"";"Solight WL17";""
"SOL_P50B";"";"Solight zástrčka uhlová, nízky profil od steny, IP20, čierna";"fdd2f52e-92d5-11f1-a93d-bc24110eff41";"";"8592718013875";"";"";"Elektroinštalačný materiál > Ostatné > 230V > Koncovky";"Elektroinštalačný materiál > Ostatné > 230V > Koncovky";"";"";"";"";"";"";"";"";"";"Solight P50 B";""
"SOL_WM89";"";"Solight prepojovací konektor pre RGB LED pásy, zacvakávacie, balenie 1ks, sáčok";"fde3695e-92d5-11f1-91f8-bc24110eff41";"";"8592718028992";"";"";"Elektroinštalačný materiál > Osvetlenie > LED pásky > Príslušenstvo";"Elektroinštalačný materiál > Osvetlenie > LED pásky > Príslušenstvo";"";"";"";"";"";"";"";"";"";"LedStar KONPREPRIRGB";""
"SOL_GL05-100";"";"Solight dezinfekčná UV lampa 100W";"fe2f82d0-92d5-11f1-b04f-bc24110eff41";"";"8592718029333";"";"";"Domáce spotrebiče > Malé spotrebiče > Dezinfekčné lampy > Ozónové";"Domáce spotrebiče > Malé spotrebiče > Dezinfekčné lampy > Ozónové";"";"";"";"";"";"";"";"";"";"Solight GL05-100";""
"SOL_RNUB-BK100";"";"Solight kotúč brusný na oceľ 100 x 2,5 x 16 mm";"ff47b1e2-92d5-11f1-8227-bc24110eff41";"";"8592718032197";"";"";"Náradie a dielňa > Ručné AKU náradie > Príslušenstvo";"Náradie a dielňa > Ručné AKU náradie > Príslušenstvo";"";"";"";"";"";"";"";"";"";"Solight RNUB-BK100";""
"SOL_5B114";"";"Solight vypínač Slim č. 7 krížový, biely";"ff5cdaea-92d5-11f1-8901-bc24110eff41";"";"8592718026981";"";"";"Elektroinštalačný materiál > Ostatné > 230V > Vypínače a zásuvky > Slim";"Elektroinštalačný materiál > Ostatné > 230V > Vypínače a zásuvky > Slim";"";"";"";"";"";"";"";"";"";"Solight 5B114";""
"SOL_WO781-W";"";"Solight LED vonkajšie osvetlenie Siena, biele, 20W, 1500lm, 4000K, IP54, 23cm";"ff7f459e-92d5-11f1-b597-bc24110eff41";"";"8592718029487";"";"";"Elektroinštalačný materiál > Osvetlenie > LED osvetlenie > Vonkajšie osvetlenie > Prisadené osvetlenie";"Elektroinštalačný materiál > Osvetlenie > LED osvetlenie > Vonkajšie osvetlenie > Prisadené osvetlenie";"";"";"";"";"";"";"";"";"";"Solight WO781-W";""
"SOL_WO903-1";"";"Solight montážne klipy na inštaláciu LED panelov 595x595 mm do podhľadov";"ff9fa7e4-92d5-11f1-a413-bc24110eff41";"";"8592718019594";"";"";"Elektroinštalačný materiál > Osvetlenie > LED panely a podhľadová svetla > Příslušenstvo";"Elektroinštalačný materiál > Osvetlenie > LED panely a podhľadová svetla > Příslušenstvo";"";"";"";"";"";"";"";"";"";"ARGUS CT-2115-W";""
"SOL_P104";"";"Solight rozbočovač, 2x 10A, biely-sivý";"ffabda0a-92d5-11f1-a369-bc24110eff41";"";"8592718026936";"";"";"Elektroinštalačný materiál > Ostatné > 230V > Rozbočky";"Elektroinštalačný materiál > Ostatné > 230V > Rozbočky";"";"";"";"";"";"";"";"";"";"Solight P104";""
"SOL_WO746-W";"";"Solight LED vonkajšie osvetlenie Siena, biele, 13W, 910lm, 4000K, IP54, 17cm";"ffd7e2ee-92d5-11f1-b413-bc24110eff41";"";"8592718029180";"";"";"Elektroinštalačný materiál > Osvetlenie > LED osvetlenie > Vonkajšie osvetlenie > Prisadené osvetlenie";"Elektroinštalačný materiál > Osvetlenie > LED osvetlenie > Vonkajšie osvetlenie > Prisadené osvetlenie";"";"";"";"";"";"";"";"";"";"Solight WO746";""
"SOL_PA02";"";"Solight cestovný adaptér Europe pre cudzincov v SR, typ E/F";"ffed0b06-92d5-11f1-8a9b-bc24110eff41";"";"8592718026318";"";"";"Elektroinštalačný materiál > Cestovné adaptéry";"Elektroinštalačný materiál > Cestovné adaptéry";"";"";"";"";"";"";"";"";"";"Solight PA02";""
"SOL_WN33";"";"Solight LED nabíjacie svietidlo s cyklo držiakom, 400lm, zoom, Li-Ion";"001ef7ba-92d6-11f1-9a1d-bc24110eff41";"";"8592718026691";"";"";"Elektroinštalačný materiál > Osvetlenie > Svietidlá > Nabíjacie";"Elektroinštalačný materiál > Osvetlenie > Svietidlá > Nabíjacie";"";"";"";"";"";"";"";"";"";"Solight WN33";""
"SOL_AV02";"";"Solight axiálny ventilátor s časovačom";"002ed46e-92d6-11f1-9323-bc24110eff41";"";"8592718027445";"";"";"Domáce spotrebiče > Malé spotrebiče > Vybavenie domácnosti";"Domáce spotrebiče > Malé spotrebiče > Vybavenie domácnosti";"";"";"";"";"";"";"";"";"";"Solight AV02";""
"SOL_WZ323-1";"";"Solight LED žiarovka G4, 1,5W, 3000K, 130lm";"004b335c-92d6-11f1-b51b-bc24110eff41";"";"8592718018450";"";"";"Elektroinštalačný materiál > Osvetlenie > LED Žiarovky > G9&G4";"Elektroinštalačný materiál > Osvetlenie > LED Žiarovky > G9&G4";"";"";"";"";"";"";"";"";"";"SOLIGHT LED žiarovka G4 1,5W teplá biela WZ323-1";""
"SOL_WL912";"";"Solight LED nábytkové osvetlenie, 2,5 W, 200lm, nabíjacie, PIR sensor, 31cm";"0093ef02-92d6-11f1-9aad-bc24110eff41";"";"8592718032357";"";"";"Elektroinštalačný materiál > Osvetlenie > LED osvetlenie > Nočné a dekoratívne svetielka";"Elektroinštalačný materiál > Osvetlenie > LED osvetlenie > Nočné a dekoratívne svetielka";"";"";"";"";"";"";"";"";"";"Solight WL912";""
"SOL_SSC11X5E";"";"Solight UTP CAT.5E kábel, RJ45 konektor - RJ45 konektor, 15m";"00dfe628-92d6-11f1-bce6-bc24110eff41";"";"8592718028404";"";"";"TV, audio a video > AV káble > Computer > UTP";"TV, audio a video > AV káble > Computer > UTP";"";"";"";"";"";"";"";"";"";"Solight SSC11X5E UTP CAT.5E, RJ45 konektor - RJ45 konektor, 15m";""
"SOL_5E61B";"";"Solight bezpečnostná zátka čierna, sada 5ks + 1 kľúčik";"00eb7182-92d6-11f1-b475-bc24110eff41";"";"8585001573262";"";"";"Elektroinštalačný materiál > Ostatné > 230V > Rozbočky";"Elektroinštalačný materiál > Ostatné > 230V > Rozbočky";"";"";"";"";"";"";"";"";"";"Solight sada 5x bezpečnostná zátka + kľúčik SL0540";""
"SOL_PP100-B";"";"Solight predlžovací prívod, 4 zásuvky, čierny, 2m, výsuvný blok zásuviek, kruhový tvar";"012c95c2-92d6-11f1-abbd-bc24110eff41";"";"8592718025854";"";"";"Elektroinštalačný materiál > Predlžovacie káble a zásuvky > Výsuvné a vstavané zásuvky";"Elektroinštalačný materiál > Predlžovacie káble a zásuvky > Výsuvné a vstavané zásuvky";"";"";"";"";"";"";"";"";"";"Solight PP100-B";""
"SOL_WO64-W";"";"Solight LED stolná lampička 10W, 490lm, zmena CCT, stmievanie, biela";"0153abf8-92d6-11f1-a457-bc24110eff41";"";"8592718033668";"";"";"Elektroinštalačný materiál > Osvetlenie > LED stolové lampy";"Elektroinštalačný materiál > Osvetlenie > LED stolové lampy";"";"";"";"";"";"";"";"";"";"Solight WO64-W";""
"SOL_P105";"";"Solight rozbočovač, 2x 10A, biely-sivý, vypínač";"01748364-92d6-11f1-970f-bc24110eff41";"";"8592718026943";"";"";"Elektroinštalačný materiál > Ostatné > 230V > Rozbočky";"Elektroinštalačný materiál > Ostatné > 230V > Rozbočky";"";"";"";"";"";"";"";"";"";"Solight P105";""
"SOL_P106";"";"Solight rozbočovač, 3x 15A, biely-sivý, vypínač";"017f0064-92d6-11f1-8be4-bc24110eff41";"";"8592718026950";"";"";"Elektroinštalačný materiál > Ostatné > 230V > Rozbočky";"Elektroinštalačný materiál > Ostatné > 230V > Rozbočky";"";"";"";"";"";"";"";"";"";"Solight P106";""
"SOL_1L81";"";"Solight bezdrôtový zvonček s nočným svetielkom, do zásuvky, 180m, biely, learning code";"018a032e-92d6-11f1-9380-bc24110eff41";"";"8592718034818";"";"";"Elektroinštalačný materiál > Zvončeky";"Elektroinštalačný materiál > Zvončeky";"";"";"";"";"";"";"";"";"";"Solight 1L81";""
"SOL_SSC1402";"";"Solight USB kábel, USB 2.0 A konektor - USB B micro konektor, blister, 2m";"01d64a86-92d6-11f1-a88e-bc24110eff41";"";"8592718022891";"";"";"TV, audio a video > AV káble > Computer > USB";"TV, audio a video > AV káble > Computer > USB";"";"";"";"";"";"";"";"";"";"Solight SSC1402 microUSB, 2m";""
"SOL_P110C";"";"Solight rozbočka kocka, 3x 16A + USB A+C, biela, vypínač";"01f5de78-92d6-11f1-85ce-bc24110eff41";"";"8592718039714";"";"";"Elektroinštalačný materiál > Ostatné > 230V > Rozbočky";"Elektroinštalačný materiál > Ostatné > 230V > Rozbočky";"";"";"";"";"";"";"";"";"";"SOLIGHT P110C";""
"SOL_CA09B";"";"Solight digitálne hodiny s budíkom";"02221100-92d6-11f1-8231-bc24110eff41";"";"8592718042103";"";"";"Domáce spotrebiče > Malé spotrebiče > Meteostanice";"Domáce spotrebiče > Malé spotrebiče > Meteostanice";"";"";"";"";"";"";"";"";"";"Solight CA09B";""
"SOL_PA01-IN";"";"Solight cestovný adaptér do Indie, typ D";"023745f2-92d6-11f1-817e-bc24110eff41";"";"8592718043926";"";"";"Elektroinštalačný materiál > Cestovné adaptéry";"Elektroinštalačný materiál > Cestovné adaptéry";"";"";"";"";"";"";"";"";"";"SKROSS 1.500215-E";""
"SOL_1D23";"";"Solight bezdrôtový hlásič pohybu/gong, magnet čidlo na dvere, napájanie zo zásuvky";"024bf934-92d6-11f1-9f98-bc24110eff41";"";"8592718046088";"";"";"Elektroinštalačný materiál > Zvončeky";"Elektroinštalačný materiál > Zvončeky";"";"";"";"";"";"";"";"";"";"Solight 1D23";""
"SOL_PX03";"";"Solight ochranný box na káble a predlžovacie prívody IP54";"02757a70-92d6-11f1-976a-bc24110eff41";"";"8592718036447";"";"";"Elektroinštalačný materiál > Ostatné > 230V > Držiaky zásuviek";"Elektroinštalačný materiál > Ostatné > 230V > Držiaky zásuviek";"";"";"";"";"";"";"";"";"";"SOLIGHT Ochranný box na káble a predlžovacie prívody IP54 PX03";""
"SOL_WO3106";"";"Solight bambusový lampáš s LED žiarovkou, teplá biela, 2x AA, 20cm";"029971f0-92d6-11f1-bfbc-bc24110eff41";"";"8592718037239";"";"";"Elektroinštalačný materiál > Osvetlenie > Svietidlá > Lampáše";"Elektroinštalačný materiál > Osvetlenie > Svietidlá > Lampáše";"";"";"";"";"";"";"";"";"";"Solight WO3106";""
"SOL_KP09";"";"Solight teplovzdušný ventilátor 350W";"02cbe202-92d6-11f1-ba23-bc24110eff41";"";"8592718036690";"";"";"Domáce spotrebiče > Malé spotrebiče > Vzduchotechnika";"Domáce spotrebiče > Malé spotrebiče > Vzduchotechnika";"";"";"";"";"";"";"";"";"";"Solight KP09";""
"SOL_WL906";"";"Solight LED svetielka s diaľkovým ovládaním, 3x 50lm, časovač, batériové napájanie";"02d8e844-92d6-11f1-b818-bc24110eff41";"";"8592718022976";"";"";"Elektroinštalačný materiál > Osvetlenie > LED osvetlenie > Nočné a dekoratívne svetielka";"Elektroinštalačný materiál > Osvetlenie > LED osvetlenie > Nočné a dekoratívne svetielka";"";"";"";"";"";"";"";"";"";"Solight WL906";""
"SOL_WM77";"";"Solight napájací konektor pre LED pásy, 5,5 mm, rozbočka, 1x zdierka - 2x konektor, sáčok 1 pár";"02f2bfbc-92d6-11f1-9145-bc24110eff41";"";"8592718012519";"";"";"Elektroinštalačný materiál > Osvetlenie > LED pásky > Príslušenstvo";"Elektroinštalačný materiál > Osvetlenie > LED pásky > Príslušenstvo";"";"";"";"";"";"";"";"";"";"Solight WM77";""
"SOL_WM73-1";"";"Solight napájací konektor pre LED pásy, zdierka 5,5 mm, balenie 1ks, sáčok";"031ef0fa-92d6-11f1-ae28-bc24110eff41";"";"8592718012694";"";"";"Elektroinštalačný materiál > Osvetlenie > LED pásky > Príslušenstvo";"Elektroinštalačný materiál > Osvetlenie > LED pásky > Príslušenstvo";"";"";"";"";"";"";"";"";"";"Solight WM73-1";""
"SOL_PF-S";"";"Solight vypínač šnúrový, jednopólový priechodný, biely";"033f70f0-92d6-11f1-b176-bc24110eff41";"";"8592718022594";"";"";"Elektroinštalačný materiál > Ostatné > 230V > Flexo šnúry";"Elektroinštalačný materiál > Ostatné > 230V > Flexo šnúry";"";"";"";"";"";"";"";"";"";"SOLIGHT PF-S";""
"SOL_WM81";"";"Solight prepojovací pravouhlý konektor pre LED pásy, 8mm zacvakávací konektor na oboch stranách, 1ks, sáčok";"036d47b4-92d6-11f1-8783-bc24110eff41";"";"8592718012755";"";"";"Elektroinštalačný materiál > Osvetlenie > LED pásky > Príslušenstvo";"Elektroinštalačný materiál > Osvetlenie > LED pásky > Príslušenstvo";"";"";"";"";"";"";"";"";"";"Solight WM81";""
"SOL_PA21";"";"Solight cestovný adaptér, univerzálny, neuzemnený";"0377cea0-92d6-11f1-8fd2-bc24110eff41";"";"8595092109165";"";"";"Elektroinštalačný materiál > Cestovné adaptéry";"Elektroinštalačný materiál > Cestovné adaptéry";"";"";"";"";"";"";"";"";"";"Solight PA21";""
"SOL_V15";"";"Solight multimeter, max. AC 600V, max. DC 600V / 10A, test diódy, ochrana proti preťaženiu, bzučiak";"038cada2-92d6-11f1-8291-bc24110eff41";"";"8592718017132";"";"";"Náradie a dielňa > Meracia technika > Multimetre a zkúšačky";"Náradie a dielňa > Meracia technika > Multimetre a zkúšačky";"";"";"";"";"";"";"";"";"";"Solight V15";""
"SOL_WL95";"";"Solight LED svetielko s diaľkovým ovládaním, 5 LED, 3x AA batérie";"03d08dba-92d6-11f1-a7ef-bc24110eff41";"";"8592718013998";"";"";"Elektroinštalačný materiál > Osvetlenie > LED osvetlenie > Nočné a dekoratívne svetielka";"Elektroinštalačný materiál > Osvetlenie > LED osvetlenie > Nočné a dekoratívne svetielka";"";"";"";"";"";"";"";"";"";"Solight WL95";""
"SOL_PO39";"";"Solight prepäťová ochrana, 3z, 1,5m, biela";"03ea56dc-92d6-11f1-ad8a-bc24110eff41";"";"8592718017767";"";"";"Elektroinštalačný materiál > Predlžovacie káble a zásuvky > Prepäťové ochrany";"Elektroinštalačný materiál > Predlžovacie káble a zásuvky > Prepäťové ochrany";"";"";"";"";"";"";"";"";"";"Solight PO39";""
"SOL_5B172";"";"Solight dvojzásuvka Slim, pootočená horná zásuvka, biela";"04000d38-92d6-11f1-af0e-bc24110eff41";"";"8592718024369";"";"";"Elektroinštalačný materiál > Ostatné > 230V > Vypínače a zásuvky > Slim";"Elektroinštalačný materiál > Ostatné > 230V > Vypínače a zásuvky > Slim";"";"";"";"";"";"";"";"";"";"Solight 5B172";""
"SOL_P102";"";"Solight rozbočovač s podperou, 3 x 10A, biely, vypínač";"0420323e-92d6-11f1-b421-bc24110eff41";"";"8592718025731";"";"";"Elektroinštalačný materiál > Ostatné > 230V > Rozbočky";"Elektroinštalačný materiál > Ostatné > 230V > Rozbočky";"";"";"";"";"";"";"";"";"";"Solight P102";""
"SOL_DT26";"";"Solight digitálny merač spotreby el. energie";"0430506a-92d6-11f1-8c5c-bc24110eff41";"";"8592718020316";"";"";"Elektroinštalačný materiál > Elektromery";"Elektroinštalačný materiál > Elektromery";"";"";"";"";"";"";"";"";"";"Solight digitálny merač spotreby el. Energie DT26";""
"SOL_WO901";"";"Solight závesné príslušenstvo pre LED panely 60x60, 30x120, 60x120cm";"043b975e-92d6-11f1-a7f4-bc24110eff41";"";"8592718016104";"";"";"Elektroinštalačný materiál > Osvetlenie > LED panely a podhľadová svetla > Příslušenstvo";"Elektroinštalačný materiál > Osvetlenie > LED panely a podhľadová svetla > Příslušenstvo";"";"";"";"";"";"";"";"";"";"Solight závesné príslušenstvo pre WO03 a WO04 8592718016104";""
"SOL_5B102";"";"Solight vypínač Slim č. 1 jednopólový, biely";"047bb0b4-92d6-11f1-832f-bc24110eff41";"";"8592718023157";"";"";"Elektroinštalačný materiál > Ostatné > 230V > Vypínače a zásuvky > Slim";"Elektroinštalačný materiál > Ostatné > 230V > Vypínače a zásuvky > Slim";"";"";"";"";"";"";"";"";"";"Solight 5B102";""
"SOL_5B106";"";"Solight vypínač Slim č. 5 sériový - lustrový, biely";"04b42d4a-92d6-11f1-8d24-bc24110eff41";"";"8592718023164";"";"";"Elektroinštalačný materiál > Ostatné > 230V > Vypínače a zásuvky > Slim";"Elektroinštalačný materiál > Ostatné > 230V > Vypínače a zásuvky > Slim";"";"";"";"";"";"";"";"";"";"Solight 5B106";""
"SOL_1L42T";"";"Solight bezdrôtové tlačidlo pre zvončeky 1L08,1L4x,1L56x,1L57,1L65, dosah 120m";"04cacf14-92d6-11f1-9fad-bc24110eff41";"";"8592718017224";"";"";"Elektroinštalačný materiál > Zvončeky";"Elektroinštalačný materiál > Zvončeky";"";"";"";"";"";"";"";"";"";"Solight 1L42T";""
"SOL_SSC1401";"";"Solight USB kábel, USB 2.0 A konektor - USB B micro konektor, blister, 1m";"04e4858a-92d6-11f1-8d6b-bc24110eff41";"";"8592718021542";"";"";"TV, audio a video > AV káble > Computer > USB";"TV, audio a video > AV káble > Computer > USB";"";"";"";"";"";"";"";"";"";"Solight SSC1401 microUSB, 1m";""
"SOL_WD141";"";"Solight LED mini panel CCT, podhľadový, 12W, 900lm, 3000K, 4000K, 6000K, štvorcový";"05473ebe-92d6-11f1-b872-bc24110eff41";"";"8592718025106";"";"";"Elektroinštalačný materiál > Osvetlenie > LED panely a podhľadová svetla > LED podhľadové panely a svetlá";"Elektroinštalačný materiál > Osvetlenie > LED panely a podhľadová svetla > LED podhľadové panely a svetlá";"";"";"";"";"";"";"";"";"";"Solight WD141";""
"SOL_P84";"";"Solight rozbočovač,  4 x 2,5A, biely, vypínač";"058537aa-92d6-11f1-9439-bc24110eff41";"";"8592718025205";"";"";"Elektroinštalačný materiál > Ostatné > 230V > Rozbočky";"Elektroinštalačný materiál > Ostatné > 230V > Rozbočky";"";"";"";"";"";"";"";"";"";"Solight P84";""
"SOL_WM55";"";"Solight LED svetelný pás, RGB, 3m, sada s 12V adaptérom a DO, 7,2W/m, IP20";"05ce3ca2-92d6-11f1-acdd-bc24110eff41";"";"8592718017460";"";"";"Elektroinštalačný materiál > Osvetlenie > LED pásky > LED pásiky";"Elektroinštalačný materiál > Osvetlenie > LED pásky > LED pásiky";"";"";"";"";"";"";"";"";"";"Solight sada WM55 3m RGB";""
"SOL_WM-10W-L";"";"Solight LED reflektor PRO, 10W, 920lm, 5000K, IP65";"05ee177a-92d6-11f1-a6d5-bc24110eff41";"";"8592718023836";"";"";"Elektroinštalačný materiál > Osvetlenie > LED reflektory > Reflektory bez senzora";"Elektroinštalačný materiál > Osvetlenie > LED reflektory > Reflektory bez senzora";"";"";"";"";"";"";"";"";"";"Solight WM-10W-L";""
"SOL_1P63";"";"Solight káblové príchytky, priemer 8mm, biele, 100ks";"062d562e-92d6-11f1-8d35-bc24110eff41";"";"8592718016685";"";"";"Elektroinštalačný materiál > Ostatné > Izolačný materiál > Káblové príchytky";"Elektroinštalačný materiál > Ostatné > Izolačný materiál > Káblové príchytky";"";"";"";"";"";"";"";"";"";"Príchytka s klinčekmi pre kábel 8mm, biela, balenie 100ks";""
"SOL_PA01-UK";"";"Solight cestovný adaptér do Veľkej Británie, typ G";"0645e360-92d6-11f1-957b-bc24110eff41";"";"8592718022396";"";"";"Elektroinštalačný materiál > Cestovné adaptéry";"Elektroinštalačný materiál > Cestovné adaptéry";"";"";"";"";"";"";"";"";"";"Solight PA01-UK";""
"SOL_WM-50W-L";"";"Solight LED reflektor PRO, 50W, 4600lm, 5000K, IP65";"06711526-92d6-11f1-ad49-bc24110eff41";"";"8592718024239";"";"";"Elektroinštalačný materiál > Osvetlenie > LED reflektory > Reflektory bez senzora";"Elektroinštalačný materiál > Osvetlenie > LED reflektory > Reflektory bez senzora";"";"";"";"";"";"";"";"";"";"Solight WM-50W-L";""
"SOL_WT124";"";"Solight LED žiarivka lineárna PRO+, T8, 22W, 3080lm, 5000K, 150cm, Alu + PC";"06fa5aac-92d6-11f1-8a4e-bc24110eff41";"";"8592718021320";"";"";"Elektroinštalačný materiál > Osvetlenie > LED trubicové žiarivky";"Elektroinštalačný materiál > Osvetlenie > LED trubicové žiarivky";"";"";"";"";"";"";"";"";"";"SOLIGHT LED žiarivka lineárna PRO+ T8 22W 3080lm 5500K 150cm";""
"SOL_TE81XL";"";"Solight meteostanica, XL farebný LCD, teplota, vlhkosť, tlak, RCC, čierna";"074f7f00-92d6-11f1-b54f-bc24110eff41";"";"8592718030643";"";"";"Domáce spotrebiče > Malé spotrebiče > Meteostanice";"Domáce spotrebiče > Malé spotrebiče > Meteostanice";"";"";"";"";"";"";"";"";"";"Solight TE81XL";""
"SOL_DC70";"";"Solight USB-C 20W fast charger";"0766fbd0-92d6-11f1-8b77-bc24110eff41";"";"8592718032050";"";"";"Fotovoltaika a energie > Napájacie zdroje > USB adaptéry";"Fotovoltaika a energie > Napájacie zdroje > USB adaptéry";"";"";"";"";"";"";"";"";"";"Solight DC70";""
"SOL_WO781-G";"";"Solight LED vonkajšie osvetlenie Siena, sivé, 20W, 1500lm, 4000K, IP54, 23cm";"07c195ae-92d6-11f1-b811-bc24110eff41";"";"8592718029494";"";"";"Elektroinštalačný materiál > Osvetlenie > LED osvetlenie > Vonkajšie osvetlenie > Prisadené osvetlenie";"Elektroinštalačný materiál > Osvetlenie > LED osvetlenie > Vonkajšie osvetlenie > Prisadené osvetlenie";"";"";"";"";"";"";"";"";"";"SOLIGHT WO781";""
"SOL_AV-K";"";"Solight spätná klapka pre AV01, AV02";"080af85c-92d6-11f1-bb4b-bc24110eff41";"";"8592718027452";"";"";"Domáce spotrebiče > Malé spotrebiče > Vybavenie domácnosti";"Domáce spotrebiče > Malé spotrebiče > Vybavenie domácnosti";"";"";"";"";"";"";"";"";"";"Dalap Plastová spätná klapka so sľudou pre ventilátory průměr 100 mm";""
"SOL_WO8020";"";"Solight LED osvětlení s dálkovým ovladačem Estela Black, 60W, 4500lm, 50cm, změna chromatičnosti, stmívatelné";"082b30d6-92d6-11f1-ab18-bc24110eff41";"";"8592718042448";"";"";"Elektroinštalačný materiál > Osvetlenie > LED osvetlenie > Interiérové osvetlenie";"Elektroinštalačný materiál > Osvetlenie > LED osvetlenie > Interiérové osvetlenie";"";"";"";"";"";"";"";"";"";"SOLIGHT WO8020";""
"SOL_RN-B4";"";"Solight batéria Li-Ion 21V 4Ah pre aku náradie Solight";"08b01be8-92d6-11f1-9414-bc24110eff41";"";"8592718030957";"";"";"Náradie a dielňa > Ručné AKU náradie > Príslušenstvo";"Náradie a dielňa > Ručné AKU náradie > Príslušenstvo";"";"";"";"";"";"";"";"";"";"Solight RN-B4 - Li-Ion 4000mAh 21V SL1113";""
"SOL_WN903";"";"Solight náhradný akumulátor typ 18650, 3,7 V, Li-Ion 2800mAh";"08bc305e-92d6-11f1-b97b-bc24110eff41";"";"8592718031510";"";"";"Elektroinštalačný materiál > Osvetlenie > Svietidlá > Nabíjacie";"Elektroinštalačný materiál > Osvetlenie > Svietidlá > Nabíjacie";"";"";"";"";"";"";"";"";"";"EFEST batéria 18650 3000mAh/35A";""
"SOL_WN22";"";"Solight LED nabíjacie svietidlo, 600lm, Cree XM-L2 T6, zoom, Li-Ion";"08eb573a-92d6-11f1-aa3a-bc24110eff41";"";"8592718020064";"";"";"Elektroinštalačný materiál > Osvetlenie > Svietidlá > Nabíjacie";"Elektroinštalačný materiál > Osvetlenie > Svietidlá > Nabíjacie";"";"";"";"";"";"";"";"";"";"Solight XM-L2 T6";""
"SOL_WN38";"";"Solight LED nabíjacie cyklo svietidlo, 550lm, Li-Ion";"090deb4c-92d6-11f1-aa0c-bc24110eff41";"";"8592718031206";"";"";"Elektroinštalačný materiál > Osvetlenie > Svietidlá > Nabíjacie";"Elektroinštalačný materiál > Osvetlenie > Svietidlá > Nabíjacie";"";"";"";"";"";"";"";"";"";"Solight WN38";""
"SOL_1L82B";"";"Solight bezdrôtový zvonček, do zásuvky, 180m, čierny, learning code";"093d0d0a-92d6-11f1-97e9-bc24110eff41";"";"8592718034849";"";"";"Elektroinštalačný materiál > Zvončeky";"Elektroinštalačný materiál > Zvončeky";"";"";"";"";"";"";"";"";"";"Solight 1L82";""
"SOL_WZ420-1";"";"Solight LED žiarovka, miniglobe, 6W, E14, 6000K, 510lm";"095a04e6-92d6-11f1-80b4-bc24110eff41";"";"8592718018504";"";"";"Elektroinštalačný materiál > Osvetlenie > LED Žiarovky > E14";"Elektroinštalačný materiál > Osvetlenie > LED Žiarovky > E14";"";"";"";"";"";"";"";"";"";"Solight LED žiarovka , miniglobe, 6W, E14, 6000K, 450lm";""
"SOL_AP01";"";"Solight izolačná páska, 15mm x 0,13mm x 10m, žltozelená";"098cff9a-92d6-11f1-8f0c-bc24110eff41";"";"5906194000909";"";"";"Elektroinštalačný materiál > Ostatné > Izolačný materiál > Izolačné PVC pásky";"Elektroinštalačný materiál > Ostatné > Izolačný materiál > Izolačné PVC pásky";"";"";"";"";"";"";"";"";"";"Solight izolačná páska 15 mm x 10 m žlto-zelená AP01";""
"SOL_P76A";"";"Solight zástrčka do vlhka, uhlová, IP44, čierna";"09ded298-92d6-11f1-9281-bc24110eff41";"";"8592718035709";"";"";"Elektroinštalačný materiál > Ostatné > 230V > Koncovky";"Elektroinštalačný materiál > Ostatné > 230V > Koncovky";"";"";"";"";"";"";"";"";"";"Solight P76A";""
"SOL_1D23WIFI";"";"Solight smart WiFi hlásič pohybu/gong, magnet čidlo na dvere, napájanie zo zásuvky";"09ec1e76-92d6-11f1-b115-bc24110eff41";"";"8592718046095";"";"";"Elektroinštalačný materiál > Zvončeky";"Elektroinštalačný materiál > Zvončeky";"";"";"";"";"";"";"";"";"";"Solight Smart 1D23WIFI";""
"SOL_PG04";"";"Solight záhradný stĺpik IP44, plast, 2 zásuvky, hranol, čierny";"0a0440b4-92d6-11f1-bc21-bc24110eff41";"";"8592718036454";"";"";"Elektroinštalačný materiál > Predlžovacie káble a zásuvky > Záhradné stĺpiky";"Elektroinštalačný materiál > Predlžovacie káble a zásuvky > Záhradné stĺpiky";"";"";"";"";"";"";"";"";"";"Solight PG04";""
"SOL_DY10S";"";"Solight prídavná zásuvka pre GSM zásuvku";"0a1966d8-92d6-11f1-97fa-bc24110eff41";"";"8592718022518";"";"";"Bezpečnosť a smart domácnosť > Smart domácnosť";"Bezpečnosť a smart domácnosť > Smart domácnosť";"";"";"";"";"";"";"";"";"";"Solight DY10S";""
"SOL_WO3107";"";"Solight ratanová LED lampáš s LED žiarovkou, teplá biela, 2x AAA, 19cm";"0a23d26c-92d6-11f1-a2ae-bc24110eff41";"";"8592718037246";"";"";"Elektroinštalačný materiál > Osvetlenie > Svietidlá > Lampáše";"Elektroinštalačný materiál > Osvetlenie > Svietidlá > Lampáše";"";"";"";"";"";"";"";"";"";"Solight WO3107";""
"SOL_WM605";"";"Solight LED svetelný pás, 5m, SMD5050 60LED/m, 14,4W/m, IP65, teplá biela";"0a717a76-92d6-11f1-b5c2-bc24110eff41";"";"8592718016913";"";"";"Elektroinštalačný materiál > Osvetlenie > LED pásky > LED pásiky";"Elektroinštalačný materiál > Osvetlenie > LED pásky > LED pásiky";"";"";"";"";"";"";"";"";"";"Solight WM605";""
"SOL_1D17";"";"Solight doplnkový pohybový senzor pre GSM alarm 1D11";"0a9cfcd2-92d6-11f1-bc24-bc24110eff41";"";"8592718017293";"";"";"Bezpečnosť a smart domácnosť > Zabezpečenie";"Bezpečnosť a smart domácnosť > Zabezpečenie";"";"";"";"";"";"";"";"";"";"Solight 1D17";""
"SOL_PF-SB";"";"Solight vypínač šnúrový, jednopólový priechodný, čierny";"0ac62f8a-92d6-11f1-8f54-bc24110eff41";"";"8592718022600";"";"";"Elektroinštalačný materiál > Ostatné > 230V > Flexo šnúry";"Elektroinštalačný materiál > Ostatné > 230V > Flexo šnúry";"";"";"";"";"";"";"";"";"";"Solight PF-SB";""
"SOL_1V05-M";"";"Solight LED vianočná reťaz, 500 LED, 50m, prívod 5m, 8 funkcií, časovač, IP44, viacfarebný";"0b1f1f5a-92d6-11f1-986a-bc24110eff41";"";"8592718025397";"";"";"Elektroinštalačný materiál > Osvetlenie > Vianocne osvetlenie > Vianočné reťaze > Sieťové 230V";"Elektroinštalačný materiál > Osvetlenie > Vianocne osvetlenie > Vianočné reťaze > Sieťové 230V";"";"";"";"";"";"";"";"";"";"Solight LED vonkajšie vianočné reťaz 500 LED 50m prívod 5m 8 funkcií časovač IP44 viacfarebný 1V05-M";""
"SOL_P103";"";"Solight rozbočovač, 1x 10A + 2x 2,5A, biely, vypínač";"0b555160-92d6-11f1-b5d6-bc24110eff41";"";"8592718025748";"";"";"Elektroinštalačný materiál > Ostatné > 230V > Rozbočky";"Elektroinštalačný materiál > Ostatné > 230V > Rozbočky";"";"";"";"";"";"";"";"";"";"Solight P103";""
"SOL_PP21";"";"Solight predlžovací prívod, 4 zásuvky, biely, 2m";"0b6a6a5a-92d6-11f1-af37-bc24110eff41";"";"8595092107123";"";"";"Elektroinštalačný materiál > Predlžovacie káble a zásuvky > Viaczásuvkové > Klasické";"Elektroinštalačný materiál > Predlžovacie káble a zásuvky > Viaczásuvkové > Klasické";"";"";"";"";"";"";"";"";"";"Solight PP21";""
"SOL_WW001";"";"Solight káblová vodotesná spojka mini, IP68, 3-9mm, max 1,5mm2";"0b81daa0-92d6-11f1-ab51-bc24110eff41";"";"8592718024062";"";"";"Elektroinštalačný materiál > Osvetlenie > Senzory a konektory";"Elektroinštalačný materiál > Osvetlenie > Senzory a konektory";"";"";"";"";"";"";"";"";"";"Solight kabelová vodotěsná spojka mini IP68 průměr 5-7,5/5-7,5 mm max 1,0 mm 2 WW001";""
"SOL_5B110";"";"Solight vypínač Slim č. 6 striedavý - schodiskový, biely";"0bcd34dc-92d6-11f1-80fe-bc24110eff41";"";"8592718023171";"";"";"Elektroinštalačný materiál > Ostatné > 230V > Vypínače a zásuvky > Slim";"Elektroinštalačný materiál > Ostatné > 230V > Vypínače a zásuvky > Slim";"";"";"";"";"";"";"";"";"";"Vypínač SOLIGHT 5B110 Slim č.6";""
"SOL_P77";"";"Solight zásuvka do vlhka, priama, IP44, čierna";"0be1ae4e-92d6-11f1-9da1-bc24110eff41";"";"8592718010874";"";"";"Elektroinštalačný materiál > Ostatné > 230V > Koncovky";"Elektroinštalačný materiál > Ostatné > 230V > Koncovky";"";"";"";"";"";"";"";"";"";"Solight P77";""
"SOL_1L51T";"";"Solight bezdrôtové bezbatériové tlačidlo pre 1L51, 150m, biele, learning code";"0c006afa-92d6-11f1-860f-bc24110eff41";"";"8592718021924";"";"";"Elektroinštalačný materiál > Zvončeky";"Elektroinštalačný materiál > Zvončeky";"";"";"";"";"";"";"";"";"";"Solight 1L51T";""
"SOL_WM-20WS-L";"";"Solight LED reflektor PRO so senzorom, 20W, 1840lm, 5000K, IP44";"0c198706-92d6-11f1-9c44-bc24110eff41";"";"8592718023812";"";"";"Elektroinštalačný materiál > Osvetlenie > LED reflektory > Reflektory so senzorom";"Elektroinštalačný materiál > Osvetlenie > LED reflektory > Reflektory so senzorom";"";"";"";"";"";"";"";"";"";"Solight WM-20WS-L";""
"SOL_P79";"";"Solight zásuvka gumová do vlhka a prachu, priama, IP65, čierna";"0c480fe0-92d6-11f1-be66-bc24110eff41";"";"8592718013417";"";"";"Elektroinštalačný materiál > Ostatné > 230V > Koncovky";"Elektroinštalačný materiál > Ostatné > 230V > Koncovky";"";"";"";"";"";"";"";"";"";"Solight P79";""
"SOL_SSN7300E";"";"Solight anténna F zdierka - F zdierka, sáčok, 2ks";"0c6ea75e-92d6-11f1-b76e-bc24110eff41";"";"8595092103378";"";"";"TV, audio a video > AV káble > Anténa > Konektory a redukcie > F-konektor";"TV, audio a video > AV káble > Anténa > Konektory a redukcie > F-konektor";"";"";"";"";"";"";"";"";"";"Anténna spojka F konektor - F konektor";""
"SOL_WM614";"";"Solight LED svetelný pás 5m, 120LED/m, 10W/m, 1100lm/m, IP20, neutrálna biela";"0d0bdf38-92d6-11f1-af06-bc24110eff41";"";"8592718030803";"";"";"Elektroinštalačný materiál > Osvetlenie > LED pásky > LED pásiky";"Elektroinštalačný materiál > Osvetlenie > LED pásky > LED pásiky";"";"";"";"";"";"";"";"";"";"Solight SL1054";""
"SOL_V30";"";"Solight multimeter, max. AC 600V/10A, max. DC 600V/10A, test diódy, bzučiak, hFE, kapacita, odpor";"0d5316aa-92d6-11f1-b7de-bc24110eff41";"";"8592718027179";"";"";"Náradie a dielňa > Meracia technika > Multimetre a zkúšačky";"Náradie a dielňa > Meracia technika > Multimetre a zkúšačky";"";"";"";"";"";"";"";"";"";"SOLIGHT V30";""
"SOL_WD171";"";"Solight LED mini panel CCT, prisazený, 12W, 900lm, 3000K, 4000K, 6000K, štvorcový";"0dc16d44-92d6-11f1-bef0-bc24110eff41";"";"8592718027629";"";"";"Elektroinštalačný materiál > Osvetlenie > LED panely a podhľadová svetla > LED podhľadové panely a svetlá";"Elektroinštalačný materiál > Osvetlenie > LED panely a podhľadová svetla > LED podhľadové panely a svetlá";"";"";"";"";"";"";"";"";"";"Solight WD171";""
"SOL_1L43T";"";"Solight bezdrôtové tlačidlo pre zvončeky Solight 1L43, 1L44, 1L45, 1L49, 1L49B, 1L52, 1L53, 1L71, 1L72";"0dcc4610-92d6-11f1-bf25-bc24110eff41";"";"8592718019426";"";"";"Elektroinštalačný materiál > Zvončeky";"Elektroinštalačný materiál > Zvončeky";"";"";"";"";"";"";"";"";"";"Solight 1L43T";""
"SOL_WO780-2";"";"Solight LED vonkajšie osvetlenie so senzorom a nastaviteľnou CCT, 15/18/20W, 1800lm, 22cm, 2v1,biely a čierny kryt";"0dec717e-92d6-11f1-b0e7-bc24110eff41";"";"8592718043421";"";"";"Elektroinštalačný materiál > Osvetlenie > LED osvetlenie > Vonkajšie osvetlenie > Prisadené osvetlenie";"Elektroinštalačný materiál > Osvetlenie > LED osvetlenie > Vonkajšie osvetlenie > Prisadené osvetlenie";"";"";"";"";"";"";"";"";"";"Solight WO780";""
"SOL_WN904";"";"Solight náhradný akumulátor typ 18650, 3,7 V, Li-Ion 3350mAh";"0e02b358-92d6-11f1-98b4-bc24110eff41";"";"8592718031527";"";"";"Elektroinštalačný materiál > Osvetlenie > Svietidlá > Nabíjacie";"Elektroinštalačný materiál > Osvetlenie > Svietidlá > Nabíjacie";"";"";"";"";"";"";"";"";"";"Solight WN904 18650 3,7 V Li-Ion 3350 mAh";""
"SOL_1T08-T5";"";"Solight náhradný lievik pre 1T08, 5ks";"0e2d37fe-92d6-11f1-a073-bc24110eff41";"";"8592718045326";"";"";"Auto-moto > Autopríslušenstvo > Alkohol testery";"Auto-moto > Autopríslušenstvo > Alkohol testery";"";"";"";"";"";"";"";"";"";"Solight 1T08-T5";""
"SOL_RNP255-R";"";"Solight reťaz pre akumulátorovú pílu RNP255";"0e37d182-92d6-11f1-b270-bc24110eff41";"";"8592718032500";"";"";"Náradie a dielňa > Ručné AKU náradie > Príslušenstvo";"Náradie a dielňa > Ručné AKU náradie > Príslušenstvo";"";"";"";"";"";"";"";"";"";"Solight RNP255-R";""
"SOL_RNP150-L";"";"Solight lišta pre akumulátorovú pílu RNP150";"0e6de9c0-92d6-11f1-abd3-bc24110eff41";"";"8592718036515";"";"";"Náradie a dielňa > Ručné AKU náradie > Príslušenstvo";"Náradie a dielňa > Ručné AKU náradie > Príslušenstvo";"";"";"";"";"";"";"";"";"";"Solight Vodící lišta RNP150-L";""
"SOL_V31";"";"Solight multimeter, max AC 750V/10A, max. DC 1000V/10A, odpor, kapacita, frekvencia, NCV";"0ecfd0a4-92d6-11f1-912b-bc24110eff41";"";"8592718036409";"";"";"Náradie a dielňa > Meracia technika > Multimetre a zkúšačky";"Náradie a dielňa > Meracia technika > Multimetre a zkúšačky";"";"";"";"";"";"";"";"";"";"Solight V31";""
"SOL_KP11";"";"Solight teplovzdušný priamotop s ventilátorom 3000W";"0efb355a-92d6-11f1-8624-bc24110eff41";"";"8592718036713";"";"";"Domáce spotrebiče > Malé spotrebiče > Vzduchotechnika";"Domáce spotrebiče > Malé spotrebiče > Vzduchotechnika";"";"";"";"";"";"";"";"";"";"Solight KP11";""
"SOL_WO746";"";"Solight LED vonkajšie osvetlenie Siena, sivé, 13W, 910lm, 4000K, IP54, 17cm";"0f1a2d34-92d6-11f1-af46-bc24110eff41";"";"8592718024574";"";"";"Elektroinštalačný materiál > Osvetlenie > LED osvetlenie > Vonkajšie osvetlenie > Prisadené osvetlenie";"Elektroinštalačný materiál > Osvetlenie > LED osvetlenie > Vonkajšie osvetlenie > Prisadené osvetlenie";"";"";"";"";"";"";"";"";"";"Solight WO746";""
"SOL_WW002";"";"Solight káblová vodotesná spojka uni, IP68,4-11mm, max 2,5mm2";"0f533dea-92d6-11f1-97a9-bc24110eff41";"";"8592718024079";"";"";"Elektroinštalačný materiál > Osvetlenie > Senzory a konektory";"Elektroinštalačný materiál > Osvetlenie > Senzory a konektory";"";"";"";"";"";"";"";"";"";"Solight kabelová vodotěsná spojka uni IP68 5-9/9-12 mm max 2,5 mm 2 WW002";""
"SOL_SSN7600E";"";"Solight anténna F zdierka - COAX konektor, sáčok";"0f99dcbe-92d6-11f1-a7ec-bc24110eff41";"";"8595092103422";"";"";"TV, audio a video > AV káble > Anténa > Konektory a redukcie > COAX";"TV, audio a video > AV káble > Anténa > Konektory a redukcie > COAX";"";"";"";"";"";"";"";"";"";"Anténna spojka F konektor - F konektor";""
"SOL_1D14";"";"Solight doplnkový diaľkový ovládač pre GSM alarmy 1D11 a 1D12";"0fc7adf6-92d6-11f1-83d5-bc24110eff41";"";"8592718014124";"";"";"Bezpečnosť a smart domácnosť > Zabezpečenie";"Bezpečnosť a smart domácnosť > Zabezpečenie";"";"";"";"";"";"";"";"";"";"Solight doplnkový diaľkový ovládač pre GSM alarmy 1D11 a 1D12";""
"SOL_DC47";"";"Solight USB nabíjací adaptér, 1x USB, 2400mA, AC 230V, čierny";"0fdd1f88-92d6-11f1-8f99-bc24110eff41";"";"8592718022426";"";"";"Fotovoltaika a energie > Napájacie zdroje > USB adaptéry";"Fotovoltaika a energie > Napájacie zdroje > USB adaptéry";"";"";"";"";"";"";"";"";"";"Solight DC47";""
"SOL_1MN20";"";"Solight stredný naklápací držiak pre ploché TV, 66cm - 140cm (26'' - 55'')";"0fe7ab4c-92d6-11f1-9a1d-bc24110eff41";"";"8595092122843";"";"";"TV, audio a video > TV stolíky a držiaky > Naklápacie držiaky";"TV, audio a video > TV stolíky a držiaky > Naklápacie držiaky";"";"";"";"";"";"";"";"";"";"Solight 1MN20";""
"SOL_WZ431-3";"";"ECOLUX LED žiarovka Ecolux 3-pack, sviečka, 6W, E14, 3000K, 450lm, 3ks";"0ffc40ca-92d6-11f1-99c6-bc24110eff41";"";"8592718024666";"";"";"Elektroinštalačný materiál > Osvetlenie > LED Žiarovky > E14";"Elektroinštalačný materiál > Osvetlenie > LED Žiarovky > E14";"";"";"";"";"";"";"";"";"";"Solight žiarovka LED E14 6W teplá biela ECOLUX";""
"SOL_WM51-65T";"";"Solight LED svetelný pás s testrom, 5m, sada s 12V adaptérom, 4,8W/m, IP65, teplá biela";"10114056-92d6-11f1-849f-bc24110eff41";"";"8592718013233";"";"";"Elektroinštalačný materiál > Osvetlenie > LED pásky > LED pásiky";"Elektroinštalačný materiál > Osvetlenie > LED pásky > LED pásiky";"";"";"";"";"";"";"";"";"";"Solight WM51-65T";""
"SOL_WM615";"";"Solight LED svetelný pás 5m, 198LED/m, 16W/m, 1500lm/m, IP20, neutrální biela";"103247ec-92d6-11f1-922e-bc24110eff41";"";"8592718030810";"";"";"Elektroinštalačný materiál > Osvetlenie > LED pásky > LED pásiky";"Elektroinštalačný materiál > Osvetlenie > LED pásky > LED pásiky";"";"";"";"";"";"";"";"";"";"Solight SL1055";""
"SOL_WL910";"";"Solight nočné LED RGB svetielko so svetelným senzorom, voliteľná farba svetla, 230V";"10517310-92d6-11f1-bfde-bc24110eff41";"";"8592718032272";"";"";"Elektroinštalačný materiál > Osvetlenie > LED osvetlenie > Nočné a dekoratívne svetielka";"Elektroinštalačný materiál > Osvetlenie > LED osvetlenie > Nočné a dekoratívne svetielka";"";"";"";"";"";"";"";"";"";"Solight WL901";""
"SOL_DC63-PD24";"";"Solight výsuvná nabíjačka USB A+C 24W PD, biela";"107069aa-92d6-11f1-a778-bc24110eff41";"";"8592718038120";"";"";"Fotovoltaika a energie > Napájacie zdroje > USB adaptéry";"Fotovoltaika a energie > Napájacie zdroje > USB adaptéry";"";"";"";"";"";"";"";"";"";"Solight DC63-PD24";""
"SOL_WZ408-1";"";"Solight LED žiarovka, sviečka, 4W, E14, 3000K, 340lm";"10f1aefc-92d6-11f1-bcf1-bc24110eff41";"";"8592718014926";"";"";"Elektroinštalačný materiál > Osvetlenie > LED Žiarovky > E14";"Elektroinštalačný materiál > Osvetlenie > LED Žiarovky > E14";"";"";"";"";"";"";"";"";"";"Solight LED žiarovka sviečka 4W E14 310lm";""
"SOL_1T4A6-T10";"";"Solight náhradné trubičky pro alkohol tester Solight 1T04A, 1T06, 1T09 10ks";"10fdb468-92d6-11f1-b615-bc24110eff41";"";"8592718030872";"";"";"Auto-moto > Autopríslušenstvo > Alkohol testery";"Auto-moto > Autopríslušenstvo > Alkohol testery";"";"";"";"";"";"";"";"";"";"Solight Náhradné trubičky pro alkohol tester Solight 1T04A a 1T06, 10ks 1T4A6-T10";""
"SOL_WO779-2";"";"Solight LED vonkajšie osvetlenie, nastaviteľná teplota svetla - 3CCT, 15/18/20W, 1800lm, 22cm, 2v1 - biely a čierny kryt";"11080116-92d6-11f1-afa9-bc24110eff41";"";"8592718043438";"";"";"Elektroinštalačný materiál > Osvetlenie > LED osvetlenie > Vonkajšie osvetlenie";"Elektroinštalačný materiál > Osvetlenie > LED osvetlenie > Vonkajšie osvetlenie";"";"";"";"";"";"";"";"";"";"Solight WO779";""
"SOL_1L69T";"";"Solight bezdrôtové tlačidlo pre 1L69, 1L69B, 1L73, 1L73B, 1L78, 1L79, 1L79B, 200m, biele, learning code, kryt na menovku";"111252ec-92d6-11f1-8420-bc24110eff41";"";"8592718033194";"";"";"Elektroinštalačný materiál > Zvončeky";"Elektroinštalačný materiál > Zvončeky";"";"";"";"";"";"";"";"";"";"Solight 1L69T";""
"SOL_RNP100-R";"";"Solight reťaz pre akumulátorovú pílu RNP100/A/A1";"1131bc04-92d6-11f1-a85a-bc24110eff41";"";"8592718030902";"";"";"Náradie a dielňa > Ručné AKU náradie > Príslušenstvo";"Náradie a dielňa > Ručné AKU náradie > Príslušenstvo";"";"";"";"";"";"";"";"";"";"Solight Řetěz RNP100-R";""
"SOL_PZ15";"";"Solight viacnásobná zásuvka, 5 zásuviek";"114d1030-92d6-11f1-9081-bc24110eff41";"";"8592718026899";"";"";"Elektroinštalačný materiál > Ostatné > 230V > Viacnásobné zásuvky";"Elektroinštalačný materiál > Ostatné > 230V > Viacnásobné zásuvky";"";"";"";"";"";"";"";"";"";"Solight 5 zásuviek PZ15";""
"SOL_WM-10W-Q";"";"Solight LED reflektor Quick, 10W, 850lm, 4000K, IP65, čierny";"117d6712-92d6-11f1-bd27-bc24110eff41";"";"8592718033675";"";"";"Elektroinštalačný materiál > Osvetlenie > LED reflektory > Reflektory bez senzora";"Elektroinštalačný materiál > Osvetlenie > LED reflektory > Reflektory bez senzora";"";"";"";"";"";"";"";"";"";"Solight WM-10W-Q";""
"SOL_AP01B";"";"Solight izolačná páska, 15mm x 0,13mm x 10m, biela";"1193e99c-92d6-11f1-8fbd-bc24110eff41";"";"5906194000954";"";"";"Elektroinštalačný materiál > Ostatné > Izolačný materiál > Izolačné PVC pásky";"Elektroinštalačný materiál > Ostatné > Izolačný materiál > Izolačné PVC pásky";"";"";"";"";"";"";"";"";"";"Solight izolačná páska 15 mm x 10 m AP01B biela";""
"SOL_TE48W";"";"Solight teplomer, farba biela";"11ce91fa-92d6-11f1-a4d3-bc24110eff41";"";"8592718042134";"";"";"Domáce spotrebiče > Malé spotrebiče > Meteostanice";"Domáce spotrebiče > Malé spotrebiče > Meteostanice";"";"";"";"";"";"";"";"";"";"SOLIGHT TE48W";""
"SOL_V29";"";"Solight multimeter, max. AC 600V, max. DC 600V/10A, NCV";"11f168d8-92d6-11f1-a325-bc24110eff41";"";"8592718036393";"";"";"Náradie a dielňa > Meracia technika > Multimetre a zkúšačky";"Náradie a dielňa > Meracia technika > Multimetre a zkúšačky";"";"";"";"";"";"";"";"";"";"Solight V29";""
"SOL_WM70";"";"Solight sieťový adaptér pre LED pásiky, 230V - 12V, 1A, 12W, biela farba";"12a7fc42-92d6-11f1-93cc-bc24110eff41";"";"8592718013356";"";"";"Elektroinštalačný materiál > Osvetlenie > LED pásky > Napájacie zdroje 12V";"Elektroinštalačný materiál > Osvetlenie > LED pásky > Napájacie zdroje 12V";"";"";"";"";"";"";"";"";"";"SOLIGHT Sieťový adaptér pre LED pásky 230V/12V/1A/12W/IP20, biely";""
"SOL_SSC13005E";"";"Solight USB kábel, USB 2.0 A konektor - USB B micro konektor, sáček, 50cm";"12c06f48-92d6-11f1-95c6-bc24110eff41";"";"8592718014650";"";"";"TV, audio a video > AV káble > Computer > USB";"TV, audio a video > AV káble > Computer > USB";"";"";"";"";"";"";"";"";"";"Solight SSC13005E USB 2.0 A konektor - USB B micro konektor, sáčok, 50cm";""
"SOL_WZ432-3";"";"ECOLUX LED žiarovka Ecolux 3-pack, miniglobe, 6W, E27, 3000K, 450lm, 3ks";"12e9e9a4-92d6-11f1-8e04-bc24110eff41";"";"8592718024673";"";"";"Elektroinštalačný materiál > Osvetlenie > LED Žiarovky > E27";"Elektroinštalačný materiál > Osvetlenie > LED Žiarovky > E27";"";"";"";"";"";"";"";"";"";"Solight žiarovka LED E27 6W miniGLOBE biela teplá ECOLUX 3ks";""
"SOL_WL911";"";"Solight nočné LED svetielko so svetelným senzorom, 3000K, 230V";"13308274-92d6-11f1-b80d-bc24110eff41";"";"8592718032289";"";"";"Elektroinštalačný materiál > Osvetlenie > LED osvetlenie > Nočné a dekoratívne svetielka";"Elektroinštalačný materiál > Osvetlenie > LED osvetlenie > Nočné a dekoratívne svetielka";"";"";"";"";"";"";"";"";"";"Solight WL911";""
"SOL_DC63B-PD24";"";"Solight výsuvná nabíjačka USB A+C 24W PD, čierna";"134ba388-92d6-11f1-9d1d-bc24110eff41";"";"8592718038137";"";"";"Fotovoltaika a energie > Napájacie zdroje > USB adaptéry";"Fotovoltaika a energie > Napájacie zdroje > USB adaptéry";"";"";"";"";"";"";"";"";"";"Solight DC63B-PD24";""
"SOL_WM610";"";"Solight LED svetelný pás 5m, 120LED/m, 10W/m, 1100lm/m, IP20, studená biela";"1358a89e-92d6-11f1-b6ed-bc24110eff41";"";"8592718029425";"";"";"Elektroinštalačný materiál > Osvetlenie > LED pásky > LED pásiky";"Elektroinštalačný materiál > Osvetlenie > LED pásky > LED pásiky";"";"";"";"";"";"";"";"";"";"Solight 12V 2835 120LED/m IP20 max. 10W/m biela studená (cievka 5m) WM610";""
"SOL_1T09";"";"Solight alkohol tester mini, Fuel Cell, 0,0 - 5,0‰ BAC,citlivosť 0,08‰";"13d8aeea-92d6-11f1-8e13-bc24110eff41";"";"8592718044176";"";"";"Auto-moto > Autopríslušenstvo > Alkohol testery";"Auto-moto > Autopríslušenstvo > Alkohol testery";"";"";"";"";"";"";"";"";"";"Solight 1T09";""
"SOL_RNP100-L";"";"Solight lišta pre akumulátorovú pílu RNP100/A/A1";"13e31b32-92d6-11f1-82c6-bc24110eff41";"";"8592718030919";"";"";"Náradie a dielňa > Ručné AKU náradie > Príslušenstvo";"Náradie a dielňa > Ručné AKU náradie > Príslušenstvo";"";"";"";"";"";"";"";"";"";"Solight RNP100-L";""
"SOL_WM-20W-Q";"";"Solight LED reflektor Quick, 20W, 1700lm, 4000K, IP65, čierny";"1441617e-92d6-11f1-bbe2-bc24110eff41";"";"8592718033682";"";"";"Elektroinštalačný materiál > Osvetlenie > LED reflektory > Reflektory bez senzora";"Elektroinštalačný materiál > Osvetlenie > LED reflektory > Reflektory bez senzora";"";"";"";"";"";"";"";"";"";"Solight WM-20W-Q";""
"SOL_SSV1223";"";"Solight HDMI kábel s Ethernetom, HDMI 2.0 A konektor - HDMI 2.0 A konektor, blister, 3m";"1463f734-92d6-11f1-b1f2-bc24110eff41";"";"8592718022945";"";"";"TV, audio a video > AV káble > Video > HDMI";"TV, audio a video > AV káble > Video > HDMI";"";"";"";"";"";"";"";"";"";"Solight SSV1223";""
"SOL_WO24-W";"";"Solight LED svetelný panel Backlit, UGR";"148dbab0-92d6-11f1-81b3-bc24110eff41";"";"8592718033378";"";"";"Elektroinštalačný materiál > Osvetlenie > LED panely a podhľadová svetla > LED podhľadové panely a svetlá";"Elektroinštalačný materiál > Osvetlenie > LED panely a podhľadová svetla > LED podhľadové panely a svetlá";"";"";"";"";"";"";"";"";"";"Solight WO24-W";""
"SOL_WM-50W-FVQ";"";"Solight LED reflektor s vysokým stojanom, 50W, 4500lm, 4000K, kábel so zástrčkou, IP65";"14987a36-92d6-11f1-8cce-bc24110eff41";"";"8592718035167";"";"";"Elektroinštalačný materiál > Osvetlenie > LED reflektory > Reflektory so stojanom";"Elektroinštalačný materiál > Osvetlenie > LED reflektory > Reflektory so stojanom";"";"";"";"";"";"";"";"";"";"Solight WM-50W-FVQ";""
"SOL_WT118";"";"Solight LED NANO žiarivka lineárna T8, 9W, 800lm, 6000K, 60cm";"14b9729a-92d6-11f1-82d1-bc24110eff41";"";"8592718021443";"";"";"Elektroinštalačný materiál > Osvetlenie > LED trubicové žiarivky";"Elektroinštalačný materiál > Osvetlenie > LED trubicové žiarivky";"";"";"";"";"";"";"";"";"";"SOLIGHT LED zářivka lineární T8 9W 800lm 6000K 60cm WT118";""
"SOL_WW004";"";"Solight vodeodolná prepojovací krabička IP68, 1x vstup, 2x výstup, 5-12mm, max. 2.5mm2";"14f84a38-92d6-11f1-a04e-bc24110eff41";"";"8592718024093";"";"";"Elektroinštalačný materiál > Osvetlenie > Senzory a konektory";"Elektroinštalačný materiál > Osvetlenie > Senzory a konektory";"";"";"";"";"";"";"";"";"";"Solight vodeodolná prepojovací krabička IP68, 1x vstup, 2x výstup, 5-9 / 9-12mm, max 2,5mm2";""
"SOL_TE8S";"";"Solight bezdrôtový senzor k meteostaniciam TE81, TE81W, TE81XL, TE81BK";"15239dbe-92d6-11f1-b7df-bc24110eff41";"";"8592718022693";"";"";"Domáce spotrebiče > Malé spotrebiče > Meteostanice";"Domáce spotrebiče > Malé spotrebiče > Meteostanice";"";"";"";"";"";"";"";"";"";"Solight TE8S čidlo";""
"SOL_WO2000-ND1";"";"Solight závesné príslušenstvo pre lineárne osvetlenie, dĺžka 150cm";"15b7d7fe-92d6-11f1-a4bd-bc24110eff41";"";"8592718037116";"";"";"Elektroinštalačný materiál > Osvetlenie > LED osvetlenie > Interiérové osvetlenie";"Elektroinštalačný materiál > Osvetlenie > LED osvetlenie > Interiérové osvetlenie";"";"";"";"";"";"";"";"";"";"Solight závesné príslušenstvo pre WO03 a WO04 8592718016104";""
"SOL_RNP100A1";"";"Solight ručná akumulátorová píla 21V, lišta 100mm";"1610c508-92d6-11f1-be50-bc24110eff41";"";"8592718032326";"";"";"Náradie a dielňa > Ručné AKU náradie > Pily";"Náradie a dielňa > Ručné AKU náradie > Pily";"";"";"";"";"";"";"";"";"";"Solight RNP100A1";""
"SOL_RNP100-B2";"";"Solight batéria Li-Ion 21V 2Ah pre RNP100/A";"16535a76-92d6-11f1-9338-bc24110eff41";"";"8592718030926";"";"";"Náradie a dielňa > Ručné AKU náradie > Príslušenstvo";"Náradie a dielňa > Ručné AKU náradie > Príslušenstvo";"";"";"";"";"";"";"";"";"";"Solight RNP100-B2 - Li-Ion 2000mAh 21V SL1114";""
"SOL_WO807";"";"Solight LED vonkajší stĺpik Ragusa 500, 7W, 450lm, 3 CCT";"1676a3fa-92d6-11f1-8311-bc24110eff41";"";"8592718035600";"";"";"Elektroinštalačný materiál > Osvetlenie > LED osvetlenie > Vonkajšie osvetlenie > Fasádne a záhradné osvetlenie";"Elektroinštalačný materiál > Osvetlenie > LED osvetlenie > Vonkajšie osvetlenie > Fasádne a záhradné osvetlenie";"";"";"";"";"";"";"";"";"";"Solight WO807";""
"SOL_RNP255-L";"";"Solight lišta pre akumulátorovú pílu RNP255";"16823756-92d6-11f1-bde6-bc24110eff41";"";"8592718032517";"";"";"Náradie a dielňa > Ručné AKU náradie > Príslušenstvo";"Náradie a dielňa > Ručné AKU náradie > Príslušenstvo";"";"";"";"";"";"";"";"";"";"Solight Vodící lišta RNP255-L";""
"SOL_WM-30W-Q";"";"Solight LED reflektor Quick, 30W, 2550lm, 4000K, IP65, čierny";"16a5bdd4-92d6-11f1-a57c-bc24110eff41";"";"8592718033699";"";"";"Elektroinštalačný materiál > Osvetlenie > LED reflektory > Reflektory bez senzora";"Elektroinštalačný materiál > Osvetlenie > LED reflektory > Reflektory bez senzora";"";"";"";"";"";"";"";"";"";"Solight WM-30W-O";""
"SOL_1D23T";"";"Solight bezdrôtové magnetické čidlo pre gong 1D23, 1D23WIFI";"16b0d5b6-92d6-11f1-b802-bc24110eff41";"";"8592718047511";"";"";"Elektroinštalačný materiál > Zvončeky";"Elektroinštalačný materiál > Zvončeky";"";"";"";"";"";"";"";"";"";"Solight bezdrôtový magnetický senzor pre gong 1D23, 1D23WIFI";""
"SOL_AP01C";"";"Solight izolačná páska, 15mm x 0,13mm x 10m, čierna";"16c63370-92d6-11f1-b5f7-bc24110eff41";"";"5906194000961";"";"";"Elektroinštalačný materiál > Ostatné > Izolačný materiál > Izolačné PVC pásky";"Elektroinštalačný materiál > Ostatné > Izolačný materiál > Izolačné PVC pásky";"";"";"";"";"";"";"";"";"";"Solight izolačná páska 15 mm x 10 m AP01C čierna";""
"SOL_P106C-PD20";"";"Solight rozbočovač, 3x 16A, USB A+C rychlonabíjačka 20W PD, biely-sivý";"16dd3962-92d6-11f1-a6cf-bc24110eff41";"";"8592718041519";"";"";"Elektroinštalačný materiál > Ostatné > 230V > Rozbočky";"Elektroinštalačný materiál > Ostatné > 230V > Rozbočky";"";"";"";"";"";"";"";"";"";"SOLIGHT P106C-PD20";""
"SOL_PF34";"";"Solight flexo šnúra, 3x 1mm2, gumová, čierna, 2,5m";"173536a8-92d6-11f1-8be5-bc24110eff41";"";"8592718010973";"";"";"Elektroinštalačný materiál > Ostatné > 230V > Flexo šnúry";"Elektroinštalačný materiál > Ostatné > 230V > Flexo šnúry";"";"";"";"";"";"";"";"";"";"Šnúra flexo 3x1mm 2,5m GUMA PF34";""
"SOL_1L67DT";"";"Solight bezdrôtový zvonček, 2 tlačidlá, do zásuvky, 200m, biely, learning code";"174b959c-92d6-11f1-9799-bc24110eff41";"";"8592718028725";"";"";"Elektroinštalačný materiál > Zvončeky";"Elektroinštalačný materiál > Zvončeky";"";"";"";"";"";"";"";"";"";"SOLIGHT 1L67DT";""
"SOL_WO8013";"";"Solight LED osvětlení s dálkový ovladačem Cala, 48W, 3360lm, 38cm, změna chromatičnosti, stmívatelné";"17564c62-92d6-11f1-a772-bc24110eff41";"";"8592718038311";"";"";"Elektroinštalačný materiál > Osvetlenie > LED osvetlenie > Interiérové osvetlenie";"Elektroinštalačný materiál > Osvetlenie > LED osvetlenie > Interiérové osvetlenie";"";"";"";"";"";"";"";"";"";"Solight WO8013";""
"SOL_WZ429-1";"";"Solight LED žiarovka, miniglobe, 8W, E27, 4000K, 720lm";"17629fb2-92d6-11f1-a4aa-bc24110eff41";"";"8592718024154";"";"";"Elektroinštalačný materiál > Osvetlenie > LED Žiarovky > E27";"Elektroinštalačný materiál > Osvetlenie > LED Žiarovky > E27";"";"";"";"";"";"";"";"";"";"Solight žiarovka LED WZ429 8W, E27, 4000K, 160°, 720lm, denní biela";""
"SOL_DC64BW-PD20";"";"Solight bezdrôtová 15W + USB A+C 20W PD výsuvná nabíjačka, čierna";"176fca34-92d6-11f1-8272-bc24110eff41";"";"8592718038151";"";"";"Fotovoltaika a energie > Napájacie zdroje > USB adaptéry";"Fotovoltaika a energie > Napájacie zdroje > USB adaptéry";"";"";"";"";"";"";"";"";"";"Solight DC64BW-PD20";""
"SOL_WM612";"";"Solight LED svetelný pás 5m, 198LED/m, 16W/m, 1500lm/m, IP20, studená biela";"1785a3c2-92d6-11f1-8563-bc24110eff41";"";"8592718029449";"";"";"Elektroinštalačný materiál > Osvetlenie > LED pásky > LED pásiky";"Elektroinštalačný materiál > Osvetlenie > LED pásky > LED pásiky";"";"";"";"";"";"";"";"";"";"Solight 12V 2835 198LED/m IP20 max. 16W/m biela studená (cievka 5m) WM612";""
"SOL_RN-B2";"";"Solight batéria Li-Ion 21V 2Ah pre aku náradie Solight";"179c6fd0-92d6-11f1-95c3-bc24110eff41";"";"8592718032333";"";"";"Náradie a dielňa > Ručné AKU náradie > Príslušenstvo";"Náradie a dielňa > Ručné AKU náradie > Príslušenstvo";"";"";"";"";"";"";"";"";"";"Solight Baterie Li-Ion 21V 2Ah RN-B2";""
"SOL_1L70T";"";"Solight bezdrôtové bezbatériové tlačidlo pre 1L70, 1L70B, 150m, biele, learning code";"17c83b2e-92d6-11f1-8ed4-bc24110eff41";"";"8592718028794";"";"";"Elektroinštalačný materiál > Zvončeky";"Elektroinštalačný materiál > Zvončeky";"";"";"";"";"";"";"";"";"";"Solight 1L70T";""
"SOL_1L75B";"";"Solight bezdrôtový zvonček, batériový, 180m, černý, learning code";"180848d6-92d6-11f1-ae15-bc24110eff41";"";"8592718036263";"";"";"Elektroinštalačný materiál > Zvončeky";"Elektroinštalačný materiál > Zvončeky";"";"";"";"";"";"";"";"";"";"SOLIGHT 1L75B";""
"SOL_DSP-DYHD08FQZ";"";"Solight tryska na vyhladzovanie vlasov pre Dyson Supersonic";"18556dd2-92d6-11f1-8469-bc24110eff41";"";"8592718038601";"";"";"Zdravie a starostlivosť > Starostlivosť o vlasy > Príslušenstvo k starostlivosť o vlasy";"Zdravie a starostlivosť > Starostlivosť o vlasy > Príslušenstvo k starostlivosť o vlasy";"";"";"";"";"";"";"";"";"";"Solight tryska pro uhlazení vlasů pro Dyson Supersonic DSP-DYHD08FQZ";""
"SOL_PP128";"";"Solight vestavný blok zásuviek s posuvným krytom, 3 zásuvky, 2m, strieborný";"185ff5e0-92d6-11f1-ac1d-bc24110eff41";"";"8592718041465";"";"";"Elektroinštalačný materiál > Predlžovacie káble a zásuvky > Výsuvné a vstavané zásuvky";"Elektroinštalačný materiál > Predlžovacie káble a zásuvky > Výsuvné a vstavané zásuvky";"";"";"";"";"";"";"";"";"";"Gtv AE-PBSUC2GU-53";""
"SOL_SSWC02";"";"Solight stolová nabíjačka 3v1, Qi2, MagSafe kompatibilná";"187e3096-92d6-11f1-b592-bc24110eff41";"";"8592718042035";"";"";"Fotovoltaika a energie > Napájacie zdroje > Pre mobily a tablety";"Fotovoltaika a energie > Napájacie zdroje > Pre mobily a tablety";"";"";"";"";"";"";"";"";"";"Solight SSWC02";""
"SOL_5B322B";"";"Solight vstavaná podlahová zásuvka, IP55, matná čierna, obdĺžnikové viečko";"18d022b6-92d6-11f1-96c9-bc24110eff41";"";"8592718039905";"";"";"Elektroinštalačný materiál > Predlžovacie káble a zásuvky > Výsuvné a vstavané zásuvky";"Elektroinštalačný materiál > Predlžovacie káble a zásuvky > Výsuvné a vstavané zásuvky";"";"";"";"";"";"";"";"";"";"SOLIGHT 5B322B";""
"SOL_GN14";"";"Solight koaxiálny kábel CC120, sáčok, 20m";"18faeab4-92d6-11f1-99a6-bc24110eff41";"";"8595092102272";"";"";"Elektroinštalačný materiál > Ostatné > Káble > Koaxiálne";"Elektroinštalačný materiál > Ostatné > Káble > Koaxiálne";"";"";"";"";"";"";"";"";"";"Solight koaxiálny kábel CC120, sáčok, 20m";""
"SOL_WO2000-ND3";"";"Solight napájací kábel pre lineárne osvetlenie, dĺžka 0,3m";"1905ce84-92d6-11f1-aed0-bc24110eff41";"";"8592718037130";"";"";"Elektroinštalačný materiál > Osvetlenie > LED osvetlenie > Interiérové osvetlenie";"Elektroinštalačný materiál > Osvetlenie > LED osvetlenie > Interiérové osvetlenie";"";"";"";"";"";"";"";"";"";"Kábel napájací ku vianočnej súprave HOME KSHW5";""
"SOL_DC65W";"";"Solight bezdrôtová 15W vstavaná nabíjačka, biela";"19333a04-92d6-11f1-bd05-bc24110eff41";"";"8592718038168";"";"";"Fotovoltaika a energie > Napájacie zdroje > USB adaptéry";"Fotovoltaika a energie > Napájacie zdroje > USB adaptéry";"";"";"";"";"";"";"";"";"";"Solight DC65W";""
"SOL_WM613";"";"Solight LED svetelný pás 5m, 198LED/m, 16W/m, 1500lm/m, IP20, teplá biela";"19488eb8-92d6-11f1-b87e-bc24110eff41";"";"8592718029456";"";"";"Elektroinštalačný materiál > Osvetlenie > LED pásky > LED pásiky";"Elektroinštalačný materiál > Osvetlenie > LED pásky > LED pásiky";"";"";"";"";"";"";"";"";"";"Solight 12V 2835 198LED/m IP20 max. 16W/m biela teplá (cievka 5m) WM613";""
"SOL_GL05-38N";"";"Solight dezinfekčná UV lampa 38W";"19538e62-92d6-11f1-ab10-bc24110eff41";"";"8592718035082";"";"";"Domáce spotrebiče > Malé spotrebiče > Dezinfekčné lampy > Bezozónové";"Domáce spotrebiče > Malé spotrebiče > Dezinfekčné lampy > Bezozónové";"";"";"";"";"";"";"";"";"";"Solight GL05-38N";""
"SOL_RN-B6";"";"Solight batéria Li-Ion 21V 6Ah pre aku náradie Solight";"195e211a-92d6-11f1-9a82-bc24110eff41";"";"8592718032340";"";"";"Náradie a dielňa > Ručné AKU náradie > Príslušenstvo";"Náradie a dielňa > Ručné AKU náradie > Príslušenstvo";"";"";"";"";"";"";"";"";"";"Solight RN-B4 - Li-Ion 4000mAh 21V SL1113";""
"SOL_1L202G";"";"Solight doplňkový gong ku zvončeku 1L202";"19b36eae-92d6-11f1-9af1-bc24110eff41";"";"8592718033750";"";"";"Elektroinštalačný materiál > Zvončeky";"Elektroinštalačný materiál > Zvončeky";"";"";"";"";"";"";"";"";"";"Solight doplňkový gong ku zvončeku 1L202";""
"SOL_WM-10WS-Q";"";"Solight LED reflektor Quick so senzorom, 10W, 850lm, 4000K, IP44, čierny";"19c8d078-92d6-11f1-b234-bc24110eff41";"";"8592718033712";"";"";"Elektroinštalačný materiál > Osvetlenie > LED reflektory > Reflektory so senzorom";"Elektroinštalačný materiál > Osvetlenie > LED reflektory > Reflektory so senzorom";"";"";"";"";"";"";"";"";"";"Solight WM-10WS-Q";""
"SOL_WM91";"";"Solight napájací konektor pre COB LED pásy, opasok-napájacie vodiče, balenie 1ks, sáčok";"19e95bea-92d6-11f1-8a6f-bc24110eff41";"";"8592718031329";"";"";"Elektroinštalačný materiál > Osvetlenie > LED pásky > Príslušenstvo";"Elektroinštalačný materiál > Osvetlenie > LED pásky > Príslušenstvo";"";"";"";"";"";"";"";"";"";"Solight 8592718031329";""
"SOL_AP01M";"";"Solight izolačná páska, 15mm x 0,13mm x 10m, modrá";"19f57f6a-92d6-11f1-9a0b-bc24110eff41";"";"5906194000930";"";"";"Elektroinštalačný materiál > Ostatné > Izolačný materiál > Izolačné PVC pásky";"Elektroinštalačný materiál > Ostatné > Izolačný materiál > Izolačné PVC pásky";"";"";"";"";"";"";"";"";"";"Solight izolačná páska 15 mm x 10 m AP01M modrá";""
"SOL_1L79";"";"Solight bezdrôtový zvonček a nočné svetielko, do zásuvky, 150m, biely, learning code";"1a0a9c6a-92d6-11f1-930d-bc24110eff41";"";"8592718038496";"";"";"Elektroinštalačný materiál > Zvončeky";"Elektroinštalačný materiál > Zvončeky";"";"";"";"";"";"";"";"";"";"Solight 1L79";""
"SOL_PP128C-PD20";"";"Solight vestavný blok zásuviek s posuvným krytom, 2 zásuvky, USB A+C 20W PD, 2m, strieborný";"1a22c2a4-92d6-11f1-b9a2-bc24110eff41";"";"8592718041472";"";"";"Elektroinštalačný materiál > Predlžovacie káble a zásuvky > Výsuvné a vstavané zásuvky";"Elektroinštalačný materiál > Predlžovacie káble a zásuvky > Výsuvné a vstavané zásuvky";"";"";"";"";"";"";"";"";"";"IN 553048";""
"SOL_SSWC01";"";"Solight cestovná nabíjačka 3v1, MagSafe kompatibilná";"1a3a6832-92d6-11f1-955e-bc24110eff41";"";"8592718042028";"";"";"Fotovoltaika a energie > Napájacie zdroje > Pre mobily a tablety";"Fotovoltaika a energie > Napájacie zdroje > Pre mobily a tablety";"";"";"";"";"";"";"";"";"";"Solight SSWC01";""
"SOL_TZ01-500";"";"Solight kúpeľňový radiátor 500W";"1a5bc5ea-92d6-11f1-9211-bc24110eff41";"";"8592718036850";"";"";"Domáce spotrebiče > Malé spotrebiče > Vzduchotechnika";"Domáce spotrebiče > Malé spotrebiče > Vzduchotechnika";"";"";"";"";"";"";"";"";"";"Solight TZ01-500";""
"SOL_5B323B";"";"Solight vstavaná podlahová dvojzásuvka, IP55, matná čierna, obdĺžnikové viečko";"1a7f380e-92d6-11f1-bbcb-bc24110eff41";"";"8592718039912";"";"";"Elektroinštalačný materiál > Predlžovacie káble a zásuvky > Výsuvné a vstavané zásuvky";"Elektroinštalačný materiál > Predlžovacie káble a zásuvky > Výsuvné a vstavané zásuvky";"";"";"";"";"";"";"";"";"";"SOLIGHT 5B323B";""
"SOL_WM50N-20T";"";"Solight LED svetelný pás s testrom, 5m, sada s 12V adaptérom, 4,8W/m, IP20, neutrálna biela";"1a89b680-92d6-11f1-a17f-bc24110eff41";"";"8592718047597";"";"";"Elektroinštalačný materiál > Osvetlenie > LED pásky > LED pásiky";"Elektroinštalačný materiál > Osvetlenie > LED pásky > LED pásiky";"";"";"";"";"";"";"";"";"";"Solight 47271";""
"SOL_1P06";"";"Solight viazacie nylonové pásky, farba natural, 100ks, 3,6 x 200mm";"1aa2d53e-92d6-11f1-8d3c-bc24110eff41";"";"8595094831507";"";"";"Elektroinštalačný materiál > Ostatné > Izolačný materiál > Viazacie pásky";"Elektroinštalačný materiál > Ostatné > Izolačný materiál > Viazacie pásky";"";"";"";"";"";"";"";"";"";"EXTOL Premium 8856106 sťahovacie pásky 200x3,6mm 100 ks";""
"SOL_DC65BW";"";"Solight bezdrôtová 15W vstavaná nabíjačka, čierna";"1af9e798-92d6-11f1-9cdb-bc24110eff41";"";"8592718038175";"";"";"Fotovoltaika a energie > Napájacie zdroje > USB adaptéry";"Fotovoltaika a energie > Napájacie zdroje > USB adaptéry";"";"";"";"";"";"";"";"";"";"Solight DC65BW";""
"SOL_PB25";"";"Solight predlžovací prívod na bubne 10m, 3 zásuvky, sivý kábel, 3x 1,5mm2";"1b140be6-92d6-11f1-a30d-bc24110eff41";"";"8592718041687";"";"";"Elektroinštalačný materiál > Predlžovacie káble a zásuvky > Navíjacie bubny";"Elektroinštalačný materiál > Predlžovacie káble a zásuvky > Navíjacie bubny";"";"";"";"";"";"";"";"";"";"Solight PB25";""
"SOL_WM-20WS-Q";"";"Solight LED reflektor Quick so senzorom, 20W, 1700lm, 4000K, IP44, čierny";"1b59b1f0-92d6-11f1-a4bf-bc24110eff41";"";"8592718033729";"";"";"Elektroinštalačný materiál > Osvetlenie > LED reflektory > Reflektory so senzorom";"Elektroinštalačný materiál > Osvetlenie > LED reflektory > Reflektory so senzorom";"";"";"";"";"";"";"";"";"";"Solight WM-20WS-Q";""
"SOL_PP122C-PD20";"";"Solight 1z + USB-C 20W PD vstavaná zásuvka, 2m, strieborná";"1b8f80b4-92d6-11f1-90ff-bc24110eff41";"";"8592718037727";"";"";"Elektroinštalačný materiál > Predlžovacie káble a zásuvky > Výsuvné a vstavané zásuvky";"Elektroinštalačný materiál > Predlžovacie káble a zásuvky > Výsuvné a vstavané zásuvky";"";"";"";"";"";"";"";"";"";"Solight PP122C";""
"SOL_1L79B";"";"Solight bezdrôtový zvonček a nočné svetielko, do zásuvky, 150m, čierny, learning code";"1b9a4170-92d6-11f1-91a1-bc24110eff41";"";"8592718038502";"";"";"Elektroinštalačný materiál > Zvončeky";"Elektroinštalačný materiál > Zvončeky";"";"";"";"";"";"";"";"";"";"Solight 1L79B";""
"SOL_PP128C-PD65";"";"Solight vestavný blok zásuviek s posuvným krytom, 2 zásuvky, USB A+C 65W PD, 2m, strieborný";"1bb13808-92d6-11f1-b874-bc24110eff41";"";"8592718041489";"";"";"Elektroinštalačný materiál > Predlžovacie káble a zásuvky > Výsuvné a vstavané zásuvky";"Elektroinštalačný materiál > Predlžovacie káble a zásuvky > Výsuvné a vstavané zásuvky";"";"";"";"";"";"";"";"";"";"Datacom UTP 2161";""
"SOL_HN17B";"";"Solight vonkajšia anténa, DVB-T2, 35dB";"1c60f3ec-92d6-11f1-9128-bc24110eff41";"";"8595092102937";"";"";"TV, audio a video > Antény a satelity > ANTÉNY > Antény vonkajšie";"TV, audio a video > Antény a satelity > ANTÉNY > Antény vonkajšie";"";"";"";"";"";"";"";"";"";"Solight CX-4";""
"SOL_PB25C";"";"Solight predlžovací prívod na bubne 10m, USB A+C, 2 zásuvky, sivý kábel, 3x 1,0mm2";"1c78a8e8-92d6-11f1-9c12-bc24110eff41";"";"8592718041700";"";"";"Elektroinštalačný materiál > Predlžovacie káble a zásuvky > Navíjacie bubny";"Elektroinštalačný materiál > Predlžovacie káble a zásuvky > Navíjacie bubny";"";"";"";"";"";"";"";"";"";"Solight PB25C";""
"SOL_P75B";"";"Solight zástrčka uhlová, s priebežnou zásuvkou, IP20 čierna";"1cb0a874-92d6-11f1-904b-bc24110eff41";"";"8592718037666";"";"";"Elektroinštalačný materiál > Ostatné > 230V > Koncovky";"Elektroinštalačný materiál > Ostatné > 230V > Koncovky";"";"";"";"";"";"";"";"";"";"ESPERANZA ELK308W";""
"SOL_WM-30WS-Q";"";"Solight LED reflektor Quick so senzorom, 30W, 2550lm, 4000K, IP44, čierny";"1cd23322-92d6-11f1-81bb-bc24110eff41";"";"8592718033736";"";"";"Elektroinštalačný materiál > Osvetlenie > LED reflektory > Reflektory so senzorom";"Elektroinštalačný materiál > Osvetlenie > LED reflektory > Reflektory so senzorom";"";"";"";"";"";"";"";"";"";"Solight WM-30WS-Q";""
"SOL_RNP150-R";"";"Solight reťaz pre akumulátorovú pílu RNP150";"1cdf096c-92d6-11f1-bc49-bc24110eff41";"";"8592718036522";"";"";"Náradie a dielňa > Ručné AKU náradie > Príslušenstvo";"Náradie a dielňa > Ručné AKU náradie > Príslušenstvo";"";"";"";"";"";"";"";"";"";"Solight reťaz RNP150-R";""
"SOL_AP01R";"";"Solight izolačná páska, 15mm x 0,13mm x 10m, červená";"1cf538b8-92d6-11f1-bb53-bc24110eff41";"";"5906194000923";"";"";"Elektroinštalačný materiál > Ostatné > Izolačný materiál > Izolačné PVC pásky";"Elektroinštalačný materiál > Ostatné > Izolačný materiál > Izolačné PVC pásky";"";"";"";"";"";"";"";"";"";"Solight AP01R";""
"SOL_PP128C-PD20-HDMI";"";"Solight vestavný blok zásuviek s posuvným krytom, 2 zásuvky, HDMI, USB A+C 20W PD, 2m, strieborný";"1d16a476-92d6-11f1-829d-bc24110eff41";"";"8592718041496";"";"";"Elektroinštalačný materiál > Predlžovacie káble a zásuvky > Výsuvné a vstavané zásuvky";"Elektroinštalačný materiál > Predlžovacie káble a zásuvky > Výsuvné a vstavané zásuvky";"";"";"";"";"";"";"";"";"";"Datacom UTP 2161";""
"SOL_TR02";"";"Solight lokátor kľúčenka, Find My kompatibilný";"1d2e6d90-92d6-11f1-89c1-bc24110eff41";"";"8592718042059";"";"";"TV, audio a video > Mobily a tablety > Príslušenstvo";"TV, audio a video > Mobily a tablety > Príslušenstvo";"";"";"";"";"";"";"";"";"";"Solight TR02";""
"SOL_1P07";"";"Solight viazacie nylonové pásky, 3,6 x 250mm, natural, 100ks";"1d914fe6-92d6-11f1-8971-bc24110eff41";"";"8595093081156";"";"";"Elektroinštalačný materiál > Ostatné > Izolačný materiál > Viazacie pásky";"Elektroinštalačný materiál > Ostatné > Izolačný materiál > Viazacie pásky";"";"";"";"";"";"";"";"";"";"Solight 1P12 Sťahovacie pásky";""
"SOL_WM72";"";"Solight sieťový adaptér 230V - 12V, 5000mA, 60W";"1dbb1380-92d6-11f1-9ed1-bc24110eff41";"";"8592718011628";"";"";"Elektroinštalačný materiál > Osvetlenie > LED pásky > Napájacie zdroje 12V";"Elektroinštalačný materiál > Osvetlenie > LED pásky > Napájacie zdroje 12V";"";"";"";"";"";"";"";"";"";"Solight 300 x LED 5050 pás 5m, studený biely, 12V, 72W, 6A; vodeodolný WM604";""
"SOL_WO7203";"";"Solight LED solárne svetlo so senzorom, 9W, 850lm, 4000K, Li-Ion, čierna";"1e0f7790-92d6-11f1-84c1-bc24110eff41";"";"8592718043414";"";"";"Elektroinštalačný materiál > Osvetlenie > LED osvetlenie > Vonkajšie osvetlenie > Solárne osvetlenie";"Elektroinštalačný materiál > Osvetlenie > LED osvetlenie > Vonkajšie osvetlenie > Solárne osvetlenie";"";"";"";"";"";"";"";"";"";"Solight WO7203";""
"SOL_1L67TB";"";"Solight bezdrôtové tlačidlo pre 1L67B, 200m, čierne, learning code, kryt na menovku";"1e1b9124-92d6-11f1-841b-bc24110eff41";"";"8592718012366";"";"";"Elektroinštalačný materiál > Zvončeky";"Elektroinštalačný materiál > Zvončeky";"";"";"";"";"";"";"";"";"";"Solight bezdrátové tlačítko pro 1L67B, 200m, černé, learning code, kryt na jmenovku 1L67TB";""
"SOL_P99B-PD20";"";"Solight rozbočovač s USB A+C rychlonabíjačkou 20W PD, 2 x 10A, čierny, vypínač";"1e5bd3b0-92d6-11f1-aadd-bc24110eff41";"";"8592718034856";"";"";"Elektroinštalačný materiál > Ostatné > 230V > Rozbočky";"Elektroinštalačný materiál > Ostatné > 230V > Rozbočky";"";"";"";"";"";"";"";"";"";"Solight P99B-PD20";""
"SOL_WM57";"";"Solight wifi Smart LED svetelný pás, RGB, 5m, sada s adaptérom a dialkovým ovladačom";"1e667612-92d6-11f1-8c59-bc24110eff41";"";"8592718030490";"";"";"Elektroinštalačný materiál > Osvetlenie > LED pásky > LED pásiky";"Elektroinštalačný materiál > Osvetlenie > LED pásky > LED pásiky";"";"";"";"";"";"";"";"";"";"Solight WM57";""
"SOL_PP128-RJ45";"";"Solight RJ45 Cat6 doplnkový modul pre vstavané zásuvky série PP128";"1eb94ba8-92d6-11f1-baf5-bc24110eff41";"";"8592718041502";"";"";"Elektroinštalačný materiál > Predlžovacie káble a zásuvky > Výsuvné a vstavané zásuvky";"Elektroinštalačný materiál > Predlžovacie káble a zásuvky > Výsuvné a vstavané zásuvky";"";"";"";"";"";"";"";"";"";"IN 553048";""
"SOL_TR03";"";"Solight lokátor pre batožinu, Find My kompatibilný";"1ecf6316-92d6-11f1-8deb-bc24110eff41";"";"8592718042066";"";"";"TV, audio a video > Mobily a tablety > Príslušenstvo";"TV, audio a video > Mobily a tablety > Príslušenstvo";"";"";"";"";"";"";"";"";"";"Solight Find My TR03";""
"SOL_DA41";"";"Solight nabíjačka USB-C, 65W, PD fast charger";"1ef04d06-92d6-11f1-8fda-bc24110eff41";"";"8592718036867";"";"";"Fotovoltaika a energie > Napájacie zdroje > Nabíjačky notebookov";"Fotovoltaika a energie > Napájacie zdroje > Nabíjačky notebookov";"";"";"";"";"";"";"";"";"";"Solight DA41";""
"SOL_PP13";"";"Solight predlžovací prívod, 3 zásuvky, biely, vypínač, 5m";"1f38656e-92d6-11f1-b4b0-bc24110eff41";"";"8595092107109";"";"";"Elektroinštalačný materiál > Predlžovacie káble a zásuvky > Viaczásuvkové > Klasické";"Elektroinštalačný materiál > Predlžovacie káble a zásuvky > Viaczásuvkové > Klasické";"";"";"";"";"";"";"";"";"";"Solight PP13";""
"SOL_DT34";"";"Solight časovač so súmrakovým senzorom, 230V, 3600W";"1fb54d4a-92d6-11f1-9e4e-bc24110eff41";"";"8592718035679";"";"";"Elektroinštalačný materiál > Časové spínače";"Elektroinštalačný materiál > Časové spínače";"";"";"";"";"";"";"";"";"";"Elektronický Časový Spínač Programátor Časovač Zapnutie Vypnutie Ineox PC-01";""
"SOL_PF07";"";"Solight flexo šnúra, 2m, 2 x 0,50mm2, biela";"201002a8-92d6-11f1-9a34-bc24110eff41";"";"8592718002046";"";"";"Elektroinštalačný materiál > Ostatné > 230V > Flexo šnúry";"Elektroinštalačný materiál > Ostatné > 230V > Flexo šnúry";"";"";"";"";"";"";"";"";"";"Solight flexo šňůra, 2m, 2 x 0,50mm2, bílá";""
"SOL_P70";"";"Solight zástrčka uhlová, IP20, biela";"20a316c4-92d6-11f1-a562-bc24110eff41";"";"8592718010836";"";"";"Elektroinštalačný materiál > Ostatné > 230V > Koncovky";"Elektroinštalačný materiál > Ostatné > 230V > Koncovky";"";"";"";"";"";"";"";"";"";"Solight P70";""
"SOL_WO827-CR";"";"Solight LED kúpeľňové osvetlenie nad zrkadlo 3v1, 7W, 455lm, 4000K, IP44, 40cm, chróm";"210c2cc2-92d6-11f1-bcae-bc24110eff41";"";"8592718043261";"";"";"Elektroinštalačný materiál > Osvetlenie > LED osvetlenie > Kúpeľňové osvetlenie";"Elektroinštalačný materiál > Osvetlenie > LED osvetlenie > Kúpeľňové osvetlenie";"";"";"";"";"";"";"";"";"";"Solight WO827-CR";""
"SOL_P109PD20";"";"Solight rozbočovač 1x 16A + 2x 2,5A, 2xUSB A+C rychlonabíjačka 20W PD, biely, vypínač";"21445d0e-92d6-11f1-b51e-bc24110eff41";"";"8592718034764";"";"";"Elektroinštalačný materiál > Ostatné > 230V > Rozbočky";"Elektroinštalačný materiál > Ostatné > 230V > Rozbočky";"";"";"";"";"";"";"";"";"";"Baseus Metal Gleam 2 Series B00061802813-00";""
"SOL_LLM360";"";"Solight laserová vodováha 12 línií, 360 °, zelený laser";"214fea7a-92d6-11f1-b287-bc24110eff41";"";"8592718030506";"";"";"Náradie a dielňa > Meracia technika > Laserové vodováhy";"Náradie a dielňa > Meracia technika > Laserové vodováhy";"";"";"";"";"";"";"";"";"";"Solight LLM360";""
"SOL_PS35";"";"Solight predlžovací prívod 10m, 1 zásuvka IP44, 3 x 2.5mm2, kábel guma-neoprén H07RN-F";"215c0706-92d6-11f1-9b2f-bc24110eff41";"";"8592718028619";"";"";"Elektroinštalačný materiál > Predlžovacie káble a zásuvky > Jednozásuvkové > Jednozásuvkové 230V";"Elektroinštalačný materiál > Predlžovacie káble a zásuvky > Jednozásuvkové > Jednozásuvkové 230V";"";"";"";"";"";"";"";"";"";"Solight PS31";""
"SOL_PF07B";"";"Solight flexo šnúra, 2m, 2 x 0,50mm2, čierna";"21725b00-92d6-11f1-8d97-bc24110eff41";"";"8592718002053";"";"";"Elektroinštalačný materiál > Ostatné > 230V > Flexo šnúry";"Elektroinštalačný materiál > Ostatné > 230V > Flexo šnúry";"";"";"";"";"";"";"";"";"";"Solight flexo šňůra, 2m, 2 x 0,50mm2, černá";""
"SOL_DSP-DYHD01YGJ-S";"";"Solight magnetický držiak na sušič vlasov pre Dyson Supersonic (strieborný)";"217dd660-92d6-11f1-84bf-bc24110eff41";"";"8592718038656";"";"";"Zdravie a starostlivosť > Starostlivosť o vlasy > Príslušenstvo k starostlivosť o vlasy";"Zdravie a starostlivosť > Starostlivosť o vlasy > Príslušenstvo k starostlivosť o vlasy";"";"";"";"";"";"";"";"";"";"Solight DSP-DYHD01YGJ-S";""
"SOL_WM-20W-T";"";"Solight LED reflektor TOP, 20W, max. 2600lm, 3CCT, voliteľný výkon 100/50%, IP65, rýchlokonektor";"21b93a02-92d6-11f1-a94d-bc24110eff41";"";"8592718044299";"";"";"Elektroinštalačný materiál > Osvetlenie > LED reflektory > Reflektory bez senzora";"Elektroinštalačný materiál > Osvetlenie > LED reflektory > Reflektory bez senzora";"";"";"";"";"";"";"";"";"";"SOLIGHT WM-20-WT";""
"SOL_WO7202";"";"Solight LED solárne stĺpikové osvetlenie Palermo, 5W, 400lm, 3000K";"21c4ddb2-92d6-11f1-95da-bc24110eff41";"";"8592718038021";"";"";"Elektroinštalačný materiál > Osvetlenie > LED osvetlenie > Vonkajšie osvetlenie > Solárne osvetlenie";"Elektroinštalačný materiál > Osvetlenie > LED osvetlenie > Vonkajšie osvetlenie > Solárne osvetlenie";"";"";"";"";"";"";"";"";"";"Solight WO7202";""
"SOL_5O07";"";"Solight držiak satelitnej antény na stenu, T-úchyt, 350mm";"21e7c174-92d6-11f1-b084-bc24110eff41";"";"8595092121495";"";"";"TV, audio a video > Antény a satelity > Anténne držiaky";"TV, audio a video > Antény a satelity > Anténne držiaky";"";"";"";"";"";"";"";"";"";"Solex Držiak antény 16cm";""
"SOL_PP51";"";"Solight predlžovací prívod, 5 zásuviek, biely, vypínač, 2m";"21f2ed6a-92d6-11f1-8e19-bc24110eff41";"";"8595092107246";"";"";"Elektroinštalačný materiál > Predlžovacie káble a zásuvky > Viaczásuvkové > Klasické";"Elektroinštalačný materiál > Predlžovacie káble a zásuvky > Viaczásuvkové > Klasické";"";"";"";"";"";"";"";"";"";"Solight PP51";""
"SOL_WO827-BLK";"";"Solight LED kúpeľňové osvetlenie nad zrkadlo 3v1, 7W, 455lm, 4000K, IP44, 40cm, čierna";"2245d0ca-92d6-11f1-b760-bc24110eff41";"";"8592718043278";"";"";"Elektroinštalačný materiál > Osvetlenie > LED osvetlenie > Kúpeľňové osvetlenie";"Elektroinštalačný materiál > Osvetlenie > LED osvetlenie > Kúpeľňové osvetlenie";"";"";"";"";"";"";"";"";"";"Solight WO827-BLK";""
"SOL_PP111PD20";"";"Solight predlžovací prívod 3 zásuvky, USB A+C 20W PD, 2m, 3 x 1mm2, biely, vypínač";"2269a95a-92d6-11f1-aa5e-bc24110eff41";"";"8592718034689";"";"";"Elektroinštalačný materiál > Predlžovacie káble a zásuvky > Viaczásuvkové > Ostatné";"Elektroinštalačný materiál > Predlžovacie káble a zásuvky > Viaczásuvkové > Ostatné";"";"";"";"";"";"";"";"";"";"Solight PP111USBC";""
"SOL_WM59-WW";"";"Solight LED COB pásik, sada s adaptérom, vypínač, 5m, 8W/m, 800lm/m, teplá biela";"2274d7ee-92d6-11f1-9fa9-bc24110eff41";"";"8592718035938";"";"";"Elektroinštalačný materiál > Osvetlenie > LED pásky > LED pásiky";"Elektroinštalačný materiál > Osvetlenie > LED pásky > LED pásiky";"";"";"";"";"";"";"";"";"";"SOLIGHT WM59-WW";""
"SOL_PS36";"";"Solight predlžovací prívod 15m, 1 zásuvka IP44, 3 x 2.5mm2, kábel guma-neoprén H07RN-F";"228cf194-92d6-11f1-928b-bc24110eff41";"";"8592718029319";"";"";"Elektroinštalačný materiál > Predlžovacie káble a zásuvky > Jednozásuvkové > Jednozásuvkové 230V";"Elektroinštalačný materiál > Predlžovacie káble a zásuvky > Jednozásuvkové > Jednozásuvkové 230V";"";"";"";"";"";"";"";"";"";"Solight PS36";""
"SOL_DSP-DYHD01YGJ-B";"";"Solight magnetický držiak na sušič vlasov pre Dyson Supersonic (čierny)";"22db5730-92d6-11f1-bfdb-bc24110eff41";"";"8592718038663";"";"";"Zdravie a starostlivosť > Starostlivosť o vlasy > Príslušenstvo k starostlivosť o vlasy";"Zdravie a starostlivosť > Starostlivosť o vlasy > Príslušenstvo k starostlivosť o vlasy";"";"";"";"";"";"";"";"";"";"SOL DSP-DYHD01YGJ-B";""
"SOL_WO785-1";"";"Solight LED solárne svetlo so senzorom, 11W, 1200lm, 3CCT, Li-Ion, čierna";"2309d43e-92d6-11f1-bdbb-bc24110eff41";"";"8592718030476";"";"";"Elektroinštalačný materiál > Osvetlenie > LED osvetlenie > Vonkajšie osvetlenie > Solárne osvetlenie";"Elektroinštalačný materiál > Osvetlenie > LED osvetlenie > Vonkajšie osvetlenie > Solárne osvetlenie";"";"";"";"";"";"";"";"";"";"Solight WO785";""
"SOL_WM-30WS-T";"";"Solight LED reflektor so senzorom TOP, 30W, max. 3900lm, 3CCT, voliteľný výkon 100/66%, IP65, rýchlospojka";"23156056-92d6-11f1-b60f-bc24110eff41";"";"8592718044305";"";"";"Elektroinštalačný materiál > Osvetlenie > LED reflektory > Reflektory bez senzora";"Elektroinštalačný materiál > Osvetlenie > LED reflektory > Reflektory bez senzora";"";"";"";"";"";"";"";"";"";"SOLIGHT WM30WST";""
"SOL_WM59-RGB";"";"Solight LED SMD RGB pásik, sada s adaptérom, 3m, dialkový ovladač, 10W/m, multicolor";"2320c374-92d6-11f1-abcb-bc24110eff41";"";"8592718046828";"";"";"Elektroinštalačný materiál > Osvetlenie > LED pásky > LED pásiky";"Elektroinštalačný materiál > Osvetlenie > LED pásky > LED pásiky";"";"";"";"";"";"";"";"";"";"Solight WM59-RGB";""
"SOL_1P29";"";"Solight viazacie nylonové pásky, 3,6 x 300mm, čierna, 100ks";"234ea53c-92d6-11f1-9456-bc24110eff41";"";"8595094081353";"";"";"Elektroinštalačný materiál > Ostatné > Izolačný materiál > Viazacie pásky";"Elektroinštalačný materiál > Ostatné > Izolačný materiál > Viazacie pásky";"";"";"";"";"";"";"";"";"";"Solight 1P29 Sťahovacie pásky 3.6 x 300mm 100ks";""
"SOL_P74";"";"Solight zástrčka priama, IP20, biela";"23669f20-92d6-11f1-a11b-bc24110eff41";"";"8592718010850";"";"";"Elektroinštalačný materiál > Ostatné > 230V > Koncovky";"Elektroinštalačný materiál > Ostatné > 230V > Koncovky";"";"";"";"";"";"";"";"";"";"Solight P74";""
"SOL_SSN6100E";"";"Solight anténny F-konektor, skrutkovacie, priemer: 6,5mm, 10ks, sáčok";"238b640e-92d6-11f1-b3bd-bc24110eff41";"";"8595092115470";"";"";"TV, audio a video > AV káble > Anténa > Konektory a redukcie > F-konektor";"TV, audio a video > AV káble > Anténa > Konektory a redukcie > F-konektor";"";"";"";"";"";"";"";"";"";"TV anténny adaptér F-konektor - SMA 295837";""
"SOL_WL918";"";"Solight LED solárna lampáš nástenná, teplá biela, 12x17cm, čierna";"23c23588-92d6-11f1-87b4-bc24110eff41";"";"8592718041748";"";"";"Elektroinštalačný materiál > Osvetlenie > LED osvetlenie > Vonkajšie osvetlenie > Solárne osvetlenie";"Elektroinštalačný materiál > Osvetlenie > LED osvetlenie > Vonkajšie osvetlenie > Solárne osvetlenie";"";"";"";"";"";"";"";"";"";"Solight WL918";""
"SOL_WO828-BLK";"";"Solight LED kúpeľňové osvetlenie nad zrkadlo 3v1, 12W, 780lm, 4000K, IP44, 60cm, čierna";"23cd3a14-92d6-11f1-bb24-bc24110eff41";"";"8592718043292";"";"";"Elektroinštalačný materiál > Osvetlenie > LED osvetlenie > Kúpeľňové osvetlenie";"Elektroinštalačný materiál > Osvetlenie > LED osvetlenie > Kúpeľňové osvetlenie";"";"";"";"";"";"";"";"";"";"Solight WO828-BLK";""
"SOL_PP112PD20";"";"Solight predlžovací prívod 3 zásuvky, USB A+C 20W PD, 3m, 3 x 1mm2, biely, vypínač";"23e45988-92d6-11f1-871c-bc24110eff41";"";"8592718034696";"";"";"Elektroinštalačný materiál > Predlžovacie káble a zásuvky > Viaczásuvkové > Ostatné";"Elektroinštalačný materiál > Predlžovacie káble a zásuvky > Viaczásuvkové > Ostatné";"";"";"";"";"";"";"";"";"";"Solight 2z + USB A+C 20W PD";""
"SOL_WM59-NW";"";"Solight LED COB pásik, sada s adaptérom, vypínač, 5m, 8W/m, 800lm/m, neutrálna biela";"23ef1eea-92d6-11f1-8233-bc24110eff41";"";"8592718035945";"";"";"Elektroinštalačný materiál > Osvetlenie > LED pásky > LED pásiky";"Elektroinštalačný materiál > Osvetlenie > LED pásky > LED pásiky";"";"";"";"";"";"";"";"";"";"SOLIGHT WM59-NW";""
"SOL_PS37";"";"Solight predlžovací prívod 20m, 1 zásuvka IP44, 3 x 2.5mm2, kábel guma-neoprén H07RN-F";"240563ee-92d6-11f1-bc63-bc24110eff41";"";"8592718046057";"";"";"Elektroinštalačný materiál > Predlžovacie káble a zásuvky > Jednozásuvkové > Jednozásuvkové 230V";"Elektroinštalačný materiál > Predlžovacie káble a zásuvky > Jednozásuvkové > Jednozásuvkové 230V";"";"";"";"";"";"";"";"";"";"Solight PS37";""
"SOL_WM20";"";"Solight pracovná nabíjacia LED lampa, 500lm + 70lm, COB, Li-Ion, USB, čiernooranžová";"241b71a2-92d6-11f1-9920-bc24110eff41";"";"8592718036317";"";"";"Elektroinštalačný materiál > Osvetlenie > Svietidlá > Nabíjacie";"Elektroinštalačný materiál > Osvetlenie > Svietidlá > Nabíjacie";"";"";"";"";"";"";"";"";"";"Solight WM20";""
"SOL_PP328";"";"Solight predlžovací prívod 5m, 3 zásuvky IP44, 3 x 2.5mm2, kábel guma-neoprén H07RN-F";"24261134-92d6-11f1-898e-bc24110eff41";"";"8592718046705";"";"";"Elektroinštalačný materiál > Predlžovacie káble a zásuvky > Viaczásuvkové > Ostatné";"Elektroinštalačný materiál > Predlžovacie káble a zásuvky > Viaczásuvkové > Ostatné";"";"";"";"";"";"";"";"";"";"SOLIGHT PP328 47278";""
"SOL_WM-50W-T";"";"Solight LED reflektor TOP, 50W, max. 6500lm, 3CCT, voliteľný výkon 100/60%, IP65, rýchlokonektor";"249c3116-92d6-11f1-b5f4-bc24110eff41";"";"8592718044312";"";"";"Elektroinštalačný materiál > Osvetlenie > LED reflektory > Reflektory bez senzora";"Elektroinštalačný materiál > Osvetlenie > LED reflektory > Reflektory bez senzora";"";"";"";"";"";"";"";"";"";"Solight LED prenosný reflektor 100W/230V/4000K/9000Lm/IP65, sklopný stojan";""
"SOL_WM60";"";"Solight LED svetelný pás, RGB + 3CCT, 5m, sada s 24V adaptérom a diaľk. ovládačom, 5W/m, IP65";"24a6d256-92d6-11f1-960c-bc24110eff41";"";"8592718046835";"";"";"Elektroinštalačný materiál > Osvetlenie > LED pásky > LED pásiky";"Elektroinštalačný materiál > Osvetlenie > LED pásky > LED pásiky";"";"";"";"";"";"";"";"";"";"Solight WM60";""
"SOL_IN05";"";"Solight invertor 12V, USB 500mA, kovový, čierny, max. zaťaženie: 200W";"24c2a486-92d6-11f1-9192-bc24110eff41";"";"8595092129347";"";"";"Auto-moto > Autopríslušenstvo > Měniče napätia";"Auto-moto > Autopríslušenstvo > Měniče napätia";"";"";"";"";"";"";"";"";"";"Solight IN05 12V/230V 200W USB";""
"SOL_GL05-100-T";"";"Solight trubica pre GL05-100";"24ef0224-92d6-11f1-82cb-bc24110eff41";"";"8592718035112";"";"";"Domáce spotrebiče > Malé spotrebiče > Dezinfekčné lampy > Príslušenstvo, náhradné diely";"Domáce spotrebiče > Malé spotrebiče > Dezinfekčné lampy > Príslušenstvo, náhradné diely";"";"";"";"";"";"";"";"";"";"Solight GL05-100-T Dezinfekčná UVC trubica 2G11/100W/230V 185 nm SL1459";""
"SOL_WO69-B";"";"Solight LED nabíjacia lampička Lucca, 120lm, zmena CCT, stmievanie, čierna";"24f968ae-92d6-11f1-a3be-bc24110eff41";"";"8592718041755";"";"";"Elektroinštalačný materiál > Osvetlenie > LED stolové lampy";"Elektroinštalačný materiál > Osvetlenie > LED stolové lampy";"";"";"";"";"";"";"";"";"";"SOLIGHT WO69-B";""
"SOL_PP113PD20";"";"Solight predlžovací prívod 3 zásuvky, USB A+C 20W PD, 5m, 3 x 1mm2, biely, vypínač";"250f8382-92d6-11f1-bc1f-bc24110eff41";"";"8592718034726";"";"";"Elektroinštalačný materiál > Predlžovacie káble a zásuvky > Viaczásuvkové > Ostatné";"Elektroinštalačný materiál > Predlžovacie káble a zásuvky > Viaczásuvkové > Ostatné";"";"";"";"";"";"";"";"";"";"Solight PP111USBC";""
"SOL_WM59-CW";"";"Solight LED COB pásik, sada s adaptérom, vypínač, 5m, 8W/m, 800lm/m, studená biela";"252aabe4-92d6-11f1-9eb2-bc24110eff41";"";"8592718035952";"";"";"Elektroinštalačný materiál > Osvetlenie > LED pásky > LED pásiky";"Elektroinštalačný materiál > Osvetlenie > LED pásky > LED pásiky";"";"";"";"";"";"";"";"";"";"SOLIGHT WM59-CW";""
"SOL_PP325";"";"Solight predlžovací prívod kocka 3m, 3 zásuvky IP44, 3 x 1mm2, kábel guma H05RR-F";"25357a7e-92d6-11f1-96f6-bc24110eff41";"";"8592718046064";"";"";"Elektroinštalačný materiál > Predlžovacie káble a zásuvky > Viaczásuvkové > Ostatné";"Elektroinštalačný materiál > Predlžovacie káble a zásuvky > Viaczásuvkové > Ostatné";"";"";"";"";"";"";"";"";"";"Solight PP325";""
"SOL_WN44";"";"Solight LED nabíjacie ručné svietidlo s power bankom, 800lm, Li-Ion";"25a54a52-92d6-11f1-9fa3-bc24110eff41";"";"8592718033934";"";"";"Elektroinštalačný materiál > Osvetlenie > Svietidlá > Nabíjacie";"Elektroinštalačný materiál > Osvetlenie > Svietidlá > Nabíjacie";"";"";"";"";"";"";"";"";"";"Solight WN44";""
"SOL_WO527-1";"";"Solight LED núdzové osvetlenie, 4W, 200lm, IP65, LiFePO4 1000mAh batéria, autotest";"25b10acc-92d6-11f1-96c7-bc24110eff41";"";"8592718028954";"";"";"Elektroinštalačný materiál > Osvetlenie > LED osvetlenie > Núdzové osvetlenie";"Elektroinštalačný materiál > Osvetlenie > LED osvetlenie > Núdzové osvetlenie";"";"";"";"";"";"";"";"";"";"Solight WO527";""
"SOL_WM-100W-T";"";"Solight LED reflektor TOP, 100W, max. 14000lm, 3CCT, voliteľný výkon 100/75/50%, IP65, rýchlokonektor";"25bb6bd4-92d6-11f1-b93f-bc24110eff41";"";"8592718044329";"";"";"Elektroinštalačný materiál > Osvetlenie > LED reflektory > Reflektory bez senzora";"Elektroinštalačný materiál > Osvetlenie > LED reflektory > Reflektory bez senzora";"";"";"";"";"";"";"";"";"";"SOLIGHT WM-100W-T";""
"SOL_WL920";"";"Solight nabíjacie nočné LED svetielko s pohybovým a svetelným sensorom, 0,5W, 3000K, Li-Ion";"25c5eb0e-92d6-11f1-b8ba-bc24110eff41";"";"8592718046842";"";"";"Elektroinštalačný materiál > Osvetlenie > LED osvetlenie > Nočné a dekoratívne svetielka";"Elektroinštalačný materiál > Osvetlenie > LED osvetlenie > Nočné a dekoratívne svetielka";"";"";"";"";"";"";"";"";"";"Solight WL920";""
"SOL_IN06";"";"Solight invertor 12V, USB 500mA, kovový, čierny, max. zaťaženie: 300W";"26166ae8-92d6-11f1-9a91-bc24110eff41";"";"8595092129354";"";"";"Auto-moto > Autopríslušenstvo > Měniče napätia";"Auto-moto > Autopríslušenstvo > Měniče napätia";"";"";"";"";"";"";"";"";"";"Solight IN06 12V/230V 200W USB";""
"SOL_WO69-W";"";"Solight LED nabíjacia lampička Lucca, 120lm, zmena CCT, stmievanie, biela";"2646a51e-92d6-11f1-968b-bc24110eff41";"";"8592718041762";"";"";"Elektroinštalačný materiál > Osvetlenie > LED stolové lampy";"Elektroinštalačný materiál > Osvetlenie > LED stolové lampy";"";"";"";"";"";"";"";"";"";"SOLIGHT WO69-W";""
"SOL_PP152PD20";"";"Solight predlžovací prívod 5 zásuviek, USB A+C 20W PD, 3m, 3 x 1mm2, biely, vypínač";"265cf0a8-92d6-11f1-974e-bc24110eff41";"";"8592718034733";"";"";"Elektroinštalačný materiál > Predlžovacie káble a zásuvky > Viaczásuvkové > Ostatné";"Elektroinštalačný materiál > Predlžovacie káble a zásuvky > Viaczásuvkové > Ostatné";"";"";"";"";"";"";"";"";"";"Solight PP152USBC";""
"SOL_5B304";"";"Solight zásuvka do vlhka IP54, sivá";"266a6d46-92d6-11f1-aada-bc24110eff41";"";"8592718030346";"";"";"Elektroinštalačný materiál > Ostatné > 230V > Vypínače a zásuvky > Do vlhka";"Elektroinštalačný materiál > Ostatné > 230V > Vypínače a zásuvky > Do vlhka";"";"";"";"";"";"";"";"";"";"Solight 5B304";""
"SOL_WM710";"";"Solight LED napájací zdroj, 230V - 12V, 5A, 60W, IP20";"2676e030-92d6-11f1-ad8b-bc24110eff41";"";"8592718035969";"";"";"Elektroinštalačný materiál > Osvetlenie > LED pásky > Napájacie zdroje 12V";"Elektroinštalačný materiál > Osvetlenie > LED pásky > Napájacie zdroje 12V";"";"";"";"";"";"";"";"";"";"Solight Zdroj pro LED pásky WM710 12V 60W";""
"SOL_PP326";"";"Solight predlžovací prívod kocka 5m, 3 zásuvky IP44, 3 x 1.5mm2, kábel guma H05RR-F";"26817392-92d6-11f1-98db-bc24110eff41";"";"8592718046071";"";"";"Elektroinštalačný materiál > Predlžovacie káble a zásuvky > Viaczásuvkové > Ostatné";"Elektroinštalačný materiál > Predlžovacie káble a zásuvky > Viaczásuvkové > Ostatné";"";"";"";"";"";"";"";"";"";"Solight PP326";""
"SOL_P73B";"";"Solight zásuvka priama, IP20, čierna";"26b99704-92d6-11f1-b9c9-bc24110eff41";"";"8592718036782";"";"";"Elektroinštalačný materiál > Ostatné > 230V > Koncovky";"Elektroinštalačný materiál > Ostatné > 230V > Koncovky";"";"";"";"";"";"";"";"";"";"Solight P73B";""
"SOL_WM-150W-T";"";"Solight LED reflektor TOP, 150W, max. 21000lm, 3CCT, voliteľný výkon 100/75/47%, IP65, rýchlokonektor";"26da08a4-92d6-11f1-8864-bc24110eff41";"";"8592718044336";"";"";"Elektroinštalačný materiál > Osvetlenie > LED reflektory > Reflektory bez senzora";"Elektroinštalačný materiál > Osvetlenie > LED reflektory > Reflektory bez senzora";"";"";"";"";"";"";"";"";"";"SOLIGHT WM-150W-T";""
"SOL_WO749-G";"";"Solight LED vonkajšie osvetlenie oválne, 20W, 1500lm, 4000K, IP54, 26cm, sivá farba";"2725f78c-92d6-11f1-9ff1-bc24110eff41";"";"8592718035068";"";"";"Elektroinštalačný materiál > Osvetlenie > LED osvetlenie > Vonkajšie osvetlenie > Prisadené osvetlenie";"Elektroinštalačný materiál > Osvetlenie > LED osvetlenie > Vonkajšie osvetlenie > Prisadené osvetlenie";"";"";"";"";"";"";"";"";"";"Solight WO749";""
"SOL_AV04";"";"Solight ventilátor do kúpeľne";"2730d09e-92d6-11f1-968d-bc24110eff41";"";"8592718041397";"";"";"Domáce spotrebiče > Malé spotrebiče > Vybavenie domácnosti";"Domáce spotrebiče > Malé spotrebiče > Vybavenie domácnosti";"";"";"";"";"";"";"";"";"";"Solight AV04";""
"SOL_WM711";"";"Solight LED napájací zdroj, 230V - 12V, 8,4A, 100W, IP20";"27463aba-92d6-11f1-9c89-bc24110eff41";"";"8592718035976";"";"";"Elektroinštalačný materiál > Osvetlenie > LED pásky > Napájacie zdroje 12V";"Elektroinštalačný materiál > Osvetlenie > LED pásky > Napájacie zdroje 12V";"";"";"";"";"";"";"";"";"";"Solight Zdroj pro LED pásky WM711 12V 100W";""
"SOL_PA03USA";"";"Solight cestovný adaptér s USB do Spojených štátov, typ B";"27735478-92d6-11f1-a3ea-bc24110eff41";"";"8592718002121";"";"";"Elektroinštalačný materiál > Cestovné adaptéry";"Elektroinštalačný materiál > Cestovné adaptéry";"";"";"";"";"";"";"";"";"";"Solight PA03USA";""
"SOL_PAP02";"";"Solight digitálny kapesny kompresor mini";"27886232-92d6-11f1-865d-bc24110eff41";"";"8592718041243";"";"";"Domáce spotrebiče > Malé spotrebiče > Vybavenie domácnosti";"Domáce spotrebiče > Malé spotrebiče > Vybavenie domácnosti";"";"";"";"";"";"";"";"";"";"SOLIGHT PAP01";""
"SOL_WZ434-1";"";"Solight LED žiarovka reflektorová, R50, 8W, E14, 3000K, 710lm";"279d2dac-92d6-11f1-82e5-bc24110eff41";"";"8592718043445";"";"";"Elektroinštalačný materiál > Osvetlenie > LED Žiarovky > E14";"Elektroinštalačný materiál > Osvetlenie > LED Žiarovky > E14";"";"";"";"";"";"";"";"";"";"V-TAC PRO LED žiarovka E14 R50 4,8W 3000K";""
"SOL_P81";"";"Solight rozbočka, 3x 2,5A, biela";"27d28fe2-92d6-11f1-83f5-bc24110eff41";"";"8595092109011";"";"";"Elektroinštalačný materiál > Ostatné > 230V > Rozbočky";"Elektroinštalačný materiál > Ostatné > 230V > Rozbočky";"";"";"";"";"";"";"";"";"";"Solight P81";""
"SOL_FV-BMS-HVC60050-A1";"";"Solight Growat BMS (batériový riadiaci systém) pre batérie ARK-2,5H-A1 a meniče Growatt radu SPH";"27f92ae4-92d6-11f1-b29f-bc24110eff41";"";"8592718032760";"";"";"Fotovoltaika a energie > Fotovoltaika > Batérie a príslušenstvo";"Fotovoltaika a energie > Fotovoltaika > Batérie a príslušenstvo";"";"";"";"";"";"";"";"";"";"Solight Growatt SPH10000TL3-BH";""
"SOL_AV05";"";"Solight ventilátor do kúpeľne";"280e784a-92d6-11f1-a2c5-bc24110eff41";"";"8592718041403";"";"";"Domáce spotrebiče > Malé spotrebiče > Vybavenie domácnosti";"Domáce spotrebiče > Malé spotrebiče > Vybavenie domácnosti";"";"";"";"";"";"";"";"";"";"SOLIGHT AV05";""
"SOL_5B322W";"";"Solight vstavaná podlahová zásuvka, IP55, matná biela, obdĺžnikové viečko";"283a869c-92d6-11f1-9df2-bc24110eff41";"";"8592718034436";"";"";"Elektroinštalačný materiál > Predlžovacie káble a zásuvky > Výsuvné a vstavané zásuvky";"Elektroinštalačný materiál > Predlžovacie káble a zásuvky > Výsuvné a vstavané zásuvky";"";"";"";"";"";"";"";"";"";"SOLIGHT 5B323B";""
"SOL_WM712";"";"Solight LED napájací zdroj, 230V - 12V, 17A, 200W, IP20";"2845a32e-92d6-11f1-a93a-bc24110eff41";"";"8592718035983";"";"";"Elektroinštalačný materiál > Osvetlenie > LED pásky > Napájacie zdroje 12V";"Elektroinštalačný materiál > Osvetlenie > LED pásky > Napájacie zdroje 12V";"";"";"";"";"";"";"";"";"";"Solight Zdroj pro LED pásky WM712 12V 200W";""
"SOL_PPS01";"";"Solight pištoľ spájkovacia 100W sada";"2871f532-92d6-11f1-8dd6-bc24110eff41";"";"8592718036683";"";"";"Náradie a dielňa > Spájkovacia technika";"Náradie a dielňa > Spájkovacia technika";"";"";"";"";"";"";"";"";"";"SOLIGHT PPS01";""
"SOL_PX05";"";"Solight prenosný držiak na predlžovacie káble";"287c735e-92d6-11f1-990b-bc24110eff41";"";"8592718036805";"";"";"Elektroinštalačný materiál > Ostatné > 230V > Držiaky zásuviek";"Elektroinštalačný materiál > Ostatné > 230V > Držiaky zásuviek";"";"";"";"";"";"";"";"";"";"TOPK Silikónová páska držiak organizér na káble 20 ks J20";""
"SOL_WZ435-1";"";"Solight LED žiarovka reflektorová, R50, 8W, E14, 4000K, 710lm";"289d1cf8-92d6-11f1-a11d-bc24110eff41";"";"8592718043452";"";"";"Elektroinštalačný materiál > Osvetlenie > LED Žiarovky > E14";"Elektroinštalačný materiál > Osvetlenie > LED Žiarovky > E14";"";"";"";"";"";"";"";"";"";"V-TAC PRO LED žiarovka E14 R50 4,8W 3000K";""
"SOL_WZ6101";"";"Solight LED svetelný zdroj do stropných svetiel, 12W, 1200lm, 4000K, 130mm";"28ad4786-92d6-11f1-9cab-bc24110eff41";"";"8592718033576";"";"";"Elektroinštalačný materiál > Osvetlenie > LED Žiarovky > Ostatné svetelné zdroje";"Elektroinštalačný materiál > Osvetlenie > LED Žiarovky > Ostatné svetelné zdroje";"";"";"";"";"";"";"";"";"";"SOLIGHT WZ6101";""
"SOL_OR02";"";"Solight olejový radiátor 2500W";"28b85ac2-92d6-11f1-bc89-bc24110eff41";"";"8592718042493";"";"";"Domáce spotrebiče > Malé spotrebiče > Vzduchotechnika";"Domáce spotrebiče > Malé spotrebiče > Vzduchotechnika";"";"";"";"";"";"";"";"";"";"SOLIGHT OR02";""
"SOL_WO7204";"";"Solight LED solárne svetlo so senzorom, 5W, 500lm, 4000K, Li-Ion, čierna";"28c48162-92d6-11f1-9bd1-bc24110eff41";"";"8592718044275";"";"";"Elektroinštalačný materiál > Osvetlenie > LED osvetlenie > Vonkajšie osvetlenie > Solárne osvetlenie";"Elektroinštalačný materiál > Osvetlenie > LED osvetlenie > Vonkajšie osvetlenie > Solárne osvetlenie";"";"";"";"";"";"";"";"";"";"Solight WO785-1";""
"SOL_WO829";"";"Solight LED osvetlenie Corato s nastaviteľnou wattážou a CCT, IP54, 12-18-24W, max. 2400lm, 3CCT, 30cm";"28cf8bd4-92d6-11f1-9070-bc24110eff41";"";"8592718047566";"";"";"Elektroinštalačný materiál > Osvetlenie > LED osvetlenie > Interiérové osvetlenie";"Elektroinštalačný materiál > Osvetlenie > LED osvetlenie > Interiérové osvetlenie";"";"";"";"";"";"";"";"";"";"Solight WO829";""
"SOL_V51";"";"Solight kliešťový multimeter, 20 - 200A";"2927e7ac-92d6-11f1-9fc3-bc24110eff41";"";"8592718041557";"";"";"Náradie a dielňa > Meracia technika > Multimetre a zkúšačky";"Náradie a dielňa > Meracia technika > Multimetre a zkúšačky";"";"";"";"";"";"";"";"";"";"Solight V51";""
"SOL_5B323W";"";"Solight vstavaná podlahová dvojzásuvka, IP55, matná biela, obdĺžnikové viečko";"293f0fae-92d6-11f1-b86d-bc24110eff41";"";"8592718034481";"";"";"Elektroinštalačný materiál > Predlžovacie káble a zásuvky > Výsuvné a vstavané zásuvky";"Elektroinštalačný materiál > Predlžovacie káble a zásuvky > Výsuvné a vstavané zásuvky";"";"";"";"";"";"";"";"";"";"SOLIGHT 5B323W";""
"SOL_WM713";"";"Solight LED napájací zdroj, 230V - 12V, 2A, 24W, IP65";"2949801a-92d6-11f1-b7a2-bc24110eff41";"";"8592718035990";"";"";"Elektroinštalačný materiál > Osvetlenie > LED pásky > Napájacie zdroje 12V";"Elektroinštalačný materiál > Osvetlenie > LED pásky > Napájacie zdroje 12V";"";"";"";"";"";"";"";"";"";"Solight Zdroj pro LED pásky WM713 12V 24W";""
"SOL_WZ6103";"";"Solight LED svetelný zdroj do stropných svetiel, 18W, 1800lm, 4000K, 155mm";"29948f7e-92d6-11f1-9ab5-bc24110eff41";"";"8592718033590";"";"";"Elektroinštalačný materiál > Osvetlenie > LED Žiarovky > Ostatné svetelné zdroje";"Elektroinštalačný materiál > Osvetlenie > LED Žiarovky > Ostatné svetelné zdroje";"";"";"";"";"";"";"";"";"";"SOLIGHT WZ6103";""
"SOL_WO66-W";"";"Solight LED stmievateľná stolná lampička s klipom biela, 300lm, nastaviteľná teplota svetla, USB";"29aaf57a-92d6-11f1-a660-bc24110eff41";"";"8592718041588";"";"";"Elektroinštalačný materiál > Osvetlenie > LED stolové lampy";"Elektroinštalačný materiál > Osvetlenie > LED stolové lampy";"";"";"";"";"";"";"";"";"";"SOLIGHT WO66-W";""
"SOL_WM-10W-RE";"";"Solight LED reflektor, 10W, prenosný, nabijací, 1000lm, oranžovo-čierny";"29b5812a-92d6-11f1-afc8-bc24110eff41";"";"8592718044282";"";"";"Elektroinštalačný materiál > Osvetlenie > LED reflektory > Reflektory so stojanom";"Elektroinštalačný materiál > Osvetlenie > LED reflektory > Reflektory so stojanom";"";"";"";"";"";"";"";"";"";"Solight WM-10W-RE";""
"SOL_WM714";"";"Solight LED napájací zdroj, 230V - 12V, 5A, 60W, IP65";"2a4112a8-92d6-11f1-9ed9-bc24110eff41";"";"8592718036003";"";"";"Elektroinštalačný materiál > Osvetlenie > LED pásky > Napájacie zdroje 12V";"Elektroinštalačný materiál > Osvetlenie > LED pásky > Napájacie zdroje 12V";"";"";"";"";"";"";"";"";"";"Solight Zdroj pro LED pásky WM714 12V 60W";""
"SOL_PS12";"";"Solight 1z predlžovací prívod - spojka, 15m, 3 x 1,5mm2, biela";"2a5717ce-92d6-11f1-8dc4-bc24110eff41";"";"8592718034023";"";"";"Elektroinštalačný materiál > Predlžovacie káble a zásuvky > Jednozásuvkové > Jednozásuvkové 230V";"Elektroinštalačný materiál > Predlžovacie káble a zásuvky > Jednozásuvkové > Jednozásuvkové 230V";"";"";"";"";"";"";"";"";"";"Solight PS12";""
"SOL_WZ6105";"";"Solight LED svetelný zdroj do stropných svetiel, 24W, 2400lm, 4000K, 167mm";"2a98755c-92d6-11f1-a446-bc24110eff41";"";"8592718033613";"";"";"Elektroinštalačný materiál > Osvetlenie > LED Žiarovky > Ostatné svetelné zdroje";"Elektroinštalačný materiál > Osvetlenie > LED Žiarovky > Ostatné svetelné zdroje";"";"";"";"";"";"";"";"";"";"Solight WZ6105";""
"SOL_WN54";"";"Solight LED nabíjacie svietidlo s displejom, 200lm, zoom, Li-Ion";"2ab9cf90-92d6-11f1-99db-bc24110eff41";"";"8592718044343";"";"";"Elektroinštalačný materiál > Osvetlenie > Svietidlá > Nabíjacie";"Elektroinštalačný materiál > Osvetlenie > Svietidlá > Nabíjacie";"";"";"";"";"";"";"";"";"";"Solight WN54";""
"SOL_WO831";"";"Solight LED osvetlenie Corato s nastaviteľnou wattážou a CCT, IP54, 21-32-42W, max. 4200lm, 3CCT, 38cm";"2ac47076-92d6-11f1-aa25-bc24110eff41";"";"8592718047580";"";"";"Elektroinštalačný materiál > Osvetlenie > LED osvetlenie > Interiérové osvetlenie";"Elektroinštalačný materiál > Osvetlenie > LED osvetlenie > Interiérové osvetlenie";"";"";"";"";"";"";"";"";"";"Solight WO831";""
"SOL_P75";"";"Solight zástrčka uhlová, s priebežnou zásuvkou";"2ada076a-92d6-11f1-af2c-bc24110eff41";"";"8592718011437";"";"";"Elektroinštalačný materiál > Ostatné > 230V > Koncovky";"Elektroinštalačný materiál > Ostatné > 230V > Koncovky";"";"";"";"";"";"";"";"";"";"Solight P56";""
"SOL_KP14";"";"Solight teplovzdušný ventilátor 1500W";"2b1500fe-92d6-11f1-93f1-bc24110eff41";"";"8592718041830";"";"";"Domáce spotrebiče > Malé spotrebiče > Vzduchotechnika";"Domáce spotrebiče > Malé spotrebiče > Vzduchotechnika";"";"";"";"";"";"";"";"";"";"Solight KP14";""
"SOL_PG12B";"";"Solight záhradný stĺpik IP44, hliník, 2 zásuvky, čierny";"2b34b0a2-92d6-11f1-836c-bc24110eff41";"";"8592718034641";"";"";"Elektroinštalačný materiál > Predlžovacie káble a zásuvky > Záhradné stĺpiky";"Elektroinštalačný materiál > Predlžovacie káble a zásuvky > Záhradné stĺpiky";"";"";"";"";"";"";"";"";"";"Elektrický záhradný stĺpik 2x hermetická zásuvka 230V superLED";""
"SOL_SSC1502-S";"";"Solight lightning kábel, USB 2.0 A konektor - Lightning konektor, silikón, 2m";"2b3f0c46-92d6-11f1-9258-bc24110eff41";"";"8592718022907";"";"";"TV, audio a video > AV káble > Computer > USB";"TV, audio a video > AV káble > Computer > USB";"";"";"";"";"";"";"";"";"";"Solight SSC1502 lightningUSB, 2m";""
"SOL_AV07";"";"Solight ventilátor do kúpeľne";"2c17709a-92d6-11f1-86d2-bc24110eff41";"";"8592718041441";"";"";"Domáce spotrebiče > Malé spotrebiče > Vybavenie domácnosti";"Domáce spotrebiče > Malé spotrebiče > Vybavenie domácnosti";"";"";"";"";"";"";"";"";"";"SOLIGHT AV07";""
"SOL_KP07B";"";"Solight nástenný keramický ohrievač, 2000 W, čierne";"2c21fb32-92d6-11f1-adbd-bc24110eff41";"";"8592718041632";"";"";"Domáce spotrebiče > Malé spotrebiče > Vzduchotechnika";"Domáce spotrebiče > Malé spotrebiče > Vzduchotechnika";"";"";"";"";"";"";"";"";"";"SOLIGHT KP07B";""
"SOL_PG13B";"";"Solight záhradný stĺpik IP44 s LED osvetlením, hliník, 2 zásuvky, čierny";"2c2cb720-92d6-11f1-9bdc-bc24110eff41";"";"8592718034658";"";"";"Elektroinštalačný materiál > Predlžovacie káble a zásuvky > Záhradné stĺpiky";"Elektroinštalačný materiál > Predlžovacie káble a zásuvky > Záhradné stĺpiky";"";"";"";"";"";"";"";"";"";"Redo 90615 LED záhradný stĺpik VOLT | 13W integrovaný LED zdroj | 1200/895lm | 3000K";""
"SOL_CA06";"";"Solight hodiny s Qi bezdrôtovým nabíjaním";"2c587248-92d6-11f1-85aa-bc24110eff41";"";"8592718036577";"";"";"Domáce spotrebiče > Malé spotrebiče > Meteostanice";"Domáce spotrebiče > Malé spotrebiče > Meteostanice";"";"";"";"";"";"";"";"";"";"Solight CA06";""
"SOL_WO8022";"";"Solight LED osvetlenie s diaľkovým ovládačom Estela White, 40W, 4300lm, 50cm, URG";"2c984846-92d6-11f1-ab26-bc24110eff41";"";"8592718044251";"";"";"Elektroinštalačný materiál > Osvetlenie > LED osvetlenie > Interiérové osvetlenie";"Elektroinštalačný materiál > Osvetlenie > LED osvetlenie > Interiérové osvetlenie";"";"";"";"";"";"";"";"";"";"Solight WO8019";""
"SOL_WM-30W-FEQ";"";"Solight LED reflektor so sklopným stojanom, 30W, 2700lm, 4000K, kábel so zástrčkou, IP65";"2cef3552-92d6-11f1-a705-bc24110eff41";"";"8592718035136";"";"";"Elektroinštalačný materiál > Osvetlenie > LED reflektory > Reflektory so stojanom";"Elektroinštalačný materiál > Osvetlenie > LED reflektory > Reflektory so stojanom";"";"";"";"";"";"";"";"";"";"Solight WM-30W-FEQ";""
"SOL_DSP-DYV12DMS";"";"Solight Dok multi stojan pre Dyson V12";"2d0427fa-92d6-11f1-a86f-bc24110eff41";"";"8592718042691";"";"";"Domáce spotrebiče > Malé spotrebiče > Príslušenstvo k malým spotrebičom > Príslušenstvo k vysávačom";"Domáce spotrebiče > Malé spotrebiče > Príslušenstvo k malým spotrebičom > Príslušenstvo k vysávačom";"";"";"";"";"";"";"";"";"";"Solight DSP-DYV12DMS Dyson V12";""
"SOL_TE8S-WIFI";"";"Solight bezdrôtový senzor k meteostanici TE81WIFI";"2d0f8c4e-92d6-11f1-9a74-bc24110eff41";"";"8592718035570";"";"";"Domáce spotrebiče > Malé spotrebiče > Meteostanice";"Domáce spotrebiče > Malé spotrebiče > Meteostanice";"";"";"";"";"";"";"";"";"";"Solight TE8S čidlo";""
"SOL_WW005";"";"Solight káblová vodotesná spojka Fast, IP68, 5-9mm, max 2,5mm2";"2d197ef2-92d6-11f1-9e5a-bc24110eff41";"";"8592718036027";"";"";"Elektroinštalačný materiál > Osvetlenie > Senzory a konektory";"Elektroinštalačný materiál > Osvetlenie > Senzory a konektory";"";"";"";"";"";"";"";"";"";"Solight WW005 káblová vodotesná spojka Fast IP68 5-9mm max 2,5mm2";""
"SOL_WO8023";"";"Solight LED osvetlenie s diaľkovým ovládačom Estela White, 50W, 5400lm, 60cm, URG";"2d77a7a2-92d6-11f1-975b-bc24110eff41";"";"8592718044268";"";"";"Elektroinštalačný materiál > Osvetlenie > LED osvetlenie > Interiérové osvetlenie";"Elektroinštalačný materiál > Osvetlenie > LED osvetlenie > Interiérové osvetlenie";"";"";"";"";"";"";"";"";"";"SOLIGHT WO8020";""
"SOL_PG05";"";"Solight záhradný stĺpik IP44 s LED osvetlením, plast, 2 zásuvky, hranol, čierny";"2d825b66-92d6-11f1-a099-bc24110eff41";"";"8592718036799";"";"";"Elektroinštalačný materiál > Predlžovacie káble a zásuvky > Záhradné stĺpiky";"Elektroinštalačný materiál > Predlžovacie káble a zásuvky > Záhradné stĺpiky";"";"";"";"";"";"";"";"";"";"Solight PG05";""
"SOL_SSN1215E";"";"Solight anténny koaxiálny kábel, kombinované konektory, 1,5m, sáčok";"2dcbc7a6-92d6-11f1-aba7-bc24110eff41";"";"8595092115395";"";"";"TV, audio a video > AV káble > Anténa > Anténne káble > COAX";"TV, audio a video > AV káble > Anténa > Anténne káble > COAX";"";"";"";"";"";"";"";"";"";"Solight SSN1215E";""
"SOL_KP12";"";"Solight teplovzdušný konvektor 2000W, nastaviteľný termostat";"2e02f32a-92d6-11f1-a941-bc24110eff41";"";"8592718041625";"";"";"Domáce spotrebiče > Malé spotrebiče > Vzduchotechnika";"Domáce spotrebiče > Malé spotrebiče > Vzduchotechnika";"";"";"";"";"";"";"";"";"";"Solight KP12";""
"SOL_SSC1701-S";"";"Solight USB-C 3.1 kábel, USB-C konektor - USB-C konektor, silikón, 1m";"2e182b5a-92d6-11f1-a57e-bc24110eff41";"";"8592718030308";"";"";"TV, audio a video > AV káble > Computer > USB";"TV, audio a video > AV káble > Computer > USB";"";"";"";"";"";"";"";"";"";"Solight SSC1701 USB-C 3.1, USB-C konektor - USB-C konektor, blistr, 1m";""
"SOL_1L67BDT";"";"Solight bezdrôtový zvonček, 2 tlačidlá, do zásuvky, 200m, čierny, learning code";"2e62ee74-92d6-11f1-8379-bc24110eff41";"";"8592718034597";"";"";"Elektroinštalačný materiál > Zvončeky";"Elektroinštalačný materiál > Zvončeky";"";"";"";"";"";"";"";"";"";"Solight 1L67BDT";""
"SOL_SSN1202E";"";"Solight anténny koaxiálny kábel, kombinované konektory, 2m, sáčok";"2e7020e4-92d6-11f1-ab68-bc24110eff41";"";"8595092128395";"";"";"TV, audio a video > AV káble > Anténa > Anténne káble > COAX";"TV, audio a video > AV káble > Anténa > Anténne káble > COAX";"";"";"";"";"";"";"";"";"";"Solight SSN1202E";""
"SOL_P104B";"";"Solight rozbočovač, 2x 10A, čierny";"2e93378c-92d6-11f1-8f65-bc24110eff41";"";"8592718041274";"";"";"Elektroinštalačný materiál > Ostatné > 230V > Rozbočky";"Elektroinštalačný materiál > Ostatné > 230V > Rozbočky";"";"";"";"";"";"";"";"";"";"Solight P104B";""
"SOL_WM-100W-FEQ";"";"Solight LED reflektor so sklopným stojanom, 100W, 9000lm, 4000K, kábel so zástrčkou, IP65";"2e9db3a6-92d6-11f1-94c6-bc24110eff41";"";"8592718035150";"";"";"Elektroinštalačný materiál > Osvetlenie > LED reflektory > Reflektory so stojanom";"Elektroinštalačný materiál > Osvetlenie > LED reflektory > Reflektory so stojanom";"";"";"";"";"";"";"";"";"";"Solight WM-100W-FEQ";""
"SOL_TR04";"";"Solight lokátor Premium, Find My kompatibilný";"2eb54796-92d6-11f1-8457-bc24110eff41";"";"8592718044138";"";"";"TV, audio a video > Mobily a tablety > Príslušenstvo";"TV, audio a video > Mobily a tablety > Príslušenstvo";"";"";"";"";"";"";"";"";"";"Solight TR04";""
"SOL_1D31A";"";"Solight detektor spalín CO + alarm, 85dB, 3x AA batéria";"2ec2054e-92d6-11f1-8847-bc24110eff41";"";"8592718044640";"";"";"Bezpečnosť a smart domácnosť > Zabezpečenie";"Bezpečnosť a smart domácnosť > Zabezpečenie";"";"";"";"";"";"";"";"";"";"Honeywell R200C-2";""
"SOL_1L67BDZ";"";"Solight 2x bezdrôtový zvonček, do zásuvky, 200m, čierny, learning code";"2efd528e-92d6-11f1-9bde-bc24110eff41";"";"8592718034771";"";"";"Elektroinštalačný materiál > Zvončeky";"Elektroinštalačný materiál > Zvončeky";"";"";"";"";"";"";"";"";"";"Solight 2x bezdrátový zvonek, do zásuvky, 200m, černý, learning code 1L67BDZ";""
"SOL_WM93";"";"Solight prepojovací pravouhlý konektor pre COB LED pásy, 1ks, vrecko";"2f0aa0ce-92d6-11f1-8a2c-bc24110eff41";"";"8592718037161";"";"";"Elektroinštalačný materiál > Osvetlenie > LED pásky > Príslušenstvo";"Elektroinštalačný materiál > Osvetlenie > LED pásky > Príslušenstvo";"";"";"";"";"";"";"";"";"";"Solight WM93";""
"SOL_5D01";"";"Solight vypínač do vlhka, jednopólový, biely";"2f3779aa-92d6-11f1-b797-bc24110eff41";"";"5907522102005";"";"";"Elektroinštalačný materiál > Ostatné > 230V > Vypínače a zásuvky > Do vlhka";"Elektroinštalačný materiál > Ostatné > 230V > Vypínače a zásuvky > Do vlhka";"";"";"";"";"";"";"";"";"";"Solight 5D01";""
"SOL_SSN1203E";"";"Solight anténny koaxiálny kábel, kombinované konektory, 3m, sáčok";"2f4ee77a-92d6-11f1-a7e0-bc24110eff41";"";"8595092115401";"";"";"TV, audio a video > AV káble > Anténa > Anténne káble > COAX";"TV, audio a video > AV káble > Anténa > Anténne káble > COAX";"";"";"";"";"";"";"";"";"";"Solight SSN1203E";""
"SOL_WO20-ND";"";"Solight náhradný napájací zdroj k LED panelom";"2f59d3ba-92d6-11f1-98e7-bc24110eff41";"";"8592718034412";"";"";"Elektroinštalačný materiál > Osvetlenie > LED panely a podhľadová svetla > Příslušenstvo";"Elektroinštalačný materiál > Osvetlenie > LED panely a podhľadová svetla > Příslušenstvo";"";"";"";"";"";"";"";"";"";"SOLIGHT Napájací zdroj LIFUD 9-40V k 40W LED panelom";""
"SOL_WM-100W-FVQ";"";"Solight LED reflektor s vysokým stojanom, 100W, 9000lm, 4000K, kábel so zástrčkou, IP65";"2f7952c6-92d6-11f1-89d1-bc24110eff41";"";"8592718035174";"";"";"Elektroinštalačný materiál > Osvetlenie > LED reflektory > Reflektory so stojanom";"Elektroinštalačný materiál > Osvetlenie > LED reflektory > Reflektory so stojanom";"";"";"";"";"";"";"";"";"";"Solight WM-100W-FVQ";""
"SOL_SSWC03";"";"Solight bezdrôtová nabíjačka, Qi2, MagSafe kompatibilná";"2f90a96c-92d6-11f1-b5f5-bc24110eff41";"";"8592718044121";"";"";"Fotovoltaika a energie > Napájacie zdroje > Pre mobily a tablety";"Fotovoltaika a energie > Napájacie zdroje > Pre mobily a tablety";"";"";"";"";"";"";"";"";"";"Solight SSWC03";""
"SOL_SSN1205E";"";"Solight anténny koaxiálny kábel, kombinované konektory, 5m, sáčok";"2fe15524-92d6-11f1-b047-bc24110eff41";"";"8595092115418";"";"";"TV, audio a video > AV káble > Anténa > Anténne káble > COAX";"TV, audio a video > AV káble > Anténa > Anténne káble > COAX";"";"";"";"";"";"";"";"";"";"Solight SSN1205E";""
"SOL_MCH01";"";"Solight magnetické puzdro na karty, MagSafe + Find My kompatibilné";"30169892-92d6-11f1-bab8-bc24110eff41";"";"8592718044145";"";"";"TV, audio a video > Mobily a tablety > Príslušenstvo";"TV, audio a video > Mobily a tablety > Príslušenstvo";"";"";"";"";"";"";"";"";"";"Púzdro mobilNET Magsafe magnetické na karty, bordové";""
"SOL_P67";"";"Solight zástrčka do vlhka, priama, IP44, čierna-oranžová";"304eee36-92d6-11f1-ad9b-bc24110eff41";"";"8592718036874";"";"";"Elektroinštalačný materiál > Ostatné > 230V > Koncovky";"Elektroinštalačný materiál > Ostatné > 230V > Koncovky";"";"";"";"";"";"";"";"";"";"Solight P67";""
"SOL_WM94";"";"Solight napájací konektor pre COB LED pásy, 15cm, balenie 1ks, vrecko";"305abe3c-92d6-11f1-9d67-bc24110eff41";"";"8592718037178";"";"";"Elektroinštalačný materiál > Osvetlenie > LED pásky > Príslušenstvo";"Elektroinštalačný materiál > Osvetlenie > LED pásky > Príslušenstvo";"";"";"";"";"";"";"";"";"";"Solight WM94";""
"SOL_WO3002-W";"";"Solight nástenná lampička CELE, 1x GU10, biela";"30663474-92d6-11f1-8759-bc24110eff41";"";"8592718038816";"";"";"Elektroinštalačný materiál > Osvetlenie > LED panely a podhľadová svetla > LED podhľadové panely a svetlá";"Elektroinštalačný materiál > Osvetlenie > LED panely a podhľadová svetla > LED podhľadové panely a svetlá";"";"";"";"";"";"";"";"";"";"Solight WO3002-W";""
"SOL_PX01";"";"Solight držiak viacnásobné zásuvky, 3 - 4 zásuvky";"30aa54c4-92d6-11f1-aacc-bc24110eff41";"";"8595092109103";"";"";"Elektroinštalačný materiál > Ostatné > 230V > Držiaky zásuviek";"Elektroinštalačný materiál > Ostatné > 230V > Držiaky zásuviek";"";"";"";"";"";"";"";"";"";"SOLIGHT držiak viacnásobné zásuvky, 3 - 4 zásuvky PX01";""
"SOL_SSN12X0E";"";"Solight anténny koaxiálny kábel, kombinované konektory, 10m, sáčok";"30b629f2-92d6-11f1-abec-bc24110eff41";"";"8595092115425";"";"";"TV, audio a video > AV káble > Anténa > Anténne káble > COAX";"TV, audio a video > AV káble > Anténa > Anténne káble > COAX";"";"";"";"";"";"";"";"";"";"Solight SSN12X0E";""
"SOL_MCH02";"";"Solight magnetické puzdro na karty, MagSafe kompatibilné";"310bcb32-92d6-11f1-a7e0-bc24110eff41";"";"8592718044152";"";"";"TV, audio a video > Mobily a tablety > Príslušenstvo";"TV, audio a video > Mobily a tablety > Príslušenstvo";"";"";"";"";"";"";"";"";"";"Púzdro mobilNET Magsafe magnetické na karty, modré";""
"SOL_WN42";"";"Solight LED nabíjacie ručné svietidlo, 150+150lm, Li-Ion";"3116ba10-92d6-11f1-8cf8-bc24110eff41";"";"8592718033507";"";"";"Elektroinštalačný materiál > Osvetlenie > Svietidlá > Nabíjacie";"Elektroinštalačný materiál > Osvetlenie > Svietidlá > Nabíjacie";"";"";"";"";"";"";"";"";"";"Solight WN42";""
"SOL_P58";"";"Solight zástrčka priama, IP20, biela";"31247dee-92d6-11f1-bac9-bc24110eff41";"";"8592718036195";"";"";"Elektroinštalačný materiál > Ostatné > 230V > Koncovky";"Elektroinštalačný materiál > Ostatné > 230V > Koncovky";"";"";"";"";"";"";"";"";"";"SOLIGHT P58";""
"SOL_WO3002-B";"";"Solight nástenná lampička CELE, 1x GU10, čierna";"31475af8-92d6-11f1-bbfc-bc24110eff41";"";"8592718038823";"";"";"Elektroinštalačný materiál > Osvetlenie > LED panely a podhľadová svetla > LED podhľadové panely a svetlá";"Elektroinštalačný materiál > Osvetlenie > LED panely a podhľadová svetla > LED podhľadové panely a svetlá";"";"";"";"";"";"";"";"";"";"Solight WO3002-B";""
"SOL_SSN12X5E";"";"Solight anténny koaxiálny kábel, kombinované konektory, 15m, sáčok";"3153a5f6-92d6-11f1-8362-bc24110eff41";"";"8595092115432";"";"";"TV, audio a video > AV káble > Anténa > Anténne káble > COAX";"TV, audio a video > AV káble > Anténa > Anténne káble > COAX";"";"";"";"";"";"";"";"";"";"Solight SSN12X5E";""
"SOL_DA42";"";"Solight nabíjačka do auta USB-C, 65W, PD fast charger";"316b170e-92d6-11f1-8aa0-bc24110eff41";"";"8592718039943";"";"";"Fotovoltaika a energie > Napájacie zdroje > Nabíjačky notebookov";"Fotovoltaika a energie > Napájacie zdroje > Nabíjačky notebookov";"";"";"";"";"";"";"";"";"";"SOLIGHT DA42";""
"SOL_WL914";"";"Solight LED nabíjací RGB svetlo, diaľkový ovládač, Li-Ion, USB-C";"317717de-92d6-11f1-9b29-bc24110eff41";"";"8592718040697";"";"";"Elektroinštalačný materiál > Osvetlenie > LED osvetlenie > Nočné a dekoratívne svetielka";"Elektroinštalačný materiál > Osvetlenie > LED osvetlenie > Nočné a dekoratívne svetielka";"";"";"";"";"";"";"";"";"";"Solight WL914";""
"SOL_P58B";"";"Solight zástrčka priama, IP20, čierna";"318cbd82-92d6-11f1-a66a-bc24110eff41";"";"8592718036201";"";"";"Elektroinštalačný materiál > Ostatné > 230V > Koncovky";"Elektroinštalačný materiál > Ostatné > 230V > Koncovky";"";"";"";"";"";"";"";"";"";"SOLIGHT P58B";""
"SOL_P69";"";"Solight dvojzásuvka do vlhka, IP44, čierna";"31a43a98-92d6-11f1-b78e-bc24110eff41";"";"8592718036898";"";"";"Elektroinštalačný materiál > Ostatné > 230V > Koncovky";"Elektroinštalačný materiál > Ostatné > 230V > Koncovky";"";"";"";"";"";"";"";"";"";"Solight P69";""
"SOL_PX02";"";"Solight držiak viacnásobné zásuvky, 5 - 6 zásuviek";"31deb498-92d6-11f1-b85a-bc24110eff41";"";"8595092109110";"";"";"Elektroinštalačný materiál > Ostatné > 230V > Držiaky zásuviek";"Elektroinštalačný materiál > Ostatné > 230V > Držiaky zásuviek";"";"";"";"";"";"";"";"";"";"Solight držák vícenásobné zásuvky, 5 - 6 zásuvek PX02";""
"SOL_DA43";"";"Solight nabíjačka USB-C, 65W, PD fast charger";"3201e828-92d6-11f1-b994-bc24110eff41";"";"8592718039950";"";"";"Fotovoltaika a energie > Napájacie zdroje > Nabíjačky notebookov";"Fotovoltaika a energie > Napájacie zdroje > Nabíjačky notebookov";"";"";"";"";"";"";"";"";"";"Solight DA43";""
"SOL_WL915";"";"Solight LED nabíjacia RGB lucerna, Li-Ion, USB-C";"320ee082-92d6-11f1-9009-bc24110eff41";"";"8592718040703";"";"";"Elektroinštalačný materiál > Osvetlenie > LED osvetlenie > Nočné a dekoratívne svetielka";"Elektroinštalačný materiál > Osvetlenie > LED osvetlenie > Nočné a dekoratívne svetielka";"";"";"";"";"";"";"";"";"";"SOLIGHT WL915";""
"SOL_WO824";"";"Solight LED osvetlenie Adrano s ochranou proti vlhkosti, IP54, 28W, 2380lm, 3CCT, 23cm";"321a6e02-92d6-11f1-ae67-bc24110eff41";"";"8592718042196";"";"";"Elektroinštalačný materiál > Osvetlenie > LED osvetlenie > Interiérové osvetlenie";"Elektroinštalačný materiál > Osvetlenie > LED osvetlenie > Interiérové osvetlenie";"";"";"";"";"";"";"";"";"";"Solight WO824";""
"SOL_PX04";"";"Solight vonkajšie ochranné puzdro na káble, IP44";"3224e8c8-92d6-11f1-b900-bc24110eff41";"";"8592718036478";"";"";"Elektroinštalačný materiál > Ostatné > 230V > Držiaky zásuviek";"Elektroinštalačný materiál > Ostatné > 230V > Držiaky zásuviek";"";"";"";"";"";"";"";"";"";"SOLIGHT Ochranné púzdro na káble IP44 PX04";""
"SOL_TE110B";"";"Solight meteostanica, farba čierna";"32302c06-92d6-11f1-a9c9-bc24110eff41";"";"8592718042158";"";"";"Domáce spotrebiče > Malé spotrebiče > Meteostanice";"Domáce spotrebiče > Malé spotrebiče > Meteostanice";"";"";"";"";"";"";"";"";"";"SOLIGHT TE110B";""
"SOL_DA44";"";"Solight nabíjačka USB-C, 90W, PD fast charger";"327c1dc8-92d6-11f1-93e9-bc24110eff41";"";"8592718039967";"";"";"Fotovoltaika a energie > Napájacie zdroje > Nabíjačky notebookov";"Fotovoltaika a energie > Napájacie zdroje > Nabíjačky notebookov";"";"";"";"";"";"";"";"";"";"Avacom adaptér pro notebooky 19V 4,74A 90W rovný konektor 5,5mm x 2,5mm, ADAC-19V-A90W - neoriginálny";""
"SOL_WO825";"";"Solight LED osvetlenie Acate s ochranou proti vlhkosti, IP54, 18W, 1620lm, 3CCT, 22cm, strieborná";"32923680-92d6-11f1-be1e-bc24110eff41";"";"8592718042202";"";"";"Elektroinštalačný materiál > Osvetlenie > LED osvetlenie > Interiérové osvetlenie";"Elektroinštalačný materiál > Osvetlenie > LED osvetlenie > Interiérové osvetlenie";"";"";"";"";"";"";"";"";"";"Solight WO825";""
"SOL_WO828-CR";"";"Solight LED kúpeľňové osvetlenie nad zrkadlo 3v1, 12W, 780lm, 4000K, IP44, 60cm, chróm";"329cd25c-92d6-11f1-9484-bc24110eff41";"";"8592718043285";"";"";"Elektroinštalačný materiál > Osvetlenie > LED osvetlenie > Kúpeľňové osvetlenie";"Elektroinštalačný materiál > Osvetlenie > LED osvetlenie > Kúpeľňové osvetlenie";"";"";"";"";"";"";"";"";"";"Solight WO828-BLK";""
"SOL_WN45";"";"Solight LED nabíjací zadné cyklo svetlo, 3W COB, nabíjací, Li-Ion";"32a76c76-92d6-11f1-bc74-bc24110eff41";"";"8592718034146";"";"";"Elektroinštalačný materiál > Osvetlenie > Svietidlá > Nabíjacie";"Elektroinštalačný materiál > Osvetlenie > Svietidlá > Nabíjacie";"";"";"";"";"";"";"";"";"";"Solight WN45 Led 3W COB Li-Ion zadné čierne/červene";""
"SOL_CA08B-B";"";"Solight digitální hodiny s bluetooth synchronizáciou";"32e7bfa6-92d6-11f1-9e13-bc24110eff41";"";"8592718047887";"";"";"Domáce spotrebiče > Malé spotrebiče > Meteostanice";"Domáce spotrebiče > Malé spotrebiče > Meteostanice";"";"";"";"";"";"";"";"";"";"Solight CA08B-B";""
"SOL_SSN5500E";"";"Solight anténny COAX konektor priamy - typ Taliansko, 10ks, sáčok";"33090a62-92d6-11f1-a3dc-bc24110eff41";"";"8595092115449";"";"";"TV, audio a video > AV káble > Anténa > Konektory a redukcie > COAX";"TV, audio a video > AV káble > Anténa > Konektory a redukcie > COAX";"";"";"";"";"";"";"";"";"";"Telkom Telmor Anténny konektor IEC GNI0255.1";""
"SOL_PA01-CH";"";"Solight cestovný adaptér do Švajčiarska, typ J";"33611586-92d6-11f1-acf3-bc24110eff41";"";"8592718002152";"";"";"Elektroinštalačný materiál > Cestovné adaptéry";"Elektroinštalačný materiál > Cestovné adaptéry";"";"";"";"";"";"";"";"";"";"Solight PA01-CH";""
"SOL_SSN5600E";"";"Solight anténny COAX zdierka priama - typ Taliansko, 10ks, sáčok";"3389e13c-92d6-11f1-af8d-bc24110eff41";"";"8595092115456";"";"";"TV, audio a video > AV káble > Anténa > Konektory a redukcie > COAX";"TV, audio a video > AV káble > Anténa > Konektory a redukcie > COAX";"";"";"";"";"";"";"";"";"";"COAX spojka, COAX zdierka - COAX konektor, 1ks ZLA0468-2";""
"SOL_SD01";"";"Solight sušiak na topánky";"33b28574-92d6-11f1-982a-bc24110eff41";"";"8592718042011";"";"";"Domáce spotrebiče > Malé spotrebiče > Vzduchotechnika > Sušiaky";"Domáce spotrebiče > Malé spotrebiče > Vzduchotechnika > Sušiaky";"";"";"";"";"";"";"";"";"";"V0100909 InnovaGoods Elektrický sušič topánok";""
"SOL_PP147";"";"Solight 4z predlžovací prívod, 2m, 3 x 1mm2, biely, vypínač";"33c9987c-92d6-11f1-84eb-bc24110eff41";"";"8592718036416";"";"";"Elektroinštalačný materiál > Predlžovacie káble a zásuvky > Viaczásuvkové > Ostatné";"Elektroinštalačný materiál > Predlžovacie káble a zásuvky > Viaczásuvkové > Ostatné";"";"";"";"";"";"";"";"";"";"Solight PP147";""
"SOL_P101B";"";"Solight rozbočovač s podperou, 3 x 10A, matný čierny";"33dec3f0-92d6-11f1-a12c-bc24110eff41";"";"8592718047474";"";"";"Elektroinštalačný materiál > Ostatné > 230V > Rozbočky";"Elektroinštalačný materiál > Ostatné > 230V > Rozbočky";"";"";"";"";"";"";"";"";"";"Solight P101B";""
"SOL_WO3102";"";"Solight kovový okrúhly lampáš so žiarovkou s micro LED, teplá biela, medená, 3xAA, 19cm";"33f3f658-92d6-11f1-9836-bc24110eff41";"";"8592718037208";"";"";"Elektroinštalačný materiál > Osvetlenie > Svietidlá > Lampáše";"Elektroinštalačný materiál > Osvetlenie > Svietidlá > Lampáše";"";"";"";"";"";"";"";"";"";"Solight WO3102";""
"SOL_PA01-IT";"";"Solight cestovný adaptér do Talianska, typ L";"340120e4-92d6-11f1-b51d-bc24110eff41";"";"8592718002169";"";"";"Elektroinštalačný materiál > Cestovné adaptéry";"Elektroinštalačný materiál > Cestovné adaptéry";"";"";"";"";"";"";"";"";"";"Solight PA01-IT";""
"SOL_WO8016";"";"Solight LED osvetlenie s diaľkovým ovládačom Larios Black, 48W, 3360lm, 39cm, zmena chromatickosti, stmievateľná";"344d0978-92d6-11f1-986d-bc24110eff41";"";"8592718039172";"";"";"Elektroinštalačný materiál > Osvetlenie > LED osvetlenie > Interiérové osvetlenie";"Elektroinštalačný materiál > Osvetlenie > LED osvetlenie > Interiérové osvetlenie";"";"";"";"";"";"";"";"";"";"Solight WO8016";""
"SOL_PP03X";"";"Solight predlžovací prívod 3m, 3 zásuvky, 16A/3680W, PVC, biely";"3461d466-92d6-11f1-9035-bc24110eff41";"";"8592718034443";"";"";"Elektroinštalačný materiál > Predlžovacie káble a zásuvky > Viaczásuvkové > Klasické";"Elektroinštalačný materiál > Predlžovacie káble a zásuvky > Viaczásuvkové > Klasické";"";"";"";"";"";"";"";"";"";"Solight PP03X";""
"SOL_CA07W";"";"Solight budík s Qi bezdrôtovú nabíjačkou";"346bdc0e-92d6-11f1-a6d9-bc24110eff41";"";"8592718042080";"";"";"Domáce spotrebiče > Malé spotrebiče > Meteostanice";"Domáce spotrebiče > Malé spotrebiče > Meteostanice";"";"";"";"";"";"";"";"";"";"Solight CA07W";""
"SOL_1L80";"";"Solight bezdrôtový zvonček, do zásuvky, 180m, biely, learning code";"347619e4-92d6-11f1-844a-bc24110eff41";"";"8592718034801";"";"";"Elektroinštalačný materiál > Zvončeky";"Elektroinštalačný materiál > Zvončeky";"";"";"";"";"";"";"";"";"";"Solight bezdrátový zvonek 1L80";""
"SOL_WO3103";"";"Solight kovový oválny lampáš so žiarovkou s micro LED, teplá biela, medená, 3xAA, 18cm";"34978566-92d6-11f1-9f96-bc24110eff41";"";"8592718037215";"";"";"Elektroinštalačný materiál > Osvetlenie > Svietidlá > Lampáše";"Elektroinštalačný materiál > Osvetlenie > Svietidlá > Lampáše";"";"";"";"";"";"";"";"";"";"Solight WO3103";""
"KB_410210705387";"";"HP 655 Magenta, CZ111AE";"3cf6f666-9375-11f1-89b1-bc24110eff41";"";"886112660741";"";"";"TV, audio a video > Počítače a príslušenstvo > Tlačiarne a skenery > Atramenty";"TV, audio a video > Počítače a príslušenstvo > Tlačiarne a skenery > Atramenty";"";"";"";"";"";"";"";"";"";"HP CZ111AE - originálny";""
"AT_BL3A";"";"Napájecí zdroj spínaný BLOW 12V 3A konektor 2,1/5,5";"786f6762-93db-11f1-93ad-bc2411833e01";"";"5900804081135";"";"";"Bezpečnosť a smart domácnosť > Kamerové systémy > PRÍSLUŠENSTVO > Napájacie zdroje";"TV, audio a video > Antény a satelity > Servis > Náhradné diely";"Bezpečnosť a smart domácnosť > Kamerové systémy > PRÍSLUŠENSTVO > Napájacie zdroje";"";"";"";"";"";"";"";"";"Blow LXG804 12V/3A";""
"AT_CMP-12035";"";"Cyklotaška nad rám přední vidlice + držák na telefon/mapu 6,3"" COMPASS";"7b41464a-93db-11f1-909e-bc2411833e01";"";"8591686120356";"";"";"Šport, hračky a voľný čas > Cyklistika > Cyklotašky";"Šport, hračky a voľný čas > Cyklistika > Cyklotašky";"";"";"";"";"";"";"";"";"";"Compass Bike Cyklonad rám prednej vidlice + PHONE 6 3""";""
"AT_TIP-04280210";"";"Solární regulátor MPPT Victron Energy SmartSolar 250V/60A-Tr";"7bbc381e-93db-11f1-8013-bc2411833e01";"";"8719076050841";"";"";"Fotovoltaika a energie > Fotovoltaika > Solárne regulátory > Solárne regulátory MPPT";"Fotovoltaika a energie > Fotovoltaika > Solárne regulátory > Solárne regulátory MPPT";"";"";"";"";"";"";"";"";"";"Victron SmartSolar 250 / 60 - Tr MPPT";""
"AT_EMO2335076014";"";"Kabel USB-C 2.0 / Lighting MFi, EMOS SM7015W, 1 m, bílý";"7cdba568-93db-11f1-952b-bc2411833e01";"";"8592920118443";"";"";"TV, audio a video > Mobily a tablety > USB káble > USB-C káble";"TV, audio a video > Mobily a tablety > USB káble > USB-C káble";"";"";"";"";"";"";"";"";"";"Emos SM7015W";""
"AT_MS-WT 7400";"";"Hodiny nástěnné TechnoLine WT 7400";"7cf92b88-93db-11f1-8cb8-bc2411833e01";"";"4029665074009";"";"";"Domáce spotrebiče > Malé spotrebiče > Hodiny a budíky > Hodiny";"Domáce spotrebiče > Malé spotrebiče > Hodiny a budíky > Hodiny";"";"";"";"";"";"";"";"";"";"TechnoLine WT 7400";""
"AT_LEC-RBA-3001-S7";"";"Guma posilovací REBEL ACTIVE RBA-3001-S7 TPE sada cvičebních pásů - Power Band PT-S7, 4-82 kg, 5 pásů";"7d32a070-93db-11f1-8588-bc2411833e01";"";"5901890123686";"";"";"Šport, hračky a voľný čas > Posilňovanie a fitness > Pomôcky na cvičenie > Gumy a pásy na cvičenie";"Šport, hračky a voľný čas > Posilňovanie a fitness > Pomôcky na cvičenie > Pomôcky na cvičenie doma";"Šport, hračky a voľný čas > Posilňovanie a fitness > Pomôcky na cvičenie > Gumy a pásy na cvičenie";"";"";"";"";"";"";"";"";"Rebel RBA 3001 TPE Power Band PT S7";""
"AT_CMP-13481";"";"Stůl kempingový skládací Cattara 13481 BLED";"7f104726-93db-11f1-b813-bc2411833e01";"";"8591686134810";"";"";"Šport, hračky a voľný čas > Turistika > Kempingové stoly, stoličky, ležadlá";"Auto-moto > Karavany a obytná autá > Kempingový nábytok";"Šport, hračky a voľný čas > Turistika > Kempingové stoly, stoličky, ležadlá";"";"";"";"";"";"";"";"";"Cattara BLED kempingový skladací 60×120×70 cm 13481";""
"AT_LEC-KM1266";"";"Kabel HDMI-HDMI 2.1 8K 3 m Kruger&Matz";"824bad36-93db-11f1-8910-bc2411833e01";"";"5901890069410";"";"";"TV, audio a video > AV káble > HDMI káble";"TV, audio a video > AV káble > HDMI káble";"";"";"";"";"";"";"";"";"";"Kruger & Matz KM1266";""
"AT_ABT-5087620";"";"Prodlužovací přívod do Racku Acar S8 FA, přepěťová ochrana";"83bd69c0-93db-11f1-842a-bc2411833e01";"";"5904743366407";"";"";"TV, audio a video > Počítače a príslušenstvo > Rackové skrine a príslušenstvo > Príslušenstvo > Napájacie lišty";"TV, audio a video > Počítače a príslušenstvo > Rackové skrine a príslušenstvo > Príslušenstvo > Napájacie lišty";"";"";"";"";"";"";"";"";"";"ACAR S8 3m, 8 zásuvek";""
"AT_LEC-RBA-3225-PU";"";"Bedýnka na step REBEL ACTIVE RBA-3225-PU";"8ea7d9f6-93db-11f1-9898-bc2411833e01";"";"5901890100069";"";"";"Šport, hračky a voľný čas > Posilňovanie a fitness > Stepy a steppery";"Šport, hračky a voľný čas > Posilňovanie a fitness > Stepy a steppery";"";"";"";"";"";"";"";"";"";"REBEL RBA-3225-PU Active";""
"AT_LEC-ZLA0110";"";"Převodník SCART na HDMI";"904adaba-93db-11f1-932b-bc2411833e01";"";"5901890058391";"";"";"TV, audio a video > Príslušenstvo > HDMI prevodníky";"TV, audio a video > Príslušenstvo > HDMI prevodníky";"";"";"";"";"";"";"";"";"";"Prevodník SCART - HDMI ZLA0110";""
"AT_LEC-UCH0184";"";"Cabletech UCH0184";"90cfb4ec-93db-11f1-b04e-bc2411833e01";"";"5901890007498";"";"";"TV, audio a video > TV stolíky a držiaky > S náklonem";"TV, audio a video > TV stolíky a držiaky > S náklonem";"";"";"";"";"";"";"";"";"";"OMNIMOUNT CL-M 23-42";""
"AT_IST-ANTTA10P002";"";"TESLA TE-346 venkovní DVB-T2 anténa";"938bccca-93db-11f1-9112-bc2411833e01";"";"8594163275716";"";"";"TV, audio a video > Antény a satelity > ANTÉNY > TV antény vonkajšie";"TV, audio a video > Antény a satelity > ANTÉNY > TV antény vonkajšie";"";"";"";"";"";"";"";"";"";"Tesla TE-346";""
"AT_DOALIEN2";"";"Alien 4v1 programovatelný dálkový ovladač";"9403f1be-93db-11f1-8cf0-bc2411833e01";"";"5901890012935";"";"";"TV, audio a video > Diaľkové ovládače > Univerzálne ovládače > Programovatelné";"TV, audio a video > Diaľkové ovládače > Univerzálne ovládače > Programovatelné";"";"";"";"";"";"";"";"";"";"Diaľkový ovládač Cabletech PIL1023";""
"AT_EMO3010003015";"";"EMOS EM-10AHD monitor videotelefonu 7"" LCD /H3015/";"94c91ba6-93db-11f1-93a3-bc2411833e01";"";"8592920091326";"";"";"Bezpečnosť a smart domácnosť > Kamerové systémy > Domové videotelefony > Analogové";"Bezpečnosť a smart domácnosť > Kamerové systémy > Domové videotelefony > Analogové";"";"";"";"";"";"";"";"";"";"Emos H3015";""
"AT_MS-WT 265";"";"Budík digitální TechnoLine WT 265 s teploměrem";"97cc9490-93db-11f1-8f70-bc2411833e01";"";"4029665102658";"";"";"Domáce spotrebiče > Malé spotrebiče > Hodiny a budíky > Budíky";"Domáce spotrebiče > Malé spotrebiče > Hodiny a budíky > Budíky";"";"";"";"";"";"";"";"";"";"Techno Line WT 265";""
"AT_ATO-3010002060";"";"Sada domovního videotelefonu EMOS EM-04Z 2WIRE /H2060/";"981b6570-93db-11f1-b759-bc2411833e01";"";"8592920147146";"";"";"Bezpečnosť a smart domácnosť > Kamerové systémy > Domové videotelefony > Analogové";"Bezpečnosť a smart domácnosť > Kamerové systémy > Domové videotelefony > Analogové";"";"";"";"";"";"";"";"";"";"Emos EM-04Z 2WIRE H2060";""
"AT_EMO3069052050";"";"GoSmart bezdrátový dveřní senzor EMOS IP-2011Z, ZigBee";"98b84408-93db-11f1-93a3-bc2411833e01";"";"8592920156506";"";"";"Bezpečnosť a smart domácnosť > Smart domácnosť > Príslušenstvo";"Bezpečnosť a smart domácnosť > Smart domácnosť > Príslušenstvo";"";"";"";"";"";"";"";"";"";"GoSmart IP-2011Z";""
"AT_LEC-RBA-5100";"";"Přenosná turistická toaleta Rebel Active RBA-5100, 20 l / 12 l";"9a12a2f8-93db-11f1-b80e-bc2411833e01";"";"5901890130110";"";"";"Šport, hračky a voľný čas > Turistika > Cestování a outdoor";"Šport, hračky a voľný čas > Turistika > Turistické vybavenie";"Auto-moto > Karavany a obytná autá > Ostatné doplnky";"Šport, hračky a voľný čas > Turistika > Cestování a outdoor";"";"";"";"";"";"";"";"Rebel RBA-5100";""
"AT_LEC-RBA-5102";"";"Přenosná turistická toaleta Rebel Active RBA-5102, 24 l / 20 l";"9a5ee8ca-93db-11f1-8620-bc2411833e01";"";"5901890130134";"";"";"Šport, hračky a voľný čas > Turistika > Cestování a outdoor";"Šport, hračky a voľný čas > Turistika > Turistické vybavenie";"Auto-moto > Karavany a obytná autá > Ostatné doplnky";"Šport, hračky a voľný čas > Turistika > Cestování a outdoor";"";"";"";"";"";"";"";"Rebel RBA-5102";""
"AT_LEV-83840";"";"Průmyslový endoskop Ermenrich Seek VE70 Fialový";"9c42e466-93db-11f1-a4aa-bc2411833e01";"";"5905555021539";"";"";"Bezpečnosť a smart domácnosť > Kamerové systémy > Inspekční kamery, endoskopy";"Náradie a dielňa > MERACIE TECHNIKA > Inspekční kamery, endoskopy";"Bezpečnosť a smart domácnosť > Kamerové systémy > Inspekční kamery, endoskopy";"";"";"";"";"";"";"";"";"Ermenrich Seek VE70";""
"AT_ISO-00010179";"";"Stan plážový Trizand 10179 samorozkládací";"9d0ae20e-93db-11f1-9389-bc2411833e01";"";"5900779936300";"";"";"Šport, hračky a voľný čas > Turistika > Stany";"Šport, hračky a voľný čas > Turistika > Stany";"";"";"";"";"";"";"";"";"";"Malatec 10179 sivo-tyrkysový";""
"AT_ATO-SAMP42222WT";"";"NEDIS SAMP42222WT domovní zesilovač (1x vstup, 2x výstup)";"9d23855c-93db-11f1-845e-bc2411833e01";"";"5412810469055";"";"";"TV, audio a video > Antény a satelity > ZOSILŇOVAČE > Domové";"TV, audio a video > Antény a satelity > ZOSILŇOVAČE > Domové";"";"";"";"";"";"";"";"";"";"Nedis SAMP42244WT";""
"AT_EMO1032226213";"";"Nabíjecí baterie GP Recharge 2100 AA (HR6), 6kusů --CENA BLISTR--";"9d971a76-93db-11f1-8fdf-bc2411833e01";"";"4891199234668";"";"";"Fotovoltaika a energie > Akumulátory a batérie > NiMh nabíjacie akumulátory > AA ceruzkové";"Fotovoltaika a energie > Akumulátory a batérie > NiMh nabíjacie akumulátory > AA ceruzkové";"";"";"";"";"";"";"";"";"";"GP Recharge HR6 (AA) 2100mAh 4+2ks B27216";""
"AT_LEC-RBA-6002-GL";"";"Akupresurní podložka s polštářem REBEL ACTIVE RBA-6002-GL";"a4ac5fd8-93db-11f1-ac51-bc2411833e01";"";"5901890114271";"";"";"Šport, hračky a voľný čas > Posilňovanie a fitness > Podložky";"Šport, hračky a voľný čas > Zdravotní potreby > Masážne nástroje";"Šport, hračky a voľný čas > Posilňovanie a fitness > Podložky";"";"";"";"";"";"";"";"";"Rebel RBA-6002-GL";""
"AT_LEC-RB-4027";"";"Zdroj záložní REBEL POWER 800 LFP4 RB-4027 500W 12V";"a4b91764-93db-11f1-b868-bc2411833e01";"";"5901890116336";"";"";"Fotovoltaika a energie > Záložné zdroje a UPS > Záložné zdroje pre oběhová čerpadlá";"Fotovoltaika a energie > Záložné zdroje a UPS > Záložné zdroje pre oběhová čerpadlá";"";"";"";"";"";"";"";"";"";"Rebel POWER-800-LFP4";""
"AT_LEC-RBA-3107-3";"";"Medicinbal REBEL ACTIVE RBA-3107-3 35cm 3kg";"a537cc80-93db-11f1-be3f-bc2411833e01";"";"5901890099370";"";"";"Šport, hračky a voľný čas > Posilňovanie a fitness > Pomôcky na cvičenie > Lopty na cvičenie";"Šport, hračky a voľný čas > Posilňovanie a fitness > Pomôcky na cvičenie > Lopty na cvičenie";"";"";"";"";"";"";"";"";"";"Rebel Medicimbal 3 kg";""
"AT_LEC-RBA-3108-3";"";"Medicinbal REBEL ACTIVE RBA-3108-3 Slam Ball 23cm 3kg";"a5442868-93db-11f1-9066-bc2411833e01";"";"5901890099509";"";"";"Šport, hračky a voľný čas > Posilňovanie a fitness > Pomôcky na cvičenie > Lopty na cvičenie";"Šport, hračky a voľný čas > Posilňovanie a fitness > Pomôcky na cvičenie > Lopty na cvičenie";"";"";"";"";"";"";"";"";"";"Rebel Medicimbal 3 kg";""
"AT_EMO3010003010";"";"Sada videotelefonu EMOS EM-10AHD /H3010/ s ukládáním snímků";"ab23dc24-93db-11f1-92fb-bc2411833e01";"";"8592920090329";"";"";"Bezpečnosť a smart domácnosť > Kamerové systémy > Domové videotelefony > Analogové";"Bezpečnosť a smart domácnosť > Kamerové systémy > Domové videotelefony > Analogové";"";"";"";"";"";"";"";"";"";"Emos H3010";""
"AT_LP-BAT1126";"";"Nabíječka gelových baterií VIPOW BAT1126, 12V";"ab89c8fe-93db-11f1-bbf9-bc2411833e01";"";"5901436716402";"";"";"Fotovoltaika a energie > Nabíjačky > Nabíjačky pre olovené akumulátory";"Fotovoltaika a energie > Nabíjačky > Nabíjačky pre olovené akumulátory";"";"";"";"";"";"";"";"";"";"VIPOW BAT1126 12V, 4 - 7,5Ah";""
"AT_LEC-RBA-3062-PU";"";"Jóga válec Dharma REBEL ACTIVE RBA-3062-PU";"ac763f5e-93db-11f1-8680-bc2411833e01";"";"5901890100144";"";"";"Šport, hračky a voľný čas > Posilňovanie a fitness > Pomôcky na cvičenie > Pomôcky na jógu";"Šport, hračky a voľný čas > Posilňovanie a fitness > Pomôcky na cvičenie > Pomôcky na cvičenie doma";"Šport, hračky a voľný čas > Posilňovanie a fitness > Pomôcky na cvičenie > Valce, kolieska a masážne lopty";"Šport, hračky a voľný čas > Posilňovanie a fitness > Pomôcky na cvičenie > Pomôcky na jógu";"";"";"";"";"";"";"";"Rebel Yoga wheeel RBA-3062";""
"AT_LEC-RBA-4105";"";"Skládací síť REBEL ACTIVE pro badminton a další sporty";"b38f7b5c-93db-11f1-a6e1-bc2411833e01";"";"5901890113144";"";"";"Šport, hračky a voľný čas > Sportovní vybavenie > Raketové športy > Badminton";"Šport, hračky a voľný čas > Sportovní vybavenie > Raketové športy > Badminton";"";"";"";"";"";"";"";"";"";"Rebel RBA-4105";""
"AT_TIP-14411329";"";"Předzesilovač anténní Emme Esse 83211TG, na stožár, 5G, 1xlog, +25dB";"b3e88940-93db-11f1-b090-bc2411833e01";"";"8013679024958";"";"";"TV, audio a video > Antény a satelity > ZOSILŇOVAČE > K anténě";"TV, audio a video > Antény a satelity > ZOSILŇOVAČE > K anténě";"";"";"";"";"";"";"";"";"";"Anténny predzosilňovač Emme Esse 83211TG, na stožiar, 5G, 1xlog(DAB+UHF), +25dB";""
"AT_DOHOMBIG";"";"Homatics BIG BÍLÝ dálkový ovladač originální";"b41b85ca-93db-11f1-8c6e-bc2411833e01";"";"8588003817839";"";"";"TV, audio a video > Diaľkové ovládače > Ovládače k multimediálnímu boxu";"TV, audio a video > Diaľkové ovládače > Ovládače k multimediálnímu boxu";"";"";"";"";"";"";"";"";"";"Diaľkový ovládač HOMATICS BIG";""
"AT_TIP-04240570";"";"Nabíječka chytrá Victron Energy BlueSmart 12V/7A IP65+DC konektor";"b44cb00a-93db-11f1-8ae3-bc2411833e01";"";"8719076017943";"";"";"Fotovoltaika a energie > Nabíjačky > Nabíjačky LiFePO4";"Fotovoltaika a energie > Nabíjačky > Nabíjačky pre olovené akumulátory";"Fotovoltaika a energie > Nabíjačky > Nabíjačky LiFePO4";"";"";"";"";"";"";"";"";"Victron Energy BlueSmart 12V/7A IP65";""
"AT_NEO-SJ60000101";"";"Baterie olověná  12V / 25 Ah  Victron Energy AGM Super Cycle Solární";"b48fa02c-93db-11f1-a628-bc2411833e01";"";"8719076041801";"";"";"Fotovoltaika a energie > Akumulátory a batérie > Olovené akumulátory > 12V";"Fotovoltaika a energie > Akumulátory a batérie > Solárne batérie";"Fotovoltaika a energie > Fotovoltaika > Solárne batérie";"Fotovoltaika a energie > Akumulátory a batérie > Olovené akumulátory > 12V";"";"";"";"";"";"";"";"Victron Energy Super Cycle 25Ah BAT412025081";""
"AT_LEC-RBA-2007";"";"Posilovací lavice REBEL ACTIVE RBA-2007";"b5014326-93db-11f1-9600-bc2411833e01";"";"5901890101332";"";"";"Šport, hračky a voľný čas > Posilňovanie a fitness > Pomôcky na cvičenie > Pomôcky na cvičenie břicha";"Šport, hračky a voľný čas > Posilňovanie a fitness > Posilňovacie lavice";"Šport, hračky a voľný čas > Posilňovanie a fitness > Pomôcky na cvičenie > Pomôcky na cvičenie břicha";"";"";"";"";"";"";"";"";"REBEL RBA-2002 Active";""
"AT_LEC-RBA-3107-10";"";"Medicinbal REBEL ACTIVE RBA-3107-10 35cm 10kg";"b50e370c-93db-11f1-8f95-bc2411833e01";"";"5901890102070";"";"";"Šport, hračky a voľný čas > Posilňovanie a fitness > Pomôcky na cvičenie > Lopty na cvičenie";"Šport, hračky a voľný čas > Posilňovanie a fitness > Pomôcky na cvičenie > Lopty na cvičenie";"";"";"";"";"";"";"";"";"";"Rebel Medicimbal 10 kg";""
"AT_LEC-RBA-3107-4";"";"Medicinbal REBEL ACTIVE RBA-3107-4 35cm 4kg";"b51b203e-93db-11f1-a84e-bc2411833e01";"";"5901890099394";"";"";"Šport, hračky a voľný čas > Posilňovanie a fitness > Pomôcky na cvičenie > Lopty na cvičenie";"Šport, hračky a voľný čas > Posilňovanie a fitness > Pomôcky na cvičenie > Lopty na cvičenie";"";"";"";"";"";"";"";"";"";"Rebel Medicimbal 4 kg";""
"AT_LEC-RBA-3108-4";"";"Medicinbal REBEL ACTIVE RBA-3108-4 Slam Ball 23cm 4kg";"b53481c8-93db-11f1-9642-bc2411833e01";"";"5901890099523";"";"";"Šport, hračky a voľný čas > Posilňovanie a fitness > Pomôcky na cvičenie > Lopty na cvičenie";"Šport, hračky a voľný čas > Posilňovanie a fitness > Pomôcky na cvičenie > Lopty na cvičenie";"";"";"";"";"";"";"";"";"";"Rebel Medicimbal 4 kg";""
"AT_LEC-RBA-4003";"";"Sada pálek a míčků pro stolní tenis REBEL ACTIVE RBA-4003";"b541d468-93db-11f1-adeb-bc2411833e01";"";"5901890101028";"";"";"Šport, hračky a voľný čas > Sportovní vybavenie > Raketové športy > Stolové tenis";"Šport, hračky a voľný čas > Sportovní vybavenie > Raketové športy > Stolové tenis";"";"";"";"";"";"";"";"";"";"Rebel sada RBA-4003";""
"AT_TIP-06422926";"";"Gril stolní Teppanyaki NEDIS FCTE110EBK50";"b936ddac-93db-11f1-8a8a-bc2411833e01";"";"5412810268344";"";"";"Domáce spotrebiče > Malé spotrebiče > Grily, pekárne, variče > Elektrické grily";"Domáce spotrebiče > Malé spotrebiče > Grily, pekárne, variče > Elektrické grily";"";"";"";"";"";"";"";"";"";"Nedis FCTE110EBK50";""
"AT_CMP-12037";"";"Cyklotaška nad rám přední vidlice + držák na telefon/mapu 6,7"" COMPASS";"bc0b1e62-93db-11f1-be29-bc2411833e01";"";"8591686120370";"";"";"Šport, hračky a voľný čas > Cyklistika > Cyklotašky";"Šport, hračky a voľný čas > Cyklistika > Cyklotašky";"";"";"";"";"";"";"";"";"";"Compass 12037";""
"AT_EMO1550044028";"";"GoSmart LED vánoční řetěz EMOS D4ZR01, 8 m, venkovní i vnitřní, RGB, programy, časovač, wifi";"bef3504a-93db-11f1-9216-bc2411833e01";"";"8592920121702";"";"";"Bezpečnosť a smart domácnosť > Smart domácnosť > Osvetlenie";"Elektroinštalačný materiál > Osvetlenie > Vianočné dekorácie";"Bezpečnosť a smart domácnosť > Smart domácnosť > Osvetlenie";"";"";"";"";"";"";"";"";"EMOS Lighting GoSmart LED vianočná reťaz 8 m vonkajšia aj vnútorná RGB programy časovač wifi";""
"AT_LEV-82937";"";"Planetárium UFO Levenhuk LabZZ SP50";"bf1e5416-93db-11f1-9af5-bc2411833e01";"";"5905555017754";"";"";"Šport, hračky a voľný čas > Ďalekohľady > Príslušenstvo";"Šport, hračky a voľný čas > Ďalekohľady > Príslušenstvo";"";"";"";"";"";"";"";"";"";"Levenhuk LabZZ SP50 UFO Planetárium 82937";""
"AT_LEC-RBA-5000-L";"";"Nesmeky na boty REBEL ACTIVE RBA-5000-L ( 40 - 43 )";"c5a7ddc0-93db-11f1-9a44-bc2411833e01";"";"5901890101813";"";"";"Šport, hračky a voľný čas > Turistika > Turistické vybavenie";"Šport, hračky a voľný čas > Turistika > Turistické vybavenie";"";"";"";"";"";"";"";"";"";"REBEL ACTIVE RBA-5000";""
"AT_EMO1604842301";"";"Nabíječka baterií GP ReCyko B423 4× AA GP ReCyko 2100 mAh";"c9f799b0-93db-11f1-ac33-bc2411833e01";"";"4891199235146";"";"";"Fotovoltaika a energie > Akumulátory a batérie > NiMh nabíjacie akumulátory > AA ceruzkové";"Fotovoltaika a energie > Nabíjačky > Nabíjačky NiCd, NiMh, NiZn";"Fotovoltaika a energie > Akumulátory a batérie > NiMh nabíjacie akumulátory > AA ceruzkové";"";"";"";"";"";"";"";"";"GP B50434, nabíjačka batérií ReCyko B423, 4× AA GP ReCyko 2100 mAh B50434";""
"AT_LEV-86485";"";"Wi-Fi fotookulár Levenhuk Kelvin WFP25";"cd33745a-93db-11f1-9074-bc2411833e01";"";"5905555027869";"";"";"Šport, hračky a voľný čas > Ďalekohľady > Digitálne fotoaparáty";"Šport, hračky a voľný čas > Ďalekohľady > Príslušenstvo";"Šport, hračky a voľný čas > Ďalekohľady > Digitálne fotoaparáty";"";"";"";"";"";"";"";"";"Levenhuk Kelvin WFP25 5905555027869";""
"AT_ATO-3024040730";"";"Kamera EMOS IP-1150 SNAP /H4073/ GoSmart venkovní bateriová s Wi-Fi a solárním panelem";"cd97d350-93db-11f1-8e85-bc2411833e01";"";"8592920156452";"";"";"Bezpečnosť a smart domácnosť > Smart domácnosť > IP kamery";"Bezpečnosť a smart domácnosť > Kamerové systémy > IP SMART kamery";"Bezpečnosť a smart domácnosť > Smart domácnosť > IP kamery";"";"";"";"";"";"";"";"";"Emos GoSmart H4073";""
"AT_ATO-3024040740";"";"Kamera EMOS IP-1300 LANTERN /4074/ GoSmart venkovní otočná s WiFi a světlem, černá";"cda49e1e-93db-11f1-ad05-bc2411833e01";"";"8592920156469";"";"";"Bezpečnosť a smart domácnosť > Smart domácnosť > IP kamery";"Bezpečnosť a smart domácnosť > Kamerové systémy > IP SMART kamery";"Bezpečnosť a smart domácnosť > Smart domácnosť > IP kamery";"";"";"";"";"";"";"";"";"EMOS H4074";""
"AT_IST-DOVTE00102";"";"TESLA MediaBox XT850 - originální dálkové ovládání";"ce7200ca-93db-11f1-9b86-bc2411833e01";"";"8595689812041";"";"";"TV, audio a video > Diaľkové ovládače > Ovládače k multimediálnímu boxu";"TV, audio a video > Diaľkové ovládače > Ovládače k multimediálnímu boxu";"";"";"";"";"";"";"";"";"";"Diaľkový ovládač TESLA MEDIABOX XT850";""
"AT_LEV-83837";"";"Průmyslový endoskop Ermenrich Seek VE40 Fialový";"cec009f0-93db-11f1-b724-bc2411833e01";"";"5905555021508";"";"";"Bezpečnosť a smart domácnosť > Kamerové systémy > Inspekční kamery, endoskopy";"Náradie a dielňa > MERACIE TECHNIKA > Inspekční kamery, endoskopy";"Bezpečnosť a smart domácnosť > Kamerové systémy > Inspekční kamery, endoskopy";"";"";"";"";"";"";"";"";"Ermenrich Seek VE40";""
"AT_LEV-83839";"";"Průmyslový endoskop Ermenrich Seek VE60 Fialový";"ceccc9c4-93db-11f1-a11e-bc2411833e01";"";"5905555021522";"";"";"Bezpečnosť a smart domácnosť > Kamerové systémy > Inspekční kamery, endoskopy";"Náradie a dielňa > MERACIE TECHNIKA > Inspekční kamery, endoskopy";"Bezpečnosť a smart domácnosť > Kamerové systémy > Inspekční kamery, endoskopy";"";"";"";"";"";"";"";"";"Ermenrich Seek VE60";""
"AT_ATO-KM0857";"";"Nabíječka USB KRUGER & MATZ KM0857 GaN 65W";"d15bd392-93db-11f1-bbfb-bc2411833e01";"";"5901890107105";"";"";"TV, audio a video > Mobily a tablety > GSM nabíjačky";"Fotovoltaika a energie > Napájacie zdroje > Adaptéry USB";"TV, audio a video > Mobily a tablety > GSM nabíjačky";"";"";"";"";"";"";"";"";"Kruger&Matz KM0857";""
"AT_LEC-RBA-1016";"";"Spinningové kolo REBEL ACTIVE RBA-1016";"d212415e-93db-11f1-b1b9-bc2411833e01";"";"5901890115452";"";"";"Šport, hračky a voľný čas > Posilňovanie a fitness > Trenažéry > Spinningová kolesá";"Šport, hračky a voľný čas > Posilňovanie a fitness > Trenažéry > Spinningová kolesá";"";"";"";"";"";"";"";"";"";"REBEL RBA-1016";""
"AT_ATO-2107956100";"";"Ventilátor EMOS P56EXT1 rozšířující radiátorový set BEZ ZDROJE";"d2413c16-93db-11f1-bc12-bc2411833e01";"";"8592920138052";"";"";"Domáce spotrebiče > Malé spotrebiče > Vzduchotechnika > Vykurovanie";"Domáce spotrebiče > Malé spotrebiče > Vzduchotechnika > Ventilátory";"Domáce spotrebiče > Malé spotrebiče > Vzduchotechnika > Vykurovanie";"";"";"";"";"";"";"";"";"Emos P56EXT1";""
"AT_EMO1551550000";"";"LED ambientní RGB GoSmart osvětlení EMOS ZTV55 za TV 55“ (139 cm)";"d297b5be-93db-11f1-9c83-bc2411833e01";"";"8592920138809";"";"";"Bezpečnosť a smart domácnosť > Smart domácnosť > Osvetlenie";"Bezpečnosť a smart domácnosť > Smart domácnosť > Osvetlenie";"";"";"";"";"";"";"";"";"";"Emost ZTV55";""
"AT_HAD-V153B";"";"Elektrická pánev do auta 20cm x 4cm 150W 12V";"d45a5000-93db-11f1-b5b9-bc2411833e01";"";"5903293025321";"";"";"Domáce spotrebiče > Malé spotrebiče > Fritézy a hrnce > Elektrické panvice";"Auto-moto > Vybavenie auta > Cestovné doplnky";"Auto-moto > Karavany a obytná autá > Grily a variče";"Domáce spotrebiče > Malé spotrebiče > Fritézy a hrnce > Elektrické panvice";"";"";"";"";"";"";"";"Elektrická panvica do auta 20cm x 4cm 150W 12V";""
"AT_ABT-A500004469";"";"MikroTik napájecí adaptér 24V 1,2A 29W, rovný konektor";"d657bee2-93db-11f1-b3ea-bc2411833e01";"";"8592457198956";"";"";"Bezpečnosť a smart domácnosť > Kamerové systémy > PRÍSLUŠENSTVO > Napájacie zdroje";"Bezpečnosť a smart domácnosť > Kamerové systémy > PRÍSLUŠENSTVO > Napájacie zdroje";"";"";"";"";"";"";"";"";"";"MikroTik Napájecí zdroj 24 V, 1,2 A pro RB (29W/spínaný)";""
"AT_ITR-00018114";"";"Koloběžka Spidoo Kruzzel 25630 fialová";"d991212a-93db-11f1-a553-bc2411833e01";"";"5900779955844";"";"";"Šport, hračky a voľný čas > Sportovní vybavenie > Kolobežky";"Šport, hračky a voľný čas > Sportovní vybavenie > Kolobežky";"";"";"";"";"";"";"";"";"";"Kruzzel 25630 Spidoo";""
"AT_ITR-00016890";"";"Digitální fotoaparát Kruzzel AC22295 modrý";"d9e07f2c-93db-11f1-a447-bc2411833e01";"";"5900779944756";"";"";"TV, audio a video > Počítače a príslušenstvo > Foto a kamery";"TV, audio a video > Počítače a príslušenstvo > Foto a kamery";"";"";"";"";"";"";"";"";"";"Kruzzel 22295";""
"AT_CMP-06512";"";"Termotaška Compass na opěrku hlavy 5l";"db3ad0a2-93db-11f1-add7-bc2411833e01";"";"8591686065121";"";"";"Šport, hračky a voľný čas > Turistika > Chladiace tašky a boxy";"Auto-moto > Vybavenie auta > Cestovné doplnky";"Auto-moto > Karavany a obytná autá > Autochladničky";"Auto-moto > Prenosné lednice";"Šport, hračky a voľný čas > Turistika > Chladiace tašky a boxy";"";"";"";"";"";"";"Compass 5 l";""
"AT_ABL-30-B1-513";"";"Boxerská helma DBX BUSHIDO ARH-2190-B M";"db6daf5e-93db-11f1-affa-bc2411833e01";"";"5902539019582";"";"";"Šport, hračky a voľný čas > Bojové športy > Chrániče";"Šport, hračky a voľný čas > Bojové športy > Chrániče";"";"";"";"";"";"";"";"";"";"DBX Bushido ARH-2190-B";""
"AT_LEC-BAT0509";"";"Baterie motocyklová 12V / 25Ah Vipow";"dba954e6-93db-11f1-acaa-bc2411833e01";"";"5901890116053";"";"";"Fotovoltaika a energie > Akumulátory a batérie > Olovené akumulátory > 12V";"Fotovoltaika a energie > Akumulátory a batérie > Autobatérie";"Auto-moto > Nabíjanie > Autobatérie";"Fotovoltaika a energie > Akumulátory a batérie > Olovené akumulátory > 12V";"";"";"";"";"";"";"";"Vipow 12V 12Ah";""
"AT_IST-KAMAMSET4900";"";"AMIKO WIFI KIT - kamerový SET 4900";"e159e342-93db-11f1-9968-bc2411833e01";"";"5999883025567";"";"";"Bezpečnosť a smart domácnosť > Kamerové systémy > Kamerové sety";"Bezpečnosť a smart domácnosť > Kamerové systémy > Kamerové sety";"";"";"";"";"";"";"";"";"";"Amiko WiFi Camera Kit 4900";""
"AT_CMP-07166";"";"Powerbanka Compass 07166 JUMP STARTER 8.000mAh 500A + kompresor";"e16640a6-93db-11f1-bdf0-bc2411833e01";"";"8591686071665";"";"";"Fotovoltaika a energie > Záložné zdroje a UPS > Powerbanky";"Auto-moto > Garáž, Dielňa, Servis > Kompresory, hustilky";"Auto-moto > Nabíjanie > Nabíjačky a štartovacie boxy";"Fotovoltaika a energie > Záložné zdroje a UPS > Powerbanky";"";"";"";"";"";"";"";"Compass Powerbanka 10.000mAh 600A 07163";""
"AT_ABL-30-B1-519";"";"Chrániče holení DBX BUSHIDO SP-10v3 L";"e21dac1e-93db-11f1-9201-bc2411833e01";"";"5902539014549";"";"";"Šport, hračky a voľný čas > Bojové športy > Chrániče holenie";"Šport, hračky a voľný čas > Bojové športy > Chrániče holenie";"";"";"";"";"";"";"";"";"";"DBX Bushido JAPAN DBD-SP-10v3";""
"AT_ABL-30-B1-520";"";"Chrániče holení DBX BUSHIDO SP-10v3 XL";"e22d065a-93db-11f1-b92c-bc2411833e01";"";"5902539014556";"";"";"Šport, hračky a voľný čas > Bojové športy > Chrániče holenie";"Šport, hračky a voľný čas > Bojové športy > Chrániče holenie";"";"";"";"";"";"";"";"";"";"DBX Bushido JAPAN DBD-SP-10v3";""
"AT_ABL-30-B1-612";"";"Zátěžový / tréninkový postroj DBX BUSHIDO DBX P1 Strenght Harness";"e2767510-93db-11f1-88b1-bc2411833e01";"";"5902539016055";"";"";"Šport, hračky a voľný čas > Bojové športy > Príslušenstvo";"Šport, hračky a voľný čas > Bojové športy > Príslušenstvo";"";"";"";"";"";"";"";"";"";"DBX BUSHIDO Strenght Harness";""
"AT_TIP-08855111";"";"COMPASS 09151 hustilka nožní s manometrem jednopístová";"e33b60be-93db-11f1-9a1f-bc2411833e01";"";"8591686091519";"";"";"Šport, hračky a voľný čas > Cyklistika > Pumpy na kolo";"Šport, hračky a voľný čas > Cyklistika > Pumpy na kolo";"";"";"";"";"";"";"";"";"";"COMPASS 09151";""
"AT_MS-TX108DTH";"";"Bezdrátové čidlo Technoline TX108DTH pro WS9252";"e3f67598-93db-11f1-9d72-bc2411833e01";"";"4029665701080";"";"";"Domáce spotrebiče > Malé spotrebiče > Meteostanice > Bezdrátová čidlá";"Domáce spotrebiče > Malé spotrebiče > Meteostanice > Bezdrátová čidlá";"";"";"";"";"";"";"";"";"";"čidlo TECHNOLINE WS 9252";""
"AT_LEV-81407";"";"Detektor oxidu uhličitého CO2 Levenhuk Wezzer Air PRO DM20";"e7dea9f0-93db-11f1-a098-bc2411833e01";"";"4620137485981";"";"";"Bezpečnosť a smart domácnosť > Zabezpečenie > Detektory CO, CO2, plynu a vody";"Bezpečnosť a smart domácnosť > Zabezpečenie > Detektory CO, CO2, plynu a vody";"";"";"";"";"";"";"";"";"";"Levenhuk Wezzer Air PRO DM20";""
"AT_LEC-TSA9017";"";"TEESA TSA9017 teplovzdušný ventilátor s imitací krbu (800/2000W)";"e815ff2c-93db-11f1-82cb-bc2411833e01";"";"5901890123754";"";"";"Domáce spotrebiče > Malé spotrebiče > Vzduchotechnika > Vykurovanie";"Domáce spotrebiče > Malé spotrebiče > Vzduchotechnika > Vykurovanie";"";"";"";"";"";"";"";"";"";"TEESA TSA9017";""
"AT_SBP38";"";"Nástavec na stožár 1,0 m / 38 mm - žár / svislé i vodorovné uchycení";"ea31b936-93db-11f1-a063-bc2411833e01";"";"5907813655074";"";"";"TV, audio a video > Antény a satelity > Konzoly, stožiare, uzemnenie > Stožiare a trojnožky > Nadstavce na stožiare";"TV, audio a video > Antény a satelity > Konzoly, stožiare, uzemnenie > Stožiare a trojnožky > Nadstavce na stožiare";"";"";"";"";"";"";"";"";"";"OEM Satelitný držiak balkonový 1000mm";""
"AT_LEC-RBA-3151-PU";"";"Podložka na cvičení, jógu a fitness 1,5 cm Rebel Active RBA-3151-PU fialová";"efea1508-93db-11f1-8aa9-bc2411833e01";"";"5901890099684";"";"";"Šport, hračky a voľný čas > Posilňovanie a fitness > Pomôcky na cvičenie > Pomôcky na jógu";"Šport, hračky a voľný čas > Posilňovanie a fitness > Pomôcky na cvičenie > Pomôcky na cvičenie doma";"Šport, hračky a voľný čas > Posilňovanie a fitness > Podložky";"Šport, hračky a voľný čas > Posilňovanie a fitness > Pomôcky na cvičenie > Pomôcky na jógu";"";"";"";"";"";"";"";"Rebel RBA-3151";""
"AT_BLOW-72-106";"";"Wattmetr a měřič spotřeby elektrické energie SMART na DIN lištu BLOW 72-106 90-300VAC, 1-63A";"f002952e-93db-11f1-b0d0-bc2411833e01";"";"5900804152354";"";"";"Bezpečnosť a smart domácnosť > Smart domácnosť > Ostatné smart elektronika";"Náradie a dielňa > MERACIE TECHNIKA > Ampérmetre a voltmetre";"Fotovoltaika a energie > Fotovoltaika > Elektromery > 1 fázové elektromery";"Bezpečnosť a smart domácnosť > Smart domácnosť > Ostatné smart elektronika";"";"";"";"";"";"";"";"Tuya BLOW 72-106";""
"AT_ABL-00-2-017";"";"Stropní držák na boxovací pytel MARBO MA-B001";"f01eb254-93db-11f1-8318-bc2411833e01";"";"5901720127198";"";"";"Šport, hračky a voľný čas > Bojové športy > Montážne prvky";"Šport, hračky a voľný čas > Bojové športy > Montážne prvky";"";"";"";"";"";"";"";"";"";"Adaptér na os Marbo MA A001 25 / 30 mm";""
"AT_ATO-OR-CR-271/W";"";"PIR senzor (pohybové čidlo) ORNO OR-CR-271/W";"f765fbc6-93db-11f1-b4b8-bc2411833e01";"";"5908254846625";"";"";"Bezpečnosť a smart domácnosť > Zabezpečenie > PIR čidlá";"Bezpečnosť a smart domácnosť > Zabezpečenie > PIR čidlá";"";"";"";"";"";"";"";"";"";"ORNO Stropný PIR senzor pohybu 360°, IP44, 2000W, biely";""
"AT_EMO2693000240";"";"Bezdrátové čidlo EMOS E00387";"f7a1cb56-93db-11f1-aa64-bc2411833e01";"";"8592920122259";"";"";"Domáce spotrebiče > Malé spotrebiče > Meteostanice > Bezdrátová čidlá";"Domáce spotrebiče > Malé spotrebiče > Meteostanice > Bezdrátová čidlá";"";"";"";"";"";"";"";"";"";"Emos E00387";""
"AT_IST-TBBWBM30";"";"TESLA Bambino BM30 - dětská WiFi chůvička s monitorem a kamerou";"f7d78c50-93db-11f1-927a-bc2411833e01";"";"8595689813482";"";"";"Bezpečnosť a smart domácnosť > Smart domácnosť > IP kamery";"Bezpečnosť a smart domácnosť > Kamerové systémy > IP SMART kamery";"Šport, hračky a voľný čas > Zdravotní potreby > Detské opatrovateľky (chůvičky)";"Bezpečnosť a smart domácnosť > Smart domácnosť > IP kamery";"";"";"";"";"";"";"";"Tesla Bambino BM30 detská WiFi pestúnka s kamerou";""
"AT_IST-TBBWBM40";"";"TESLA Bambino BM40 - dětská WiFi chůvička s kamerou";"f7e39d24-93db-11f1-9641-bc2411833e01";"";"8595689813499";"";"";"Bezpečnosť a smart domácnosť > Smart domácnosť > IP kamery";"Bezpečnosť a smart domácnosť > Kamerové systémy > IP SMART kamery";"Šport, hračky a voľný čas > Zdravotní potreby > Detské opatrovateľky (chůvičky)";"Bezpečnosť a smart domácnosť > Smart domácnosť > IP kamery";"";"";"";"";"";"";"";"Tesla Bambino BM40 detská WiFi pestúnka s kamerou";""
"AT_ITR-00015884";"";"Lezecké chyty kameny Kruzzel 18533 10 ks";"f8b3dc0a-93db-11f1-8210-bc2411833e01";"";"5904576552176";"";"";"Šport, hračky a voľný čas > Sportovní vybavenie > Ostatné športy";"Šport, hračky a voľný čas > Sportovní vybavenie > Ostatné športy";"";"";"";"";"";"";"";"";"";"Trizand 18533 Lezecké úchyty kamene plastové 10 ks";""
"AT_T00003968";"";"TechniSat DIGITRADIO BT 1 black 0000/3968 reproduktor Bluetooth";"f99c7406-93db-11f1-8b7f-bc2411833e01";"";"4019588039681";"";"";"TV, audio a video > Audio technika > Rádiá";"TV, audio a video > Audio technika > Reproduktory";"TV, audio a video > Audio technika > Rádiá";"";"";"";"";"";"";"";"";"TechniSat DIGITRADIO BT1";""
"AT_HAD-V157I";"";"Nákupní skládací košík termoizolační - zelený s květy";"fc366ea6-93db-11f1-aff3-bc2411833e01";"";"5907451304877";"";"";"Šport, hračky a voľný čas > Turistika > Chladiace tašky a boxy";"Auto-moto > Karavany a obytná autá > Autochladničky";"Auto-moto > Prenosné lednice";"Šport, hračky a voľný čas > Turistika > Chladiace tašky a boxy";"";"";"";"";"";"";"";"Verk 14195 Nákupný skladací košík zelený kvet";""
"AT_ATO-A500000495";"";"Prodlužovací přívod do Racku MHPower PDU-FR4K8";"fd6e97c6-93db-11f1-a280-bc2411833e01";"";"8594199731088";"";"";"TV, audio a video > Počítače a príslušenstvo > Rackové skrine a príslušenstvo > Príslušenstvo > Napájacie lišty";"TV, audio a video > Počítače a príslušenstvo > Rackové skrine a príslušenstvo > Príslušenstvo > Napájacie lišty";"";"";"";"";"";"";"";"";"";"MHPower PDU-FR4K8";""
"AT_CPP-CP-UNC-DA41L3C-L";"";"CP-UNC-DA41L3C-L 4.0 Mpix venkovní dome IP kamera s duálním přísvitem, H.265, WDR a mikrofonem";"04c684c0-93dc-11f1-98e3-bc2411833e01";"";"4250593448543";"";"";"Bezpečnosť a smart domácnosť > Kamerové systémy > IP sieťové kamery > 4.0 Mpix.";"Bezpečnosť a smart domácnosť > Kamerové systémy > IP sieťové kamery > 4.0 Mpix.";"";"";"";"";"";"";"";"";"";"CP PLUS CP-UNC-DA41L3C-L";""
"AT_CPP-CP-UNC-TA21L3C-L";"";"CP-UNC-TA21L3C-L 2.0 Mpix venkovní IP kamera s duálním přísvitem, H.265 a mikrofonem";"04d6e87e-93dc-11f1-b92c-bc2411833e01";"";"4250593448970";"";"";"Bezpečnosť a smart domácnosť > Kamerové systémy > IP sieťové kamery > 2.0 Mpix. (Full HD) / 2.4 Mpix";"Bezpečnosť a smart domácnosť > Kamerové systémy > IP sieťové kamery > 2.0 Mpix. (Full HD) / 2.4 Mpix";"";"";"";"";"";"";"";"";"";"CP PLUS CP-UNC-TA21L3C-L";""
"AT_CPP-CP-UNC-TA41L3C-L";"";"CP-UNC-TA41L3C-L 4.0 Mpix venkovní IP kamera s duálním přísvitem, H.265, WDR a mikrofonem";"04e3204e-93dc-11f1-a4d6-bc2411833e01";"";"4250593448987";"";"";"Bezpečnosť a smart domácnosť > Kamerové systémy > IP sieťové kamery > 4.0 Mpix.";"Bezpečnosť a smart domácnosť > Kamerové systémy > IP sieťové kamery > 4.0 Mpix.";"";"";"";"";"";"";"";"";"";"CP PLUS CP-UNC-TA41L3C-L";""
"AT_ATO-2107561000";"";"Ventilátor EMOS P56PR1 pod radiátor MONO, bílý";"052dd346-93dc-11f1-aaef-bc2411833e01";"";"8592920138021";"";"";"Domáce spotrebiče > Malé spotrebiče > Vzduchotechnika > Vykurovanie";"Domáce spotrebiče > Malé spotrebiče > Vzduchotechnika > Ventilátory";"Domáce spotrebiče > Malé spotrebiče > Vzduchotechnika > Vykurovanie";"";"";"";"";"";"";"";"";"Emos P56PR1";""
"AT_ATO-2107563000";"";"Ventilátor EMOS P56PR3 pod radiátor TRIO, bílý";"053a8aa0-93dc-11f1-b3c1-bc2411833e01";"";"8592920138045";"";"";"Domáce spotrebiče > Malé spotrebiče > Vzduchotechnika > Vykurovanie";"Domáce spotrebiče > Malé spotrebiče > Vzduchotechnika > Ventilátory";"Domáce spotrebiče > Malé spotrebiče > Vzduchotechnika > Vykurovanie";"";"";"";"";"";"";"";"";"Emos P56PR3";""
"AT_EMO1551750000";"";"LED ambientní RGB GoSmart osvětlení EMOS ZTV75 za TV 75“ (189 cm)";"05ba8aac-93dc-11f1-9adf-bc2411833e01";"";"8592920138847";"";"";"Bezpečnosť a smart domácnosť > Smart domácnosť > Osvetlenie";"Bezpečnosť a smart domácnosť > Smart domácnosť > Osvetlenie";"";"";"";"";"";"";"";"";"";"Emost ZTV75";""
"AT_LEC-TSA0214";"";"Odžmolkovač LR40 Teesa TSA0214";"0b8b806c-93dc-11f1-8f9b-bc2411833e01";"";"5901890110358";"";"";"Domáce spotrebiče > Malé spotrebiče > Potreby pre domácnosť > Doplnky do domácnosti > Ostatné doplnky do domácnosti";"Domáce spotrebiče > Malé spotrebiče > Potreby pre domácnosť > Doplnky do domácnosti > Ostatné doplnky do domácnosti";"";"";"";"";"";"";"";"";"";"TEESA LR40";""
"AT_E0091";"";"Rádio EMOS P-600W /E0091/ bílé, DAB+/FM, 3 W, Bluetooth, USB vstup";"0c659fd6-93dc-11f1-b5cf-bc2411833e01";"";"8592920141038";"";"";"TV, audio a video > Audio technika > Rádiá";"TV, audio a video > Audio technika > Rádiá";"";"";"";"";"";"";"";"";"";"EMOS P-600B";""
"AT_EMO1032226212";"";"Nabíjecí baterie GP ReCyko 2100 AA (HR6), 6kusů --CENA BLISTR--";"0dc9328e-93dc-11f1-ab7b-bc2411833e01";"";"4891199222375";"";"";"Fotovoltaika a energie > Akumulátory a batérie > NiMh nabíjacie akumulátory > AA ceruzkové";"Fotovoltaika a energie > Akumulátory a batérie > NiMh nabíjacie akumulátory > AA ceruzkové";"";"";"";"";"";"";"";"";"";"GP ReCyko AA 2100mAh 6ks 1032226212";""
"AT_LEC-RBA-3107-5";"";"Medicinbal REBEL ACTIVE RBA-3107-5 35cm 5kg";"0e2abd42-93dc-11f1-aae0-bc2411833e01";"";"5901890099417";"";"";"Šport, hračky a voľný čas > Posilňovanie a fitness > Pomôcky na cvičenie > Lopty na cvičenie";"Šport, hračky a voľný čas > Posilňovanie a fitness > Pomôcky na cvičenie > Lopty na cvičenie";"";"";"";"";"";"";"";"";"";"Rebel ACTIVE Medicinbal 5 kg";""
"AT_LEC-RBA-3107-6";"";"Medicinbal REBEL ACTIVE RBA-3107-6 35cm 6kg";"0e375962-93dc-11f1-b2bf-bc2411833e01";"";"5901890099431";"";"";"Šport, hračky a voľný čas > Posilňovanie a fitness > Pomôcky na cvičenie > Lopty na cvičenie";"Šport, hračky a voľný čas > Posilňovanie a fitness > Pomôcky na cvičenie > Lopty na cvičenie";"";"";"";"";"";"";"";"";"";"Rebel Medicimbal 6 kg";""
"AT_LEC-RBA-3107-8";"";"Medicinbal REBEL ACTIVE RBA-3107-8 35cm 8kg";"0e43f258-93dc-11f1-b3e7-bc2411833e01";"";"5901890099455";"";"";"Šport, hračky a voľný čas > Posilňovanie a fitness > Pomôcky na cvičenie > Lopty na cvičenie";"Šport, hračky a voľný čas > Posilňovanie a fitness > Pomôcky na cvičenie > Lopty na cvičenie";"";"";"";"";"";"";"";"";"";"Rebel Medicimbal 8 kg";""
"AT_LEC-RBA-3108-10";"";"Medicinbal REBEL ACTIVE RBA-3108-10 Slam Ball 23cm 10kg";"0e505da4-93dc-11f1-a5e0-bc2411833e01";"";"5901890099608";"";"";"Šport, hračky a voľný čas > Posilňovanie a fitness > Pomôcky na cvičenie > Lopty na cvičenie";"Šport, hračky a voľný čas > Posilňovanie a fitness > Pomôcky na cvičenie > Lopty na cvičenie";"";"";"";"";"";"";"";"";"";"Rebel Medicimbal 10 kg";""
"AT_ELE-1008067";"";"Pohybové čidlo ORBIS DICROMAT MINI - zapuštěná montáž do stropu, montážní otvor 54mm";"0f71d3de-93dc-11f1-ad79-bc2411833e01";"";"8426709105686";"";"";"Bezpečnosť a smart domácnosť > Zabezpečenie > PIR čidlá";"Elektroinštalačný materiál > Elektromery a spínacie technika > Pohybová čidlá";"Bezpečnosť a smart domácnosť > Zabezpečenie > PIR čidlá";"";"";"";"";"";"";"";"";"Orbis DICROMAT mini";""
"AT_ELE-1008068";"";"Pohybové čidlo ORBIS DICROMAT MICRO - zapuštěná montáž do stropu, montážní otvor 16mm";"0f7de502-93dc-11f1-9d2b-bc2411833e01";"";"8426709105693";"";"";"Bezpečnosť a smart domácnosť > Zabezpečenie > PIR čidlá";"Elektroinštalačný materiál > Elektromery a spínacie technika > Pohybová čidlá";"Bezpečnosť a smart domácnosť > Zabezpečenie > PIR čidlá";"";"";"";"";"";"";"";"";"Orbis DICROMAT MICRO";""
"AT_KIT6715";"";"Johansson KIT 6715 zesilovač + zdroj (2438)";"103a2ece-93dc-11f1-a1ff-bc2411833e01";"";"5404041102993";"";"";"TV, audio a video > Antény a satelity > ZOSILŇOVAČE > K anténě";"TV, audio a video > Antény a satelity > ZOSILŇOVAČE > Domové";"TV, audio a video > Antény a satelity > ZOSILŇOVAČE > K anténě";"";"";"";"";"";"";"";"";"Johansson 6715";""
"AT_ATO-3402127000";"";"EMOS P5735WS GoSmart bílý domovní bezdrátový zvonek do zásuvky s WiFi";"104764e0-93dc-11f1-b388-bc2411833e01";"";"8592920135433";"";"";"Bezpečnosť a smart domácnosť > Smart domácnosť > Zvončeky";"Bezpečnosť a smart domácnosť > Smart domácnosť > Zvončeky";"";"";"";"";"";"";"";"";"";"EMOS P5735WS";""
"AT_EMO1704023200";"";"Nabíječka USB EMOS V05G65 GaN PD univerzální 3.25A (65W) max.";"121753f2-93dc-11f1-901c-bc2411833e01";"";"8592920140215";"";"";"TV, audio a video > Mobily a tablety > GSM nabíjačky";"Fotovoltaika a energie > Napájacie zdroje > Adaptéry USB";"TV, audio a video > Mobily a tablety > GSM nabíjačky";"";"";"";"";"";"";"";"";"EMOS V05G65";""
"AT_EMO1704022800";"";"Nabíječka USB EMOS V03G35 GaN PD univerzální 3A (35W) max.";"125bd3c4-93dc-11f1-a1b6-bc2411833e01";"";"8592920140093";"";"";"TV, audio a video > Mobily a tablety > GSM nabíjačky";"Fotovoltaika a energie > Napájacie zdroje > Adaptéry USB";"TV, audio a video > Mobily a tablety > GSM nabíjačky";"";"";"";"";"";"";"";"";"EMOS V03G35";""
"AT_ITR-00013694";"";"Maliřská sada v kufru Maaleo 8643 288 ks";"12d36038-93dc-11f1-9a59-bc2411833e01";"";"5902802911810";"";"";"Šport, hračky a voľný čas > Hračky > Výtvarné hračky a tvoření > Malování, barvy, šablony";"Šport, hračky a voľný čas > Hračky > Výtvarné hračky a tvoření > Malování, barvy, šablony";"";"";"";"";"";"";"";"";"";"BelacioArtCollection No.8643 Sada na maľovanie a kreslenie 258 ks";""
"AT_ITR-00013800";"";"Sprcha kempingová Trizand 8877";"13084320-93dc-11f1-91a8-bc2411833e01";"";"5902802912565";"";"";"Šport, hračky a voľný čas > Turistika > Turistické vybavenie";"Auto-moto > Karavany a obytná autá > Ostatné doplnky";"Šport, hračky a voľný čas > Turistika > Turistické vybavenie";"";"";"";"";"";"";"";"";"TFY No.8877 Turistická sprcha na nápajnie do auta 12V, 3,5 L/min.";""
"AT_ITR-00016889";"";"Digitální fotoaparát Kruzzel AC22296 růžový";"1331dd16-93dc-11f1-81e8-bc2411833e01";"";"5900779944763";"";"";"TV, audio a video > Počítače a príslušenstvo > Foto a kamery";"TV, audio a video > Počítače a príslušenstvo > Foto a kamery";"";"";"";"";"";"";"";"";"";"MG X5S Cat";""
"AT_LEC-RBA-2401";"";"Hrazda multifunkční REBEL ACTIVE RBA-2401";"14aff326-93dc-11f1-89e0-bc2411833e01";"";"5901890101363";"";"";"Šport, hračky a voľný čas > Posilňovanie a fitness > Posilňovacie stroje";"Šport, hračky a voľný čas > Posilňovanie a fitness > Posilňovacie stroje";"";"";"";"";"";"";"";"";"";"REBEL RBA-2401 Active";""
"AT_LEC-RBA-2001";"";"Posilovací lavice REBEL ACTIVE RBA-2001";"14eecd62-93dc-11f1-a0f3-bc2411833e01";"";"5901890101271";"";"";"Šport, hračky a voľný čas > Posilňovanie a fitness > Pomôcky na cvičenie > Pomôcky na cvičenie břicha";"Šport, hračky a voľný čas > Posilňovanie a fitness > Posilňovacie lavice";"Šport, hračky a voľný čas > Posilňovanie a fitness > Pomôcky na cvičenie > Pomôcky na cvičenie břicha";"";"";"";"";"";"";"";"";"Rebel RBA-2001";""
"AT_ATO-A500007727";"";"Baterie LiFePO4 12,8V 50Ah MHPower MS50-12(L) LC5-M8";"16bba1f6-93dc-11f1-a068-bc2411833e01";"";"8594199732016";"";"";"Fotovoltaika a energie > Akumulátory a batérie > LiFePO4 akumulátory";"Fotovoltaika a energie > Akumulátory a batérie > LiFePO4 akumulátory";"";"";"";"";"";"";"";"";"";"MHPower LiFePO4 12V 50Ah LC5-M8 MS50-12 L";""
"AT_LEC-RBA-7100-RB";"";"Sluneční brýle polarizační REBEL ACTIVE RBA-7100-RB";"18fbafec-93dc-11f1-88f7-bc2411833e01";"";"5901890118941";"";"";"Šport, hračky a voľný čas > Sportovní vybavenie > Sportovní okuliare";"Šport, hračky a voľný čas > Sportovní vybavenie > Sportovní okuliare";"";"";"";"";"";"";"";"";"";"Rebel RBA-7100-RB";""
"AT_LEC-RBA-7101-BK";"";"Sluneční brýle polarizační REBEL ACTIVE RBA-7101-BK";"190a87c4-93dc-11f1-a9a1-bc2411833e01";"";"5901890118972";"";"";"Šport, hračky a voľný čas > Sportovní vybavenie > Sportovní okuliare";"Šport, hračky a voľný čas > Sportovní vybavenie > Sportovní okuliare";"";"";"";"";"";"";"";"";"";"Rebel RBA-7101-BK";""
"AT_LEC-RBA-7101-RB";"";"Sluneční brýle polarizační REBEL ACTIVE RBA-7101-RB";"19170c1a-93dc-11f1-8291-bc2411833e01";"";"5901890118996";"";"";"Šport, hračky a voľný čas > Sportovní vybavenie > Sportovní okuliare";"Šport, hračky a voľný čas > Sportovní vybavenie > Sportovní okuliare";"";"";"";"";"";"";"";"";"";"Rebel RBA 7101 RB";""
"AT_ABL-30-B1-152";"";"Tréninkové obušky DBX BUSHIDO";"1bd74046-93dc-11f1-a7bd-bc2411833e01";"";"5902539013931";"";"";"Šport, hračky a voľný čas > Bojové športy > Príslušenstvo";"Šport, hračky a voľný čas > Bojové športy > Príslušenstvo";"";"";"";"";"";"";"";"";"";"DBX BUSHIDO 50 cm";""
"AT_ABL-30-B1-191";"";"MMA rukavice DBX BUSHIDO ARM-2011A S/M";"1c0ab408-93dc-11f1-825a-bc2411833e01";"";"5902539014693";"";"";"Šport, hračky a voľný čas > Bojové športy > MMA rukavice";"Šport, hračky a voľný čas > Bojové športy > MMA rukavice";"";"";"";"";"";"";"";"";"";"Bushido DBX MMA ARM-2011A";""
"AT_ABL-30-B1-193";"";"Boxerská helma DBX BUSHIDO ARH-2190R červená M";"1c1a01ce-93dc-11f1-9645-bc2411833e01";"";"5902539014303";"";"";"Šport, hračky a voľný čas > Bojové športy > Chrániče";"Šport, hračky a voľný čas > Bojové športy > Chrániče";"";"";"";"";"";"";"";"";"";"DBX Bushido ARH-2190R";""
"AT_TIP-04280165";"";"Solární regulátor MPPT Victron Energy SmartSolar 100V/30A Bluetooth";"1c2b6b12-93dc-11f1-8ecd-bc2411833e01";"";"8719076040170";"";"";"Fotovoltaika a energie > Fotovoltaika > Solárne regulátory > Solárne regulátory MPPT";"Fotovoltaika a energie > Fotovoltaika > Solárne regulátory > Solárne regulátory MPPT";"";"";"";"";"";"";"";"";"";"Victron Energy MPPT SMART 100 / 30A";""
"AT_TIP-04280188";"";"Solární regulátor MPPT Victron Energy SmartSolar 100V/15A Bluetooth";"1c49dc14-93dc-11f1-9499-bc2411833e01";"";"8719076040811";"";"";"Fotovoltaika a energie > Fotovoltaika > Solárne regulátory > Solárne regulátory MPPT";"Fotovoltaika a energie > Fotovoltaika > Solárne regulátory > Solárne regulátory MPPT";"";"";"";"";"";"";"";"";"";"Victron Energy MPPT SMART 100 / 15A";""
"AT_EMO1603027000";"";"Nabíječka baterií EMOS N9321 BCN-40";"1c8ec11c-93dc-11f1-956c-bc2411833e01";"";"8592920109991";"";"";"Fotovoltaika a energie > Nabíjačky > Nabíjačky NiCd, NiMh, NiZn";"Fotovoltaika a energie > Nabíjačky > Nabíjačky NiCd, NiMh, NiZn";"";"";"";"";"";"";"";"";"";"EMOS BCN-40 1603027000";""
"AT_LEC-RBA-5101";"";"Přenosná turistická toaleta Rebel Active RBA-5101, 24 l / 20 l";"1d0a62d6-93dc-11f1-a043-bc2411833e01";"";"5901890130127";"";"";"Šport, hračky a voľný čas > Turistika > Cestování a outdoor";"Šport, hračky a voľný čas > Turistika > Turistické vybavenie";"Auto-moto > Karavany a obytná autá > Ostatné doplnky";"Šport, hračky a voľný čas > Turistika > Cestování a outdoor";"";"";"";"";"";"";"";"Rebel RBA-5101";""
"AT_TIP-08854624";"";"Cyklotaška nad rám oboustranná + PHONE";"20897938-93dc-11f1-829e-bc2411833e01";"";"8591686120295";"";"";"Šport, hračky a voľný čas > Cyklistika > Cyklotašky";"Šport, hračky a voľný čas > Cyklistika > Cyklotašky";"";"";"";"";"";"";"";"";"";"Cattara Bike bag";""
"AT_LEC-KM0335";"";"Kabel reproduktorový KRUGER & MATZ KM0335 3m konektory typu banánek";"21e76d08-93dc-11f1-9079-bc2411833e01";"";"5901436795339";"";"";"TV, audio a video > AV káble > AV káble";"TV, audio a video > AV káble > AV káble";"";"";"";"";"";"";"";"";"";"Kruger & Matz KM0334";""
"AT_LEC-KM1206";"";"Kabel HDMI-HDMI 15m Kruger&Matz Basic";"21f3d746-93dc-11f1-a6b1-bc2411833e01";"";"5901890033022";"";"";"TV, audio a video > AV káble > HDMI káble";"TV, audio a video > AV káble > HDMI káble";"";"";"";"";"";"";"";"";"";"Krüger & Matz KM1206";""
"AT_TIP-04250119";"";"Baterie motocyklová  12V / 14Ah Vipow";"2572ddae-93dc-11f1-9fc6-bc2411833e01";"";"5901436757160";"";"";"Fotovoltaika a energie > Akumulátory a batérie > Olovené akumulátory > 12V";"Fotovoltaika a energie > Akumulátory a batérie > Autobatérie";"Auto-moto > Nabíjanie > Autobatérie";"Fotovoltaika a energie > Akumulátory a batérie > Olovené akumulátory > 12V";"";"";"";"";"";"";"";"Vipow 12V 12Ah";""
"AT_EMO1032126080";"";"Nabíjecí baterie GP ReCyko Pro Professional 800 AAA (HR03), 6kusů --CENA BLISTR--";"2783e444-93dc-11f1-8b73-bc2411833e01";"";"4891199222344";"";"";"Fotovoltaika a energie > Akumulátory a batérie > NiMh nabíjacie akumulátory > AAA mikrotužkové";"Fotovoltaika a energie > Akumulátory a batérie > NiMh nabíjacie akumulátory > AAA mikrotužkové";"";"";"";"";"";"";"";"";"";"GP ReCyko Pro AAA 800mAh 6ks 1032126080";""
"AT_EMO1032226200";"";"Nabíjecí baterie GP ReCyko Pro Professional 2000 AA (HR6), 6kusů --CENA BLISTR--";"2790e4f0-93dc-11f1-a45b-bc2411833e01";"";"4891199222337";"";"";"Fotovoltaika a energie > Akumulátory a batérie > NiMh nabíjacie akumulátory > AA ceruzkové";"Fotovoltaika a energie > Akumulátory a batérie > NiMh nabíjacie akumulátory > AA ceruzkové";"";"";"";"";"";"";"";"";"";"GP ReCyko Pro AA 2000mAh 6ks 1032226200";""
"AT_TIP-08810603";"";"Endoskop UNI-T  UT665";"294257ac-93dc-11f1-8b16-bc2411833e01";"";"5901890045018";"";"";"Bezpečnosť a smart domácnosť > Kamerové systémy > Inspekční kamery, endoskopy";"Náradie a dielňa > Ostatné";"Náradie a dielňa > MERACIE TECHNIKA > Inspekční kamery, endoskopy";"Bezpečnosť a smart domácnosť > Kamerové systémy > Inspekční kamery, endoskopy";"";"";"";"";"";"";"";"Inšpekčná kamera Uni-T UT665";""
"AT_LEC-RBA-3008-1";"";"Tréninkové cvičební pásy TRX P3-1 REBEL ACTIVE RBA-3008-1";"2b05e07c-93dc-11f1-9e77-bc2411833e01";"";"5901890102018";"";"";"Šport, hračky a voľný čas > Posilňovanie a fitness > Pomôcky na cvičenie > Gumy a pásy na cvičenie";"Šport, hračky a voľný čas > Posilňovanie a fitness > Pomôcky na cvičenie > Pomôcky na cvičenie doma";"Šport, hračky a voľný čas > Posilňovanie a fitness > Pomôcky na cvičenie > Gumy a pásy na cvičenie";"";"";"";"";"";"";"";"";"REBEL TRX P3-1";""
"AT_ITR-00012442";"";"Tréninkový žebřík Trizand 5067";"2bf1ae8a-93dc-11f1-b0b0-bc2411833e01";"";"5902802903426";"";"";"Šport, hračky a voľný čas > Sportovní vybavenie > Ostatné športy";"Šport, hračky a voľný čas > Sportovní vybavenie > Ostatné športy";"";"";"";"";"";"";"";"";"";"TFY No.5067 Tréningový rebrík 6m";""
"AT_ITR-00018262";"";"Odrážedlo Kruzzel 25767 černé";"2c81c538-93dc-11f1-b045-bc2411833e01";"";"5900779956308";"";"";"Šport, hračky a voľný čas > Sportovní vybavenie > Odrážadlá";"Šport, hračky a voľný čas > Cyklistika";"Šport, hračky a voľný čas > Sportovní vybavenie > Odrážadlá";"";"";"";"";"";"";"";"";"Kruzzel 12 čierny";""
"AT_EMO1555015000";"";"LED bodové svítidlo GoSmart EMOS ZIW15CR – řetěz 255 cm, 12 dílů, 7 W, RGBIC+CCT, stmívatelné, WiFi";"2cebce2e-93dc-11f1-a611-bc2411833e01";"";"8592920139400";"";"";"Bezpečnosť a smart domácnosť > Smart domácnosť > Osvetlenie";"Bezpečnosť a smart domácnosť > Smart domácnosť > Osvetlenie";"";"";"";"";"";"";"";"";"";"EMOS GoSmart LED bodové svietidlo, štartovacia sada – 255 cm, 12 dielov, RGBIC + CCT, stmievateľné,";""
"AT_EMO1446002300";"";"Svítilna na kolo EMOS P3923 LED přední + zadní nabíjecí, 90 lm";"32c6892e-93dc-11f1-85e1-bc2411833e01";"";"8592920109632";"";"";"Šport, hračky a voľný čas > Cyklistika > Svietidlá na kolo";"Šport, hračky a voľný čas > Cyklistika > Svietidlá na kolo";"";"";"";"";"";"";"";"";"";"Emos Led P3923 90 lm 1446002300 set";""
"AT_MS-GARNI AD1";"";"GARNI AD1 síťový adaptér vyhřívání anemometru";"3320d492-93dc-11f1-b42b-bc2411833e01";"";"8592733021015";"";"";"Domáce spotrebiče > Malé spotrebiče > Meteostanice > Stanice s připojením k počítači";"Domáce spotrebiče > Malé spotrebiče > Meteostanice > Stanice s připojením k počítači";"";"";"";"";"";"";"";"";"";"Garni Sieťový adaptér vyhrievania anemometra AD1";""
"AT_SPR-470148";"";"Držák projektoru Cabletech UCH0148 univerzální";"33bfd146-93dc-11f1-be74-bc2411833e01";"";"5901890097505";"";"";"TV, audio a video > Televízory > LED projektory";"TV, audio a video > TV stolíky a držiaky > Držiaky projektorů";"TV, audio a video > Televízory > LED projektory";"";"";"";"";"";"";"";"";"CABLETECH Držiak na projektor na strop aj stenu L-UCH0148";""
"AT_ABCRWIFI5DBI";"";"USB WiFi adaptér 2,4GHz AB (MT7601U) 150Mbps s anténou 5dBi";"34809d9a-93dc-11f1-a087-bc2411833e01";"";"8588005998284";"";"";"TV, audio a video > Antény a satelity > SATELITNÉ PRIJÍMAČE > Wi-Fi adaptéry";"TV, audio a video > Antény a satelity > SATELITNÉ PRIJÍMAČE > Wi-Fi adaptéry";"";"";"";"";"";"";"";"";"";"AB CRWIFI ANT 5dBi";""
"AT_ATO-OR-CR-261";"";"PIR senzor (pohybové čidlo) ORNO OR-CR-261 místo vypínače";"34cf4df0-93dc-11f1-81ce-bc2411833e01";"";"5900378654742";"";"";"Bezpečnosť a smart domácnosť > Zabezpečenie > PIR čidlá";"Bezpečnosť a smart domácnosť > Zabezpečenie > PIR čidlá";"";"";"";"";"";"";"";"";"";"Orno OR-CR-261";""
"AT_LEC-RB-0900";"";"Detektor oxidu uhelnatého KD-218B REBEL RB-0900";"34dccf3e-93dc-11f1-a29b-bc2411833e01";"";"5901890124249";"";"";"Bezpečnosť a smart domácnosť > Zabezpečenie > Detektory CO, CO2, plynu a vody";"Bezpečnosť a smart domácnosť > Zabezpečenie > Detektory CO, CO2, plynu a vody";"";"";"";"";"";"";"";"";"";"Rebel KD-218B L-RB-0900";""
"AT_SPR-470016";"";"Motor táhlový HARL 3624+, délka výtahu 24""";"34e9e5ac-93dc-11f1-9fa0-bc2411833e01";"";"8594051111720";"";"";"TV, audio a video > Antény a satelity > Satelitné príslušenstvo > Motory";"TV, audio a video > Antény a satelity > Satelitné príslušenstvo > Motory";"";"";"";"";"";"";"";"";"";"OPENBOX HARL 3624 tiahlový motor 36V pre satelitné paraboly, zdvih 24""";""
"AT_EMO1032226260";"";"Nabíjecí baterie GP ReCyko 2600 AA (HR6), 6kusů --CENA BLISTR--";"35b8d0ce-93dc-11f1-940f-bc2411833e01";"";"4891199222368";"";"";"Fotovoltaika a energie > Akumulátory a batérie > NiMh nabíjacie akumulátory > AA ceruzkové";"Fotovoltaika a energie > Akumulátory a batérie > NiMh nabíjacie akumulátory > AA ceruzkové";"";"";"";"";"";"";"";"";"";"GP ReCyko AA 2600mAh 6ks 1032226260";""
"AT_LP-URZ3411";"";"Zdroj záložní KEMOT PROsinus URZ3411 1600W 12V nástěnný";"3823b810-93dc-11f1-9bed-bc2411833e01";"";"5901890019040";"";"";"Fotovoltaika a energie > Záložné zdroje a UPS > Záložné zdroje pre oběhová čerpadlá";"Fotovoltaika a energie > Záložné zdroje a UPS > Záložné zdroje pre oběhová čerpadlá";"";"";"";"";"";"";"";"";"";"KEMOT PROsinus-2200 URZ3411 2200VA/1600W závesný";""
"AT_ATO-OR-CR-261/B";"";"PIR senzor (pohybové čidlo) ORNO OR-CR-261/B";"3a68fa0e-93dc-11f1-b009-bc2411833e01";"";"5908254846960";"";"";"Bezpečnosť a smart domácnosť > Zabezpečenie > PIR čidlá";"Bezpečnosť a smart domácnosť > Zabezpečenie > PIR čidlá";"";"";"";"";"";"";"";"";"";"ORNO O-OR-CR-261/B";""
"AT_LEC-ZAB0033";"";"Koloběžka elektrická REBEL ZAB0033 FUN WHEELS LIGHT černá";"3b3ffc16-93dc-11f1-96b2-bc2411833e01";"";"5901890127936";"";"";"Šport, hračky a voľný čas > Elektrické kolobežky";"Šport, hračky a voľný čas > Elektrické kolobežky";"";"";"";"";"";"";"";"";"";"Rebel FUN WHEELS LIGHT";""
"AT_LEC-RBA-3152-BL";"";"Podložka na cvičení, jógu a fitness 0,6 cm Rebel Active RBA-3152-BL modrá";"3c0cbfee-93dc-11f1-8543-bc2411833e01";"";"5901890099783";"";"";"Šport, hračky a voľný čas > Posilňovanie a fitness > Pomôcky na cvičenie > Pomôcky na jógu";"Šport, hračky a voľný čas > Posilňovanie a fitness > Pomôcky na cvičenie > Pomôcky na cvičenie doma";"Šport, hračky a voľný čas > Posilňovanie a fitness > Podložky";"Šport, hračky a voľný čas > Posilňovanie a fitness > Pomôcky na cvičenie > Pomôcky na jógu";"";"";"";"";"";"";"";"REBEL ACTIVE RBA-3152";""
"AT_LEC-RBA-3152-PU";"";"Podložka na cvičení, jógu a fitness 0,6 cm Rebel Active RBA-3152-PU fialová";"3c1971ee-93dc-11f1-814f-bc2411833e01";"";"5901890099721";"";"";"Šport, hračky a voľný čas > Posilňovanie a fitness > Pomôcky na cvičenie > Pomôcky na jógu";"Šport, hračky a voľný čas > Posilňovanie a fitness > Pomôcky na cvičenie > Pomôcky na cvičenie doma";"Šport, hračky a voľný čas > Posilňovanie a fitness > Podložky";"Šport, hračky a voľný čas > Posilňovanie a fitness > Pomôcky na cvičenie > Pomôcky na jógu";"";"";"";"";"";"";"";"REBEL ACTIVE RBA-3152";""
"AT_LEC-RB-1062";"";"Kompresor REBEL RB-1062 akumulátorový univerzální 7,4V";"3caf8f08-93dc-11f1-bd1e-bc2411833e01";"";"5901890133289";"";"";"Šport, hračky a voľný čas > Cyklistika > Pumpy na kolo";"Auto-moto > Garáž, Dielňa, Servis > Kompresory, hustilky";"Šport, hračky a voľný čas > Cyklistika > Pumpy na kolo";"";"";"";"";"";"";"";"";"REBEL RB-1062";""
"AT_NED-WIFIWC10WT";"";"NEDIS WIFIWC10WT SmartLife vypínač Wi-Fi, řídicí jednotka záclon, rolet a žaluzií";"3d1b6ffc-93dc-11f1-adb2-bc2411833e01";"";"5412810272839";"";"";"Bezpečnosť a smart domácnosť > Smart domácnosť > Príslušenstvo";"Bezpečnosť a smart domácnosť > Smart domácnosť > Vypínače";"Elektroinštalačný materiál > Vypínače, zásuvky, krabice > Vypínače";"Bezpečnosť a smart domácnosť > Smart domácnosť > Príslušenstvo";"";"";"";"";"";"";"";"Nedis WIFIWC10WT";""
"AT_JOH6700";"";"Johansson 6700 Revolution programovatelný zesilovač";"3df8fbce-93dc-11f1-8e5b-bc2411833e01";"";"5404041101170";"";"";"TV, audio a video > Antény a satelity > ZOSILŇOVAČE > Programovatelné";"TV, audio a video > Antény a satelity > ZOSILŇOVAČE > Programovatelné";"";"";"";"";"";"";"";"";"";"Anténny zosilňovač programovateľný Johansson 6700 Profiler Revolution";""
"AT_ATO-OR-CR-255";"";"PIR senzor a přítomnosti (pohybové čidlo) ORNO OR-CR-255";"3f8442be-93dc-11f1-8927-bc2411833e01";"";"5902560328127";"";"";"Bezpečnosť a smart domácnosť > Zabezpečenie > PIR čidlá";"Bezpečnosť a smart domácnosť > Zabezpečenie > PIR čidlá";"";"";"";"";"";"";"";"";"";"Orno OR-CR-255";""
"AT_CABCX3-59/6";"";"Kleště kompresní Cabelcon CX3 59/6 F & IEC";"41e90d82-93dc-11f1-a5cf-bc2411833e01";"";"5707957063496";"";"";"TV, audio a video > Antény a satelity > Konektory > Montážne náradie";"Elektroinštalačný materiál > Inštalačné náradie a ostatné materiál > Lisovací kliešte";"TV, audio a video > Antény a satelity > Konektory > Montážne náradie";"";"";"";"";"";"";"";"";"Cabelcon 98029070";""
"AT_EMO1454013200";"";"PIR senzor (pohybové čidlo) EMOS GS22111, IP20 1200W, bílý";"436505da-93dc-11f1-bac9-bc2411833e01";"";"8592920152102";"";"";"Bezpečnosť a smart domácnosť > Zabezpečenie > PIR čidlá";"Elektroinštalačný materiál > Elektromery a spínacie technika > Pohybová čidlá";"Bezpečnosť a smart domácnosť > Zabezpečenie > PIR čidlá";"";"";"";"";"";"";"";"";"EMOS G1240";""
"AT_TIP-06560516";"";"Impregnace na kožené sedačky INPRODUCTS WAX 1l";"4591758c-93dc-11f1-b75d-bc2411833e01";"";"8595616500041";"";"";"Šport, hračky a voľný čas > Turistika > Impregnace";"Šport, hračky a voľný čas > Turistika > Impregnace";"";"";"";"";"";"";"";"";"";"Inproducts Impregnace na koženou obuv 1000 ml";""
"AT_ATO-2631600400";"";"Dávkovač krmiva s kamerou EMOS H6004 GoSmart, 4 l, černý, Wi-Fi";"46c57c32-93dc-11f1-a865-bc2411833e01";"";"8592920138700";"";"";"Bezpečnosť a smart domácnosť > Smart domácnosť > Ostatné smart elektronika";"Zdravie a starostlivosť > Chovateľské potreby > Pre psov";"Zdravie a starostlivosť > Chovateľské potreby > Pre mačky";"Bezpečnosť a smart domácnosť > Smart domácnosť > Ostatné smart elektronika";"";"";"";"";"";"";"";"Emos GoSmart dávkovač krmiva s kamerou, 4 l s Wi-Fi H6004";""
"AT_ATO-2631600200";"";"Dávkovač krmiva EMOS H6002 GoSmart, 4 l, černý, Wi-Fi";"46df5896-93dc-11f1-8d9d-bc2411833e01";"";"8592920138687";"";"";"Bezpečnosť a smart domácnosť > Smart domácnosť > Ostatné smart elektronika";"Zdravie a starostlivosť > Chovateľské potreby > Pre psov";"Zdravie a starostlivosť > Chovateľské potreby > Pre mačky";"Bezpečnosť a smart domácnosť > Smart domácnosť > Ostatné smart elektronika";"";"";"";"";"";"";"";"Emos GoSmart dávkovač krmiva, 4 l s Wi-Fi H6002";""
"AT_MASUNNY-T";"";"MASCOM SUNNY-T Android TV 12 4K UHD Android TV multimediální přehrávač s tunerem DVB-T2";"47d4f152-93dc-11f1-a100-bc2411833e01";"";"8594016909706";"";"";"TV, audio a video > Antény a satelity > SET-TOP-BOXY > DVB-T2 H.265 HEVC";"TV, audio a video > Video technika > Multimediálne centra";"TV, audio a video > Antény a satelity > SET-TOP-BOXY > DVB-T2 H.265 HEVC";"";"";"";"";"";"";"";"";"Mascom Sunny-T";""
"AT_T0000/3973";"";"TechniSat DIGITRADIO BT 2 anthrazit/black 0000/3973 reproduktor Bluetooth";"48169e2c-93dc-11f1-b14d-bc2411833e01";"";"4019588039735";"";"";"TV, audio a video > Audio technika > Rádiá";"TV, audio a video > Audio technika > Reproduktory";"TV, audio a video > Audio technika > Rádiá";"";"";"";"";"";"";"";"";"TechniSat Digitradio BT 2";""
"AT_EMO1703150021";"";"Zdroj pulzní EMOS N3112 s hřebínkem 1500mA (3-12V) univerzální";"4c144c7c-93dc-11f1-9ad1-bc2411833e01";"";"8592920064092";"";"";"Fotovoltaika a energie > Napájacie zdroje > Adaptéry pulzní";"Fotovoltaika a energie > Napájacie zdroje > Adaptéry pulzní";"";"";"";"";"";"";"";"";"";"UNIVERZÁLNÍ NAPÁJECÍ ZDROJ 3-12V/1.500mAh 1703150021 - Univerzálny pulzný USB napájací zdroj 1500 mA s hrebienkom";""
"AT_ITR-00017681";"";"Sprcha kempingová solární Trizand 23495";"504d4564-93dc-11f1-832d-bc2411833e01";"";"5900779950184";"";"";"Šport, hračky a voľný čas > Turistika > Cestování a outdoor";"Šport, hračky a voľný čas > Turistika > Turistické vybavenie";"Auto-moto > Karavany a obytná autá > Ostatné doplnky";"Šport, hračky a voľný čas > Turistika > Cestování a outdoor";"";"";"";"";"";"";"";"Trizand 23495 solar shower Deluxe 20l";""
"AT_ITR-00018257";"";"Skicovací sada Maaleo 26134 27dílná";"50bfaea6-93dc-11f1-9af4-bc2411833e01";"";"5900779957664";"";"";"Šport, hračky a voľný čas > Hračky > Výtvarné hračky a tvoření > Malování, barvy, šablony";"Šport, hračky a voľný čas > Hračky > Výtvarné hračky a tvoření > Malování, barvy, šablony";"";"";"";"";"";"";"";"";"";"Maaleo 26134 Súprava na maľovanie a skicovanie 29 kusov";""
"AT_LEC-RBA-6014-6.8";"";"Zátěžová deka Rebel Active RBA-6014-6.8   6,8 kg (150x200 cm)";"514fd602-93dc-11f1-9813-bc2411833e01";"";"5901890124676";"";"";"Domáce spotrebiče > Malé spotrebiče > Potreby pre domácnosť > Doplnky do domácnosti > Ostatné doplnky do domácnosti";"Šport, hračky a voľný čas > Zdravotní potreby > Zátěžové deky";"Domáce spotrebiče > Malé spotrebiče > Potreby pre domácnosť > Doplnky do domácnosti > Ostatné doplnky do domácnosti";"";"";"";"";"";"";"";"";"Rebel Zátěžová deka RBA-6014 6,8kg 150x200";""
"AT_LEC-RBA-4516";"";"Kajak REBEL ACTIVE RBA-4516 nafukovací dvoumístný 350x78x52 cm";"51f47266-93dc-11f1-af7a-bc2411833e01";"";"5901890123372";"";"";"Šport, hračky a voľný čas > Sportovní vybavenie > Paddleboardy";"Šport, hračky a voľný čas > Sportovní vybavenie > Vodné športy, hračky do vody";"Šport, hračky a voľný čas > Sportovní vybavenie > Paddleboardy";"";"";"";"";"";"";"";"";"Rebel RBA-4516";""
"AT_LEC-24175EU";"";"Matrace nafukovací AVENLI 24175EU 191x99x30 cm s elektrickou pumpou";"54fcfe60-93dc-11f1-8393-bc2411833e01";"";"6920388600484";"";"";"Šport, hračky a voľný čas > Turistika > Karimatky, matrace, vankúše";"Šport, hračky a voľný čas > Turistika > Karimatky, matrace, vankúše";"";"";"";"";"";"";"";"";"";"Avenli 24175EU Matrac nafukovací 191 x 99 x 30 cm";""
"AT_ABL-30-B1-575";"";"Boxovací hruška DBX BUSHIDO SK15 černo-bílá 15 kg";"55473804-93dc-11f1-90ea-bc2411833e01";"";"5904639190796";"";"";"Šport, hračky a voľný čas > Bojové športy > Boxovací pytle - plné";"Šport, hračky a voľný čas > Bojové športy > Boxovací pytle - plné";"";"";"";"";"";"";"";"";"";"Bushido Boxovacia hruška DBX SK15 -15 kg";""
"AT_ABL-30-B1-616";"";"Chránič zubů DBX BUSHIDO MG-2-FIGHT";"556baa68-93dc-11f1-b585-bc2411833e01";"";"5904639190970";"";"";"Šport, hračky a voľný čas > Bojové športy > Chrániče";"Šport, hračky a voľný čas > Bojové športy > Chrániče";"";"";"";"";"";"";"";"";"";"DBX Bushido MG-2-FIGHT";""
"AT_ATO-3010040210";"";"Monitor přídavný GoSmart EMOS IP-750B /H4021/ pro videotelefon IP-750A";"57d26d6e-93dc-11f1-9391-bc2411833e01";"";"8592920129692";"";"";"Bezpečnosť a smart domácnosť > Smart domácnosť > Zvončeky";"Záhrada > Brány a zvončeky > Bezdrátové zvončeky";"Bezpečnosť a smart domácnosť > Smart domácnosť > Zvončeky";"";"";"";"";"";"";"";"";"Emos GoSmart IP-750B H4021";""
"AT_LEV-84092";"";"Detektor plynu Ermenrich NG40 Fialový";"57dfe99e-93dc-11f1-ae88-bc2411833e01";"";"5905555021805";"";"";"Bezpečnosť a smart domácnosť > Zabezpečenie > Detektory CO, CO2, plynu a vody";"Bezpečnosť a smart domácnosť > Zabezpečenie > Detektory CO, CO2, plynu a vody";"";"";"";"";"";"";"";"";"";"Ermenrich NG40";""
"AT_ABL-30-B1-416";"";"Chránič hrudníku DBX BUSHIDO ARC-1505";"5815d040-93dc-11f1-b697-bc2411833e01";"";"5902539013658";"";"";"Šport, hračky a voľný čas > Bojové športy > Chrániče holenie";"Šport, hračky a voľný čas > Bojové športy > Chrániče holenie";"";"";"";"";"";"";"";"";"";"Bushido DBX Chránič hrudníka ARC-1505";""
"AT_LEC-KM0292";"";"Kamera akční KRUGER & MATZ KM0292 Vision P400";"5a691686-93dc-11f1-8917-bc2411833e01";"";"5901890103206";"";"";"Bezpečnosť a smart domácnosť > Kamerové systémy > Akční kamery";"Bezpečnosť a smart domácnosť > Kamerové systémy > Akční kamery";"";"";"";"";"";"";"";"";"";"Kruger & Matz Vision P400";""
"AT_ABL-30-B1-537";"";"Čistič koženého tréninkového vybavení DBX BUSHIDO Leather Cleaner 150 ml";"5a81f8c2-93dc-11f1-a422-bc2411833e01";"";"5904639190543";"";"";"Šport, hračky a voľný čas > Bojové športy > Príslušenstvo";"Šport, hračky a voľný čas > Bojové športy > Príslušenstvo";"";"";"";"";"";"";"";"";"";"DBX Bushido Leather Cleaner 150 ml";""
"AT_TIP-04250122";"";"Baterie motocyklová  12V /  5Ah Vipow";"5b734966-93dc-11f1-9167-bc2411833e01";"";"5901436759331";"";"";"Fotovoltaika a energie > Akumulátory a batérie > Olovené akumulátory > 12V";"Fotovoltaika a energie > Akumulátory a batérie > Autobatérie";"Auto-moto > Nabíjanie > Autobatérie";"Fotovoltaika a energie > Akumulátory a batérie > Olovené akumulátory > 12V";"";"";"";"";"";"";"";"Vipow 12V 4Ah";""
"AT_7473L2";"";"Johansson KIT 7473 L2 zesilovač + zdroj (2437)";"62144fae-93dc-11f1-83fc-bc2411833e01";"";"5404041102849";"";"";"TV, audio a video > Antény a satelity > ZOSILŇOVAČE > K anténě";"TV, audio a video > Antény a satelity > ZOSILŇOVAČE > Domové";"TV, audio a video > Antény a satelity > ZOSILŇOVAČE > K anténě";"";"";"";"";"";"";"";"";"Anténny predzosilňovač inteligentný Johansson KIT 7473L2 Smart Amp";""
"AT_CMP-90511";"";"Impregnace na outdoorové oděvy INPRODUCTS 200ml";"62df2058-93dc-11f1-a6e3-bc2411833e01";"";"8595616500447";"";"";"Šport, hračky a voľný čas > Turistika > Impregnace";"Šport, hračky a voľný čas > Turistika > Impregnace";"";"";"";"";"";"";"";"";"";"Nano-protech Sprej impregnácia 200ml";""
"AT_TIP-06424590";"";"Stabilizátor napětí KEMOT MSER-500 se servomotorem";"6385d916-93dc-11f1-bc92-bc2411833e01";"";"5901890048927";"";"";"Fotovoltaika a energie > Záložné zdroje a UPS > Stabilizátory napätie";"Fotovoltaika a energie > Záložné zdroje a UPS > Stabilizátory napätie";"";"";"";"";"";"";"";"";"";"Kemot MSER-500 VA";""
"AT_ABL-30-B1-493";"";"Chránič kloubů s omotávkou DBX BUSHIDO GM-1";"675e38e4-93dc-11f1-aab9-bc2411833e01";"";"5902539019278";"";"";"Šport, hračky a voľný čas > Bojové športy > Príslušenstvo";"Šport, hračky a voľný čas > Bojové športy > Príslušenstvo";"";"";"";"";"";"";"";"";"";"DBX Bushido GM-1";""
"AT_ABL-30-B1-048";"";"Reflexní míč, speedbag DBX BUSHIDO ARS-1164";"67dbf022-93dc-11f1-b859-bc2411833e01";"";"5902539010480";"";"";"Šport, hračky a voľný čas > Bojové športy > Hrušky a speedbagy";"Šport, hračky a voľný čas > Bojové športy > Hrušky a speedbagy";"";"";"";"";"";"";"";"";"";"Bushido ARS-1164 speedbag";""
"AT_ABL-30-B1-055";"";"Lapa na kopy DBX BUSHIDO P1";"67ebb05c-93dc-11f1-9231-bc2411833e01";"";"5902539013641";"";"";"Šport, hračky a voľný čas > Bojové športy > Lapy a bloky";"Šport, hračky a voľný čas > Bojové športy > Lapy a bloky";"";"";"";"";"";"";"";"";"";"Bushido P1";""
"AT_ABL-30-B1-074";"";"Tréninkový blok DBX BUSHIDO T42";"680fa6c4-93dc-11f1-8dfc-bc2411833e01";"";"5902539011562";"";"";"Šport, hračky a voľný čas > Bojové športy > Lapy a bloky";"Šport, hračky a voľný čas > Bojové športy > Lapy a bloky";"";"";"";"";"";"";"";"";"";"Bushido T 42 x 25 x 12";""
"AT_LEC-URZ3415";"";"Stabilizátor napětí KEMOT SHB-3000 URZ3415 s opožděným zapnutím";"68c747f2-93dc-11f1-9482-bc2411833e01";"";"5901890019088";"";"";"Fotovoltaika a energie > Záložné zdroje a UPS > Stabilizátory napätie";"Fotovoltaika a energie > Záložné zdroje a UPS > Stabilizátory napätie";"";"";"";"";"";"";"";"";"";"KEMOT URZ3415";""
"AT_TIP-08852698";"";"Cyklotaška pod sedlo s klipem";"69428458-93dc-11f1-b289-bc2411833e01";"";"8591686120226";"";"";"Šport, hračky a voľný čas > Cyklistika > Cyklotašky";"Šport, hračky a voľný čas > Cyklistika > Cyklotašky";"";"";"";"";"";"";"";"";"";"Compass Bike";""
"AT_TIP-08852700";"";"Cyklotaška nad rám přední vidlice + PHONE šedo - černá";"694ea3aa-93dc-11f1-a58a-bc2411833e01";"";"8591686120264";"";"";"Šport, hračky a voľný čas > Cyklistika > Cyklotašky";"Šport, hračky a voľný čas > Cyklistika > Cyklotašky";"";"";"";"";"";"";"";"";"";"Compass Bike";""
"AT_AD620PLUSD2";"";"FAGOR AD 620 D2 5G/LTE700 zesilovač / VHF / UHF";"6a2f4f9a-93dc-11f1-9d5f-bc2411833e01";"";"8432589364419";"";"";"TV, audio a video > Antény a satelity > ZOSILŇOVAČE > Domové";"TV, audio a video > Antény a satelity > ZOSILŇOVAČE > Domové";"";"";"";"";"";"";"";"";"";"Fagor AD 620 Plus";""
"AT_3006";"";"Konzola na stožár průměr 35 - 60mm, 20cm od zdi se základnou 150x150mm";"6adaf106-93dc-11f1-902c-bc2411833e01";"";"5907813655241";"";"";"TV, audio a video > Antény a satelity > Konzoly, stožiare, uzemnenie > Držiaky stožárů > Na stěnu pevné";"TV, audio a video > Antény a satelity > Konzoly, stožiare, uzemnenie > Držiaky stožárů > Na stěnu pevné";"";"";"";"";"";"";"";"";"";"CONSOLE Konzola na stožiar priemer 35 - 60mm, 20cm od zd steny so základňou 150x150mm";""
"AT_ABLNBQUATT";"";"AB-COM LNB AB 01 M Quattro";"6e0cf1c6-93dc-11f1-9284-bc2411833e01";"";"8588004984783";"";"";"TV, audio a video > Antény a satelity > LNB konvertory > Quattro (H/V)";"TV, audio a video > Antény a satelity > LNB konvertory > Quattro (H/V)";"";"";"";"";"";"";"";"";"";"AB-COM LNB AB01 M Quattro";""
"AT_TIP-14530826";"";"Multipřepínač GoSAT GS171712E 17/12";"6e5a46f6-93dc-11f1-afb9-bc2411833e01";"";"8595563705773";"";"";"TV, audio a video > Antény a satelity > Satelitné príslušenstvo > Multipřepínače > 4 družice";"TV, audio a video > Antény a satelity > Satelitné príslušenstvo > Multipřepínače > 4 družice";"";"";"";"";"";"";"";"";"";"GoSAT GS171712E";""
"AT_EMO1446002000";"";"Svítilna na kolo SET 1+3x LED, na 3+2x AAA, přední+zadní";"719cafd4-93dc-11f1-b15b-bc2411833e01";"";"8592920029848";"";"";"Šport, hračky a voľný čas > Cyklistika > Svietidlá na kolo";"Šport, hračky a voľný čas > Cyklistika > Svietidlá na kolo";"";"";"";"";"";"";"";"";"";"Emos P3920 set čierne";""
"AT_CPP-CP-USC-TC51PL2C-0360";"";"CP-USC-TC51PL2-0360 5.0 Mpix vekovní IP kamera s IR a mikrofonem";"71c6e740-93dc-11f1-85c8-bc2411833e01";"";"4250593440400";"";"";"Bezpečnosť a smart domácnosť > Kamerové systémy > KAMERY 4v1 > 5.0 Mpix.";"Bezpečnosť a smart domácnosť > Kamerové systémy > KAMERY 4v1 > 5.0 Mpix.";"";"";"";"";"";"";"";"";"";"CP PLUS CP-USC-TC51PL2C-0360";""
"AT_GLAXPRIMA";"";"TV držák AX OPTICUM Strong Prima 30""–70""";"731a48e4-93dc-11f1-8d3e-bc2411833e01";"";"5901968013291";"";"";"TV, audio a video > TV stolíky a držiaky > S náklonem";"TV, audio a video > TV stolíky a držiaky > S náklonem";"";"";"";"";"";"";"";"";"";"OPTICUM AX STRONG PRIMA 03298";""
"AT_LP-RB-4003";"";"Zdroj záložní REBEL POWER 1000 RB-4003 700W 12V";"76b7853e-93dc-11f1-8e6b-bc2411833e01";"";"5901890078702";"";"";"Fotovoltaika a energie > Záložné zdroje a UPS > Záložné zdroje pre oběhová čerpadlá";"Fotovoltaika a energie > Záložné zdroje a UPS > Záložné zdroje pre oběhová čerpadlá";"";"";"";"";"";"";"";"";"";"KEMOT PROsinus-1000 URZ3406B 1000VA / 700W";""
"AT_LP-RB-4001";"";"Zdroj záložní REBEL POWER 500 RB-4001 300W 12V";"76c52400-93dc-11f1-a79d-bc2411833e01";"";"5901890078689";"";"";"Fotovoltaika a energie > Záložné zdroje a UPS > Záložné zdroje pre oběhová čerpadlá";"Fotovoltaika a energie > Záložné zdroje a UPS > Záložné zdroje pre oběhová čerpadlá";"";"";"";"";"";"";"";"";"";"REBEL POWER-500";""
"AT_LP-RB-4002";"";"Zdroj záložní Rebel POWER-800 RB-4002 500W 12V";"76d2d83e-93dc-11f1-b94d-bc2411833e01";"";"5901890078696";"";"";"Fotovoltaika a energie > Záložné zdroje a UPS > Záložné zdroje pre oběhová čerpadlá";"Fotovoltaika a energie > Záložné zdroje a UPS > Záložné zdroje pre oběhová čerpadlá";"";"";"";"";"";"";"";"";"";"Rebel POWER-800";""
"AT_EMO1550044029";"";"GoSmart LED vánoční řetěz EMOS D4ZR01, 8 m, venkovní i vnitřní, RGB, programy, časovač, wifi";"76e0363c-93dc-11f1-be73-bc2411833e01";"";"8592920121726";"";"";"Bezpečnosť a smart domácnosť > Smart domácnosť > Osvetlenie";"Elektroinštalačný materiál > Osvetlenie > Vianočné dekorácie";"Bezpečnosť a smart domácnosť > Smart domácnosť > Osvetlenie";"";"";"";"";"";"";"";"";"EMOS GoSmart LED vianočná reťaz 12 m vonkajšia aj vnútorná RGB programy časovač WiFi";""
"AT_MS-WT 8500 GOLD";"";"Hodiny nástěnné TechnoLine  WT 8500 gold";"78e5909e-93dc-11f1-9be5-bc2411833e01";"";"4029665185002";"";"";"Domáce spotrebiče > Malé spotrebiče > Hodiny a budíky > Hodiny";"Domáce spotrebiče > Malé spotrebiče > Hodiny a budíky > Hodiny";"";"";"";"";"";"";"";"";"";"Techno Line WT 8500-1";""
"AT_MS-WT 8500 BLACK";"";"Hodiny nástěnné TechnoLine WT 8500 black";"78f1ab5e-93dc-11f1-89bd-bc2411833e01";"";"4029665385006";"";"";"Domáce spotrebiče > Malé spotrebiče > Hodiny a budíky > Hodiny";"Domáce spotrebiče > Malé spotrebiče > Hodiny a budíky > Hodiny";"";"";"";"";"";"";"";"";"";"Technoline WT8500";""
"AT_MS-WT 8500 SILVER";"";"Hodiny nástěnné TechnoLine  WT 8500 silver";"78fe0250-93dc-11f1-8de0-bc2411833e01";"";"4029665285009";"";"";"Domáce spotrebiče > Malé spotrebiče > Hodiny a budíky > Hodiny";"Domáce spotrebiče > Malé spotrebiče > Hodiny a budíky > Hodiny";"";"";"";"";"";"";"";"";"";"Technoline WT8500";""
"AT_MS-MODELL KIDS CLOCK";"";"Hodiny - stavebnice TechnoLine Modell Kids Clock";"795422a2-93dc-11f1-82eb-bc2411833e01";"";"4029665181400";"";"";"Domáce spotrebiče > Malé spotrebiče > Hodiny a budíky > Hodiny";"Šport, hračky a voľný čas > Hračky > Stavebnice";"Domáce spotrebiče > Malé spotrebiče > Hodiny a budíky > Hodiny";"";"";"";"";"";"";"";"";"MPM E11.4628.006869";""
"AT_MS-MODELL DGW";"";"Budík analogový TechnoLine Modell DGW";"7961b84a-93dc-11f1-8711-bc2411833e01";"";"4029665010106";"";"";"Domáce spotrebiče > Malé spotrebiče > Hodiny a budíky > Budíky";"Domáce spotrebiče > Malé spotrebiče > Hodiny a budíky > Budíky";"";"";"";"";"";"";"";"";"";"TechnoLine Modell DGW";""
"AT_LEC-RBA-6003-BK";"";"Akupresurní podložka s polštářem REBEL ACTIVE RBA-6003-BK";"7a8b7882-93dc-11f1-a3cb-bc2411833e01";"";"5901890102384";"";"";"Šport, hračky a voľný čas > Posilňovanie a fitness > Podložky";"Šport, hračky a voľný čas > Zdravotní potreby > Masážne nástroje";"Šport, hračky a voľný čas > Posilňovanie a fitness > Podložky";"";"";"";"";"";"";"";"";"REBEL Akupresúrna podložka RBA-6003-BK Black 130 x 50 cm";""
"AT_EMO1613053200";"";"Powerbanka EMOS BetaQ 20, 20 000 mAh, 22,5 W, černá";"7aa64cf2-93dc-11f1-9d1d-bc2411833e01";"";"8592920124796";"";"";"Fotovoltaika a energie > Záložné zdroje a UPS > Powerbanky";"Fotovoltaika a energie > Záložné zdroje a UPS > Powerbanky";"";"";"";"";"";"";"";"";"";"EMOS B0532B";""
"AT_ITR-00018055";"";"Lezecké chyty kameny Kruzzel 25395 22 ks";"7c197122-93dc-11f1-b17a-bc2411833e01";"";"5900779955264";"";"";"Šport, hračky a voľný čas > Sportovní vybavenie > Ostatné športy";"Šport, hračky a voľný čas > Sportovní vybavenie > Ostatné športy";"";"";"";"";"";"";"";"";"";"Krouszel 25395 Clearing Mounts Stones Plastic 22 ks";""
"AT_LEC-RBA-3225-BL";"";"Bedýnka na step REBEL ACTIVE RBA-3225-BL";"7db0acb2-93dc-11f1-8dbf-bc2411833e01";"";"5901890100083";"";"";"Šport, hračky a voľný čas > Posilňovanie a fitness > Stepy a steppery";"Šport, hračky a voľný čas > Posilňovanie a fitness > Stepy a steppery";"";"";"";"";"";"";"";"";"";"REBEL RBA-3225-BL Active";""
"AT_ITR-00012517";"";"Výrobník ledu Ruhhy K5537";"7de85c7a-93dc-11f1-ba72-bc2411833e01";"";"5902802904768";"";"";"Domáce spotrebiče > Malé spotrebiče > Príprava nápojov > Výrobníky ľadu";"Domáce spotrebiče > Malé spotrebiče > Príprava nápojov > Výrobníky ľadu";"";"";"";"";"";"";"";"";"";"Ruhhy 5537";""
"AT_ITR-00016207";"";"Sada pro přežití SURVIVAL 32v1 Trizand 19920";"7e0e59d4-93dc-11f1-8c8e-bc2411833e01";"";"5904576552367";"";"";"Šport, hračky a voľný čas > Turistika > Turistické vybavenie";"Šport, hračky a voľný čas > Turistika > Turistické vybavenie";"";"";"";"";"";"";"";"";"";"Trizand 19920 SOS Sada na prežitie 32v1";""
"AT_LEC-RBA-6011-GL";"";"Akupresurní podložka REBEL ACTIVE RBA-6011-GL 72x42cm ECO zlatá";"7ec58e7e-93dc-11f1-8fc0-bc2411833e01";"";"5901890123006";"";"";"Šport, hračky a voľný čas > Posilňovanie a fitness > Podložky";"Šport, hračky a voľný čas > Zdravotní potreby > Masážne nástroje";"Šport, hračky a voľný čas > Posilňovanie a fitness > Podložky";"";"";"";"";"";"";"";"";"REBEL Akupresúrna podložka RBA-6011-GL 72x42cm";""
"AT_LEC-RBA-6012-GL";"";"Akupresurní podložka REBEL ACTIVE RBA-6012-GL 110x42cm XL ECO";"7ed25320-93dc-11f1-b02e-bc2411833e01";"";"5901890123013";"";"";"Šport, hračky a voľný čas > Posilňovanie a fitness > Podložky";"Šport, hračky a voľný čas > Zdravotní potreby > Masážne nástroje";"Šport, hračky a voľný čas > Posilňovanie a fitness > Podložky";"";"";"";"";"";"";"";"";"REBEL Akupresúrna podložka RBA-6012-GL 110x42cm";""
"AT_LEC-RBA-6013-GL";"";"Akupresurní podložka REBEL ACTIVE RBA-6013-GL 130x50cm XXL ECO šedá";"7edefcb0-93dc-11f1-98db-bc2411833e01";"";"5901890123020";"";"";"Šport, hračky a voľný čas > Posilňovanie a fitness > Podložky";"Šport, hračky a voľný čas > Zdravotní potreby > Masážne nástroje";"Šport, hračky a voľný čas > Posilňovanie a fitness > Podložky";"";"";"";"";"";"";"";"";"REBEL Akupresúrna podložka RBA-6013-GL 130x50cm";""
"AT_ITR-00018497";"";"Kamera endoskopická Bigstren 25520 5m";"7efc07ce-93dc-11f1-81b3-bc2411833e01";"";"5900779955653";"";"";"Bezpečnosť a smart domácnosť > Kamerové systémy > Inspekční kamery, endoskopy";"Náradie a dielňa > MERACIE TECHNIKA > Inspekční kamery, endoskopy";"Bezpečnosť a smart domácnosť > Kamerové systémy > Inspekční kamery, endoskopy";"";"";"";"";"";"";"";"";"Inšpekčná kamera BIGSTREN 5 m IP67 s displejom Full HD a 8 LED";""
"AT_EMO1604844112";"";"Nabíječka baterií GP B441 + Speed Dock + 4 x AA 2100 mAh";"7f1c12ee-93dc-11f1-b523-bc2411833e01";"";"4891199213267";"";"";"Fotovoltaika a energie > Akumulátory a batérie > NiMh nabíjacie akumulátory > AA ceruzkové";"Fotovoltaika a energie > Nabíjačky > Nabíjačky NiCd, NiMh, NiZn";"Fotovoltaika a energie > Akumulátory a batérie > NiMh nabíjacie akumulátory > AA ceruzkové";"";"";"";"";"";"";"";"";"GP nabíjačka batérií B441 + Speed Dock D451 + 4 x AA 2100 mAh B50444D";""
"AT_ITR-00018524";"";"Elektrický ohřívač Lumni Kaminer 26374";"7f489e18-93dc-11f1-8f62-bc2411833e01";"";"5900779958883";"";"";"Domáce spotrebiče > Malé spotrebiče > Vzduchotechnika > Vykurovanie";"Domáce spotrebiče > Malé spotrebiče > Vzduchotechnika > Vykurovanie";"";"";"";"";"";"";"";"";"";"Kaminer LUMNI 26374";""
"AT_ABL-30-B1-388";"";"Boxerská helma DBX BUSHIDO ARH-2190R červená XL";"806752ee-93dc-11f1-833a-bc2411833e01";"";"5902539017656";"";"";"Šport, hračky a voľný čas > Bojové športy > Chrániče";"Šport, hračky a voľný čas > Bojové športy > Chrániče";"";"";"";"";"";"";"";"";"";"DBX Bushido ARH-2190R";""
"AT_ATO-A500004290";"";"Baterie LiFePO4 12,8V 10Ah MHPower MS10-12(L) F2-6,3mm";"80d32596-93dc-11f1-964f-bc2411833e01";"";"8594199731835";"";"";"Fotovoltaika a energie > Akumulátory a batérie > LiFePO4 akumulátory";"Fotovoltaika a energie > Akumulátory a batérie > LiFePO4 akumulátory";"";"";"";"";"";"";"";"";"";"MHPower LiFePO4 12V 10Ah F2 6,3mm MS10-12 L";""
"AT_EMO1206000001";"";"Baterie nabíjecí Li-Ion 18650 3,7V/3500mAh XTAR";"8106f466-93dc-11f1-bee1-bc2411833e01";"";"6952918302193";"";"";"Fotovoltaika a energie > Akumulátory a batérie > Li-Ion nabíjacie akumulátory";"Fotovoltaika a energie > Akumulátory a batérie > Li-Ion nabíjacie akumulátory";"";"";"";"";"";"";"";"";"";"XTAR Batéria 18650 3500mAh 3,6V s ochranou";""
"AT_ATO-A500007725";"";"Baterie LiFePO4 12,8V 20Ah MHPower MS20-12(L) LC1-M5";"8273cf36-93dc-11f1-a8c1-bc2411833e01";"";"8594199731996";"";"";"Fotovoltaika a energie > Akumulátory a batérie > LiFePO4 akumulátory";"Fotovoltaika a energie > Akumulátory a batérie > LiFePO4 akumulátory";"";"";"";"";"";"";"";"";"";"MHPower LiFePO4 12V 20Ah LC1-M5 MS20-12 L";""
"AT_TIP-08854625";"";"Cyklotaška Compass na řídítka";"82a4c8e8-93dc-11f1-a99d-bc2411833e01";"";"8591686120301";"";"";"Šport, hračky a voľný čas > Cyklistika > Cyklotašky";"Šport, hračky a voľný čas > Cyklistika > Cyklotašky";"";"";"";"";"";"";"";"";"";"Compass Cyklo 12030";""
"AT_TIP-06423376";"";"Přípravek do chemických toalet STACHEMA QUALICAR NEW 1L";"8459a956-93dc-11f1-b350-bc2411833e01";"";"8595039312689";"";"";"Šport, hračky a voľný čas > Turistika > Turistické vybavenie";"Auto-moto > Karavany a obytná autá > Ostatné doplnky";"Šport, hračky a voľný čas > Turistika > Turistické vybavenie";"";"";"";"";"";"";"";"";"Qualicar náplň do chemických WC 1 l";""
"AT_EMO2627303000";"";"Měřič kvality vzduchu EMOS E30300 GoSmart s Wifi";"856280a2-93dc-11f1-b28c-bc2411833e01";"";"8592920126318";"";"";"Bezpečnosť a smart domácnosť > Smart domácnosť > Detektory a alarmy";"Náradie a dielňa > MERACIE TECHNIKA > Detektory";"Náradie a dielňa > MERACIE TECHNIKA > Meranie neelektrických veličin";"Bezpečnosť a smart domácnosť > Smart domácnosť > Detektory a alarmy";"";"";"";"";"";"";"";"Emos E30300";""
"AT_IST-TEDE00045";"";"Bezdrátové čidlo pro TESLA Device MS360";"8899fce6-93dc-11f1-857c-bc2411833e01";"";"8595689805395";"";"";"Domáce spotrebiče > Malé spotrebiče > Meteostanice > Bezdrátová čidlá";"Domáce spotrebiče > Malé spotrebiče > Meteostanice > Bezdrátová čidlá";"";"";"";"";"";"";"";"";"";"Tesla Device MS360S";""
"AT_TIP-14590024";"";"BLOW ASF02 Indikátor satelitního signálu";"89751d62-93dc-11f1-a1a3-bc2411833e01";"";"5900804061069";"";"";"TV, audio a video > Antény a satelity > Meracie prístroje";"TV, audio a video > Antény a satelity > Meracie prístroje";"";"";"";"";"";"";"";"";"";"SKYSAT Satelitný vyhladávač SAT-FINDER LXU83";""
"AT_ITR-00014188";"";"Rehabilitační rotoped Trizand 9641";"8e6cc630-93dc-11f1-b412-bc2411833e01";"";"5900779935365";"";"";"Šport, hračky a voľný čas > Posilňovanie a fitness > Trenažéry > Rotopedy";"Šport, hračky a voľný čas > Zdravotní potreby > Rehabilitační rotopedy";"Šport, hračky a voľný čas > Posilňovanie a fitness > Trenažéry > Rotopedy";"";"";"";"";"";"";"";"";"Malatec 9641";""
"AT_TIP-04230633";"";"Měnič napětí CARSPA P5000 24V/230V 5000W USB, čistá sinusovka";"8ebfbc00-93dc-11f1-9243-bc2411833e01";"";"8596425184385";"";"";"Fotovoltaika a energie > Meniče napätia";"Fotovoltaika a energie > Meniče napätia";"";"";"";"";"";"";"";"";"";"Carspa P5000 24V/230V 5000W čistá sínusovka";""
"AT_LEC-RBA-2404";"";"Multifunkční tréninková hrazda REBEL ACTIVE RBA-2404";"8eceaa9e-93dc-11f1-8489-bc2411833e01";"";"5901890101394";"";"";"Šport, hračky a voľný čas > Posilňovanie a fitness > Posilňovacie stroje";"Šport, hračky a voľný čas > Posilňovanie a fitness > Posilňovacie stroje";"";"";"";"";"";"";"";"";"";"REBEL RBA-2404 ACTIVE";""
"AT_ITR-00018112";"";"Koloběžka Spidoo Kruzzel 25628 růžová";"8f091fe4-93dc-11f1-9bd0-bc2411833e01";"";"5900779955820";"";"";"Šport, hračky a voľný čas > Sportovní vybavenie > Kolobežky";"Šport, hračky a voľný čas > Sportovní vybavenie > Kolobežky";"";"";"";"";"";"";"";"";"";"Kruzzel 25628 Spidoo";""
"AT_ATO-3010040340";"";"GoSmart EMOS IP-21PoE /H4034/ videozvonek s klávesnicí";"8fa5c93e-93dc-11f1-a698-bc2411833e01";"";"8592920138229";"";"";"Bezpečnosť a smart domácnosť > Smart domácnosť > Zvončeky";"Bezpečnosť a smart domácnosť > Smart domácnosť > Zvončeky";"";"";"";"";"";"";"";"";"";"GoSmart H4034";""
"AT_LEC-RBA-3202";"";"Švihadlo REBEL ACTIVE RBA-3202";"90594e78-93dc-11f1-869e-bc2411833e01";"";"5901890100007";"";"";"Šport, hračky a voľný čas > Posilňovanie a fitness > Pomôcky na cvičenie > Pomôcky na cvičenie doma";"Šport, hračky a voľný čas > Posilňovanie a fitness > Pomôcky na cvičenie > Švihadlá";"Šport, hračky a voľný čas > Posilňovanie a fitness > Pomôcky na cvičenie > Pomôcky na cvičenie doma";"";"";"";"";"";"";"";"";"Rebel RBA-3202";""
"AT_ATO-WIFIP141EWT";"";"SmartLife chytrá DUO zásuvka NEDIS WIFIP141EWT /Wi-Fi/měřič spotřeby/16A/3680W/bílá";"9317196a-93dc-11f1-872b-bc2411833e01";"";"5412810448326";"";"";"Bezpečnosť a smart domácnosť > Smart domácnosť > Zásuvky";"Elektroinštalačný materiál > Predlžovačky, zásuvky, vidlica > Vidlica a zásuvky";"Bezpečnosť a smart domácnosť > Smart domácnosť > Zásuvky";"";"";"";"";"";"";"";"";"Nedis WIFIP141EWT";""
"AT_ATO-WIFIPO130EWT";"";"SmartLife chytrá zásuvka NEDIS WIFIPO130EWT /Wi-Fi/měřič spotřeby/IP44/16A/3680W/bílá";"9332fea0-93dc-11f1-8254-bc2411833e01";"";"5412810449705";"";"";"Bezpečnosť a smart domácnosť > Smart domácnosť > Zásuvky";"Elektroinštalačný materiál > Predlžovačky, zásuvky, vidlica > Vidlica a zásuvky";"Bezpečnosť a smart domácnosť > Smart domácnosť > Zásuvky";"";"";"";"";"";"";"";"";"Nedis WIFIPO130EWT";""
"AT_ABL-30-B1-335";"";"Kruhový tréninkový blok DBX BUSHIDO KS-1 45 cm";"953ab2e2-93dc-11f1-9083-bc2411833e01";"";"5902539016635";"";"";"Šport, hračky a voľný čas > Bojové športy > Lapy a bloky";"Šport, hračky a voľný čas > Bojové športy > Lapy a bloky";"";"";"";"";"";"";"";"";"";"Bushido DBX KS-1";""
"AT_ABL-30-B1-346";"";"Tréninkový blok DBX BUSHIDO T75B";"9546926a-93dc-11f1-8344-bc2411833e01";"";"5902539017304";"";"";"Šport, hračky a voľný čas > Bojové športy > Lapy a bloky";"Šport, hračky a voľný čas > Bojové športy > Lapy a bloky";"";"";"";"";"";"";"";"";"";"DBX Bushido T75B";""
"AT_LEC-RBA-3005";"";"Guma posilovací REBEL ACTIVE RBA-3005 Latexová sada cvičebních pásů Long Band LTs-1, 2,5-20 kg, 5 pásů, barevná";"956bdd4a-93dc-11f1-80ae-bc2411833e01";"";"5901890101974";"";"";"Šport, hračky a voľný čas > Posilňovanie a fitness > Pomôcky na cvičenie > Gumy a pásy na cvičenie";"Šport, hračky a voľný čas > Posilňovanie a fitness > Pomôcky na cvičenie > Pomôcky na cvičenie doma";"Šport, hračky a voľný čas > Posilňovanie a fitness > Pomôcky na cvičenie > Gumy a pásy na cvičenie";"";"";"";"";"";"";"";"";"REBEL Long Band LTs-1 2,5-20 kg";""
"AT_LEC-RBA-3008-3";"";"Tréninkové cvičební pásy TRX P3-3 REBEL ACTIVE RBA-3008-3";"957890c6-93dc-11f1-adf5-bc2411833e01";"";"5901890098816";"";"";"Šport, hračky a voľný čas > Posilňovanie a fitness > Pomôcky na cvičenie > Gumy a pásy na cvičenie";"Šport, hračky a voľný čas > Posilňovanie a fitness > Pomôcky na cvičenie > Pomôcky na cvičenie doma";"Šport, hračky a voľný čas > Posilňovanie a fitness > Pomôcky na cvičenie > Gumy a pásy na cvičenie";"";"";"";"";"";"";"";"";"Rebel ACTIVE TRX P3-3";""
"AT_ABL-30-B1-368";"";"Tréninkový blok DBX BUSHIDO T55b";"95c3a516-93dc-11f1-8470-bc2411833e01";"";"5902539011524";"";"";"Šport, hračky a voľný čas > Bojové športy > Lapy a bloky";"Šport, hračky a voľný čas > Bojové športy > Lapy a bloky";"";"";"";"";"";"";"";"";"";"DBX Bushido T55b";""
"AT_LEC-RBA-3006";"";"Guma posilovací REBEL ACTIVE RBA-3006 TPE Sada posilovacích gum na cvičení - Power Tube Set, 5-30 kg, 5 gum,";"9725963a-93dc-11f1-b5d2-bc2411833e01";"";"5901890098779";"";"";"Šport, hračky a voľný čas > Posilňovanie a fitness > Pomôcky na cvičenie > Gumy a pásy na cvičenie";"Šport, hračky a voľný čas > Posilňovanie a fitness > Pomôcky na cvičenie > Pomôcky na cvičenie doma";"Šport, hračky a voľný čas > Posilňovanie a fitness > Pomôcky na cvičenie > Gumy a pásy na cvičenie";"";"";"";"";"";"";"";"";"Rebel Active Power Tube Set 5-30 kg";""
"AT_LEC-RBA-3054-S6";"";"Masážní sada REBEL ACTIVE RBA-3054-S6, černomodrá, materiál EPP";"973f4918-93dc-11f1-864d-bc2411833e01";"";"5901890098977";"";"";"Šport, hračky a voľný čas > Posilňovanie a fitness > Pomôcky na cvičenie > Pomôcky na cvičenie doma";"Šport, hračky a voľný čas > Posilňovanie a fitness > Pomôcky na cvičenie > Valce, kolieska a masážne lopty";"Šport, hračky a voľný čas > Posilňovanie a fitness > Pomôcky na cvičenie > Pomôcky na cvičenie doma";"";"";"";"";"";"";"";"";"Rebel RBA-3054-S3";""
"AT_LEC-UCH0129";"";"Cabletech UCH0129 TV držák (37-70'' 50kg) černý";"9f47824c-93dc-11f1-8b8f-bc2411833e01";"";"5901436755289";"";"";"TV, audio a video > TV stolíky a držiaky > S odsazením a náklonem";"TV, audio a video > TV stolíky a držiaky > S odsazením a náklonem";"";"";"";"";"";"";"";"";"";"CABLETECH UCH0129";""
"AT_LEC-BAT0507";"";"Baterie motocyklová 12V /  7Ah Vipow";"a2165e8a-93dc-11f1-8578-bc2411833e01";"";"5901890116046";"";"";"Fotovoltaika a energie > Akumulátory a batérie > Olovené akumulátory > 12V";"Fotovoltaika a energie > Akumulátory a batérie > Autobatérie";"Auto-moto > Nabíjanie > Autobatérie";"Fotovoltaika a energie > Akumulátory a batérie > Olovené akumulátory > 12V";"";"";"";"";"";"";"";"Vipow BAT0507 12V 7Ah";""
"AT_ATO-A500007433";"";"Záložní zdroj MHPower WPU-1050-12, UPS, 1050W, čistý sinus, 12V";"a223fd24-93dc-11f1-ab43-bc2411833e01";"";"8594199732221";"";"";"Fotovoltaika a energie > Záložné zdroje a UPS > Záložné zdroje pre oběhová čerpadlá";"Fotovoltaika a energie > Záložné zdroje a UPS > Záložné zdroje pre oběhová čerpadlá";"";"";"";"";"";"";"";"";"";"MHPower MPU-1200-12";""
"AT_ABL-30-B1-501";"";"Horizontální reflexní míč DBX BUSHIDO DBX-SB-2";"a23f8b5c-93dc-11f1-bc56-bc2411833e01";"";"5902539019209";"";"";"Šport, hračky a voľný čas > Bojové športy > Hrušky a speedbagy";"Šport, hračky a voľný čas > Bojové športy > Hrušky a speedbagy";"";"";"";"";"";"";"";"";"";"DBX Bushido DBX-SB-2 Horizontal boxing ball";""
"AT_EMO1446002200";"";"Svítilna na kolo LED COB, SET přední + zadní EMOS P3922";"a4f9954a-93dc-11f1-928d-bc2411833e01";"";"8592920071984";"";"";"Šport, hračky a voľný čas > Cyklistika > Svietidlá na kolo";"Šport, hračky a voľný čas > Cyklistika > Svietidlá na kolo";"";"";"";"";"";"";"";"";"";"Emos LED cyklosvítilna P3920, 2x 1W COB, SET (přední + zadní) 1446002200";""
"AT_LEC-RBA-6003-GL";"";"Akupresurní podložka s polštářem REBEL ACTIVE RBA-6003-GL";"a8839a76-93dc-11f1-84d6-bc2411833e01";"";"5901890114288";"";"";"Šport, hračky a voľný čas > Posilňovanie a fitness > Podložky";"Šport, hračky a voľný čas > Zdravotní potreby > Masážne nástroje";"Šport, hračky a voľný čas > Posilňovanie a fitness > Podložky";"";"";"";"";"";"";"";"";"Rebel RBA-6003-GL";""
"AT_LEC-RB-4026";"";"Zdroj záložní REBEL POWER 500 LFP4 RB-4026 300W 12V";"a8900752-93dc-11f1-bcb6-bc2411833e01";"";"5901890116312";"";"";"Fotovoltaika a energie > Záložné zdroje a UPS > Záložné zdroje pre oběhová čerpadlá";"Fotovoltaika a energie > Záložné zdroje a UPS > Záložné zdroje pre oběhová čerpadlá";"";"";"";"";"";"";"";"";"";"Rebel POWER-500-LFP4";""
"AT_ABL-30-B1-178";"";"Boxovací hruška DBX BUSHIDO ARS-1152M";"a8dc9824-93dc-11f1-bb60-bc2411833e01";"";"5902539014211";"";"";"Šport, hračky a voľný čas > Bojové športy > Hrušky a speedbagy";"Šport, hračky a voľný čas > Bojové športy > Hrušky a speedbagy";"";"";"";"";"";"";"";"";"";"Bushido DBX ARS-1152M";""
"AT_ABL-30-B1-196";"";"Chránič zubů DBX BUSHIDO bílo-modrý";"a8f94cc6-93dc-11f1-9bc0-bc2411833e01";"";"5902539014778";"";"";"Šport, hračky a voľný čas > Bojové športy > Chrániče";"Šport, hračky a voľný čas > Bojové športy > Chrániče";"";"";"";"";"";"";"";"";"";"DBX Bushido MG-1";""
"AT_ABL-30-B1-244";"";"Reflexní míč, speedbag DBX BUSHIDO ARS-1150 B";"a9502e92-93dc-11f1-887a-bc2411833e01";"";"5902539015058";"";"";"Šport, hračky a voľný čas > Bojové športy > Hrušky a speedbagy";"Šport, hračky a voľný čas > Bojové športy > Hrušky a speedbagy";"";"";"";"";"";"";"";"";"";"Bushido DBX ARS-1150 B";""
"AT_ELE-1008082";"";"Pohybové čidlo ORBIS DICROMAT+ - zapuštěná montáž do stropu, montážní otvor 65mm";"aaa22688-93dc-11f1-8cac-bc2411833e01";"";"8426709110192";"";"";"Bezpečnosť a smart domácnosť > Zabezpečenie > PIR čidlá";"Elektroinštalačný materiál > Elektromery a spínacie technika > Pohybová čidlá";"Bezpečnosť a smart domácnosť > Zabezpečenie > PIR čidlá";"";"";"";"";"";"";"";"";"Orbis DICROMAT+";""
"AT_TIP-06423377";"";"Přípravek do chemických toalet STACHEMA QUALICAR NEW 5L";"b4a4d068-93dc-11f1-a767-bc2411833e01";"";"8595039312726";"";"";"Šport, hračky a voľný čas > Turistika > Turistické vybavenie";"Auto-moto > Karavany a obytná autá > Ostatné doplnky";"Šport, hračky a voľný čas > Turistika > Turistické vybavenie";"";"";"";"";"";"";"";"";"STACHEMA Qualicar New 5L";""
"AT_CMP-12031";"";"Cyklotaška na zadní nosič";"bc24c17c-93dc-11f1-925c-bc2411833e01";"";"8591686120318";"";"";"Šport, hračky a voľný čas > Cyklistika > Cyklotašky";"Šport, hračky a voľný čas > Cyklistika > Cyklotašky";"";"";"";"";"";"";"";"";"";"Compass Bike";""
"AT_CMP-12033";"";"Bederní pás CYKLO SPORT";"bc31ace8-93dc-11f1-b880-bc2411833e01";"";"8591686120332";"";"";"Šport, hračky a voľný čas > Cyklistika > Cyklotašky";"Šport, hračky a voľný čas > Cyklistika > Cyklotašky";"";"";"";"";"";"";"";"";"";"Compass Bike";""
"AT_LEC-RBA-6002-BK";"";"Akupresurní podložka s polštářem REBEL ACTIVE RBA-6002-BK";"bce7faac-93dc-11f1-b8d1-bc2411833e01";"";"5901890102360";"";"";"Šport, hračky a voľný čas > Posilňovanie a fitness > Podložky";"Šport, hračky a voľný čas > Zdravotní potreby > Masážne nástroje";"Šport, hračky a voľný čas > Posilňovanie a fitness > Podložky";"";"";"";"";"";"";"";"";"REBEL RBA-6002-BK Akupresúrna podložka 72 x 42 cm";""
"AT_LEC-RBA-6010-GL";"";"Akupresurní podložka REBEL ACTIVE RBA-6010-GL 110x42cm XL hnědá";"bd58df10-93dc-11f1-9127-bc2411833e01";"";"5901890122993";"";"";"Šport, hračky a voľný čas > Posilňovanie a fitness > Podložky";"Šport, hračky a voľný čas > Zdravotní potreby > Masážne nástroje";"Šport, hračky a voľný čas > Posilňovanie a fitness > Podložky";"";"";"";"";"";"";"";"";"Rebel Active Akupresúrna podložka s vankúšom XL 110 × 42 cm, zlaté hroty, L-RBA-6010-GL";""
"AT_LEC-KM00035";"";"Sluneční brýle Kruger&Matz KM00035 polarizační";"bec50d1a-93dc-11f1-99e5-bc2411833e01";"";"5901890118958";"";"";"Šport, hračky a voľný čas > Sportovní vybavenie > Sportovní okuliare";"Šport, hračky a voľný čas > Sportovní vybavenie > Sportovní okuliare";"";"";"";"";"";"";"";"";"";"Kruger & Matz KM00035";""
"AT_VUWIFI600ANT";"";"USB WiFi adaptér duální VU+ 2,4/5GHz/600Mbps s ANTÉNOU 2dBi";"bf081286-93dc-11f1-bedb-bc2411833e01";"";"4260408985729";"";"";"TV, audio a video > Antény a satelity > SATELITNÉ PRIJÍMAČE > Wi-Fi adaptéry";"TV, audio a video > Antény a satelity > SATELITNÉ PRIJÍMAČE > Wi-Fi adaptéry";"";"";"";"";"";"";"";"";"";"Vu+ WIFI 600MBPS ANT";""
"AT_TIP-06428868";"";"Forma ORION Bábovka Flower hnědá";"c27d6aba-93dc-11f1-aa00-bc2411833e01";"";"8592381169794";"";"";"Domáce spotrebiče > Malé spotrebiče > Nádobie > Pečúce formy";"Domáce spotrebiče > Malé spotrebiče > Nádobie > Pečúce formy";"";"";"";"";"";"";"";"";"";"Orion Forma bábovka Flower 23.5 cm silikón";""
"AT_ITR-00019083";"";"Bederní opěrný pás Trizand 27458 XL s 24 magnety";"c4d1b56e-93dc-11f1-9d01-bc2411833e01";"";"5900779963337";"";"";"Šport, hračky a voľný čas > Sportovní vybavenie > Ostatné športy";"Šport, hračky a voľný čas > Posilňovanie a fitness > Príslušenstvo pre posilňovanie";"Šport, hračky a voľný čas > Zdravotní potreby > Masážne nástroje";"Šport, hračky a voľný čas > Sportovní vybavenie > Ostatné športy";"";"";"";"";"";"";"";"Trizand Bedrový podporný pás s magnetmi";""
"AT_BL-82-217";"";"Baterie olověná  12V / 15Ah XTREME/Enerwell bezúdržbový akumulátor";"cad4bc86-93dc-11f1-9c5a-bc2411833e01";"";"5900804003342";"";"";"Fotovoltaika a energie > Akumulátory a batérie > Olovené akumulátory > 12V";"Fotovoltaika a energie > Akumulátory a batérie > Olovené akumulátory > 12V";"";"";"";"";"";"";"";"";"";"Xtreme 82-215 12V 10Ah";""
"AT_CMP-07167";"";"Powerbanka Compass 07167 JUMP STARTER 7200mAh 600A + kompresor";"cfe0861a-93dc-11f1-b42b-bc2411833e01";"";"8591686071672";"";"";"Fotovoltaika a energie > Záložné zdroje a UPS > Powerbanky";"Auto-moto > Garáž, Dielňa, Servis > Kompresory, hustilky";"Auto-moto > Nabíjanie > Nabíjačky a štartovacie boxy";"Fotovoltaika a energie > Záložné zdroje a UPS > Powerbanky";"";"";"";"";"";"";"";"Compass 07167";""
"AT_ATO-OR-PZ-465";"";"Detektor úniku vody ORNO OR-PZ-465";"d064f2d8-93dc-11f1-a2db-bc2411833e01";"";"5908254848032";"";"";"Bezpečnosť a smart domácnosť > Zabezpečenie > Detektory CO, CO2, plynu a vody";"Náradie a dielňa > MERACIE TECHNIKA > Detektory";"Elektroinštalačný materiál > Elektromery a spínacie technika > Hladinvé spínače";"Bezpečnosť a smart domácnosť > Zabezpečenie > Detektory CO, CO2, plynu a vody";"";"";"";"";"";"";"";"1 modulové relé na riadenie hladiny vody pre 1 nádrž 24-240VAC/DC";""
"AT_ABL-30-B1-043";"";"Pytlové rukavice DBX BUSHIDO RP4";"d099a762-93dc-11f1-99aa-bc2411833e01";"";"5902539011586";"";"";"Šport, hračky a voľný čas > Bojové športy > Pytlovky";"Šport, hračky a voľný čas > Bojové športy > Pytlovky";"";"";"";"";"";"";"";"";"";"Bushido RP4";""
"AT_G210T";"";"Měřič kvality vzduchu chytrý GARNI 210T OneCare";"d1487a76-93dc-11f1-ab85-bc2411833e01";"";"8592733020896";"";"";"Bezpečnosť a smart domácnosť > Smart domácnosť > Detektory a alarmy";"Náradie a dielňa > MERACIE TECHNIKA > Detektory";"Náradie a dielňa > MERACIE TECHNIKA > Meranie neelektrických veličin";"Bezpečnosť a smart domácnosť > Smart domácnosť > Detektory a alarmy";"";"";"";"";"";"";"";"Garni 210T OneCare";""
"AT_TIP-06441379";"";"Přípravek do chemických toalet HAPPY GREEN Pink 2l";"d45e9ede-93dc-11f1-8081-bc2411833e01";"";"8713294001388";"";"";"Šport, hračky a voľný čas > Turistika > Turistické vybavenie";"Auto-moto > Karavany a obytná autá > Ostatné doplnky";"Šport, hračky a voľný čas > Turistika > Turistické vybavenie";"";"";"";"";"";"";"";"";"Happy Green Rinse 2 l";""
"AT_LEC-RBA-3228-BK";"";"Bedýnka na step aerobik REBEL ACTIVE RBA-3228-BK, 2 stupně, 68cm, černá";"d5be9432-93dc-11f1-8156-bc2411833e01";"";"5901890123068";"";"";"Šport, hračky a voľný čas > Posilňovanie a fitness > Stepy a steppery";"Šport, hračky a voľný čas > Posilňovanie a fitness > Stepy a steppery";"";"";"";"";"";"";"";"";"";"Rebel active aerobik";""
"AT_ABL-30-B1-190";"";"MMA rukavice DBX BUSHIDO ARM-2011A L/XL";"d5feb2c4-93dc-11f1-b836-bc2411833e01";"";"5902539014709";"";"";"Šport, hračky a voľný čas > Bojové športy > MMA rukavice";"Šport, hračky a voľný čas > Bojové športy > MMA rukavice";"";"";"";"";"";"";"";"";"";"Bushido DBX MMA ARM-2011A";""
"AT_LP-URZ3431";"";"Zdroj záložní KEMOT PROsinus URZ3431 1600W 12V";"d6243ba2-93dc-11f1-9704-bc2411833e01";"";"5901890074490";"";"";"Fotovoltaika a energie > Záložné zdroje a UPS > Záložné zdroje pre oběhová čerpadlá";"Fotovoltaika a energie > Záložné zdroje a UPS > Záložné zdroje pre oběhová čerpadlá";"";"";"";"";"";"";"";"";"";"KEMOT PROsinus-2200 URZ3431 2200VA / 1600W";""
"AT_EMO1555111000";"";"LED ambientní lampa EMOS ZCW11WR GoSmart, bílá, teplá bílá–studená bílá/ RGB, WiFi";"d900d54c-93dc-11f1-b0c5-bc2411833e01";"";"8592920133767";"";"";"Bezpečnosť a smart domácnosť > Smart domácnosť > Osvetlenie";"Elektroinštalačný materiál > Osvetlenie > LED svietidlá";"Bezpečnosť a smart domácnosť > Smart domácnosť > Osvetlenie";"";"";"";"";"";"";"";"";"Emos ZCW11WR";""
"AT_MS-WT181";"";"Budík digitální TechnoLine WT 181";"dbda8880-93dc-11f1-ac71-bc2411833e01";"";"4029665001814";"";"";"Domáce spotrebiče > Malé spotrebiče > Hodiny a budíky > Budíky";"Domáce spotrebiče > Malé spotrebiče > Hodiny a budíky > Budíky";"";"";"";"";"";"";"";"";"";"Digitání budík TechnoLine WT 181";""
"AT_ATO-KM2241-C";"";"Kamera Kruger&Matz KM2241-C pro kamerový set Connect C210 Tuya Wi-Fi";"dd9edea0-93dc-11f1-a625-bc2411833e01";"";"5901890104258";"";"";"Bezpečnosť a smart domácnosť > Smart domácnosť > IP kamery";"Bezpečnosť a smart domácnosť > Kamerové systémy > IP SMART kamery";"Bezpečnosť a smart domácnosť > Smart domácnosť > IP kamery";"";"";"";"";"";"";"";"";"Kruger & Matz Connect C210 1 ks";""
"AT_LEC-KM0370-FHD";"";"Projektor KRUGER & MATZ V-LED20 KM0370-FHD";"de91c2fa-93dc-11f1-9f51-bc2411833e01";"";"5901890104838";"";"";"TV, audio a video > Televízory > LED projektory";"TV, audio a video > Počítače a príslušenstvo > Projektory";"TV, audio a video > Televízory > LED projektory";"";"";"";"";"";"";"";"";"Kruger&Matz V-LED20";""
"AT_ABL-30-B1-192";"";"Boxerská helma DBX BUSHIDO ARH-2190R červená S";"df7da148-93dc-11f1-ac1f-bc2411833e01";"";"5902539014570";"";"";"Šport, hračky a voľný čas > Bojové športy > Chrániče";"Šport, hračky a voľný čas > Bojové športy > Chrániče";"";"";"";"";"";"";"";"";"";"DBX Bushido ARH-2190R";""
"AT_ABL-30-B1-194";"";"Boxerská helma DBX BUSHIDO ARH-2190R červená L";"df8be122-93dc-11f1-b760-bc2411833e01";"";"5902539014310";"";"";"Šport, hračky a voľný čas > Bojové športy > Chrániče";"Šport, hračky a voľný čas > Bojové športy > Chrániče";"";"";"";"";"";"";"";"";"";"DBX Bushido ARH-2190R";""
"AT_DOSWSL";"";"Dálkový ovladač 4-kan. k pohonu vrat IN SL-600, 1000 / IN SW-220, 250, 300 / IN-MG-300";"e1fe96f2-93dc-11f1-a2ee-bc2411833e01";"";"8595685530192";"";"";"TV, audio a video > Diaľkové ovládače > Ostatné";"Záhrada > Brány a zvončeky > Príslušenstvo pre pohony vrat";"TV, audio a video > Diaľkové ovládače > Ostatné";"";"";"";"";"";"";"";"";"Diaľkový ovládač IN SL-600, 1000 / IN SW-220, 250, 300";""
"AT_CPP-FSP-FP1500";"";"FSP-FP1500 Záložní UPS pro velké kamerové systémy";"e228ea92-93dc-11f1-96a9-bc2411833e01";"";"4711140487656";"";"";"Bezpečnosť a smart domácnosť > Kamerové systémy > PRÍSLUŠENSTVO > Napájacie zdroje";"Bezpečnosť a smart domácnosť > Kamerové systémy > PRÍSLUŠENSTVO > Napájacie zdroje";"";"";"";"";"";"";"";"";"";"Fortron PPF9000501";""
"AT_EMO2506000800";"";"EMOS EM-4405G 5G/LTE700 zesilovač / VHF / UHF";"e276b70e-93dc-11f1-80fe-bc2411833e01";"";"8592920084854";"";"";"TV, audio a video > Antény a satelity > ZOSILŇOVAČE > Domové";"TV, audio a video > Antény a satelity > ZOSILŇOVAČE > Domové";"";"";"";"";"";"";"";"";"";"EMOS Zosiľovač širokopásmový EM-4405G";""
"AT_7474L2";"";"Johansson KIT 7474 L2 zesilovač + zdroj (2437)";"e36b8504-93dc-11f1-a55e-bc2411833e01";"";"2074740402019";"";"";"TV, audio a video > Antény a satelity > ZOSILŇOVAČE > K anténě";"TV, audio a video > Antény a satelity > ZOSILŇOVAČE > Domové";"TV, audio a video > Antény a satelity > ZOSILŇOVAČE > K anténě";"";"";"";"";"";"";"";"";"Johansson KIT7474L2";""
"AT_LEV-72479";"";"LEVENHUK LabZZ Tellurion";"e797514e-93dc-11f1-a629-bc2411833e01";"";"5905555011455";"";"";"Šport, hračky a voľný čas > Ďalekohľady > Príslušenstvo";"Šport, hračky a voľný čas > Ďalekohľady > Príslušenstvo";"";"";"";"";"";"";"";"";"";"Levenhuk Obehový model Slnko Zem Mesiac";""
"AT_NED-ANIR2502BK700";"";"Anténa NEDIS ANIR2502BK700 | 0-25 km | 30 dB | FM/VHF/UHF | Bílá";"e8d99ed6-93dc-11f1-9c44-bc2411833e01";"";"5412810309337";"";"";"TV, audio a video > Antény a satelity > ANTÉNY > TV antény pokojové";"TV, audio a video > Antény a satelity > ANTÉNY > Antény VKV - FM - DAB+";"TV, audio a video > Antény a satelity > ANTÉNY > TV antény pokojové";"";"";"";"";"";"";"";"";"Nedis ANIR2502BK700";""
"AT_HAD-V153C";"";"Elektrická pánev do auta 20cm x 4cm 150W 24V";"eb6e2c2a-93dc-11f1-8154-bc2411833e01";"";"5903293025338";"";"";"Domáce spotrebiče > Malé spotrebiče > Fritézy a hrnce > Elektrické panvice";"Auto-moto > Vybavenie auta > Cestovné doplnky";"Auto-moto > Karavany a obytná autá > Grily a variče";"Domáce spotrebiče > Malé spotrebiče > Fritézy a hrnce > Elektrické panvice";"";"";"";"";"";"";"";"AMIO Elektrická pánev do auta 20cm x 4cm 250W 24V 02533";""
"AT_LKM0945";"";"Elektrický zvonek na kolo KRUGER & MATZ XH20";"ed290562-93dc-11f1-a8cf-bc2411833e01";"";"5901890068666";"";"";"Šport, hračky a voľný čas > Cyklistika > Ostatné cyklo doplnky";"Šport, hračky a voľný čas > Cyklistika > Ostatné cyklo doplnky";"";"";"";"";"";"";"";"";"";"Kruger&Matz elektrický XH20 čierny";""
"AT_LP-URZ3412";"";"Stabilizátor napětí KEMOT SER-1000 URZ3412 s opožděným zapnutím";"edab829e-93dc-11f1-bbd7-bc2411833e01";"";"5901890019057";"";"";"Fotovoltaika a energie > Záložné zdroje a UPS > Stabilizátory napätie";"Fotovoltaika a energie > Záložné zdroje a UPS > Stabilizátory napätie";"";"";"";"";"";"";"";"";"";"KEMOT URZ3412";""
"AT_LP-URZ3413";"";"Stabilizátor napětí KEMOT SER-2000 URZ3413 s opožděným zapnutím";"edb820bc-93dc-11f1-9a24-bc2411833e01";"";"5901890019064";"";"";"Fotovoltaika a energie > Záložné zdroje a UPS > Stabilizátory napätie";"Fotovoltaika a energie > Záložné zdroje a UPS > Stabilizátory napätie";"";"";"";"";"";"";"";"";"";"KEMOT SER-2000";""
"AT_LP-URZ3414";"";"Stabilizátor napětí KEMOT SER-3000 URZ3414 s opožděným zapnutím";"edc6054c-93dc-11f1-9f64-bc2411833e01";"";"5901890019071";"";"";"Fotovoltaika a energie > Záložné zdroje a UPS > Stabilizátory napätie";"Fotovoltaika a energie > Záložné zdroje a UPS > Stabilizátory napätie";"";"";"";"";"";"";"";"";"";"KEMOT SER-3000";""
"AT_ABL-30-B5-060";"";"Obdelníkový stropní držák na boxovací pytel do 150 kg DBX BUSHIDO MD-White";"f17efdb0-93dc-11f1-bca1-bc2411833e01";"";"5904639193650";"";"";"Šport, hračky a voľný čas > Bojové športy > Montážne prvky";"Šport, hračky a voľný čas > Bojové športy > Montážne prvky";"";"";"";"";"";"";"";"";"";"DBX BUSHIDO MD";""
"AT_LEC-TSA8903-1";"";"Pikniková deka TEESA TSA8903-1 200x200 cm šedá kostka";"f452cc1a-93dc-11f1-82eb-bc2411833e01";"";"5901890104586";"";"";"Šport, hračky a voľný čas > Turistika > Cestování a outdoor";"Šport, hračky a voľný čas > Turistika > Turistické vybavenie";"Auto-moto > Karavany a obytná autá > Ostatné doplnky";"Šport, hračky a voľný čas > Turistika > Cestování a outdoor";"";"";"";"";"";"";"";"TEESA Pikniková deka s izoláciou sivá kocka 200x200";""
"AT_LEC-RBA-3151-BK";"";"Podložka na cvičení, jógu a fitness 1,5 cm Rebel Active RBA-3151-BK černá";"f63b4e80-93dc-11f1-a715-bc2411833e01";"";"5901890099660";"";"";"Šport, hračky a voľný čas > Posilňovanie a fitness > Pomôcky na cvičenie > Pomôcky na jógu";"Šport, hračky a voľný čas > Posilňovanie a fitness > Pomôcky na cvičenie > Pomôcky na cvičenie doma";"Šport, hračky a voľný čas > Posilňovanie a fitness > Podložky";"Šport, hračky a voľný čas > Posilňovanie a fitness > Pomôcky na cvičenie > Pomôcky na jógu";"";"";"";"";"";"";"";"Rebel RBA-3151";""
"AT_ABL-17-19-029";"";"fit/  Běžecký pás HMS BE8501I";"f66cae3a-93dc-11f1-93c5-bc2411833e01";"";"5907695557626";"";"";"Šport, hračky a voľný čas > Posilňovanie a fitness > Trenažéry > Běžecké pásy";"Šport, hračky a voľný čas > Posilňovanie a fitness > Trenažéry > Běžecké pásy";"";"";"";"";"";"";"";"";"";"HMS BE8501i";""
"AT_ABL-17-44-372";"";"Elektronický boxerský terč HMS TB03 s LED, Bluetooth a rukavicemi (Music Boxing Machine)";"f6af3ca0-93dc-11f1-8cf5-bc2411833e01";"";"5908261682872";"";"";"Šport, hračky a voľný čas > Bojové športy > Lapy a bloky";"Šport, hračky a voľný čas > Bojové športy > Lapy a bloky";"";"";"";"";"";"";"";"";"";"HMS TB30 s LED Bluetooth a rukavicami";""
"AT_ABL-17-44-377";"";"Elektronický boxerský terč HMS TB12 s LED, Bluetooth a rukavicemi (Music Boxing Machine)";"f6bb4086-93dc-11f1-a794-bc2411833e01";"";"5905504107734";"";"";"Šport, hračky a voľný čas > Bojové športy > Lapy a bloky";"Šport, hračky a voľný čas > Bojové športy > Lapy a bloky";"";"";"";"";"";"";"";"";"";"HMS TB30 s LED Bluetooth a rukavicami";""
"AT_LEC-RBA-3066-BL";"";"Hula hoop REBEL ACTIVE RBA-3066-BL se závažím a masážními výstupky";"f865c442-93dc-11f1-9345-bc2411833e01";"";"5901890124072";"";"";"Šport, hračky a voľný čas > Posilňovanie a fitness > Pomôcky na cvičenie > Pomôcky na cvičenie doma";"Šport, hračky a voľný čas > Posilňovanie a fitness > Pomôcky na cvičenie > Valce, kolieska a masážne lopty";"Šport, hračky a voľný čas > Posilňovanie a fitness > Pomôcky na cvičenie > Pomôcky na cvičenie doma";"";"";"";"";"";"";"";"";"Rebel RBA-3066 Masážna obruč so závažím 43 cm, modrá";""
"AT_DOHOMWHITE";"";"Vysílač DO Homatics BÍLÝ originální";"f8822204-93dc-11f1-9a57-bc2411833e01";"";"8588003817822";"";"";"TV, audio a video > Diaľkové ovládače > Ovládače k multimediálnímu boxu";"TV, audio a video > Diaľkové ovládače > Ovládače k multimediálnímu boxu";"";"";"";"";"";"";"";"";"";"Diaľkový ovládač pre Homatics";""
"AT_NEO-UJ60000101";"";"Baterie olověná  12V / 60 Ah  Victron Energy AGM Super Cycle Solární";"f8f7674e-93dc-11f1-bd6b-bc2411833e01";"";"8719076041825";"";"";"Fotovoltaika a energie > Akumulátory a batérie > Olovené akumulátory > 12V";"Fotovoltaika a energie > Akumulátory a batérie > Solárne batérie";"Fotovoltaika a energie > Fotovoltaika > Solárne batérie";"Fotovoltaika a energie > Akumulátory a batérie > Olovené akumulátory > 12V";"";"";"";"";"";"";"";"Victron Energy AGM Super Cycle 60Ah";""
"AT_ABL-17-44-371";"";"Elektronický boxerský terč HMS TB10 s LED, Bluetooth a rukavicemi (Music Boxing Machine)";"fa152008-93dc-11f1-b6cc-bc2411833e01";"";"5908261682858";"";"";"Šport, hračky a voľný čas > Bojové športy > Lapy a bloky";"Šport, hračky a voľný čas > Bojové športy > Lapy a bloky";"";"";"";"";"";"";"";"";"";"HMS TB10 s LED, Bluetooth a rukavicemi (Music Boxing Machine)";""
"AT_ABL-17-44-378";"";"Elektronický boxerský terč HMS TB13 s LED, Bluetooth a rukavicemi (Music Boxing Machine)";"fa20fb08-93dc-11f1-92cf-bc2411833e01";"";"5905504107741";"";"";"Šport, hračky a voľný čas > Bojové športy > Lapy a bloky";"Šport, hračky a voľný čas > Bojové športy > Lapy a bloky";"";"";"";"";"";"";"";"";"";"KIK Elektronický nástenný boxerský terč s Bluetooth a rukavicami";""
"AT_IST-LNBINTWPO3";"";"INVERTO Pro - Twin Monoblok 23mm LNB 4.3° (A=19,2/B=23,5)";"fa2da448-93dc-11f1-a647-bc2411833e01";"";"5453002614570";"";"";"TV, audio a video > Antény a satelity > LNB konvertory > MonoTwin 2 TV";"TV, audio a video > Antény a satelity > LNB konvertory > MonoTwin 2 TV";"";"";"";"";"";"";"";"";"";"Inverto Black Pro Twin Monoblok 23mm LNB 4.3°";""
"AT_98501040-02";"";"Ořezávač kabelů RG6/59 CABELCON s klíčem HEX 11mm";"fac2d7de-93dc-11f1-9c4d-bc2411833e01";"";"5707957091253";"";"";"TV, audio a video > Antény a satelity > Konektory > Montážne náradie";"Elektroinštalačný materiál > Inštalačné náradie a ostatné materiál > Ořezávače káblov";"TV, audio a video > Antény a satelity > Konektory > Montážne náradie";"";"";"";"";"";"";"";"";"Cabelcon RG59/6";""
"AT_ABT-A500008330";"";"Záložní zdroj MHPower MPL-500-12 UPS 500W 12V čistý sinus podpora LiFePO4";"fc613054-93dc-11f1-9967-bc2411833e01";"";"8594199732245";"";"";"Fotovoltaika a energie > Záložné zdroje a UPS > Záložné zdroje pre oběhová čerpadlá";"Fotovoltaika a energie > Záložné zdroje a UPS > Záložné zdroje pre oběhová čerpadlá";"";"";"";"";"";"";"";"";"";"MHPower MPU-500-12 500W";""
"AT_ABT-A500008331";"";"Záložní zdroj MHPower MPL-700-12 UPS 700W 12V čistý sinus podpora LiFePO4";"fc6f330c-93dc-11f1-821c-bc2411833e01";"";"8594199732252";"";"";"Fotovoltaika a energie > Záložné zdroje a UPS > Záložné zdroje pre oběhová čerpadlá";"Fotovoltaika a energie > Záložné zdroje a UPS > Záložné zdroje pre oběhová čerpadlá";"";"";"";"";"";"";"";"";"";"MHPower MPU-700-12 700W";""
"AT_LEV-82246";"";"Dalekohled binokulární LEVENHUK Halo 13X Helmet s nočním viděním";"fd2ea26e-93dc-11f1-978d-bc2411833e01";"";"5905555016726";"";"";"Šport, hračky a voľný čas > Ďalekohľady > Pre noční vidění";"Šport, hračky a voľný čas > Ďalekohľady > Pre noční vidění";"";"";"";"";"";"";"";"";"";"Levenhuk Halo 13x Digital Night Vision Monocular";""
"AT_LEC-RBA-3000-S4";"";"Guma posilovací REBEL ACTIVE RBA-3000-S4 Latexová sada cvičebních pásů - Power Band PLs-2, 4-45 kg, 4 pásy";"01c3acb6-93dd-11f1-8a22-bc2411833e01";"";"5901890098632";"";"";"Šport, hračky a voľný čas > Posilňovanie a fitness > Pomôcky na cvičenie > Gumy a pásy na cvičenie";"Šport, hračky a voľný čas > Posilňovanie a fitness > Pomôcky na cvičenie > Pomôcky na cvičenie doma";"Šport, hračky a voľný čas > Posilňovanie a fitness > Pomôcky na cvičenie > Gumy a pásy na cvičenie";"";"";"";"";"";"";"";"";"REBEL Active Power Band PLs-2 4-45 kg";""
"AT_LEC-BAT0496";"";"Baterie LiFePO4 12,8V 100Ah VIPOW BAT0496";"042d99ee-93dd-11f1-8b47-bc2411833e01";"";"5901890120289";"";"";"Fotovoltaika a energie > Akumulátory a batérie > LiFePO4 akumulátory";"Fotovoltaika a energie > Akumulátory a batérie > LiFePO4 akumulátory";"";"";"";"";"";"";"";"";"";"VIPOW LiFePO4 12,8V 100Ah BAT0496 s BMS";""
"AT_ATO-KM0906.1";"";"Powerbanka KRUGER & MATZ KM0906.1 20000 mAh Li-pol 20W QC, PD";"05792688-93dd-11f1-9215-bc2411833e01";"";"5901890115520";"";"";"Fotovoltaika a energie > Záložné zdroje a UPS > Powerbanky";"Fotovoltaika a energie > Záložné zdroje a UPS > Powerbanky";"";"";"";"";"";"";"";"";"";"Kruger & Matz KM0906";""
"AT_ATO-2107562000";"";"Ventilátor EMOS P56PR2 pod radiátor DUO, bílý";"05d5098a-93dd-11f1-a674-bc2411833e01";"";"8592920138038";"";"";"Domáce spotrebiče > Malé spotrebiče > Vzduchotechnika > Vykurovanie";"Domáce spotrebiče > Malé spotrebiče > Vzduchotechnika > Ventilátory";"Domáce spotrebiče > Malé spotrebiče > Vzduchotechnika > Vykurovanie";"";"";"";"";"";"";"";"";"Emos P56PR2";""
"AT_ATO-A500007724";"";"Baterie LiFePO4 12,8V 12Ah MHPower MS12-12(L) F2-6,3mm";"06cd7f3e-93dd-11f1-b16c-bc2411833e01";"";"8594199731989";"";"";"Fotovoltaika a energie > Akumulátory a batérie > LiFePO4 akumulátory";"Fotovoltaika a energie > Akumulátory a batérie > LiFePO4 akumulátory";"";"";"";"";"";"";"";"";"";"MHPower LiFePO4 12V 12Ah F2 6,3mm MS12-12 L";""
"AT_ATO-A500007726";"";"Baterie LiFePO4 12,8V 38Ah MHPower MS38-12(L) LC1-M6";"06daadf8-93dd-11f1-bd5f-bc2411833e01";"";"8594199732009";"";"";"Fotovoltaika a energie > Akumulátory a batérie > LiFePO4 akumulátory";"Fotovoltaika a energie > Akumulátory a batérie > LiFePO4 akumulátory";"";"";"";"";"";"";"";"";"";"MHPower LiFePO4 MS38-12(L) 12V 38Ah LC1-M6";""
"AT_ATO-A500007728";"";"Baterie LiFePO4 12,8V 125Ah MHPower MS125-12(L) LC4-M8";"06e81c4a-93dd-11f1-8435-bc2411833e01";"";"8594199732023";"";"";"Fotovoltaika a energie > Akumulátory a batérie > LiFePO4 akumulátory";"Auto-moto > Karavany a obytná autá > Batérie do karavanu";"Fotovoltaika a energie > Akumulátory a batérie > LiFePO4 akumulátory";"";"";"";"";"";"";"";"";"MHPower LiFePO4 12V 125Ah LC4-M8 displej MS125-12 L";""
"AT_LEC-RBA-3067-PK";"";"Hula hoop REBEL ACTIVE RBA-3067-PK se závažím a počítadlem";"09b96eba-93dd-11f1-94d4-bc2411833e01";"";"5901890124096";"";"";"Šport, hračky a voľný čas > Posilňovanie a fitness > Pomôcky na cvičenie > Pomôcky na cvičenie doma";"Šport, hračky a voľný čas > Posilňovanie a fitness > Pomôcky na cvičenie > Valce, kolieska a masážne lopty";"Šport, hračky a voľný čas > Posilňovanie a fitness > Pomôcky na cvičenie > Pomôcky na cvičenie doma";"";"";"";"";"";"";"";"";"REBEL RBA-3067-PK";""
"AT_LP-URZ3430";"";"Zdroj záložní KEMOT PROsinus 3500/48 URZ3430  2400W 48V";"0a781c02-93dd-11f1-b381-bc2411833e01";"";"5901890074483";"";"";"Fotovoltaika a energie > Záložné zdroje a UPS > Záložné zdroje pre oběhová čerpadlá";"Fotovoltaika a energie > Záložné zdroje a UPS > Záložné zdroje pre oběhová čerpadlá";"";"";"";"";"";"";"";"";"";"KEMOT PROsinus-3500";""
"AT_OR-MA-701";"";"Bezdrátový detektor pohybu ORNO OR-MA-701";"0c5a4a4a-93dd-11f1-98c4-bc2411833e01";"";"5908235905075";"";"";"Bezpečnosť a smart domácnosť > Zabezpečenie > Domové alarmy";"Bezpečnosť a smart domácnosť > Zabezpečenie > Domové alarmy";"";"";"";"";"";"";"";"";"";"Orno OR-MA-701";""
"AT_V014";"";"Konzola T-sat 50 cm";"0e558698-93dd-11f1-ac78-bc2411833e01";"";"8590669089420";"";"";"TV, audio a video > Antény a satelity > Konzoly, stožiare, uzemnenie > Konzoly na stěnu > S T základnou";"TV, audio a video > Antény a satelity > Konzoly, stožiare, uzemnenie > Konzoly na stěnu > S T základnou";"";"";"";"";"";"";"";"";"";"STELL SHO 1122 35030631";""
"AT_EMO1551051800";"";"LED pásek EMOS ZPW518R GoSmart WiFi 5 m, 22W, 1000lm, RGB/CCT";"10164e2c-93dd-11f1-9ab0-bc2411833e01";"";"8592920120460";"";"";"Bezpečnosť a smart domácnosť > Smart domácnosť > Osvetlenie";"Elektroinštalačný materiál > Osvetlenie > LED pásky";"Bezpečnosť a smart domácnosť > Smart domácnosť > Osvetlenie";"";"";"";"";"";"";"";"";"EMOS RGB/CCT";""
"AT_LEC-RBA-6009-A";"";"Masážní přístroj Rebel Active Shiatsu RBA-6009-A na krk a šíji";"10d45b42-93dd-11f1-8d3e-bc2411833e01";"";"5901890128667";"";"";"Šport, hračky a voľný čas > Zdravotní potreby > Masážne nástroje";"Šport, hračky a voľný čas > Zdravotní potreby > Masážne nástroje";"";"";"";"";"";"";"";"";"";"Rebel RBA-6009";""
"AT_KITZERO4K";"";"PVR KIT pro VU+ ZERO 4K";"12d332ba-93dd-11f1-adad-bc2411833e01";"";"8809288541661";"";"";"TV, audio a video > Antény a satelity > SATELITNÉ PRIJÍMAČE > Prijímače s OS Linux";"TV, audio a video > Antény a satelity > SATELITNÉ PRIJÍMAČE > Prijímače ULTRA HD 4K";"TV, audio a video > Antény a satelity > SATELITNÉ PRIJÍMAČE > Prijímače s OS Linux";"";"";"";"";"";"";"";"";"Vu+ ZERO 4K";""
"AT_TIP-06426151";"";"Návlek VILEDA STEAM XXL POWER 161717";"15e97630-93dd-11f1-ba0a-bc2411833e01";"";"4023103213579";"";"";"Domáce spotrebiče > Malé spotrebiče > Upratovacie pomôcky > Košťata a metly";"Domáce spotrebiče > Malé spotrebiče > Upratovacie pomôcky > Košťata a metly";"";"";"";"";"";"";"";"";"";"Vileda Steam XXL 161717 náhrada";""
"AT_TIP-04280157";"";"Solární regulátor MPPT CARSPA 10A - 12/24V";"16c1c0c6-93dd-11f1-a904-bc2411833e01";"";"8595563727621";"";"";"Fotovoltaika a energie > Fotovoltaika > Solárne regulátory > Solárne regulátory MPPT";"Fotovoltaika a energie > Fotovoltaika > Solárne regulátory > Solárne regulátory MPPT";"";"";"";"";"";"";"";"";"";"CARSPA MPPT12 / 24 - 10 10A";""
"AT_LP-URZ3418";"";"Stabilizátor napětí KEMOT SER-500 URZ3418 s opožděným zapnutím";"16e85af6-93dd-11f1-81b7-bc2411833e01";"";"5901890025256";"";"";"Fotovoltaika a energie > Záložné zdroje a UPS > Stabilizátory napätie";"Fotovoltaika a energie > Záložné zdroje a UPS > Stabilizátory napätie";"";"";"";"";"";"";"";"";"";"KEMOT SER-500";""
"AT_LP-RB-4011";"";"Zdroj záložní REBEL POWER 500 RB-4011 300W 12V nástěnný";"16f57b46-93dd-11f1-9ba1-bc2411833e01";"";"5901890078719";"";"";"Fotovoltaika a energie > Záložné zdroje a UPS > Záložné zdroje pre oběhová čerpadlá";"Fotovoltaika a energie > Záložné zdroje a UPS > Záložné zdroje pre oběhová čerpadlá";"";"";"";"";"";"";"";"";"";"Rebel POWER-500 RB-4011";""
"AT_VE3810";"";"Nabíječka chytrá Victron Energy BlueSmart 12V/30A IP22";"19239722-93dd-11f1-be08-bc2411833e01";"";"8719076052364";"";"";"Fotovoltaika a energie > Nabíjačky > Nabíjačky LiFePO4";"Fotovoltaika a energie > Nabíjačky > Nabíjačky pre olovené akumulátory";"Fotovoltaika a energie > Nabíjačky > Nabíjačky LiFePO4";"";"";"";"";"";"";"";"";"Victron BluePower 24V/16A IP22";""
"AT_MS-WT 1610";"";"Hodiny nástěnné TechnoLine WT 1610";"19634994-93dd-11f1-8746-bc2411833e01";"";"4029665016108";"";"";"Domáce spotrebiče > Malé spotrebiče > Hodiny a budíky > Hodiny";"Domáce spotrebiče > Malé spotrebiče > Hodiny a budíky > Hodiny";"";"";"";"";"";"";"";"";"";"TechnoLine WT 1610";""
"AT_LEC-RBA-6008";"";"Masážní přístroj břišní REBEL ACTIVE RBA-6008";"19a12962-93dd-11f1-94c8-bc2411833e01";"";"5901890115735";"";"";"Šport, hračky a voľný čas > Zdravotní potreby > Masážne nástroje";"Šport, hračky a voľný čas > Zdravotní potreby > Masážne nástroje";"";"";"";"";"";"";"";"";"";"Rebel RBA-6008";""
"AT_DVD-LE11876";"";"Small Foot Šplhací síť";"1a3c4122-93dd-11f1-bd9b-bc2411833e01";"";"4020972118769";"";"";"Šport, hračky a voľný čas > Hračky > Vonkajšie hračky > Detská ihrisko a doplnky";"Šport, hračky a voľný čas > Hračky > Vonkajšie hračky > Detská ihrisko a doplnky";"";"";"";"";"";"";"";"";"";"KBT Lezecká sieť 1,50 x 2 m";""
"AT_LEC-RBA-2003";"";"Posilovací lavice REBEL ACTIVE RBA-2003";"1c399c90-93dd-11f1-8aee-bc2411833e01";"";"5901890101295";"";"";"Šport, hračky a voľný čas > Posilňovanie a fitness > Pomôcky na cvičenie > Pomôcky na cvičenie břicha";"Šport, hračky a voľný čas > Posilňovanie a fitness > Posilňovacie lavice";"Šport, hračky a voľný čas > Posilňovanie a fitness > Pomôcky na cvičenie > Pomôcky na cvičenie břicha";"";"";"";"";"";"";"";"";"REBEL RBA-2003 Active";""
"AT_CMP-07168";"";"Nabíječka solární 1,8W udržovací";"1f9b4528-93dd-11f1-9133-bc2411833e01";"";"8591686071689";"";"";"Fotovoltaika a energie > Nabíjačky > Nabíjačky pre olovené akumulátory";"Auto-moto > Nabíjanie > Nabíjačky a štartovacie boxy";"Fotovoltaika a energie > Nabíjačky > Nabíjačky pre olovené akumulátory";"";"";"";"";"";"";"";"";"Victron Energy 30Wp 12V";""
"AT_ABL-30-B6-050";"";"Retro boxovací pytel DBX BUSHIDO Spartan 150 x 40 cm, 50 kg";"2643109a-93dd-11f1-9553-bc2411833e01";"";"5904639196613";"";"";"Šport, hračky a voľný čas > Bojové športy > Boxovací pytle - plné";"Šport, hračky a voľný čas > Bojové športy > Boxovací pytle - plné";"";"";"";"";"";"";"";"";"";"DBX Bushido 150 × 40 cm prázdne boxovacie vrece";""
"AT_ATO-OR-CR-271/B";"";"PIR senzor (pohybové čidlo) ORNO OR-CR-271/B";"2944a006-93dd-11f1-bdb6-bc2411833e01";"";"5908254846632";"";"";"Bezpečnosť a smart domácnosť > Zabezpečenie > PIR čidlá";"Bezpečnosť a smart domácnosť > Zabezpečenie > PIR čidlá";"";"";"";"";"";"";"";"";"";"ORNO PIR O-OR-CR-271/B";""
"AT_ITR-00018049";"";"Hrazda do dveří Trizand 24784";"2c512382-93dd-11f1-81c7-bc2411833e01";"";"5900779954069";"";"";"Šport, hračky a voľný čas > Posilňovanie a fitness > Posilňovacie stroje";"Šport, hračky a voľný čas > Posilňovanie a fitness > Príslušenstvo pre posilňovanie";"Šport, hračky a voľný čas > Posilňovanie a fitness > Posilňovacie stroje";"";"";"";"";"";"";"";"";"Trizand 24784 Trapeze 70 - 100 cm";""
"AT_VE3954";"";"DC-DC nabíječka Orion-Tr Smart 12/12-18A (220W) izolovaná";"2df3c794-93dd-11f1-b086-bc2411833e01";"";"8719076046066";"";"";"Fotovoltaika a energie > Nabíjačky > Nabíjačky DC-DC";"Fotovoltaika a energie > Nabíjačky > Nabíjačky DC-DC";"";"";"";"";"";"";"";"";"";"Victron Orion-Tr Smart DC-DC 12/12-18A (220W";""
"AT_ABL-17-44-375";"";"Elektronický modulární boxerský terč HMS TB05 s LED, Bluetooth a rukavicemi (Music Boxing Machine)";"2eba60d4-93dd-11f1-932e-bc2411833e01";"";"5908261685699";"";"";"Šport, hračky a voľný čas > Bojové športy > Lapy a bloky";"Šport, hračky a voľný čas > Bojové športy > Lapy a bloky";"";"";"";"";"";"";"";"";"";"HMS TB30 s LED Bluetooth a rukavicami";""
"AT_LEC-RBA-3153";"";"REBEL ACTIVE RBA-3153 podložka na cvičení 180x120cm, EVA, černá";"2f169426-93dd-11f1-ac33-bc2411833e01";"";"5901890099868";"";"";"Šport, hračky a voľný čas > Posilňovanie a fitness > Podložky";"Šport, hračky a voľný čas > Posilňovanie a fitness > Príslušenstvo pre posilňovanie";"Šport, hračky a voľný čas > Posilňovanie a fitness > Podložky";"";"";"";"";"";"";"";"";"REBEL RBA-3153 60 x 60 cm 6ks";""
"AT_ATO-A500004030";"";"Solární regulátor PWM Victron Energy BlueSolar-LCD&USB 5A";"306035bc-93dd-11f1-bb90-bc2411833e01";"";"8719076046172";"";"";"Fotovoltaika a energie > Fotovoltaika > Solárne regulátory > Solárne regulátory PWM";"Fotovoltaika a energie > Fotovoltaika > Solárne regulátory > Solárne regulátory PWM";"";"";"";"";"";"";"";"";"";"Victron Energy PWM BlueSolar - LCD & USB 5 A";""
"AT_ISO-00020975";"";"Stan plážový Trizand 20975";"3079a380-93dd-11f1-9845-bc2411833e01";"";"5904576552480";"";"";"Šport, hračky a voľný čas > Turistika > Stany";"Šport, hračky a voľný čas > Turistika > Stany";"";"";"";"";"";"";"";"";"";"Trizand 20975 tyrkysový";""
"AT_ISO-00020974";"";"Stan plážový Trizand 20974 samorozkládací";"3086baca-93dd-11f1-ac19-bc2411833e01";"";"5904576552473";"";"";"Šport, hračky a voľný čas > Turistika > Stany";"Šport, hračky a voľný čas > Turistika > Stany";"";"";"";"";"";"";"";"";"";"Trizand 20974 modrošedý";""
"AT_TIP-06442516";"";"Nabíječka přenosná IMMAX NEO EV/PHEV AC Type 2 22kW WiFi Tuya cestovní";"326cd090-93dd-11f1-9f7c-bc2411833e01";"";"8592957012943";"";"";"Fotovoltaika a energie > Fotovoltaika > Nabíjacie stanice";"Fotovoltaika a energie > Fotovoltaika > Nabíjacie stanice";"";"";"";"";"";"";"";"";"";"IMMAX NEO EV/PHEV AC Type 2 22kW WiFi Tuya cestovná";""
"AT_ATO-2631600600";"";"Dávkovač krmiva s kamerou EMOS H6006 GoSmart, 6 l, černý, Wi-Fi";"32e1bb12-93dd-11f1-812a-bc2411833e01";"";"8592920138724";"";"";"Bezpečnosť a smart domácnosť > Smart domácnosť > Ostatné smart elektronika";"Zdravie a starostlivosť > Chovateľské potreby > Pre psov";"Zdravie a starostlivosť > Chovateľské potreby > Pre mačky";"Bezpečnosť a smart domácnosť > Smart domácnosť > Ostatné smart elektronika";"";"";"";"";"";"";"";"Emos GoSmart dávkovač krmiva s kamerou, 6 l s Wi-Fi H6006";""
"AT_ATO-2631610200";"";"Vodní fontána EMOS H6102 GoSmart, 2,6 l, šedá, Wi-Fi";"32eed144-93dd-11f1-ad5c-bc2411833e01";"";"8592920138762";"";"";"Bezpečnosť a smart domácnosť > Smart domácnosť > Ostatné smart elektronika";"Zdravie a starostlivosť > Chovateľské potreby > Pre psov";"Zdravie a starostlivosť > Chovateľské potreby > Pre mačky";"Bezpečnosť a smart domácnosť > Smart domácnosť > Ostatné smart elektronika";"";"";"";"";"";"";"";"Emos GoSmart vodná fontána Pet Care, 2.6 l s Wi-Fi H6102";""
"AT_EMO2702034000";"";"EMOS CITY RING-C500 pkojová anténa DVB-T2, DAB, filtr LTE/4G/5G";"34a2ac18-93dd-11f1-824b-bc2411833e01";"";"8592920119464";"";"";"TV, audio a video > Antény a satelity > ANTÉNY > TV antény pokojové";"TV, audio a video > Antény a satelity > ANTÉNY > TV antény pokojové";"";"";"";"";"";"";"";"";"";"Emos CITY RING-C500";""
"AT_ATO-KM0856";"";"Nabíječka USB KRUGER & MATZ KM0856 GaN 45W";"352f25f8-93dd-11f1-9b27-bc2411833e01";"";"5901890107082";"";"";"TV, audio a video > Mobily a tablety > GSM nabíjačky";"Fotovoltaika a energie > Napájacie zdroje > Adaptéry USB";"TV, audio a video > Mobily a tablety > GSM nabíjačky";"";"";"";"";"";"";"";"";"Kruger&Matz KM0856";""
"AT_LEC-TSA8904-1";"";"Pikniková deka TEESA TSA8904-1 200x300 cm červená kostka";"39d95dc6-93dd-11f1-ad61-bc2411833e01";"";"5901890104593";"";"";"Šport, hračky a voľný čas > Turistika > Cestování a outdoor";"Šport, hračky a voľný čas > Turistika > Turistické vybavenie";"Auto-moto > Karavany a obytná autá > Ostatné doplnky";"Šport, hračky a voľný čas > Turistika > Cestování a outdoor";"";"";"";"";"";"";"";"Deka TEESA 200x300cm červená mriežka";""
"AT_LP-KM0127";"";"Kruger&Matz KM0127 brašna na rám kola";"3b6472ca-93dd-11f1-8cfe-bc2411833e01";"";"5901890064934";"";"";"Šport, hračky a voľný čas > Cyklistika > Cyklotašky";"Šport, hračky a voľný čas > Cyklistika > Cyklodržáky";"Šport, hračky a voľný čas > Cyklistika > Cyklotašky";"";"";"";"";"";"";"";"";"Kruger & Matz XB50";""
"AT_EMO1551021800";"";"LED pásek EMOS ZPW218R GoSmart WiFi 2m, 11W, 450lm, RGB/CCT";"3c0187a4-93dd-11f1-b195-bc2411833e01";"";"8592920120446";"";"";"Bezpečnosť a smart domácnosť > Smart domácnosť > Osvetlenie";"Elektroinštalačný materiál > Osvetlenie > LED pásky";"Bezpečnosť a smart domácnosť > Smart domácnosť > Osvetlenie";"";"";"";"";"";"";"";"";"EMOS 1551021800";""
"AT_ATO-2104105000";"";"EMOS P56400S GoSmart detektor oxidu uhelnatého TCS0101W s Wi-Fi";"3dc79902-93dd-11f1-a25b-bc2411833e01";"";"8592920130780";"";"";"Bezpečnosť a smart domácnosť > Smart domácnosť > Detektory a alarmy";"Bezpečnosť a smart domácnosť > Zabezpečenie > Detektory CO, CO2, plynu a vody";"Bezpečnosť a smart domácnosť > Smart domácnosť > Detektory a alarmy";"";"";"";"";"";"";"";"";"Emos GoSmart detektor oxidu uhoľnatého v miestnosti TCS0101W s Wi-Fi";""
"AT_ATO-A500004358";"";"Nabíječka chytrá Victron Energy BlueSmart 12V/15A, 1 výstup, IP22";"3eb1079a-93dd-11f1-a84a-bc2411833e01";"";"8719076037415";"";"";"Fotovoltaika a energie > Nabíjačky > Nabíjačky LiFePO4";"Fotovoltaika a energie > Nabíjačky > Nabíjačky pre olovené akumulátory";"Fotovoltaika a energie > Nabíjačky > Nabíjačky LiFePO4";"";"";"";"";"";"";"";"";"BlueSmart 12V/15A IP22";""
"AT_ABL-30-B1-379";"";"Chránič zubů DBX BUSHIDO MG-2 černý s tesáky";"40015d66-93dd-11f1-8d03-bc2411833e01";"";"5902539016758";"";"";"Šport, hračky a voľný čas > Bojové športy > Chrániče";"Šport, hračky a voľný čas > Bojové športy > Chrániče";"";"";"";"";"";"";"";"";"";"DBX Bushido MG-3R";""
"AT_LEC-RBA-1005";"";"Veslařský trenažér REBEL ACTIVE RBA-1005";"4035da6e-93dd-11f1-b025-bc2411833e01";"";"5901890098120";"";"";"Šport, hračky a voľný čas > Posilňovanie a fitness > Trenažéry > Rotopedy";"Šport, hračky a voľný čas > Posilňovanie a fitness > Trenažéry > Rotopedy";"";"";"";"";"";"";"";"";"";"Rebel RBA-1005";""
"AT_LEC-RBA-1007";"";"Spinningové kolo REBEL ACTIVE RBA-1007";"404e215a-93dd-11f1-974c-bc2411833e01";"";"5901890098113";"";"";"Šport, hračky a voľný čas > Posilňovanie a fitness > Trenažéry > Spinningová kolesá";"Šport, hračky a voľný čas > Posilňovanie a fitness > Trenažéry > Spinningová kolesá";"";"";"";"";"";"";"";"";"";"Rebel RBA-1007";""
"AT_ATO-V800G";"";"Vak vodotěsný Trizand 20l 55 x 37cm černý";"4075249e-93dd-11f1-ab1c-bc2411833e01";"";"5900779950702";"";"";"Šport, hračky a voľný čas > Sportovní vybavenie > Paddleboardy";"Šport, hračky a voľný čas > Sportovní vybavenie > Paddleboardy";"";"";"";"";"";"";"";"";"";"Trizand 23566 Vodotesný vak 20 l";""
"AT_ATO-TVSM5840BK";"";"TV držák NEDIS TVSM5840BK SmartLife motorizovaný (37-80'' 60kg) černý";"41162772-93dd-11f1-a159-bc2411833e01";"";"5412810450466";"";"";"Bezpečnosť a smart domácnosť > Smart domácnosť > Ostatné smart elektronika";"TV, audio a video > TV stolíky a držiaky > Pojízdné";"Bezpečnosť a smart domácnosť > Smart domácnosť > Ostatné smart elektronika";"";"";"";"";"";"";"";"";"Nedis TVSM5840BK";""
"AT_ATO-WIFICBO32WT";"";"Kamera IP venkovní dobíjecí NEDIS WIFICBO32WT | Wi-Fi | 4MP | IP66";"4171a232-93dd-11f1-907f-bc2411833e01";"";"5412810455058";"";"";"Bezpečnosť a smart domácnosť > Smart domácnosť > IP kamery";"Bezpečnosť a smart domácnosť > Kamerové systémy > IP SMART kamery";"Bezpečnosť a smart domácnosť > Smart domácnosť > IP kamery";"";"";"";"";"";"";"";"";"Nedis SmartLife vonkajšia kamera WIFICBO32WT";""
"AT_TIP-06421850";"";"Alarm/siréna chytrá Wi-Fi NEDIS WIFISI10CWT (85 dB)";"42d4d7ac-93dd-11f1-b493-bc2411833e01";"";"5412810296705";"";"";"Bezpečnosť a smart domácnosť > Smart domácnosť > Detektory a alarmy";"Bezpečnosť a smart domácnosť > Zabezpečenie > Domové alarmy";"Bezpečnosť a smart domácnosť > Smart domácnosť > Detektory a alarmy";"";"";"";"";"";"";"";"";"Nedis WIFISM10CWT";""
"AT_CMP-06241";"";"Nabíjecí bezdrátová podložka pro telefony Compass";"4a7414be-93dd-11f1-b120-bc2411833e01";"";"8591686062410";"";"";"TV, audio a video > Mobily a tablety > GSM nabíjačky";"Auto-moto > Vybavenie auta > Držiaky na mobily";"TV, audio a video > Mobily a tablety > GSM nabíjačky";"";"";"";"";"";"";"";"";"Compass 06241";""
"AT_LEC-ZAB0034";"";"Koloběžka elektrická REBEL ZAB0034 FUN WHEELS LIGHT modrá";"4b8887ae-93dd-11f1-aef8-bc2411833e01";"";"5901890128001";"";"";"Šport, hračky a voľný čas > Elektrické kolobežky";"Šport, hračky a voľný čas > Elektrické kolobežky";"";"";"";"";"";"";"";"";"";"Rebel FUN WHEELS LIGHT";""
"AT_ATO-WIFIP151EWT";"";"SmartLife chytrá zásuvka NEDIS WIFIP151EWT /Wi-Fi/měřič spotřeby/16A/3680W/bílá";"4cd3cf92-93dd-11f1-ace7-bc2411833e01";"";"5412810448333";"";"";"Bezpečnosť a smart domácnosť > Smart domácnosť > Zásuvky";"Elektroinštalačný materiál > Predlžovačky, zásuvky, vidlica > Vidlica a zásuvky";"Bezpečnosť a smart domácnosť > Smart domácnosť > Zásuvky";"";"";"";"";"";"";"";"";"Nedis WIFIP151EWT";""
"AT_MS-MODELL H PINK";"";"Hodiny nástěnné TechnoLine Modell H pink";"560ad4a2-93dd-11f1-824c-bc2411833e01";"";"4029665200156";"";"";"Domáce spotrebiče > Malé spotrebiče > Hodiny a budíky > Hodiny";"Domáce spotrebiče > Malé spotrebiče > Hodiny a budíky > Hodiny";"";"";"";"";"";"";"";"";"";"TechnoLine Modell H růžové";""
"AT_MS-WT 8235 CHROM";"";"Hodiny nástěnné TechnoLine WT 8235 chrom";"5624536e-93dd-11f1-98c7-bc2411833e01";"";"4029665082356";"";"";"Domáce spotrebiče > Malé spotrebiče > Hodiny a budíky > Hodiny";"Domáce spotrebiče > Malé spotrebiče > Hodiny a budíky > Hodiny";"";"";"";"";"";"";"";"";"";"Techno Line WT 8235";""
"AT_MS-WT 8610";"";"Hodiny nástěnné TechnoLine WT 8610";"56324366-93dd-11f1-a68c-bc2411833e01";"";"4029665786100";"";"";"Domáce spotrebiče > Malé spotrebiče > Hodiny a budíky > Hodiny";"Domáce spotrebiče > Malé spotrebiče > Hodiny a budíky > Hodiny";"";"";"";"";"";"";"";"";"";"Technoline WT-8610";""
"AT_MS-WT 8972";"";"Hodiny nástěnné TechnoLine WT 8972";"563fc176-93dd-11f1-ac5a-bc2411833e01";"";"4029665089720";"";"";"Domáce spotrebiče > Malé spotrebiče > Hodiny a budíky > Hodiny";"Domáce spotrebiče > Malé spotrebiče > Hodiny a budíky > Hodiny";"";"";"";"";"";"";"";"";"";"Techno Line Metall 3D DCF 30 cm černé 672927";""
"AT_MS-WT 1510";"";"Hodiny nástěnné TechnoLine WT 1510";"564e58e4-93dd-11f1-982b-bc2411833e01";"";"4029665015101";"";"";"Domáce spotrebiče > Malé spotrebiče > Hodiny a budíky > Hodiny";"Domáce spotrebiče > Malé spotrebiče > Hodiny a budíky > Hodiny";"";"";"";"";"";"";"";"";"";"Techno Line WT 1510";""
"AT_MS-WT 1013";"";"Hodiny nástěnné TechnoLine WT 1013";"565b19d0-93dd-11f1-a992-bc2411833e01";"";"4029665010137";"";"";"Domáce spotrebiče > Malé spotrebiče > Hodiny a budíky > Hodiny";"Domáce spotrebiče > Malé spotrebiče > Hodiny a budíky > Hodiny";"";"";"";"";"";"";"";"";"";"TechnoLine WT 1013";""
"AT_MS-GARNI 065P";"";"Bezdrátové digitální bazénové čidlo GARNI 065P";"57d5d548-93dd-11f1-821a-bc2411833e01";"";"8592733021367";"";"";"Domáce spotrebiče > Malé spotrebiče > Meteostanice > Bezdrátová čidlá";"Domáce spotrebiče > Malé spotrebiče > Meteostanice > Bezdrátová čidlá";"";"";"";"";"";"";"";"";"";"Garni 065P";""
"AT_IST-LNBINQTUL02";"";"Inverto Ultra Quattro IDLT-QTL412 LNB 0,2 dB";"5cd692c6-93dd-11f1-a2a5-bc2411833e01";"";"5453002615164";"";"";"TV, audio a video > Antény a satelity > LNB konvertory > Quattro (H/V)";"TV, audio a video > Antény a satelity > LNB konvertory > Quattro (H/V)";"";"";"";"";"";"";"";"";"";"Inverto Ultra Twin HGLN, 40 mm, 0,2 dB 5453002615140";""
"AT_IST-LNBINSNUL02";"";"INVERTO Ultra - Single IDLT-SNL412 - 0,2 dB";"5ce356f0-93dd-11f1-bbe5-bc2411833e01";"";"5453002615133";"";"";"TV, audio a video > Antény a satelity > LNB konvertory > Singl 1 TV";"TV, audio a video > Antény a satelity > LNB konvertory > Singl 1 TV";"";"";"";"";"";"";"";"";"";"Inverto Black ULTRA Single 0.2DB";""
"AT_VUEXT";"";"Tuner externí USB pro VU+ TURBO 2 DVB-T2/C";"5fdc14be-93dd-11f1-950a-bc2411833e01";"";"8809288540718";"";"";"TV, audio a video > Antény a satelity > SATELITNÉ PRIJÍMAČE > Prijímače s OS Linux";"TV, audio a video > Antény a satelity > SATELITNÉ PRIJÍMAČE > Prijímače s OS Linux";"";"";"";"";"";"";"";"";"";"Vu+ TURBO";""
"AT_TIP-08852820";"";"Cyklotaška s nářadím";"60a5fd92-93dd-11f1-9861-bc2411833e01";"";"8591686120769";"";"";"Šport, hračky a voľný čas > Cyklistika > Cyklotašky";"Šport, hračky a voľný čas > Cyklistika > Cyklotašky";"";"";"";"";"";"";"";"";"";"Compass Bike 12076";""
"AT_LEC-KM2242";"";"Kamerový set Kruger&Matz Connect C300 IP POE Tuya";"632b8fb4-93dd-11f1-a720-bc2411833e01";"";"5901890120920";"";"";"Bezpečnosť a smart domácnosť > Smart domácnosť > IP kamery";"Bezpečnosť a smart domácnosť > Kamerové systémy > Kamerové sety";"Bezpečnosť a smart domácnosť > Kamerové systémy > IP SMART kamery";"Bezpečnosť a smart domácnosť > Smart domácnosť > IP kamery";"";"";"";"";"";"";"";"Kruger & Matz Connect C300";""
"AT_NED-WIFIZBT10CWT";"";"NEDIS WIFIZBT10CWT chytrá brána ZigBee 3.0 do zásuvky 230V";"6352cfac-93dd-11f1-aa5e-bc2411833e01";"";"5412810407408";"";"";"Bezpečnosť a smart domácnosť > Smart domácnosť > Zásuvky";"Bezpečnosť a smart domácnosť > Smart domácnosť > Zásuvky";"";"";"";"";"";"";"";"";"";"NEDIS WIFIZBT10CWT ZigBee Tuya";""
"AT_LEC-RBA-6014-8";"";"Zátěžová deka Rebel Active RBA-6014-8   8 kg (150x200 cm)";"682a3ccc-93dd-11f1-8f49-bc2411833e01";"";"5901890124690";"";"";"Domáce spotrebiče > Malé spotrebiče > Potreby pre domácnosť > Doplnky do domácnosti > Ostatné doplnky do domácnosti";"Šport, hračky a voľný čas > Zdravotní potreby > Zátěžové deky";"Domáce spotrebiče > Malé spotrebiče > Potreby pre domácnosť > Doplnky do domácnosti > Ostatné doplnky do domácnosti";"";"";"";"";"";"";"";"";"Rebel ACTIVE Záťažová prikrývka 150x200 8kg";""
"AT_LEC-RBA-6014-9";"";"Zátěžová deka Rebel Active RBA-6014-9   9 kg (150x200 cm)";"6839bb8e-93dd-11f1-8c79-bc2411833e01";"";"5901890124713";"";"";"Domáce spotrebiče > Malé spotrebiče > Potreby pre domácnosť > Doplnky do domácnosti > Ostatné doplnky do domácnosti";"Šport, hračky a voľný čas > Zdravotní potreby > Zátěžové deky";"Domáce spotrebiče > Malé spotrebiče > Potreby pre domácnosť > Doplnky do domácnosti > Ostatné doplnky do domácnosti";"";"";"";"";"";"";"";"";"Rebel Zátěžová deka RBA-6014 9kg 150x200";""
"AT_EMO1704023100";"";"Nabíječka USB EMOS V04G45 GaN PD univerzální 3A (45W) max.";"6abead06-93dd-11f1-92df-bc2411833e01";"";"8592920140185";"";"";"TV, audio a video > Mobily a tablety > GSM nabíjačky";"Fotovoltaika a energie > Napájacie zdroje > Adaptéry USB";"TV, audio a video > Mobily a tablety > GSM nabíjačky";"";"";"";"";"";"";"";"";"EMOS V04G45";""
"AT_EMO1704023300";"";"Nabíječka USB EMOS V06G120 GaN PD univerzální 5A (120W) max.";"6acc168a-93dd-11f1-820c-bc2411833e01";"";"8592920140246";"";"";"TV, audio a video > Mobily a tablety > GSM nabíjačky";"Fotovoltaika a energie > Napájacie zdroje > Adaptéry USB";"TV, audio a video > Mobily a tablety > GSM nabíjačky";"";"";"";"";"";"";"";"";"EMOS V06G120";""
"AT_ATO-V800M";"";"Vak vodotěsný Trizand 30l 53 x 71cm černý";"6adba6f4-93dd-11f1-85b5-bc2411833e01";"";"5900779950719";"";"";"Šport, hračky a voľný čas > Sportovní vybavenie > Paddleboardy";"Šport, hračky a voľný čas > Sportovní vybavenie > Paddleboardy";"";"";"";"";"";"";"";"";"";"Trizand 23568 Vodotesný vak 30 l";""
"AT_EMO1555034000";"";"LED stojací lampa GoSmart EMOS ZCW34BR, černá, 175 cm, teplá bílá / RGB, WiFi";"6b17e81c-93dd-11f1-8d5a-bc2411833e01";"";"8592920136997";"";"";"Bezpečnosť a smart domácnosť > Smart domácnosť > Osvetlenie";"Elektroinštalačný materiál > Osvetlenie > Stojace lampy";"Bezpečnosť a smart domácnosť > Smart domácnosť > Osvetlenie";"";"";"";"";"";"";"";"";"Emos ZCW11BR";""
"AT_ABLNBTWM";"";"AB-COM LNB AB 01 M Twin";"6ba9bf44-93dd-11f1-b102-bc2411833e01";"";"8588003817075";"";"";"TV, audio a video > Antény a satelity > LNB konvertory > Twin 2 TV";"TV, audio a video > Antény a satelity > LNB konvertory > Twin 2 TV";"";"";"";"";"";"";"";"";"";"AB-COM LNB AB LNB01 MTwin LNB";""
"AT_LEC-UCH0211";"";"Držák monitoru Cabletech UCH0211";"6da52ee6-93dd-11f1-a4e5-bc2411833e01";"";"5901890030670";"";"";"TV, audio a video > TV stolíky a držiaky > Držiaky monitorů";"TV, audio a video > TV stolíky a držiaky > Držiaky monitorů";"";"";"";"";"";"";"";"";"";"Cabletech UDT- C012";""
"AT_CMP-13267";"";"Sekera SAW 4v1 36 cm";"706b1faa-93dd-11f1-ae98-bc2411833e01";"";"8591686132670";"";"";"Šport, hračky a voľný čas > Turistika > Turistické vybavenie";"Šport, hračky a voľný čas > Turistika > Turistické vybavenie";"";"";"";"";"";"";"";"";"";"Cattara saw 13267";""
"AT_EMO1555110000";"";"LED ambientní lampa EMOS ZCW11BR GoSmart, černá, teplá bílá–studená bílá/ RGB, WiFi";"71e20a06-93dd-11f1-b1ab-bc2411833e01";"";"8592920133743";"";"";"Bezpečnosť a smart domácnosť > Smart domácnosť > Osvetlenie";"Elektroinštalačný materiál > Osvetlenie > LED svietidlá";"Bezpečnosť a smart domácnosť > Smart domácnosť > Osvetlenie";"";"";"";"";"";"";"";"";"Emos ZCW11BR";""
"AT_ATO-3402128000";"";"EMOS P5735SS GoSmart stříbrný domovní bezdrátový zvonek do zásuvky s WiFi";"720ed806-93dd-11f1-acd7-bc2411833e01";"";"8592920135488";"";"";"Bezpečnosť a smart domácnosť > Smart domácnosť > Zvončeky";"Bezpečnosť a smart domácnosť > Smart domácnosť > Zvončeky";"";"";"";"";"";"";"";"";"";"EMOS P5735SS";""
"AT_TIP-08831172";"";"Detektor oxidu uhelnatého s alarmem, hlásič CO-602 EN50291";"732c4246-93dd-11f1-9c90-bc2411833e01";"";"8591320012436";"";"";"Bezpečnosť a smart domácnosť > Zabezpečenie > Detektory CO, CO2, plynu a vody";"Bezpečnosť a smart domácnosť > Zabezpečenie > Detektory CO, CO2, plynu a vody";"";"";"";"";"";"";"";"";"";"Hütermann CO-602";""
"AT_ATO-OR-CR-276/W";"";"PIR senzor (pohybové čidlo) ORNO OR-CR-276/W Ultra plochý, TUYA smart Wi-Fi";"77039fd6-93dd-11f1-9e9e-bc2411833e01";"";"5908254846618";"";"";"Bezpečnosť a smart domácnosť > Zabezpečenie > PIR čidlá";"Bezpečnosť a smart domácnosť > Zabezpečenie > PIR čidlá";"";"";"";"";"";"";"";"";"";"ORNO PIR 360° O-OR-CR-276/W";""
"AT_ATO-OR-CR-255/B";"";"PIR senzor a přítomnosti (pohybové čidlo) ORNO OR-CR-255/B";"77106018-93dd-11f1-ad4c-bc2411833e01";"";"5908254846953";"";"";"Bezpečnosť a smart domácnosť > Zabezpečenie > PIR čidlá";"Bezpečnosť a smart domácnosť > Zabezpečenie > PIR čidlá";"";"";"";"";"";"";"";"";"";"ORNO PIR 360° O-OR-CR-255/B";""
"AT_ATO-A500007276";"";"Nabíječka chytrá Victron Energy BlueSmart 6V/12V/1,1A + DC konektor, Bluetooth, IP65";"7875afda-93dd-11f1-aa90-bc2411833e01";"";"8719076054801";"";"";"Fotovoltaika a energie > Nabíjačky > Nabíjačky LiFePO4";"Fotovoltaika a energie > Nabíjačky > Nabíjačky pre olovené akumulátory";"Fotovoltaika a energie > Nabíjačky > Nabíjačky LiFePO4";"";"";"";"";"";"";"";"";"Victron Energy BPC120134034R";""
"AT_LEC-RBA-1014";"";"Běžecký pás REBEL ACTIVE RBA-1014";"78aa8304-93dd-11f1-8085-bc2411833e01";"";"5901890113106";"";"";"Šport, hračky a voľný čas > Posilňovanie a fitness > Trenažéry > Běžecké pásy";"Šport, hračky a voľný čas > Posilňovanie a fitness > Trenažéry > Běžecké pásy";"";"";"";"";"";"";"";"";"";"Rebel RBA-1014 ACTIVE";""
"AT_TIP-04250778";"";"Baterie DEYE SE-G5.1Pro-B, 5.1 kWh LV modul do racku";"78ecd92a-93dd-11f1-ab3d-bc2411833e01";"";"5905951587523";"";"";"Fotovoltaika a energie > Akumulátory a batérie > LiFePO4 akumulátory";"Fotovoltaika a energie > Akumulátory a batérie > LiFePO4 akumulátory";"";"";"";"";"";"";"";"";"";"Deye Batéria SE-G5.1 Pro-B";""
"AT_TIP-06431013";"";"Čistič mléčných cest do kávovaru AQUALOGIS Latteo 1l";"796c1b72-93dd-11f1-919d-bc2411833e01";"";"5906501112882";"";"";"Domáce spotrebiče > Malé spotrebiče > Kávovary a espressá";"Domáce spotrebiče > Malé spotrebiče > Kávovary a espressá";"";"";"";"";"";"";"";"";"";"Aqualogis Latteo čistič mliečnych ciest 1000 ml";""
"AT_ITR-00014189";"";"Rehabilitační rotoped Trizand 9642";"79f30f06-93dd-11f1-bbb2-bc2411833e01";"";"5900779935372";"";"";"Šport, hračky a voľný čas > Posilňovanie a fitness > Trenažéry > Rotopedy";"Šport, hračky a voľný čas > Zdravotní potreby > Rehabilitační rotopedy";"Šport, hračky a voľný čas > Posilňovanie a fitness > Trenažéry > Rotopedy";"";"";"";"";"";"";"";"";"Malatec 9642";""
"AT_ITR-00017511";"";"Brousek na nože Ruhhy 23763 - 2 kameny + příslušenství";"79ffe302-93dd-11f1-a057-bc2411833e01";"";"5900779951358";"";"";"Domáce spotrebiče > Malé spotrebiče > Potreby pre domácnosť > Doplnky do domácnosti > Ostatné doplnky do domácnosti";"Domáce spotrebiče > Malé spotrebiče > Kuchynské potreby > Brousky na nože";"Náradie a dielňa > Náradie pre brúsenie, vŕtanie, rezanie a pilovanie > Ostatné";"Domáce spotrebiče > Malé spotrebiče > Potreby pre domácnosť > Doplnky do domácnosti > Ostatné doplnky do domácnosti";"";"";"";"";"";"";"";"Ruhhy 23763";""
"AT_ITR-00018054";"";"Lezecké chyty kameny Kruzzel 25396 15 ks";"7a0c0cc2-93dd-11f1-baec-bc2411833e01";"";"5900779955271";"";"";"Šport, hračky a voľný čas > Sportovní vybavenie > Ostatné športy";"Šport, hračky a voľný čas > Sportovní vybavenie > Ostatné športy";"";"";"";"";"";"";"";"";"";"Kruzzel 25396 Clearing Mounts Stones Plaster 15 ks";""
"AT_ITR-00017773";"";"Krbový stojan na dřevo Kaminer 24628";"7a3113e6-93dd-11f1-8671-bc2411833e01";"";"5900779953420";"";"";"Domáce spotrebiče > Malé spotrebiče > Vzduchotechnika > Vykurovanie";"Domáce spotrebiče > Malé spotrebiče > Vzduchotechnika > Vykurovanie";"";"";"";"";"";"";"";"";"";"Kaminer 24628";""
"AT_ITR-00016954";"";"Masážní přístroj Soulima 22579 9v1";"7a3d12d6-93dd-11f1-9e48-bc2411833e01";"";"5900779946811";"";"";"Šport, hračky a voľný čas > Zdravotní potreby > Masážne nástroje";"Šport, hračky a voľný čas > Zdravotní potreby > Masážne nástroje";"";"";"";"";"";"";"";"";"";"Soulima 22579";""
"AT_ELE-1000853";"";"Pohybové čidlo ORBIS ISIMAT";"7a48d904-93dd-11f1-be33-bc2411833e01";"";"8426709106386";"";"";"Bezpečnosť a smart domácnosť > Zabezpečenie > PIR čidlá";"Elektroinštalačný materiál > Elektromery a spínacie technika > Pohybová čidlá";"Bezpečnosť a smart domácnosť > Zabezpečenie > PIR čidlá";"";"";"";"";"";"";"";"";"Orbis OB134312";""
"AT_ELE-1000854";"";"Pohybové čidlo ORBIS ISIMAT+";"7a54f9be-93dd-11f1-a354-bc2411833e01";"";"8426709106256";"";"";"Bezpečnosť a smart domácnosť > Zabezpečenie > PIR čidlá";"Elektroinštalačný materiál > Elektromery a spínacie technika > Pohybová čidlá";"Bezpečnosť a smart domácnosť > Zabezpečenie > PIR čidlá";"";"";"";"";"";"";"";"";"Orbis OB134112";""
"AT_ATO-SAMP42244WT";"";"NEDIS SAMP42244WT domovní zesilovač (1x vstup, 4x výstup)";"7c438574-93dd-11f1-a737-bc2411833e01";"";"5412810469123";"";"";"TV, audio a video > Antény a satelity > ZOSILŇOVAČE > Domové";"TV, audio a video > Antény a satelity > ZOSILŇOVAČE > Domové";"";"";"";"";"";"";"";"";"";"Nedis SAMP42244WT";""
"AT_NED-WIFIP121EWT";"";"Zásuvka NEDIS WIFIP121EWT chytrá Wi-Fi | 16A | 3680W";"7c9eca6a-93dd-11f1-ab68-bc2411833e01";"";"5412810335329";"";"";"Bezpečnosť a smart domácnosť > Smart domácnosť > Zásuvky";"Elektroinštalačný materiál > Elektromery a spínacie technika > Zásuvkové elektromery";"Elektroinštalačný materiál > Elektromery a spínacie technika > SMART elektromery";"Bezpečnosť a smart domácnosť > Smart domácnosť > Zásuvky";"";"";"";"";"";"";"";"Nedis WIFIP120EWT";""
"AT_ATO-3010040330";"";"GoSmart EMOS IP-20PoE /H4033/ videozvonek";"7d665f44-93dd-11f1-af45-bc2411833e01";"";"8592920138205";"";"";"Bezpečnosť a smart domácnosť > Smart domácnosť > Zvončeky";"Bezpečnosť a smart domácnosť > Smart domácnosť > Zvončeky";"";"";"";"";"";"";"";"";"";"GoSmart H4033";""
"AT_LEC-RBA-3052-90";"";"Masážní válec REBEL ACTIVE RBA-3052-90  15x90cm černý";"7f203bd4-93dd-11f1-a424-bc2411833e01";"";"5901890098915";"";"";"Šport, hračky a voľný čas > Posilňovanie a fitness > Pomôcky na cvičenie > Pomôcky na cvičenie doma";"Šport, hračky a voľný čas > Posilňovanie a fitness > Pomôcky na cvičenie > Valce, kolieska a masážne lopty";"Šport, hračky a voľný čas > Posilňovanie a fitness > Pomôcky na cvičenie > Pomôcky na cvičenie doma";"";"";"";"";"";"";"";"";"Rebel RBA-3052";""
"AT_ABL-30-B3-027";"";"MMA Rukavice DBX BUSHIDO E1v9 XL";"7fd19e60-93dd-11f1-9482-bc2411833e01";"";"5902539019438";"";"";"Šport, hračky a voľný čas > Bojové športy > MMA rukavice";"Šport, hračky a voľný čas > Bojové športy > MMA rukavice";"";"";"";"";"";"";"";"";"";"DBX Bushido MMA Master E1v9";""
"AT_ABL-30-B4-022";"";"Chrániče loktů DBX BUSHIDO DBX-EG-11 XL";"8033ab78-93dd-11f1-9eea-bc2411833e01";"";"5904639191663";"";"";"Šport, hračky a voľný čas > Bojové športy > Chrániče";"Šport, hračky a voľný čas > Bojové športy > Chrániče";"";"";"";"";"";"";"";"";"";"DBX Bushido DBD-E-1a sťahovadlo na kolená";""
"AT_EMO1022000911";"";"Baterie 9V GP CR-V9 lithiová, blistr -- ks prodej";"807344fe-93dd-11f1-a316-bc2411833e01";"";"4891199104565";"";"";"Fotovoltaika a energie > Akumulátory a batérie > 9V";"Fotovoltaika a energie > Akumulátory a batérie > 9V";"";"";"";"";"";"";"";"";"";"GP 9V 1ks 1022000911";""
"AT_V012";"";"Konzola T-sat 25 cm";"81ffdb0c-93dd-11f1-88cd-bc2411833e01";"";"8590669089406";"";"";"TV, audio a video > Antény a satelity > Konzoly, stožiare, uzemnenie > Konzoly na stěnu > S T základnou";"TV, audio a video > Antény a satelity > Konzoly, stožiare, uzemnenie > Konzoly na stěnu > S T základnou";"";"";"";"";"";"";"";"";"";"STELL SHO 1120 35030629";""
"AT_ABT-A500008329";"";"Záložní zdroj MHPower MPL-300-12 UPS 300W 12V čistý sinus podpora LiFePO4";"88dd909a-93dd-11f1-8da9-bc2411833e01";"";"8594199732238";"";"";"Fotovoltaika a energie > Záložné zdroje a UPS > Záložné zdroje pre oběhová čerpadlá";"Fotovoltaika a energie > Záložné zdroje a UPS > Záložné zdroje pre oběhová čerpadlá";"";"";"";"";"";"";"";"";"";"MHPower MPU-300-12 300W";""
"AT_ATO-CRDRU3110BK";"";"Čtečka paměťových karet NEDIS CRDRU31 USB 3.2 Gen1";"895c6a32-93dd-11f1-b542-bc2411833e01";"";"5412810415625";"";"";"TV, audio a video > Počítače a príslušenstvo > Ostatné";"TV, audio a video > Počítače a príslušenstvo > Ostatné";"";"";"";"";"";"";"";"";"";"Nedis CRDRU3110BK";""
"AT_ATO-OR-PZ-466";"";"Detektor úniku vody ORNO OR-PZ-466";"89bd65d0-93dd-11f1-b61b-bc2411833e01";"";"5908254848049";"";"";"Bezpečnosť a smart domácnosť > Zabezpečenie > Detektory CO, CO2, plynu a vody";"Náradie a dielňa > MERACIE TECHNIKA > Detektory";"Elektroinštalačný materiál > Elektromery a spínacie technika > Hladinvé spínače";"Bezpečnosť a smart domácnosť > Zabezpečenie > Detektory CO, CO2, plynu a vody";"";"";"";"";"";"";"";"Modulové relé na kontrolu hladiny vody pre 2 nádrže 24-240VAC/DC";""
"AT_ITR-00018066";"";"Sada na odvzdušňování brzd Xtrobb 25242";"8a5d3218-93dd-11f1-8bf5-bc2411833e01";"";"5904665714607";"";"";"Šport, hračky a voľný čas > Cyklistika > Ostatné cyklo doplnky";"Šport, hračky a voľný čas > Cyklistika > Ostatné cyklo doplnky";"";"";"";"";"";"";"";"";"";"Xtrobb 25242 Súprava na odvzdušnenie bŕzd bicykla, univerzálna";""
"AT_ATO-L962A";"";"Fastony, zdířky a krytky 2,8-4,8-6,3mm - sada 900ks";"8c3318dc-93dd-11f1-abdf-bc2411833e01";"";"8596425135516";"";"";"Fotovoltaika a energie > Akumulátory a batérie > Príslušenstvo > Očká, fastóny, dutinky, spojky > Sady fastonů";"Fotovoltaika a energie > Akumulátory a batérie > Príslušenstvo > Očká, fastóny, dutinky, spojky > Sady fastonů";"";"";"";"";"";"";"";"";"";"TIPA Konektor, zásuvka, uzáver faston 2,8-4,8-6,3mm - sada 900ks 03360263";""
"AT_CMP-13480";"";"Skříň kempingová Cattara 13480 MODICA";"8d462368-93dd-11f1-8763-bc2411833e01";"";"8591686134803";"";"";"Šport, hračky a voľný čas > Turistika > Kempingové stoly, stoličky, ležadlá";"Auto-moto > Karavany a obytná autá > Kempingový nábytok";"Šport, hračky a voľný čas > Turistika > Kempingové stoly, stoličky, ležadlá";"";"";"";"";"";"";"";"";"CATTARA 13480 Modica";""
"AT_EMO3069050300";"";"Alarm GoSmart EMOS IP-1256L GUARDIAN s pohybovým čidlem, 6× dveřní/okenní senzor, WiFi";"8d6e1eb8-93dd-11f1-a790-bc2411833e01";"";"8592920147009";"";"";"Bezpečnosť a smart domácnosť > Zabezpečenie > Domové alarmy";"Bezpečnosť a smart domácnosť > Zabezpečenie > Domové alarmy";"";"";"";"";"";"";"";"";"";"EMOS GoSmart alarm IP-126L GUARDIAN s pohybovým čidlem 3069050300";""
"AT_LEC-24161";"";"Matrace nafukovací AVENLI 24161 KING SIZE 203x152x25 cm";"9122ffba-93dd-11f1-bbaf-bc2411833e01";"";"6920388699716";"";"";"Šport, hračky a voľný čas > Turistika > Karimatky, matrace, vankúše";"Šport, hračky a voľný čas > Turistika > Karimatky, matrace, vankúše";"";"";"";"";"";"";"";"";"";"Avenli 24161 Nafukovací matrac veľkosti King 203 x 152 x 25 cm sivý";""
"AT_ABT-A500007236";"";"Hasicí sprej SAFE 750 MAX";"916618fe-93dd-11f1-a6f3-bc2411833e01";"";"703123018289";"";"";"Bezpečnosť a smart domácnosť > Zabezpečenie > Hasící prístroje";"Auto-moto > Garáž, Dielňa, Servis > Hasicí prístroje";"Bezpečnosť a smart domácnosť > Zabezpečenie > Hasící prístroje";"";"";"";"";"";"";"";"";"Safehome Hasicí sprej SAFE 750 MAX 750ml pěnový 06560996";""
"AT_ABL-30-B1-544";"";"Rozpěrný kruh na řetěz boxovacího pytle DBX BUSHIDO R40";"918ac12c-93dd-11f1-842a-bc2411833e01";"";"5902539011456";"";"";"Šport, hračky a voľný čas > Bojové športy > Príslušenstvo";"Šport, hračky a voľný čas > Bojové športy > Príslušenstvo";"";"";"";"";"";"";"";"";"";"DBX Bushido R40DBX";""
"AT_ABL-30-B1-576";"";"Boxovací hruška DBX BUSHIDO SK15 černo-červená 15 kg";"919a2e8c-93dd-11f1-8753-bc2411833e01";"";"5904639190802";"";"";"Šport, hračky a voľný čas > Bojové športy > Boxovací pytle - plné";"Šport, hračky a voľný čas > Bojové športy > Boxovací pytle - plné";"";"";"";"";"";"";"";"";"";"Bushido Boxovacia hruška DBX SK15 -15 kg";""
"AT_EMO1551650000";"";"LED ambientní RGB GoSmart osvětlení EMOS ZTV65 za TV 65“ (164 cm)";"9389d1c0-93dd-11f1-9102-bc2411833e01";"";"8592920138823";"";"";"Bezpečnosť a smart domácnosť > Smart domácnosť > Osvetlenie";"Bezpečnosť a smart domácnosť > Smart domácnosť > Osvetlenie";"";"";"";"";"";"";"";"";"";"Emost ZTV65";""
"AT_ATO-3069050110";"";"EMOS IP-2001ZW /H5011/ GoSmart přenosný ovladač scén, ZigBee 3.0, 1-tlačítkový";"93e534e8-93dd-11f1-a5d5-bc2411833e01";"";"8592920121221";"";"";"Bezpečnosť a smart domácnosť > Smart domácnosť > Príslušenstvo";"Bezpečnosť a smart domácnosť > Smart domácnosť > Príslušenstvo";"";"";"";"";"";"";"";"";"";"Emos H5011";""
"AT_TIP-06431004";"";"Čisticí tablety do kávovaru AQUALOGIS Cleaneo 20ks";"9498bc98-93dd-11f1-a807-bc2411833e01";"";"5906501104771";"";"";"Domáce spotrebiče > Malé spotrebiče > Kávovary a espressá";"Domáce spotrebiče > Malé spotrebiče > Kávovary a espressá";"";"";"";"";"";"";"";"";"";"Aqualogis Cleaneo 20 ks";""
"AT_LEC-RBA-3000-S3";"";"Guma posilovací REBEL ACTIVE RBA-3000-S3 Latexová sada cvičebních pásů - Power Band PLs-1, 4-32 kg, 3 pásy";"ebd45a58-945f-11f1-a91d-bc2411e8af0e";"";"5901890098618";"";"";"Šport, hračky a voľný čas > Posilňovanie a fitness > Pomôcky na cvičenie > Gumy a pásy na cvičenie";"Šport, hračky a voľný čas > Posilňovanie a fitness > Pomôcky na cvičenie > Pomôcky na cvičenie doma";"Šport, hračky a voľný čas > Posilňovanie a fitness > Pomôcky na cvičenie > Gumy a pásy na cvičenie";"";"";"";"";"";"";"";"";"REBEL Active Power Band PLs-1 4-32 kg";""
"AT_ABL-17-62-218";"";"Taktická zátěžová vesta HMS Premium TKO07 6,5 kg";"eee1cba4-945f-11f1-9743-bc2411e8af0e";"";"5907695563115";"";"";"Šport, hračky a voľný čas > Bojové športy > Zátěžové vesty";"Šport, hračky a voľný čas > Bojové športy > Zátěžové vesty";"";"";"";"";"";"";"";"";"";"HMS Premium TKO07 6,5 kg";""
"AT_TIP-07810168";"";"EMOS E2157 digitální grilovací teploměr a minutka";"ef8fd2f8-945f-11f1-9ad5-bc2411e8af0e";"";"8592920038307";"";"";"Domáce spotrebiče > Malé spotrebiče > Hodiny a budíky > Časovače, minútky";"Domáce spotrebiče > Malé spotrebiče > Kuchynské potreby > Kuchynské teplomery";"Domáce spotrebiče > Malé spotrebiče > Hodiny a budíky > Časovače, minútky";"";"";"";"";"";"";"";"";"Emos E2157 2603015000";""
"AT_LEC-RBA-6006";"";"Masážní přístroj nohou a lýtek Shiatsu, REBEL ACTIVE RBA-6006";"f55b6bc0-945f-11f1-9529-bc2411e8af0e";"";"5901890115698";"";"";"Šport, hračky a voľný čas > Zdravotní potreby > Masážne nástroje";"Šport, hračky a voľný čas > Zdravotní potreby > Masážne nástroje";"";"";"";"";"";"";"";"";"";"Rebel RBA-6006";""
"AT_LEC-RBA-6009";"";"Masážní přístroj Shiatsu, REBEL ACTIVE RBA-6009";"f567f714-945f-11f1-9958-bc2411e8af0e";"";"5901890116442";"";"";"Šport, hračky a voľný čas > Zdravotní potreby > Masážne nástroje";"Šport, hračky a voľný čas > Zdravotní potreby > Masážne nástroje";"";"";"";"";"";"";"";"";"";"Rebel RBA-6009";""
"AT_ABL-30-B1-177";"";"Tréninkový blok DBX BUSHIDO ARS-1201a";"f6c440c2-945f-11f1-858a-bc2411e8af0e";"";"5902539014587";"";"";"Šport, hračky a voľný čas > Bojové športy > Lapy a bloky";"Šport, hračky a voľný čas > Bojové športy > Lapy a bloky";"";"";"";"";"";"";"";"";"";"Bushido DBX ARS-1201a";""
"AT_ABL-30-B6-017";"";"Profesionální kožený boxovací pytel DBX BUSHIDO Sovereign 150/45cm prázdný";"021acab8-9460-11f1-b65f-bc2411e8af0e";"";"5904639195135";"";"";"Šport, hračky a voľný čas > Bojové športy > Boxovací pytle - prázdné";"Šport, hračky a voľný čas > Bojové športy > Boxovací pytle - prázdné";"";"";"";"";"";"";"";"";"";"DBX Bushido Sovereign 150/45cm 50kg";""
"AT_LEC-RBA-3227-BK";"";"Bedýnka na step aerobik REBEL ACTIVE RBA-3227-BK, 3 stupně, 68cm, černá";"048523b6-9460-11f1-a489-bc2411e8af0e";"";"5901890123051";"";"";"Šport, hračky a voľný čas > Posilňovanie a fitness > Stepy a steppery";"Šport, hračky a voľný čas > Posilňovanie a fitness > Stepy a steppery";"";"";"";"";"";"";"";"";"";"Rebel RBA-3227-BK";""
"AT_EMO3010003019";"";"Kamerová jednotka EMOS EM-10AHD /H3019/, klávesnice, pro monitory a videotelefony";"0ec459fa-9460-11f1-a844-bc2411e8af0e";"";"8592920117521";"";"";"Bezpečnosť a smart domácnosť > Smart domácnosť > Zvončeky";"Záhrada > Brány a zvončeky > Bezdrátové zvončeky";"Bezpečnosť a smart domácnosť > Kamerové systémy > Domové videotelefony";"Bezpečnosť a smart domácnosť > Smart domácnosť > Zvončeky";"";"";"";"";"";"";"";"H3019 Kamerová jednotka pro monitory a videotelefony EMOS EM-10AHD EMOS";""
"AT_ABL-30-B1-069";"";"Čtvercový stropní držák na boxovací pytel do 50 kg DBX BUSHIDO";"11cc3cc6-9460-11f1-871f-bc2411e8af0e";"";"5902539011432";"";"";"Šport, hračky a voľný čas > Bojové športy > Montážne prvky";"Šport, hračky a voľný čas > Bojové športy > Montážne prvky";"";"";"";"";"";"";"";"";"";"Mozos Power Hook TRX";""
"AT_ABL-30-B1-070";"";"Obdelníkový stropní držák na boxovací pytel do 150 kg DBX BUSHIDO MD";"11d89cdc-9460-11f1-a10a-bc2411e8af0e";"";"5902539010169";"";"";"Šport, hračky a voľný čas > Bojové športy > Montážne prvky";"Šport, hračky a voľný čas > Bojové športy > Montážne prvky";"";"";"";"";"";"";"";"";"";"DBX BUSHIDO MD";""
"AT_LEC-KM2025";"";"Krüger&Matz HL-CP03 bezdrátový adaptér CarPlay - Android Auto";"18fdf070-9460-11f1-a0ae-bc2411e8af0e";"";"5901890124201";"";"";"TV, audio a video > Audio technika > Rádiá";"Auto-moto > Autorádiá";"TV, audio a video > Audio technika > Rádiá";"";"";"";"";"";"";"";"";"Kruger & Matz KM2025";""
"AT_LEC-KOM1032";"";"WiFi extender REBEL KOM1032";"1909dfe8-9460-11f1-b93a-bc2411e8af0e";"";"5901890122627";"";"";"TV, audio a video > Počítače a príslušenstvo > Sieťové prvky > WI-FI extendéry";"TV, audio a video > Počítače a príslušenstvo > Sieťové prvky > WI-FI extendéry";"";"";"";"";"";"";"";"";"";"Rebel KOM1032";""
"AT_LEC-RBA-3152-BK";"";"Podložka na cvičení, jógu a fitness 0,6 cm Rebel Active RBA-3152-BK černá";"1de7dca4-9460-11f1-b130-bc2411e8af0e";"";"5901890099707";"";"";"Šport, hračky a voľný čas > Posilňovanie a fitness > Pomôcky na cvičenie > Pomôcky na jógu";"Šport, hračky a voľný čas > Posilňovanie a fitness > Pomôcky na cvičenie > Pomôcky na cvičenie doma";"Šport, hračky a voľný čas > Posilňovanie a fitness > Podložky";"Šport, hračky a voľný čas > Posilňovanie a fitness > Pomôcky na cvičenie > Pomôcky na jógu";"";"";"";"";"";"";"";"REBEL ACTIVE RBA-3152";""
"AT_LPKM0125";"";"KRUGER & MATZ XT50 Držák telefonu na kolo 4v1 se svítilnou a powerbankou";"1fc48752-9460-11f1-8ea7-bc2411e8af0e";"";"5901890047326";"";"";"Šport, hračky a voľný čas > Cyklistika > Cyklodržáky";"Šport, hračky a voľný čas > Cyklistika > Svietidlá na kolo";"Šport, hračky a voľný čas > Cyklistika > Cyklodržáky";"";"";"";"";"";"";"";"";"KRUGER & MATZ KM0125";""
"AT_TIP-06430883";"";"Forma na pečení ORION Ořechy 40 silikon hnědá";"205bcc5c-9460-11f1-a259-bc2411e8af0e";"";"8592381172336";"";"";"Domáce spotrebiče > Malé spotrebiče > Nádobie > Pečúce formy";"Domáce spotrebiče > Malé spotrebiče > Nádobie > Pečúce formy";"";"";"";"";"";"";"";"";"";"Orion Forma Orechy 40ks 33,5x26x1,2 cm";""
"AT_EMO1703225021";"";"Zdroj pulzní EMOS N3113 s hřebínkem 2250mA (3-12V) univerzální";"2650ca04-9460-11f1-8903-bc2411e8af0e";"";"8592920064115";"";"";"Fotovoltaika a energie > Napájacie zdroje > Adaptéry pulzní";"Fotovoltaika a energie > Napájacie zdroje > Adaptéry pulzní";"";"";"";"";"";"";"";"";"";"Emos univerzální napájecí zdroj pulzní N3113 3-12 V / 2.25 A max. s hřebínkem USB";""
"AT_ATO-L964";"";"Sada konektorů izolovaných faston, očko, vidlička, spojka 250ks";"272aee1e-9460-11f1-9ac7-bc2411e8af0e";"";"5903293023396";"";"";"Fotovoltaika a energie > Akumulátory a batérie > Príslušenstvo > Očká, fastóny, dutinky, spojky > Káblové vidličky";"Fotovoltaika a energie > Akumulátory a batérie > Príslušenstvo > Očká, fastóny, dutinky, spojky > Sady fastonů";"Fotovoltaika a energie > Akumulátory a batérie > Príslušenstvo > Očká, fastóny, dutinky, spojky > Káblové vidličky";"";"";"";"";"";"";"";"";"amio Elektrické svorky/koncovky mix, krabica 250 ks";""
"AT_TIP-06422851";"";"Odvlhčovač vzduchu ORION NEO 2.2L";"2a88f182-9460-11f1-a7fc-bc2411e8af0e";"";"8592381158361";"";"";"Domáce spotrebiče > Malé spotrebiče > Vzduchotechnika > Odvlhčovače vzduchu";"Domáce spotrebiče > Malé spotrebiče > Vzduchotechnika > Odvlhčovače vzduchu";"";"";"";"";"";"";"";"";"";"Orion NEO Pohlcovač vlhkosti 1 kg";""
"AT_ATO-A500006298";"";"Záložní zdroj MHPower WPU-300-12 UPS 300W 12V čistý sinus";"2e175456-9460-11f1-a2e0-bc2411e8af0e";"";"8594199731842";"";"";"Fotovoltaika a energie > Záložné zdroje a UPS > Záložné zdroje pre oběhová čerpadlá";"Fotovoltaika a energie > Záložné zdroje a UPS > Záložné zdroje pre oběhová čerpadlá";"";"";"";"";"";"";"";"";"";"ABCtech WPU-300-12";""
"AT_ATO-A500006300";"";"Záložní zdroj MHPower WPU-700-12 UPS 700W 12V čistý sinus";"2e244db4-9460-11f1-b6bb-bc2411e8af0e";"";"8594199731866";"";"";"Fotovoltaika a energie > Záložné zdroje a UPS > Záložné zdroje pre oběhová čerpadlá";"Fotovoltaika a energie > Záložné zdroje a UPS > Záložné zdroje pre oběhová čerpadlá";"";"";"";"";"";"";"";"";"";"ABCtech WPU-700-12";""
"AT_ATO-A500006299";"";"Záložní zdroj MHPower WPU-500-12 UPS 500W 12V čistý sinus";"2e311cba-9460-11f1-9808-bc2411e8af0e";"";"8594199731859";"";"";"Fotovoltaika a energie > Záložné zdroje a UPS > Záložné zdroje pre oběhová čerpadlá";"Fotovoltaika a energie > Záložné zdroje a UPS > Záložné zdroje pre oběhová čerpadlá";"";"";"";"";"";"";"";"";"";"ABCtech WPU-500-12";""
"AT_ATO-A500006301";"";"Záložní zdroj MHPower WPU-800-12 UPS 800W 12V čistý sinus";"2e402b24-9460-11f1-9f67-bc2411e8af0e";"";"8594199731873";"";"";"Fotovoltaika a energie > Záložné zdroje a UPS > Záložné zdroje pre oběhová čerpadlá";"Fotovoltaika a energie > Záložné zdroje a UPS > Záložné zdroje pre oběhová čerpadlá";"";"";"";"";"";"";"";"";"";"ABCtech WPU-800-12";""
"AT_98029072-02";"";"Kleště kompresní Cabelcon CX3 ALL SIZE";"2f5c35e8-9460-11f1-880e-bc2411e8af0e";"";"5707957085689";"";"";"TV, audio a video > Antény a satelity > Konektory > Montážne náradie";"Elektroinštalačný materiál > Inštalačné náradie a ostatné materiál > Lisovací kliešte";"TV, audio a video > Antény a satelity > Konektory > Montážne náradie";"";"";"";"";"";"";"";"";"Cabelcon 98029072-02";""
"AT_MS-MODELL H GREY";"";"Hodiny nástěnné TechnoLine Modell H grey";"33504cac-9460-11f1-a0a2-bc2411e8af0e";"";"4029665100159";"";"";"Domáce spotrebiče > Malé spotrebiče > Hodiny a budíky > Hodiny";"Domáce spotrebiče > Malé spotrebiče > Hodiny a budíky > Hodiny";"";"";"";"";"";"";"";"";"";"TechnoLine Modell H grey";""
"AT_MS-WT 3100";"";"Hodiny TechnoLine WT 3100 do koupelny";"335d23d2-9460-11f1-b8df-bc2411e8af0e";"";"4029665431000";"";"";"Domáce spotrebiče > Malé spotrebiče > Hodiny a budíky > Hodiny";"Domáce spotrebiče > Malé spotrebiče > Hodiny a budíky > Hodiny";"";"";"";"";"";"";"";"";"";"TECHNOLINE WT3100";""
"AT_MS-WT 8235 GOLD";"";"Hodiny nástěnné TechnoLine WT 8235 gold";"3378cc5e-9460-11f1-914e-bc2411e8af0e";"";"4029665182353";"";"";"Domáce spotrebiče > Malé spotrebiče > Hodiny a budíky > Hodiny";"Domáce spotrebiče > Malé spotrebiče > Hodiny a budíky > Hodiny";"";"";"";"";"";"";"";"";"";"Techno Line WT 8235";""
"AT_MS-WT 7981";"";"Hodiny nástěnné TechnoLine WT 7981";"3384e5ac-9460-11f1-9c43-bc2411e8af0e";"";"4029665079813";"";"";"Domáce spotrebiče > Malé spotrebiče > Hodiny a budíky > Hodiny";"Domáce spotrebiče > Malé spotrebiče > Hodiny a budíky > Hodiny";"";"";"";"";"";"";"";"";"";"Techno Line WT 7981";""
"AT_ALAL100";"";"Zdroj Alcad AL-100 (2xvýstup, 24V/100mA) napájecí";"33cc8312-9460-11f1-a809-bc2411e8af0e";"";"8425988903860";"";"";"TV, audio a video > Antény a satelity > ZOSILŇOVAČE > HLAVNÍ STANICE > ALCAD > Zdroje";"TV, audio a video > Antény a satelity > ZOSILŇOVAČE > Domové";"TV, audio a video > Antény a satelity > Zdroje a výhybky > Napájacie zdroje k zesilovači";"TV, audio a video > Antény a satelity > ZOSILŇOVAČE > HLAVNÍ STANICE > ALCAD > Zdroje";"";"";"";"";"";"";"";"Alcad AL-100";""
"AT_ITR-00018501";"";"Elektrický ohřívač Embego Kaminer 26400 krb s efektem plamene a dálkovým ovládáním";"43921d7a-9460-11f1-bdb2-bc2411e8af0e";"";"5900779959033";"";"";"Domáce spotrebiče > Malé spotrebiče > Vzduchotechnika > Vykurovanie";"Domáce spotrebiče > Malé spotrebiče > Vzduchotechnika > Vykurovanie";"";"";"";"";"";"";"";"";"";"Kaminer 2000 W 32 x 52,5 x 18 cm čierny";""
"AT_LEC-RBA-3004";"";"Guma posilovací REBEL ACTIVE RBA-3004 Latexová sada 5ks Long Band Ls-1, 1,5-11,5 kg, barevná";"4a44d356-9460-11f1-8ade-bc2411e8af0e";"";"5901890101998";"";"";"Šport, hračky a voľný čas > Posilňovanie a fitness > Pomôcky na cvičenie > Gumy a pásy na cvičenie";"Šport, hračky a voľný čas > Posilňovanie a fitness > Pomôcky na cvičenie > Pomôcky na cvičenie doma";"Šport, hračky a voľný čas > Posilňovanie a fitness > Pomôcky na cvičenie > Gumy a pásy na cvičenie";"";"";"";"";"";"";"";"";"REBEL ACTIVE Gumy na cvičenie 2m - Long Band Ls-1, 1-5 kg";""
"AT_MS-GARNI 098W";"";"Bezdrátové čidlo pro měření ovlhčení listů GARNI 098W";"4a9f89e0-9460-11f1-b9f4-bc2411e8af0e";"";"8592733021442";"";"";"Domáce spotrebiče > Malé spotrebiče > Meteostanice > Bezdrátová čidlá";"Domáce spotrebiče > Malé spotrebiče > Meteostanice > Bezdrátová čidlá";"";"";"";"";"";"";"";"";"";"GARNI technology GARNI 098W Bezdrôtový snímač vlhkosti listov";""
"AT_LEC-KM0335-5M";"";"Kabel reproduktorový KRUGER & MATZ KM0335-5M 5m konektory typu banánek";"4c5a7b1e-9460-11f1-bc67-bc2411e8af0e";"";"5901890097482";"";"";"TV, audio a video > AV káble > AV káble";"TV, audio a video > AV káble > AV káble";"";"";"";"";"";"";"";"";"";"Kruger&Matz Reproduktorový kábel s banánikmi 5 m L-KM0335-5M";""
"AT_ATO-OR-CR-275/W";"";"PIR senzor (pohybové čidlo) ORNO OR-CR-275/W";"4d708cd2-9460-11f1-b083-bc2411e8af0e";"";"5908254846687";"";"";"Bezpečnosť a smart domácnosť > Zabezpečenie > PIR čidlá";"Bezpečnosť a smart domácnosť > Zabezpečenie > PIR čidlá";"";"";"";"";"";"";"";"";"";"Orno O-OR-CR-275/W";""
"AT_ALAL105";"";"Zdroj Alcad AL-105 (2xvýstup, 12V/100mA) napájecí";"4eebc81a-9460-11f1-abc2-bc2411e8af0e";"";"8425988903877";"";"";"TV, audio a video > Antény a satelity > ZOSILŇOVAČE > HLAVNÍ STANICE > ALCAD > Zdroje";"TV, audio a video > Antény a satelity > ZOSILŇOVAČE > Domové";"TV, audio a video > Antény a satelity > Zdroje a výhybky > Napájacie zdroje k zesilovači";"TV, audio a video > Antény a satelity > ZOSILŇOVAČE > HLAVNÍ STANICE > ALCAD > Zdroje";"";"";"";"";"";"";"";"Alcad AL-105";""
"AT_IST-LNBINQTHPRO";"";"Inverto HOME Pro - Quattro Universal 40mm PLL LNB";"53e4517a-9460-11f1-93d7-bc2411e8af0e";"";"5453002613313";"";"";"TV, audio a video > Antény a satelity > LNB konvertory > Quattro (H/V)";"TV, audio a video > Antény a satelity > LNB konvertory > Quattro (H/V)";"";"";"";"";"";"";"";"";"";"LP Quattro Inverto Home pro URZ1308";""
"AT_MS-WT 1019";"";"Hodiny nástěnné TechnoLine WT 1019";"5947ca7a-9460-11f1-bdbd-bc2411e8af0e";"";"4029665110196";"";"";"Domáce spotrebiče > Malé spotrebiče > Hodiny a budíky > Hodiny";"Domáce spotrebiče > Malé spotrebiče > Hodiny a budíky > Hodiny";"";"";"";"";"";"";"";"";"";"TechnoLine WT 1019";""
"AT_MS-776043";"";"Hodiny nástěnné TechnoLine 776043 dřevěné";"595443c2-9460-11f1-990b-bc2411e8af0e";"";"8717794809406";"";"";"Domáce spotrebiče > Malé spotrebiče > Hodiny a budíky > Hodiny";"Domáce spotrebiče > Malé spotrebiče > Hodiny a budíky > Hodiny";"";"";"";"";"";"";"";"";"";"Technoline 776043";""
"AT_MS-WT 1016";"";"Hodiny nástěnné TechnoLine WT 1016";"59614e8c-9460-11f1-aefb-bc2411e8af0e";"";"4029665010168";"";"";"Domáce spotrebiče > Malé spotrebiče > Hodiny a budíky > Hodiny";"Domáce spotrebiče > Malé spotrebiče > Hodiny a budíky > Hodiny";"";"";"";"";"";"";"";"";"";"TechnoLine WT 1016";""
"AT_MS-WT 7160";"";"Hodiny nástěnné TechnoLine WT 7160";"596d112c-9460-11f1-8f5a-bc2411e8af0e";"";"4029665071602";"";"";"Domáce spotrebiče > Malé spotrebiče > Hodiny a budíky > Hodiny";"Domáce spotrebiče > Malé spotrebiče > Hodiny a budíky > Hodiny";"";"";"";"";"";"";"";"";"";"Technoline WT7160";""
"AT_LEC-RB-4028";"";"Zdroj záložní REBEL POWER 1000 LFP4 RB-4028 700W 12V";"5b5f2330-9460-11f1-ada8-bc2411e8af0e";"";"5901890116350";"";"";"Fotovoltaika a energie > Záložné zdroje a UPS > Záložné zdroje pre oběhová čerpadlá";"Fotovoltaika a energie > Záložné zdroje a UPS > Záložné zdroje pre oběhová čerpadlá";"";"";"";"";"";"";"";"";"";"Rebel POWER-1000-LFP4";""
"AT_CMP-12039";"";"Cyklotaška nad rám oboustranná + pouzdro na telefon 6,7"" COMPASS";"5ecdd7dc-9460-11f1-b1f9-bc2411e8af0e";"";"8591686120394";"";"";"Šport, hračky a voľný čas > Cyklistika > Cyklotašky";"Šport, hračky a voľný čas > Cyklistika > Cyklotašky";"";"";"";"";"";"";"";"";"";"Compass Bike Cyklonad rám + PHONE 6 7";""
"AT_LEC-TSA5009";"";"Výrobník ledu TEESA EASY ICE TSA5009";"622055ae-9460-11f1-8659-bc2411e8af0e";"";"5901890120401";"";"";"Domáce spotrebiče > Malé spotrebiče > Príprava nápojov > Výrobníky ľadu";"Domáce spotrebiče > Malé spotrebiče > Príprava nápojov > Výrobníky ľadu";"";"";"";"";"";"";"";"";"";"TEESA EASY ICE TSA5009";""
"AT_LEC-RBA-2407";"";"Multifunkční tréninková hrazda REBEL ACTIVE RBA-2407";"64574936-9460-11f1-bce1-bc2411e8af0e";"";"5901890122979";"";"";"Šport, hračky a voľný čas > Posilňovanie a fitness > Posilňovacie stroje";"Šport, hračky a voľný čas > Posilňovanie a fitness > Posilňovacie stroje";"";"";"";"";"";"";"";"";"";"Rebel RBA-2407 ACTIVE";""
"AT_VE3957";"";"DC-DC nabíječka Orion-Tr Smart 12/12-30A (360W) neizolovaná";"69ea934e-9460-11f1-bf9b-bc2411e8af0e";"";"8719076048954";"";"";"Fotovoltaika a energie > Nabíjačky > Nabíjačky DC-DC";"Fotovoltaika a energie > Nabíjačky > Nabíjačky DC-DC";"";"";"";"";"";"";"";"";"";"Victron Energy 30749";""
"AT_VE3929";"";"DC-DC nabíječka Orion-Tr Smart 12/12-30A (360W) izolovaná";"69f72334-9460-11f1-af18-bc2411e8af0e";"";"8719076047698";"";"";"Fotovoltaika a energie > Nabíjačky > Nabíjačky DC-DC";"Fotovoltaika a energie > Nabíjačky > Nabíjačky DC-DC";"";"";"";"";"";"";"";"";"";"Victron Energy menič Orion-Tr Smart 12/12-30 360 W 12 V 12.2 V ORI121236120";""
"AT_ITR-00017027";"";"Lopatka skládací multifunkční 16v1 Trizand 22640";"6cdee74e-9460-11f1-9927-bc2411e8af0e";"";"5900779947207";"";"";"Šport, hračky a voľný čas > Turistika > Turistické vybavenie";"Šport, hračky a voľný čas > Turistika > Turistické vybavenie";"";"";"";"";"";"";"";"";"";"Trizand Poľná skladacia lopatka 16 v 1 67 cm 22640";""
"AT_ITR-00017391";"";"Sprchový stan Trizand 23492";"6ced05ae-9460-11f1-b1ea-bc2411e8af0e";"";"5900779950153";"";"";"Šport, hračky a voľný čas > Turistika > Turistické vybavenie";"Auto-moto > Karavany a obytná autá > Ostatné doplnky";"Šport, hračky a voľný čas > Turistika > Turistické vybavenie";"";"";"";"";"";"";"";"";"Trizand 23492";""
"AT_JOH6711";"";"Johansson 6711 Revolution programovatelný zesilovač";"6fd6a32e-9460-11f1-b3d7-bc2411e8af0e";"";"5404041101255";"";"";"TV, audio a video > Antény a satelity > ZOSILŇOVAČE > Programovatelné";"TV, audio a video > Antény a satelity > ZOSILŇOVAČE > Programovatelné";"";"";"";"";"";"";"";"";"";"Anténny zosilňovač programovateľný JOHANSSON 6711 Profino Revolution PLUS";""
"AT_LEC-RBA-3151-BL";"";"Podložka na cvičení, jógu a fitness 1,5 cm Rebel Active RBA-3151-BL modrá";"77982e52-9460-11f1-9d7a-bc2411e8af0e";"";"5901890099745";"";"";"Šport, hračky a voľný čas > Posilňovanie a fitness > Pomôcky na cvičenie > Pomôcky na jógu";"Šport, hračky a voľný čas > Posilňovanie a fitness > Pomôcky na cvičenie > Pomôcky na cvičenie doma";"Šport, hračky a voľný čas > Posilňovanie a fitness > Podložky";"Šport, hračky a voľný čas > Posilňovanie a fitness > Pomôcky na cvičenie > Pomôcky na jógu";"";"";"";"";"";"";"";"Rebel RBA-3151";""
"AT_TIP-04280189";"";"Solární regulátor MPPT Victron Energy SmartSolar 100V/20A Bluetooth";"790ce250-9460-11f1-8302-bc2411e8af0e";"";"8719076043027";"";"";"Fotovoltaika a energie > Fotovoltaika > Solárne regulátory > Solárne regulátory MPPT";"Fotovoltaika a energie > Fotovoltaika > Solárne regulátory > Solárne regulátory MPPT";"";"";"";"";"";"";"";"";"";"Victron Energy MPPT SMART 100 / 20";""
"AT_TIP-08855452";"";"COMPASS 09154 hustilka nožní s manometrem dvoupístová TÜV/GS 2x120mm";"7aab629e-9460-11f1-91a2-bc2411e8af0e";"";"8591686091540";"";"";"Šport, hračky a voľný čas > Cyklistika > Pumpy na kolo";"Šport, hračky a voľný čas > Cyklistika > Pumpy na kolo";"";"";"";"";"";"";"";"";"";"Compass TÜV/GS 2x120mm";""
"AT_ATO-3069052030";"";"EMOS IP-2213Z /H5022/ GoSmart opakovač signálu pro ZigBee 3.0 bránu";"7e90027a-9460-11f1-b0f4-bc2411e8af0e";"";"8592920128725";"";"";"Bezpečnosť a smart domácnosť > Smart domácnosť > Príslušenstvo";"Bezpečnosť a smart domácnosť > Smart domácnosť > Príslušenstvo";"";"";"";"";"";"";"";"";"";"Emos IP-2213Z 3069052030";""
"AT_IST-LNBINTWUL02";"";"INVERTO Ultra - Twin HGLN 40 mm - 0,2 dB";"8002253e-9460-11f1-bfd0-bc2411e8af0e";"";"5453002615140";"";"";"TV, audio a video > Antény a satelity > LNB konvertory > Twin 2 TV";"TV, audio a video > Antény a satelity > LNB konvertory > Twin 2 TV";"";"";"";"";"";"";"";"";"";"Inverto LNB Twin Black Ultra 0,2 dB";""
"AT_CPP-CP-UNC-VB21ZL4C-VMDS-2713";"";"CP-UNC-VB21ZL4C-VMDS-27135 2.0 Mpix venkovní IP antivandal dome kamera s IR, WDR, Starlight a mikro";"82bba8b8-9460-11f1-b4c5-bc2411e8af0e";"";"4250593444187";"";"";"Bezpečnosť a smart domácnosť > Kamerové systémy > IP sieťové kamery > 2.0 Mpix. (Full HD) / 2.4 Mpix";"Bezpečnosť a smart domácnosť > Kamerové systémy > IP sieťové kamery > 2.0 Mpix. (Full HD) / 2.4 Mpix";"";"";"";"";"";"";"";"";"";"CP Plus CP-UNC-VB21ZL4-VMDS-27135";""
"AT_LEC-RBA-4104";"";"Badmintonový set REBEL ACTIVE RBA-4104";"82f9a492-9460-11f1-94d0-bc2411e8af0e";"";"5901890113137";"";"";"Šport, hračky a voľný čas > Sportovní vybavenie > Raketové športy > Badminton";"Šport, hračky a voľný čas > Sportovní vybavenie > Raketové športy > Badminton";"";"";"";"";"";"";"";"";"";"Rebel ACTIVE SmashSet";""
"AT_CMP-13841";"";"Batoh Cattara RUNNER BLUE 38l";"89331532-9460-11f1-b7af-bc2411e8af0e";"";"8591686138412";"";"";"Šport, hračky a voľný čas > Turistika > Cestování a outdoor";"Šport, hračky a voľný čas > Turistika > Turistické vybavenie";"Šport, hračky a voľný čas > Turistika > Cestování a outdoor";"";"";"";"";"";"";"";"";"Cattara RUNNER BLUE 38 l";""
"AT_LEC-KM0243FHD-V3";"";"Televizor Kruger&Matz KM0243FHD-V3 VIDAA 43"" smart DVB-T2/S2";"89526432-9460-11f1-95ae-bc2411e8af0e";"";"5901890127882";"";"";"TV, audio a video > Televízory > 43"" (108 - 109 cm)";"TV, audio a video > Televízory > 43"" (108 - 109 cm)";"";"";"";"";"";"";"";"";"";"Krüger & Matz KM0243FHD-V3";""
"AT_ABL-30-B1-494";"";"Chránič kloubů s omotávkou DBX BUSHIDO GM-2";"8a02fd10-9460-11f1-9a03-bc2411e8af0e";"";"5902539019285";"";"";"Šport, hračky a voľný čas > Bojové športy > Príslušenstvo";"Šport, hračky a voľný čas > Bojové športy > Príslušenstvo";"";"";"";"";"";"";"";"";"";"DBX Bushido GM-2";""
"AT_ATO-3069050230";"";"Klávesnice kódová EMOS IP-006AX /H5023/ GoSmart, Wi-Fi";"8a3fa4ea-9460-11f1-b495-bc2411e8af0e";"";"8592920128862";"";"";"Bezpečnosť a smart domácnosť > Smart domácnosť > Detektory a alarmy";"Záhrada > Brány a zvončeky > Bezdrátové zvončeky";"Bezpečnosť a smart domácnosť > Smart domácnosť > Zvončeky";"Bezpečnosť a smart domácnosť > Smart domácnosť > Detektory a alarmy";"";"";"";"";"";"";"";"Emos GoSmart Kódová klávesnica IP-006AX, WiFi";""
"AT_LEC-URZ3438-1000-S";"";"Stabilizátor napětí KEMOT SER-1000-S URZ3438-1000-S s opožděným zapnutím";"8a59e288-9460-11f1-bd15-bc2411e8af0e";"";"5901890115865";"";"";"Fotovoltaika a energie > Záložné zdroje a UPS > Stabilizátory napätie";"Fotovoltaika a energie > Záložné zdroje a UPS > Stabilizátory napätie";"";"";"";"";"";"";"";"";"";"KEMOT SER-1000";""
"WIIM_VIBELINK_013";"";"WiiM Vibelink Silver";"b1088338-94b2-11f1-ac90-bc2411cab27b";"";"741365254546";"";"";"TV, audio a video > Audio technika > HiFi komponenty > Zosilňovače";"TV, audio a video > Audio technika > HiFi komponenty > Zosilňovače";"";"";"";"";"";"";"";"";"";"Wiim Vibelink Amp";""
"WIIM_VIBELINK_003";"";"WiiM Vibelink Grey";"b11539ca-94b2-11f1-9cfa-bc2411cab27b";"";"602581806318";"";"";"TV, audio a video > Audio technika > HiFi komponenty > Zosilňovače";"TV, audio a video > Audio technika > HiFi komponenty > Zosilňovače";"";"";"";"";"";"";"";"";"";"WiiM Amp";""
"WIIM_SOUND_LITE_013";"";"WiiM Sound Lite White";"b1b048fc-94b2-11f1-86d4-bc2411cab27b";"";"741365254638";"";"";"TV, audio a video > Audio technika > Reproduktory > Aktívne reproduktory";"TV, audio a video > Audio technika > Reproduktory > Aktívne reproduktory";"";"";"";"";"";"";"";"";"";"WiiM SOUND";""
"WIIM_VR_001";"";"WiiM Remote Black";"b22529d8-94b2-11f1-a224-bc2411cab27b";"";"795847057279";"";"";"TV, audio a video > Audio technika > Doplnky";"TV, audio a video > Audio technika > Doplnky";"";"";"";"";"";"";"";"";"";"Diaľkový ovládač WiiM Remote";""
"WIIM_WVR_002";"";"WiiM Voice Remote 2 Silver";"b234cb90-94b2-11f1-a2bb-bc2411cab27b";"";"602581806288";"";"";"TV, audio a video > Audio technika > Doplnky";"TV, audio a video > Audio technika > Doplnky";"";"";"";"";"";"";"";"";"";"Diaľkový ovládač WiiM Voice Remote 2";""
"MVWHKWW1BLK";"";"Sonos Wall Hook for Sonos Move (Black)";"09dcf6b2-94c5-11f1-9cf3-bc2411afdf74";"";"8717755777423";"";"";"TV, audio a video > Audio technika > Stojany";"TV, audio a video > Audio technika > Stojany";"";"";"";"";"";"";"";"";"";"Sonos Wall Hook";""
"E1PMPWW1";"";"Sonos Era 100 Pro Surface Mount Pair WW (White)";"0a1962c8-94c5-11f1-9962-bc2411afdf74";"";"8720862502611";"";"";"TV, audio a video > Audio technika > HiFi komponenty";"TV, audio a video > Audio technika > HiFi komponenty";"";"";"";"";"";"";"";"";"";"Sonos Era 100 Pro";""
"MVWHKWW1";"";"Sonos Wall Hook for Sonos Move (White)";"0a264786-94c5-11f1-895a-bc2411afdf74";"";"8717755777430";"";"";"TV, audio a video > Audio technika > Stojany";"TV, audio a video > Audio technika > Stojany";"";"";"";"";"";"";"";"";"";"Sonos Wall Hook";""
"E30SPWW1";"";"Sonos Era 300 Stand Pair White";"0a7fcaae-94c5-11f1-839c-bc2411afdf74";"";"8717755779427";"";"";"TV, audio a video > Audio technika > Stojany";"TV, audio a video > Audio technika > Stojany";"";"";"";"";"";"";"";"";"";"Sonos Era 300 Stand Pair";""
"E30SPWW1BLK";"";"Sonos Era 300 Stand Pair Black";"0a90e8ca-94c5-11f1-be5c-bc2411afdf74";"";"8717755779434";"";"";"TV, audio a video > Audio technika > Stojany";"TV, audio a video > Audio technika > Stojany";"";"";"";"";"";"";"";"";"";"Sonos Era 300 Stand Pair - černá";""
"INWLLWW1";"";"Sonos In-Wall By Sonance";"0ac58e0e-94c5-11f1-8395-bc2411afdf74";"";"8717755776006";"";"";"TV, audio a video > Audio technika > HiFi komponenty";"TV, audio a video > Audio technika > HiFi komponenty";"";"";"";"";"";"";"";"";"";"Monitor Audio SoundFrame 2 In-Wall";""
"INCLGWW1";"";"Sonos In-Ceiling By Sonance (pair)";"0ad28fdc-94c5-11f1-aec3-bc2411afdf74";"";"8717755775993";"";"";"TV, audio a video > Audio technika > HiFi komponenty";"TV, audio a video > Audio technika > HiFi komponenty";"";"";"";"";"";"";"";"";"";"Focal Dome Flax 5.1.2";""
"E10MTWW1";"";"Sonos Era 100 Mount White";"0b5aef12-94c5-11f1-9b0a-bc2411afdf74";"";"8717755779281";"";"";"TV, audio a video > Audio technika > Stojany";"TV, audio a video > Audio technika > Stojany";"";"";"";"";"";"";"";"";"";"Sonos Era 100 Wall Mount - bílá";""
"AMPG1EU1BLK";"";"Sonos Amp Black";"0bc56cc0-94c5-11f1-9b8e-bc2411afdf74";"";"8717755775696";"";"";"TV, audio a video > Audio technika > HiFi komponenty";"TV, audio a video > Audio technika > HiFi komponenty";"";"";"";"";"";"";"";"";"";"Sonos Amp";""
"E10FSWW1";"";"Sonos Era 100 Stand White";"0bd23702-94c5-11f1-86d5-bc2411afdf74";"";"8717755779328";"";"";"TV, audio a video > Audio technika > Stojany";"TV, audio a video > Audio technika > Stojany";"";"";"";"";"";"";"";"";"";"Sonos Era 100 Stand - bílá";""
"E10FSWW1BLK";"";"Sonos Era 100 Stand Black";"0bdeb8f6-94c5-11f1-853f-bc2411afdf74";"";"8717755779335";"";"";"TV, audio a video > Audio technika > Stojany";"TV, audio a video > Audio technika > Stojany";"";"";"";"";"";"";"";"";"";"Sonos Era 100 Stand";""
"E10MPWW1";"";"Sonos Era 100 Mount Pair White";"0bfa02a0-94c5-11f1-bf6b-bc2411afdf74";"";"8717755779366";"";"";"TV, audio a video > Audio technika > Stojany";"TV, audio a video > Audio technika > Stojany";"";"";"";"";"";"";"";"";"";"Sonos Era 100 držiak biely - pár";""
"E30MPWW1";"";"Sonos Era 300 Mount Pair White";"0c0739f2-94c5-11f1-a3b6-bc2411afdf74";"";"8717755779380";"";"";"TV, audio a video > Audio technika > Stojany";"TV, audio a video > Audio technika > Stojany";"";"";"";"";"";"";"";"";"";"Sonos Era 300 Wall Mount Pair - bílá";""
"E30MPWW1BLK";"";"Sonos Era 300 Mount Pair Black";"0c157b66-94c5-11f1-bbf6-bc2411afdf74";"";"8717755779397";"";"";"TV, audio a video > Audio technika > Stojany";"TV, audio a video > Audio technika > Stojany";"";"";"";"";"";"";"";"";"";"Sonos Era 300 Wall Mount Pair - černá";""
"E10SPWW1";"";"Sonos Era 100 Stand Pair White";"0c275688-94c5-11f1-9c6c-bc2411afdf74";"";"8717755779403";"";"";"TV, audio a video > Audio technika > Stojany";"TV, audio a video > Audio technika > Stojany";"";"";"";"";"";"";"";"";"";"Sonos Era 100 Stand Pair - bílá";""
"E10SPWW1BLK";"";"Sonos Era 100 Stand Pair Black";"0c37d102-94c5-11f1-9056-bc2411afdf74";"";"8717755779410";"";"";"TV, audio a video > Audio technika > Stojany";"TV, audio a video > Audio technika > Stojany";"";"";"";"";"";"";"";"";"";"Sonos Era 100 Stand Pair - černá";""
"E10MTWW1BLK";"";"Sonos Era 100 Mount Black";"0c88d4ee-94c5-11f1-baa6-bc2411afdf74";"";"8717755779298";"";"";"TV, audio a video > Audio technika > Stojany";"TV, audio a video > Audio technika > Stojany";"";"";"";"";"";"";"";"";"";"Sonos Era 100 Wall Mount - černá";""
"OPADPWW1BLK";"";"Sonos Optical Audio Adapter - Single";"0cb3607e-94c5-11f1-be15-bc2411afdf74";"";"8717755774156";"";"";"TV, audio a video > Audio technika > Doplnky";"TV, audio a video > Audio technika > Doplnky";"";"";"";"";"";"";"";"";"";"Sonos OPADPWW1BLK";""
"E10MPWW1BLK";"";"Sonos Era 100 Mount Pair Black";"0cc27582-94c5-11f1-bf1a-bc2411afdf74";"";"8717755779373";"";"";"TV, audio a video > Audio technika > Stojany";"TV, audio a video > Audio technika > Stojany";"";"";"";"";"";"";"";"";"";"Sonos Era 100 držiak čierny - pár";""
"AR2WMWW1BLK";"";"Sonos Arc Ultra Wall Mount WW Black";"0cd0323a-94c5-11f1-8f08-bc2411afdf74";"";"8720862503595";"";"";"TV, audio a video > Audio technika > Stojany";"TV, audio a video > Audio technika > Stojany";"";"";"";"";"";"";"";"";"";"Sonos Arc Ultra Wall Mount AR2WMWW1BLK";""
"E30FSWW1";"";"Sonos Era 300 Stand White";"0d41d232-94c5-11f1-ab63-bc2411afdf74";"";"8717755779342";"";"";"TV, audio a video > Audio technika > Stojany";"TV, audio a video > Audio technika > Stojany";"";"";"";"";"";"";"";"";"";"Sonos Era 300 Stand - bílá";""
"E1PMPWW1BLK";"";"Sonos Era 100 Pro Surface Mount Pair WW (Black)";"0d8aef30-94c5-11f1-982b-bc2411afdf74";"";"8720862502628";"";"";"TV, audio a video > Audio technika > HiFi komponenty";"TV, audio a video > Audio technika > HiFi komponenty";"";"";"";"";"";"";"";"";"";"Sonos Era 100 Pro";""
"BEAM2EU1";"";"Sonos Beam (GEN2) White";"0dc559ea-94c5-11f1-98f9-bc2411afdf74";"";"8717755778123";"";"";"TV, audio a video > Audio technika > Soundbary";"TV, audio a video > Audio technika > Soundbary";"";"";"";"";"";"";"";"";"";"Sonos Beam 2";""
"RAYWMWW1BLK";"";"Sonos Ray Wall Mount Black";"0e430b56-94c5-11f1-973b-bc2411afdf74";"";"8717755778550";"";"";"TV, audio a video > Audio technika > Stojany";"TV, audio a video > Audio technika > Stojany";"";"";"";"";"";"";"";"";"";"SBR Sonos Beam Wall Mount Black BM1WMWW1BLK";""
"E30FSWW1BLK";"";"Sonos Era 300 Stand Black";"0e6d3048-94c5-11f1-a969-bc2411afdf74";"";"8717755779359";"";"";"TV, audio a video > Audio technika > Stojany";"TV, audio a video > Audio technika > Stojany";"";"";"";"";"";"";"";"";"";"Sonos Era 300 Stand - černá";""
"PCS1LEU1";"";"Sonos One/Play:1 Long Power Cable (White)";"0eddef4a-94c5-11f1-b993-bc2411afdf74";"";"8717755775238";"";"";"TV, audio a video > Audio technika > Doplnky";"TV, audio a video > Audio technika > Doplnky";"";"";"";"";"";"";"";"";"";"Sonos PCS1LEU1";""
"S1SHFWW1BLK";"";"Sonos Shelf For One (SL) Black";"0f6fadd6-94c5-11f1-96b4-bc2411afdf74";"";"8717755775368";"";"";"TV, audio a video > Audio technika > Stojany";"TV, audio a video > Audio technika > Stojany";"";"";"";"";"";"";"";"";"";"SONOS S1SHFWW1";""
"KB_210610395223";"";"D-LINK WiFi AC1300 Extender (DAP-1620)";"90a54efa-9507-11f1-a6a2-bc2411e8af0e";"";"790069419379";"";"";"TV, audio a video > Počítače a príslušenstvo > Sieťové prvky > Extendery";"TV, audio a video > Počítače a príslušenstvo > Sieťové prvky > Extendery";"";"";"";"";"";"";"";"";"";"D-Link DAP-1620";""
"KB_210610435223";"";"D-LINK WiFi N300 Extender (DAP-1325)";"930e92aa-9507-11f1-b0ef-bc2411e8af0e";"";"790069430305";"";"";"TV, audio a video > Počítače a príslušenstvo > Sieťové prvky > Extendery";"TV, audio a video > Počítače a príslušenstvo > Sieťové prvky > Extendery";"";"";"";"";"";"";"";"";"";"D-Link DAP-1325/E";""
"KB_410210415221";"";"CANON PG-545BK Black";"93938c44-9507-11f1-ad58-bc2411e8af0e";"";"4960999974507";"";"";"TV, audio a video > Počítače a príslušenstvo > Tlačiarne a skenery > Atramenty";"TV, audio a video > Počítače a príslušenstvo > Tlačiarne a skenery > Atramenty";"";"";"";"";"";"";"";"";"";"Canon 8287B001 - originálny";""
"KB_648000128119";"";"LEIFHEIT Sušák na prádlo QUARTETT Duo";"93e0a75e-9507-11f1-9fad-bc2411e8af0e";"";"4006501814135";"";"";"Domáce spotrebiče > Malé spotrebiče > Žehličky > Sušiaky na bielizeň";"Domáce spotrebiče > Malé spotrebiče > Žehličky > Sušiaky na bielizeň";"";"";"";"";"";"";"";"";"";"Leifheit Quartett 81413";""
"KB_100000661734";"";"TP-LINK Tapo C200 HomeWi-Fi Camera";"9c622db2-9507-11f1-bdc9-bc2411e8af0e";"";"6935364088095";"";"";"TV, audio a video > Počítače a príslušenstvo > Sieťové prvky > IP kamery";"TV, audio a video > Počítače a príslušenstvo > Sieťové prvky > IP kamery";"";"";"";"";"";"";"";"";"";"TP-Link Tapo C200";""
"KB_100001173051";"";"Kingston USB 3.2 DT Exodia žlutá 128GB";"9dd248a8-9507-11f1-8a6b-bc2411e8af0e";"";"740617309928";"";"";"TV, audio a video > Počítače a príslušenstvo > Pamäťové médiá > USB flash disky";"TV, audio a video > Počítače a príslušenstvo > Pamäťové médiá > USB flash disky";"";"";"";"";"";"";"";"";"";"Kingston DataTraveler Exodia 128GB DTX/128GB";""
"KB_100001790947";"";"Kingston USB 3.2 DT Exodia M 128GB";"a1a9fe62-9507-11f1-b0b3-bc2411e8af0e";"";"740617326376";"";"";"TV, audio a video > Počítače a príslušenstvo > Pamäťové médiá > USB flash disky";"TV, audio a video > Počítače a príslušenstvo > Pamäťové médiá > USB flash disky";"";"";"";"";"";"";"";"";"";"KINGSTON DataTraveler EXODIA M 128GB DTXM/128GB";""
"KB_100001169951";"";"D-LINK 8-Port Gigabit Switch (DGS-108GL)";"a9c90a66-9507-11f1-b5f6-bc2411e8af0e";"";"790069458583";"";"";"TV, audio a video > Počítače a príslušenstvo > Sieťové prvky > WiFi routery";"TV, audio a video > Počítače a príslušenstvo > Sieťové prvky > WiFi routery";"";"";"";"";"";"";"";"";"";"D-Link DGS-108GL";""
"KB_100002164142";"";"Pedrini Kaffettiera Brillant červená 3 p";"bdd119ea-9507-11f1-b6bc-bc2411e8af0e";"";"883336090835";"";"";"Domáce spotrebiče > Malé spotrebiče > Kávovary a espressá > Moka kanvice a frenchpressy";"Domáce spotrebiče > Malé spotrebiče > Kávovary a espressá > Moka kanvice a frenchpressy";"";"";"";"";"";"";"";"";"";"Pedrini 3";""
"KB_100002164138";"";"Pedrini Infinity černá 3 porce";"bdf99c44-9507-11f1-a029-bc2411e8af0e";"";"883336419230";"";"";"Domáce spotrebiče > Malé spotrebiče > Kávovary a espressá > Moka kanvice a frenchpressy";"Domáce spotrebiče > Malé spotrebiče > Kávovary a espressá > Moka kanvice a frenchpressy";"";"";"";"";"";"";"";"";"";"Pedrini Infinity Rock Black 3";""
"KB_100002203138";"";"Samsung The Frame QE65LS03H";"c5aefcd6-9507-11f1-be25-bc2411e8af0e";"";"8806099027384";"";"";"TV, audio a video > Televízory > QLED, NeoQLED televízory";"TV, audio a video > Televízory > QLED, NeoQLED televízory";"";"";"";"";"";"";"";"";"";"Samsung QE65LS03HAU";""
"AT_LEC-RBA-5001-L";"";"Nafukovací matrace Rebel RBA-5001-L dvoulůžková 186x130x22 cm";"42fd4aa0-9529-11f1-b0c0-bc2411e8af0e";"";"5901890101875";"";"";"Šport, hračky a voľný čas > Turistika > Karimatky, matrace, vankúše";"Šport, hračky a voľný čas > Turistika > Karimatky, matrace, vankúše";"";"";"";"";"";"";"";"";"";"Rebel Rba 5001-L 186x130cm";""
"AT_CMP-01532";"";"Hasicí přístroj práškový 2 kg ABC";"4f1d37c8-9529-11f1-ad27-bc2411e8af0e";"";"8591686015324";"";"";"Bezpečnosť a smart domácnosť > Zabezpečenie > Hasící prístroje";"Auto-moto > Garáž, Dielňa, Servis > Hasicí prístroje";"Bezpečnosť a smart domácnosť > Zabezpečenie > Hasící prístroje";"";"";"";"";"";"";"";"";"Compass ABC 2kg práškový 01532";""
"AT_LEV-84091";"";"Detektor plynu Ermenrich NG20 Fialový";"6445ef82-9529-11f1-b9bb-bc2411e8af0e";"";"5905555021799";"";"";"Bezpečnosť a smart domácnosť > Zabezpečenie > Detektory CO, CO2, plynu a vody";"Bezpečnosť a smart domácnosť > Zabezpečenie > Detektory CO, CO2, plynu a vody";"";"";"";"";"";"";"";"";"";"Ermenrich NG20";""
"KB_100001519297";"";"Defender Taška na notebook 15,6"", Geek";"c8e25320-95d0-11f1-a345-bc2411833e01";"";"4714033260848";"";"";"TV, audio a video > Počítače a príslušenstvo > Príslušenstvo k notebookom > Tašky k notebookom";"TV, audio a video > Počítače a príslušenstvo > Príslušenstvo k notebookom > Tašky k notebookom";"";"";"";"";"";"";"";"";"";"Defender 26084 15,6"" Geek čierna";""
"KB_100001947939";"";"INTERPHONE Quiklox SMQUIKLOXARMORPRO";"ceb214ac-95d0-11f1-af83-bc2411833e01";"";"8018080453021";"";"";"TV, audio a video > Mobily a tablety > Príslušenstvo > Puzdrá na mobilné telefóny";"TV, audio a video > Mobily a tablety > Príslušenstvo > Puzdrá na mobilné telefóny";"";"";"";"";"";"";"";"";"";"Interphone Armor Pro na riadidlá SMQUIKLOXARMORPRO";""
"KB_100001436074";"";"HP 135A Black Laser Toner, W1350A";"d5c21a12-95d0-11f1-a0fe-bc2411833e01";"";"194850587269";"";"";"TV, audio a video > Počítače a príslušenstvo > Tlačiarne a skenery > Tonery";"TV, audio a video > Počítače a príslušenstvo > Tlačiarne a skenery > Tonery";"";"";"";"";"";"";"";"";"";"HP W1350A - originálny";""
"KB_100002131883";"";"HP 308 Black, 7FP21UE";"dc9a6772-95d0-11f1-975d-bc2411833e01";"";"196786390470";"";"";"TV, audio a video > Počítače a príslušenstvo > Tlačiarne a skenery > Atramenty";"TV, audio a video > Počítače a príslušenstvo > Tlačiarne a skenery > Atramenty";"";"";"";"";"";"";"";"";"";"HP 7FP21UE - originálny";""
"KB_100002200737";"";"FIXED pouzdro pro SG S26 FIXOP3-1704-BK";"e9a8f0be-95d0-11f1-8b09-bc2411833e01";"";"8591680189915";"";"";"TV, audio a video > Mobily a tablety > Príslušenstvo > Puzdrá na mobilné telefóny";"TV, audio a video > Mobily a tablety > Príslušenstvo > Puzdrá na mobilné telefóny";"";"";"";"";"";"";"";"";"";"Fixed Opus Samsung Galaxy S26 čierne FIXOP3-1704-BK";""
"KB_100002204171";"";"FIXED MagCircle držák s MgS FIXMC-V-BK";"ef26dba0-95d0-11f1-a896-bc2411833e01";"";"8591680192182";"";"";"TV, audio a video > Mobily a tablety > Príslušenstvo > Držiaky na mobily";"TV, audio a video > Mobily a tablety > Príslušenstvo > Držiaky na mobily";"";"";"";"";"";"";"";"";"";"FIXED FIXMC-V-BK";""
"KB_100002204176";"";"FIXED MagCircle XL s MgS FIXMC-XL-BK";"ef46a5f2-95d0-11f1-a91b-bc2411833e01";"";"8591680192199";"";"";"TV, audio a video > Mobily a tablety > Príslušenstvo > Držiaky na mobily";"TV, audio a video > Mobily a tablety > Príslušenstvo > Držiaky na mobily";"";"";"";"";"";"";"";"";"";"FIXED MagCircle XL FIXMC-XL-BK";""
"078895";"";"Flytec V030 Basic 20 000 mAh – zariadenie na návnadu";"07d8e49a-95ea-11f1-8b8b-bc24110eff41";"";"5907085524146";"";"";"Šport, hračky a voľný čas > Outdoor > Rybárčenie > Návnada lode";"Šport, hračky a voľný čas > Outdoor > Rybárčenie > Návnada lode";"";"";"";"";"";"";"";"";"";"Flytec V030 Basic zavážecí návnadová loďka 20000 mAh";""
"078896";"";"Sonar Flytec V030 s kapacitou 20 000 mAh pre loď na návnadu";"07e5dab0-95ea-11f1-bba4-bc24110eff41";"";"5907085524917";"";"";"Šport, hračky a voľný čas > Outdoor > Rybárčenie > Návnada lode";"Šport, hračky a voľný čas > Outdoor > Rybárčenie > Návnada lode";"";"";"";"";"";"";"";"";"";"Flytec V030 Fishfinder zavážecí návnadová loďka se sonarem 20000 mAh";""
"078906";"";"Flytec V080 Basic 20 000 mAh – zariadenie na návnadu";"07f90356-95ea-11f1-b54c-bc24110eff41";"";"5907085524153";"";"";"Šport, hračky a voľný čas > Outdoor > Rybárčenie > Návnada lode";"Šport, hračky a voľný čas > Outdoor > Rybárčenie > Návnada lode";"";"";"";"";"";"";"";"";"";"Flytec V080 Basic zavážecí návnadová loďka 20000 mAh";""
"078899";"";"Sonar Flytec V080 s kapacitou 20 000 mAh pre loď na návnadu";"080494d2-95ea-11f1-a72e-bc24110eff41";"";"5907085524177";"";"";"Šport, hračky a voľný čas > Outdoor > Rybárčenie > Návnada lode";"Šport, hračky a voľný čas > Outdoor > Rybárčenie > Návnada lode";"";"";"";"";"";"";"";"";"";"Flytec V080 Fishfinder návnadová loď a 20000 mAh batériou";""
"AT_ITR-00018513";"";"Elektrický ohřívač Lumni 2.0 Kaminer 26376";"4c81c3fc-95f2-11f1-951f-bc2411833e01";"";"5900779958890";"";"";"Domáce spotrebiče > Malé spotrebiče > Vzduchotechnika > Vykurovanie";"Domáce spotrebiče > Malé spotrebiče > Vzduchotechnika > Vykurovanie";"";"";"";"";"";"";"";"";"";"Kaminer 26376";""
"AT_ITR-00013829";"";"Krbové nářadí a stojan na dřevo Kaminer PK011";"5251cd0e-95f2-11f1-aa32-bc2411833e01";"";"5900779933811";"";"";"Domáce spotrebiče > Malé spotrebiče > Vzduchotechnika > Vykurovanie";"Domáce spotrebiče > Malé spotrebiče > Vzduchotechnika > Vykurovanie";"";"";"";"";"";"";"";"";"";"Kaminer PK011";""
"AT_ITR-00012516";"";"Výrobník ledu Ruhhy K5536";"96e00d8c-95f2-11f1-a7de-bc2411833e01";"";"5902802904751";"";"";"Domáce spotrebiče > Malé spotrebiče > Príprava nápojov > Výrobníky ľadu";"Domáce spotrebiče > Malé spotrebiče > Príprava nápojov > Výrobníky ľadu";"";"";"";"";"";"";"";"";"";"Malatec 5536";""
"KB_100002127020";"";"Leifheit Stěrka XL40 cm s teles.tyčí";"03660342-969a-11f1-8a3f-bc2411e8af0e";"";"4006501514264";"";"";"Domáce spotrebiče > Malé spotrebiče > Upratovacie pomôcky > Mopy a upratovacie súpravy";"Domáce spotrebiče > Malé spotrebiče > Upratovacie pomôcky > Mopy a upratovacie súpravy";"";"";"";"";"";"";"";"";"";"Leifheit Stěrka Window Slider 40 cm s hliníkovou tyčí 51426";""
"KB_100002134586";"";"Samsung QE55QN90F NEO QLED";"089e1c6e-969a-11f1-96d7-bc2411e8af0e";"";"8806095995427";"";"";"TV, audio a video > Televízory > QLED, NeoQLED televízory";"TV, audio a video > Televízory > QLED, NeoQLED televízory";"";"";"";"";"";"";"";"";"";"Samsung QE55QN90FAT";""
"KB_100002203765";"";"Samsung Galaxy Watch Ultra 2 47mm Silver";"19152786-969a-11f1-9f52-bc2411e8af0e";"";"8806099333867";"";"";"TV, audio a video > Mobily a tablety > Nositeľná elektronika > Smart hodinky";"TV, audio a video > Mobily a tablety > Nositeľná elektronika > Smart hodinky";"";"";"";"";"";"";"";"";"";"Samsung Galaxy Watch Ultra2 (LTE, 47mm) SM-L715F Silver";""
"AT_EMO1032126090";"";"Nabíjecí baterie GP ReCyko 950 AAA (HR03), 6kusů --CENA BLISTR--";"87b49746-96bb-11f1-a170-bc24110eff41";"";"4891199222351";"";"";"Fotovoltaika a energie > Akumulátory a batérie > NiMh nabíjacie akumulátory > AAA mikrotužkové";"Fotovoltaika a energie > Akumulátory a batérie > NiMh nabíjacie akumulátory > AAA mikrotužkové";"";"";"";"";"";"";"";"";"";"GP ReCyko AAA 950mAh 6ks 1032126090";""
"KB_100002136174";"";"Leifheit Držák fólií (rolí)  PARAT";"341bda38-9763-11f1-b2c4-bc2411e8af0e";"";"4006501257031";"";"";"Domáce spotrebiče > Malé spotrebiče > Kuchynské potreby > Ostatné kuchynské potreby";"Domáce spotrebiče > Malé spotrebiče > Kuchynské potreby > Ostatné kuchynské potreby";"";"";"";"";"";"";"";"";"";"LEIFHEIT Parat Držiak roliek a fólií 25703";""
"KB_100002136158";"";"Leifheit Perfect Steam Air Board S/M";"346c34ba-9763-11f1-8d6d-bc2411e8af0e";"";"4006501716132";"";"";"Domáce spotrebiče > Malé spotrebiče > Žehličky > Žehliace dosky";"Domáce spotrebiče > Malé spotrebiče > Žehličky > Žehliace dosky";"";"";"";"";"";"";"";"";"";"Leifheit Perfect Steam M 71613";""
"KB_100002204080";"";"Coox Silikovová forma na 12 muffinů červ";"442b794c-9763-11f1-8cd1-bc2411e8af0e";"";"4260191684380";"";"";"Domáce spotrebiče > Malé spotrebiče > Nádobie";"Domáce spotrebiče > Malé spotrebiče > Nádobie";"";"";"";"";"";"";"";"";"";"Coox Silikónová forma na muffiny 7cm";""
"AT_ATO-3069050020";"";"Brána GoSmart multifunkční ZigBee EMOS IP-2000Z s Bluetooth a WiFi";"d2ee0872-9784-11f1-bb22-bc2411e8af0e";"";"8592920156476";"";"";"Bezpečnosť a smart domácnosť > Smart domácnosť > Príslušenstvo";"Bezpečnosť a smart domácnosť > Smart domácnosť > Príslušenstvo";"";"";"";"";"";"";"";"";"";"Emos GoSmart Multifunkčná ZigBee brána IP-1000Z s Bluetooth a Wi-Fi";""
"KB_100001959507";"";"ScanPart Vodní filtr Philips Saeco, Lava";"4dda627c-982c-11f1-826a-bc2411833e01";"";"4012074053062";"";"";"Domáce spotrebiče > Malé spotrebiče > Príslušenstvo k malým spotrebičom > Príslušenstvo ku kávovarom";"Domáce spotrebiče > Malé spotrebiče > Príslušenstvo k malým spotrebičom > Príslušenstvo ku kávovarom";"";"";"";"";"";"";"";"";"";"Scanpart 2790000865";""
"KB_100002103061";"";"Laica LAI KS5020";"53b09fe0-982c-11f1-90b7-bc2411833e01";"";"8013240102221";"";"";"Domáce spotrebiče > Malé spotrebiče > Kuchynské potreby > Kuchynské váhy";"Domáce spotrebiče > Malé spotrebiče > Kuchynské potreby > Kuchynské váhy";"";"";"";"";"";"";"";"";"";"Laica KS 5020";""
"038339";"";"Inteligentný WiFi spínač na monitorovanie teploty a vlhkosti Sonoff THR316 TH Pôvod";"5dc18b7a-9845-11f1-a576-bc24110eff41";"";"6920075777512";"";"";"Bezpečnosť a smart domácnosť > Riadiace jednotky > Smart ovládače";"Bezpečnosť a smart domácnosť > Riadiace jednotky > Smart ovládače";"";"";"";"";"";"";"";"";"";"Sonoff THR316 TH Origin THR316";""
"055617";"";"Inteligentný ZigBee LCD senzor teploty a vlhkosti Sonoff SNZB-02D";"618242b8-9845-11f1-83dd-bc24110eff41";"";"6920075740004";"";"";"Bezpečnosť a smart domácnosť > Prvky výkonu > Senzory";"Bezpečnosť a smart domácnosť > Prvky výkonu > Senzory";"";"";"";"";"";"";"";"";"";"Sonoff Zigbee Displej a senzor teploty a vlhkosti SNZB-02D";""
"059381";"";"Snímač prítomnosti človeka ZigBee Sonoff SNZB-06P";"61e5ebce-9845-11f1-a1df-bc24110eff41";"";"6920075741858";"";"";"Bezpečnosť a smart domácnosť > Prvky výkonu > Senzory";"Bezpečnosť a smart domácnosť > Prvky výkonu > Senzory";"";"";"";"";"";"";"";"";"";"Sonoff SNZB-03";""
"069105";"";"360° Outdoor Wi-Fi Camera IMOU Cruiser SE+ 3MP";"66f249b4-9845-11f1-a7a2-bc24110eff41";"";"6976391038936";"";"";"Bezpečnosť a smart domácnosť > IP kamery";"Bezpečnosť a smart domácnosť > IP kamery";"";"";"";"";"";"";"";"";"";"Dahua IMOU IPC-K7CP-3H1WE";""
"066927";"";"Water Fountain for pets Catlink Pure 2";"688b9366-9845-11f1-b576-bc24110eff41";"";"6972884750736";"";"";"Zdravie a starostlivosť > Chovateľské potreby > Fontány > napájačky";"Zdravie a starostlivosť > Chovateľské potreby > Fontány > napájačky";"";"";"";"";"";"";"";"";"";"Catlink Napájačka s fontánou plast 2600 ml";""
"079051";"";"ZigBee LCD senzor teploty a vlhkosti Sonoff SNZB-02WD";"71fb1700-9845-11f1-9f28-bc24110eff41";"";"6920075743128";"";"";"Bezpečnosť a smart domácnosť > Prvky výkonu > Senzory";"Bezpečnosť a smart domácnosť > Prvky výkonu > Senzory";"";"";"";"";"";"";"";"";"";"Sonoff Zigbee Displej a senzor teploty a vlhkosti SNZB-02D";""
"088865";"";"Nabíjacia stanica FOSSIBOT F800 800 W (zelená)";"85865cee-9845-11f1-bd8d-bc24110eff41";"";"6942580504896";"";"";"Fotovoltaika a energie > Elektrické stanice > Elektrické stanice";"Fotovoltaika a energie > Elektrické stanice > Elektrické stanice";"";"";"";"";"";"";"";"";"";"FOSSIBOT F800 06447104";""
"091047";"";"GODOX UB-002-33 Reflexný dáždnik";"89e30058-9845-11f1-a0dd-bc24110eff41";"";"6952344205747";"";"";"TV, audio a video > Foto a optika > Príslušenstvo > Ostatné";"TV, audio a video > Foto a optika > Príslušenstvo > Ostatné";"";"";"";"";"";"";"";"";"";"Godox štúdiový dáždnik strieborný 84cm";""
"091048";"";"Reflektor GODOX RFT-4";"89ef80e4-9845-11f1-9085-bc24110eff41";"";"6952344206485";"";"";"TV, audio a video > Foto a optika > Príslušenstvo > Ostatné";"TV, audio a video > Foto a optika > Príslušenstvo > Ostatné";"";"";"";"";"";"";"";"";"";"Godox RFT-4";""
"091049";"";"Blesk GODOX TT600S";"89fc7178-9845-11f1-9a46-bc24110eff41";"";"6952344210321";"";"";"TV, audio a video > Foto a optika > Príslušenstvo > Pre fotoaparáty a videokamery";"TV, audio a video > Foto a optika > Príslušenstvo > Pre fotoaparáty a videokamery";"";"";"";"";"";"";"";"";"";"Godox TT600 Sony";""
"091050";"";"GODOX LUX Junior Retro blesk";"8a09bf22-9845-11f1-9b97-bc24110eff41";"";"6952344225417";"";"";"TV, audio a video > Foto a optika > Fotoateliér > Svietidlá";"TV, audio a video > Foto a optika > Fotoateliér > Svietidlá";"";"";"";"";"";"";"";"";"";"GODOX Lux Junior";""
"091051";"";"Makro blesk GODOX MF12";"8a163e78-9845-11f1-9efa-bc24110eff41";"";"6952344221983";"";"";"TV, audio a video > Foto a optika > Fotoateliér > Svietidlá";"TV, audio a video > Foto a optika > Fotoateliér > Svietidlá";"";"";"";"";"";"";"";"";"";"Godox MF-12";""
"091055";"";"Blesková hlava GODOX BD-07";"8a3f02f4-9845-11f1-8f07-bc24110eff41";"";"6952344211175";"";"";"TV, audio a video > Foto a optika > Fotoateliér > Svietidlá";"TV, audio a video > Foto a optika > Fotoateliér > Svietidlá";"";"";"";"";"";"";"";"";"";"Godox Tieniaca klapka Godox BD-07 pre AD200 Pro";""
"091060";"";"GODOX UB-006-33 Dvojúčelový fotografický dáždnik";"8a88f968-9845-11f1-be6f-bc24110eff41";"";"6952344205808";"";"";"TV, audio a video > Foto a optika > Príslušenstvo > Ostatné";"TV, audio a video > Foto a optika > Príslušenstvo > Ostatné";"";"";"";"";"";"";"";"";"";"Godox UB-006 ateliérový dáždnik biely 84 cm";""
"091065";"";"Blesk GODOX AD600BMII Wistro s uchytením Bowens";"8ab029f2-9845-11f1-8726-bc24110eff41";"";"6952344237861";"";"";"TV, audio a video > Foto a optika > Fotoateliér > Svietidlá";"TV, audio a video > Foto a optika > Fotoateliér > Svietidlá";"";"";"";"";"";"";"";"";"";"Godox AD600B TTL HSS batériový blesk 600Ws";""
"090936";"";"Blesk GODOX TT685II TTL pre Canon";"8ad52982-9845-11f1-b80a-bc24110eff41";"";"6952344223314";"";"";"TV, audio a video > Foto a optika > Fotoateliér > Svietidlá";"TV, audio a video > Foto a optika > Fotoateliér > Svietidlá";"";"";"";"";"";"";"";"";"";"Godox TT685II pre Canon";""
"090938";"";"Súprava príslušenstva GODOX AK-R1 pre blesky s okrúhlou hlavou";"8ae40704-9845-11f1-a747-bc24110eff41";"";"6952344216651";"";"";"TV, audio a video > Foto a optika > Príslušenstvo > Pre fotoaparáty a videokamery";"TV, audio a video > Foto a optika > Príslušenstvo > Pre fotoaparáty a videokamery";"";"";"";"";"";"";"";"";"";"Godox AK-R1";""
"090939";"";"Blesk GODOX TT350 TTL pre Canon";"8af1d6cc-9845-11f1-9d75-bc24110eff41";"";"6952344211083";"";"";"TV, audio a video > Foto a optika > Fotoateliér > Svietidlá";"TV, audio a video > Foto a optika > Fotoateliér > Svietidlá";"";"";"";"";"";"";"";"";"";"Godox TT350C Canon";""
"090940";"";"Blesk GODOX V1Pro TTL pre Canon";"8afd9b6a-9845-11f1-828f-bc24110eff41";"";"6952344222225";"";"";"TV, audio a video > Foto a optika > Fotoateliér > Svietidlá";"TV, audio a video > Foto a optika > Fotoateliér > Svietidlá";"";"";"";"";"";"";"";"";"";"Godox V1Pro C Canon";""
"090941";"";"Blesk GODOX TT685II TTL pre Sony";"8b09c822-9845-11f1-92d6-bc24110eff41";"";"6952344223697";"";"";"TV, audio a video > Foto a optika > Fotoateliér > Svietidlá";"TV, audio a video > Foto a optika > Fotoateliér > Svietidlá";"";"";"";"";"";"";"";"";"";"Godox TT685II pre Sony";""
"090942";"";"Blesk GODOX TT350 TTL pre Sony";"8b180f86-9845-11f1-b021-bc24110eff41";"";"6952344210840";"";"";"TV, audio a video > Foto a optika > Príslušenstvo > Pre fotoaparáty a videokamery";"TV, audio a video > Foto a optika > Príslušenstvo > Pre fotoaparáty a videokamery";"";"";"";"";"";"";"";"";"";"Godox TT350S Sony";""
"090943";"";"Blesk GODOX TT685II TTL pre Nikon";"8b25f3bc-9845-11f1-be58-bc24110eff41";"";"6952344223680";"";"";"TV, audio a video > Foto a optika > Fotoateliér > Svietidlá";"TV, audio a video > Foto a optika > Fotoateliér > Svietidlá";"";"";"";"";"";"";"";"";"";"Godox TT685II pre Nikon";""
"090944";"";"Blesk GODOX V1Pro TTL pre Sony";"8b3211d8-9845-11f1-8377-bc24110eff41";"";"6952344235256";"";"";"TV, audio a video > Foto a optika > Fotoateliér > Svietidlá";"TV, audio a video > Foto a optika > Fotoateliér > Svietidlá";"";"";"";"";"";"";"";"";"";"Godox V1Pro S Sony";""
"090945";"";"Diaľkový spúšťač GODOX X3 TTL pre Canon";"8b3f27f6-9845-11f1-8a3b-bc24110eff41";"";"6952344234679";"";"";"TV, audio a video > Foto a optika > Príslušenstvo > Pre fotoaparáty a videokamery";"TV, audio a video > Foto a optika > Príslušenstvo > Pre fotoaparáty a videokamery";"";"";"";"";"";"";"";"";"";"Godox X3 Canon";""
"090949";"";"Diaľkový spúšť GODOX X3 TTL pre Nikon";"8b716b80-9845-11f1-956e-bc24110eff41";"";"6952344234693";"";"";"TV, audio a video > Foto a optika > Príslušenstvo > Pre fotoaparáty a videokamery";"TV, audio a video > Foto a optika > Príslušenstvo > Pre fotoaparáty a videokamery";"";"";"";"";"";"";"";"";"";"Godox X3 Nikon";""
"090959";"";"Blesk GODOX V1 TTL pre Sony";"8b95ab4e-9845-11f1-b16b-bc24110eff41";"";"6952344217467";"";"";"TV, audio a video > Foto a optika > Príslušenstvo > Pre fotoaparáty a videokamery";"TV, audio a video > Foto a optika > Príslušenstvo > Pre fotoaparáty a videokamery";"";"";"";"";"";"";"";"";"";"Godox V1S pre Sony";""
"090960";"";"Blesk GODOX V1 TTL pre Sony";"8ba1a430-9845-11f1-96a7-bc24110eff41";"";"6952344245903";"";"";"TV, audio a video > Foto a optika > Príslušenstvo > Pre fotoaparáty a videokamery";"TV, audio a video > Foto a optika > Príslušenstvo > Pre fotoaparáty a videokamery";"";"";"";"";"";"";"";"";"";"GODOX Speedlite V1-S MID pre Sony";""
"090964";"";"Blesk GODOX TT685II TTL pre Olympus";"8bd8480a-9845-11f1-9a5b-bc24110eff41";"";"6952344223826";"";"";"TV, audio a video > Foto a optika > Príslušenstvo > Pre fotoaparáty a videokamery";"TV, audio a video > Foto a optika > Príslušenstvo > Pre fotoaparáty a videokamery";"";"";"";"";"";"";"";"";"";"Godox TT685II pre Olympus Panasonic";""
"090965";"";"Blesk GODOX V1Pro TTL pre Nikon";"8be4deda-9845-11f1-b33e-bc24110eff41";"";"6952344235249";"";"";"TV, audio a video > Foto a optika > Fotoateliér > Svietidlá";"TV, audio a video > Foto a optika > Fotoateliér > Svietidlá";"";"";"";"";"";"";"";"";"";"Godox V1Pro N Nikon";""
"090966";"";"Nabíjačka batérií GODOX VC26 pre model V1 AD100PRO";"8bf15354-9845-11f1-9e03-bc24110eff41";"";"6952344217504";"";"";"TV, audio a video > Foto a optika > Príslušenstvo > Pre fotoaparáty a videokamery";"TV, audio a video > Foto a optika > Príslušenstvo > Pre fotoaparáty a videokamery";"";"";"";"";"";"";"";"";"";"Godox VC26";""
"090967";"";"Blesk GODOX iT30Pro pre Canon";"8bfd622a-9845-11f1-b4b2-bc24110eff41";"";"6952344243404";"";"";"TV, audio a video > Foto a optika > Príslušenstvo > Pre fotoaparáty a videokamery";"TV, audio a video > Foto a optika > Príslušenstvo > Pre fotoaparáty a videokamery";"";"";"";"";"";"";"";"";"";"Godox iT30Pro pre Canon";""
"090968";"";"Blesk GODOX iT30Pro pre Nikon";"8c0d2fac-9845-11f1-b3a1-bc24110eff41";"";"6952344243411";"";"";"TV, audio a video > Foto a optika > Príslušenstvo > Pre fotoaparáty a videokamery";"TV, audio a video > Foto a optika > Príslušenstvo > Pre fotoaparáty a videokamery";"";"";"";"";"";"";"";"";"";"GODOX iFlash iT30Pro-N pre Nikon čierny";""
"090969";"";"Blesk GODOX TT350 TTL pre Fujifilm";"8c192762-9845-11f1-8328-bc24110eff41";"";"6952344211540";"";"";"TV, audio a video > Foto a optika > Príslušenstvo > Pre fotoaparáty a videokamery";"TV, audio a video > Foto a optika > Príslušenstvo > Pre fotoaparáty a videokamery";"";"";"";"";"";"";"";"";"";"Godox TT350F Fujifilm";""
"090972";"";"Diaľkový spúšťač GODOX X3 TTL pre Sony";"8c3d6fb4-9845-11f1-bbf5-bc24110eff41";"";"6952344234686";"";"";"TV, audio a video > Foto a optika > Príslušenstvo > Pre fotoaparáty a videokamery";"TV, audio a video > Foto a optika > Príslušenstvo > Pre fotoaparáty a videokamery";"";"";"";"";"";"";"";"";"";"Godox X3 Sony";""
"090973";"";"Blesk GODOX V100 TTL pre Nikon";"8c4b210e-9845-11f1-b1cc-bc24110eff41";"";"6952344239834";"";"";"TV, audio a video > Foto a optika > Príslušenstvo > Pre fotoaparáty a videokamery";"TV, audio a video > Foto a optika > Príslušenstvo > Pre fotoaparáty a videokamery";"";"";"";"";"";"";"";"";"";"Godox V100 N blesk pre Nikon";""
"090975";"";"Spúšť blesku GODOX X3Pro TTL pre Nikon";"8c6317dc-9845-11f1-b360-bc24110eff41";"";"6952344244296";"";"";"TV, audio a video > Foto a optika > Príslušenstvo > Pre fotoaparáty a videokamery";"TV, audio a video > Foto a optika > Príslušenstvo > Pre fotoaparáty a videokamery";"";"";"";"";"";"";"";"";"";"Godox X3Pro for Nikon";""
"090977";"";"Diaľkový spúšť GODOX X3 TTL pre Fujifilm";"8c7d3554-9845-11f1-b461-bc24110eff41";"";"6952344234709";"";"";"TV, audio a video > Foto a optika > Príslušenstvo > Pre fotoaparáty a videokamery";"TV, audio a video > Foto a optika > Príslušenstvo > Pre fotoaparáty a videokamery";"";"";"";"";"";"";"";"";"";"Godox X3 Fujifilm";""
"090979";"";"Blesk GODOX V1 TTL mid pre Canon";"8c955986-9845-11f1-ad08-bc24110eff41";"";"6952344245880";"";"";"TV, audio a video > Foto a optika > Príslušenstvo > Pre fotoaparáty a videokamery";"TV, audio a video > Foto a optika > Príslušenstvo > Pre fotoaparáty a videokamery";"";"";"";"";"";"";"";"";"";"Godox V1mid Canon";""
"090980";"";"Blesk GODOX V1 TTL pre Nikon";"8ca12d1a-9845-11f1-8eac-bc24110eff41";"";"6952344217450";"";"";"TV, audio a video > Foto a optika > Príslušenstvo > Pre fotoaparáty a videokamery";"TV, audio a video > Foto a optika > Príslušenstvo > Pre fotoaparáty a videokamery";"";"";"";"";"";"";"";"";"";"Godox V1N pre Nikon";""
"090981";"";"Blesk GODOX V100 TTL pre Canon";"8cad60d0-9845-11f1-a22c-bc24110eff41";"";"6952344239827";"";"";"TV, audio a video > Foto a optika > Príslušenstvo > Pre fotoaparáty a videokamery";"TV, audio a video > Foto a optika > Príslušenstvo > Pre fotoaparáty a videokamery";"";"";"";"";"";"";"";"";"";"Godox V100 C Canon TTL HSS blesk s kruhovou hlavou 100Ws";""
"090982";"";"Blesk GODOX TT685II TTL pre Fujifilm";"8cb99d46-9845-11f1-b2d0-bc24110eff41";"";"6952344223819";"";"";"TV, audio a video > Foto a optika > Fotoateliér > Svietidlá";"TV, audio a video > Foto a optika > Fotoateliér > Svietidlá";"";"";"";"";"";"";"";"";"";"Godox TT685II pre Fujifilm";""
"090983";"";"Blesk GODOX V480 TTL pre Nikon";"8cc88d9c-9845-11f1-bd38-bc24110eff41";"";"6952344242865";"";"";"TV, audio a video > Foto a optika > Fotoateliér > Svietidlá";"TV, audio a video > Foto a optika > Fotoateliér > Svietidlá";"";"";"";"";"";"";"";"";"";"Godox V480N blesk TTL HSS Li-Ion pre Nikon";""
"090985";"";"Blesk GODOX V1 TTL pre Canon";"8ce5af30-9845-11f1-9eef-bc24110eff41";"";"6952344217184";"";"";"TV, audio a video > Foto a optika > Príslušenstvo > Pre fotoaparáty a videokamery";"TV, audio a video > Foto a optika > Príslušenstvo > Pre fotoaparáty a videokamery";"";"";"";"";"";"";"";"";"";"Godox V1C pre Canon";""
"090987";"";"GODOX MF-R76 makro prstencový blesk";"8cff7bb8-9845-11f1-97f5-bc24110eff41";"";"6952344223741";"";"";"TV, audio a video > Foto a optika > Fotoateliér > Svietidlá";"TV, audio a video > Foto a optika > Fotoateliér > Svietidlá";"";"";"";"";"";"";"";"";"";"Godox MF-R76";""
"090988";"";"Blesk GODOX V860III TTL pre Canon";"8d0ec4b0-9845-11f1-ae37-bc24110eff41";"";"6952344220566";"";"";"TV, audio a video > Foto a optika > Fotoateliér > Svietidlá";"TV, audio a video > Foto a optika > Fotoateliér > Svietidlá";"";"";"";"";"";"";"";"";"";"Godox V860III-C pre Canon";""
"091068";"";"Blesk GODOX V860III TTL pre Fuji";"8d4ba59c-9845-11f1-97e7-bc24110eff41";"";"6952344221365";"";"";"TV, audio a video > Foto a optika > Príslušenstvo > Pre fotoaparáty a videokamery";"TV, audio a video > Foto a optika > Príslušenstvo > Pre fotoaparáty a videokamery";"";"";"";"";"";"";"";"";"";"Godox V860III-F pre Fujifilm";""
"091069";"";"Blesk GODOX V860III TTL pre Olympus";"8d575db0-9845-11f1-a528-bc24110eff41";"";"6952344221600";"";"";"TV, audio a video > Foto a optika > Fotoateliér > Svietidlá";"TV, audio a video > Foto a optika > Fotoateliér > Svietidlá";"";"";"";"";"";"";"";"";"";"Godox V860III-O pre Olympus/Panasonic/Micro 3/4";""
"091022";"";"Blesk GODOX AD300ProII pre upevnenie Godox";"8e7e37f4-9845-11f1-868d-bc24110eff41";"";"6952344243480";"";"";"TV, audio a video > Foto a optika > Fotoateliér > Svietidlá";"TV, audio a video > Foto a optika > Fotoateliér > Svietidlá";"";"";"";"";"";"";"";"";"";"Godox AD300Pro II";""
"091023";"";"Blesk GODOX iT30Pro pre Olympus";"8e8a046c-9845-11f1-b152-bc24110eff41";"";"6952344243442";"";"";"TV, audio a video > Foto a optika > Príslušenstvo > Pre fotoaparáty a videokamery";"TV, audio a video > Foto a optika > Príslušenstvo > Pre fotoaparáty a videokamery";"";"";"";"";"";"";"";"";"";"Godox iT30Pro pre Olympus";""
"091024";"";"Blesk GODOX iM30";"8e95ddfa-9845-11f1-9b1b-bc24110eff41";"";"6952344238226";"";"";"TV, audio a video > Foto a optika > Príslušenstvo > Pre fotoaparáty a videokamery";"TV, audio a video > Foto a optika > Príslušenstvo > Pre fotoaparáty a videokamery";"";"";"";"";"";"";"";"";"";"Godox iM30 iFlash";""
"091025";"";"Blesk GODOX V100 TTL pre Fujifilm";"8ea210de-9845-11f1-8437-bc24110eff41";"";"6952344239858";"";"";"TV, audio a video > Foto a optika > Fotoateliér > Svietidlá";"TV, audio a video > Foto a optika > Fotoateliér > Svietidlá";"";"";"";"";"";"";"";"";"";"GODOX Speedlite V100-F pre Fujifilm";""
"091026";"";"Nabíjačka batérií GODOX VC18";"8eaedae4-9845-11f1-9bc6-bc24110eff41";"";"6952344207581";"";"";"TV, audio a video > Foto a optika > Príslušenstvo > Pre fotoaparáty a videokamery";"TV, audio a video > Foto a optika > Príslušenstvo > Pre fotoaparáty a videokamery";"";"";"";"";"";"";"";"";"";"Godox VC-18";""
"091031";"";"Pilot GODOX RC-A6";"8eee2c1c-9845-11f1-87bb-bc24110eff41";"";"6952344220047";"";"";"TV, audio a video > Foto a optika > Príslušenstvo > Ostatné";"TV, audio a video > Foto a optika > Príslušenstvo > Ostatné";"";"";"";"";"";"";"";"";"";"Diaľkový ovládač Godox RC-A6";""
"091037";"";"LED svietidlo GODOX FH50R";"8f3a37ce-9845-11f1-884c-bc24110eff41";"";"6952344230770";"";"";"TV, audio a video > Foto a optika > Fotoateliér > Svietidlá";"TV, audio a video > Foto a optika > Fotoateliér > Svietidlá";"";"";"";"";"";"";"";"";"";"Godox FH50R";""
"091038";"";"Blesk GODOX TT350 TTL pre Olympus";"8f4668f0-9845-11f1-adee-bc24110eff41";"";"6952344211236";"";"";"TV, audio a video > Foto a optika > Príslušenstvo > Pre fotoaparáty a videokamery";"TV, audio a video > Foto a optika > Príslušenstvo > Pre fotoaparáty a videokamery";"";"";"";"";"";"";"";"";"";"Godox TT350O Olympus/Panasonic/Micro 3/4";""
"091039";"";"Makro blesk GODOX MF12-K2";"8f54a726-9845-11f1-aadc-bc24110eff41";"";"6952344222430";"";"";"TV, audio a video > Foto a optika > Príslušenstvo > Pre fotoaparáty a videokamery";"TV, audio a video > Foto a optika > Príslušenstvo > Pre fotoaparáty a videokamery";"";"";"";"";"";"";"";"";"";"Godox MF-12";""
"090996";"";"Blesk GODOX V1 mid TTL pre Nikon";"8fb15e6c-9845-11f1-a41a-bc24110eff41";"";"6952344245897";"";"";"TV, audio a video > Foto a optika > Fotoateliér > Svietidlá";"TV, audio a video > Foto a optika > Fotoateliér > Svietidlá";"";"";"";"";"";"";"";"";"";"GODOX Speedlite V1-N MID pre Nikon";""
"091001";"";"Blesk GODOX TT350 TTL pre Nikon";"8fef8f84-9845-11f1-b9ab-bc24110eff41";"";"6952344211076";"";"";"TV, audio a video > Foto a optika > Fotoateliér > Svietidlá";"TV, audio a video > Foto a optika > Fotoateliér > Svietidlá";"";"";"";"";"";"";"";"";"";"Godox TT350N Nikon";""
"091003";"";"Blesk GODOX V860III TTL pre Sony";"900ae5ae-9845-11f1-a7e8-bc24110eff41";"";"6952344221143";"";"";"TV, audio a video > Foto a optika > Fotoateliér > Svietidlá";"TV, audio a video > Foto a optika > Fotoateliér > Svietidlá";"";"";"";"";"";"";"";"";"";"Godox V860III-S pre Sony";""
"091004";"";"Blesk GODOX V860III TTL pre Nikon";"90179e8e-9845-11f1-a453-bc24110eff41";"";"6952344221136";"";"";"TV, audio a video > Foto a optika > Príslušenstvo > Pre fotoaparáty a videokamery";"TV, audio a video > Foto a optika > Príslušenstvo > Pre fotoaparáty a videokamery";"";"";"";"";"";"";"";"";"";"Godox V860III-N pre Nikon";""
"091005";"";"Fotografický dáždnik GODOX UB-008-40";"9024cffa-9845-11f1-ae38-bc24110eff41";"";"6952344205853";"";"";"TV, audio a video > Foto a optika > Príslušenstvo > Ostatné";"TV, audio a video > Foto a optika > Príslušenstvo > Ostatné";"";"";"";"";"";"";"";"";"";"Godox štúdiový dáždnik biely transparentný 102cm";""
"091011";"";"Nabíjačka batérií GODOX C26 pre AD600Pro";"904cb5ec-9845-11f1-bc75-bc24110eff41";"";"6952344212493";"";"";"TV, audio a video > Foto a optika > Príslušenstvo > Pre fotoaparáty a videokamery";"TV, audio a video > Foto a optika > Príslušenstvo > Pre fotoaparáty a videokamery";"";"";"";"";"";"";"";"";"";"Godox C26";""
"091012";"";"Blesk GODOX iT30Pro pre Sony";"9058799a-9845-11f1-a2d4-bc24110eff41";"";"6952344242629";"";"";"TV, audio a video > Foto a optika > Príslušenstvo > Pre fotoaparáty a videokamery";"TV, audio a video > Foto a optika > Príslušenstvo > Pre fotoaparáty a videokamery";"";"";"";"";"";"";"";"";"";"Godox iT30Pro S Black TTL HSS blesk pre Sony";""
"091013";"";"Blesk GODOX V100 TTL pre Sony";"90645670-9845-11f1-9810-bc24110eff41";"";"6952344239841";"";"";"TV, audio a video > Foto a optika > Fotoateliér > Svietidlá";"TV, audio a video > Foto a optika > Fotoateliér > Svietidlá";"";"";"";"";"";"";"";"";"";"Godox V100 S Sony TTL HSS blesk s kruhovou hlavou 100Ws";""
"091014";"";"Blesk GODOX V1 TTL pre Olympus";"907083c8-9845-11f1-89b1-bc24110eff41";"";"6952344217771";"";"";"TV, audio a video > Foto a optika > Príslušenstvo > Pre fotoaparáty a videokamery";"TV, audio a video > Foto a optika > Príslušenstvo > Pre fotoaparáty a videokamery";"";"";"";"";"";"";"";"";"";"Godox V1O pre Olympus/Panasonic/Micro 3/4";""
"090937";"";"Držiak pre blesk GODOX S3 TTL Speedlite";"90fdfcee-9845-11f1-b2a3-bc24110eff41";"";"6952344243701";"";"";"TV, audio a video > Foto a optika > Fotoateliér > Svietidlá";"TV, audio a video > Foto a optika > Fotoateliér > Svietidlá";"";"";"";"";"";"";"";"";"";"GODOX držiak S3 (Bowens)";""
"AT_LP-KM2240";"";"Kamerový set Kruger&Matz KM2240 Connect C200 Tuya Wi-Fi";"ef4222be-984d-11f1-8a6a-bc2411e8af0e";"";"5901890071475";"";"";"Bezpečnosť a smart domácnosť > Smart domácnosť > IP kamery";"Bezpečnosť a smart domácnosť > Kamerové systémy > Kamerové sety";"Bezpečnosť a smart domácnosť > Kamerové systémy > IP SMART kamery";"Bezpečnosť a smart domácnosť > Smart domácnosť > IP kamery";"";"";"";"";"";"";"";"Krüger & Matz Connect C200 Tuya Kamerový systém";""
"AT_LEC-RBA-3000-5";"";"Latexová posilovací guma REBEL RBA-3000-5 Power Band PL-5 23-55 kg Zelená";"438367ca-984e-11f1-b6b1-bc2411e8af0e";"";"5901890098557";"";"";"Šport, hračky a voľný čas > Posilňovanie a fitness > Pomôcky na cvičenie > Gumy a pásy na cvičenie";"Šport, hračky a voľný čas > Posilňovanie a fitness > Príslušenstvo pre posilňovanie";"Šport, hračky a voľný čas > Posilňovanie a fitness > Pomôcky na cvičenie > Gumy a pásy na cvičenie";"";"";"";"";"";"";"";"";"REBEL ACTIVE Power Band PL-5 23-55 kg";""
"AT_LEC-RBA-3000-6";"";"Latexová posilovací guma REBEL RBA-3000-6 Power Band PL-6 27-68 kg Modrá";"43913ca6-984e-11f1-a104-bc2411e8af0e";"";"5901890098571";"";"";"Šport, hračky a voľný čas > Posilňovanie a fitness > Pomôcky na cvičenie > Gumy a pásy na cvičenie";"Šport, hračky a voľný čas > Posilňovanie a fitness > Príslušenstvo pre posilňovanie";"Šport, hračky a voľný čas > Posilňovanie a fitness > Pomôcky na cvičenie > Gumy a pásy na cvičenie";"";"";"";"";"";"";"";"";"REBEL ACTIVE Power Band PL-6 27-68 kg";""
"AT_LEC-RBA-3000-7";"";"Latexová posilovací guma REBEL RBA-3000-7 Power Band PL-7 32-82 kg Oranžová";"439d0b9e-984e-11f1-967e-bc2411e8af0e";"";"5901890098595";"";"";"Šport, hračky a voľný čas > Posilňovanie a fitness > Pomôcky na cvičenie > Gumy a pásy na cvičenie";"Šport, hračky a voľný čas > Posilňovanie a fitness > Príslušenstvo pre posilňovanie";"Šport, hračky a voľný čas > Posilňovanie a fitness > Pomôcky na cvičenie > Gumy a pásy na cvičenie";"";"";"";"";"";"";"";"";"REBEL ACTIVE Power Band PL-7 32-82 kg";""
"KB_100001807476";"";"Maxxo CD03 rádio";"77258d40-98f5-11f1-bb20-bc24110eff41";"";"8595235801635";"";"";"TV, audio a video > Audio technika > Rádioprijímače";"TV, audio a video > Audio technika > Rádioprijímače";"";"";"";"";"";"";"";"";"";"Maxxo CD03 čierny";""
"KB_100002202772";"";"Xiaomi 17T Pro 12/512GB Černá";"972cb60e-98f5-11f1-8d7d-bc24110eff41";"";"6932554405373";"";"";"TV, audio a video > Mobily a tablety > Smart telefóny";"TV, audio a video > Mobily a tablety > Smart telefóny";"";"";"";"";"";"";"";"";"";"Xiaomi 17T Pro 12GB/512GB Black";""
"SOL_PP40";"";"Solight predlžovací prívod, 5 zásuviek, biely, 1,5m";"5a49e48a-991f-11f1-8abb-bc2411e8af0e";"";"8595092107468";"";"";"Elektroinštalačný materiál > Predlžovacie káble a zásuvky > Viaczásuvkové > Klasické";"Elektroinštalačný materiál > Predlžovacie káble a zásuvky > Viaczásuvkové > Klasické";"";"";"";"";"";"";"";"";"";"Solight PP40";""
"SOL_WZ428-1";"";"Solight LED žiarovka, sviečka, 8W, E14, 4000K, 720lm";"7ac02d9a-99e8-11f1-a172-bc24110eff41";"";"8592718024147";"";"";"Elektroinštalačný materiál > Osvetlenie > LED Žiarovky > E14";"Elektroinštalačný materiál > Osvetlenie > LED Žiarovky > E14";"";"";"";"";"";"";"";"";"";"Solight žiarovka LED WZ428 8W, E14, 4000K, 720lm, denní biela";""
"070689";"";"GameSir-T4n Lite wireless controller (white)";"f5515684-9aa0-11f1-a2c7-bc24110eff41";"";"6936685221406";"";"";"TV, audio a video > Počítače a príslušenstvo > Herné príslušenstvo > Herné podložky > Podložky";"TV, audio a video > Počítače a príslušenstvo > Herné príslušenstvo > Herné podložky > Podložky";"";"";"";"";"";"";"";"";"";"GameSir Nova Lite Multiplatform Domino White HRG7109";""
"070690";"";"GameSir-T4n Lite wireless controller (purple)";"f55cd6da-9aa0-11f1-a24c-bc24110eff41";"";"6936685221413";"";"";"TV, audio a video > Počítače a príslušenstvo > Herné príslušenstvo > Herné podložky > Podložky";"TV, audio a video > Počítače a príslušenstvo > Herné príslušenstvo > Herné podložky > Podložky";"";"";"";"";"";"";"";"";"";"GameSir Nova Lite Multiplatform Midnight Blue HRG7108";""
"KB_999147297963";"";"ETA 507590000-akcia";"a8502d00-9b0a-11f1-af44-bc2411d6010e";"";"8590393259755";"";"";"Domáce spotrebiče > Malé spotrebiče > Kuchynské roboty a krájače > Mlynčeky na mäso";"Domáce spotrebiče > Malé spotrebiče > Kuchynské roboty a krájače > Mlynčeky na mäso";"";"";"";"";"";"";"";"";"";"ETA Ambo III 5075 90000";""
"053904";"";"Bezdrôtový adaptér Carlinkit CP2A";"13027cc0-9b6a-11f1-b6bc-bc24110eff41";"";"6972185560126";"";"";"Auto-moto > Bezdrôtové adaptéry CarPlay > Android Auto";"Auto-moto > Bezdrôtové adaptéry CarPlay > Android Auto";"";"";"";"";"";"";"";"";"";"CarLinkit CPC200-CP2A";""
"064426";"";"Rýchlonabíjací kábel SDC DJI Power pre AIR 3";"1788aa8a-9b6a-11f1-84db-bc24110eff41";"";"6941565969651";"";"";"Fotovoltaika a energie > Elektrické stanice > Príslušenstvo";"Fotovoltaika a energie > Elektrické stanice > Príslušenstvo";"";"";"";"";"";"";"";"";"";"DJI Power SDC to DJI Air 3 Fast Charge Cable CP.DY.00000045.02";""
"AT_ABL-17-44-376";"";"Elektronický boxerský terč HMS TB30 s LED, Bluetooth a rukavicemi (Music Boxing Machine)";"9b8f293c-9b72-11f1-88d8-bc2411833e01";"";"5908261685170";"";"";"Šport, hračky a voľný čas > Bojové športy > Lapy a bloky";"Šport, hračky a voľný čas > Bojové športy > Lapy a bloky";"";"";"";"";"";"";"";"";"";"HMS TB30 s LED Bluetooth a rukavicami";""
"SOL_5E-61";"";"Solight bezpečnostná zátka - sada 5ks+1 kľúčik";"c9bfd31c-9b7a-11f1-9606-bc2411833e01";"";"8585001529207";"";"";"Elektroinštalačný materiál > Ostatné > 230V > Rozbočky";"Elektroinštalačný materiál > Ostatné > 230V > Rozbočky";"";"";"";"";"";"";"";"";"";"Solight sada 5x bezpečnostná zátka + kľúčik SL0540";""
"SOL_WM-50W-Q";"";"Solight LED reflektor Quick, 50W, 4250lm, 4000K, IP65, čierny";"d01b4eda-9b7a-11f1-983a-bc2411833e01";"";"8592718033705";"";"";"Elektroinštalačný materiál > Osvetlenie > LED reflektory > Reflektory bez senzora";"Elektroinštalačný materiál > Osvetlenie > LED reflektory > Reflektory bez senzora";"";"";"";"";"";"";"";"";"";"Solight WM-50W-Q";""
