/tv--audio-a-video/;/prislusenstvo-k-tv--audio--video/;0
/pocitace-a-notebooky/;/pocitace-mobily-a-tablety/;0
/bezpecnost-a-smart-domacnost/;/elektro-smart-home-a-osvetlenie/;0
/mobily--smart-hodinky-a-tablety/;/pocitace-mobily-a-tablety/;0
/elektroinstalacny-material/;/elektro-smart-home-a-osvetlenie/;0
/naradie-a-dielna/;/dielna-a-zahrada/;0
/drony-a-rc-modely/;/cestovanie-sport-a-outdoor/;0
/zahrada/;/dielna-a-zahrada/;0
/sport--hracky-a-volny-cas/;/cestovanie-sport-a-outdoor/;0
/kreativne-technologie/;/dielna-a-zahrada/;0
/velke-spotrebice/;/domace-spotrebice/;0
/male-spotrebice/;/domace-spotrebice/;0
/vstavane-spotrebice/;/domace-spotrebice/;0
/ostatne-spotrebice/;/domace-spotrebice/;0
/cistenie/;/domace-spotrebice/;0
/pre-dieta/;/domace-spotrebice/;0
/mini-chladnicky/;/domace-spotrebice/;0
/dezinfekcne-lampy/;/domace-spotrebice/;0
/hodiny-a-budiky-3/;/domace-spotrebice/;0
/plyty-gazowe/;/domace-spotrebice/;0
/rychlovarne-kanvice/;/priprava-napojov/;0
/odstavovace/;/priprava-napojov/;0
/prislusenstvo-pre-filtracne-kanvice/;/priprava-napojov/;0
/filtracne-kanvice/;/priprava-napojov/;0
/vyrobniky-ladu/;/priprava-napojov/;0
/sirupy-a-flase-pre-vyrobniky-sody/;/priprava-napojov/;0
/vyrobniky-sody/;/priprava-napojov/;0
/cajova-sitka/;/priprava-napojov/;0
/lisy-na-citrusy/;/priprava-napojov/;0
/karavany-a-obytna-auta/;/karavany-a-obytne-auta/;0
/prenosne-lednice/;/karavany-a-obytne-auta/;0
/vysielace-do-auta-2/;/auto-moto/;0
/gps-navigacie/;/auto-moto/;0
/bezdrotove-adaptery-carplay/;/auto-moto/;0
/nosice-bicyklov/;/auto-moto/;0
/elektrovozidla/;/auto-moto/;0
/audio--hi-fi/;/autoradia/;0
/nabijanie/;/auto-moto/;0
/prenosne-chladnicky/;/auto-moto/;0
/drziaky-telefonov/;/auto-moto/;0
/mini-kompresory/;/auto-moto/;0
/ostatne-17/;/auto-moto/;0
/videorekordery/;/auto-moto/;0
/diagnosticke-nastroje/;/garaz--dielna--servis/;0
/kable-a-nabijacky-pre-elektromobily/;/elektromobilita/;0
/nabijacky-do-auta-2/;/auto-moto/;0
/umyvanie-a-cistenie/;/auto-moto/;0
/monitory-automobilov/;/auto-moto/;0
/autoprislusenstvo/;/vybavenie-auta/;0
/autoradia-s-usb/;/autoradia/;0
/autoradia-s-cd/;/autoradia/;0
/subwoofery-do-auta/;/autoradia/;0
/reproduktory-do-auta/;/autoradia/;0
/prislusenstvo-do-auta/;/autoradia/;0
/autoradia-s-dvd/;/autoradia/;0
/vrecka-do-vysavacov/;/prislusenstvo-k-malym-spotrebicom/;0
/prislusenstvo-k-vysavacom/;/prislusenstvo-k-malym-spotrebicom/;0
/prislusenstvo-ku-kavovarom/;/prislusenstvo-k-malym-spotrebicom/;0
/filtre-do-vysavacov/;/prislusenstvo-k-malym-spotrebicom/;0
/prislusenstvo-k-zehlenie/;/prislusenstvo-k-malym-spotrebicom/;0
/prislusenstvo-ku-grilom/;/prislusenstvo-k-malym-spotrebicom/;0
/prislusenstvo-ku-kuchynskym-robotom/;/prislusenstvo-k-malym-spotrebicom/;0
/vone-do-vysavace/;/prislusenstvo-k-malym-spotrebicom/;0
/prislusenstvo-ku-vzduchotechnike/;/prislusenstvo-k-malym-spotrebicom/;0
/kavove-kapsle/;/kavovary-a-espressa/;0
/mlynceky-na-kavu/;/kavovary-a-espressa/;0
/automaticka-espressa/;/kavovary-a-espressa/;0
/prekvapkavace/;/kavovary-a-espressa/;0
/kavovary-na-kapsle/;/kavovary-a-espressa/;0
/napenovace-mlieka/;/kavovary-a-espressa/;0
/kava/;/kavovary-a-espressa/;0
/pakove-kavovary/;/kavovary-a-espressa/;0
/moka-kanvice-a-frenchpressy/;/kavovary-a-espressa/;0
/hriankovace/;/sendvicovace--hriankovace--vaflovace/;0
/sendvicovace/;/sendvicovace--hriankovace--vaflovace/;0
/vaflovace/;/sendvicovace--hriankovace--vaflovace/;0
/sklokeramicke-varne-dosky/;/varne-dosky/;0
/plynove-varne-dosky/;/varne-dosky/;0
/indukcne-varne-dosky/;/varne-dosky/;0
/elektricke-varne-dosky/;/varne-dosky/;0
/elektricke-panvice/;/fritezy-a-hrnce/;0
/multifunkcne-hrnce/;/fritezy-a-hrnce/;0
/zavaracie-hrnce/;/fritezy-a-hrnce/;0
/fritezy/;/fritezy-a-hrnce/;0
/parne-hrnce/;/fritezy-a-hrnce/;0
/ryzovary/;/fritezy-a-hrnce/;0
/polievkovary/;/fritezy-a-hrnce/;0
/varice-vajec/;/fritezy-a-hrnce/;0
/sous-vide/;/fritezy-a-hrnce/;0
/pomale-hrnce/;/fritezy-a-hrnce/;0
/vakuovacky-a-zvaracky/;/vakuovacky-a-zvaracky-folii/;0
/prislusenstvo-pre-vakuovacky-a-zvaracky/;/vakuovacky-a-zvaracky-folii/;0
/elektricke-deky/;/zdravie-a-starostlivost/;0
/elektricke-manikury-a-pedikury/;/zdravie-a-starostlivost/;0
/stop-koronavirusu/;/zdravie-a-starostlivost/;0
/parfumy-a-kozmetika/;/zdravie-a-starostlivost/;0
/cistenie-pleti/;/zdravie-a-starostlivost/;0
/masazne-pristroje/;/zdravie-a-starostlivost/;0
/holiace-strojceky-a-zastrihavace/;/zdravie-a-starostlivost/;0
/starostlivost-o-plet/;/zdravie-a-starostlivost/;0
/sonicke-zubne-kefky/;/zdravie-a-starostlivost/;0
/osobna-starostlivost/;/zdravie-a-starostlivost/;0
/predlzovanie-rias/;/zdravie-a-starostlivost/;0
/ustne-sprchy-2/;/zdravie-a-starostlivost/;0
/erotika/;/zdravie-a-starostlivost/;0
/vahy/;/zdravie-a-starostlivost/;0
/elektricke-zubne-kefky/;/starostlivost-o-zuby/;0
/prislusenstvo-k-zubnym-kefkam/;/starostlivost-o-zuby/;0
/ustne-sprchy/;/starostlivost-o-zuby/;0
/zubne-kefky/;/starostlivost-o-zuby/;0
/feny-na-vlasy/;/starostlivost-o-vlasy/;0
/zastrihavace/;/starostlivost-o-vlasy/;0
/kulmy-na-vlasy/;/starostlivost-o-vlasy/;0
/zehlicky-na-vlasy--krepovaci-klieste/;/starostlivost-o-vlasy/;0
/prislusenstvo-k-starostlivost-o-vlasy/;/starostlivost-o-vlasy/;0
/hrebene-na-vlasy/;/starostlivost-o-vlasy/;0
/feny/;/starostlivost-o-vlasy/;0
/zehlicky-na-vlasy-a-kulmy/;/starostlivost-o-vlasy/;0
/mixery-a-slahace/;/kuchynske-roboty-a-krajace/;0
/kuchynske-roboty/;/kuchynske-roboty-a-krajace/;0
/krajace-potravin/;/kuchynske-roboty-a-krajace/;0
/mlynceky-na-maso/;/kuchynske-roboty-a-krajace/;0
/mixery/;/kuchynske-roboty-a-krajace/;0
/elektricke-sekaciky/;/kuchynske-roboty-a-krajace/;0
/slahace/;/kuchynske-roboty-a-krajace/;0
/zmrzlinovace-a-jogurtovace/;/kuchynske-roboty-a-krajace/;0
/stolove-mixery/;/kuchynske-roboty-a-krajace/;0
/tycove-mixery/;/kuchynske-roboty-a-krajace/;0
/filtre-do-digestorov/;/digestory/;0
/kominove-digestory/;/digestory/;0
/vysuvne--vyklopne-digestory/;/digestory/;0
/zavesne-digestory/;/digestory/;0
/ostrovcekove-digestory/;/digestory/;0
/prislusenstvo-k-digestorom/;/digestory/;0
/pekace-a-zapekacie-misy/;/nadobie/;0
/pohare-a-flase/;/nadobie/;0
/panvice/;/nadobie/;0
/dozy-na-potraviny/;/nadobie/;0
/hrnce/;/nadobie/;0
/termosky-a-termohrnceky/;/nadobie/;0
/hrnceky-a-salky/;/nadobie/;0
/pecuce-formy/;/nadobie/;0
/pokrievky/;/nadobie/;0
/misy-a-misky/;/nadobie/;0
/naparovacie-zehlicky/;/zehlicky/;0
/zehliace-dosky/;/zehlicky/;0
/susiaky-na-bielizen/;/zehlicky/;0
/sijacie-stroje-a-prislusenstvo/;/zehlicky/;0
/naparovace-odevov/;/zehlicky/;0
/parne-generatory/;/zehlicky/;0
/domove-alarmy-a-zvonceky/;/zehlicky/;0
/zehlicky-na-suche-zehlenie/;/zehlicky/;0
/cestovne-zehlicky/;/zehlicky/;0
/hodiny-a-budiky/;/zehlicky/;0
/palacinkovace/;/grily--pekarne--varice/;0
/elektricke-grily/;/grily--pekarne--varice/;0
/lavove-a-raclettove-grily/;/grily--pekarne--varice/;0
/elektricke-varice/;/grily--pekarne--varice/;0
/domace-pekarne/;/grily--pekarne--varice/;0
/pece-na-pizzu/;/grily--pekarne--varice/;0
/varne-platne/;/grily--pekarne--varice/;0
/epilatory/;/holiace-strojceky/;0
/prislusenstvo-k-holiacim-strojcekom/;/holiace-strojceky/;0
/damske-holiace-strojceky-a-depilatory/;/holiace-strojceky/;0
/panske-holiace-strojceky/;/holiace-strojceky/;0
/podlahove-vysavace/;/vysavace/;0
/tycove-vysavace/;/vysavace/;0
/parne-mopy-a-cistice/;/vysavace/;0
/aku-vysavace/;/vysavace/;0
/roboticke-vysavace/;/vysavace/;0
/viacucelove-vysavace/;/vysavace/;0
/nahradne-diely-3/;/vysavace/;0
/ostatne-22/;/vysavace/;0
/rucne-vysavace-2/;/vysavace/;0
/prepatove-ochrany/;/istice-a-chranice/;0
/kompenzatory-jaloveho-vykonu/;/istice-a-chranice/;0
/predlzovacie-kable-a-zasuvky/;/elektro-smart-home-a-osvetlenie/;0
/casove-spinace-2/;/elektromery-a-spinacie-technika/;0
/elektromery-2/;/elektro-smart-home-a-osvetlenie/;0
/led-ziarovky/;/led-osvetlenie/;0
/ostatne-ziarovky-a-ziarivky/;/osvetlenie/;0
/svietidla/;/osvetlenie/;0
/zasuvky/;/osvetlenie/;0
/lampy-a-lampicky/;/osvetlenie/;0
/cestovne-adaptery/;/osvetlenie/;0
/stolove-lampy/;/osvetlenie/;0
/vianocne-dekoracie/;/vianocne-osvetlenie/;0
/led-svietidla/;/led-osvetlenie/;0
/zahradne-svietidla-2/;/osvetlenie/;0
/ziarovky/;/osvetlenie/;0
/led-reflektory/;/led-osvetlenie/;0
/led-pasky/;/led-osvetlenie/;0
/led-sviecky/;/osvetlenie/;0
/stojace-lampy/;/osvetlenie/;0
/patice--redukcie/;/osvetlenie/;0
/infra-ziarovky/;/osvetlenie/;0
/priemyselne-led-osvetlenie/;/led-osvetlenie/;0
/led-stolove-lampy/;/led-osvetlenie/;0
/led-trubicove-ziarivky/;/led-osvetlenie/;0
/led-panely-a-podhladova-svetla/;/led-osvetlenie/;0
/senzory-a-konektory/;/komponenty-pre-svietidla/;0
/e14-zavit/;/led-osvetlenie/;0
/g9-patice/;/led-osvetlenie/;0
/e27-zavit/;/led-osvetlenie/;0
/gu10-patice/;/led-osvetlenie/;0
/mr16-patice/;/led-osvetlenie/;0
/g4-patice/;/led-osvetlenie/;0
/gu10/;/led-osvetlenie/;0
/e14/;/led-osvetlenie/;0
/e27/;/led-osvetlenie/;0
/g9-g4/;/led-osvetlenie/;0
/ostatne-svetelne-zdroje/;/led-osvetlenie/;0
/cistice-okien/;/upratovacie-pomocky/;0
/mopy-a-upratovacie-supravy/;/upratovacie-pomocky/;0
/kostata-a-metly/;/upratovacie-pomocky/;0
/cistiace-prostriedky/;/upratovacie-pomocky/;0
/ostatne-4/;/dielna-a-zahrada/;0
/meracie-nastroje/;/dielna-a-zahrada/;0
/stavebne-naradie/;/dielna-a-zahrada/;0
/vytlacne-a-kartusove-pistole/;/dielna-a-zahrada/;0
/rezacie-nastroje/;/dielna-a-zahrada/;0
/skrutkovace/;/dielna-a-zahrada/;0
/vrtaky-a-skrutkovace/;/dielna-a-zahrada/;0
/brusky-3/;/dielna-a-zahrada/;0
/tasky-a-boxy-na-naradie/;/dielna-a-zahrada/;0
/spajkovacia-technika/;/dielna-a-zahrada/;0
/wykrywacze-metalu/;/dielna-a-zahrada/;0
/zvaranie/;/dielna-a-zahrada/;0
/elektricke-naradie/;/naradie/;0
/prislusenstvo-pre-stroje-a-naradie/;/naradie/;0
/rucne-naradie/;/naradie/;0
/pneumaticke-a-hydraulicke-naradie/;/naradie/;0
/stavebne-material--chemia-a-technika/;/naradie/;0
/aku-naradie/;/naradie/;0
/svietidla-2/;/naradie/;0
/upratovanie--cistenie-a-umyvanie/;/naradie/;0
/tavne-a-horucovzdusne-pistole/;/naradie/;0
/brusky/;/naradie/;0
/spajky/;/naradie/;0
/bouraci-a-vrtacie-kladiva/;/naradie/;0
/autonabijacky-a-startovacie-zdroje/;/naradie/;0
/frezy-a-frezky/;/naradie/;0
/vrtacky/;/naradie/;0
/prislusenstvo-k-prackam-a-susickam/;/pracky/;0
/pracky-zepredu-plnene/;/pracky/;0
/pracky-s-vrchnym-plnenim/;/pracky/;0
/zahradne-potreby/;/dielna-a-zahrada/;0
/zavlazovacie-systemy/;/dielna-a-zahrada/;0
/zavlazovanie/;/dielna-a-zahrada/;0
/zahradne-naradie/;/dielna-a-zahrada/;0
/lapace--odpudzovace-hmyzu-a-skodcov/;/dielna-a-zahrada/;0
/cerpadla/;/dielna-a-zahrada/;0
/prislusenstvo-ku-sporakom-a-ruram/;/sporaky-a-rury/;0
/elektricke-sporaky/;/sporaky-a-rury/;0
/stolove-rury/;/sporaky-a-rury/;0
/kombinovane-sporaky/;/sporaky-a-rury/;0
/ostatne-kuchynske-potreby/;/kuchynske-potreby/;0
/kuchynske-minutky/;/kuchynske-potreby/;0
/kuchynske-vahy/;/kuchynske-potreby/;0
/otvarace-na-konzervy/;/kuchynske-potreby/;0
/cedniky--lieviky--sita/;/kuchynske-potreby/;0
/obrusy-a-prestieranie/;/kuchynske-potreby/;0
/kuchynske-noze-a-noznice/;/kuchynske-potreby/;0
/brousky-na-noze/;/kuchynske-potreby/;0
/vyvrtky-a-otvarace/;/kuchynske-potreby/;0
/valceky-na-cesto/;/kuchynske-potreby/;0
/lisy-na-potraviny/;/kuchynske-potreby/;0
/dosticky--podlozky--krajacie-dosky/;/kuchynske-potreby/;0
/mlynceky-na-korenie/;/kuchynske-potreby/;0
/chlebniky--kosiky--kosiky--osatky/;/kuchynske-potreby/;0
/kuchynske-teplomery/;/kuchynske-potreby/;0
/odkostkovace/;/kuchynske-potreby/;0
/varesky--naberacky--obracacky--klieste/;/kuchynske-potreby/;0
/handry--houby--kefy/;/kuchynske-potreby/;0
/skrabky-a-struhadla/;/kuchynske-potreby/;0
/krajace-a-porcovace/;/kuchynske-potreby/;0
/chladiace-tasky-a-boxy/;/chladnicky/;0
/monoklimaticke-chladnicky/;/chladnicky/;0
/chladnicky-s-mraziace-priehradkou/;/chladnicky/;0
/kombinovane-chladnicky/;/chladnicky/;0
/prislusenstvo-k-chladnickam/;/chladnicky/;0
/americke-chladnicky/;/chladnicky/;0
/teplomery/;/starostlivost-o-zdravie/;0
/tlakomery--tonometre/;/starostlivost-o-zdravie/;0
/ostatne-starostlivost-o-zdravie/;/starostlivost-o-zdravie/;0
/inhalatory/;/starostlivost-o-zdravie/;0
/vlozky-do-bot/;/starostlivost-o-zdravie/;0
/pultove-mraznicky/;/mraznicky/;0
/zasuvkove-mraznicky/;/mraznicky/;0
/chladnicky-s-mrazakom-nahore/;/chladnicky/;0
/chladnicky-s-mrazakom-dole/;/chladnicky/;0
/vstavane-umyvacky-60-cm/;/vstavane-umyvacky-riadu/;0
/vstavane-umyvacky-45-cm/;/vstavane-umyvacky-riadu/;0
/vstavane-pecuce-rury/;/vstavane-rury/;0
/vykurovacie-telesa/;/vzduchotechnika/;0
/cisticky-vzduchu/;/vzduchotechnika/;0
/aroma-difuzery/;/vzduchotechnika/;0
/zvlhcovace-vzduchu/;/vzduchotechnika/;0
/odvlhcovace-vzduchu/;/vzduchotechnika/;0
/vykurovanie/;/vzduchotechnika/;0
/klimatizacia-2/;/vzduchotechnika/;0
/ventilatory/;/vzduchotechnika/;0
/prislusenstvo-15/;/vzduchotechnika/;0
/zvlhcovace/;/vzduchotechnika/;0
/susiaky/;/vzduchotechnika/;0
/vykurovacie-telesa--radiatory/;/vzduchotechnika/;0
/elektricka-krbova-kachle/;/vzduchotechnika/;0
/teplovzdusne-ventilatory/;/vzduchotechnika/;0
/olejove-radiatory/;/vzduchotechnika/;0
/konvektory/;/vzduchotechnika/;0
/sijacie-stroje/;/zehlicky/;0
/elektricke-noze/;/potreby-pre-domacnost/;0
/meteostanice--teplomery--vlhkomery/;/potreby-pre-domacnost/;0
/testery-alkoholu/;/potreby-pre-domacnost/;0
/upratovanie/;/potreby-pre-domacnost/;0
/vonne-oleje/;/potreby-pre-domacnost/;0
/filtracne-kanvice-2/;/potreby-pre-domacnost/;0
/aroma-difuzery-2/;/potreby-pre-domacnost/;0
/hodiny-a-budiky-2/;/potreby-pre-domacnost/;0
/termosky--termohrnceky/;/potreby-pre-domacnost/;0
/kuchynske-vahy-2/;/potreby-pre-domacnost/;0
/formy-na-peceni/;/potreby-pre-domacnost/;0
/doplnky-do-domacnosti/;/potreby-pre-domacnost/;0
/osobne-vahy-2/;/potreby-pre-domacnost/;0
/kuchynske-pomocky/;/potreby-pre-domacnost/;0
/starostlivost-o-telo/;/potreby-pre-domacnost/;0
/kanvice-na-caj/;/potreby-pre-domacnost/;0
/efekty-a-dekoracie/;/potreby-pre-domacnost/;0
/tesneni-do-okien-a-dveri/;/potreby-pre-domacnost/;0
/kuchynske-riad/;/potreby-pre-domacnost/;0
/noze-a-pribory/;/potreby-pre-domacnost/;0
/prislusenstvo-aku-a-elektricke-naradie/;/naradie/;0
/kufre--tasky-a-montazne-boxy/;/naradie/;0
/prislusenstvo-pre-cerpadla-a-miesadla/;/naradie/;0
/prislusenstvo-pre-sponkovacky--nastrelovacky/;/naradie/;0
/prislusenstvo-pre-brusky/;/naradie/;0
/prislusenstvo-pre-pily/;/naradie/;0
/prislusenstvo-pre-rezacky-obkladov/;/naradie/;0
/prislusenstvo-vrtacky--skrutkovace--utahovaky/;/naradie/;0
/aku-baterie-a-nabijacky/;/naradie/;0
/prislusenstvo-pre-hobliky-a-sustruhy/;/naradie/;0
/osvetlenie-3/;/osvetlenie/;0
/prvky-vykonu/;/elektro-smart-home-a-osvetlenie/;0
/prislusenstvo-18/;/elektro-smart-home-a-osvetlenie/;0
/smart-zahrada/;/elektro-smart-home-a-osvetlenie/;0
/smart-zabezpecenie/;/smart-domacnost/;0
/smart-ziarovky/;/smart-domacnost/;0
/smart-potreby-do-domacnosti/;/smart-domacnost/;0
/detektory-a-alarmy/;/smart-domacnost/;0
/ip-kamery-2/;/smart-domacnost/;0
/osvetlenie-2/;/smart-domacnost/;0
/vykurovanie-2/;/smart-domacnost/;0
/zasuvky-2/;/smart-domacnost/;0
/vypinace/;/smart-domacnost/;0
/cisticky-vzduchu-2/;/smart-domacnost/;0
/ostatne-smart-elektronika/;/smart-domacnost/;0
/prislusenstvo-14/;/smart-domacnost/;0
/televizory-2/;/televizory/;0
/zvonceky/;/smart-domacnost/;0
/klavesnice-3/;/smart-domacnost/;0
/roboticke-vysavace-3/;/smart-domacnost/;0
/meteostanice-2/;/smart-domacnost/;0
/prenosne-lednice--chladiace-boxy/;/smart-domacnost/;0
/radia-2/;/smart-domacnost/;0
/smart-zasuvky-2/;/smart-domacnost/;0
/smart-domacnost---doplnkova-elektronika/;/smart-domacnost/;0
/kamery/;/smart-domacnost/;0
/detektor-pohybu/;/smart-domacnost/;0
/smart-senzory/;/smart-domacnost/;0
/kluce/;/naradie/;0
/zveraky-a-svorky/;/naradie/;0
/sady-naradie/;/naradie/;0
/bity-sety-sa-skrutkovacom-alebo-racnou/;/naradie/;0
/gola-sady--racne-a-hlavice/;/naradie/;0
/rudle/;/naradie/;0
/noze--noznice--skalpely--rezacky/;/naradie/;0
/vrtacky--kolovratky-a-nebozezy/;/naradie/;0
/stranove-a-ocka/;/naradie/;0
/vzduchove-hadice--regulatory-a-spojk/;/naradie/;0
/razove-utahovaky-skrutkovace-kladiva/;/naradie/;0
/02-brusne-a-rezacie-kotuce/;/naradie/;0
/oblecenie-a-obuv/;/cestovanie-sport-a-outdoor/;0
/mikroskopy/;/cestovanie-sport-a-outdoor/;0
/hudebni-nastroje/;/cestovanie-sport-a-outdoor/;0
/elektricke-kolobezky/;/cestovanie-sport-a-outdoor/;0
/fitness-vybavenie/;/cestovanie-sport-a-outdoor/;0
/turizmus/;/cestovanie-sport-a-outdoor/;0
/elektricke-surfy/;/cestovanie-sport-a-outdoor/;0
/golf/;/cestovanie-sport-a-outdoor/;0
/exoskelety/;/cestovanie-sport-a-outdoor/;0
/autodrahy/;/hracky/;0
/stavebnice/;/hracky/;0
/hracky-pre-kluky/;/hracky/;0
/elektronicke-hracky/;/hracky/;0
/auta--letadla--lode/;/hracky/;0
/auta--bagry--traktory-pre-deti/;/hracky/;0
/plysove-hracky/;/hracky/;0
/detske-hudebni-nastroje/;/hracky/;0
/kreativni-hracky/;/hracky/;0
/zvieratka--farmy/;/hracky/;0
/vonkajsie-hracky/;/hracky/;0
/skolske-pomocky--tabule/;/hracky/;0
/vytvarne-hracky-a-tvoreni/;/hracky/;0
/vybavenie-pokojicku-a-skolek/;/hracky/;0
/puzzle/;/hracky/;0
/edukativne/;/hracky/;0
/vzdelavacie-a-interaktivne/;/hracky/;0
/pre-kojencov/;/hracky/;0
/sportovni-hracky/;/hracky/;0
/boty/;/cestovanie-sport-a-outdoor/;0
/prislusenstvo-k-umyvacke/;/umyvacky-riadu/;0
/stolove-umyvacky-riad/;/umyvacky-riadu/;0
/umyvacky-riad-45-cm/;/umyvacky-riadu/;0
/umyvacky-riad-60-cm/;/umyvacky-riadu/;0
/ryle-a-rycie-vidle/;/dielna-a-zahrada/;0
/krompace--motyky--kultivatory/;/dielna-a-zahrada/;0
/zahradne-noznice/;/dielna-a-zahrada/;0
/kotucove/;/naradie/;0
/oscilacne/;/naradie/;0
/vibracne/;/naradie/;0
/ostatne-stavebnice/;/hracky/;0
/stanice-s-pripojenim-k-pocitaci/;/meteostanice/;0
/bezdratova-cidla/;/meteostanice/;0
/meteorologicke-stanice/;/meteostanice/;0
/teplomery-digitalne/;/meteostanice/;0
/dataloggery/;/meteostanice/;0
/nahradne-diely-2/;/meteostanice/;0
/03-pilove-listy-a-pasy/;/naradie/;0
/panske-parfumy/;/zdravie-a-starostlivost/;0
/vlasova-kozmetika/;/zdravie-a-starostlivost/;0
/panske-balzamy-po-holenie/;/zdravie-a-starostlivost/;0
/vnutorne-osvetlenie/;/osvetlenie/;0
/nabijacie/;/osvetlenie/;0
/celovky/;/osvetlenie/;0
/rucne/;/osvetlenie/;0
/kempingove/;/osvetlenie/;0
/lampase/;/osvetlenie/;0
/nenabijacie/;/osvetlenie/;0
/celove/;/osvetlenie/;0
/montazne-a-nabijacie-svetla/;/osvetlenie/;0
/stropne-a-nastenna-svietidla/;/osvetlenie/;0
/smart-osvetlenie/;/osvetlenie/;0
/dekorativne-osvetlenie/;/osvetlenie/;0
/ostatne-svietidla/;/osvetlenie/;0
/stojace-a-stolove-lampy/;/osvetlenie/;0
/masazne-pristroje-na-cele-telo/;/zdravie-a-starostlivost/;0
/masazne-podlozky/;/zdravie-a-starostlivost/;0
/masazne-pristroje-na-chrbat-a-siji/;/zdravie-a-starostlivost/;0
/ostatne-detske-tovar/;/starostlivost-o-dieta/;0
/detske-opatrovatelky--chuvicky/;/starostlivost-o-dieta/;0
/elektroinstalacny-material-2/;/naradie/;0
/predlzovacie-kable/;/naradie/;0
/istice--instalacne-krabice--rozvadzace/;/naradie/;0
/svorkovnice-a-wago-svorky/;/naradie/;0
/005-vykruzovace-a-vrtacie-korunky/;/naradie/;0
/detske-zbrane/;/hracky/;0
/aku-svetla-a-svietidla/;/naradie/;0
/vstavane-kombinovane-chladnicky/;/vstavane-chladenie/;0
/vstavane-chladnicky-s-mraziace-priehradkou/;/vstavane-chladenie/;0
/vstavane-monoklimaticke-chladnicky/;/vstavane-chladenie/;0
/powerbanky-3/;/fotovoltaika-a-energie/;0
/fotovoltaicke-panely/;/fotovoltaika-a-energie/;0
/powerbanky/;/nabijacky/;0
/nabijacky-pre-olovene-akumulatory/;/nabijacky/;0
/stanice-pre-elektrokola/;/nabijacky/;0
/nabijacky-nicd--nimh--nizn/;/nabijacky/;0
/nabijacky-autobaterii/;/nabijacky/;0
/nabijacky-lifepo4/;/nabijacky/;0
/ochrana-baterii/;/nabijacky/;0
/solarne-nabijacky/;/nabijacky/;0
/nabijacky-dc-dc/;/nabijacky/;0
/bezpecnostni-kamery/;/zehlicky/;0
/elektrokolobezky/;/auto-moto/;0
/pre-psov/;/chovatelske-potreby/;0
/pre-macky/;/chovatelske-potreby/;0
/ostatne-prislusenstvo/;/chovatelske-potreby/;0
/pohlcovace-zapachu/;/chovatelske-potreby/;0
/fontany/;/chovatelske-potreby/;0
/hracky-2/;/chovatelske-potreby/;0
/davkovace-krmiva/;/chovatelske-potreby/;0
/starostlivost-o-zvierata/;/chovatelske-potreby/;0
/inteligentne-toalety-pre-zvierata/;/chovatelske-potreby/;0
/prislusenstvo-pre-macacie-toalety/;/chovatelske-potreby/;0
/vencenie-a-transport/;/chovatelske-potreby/;0
/prepravky/;/chovatelske-potreby/;0
/klece-a-ohradky/;/chovatelske-potreby/;0
/ostatne-prislusenstvo-pre-zvierata/;/chovatelske-potreby/;0
/pripravky-na-starostlivost-o-zvierata/;/chovatelske-potreby/;0
/ohrievace-vody/;/vykurovanie-a-ohrev-vody/;0
/prislusenstvo-3/;/naradie/;0
/pomocky-na-cvicenie/;/posilnovanie-a-fitness/;0
/posilnovacie-stroje/;/posilnovanie-a-fitness/;0
/posilnovacie-lavice/;/posilnovanie-a-fitness/;0
/cinky-a-prislusenstvo/;/posilnovanie-a-fitness/;0
/prislusenstvo-pre-posilnovanie/;/posilnovanie-a-fitness/;0
/podlozky/;/posilnovanie-a-fitness/;0
/stepy-a-steppery/;/posilnovanie-a-fitness/;0
/trenazery/;/posilnovanie-a-fitness/;0
/vibracne-plosiny/;/posilnovanie-a-fitness/;0
/prislusenstvo-pre-posilnovanie---ostatne/;/posilnovanie-a-fitness/;0
/cistice/;/naradie/;0
/balzamy-a-kondicionery/;/zdravie-a-starostlivost/;0
/cestovne-doplnky/;/vybavenie-auta/;0
/autokoberce/;/vybavenie-auta/;0
/adaptery-napajeni/;/autoradia/;0
/clony-a-roletky/;/vybavenie-auta/;0
/stierace/;/vybavenie-auta/;0
/svetla/;/autoziarovky/;0
/podlozky-spz/;/vybavenie-auta/;0
/autopotahy/;/vybavenie-auta/;0
/povinna-vybava/;/vybavenie-auta/;0
/drziaky-na-mobily-2/;/autoradia/;0
/osviezovace-vzduchu/;/vybavenie-auta/;0
/poistky-3/;/vybavenie-auta/;0
/organizery-do-kufru/;/vybavenie-auta/;0
/menice-napatie-2/;/autoradia/;0
/ventilatory-2/;/vybavenie-auta/;0
/odpojovac-baterie/;/vybavenie-auta/;0
/12v-white-laser/;/autoziarovky/;0
/led-ziarovky-2/;/autoziarovky/;0
/smd-led-ziarovky/;/autoziarovky/;0
/12v-halogenove/;/autoziarovky/;0
/12v-3/;/autoziarovky/;0
/csp-led-ziarovky/;/autoziarovky/;0
/24v/;/autoziarovky/;0
/sady-zarovek/;/autoziarovky/;0
/12v-excelite/;/autoziarovky/;0
/reflexni-doplnky/;/ochranne-pomocky-a-odevy/;0
/pracovne-rukavice/;/ochranne-pomocky-a-odevy/;0
/kukly-a-stity/;/ochranne-pomocky-a-odevy/;0
/okuliare/;/ochranne-pomocky-a-odevy/;0
/chranice-sluchu/;/ochranne-pomocky-a-odevy/;0
/reflexni-prvky/;/cyklistika/;0
/elektrokola/;/cyklistika/;0
/cyklotasky/;/cyklistika/;0
/pumpy-na-kolo/;/cyklistika/;0
/zamky-na-kolo/;/cyklistika/;0
/svietidla-na-kolo/;/cyklistika/;0
/stojany-a-drziaky-na-kolesa/;/cyklistika/;0
/ostatne-cyklo-doplnky/;/cyklistika/;0
/cyklodrzaky/;/cyklistika/;0
/upinacie-gumy-a-pasy/;/bezpecnost/;0
/parkovaci-senzory/;/bezpecnost/;0
/zimni-doplnky/;/bezpecnost/;0
/tazna-lana/;/bezpecnost/;0
/testery-alkoholu-2/;/bezpecnost/;0
/kamery-do-auta-2/;/bezpecnost/;0
/autosedacky/;/bezpecnost/;0
/prepinace-napajeni/;/istice-a-chranice/;0
/poistky/;/istice-a-chranice/;0
/stykace/;/istice-a-chranice/;0
/prepatove-ochrany-dc/;/istice-a-chranice/;0
/prepatove-ochrany-ac/;/istice-a-chranice/;0
/odpinace-odpojovace/;/istice-a-chranice/;0
/proudove-chranice/;/istice-a-chranice/;0
/istice-ac/;/istice-a-chranice/;0
/motorove-istice/;/istice-a-chranice/;0
/pojistne-odpojovace/;/istice-a-chranice/;0
/odpojovace-baterii-2/;/istice-a-chranice/;0
/pojistkova-puzdra/;/istice-a-chranice/;0
/istice-dc/;/istice-a-chranice/;0
/fotovoltaicke-prislusenstvo/;/fotovoltaika/;0
/konstrukcia-pre-solarne-panely/;/fotovoltaika/;0
/kable-pre-fotovoltaiku/;/fotovoltaika/;0
/rozvadzace/;/fotovoltaika/;0
/ochrana-fv-instalaci/;/fotovoltaika/;0
/konektory-pre-fotovoltaiku/;/fotovoltaika/;0
/solarne-regulatory/;/fotovoltaika/;0
/solarne-panely/;/fotovoltaika/;0
/solarne-zostavy/;/fotovoltaika/;0
/nabijacie-stanice/;/fotovoltaika/;0
/naradie-pre-fotovoltaiku/;/fotovoltaika/;0
/solarne-menice-napatie/;/fotovoltaika/;0
/elektromery/;/fotovoltaika/;0
/solarne-nabijacky-2/;/fotovoltaika/;0
/solarne-baterie-2/;/fotovoltaika/;0
/baterie-a-prislusenstvo/;/fotovoltaika/;0
/menice/;/fotovoltaika/;0
/bezdratove-zvonceky/;/brany-a-zvonceky/;0
/parkovaci-zabrany/;/brany-a-zvonceky/;0
/prislusenstvo-pre-pohony-vrat/;/brany-a-zvonceky/;0
/pohony-kridlova-vrata/;/brany-a-zvonceky/;0
/postovni-schranky/;/brany-a-zvonceky/;0
/pohony-pre-garazova-vrata/;/brany-a-zvonceky/;0
/schranky-na-kluce/;/brany-a-zvonceky/;0
/pohony-posuvne-vrata/;/brany-a-zvonceky/;0
/visaci-zamky/;/brany-a-zvonceky/;0
/ostatne/;/zahradne-naradie-2/;0
/zahradne-noznice-2/;/zahradne-naradie-2/;0
/lopaty/;/zahradne-naradie-2/;0
/sady-zahradneho-naradie/;/zahradne-naradie-2/;0
/hrable/;/zahradne-naradie-2/;0
/na-sikmou-strechu/;/fotovoltaika/;0
/spojovacie-material/;/fotovoltaika/;0
/profily-a-listy/;/fotovoltaika/;0
/doplnky-a-prislusenstvo/;/fotovoltaika/;0
/na-rovnou-strechu/;/fotovoltaika/;0
/specialne-naradie-a-pripravky/;/garaz--dielna--servis/;0
/autodiagnostika/;/garaz--dielna--servis/;0
/kompresory--hustilky/;/garaz--dielna--servis/;0
/elektroinstalacny-material-3/;/garaz--dielna--servis/;0
/autoplachty/;/garaz--dielna--servis/;0
/autonaradi--doplnky/;/garaz--dielna--servis/;0
/parkovaci-zabrany-2/;/garaz--dielna--servis/;0
/kanystry/;/garaz--dielna--servis/;0
/hevaky/;/garaz--dielna--servis/;0
/cerpadla-3/;/garaz--dielna--servis/;0
/stahovaky-2/;/garaz--dielna--servis/;0
/hasici-pristroje-2/;/garaz--dielna--servis/;0
/brzdy/;/garaz--dielna--servis/;0
/interier/;/garaz--dielna--servis/;0
/podvozek/;/garaz--dielna--servis/;0
/motor/;/garaz--dielna--servis/;0
/ostatne-pripravky/;/garaz--dielna--servis/;0
/navijaky-a-zdvihaky/;/garaz--dielna--servis/;0
/testery-3/;/garaz--dielna--servis/;0
/exterier-2/;/garaz--dielna--servis/;0
/stlacovaky-brzdovych-pistu/;/garaz--dielna--servis/;0
/vymena-brzdove-kvapaliny/;/garaz--dielna--servis/;0
/ostatne-pripravky-na-brzdy/;/garaz--dielna--servis/;0
/zalozne-zdroje-pre-obehova-cerpadla/;/zalozne-zdroje-a-ups/;0
/powerbanky-2/;/zalozne-zdroje-a-ups/;0
/stabilizatory-napatie/;/zalozne-zdroje-a-ups/;0
/hybridni-zdroje-energia/;/zalozne-zdroje-a-ups/;0
/ups/;/zalozne-zdroje-a-ups/;0
/ampermetre-a-voltmetre/;/meracie-technika/;0
/detektory/;/meracie-technika/;0
/infrateplomery-a-termokamery/;/meracie-technika/;0
/meranie-neelektrickych-velicin/;/meracie-technika/;0
/osciloskopy-a-generatory/;/meracie-technika/;0
/prislusenstvo-k-meracie-technice/;/meracie-technika/;0
/laboratorni-zdroje/;/meracie-technika/;0
/testery-2/;/meracie-technika/;0
/meracie-lasery/;/meracie-technika/;0
/nivelacne-pristroje/;/meracie-technika/;0
/meridla/;/meracie-technika/;0
/inspekcni-kamery--endoskopy-2/;/meracie-technika/;0
/meranie-vody--plynu--vykurovanie--elektriny/;/meracie-technika/;0
/dvb-s-s2-t-t2-c/;/meracie-technika/;0
/silove-kable/;/kable-a-vodice/;0
/utp-a-ftp-kable/;/kable-a-vodice/;0
/fotovoltaicke-kable/;/kable-a-vodice/;0
/patch-kable-2/;/kable-a-vodice/;0
/koaxialne-kable-2/;/kable-a-vodice/;0
/dvojlinky/;/kable-a-vodice/;0
/auto-kable/;/kable-a-vodice/;0
/mikrofonni-kable/;/kable-a-vodice/;0
/prislusenstvo-4/;/kamerove-systemy/;0
/hdcvi--hdtvi--ahd-kamery/;/kamerove-systemy/;0
/ip-sietove-kamery/;/kamerove-systemy/;0
/kamerove-sety/;/kamerove-systemy/;0
/ip-smart-kamery/;/kamerove-systemy/;0
/kamery-4v1/;/kamerove-systemy/;0
/ip-sietove-videorekordery--nvr/;/kamerove-systemy/;0
/inspekcni-kamery--endoskopy/;/kamerove-systemy/;0
/hdcvi-a-5v1-videorekordery/;/kamerove-systemy/;0
/atrapy-kamer/;/kamerove-systemy/;0
/akcni-kamery/;/kamerove-systemy/;0
/domove-videotelefony/;/kamerove-systemy/;0
/kable/;/kamerove-systemy/;0
/konektory/;/kamerove-systemy/;0
/napajacie-zdroje/;/kamerove-systemy/;0
/montazne-skrine-a-racky/;/kamerove-systemy/;0
/interne-pevne-disky/;/kamerove-systemy/;0
/poe-switche/;/kamerove-systemy/;0
/drziaky/;/kamerove-systemy/;0
/prevodniky/;/kamerove-systemy/;0
/nalepky--knihy/;/kamerove-systemy/;0
/ostatne-9/;/kamerove-systemy/;0
/pamatove-karty-3/;/kamerove-systemy/;0
/ostatne-prislusenstvo-ku-kameram/;/kamerove-systemy/;0
/prepojovacie-listy/;/rozvadzacove-prvky/;0
/prepojovacie-a-rozbocovacie-svorky/;/rozvadzacove-prvky/;0
/bloky-pre-rozdeleni-fazi/;/rozvadzacove-prvky/;0
/podperne-a-distancni-izolatory/;/rozvadzacove-prvky/;0
/din-listy--pruchodky-a-prislusenstvo/;/rozvadzacove-prvky/;0
/mustky-na-nosnou-listu/;/rozvadzacove-prvky/;0
/modularni-komponenty/;/rozvadzacove-prvky/;0
/zdroje-a-zasuvky-na-din-listu/;/rozvadzacove-prvky/;0
/distribucni-bloky/;/rozvadzacove-prvky/;0
/prepojovacie-listy-tvar-kontaktu--kolik-jazycek/;/rozvadzacove-prvky/;0
/prepojovacie-listy-tvar-kontaktu--vidlicka/;/rozvadzacove-prvky/;0
/prislusenstvo-pre-prepojovacie-listy/;/rozvadzacove-prvky/;0
/rozbocovacie-svorky/;/rozvadzacove-prvky/;0
/univerzalne-svorky/;/rozvadzacove-prvky/;0
/trmenove-svorky/;/rozvadzacove-prvky/;0
/pristrojove-prepojovacie-svorky/;/rozvadzacove-prvky/;0
/stoupaci-svorky/;/rozvadzacove-prvky/;0
/typova-rad-hlak-typ-m2/;/rozvadzacove-prvky/;0
/typova-rad-hlak-typ-c/;/rozvadzacove-prvky/;0
/typ-uvb-100-a/;/rozvadzacove-prvky/;0
/typ-uvb-200-a/;/rozvadzacove-prvky/;0
/typ-pvb-hranate-160-500-a/;/rozvadzacove-prvky/;0
/typ-pdb-160-490-a/;/rozvadzacove-prvky/;0
/typ-pvbs/;/rozvadzacove-prvky/;0
/typova-rad-rka/;/rozvadzacove-prvky/;0
/typova-rad-uk/;/rozvadzacove-prvky/;0
/olovene-akumulatory/;/akumulatory-a-baterie/;0
/prislusenstvo-6/;/akumulatory-a-baterie/;0
/d-velke-monoclanky/;/akumulatory-a-baterie/;0
/9v/;/akumulatory-a-baterie/;0
/gombikove/;/akumulatory-a-baterie/;0
/autobaterie/;/akumulatory-a-baterie/;0
/specialne/;/akumulatory-a-baterie/;0
/lifepo4-akumulatory/;/akumulatory-a-baterie/;0
/aa-ceruzkove/;/akumulatory-a-baterie/;0
/c-male-monoclanky/;/akumulatory-a-baterie/;0
/aaa-mikrotuzkove/;/akumulatory-a-baterie/;0
/nimh-nabijacie-akumulatory/;/akumulatory-a-baterie/;0
/li-ion-nabijacie-akumulatory/;/akumulatory-a-baterie/;0
/baterie-do-aku-naradie/;/akumulatory-a-baterie/;0
/solarne-baterie/;/akumulatory-a-baterie/;0
/12v/;/akumulatory-a-baterie/;0
/6v/;/akumulatory-a-baterie/;0
/48v/;/akumulatory-a-baterie/;0
/4v/;/akumulatory-a-baterie/;0
/36v/;/akumulatory-a-baterie/;0
/24v-3/;/akumulatory-a-baterie/;0
/fotovoltaicke-kable-2/;/fotovoltaika/;0
/chranicky/;/fotovoltaika/;0
/silove-kable-2/;/fotovoltaika/;0
/2-0-mpix--full-hd/;/kamerove-systemy/;0
/otocne/;/kamerove-systemy/;0
/bazeny-a-doplnky/;/zahradne-doplnky/;0
/zavlazovanie-2/;/zahradne-doplnky/;0
/zahradne-sloupky/;/zahradne-doplnky/;0
/pestovanie/;/zahradne-doplnky/;0
/plachty-a-textilie/;/zahradne-doplnky/;0
/zahradne-svietidla/;/zahradne-doplnky/;0
/zahradne-rukavice/;/zahradne-doplnky/;0
/slunecni-clony/;/zahradne-doplnky/;0
/doplnky-na-zahradu/;/zahradne-doplnky/;0
/grily-2/;/zahradne-doplnky/;0
/prenosna-ohniste/;/zahradne-doplnky/;0
/zahradne-nabytok/;/zahradne-doplnky/;0
/cerpadla-4/;/zahradne-doplnky/;0
/bazenova-chemia/;/zahradne-doplnky/;0
/teplomery-do-bazenu/;/zahradne-doplnky/;0
/zahradne-bazeny/;/zahradne-doplnky/;0
/predlzovacky-230v-s-ochranou/;/istice-a-chranice/;0
/koaxialne-ochrany/;/istice-a-chranice/;0
/zasuvkove-ochrany-230v/;/istice-a-chranice/;0
/detektory-co--co2--plynu-a-vody/;/zabezpecenie/;0
/pir-cidla/;/zabezpecenie/;0
/domove-alarmy/;/zabezpecenie/;0
/laserove-senzory-pohybu/;/zabezpecenie/;0
/pozarni-hlasice/;/zabezpecenie/;0
/ostatne-5/;/zabezpecenie/;0
/hasici-pristroje/;/zabezpecenie/;0
/kamery-3/;/zabezpecenie/;0
/pozorovaci/;/dalekohlady/;0
/pre-nocni-videni/;/dalekohlady/;0
/binokularni/;/dalekohlady/;0
/hvezdarske/;/dalekohlady/;0
/prislusenstvo-13/;/dalekohlady/;0
/digitalne-fotoaparaty-2/;/dalekohlady/;0
/monokularni/;/dalekohlady/;0
/s-termovizi/;/dalekohlady/;0
/predlzovacie-privody/;/predlzovacky--zasuvky--vidlica/;0
/adaptery-a-redukcie/;/predlzovacky--zasuvky--vidlica/;0
/priemyselne-vidlica-a-zasuvky/;/predlzovacky--zasuvky--vidlica/;0
/vidlica-a-zasuvky/;/predlzovacky--zasuvky--vidlica/;0
/spinacie-zasuvky/;/predlzovacky--zasuvky--vidlica/;0
/predlzovacky-3-fazove/;/predlzovacky--zasuvky--vidlica/;0
/napajacie-kable-2/;/predlzovacky--zasuvky--vidlica/;0
/flexo-snury/;/predlzovacky--zasuvky--vidlica/;0
/viaczasuvkove-2/;/predlzovacky--zasuvky--vidlica/;0
/vysuvne-a-vstavane-zasuvky-2/;/predlzovacky--zasuvky--vidlica/;0
/navijacie-bubny-2/;/predlzovacky--zasuvky--vidlica/;0
/jednozasuvkove-2/;/predlzovacky--zasuvky--vidlica/;0
/prepatove-ochrany-4/;/predlzovacky--zasuvky--vidlica/;0
/zahradne-stlpiky-2/;/predlzovacky--zasuvky--vidlica/;0
/dlzka-10m/;/predlzovacky--zasuvky--vidlica/;0
/dlzka-1-5m/;/predlzovacky--zasuvky--vidlica/;0
/dlzka-15m/;/predlzovacky--zasuvky--vidlica/;0
/dlzka-20m/;/predlzovacky--zasuvky--vidlica/;0
/dlzka-50m/;/predlzovacky--zasuvky--vidlica/;0
/dlzka-25m/;/predlzovacky--zasuvky--vidlica/;0
/dlzka-7m/;/predlzovacky--zasuvky--vidlica/;0
/dlzka-3m/;/predlzovacky--zasuvky--vidlica/;0
/dlzka-2m/;/predlzovacky--zasuvky--vidlica/;0
/dlzka-5m/;/predlzovacky--zasuvky--vidlica/;0
/dlzka-30m/;/predlzovacky--zasuvky--vidlica/;0
/dlzka-40m/;/predlzovacky--zasuvky--vidlica/;0
/dlzka-1-4m/;/predlzovacky--zasuvky--vidlica/;0
/auto-koberce-volkswagen/;/vybavenie-auta/;0
/auto-koberce-bmw/;/vybavenie-auta/;0
/auto-koberce-mercedes-benz/;/vybavenie-auta/;0
/auto-koberce-audi/;/vybavenie-auta/;0
/auto-koberce-jeep/;/vybavenie-auta/;0
/auto-koberce-renault/;/vybavenie-auta/;0
/auto-koberce-nissan/;/vybavenie-auta/;0
/auto-koberce-dacia/;/vybavenie-auta/;0
/auto-koberce-opel/;/vybavenie-auta/;0
/auto-koberce-hyundai/;/vybavenie-auta/;0
/auto-koberce-peugeot/;/vybavenie-auta/;0
/auto-koberce-kia/;/vybavenie-auta/;0
/auto-koberce-citroen/;/vybavenie-auta/;0
/auto-koberce-ford/;/vybavenie-auta/;0
/auto-koberce-volvo/;/vybavenie-auta/;0
/auto-koberce-toyota/;/vybavenie-auta/;0
/auto-koberce-ssangyong/;/vybavenie-auta/;0
/grily-a-varice/;/karavany-a-obytne-auta/;0
/parkovaci-asistenti/;/karavany-a-obytne-auta/;0
/kempingovy-nabytok/;/karavany-a-obytne-auta/;0
/autochladnicky/;/karavany-a-obytne-auta/;0
/baterie-do-karavanu/;/karavany-a-obytne-auta/;0
/menice-napatie/;/karavany-a-obytne-auta/;0
/redukcie-a-adaptery-2/;/karavany-a-obytne-auta/;0
/nabijacky-baterii/;/karavany-a-obytne-auta/;0
/ostatne-doplnky/;/karavany-a-obytne-auta/;0
/lapace-hmyzu/;/karavany-a-obytne-auta/;0
/mobilne-tv-a-sat-anteny/;/karavany-a-obytne-auta/;0
/televizory-na-12v-2/;/karavany-a-obytne-auta/;0
/arduino-a-moduly/;/elektronicke-suciastky/;0
/konektory-3/;/elektronicke-suciastky/;0
/priemyselne-zdroje/;/elektronicke-suciastky/;0
/poistky--pojistkove-drziaky/;/elektronicke-suciastky/;0
/prislusenstvo-arduino/;/elektronicke-suciastky/;0
/stavebnice-arduino/;/elektronicke-suciastky/;0
/snimace-a-prevodniky-arduino/;/elektronicke-suciastky/;0
/programovatelne-moduly-arduino/;/elektronicke-suciastky/;0
/vystupni-jednotky-arduino/;/elektronicke-suciastky/;0
/sety-arduino/;/elektronicke-suciastky/;0
/ultrazvukove-cistice/;/dielenske-vybavenie/;0
/regaly--police/;/dielenske-vybavenie/;0
/preprava-a-skladovani/;/dielenske-vybavenie/;0
/kufre-a-organizery-na-naradie/;/dielenske-vybavenie/;0
/prisavky-manipulacni/;/dielenske-vybavenie/;0
/pytle-na-odpad/;/dielenske-vybavenie/;0
/svareci-stroje/;/dielenske-vybavenie/;0
/rozprasovace/;/zahradne-doplnky/;0
/postrekovace/;/zahradne-doplnky/;0
/zavlazovace/;/zahradne-doplnky/;0
/hadice-2/;/zahradne-doplnky/;0
/prislusenstvo-12/;/zahradne-doplnky/;0
/displeje-do-auta/;/autoradia/;0
/reproduktory-do-auta-2/;/autoradia/;0
/autoradia-2/;/autoradia/;0
/metly-a-mopy-na-upratovanie/;/potreby-pre-domacnost/;0
/handry--houbicky-a-uterky-na-upratovanie/;/potreby-pre-domacnost/;0
/zasuvkove-bloky-a-listy/;/vypinace--zasuvky--krabice/;0
/tv-sat-zasuvky/;/vypinace--zasuvky--krabice/;0
/vypinace-a-zasuvky-galatea-ip44/;/vypinace--zasuvky--krabice/;0
/zasuvky-230v/;/vypinace--zasuvky--krabice/;0
/svorky-a-svorkovnice/;/vypinace--zasuvky--krabice/;0
/elektroinstalacny-krabice/;/vypinace--zasuvky--krabice/;0
/vypinace-2/;/vypinace--zasuvky--krabice/;0
/vypinace-a-zasuvky-atlas-ip55/;/vypinace--zasuvky--krabice/;0
/vypinace-a-zasuvky-atlas-ip65/;/vypinace--zasuvky--krabice/;0
/ramecky/;/vypinace--zasuvky--krabice/;0
/vymenitelne-moduly-orno/;/vypinace--zasuvky--krabice/;0
/rozbehove-kondenzatory/;/instalacne-naradie-a-ostatne-material/;0
/chemia-2/;/instalacne-naradie-a-ostatne-material/;0
/organizery-2/;/instalacne-naradie-a-ostatne-material/;0
/kluce-na-f-konektory/;/instalacne-naradie-a-ostatne-material/;0
/orezavace-kablov/;/instalacne-naradie-a-ostatne-material/;0
/lisovaci-klieste/;/instalacne-naradie-a-ostatne-material/;0
/ostatne-6/;/instalacne-naradie-a-ostatne-material/;0
/naradie-pre-fotovoltaiku-2/;/instalacne-naradie-a-ostatne-material/;0
/elektricke-zamky/;/instalacne-naradie-a-ostatne-material/;0
/pece-na-pizzu-2/;/domace-spotrebice/;0
/grily/;/domace-spotrebice/;0
/mixery-2/;/domace-spotrebice/;0
/kavovary/;/domace-spotrebice/;0
/palacinkovace-2/;/domace-spotrebice/;0
/kuchynske-roboty-2/;/domace-spotrebice/;0
/vaflovace-2/;/domace-spotrebice/;0
/susicky-potravin-2/;/domace-spotrebice/;0
/hriankovace-2/;/domace-spotrebice/;0
/sendvicovace-2/;/domace-spotrebice/;0
/zvaracky-folii/;/domace-spotrebice/;0
/fritezy-2/;/domace-spotrebice/;0
/vysavace-2/;/domace-spotrebice/;0
/elektricke-hrnce/;/domace-spotrebice/;0
/varice/;/domace-spotrebice/;0
/rychlovarne-kanvice-2/;/domace-spotrebice/;0
/drobne-kuchynske-spotrebice/;/domace-spotrebice/;0
/elektricke-panvice-2/;/domace-spotrebice/;0
/vyrobniky-ladu-2/;/domace-spotrebice/;0
/rury/;/domace-spotrebice/;0
/nabijacie-kable-pre-elektromobily/;/elektromobilita/;0
/ac-nabijacie-stanice-wallbox/;/elektromobilita/;0
/prenosne-nabijacky-a-redukcie/;/elektromobilita/;0
/tesla-3/;/elektromobilita/;0
/cestovne-adaptery-2/;/predlzovacky--zasuvky--vidlica/;0
/redukcie-a-adaptery/;/predlzovacky--zasuvky--vidlica/;0
/rozbocovacie-zasuvky/;/predlzovacky--zasuvky--vidlica/;0
/plastove-skrine/;/montazne-skrine-a-rozvadzace/;0
/rozvadzace-osadene/;/montazne-skrine-a-rozvadzace/;0
/rozvadzace-samostatne/;/montazne-skrine-a-rozvadzace/;0
/skrine-pre-kamerove-systemy/;/montazne-skrine-a-rozvadzace/;0
/zasuvkove-skrine/;/montazne-skrine-a-rozvadzace/;0
/kovove-skrine/;/montazne-skrine-a-rozvadzace/;0
/revizne-dvierka/;/montazne-skrine-a-rozvadzace/;0
/priemyselne-vidlica/;/predlzovacky--zasuvky--vidlica/;0
/priemyselne-spojky/;/predlzovacky--zasuvky--vidlica/;0
/priemyselne-zasuvky/;/predlzovacky--zasuvky--vidlica/;0
/priemyselne-privodky/;/predlzovacky--zasuvky--vidlica/;0
/vstavane-priemyselne-zasuvky/;/predlzovacky--zasuvky--vidlica/;0
/nastenne-priemyselne-zasuvky/;/predlzovacky--zasuvky--vidlica/;0
/dc-rozvadzace/;/montazne-skrine-a-rozvadzace/;0
/ac-rozvadzace/;/montazne-skrine-a-rozvadzace/;0
/osadene-dc-rozvadzace/;/fotovoltaika/;0
/samostatne-rozvadzace/;/fotovoltaika/;0
/osadene-ac-rozvadzace/;/fotovoltaika/;0
/vyhodne-sety-rozvadec-komponenty/;/fotovoltaika/;0
/5-0-mpix/;/kamerove-systemy/;0
/4-0-mpix/;/kamerove-systemy/;0
/2-0-mpix-full-hd--2-4-mpix/;/kamerove-systemy/;0
/1-0-mpix-hd--1-3-mpix/;/kamerove-systemy/;0
/8-0-mpix-4k/;/kamerove-systemy/;0
/6-0-mpix/;/kamerove-systemy/;0
/3-0-mpix/;/kamerove-systemy/;0
/ptz-kamery/;/kamerove-systemy/;0
/vcetne-konektoru/;/kable-a-vodice/;0
/medene/;/kable-a-vodice/;0
/metraz/;/kable-a-vodice/;0
/vicenasobne-kable/;/kable-a-vodice/;0
/zelezne/;/kable-a-vodice/;0
/vonkajsie-2/;/kable-a-vodice/;0
/koaxialne-pruchodky/;/kable-a-vodice/;0
/boxy-a-stojany/;/kable-a-vodice/;0
/prubezne/;/vypinace--zasuvky--krabice/;0
/koncove/;/vypinace--zasuvky--krabice/;0
/sady-stieracov-flat-set/;/vybavenie-auta/;0
/gumicky-stieracov/;/vybavenie-auta/;0
/ploche-flat-flexi/;/vybavenie-auta/;0
/ploche-flat-multi/;/vybavenie-auta/;0
/stierace-bulk/;/vybavenie-auta/;0
/stierace-hybrid/;/vybavenie-auta/;0
/hella-cleantech/;/vybavenie-auta/;0
/sady-stieracov-flat-double/;/vybavenie-auta/;0
/stierace-zadniho-okna/;/vybavenie-auta/;0
/klasicke-kovove/;/vybavenie-auta/;0
/gumy-a-pasy-na-cvicenie/;/posilnovanie-a-fitness/;0
/pomocky-na-cvicenie-doma/;/posilnovanie-a-fitness/;0
/pomocky-na-cvicenie-bricha/;/posilnovanie-a-fitness/;0
/pomocky-na-jogu/;/posilnovanie-a-fitness/;0
/valce--kolieska-a-masazne-lopty/;/posilnovanie-a-fitness/;0
/lopty-na-cvicenie/;/posilnovanie-a-fitness/;0
/pomocky-na-pilates/;/posilnovanie-a-fitness/;0
/svihadla/;/posilnovanie-a-fitness/;0
/zavazia-na-kotniky-a-zapesti/;/posilnovanie-a-fitness/;0
/kryte-mustky--ip20/;/rozvadzacove-prvky/;0
/nekryte-mustky--ip00/;/rozvadzacove-prvky/;0
/bezsroubove-kryte-mustky--ip20/;/rozvadzacove-prvky/;0
/herbicidy-proti-plevelum/;/zahradne-doplnky/;0
/zahradne-hnojiva/;/zahradne-doplnky/;0
/insekticidy-proti-skudcum/;/zahradne-doplnky/;0
/pripravky-proti-mravencum/;/zahradne-doplnky/;0
/fungicidy-proti-houbam-a-plisnim/;/zahradne-doplnky/;0
/pestebni-lampy/;/zahradne-doplnky/;0
/travni-smesi/;/zahradne-doplnky/;0
/uzemnovaci-prvky/;/fotovoltaika/;0
/prepatove-ochrany-2/;/fotovoltaika/;0
/poistky-2/;/fotovoltaika/;0
/pojistne-odpinace-odpojovace/;/fotovoltaika/;0
/istice/;/fotovoltaika/;0
/rozvodnice-acqua-ip65/;/montazne-skrine-a-rozvadzace/;0
/skrine-magna-ip65/;/montazne-skrine-a-rozvadzace/;0
/skrine-acquacombi-ip65-s-otvory/;/montazne-skrine-a-rozvadzace/;0
/gumove-skrine-rubberbox-ip65/;/montazne-skrine-a-rozvadzace/;0
/rozvodnice-flatbox-ip65/;/montazne-skrine-a-rozvadzace/;0
/rozvodnice-neptun-ip65/;/montazne-skrine-a-rozvadzace/;0
/skrine-stone-ip55-ip66/;/montazne-skrine-a-rozvadzace/;0
/rozvodnice-tsm/;/montazne-skrine-a-rozvadzace/;0
/rozvodnice-elektro-plast/;/montazne-skrine-a-rozvadzace/;0
/rozvodnice-nuova-ip40--bytove/;/montazne-skrine-a-rozvadzace/;0
/skrine-acquacombi-ip65/;/montazne-skrine-a-rozvadzace/;0
/rozvodnice-acquaplus-ip65/;/montazne-skrine-a-rozvadzace/;0
/ostatne-skrine-a-rozvodnice/;/montazne-skrine-a-rozvadzace/;0
/kablove-spojky/;/instalacne-prislusenstvo/;0
/izolacne-pasky/;/instalacne-prislusenstvo/;0
/kablova-oka/;/instalacne-prislusenstvo/;0
/hmozdinky-a-skrutky/;/instalacne-prislusenstvo/;0
/stahovacie-pasky/;/instalacne-prislusenstvo/;0
/kablove-prichytky-a-drziaky/;/instalacne-prislusenstvo/;0
/rurky-a-chranicky/;/instalacne-prislusenstvo/;0
/organizery-kablov/;/instalacne-prislusenstvo/;0
/smrstovaci-buzirky-2/;/instalacne-prislusenstvo/;0
/ostatne-kablove-spojky/;/instalacne-prislusenstvo/;0
/kablove-gelove-spojky/;/instalacne-prislusenstvo/;0
/lepidla/;/chemia/;0
/chemia-pre-pajeni-2/;/chemia/;0
/ostatne-chemicke-pripravky/;/chemia/;0
/maziva/;/chemia/;0
/noznice-aku/;/elektricke-a-aku-naradie/;0
/nabijacky-k-aku-naradie/;/elektricke-a-aku-naradie/;0
/pistole-lepici-a-horucovzdusne/;/elektricke-a-aku-naradie/;0
/vrtacky--akusroubovaky/;/elektricke-a-aku-naradie/;0
/pily-2/;/elektricke-a-aku-naradie/;0
/baterie-k-aku-naradie/;/elektricke-a-aku-naradie/;0
/brusky-2/;/elektricke-a-aku-naradie/;0
/prislusenstvo-k-vrtackam/;/elektricke-a-aku-naradie/;0
/razove-utahovaky-2/;/elektricke-a-aku-naradie/;0
/vysokotlakove-umyvacky/;/zahradne-stroje/;0
/nahradne-diely-pre-krovinorezy/;/zahradne-stroje/;0
/struny-a-kotuce/;/zahradne-stroje/;0
/cerpadla-2/;/zahradne-stroje/;0
/prislusenstvo-9/;/zahradne-stroje/;0
/postrekovace-2/;/zahradne-stroje/;0
/pily/;/zahradne-stroje/;0
/krovinorezy/;/zahradne-stroje/;0
/zahradne-noznice-4/;/zahradne-stroje/;0
/vysavace-listie/;/zahradne-stroje/;0
/kempingove-stoly--stolicky--lezadla/;/turistika/;0
/celove-svietidla/;/turistika/;0
/impregnace/;/turistika/;0
/chladiace-tasky-a-boxy-2/;/turistika/;0
/stany/;/turistika/;0
/turisticke-vybavenie/;/turistika/;0
/cestovani-a-outdoor/;/turistika/;0
/karimatky--matrace--vankuse/;/turistika/;0
/hojdacie-siete/;/turistika/;0
/vysielacky-2/;/turistika/;0
/turisticke-a-outdoorove-vybavenie/;/turistika/;0
/redukcie--predlzovacie-kable-pre-pripojeni-privesu/;/garaz--dielna--servis/;0
/poistky-4/;/garaz--dielna--servis/;0
/smrstovaci-buzirky/;/garaz--dielna--servis/;0
/silove-kable-3/;/garaz--dielna--servis/;0
/kablova-oka-2/;/garaz--dielna--servis/;0
/izolacne-pasky-3/;/garaz--dielna--servis/;0
/odpojovace-baterii/;/garaz--dielna--servis/;0
/propojovace-baterii/;/garaz--dielna--servis/;0
/ocka--fastony--dutinky--spojky/;/akumulatory-a-baterie/;0
/prepojovacie-kable/;/akumulatory-a-baterie/;0
/boxy-a-obaly-na-akumulatory/;/akumulatory-a-baterie/;0
/kablove-spojky-2/;/akumulatory-a-baterie/;0
/kablove-dutinky/;/akumulatory-a-baterie/;0
/kablova-ocka/;/akumulatory-a-baterie/;0
/fastony/;/akumulatory-a-baterie/;0
/kablove-vidlicky/;/akumulatory-a-baterie/;0
/sady-konektoru/;/akumulatory-a-baterie/;0
/sady-fastonu/;/akumulatory-a-baterie/;0
/svorky/;/akumulatory-a-baterie/;0
/koliky/;/akumulatory-a-baterie/;0
/kablove-ocka--konektory-pre-akumulatory/;/akumulatory-a-baterie/;0
/sady-fastonov--konektorov/;/akumulatory-a-baterie/;0
/kablove-spojky--konektory/;/akumulatory-a-baterie/;0
/fastonove-konektory/;/akumulatory-a-baterie/;0
/dutinky-na-kabel/;/fotovoltaika/;0
/kablova-ocka-2/;/fotovoltaika/;0
/konektory-mc4/;/fotovoltaika/;0
/noze-a-noznice/;/mechanicke-naradie/;0
/skrutkovace--bity--imbusy/;/mechanicke-naradie/;0
/sady-naradie-2/;/mechanicke-naradie/;0
/kladiva--dlata--sekery/;/mechanicke-naradie/;0
/kluce-2/;/mechanicke-naradie/;0
/gola-sady-naradie/;/mechanicke-naradie/;0
/nytovani/;/mechanicke-naradie/;0
/klieste/;/mechanicke-naradie/;0
/stahovaky/;/mechanicke-naradie/;0
/naradie-pre-elektrikare/;/mechanicke-naradie/;0
/prislusenstvo-ku-gola-sadam/;/mechanicke-naradie/;0
/sesivani/;/mechanicke-naradie/;0
/vodo-topo/;/mechanicke-naradie/;0
/kefy-2/;/mechanicke-naradie/;0
/naradie-pre-zeny/;/mechanicke-naradie/;0
/sverky--zveraky/;/mechanicke-naradie/;0
/ulamovaci-a-zasouvaci-noze/;/mechanicke-naradie/;0
/ostatne-noze/;/mechanicke-naradie/;0
/nahradne-brity/;/mechanicke-naradie/;0
/rucne-spajkovacky--trafopajky/;/spajkovacie-technika/;0
/prislusenstvo-pre-spajkovacky/;/spajkovacie-technika/;0
/chemia-pre-pajeni/;/spajkovacie-technika/;0
/stolove-mikropajky/;/spajkovacie-technika/;0
/servisni-stanice/;/spajkovacie-technika/;0
/odsavacky-cinu/;/spajkovacie-technika/;0
/plynove-spajkovacky/;/spajkovacie-technika/;0
/lupy/;/spajkovacie-technika/;0
/zveraky/;/spajkovacie-technika/;0
/tavne-a-horucovzdusne-pistole-2/;/spajkovacie-technika/;0
/testery-autobaterii/;/startovacie-kable-2/;0
/nabijacky-a-startovacie-boxy/;/startovacie-kable-2/;0
/autobaterie-2/;/startovacie-kable-2/;0
/startovacie-kable/;/auto-moto/;0
/svorky-na-autobaterie/;/startovacie-kable-2/;0
/lapy-a-bloky/;/bojove-sporty/;0
/treninkova-lana/;/bojove-sporty/;0
/prislusenstvo-7/;/bojove-sporty/;0
/mma-rukavice/;/bojove-sporty/;0
/boxerske-rukavice/;/bojove-sporty/;0
/chranice/;/bojove-sporty/;0
/boxovaci-pytle-prazdne/;/bojove-sporty/;0
/chranice-holenie/;/bojove-sporty/;0
/boxovaci-pytle-plne/;/bojove-sporty/;0
/rukavice-na-karate/;/bojove-sporty/;0
/pytlovky/;/bojove-sporty/;0
/montazne-prvky/;/bojove-sporty/;0
/hrusky-a-speedbagy/;/bojove-sporty/;0
/zatezove-vesty/;/bojove-sporty/;0
/prislusenstvo-pre-tavne-pistole/;/elektricke-a-aku-naradie/;0
/horucovzdusne-pistole/;/elektricke-a-aku-naradie/;0
/lepici-pistole/;/elektricke-a-aku-naradie/;0
/potrubie/;/stavebne-a-maliarske-naradie/;0
/murarske-prace/;/stavebne-a-maliarske-naradie/;0
/nastroje/;/stavebne-a-maliarske-naradie/;0
/pokryvacske-prace/;/stavebne-a-maliarske-naradie/;0
/preprava/;/stavebne-a-maliarske-naradie/;0
/obkladacske-prace/;/stavebne-a-maliarske-naradie/;0
/malirstvi-a-nateracstvi/;/stavebne-a-maliarske-naradie/;0
/sadrokarton/;/stavebne-a-maliarske-naradie/;0
/stahovaky-4/;/stavebne-a-maliarske-naradie/;0
/truhlarske-prace/;/stavebne-a-maliarske-naradie/;0
/rudle-a-kolieska/;/stavebne-a-maliarske-naradie/;0
/sponkovacky-a-nastrelovacky/;/stavebne-a-maliarske-naradie/;0
/upinacie-prostriedky/;/stavebne-a-maliarske-naradie/;0
/tesnenie-do-okien-a-dveri/;/stavebne-a-maliarske-naradie/;0
/odhrotovani/;/stavebne-a-maliarske-naradie/;0
/tesneni/;/stavebne-a-maliarske-naradie/;0
/rezaky/;/stavebne-a-maliarske-naradie/;0
/spajky-na-rurky/;/stavebne-a-maliarske-naradie/;0
/kefy-3/;/stavebne-a-maliarske-naradie/;0
/sady-skrutkovacov/;/mechanicke-naradie/;0
/skrutkovace-pre-jemnou-mechaniku/;/mechanicke-naradie/;0
/skrutkovace-krizove/;/mechanicke-naradie/;0
/l-klice/;/mechanicke-naradie/;0
/skrutkovace-uderove/;/mechanicke-naradie/;0
/skrutkovace-elektrikarske/;/mechanicke-naradie/;0
/vrtaky/;/naradie-pre-brusenie--vrtanie--rezanie-a-pilovanie/;0
/rotacne-kefy/;/naradie-pre-brusenie--vrtanie--rezanie-a-pilovanie/;0
/ostatne-3/;/naradie-pre-brusenie--vrtanie--rezanie-a-pilovanie/;0
/kotuce-rezacie--pilove--brusne/;/naradie-pre-brusenie--vrtanie--rezanie-a-pilovanie/;0
/dratene-kefy/;/naradie-pre-brusenie--vrtanie--rezanie-a-pilovanie/;0
/pilniky/;/naradie-pre-brusenie--vrtanie--rezanie-a-pilovanie/;0
/brusivo/;/naradie-pre-brusenie--vrtanie--rezanie-a-pilovanie/;0
/pily-3/;/naradie-pre-brusenie--vrtanie--rezanie-a-pilovanie/;0
/zavitniky--prislusenstvo/;/naradie-pre-brusenie--vrtanie--rezanie-a-pilovanie/;0
/noznice/;/naradie-pre-brusenie--vrtanie--rezanie-a-pilovanie/;0
/vrtaky-do-dreva/;/naradie-pre-brusenie--vrtanie--rezanie-a-pilovanie/;0
/vrtacie-korunky/;/naradie-pre-brusenie--vrtanie--rezanie-a-pilovanie/;0
/sady-vrtaku/;/naradie-pre-brusenie--vrtanie--rezanie-a-pilovanie/;0
/vrtaky-na-kov/;/naradie-pre-brusenie--vrtanie--rezanie-a-pilovanie/;0
/vrtaky-do-skla/;/naradie-pre-brusenie--vrtanie--rezanie-a-pilovanie/;0
/vrtaky-do-betonu/;/naradie-pre-brusenie--vrtanie--rezanie-a-pilovanie/;0
/vykruzovaci-vrtaky/;/naradie-pre-brusenie--vrtanie--rezanie-a-pilovanie/;0
/kladiva/;/mechanicke-naradie/;0
/palicky/;/mechanicke-naradie/;0
/sekace-sds/;/mechanicke-naradie/;0
/dlata/;/mechanicke-naradie/;0
/vysecniky/;/mechanicke-naradie/;0
/pistole-na-kartuse/;/stavebne-a-maliarske-naradie/;0
/spachtle--stierky/;/stavebne-a-maliarske-naradie/;0
/hladidla-a-stierky/;/stavebne-a-maliarske-naradie/;0
/vedra/;/stavebne-a-maliarske-naradie/;0
/pistole-na-mont--penu/;/stavebne-a-maliarske-naradie/;0
/lepici-pasky/;/stavebne-a-maliarske-naradie/;0
/lana-a-murarske-kridy/;/stavebne-a-maliarske-naradie/;0
/dlata--sekace/;/stavebne-a-maliarske-naradie/;0
/pacidla/;/stavebne-a-maliarske-naradie/;0
/exterier/;/autokozmetika--chemia/;0
/interier-2/;/autokozmetika--chemia/;0
/rozmrazovace/;/autokozmetika--chemia/;0
/oleje--maziva/;/autokozmetika--chemia/;0
/renovace/;/autokozmetika--chemia/;0
/nanotechnologie/;/autokozmetika--chemia/;0
/umyvacie-a-cistiace-pomocky/;/autokozmetika--chemia/;0
/aditiva/;/autokozmetika--chemia/;0
/krystalicka-hnojiva/;/zahradne-doplnky/;0
/tekute-hnojiva/;/zahradne-doplnky/;0
/organomineralni-hnojiva/;/zahradne-doplnky/;0
/granulovana-hnojiva-na-zahradu/;/zahradne-doplnky/;0
/organicka-hnojiva/;/zahradne-doplnky/;0
/ochrany-sedadel/;/vybavenie-auta/;0
/vyhrivane-autopotahy/;/vybavenie-auta/;0
/univerzalne-autopotahy-dve-sedadla/;/vybavenie-auta/;0
/operky-hlavy/;/vybavenie-auta/;0
/univerzalne-autopotahy-dodavky/;/vybavenie-auta/;0
/univerzalne-autopotahy/;/vybavenie-auta/;0
/pokrievky-na-kolesa/;/kolesa/;0
/snehove-retaze/;/kolesa/;0
/oprava-pneumatik/;/kolesa/;0
/merice-tlaku/;/kolesa/;0
/kolove-skrutky-a-matice/;/kolesa/;0
/obaly-na-pneumatiky/;/kolesa/;0
/ockoploche-kluce/;/mechanicke-naradie/;0
/hex--imbus--torx/;/mechanicke-naradie/;0
/momentove-kluce/;/mechanicke-naradie/;0
/ploche-kluce/;/mechanicke-naradie/;0
/ockove-kluce/;/mechanicke-naradie/;0
/nadstavce/;/mechanicke-naradie/;0
/nastavitelne-kluce/;/mechanicke-naradie/;0
/rurkove-kluce/;/mechanicke-naradie/;0
/crafter/;/vybavenie-auta/;0
/amarok/;/vybavenie-auta/;0
/polo/;/vybavenie-auta/;0
/transporter/;/vybavenie-auta/;0
/x1--x3--x4--x5--x6/;/vybavenie-auta/;0
/sprinter/;/vybavenie-auta/;0
/trida-g/;/vybavenie-auta/;0
/trida-c/;/vybavenie-auta/;0
/trida-a/;/vybavenie-auta/;0
/audi-q3/;/vybavenie-auta/;0
/audi-q8/;/vybavenie-auta/;0
/audi-q2/;/vybavenie-auta/;0
/cherokee/;/vybavenie-auta/;0
/liberty/;/vybavenie-auta/;0
/vzduchovody/;/ventilacne-technika/;0
/domove-ventilatory/;/ventilacne-technika/;0
/prislusenstvo-k-ventilatorum/;/ventilacne-technika/;0
/pre-rackove-skrine/;/ventilacne-technika/;0
/pokojove-rekuperacni-jednotky/;/ventilacne-technika/;0
/revizne-dvierka-2/;/ventilacne-technika/;0
/gravitacni-zaluzie-a-klapky/;/ventilacne-technika/;0
/priemyselne-ventilatory/;/ventilacne-technika/;0
/mrizky/;/ventilacne-technika/;0
/talirove-ventily-a-difuzery/;/ventilacne-technika/;0
/osousece-rukou/;/ventilacne-technika/;0
/krbove-ventilatory/;/ventilacne-technika/;0
/flexipotrubi-kruhove/;/ventilacne-technika/;0
/pevne-kruhove-potrubie-pvc/;/ventilacne-technika/;0
/pevne-ploche-potrubie-pvc/;/ventilacne-technika/;0
/kovove-potrubie/;/ventilacne-technika/;0
/ohebne-potrubie-alu/;/ventilacne-technika/;0
/prislusenstvo-pre-vzduchovody/;/ventilacne-technika/;0
/flexipotrubi-ploche/;/ventilacne-technika/;0
/ohebne-potrubie-polyvent/;/ventilacne-technika/;0
/prislusenstvo-pre-pevne-kruhove-potrubie-pvc/;/ventilacne-technika/;0
/odpudzovace-a-lapace-hmyzu-2/;/odpudzovace-a-lapace-hmyzu/;0
/odpudzovace-kun-a-hlodavcu/;/odpudzovace-a-lapace-hmyzu/;0
/odpudzovace-ptaku/;/odpudzovace-a-lapace-hmyzu/;0
/odpudzovace-a-lapace-slimaku/;/odpudzovace-a-lapace-hmyzu/;0
/odpudzovace-psu--maciek-a-zvere/;/odpudzovace-a-lapace-hmyzu/;0
/prislusenstvo-pre-pevne-ploche-potrubie-pvc/;/ventilacne-technika/;0
/hevaky-a-zdvihaky/;/garaz--dielna--servis/;0
/podstavce/;/garaz--dielna--servis/;0
/stahovaky-3/;/garaz--dielna--servis/;0
/ostatne-8/;/garaz--dielna--servis/;0
/prislusenstvo-k-heverum/;/garaz--dielna--servis/;0
/nahradne-diely-k-heverum/;/garaz--dielna--servis/;0
/ventilatory-podla-typove-rady-vents/;/ventilacne-technika/;0
/ventilatory-do-koupelny-wc-s-dobehem--casovac-/;/ventilacne-technika/;0
/ventilatory-podla-typove-rady-dospel/;/ventilacne-technika/;0
/ventilatory-do-koupelny-wc-zakladni/;/ventilacne-technika/;0
/ventilatory-do-koupelny-wc-do-potrubie/;/ventilacne-technika/;0
/ventilatory-typ-vko/;/ventilacne-technika/;0
/ventilatory-typ-ma/;/ventilacne-technika/;0
/ventilatory-typ-m/;/ventilacne-technika/;0
/ventilatory-typ-s/;/ventilacne-technika/;0
/ventilatory-typ-vko1/;/ventilacne-technika/;0
/ventilatory-typ-ld/;/ventilacne-technika/;0
/ventilatory-typ-quiet/;/ventilacne-technika/;0
/ventilatory-typ-pf/;/ventilacne-technika/;0
/ventilatory-typ-quietline/;/ventilacne-technika/;0
/ventilatory-typ-cf/;/ventilacne-technika/;0
/ventilatory-typ-vkok/;/ventilacne-technika/;0
/ventilatory-typ-vn/;/ventilacne-technika/;0
/ventilatory-typ-vvr/;/ventilacne-technika/;0
/ventilatory-typ-mao1/;/ventilacne-technika/;0
/organizery/;/dielenske-vybavenie/;0
/magneticke-poradace-a-listy/;/dielenske-vybavenie/;0
/pasky-a-odvijece/;/drobne-naradie-a-prislusenstvo/;0
/stahovacie-pasky-a-spony/;/drobne-naradie-a-prislusenstvo/;0
/zamky/;/drobne-naradie-a-prislusenstvo/;0
/podlozky-a-kruzky/;/drobne-naradie-a-prislusenstvo/;0
/razidla/;/drobne-naradie-a-prislusenstvo/;0
/olej/;/garaz--dielna--servis/;0
/testery/;/garaz--dielna--servis/;0
/aretace/;/garaz--dielna--servis/;0
/kluce-a-pripravky/;/garaz--dielna--servis/;0
/pripravky/;/garaz--dielna--servis/;0
/misky--nadoby-a-lieviky/;/garaz--dielna--servis/;0
/olejove-vany/;/garaz--dielna--servis/;0
/olejnicky-a-maznice/;/garaz--dielna--servis/;0
/solarne-regulatory-mppt/;/fotovoltaika/;0
/solarne-regulatory-pwm/;/fotovoltaika/;0
/solarne-regulatory-pre-ohrev-vody/;/fotovoltaika/;0
/prislusenstvo-k-pneu-naradie/;/pneumaticke-naradie/;0
/razove-utahovaky/;/pneumaticke-naradie/;0
/pistole/;/pneumaticke-naradie/;0
/rychlospojky/;/pneumaticke-naradie/;0
/hadice/;/pneumaticke-naradie/;0
/plysaky-ostatne/;/hracky/;0
/spinacie-hodiny/;/elektromery-a-spinacie-technika/;0
/schodistove-automaty/;/elektromery-a-spinacie-technika/;0
/casove-spinace/;/elektromery-a-spinacie-technika/;0
/impulzni-spinace/;/elektromery-a-spinacie-technika/;0
/elektromery-na-din-listu/;/elektromery-a-spinacie-technika/;0
/pohybova-cidla/;/elektromery-a-spinacie-technika/;0
/laserove-senzory-pohybu-2/;/elektromery-a-spinacie-technika/;0
/termostaty/;/elektromery-a-spinacie-technika/;0
/zasuvkove-elektromery/;/elektromery-a-spinacie-technika/;0
/smart-elektromery/;/elektromery-a-spinacie-technika/;0
/soumrakove-spinace/;/elektromery-a-spinacie-technika/;0
/pocitadla-provoznich-hodin/;/elektromery-a-spinacie-technika/;0
/hladinve-spinace/;/elektromery-a-spinacie-technika/;0
/casove-spinace-na-din/;/elektromery-a-spinacie-technika/;0
/analogove-spinacie-hodiny/;/elektromery-a-spinacie-technika/;0
/digitalne-spinacie-hodiny/;/elektromery-a-spinacie-technika/;0
/na-din-listu/;/predlzovacky--zasuvky--vidlica/;0
/do-zasuvky/;/predlzovacky--zasuvky--vidlica/;0
/dalkove-ovladane/;/predlzovacky--zasuvky--vidlica/;0
/smart-zasuvky/;/predlzovacky--zasuvky--vidlica/;0
/kablove-gelove-spojky-paguro-ip68/;/instalacne-prislusenstvo/;0
/jednoslozkove-vyplnovaci-gely/;/instalacne-prislusenstvo/;0
/kablove-gelove-spojky-shark/;/instalacne-prislusenstvo/;0
/protahovaci-gely-na-kable/;/instalacne-prislusenstvo/;0
/dvouslozkove-zalevaci-gely/;/instalacne-prislusenstvo/;0
/kablove-gelove-spojky-evo-ip68/;/instalacne-prislusenstvo/;0
/kablove-gelove-spojky-ledjoy-ip68/;/instalacne-prislusenstvo/;0
/kablove-spojky-shark-ip68/;/instalacne-prislusenstvo/;0
/ochranne-gelove-krabicky/;/instalacne-prislusenstvo/;0
/prislusenstvo-pre-kablove-gelove-spojky/;/instalacne-prislusenstvo/;0
/casova--dobehova-rele/;/ventilacne-technika/;0
/zpetne-klapky--filtracne-boxy/;/ventilacne-technika/;0
/regulatory-otacek--termostaty/;/ventilacne-technika/;0
/1-fazove-elektromery/;/elektromery-a-spinacie-technika/;0
/3-fazove-elektromery/;/elektromery-a-spinacie-technika/;0
/nity/;/mechanicke-naradie/;0
/nitovacie-matice/;/mechanicke-naradie/;0
/nitovacie-klieste/;/mechanicke-naradie/;0
/spajky--horaky/;/stavebne-a-maliarske-naradie/;0
/sprchove-hadice/;/sanitarna-technika/;0
/sprchove-hlavice/;/sanitarna-technika/;0
/davkovace-mydla/;/sanitarna-technika/;0
/baterie/;/sanitarna-technika/;0
/ostatne-11/;/sanitarna-technika/;0
/palivova-a-olejova-cerpadla/;/zahradne-stroje/;0
/klieste-montazne/;/mechanicke-naradie/;0
/klieste-odizolovacie/;/mechanicke-naradie/;0
/klieste-ploche/;/mechanicke-naradie/;0
/klieste-specialne/;/mechanicke-naradie/;0
/klieste-lisovaci/;/mechanicke-naradie/;0
/klieste-konektorove/;/mechanicke-naradie/;0
/klieste-stiepacie/;/mechanicke-naradie/;0
/klieste-kombinovane/;/mechanicke-naradie/;0
/klieste-seeger/;/mechanicke-naradie/;0
/klieste-siko/;/mechanicke-naradie/;0
/noznice-na-plech-2/;/mechanicke-naradie/;0
/prenosne-a-skladaci/;/fotovoltaika/;0
/monokrystalicke-s-ramem/;/fotovoltaika/;0
/flexibilni-solarne-panely/;/fotovoltaika/;0
/raketove-sporty/;/sportovni-vybavenie/;0
/paddleboardy/;/sportovni-vybavenie/;0
/ostatne-sporty/;/sportovni-vybavenie/;0
/sportovni-okuliare/;/sportovni-vybavenie/;0
/vodne-sporty--hracky-do-vody/;/sportovni-vybavenie/;0
/kolobezky/;/sportovni-vybavenie/;0
/hoverboardy/;/sportovni-vybavenie/;0
/bazeny-a-virivky/;/sportovni-vybavenie/;0
/odrazedla/;/sportovni-vybavenie/;0
/odrazadla/;/sportovni-vybavenie/;0
/badminton/;/sportovni-vybavenie/;0
/stolove-tenis/;/sportovni-vybavenie/;0
/cinky-jednorucni/;/posilnovanie-a-fitness/;0
/cinky-nastavitelne/;/posilnovanie-a-fitness/;0
/kettlebell/;/posilnovanie-a-fitness/;0
/cinky-obourucni--osy/;/posilnovanie-a-fitness/;0
/zavazia/;/posilnovanie-a-fitness/;0
/tvar-konektoru--jazycek-kolik/;/rozvadzacove-prvky/;0
/tvar-konektoru--vidlicka/;/rozvadzacove-prvky/;0
/budiky/;/potreby-pre-domacnost/;0
/hodiny/;/potreby-pre-domacnost/;0
/casovace--minutky/;/potreby-pre-domacnost/;0
/plastove-stahovacie-pasky/;/instalacne-prislusenstvo/;0
/kovove-stahovacie-pasky/;/instalacne-prislusenstvo/;0
/kufre-na-naradie/;/dielenske-vybavenie/;0
/kapsare-na-naradie/;/dielenske-vybavenie/;0
/organizery-na-naradie/;/dielenske-vybavenie/;0
/2-0-mpix--2-4-mpix/;/kamerove-systemy/;0
/5-0-mpix-2/;/kamerove-systemy/;0
/4-0-mpix-2/;/kamerove-systemy/;0
/8-0-mpix-4k-2/;/kamerove-systemy/;0
/12v-2/;/elektronicke-suciastky/;0
/24v-2/;/elektronicke-suciastky/;0
/ruzne/;/vybavenie-auta/;0
/vone-mr-mrs-cesare/;/vybavenie-auta/;0
/vone-car-city/;/vybavenie-auta/;0
/vone-fresh-bag/;/vybavenie-auta/;0
/vone-fresh-point/;/vybavenie-auta/;0
/vone-speed/;/vybavenie-auta/;0
/vone-aroma-car/;/vybavenie-auta/;0
/vone-intenso/;/vybavenie-auta/;0
/vone-city/;/vybavenie-auta/;0
/vone-lucky-top/;/vybavenie-auta/;0
/8-kanalu/;/kamerove-systemy/;0
/64-kanalu/;/kamerove-systemy/;0
/4-kanaly-2/;/kamerove-systemy/;0
/16-kanalu/;/kamerove-systemy/;0
/32-kanalu/;/kamerove-systemy/;0
/digitalne-fotoaparaty/;/cestovanie-sport-a-outdoor/;0
/prislusenstvo-16/;/cestovanie-sport-a-outdoor/;0
/lcd-displej-pc-monitor/;/cestovanie-sport-a-outdoor/;0
/monokularni-2/;/cestovanie-sport-a-outdoor/;0
/alfa-romeo/;/garaz--dielna--servis/;0
/bmw/;/garaz--dielna--servis/;0
/volkswagen/;/garaz--dielna--servis/;0
/opel/;/garaz--dielna--servis/;0
/fiat/;/garaz--dielna--servis/;0
/audi/;/garaz--dielna--servis/;0
/ford/;/garaz--dielna--servis/;0
/chevrolet/;/garaz--dielna--servis/;0
/skoda/;/garaz--dielna--servis/;0
/seat/;/garaz--dielna--servis/;0
/chrysler/;/garaz--dielna--servis/;0
/citroen/;/garaz--dielna--servis/;0
/lancia/;/garaz--dielna--servis/;0
/volvo/;/garaz--dielna--servis/;0
/nissan/;/garaz--dielna--servis/;0
/land-rover/;/garaz--dielna--servis/;0
/renault/;/garaz--dielna--servis/;0
/masazne-nastroje/;/zdravotni-potreby/;0
/rehabilitacni-rotopedy/;/zdravotni-potreby/;0
/zatezove-deky/;/zdravotni-potreby/;0
/detske-opatrovatelky--chuvicky-2/;/zdravotni-potreby/;0
/kablove-prichytky/;/instalacne-prislusenstvo/;0
/sberne-kablove-drziaky/;/instalacne-prislusenstvo/;0
/paskove-hmozdinky/;/instalacne-prislusenstvo/;0
/wago-svorky/;/vypinace--zasuvky--krabice/;0
/zostavy-pre-solarne-ohrev-vody/;/fotovoltaika/;0
/zostavy-pre-ostrovni-systemy--off-grid-/;/fotovoltaika/;0
/prislusenstvo-pre-ohebne-potrubie-alu/;/ventilacne-technika/;0
/adaptery-usb/;/napajacie-zdroje-2/;0
/priemyselne-zdroje-2/;/napajacie-zdroje-2/;0
/adaptery-pulzni/;/napajacie-zdroje-2/;0
/zdroje-pre-led-pasky/;/napajacie-zdroje-2/;0
/adaptery-pre-notebooky/;/napajacie-zdroje-2/;0
/nabijacky-notebookov/;/napajacie-zdroje-2/;0
/usb-adaptery/;/napajacie-zdroje-2/;0
/sietove-adaptery/;/napajacie-zdroje-2/;0
/nabijacky-baterii-2/;/napajacie-zdroje-2/;0
/pre-mobily-a-tablety/;/napajacie-zdroje-2/;0
/powerbanky-5/;/napajacie-zdroje-2/;0
/adaptery-cestovne/;/napajacie-zdroje-2/;0
/autopojistky/;/elektronicke-suciastky/;0
/poistky-5x20mm-rychle--f/;/elektronicke-suciastky/;0
/poistky-5x20mm-pomale--t/;/elektronicke-suciastky/;0
/poistky-6x30mm/;/elektronicke-suciastky/;0
/pojistkova-puzdra-a-drziaky/;/elektronicke-suciastky/;0
/plastova-revizne-dvierka/;/montazne-skrine-a-rozvadzace/;0
/kovova-revizne-dvierka/;/montazne-skrine-a-rozvadzace/;0
/plastova-revizne-dvierka-2/;/ventilacne-technika/;0
/kovova-revizne-dvierka-2/;/ventilacne-technika/;0
/stoupaci-svorky--stupackove--kryte/;/rozvadzacove-prvky/;0
/stoupaci-svorky--stupackove--nekryte/;/rozvadzacove-prvky/;0
/chranicky--husi-krk/;/instalacne-prislusenstvo/;0
/plastove-rurky/;/instalacne-prislusenstvo/;0
/sady/;/hracky/;0
/digitalne-piana/;/cestovanie-sport-a-outdoor/;0
/krabice-na-povrch/;/vypinace--zasuvky--krabice/;0
/krabice-zapustene--pod-omitku/;/vypinace--zasuvky--krabice/;0
/krabice-do-sdk--sadrokartonu/;/vypinace--zasuvky--krabice/;0
/krabice-do-zateplenych-fasad/;/vypinace--zasuvky--krabice/;0
/prilozne/;/elektromery-a-spinacie-technika/;0
/zasuvkove/;/elektromery-a-spinacie-technika/;0
/dratove/;/elektromery-a-spinacie-technika/;0
/termostaticke-hlavice/;/elektromery-a-spinacie-technika/;0
/bezdratove/;/elektromery-a-spinacie-technika/;0
/trezory/;/kancelaria-a-skola/;0
/skolske-potreby/;/kancelaria-a-skola/;0
/pokladny/;/kancelaria-a-skola/;0
/skartovace/;/kancelaria-a-skola/;0
/obalovy-material/;/kancelaria-a-skola/;0
/tlaciarne-stitkov/;/kancelaria-a-skola/;0
/fototlaciarne-2/;/kancelaria-a-skola/;0
/prislusenstvo-k-podstavcum/;/garaz--dielna--servis/;0
/pakove-noznice/;/zahradne-naradie-2/;0
/zahradne-noznice-3/;/zahradne-naradie-2/;0
/svorky-pre-prumyslova-svietidla/;/komponenty-pre-svietidla/;0
/svitidlove-spinace--kolebkove/;/komponenty-pre-svietidla/;0
/objimky/;/komponenty-pre-svietidla/;0
/tlumivky--predradniky--zapalovace/;/komponenty-pre-svietidla/;0
/led-svetelne-zdroje/;/komponenty-pre-svietidla/;0
/svorky-slk-3/;/komponenty-pre-svietidla/;0
/svorky-slk-5/;/komponenty-pre-svietidla/;0
/3-polove-svorky-slk-3-3/;/komponenty-pre-svietidla/;0
/2-polove-svorky-slk-3-2/;/komponenty-pre-svietidla/;0
/4-polove-svorky-slk-3-4/;/komponenty-pre-svietidla/;0
/5-polove-svorky-slk-3-5/;/komponenty-pre-svietidla/;0
/spinace-snurove-pruchozi/;/komponenty-pre-svietidla/;0
/spinace-snurove-s-flexi-kabelem/;/komponenty-pre-svietidla/;0
/spinace-snurove-nozni/;/komponenty-pre-svietidla/;0
/prislusenstvo-k-objimkam/;/komponenty-pre-svietidla/;0
/plastove-objimky-e14/;/komponenty-pre-svietidla/;0
/duster/;/vybavenie-auta/;0
/symbol/;/vybavenie-auta/;0
/pathfinder/;/vybavenie-auta/;0
/dokker/;/vybavenie-auta/;0
/zafira/;/vybavenie-auta/;0
/bile-svetlo/;/led-osvetlenie/;0
/prenosne/;/led-osvetlenie/;0
/reflektory-so-senzorom/;/led-osvetlenie/;0
/reflektory-so-stojanom/;/led-osvetlenie/;0
/reflektory-bez-senzora/;/led-osvetlenie/;0
/autonabijacky/;/karavany-a-obytne-auta/;0
/pre-prumer-potrubie-100-mm/;/ventilacne-technika/;0
/pre-prumer-potrubie-150-mm/;/ventilacne-technika/;0
/pre-prumer-potrubie-125-mm-3/;/ventilacne-technika/;0
/3-fazove-elektromery-2/;/fotovoltaika/;0
/1-fazove-elektromery-2/;/fotovoltaika/;0
/bezecke-pasy/;/posilnovanie-a-fitness/;0
/rotopedy/;/posilnovanie-a-fitness/;0
/spinningova-kolesa/;/posilnovanie-a-fitness/;0
/veslarske-trenazery/;/posilnovanie-a-fitness/;0
/4-kanaly/;/kamerove-systemy/;0
/8-kanalu-2/;/kamerove-systemy/;0
/16-kanalu-2/;/kamerove-systemy/;0
/kotuce-lamelove-na-stopce/;/naradie-pre-brusenie--vrtanie--rezanie-a-pilovanie/;0
/kotuce-brusne-diamantove/;/naradie-pre-brusenie--vrtanie--rezanie-a-pilovanie/;0
/kotuce-brusne/;/naradie-pre-brusenie--vrtanie--rezanie-a-pilovanie/;0
/kotuce-rezacie-na-kov/;/naradie-pre-brusenie--vrtanie--rezanie-a-pilovanie/;0
/kotuce-lamelove/;/naradie-pre-brusenie--vrtanie--rezanie-a-pilovanie/;0
/kotuce-rezacie-diamantove/;/naradie-pre-brusenie--vrtanie--rezanie-a-pilovanie/;0
/santa-fe/;/vybavenie-auta/;0
/sonata/;/vybavenie-auta/;0
/boxer/;/vybavenie-auta/;0
/408/;/vybavenie-auta/;0
/madla-na-sklo/;/stavebne-a-maliarske-naradie/;0
/prislusenstvo-11/;/auto-moto/;0
/pricne-nosniky/;/auto-moto/;0
/nosice-na-tazne-zariadenie/;/auto-moto/;0
/stresni-nosice/;/auto-moto/;0
/zvieratka/;/hracky/;0
/ostatne-doplnky-do-domacnosti/;/potreby-pre-domacnost/;0
/susiaky-na-bielizen-2/;/potreby-pre-domacnost/;0
/kose-na-trideny-odpad/;/potreby-pre-domacnost/;0
/kose-na-bielizen/;/potreby-pre-domacnost/;0
/listy--retaze--pilniky/;/zahradne-stroje/;0
/listy/;/zahradne-stroje/;0
/pily-retazove/;/elektricke-a-aku-naradie/;0
/pily-priamociare/;/elektricke-a-aku-naradie/;0
/sub-c/;/akumulatory-a-baterie/;0
/aa-ceruzkove-2/;/akumulatory-a-baterie/;0
/aaa-mikrotuzkove-2/;/akumulatory-a-baterie/;0
/napajacie-zdroje-12v/;/led-osvetlenie/;0
/led-pasiky/;/led-osvetlenie/;0
/prislusenstvo-37/;/led-osvetlenie/;0
/ostatne-kuchynske-pomocky/;/potreby-pre-domacnost/;0
/luskacky/;/potreby-pre-domacnost/;0
/teplomery-2/;/potreby-pre-domacnost/;0
/varesky-a-obracacky/;/potreby-pre-domacnost/;0
/detska-ihrisko-a-doplnky/;/hracky/;0
/sport-2/;/hracky/;0
/pocitadla-provoznich-hodin-do-panelu/;/elektromery-a-spinacie-technika/;0
/pocitadla-provoznich-hodin-na-din-listu/;/elektromery-a-spinacie-technika/;0
/gravitacni-zaluzie-bez-nadstavce--na-omitku/;/ventilacne-technika/;0
/gravitacni-klapky-s-kruhovym-nastavcem/;/ventilacne-technika/;0
/gravitacni-zaluzie-s-nastavcem--na-omitku/;/ventilacne-technika/;0
/kovova-gravitacni-zaluzie-s-nastavcem-z-hliniku/;/ventilacne-technika/;0
/gravitacni-klapky-bez-kruhoveho-nadstavce/;/ventilacne-technika/;0
/ventilatory-typ-polo/;/ventilacne-technika/;0
/ventilatory-typ-styl/;/ventilacne-technika/;0
/ventilatory-typ-euro/;/ventilacne-technika/;0
/ventilatory-typ-rico/;/ventilacne-technika/;0
/pre-prumer-potrubie-100-mm-2/;/ventilacne-technika/;0
/pre-prumer-potrubie-150-mm-3/;/ventilacne-technika/;0
/pre-prumer-potrubie-125-mm-2/;/ventilacne-technika/;0
/pre-prumer-potrubie-150-mm-2/;/ventilacne-technika/;0
/pre-prumer-potrubie-125-mm/;/ventilacne-technika/;0
/pre-prumer-potrubie-100-mm-3/;/ventilacne-technika/;0
/ventilatory-podla-typove-rady-dospel-2/;/ventilacne-technika/;0
/ventilatory-podla-typove-rady-vents-2/;/ventilacne-technika/;0
/ventilatory-typ-turbo/;/ventilacne-technika/;0
/malovani-a-kresleni/;/kancelaria-a-skola/;0
/skolske-batohy--aktovky/;/kancelaria-a-skola/;0
/peracniky/;/kancelaria-a-skola/;0
/vytvarne-potreby/;/hracky/;0
/malovani--barvy--sablony/;/hracky/;0
/detska-razitka/;/hracky/;0
/kreativni-sady/;/hracky/;0
/vrtaky-2/;/stavebne-a-maliarske-naradie/;0
/sparovani/;/stavebne-a-maliarske-naradie/;0
/krize-a-klinky/;/stavebne-a-maliarske-naradie/;0
/pomocky/;/stavebne-a-maliarske-naradie/;0
/kefy/;/stavebne-a-maliarske-naradie/;0
/valceky/;/stavebne-a-maliarske-naradie/;0
/ochranne-folie/;/stavebne-a-maliarske-naradie/;0
/skrabky/;/stavebne-a-maliarske-naradie/;0
/vedra-2/;/stavebne-a-maliarske-naradie/;0
/stetky/;/stavebne-a-maliarske-naradie/;0
/nastrcne-hlavice/;/mechanicke-naradie/;0
/adaptery-a-prislusenstvo/;/mechanicke-naradie/;0
/razove-hlavice/;/mechanicke-naradie/;0
/sady-bitu/;/mechanicke-naradie/;0
/1-4--nadstavce/;/mechanicke-naradie/;0
/1-2--nadstavce/;/mechanicke-naradie/;0
/3-8--bity/;/mechanicke-naradie/;0
/mrizka-kruhova-s-nastavcem/;/ventilacne-technika/;0
/plastove-mrizky-do-dveri/;/ventilacne-technika/;0
/kovove-mrizky/;/ventilacne-technika/;0
/mrizka-sa-sitkou-s-nastavcem/;/ventilacne-technika/;0
/mrizka-sa-sitkou-s-nastavcem-a-s-regulaci/;/ventilacne-technika/;0
/mrizka-sa-sitkou-bez-nadstavce/;/ventilacne-technika/;0
/mrizka-sa-sitkou-bez-nadstavce-s-regulaci/;/ventilacne-technika/;0
/mrizka-kruhova-s-regulovatelnym-nastavcem/;/ventilacne-technika/;0
/plastove-talirove-difuzery/;/ventilacne-technika/;0
/plastove-talirove-ventily/;/ventilacne-technika/;0
/kovove-talirove-ventily/;/ventilacne-technika/;0
/stolove-ventilatory/;/vzduchotechnika/;0
/navijaky/;/garaz--dielna--servis/;0
/zdvihaky-a-hevaky/;/garaz--dielna--servis/;0
/anteny-pre-dvb-t2-prijem/;/karavany-a-obytne-auta/;0
/magneticke-predradniky-tlumivky/;/komponenty-pre-svietidla/;0
/rucne-vysavace/;/domace-spotrebice/;0
/tycove-vysavace-2/;/domace-spotrebice/;0
/roboticke-vysavace-2/;/domace-spotrebice/;0
/podlahove-vysavace-2/;/domace-spotrebice/;0
/ventilatory-typ-ov/;/ventilacne-technika/;0
/ventilatory-typ-ovk/;/ventilacne-technika/;0
/ventilatory-typ-tt-pre/;/ventilacne-technika/;0
/ventilatory-typ-tt/;/ventilacne-technika/;0
/ventilatory-typ-ovk1/;/ventilacne-technika/;0
/ventilatory-typ-vkomz/;/ventilacne-technika/;0
/ventilatory-typ-vk-ec/;/ventilacne-technika/;0
/ventilatory-typ-vcn/;/ventilacne-technika/;0
/ventilatory-typ-vkmz/;/ventilacne-technika/;0
/ventilatory-typ-vk/;/ventilacne-technika/;0
/ventilatory-typ-ov1/;/ventilacne-technika/;0
/optima/;/vybavenie-auta/;0
/cerato/;/vybavenie-auta/;0
/hracie-funkcni-nabytok/;/hracky/;0
/detsky-hraci-nabytok-pre-skolky/;/hracky/;0
/klieste-stiepacie-bocni/;/mechanicke-naradie/;0
/klieste-stiepacie-celne/;/mechanicke-naradie/;0
/horaky/;/mechanicke-naradie/;0
/rezacky/;/mechanicke-naradie/;0
/foukaci-pistole/;/pneumaticke-naradie/;0
/kulmy-a-susice-vlasu/;/potreby-pre-domacnost/;0
/skolske-aktovky/;/kancelaria-a-skola/;0
/oprava-karoserie/;/garaz--dielna--servis/;0
/hobliky/;/stavebne-a-maliarske-naradie/;0
/analogove/;/kamerove-systemy/;0
/ip-videotelefony/;/kamerove-systemy/;0
/sklicidla/;/elektricke-a-aku-naradie/;0
/prislusenstvo-17/;/naradie-pre-brusenie--vrtanie--rezanie-a-pilovanie/;0
/brusne-papiere/;/naradie-pre-brusenie--vrtanie--rezanie-a-pilovanie/;0
/brusne-kotuce/;/naradie-pre-brusenie--vrtanie--rezanie-a-pilovanie/;0
/brusne-vyseky-delta/;/naradie-pre-brusenie--vrtanie--rezanie-a-pilovanie/;0
/ventilatory-kam/;/ventilacne-technika/;0
/sverky/;/stavebne-a-maliarske-naradie/;0
/pilove-kotuce-na-drevo/;/naradie-pre-brusenie--vrtanie--rezanie-a-pilovanie/;0
/pily-na-drevo/;/naradie-pre-brusenie--vrtanie--rezanie-a-pilovanie/;0
/pily-na-kov/;/naradie-pre-brusenie--vrtanie--rezanie-a-pilovanie/;0
/puzzle-klasicke-drevene/;/hracky/;0
/na-party/;/potreby-pre-domacnost/;0
/do-bytu/;/potreby-pre-domacnost/;0
/halloween/;/potreby-pre-domacnost/;0
/jumper/;/vybavenie-auta/;0
/autotricka-bavlna/;/vybavenie-auta/;0
/explorer/;/vybavenie-auta/;0
/autopotahy-practical-dodavka/;/vybavenie-auta/;0
/spony/;/stavebne-a-maliarske-naradie/;0
/s60/;/vybavenie-auta/;0
/land-cruiser/;/vybavenie-auta/;0
/camry/;/vybavenie-auta/;0
/panvice-2/;/potreby-pre-domacnost/;0
/noznice-na-plech/;/naradie-pre-brusenie--vrtanie--rezanie-a-pilovanie/;0
/haciky/;/stavebne-a-maliarske-naradie/;0
/brousky-na-noze-2/;/potreby-pre-domacnost/;0
/nastroje-a-meradla/;/cestovanie-sport-a-outdoor/;0
/baterie-2/;/cestovanie-sport-a-outdoor/;0
/podvodne-drony/;/cestovanie-sport-a-outdoor/;0
/nahradne-diely-4/;/cestovanie-sport-a-outdoor/;0
/nabijacky-2/;/nacitanie/;0
/napajacie-zdroje-3/;/nacitanie/;0
/prislusenstvo-21/;/nacitanie/;0
/tasky-a-kufre/;/prislusenstvo-pre-drony/;0
/dji/;/prislusenstvo-pre-drony/;0
/filtre-pre-drony/;/prislusenstvo-pre-drony/;0
/pristatie/;/prislusenstvo-pre-drony/;0
/ostatne-13/;/outdoor/;0
/svietidla-3/;/outdoor/;0
/osvetlenie-5/;/outdoor/;0
/kempovanie/;/outdoor/;0
/rybarcenie/;/outdoor/;0
/prislusenstvo-na-kluky/;/outdoor/;0
/elektricke-skutre/;/outdoor/;0
/batohy-3/;/outdoor/;0
/kempingove-vybavenie/;/outdoor/;0
/prislusenstvo-k-bicyklovym-klukam/;/outdoor/;0
/led-pasy/;/led-osvetlenie/;0
/stolove-a-nocne-lampy/;/osvetlenie/;0
/led-ziarovky-3/;/osvetlenie/;0
/stropne-svietidla/;/osvetlenie/;0
/nabytkove-svietidla/;/osvetlenie/;0
/dekorativne-osvetlenie-2/;/osvetlenie/;0
/svietidla-5/;/osvetlenie/;0
/stojacie-lampy/;/osvetlenie/;0
/ine-3/;/osvetlenie/;0
/smart-zastrcky/;/smart-domacnost/;0
/senzory/;/elektro-smart-home-a-osvetlenie/;0
/smart-kurenie/;/smart-domacnost/;0
/smart-zamky/;/smart-domacnost/;0
/senzory-pre-smart-domacnost/;/smart-domacnost/;0
/zasuvky-3/;/smart-domacnost/;0
/napajacie-listy-2/;/smart-domacnost/;0
/ostatne-14/;/outdoor/;0
/celovky-2/;/outdoor/;0
/pracovne-svetla/;/outdoor/;0
/uv-svietidla/;/outdoor/;0
/svetla-na-bicykel/;/outdoor/;0
/smart-ovladace/;/riadiace-jednotky/;0
/prepinace/;/riadiace-jednotky/;0
/smart-centraly/;/riadiace-jednotky/;0
/ovladacie-panely/;/riadiace-jednotky/;0
/kempingove-svetla/;/outdoor/;0
/vonkajsie-svetla/;/outdoor/;0
/napajacky/;/chovatelske-potreby/;0
/zastrihavace-2/;/zdravie-a-starostlivost/;0
/holiace-strojceky-2/;/zdravie-a-starostlivost/;0
/misky/;/chovatelske-potreby/;0
/kavitacne-peelingy/;/pristroje-na-tvar/;0
/masazne-pristroje-2/;/pristroje-na-tvar/;0
/ine/;/pristroje-na-tvar/;0
/lampy/;/prislusenstvo-pre-bicykle/;0
/cyklotasky-2/;/prislusenstvo-pre-bicykle/;0
/nahradne-diely-a-nastroje/;/prislusenstvo-pre-bicykle/;0
/oblecenie/;/prislusenstvo-pre-bicykle/;0
/cyklopocitace/;/prislusenstvo-pre-bicykle/;0
/senzory-2/;/prislusenstvo-pre-bicykle/;0
/rukovate/;/prislusenstvo-pre-bicykle/;0
/pumpy/;/prislusenstvo-pre-bicykle/;0
/termostaticke-hlavice-2/;/smart-domacnost/;0
/termostaty-2/;/smart-domacnost/;0
/ovladace-klimatizacie/;/smart-domacnost/;0
/ovladace-klimatizacie-a-tepelneho-cerpadla/;/smart-domacnost/;0
/sonicke-zubne-kefky-2/;/zdravie-a-starostlivost/;0
/prislusenstvo-23/;/zdravie-a-starostlivost/;0
/programovatelni-roboti/;/hracky/;0
/ostatne-19/;/kuchynske-prislusenstvo/;0
/na-varenie/;/kuchynske-prislusenstvo/;0
/prislusenstvo-19/;/auto-moto/;0
/videorekordery-2/;/auto-moto/;0
/stitky/;/kancelaria-a-skola/;0
/tlaciarne-stitkov-2/;/kancelaria-a-skola/;0
/android-auto/;/autoradia/;0
/ustne-sprchy-3/;/zdravie-a-starostlivost/;0
/3d-slam-rucne-skenery/;/dielna-a-zahrada/;0
/potlac-textilu/;/dielna-a-zahrada/;0
/metalurgia/;/dielna-a-zahrada/;0
/roboty/;/dielna-a-zahrada/;0
/cnc-stroje/;/dielna-a-zahrada/;0
/zariadenie/;/laserove-gravirovacie-a-rezacie-stroje/;0
/prislusenstvo-22/;/laserove-gravirovacie-a-rezacie-stroje/;0
/tepelneho-cerpadla/;/smart-domacnost/;0
/detska-izba/;/matka-a-dieta/;0
/krmenie-dietata/;/matka-a-dieta/;0
/odsavacky-mlieka-a-masazne-pristroje/;/matka-a-dieta/;0
/elektronicke-prislusenstvo/;/matka-a-dieta/;0
/hodinky-a-budiky/;/matka-a-dieta/;0
/3d-tlaciarne/;/3d-tlac/;0
/vlakna/;/3d-tlac/;0
/prislusenstvo-pre-3d-tlaciarne/;/3d-tlac/;0
/zivice/;/3d-tlac/;0
/diely/;/3d-tlac/;0
/prislusenstvo-24/;/elektricke-stanice/;0
/elektricke-stanice-2/;/elektricke-stanice/;0
/prislusenstvo-k-elektrickym-staniciam/;/elektricke-stanice/;0
/vibratory/;/zdravie-a-starostlivost/;0
/prislusenstvo-26/;/fotovoltaika-a-energie/;0
/fotovoltaicke-panely-2/;/fotovoltaika-a-energie/;0
/balkonove-systemy/;/fotovoltaika-a-energie/;0
/vysavace-do-auta/;/auto-moto/;0
/navnada-lode/;/outdoor/;0
/ostatne-24/;/outdoor/;0
/roboty-humanoidalne/;/dielna-a-zahrada/;0
/seria-r1/;/dielna-a-zahrada/;0
/humanoidne-roboty-seria-r1/;/dielna-a-zahrada/;0
/odsavacky-mlieka/;/matka-a-dieta/;0
/tasky-2/;/outdoor/;0
/sluchadla-a-reproduktory/;/matka-a-dieta/;0
/specialna-ponuka-akciove-sety/;/profesionalna-audio-technika/;0
/multi-room/;/profesionalna-audio-technika/;0
/zzipp/;/profesionalna-audio-technika/;0
/bzbgear/;/profesionalna-audio-technika/;0
/skrinky-do-it-yourself/;/naradia--do-it-yourself--napajanie--meracia-technika/;0
/akumulatory--baterie-a-nabijacky/;/naradia--do-it-yourself--napajanie--meracia-technika/;0
/meracie-pristroje-2/;/naradia--do-it-yourself--napajanie--meracia-technika/;0
/prislusenstvo-a-ine/;/naradia--do-it-yourself--napajanie--meracia-technika/;0
/naradie-2/;/naradia--do-it-yourself--napajanie--meracia-technika/;0
/vysielacky-3/;/naradia--do-it-yourself--napajanie--meracia-technika/;0
/chemia-4/;/naradia--do-it-yourself--napajanie--meracia-technika/;0
/potenciometre--prepinace-a-gombiky/;/naradia--do-it-yourself--napajanie--meracia-technika/;0
/spajkovacie-stanice/;/naradia--do-it-yourself--napajanie--meracia-technika/;0
/napajanie-2/;/naradia--do-it-yourself--napajanie--meracia-technika/;0
/stavebnice-reproduktorovych-skrin-diy/;/naradia--do-it-yourself--napajanie--meracia-technika/;0
/ostatne-prislusenstvo-pre-naradie-a-diy/;/naradia--do-it-yourself--napajanie--meracia-technika/;0
/technicka-chemia/;/naradia--do-it-yourself--napajanie--meracia-technika/;0
/napajacie-zdroje-5/;/naradia--do-it-yourself--napajanie--meracia-technika/;0
/transportne-kufre-a-racky/;/podium--diskoteka--dj/;0
/podiove--dj-prislusenstvo/;/podium--diskoteka--dj/;0
/stativy-drziaky/;/podium--diskoteka--dj/;0
/sluchadla-4/;/podium--diskoteka--dj/;0
/reproduktorove-systemy/;/podium--diskoteka--dj/;0
/gramofony-3/;/podium--diskoteka--dj/;0
/di-boxy-a-transformatory/;/podium--diskoteka--dj/;0
/mikrofony-3/;/podium--diskoteka--dj/;0
/prislusenstvo-k-reproduktorom-2/;/podium--diskoteka--dj/;0
/kable-a-prislusenstvo/;/podium--diskoteka--dj/;0
/predzosilnovace-audio/;/podium--diskoteka--dj/;0
/distributory/;/podium--diskoteka--dj/;0
/ozvucovacie-systemy/;/podium--diskoteka--dj/;0
/audio-procesory/;/podium--diskoteka--dj/;0
/mixy-a-powermixy/;/podium--diskoteka--dj/;0
/zosilnovace-5/;/podium--diskoteka--dj/;0
/chranice-sluchu-2/;/podium--diskoteka--dj/;0
/audio-rekordery/;/podium--diskoteka--dj/;0
/prehravace-cd-a-mp3/;/podium--diskoteka--dj/;0
/prislusenstvo-pre-podiove-a-dj-vybavenie/;/podium--diskoteka--dj/;0
/transportne-kufre-a-racky-pre-audio-techniku/;/podium--diskoteka--dj/;0
/audio-kable-a-konektory/;/podium--diskoteka--dj/;0
/stativy-a-drziaky-pre-reproduktory/;/podium--diskoteka--dj/;0
/distributory-audio-signalu/;/podium--diskoteka--dj/;0
/pa-ozvucovacie-systemy-pre-podium-a-dj/;/podium--diskoteka--dj/;0
/prislusenstvo-27/;/podium--diskoteka--dj/;0
/transportne-skrine/;/podium--diskoteka--dj/;0
/rackove-skrine/;/podium--diskoteka--dj/;0
/tasky-3/;/podium--diskoteka--dj/;0
/prislusenstvo-k-transportnym-kufrom-a-rackom/;/podium--diskoteka--dj/;0
/ostatne-25/;/podium--diskoteka--dj/;0
/kolieska/;/podium--diskoteka--dj/;0
/rohy-a-profily/;/podium--diskoteka--dj/;0
/kable-3/;/kable--konektory-a-redukcie/;0
/konektory-a-redukcie/;/kable--konektory-a-redukcie/;0
/napajanie/;/kable--konektory-a-redukcie/;0
/neutrik/;/kable--konektory-a-redukcie/;0
/reproduktorove-na-kotuci/;/kable--konektory-a-redukcie/;0
/napajacie/;/kable--konektory-a-redukcie/;0
/mikrofonove-audio-na-kotuci/;/kable--konektory-a-redukcie/;0
/rca/;/kable--konektory-a-redukcie/;0
/adaptery-3/;/kable--konektory-a-redukcie/;0
/6-3mm-2/;/kable--konektory-a-redukcie/;0
/3-5-2-5mm/;/kable--konektory-a-redukcie/;0
/ine-6/;/kable--konektory-a-redukcie/;0
/hdmi--dvi-d--svhs/;/kable--konektory-a-redukcie/;0
/sietove/;/kable--konektory-a-redukcie/;0
/xlr/;/kable--konektory-a-redukcie/;0
/reproduktorove/;/kable--konektory-a-redukcie/;0
/bnc-2/;/kable--konektory-a-redukcie/;0
/video-na-kotuci/;/kable--konektory-a-redukcie/;0
/usb/;/kable--konektory-a-redukcie/;0
/6-3mm/;/kable--konektory-a-redukcie/;0
/ine-5/;/kable--konektory-a-redukcie/;0
/bnc/;/kable--konektory-a-redukcie/;0
/3-5-2-5mm-2/;/kable--konektory-a-redukcie/;0
/xlr-2/;/kable--konektory-a-redukcie/;0
/rca-2/;/kable--konektory-a-redukcie/;0
/speakon-powercon/;/kable--konektory-a-redukcie/;0
/kable-4/;/car-audio/;0
/prislusenstvo-car-audio/;/car-audio/;0
/poistky--puzdra--distributory/;/car-audio/;0
/reproduktory-7/;/car-audio/;0
/prislusenstvo-pre-autoradia-a-car-audio/;/car-audio/;0
/signalove/;/car-audio/;0
/vyskove/;/reproduktory-5/;0
/prislusenstvo-k-reproduktorom/;/reproduktory-5/;0
/nahradne-cievky/;/reproduktory-5/;0
/drivery/;/reproduktory-5/;0
/stredove/;/reproduktory-5/;0
/basove-subwoofery/;/reproduktory-5/;0
/univerzalne-3/;/reproduktory-5/;0
/stredo-basove/;/reproduktory-5/;0
/sirokopasmove/;/reproduktory-5/;0
/reproduktorove-stavebnice/;/reproduktory-5/;0
/zosilnovace-4/;/plosne-ozvucenie--100v-rozhlasove-ozvucenie/;0
/reproduktory-6/;/plosne-ozvucenie--100v-rozhlasove-ozvucenie/;0
/matrix-mixy-audio/;/plosne-ozvucenie--100v-rozhlasove-ozvucenie/;0
/regulatory-hlasitosti/;/plosne-ozvucenie--100v-rozhlasove-ozvucenie/;0
/mikrofony-4/;/plosne-ozvucenie--100v-rozhlasove-ozvucenie/;0
/systemy-poziarneho-a-evakuacneho-rozhlasu/;/plosne-ozvucenie--100v-rozhlasove-ozvucenie/;0
/bezdrotove-zosilnovacie-systemy--loop/;/plosne-ozvucenie--100v-rozhlasove-ozvucenie/;0
/ine-100v-zariadenia/;/plosne-ozvucenie--100v-rozhlasove-ozvucenie/;0
/bezdrotovy-prenos-zvuku/;/plosne-ozvucenie--100v-rozhlasove-ozvucenie/;0
/megafony/;/plosne-ozvucenie--100v-rozhlasove-ozvucenie/;0
/transformatory-100v/;/plosne-ozvucenie--100v-rozhlasove-ozvucenie/;0
/prenosne-ozvucovacie-systemy/;/plosne-ozvucenie--100v-rozhlasove-ozvucenie/;0
/zosilnovace-hlasu/;/plosne-ozvucenie--100v-rozhlasove-ozvucenie/;0
/ip-ozvucenie/;/plosne-ozvucenie--100v-rozhlasove-ozvucenie/;0
/zdroje-zvuku/;/plosne-ozvucenie--100v-rozhlasove-ozvucenie/;0
/bezdrotove-ozvucenie/;/plosne-ozvucenie--100v-rozhlasove-ozvucenie/;0
/prenosne-pa-ozvucovacie-systemy/;/plosne-ozvucenie--100v-rozhlasove-ozvucenie/;0
/ip-reproduktory-a-ozvucovacie-systemy/;/plosne-ozvucenie--100v-rozhlasove-ozvucenie/;0
/s-malym-vykonom/;/plosne-ozvucenie--100v-rozhlasove-ozvucenie/;0
/prislusenstvo-30/;/plosne-ozvucenie--100v-rozhlasove-ozvucenie/;0
/mixazne/;/plosne-ozvucenie--100v-rozhlasove-ozvucenie/;0
/zonove/;/plosne-ozvucenie--100v-rozhlasove-ozvucenie/;0
/koncove-3/;/plosne-ozvucenie--100v-rozhlasove-ozvucenie/;0
/prislusenstvo-28/;/plosne-ozvucenie--100v-rozhlasove-ozvucenie/;0
/tlakove/;/plosne-ozvucenie--100v-rozhlasove-ozvucenie/;0
/projektory-zvuku-100v/;/plosne-ozvucenie--100v-rozhlasove-ozvucenie/;0
/podhladove-100v/;/plosne-ozvucenie--100v-rozhlasove-ozvucenie/;0
/zavesne/;/plosne-ozvucenie--100v-rozhlasove-ozvucenie/;0
/nastenne-100v/;/plosne-ozvucenie--100v-rozhlasove-ozvucenie/;0
/reproduktorove-stlpiky-100v/;/plosne-ozvucenie--100v-rozhlasove-ozvucenie/;0
/nastenne/;/plosne-ozvucenie--100v-rozhlasove-ozvucenie/;0
/zahradne/;/plosne-ozvucenie--100v-rozhlasove-ozvucenie/;0
/tlakove-100v/;/plosne-ozvucenie--100v-rozhlasove-ozvucenie/;0
/podhladove/;/plosne-ozvucenie--100v-rozhlasove-ozvucenie/;0
/bezdrotovy--sprievodcovsky-system/;/tlmocnicke--sprievodcovske-a-konferencne-systemy/;0
/sprievodcovsky-system/;/tlmocnicke--sprievodcovske-a-konferencne-systemy/;0
/konferencny-system/;/tlmocnicke--sprievodcovske-a-konferencne-systemy/;0
/tlmocnicky-system/;/tlmocnicke--sprievodcovske-a-konferencne-systemy/;0
/recnicke-pulty/;/tlmocnicke--sprievodcovske-a-konferencne-systemy/;0
/nabijacky-a-prislusenstvo/;/tlmocnicke--sprievodcovske-a-konferencne-systemy/;0
/vysielace/;/tlmocnicke--sprievodcovske-a-konferencne-systemy/;0
/prijimace/;/tlmocnicke--sprievodcovske-a-konferencne-systemy/;0
/nabijacky-a-prislusenstvo-k-sprievodcovskym-systemom/;/tlmocnicke--sprievodcovske-a-konferencne-systemy/;0
/prislusenstvo-29/;/podium--diskoteka--dj/;0
/mikrofonove-stolove/;/podium--diskoteka--dj/;0
/mikrofonove-husi-krk/;/podium--diskoteka--dj/;0
/hudobnych-nastrojov-a-not/;/podium--diskoteka--dj/;0
/reproduktorov/;/podium--diskoteka--dj/;0
/mikrofonove-podlahove/;/podium--diskoteka--dj/;0
/prislusenstvo-k-stativom-a-drziakom/;/podium--diskoteka--dj/;0
/stativy-pre-hudobne-nastroje-a-noty/;/podium--diskoteka--dj/;0
/s-mikrofonom/;/podium--diskoteka--dj/;0
/na-ucho/;/podium--diskoteka--dj/;0
/nahlavove-2/;/podium--diskoteka--dj/;0
/specialne-3/;/podium--diskoteka--dj/;0
/do-ucha/;/podium--diskoteka--dj/;0
/konektory-4/;/reproduktory-5/;0
/terminaly/;/reproduktory-5/;0
/bassreflexy/;/reproduktory-5/;0
/vyhybky-2/;/reproduktory-5/;0
/nozicky-a-hroty/;/reproduktory-5/;0
/kondenzatory/;/reproduktory-5/;0
/transformatory/;/reproduktory-5/;0
/cievky/;/reproduktory-5/;0
/rezistory/;/reproduktory-5/;0
/ine-8/;/reproduktory-5/;0
/tlmiaci-material-a--pasky/;/reproduktory-5/;0
/zvukovody/;/reproduktory-5/;0
/zosilnovacie-moduly/;/reproduktory-5/;0
/ochranne-grily/;/reproduktory-5/;0
/meracie-kable-a-konektory/;/naradia--do-it-yourself--napajanie--meracia-technika/;0
/merace-ine--detektory-a-testery/;/naradia--do-it-yourself--napajanie--meracia-technika/;0
/multimetre/;/naradia--do-it-yourself--napajanie--meracia-technika/;0
/merace-panelove/;/naradia--do-it-yourself--napajanie--meracia-technika/;0
/merace-urovne-zvuku/;/naradia--do-it-yourself--napajanie--meracia-technika/;0
/subwoofery-3/;/podium--diskoteka--dj/;0
/pasivne/;/podium--diskoteka--dj/;0
/prislusenstvo-32/;/podium--diskoteka--dj/;0
/aktivne/;/podium--diskoteka--dj/;0
/studiove/;/podium--diskoteka--dj/;0
/stativy-a-prislusenstvo/;/svetla-2/;0
/otocne-hlavy-a-skenery/;/svetla-2/;0
/reflektory-par/;/svetla-2/;0
/architektonicke-osvetlenie/;/svetla-2/;0
/svetelne-efekty/;/svetla-2/;0
/specialne-efekty-a-naplne/;/svetla-2/;0
/ovladace-a-kontrolery/;/svetla-2/;0
/kufre-a-tasky-k-svetlam/;/svetla-2/;0
/lasery/;/svetla-2/;0
/uv-svetla-a-stroboskopy/;/svetla-2/;0
/divadelne-a-profesionalne-osvetlenie/;/svetla-2/;0
/ziarovky-2/;/svetla-2/;0
/stativy-a-prislusenstvo-pre-svetla/;/svetla-2/;0
/svetla---ostatne-produkty/;/svetla-2/;0
/otocne-hlavy-a-skenery---ostatne/;/svetla-2/;0
/architektonicke-led-osvetlenie/;/svetla-2/;0
/diskotekove-a-podiove-svetelne-efekty/;/svetla-2/;0
/ovladace-a-dmx-kontrolery-svetiel/;/svetla-2/;0
/dynamicke/;/podium--diskoteka--dj/;0
/husi-krk/;/podium--diskoteka--dj/;0
/elektretove-velkomembranove/;/podium--diskoteka--dj/;0
/na-stol/;/podium--diskoteka--dj/;0
/pre-hudobne-nastroje/;/podium--diskoteka--dj/;0
/kravatove/;/podium--diskoteka--dj/;0
/prislusenstvo-31/;/podium--diskoteka--dj/;0
/nahlavove/;/podium--diskoteka--dj/;0
/bezdrotove/;/podium--diskoteka--dj/;0
/vyskove-2/;/car-audio/;0
/ine-7/;/podium--diskoteka--dj/;0
/ostatne-prislusenstvo-k-reproduktorom/;/podium--diskoteka--dj/;0
/ptt/;/plosne-ozvucenie--100v-rozhlasove-ozvucenie/;0
/zonove-2/;/plosne-ozvucenie--100v-rozhlasove-ozvucenie/;0
/en54/;/plosne-ozvucenie--100v-rozhlasove-ozvucenie/;0
/mikrofony-5/;/plosne-ozvucenie--100v-rozhlasove-ozvucenie/;0
/systemove-kontrolery/;/plosne-ozvucenie--100v-rozhlasove-ozvucenie/;0
/audio--mmx-/;/podium--diskoteka--dj/;0
/dj--mpx-/;/podium--diskoteka--dj/;0
/zonove-mixy/;/podium--diskoteka--dj/;0
/prislusenstvo-33/;/naradia--do-it-yourself--napajanie--meracia-technika/;0
/spajkovacie-stanice-2/;/naradia--do-it-yourself--napajanie--meracia-technika/;0
/prislusenstvo-k-spajkovacim-staniciam/;/naradia--do-it-yourself--napajanie--meracia-technika/;0
/jack/;/kable--konektory-a-redukcie/;0
/xlr-3/;/kable--konektory-a-redukcie/;0
/ostatne-26/;/kable--konektory-a-redukcie/;0
/rca-3/;/kable--konektory-a-redukcie/;0
/speakon/;/kable--konektory-a-redukcie/;0
/monitorujuce-zariadenia/;/plosne-ozvucenie--100v-rozhlasove-ozvucenie/;0
/nudzove-napajanie/;/plosne-ozvucenie--100v-rozhlasove-ozvucenie/;0
/eliminator-spatnej-vazby/;/plosne-ozvucenie--100v-rozhlasove-ozvucenie/;0
/stereo/;/podium--diskoteka--dj/;0
/viackanalove/;/podium--diskoteka--dj/;0
/frekvencie-povolene-v-sr/;/podium--diskoteka--dj/;0
/prislusenstvo-k-bezdrotovym-mikrofonom/;/podium--diskoteka--dj/;0
/frekvencie-vyzadujuce-povolenie-na-prevadzku-v-sr/;/podium--diskoteka--dj/;0
/skenery/;/svetla-2/;0
/moving-heads-beam/;/svetla-2/;0
/moving-heads-spot/;/svetla-2/;0
/moving-heads-wash/;/svetla-2/;0
/moving-heads-wash--pohyblive-hlavy/;/svetla-2/;0
/mikrofony-a-bezdrotove-systemy/;/jts/;0
/instalacie/;/jts/;0
/sluchadla-5/;/jts/;0
/instrumentalne-mikrofony/;/jts/;0
/prislusenstvo-34/;/jts/;0
/nahlavove-a-klopove-mikrofony/;/jts/;0
/kablove-mikrofony/;/jts/;0
/in-ear-monitorovacie-systemy/;/jts/;0
/bezdrotove-systemy/;/jts/;0
/instalacne-mikrofony/;/jts/;0
/konferencne-systemy/;/jts/;0
/prislusenstvo-35/;/jts/;0
/tlmocnicke-systemy/;/jts/;0
/bezdrotovy-system-pre-kamery/;/jts/;0
/systemy-pre-sprievodcov/;/jts/;0
/instalacne-konferencne-systemy-jts/;/jts/;0
/sluchadla-6/;/jts/;0
/in-ear-sluchadla/;/jts/;0
/led-reflektory-2/;/svetla-2/;0
/prislusenstvo-36/;/svetla-2/;0
/led-reflektory-exterierove/;/svetla-2/;0
/led-par-reflektory/;/svetla-2/;0
/hdmi-spracovanie-a-distribucia/;/profesionalna-audio-technika/;0
/prislusenstvo-k-specialnym-efektom/;/svetla-2/;0
/vyrobniky-tazkeho-dymu/;/svetla-2/;0
/vyrobniky-dymu/;/svetla-2/;0
/vyrobniky-hmly/;/svetla-2/;0
/vyrobniky-snehu/;/svetla-2/;0
/ohnostroje/;/svetla-2/;0
/pyrotechnicke-efekty--ohnostroje/;/svetla-2/;0
/multicolor-laser/;/svetla-2/;0
/multipoint-laser-a-gobo/;/svetla-2/;0
/green-laser/;/svetla-2/;0
/red-laser/;/svetla-2/;0
/blue-laser/;/svetla-2/;0
/multicolor-diskotekove-lasery/;/svetla-2/;0
/kable-5/;/ostatne-27/;0
/230v/;/ostatne-27/;0
/izolacny-material/;/ostatne-27/;0
/400v/;/ostatne-27/;0
/koaxialne/;/ostatne-27/;0
/interierove-osvetlenie/;/led-osvetlenie/;0
/kuchynske-osvetlenie/;/led-osvetlenie/;0
/nudzove-osvetlenie/;/led-osvetlenie/;0
/vonkajsie-osvetlenie/;/led-osvetlenie/;0
/nocne-a-dekorativne-svetielka/;/led-osvetlenie/;0
/technicke-osvetlenie/;/led-osvetlenie/;0
/kupelnove-osvetlenie/;/led-osvetlenie/;0
/viaczasuvkove/;/elektro-smart-home-a-osvetlenie/;0
/vysuvne-a-vstavane-zasuvky/;/elektro-smart-home-a-osvetlenie/;0
/navijacie-bubny/;/elektro-smart-home-a-osvetlenie/;0
/jednozasuvkove/;/elektro-smart-home-a-osvetlenie/;0
/prepatove-ochrany-3/;/elektro-smart-home-a-osvetlenie/;0
/zahradne-stlpiky/;/elektro-smart-home-a-osvetlenie/;0
/ostatne-28/;/elektro-smart-home-a-osvetlenie/;0
/klasicke/;/elektro-smart-home-a-osvetlenie/;0
/rozbocky/;/ostatne-27/;0
/viacnasobne-zasuvky/;/ostatne-27/;0
/koncovky/;/ostatne-27/;0
/flexo-snury-2/;/ostatne-27/;0
/vypinace-a-zasuvky/;/ostatne-27/;0
/drziaky-zasuviek/;/ostatne-27/;0
/viazacie-pasky/;/ostatne-27/;0
/kablove-prichytky-3/;/ostatne-27/;0
/izolacne-pvc-pasky/;/ostatne-27/;0
/vianocne-led-dekoracie/;/vianocne-osvetlenie/;0
/vianocne-retaze/;/vianocne-osvetlenie/;0
/high-bay/;/led-osvetlenie/;0
/led-linearne-osvetlenie/;/led-osvetlenie/;0
/jednozasuvkove--400v/;/elektro-smart-home-a-osvetlenie/;0
/jednozasuvkove-230v/;/elektro-smart-home-a-osvetlenie/;0
/sietove-230v/;/vianocne-osvetlenie/;0
/bateriove/;/vianocne-osvetlenie/;0
/alkohol-testery/;/vybavenie-auta/;0
/menice-napatia-2/;/vybavenie-auta/;0
/led-podhladove-panely-a-svetla/;/led-osvetlenie/;0
/prislusenstvo-39/;/led-osvetlenie/;0
/prislusenstvo-k-led-panelom/;/led-osvetlenie/;0
/ozonove/;/domace-spotrebice/;0
/bezozonove/;/domace-spotrebice/;0
/prislusenstvo--nahradne-diely/;/domace-spotrebice/;0
/prislusenstvo-38/;/rucne-aku-naradie/;0
/pily-4/;/rucne-aku-naradie/;0
/noznice-2/;/rucne-aku-naradie/;0
/slim/;/ostatne-27/;0
/do-vlhka/;/ostatne-27/;0
/prisadene-osvetlenie/;/led-osvetlenie/;0
/solarne-osvetlenie/;/led-osvetlenie/;0
/fasadne-a-zahradne-osvetlenie/;/led-osvetlenie/;0
/multimetre-a-zkusacky/;/meracia-technika/;0
/laserove-merace-vzdialenosti/;/meracia-technika/;0
/teplomery-4/;/meracia-technika/;0
/laserove-vodovahy/;/meracia-technika/;0
/budiky-2/;/hodiny-2/;0
/casovace--minutky-2/;/domace-spotrebice/;0
/nabijacky-baterii-3/;/karavany-a-obytne-auta/;0
/menice-napatie-3/;/karavany-a-obytne-auta/;0
/grily-a-varice-2/;/karavany-a-obytne-auta/;0
/autochladnicky-2/;/karavany-a-obytne-auta/;0
/ostatne-doplnky-2/;/karavany-a-obytne-auta/;0
/mobilne-tv-a-sat-anteny-2/;/karavany-a-obytne-auta/;0
/kempingovy-nabytok-2/;/karavany-a-obytne-auta/;0
/redukcie-a-adaptery-3/;/karavany-a-obytne-auta/;0
/baterie-do-karavanu-2/;/karavany-a-obytne-auta/;0
/televizory-na-12v-3/;/karavany-a-obytne-auta/;0
/lapace-hmyzu-2/;/karavany-a-obytne-auta/;0
/parkovaci-asistenti-2/;/karavany-a-obytne-auta/;0
/autonabijacky-2/;/karavany-a-obytne-auta/;0
/pricne-nosniky-2/;/nosice-kol/;0
/prislusenstvo-40/;/nosice-kol/;0
/stresni-nosice-2/;/nosice-kol/;0
/nosice-na-tazne-zariadenie-2/;/nosice-kol/;0
/anteny-pre-dvb-t2-prijem-2/;/karavany-a-obytne-auta/;0
/gitarove-prislusenstvo/;/hudobne-nastroje-a-prislusenstvo/;0
/klavesove-zosilnovace/;/hudobne-nastroje-a-prislusenstvo/;0
/midi-kontrolery/;/hudobne-nastroje-a-prislusenstvo/;0
/gitarove-ladicky/;/hudobne-nastroje-a-prislusenstvo/;0
/basove-zosilnovace-a-reproduktory/;/hudobne-nastroje-a-prislusenstvo/;0
/ostatne-29/;/predlzovacky--zasuvky--vidlica/;0
/klasicke-2/;/predlzovacky--zasuvky--vidlica/;0
/jednozasuvkove-230v-2/;/predlzovacky--zasuvky--vidlica/;0
/prislusenstvo-k-tabletom/;/pocitace-mobily-a-tablety/;0
/projektory-a-platna-2/;/projektory-4/;0
/drziaky-na-tv-2/;/pocitace-mobily-a-tablety/;0
/switche-2/;/sietove-prvky-2/;0
/wifi-routery-2/;/sietove-prvky-2/;0
/sietove-karty-2/;/sietove-prvky-2/;0
/konektory--zasuvky-2/;/sietove-prvky-2/;0
/atramenty-2/;/tlaciarne-a-skenery-2/;0
/tonery-2/;/tlaciarne-a-skenery-2/;0
/multifunkcne-tlaciarne-2/;/tlaciarne-a-skenery-2/;0
/atramentove-tlaciarne-2/;/tlaciarne-a-skenery-2/;0
/prislusenstvo-tlaciarne/;/tlaciarne-a-skenery-2/;0
/laserove-tlaciarne/;/tlaciarne-a-skenery-2/;0
/externe-disky-2/;/pamatove-media-2/;0
/pamatove-karty-5/;/pamatove-media-2/;0
/mysi-4/;/pc-periferie-2/;0
/klavesnice-5/;/pc-periferie-2/;0
/tablety-5/;/pocitace-mobily-a-tablety/;0
/smartfony/;/pocitace-mobily-a-tablety/;0
/powerbanky-4/;/pocitace-mobily-a-tablety/;0
/drziaky-na-mobily-3/;/prislusenstvo-10/;0
/kable-pre-mobily-2/;/prislusenstvo-10/;0
/puzdra-na-mobilne-telefony-2/;/prislusenstvo-10/;0
/nabijacky-pre-mobily-2/;/prislusenstvo-10/;0
/tvrdene-skla-pre-mobilne-telefony-2/;/prislusenstvo-10/;0
/prislusenstvo-pre-smart-hodinky-2/;/prislusenstvo-10/;0
/laserove-multifunkcne-tlaciarne-2/;/tlaciarne-a-skenery-2/;0
/atramentove-multifunkcne-tlaciarne-2/;/tlaciarne-a-skenery-2/;0
/konzolove-hry-2/;/herne-zariadenia-2/;0
/herne-ovladace-3/;/herne-zariadenia-2/;0
/prislusenstvo-ku-konzolam-2/;/herne-zariadenia-2/;0
/nintendo-switch-hry-2/;/herne-zariadenia-2/;0
/nintendo-ds--2ds--3ds-hry-2/;/herne-zariadenia-2/;0
/prislusenstvo-43/;/pre-sportove-kamery-3/;0
/selfie-tyce-3/;/postroje--upevnovacie-prvky-a-drziaky-2/;0
/ostatne-prislusenstvo-k-fotoaparatom-2/;/pre-sportove-kamery-3/;0
/pre-stabilizatory-2/;/pre-sportove-kamery-3/;0
/pre-fotoaparaty-a-videokamery-2/;/pre-sportove-kamery-3/;0
/tasky-k-notebookom-2/;/prislusenstvo-k-notebookom-2/;0
/gamepady-2/;/herne-zariadenia-2/;0
/lcd-monitory-2/;/monitory-2/;0
/smart-hodinky-4/;/nositelna-elektronika-2/;0
/smart-prstene-3/;/nositelna-elektronika-2/;0
/usb-na-lightning-2/;/usb-kable-4/;0
/usb-c-kable-2/;/usb-kable-4/;0
/sietove-nabijacky-2/;/nabijacky-4/;0
/selfie-tyce-a-drziaky-2/;/postroje--upevnovacie-prvky-a-drziaky-2/;0
/adaptery-4/;/postroje--upevnovacie-prvky-a-drziaky-2/;0
/stativy-4/;/postroje--upevnovacie-prvky-a-drziaky-2/;0
/stany-bez-tiena-2/;/fotoatelier-2/;0
/softboxy-2/;/fotoatelier-2/;0
/svietidla-6/;/fotoatelier-2/;0
/kruhove-svetla-3/;/fotoatelier-2/;0
/fotograficke-pozadia-2/;/fotoatelier-2/;0
/chladenie-pocitaca-2/;/herne-prislusenstvo-3/;0
/skrine-2/;/herne-prislusenstvo-3/;0
/simulatory-2/;/herne-prislusenstvo-3/;0
/mysi-5/;/herne-prislusenstvo-3/;0
/prislusenstvo-vr-2/;/herne-prislusenstvo-3/;0
/mikrofony-6/;/herne-prislusenstvo-3/;0
/herne-podlozky-2/;/herne-prislusenstvo-3/;0
/okuliare-pre-rozsirenu-realitu-2/;/herne-prislusenstvo-3/;0
/ventilatory-4/;/herne-prislusenstvo-3/;0
/chladenie-vodou-2/;/herne-prislusenstvo-3/;0
/bez-ventilatora-2/;/herne-prislusenstvo-3/;0
/s-ventilatorom-2/;/herne-prislusenstvo-3/;0
/simulacia-pretekov-2/;/herne-prislusenstvo-3/;0
/simulacia-letu-2/;/herne-prislusenstvo-3/;0
/pre-zrkadlovky-2/;/filtre-2/;0
/pre-sportove-kamery-4/;/filtre-2/;0
/podlozky-4/;/herne-prislusenstvo-3/;0
/puzdra-a-obaly-2/;/skladovanie-a-preprava-2/;0
/ine-9/;/graficke-tablety-3/;0
/baterie-4/;/akumulatory--baterie-2/;0
/hdd-2/;/disky-a-pamatove-karty-2/;0
/prislusenstvo-44/;/rackove-skrine-a-prislusenstvo-2/;0
/napajacie-listy-3/;/rackove-skrine-a-prislusenstvo-2/;0
/dialkove-ovladace/;/univerzalne-ovladace/;0
/reproduktory/;/reproduktory-2/;0
/digitalny-prijem/;/anteny-a-satelity/;0
/kamery-do-auta/;/autoradia/;0
/multimedialne-centra/;/video-technika/;0
/dratove-reproduktory/;/reproduktory-2/;0
/hifi-komponenty/;/audio-technika/;0
/audio-technika---ostatne-produkty/;/audio-technika/;0
/radioprijimace/;/audio-technika/;0
/radiobudiky/;/audio-technika/;0
/sluchadla/;/audio-technika/;0
/soundbary/;/audio-technika/;0
/mikrofony/;/audio-technika/;0
/prislusenstvo-k-audio-technike/;/audio-technika/;0
/stojany-pre-reproduktory-a-sluchadla/;/audio-technika/;0
/interkomy/;/audio-technika/;0
/radia/;/audio-technika/;0
/party-reproduktory/;/reproduktory-2/;0
/pocitacove-reproduktory/;/reproduktory-2/;0
/aktivne-reproduktory/;/reproduktory-2/;0
/sady-reproduktorov/;/reproduktory-2/;0
/prenosne-bluetooth-reproduktory/;/reproduktory-2/;0
/av-receivery/;/audio-technika/;0
/zosilnovace/;/audio-technika/;0
/gramofony/;/audio-technika/;0
/drotove-sluchadla/;/audio-technika/;0
/bezdrotove-sluchadla/;/audio-technika/;0
/true-bezdrotove/;/audio-technika/;0
/prislusenstvo/;/audio-technika/;0
/anteny/;/anteny-a-satelity/;0
/ucastnicke-zasuvky/;/anteny-a-satelity/;0
/pasivne-prvky/;/anteny-a-satelity/;0
/koaxialne-kable/;/anteny-a-satelity/;0
/lnb-konvertory/;/anteny-a-satelity/;0
/konektory-2/;/anteny-a-satelity/;0
/zosilnovace-2/;/anteny-a-satelity/;0
/satelitne-prislusenstvo/;/anteny-a-satelity/;0
/zdroje-a-vyhybky/;/anteny-a-satelity/;0
/konzoly--stoziare--uzemnenie/;/anteny-a-satelity/;0
/set-top-boxy/;/anteny-a-satelity/;0
/satelitne-prijimace/;/anteny-a-satelity/;0
/satelitne-anteny/;/anteny-a-satelity/;0
/meracie-pristroje/;/anteny-a-satelity/;0
/servis/;/anteny-a-satelity/;0
/dvb-t-anteny/;/anteny-a-satelity/;0
/anteny-vkv-fm-dab-/;/anteny-a-satelity/;0
/tv-anteny-pokojove/;/anteny-a-satelity/;0
/tv-anteny-vonkajsie/;/anteny-a-satelity/;0
/anteny-pre-obytne-auta-a-lode/;/anteny-a-satelity/;0
/nahlavne-sluchadla/;/audio-technika/;0
/tws-sluchadla/;/audio-technika/;0
/klopove-mikrofony/;/audio-technika/;0
/hry/;/audio-technika/;0
/hdmi-kable/;/av-kable/;0
/video/;/av-kable/;0
/computer/;/av-kable/;0
/antena/;/anteny-a-satelity/;0
/s-odsazenim-a-naklonem/;/tv-stoliky-a-drziaky/;0
/s-naklonem/;/tv-stoliky-a-drziaky/;0
/vicka--krabice/;/anteny-a-satelity/;0
/rozbocovace/;/anteny-a-satelity/;0
/odbocovace/;/anteny-a-satelity/;0
/amiko/;/satelitne-ovladace/;0
/ferguson/;/satelitne-ovladace/;0
/globo/;/satelitne-ovladace/;0
/opticum/;/satelitne-ovladace/;0
/optibox/;/satelitne-ovladace/;0
/ab/;/satelitne-ovladace/;0
/zircon/;/satelitne-ovladace/;0
/strong/;/satelitne-ovladace/;0
/octagon/;/satelitne-ovladace/;0
/topfield/;/satelitne-ovladace/;0
/gosat/;/satelitne-ovladace/;0
/opensat/;/satelitne-ovladace/;0
/hd-box/;/satelitne-ovladace/;0
/vonkajsie/;/anteny-a-satelity/;0
/vnutorne/;/anteny-a-satelity/;0
/metraz-2/;/anteny-a-satelity/;0
/panasonic/;/televizne-ovladace/;0
/hyundai/;/televizne-ovladace/;0
/samsung/;/televizne-ovladace/;0
/lg/;/televizne-ovladace/;0
/finlux/;/televizne-ovladace/;0
/toshiba/;/televizne-ovladace/;0
/orava/;/televizne-ovladace/;0
/philips/;/televizne-ovladace/;0
/sencor-2/;/televizne-ovladace/;0
/sony/;/televizne-ovladace/;0
/sharp/;/televizne-ovladace/;0
/changhong/;/televizne-ovladace/;0
/telefunken/;/televizne-ovladace/;0
/gogen-2/;/televizne-ovladace/;0
/hitachi/;/televizne-ovladace/;0
/ecg/;/televizne-ovladace/;0
/panasonic-2/;/audio--aux/;0
/singl-1-tv/;/anteny-a-satelity/;0
/amiko-2/;/ovladace-k-dvb-t2/;0
/alma/;/ovladace-k-dvb-t2/;0
/tesla/;/ovladace-k-dvb-t2/;0
/mascom/;/ovladace-k-dvb-t2/;0
/gogen/;/ovladace-k-dvb-t2/;0
/sencor/;/ovladace-k-dvb-t2/;0
/emos/;/ovladace-k-dvb-t2/;0
/strong-2/;/ovladace-k-dvb-t2/;0
/telesystem/;/ovladace-k-dvb-t2/;0
/opticum-2/;/ovladace-k-dvb-t2/;0
/wiwa/;/ovladace-k-dvb-t2/;0
/montazne-naradie/;/anteny-a-satelity/;0
/f-konektory/;/anteny-a-satelity/;0
/redukcie/;/anteny-a-satelity/;0
/kompresne-a-krimpovacie/;/anteny-a-satelity/;0
/iec-konektory/;/anteny-a-satelity/;0
/programovatelne/;/anteny-a-satelity/;0
/k-antene/;/anteny-a-satelity/;0
/domove/;/anteny-a-satelity/;0
/rozbocovace-satelitne/;/anteny-a-satelity/;0
/motory/;/anteny-a-satelity/;0
/multiprepinace/;/anteny-a-satelity/;0
/multifeed-lnb-drziaky/;/anteny-a-satelity/;0
/televizne/;/anteny-a-satelity/;0
/satelitne/;/anteny-a-satelity/;0
/programovatelne-2/;/univerzalne-ovladace/;0
/napajacie-zdroje-k-zesilovaci/;/anteny-a-satelity/;0
/drziaky-stoziarov/;/anteny-a-satelity/;0
/konzoly-so-strmenom/;/anteny-a-satelity/;0
/spojovaci-a-kotviaci-material--chemia/;/anteny-a-satelity/;0
/konzoly-na-stenu/;/anteny-a-satelity/;0
/stoziare-a-trojnozky/;/anteny-a-satelity/;0
/strmene-a-spojky/;/anteny-a-satelity/;0
/uzemnenie--hromosvody/;/anteny-a-satelity/;0
/prislusenstvo-k-stoziarom/;/anteny-a-satelity/;0
/vlnky-a-objimky/;/anteny-a-satelity/;0
/na-stenu-pevne/;/anteny-a-satelity/;0
/na-stenu-nastavitelne/;/anteny-a-satelity/;0
/na-balkon--horizontalne/;/anteny-a-satelity/;0
/na-stoziar--vertikalne/;/anteny-a-satelity/;0
/vruty--hmozdinky/;/anteny-a-satelity/;0
/izolacne-pasky-2/;/anteny-a-satelity/;0
/stahovacie-pasky-2/;/anteny-a-satelity/;0
/dvb-t2-h-265-hevc/;/anteny-a-satelity/;0
/prijimace-s-os-linux/;/anteny-a-satelity/;0
/prijimace-ultra-hd-4k/;/anteny-a-satelity/;0
/prijimace-s-uni-citackou/;/anteny-a-satelity/;0
/drziaky-k-oknu/;/anteny-a-satelity/;0
/s-t-zakladnou/;/anteny-a-satelity/;0
/2-druzice/;/anteny-a-satelity/;0
/trojnozky-na-rovne-strechy/;/anteny-a-satelity/;0
/jednodilne-stoziare/;/anteny-a-satelity/;0
/paraboly/;/anteny-a-satelity/;0
/nahradne-diely/;/anteny-a-satelity/;0
/zemniace-svorky/;/anteny-a-satelity/;0
/hdmi/;/av-kable/;0
/usb-2/;/av-kable/;0
/fotovoltika/;/fotovoltaika-a-energie/;0
