/boxovaci-pytel-dbx-bushido-140-x-40-cm-prazdny/;/boxovaci-pytel-dbx-bushido-140-x-40-cm-prazdny/;0
/vidlicka-kabelova-5-5mm-neizolovana-dj441a-5b-baleni-100ks/;/vidlicka-kabelova-5-5mm-neizolovana--dj441a-5b-baleni-100ks/;0
/vidlicka-kabelova-4-5mm-neizolovana-dj441a-4b-baleni-100ks/;/vidlicka-kabelova-4-5mm-neizolovana--dj441a-4b-baleni-100ks/;0
/vidlicka-kabelova-3-5mm-neizolovana-dj441a-3b-baleni-100ks/;/vidlicka-kabelova-3-5mm-neizolovana--dj441a-3b-baleni-100ks/;0
/oko-kabelove-8-4mm-kabel-1-5-2-5mm2-rnb-2-8-baleni-100ks/;/oko-kabelove-8-4mm-kabel-1-5-2-5mm2--rnb-2-8-baleni-100ks/;0
/oko-kabelove-6-5mm-kabel-6-10mm2-rnbs-8-6-baleni-100ks/;/oko-kabelove-6-5mm-kabel-6-10mm2--rnbs-8-6-baleni-100ks/;0
/oko-kabelove-6-5mm-kabel-0-5-1-5mm2-rnb1-25-6-baleni-100ks/;/oko-kabelove-6-5mm-kabel-0-5-1-5mm2--rnb1-25-6-baleni-100ks/;0
/oko-kabelove-6-5mm-zlute-rv-5-5-6-baleni-100ks/;/oko-kabelove-6-5mm-zlute--rv-5-5-6-baleni-100ks/;0
/oko-kabelove-6-5mm-modre-rv-2-6-baleni-100ks/;/oko-kabelove-6-5mm-modre--rv-2-6-baleni-100ks/;0
/oko-kabelove-6-5mm-cerne-rv3-5-6-baleni-100ks/;/oko-kabelove-6-5mm-cerne--rv3-5-6-baleni-100ks/;0
/oko-kabelove-5-3mm-cervene-rv-1-25-5-baleni-100ks/;/oko-kabelove-5-3mm-cervene--rv-1-25-5-baleni-100ks/;0
/oko-kabelove-4-3mm-kabel-1-5-2-5mm2-rnbs-2-4-baleni-100ks/;/oko-kabelove-4-3mm-kabel-1-5-2-5mm2--rnbs-2-4-baleni-100ks/;0
/konektor-dutinka-4mm-dj221-4b-kabel-1-1-5mm2-baleni-100ks/;/konektor-dutinka-4mm-dj221-4b--kabel-1-1-5mm2--baleni-100ks/;0
/konektor-dutinka-4mm-cervena-kabel-0-5-1-5mm2-baleni-100ks/;/konektor-dutinka-4mm-cervena--kabel-0-5-1-5mm2--baleni-100ks/;0
/faston-zdirka-6-3mm-modra-pro-kabel-1-5-2-5mm2-baleni-100ks/;/faston-zdirka-6-3mm-modra-pro-kabel-1-5-2-5mm2--baleni-100ks/;0
/faston-zdirka-6-3mm-cervena-pro-kabel-0-5-1-5mm2-baleni-100ks/;/faston-zdirka-6-3mm-cervena-pro-kabel-0-5-1-5mm2--baleni-100ks/;0
/faston-konektor-6-3mm-cerveny-pro-kabel-0-5-1-5mm2-baleni-100ks/;/faston-konektor-6-3mm-cerveny-pro-kabel-0-5-1-5mm2--baleni-100ks/;0
/faston-konektor-6-3mm-modry-kabel-1-25-2mm2-plna-izolace/;/faston-konektor-6-3mm-modry-kabel-1-25-2mm2-plna-izolace/;0
/faston-konektor-4-8mm-neizolovany-kabel-do-1mm-baleni-100ks/;/faston-konektor-4-8mm-neizolovany--kabel-do-1mm--baleni-100ks/;0
/faston-konektor-2-8mm-cerveny-pro-kabel-0-5-1-5mm2/;/faston-konektor-2-8mm-cerveny-pro-kabel-0-5-1-5mm2/;0
/elektricky-zamek-xg-07c-12vdc-1-8a-s-kontrolnim-kontaktem/;/elektricky-zamek-xg-07c-12vdc-1-8a-s-kontrolnim-kontaktem/;0
/oko-kabelove-8-4mm-kabel-4-6mm2-rnb-5-5-8/;/oko-kabelove-8-4mm--kabel-4-6mm2--rnb-5-5-8-/;0
/oko-kabelove-8-4mm-kabel-10-16mm2-rnb-14-8/;/oko-kabelove-8-4mm--kabel-10-16mm2--rnb-14-8-/;0
/oko-kabelove-8-4mm-zlute-rv-5-5-8/;/oko-kabelove-8-4mm-zlute-rv-5-5-8-/;0
/oko-kabelove-8-4mm-neizolovane-dj431-8/;/oko-kabelove-8-4mm-neizolovane--dj431-8-/;0
/oko-kabelove-6-5mm-kabel-4-6mm2-rnb-5-5-6/;/oko-kabelove-6-5mm--kabel-4-6mm2--rnb-5-5-6-/;0
/oko-kabelove-6-5mm-kabel-2-5-4mm2-rnb-3-5-6/;/oko-kabelove-6-5mm--kabel-2-5-4mm2--rnb-3-5-6-/;0
/oko-kabelove-6-5mm-zlute-rv-5-5-6/;/oko-kabelove-6-5mm-zlute--rv-5-5-6-/;0
/oko-kabelove-6-5mm-modre-rv-2-6/;/oko-kabelove-6-5mm-modre--rv-2-6-/;0
/oko-kabelove-6-5mm-cervene-rv-1-25-6/;/oko-kabelove-6-5mm-cervene--rv-1-25-6-/;0
/oko-kabelove-6-5mm-cerne-rv3-5-6/;/oko-kabelove-6-5mm-cerne--rv3-5-6-/;0
/oko-kabelove-5-3mm-kabel-0-5-1-5mm2-rnb-1-25-5/;/oko-kabelove-5-3mm--kabel-0-5-1-5mm2--rnb-1-25-5-/;0
/oko-kabelove-4-3mm-modre-rvs-2-4/;/oko-kabelove-4-3mm-modre--rvs-2-4-/;0
/oko-kabelove-3-2mm-kabel-0-5-1-5mm2-rnb1-25-3/;/oko-kabelove-3-2mm--kabel-0-5-1-5mm2--rnb1-25-3-/;0
/oko-kabelove-13mm-kabel-4-6mm2-rnb-5-5-12/;/oko-kabelove-13mm--kabel-4-6mm2--rnb-5-5-12-/;0
/oko-kabelove-10-5mm-kabel-10-16mm2-rnb-14-10/;/oko-kabelove-10-5mm--kabel-10-16mm2--rnb-14-10-/;0
/spojka-lisovaci-pro-kabel-4-6mm2-bn5-5-baleni-100ks/;/spojka-lisovaci-pro-kabel-4-6mm2-bn5-5-baleni-100ks/;0
/spojka-lisovaci-pro-kabel-1-5-2-5mm2-bn2-baleni-100ks/;/spojka-lisovaci-pro-kabel-1-5-2-5mm2-bn2-baleni-100ks/;0
/spojka-lisovaci-pro-kabel-1-5-2-5mm2-bn2/;/spojka-lisovaci-pro-kabel-1-5-2-5mm2-bn2-/;0
/vidlicka-kabelova-4-3mm-cerna-sv-3-5-4/;/vidlicka-kabelova-4-3mm-cerna--sv-3-5-4-/;0
/den-braven-lepidlo-mamut-glue-high-tack-bile-25ml/;/den-braven-lepidlo-mamut-glue--high-tack--bile-25ml/;0
/vidlicka-kabelova-5-3mm-zluta-sv-5-5-5-baleni-100ks/;/vidlicka-kabelova-5-3mm-zluta--sv-5-5-5-baleni-100ks/;0
/spojka-dutinka-izolovana-zluta-bv5-5-baleni-100ks/;/spojka-dutinka-izolovana-zluta--bv5-5-baleni-100ks/;0
/spojka-dutinka-izolovana-modra-bv2-baleni-100ks/;/spojka-dutinka-izolovana-modra--bv2-baleni-100ks/;0
/spojka-dutinka-izolovana-cervena-bv1-25-baleni-100ks/;/spojka-dutinka-izolovana-cervena--bv1-25-baleni-100ks/;0
/oko-kabelove-8-4mm-kabel-6-10mm2-rnb-8-8-baleni-100ks/;/oko-kabelove-8-4mm-kabel-6-10mm2--rnb-8-8-baleni-100ks/;0
/oko-kabelove-8-4mm-kabel-4-6mm2-rnb-5-5-8-baleni-100ks/;/oko-kabelove-8-4mm-kabel-4-6mm2--rnb-5-5-8-baleni-100ks/;0
/oko-kabelove-8-4mm-zlute-rv-5-5-8-baleni-100ks/;/oko-kabelove-8-4mm-zlute-rv-5-5-8-baleni-100ks/;0
/oko-kabelove-6-5mm-kabel-4-6mm2-rnb-5-5-6-baleni-100ks/;/oko-kabelove-6-5mm-kabel-4-6mm2--rnb-5-5-6-baleni-100ks/;0
/oko-kabelove-6-5mm-kabel-2-5-4mm2-rnb-3-5-6-baleni-100ks/;/oko-kabelove-6-5mm-kabel-2-5-4mm2--rnb-3-5-6-baleni-100ks/;0
/oko-kabelove-6-5mm-cervene-rv-1-25-6-baleni-100ks/;/oko-kabelove-6-5mm-cervene--rv-1-25-6-baleni-100ks/;0
/oko-kabelove-5-3mm-kabel-0-5-1-5mm2-rnb-1-25-5-baleni-100ks/;/oko-kabelove-5-3mm-kabel-0-5-1-5mm2--rnb-1-25-5-baleni-100ks/;0
/oko-kabelove-4-3mm-modre-rvs-2-4-baleni-100ks/;/oko-kabelove-4-3mm-modre--rvs-2-4-baleni-100ks/;0
/oko-kabelove-3-7mm-kabel-0-5-1-5mm2-rnb1-25-3-5-baleni-100ks/;/oko-kabelove-3-7mm-kabel-0-5-1-5mm2--rnb1-25-3-5-baleni-100ks/;0
/oko-kabelove-3-2mm-kabel-0-5-1-5mm2-rnb1-25-3-baleni-100ks/;/oko-kabelove-3-2mm-kabel-0-5-1-5mm2--rnb1-25-3-baleni-100ks/;0
/oko-kabelove-13mm-kabel-4-6mm2-rnb-5-5-12-baleni-100ks/;/oko-kabelove-13mm-kabel-4-6mm2--rnb-5-5-12-baleni-100ks/;0
/oko-kabelove-10-5mm-kabel-10-16mm2-rnb-14-10-baleni-100ks/;/oko-kabelove-10-5mm-kabel-10-16mm2--rnb-14-10-baleni-100ks/;0
/faston-zdirka-6-3mm-zluta-kabel-4-6mm2-plna-izol-baleni-100ks/;/faston-zdirka-6-3mm-zluta-kabel-4-6mm2-plna-izol-baleni-100ks/;0
/faston-zdirka-4-8mm-cervena-kabel-0-5-1-5mm2-plna-izolace-bal-100ks/;/faston-zdirka-4-8mm-cervena--kabel-0-5-1-5mm2--plna-izolace--bal-100ks/;0
/faston-zdir-6-3mm-modr-kab-1-5-2-5mm2-plna-izolace-bal-100ks/;/faston-zdir-6-3mm-modr-kab-1-5-2-5mm2-plna-izolace--bal-100ks/;0
/faston-zd-6-3mm-cerv-kabel-0-5-1-5mm2-plna-izolace-bal-100ks/;/faston-zd-6-3mm-cerv-kabel-0-5-1-5mm2-plna-izolace--bal-100ks/;0
/faston-rozvadec-6-3mm-modry-pro-kabel-1-5-2-5mm2-baleni-100ks/;/faston-rozvadec-6-3mm-modry-pro-kabel-1-5-2-5mm2--baleni-100ks/;0
/faston-rozvadec-6-3mm-cerveny-pro-kab-0-5-1-5mm2-baleni-100ks/;/faston-rozvadec-6-3mm-cerveny-pro-kab--0-5-1-5mm2--baleni-100ks/;0
/dutinka-pro-kabel-6mm2-cerna-e6018-baleni-100ks/;/dutinka-pro-kabel-6mm2-cerna--e6018-baleni-100ks/;0
/oko-kabelove-8-4mm-neizolovane-dj431-8-baleni-100ks/;/oko-kabelove-8-4mm-neizolovane--dj431-8-baleni-100ks/;0
/oko-kabelove-6-5mm-neizolovane-dj431-6c-baleni-100ks/;/oko-kabelove-6-5mm-neizolovane--dj431-6c-baleni-100ks/;0
/oko-kabelove-4-3mm-zlute-rvs-5-5-4/;/oko-kabelove-4-3mm-zlute--rvs-5-5-4-/;0
/dutinka-pro-dva-kabely-2-5mm2-modra-te2-5-10-baleni-100ks/;/dutinka-pro-dva-kabely-2-5mm2-modra--te2-5-10-baleni-100ks/;0
/dutinka-pro-dva-kabely-0-75mm2-seda-te0-75-8-baleni-100ks/;/dutinka-pro-dva-kabely-0-75mm2-seda--te0-75-8-baleni-100ks/;0
/dutinka-pro-dva-kabely-0-5mm2-bila-te0-5-8-baleni-100ks/;/dutinka-pro-dva-kabely-0-5mm2-bila--te0-5-8-baleni-100ks/;0
/dutinka-pro-kabel-1mm2-celokovova-en1010-baleni-100ks/;/dutinka-pro-kabel-1mm2-celokovova--en1010-baleni-100ks/;0
/ventilator-mini-rucni-stolni-ruhhy-27781/;/ventilator-mini-rucni-stolni-ruhhy-27781/;0
/vzdelavaci-podlozka-pro-deti-rebel-rby-2201-2-180-x-150-cm-auta-a-vlaky/;/vzdelavaci-podlozka-pro-deti-rebel-rby-2201-2-180-x-150-cm-auta-a-vlaky/;0
/vzdelavaci-podlozka-pro-deti-puzzle-rebel-rby-2252-4-120-x-120-medvidek/;/vzdelavaci-podlozka-pro-deti--puzzle-rebel-rby-2252-4-120-x-120-medvidek/;0
/vzdelavaci-podlozka-pro-deti-puzzle-rebel-rby-2250-16-150-x-150-s-ramem/;/vzdelavaci-podlozka-pro-deti--puzzle-rebel-rby-2250-16-150-x-150-s-ramem/;0
/vzdelavaci-podlozka-pro-deti-rebel-rby-2202-2-180-x-120-cm-auta-a-vlaky/;/vzdelavaci-podlozka-pro-deti-rebel-rby-2202-2-180-x-120-cm-auta-a-vlaky/;0
/vzdelavaci-podlozka-pro-deti-rebel-rby-2202-1-180-x-120-cm-medvidek/;/vzdelavaci-podlozka-pro-deti-rebel-rby-2202-1-180-x-120-cm-medvidek/;0
/vzdelavaci-podlozka-pro-deti-rebel-rby-2201-3-180-x-150-cm-les-a-zviata/;/vzdelavaci-podlozka-pro-deti-rebel-rby-2201-3-180-x-150-cm-les-a-zviata/;0
/vzdelavaci-podlozka-pro-deti-rebel-rby-2201-1-180-x-150-cm-medvidek/;/vzdelavaci-podlozka-pro-deti-rebel-rby-2201-1-180-x-150-cm-medvidek/;0
/vzdelavaci-podlozka-pro-deti-rebel-rby-2200-3-200-x-180-cm-les-a-zvirata/;/vzdelavaci-podlozka-pro-deti-rebel-rby-2200-3-200-x-180-cm-les-a-zvirata/;0
/vzdelavaci-podlozka-pro-deti-rebel-rby-2200-2-200-x-180-cm-auta-a-vlaky/;/vzdelavaci-podlozka-pro-deti-rebel-rby-2200-2-200-x-180-cm-auta-a-vlaky/;0
/vzdelavaci-podlozka-pro-deti-rebel-rby-2200-1-200-x-180-cm-medvidek/;/vzdelavaci-podlozka-pro-deti-rebel-rby-2200-1-200-x-180-cm-medvidek/;0
/e1v3-black-vel-m-mma-rukavice-dbx-bushido/;/e1v3-black-vel-m-mma-rukavice-dbx-bushido/;0
/fotovoltaicky-solarni-panel-solarfam-sz-120-36m-c/;/fotovoltaicky-solarni-panel-solarfam-sz-120-36m-c/;0
/hoverboard-rebel-cruiser-paint/;/hoverboard-rebel-cruiser-paint/;0
/pruchodka-m12-s-koncovkou-pro-husi-krk-10mm-ad10/;/pruchodka-m12-s-koncovkou-pro-husi-krk-10mm--ad10/;0
/vidlice-230v-euro-cee-3kolik/;/vidlice-230v-euro-cee--3kolik/;0
/kamera-ip-venkovni-kruger-matz-connect-c60-tuya-wi-fi/;/kamera-ip-venkovni-kruger-matz-connect-c60-tuya-wi-fi/;0
/baterie-lifepo4-12-8v-100ah-geti-gbl-12-100bv2-bluetooth/;/baterie-lifepo4-12-8v-100ah-geti-gbl-12-100bv2-bluetooth/;0
/boxovaci-pytel-dbx-bushido-150-cm-50-kg/;/boxovaci-pytel-dbx-bushido-150-cm-50-kg/;0
/zasuvka-vestav-uzamyk-23m238l-ip44-54-230v-16a-3p-6h-sikma-10-mikrospinac-speedpro/;/zasuvka-vestav--uzamyk--23m238l-ip44-54-230v-16a-3p-6h--sikma-10--mikrospinac-speedpro/;0
/zasuvka-vestavna-23m237-ip66-67-230v-16a-3p-6h-sikma-10-mikrospinac-nc-no-speedpro/;/zasuvka-vestavna-23m237-ip66-67-230v-16a-3p-6h--sikma-10--mikrospinac-nc--no-speedpro/;0
/virone-100x150-plastova-revizni-dvirka-cerna/;/virone-100x150-plastova-revizni-dvirka-cerna/;0
/virone-400x400-plastova-revizni-dvirka-cerna/;/virone-400x400-plastova-revizni-dvirka-cerna/;0
/motor-linearni-aktuator-la-t8-210-360mm-napajeni-12vdc-50n-15mm-s/;/motor-linearni-aktuator-la-t8--210-360mm--napajeni-12vdc--50n--15mm-s/;0
/virone-rs-9-dalkove-ovladane-zasuvky-2-1/;/virone-rs-9-dalkove-ovladane-zasuvky-2-1/;0
/kamera-ip-venkovni-kruger-matz-connect-c80-tuya-wi-fi/;/kamera-ip-venkovni-kruger-matz-connect-c80-tuya-wi-fi/;0
/virone-300x300-plastova-revizni-dvirka-cerna/;/virone-300x300-plastova-revizni-dvirka-cerna/;0
/virone-350x350-plastova-revizni-dvirka-cerna/;/virone-350x350-plastova-revizni-dvirka-cerna/;0
/virone-150x300-plastova-revizni-dvirka-cerna/;/virone-150x300-plastova-revizni-dvirka-cerna/;0
/virone-150x200-plastova-revizni-dvirka-cerna/;/virone-150x200-plastova-revizni-dvirka-cerna/;0
/virone-100x100-plastova-revizni-dvirka-cerna/;/virone-100x100-plastova-revizni-dvirka-cerna/;0
/virone-200x250-plastova-revizni-dvirka-cerna/;/virone-200x250-plastova-revizni-dvirka-cerna/;0
/virone-250x300-plastova-revizni-dvirka-cerna/;/virone-250x300-plastova-revizni-dvirka-cerna/;0
/virone-150x150-plastova-revizni-dvirka-cerna/;/virone-150x150-plastova-revizni-dvirka-cerna/;0
/virone-250x250-plastova-revizni-dvirka-cerna/;/virone-250x250-plastova-revizni-dvirka-cerna/;0
/prodlouzeni-patice-e27-delka-9-5-cm/;/prodlouzeni-patice-e27---delka-9-5-cm/;0
/prodlouzeni-patice-e27-delka-12-cm/;/prodlouzeni-patice-e27---delka-12-cm/;0
/prodlouzeni-patice-e27-delka-6-cm/;/prodlouzeni-patice-e27---delka-6-cm/;0
/redukce-patice-e14-e27/;/redukce-patice-e14-e27/;0
/patice-gu10-keramicka-s-privodnimi-vodici/;/patice-gu10-keramicka-s-privodnimi-vodici/;0
/cestovni-adapter-virone-goworld-ta-1/;/cestovni-adapter-virone-goworld-ta-1/;0
/dekoracni-ramecek-orno-fondi-rc-ad-od-6522-w-c-pro-bodove-svitidlo/;/dekoracni-ramecek-orno-fondi-rc-ad-od-6522-w-c-pro-bodove-svitidlo/;0
/dekoracni-ramecek-orno-fondi-rc-ad-od-6522-b-c-pro-bodove-svitidlo/;/dekoracni-ramecek-orno-fondi-rc-ad-od-6522-b-c-pro-bodove-svitidlo/;0
/radio-tesla-sound-dab65-s-dab-certifikaci-2200-mah/;/radio-tesla-sound-dab65-s-dab--certifikaci-2200-mah/;0
/krabice-rozbocovaci-plastova-s-vickem-na-srouby-4x-vstup-pg16-ip67-cerna-0298-09/;/krabice-rozbocovaci--plastova--s-vickem-na-srouby--4x-vstup-pg16--ip67--cerna--0298-09/;0
/is2-cerne-vel-xl-boxerske-omotavky-s-gelovou-vlozkou-rdx/;/is2-cerne-vel-xl-boxerske-omotavky-s-gelovou-vlozkou-rdx/;0
/sgr-t1r-vel-xl-chranice-holeni-rdx/;/sgr-t1r-vel-xl-chranice-holeni-rdx/;0
/r6-vel-xl-suspenzor-rdx/;/r6-vel-xl-suspenzor-rdx/;0
/r6-vel-s-suspenzor-rdx/;/r6-vel-s-suspenzor-rdx/;0
/f7-16-oz-boxerske-rukavice-rdx/;/f7-16-oz-boxerske-rukavice-rdx/;0
/f7-14-oz-boxerske-rukavice-rdx/;/f7-14-oz-boxerske-rukavice-rdx/;0
/f7-10-oz-boxerske-rukavice-rdx/;/f7-10-oz-boxerske-rukavice-rdx/;0
/spartan-150-40cm-50kg-retro-boxovaci-pytel-dbx-bushido/;/spartan-150-40cm-50kg-retro-boxovaci-pytel-dbx-bushido/;0
/sk25g-boxovaci-hruska-xxl-dbx-bushido/;/sk25g-boxovaci-hruska-xxl-dbx-bushido/;0
/sbrx-prazdny-140-x-31-cm-boxovaci-pytel-dbx-bushido/;/sbrx-prazdny-140-x-31-cm-boxovaci-pytel-dbx-bushido/;0
/sovereign-160-45cm-prazdny-profesionalni-kozeny-boxovaci-pytel-dbx-bushido/;/sovereign-160-45cm-prazdny-profesionalni-kozeny-boxovaci-pytel-dbx-bushido/;0
/sovereign-150-45cm-prazdny-profesionalni-kozeny-boxovaci-pytel-dbx-bushido/;/sovereign-150-45cm-prazdny-profesionalni-kozeny-boxovaci-pytel-dbx-bushido/;0
/sovereign-140-45cm-prazdny-profesionalni-kozeny-boxovaci-pytel-dbx-bushido/;/sovereign-140-45cm-prazdny-profesionalni-kozeny-boxovaci-pytel-dbx-bushido/;0
/sovereign-130-35cm-prazdny-profesionalni-kozeny-boxovaci-pytel-dbx-bushido/;/sovereign-130-35cm-prazdny-profesionalni-kozeny-boxovaci-pytel-dbx-bushido/;0
/sovereign-160-45cm-60kg-profesionalni-kozeny-boxovaci-pytel-dbx-bushido/;/sovereign-160-45cm-60kg-profesionalni-kozeny-boxovaci-pytel-dbx-bushido/;0
/sovereign-140-45cm-50kg-profesionalni-kozeny-boxovaci-pytel-dbx-bushido/;/sovereign-140-45cm-50kg-profesionalni-kozeny-boxovaci-pytel-dbx-bushido/;0
/sovereign-130-35cm-30kg-profesionalni-kozeny-boxovaci-pytel-dbx-bushido/;/sovereign-130-35cm-30kg-profesionalni-kozeny-boxovaci-pytel-dbx-bushido/;0
/ars-1168a-reflexni-mic-speedbag-dbx-bushido/;/ars-1168a-reflexni-mic-speedbag-dbx-bushido/;0
/md-white-obdelnikovy-drzak-na-boxovacy-pytel-do-150-kg-dbx-bushido/;/md-white-obdelnikovy-drzak-na-boxovacy-pytel-do-150-kg-dbx-bushido/;0
/dbx-gg2-vel-l-warrior-suspenzor-dbx-bushido/;/dbx-gg2-vel-l-warrior-suspenzor-dbx-bushido/;0
/dbx-gg2-vel-m-warrior-suspenzor-dbx-bushido/;/dbx-gg2-vel-m-warrior-suspenzor-dbx-bushido/;0
/dbx-gg2-vel-s-warrior-suspenzor-dbx-bushido/;/dbx-gg2-vel-s-warrior-suspenzor-dbx-bushido/;0
/dbx-gg1-vel-xl-profighter-suspenzor-dbx-bushido/;/dbx-gg1-vel-xl-profighter-suspenzor-dbx-bushido/;0
/dbx-gg1-vel-l-profighter-suspenzor-dbx-bushido/;/dbx-gg1-vel-l-profighter-suspenzor-dbx-bushido/;0
/dbx-gg1-vel-m-profighter-suspenzor-dbx-bushido/;/dbx-gg1-vel-m-profighter-suspenzor-dbx-bushido/;0
/dbx-gg1-vel-s-profighter-suspenzor-dbx-bushido/;/dbx-gg1-vel-s-profighter-suspenzor-dbx-bushido/;0
/bsb-1-chranic-hrudniku-dbx-bushido/;/bsb-1-chranic-hrudniku-dbx-bushido/;0
/dbx-kg-vel-m-chranice-kolen-dbx-bushido/;/dbx-kg-vel-m-chranice-kolen-dbx-bushido/;0
/dbx-eg-vel-l-chranice-loktu-dbx-bushido/;/dbx-eg-vel-l-chranice-loktu-dbx-bushido/;0
/dbx-eg-vel-m-chranice-loktu-dbx-bushido/;/dbx-eg-vel-m-chranice-loktu-dbx-bushido/;0
/arh-2193-vel-l-boxerska-helma-dbx-bushido/;/arh-2193-vel-l-boxerska-helma-dbx-bushido/;0
/arh-2193-vel-m-boxerska-helma-dbx-bushido/;/arh-2193-vel-m-boxerska-helma-dbx-bushido/;0
/dbx-eg-11-vel-xl-chranice-loktu-dbx-bushido/;/dbx-eg-11-vel-xl-chranice-loktu-dbx-bushido/;0
/dbx-0217a-chranice-kolen-dbx-bushido/;/dbx-0217a-chranice-kolen-dbx-bushido/;0
/dbx-t-1-vel-xl-rukavice-na-taekwondo-dbx-bushido/;/dbx-t-1-vel-xl-rukavice-na-taekwondo-dbx-bushido/;0
/dbx-t-1-vel-l-rukavice-na-taekwondo-dbx-bushido/;/dbx-t-1-vel-l-rukavice-na-taekwondo-dbx-bushido/;0
/dbx-t-1-vel-m-rukavice-na-taekwondo-dbx-bushido/;/dbx-t-1-vel-m-rukavice-na-taekwondo-dbx-bushido/;0
/dbx-t-1-vel-s-rukavice-na-taekwondo-dbx-bushido/;/dbx-t-1-vel-s-rukavice-na-taekwondo-dbx-bushido/;0
/dbx-km-vel-xl-cervene-rukavice-na-karate-dbx-bushido/;/dbx-km-vel-xl-cervene-rukavice-na-karate-dbx-bushido/;0
/dbx-km-vel-l-cervene-rukavice-na-karate-dbx-bushido/;/dbx-km-vel-l-cervene-rukavice-na-karate-dbx-bushido/;0
/dbx-km-vel-m-cervene-rukavice-na-karate-dbx-bushido/;/dbx-km-vel-m-cervene-rukavice-na-karate-dbx-bushido/;0
/dbx-km-vel-s-cervene-rukavice-na-karate-dbx-bushido/;/dbx-km-vel-s-cervene-rukavice-na-karate-dbx-bushido/;0
/dbx-km-vel-xl-modre-rukavice-na-karate-dbx-bushido/;/dbx-km-vel-xl-modre-rukavice-na-karate-dbx-bushido/;0
/dbx-km-vel-l-modre-rukavice-na-karate-dbx-bushido/;/dbx-km-vel-l-modre-rukavice-na-karate-dbx-bushido/;0
/dbx-km-vel-m-modre-rukavice-na-karate-dbx-bushido/;/dbx-km-vel-m-modre-rukavice-na-karate-dbx-bushido/;0
/dbx-km-vel-s-modre-rukavice-na-karate-dbx-bushido/;/dbx-km-vel-s-modre-rukavice-na-karate-dbx-bushido/;0
/b-2v17-16-oz-boxerske-rukavice-dbx-bushido/;/b-2v17-16-oz-boxerske-rukavice--dbx-bushido/;0
/warrior-red-16-oz-boxerske-rukavice-dbx-bushido/;/warrior-red-16-oz--boxerske-rukavice-dbx-bushido/;0
/warrior-red-14-oz-boxerske-rukavice-dbx-bushido/;/warrior-red-14-oz--boxerske-rukavice-dbx-bushido/;0
/warrior-red-12-oz-boxerske-rukavice-dbx-bushido/;/warrior-red-12-oz--boxerske-rukavice-dbx-bushido/;0
/warrior-red-10-oz-boxerske-rukavice-dbx-bushido/;/warrior-red-10-oz--boxerske-rukavice-dbx-bushido/;0
/warrior-black-14-oz-boxerske-rukavice-dbx-bushido/;/warrior-black-14-oz--boxerske-rukavice-dbx-bushido/;0
/warrior-black-12-oz-boxerske-rukavice-dbx-bushido/;/warrior-black-12-oz--boxerske-rukavice-dbx-bushido/;0
/warrior-black-10-oz-boxerske-rukavice-dbx-bushido/;/warrior-black-10-oz--boxerske-rukavice-dbx-bushido/;0
/warrior-vel-xl-cerne-premiove-mma-rukavice-dbx-bushido/;/warrior-vel-xl-cerne-premiove-mma-rukavice-dbx-bushido/;0
/warrior-vel-l-cerne-premiove-mma-rukavice-dbx-bushido/;/warrior-vel-l-cerne-premiove-mma-rukavice-dbx-bushido/;0
/warrior-vel-m-cerne-premiove-mma-rukavice-dbx-bushido/;/warrior-vel-m-cerne-premiove-mma-rukavice-dbx-bushido/;0
/warrior-vel-xl-cervene-premiove-mma-rukavice-dbx-bushido/;/warrior-vel-xl-cervene-premiove-mma-rukavice-dbx-bushido/;0
/warrior-vel-l-cervene-premiove-mma-rukavice-dbx-bushido/;/warrior-vel-l-cervene-premiove-mma-rukavice-dbx-bushido/;0
/warrior-vel-m-cervene-premiove-mma-rukavice-dbx-bushido/;/warrior-vel-m-cervene-premiove-mma-rukavice-dbx-bushido/;0
/striker-14-oz-boxerske-rukavice-dbx-bushido/;/striker-14-oz-boxerske-rukavice-dbx-bushido/;0
/striker-12-oz-boxerske-rukavice-dbx-bushido/;/striker-12-oz-boxerske-rukavice-dbx-bushido/;0
/striker-10-oz-boxerske-rukavice-dbx-bushido/;/striker-10-oz-boxerske-rukavice-dbx-bushido/;0
/b-profight-14-oz-boxerske-rukavice-dbx-bushido/;/b-profight-14-oz-boxerske-rukavice-dbx-bushido/;0
/b-profight-12-oz-boxerske-rukavice-dbx-bushido/;/b-profight-12-oz-boxerske-rukavice-dbx-bushido/;0
/b-profight-10-oz-boxerske-rukavice-dbx-bushido/;/b-profight-10-oz-boxerske-rukavice-dbx-bushido/;0
/b-2v15b-16-oz-boxerske-rukavice-dbx-bushido/;/b-2v15b-16-oz-boxerske-rukavice-dbx-bushido/;0
/b-2v15b-14-oz-boxerske-rukavice-dbx-bushido/;/b-2v15b-14-oz-boxerske-rukavice-dbx-bushido/;0
/b-2v15b-12-oz-boxerske-rukavice-dbx-bushido/;/b-2v15b-12-oz-boxerske-rukavice-dbx-bushido/;0
/b-2v15b-10-oz-boxerske-rukavice-dbx-bushido/;/b-2v15b-10-oz-boxerske-rukavice-dbx-bushido/;0
/arb-407-blue-12-oz-boxerske-rukavice-dbx-bushido/;/arb-407-blue-12-oz-boxerske-rukavice-dbx-bushido/;0
/arb-407-blue-10-oz-boxerske-rukavice-dbx-bushido/;/arb-407-blue-10-oz-boxerske-rukavice-dbx-bushido/;0
/b-2v21-16-oz-boxerske-rukavice-dbx-bushido/;/b-2v21-16-oz-boxerske-rukavice-dbx-bushido/;0
/b-2v21-14-oz-boxerske-rukavice-dbx-bushido/;/b-2v21-14-oz-boxerske-rukavice-dbx-bushido/;0
/b-2v21-12-oz-boxerske-rukavice-dbx-bushido/;/b-2v21-12-oz-boxerske-rukavice-dbx-bushido/;0
/b-2v21-10-oz-boxerske-rukavice-dbx-bushido/;/b-2v21-10-oz-boxerske-rukavice-dbx-bushido/;0
/black-dragon-vel-xl-mma-rukavice-dbx-bushido/;/black-dragon-vel-xl-mma-rukavice-dbx-bushido/;0
/black-dragon-vel-l-mma-rukavice-dbx-bushido/;/black-dragon-vel-l-mma-rukavice-dbx-bushido/;0
/black-dragon-vel-m-mma-rukavice-dbx-bushido/;/black-dragon-vel-m-mma-rukavice-dbx-bushido/;0
/gold-dragon-16-oz-boxerske-rukavice-dbx-bushido/;/gold-dragon-16-oz-boxerske-rukavice-dbx-bushido/;0
/gold-dragon-14-oz-boxerske-rukavice-dbx-bushido/;/gold-dragon-14-oz-boxerske-rukavice-dbx-bushido/;0
/gold-dragon-12-oz-boxerske-rukavice-dbx-bushido/;/gold-dragon-12-oz-boxerske-rukavice-dbx-bushido/;0
/gold-dragon-10-oz-boxerske-rukavice-dbx-bushido/;/gold-dragon-10-oz-boxerske-rukavice-dbx-bushido/;0
/gold-dragon-8-oz-boxerske-rukavice-dbx-bushido/;/gold-dragon-8-oz-boxerske-rukavice-dbx-bushido/;0
/e1v3-black-vel-xl-mma-rukavice-dbx-bushido/;/e1v3-black-vel-xl-mma-rukavice-dbx-bushido/;0
/e1v3-black-vel-l-mma-rukavice-dbx-bushido/;/e1v3-black-vel-l-mma-rukavice-dbx-bushido/;0
/b-2v23-14-oz-boxerske-rukavice-dbx-bushido/;/b-2v23-14-oz-boxerske-rukavice-dbx-bushido/;0
/b-2v23-10-oz-boxerske-rukavice-dbx-bushido/;/b-2v23-10-oz-boxerske-rukavice-dbx-bushido/;0
/b-2v22-16-oz-boxerske-rukavice-dbx-bushido/;/b-2v22-16-oz-boxerske-rukavice-dbx-bushido/;0
/b-2v22-14-oz-boxerske-rukavice-dbx-bushido/;/b-2v22-14-oz-boxerske-rukavice-dbx-bushido/;0
/b-2v22-12-oz-boxerske-rukavice-dbx-bushido/;/b-2v22-12-oz-boxerske-rukavice-dbx-bushido/;0
/b-2v22-10-oz-boxerske-rukavice-dbx-bushido/;/b-2v22-10-oz-boxerske-rukavice-dbx-bushido/;0
/b-2v20-14-oz-boxerske-rukavice-dbx-bushido/;/b-2v20-14-oz-boxerske-rukavice-dbx-bushido/;0
/b-2v20-12-oz-boxerske-rukavice-dbx-bushido/;/b-2v20-12-oz-boxerske-rukavice-dbx-bushido/;0
/b-2v20-10-oz-boxerske-rukavice-dbx-bushido/;/b-2v20-10-oz-boxerske-rukavice-dbx-bushido/;0
/e1v9-vel-xl-mma-rukavice-dbx-bushido/;/e1v9-vel-xl-mma-rukavice-dbx-bushido/;0
/b-2v8-14-oz-boxerske-rukavice-dbx-bushido/;/b-2v8-14-oz-boxerske-rukavice-dbx-bushido/;0
/b-2v8-12-oz-boxerske-rukavice-dbx-bushido/;/b-2v8-12-oz-boxerske-rukavice-dbx-bushido/;0
/b-2v8-10-oz-boxerske-rukavice-dbx-bushido/;/b-2v8-10-oz-boxerske-rukavice-dbx-bushido/;0
/dbx-b-w-everclean-10-oz-boxerske-rukavice-dbx-bushido/;/dbx-b-w-everclean-10-oz-boxerske-rukavice-dbx-bushido/;0
/dbx-b-w-everclean-8-oz-boxerske-rukavice-dbx-bushido/;/dbx-b-w-everclean-8-oz-boxerske-rukavice-dbx-bushido/;0
/b-2v16-14-oz-boxerske-rukavice-dbx-bushido/;/b-2v16-14-oz-boxerske-rukavice-dbx-bushido/;0
/b-2v16-12-oz-boxerske-rukavice-dbx-bushido/;/b-2v16-12-oz-boxerske-rukavice-dbx-bushido/;0
/b-2v16-10-oz-boxerske-rukavice-dbx-bushido/;/b-2v16-10-oz-boxerske-rukavice-dbx-bushido/;0
/b-2v16-8-oz-boxerske-rukavice-dbx-bushido/;/b-2v16-8-oz-boxerske-rukavice-dbx-bushido/;0
/b-2v18-14-oz-boxerske-rukavice-dbx-bushido/;/b-2v18-14-oz-boxerske-rukavice--dbx-bushido/;0
/b-2v18-12-oz-boxerske-rukavice-dbx-bushido/;/b-2v18-12-oz-boxerske-rukavice--dbx-bushido/;0
/b-2v18-10-oz-boxerske-rukavice-dbx-bushido/;/b-2v18-10-oz-boxerske-rukavice--dbx-bushido/;0
/b-2v18-8-oz-boxerske-rukavice-dbx-bushido/;/b-2v18-8-oz-boxerske-rukavice--dbx-bushido/;0
/b-2v17-14-oz-boxerske-rukavice-dbx-bushido/;/b-2v17-14-oz-boxerske-rukavice--dbx-bushido/;0
/b-2v17-12-oz-boxerske-rukavice-dbx-bushido/;/b-2v17-12-oz-boxerske-rukavice--dbx-bushido/;0
/b-2v17-8-oz-boxerske-rukavice-dbx-bushido/;/b-2v17-8-oz-boxerske-rukavice--dbx-bushido/;0
/1-15-kg-zatezova-vesta-dbx-bushido/;/1-15-kg-zatezova-vesta-dbx-bushido/;0
/b-2v10-16-oz-boxerske-rukavice-dbx-bushido/;/b-2v10-16-oz--boxerske-rukavice-dbx-bushido/;0
/b-2v10-8-oz-boxerske-rukavice-dbx-bushido/;/b-2v10-8-oz--boxerske-rukavice-dbx-bushido/;0
/kids60-modry-60-x-22-cm-7-kg-boxovaci-pytel-pro-deti-dbx-bushido/;/kids60-modry-60-x-22-cm-7-kg-boxovaci-pytel-pro-deti-dbx-bushido/;0
/kids60-cerveny-60-x-22-cm-7-kg-boxovaci-pytel-pro-deti-dbx-bushido/;/kids60-cerveny-60-x-22-cm-7-kg-boxovaci-pytel-pro-deti-dbx-bushido/;0
/mg-2-wb-chranic-zubu-dbx-bushido/;/mg-2-wb-chranic-zubu-dbx-bushido/;0
/to-black-40-cm-treninkovy-blok-dbx-bushido/;/to-black-40-cm-treninkovy-blok-dbx-bushido/;0
/to-red-40-cm-treninkovy-blok-dbx-bushido/;/to-red-40-cm-treninkovy-blok-dbx-bushido/;0
/mg-fight-chranic-zubu-dbx-bushido/;/mg-fight-chranic-zubu-dbx-bushido/;0
/mg-2-wg-chranic-zubu-dbx-bushido/;/mg-2-wg-chranic-zubu-dbx-bushido/;0
/arm-100021-bilo-zlaty-chranic-zubu-dbx-bushido/;/arm-100021-bilo-zlaty-chranic-zubu-dbx-bushido/;0
/dbx-p1-strenght-harness-postroj-s-expanderem-dbx-bushido/;/dbx-p1-strenght-harness-postroj-s-expanderem-dbx-bushido/;0
/b-2v19-14-oz-boxerske-rukavice-dbx-bushido/;/b-2v19-14-oz-boxerske-rukavice-dbx-bushido/;0
/b-2v19-12-oz-boxerske-rukavice-dbx-bushido/;/b-2v19-12-oz-boxerske-rukavice-dbx-bushido/;0
/b-2v19-10-oz-boxerske-rukavice-dbx-bushido/;/b-2v19-10-oz-boxerske-rukavice-dbx-bushido/;0
/b-2v19-8-oz-boxerske-rukavice-dbx-bushido/;/b-2v19-8-oz-boxerske-rukavice-dbx-bushido/;0
/sk15-cerno-cervena-15-kg-boxovaci-hruska-dbx-bushido/;/sk15-cerno-cervena-15-kg-boxovaci-hruska-dbx-bushido/;0
/sk15-cerno-bila-15-kg-boxovaci-hruska-dbx-bushido/;/sk15-cerno-bila-15-kg-boxovaci-hruska-dbx-bushido/;0
/sk30-cerno-cervena-30-kg-boxovaci-hruska-dbx-bushido/;/sk30-cerno-cervena-30-kg-boxovaci-hruska-dbx-bushido/;0
/sk30-cerno-bila-30-kg-boxovaci-hruska-dbx-bushido/;/sk30-cerno-bila-30-kg-boxovaci-hruska-dbx-bushido/;0
/sp-20-vel-s-chranice-holeni-a-nartu-dbx-bushido/;/sp-20-vel--s-chranice-holeni-a-nartu-dbx-bushido/;0
/r40-rozperny-kruh-na-retezy-boxovaciho-pytle-dbx-bushido/;/r40-rozperny-kruh-na-retezy-boxovaciho-pytle-dbx-bushido/;0
/r35-rozperny-kruh-na-retezy-boxovaciho-pytle-dbx-bushido/;/r35-rozperny-kruh-na-retezy-boxovaciho-pytle-dbx-bushido/;0
/leather-cleaner-150-ml-cistic-kozeneho-treninkoveho-vybaveni-dbx-bushido/;/leather-cleaner-150-ml-cistic-kozeneho-treninkoveho-vybaveni-dbx-bushido/;0
/b-132-vel-l-pytlove-rukavice-dbx-bushido/;/b-132-vel-l-pytlove-rukavice-dbx-bushido/;0
/b-132-vel-m-pytlove-rukavice-dbx-bushido/;/b-132-vel-m-pytlove-rukavice-dbx-bushido/;0
/sp-10v3-vel-xl-chranice-holeni-dbx-bushido/;/sp-10v3-vel-xl-chranice-holeni-dbx-bushido/;0
/sp-10v3-vel-l-chranice-holeni-dbx-bushido/;/sp-10v3-vel-l-chranice-holeni-dbx-bushido/;0
/sp-10v3-vel-m-chranice-holeni-dbx-bushido/;/sp-10v3-vel-m-chranice-holeni-dbx-bushido/;0
/sp-10v6-vel-xl-chranice-holeni-dbx-bushido/;/sp-10v6-vel-xl-chranice-holeni-dbx-bushido/;0
/sp-10v6-vel-l-chranice-holeni-dbx-bushido/;/sp-10v6-vel-l-chranice-holeni-dbx-bushido/;0
/sp-10v6-vel-m-chranice-holeni-dbx-bushido/;/sp-10v6-vel-m-chranice-holeni-dbx-bushido/;0
/arh-2190-b-vel-l-boxerska-helma-dbx-bushido/;/arh-2190-b-vel-l-boxerska-helma-dbx-bushido/;0
/arh-2190-b-vel-m-boxerska-helma-dbx-bushido/;/arh-2190-b-vel-m-boxerska-helma-dbx-bushido/;0
/karabina-7-mm-dbx-bushido/;/karabina-7-mm-dbx-bushido/;0
/e1v7-vel-xl-mma-rukavice-dbx-bushido/;/e1v7-vel-xl-mma-rukavice-dbx-bushido/;0
/e1v7-vel-l-mma-rukavice-dbx-bushido/;/e1v7-vel-l-mma-rukavice-dbx-bushido/;0
/e1v7-vel-m-mma-rukavice-dbx-bushido/;/e1v7-vel-m-mma-rukavice-dbx-bushido/;0
/dbx-sb-2-horizontalni-reflexni-mic-dbx-bushido/;/dbx-sb-2-horizontalni-reflexni-mic-dbx-bushido/;0
/e1v9-b-vel-xl-mma-rukavice-dbx-bushido/;/e1v9-b-vel-xl-mma-rukavice-dbx-bushido/;0
/e1v9-b-vel-l-mma-rukavice-dbx-bushido/;/e1v9-b-vel-l-mma-rukavice-dbx-bushido/;0
/e1v9-b-vel-m-mma-rukavice-dbx-bushido/;/e1v9-b-vel-m-mma-rukavice-dbx-bushido/;0
/gm-2-chranic-kloubu-s-omotavkou-dbx-bushido/;/gm-2-chranic-kloubu-s-omotavkou-dbx-bushido/;0
/gm-1-chranic-kloubu-s-omotavkou-dbx-bushido/;/gm-1-chranic-kloubu-s-omotavkou-dbx-bushido/;0
/b-2v15-16-oz-boxerske-rukavice-dbx-bushido/;/b-2v15-16-oz-boxerske-rukavice-dbx-bushido/;0
/b-2v15-14-oz-boxerske-rukavice-dbx-bushido/;/b-2v15-14-oz-boxerske-rukavice-dbx-bushido/;0
/b-2v15-12-oz-boxerske-rukavice-dbx-bushido/;/b-2v15-12-oz-boxerske-rukavice-dbx-bushido/;0
/b-2v15-10-oz-boxerske-rukavice-dbx-bushido/;/b-2v15-10-oz-boxerske-rukavice-dbx-bushido/;0
/b-2v14-16-oz-boxerske-rukavice-dbx-bushido/;/b-2v14-16-oz-boxerske-rukavice-dbx-bushido/;0
/b-2v14-14-oz-boxerske-rukavice-dbx-bushido/;/b-2v14-14-oz-boxerske-rukavice-dbx-bushido/;0
/b-2v14-12-oz-boxerske-rukavice-dbx-bushido/;/b-2v14-12-oz-boxerske-rukavice-dbx-bushido/;0
/b-2v14-10-oz-boxerske-rukavice-dbx-bushido/;/b-2v14-10-oz-boxerske-rukavice-dbx-bushido/;0
/sp-10v5-vel-xl-chranice-holeni-dbx-bushido/;/sp-10v5-vel-xl-chranice-holeni-dbx-bushido/;0
/sp-10v5-vel-l-chranice-holeni-dbx-bushido/;/sp-10v5-vel-l-chranice-holeni-dbx-bushido/;0
/sp-10v5-vel-m-chranice-holeni-dbx-bushido/;/sp-10v5-vel-m-chranice-holeni-dbx-bushido/;0
/b-2v12-16-oz-boxerske-rukavice-dbx-bushido/;/b-2v12-16-oz-boxerske-rukavice--dbx-bushido/;0
/dbx-w-10b-treninkovy-blok-na-zed-dbx-bushido/;/dbx-w-10b-treninkovy-blok-na-zed-dbx-bushido/;0
/arm-2011d-vel-xl-mma-rukavice-dbx-bushido/;/arm-2011d-vel-xl-mma-rukavice-dbx-bushido/;0
/arm-2011d-vel-l-mma-rukavice-dbx-bushido/;/arm-2011d-vel-l-mma-rukavice-dbx-bushido/;0
/arm-2011d-vel-m-mma-rukavice-dbx-bushido/;/arm-2011d-vel-m-mma-rukavice-dbx-bushido/;0
/arb-407v3-6-oz-boxerske-rukavice-dbx-bushido/;/arb-407v3-6-oz-boxerske-rukavice-dbx-bushido/;0
/b-2v12-14-oz-boxerske-rukavice-dbx-bushido/;/b-2v12-14-oz-boxerske-rukavice--dbx-bushido/;0
/b-2v12-12-oz-boxerske-rukavice-dbx-bushido/;/b-2v12-12-oz-boxerske-rukavice--dbx-bushido/;0
/b-2v12-10-oz-boxerske-rukavice-dbx-bushido/;/b-2v12-10-oz-boxerske-rukavice--dbx-bushido/;0
/b-2v12-8-oz-boxerske-rukavice-dbx-bushido/;/b-2v12-8-oz-boxerske-rukavice--dbx-bushido/;0
/b-2v12-6-oz-boxerske-rukavice-dbx-bushido/;/b-2v12-6-oz-boxerske-rukavice--dbx-bushido/;0
/b-2v13-16-oz-boxerske-rukavice-dbx-bushido/;/b-2v13-16-oz-boxerske-rukavice--dbx-bushido/;0
/b-2v13-14-oz-boxerske-rukavice-dbx-bushido/;/b-2v13-14-oz-boxerske-rukavice--dbx-bushido/;0
/b-2v13-12-oz-boxerske-rukavice-dbx-bushido/;/b-2v13-12-oz-boxerske-rukavice--dbx-bushido/;0
/b-2v13-10-oz-boxerske-rukavice-dbx-bushido/;/b-2v13-10-oz-boxerske-rukavice--dbx-bushido/;0
/ks-2-40-cm-treninkovy-blok-dbx-bushido/;/ks-2-40-cm-treninkovy-blok-dbx-bushido/;0
/boxerska-helma-dbx-bushido-arh-2190-vel-xl/;/boxerska-helma-dbx-bushido-arh-2190-vel--xl/;0
/boxovaci-pytel-gympro-140-40cm-40kg-dbx-bushido/;/boxovaci-pytel-gympro-140-40cm-40kg-dbx-bushido/;0
/boxovaci-pytel-gympro-junior-80-30cm-15kg-dbx-bushido/;/boxovaci-pytel-gympro-junior-80-30cm-15kg-dbx-bushido/;0
/b-3w-14-oz-boxerske-rukavice-dbx-bushido/;/b-3w-14-oz--boxerske-rukavice-dbx-bushido/;0
/b-3w-12-oz-boxerske-rukavice-dbx-bushido/;/b-3w-12-oz--boxerske-rukavice-dbx-bushido/;0
/b-3w-10-oz-boxerske-rukavice-dbx-bushido/;/b-3w-10-oz--boxerske-rukavice-dbx-bushido/;0
/arc-1505-chranic-hrudniku-dbx-bushido/;/arc-1505-chranic-hrudniku-dbx-bushido/;0
/nastenny-drzak-na-boxovaci-pytel-do-150-kg-dbx-bushido/;/nastenny-drzak-na-boxovaci-pytel-do-150-kg-dbx-bushido/;0
/ot1-vel-l-dbx-bushido-chranic-hrudniku/;/ot1-vel--l-dbx-bushido-chranic-hrudniku/;0
/arg-2152-vel-l-suspenzor-dbx-bushido/;/arg-2152-vel-l-suspenzor-dbx-bushido/;0
/arg-2152-vel-m-suspenzor-dbx-bushido/;/arg-2152-vel-m-suspenzor-dbx-bushido/;0
/ot1-vel-m-dbx-bushido-chranic-hrudniku/;/ot1-vel--m-dbx-bushido-chranic-hrudniku/;0
/boxerska-helma-dbx-bushido-arh-2190r-vel-xl/;/boxerska-helma-dbx-bushido-arh-2190r-vel--xl/;0
/hydro-bag-2-0-80-kg-boxovaci-pytel-dbx-bushido-cerny/;/hydro-bag-2-0-80-kg-boxovaci-pytel-dbx-bushido-cerny/;0
/hydro-bag-2-0-25-kg-boxovaci-pytel-dbx-bushido-cerny/;/hydro-bag-2-0-25-kg-boxovaci-pytel-dbx-bushido-cerny/;0
/arm-100021-cerno-cerveny-juniorsky-chranic-zubu-dbx-bushido/;/arm-100021-cerno-cerveny-juniorsky-chranic-zubu-dbx-bushido/;0
/arh-2192-vel-l-boxerska-helma-dbx-bushido/;/arh-2192-vel--l-boxerska-helma-dbx-bushido/;0
/arh-2192-vel-m-boxerska-helma-dbx-bushido/;/arh-2192-vel--m-boxerska-helma-dbx-bushido/;0
/mg-2-cerny-chranic-zubu-s-tesaky-dbx-bushido/;/mg-2-cerny-chranic-zubu-s-tesaky-dbx-bushido/;0
/arp-2112-vel-xl-chranice-nartu-dbx-bushido/;/arp-2112-vel--xl-chranice-nartu-dbx-bushido/;0
/arp-2112-vel-l-chranice-nartu-dbx-bushido/;/arp-2112-vel--l-chranice-nartu-dbx-bushido/;0
/arp-2112-vel-s-chranice-nartu-dbx-bushido/;/arp-2112-vel--s-chranice-nartu-dbx-bushido/;0
/t55-bily-treninkovy-blok-dbx-bushido-55-cm/;/t55-bily-treninkovy-blok-dbx-bushido-55-cm/;0
/t42-bily-treninkovy-blok-dbx-bushido-42-cm/;/t42-bily-treninkovy-blok-dbx-bushido-42-cm/;0
/b-2v9-14-oz-boxerske-rukavice-dbx-bushido/;/b-2v9-14-oz--boxerske-rukavice-dbx-bushido/;0
/b-2v9-12-oz-boxerske-rukavice-dbx-bushido/;/b-2v9-12-oz--boxerske-rukavice-dbx-bushido/;0
/b-2v9-10-oz-boxerske-rukavice-dbx-bushido/;/b-2v9-10-oz--boxerske-rukavice-dbx-bushido/;0
/sp-20-vel-xl-chranice-holeni-a-nartu-dbx-bushido/;/sp-20-vel--xl-chranice-holeni-a-nartu-dbx-bushido/;0
/sp-20-vel-l-chranice-holeni-a-nartu-dbx-bushido/;/sp-20-vel--l-chranice-holeni-a-nartu-dbx-bushido/;0
/sp-20-vel-m-chranice-holeni-a-nartu-dbx-bushido/;/sp-20-vel--m-chranice-holeni-a-nartu-dbx-bushido/;0
/sp-20v1-vel-xl-chranice-holeni-a-nartu-dbx-bushido/;/sp-20v1-vel--xl-chranice-holeni-a-nartu-dbx-bushido/;0
/sp-20v1-vel-l-chranice-holeni-a-nartu-dbx-bushido/;/sp-20v1-vel--l-chranice-holeni-a-nartu-dbx-bushido/;0
/sp-20v1-vel-m-chranice-holeni-a-nartu-dbx-bushido/;/sp-20v1-vel--m-chranice-holeni-a-nartu-dbx-bushido/;0
/sp-20v2-vel-xl-chranice-holeni-a-nartu-dbx-bushido/;/sp-20v2-vel--xl-chranice-holeni-a-nartu-dbx-bushido/;0
/sp-20v2-vel-l-chranice-holeni-a-nartu-dbx-bushido/;/sp-20v2-vel--l-chranice-holeni-a-nartu-dbx-bushido/;0
/sp-20v2-vel-m-chranice-holeni-a-nartu-dbx-bushido/;/sp-20v2-vel--m-chranice-holeni-a-nartu-dbx-bushido/;0
/treninkovy-blok-dbx-bushido-t75-75x35x16-cm/;/treninkovy-blok-dbx-bushido-t75-75x35x16-cm/;0
/treninkovy-blok-dbx-bushido-t75b-75x35x16-cm/;/treninkovy-blok-dbx-bushido-t75b-75x35x16-cm/;0
/ars-200-otocna-hlavice-pro-boxovaci-hrusku-dbx-bushido/;/ars-200-otocna-hlavice-pro-boxovaci-hrusku-dbx-bushido/;0
/arw-5051-gumovy-nuz-dbx-bushido/;/arw-5051-gumovy-nuz-dbx-bushido/;0
/arh-2180-vel-m-boxerska-helma-dbx-bushido/;/arh-2180-vel--m-boxerska-helma-dbx-bushido/;0
/arf-1119-oboustranne-lapy-dbx-bushido/;/arf-1119-oboustranne-lapy-dbx-bushido/;0
/ks-1-treninkovy-blok-kruhovy-dbx-bushido-45-cm/;/ks-1-treninkovy-blok-kruhovy-dbx-bushido-45-cm/;0
/bb5-14-oz-boxerske-rukavice-dbx-bushido/;/bb5-14-oz-boxerske-rukavice-dbx-bushido/;0
/bb5-12-oz-boxerske-rukavice-dbx-bushido/;/bb5-12-oz-boxerske-rukavice-dbx-bushido/;0
/bb5-10-oz-boxerske-rukavice-dbx-bushido/;/bb5-10-oz-boxerske-rukavice-dbx-bushido/;0
/bb4-14-oz-boxerske-rukavice-dbx-bushido/;/bb4-14-oz-boxerske-rukavice-dbx-bushido/;0
/bb4-12-oz-boxerske-rukavice-dbx-bushido/;/bb4-12-oz-boxerske-rukavice-dbx-bushido/;0
/bb4-10-oz-boxerske-rukavice-dbx-bushido/;/bb4-10-oz-boxerske-rukavice-dbx-bushido/;0
/bb2-10-oz-boxerske-rukavice-dbx-bushido/;/bb2-10-oz-boxerske-rukavice-dbx-bushido/;0
/arm-2023-vel-xl-mma-rukavice-dbx-bushido/;/arm-2023-vel--xl-mma-rukavice-dbx-bushido/;0
/arm-2023-vel-l-mma-rukavice-dbx-bushido/;/arm-2023-vel--l-mma-rukavice-dbx-bushido/;0
/arm-2023-vel-m-mma-rukavice-dbx-bushido/;/arm-2023-vel--m-mma-rukavice-dbx-bushido/;0
/arm-2011b-vel-l-xl-mma-rukavice-dbx-bushido/;/arm-2011b-vel--l-xl-mma-rukavice-dbx-bushido/;0
/arm-2011b-vel-s-m-mma-rukavice-dbx-bushido/;/arm-2011b-vel--s-m-mma-rukavice-dbx-bushido/;0
/dbd-sp-10v4-vel-xl-chranice-holeni-dbx-bushido/;/dbd-sp-10v4-vel--xl-chranice-holeni-dbx-bushido/;0
/dbd-sp-10v4-vel-l-chranice-holeni-dbx-bushido/;/dbd-sp-10v4-vel--l-chranice-holeni-dbx-bushido/;0
/dbd-sp-10v4-vel-m-chranice-holeni-dbx-bushido/;/dbd-sp-10v4-vel--m-chranice-holeni-dbx-bushido/;0
/b-2v10-14-oz-boxerske-rukavice-dbx-bushido/;/b-2v10-14-oz--boxerske-rukavice-dbx-bushido/;0
/b-2v10-12-oz-boxerske-rukavice-dbx-bushido/;/b-2v10-12-oz--boxerske-rukavice-dbx-bushido/;0
/b-2v10-10-oz-boxerske-rukavice-dbx-bushido/;/b-2v10-10-oz--boxerske-rukavice-dbx-bushido/;0
/e1v8-vel-xl-mma-rukavice-dbx-bushido/;/e1v8-vel--xl-mma-rukavice-dbx-bushido/;0
/e1v8-vel-l-mma-rukavice-dbx-bushido/;/e1v8-vel--l-mma-rukavice-dbx-bushido/;0
/e1v8-vel-m-mma-rukavice-dbx-bushido/;/e1v8-vel--m-mma-rukavice-dbx-bushido/;0
/p2-dbx-striker-dbx-bushido-postroj/;/p2-dbx-striker-dbx-bushido-postroj/;0
/arg-2154b-vel-xl-suspenzor-dbx-bushido/;/arg-2154b-vel--xl-suspenzor-dbx-bushido/;0
/arg-2154b-vel-l-suspenzor-dbx-bushido/;/arg-2154b-vel--l-suspenzor-dbx-bushido/;0
/arg-2154b-vel-m-suspenzor-dbx-bushido/;/arg-2154b-vel--m-suspenzor-dbx-bushido/;0
/ars-2054-vel-xl-chranice-nartu-a-kotniku-dbx-bushido/;/ars-2054-vel-xl-chranice-nartu-a-kotniku-dbx-bushido/;0
/ars-2054-vel-l-chranice-nartu-a-kotniku-dbx-bushido/;/ars-2054-vel-l-chranice-nartu-a-kotniku-dbx-bushido/;0
/ars-2054-vel-m-chranice-nartu-a-kotniku-dbx-bushido/;/ars-2054-vel-m-chranice-nartu-a-kotniku-dbx-bushido/;0
/ars-2054-vel-s-chranice-nartu-a-kotniku-dbx-bushido/;/ars-2054-vel-s-chranice-nartu-a-kotniku-dbx-bushido/;0
/treninkove-posilovaci-lano-15m-dbx-bushido/;/treninkove-posilovaci-lano-15m-dbx-bushido/;0
/chranic-holeni-dbx-bushido-dbd-sp-10v2-vel-xl/;/chranic-holeni-dbx-bushido-dbd-sp-10v2-vel-xl/;0
/chranic-holeni-dbx-bushido-dbd-sp-10v2-vel-l/;/chranic-holeni-dbx-bushido-dbd-sp-10v2-vel-l/;0
/chranic-holeni-dbx-bushido-dbd-sp-10v2-vel-m/;/chranic-holeni-dbx-bushido-dbd-sp-10v2-vel-m/;0
/chranic-holeni-dbx-bushido-dbd-sp-10v1-vel-xl/;/chranic-holeni-dbx-bushido-dbd-sp-10v1-vel-xl/;0
/chranic-holeni-dbx-bushido-dbd-sp-10v1-vel-l/;/chranic-holeni-dbx-bushido-dbd-sp-10v1-vel-l/;0
/chranic-holeni-dbx-bushido-dbd-sp-10v1-vel-m/;/chranic-holeni-dbx-bushido-dbd-sp-10v1-vel-m/;0
/ars-1150r-reflexni-mic-speedbag-dbx-bushido/;/ars-1150r-reflexni-mic-speedbag-dbx-bushido/;0
/treninkove-posilovaci-lano-12m-dbx-bushido/;/treninkove-posilovaci-lano-12m-dbx-bushido/;0
/chranic-usi-dbx-bushido-dbx-eg-1/;/chranic-usi-dbx-bushido-dbx-eg-1/;0
/boxerska-omotavka-dbx-bushido-pro-modra/;/boxerska-omotavka-dbx-bushido-pro-modra/;0
/boxerska-omotavka-dbx-bushido-pro-cerna/;/boxerska-omotavka-dbx-bushido-pro-cerna/;0
/boxerske-rukavice-dbx-bushido-arb407v2-6-oz/;/boxerske-rukavice-dbx-bushido-arb407v2-6-oz/;0
/boxerske-rukavice-dbx-bushido-arb407v1-6-oz/;/boxerske-rukavice-dbx-bushido-arb407v1-6-oz/;0
/boxovaci-pytel-dbx-bushido-premium-140-cm-40-kg/;/boxovaci-pytel-dbx-bushido-premium-140-cm-40-kg/;0
/chranic-zubu-dbx-bushido-ciry-juniorsky/;/chranic-zubu-dbx-bushido-ciry-juniorsky/;0
/boxerske-rukavice-dbx-bushido-b-2v4-12-oz/;/boxerske-rukavice-dbx-bushido-b-2v4-12-oz/;0
/boxerske-rukavice-dbx-bushido-b-2v4-10-oz/;/boxerske-rukavice-dbx-bushido-b-2v4-10-oz/;0
/ars-1150b-reflexni-mic-speedbag-dbx-bushido/;/ars-1150b-reflexni-mic-speedbag-dbx-bushido/;0
/reflexni-mic-speedbag-dbx-bushido-ars-1171-b/;/reflexni-mic--speedbag-dbx-bushido-ars-1171-b/;0
/treninkove-posilovaci-lano-9m-dbx-bushido/;/treninkove-posilovaci-lano-9m-dbx-bushido/;0
/1-40-kg-zatezova-vesta-dbx-bushido/;/1-40-kg-zatezova-vesta-dbx-bushido/;0
/boxerska-helma-dbx-bushido-arh-2190-vel-l/;/boxerska-helma-dbx-bushido-arh-2190-vel--l/;0
/boxerska-helma-dbx-bushido-arh-2190-vel-m/;/boxerska-helma-dbx-bushido-arh-2190-vel--m/;0
/chranic-zubu-dbx-bushido-cerno-cerveny/;/chranic-zubu-dbx-bushido-cerno-cerveny/;0
/chranic-zubu-dbx-bushido-bilo-modry/;/chranic-zubu-dbx-bushido-bilo-modry/;0
/boxerska-helma-dbx-bushido-arh-2190r-vel-l/;/boxerska-helma-dbx-bushido-arh-2190r-vel--l/;0
/boxerska-helma-dbx-bushido-arh-2190r-vel-m/;/boxerska-helma-dbx-bushido-arh-2190r-vel--m/;0
/boxerska-helma-dbx-bushido-arh-2190r-vel-s/;/boxerska-helma-dbx-bushido-arh-2190r-vel--s/;0
/mma-rukavice-dbx-bushido-arm-2011a-s-m/;/mma-rukavice-dbx-bushido-arm-2011a-s-m/;0
/mma-rukavice-dbx-bushido-arm-2011a-l-xl/;/mma-rukavice-dbx-bushido-arm-2011a-l-xl/;0
/mma-rukavice-dbx-bushido-e1v6-vel-xl/;/mma-rukavice-dbx-bushido-e1v6-vel--xl/;0
/mma-rukavice-dbx-bushido-e1v6-vel-l/;/mma-rukavice-dbx-bushido-e1v6-vel--l/;0
/mma-rukavice-dbx-bushido-e1v6-vel-m/;/mma-rukavice-dbx-bushido-e1v6-vel--m/;0
/boxerske-rukavice-dbx-bushido-b-2v3a-14-oz/;/boxerske-rukavice-dbx-bushido-b-2v3a-14-oz/;0
/boxerske-rukavice-dbx-bushido-b-2v3a-12-oz/;/boxerske-rukavice-dbx-bushido-b-2v3a-12-oz/;0
/boxerske-rukavice-dbx-bushido-b-2v3a-10-oz/;/boxerske-rukavice-dbx-bushido-b-2v3a-10-oz/;0
/kids80-cerveny-80-x-30-cm-15-20-kg-boxovaci-pytel-pro-deti-dbx-bushido/;/kids80-cerveny-80-x-30-cm-15-20-kg-boxovaci-pytel-pro-deti-dbx-bushido/;0
/kids80-modry-80-x-30-cm-15-20-kg-boxovaci-pytel-pro-deti-dbx-bushido/;/kids80-modry-80-x-30-cm-15-20-kg-boxovaci-pytel-pro-deti-dbx-bushido/;0
/boxovaci-hruska-dbx-bushido-ars-1152m/;/boxovaci-hruska-dbx-bushido-ars-1152m/;0
/ars-1201a-treninkovy-blok-dbx-bushido/;/ars-1201a-treninkovy-blok-dbx-bushido/;0
/arb-415-16-oz-boxerske-rukavice-dbx-bushido/;/arb-415-16-oz-boxerske-rukavice-dbx-bushido/;0
/boxovaci-hakovy-pytel-dbx-bushido-140-cm-40-kg/;/boxovaci-hakovy-pytel-dbx-bushido-140-cm-40-kg/;0
/treninkovy-blok-na-zed-dbx-bushido-ts/;/treninkovy-blok-na-zed-dbx-bushido-ts/;0
/sk25-boxovaci-hruska-xxl-dbx-bushido/;/sk25-boxovaci-hruska-xxl-dbx-bushido/;0
/treninkove-obusky-dbx-bushido/;/treninkove-obusky-dbx-bushido/;0
/dvojita-boxovaci-hruska-dbx-bushido-ars-1153/;/dvojita-boxovaci-hruska-dbx-bushido-ars-1153/;0
/boxerske-rukavice-dbx-bushido-b-2v6-vel-14-oz/;/boxerske-rukavice-dbx-bushido-b-2v6-vel-14-oz/;0
/boxerske-rukavice-dbx-bushido-dbd-b-2-vel-14-oz/;/boxerske-rukavice-dbx-bushido-dbd-b-2-vel-14-oz/;0
/boxerske-rukavice-dbx-bushido-dbd-b-2-vel-12-oz/;/boxerske-rukavice-dbx-bushido-dbd-b-2-vel-12-oz/;0
/boxerske-rukavice-dbx-bushido-dbd-b-2-vel-10-oz/;/boxerske-rukavice-dbx-bushido-dbd-b-2-vel-10-oz/;0
/gelove-rukavice-dbx-bushido-zlute-vel-l-xl/;/gelove-rukavice-dbx-bushido-zlute-vel--l-xl/;0
/gelove-rukavice-dbx-bushido-zlute-vel-s-m/;/gelove-rukavice-dbx-bushido-zlute-vel--s-m/;0
/gelove-rukavice-dbx-bushido-cervene-vel-l-xl/;/gelove-rukavice-dbx-bushido-cervene-vel--l-xl/;0
/gelove-rukavice-dbx-bushido-cervene-vel-s-m/;/gelove-rukavice-dbx-bushido-cervene-vel--s-m/;0
/boxerska-omotavka-dbx-bushido-modra/;/boxerska-omotavka-dbx-bushido-modra/;0
/boxerska-omotavka-dbx-bushido-cervena/;/boxerska-omotavka-dbx-bushido-cervena/;0
/boxerska-omotavka-dbx-bushido-cerna/;/boxerska-omotavka-dbx-bushido-cerna/;0
/chranic-na-zuby-dbx-bushido-cerny/;/chranic-na-zuby-dbx-bushido-cerny/;0
/1-36-kg-zatezova-vesta-dbx-bushido/;/1-36-kg-zatezova-vesta-dbx-bushido/;0
/1-30-kg-zatezova-vesta-dbx-bushido/;/1-30-kg-zatezova-vesta-dbx-bushido/;0
/1-10-kg-zatezova-vesta-dbx-bushido/;/1-10-kg-zatezova-vesta-dbx-bushido/;0
/arb-415-14-oz-boxerske-rukavice-dbx-bushido/;/arb-415-14-oz-boxerske-rukavice-dbx-bushido/;0
/arb-415-12-oz-boxerske-rukavice-dbx-bushido/;/arb-415-12-oz-boxerske-rukavice-dbx-bushido/;0
/mma-rukavice-dbx-bushido-arm-2011-l-xl/;/mma-rukavice-dbx-bushido-arm-2011-l-xl/;0
/chranic-holeni-dbx-bushido-dbd-sp-11-vel-xl/;/chranic-holeni-dbx-bushido-dbd-sp-11-vel-xl/;0
/chranic-holeni-dbx-bushido-dbd-sp-11-vel-l/;/chranic-holeni-dbx-bushido-dbd-sp-11-vel-l/;0
/chranic-holeni-dbx-bushido-dbd-sp-10-vel-xl/;/chranic-holeni-dbx-bushido-dbd-sp-10-vel--xl/;0
/chranic-holeni-dbx-bushido-dbd-sp-10-vel-l/;/chranic-holeni-dbx-bushido-dbd-sp-10-vel-l/;0
/chranic-holeni-dbx-bushido-dbd-sp-11-vel-m/;/chranic-holeni-dbx-bushido-dbd-sp-11-vel-m/;0
/chranic-holeni-dbx-bushido-dbd-sp-10-vel-m/;/chranic-holeni-dbx-bushido-dbd-sp-10-vel-m/;0
/t55-cerveny-treninkovy-blok-dbx-bushido-55-cm/;/t55-cerveny-treninkovy-blok-dbx-bushido-55-cm/;0
/t42-cerveny-treninkovy-blok-dbx-bushido-42-cm/;/t42-cerveny-treninkovy-blok-dbx-bushido-42-cm/;0
/msdbx-nastenny-drzak-na-boxovaci-pytel-do-350-kg-dbx-bushido/;/msdbx-nastenny-drzak-na-boxovaci-pytel-do-350-kg-dbx-bushido/;0
/md-obdelnikovy-drzak-na-boxovacy-pytel-do-150-kg-dbx-bushido/;/md-obdelnikovy-drzak-na-boxovacy-pytel-do-150-kg-dbx-bushido/;0
/ctvercovy-stropni-drzak-na-boxovaci-pytel-do-50-kg-dbx-bushido/;/ctvercovy-stropni-drzak-na-boxovaci-pytel-do-50-kg-dbx-bushido/;0
/boxovaci-pytel-dbx-bushido-180-cm-60-kg/;/boxovaci-pytel-dbx-bushido-180-cm-60-kg/;0
/boxovaci-pytel-dbx-bushido-160-cm-50-kg/;/boxovaci-pytel-dbx-bushido-160-cm-50-kg/;0
/boxovaci-pytel-dbx-bushido-140-cm-40-kg/;/boxovaci-pytel-dbx-bushido-140-cm-40-kg/;0
/boxovaci-pytel-dbx-bushido-130-cm-30-kg/;/boxovaci-pytel-dbx-bushido-130-cm-30-kg/;0
/boxovaci-pytel-dbx-bushido-180-x-45-cm-prazdny/;/boxovaci-pytel-dbx-bushido-180-x-45-cm-prazdny/;0
/boxovaci-pytel-dbx-bushido-160-x-40-cm-prazdny/;/boxovaci-pytel-dbx-bushido-160-x-40-cm-prazdny/;0
/boxovaci-pytel-dbx-bushido-150-x-40-cm-prazdny/;/boxovaci-pytel-dbx-bushido-150-x-40-cm-prazdny/;0
/boxovaci-pytel-dbx-bushido-130-x-35-cm-prazdny/;/boxovaci-pytel-dbx-bushido-130-x-35-cm-prazdny/;0
/lapa-na-kopy-dbx-bushido-p2/;/lapa-na-kopy-dbx-bushido-p2/;0
/lapa-na-kopy-dbx-bushido-p1/;/lapa-na-kopy-dbx-bushido-p1/;0
/arf-1101-s-boxerske-lapy-dbx-bushido/;/arf-1101-s-boxerske-lapy-dbx-bushido/;0
/arf-1101-boxerske-lapy-dbx-bushido/;/arf-1101-boxerske-lapy-dbx-bushido/;0
/boxovaci-hruska-dbx-bushido-ars-1152/;/boxovaci-hruska-dbx-bushido-ars-1152/;0
/reflexni-mic-speedbag-dbx-bushido-pr/;/reflexni-mic--speedbag-dbx-bushido-pr/;0
/reflexni-mic-speedbag-dbx-bushido-ars-1164a/;/reflexni-mic--speedbag-dbx-bushido-ars-1164a/;0
/reflexni-mic-speedbag-dbx-bushido-ars-1164/;/reflexni-mic--speedbag-dbx-bushido-ars-1164/;0
/arb-727-vel-l-mitts-classic-pytlove-rukavice-dbx-bushido/;/arb-727-vel-l-mitts-classic-pytlove-rukavice-dbx-bushido/;0
/arb-727-vel-m-mitts-classic-pytlove-rukavice-dbx-bushido/;/arb-727-vel-m-mitts-classic-pytlove-rukavice-dbx-bushido/;0
/rp4-mitts-red-pytlove-rukavice-dbx-bushido/;/rp4-mitts-red-pytlove-rukavice-dbx-bushido/;0
/boxerske-rukavice-dbx-bushido-dbd-b-3-14-oz/;/boxerske-rukavice-dbx-bushido-dbd-b-3-14-oz/;0
/boxerske-rukavice-dbx-bushido-dbd-b-3-12-oz/;/boxerske-rukavice-dbx-bushido-dbd-b-3-12-oz/;0
/boxerske-rukavice-dbx-bushido-arb-431-bile-12-oz/;/boxerske-rukavice-dbx-bushido-arb-431-bile-12-oz/;0
/mma-rukavice-dbx-bushido-e1v4-vel-xl/;/mma-rukavice-dbx-bushido-e1v4-vel--xl/;0
/mma-rukavice-dbx-bushido-e1v4-vel-l/;/mma-rukavice-dbx-bushido-e1v4-vel--l/;0
/mma-rukavice-dbx-bushido-e1v3-vel-xl/;/mma-rukavice-dbx-bushido-e1v3-vel--xl/;0
/mma-rukavice-dbx-bushido-e1v3-vel-l/;/mma-rukavice-dbx-bushido-e1v3-vel--l/;0
/mma-rukavice-dbx-bushido-arm-2014a-vel-l-xl/;/mma-rukavice-dbx-bushido-arm-2014a-vel--l-xl/;0
/mma-rukavice-dbx-bushido-e1v1-vel-xl/;/mma-rukavice-dbx-bushido-e1v1-vel--xl/;0
/mma-rukavice-dbx-bushido-e1v1-vel-l/;/mma-rukavice-dbx-bushido-e1v1-vel--l/;0
/mma-rukavice-dbx-bushido-e1v4-vel-m/;/mma-rukavice-dbx-bushido-e1v4-vel--m/;0
/mma-rukavice-dbx-bushido-e1v3-vel-m/;/mma-rukavice-dbx-bushido-e1v3-vel--m/;0
/mma-rukavice-dbx-bushido-e1v1-vel-m/;/mma-rukavice-dbx-bushido-e1v1-vel--m/;0
/mma-rukavice-dbx-bushido-arm-2014a-vel-s-m/;/mma-rukavice-dbx-bushido-arm-2014a-vel--s-m/;0
/mma-rukavice-dbx-bushido-arm-2011-s-m/;/mma-rukavice-dbx-bushido-arm-2011-s-m/;0
/arb-415-10-oz-boxerske-rukavice-dbx-bushido/;/arb-415-10-oz-boxerske-rukavice-dbx-bushido/;0
/boxerske-rukavice-dbx-bushido-dbx-pro-10-oz/;/boxerske-rukavice-dbx-bushido-dbx-pro-10-oz/;0
/boxerske-rukavice-dbx-bushido-dbd-b-3-10-oz/;/boxerske-rukavice-dbx-bushido-dbd-b-3-10-oz/;0
/tko07-takticka-zatezova-vesta-6-5kg-hms-premium/;/tko07-takticka-zatezova-vesta-6-5kg-hms-premium/;0
/kor20-zatezova-vesta-20kg-hms/;/kor20-zatezova-vesta-20kg-hms/;0
/kor15-zatezova-vesta-14-5kg-hms/;/kor15-zatezova-vesta-14-5kg-hms/;0
/kor09-zatezova-vesta-9kg-hms/;/kor09-zatezova-vesta-9kg-hms/;0
/tko14-takticka-zatezova-vesta-13-5kg-hms-premium/;/tko14-takticka-zatezova-vesta-13-5kg-hms-premium/;0
/kto08-zatezova-vesta-hms/;/kto08-zatezova-vesta-hms/;0
/kto05-zatezova-vesta-hms/;/kto05-zatezova-vesta-hms/;0
/kto16-zatezova-vesta-16-kg-hms-premium/;/kto16-zatezova-vesta-16-kg-hms-premium/;0
/uwz-drzak-treninkoveho-lana-hms/;/uwz-drzak-treninkoveho-lana-hms/;0
/urp01-drzak-na-posilovaci-lano-hms/;/urp01-drzak-na-posilovaci-lano-hms/;0
/rp05-lano-na-splh-hms/;/rp05-lano-na-splh-hms/;0
/rp03-treninkove-posilovaci-lano-hms/;/rp03-treninkove-posilovaci-lano-hms/;0
/rp02-treninkove-posilovaci-lano-hms/;/rp02-treninkove-posilovaci-lano-hms/;0
/tb13-elektronicky-treninkovy-boxersky-terc-s-rukavicemi-hms-music-boxing-machine/;/tb13-elektronicky-treninkovy-boxersky-terc-s-rukavicemi-hms--music-boxing-machine/;0
/tb12-elektronicky-treninkovy-boxersky-terc-s-rukavicemi-hms-music-boxing-machine/;/tb12-elektronicky-treninkovy-boxersky-terc-s-rukavicemi-hms--music-boxing-machine/;0
/tb30-elektronicky-treninkovy-boxersky-terc-s-rukavicemi-hms-music-boxing-machine/;/tb30-elektronicky-treninkovy-boxersky-terc-s-rukavicemi-hms--music-boxing-machine/;0
/tb05-elektronicky-modularni-treninkovy-boxersky-terc-s-rukavicemi-hms-music-boxing-machine/;/tb05-elektronicky-modularni-treninkovy-boxersky-terc-s-rukavicemi-hms--music-boxing-machine/;0
/tb11-elektronicky-treninkovy-boxersky-terc-s-rukavicemi-hms-music-boxing-machine/;/tb11-elektronicky-treninkovy-boxersky-terc-s-rukavicemi-hms--music-boxing-machine/;0
/tb06-elektronicky-treninkovy-boxersky-terc-s-rukavicemi-hms-music-boxing-machine/;/tb06-elektronicky-treninkovy-boxersky-terc-s-rukavicemi-hms--music-boxing-machine/;0
/tb03-elektronicky-treninkovy-boxersky-terc-s-rukavicemi-hms-music-boxing-machine/;/tb03-elektronicky-treninkovy-boxersky-terc-s-rukavicemi-hms--music-boxing-machine/;0
/tb10-elektronicky-treninkovy-boxersky-terc-s-rukavicemi-hms-music-boxing-machine/;/tb10-elektronicky-treninkovy-boxersky-terc-s-rukavicemi-hms--music-boxing-machine/;0
/stropni-drzak-na-boxovaci-pytel-marbo-ma-b001/;/stropni-drzak-na-boxovaci-pytel-marbo-ma-b001/;0
/elektricky-trenazer-pro-nordic-walking-loop15/;/elektricky-trenazer-pro-nordic-walking-loop15/;0
/elektricky-bezecky-pas-hms-be8501i/;/elektricky-bezecky-pas-hms-be8501i/;0
/svorky-na-autobaterii-rychloupinaci-par-s-montaznim-klicem-amio/;/svorky-na-autobaterii-rychloupinaci-par-s-montaznim-klicem-amio/;0
/in-wifi-rf-prijimac-553055-k-pohonum-vrat/;/in-wifi-rf-prijimac-553055-k-pohonum-vrat/;0
/tesla-bambino-bm40-detska-wifi-chuvicka-s-kamerou/;/tesla-bambino-bm40-detska-wifi-chuvicka-s-kamerou/;0
/tesla-bambino-bm30-detska-wifi-chuvicka-s-monitorem-a-kamerou/;/tesla-bambino-bm30-detska-wifi-chuvicka-s-monitorem-a-kamerou/;0
/led-schodistove-svitidlo-orno-lynx-or-os-1532l6-n/;/led-schodistove-svitidlo-orno-lynx-or-os-1532l6-n/;0
/led-schodistove-svitidlo-orno-lynx-or-os-1532l6-br/;/led-schodistove-svitidlo-orno-lynx-or-os-1532l6-br/;0
/led-schodistove-svitidlo-orno-lynx-or-os-1532l3-n/;/led-schodistove-svitidlo-orno-lynx-or-os-1532l3-n/;0
/led-schodistove-svitidlo-orno-lepus-or-os-1531l6-w/;/led-schodistove-svitidlo-orno-lepus-or-os-1531l6-w/;0
/led-schodistove-svitidlo-orno-lepus-or-os-1531l3-w/;/led-schodistove-svitidlo-orno-lepus-or-os-1531l3-w/;0
/led-schodistove-svitidlo-orno-lepus-or-os-1531l3-n/;/led-schodistove-svitidlo-orno-lepus-or-os-1531l3-n/;0
/led-schodistove-svitidlo-orno-lepus-or-os-1531l3-br/;/led-schodistove-svitidlo-orno-lepus-or-os-1531l3-br/;0
/led-schodistove-svitidlo-orno-cygnus-or-os-1530l3-n/;/led-schodistove-svitidlo-orno-cygnus-or-os-1530l3-n/;0
/vesta-vystrazna-ruzova-reflexni-detska-s-motivem-psa-amio/;/vesta-vystrazna-ruzova-reflexni-detska-s-motivem-psa-amio/;0
/vesta-vystrazna-zluta-reflexni-detska-s-motivem-psa-amio/;/vesta-vystrazna-zluta-reflexni-detska-s-motivem-psa-amio/;0
/krabice-instalacni-rozbocovaci-fd-16-orno-6410-20-plastova-s-naklap-vickem-14x-2-5mm2-na-omitku-ip54/;/krabice-instalacni-rozbocovaci-fd-16-orno-6410-20--plastova--s-naklap--vickem--14x-2-5mm2--na-omitku--ip54/;0
/krabice-instalacni-rozbocovaci-fd-12-orno-or-jb-13802w-plastova-s-naklap-vickem-12x-2-5mm2-na-omitku-ip54/;/krabice-instalacni-rozbocovaci-fd-12-orno-or-jb-13802w--plastova--s-naklap--vickem--12x-2-5mm2--na-omitku--ip54/;0
/ins-krabice-instalacni-rozbocovaci-fd-4-orno-or-jb-13806-w-plastova-se-sroub-vickem-4x2-5mm2-na-omitku-ip44/;/ins-krabice-instalacni-rozbocovaci-fd--4-orno-or-jb-13806-w-plastova--se-sroub--vickem--4x2-5mm2--na-omitku--ip44/;0
/zasuvka-nastenna-dvojita-orno-or-oe-7106-w/;/zasuvka-nastenna-dvojita-orno-or-oe-7106-w/;0
/dospel-rn-300-regulator-otacek-nastenny-230v-50-hz-50-300-w-ip20/;/dospel-rn-300-regulator-otacek-nastenny-230v-50-hz--50-300-w--ip20/;0
/dospel-rp-300-regulator-otacek-pod-omitku-230v-50-hz-50-300-w-ip20/;/dospel-rp-300-regulator-otacek-pod-omitku-230v-50-hz--50-300-w--ip20/;0
/treti-ruka-tipa-zd-11y-usb-s-lupou/;/treti-ruka-tipa-zd-11y-usb-s-lupou/;0
/venkovni-osvetleni-orno-ad-op-6566be27smr/;/venkovni-osvetleni-orno-ad-op-6566be27smr/;0
/led-svetelny-zdroj-do-stropnich-svetel-advit-avis-ii-led-18w-2/;/led-svetelny-zdroj-do-stropnich-svetel-advit-avis-ii-led-18w-2/;0
/led-svetelny-zdroj-do-stropnich-svetel-advit-avis-ii-led-18w/;/led-svetelny-zdroj-do-stropnich-svetel-advit-avis-ii-led-18w/;0
/led-svetelny-zdroj-do-stropnich-svetel-advit-avis-ii-led-12w-2/;/led-svetelny-zdroj-do-stropnich-svetel-advit-avis-ii-led-12w-2/;0
/led-svetelny-zdroj-do-stropnich-svetel-advit-avis-ii-led-12w/;/led-svetelny-zdroj-do-stropnich-svetel-advit-avis-ii-led-12w/;0
/led-svetelny-zdroj-do-stropnich-svetel-advit-avis-ii-led-24w-2/;/led-svetelny-zdroj-do-stropnich-svetel-advit-avis-ii-led-24w/;0
/led-svetelny-zdroj-do-stropnich-svetel-advit-avis-ii-led-24w/;/led-svetelny-zdroj-do-stropnich-svetel-advit-avis-ii-led-24w-2/;0
/led-venkovni-osvetleni-nastenne-adviti-morph-ad-op-6614glpm4/;/led-venkovni-osvetleni-nastenne-adviti-morph-ad-op-6614glpm4/;0
/guano-forestina-2-5kg/;/guano-forestina-2-5kg/;0
/guano-forestina-1kg/;/guano-forestina-1kg/;0
/in-553057-laserove-fotobunky-pro-pohony-vrat/;/in-553057-laserove-fotobunky-pro-pohony-vrat/;0
/pohon-in-sl-2500i-wi-fi-pro-posuvna-vrata-branu-max-12m-2500kg/;/pohon-in-sl-2500i-wi-fi-pro-posuvna-vrata-branu--max--12m-2500kg-/;0
/rebel-animals-ra-1009-skrabadlo-pro-kocky-60x49x173-cm/;/rebel-animals-ra-1009-skrabadlo-pro-kocky-60x49x173-cm/;0
/rebel-animals-ra-1008-skrabadlo-pro-kocky-75x40x152-cm/;/rebel-animals-ra-1008-skrabadlo-pro-kocky-75x40x152-cm/;0
/rebel-animals-ra-1007-skrabadlo-pro-kocky-48x40x155-cm/;/rebel-animals-ra-1007-skrabadlo-pro-kocky-48x40x155-cm/;0
/rebel-animals-ra-1006-skrabadlo-pro-kocky-45x45x137-cm/;/rebel-animals-ra-1006-skrabadlo-pro-kocky-45x45x137-cm/;0
/rebel-animals-ra-1005-skrabadlo-pro-kocky-49x46x91-cm/;/rebel-animals-ra-1005-skrabadlo-pro-kocky-49x46x91-cm/;0
/rebel-animals-ra-1004-skrabadlo-pro-kocky-50x40x125-cm/;/rebel-animals-ra-1004-skrabadlo-pro-kocky-50x40x125-cm/;0
/rebel-animals-ra-1003-skrabadlo-pro-kocky-40x30x80-cm/;/rebel-animals-ra-1003-skrabadlo-pro-kocky-40x30x80-cm/;0
/rebel-animals-ra-1001-skrabadlo-pro-kocky-40x40x51-cm/;/rebel-animals-ra-1001-skrabadlo-pro-kocky-40x40x51-cm/;0
/tesla-aircook-dualheat-qd73-xxl-multifunkcni-digitalni-horkovzdusna-friteza/;/tesla-aircook-dualheat-qd73-xxl-multifunkcni-digitalni-horkovzdusna-friteza/;0
/tesla-aircook-dualheat-qd575-xxl-multifunkcni-dualni-digitalni-horkovzdusna-friteza/;/tesla-aircook-dualheat-qd575-xxl-multifunkcni-dualni-digitalni-horkovzdusna-friteza/;0
/tesla-aircook-dualheat-qd464-xxl-multifunkcni-dualni-digitalni-horkovzdusna-friteza/;/tesla-aircook-dualheat-qd464-xxl-multifunkcni-dualni-digitalni-horkovzdusna-friteza/;0
/pripravek-proti-plisni-magnicur-finito-50ml/;/pripravek-proti-plisni-magnicur-finito-50ml/;0
/pripravek-proti-plisni-magnicur-energy-15ml/;/pripravek-proti-plisni-magnicur-energy-15ml/;0
/pripravek-proti-houbovym-chorobam-magnicur-core-3x1-5g/;/pripravek-proti-houbovym-chorobam-magnicur-core-3x1-5g/;0
/pripravek-proti-plevelum-solabiol-herbiprotect-1l/;/pripravek-proti-plevelum-solabiol-herbiprotect-1l/;0
/pripravek-proti-plevelum-vinny-ocet-protect-garden-3l/;/pripravek-proti-plevelum--vinny-ocet--protect-garden-3l/;0
/pripravek-proti-plevelum-vinny-ocet-protect-garden-1l/;/pripravek-proti-plevelum--vinny-ocet--protect-garden-1l/;0
/pripravek-proti-skudcum-sanium-ultra-30ml-okrasne-rostliny-ovoce-a-zelenina/;/pripravek-proti-skudcum-sanium-ultra-30ml-okrasne-rostliny--ovoce-a-zelenina/;0
/pripravek-proti-skudcum-sanium-ultra-2x5ml-okrasne-rostliny-ovoce-a-zelenina/;/pripravek-proti-skudcum-sanium-ultra-2x5ml-okrasne-rostliny--ovoce-a-zelenina/;0
/pripravek-proti-skudcum-sanium-ultra-100ml-okrasne-rostliny-ovoce-a-zelenina/;/pripravek-proti-skudcum-sanium-ultra-100ml-okrasne-rostliny--ovoce-a-zelenina/;0
/pripravek-proti-msicim-a-molicim-sanium-system-5ml/;/pripravek-proti-msicim-a-molicim-sanium-system-5ml/;0
/pripravek-proti-skudcum-sanium-al-1l/;/pripravek-proti-skudcum-sanium-al-1l/;0
/pripravek-proti-slimakum-desimo-duo-plus-500g/;/pripravek-proti-slimakum-desimo-duo-plus-500g/;0
/pripravek-proti-slimakum-desimo-duo-plus-1kg/;/pripravek-proti-slimakum-desimo-duo-plus-1kg/;0
/pripravek-proti-mravencum-neudorff-loxiran-s-500g/;/pripravek-proti-mravencum-neudorff-loxiran-s-500g/;0
/pripravek-proti-msicim-neudorff-spruzit-af-750ml-na-ruze-a-jine-okrasne-rostliny/;/pripravek-proti-msicim-neudorff-spruzit--af-750ml-na-ruze-a-jine-okrasne-rostliny/;0
/pripravek-proti-msicim-neudorff-neudosan-af-750ml-na-plodovou-zeleninu-bobulov-a-ovoce/;/pripravek-proti-msicim-neudorff-neudosan-af-750ml-na-plodovou-zeleninu--bobulov--a-ovoce/;0
/hnojivo-pro-pro-vyvysene-zahony-a-zeleninu-neudorf-azet-1kg/;/hnojivo-pro-pro-vyvysene-zahony-a-zeleninu-neudorf-azet-1kg/;0
/velamp-lr6-4usb-aa-nabijeci-baterie-s-usb-c/;/velamp-lr6-4usb-aa-nabijeci-baterie-s-usb-c/;0
/schranka-na-klice-velamp-ig012-s-kodovou-ochranou/;/schranka-na-klice-velamp-ig012-s-kodovou-ochranou/;0
/schranka-na-klice-velamp-ig006-s-kodovou-ochranou/;/schranka-na-klice-velamp-ig006-s-kodovou-ochranou/;0
/polstrovani-do-cyklisticke-helmy-trizand-27557/;/polstrovani-do-cyklisticke-helmy-trizand-27557/;0
/orno-or-gm-9051-b-zasuvka-vestavna/;/orno-or-gm-9051-b-zasuvka-vestavna/;0
/vidlice-orno-or-ae-1311-w-uhlova-pro-prodluzovaci-kabel-bila/;/vidlice-orno-or-ae-1311-w-uhlova-pro-prodluzovaci-kabel--bila/;0
/vidlice-orno-or-ae-1311-b-uhlova-pro-prodluzovaci-kabel-cerna/;/vidlice-orno-or-ae-1311-b-uhlova-pro-prodluzovaci-kabel--cerna/;0
/stavebnice-acebott-qe201-esp32-basic-starter-kit-drevene-doplnky/;/stavebnice-acebott-qe201-esp32-basic-starter-kit--drevene-doplnky/;0
/stavebnice-acebott-qe200-esp32-basic-stater-kit/;/stavebnice-acebott-qe200-esp32-basic-stater-kit/;0
/sada-sponek-pro-svarecky-plastu-600ks/;/sada-sponek-pro-svarecky-plastu-600ks/;0
/spojka-husiho-krku-54-5mm-ad54-5/;/spojka-husiho-krku-54-5mm--ad54-5/;0
/spojka-husiho-krku-42-5mm-ad42-5/;/spojka-husiho-krku-42-5mm--ad42-5/;0
/spojka-husiho-krku-34-5mm-ad34-5/;/spojka-husiho-krku-34-5mm--ad34-5/;0
/spojka-husiho-krku-25mm-ad25/;/spojka-husiho-krku-25mm--ad25/;0
/spojka-husiho-krku-21-2mm-ad21-2/;/spojka-husiho-krku-21-2mm--ad21-2/;0
/spojka-husiho-krku-18-5mm-ad18-5/;/spojka-husiho-krku-18-5mm--ad18-5/;0
/spojka-husiho-krku-15-8mm-ad15-8/;/spojka-husiho-krku-15-8mm--ad15-8/;0
/spojka-husiho-krku-13mm-ad13/;/spojka-husiho-krku-13mm--ad13/;0
/spojka-husiho-krku-10mm-ad10/;/spojka-husiho-krku-10mm--ad10/;0
/pruchodka-m32-s-koncovkou-pro-husi-krk-34-5mm-ad34-5/;/pruchodka-m32-s-koncovkou-pro-husi-krk-34-5mm--ad34-5/;0
/pruchodka-m25-s-koncovkou-pro-husi-krk-25mm-ad25/;/pruchodka-m25-s-koncovkou-pro-husi-krk-25mm--ad25/;0
/elektronicke-soucastky-sada-01/;/elektronicke-soucastky-sada-01/;0
/elektronicke-soucastky-sada-03/;/elektronicke-soucastky-sada-03/;0
/elektronicke-soucastky-sada-04/;/elektronicke-soucastky-sada-04/;0
/elektronicke-soucastky-sada-02/;/elektronicke-soucastky-sada-02/;0
/elektronicke-soucastky-sada-05/;/elektronicke-soucastky-sada-05/;0
/arduino-e1-r3-starter-kit-rfid-vyukova-sada/;/arduino-e1-r3-starter-kit--rfid-vyukova-sada/;0
/raspberry-pi-super-starter-kit/;/raspberry-pi-super-starter-kit/;0
/zasuvka-nastenna-datova-famatel-titan-79285-83-ip66-1xrj45-cat-6a/;/zasuvka-nastenna-datova-famatel-titan-79285-83-ip66-1xrj45-cat-6a/;0
/titan-ip66-zasuvka-16a-250v-2p-pe-s-ochrannym-kolikem-seda-transparentni-viko-nastenna/;/titan-ip66-zasuvka-16a-250v-2p-pe-s-ochrannym-kolikem--seda--transparentni-viko--nastenna/;0
/orno-or-gm-9033-w-zasuvka-vestavna-bila/;/orno-or-gm-9033-w-zasuvka-vestavna-bila/;0
/orno-or-gm-9033-gr-zasuvka-vestavna-grafitova/;/orno-or-gm-9033-gr-zasuvka-vestavna-grafitova/;0
/orno-or-gm-9033-g-zasuvka-vestavna-stribrna/;/orno-or-gm-9033-g-zasuvka-vestavna-stribrna/;0
/orno-or-gm-9033-c-zasuvka-vestavna-zlata/;/orno-or-gm-9033-c-zasuvka-vestavna-zlata/;0
/orno-or-gm-9033-b-zasuvka-vestavna-cerna/;/orno-or-gm-9033-b-zasuvka-vestavna-cerna/;0
/prodluzovaci-kabel-na-bubnu-orno-or-ae-13294-40m/;/prodluzovaci-kabel-na-bubnu-orno-or-ae-13294-40m/;0
/prodluzovaci-kabel-na-bubnu-orno-or-ae-13291-25m/;/prodluzovaci-kabel-na-bubnu-orno-or-ae-13291-25m/;0
/prodluzovaci-kabel-na-bubnu-orno-or-ae-13292-50m/;/prodluzovaci-kabel-na-bubnu-orno-or-ae-13292-50m/;0
/nabijeci-baterie-9v-420mah-doblepow-6f22-li-ion-napajeni-usb-c/;/nabijeci-baterie-9v-420mah-doblepow-6f22--li-ion--napajeni-usb-c/;0
/digitalni-piano-kruger-matz-kmdp-45p-bk-cerne-se-stojanem/;/digitalni-piano-kruger-matz-kmdp-45p-bk-cerne-se-stojanem/;0
/proudovy-transformator-trifazovy-orno-or-we-535-120a-230-400v-tuya-smart-wi-fi/;/proudovy-transformator-trifazovy-orno-or-we-535-120a--230-400v--tuya-smart-wi-fi/;0
/skrabka-na-led-elektricka-rotacni-vyhrivana/;/skrabka-na-led-elektricka-rotacni-vyhrivana/;0
/dalkovy-ovladac-alma-1660/;/dalkovy-ovladac-alma-1660/;0
/krabicka-gelova-paguro-5725-23-0-ip68-pro-ochranu-spoje-vodicu-2x0-2-4-mm2/;/krabicka-gelova-paguro-5725-23-0-ip68--pro-ochranu-spoje-vodicu-2x0-2-4-mm2/;0
/krabicka-gelova-paguro-5725-35-0-ip68-pro-ochranu-spoje-vodicu-3x0-5-6-mm2/;/krabicka-gelova-paguro-5725-35-0-ip68--pro-ochranu-spoje-vodicu-3x0-5-6-mm2/;0
/spojka-gelova-odbocna-paguro-5695-5-ip68-3x-kabel-5x-0-75-1-5mm2/;/spojka-gelova-odbocna-paguro-5695-5-ip68--3x-kabel-5x-0-75-1-5mm2-/;0
/spojka-gelova-odbocna-paguro-5697-5-ip68-3x-kabel-5x1-5mm2/;/spojka-gelova-odbocna-paguro-5697-5-ip68--3x-kabel-5x1-5mm2/;0
/spojka-gelova-odbocna-paguro-5660-4-55-ip68-4x-kabel-5x2-5mm2/;/spojka-gelova-odbocna-paguro-5660-4-55-ip68--4x-kabel-5x2-5mm2/;0
/sada-sponek-pro-svarecky-plastu-800ks/;/sada-sponek-pro-svarecky-plastu-800ks/;0
/multiprepinac-tesla-by-teletek-13-16/;/multiprepinac-tesla-by-teletek-13-16/;0
/multiprepinac-tesla-by-teletek-5-24/;/multiprepinac-tesla-by-teletek-5-24/;0
/kanystr-na-vodu-s-kohoutkem-kempingovy-plastovy-19-litru-zeleny/;/kanystr-na-vodu-s-kohoutkem-kempingovy-plastovy--19-litru-zeleny/;0
/kanystr-na-vodu-s-kohoutkem-kempingovy-plastovy-18-5-litru-khaki/;/kanystr-na-vodu-s-kohoutkem-kempingovy-plastovy--18-5-litru-khaki/;0
/kanystr-na-vodu-s-kohoutkem-kempingovy-plastovy-18-5-litru-zeleny/;/kanystr-na-vodu-s-kohoutkem-kempingovy-plastovy--18-5-litru-zeleny/;0
/fracarro-frpro-light-5g-programovatelny-zesilovac/;/fracarro-frpro-light-5g-programovatelny-zesilovac/;0
/adapter-nedis-ccgb64915bk-usb-c-m-usb-3-0-f-otg-5gbps/;/adapter-nedis-ccgb64915bk-usb-c--m-usb-3-0--f--otg--5gbps/;0
/multiprepinac-tesla-by-teletek-17-24/;/multiprepinac-tesla-by-teletek-17-24/;0
/multiprepinac-tesla-by-teletek-17-16/;/multiprepinac-tesla-by-teletek-17-16/;0
/multiprepinac-tesla-by-teletek-17-8/;/multiprepinac-tesla-by-teletek-17-8/;0
/pir-senzor-pohybove-cidlo-orno-or-cr-261-misto-vypinace/;/pir-senzor--pohybove-cidlo--orno-or-cr-261-misto-vypinace/;0
/pir-senzor-pohybove-cidlo-orno-or-cr-261-b/;/pir-senzor--pohybove-cidlo--orno-or-cr-261-b/;0
/pir-senzor-pohybove-cidlo-orno-or-cr-271-b/;/pir-senzor--pohybove-cidlo--orno-or-cr-271-b/;0
/pir-senzor-pohybove-cidlo-orno-or-cr-271-w/;/pir-senzor--pohybove-cidlo--orno-or-cr-271-w/;0
/pir-senzor-a-pritomnosti-pohybove-cidlo-orno-or-cr-255/;/pir-senzor-a-pritomnosti--pohybove-cidlo--orno-or-cr-255/;0
/pir-senzor-a-pritomnosti-pohybove-cidlo-orno-or-cr-255-b/;/pir-senzor-a-pritomnosti--pohybove-cidlo--orno-or-cr-255-b/;0
/pir-senzor-pohybove-cidlo-orno-or-cr-275-w/;/pir-senzor--pohybove-cidlo--orno-or-cr-275-w/;0
/pir-senzor-pohybove-cidlo-orno-or-cr-276-w-ultra-plochy-tuya-smart-wi-fi/;/pir-senzor--pohybove-cidlo--orno-or-cr-276-w-ultra-plochy--tuya-smart-wi-fi/;0
/pir-senzor-pohybove-cidlo-orno-or-cr-241-ultra-plochy/;/pir-senzor--pohybove-cidlo--orno-or-cr-241-ultra-plochy/;0
/pir-senzor-pohybove-cidlo-orno-or-cr-241-b-ultra-plochy/;/pir-senzor--pohybove-cidlo--orno-or-cr-241-b-ultra-plochy/;0
/drzak-stahovaci-pasky-orno-or-ae-13204-kusovy-prodej/;/drzak-stahovaci-pasky-orno-or-ae-13204-kusovy-prodej/;0
/detektor-plynu-lpg-orno-or-dc-635/;/detektor-plynu-lpg-orno-or-dc-635/;0
/detektor-koure-orno-or-dc-637/;/detektor-koure-orno-or-dc-637/;0
/stmivac-pro-led-pasky-12v-8a-96w/;/stmivac-pro-led-pasky-12v-8a-96w/;0
/odbocovac-its-dqc-120-quicoax-5-2400-mhz-20db/;/odbocovac-its-dqc-120-quicoax-5-2400-mhz-20db/;0
/odbocovac-its-dqc-116-quicoax-5-2400-mhz-16db/;/odbocovac-its-dqc-116-quicoax-5-2400-mhz-16db/;0
/odbocovac-its-dqc-112-quicoax-5-2400-mhz-12db/;/odbocovac-its-dqc-112-quicoax-5-2400-mhz-12db/;0
/pir-senzor-pohybove-cidlo-orno-or-cr-295-w/;/pir-senzor--pohybove-cidlo--orno-or-cr-295-w/;0
/pir-senzor-pohybove-cidlo-orno-or-cr-289-w/;/pir-senzor--pohybove-cidlo--orno-or-cr-289-w/;0
/pir-senzor-pohybove-cidlo-orno-or-cr-289-b/;/pir-senzor--pohybove-cidlo--orno-or-cr-289-b/;0
/pir-senzor-pohybove-cidlo-orno-or-cr-286-b/;/pir-senzor--pohybove-cidlo--orno-or-cr-286-b/;0
/pir-senzor-pohybove-cidlo-orno-or-cr-286-w/;/pir-senzor--pohybove-cidlo--orno-or-cr-286-w/;0
/detektor-oxidu-uhelnateho-virone-dc-11/;/detektor-oxidu-uhelnateho-virone-dc-11/;0
/detektor-plynu-lpg-orno-or-dc-644-tuya-smart-wi-fi/;/detektor-plynu-lpg-orno-or-dc-644-tuya-smart-wi-fi/;0
/orno-or-gm-9049-g-zasuvka-vysuvny-blok/;/orno-or-gm-9049-g-zasuvka-vysuvny-blok/;0
/orno-or-gm-9048-b-zapustena-zasuvka-s-vyklopnym-vikem-a-usb/;/orno-or-gm-9048-b-zapustena-zasuvka-s-vyklopnym-vikem-a-usb/;0
/prodluzovaci-kabel-na-bubnu-orno-or-ae-13313-40m/;/prodluzovaci-kabel-na-bubnu-orno-or-ae-13313-40m/;0
/prodluzovaci-kabel-orno-or-ae-13295-5m/;/prodluzovaci-kabel-orno-or-ae-13295-5m/;0
/prodluzovaci-kabel-s-vypinacem-orno-or-ae-13296-5m/;/prodluzovaci-kabel-s-vypinacem-orno-or-ae-13296-5m/;0
/sonda-pro-detektor-uniku-vody-orno-or-pz-490/;/sonda-pro-detektor-uniku-vody-orno-or-pz-490/;0
/detektor-uniku-vody-orno-or-pz-465/;/detektor-uniku-vody-orno-or-pz-465/;0
/detektor-uniku-vody-orno-or-pz-466/;/detektor-uniku-vody-orno-or-pz-466/;0
/hodiny-spinaci-na-din-listu-orno-or-pre-464-astronomic/;/hodiny-spinaci-na-din-listu-orno-or-pre-464--astronomic/;0
/mechanicky-casovy-spinac-na-din-listu-orno-or-pre-468/;/mechanicky-casovy-spinac-na-din-listu-orno-or-pre-468/;0
/rele-casove-orno-or-pre-472-230vac/;/rele-casove-orno-or-pre-472-230vac/;0
/rele-casove-orno-or-pre-470-uni/;/rele-casove-orno-or-pre-470-uni/;0
/rele-casove-orno-or-pre-472-uni/;/rele-casove-orno-or-pre-472-uni/;0
/rele-casove-orno-or-pre-471-uni/;/rele-casove-orno-or-pre-471-uni/;0
/rele-impulzni-bistabilni-orno-or-pi-474-24uc-economic-16a-24-vac-dc/;/rele-impulzni-bistabilni-orno-or-pi-474-24uc-economic--16a--24-vac-dc/;0
/rele-impulzni-bistabilni-orno-or-pi-474-230ac-economic-16a-230-vac/;/rele-impulzni-bistabilni-orno-or-pi-474-230ac-economic--16a--230-vac/;0
/elektromer-3f-na-din-listu-trifazovy-orno-or-we-530-digitalni-rs-485-mid/;/elektromer-3f-na-din-listu-trifazovy-orno-or-we-530-digitalni--rs-485--mid/;0
/elektromer-3f-na-din-listu-trifazovy-orno-or-we-529-digitalni-rs-485-mid/;/elektromer-3f-na-din-listu-trifazovy-orno-or-we-529-digitalni--rs-485--mid/;0
/elektromer-3f-na-din-listu-trifazovy-orno-or-we-528-digitalni-mid/;/elektromer-3f-na-din-listu-trifazovy-orno-or-we-528-digitalni--mid/;0
/elektromer-3f-na-din-listu-trifazovy-orno-or-we-531-digitalni-mid-obousmerny/;/elektromer-3f-na-din-listu-trifazovy-orno-or-we-531-digitalni--mid--obousmerny/;0
/elektromer-3f-na-din-listu-trifazovy-virone-em-10-analogovy/;/elektromer-3f-na-din-listu-trifazovy-virone-em-10-analogovy/;0
/elektromer-1f-na-din-listu-analogovy-virone-em-8-40a/;/elektromer-1f-na-din-listu-analogovy-virone-em-8--40a/;0
/elektronicky-casovy-spinac-na-din-listu-orno-or-pre-451-astronomic/;/elektronicky-casovy-spinac-na-din-listu-orno-or-pre-451-astronomic/;0
/ctecka-pametovych-karet-nedis-crdru31-usb-3-2-gen1/;/ctecka-pametovych-karet-nedis-crdru31-usb-3-2-gen1/;0
/radio-nedis-rdfm2225bk-prenosne-fm-bluetooth-napajeni-baterie-usb-budik/;/radio-nedis-rdfm2225bk-prenosne-fm--bluetooth--napajeni-baterie-usb--budik/;0
/radio-nedis-rddbcr2000gn-nouzove-dab-fm-rucni-klika-solarni-panel/;/radio-nedis-rddbcr2000gn-nouzove-dab--fm--rucni-klika--solarni-panel/;0
/multiprepinac-tesla-by-teletek-13-8/;/multiprepinac-tesla-by-teletek-13-8/;0
/schodistovy-automat-f-f-aso-213-16a-na-din-listu-funkce-protiblokady/;/schodistovy-automat-f-f-aso-213--16a-na-din-listu--funkce-protiblokady/;0
/multiprepinac-tesla-by-teletek-13-24/;/multiprepinac-tesla-by-teletek-13-24/;0
/multiprepinac-tesla-by-teletek-13-20/;/multiprepinac-tesla-by-teletek-13-20/;0
/multiprepinac-tesla-by-teletek-13-12/;/multiprepinac-tesla-by-teletek-13-12/;0
/orno-or-psu-1677-prumyslovy-zdroj-spinany-24v-dc-20a-480w-na-din-listu/;/orno-or-psu-1677-prumyslovy-zdroj-spinany-24v-dc-20a-480w-na-din-listu/;0
/orno-or-psu-1676-prumyslovy-zdroj-spinany-24v-dc-10a-240w-na-din-listu/;/orno-or-psu-1676-prumyslovy-zdroj-spinany-24v-dc-10a-240w-na-din-listu/;0
/orno-or-psu-1675-prumyslovy-zdroj-spinany-24v-dc-5a-120w-na-din-listu/;/orno-or-psu-1675-prumyslovy-zdroj-spinany-24v-dc-5a-120w-na-din-listu/;0
/orno-or-psu-1674-prumyslovy-zdroj-spinany-24v-dc-3-2a-77w-na-din-listu/;/orno-or-psu-1674-prumyslovy-zdroj-spinany-24v-dc-3-2a-77w-na-din-listu/;0
/orno-or-psu-1673-prumyslovy-zdroj-spinany-12v-dc-10a-120w-na-din-listu/;/orno-or-psu-1673-prumyslovy-zdroj-spinany-12v-dc-10a-120w-na-din-listu/;0
/orno-or-psu-1672-prumyslovy-zdroj-spinany-24v-dc-4a-96w-na-din-listu/;/orno-or-psu-1672-prumyslovy-zdroj-spinany-24v-dc-4a-96w-na-din-listu/;0
/orno-or-psu-1671-prumyslovy-zdroj-spinany-24v-dc-2-5a-60w-na-din-listu/;/orno-or-psu-1671-prumyslovy-zdroj-spinany-24v-dc-2-5a-60w-na-din-listu/;0
/orno-or-psu-1670-prumyslovy-zdroj-spinany-24v-dc-1-7a-40w-na-din-listu/;/orno-or-psu-1670-prumyslovy-zdroj-spinany-24v-dc-1-7a-40w-na-din-listu/;0
/orno-or-psu-1669-prumyslovy-zdroj-spinany-24v-dc-1a-24w-na-din-listu/;/orno-or-psu-1669-prumyslovy-zdroj-spinany-24v-dc-1a-24w-na-din-listu/;0
/orno-or-psu-1668-prumyslovy-zdroj-spinany-24v-dc-0-42a-10w-na-din-listu/;/orno-or-psu-1668-prumyslovy-zdroj-spinany-24v-dc-0-42a-10w-na-din-listu/;0
/orno-or-psu-1667-zdroj-spinany-24v-dc-6-25a-150w-na-din-listu/;/orno-or-psu-1667-zdroj-spinany-24v-dc-6-25a--150w-na-din-listu/;0
/orno-or-psu-1666-zdroj-spinany-12v-dc-11-3a-135-6w-na-din-listu/;/orno-or-psu-1666-zdroj-spinany-12v-dc-11-3a--135-6w-na-din-listu/;0
/orno-or-psu-1649-zdroj-spinany-24v-dc-4a-100w-na-din-listu/;/orno-or-psu-1649-zdroj-spinany-24v-dc-4a--100w-na-din-listu/;0
/orno-or-psu-1648-zdroj-spinany-24v-dc-2-5a-60w-na-din-listu/;/orno-or-psu-1648-zdroj-spinany-24v-dc-2-5a--60w-na-din-listu/;0
/orno-or-psu-1647-zdroj-spinany-24v-dc-1a-24w-na-din-listu/;/orno-or-psu-1647-zdroj-spinany-24v-dc-1a--24w-na-din-listu/;0
/orno-or-psu-1646-zdroj-spinany-24v-dc-0-63a-15w-na-din-listu/;/orno-or-psu-1646-zdroj-spinany-24v-dc-0-63a--15w-na-din-listu/;0
/orno-or-psu-1645-zdroj-spinany-12v-dc-7a-84w-na-din-listu/;/orno-or-psu-1645-zdroj-spinany-12v-dc-7a--84w-na-din-listu/;0
/orno-or-psu-1644-zdroj-spinany-12v-dc-4-5a-54w-na-din-listu/;/orno-or-psu-1644-zdroj-spinany-12v-dc-4-5a--54w-na-din-listu/;0
/sada-instalacnich-svorek-house-quick-orno-or-sz-8020/;/sada-instalacnich-svorek-house-quick-orno-or-sz-8020/;0
/postovni-schranka-virone-mb-2-a-haiti-s-tubusem-na-noviny-a-jmenovkou-antracitova/;/postovni-schranka-virone-mb-2-a-haiti--s-tubusem-na-noviny-a-jmenovkou---antracitova/;0
/proudovy-transformator-trifazovy-orno-or-we-533-400v-63a-tuya-smart-wi-fi/;/proudovy-transformator-trifazovy-orno-or-we-533-400v-63a--tuya-smart-wi-fi/;0
/proudovy-transformator-jednofazovy-orno-or-we-532-250v-63a-tuya-smart-wi-fi/;/proudovy-transformator-jednofazovy-orno-or-we-532-250v-63a--tuya-smart-wi-fi/;0
/wifi-modul-pro-hybridni-menice-rady-em/;/wifi-modul-pro-hybridni-menice-rady-em/;0
/hybridni-menic-napeti-em3500-24l-3-5kw-24v-regulator-mppt/;/hybridni-menic-napeti-em3500-24l--3-5kw-24v--regulator-mppt/;0
/hybridni-menic-napeti-em6200-48l-6-2kw-48v-regulator-mppt/;/hybridni-menic-napeti-em6200-48l--6-2kw-48v--regulator-mppt/;0
/zarovka-led-ba9s-12v-3w-bila-6xsmd5630-s-cockou/;/zarovka-led-ba9s-12v-3w-bila--6xsmd5630-s-cockou/;0
/zarovka-led-ba9s-12-24v-3w-bila-6xsmd5630-s-cockou/;/zarovka-led-ba9s-12-24v-3w-bila--6xsmd5630-s-cockou/;0
/zarovka-led-w2-5x16q-t25-3157-12v-5w-bila-27x-smd5730/;/zarovka-led-w2-5x16q--t25-3157--12v--5w-bila--27x-smd5730/;0
/zarovka-led-w2-5x16q-t25-3157-12-24v-5w-bila-33x-smd5730/;/zarovka-led-w2-5x16q--t25-3157--12-24v--5w-bila--33x-smd5730/;0
/zarovka-led-w2-5x16d-t25-3156-12v-5w-bila-27x-smd5730/;/zarovka-led-w2-5x16d--t25-3156--12v--5w-bila--27x-smd5730/;0
/zarovka-led-w2-5x16d-t25-3156-12-24v-5w-bila-33x-smd5730/;/zarovka-led-w2-5x16d--t25-3156--12-24v--5w-bila--33x-smd5730/;0
/zarovka-led-t15-12v-11w-bila-2x-smd3570/;/zarovka-led-t15-12v-11w-bila--2x-smd3570/;0
/zarovka-led-t10-12v-0-3w-bila-bodova/;/zarovka-led-t10-12v-0-3w-bila-bodova/;0
/zarovka-led-t10-12-24v-9w-bila-16x-smd3030/;/zarovka-led-t10-12-24v-9w-bila--16x-smd3030/;0
/zarovka-led-t10-12-24v-1-5w-bila-2xsmd3030/;/zarovka-led-t10-12-24v-1-5w-bila--2xsmd3030/;0
/zarovka-led-sv8-5-8-sufit-12v-1-6w-8xled2835-bila-delka-41mm/;/zarovka-led-sv8-5-8-sufit--12v-1-6w--8xled2835--bila--delka-41mm/;0
/zarovka-led-sv8-5-8-sufit-12-24v-2w-bila-canbus-delka-41mm/;/zarovka-led-sv8-5-8-sufit--12-24v-2w--bila-canbus--delka-41mm/;0
/zarovka-led-sv8-5-8-sufit-39mm-12v-24w-bila/;/zarovka-led-sv8-5-8-sufit-39mm-12v-24w-bila/;0
/zarovka-led-sv8-5-8-sufit-31mm-12-24v-1-5w-bila-4xsmd3030/;/zarovka-led-sv8-5-8-sufit-31mm-12-24v-1-5w-bila--4xsmd3030/;0
/zarovka-led-pw24w-12-24v-4w-bila-8x-smd5630-3w/;/zarovka-led-pw24w-12-24v-4w-bila--8x-smd5630-3w/;0
/zarovka-led-pw24w-12-24v-16w-bila-16xsmd3030/;/zarovka-led-pw24w-12-24v-16w-bila--16xsmd3030/;0
/zarovka-led-h1-12v-3w-bila-13xsmd5050/;/zarovka-led-h1-12v--3w-bila--13xsmd5050/;0
/zarovka-led-h1-12-24v-7-5w-bila-5x-led-cob/;/zarovka-led-h1-12-24v-7-5w--bila--5x-led-cob/;0
/zarovka-led-h1-12-24v-5w-bila-5x-led-cree/;/zarovka-led-h1-12-24v-5w--bila--5x-led-cree/;0
/zarovka-led-bay15d-10-30v-8w-bila-33x-smd5730/;/zarovka-led-bay15d-10-30v-8w-bila--33x-smd5730/;0
/zarovka-led-bau15s-blinkry-12v-13w-oranzova-24xsmd2835/;/zarovka-led-bau15s--blinkry--12v-13w-oranzova--24xsmd2835/;0
/zarovka-led-ba9s-12v-4w-bila-10xsmd5630/;/zarovka-led-ba9s-12v-4w-bila--10xsmd5630/;0
/zarovka-led-ba7s-12v-1-5w-bila-5xsmd5050/;/zarovka-led-ba7s-12v-1-5w-bila--5xsmd5050/;0
/zarovka-led-ba15s-12v-8w-cervena-24xsmd2835/;/zarovka-led-ba15s-12v-8w-cervena--24xsmd2835/;0
/zarovka-led-ba15s-12v-8w-bila-24xsmd2835/;/zarovka-led-ba15s-12v-8w-bila--24xsmd2835/;0
/zarovka-led-ba15s-12v-3w-bila-18xled5730/;/zarovka-led-ba15s-12v-3w-bila--18xled5730/;0
/zarovka-led-ba15s-12v-11w-bila-canbus-2xsmd3570/;/zarovka-led-ba15s-12v--11w--bila-canbus--2xsmd3570/;0
/eliminator-chybovych-hlaseni-t20-7443-dekoder-chyb/;/eliminator-chybovych-hlaseni-t20-7443--dekoder-chyb-/;0
/eliminator-chybovych-hlaseni-t20-7440-dekoder-chyb/;/eliminator-chybovych-hlaseni-t20-7440--dekoder-chyb-/;0
/eliminator-chybovych-hlaseni-t10-dekoder-chyb/;/eliminator-chybovych-hlaseni-t10--dekoder-chyb/;0
/eliminator-chybovych-hlaseni-hb3-9005-hb4-9006-dekoder-chyb/;/eliminator-chybovych-hlaseni-hb3--9005-hb4--9006-dekoder-chyb/;0
/eliminator-chybovych-hlaseni-h4-dekoder-chyb/;/eliminator-chybovych-hlaseni-h4--dekoder-chyb/;0
/eliminator-chybovych-hlaseni-h1-h3-dekoder-chyb/;/eliminator-chybovych-hlaseni-h1-h3--dekoder-chyb/;0
/eliminator-chybovych-hlaseni-bau15s-dekoder-chyb/;/eliminator-chybovych-hlaseni-bau15s--dekoder-chyb/;0
/eliminator-chybovych-hlaseni-ba15s-1156-dekoder-chyb/;/eliminator-chybovych-hlaseni-ba15s--1156-dekoder-chyb/;0
/multiprepinac-tesla-by-teletek-9-80/;/multiprepinac-tesla-by-teletek-9-80/;0
/multiprepinac-tesla-by-teletek-9-48/;/multiprepinac-tesla-by-teletek-9-48/;0
/multiprepinac-tesla-by-teletek-9-32/;/multiprepinac-tesla-by-teletek-9-32/;0
/multiprepinac-tesla-by-teletek-9-24/;/multiprepinac-tesla-by-teletek-9-24/;0
/multiprepinac-tesla-by-teletek-9-20/;/multiprepinac-tesla-by-teletek-9-20/;0
/multiprepinac-tesla-by-teletek-9-16/;/multiprepinac-tesla-by-teletek-9-16/;0
/multiprepinac-tesla-by-teletek-9-12/;/multiprepinac-tesla-by-teletek-9-12/;0
/multiprepinac-tesla-by-teletek-5-32/;/multiprepinac-tesla-by-teletek-5-32/;0
/multiprepinac-tesla-by-teletek-5-20/;/multiprepinac-tesla-by-teletek-5-20/;0
/multiprepinac-tesla-by-teletek-5-12/;/multiprepinac-tesla-by-teletek-5-12/;0
/multiprepinac-tesla-by-teletek-5-4/;/multiprepinac-tesla-by-teletek-5-4/;0
/multiprepinac-tesla-by-teletek-9-8/;/multiprepinac-tesla-by-teletek-9-8/;0
/elektromer-3f-na-din-listu-trifazovy-virone-em-9-digitalni/;/elektromer-3f-na-din-listu-trifazovy-virone-em-9-digitalni/;0
/nedis-samp42244wt-domovni-zesilovac-1x-vstup-4x-vystup/;/nedis-samp42244wt-domovni-zesilovac--1x-vstup--4x-vystup/;0
/nedis-samp42222wt-domovni-zesilovac-1x-vstup-2x-vystup/;/nedis-samp42222wt-domovni-zesilovac--1x-vstup--2x-vystup/;0
/sada-kabelovych-ocek-a-smrstovacich-buzirek-140ks/;/sada-kabelovych-ocek-a-smrstovacich-buzirek-140ks/;0
/orno-or-gm-9047-w-zasuvka-zapustna-hermeticka-s-vickem/;/orno-or-gm-9047-w-zasuvka-zapustna-hermeticka-s-vickem/;0
/orno-or-gm-9046-w-zasuvka-zapustna-hermeticka-s-vickem/;/orno-or-gm-9046-w-zasuvka-zapustna-hermeticka-s-vickem/;0
/orno-or-gm-9046-b-zasuvka-zapustna-hermeticka-s-vickem/;/orno-or-gm-9046-b-zasuvka-zapustna-hermeticka-s-vickem/;0
/orno-or-gm-9031-w-zasuvka-zapustna-hermeticka-s-vickem/;/orno-or-gm-9031-w-zasuvka-zapustna-hermeticka-s-vickem/;0
/orno-or-gm-9030-w-zasuvka-zapustna-hermeticka-s-vickem/;/orno-or-gm-9030-w-zasuvka-zapustna-hermeticka-s-vickem/;0
/orno-or-gm-9030-b-zasuvka-zapustna-hermeticka-s-vickem/;/orno-or-gm-9030-b-zasuvka-zapustna-hermeticka-s-vickem/;0
/kamera-cyklisticka-nedis-ccam100bk-3v1-1080p-2mp-cerna/;/kamera-cyklisticka-nedis-ccam100bk-3v1--1080p--2mp--cerna/;0
/krabice-had-4-s-sporakova-bezsroub-svorkovnice-5x6-mm2-bila-ip20-3040124/;/krabice-had-4-s--sporakova--bezsroub--svorkovnice-5x6-mm2--bila--ip20-3040124/;0
/slunecni-clona-3x3x3m-bezova/;/slunecni-clona-3x3x3m-bezova/;0
/tesla-mediabox-xg600-4k-uhd-google-tv-multimedialni-prehravac/;/tesla-mediabox-xg600-4k-uhd-google-tv-multimedialni-prehravac/;0
/televes-avant-12-pro-532203/;/televes-avant-12-pro--532203/;0
/krabice-do-sadrokartonu-orno-or-jb-13820/;/krabice-do-sadrokartonu-orno-or-jb-13820/;0
/krabice-do-sadrokartonu-orno-or-jb-13819/;/krabice-do-sadrokartonu-orno-or-jb-13819/;0
/orno-or-ae-13109-br-zasuvka-vestavna/;/orno-or-ae-13109-br-zasuvka-vestavna/;0
/privodka-vestavna-se-zmenou-faze-13324-ip66-67-400v-16a-5p-6h-uhel-90-speedpro/;/privodka-vestavna-se-zmenou-faze-13324-ip66-67-400v-16a-5p-6h--uhel-90-speedpro/;0
/privodka-vestavna-se-zmenou-faze-13325-ip66-67-400v-32a-5p-6h-uhel-90-speedpro/;/privodka-vestavna-se-zmenou-faze-13325-ip66-67-400v-32a-5p-6h--uhel-90-speedpro/;0
/privodka-vestavna-se-zmenou-faze-13323-ip44-54-400v-32a-5p-6h-uhel-90-speedpro/;/privodka-vestavna-se-zmenou-faze-13323-ip44-54-400v-32a-5p-6h--uhel-90-speedpro/;0
/privodka-nastenna-se-zmenou-faze-13321-ip44-54-400v-32a-5p-6h-speedpro/;/privodka-nastenna-se-zmenou-faze-13321-ip44-54-400v-32a-5p-6h-speedpro/;0
/privodka-vestavna-se-zmenou-faze-13319-ip44-54-400v-32a-5p-6h-prima-speedpro/;/privodka-vestavna-se-zmenou-faze-13319-ip44-54-400v-32a-5p-6h--prima-speedpro/;0
/privodka-vestavna-se-zmenou-faze-13322-ip44-54-400v-16a-5p-6h-uhel-90-speedpro/;/privodka-vestavna-se-zmenou-faze-13322-ip44-54-400v-16a-5p-6h--uhel-90-speedpro/;0
/privodka-vestavna-se-zmenou-faze-13318-ip44-54-400v-16a-5p-6h-prima-speedpro/;/privodka-vestavna-se-zmenou-faze-13318-ip44-54-400v-16a-5p-6h--prima-speedpro/;0
/vidlice-se-zmenou-faze-13317-ip66-67-400v-32a-5p-6h-speedpro/;/vidlice-se-zmenou-faze-13317-ip66-67-400v-32a-5p-6h-speedpro/;0
/vidlice-se-zmenou-faze-13316-ip66-67-400v-16a-5p-6h-speedpro/;/vidlice-se-zmenou-faze-13316-ip66-67-400v-16a-5p-6h-speedpro/;0
/tv-drzak-nedis-tvsm5840bk-smartlife-motorizovany-37-80-60kg-cerny/;/tv-drzak-nedis-tvsm5840bk-smartlife-motorizovany--37-80-60kg--cerny/;0
/detektor-koure-nedis-wifids21wt-smartlife-wi-fi/;/detektor-koure-nedis-wifids21wt-smartlife--wi-fi/;0
/kamera-ip-vnitrni-nedis-wifici12cwt-wi-fi-3mp/;/kamera-ip-vnitrni-nedis-wifici12cwt-wi-fi-3mp/;0
/kamera-ip-venkovni-nedis-wifico22cwt-wi-fi-3mp-ip65-otaceni-naklon/;/kamera-ip-venkovni-nedis-wifico22cwt-wi-fi-3mp-ip65-otaceni-naklon/;0
/kamera-ip-venkovni-dobijeci-nedis-wificbo32wt-wi-fi-4mp-ip66/;/kamera-ip-venkovni-dobijeci-nedis-wificbo32wt-wi-fi-4mp-ip66/;0
/multiprepinac-tesla-by-teletek-5-16/;/multiprepinac-tesla-by-teletek-5-16/;0
/prenosna-nabijecka-nedis-evch37kwbk20-5m-16a-230v-type-2-3-6kw/;/prenosna-nabijecka-nedis-evch37kwbk20-5m--16a--230v--type-2--3-6kw/;0
/nabijeci-kabel-nedis-evca11kwbk50-5m-type-2-type-2-3x16a-400v-11kw/;/nabijeci-kabel-nedis-evca11kwbk50-5m-type-2-type-2--3x16a--400v--11kw/;0
/nabijeci-kabel-nedis-evca22kwbk50-5m-type-2-type-2-3x32a-400v-22kw/;/nabijeci-kabel-nedis-evca22kwbk50-5m-type-2-type-2--3x32a--400v--22kw/;0
/solarni-kabel-10m-prodluzovaci-h1z2z2-k-4mm2-cerveny-cerny-s-konektory-mc4/;/solarni-kabel-10m-prodluzovaci-h1z2z2-k--4mm2--cerveny-cerny-s-konektory-mc4/;0
/solarni-kabel-5m-prodluzovaci-h1z2z2-k-4mm2-cerveny-cerny-s-konektory-mc4/;/solarni-kabel-5m-prodluzovaci-h1z2z2-k--4mm2--cerveny-cerny-s-konektory-mc4/;0
/solarni-kabel-3m-prodluzovaci-h1z2z2-k-4mm2-cerveny-cerny-s-konektory-mc4/;/solarni-kabel-3m-prodluzovaci-h1z2z2-k--4mm2--cerveny-cerny-s-konektory-mc4/;0
/solarni-kabel-2m-prodluzovaci-h1z2z2-k-4mm2-cerveny-cerny-s-konektory-mc4/;/solarni-kabel-2m-prodluzovaci-h1z2z2-k--4mm2--cerveny-cerny-s-konektory-mc4/;0
/tesla-te-323-v2-set-top-box-dvb-t2-h-265-hevc/;/tesla-te-323-v2-set-top-box-dvb-t2--h-265-hevc-/;0
/rozbocovac-adapter-15001-ip54-400v-16a-4p-6h-2-vyvody-speedpro/;/rozbocovac--adapter--15001-ip54-400v-16a-4p-6h--2-vyvody-speedpro/;0
/privodka-nastenna-13663-ip44-54-230v-32a-3p-6h-speedpro/;/privodka-nastenna-13663-ip44-54-230v-32a-3p-6h-speedpro/;0
/privodka-nastenna-13761-ip44-54-400v-16a-4p-6h-speedpro/;/privodka-nastenna-13761-ip44-54-400v-16a-4p-6h-speedpro/;0
/v196-b16-zsf20001000-1-3958-zas-skrin-ip65-jistena-s-chranicem-40-4-003-a/;/v196-b16-zsf20001000-1--3958--zas-skrin-ip65-jistena-s-chranicem-40-4-003-a/;0
/privodka-nastenna-14380-ip67-400v-125a-4p-6h-speedpro/;/privodka-nastenna-14380-ip67-400v-125a-4p-6h-speedpro/;0
/privodka-nastenna-13763-ip44-54-400v-32a-4p-6h-speedpro/;/privodka-nastenna-13763-ip44-54-400v-32a-4p-6h-speedpro/;0
/privodka-nastenna-13661-ip44-54-230v-16a-3p-6h-speedpro/;/privodka-nastenna-13661-ip44-54-230v-16a-3p-6h-speedpro/;0
/v310-b25-zsf20101000-1-3959-zas-skrin-ip54-jistena-s-chranicem-40-4-003-a/;/v310-b25-zsf20101000-1--3959--zas-skrin-ip54-jistena-s-chranicem-40-4-003-a/;0
/svorka-wago-221-612-2x0-5-6-mm2-packova-bezsroubova/;/svorka-wago-221-612--2x0-5-6-mm2-packova--bezsroubova/;0
/svorka-wago-221-420-10x0-2-4-mm2-packova-bezsroubova/;/svorka-wago-221-420--10x0-2-4-mm2-packova--bezsroubova/;0
/svorka-wago-2773-2401-2x0-2-4-mm2-push-wire-bezsroubova/;/svorka-wago-2773-2401--2x0-2-4-mm2-push-wire--bezsroubova/;0
/vymenitelny-modul-kostky-or-gm-9011-b-hdmi-pro-stolni-zasuvku-or-gm-9015/;/vymenitelny-modul-kostky-or-gm-9011-b-hdmi-pro-stolni-zasuvku-or-gm-9015/;0
/prodluzovaci-kabel-na-bubnu-30m-orno-or-ae-13301-30m/;/prodluzovaci-kabel-na-bubnu-30m-orno-or-ae-13301-30m/;0
/prodluzovaci-kabel-na-bubnu-50m-orno-or-ae-13301-50m/;/prodluzovaci-kabel-na-bubnu-50m-orno-or-ae-13301-50m/;0
/nabijecka-usb-kruger-matz-km0859-gan-140w-usb-a-3x-usb-c/;/nabijecka-usb-kruger-matz-km0859-gan-140w-usb-a-3x-usb-c/;0
/zasuvka-vestavna-24m230-ip66-67-230v-16a-3p-6h-sikma-10-mikrospinac-nc-no-speedpro/;/zasuvka-vestavna-24m230-ip66-67-230v-16a-3p-6h--sikma-10--mikrospinac-nc--no-speedpro/;0
/zasuvka-vestavna-24m333-ip66-67-400v-32a-5p-6h-sikma-10-mikrospinac-nc-no-speedpro/;/zasuvka-vestavna-24m333-ip66-67-400v-32a-5p-6h--sikma-10--mikrospinac-nc--no-speedpro/;0
/zasuvka-vestavna-24m332-ip66-67-400v-32a-4p-6h-sikma-10-mikrospinac-nc-no-speedpro/;/zasuvka-vestavna-24m332-ip66-67-400v-32a-4p-6h--sikma-10--mikrospinac-nc--no-speedpro/;0
/zasuvka-vestavna-24m331-ip66-67-400v-16a-5p-6h-sikma-10-mikrospinac-nc-no-speedpro/;/zasuvka-vestavna-24m331-ip66-67-400v-16a-5p-6h--sikma-10--mikrospinac-nc--no-speedpro/;0
/zasuvka-vestavna-24m330-ip66-67-400v-16a-4p-6h-sikma-10-mikrospinac-nc-no-speedpro/;/zasuvka-vestavna-24m330-ip66-67-400v-16a-4p-6h--sikma-10--mikrospinac-nc--no-speedpro/;0
/zasuvka-vestavna-23m333-ip44-54-400v-32a-5p-6h-sikma-10-mikrospinac-nc-no-speedpro/;/zasuvka-vestavna-23m333-ip44-54-400v-32a-5p-6h--sikma-10--mikrospinac-nc--no-speedpro/;0
/zasuvka-vestavna-23m332-ip44-54-400v-32a-4p-6h-sikma-10-mikrospinac-nc-no-speedpro/;/zasuvka-vestavna-23m332-ip44-54-400v-32a-4p-6h--sikma-10--mikrospinac-nc--no-speedpro/;0
/zasuvka-vestavna-23m331-ip44-54-400v-16a-5p-6h-sikma-10-mikrospinac-nc-no-speedpro/;/zasuvka-vestavna-23m331-ip44-54-400v-16a-5p-6h--sikma-10--mikrospinac-nc--no-speedpro/;0
/zasuvka-vestavna-23m330-ip44-54-400v-16a-4p-6h-sikma-10-mikrospinac-nc-no-speedpro/;/zasuvka-vestavna-23m330-ip44-54-400v-16a-4p-6h--sikma-10--mikrospinac-nc--no-speedpro/;0
/zasuvka-vestavna-23237-ip66-67-230v-16a-3p-6h-sikma-10-speedpro/;/zasuvka-vestavna-23237-ip66-67-230v-16a-3p-6h--sikma-10-speedpro/;0
/zasuvka-vestavna-23236-ip44-54-230v-16a-3p-6h-sikma-10-speedpro/;/zasuvka-vestavna-23236-ip44-54-230v-16a-3p-6h--sikma-10--speedpro/;0
/zasuvka-vestavna-23m236-ip44-54-230v-16a-3p-6h-sikma-10-mikrospinac-nc-no-speedpro/;/zasuvka-vestavna-23m236-ip44-54-230v-16a-3p-6h--sikma-10--mikrospinac-nc--no-speedpro/;0
/zasuvka-vestavna-23m233-ip44-54-230v-32a-3p-6h-sikma-10-mikrospinac-nc-no-speedpro/;/zasuvka-vestavna-23m233-ip44-54-230v-32a-3p-6h--sikma-10--mikrospinac-nc--no-speedpro/;0
/orno-noen-hdmi-zasuvka-modul-pro-norgen-panel-cerny/;/orno-noen-hdmi-zasuvka-modul-pro-norgen-panel-cerny/;0
/orno-noen-fr-zasuvka-230v-modul-pro-norgen-panel-cerny/;/orno-noen-fr-zasuvka-230v-modul-pro-norgen-panel-cerny/;0
/orno-noen-ep-krytka-modul-pro-norgen-panel-cerny/;/orno-noen-ep-krytka-modul-pro-norgen-panel-cerny/;0
/orno-norgen-or-gm-9010-b-rm-ramecek-bez-oddeloacu-cerny/;/orno-norgen-or-gm-9010-b-rm-ramecek-bez-oddeloacu-cerny/;0
/orno-noen-rj45-zasuvka-modul-pro-norgen-panel-cerny/;/orno-noen-rj45-zasuvka-modul-pro-norgen-panel-cerny/;0
/orno-noen-usb-zasuvka-modul-pro-norgen-panel-cerny/;/orno-noen-usb-zasuvka-modul-pro-norgen-panel-cerny/;0
/orno-noen-usbq-zasuvka-nabijecka-modul-pro-norgen-panel-cerny/;/orno-noen-usbq-zasuvka-nabijecka-modul-pro-norgen-panel-cerny/;0
/nabytkovy-pripojovaci-panel-norgen-or-gm-9010-b/;/nabytkovy-pripojovaci-panel-norgen-or-gm-9010-b/;0
/orno-norgen-or-gm-9010-g-nabytkovy-pripojovaci-panel/;/orno-norgen-or-gm-9010-g-nabytkovy-pripojovaci-panel/;0
/orno-or-ae-13302-zasuvka-230v-s-usb-nabijeckou/;/orno-or-ae-13302-zasuvka-230v-s-usb-nabijeckou/;0
/napajeci-zdroj-5v-3a-spinany-konektor-5-5x2-1mm-1-4m/;/napajeci-zdroj-5v-3a-spinany--konektor-5-5x2-1mm--1-4m/;0
/napajeci-zdroj-5v-3a-spinany-konektor-5-5x2-1mm-0-9m/;/napajeci-zdroj-5v-3a-spinany--konektor-5-5x2-1mm--0-9m/;0
/dc-prodluzovaci-kabel-s-konektory-5-metru/;/dc-prodluzovaci-kabel-s-konektory--5-metru/;0
/compass-07157-load-pro-2a-6-12v/;/compass-07157-load-pro-2a-6-12v/;0
/compass-07157-load-1a-6-12v/;/compass-07157-load-1a-6-12v/;0
/nahradni-svetla-se-zastrckou-13pin-pro-nosic-e-bike-dolphin-3-a-4/;/nahradni-svetla-se-zastrckou-13pin-pro-nosic-e-bike--dolphin-3-a-4/;0
/nahradni-matice-plast-pro-nosic-e-bike-dolphin-3-a-4/;/nahradni-matice-plast-pro-nosic-e-bike--dolphin-3-a-4/;0
/nahradni-zamek-drzaku-pro-nosic-e-bike-dolphin-3-a-4/;/nahradni-zamek-drzaku-pro-nosic-e-bike--dolphin-3-a-4/;0
/nahradni-objimka-na-kolo-prava-pro-nosic-dolphin-3-a-4/;/nahradni-objimka-na-kolo-prava-pro-nosic-dolphin-3-a-4/;0
/nahradni-objimka-na-kolo-leva-pro-nosic-dolphin-3-a-4/;/nahradni-objimka-na-kolo-leva-pro-nosic-dolphin-3-a-4/;0
/nahradni-upevnovaci-objimka-pro-nosic-dolphin-3-a-4/;/nahradni-upevnovaci-objimka-pro-nosic-dolphin-3-a-4/;0
/nahradni-zakonceni-profilu-plast-pro-nosic-dolphin-3-a-4/;/nahradni-zakonceni-profilu-plast-pro-nosic-dolphin-3-a-4/;0
/nahradni-svetelna-rampa-bez-svetel-pro-nosic-dolphin-3-a-4/;/nahradni-svetelna-rampa--bez-svetel--pro-nosic-dolphin-3-a-4/;0
/nahradni-matice-se-zamkem-pro-nosic-e-bike-dolphin-3-a-4/;/nahradni-matice-se-zamkem-pro-nosic-e-bike--dolphin-3-a-4/;0
/nahradni-drzak-kola-dlouhy-se-zamkem-pro-nosic-dolphin-3-a-4/;/nahradni-drzak-kola-dlouhy-se-zamkem-pro-nosic-dolphin-3-a-4/;0
/nahradni-drzak-kola-kratky-se-zamkem-pro-nosic-dolphin-3-a-4/;/nahradni-drzak-kola-kratky-se-zamkem-pro-nosic-dolphin-3-a-4/;0
/nahradni-objimka-na-kolo-prava-pro-nosic-e-bike/;/nahradni-objimka-na-kolo-prava-pro-nosic-e-bike/;0
/nahradni-objimka-na-kolo-leva-pro-nosic-e-bike/;/nahradni-objimka-na-kolo-leva-pro-nosic-e-bike/;0
/nahradni-zakonceni-profilu-plast-pro-nosic-e-bike/;/nahradni-zakonceni-profilu-plast-pro-nosic-e-bike/;0
/nahradni-svetelna-rampa-bez-svetel-pro-nosic-e-bike/;/nahradni-svetelna-rampa--bez-svetel--pro-nosic-e-bike/;0
/nahradni-drzak-kola-dlouhy-se-zamkem-pro-nosic-e-bike/;/nahradni-drzak-kola-dlouhy-se-zamkem-pro-nosic-e-bike/;0
/ochranna-plachta-proti-kroupam-mid-suv-480x195x155cm/;/ochranna-plachta-proti-kroupam-mid-suv-480x195x155cm/;0
/vidlicka-kabelova-6-5mm-neizolovana-dj441a-6b-baleni-100ks/;/vidlicka-kabelova-6-5mm-neizolovana--dj441a-6b-baleni-100ks/;0
/vidlicka-kabelova-6-5mm-modra-svs-2-6-baleni-100ks/;/vidlicka-kabelova-6-5mm-modra--svs-2-6-baleni-100ks/;0
/vidlicka-kabelova-6-5mm-cervena-svs-1-25-6-baleni-100ks/;/vidlicka-kabelova-6-5mm-cervena--svs-1-25-6-baleni-100ks/;0
/vidlicka-kabelova-5-3mm-modra-svs-2-5-baleni-100ks/;/vidlicka-kabelova-5-3mm-modra--svs-2-5-baleni-100ks/;0
/vidlicka-kabelova-5-3mm-cervena-svs-1-25-5-baleni-100ks/;/vidlicka-kabelova-5-3mm-cervena--svs-1-25-5-baleni-100ks/;0
/vidlicka-kabelova-4-3mm-zluta-svs-5-5-4-baleni-100ks/;/vidlicka-kabelova-4-3mm-zluta--svs-5-5-4-baleni-100ks/;0
/vidlicka-kabelova-4-3mm-modra-svs-2-4-baleni-100ks/;/vidlicka-kabelova-4-3mm-modra--svs-2-4-baleni-100ks/;0
/vidlicka-kabelova-4-3mm-cervena-svs-1-25-4-baleni-100ks/;/vidlicka-kabelova-4-3mm-cervena--svs-1-25-4-baleni-100ks/;0
/vidlicka-kabelova-3-7mm-modra-svs-2-3-5-baleni-100ks/;/vidlicka-kabelova-3-7mm-modra--svs-2-3-5-baleni-100ks/;0
/vidlicka-kabelova-3-7mm-cervena-svs-1-25-3-5-baleni-100ks/;/vidlicka-kabelova-3-7mm-cervena--svs-1-25-3-5-baleni-100ks/;0
/vidlicka-kabelova-3-2mm-modra-sv-2-3-baleni-100ks/;/vidlicka-kabelova-3-2mm-modra--sv-2-3-baleni-100ks/;0
/vidlicka-kabelova-3-2mm-cervena-sv-1-25-3-baleni-100ks/;/vidlicka-kabelova-3-2mm-cervena--sv-1-25-3-baleni-100ks/;0
/mean-well-lrs-35-24-prumyslovy-zdroj-spinany-24v-35w/;/mean-well-lrs-35-24-prumyslovy-zdroj-spinany-24v-35w/;0
/oko-kabelove-8-4mm-kabel-16-25mm2-rnb-22-8-baleni-100ks/;/oko-kabelove-8-4mm-kabel-16-25mm2--rnb-22-8-baleni-100ks/;0
/oko-kabelove-8-4mm-kabel-0-5-1-5mm2-rnb1-25-8-baleni-100ks/;/oko-kabelove-8-4mm-kabel-0-5-1-5mm2--rnb1-25-8-baleni-100ks/;0
/oko-kabelove-8-4mm-modre-rv-2-8-baleni-100ks/;/oko-kabelove-8-4mm-modre--rv-2-8-baleni-100ks/;0
/oko-kabelove-8-4mm-cervene-rv-1-25-8-baleni-100ks/;/oko-kabelove-8-4mm-cervene--rv-1-25-8-baleni-100ks/;0
/oko-kabelove-6-5mm-kabel-10-16mm2-rnbs-14-6-baleni-100ks/;/oko-kabelove-6-5mm-kabel-10-16mm2--rnbs-14-6-baleni-100ks/;0
/oko-kabelove-6-5mm-kabel-1-5-2-5mm2-rnb-2-6-baleni-100ks/;/oko-kabelove-6-5mm-kabel-1-5-2-5mm2--rnb-2-6-baleni-100ks/;0
/oko-kabelove-6-5mm-kabel-6mm2-sc6-6/;/oko-kabelove-6-5mm--kabel-6mm2--sc6-6-/;0
/oko-kabelove-6-5mm-kabel-4mm2-sc4-6/;/oko-kabelove-6-5mm--kabel-4mm2--sc4-6-/;0
/oko-kabelove-5-3mm-kabel-4-6mm2-rnb-5-5-5-baleni-100ks/;/oko-kabelove-5-3mm-kabel-4-6mm2--rnb-5-5-5-baleni-100ks/;0
/oko-kabelove-5-3mm-kabel-2-5-4mm2-rnbl-3-5-5-baleni-100ks/;/oko-kabelove-5-3mm-kabel-2-5-4mm2--rnbl-3-5-5-baleni-100ks/;0
/oko-kabelove-5-3mm-kabel-1-5-2-5mm2-rnbs-2-5-baleni-100ks/;/oko-kabelove-5-3mm-kabel-1-5-2-5mm2--rnbs-2-5-baleni-100ks/;0
/oko-kabelove-5-3mm-zlute-rv-5-5-5-baleni-100ks/;/oko-kabelove-5-3mm-zlute--rv-5-5-5-baleni-100ks/;0
/oko-kabelove-5-3mm-modre-rvs-2-5-baleni-100ks/;/oko-kabelove-5-3mm-modre--rvs-2-5-baleni-100ks/;0
/oko-kabelove-5-2mm-kabel-6mm2-sc6-5/;/oko-kabelove-5-2mm--kabel-6mm2--sc6-5-/;0
/oko-kabelove-5-2mm-kabel-4mm2-sc4-5/;/oko-kabelove-5-2mm--kabel-4mm2--sc4-5-/;0
/oko-kabelove-4-3mm-kabel-4-6mm2-rnb-5-5-4-baleni-100ks/;/oko-kabelove-4-3mm-kabel-4-6mm2--rnb-5-5-4-baleni-100ks/;0
/oko-kabelove-4-3mm-kabel-0-5-1-5mm2-rnbs-1-25-4-baleni-100ks/;/oko-kabelove-4-3mm-kabel-0-5-1-5mm2--rnbs-1-25-4-baleni-100ks/;0
/oko-kabelove-4-3mm-cerne-rv-3-5-4-baleni-100ks/;/oko-kabelove-4-3mm-cerne--rv-3-5-4-baleni-100ks/;0
/oko-kabelove-3-7mm-modre-rvs-2-3-5-baleni-100ks/;/oko-kabelove-3-7mm-modre--rvs-2-3-5-baleni-100ks/;0
/oko-kabelove-3-7mm-cervene-rvs-1-25-3-baleni-100ks/;/oko-kabelove-3-7mm-cervene--rvs-1-25-3-baleni-100ks/;0
/oko-kabelove-3-2mm-modre-rv-2-3-baleni-100ks/;/oko-kabelove-3-2mm-modre--rv-2-3-baleni-100ks/;0
/oko-kabelove-3-2mm-cervene-rv-1-25-3-baleni-100ks/;/oko-kabelove-3-2mm-cervene--rv-1-25-3-baleni-100ks/;0
/oko-kabelove-10-5mm-kabel-6-10mm2-rnb-8-10-baleni-100ks/;/oko-kabelove-10-5mm-kabel-6-10mm2--rnb-8-10-baleni-100ks/;0
/oko-kabelove-10-5mm-kabel-4-6mm2-rnb-5-5-10-baleni-100ks/;/oko-kabelove-10-5mm-kabel-4-6mm2--rnb-5-5-10-baleni-100ks/;0
/oko-kabelove-10-5mm-kabel-16-25mm2-rnb-22-10-baleni-100ks/;/oko-kabelove-10-5mm-kabel-16-25mm2--rnb-22-10-baleni-100ks/;0
/oko-kabelove-10-5mm-kabel-1-5-2-5mm2-rnb-2-10-baleni-100ks/;/oko-kabelove-10-5mm-kabel-1-5-2-5mm2--rnb-2-10-baleni-100ks/;0
/konektor-dutinka-4mm-modra-kabel-1-5-2-5mm2-baleni-100ks/;/konektor-dutinka-4mm-modra--kabel-1-5-2-5mm2--baleni-100ks/;0
/faston-zdirka-6-3mm-zluta-pro-kabel-4-6mm2-baleni-100ks/;/faston-zdirka-6-3mm-zluta-pro-kabel-4-6mm2--baleni-100ks/;0
/faston-zdirka-6-3mm-se-smrstovaci-buzirkou-kabel-4-6mm2/;/faston-zdirka-6-3mm-se-smrstovaci-buzirkou--kabel-4-6mm2/;0
/faston-zdirka-6-3mm-se-smrstovaci-buzirkou-kabel-1-5-2-5mm2/;/faston-zdirka-6-3mm-se-smrstovaci-buzirkou--kabel-1-5-2-5mm2/;0
/faston-zdirka-6-3mm-se-smrstovaci-buzirkou-kabel-0-5-1-5mm2/;/faston-zdirka-6-3mm-se-smrstovaci-buzirkou--kabel-0-5-1-5mm2/;0
/faston-zdirka-6-3mm-se-smrst-buzirkou-kabel-4-6mm2-baleni-100ks/;/faston-zdirka-6-3mm-se-smrst-buzirkou-kabel-4-6mm2--baleni-100ks/;0
/faston-zdirka-6-3mm-se-smrst-buzirkou-kabel-1-5-2-5mm2-baleni-100ks/;/faston-zdirka-6-3mm-se-smrst-buzirkou-kabel-1-5-2-5mm2--baleni-100ks/;0
/faston-zdirka-6-3mm-se-smrst-buzirkou-kabel-0-5-1-5mm2-baleni-100ks/;/faston-zdirka-6-3mm-se-smrst-buzirkou-kabel-0-5-1-5mm2--baleni-100ks/;0
/faston-zdirka-4-8mm-se-smrstovaci-buzirkou-kabel-0-5-1-5mm2/;/faston-zdirka-4-8mm-se-smrstovaci-buzirkou--kabel-0-5-1-5mm2/;0
/faston-zdirka-4-8mm-se-smrst-buzirkou-kabel-0-5-1-5mm2-baleni-100ks/;/faston-zdirka-4-8mm-se-smrst-buzirkou-kabel-0-5-1-5mm2--baleni-100ks/;0
/faston-zdirka-4-8mm-cervena-pro-kabel-0-5-1-5mm2-baleni-100ks/;/faston-zdirka-4-8mm-cervena-pro-kabel-0-5-1-5mm2--baleni-100ks/;0
/faston-zdirka-2-8mm-modra-pro-kabel-1-5-2-5mm2-baleni-100ks/;/faston-zdirka-2-8mm-modra-pro-kabel-1-5-2-5mm2--baleni-100ks/;0
/faston-konektor-6-3mm-zluty-pro-kabel-4-6mm2-baleni-100ks/;/faston-konektor-6-3mm-zluty-pro-kabel-4-6mm2--baleni-100ks/;0
/faston-konektor-6-3mm-se-smrstovaci-buzirkou-kabel-4-6mm2/;/faston-konektor-6-3mm-se-smrstovaci-buzirkou--kabel-4-6mm2/;0
/faston-konektor-6-3mm-se-smrstovaci-buzirkou-kabel-1-5-2-5mm2/;/faston-konektor-6-3mm-se-smrstovaci-buzirkou--kabel-1-5-2-5mm2/;0
/faston-konektor-6-3mm-se-smrstovaci-buzirkou-kabel-0-5-1-5mm2/;/faston-konektor-6-3mm-se-smrstovaci-buzirkou--kabel-0-5-1-5mm2/;0
/faston-konektor-6-3mm-se-smrst-buzirkou-kabel-4-6mm2-baleni-100ks/;/faston-konektor-6-3mm-se-smrst-buzirkou-kabel-4-6mm2--baleni-100ks/;0
/faston-konektor-6-3mm-se-smrst-buzirkou-kabel-1-5-2-5mm2-baleni-100ks/;/faston-konektor-6-3mm-se-smrst-buzirkou-kabel-1-5-2-5mm2--baleni-100ks/;0
/faston-konektor-6-3mm-se-smrst-buzirkou-kabel-0-5-1-5mm2-baleni-100ks/;/faston-konektor-6-3mm-se-smrst-buzirkou-kabel-0-5-1-5mm2--baleni-100ks/;0
/faston-konektor-6-3mm-modry-pro-kabel-1-5-2-5mm2-baleni-100ks/;/faston-konektor-6-3mm-modry-pro-kabel-1-5-2-5mm2--baleni-100ks/;0
/faston-konektor-4-8mm-se-smrstovaci-buzirkou-kabel-0-5-1-5mm2/;/faston-konektor-4-8mm-se-smrstovaci-buzirkou--kabel-0-5-1-5mm2/;0
/faston-konektor-4-8mm-se-smrst-buzirkou-kabel-0-5-1-5mm2-baleni-100ks/;/faston-konektor-4-8mm-se-smrst-buzirkou-kabel-0-5-1-5mm2--baleni-100ks/;0
/dutinka-pro-kabel-6mm2-zelena-e6018-baleni-100ks/;/dutinka-pro-kabel-6mm2-zelena--e6018-baleni-100ks/;0
/dutinka-pro-kabel-6mm2-cerna-e6012-baleni-100ks/;/dutinka-pro-kabel-6mm2-cerna--e6012-baleni-100ks/;0
/dutinka-pro-kabel-4mm2-oranzova-e4018-baleni-100ks/;/dutinka-pro-kabel-4mm2-oranzova--e4018-baleni-100ks/;0
/dutinka-pro-kabel-16mm2-celokovova-en16-15-baleni-100ks/;/dutinka-pro-kabel-16mm2-celokovova--en16-15-baleni-100ks/;0
/dutinka-pro-dva-kabely-1mm2-zluta-te1-0-8-baleni-100ks/;/dutinka-pro-dva-kabely-1mm2-zluta--te1-0-8-baleni-100ks/;0
/dutinka-pro-dva-kabely-1-5mm2-cerna-te1-5-12-baleni-100ks/;/dutinka-pro-dva-kabely-1-5mm2-cerna--te1-5-12-baleni-100ks/;0
/dutinka-pro-dva-kabely-0-5mm2-oranzova-te0-5-8-baleni-100ks/;/dutinka-pro-dva-kabely-0-5mm2-oranzova--te0-5-8-baleni-100ks/;0
/gumova-zaslepka-do-otvoru-6-20mm-sada-170ks/;/gumova-zaslepka-do-otvoru-6-20mm--sada-170ks/;0
/buzirky-smrstovaci-barevne-1-14mm-sada-328ks/;/buzirky-smrstovaci-barevne-1-14mm--sada-328ks/;0
/buzirky-smrstovaci-barevne-1-5-10mm-sada-530ks/;/buzirky-smrstovaci-barevne-1-5-10mm--sada-530ks/;0
/plynova-kartuse-propan-butan-450g-zavit-7-16/;/plynova-kartuse-propan-butan-450g-zavit-7-16-/;0
/led-stropni-svetlo-adviti-vito-ad-pl-6514wlzm-cct-do/;/led-stropni-svetlo-adviti-vito-ad-pl-6514wlzm-cct-do/;0
/led-stropni-svetlo-adviti-vito-ad-pl-6515wlzm-cct-tuya/;/led-stropni-svetlo-adviti-vito-ad-pl-6515wlzm-cct-tuya/;0
/led-schodistove-svitidlo-orno-cygnus-or-os-1530l3-br/;/led-schodistove-svitidlo-orno-cygnus-or-os-1530l3-br/;0
/led-schodistove-svitidlo-orno-cygnus-or-os-1530l6-n/;/led-schodistove-svitidlo-orno-cygnus-or-os-1530l6-n/;0
/krabice-pod-omitku-sez-dk-6400h-231-hluboka-univerzalni/;/krabice-pod-omitku--sez-dk-6400h-231-hluboka--univerzalni/;0
/vidlice-prima-orno-or-ae-13222-gumova/;/vidlice-prima-orno-or-ae-13222-gumova/;0
/orno-or-gm-9017-zasuvka-vysuvny-blok/;/orno-or-gm-9017-zasuvka-vysuvny-blok/;0
/orno-or-gm-9035-b-zasuvka-vestavna/;/orno-or-gm-9035-b-zasuvka-vestavna/;0
/orno-or-gm-9035-c-zasuvka-vestavna/;/orno-or-gm-9035-c-zasuvka-vestavna/;0
/orno-or-gm-9029-b-zasuvka-vestavna/;/orno-or-gm-9029-b-zasuvka-vestavna/;0
/orno-or-gm-9031-b-zasuvka-zapustna-s-vickem/;/orno-or-gm-9031-b-zasuvka-zapustna-s-vickem/;0
/krabice-acquabox-3071-ip55-112x112x64mm-plne-viko-hladke-boky/;/krabice-acquabox-3071-ip55-112x112x64mm--plne-viko--hladke-boky/;0
/napajeci-zdroj-15v-3a-jx-1530/;/napajeci-zdroj-15v-3a-jx-1530/;0
/autoadapter-hdx-g803d-usb-12v-5v-s-voltmetrem/;/autoadapter-hdx-g803d-usb-12v-5v-s-voltmetrem/;0
/superior-kit-outdoor-433-sada-dalkove-ovladani/;/superior-kit-outdoor-433-sada-dalkove-ovladani/;0
/kabel-dvojlinka-cabletech-kab0315-2x-1-0-mm-pruhledna-cu/;/kabel-dvojlinka-cabletech-kab0315-2x-1-0-mm-pruhledna-cu/;0
/kabel-dvojlinka-cabletech-kab0317-2x1-0mm-pruhledna-ofc/;/kabel-dvojlinka-cabletech-kab0317-2x1-0mm-pruhledna-ofc/;0
/kabel-dvojlinka-cabletech-kab0325-2x-2-5-mm-pruhledna-cu/;/kabel-dvojlinka-cabletech-kab0325-2x-2-5-mm-pruhledna-cu/;0
/konektor-mc4-diodova-ochrana-20a/;/konektor-mc4-diodova-ochrana-20a/;0
/kabel-usb-a-usb-c-usb-c-lightning-cabletech-kpo3943-1m/;/kabel-usb-a-usb-c---usb-c-lightning-cabletech-kpo3943---1m/;0
/atrapa-kamery-led-dk-10-cabletech-urz1008/;/atrapa-kamery-led-dk-10-cabletech-urz1008/;0
/tesla-mediabox-xt850-originalni-dalkove-ovladani/;/tesla-mediabox-xt850-originalni-dalkove-ovladani/;0
/orno-or-gm-9046-g-zasuvka-zapustna-hermeticka-s-vickem/;/orno-or-gm-9046-g-zasuvka-zapustna-hermeticka-s-vickem/;0
/orno-or-gm-9047-g-zasuvka-zapustna-hermeticka-s-vickem/;/orno-or-gm-9047-g-zasuvka-zapustna-hermeticka-s-vickem/;0
/orno-or-gm-9047-b-zasuvka-zapustna-hermeticka-s-vickem/;/orno-or-gm-9047-b-zasuvka-zapustna-hermeticka-s-vickem/;0
/pir-senzor-pohybove-cidlo-orno-or-cr-223/;/pir-senzor--pohybove-cidlo--orno-or-cr-223/;0
/pir-senzor-pohybove-cidlo-orno-or-cr-222/;/pir-senzor--pohybove-cidlo--orno-or-cr-222/;0
/kabelovy-box-virone-cb-1-w/;/kabelovy-box-virone-cb-1-w/;0
/kabelovy-box-virone-cb-1-b/;/kabelovy-box-virone-cb-1-b/;0
/motor-linearni-aktuator-t749b-pfs01-300-400-700mm-napajeni-12vdc-1500n-7mm-s/;/motor-linearni-aktuator-t749b-pfs01-300--400-700mm--napajeni-12vdc--1500n--7mm-s/;0
/motor-linearni-aktuator-la-t8-155-250mm-t749-napajeni-12vdc-96n-9-5mm-s/;/motor-linearni-aktuator-la-t8--155-250mm--t749--napajeni-12vdc--96n--9-5mm-s/;0
/orno-or-gm-9015-b-zasuvka-vestavna/;/orno-or-gm-9015-b-zasuvka-vestavna/;0
/amiko-9265-dvb-s2-t2-c-kombo-prijimac-4k/;/amiko-9265--dvb-s2-t2-c-kombo-prijimac-4k/;0
/orno-or-gm-9042-b-zasuvka-vestavna/;/orno-or-gm-9042-b-zasuvka-vestavna/;0
/orno-or-gm-9042-g-zasuvka-vestavna/;/orno-or-gm-9042-g-zasuvka-vestavna/;0
/prodluzovaci-kabel-na-bubnu-20m-orno-or-ae-13293-20m/;/prodluzovaci-kabel-na-bubnu-20m-orno-or-ae-13293-20m/;0
/prodluzovaci-kabel-orno-or-ae-13299-10m/;/prodluzovaci-kabel-orno-or-ae-13299-10m/;0
/prodluzovaci-kabel-orno-or-ae-13299-5m/;/prodluzovaci-kabel-orno-or-ae-13299-5m/;0
/prodluzovaci-kabel-s-vypinacem-orno-or-ae-13298-5m/;/prodluzovaci-kabel-s-vypinacem-orno-or-ae-13298-5m/;0
/prodluzovaci-kabel-s-vypinacem-orno-or-ae-13298-3m/;/prodluzovaci-kabel-s-vypinacem-orno-or-ae-13298-3m/;0
/prodluzovaci-kabel-orno-or-ae-13297-5m/;/prodluzovaci-kabel-orno-or-ae-13297-5m/;0
/prodluzovaci-kabel-orno-or-ae-13297-3m/;/prodluzovaci-kabel-orno-or-ae-13297-3m/;0
/prodluzovaci-kabel-s-vypinacem-orno-or-ae-13296-3m/;/prodluzovaci-kabel-s-vypinacem-orno-or-ae-13296-3m/;0
/prodluzovaci-kabel-orno-or-ae-13295-3m/;/prodluzovaci-kabel-orno-or-ae-13295-3m/;0
/zasuvkovy-termostat-s-casovym-spinacem-kt3100/;/zasuvkovy-termostat-s-casovym-spinacem-kt3100/;0
/krabice-f6-cerna-minibox-ip55-rozbocovaci-s-naklapavacim-vickem-90x43x40mm/;/krabice-f6-cerna-minibox-ip55-rozbocovaci--s-naklapavacim-vickem--90x43x40mm/;0
/krabice-f12-cerna-minibox-ip55-rozbocovaci-s-naklapavacim-vickem-85x85x40mm/;/krabice-f12-cerna-minibox-ip55-rozbocovaci--s-naklapavacim-vickem--85x85x40mm/;0
/krabice-f8-cerna-minibox-ip55-rozbocovaci-s-naklapavacim-vickem-75x75x40mm/;/krabice-f8-cerna-minibox-ip55-rozbocovaci--s-naklapavacim-vickem--75x75x40mm/;0
/vidlice-orno-or-ae-1379-b-uhlova-pro-prodluzovaci-kabel-cerna/;/vidlice-orno-or-ae-1379-b-uhlova-pro-prodluzovaci-kabel--cerna/;0
/vidlice-orno-or-ae-1379-w-uhlova-pro-prodluzovaci-kabel-bila/;/vidlice-orno-or-ae-1379-w-uhlova-pro-prodluzovaci-kabel--bila/;0
/zasuvka-prima-orno-or-ae-13258-gumova-cerna/;/zasuvka-prima-orno-or-ae-13258-gumova--cerna/;0
/pir-senzor-pohybove-cidlo-orno-or-cr-236-b-2/;/pir-senzor--pohybove-cidlo--orno-or-cr-236-b-2/;0
/pir-senzor-pohybove-cidlo-orno-or-cr-236-b/;/pir-senzor--pohybove-cidlo--orno-or-cr-236-b/;0
/pir-senzor-pohybove-cidlo-orno-or-cr-204-b/;/pir-senzor--pohybove-cidlo--orno-or-cr-204-b/;0
/pir-senzor-pohybove-cidlo-orno-or-cr-204-w/;/pir-senzor--pohybove-cidlo--orno-or-cr-204-w/;0
/robot-rebel-voice-blue/;/robot-rebel-voice-blue/;0
/inverto-premium-twin-idlp-twl413-0-2-db-s-filtrem-4g-lte/;/inverto-premium-twin-idlp-twl413-0-2-db-s-filtrem-4g-lte/;0
/inverto-premium-quad-idlp-qdl413-0-2-db-s-filtrem-4g-lte/;/inverto-premium-quad-idlp-qdl413-0-2-db-s-filtrem-4g-lte/;0
/inverto-premium-single-idlp-snl413-0-2-db-s-filtrem-4g-lte/;/inverto-premium-single-idlp-snl413-0-2-db-s-filtrem-4g-lte/;0
/zasuvka-vestavna-uzamykatelna-23238l-ip44-54-230v-16a-3p-6h-sikma-10-speedpro/;/zasuvka-vestavna-uzamykatelna-23238l-ip44-54-230v-16a-3p-6h--sikma-10--speedpro/;0
/vidlice-uzamykatelna-13200l-ip44-54-230v-16a-3p-6h-speedpro/;/vidlice-uzamykatelna-13200l-ip44-54-230v-16a-3p-6h-speedpro/;0
/orno-or-gm-9040-b-zapustena-zasuvka/;/orno-or-gm-9040-b-zapustena-zasuvka/;0
/bezdratova-klavesnice-in-553052-pro-pohon-vrat-in/;/bezdratova-klavesnice-in-553052-pro-pohon-vrat-in/;0
/in-mg300-pohon-2-kridlovych-vrat/;/in-mg300-pohon-2-kridlovych-vrat/;0
/zasuvka-rozbocovaci-timex-r-31-z-s-prepetovou-ochranou/;/zasuvka-rozbocovaci-timex-r-31-z-s-prepetovou-ochranou/;0
/elektromer-1f-na-din-listu-orno-or-we-523-mid-rs-485/;/elektromer-1f-na-din-listu-orno-or-we-523--mid--rs-485/;0
/elektromer-1f-na-din-listu-orno-or-we-525-mid-rs-485/;/elektromer-1f-na-din-listu-orno-or-we-525--mid--rs-485/;0
/herni-kreslo-kruger-matz-gx-150-bilo-ruzove/;/herni-kreslo-kruger-matz-gx-150--bilo-ruzove/;0
/herni-kreslo-kruger-matz-gx-150-cerno-zelene/;/herni-kreslo-kruger-matz-gx-150--cerno-zelene/;0
/herni-kreslo-kruger-matz-gx-150-cerno-sede/;/herni-kreslo-kruger-matz-gx-150--cerno-sede/;0
/tesla-secureq-i13-bezdratovy-detektor-otevreni-wds2-dvere-okno/;/tesla-secureq-i13-bezdratovy-detektor-otevreni-wds2--dvere-okno-/;0
/tesla-secureq-i13-rfid-cip/;/tesla-secureq-i13-rfid-cip/;0
/tesla-secureq-i13-dalkovy-ovladac/;/tesla-secureq-i13-dalkovy-ovladac/;0
/tesla-secureq-i13-napajeci-adapter/;/tesla-secureq-i13-napajeci-adapter/;0
/tesla-secureq-i13-bezdratovy-detektor-pohybu/;/tesla-secureq-i13-bezdratovy-detektor-pohybu/;0
/tesla-secureq-i13-zvonek/;/tesla-secureq-i13-zvonek/;0
/tesla-secureq-i13-wi-fi-smart-bezpecnostni-system/;/tesla-secureq-i13-wi-fi-smart-bezpecnostni-system/;0
/tesla-aircook-q60-xxl-pro-multifunkcni-digitalni-horkovzdusna-friteza/;/tesla-aircook-q60-xxl-pro-multifunkcni-digitalni-horkovzdusna-friteza/;0
/lepidlo-zhanlida-t-7000-25ml-transparentni/;/lepidlo-zhanlida-t-7000-25ml-transparentni/;0
/lepidlo-zhanlida-t-7000-50ml-cerne/;/lepidlo-zhanlida-t-7000-50ml-cerne/;0
/teplomer-bezkontaktni-voltcraft-mini-ir-10/;/teplomer-bezkontaktni-voltcraft-mini-ir-10/;0
/meric-vibraci-voltcraft-vbm-85/;/meric-vibraci-voltcraft-vbm-85/;0
/vaha-zavesna-voltcraft-hs-300/;/vaha-zavesna-voltcraft-hs-300/;0
/meric-uv-zareni-voltcraft-uv-500/;/meric-uv-zareni-voltcraft-uv-500/;0
/virone-rs-10-dalkove-ovladana-zasuvky-1-1/;/virone-rs-10-dalkove-ovladana-zasuvky-1-1/;0
/virone-rs-7-dalkove-ovladane-zasuvky-venkovni-2-1/;/virone-rs-7-dalkove-ovladane-zasuvky-venkovni-2-1/;0
/budik-digitalni-garni-138w/;/budik-digitalni-garni-138w/;0
/budik-digitalni-garni-138b/;/budik-digitalni-garni-138b/;0
/nabijecka-bezdratova-kruger-matz-km0858/;/nabijecka-bezdratova-kruger-matz-km0858/;0
/prumyslovy-zdroj-orno-or-zl-1637-12v-250w/;/prumyslovy-zdroj--orno-or-zl-1637-12v-250w/;0
/prumyslovy-zdroj-orno-or-zl-1636-12v-200w/;/prumyslovy-zdroj--orno-or-zl-1636-12v-200w/;0
/prumyslovy-zdroj-orno-or-zl-1635-12v-150w/;/prumyslovy-zdroj--orno-or-zl-1635-12v-150w/;0
/prumyslovy-zdroj-orno-or-zl-1634-12v-120w/;/prumyslovy-zdroj--orno-or-zl-1634-12v-120w/;0
/prumyslovy-zdroj-orno-or-zl-1633-12v-60w/;/prumyslovy-zdroj--orno-or-zl-1633-12v-60w/;0
/prumyslovy-zdroj-orno-or-zl-1632-12v-36w/;/prumyslovy-zdroj--orno-or-zl-1632-12v-36w/;0
/prumyslovy-zdroj-orno-or-zl-1631-12v-24w/;/prumyslovy-zdroj--orno-or-zl-1631-12v-24w/;0
/kabelova-vodotesna-spojka-orno-or-ae-13617/;/kabelova-vodotesna-spojka-orno-or-ae-13617/;0
/kabelova-vodotesna-spojka-orno-or-ae-13604/;/kabelova-vodotesna-spojka-orno-or-ae-13604/;0
/kabelova-vodotesna-spojka-orno-or-ae-13603/;/kabelova-vodotesna-spojka-orno-or-ae-13603/;0
/kabelova-vodotesna-spojka-rozbocovaci-orno-or-ae-13602/;/kabelova-vodotesna-spojka-rozbocovaci-orno-or-ae-13602/;0
/kabelova-vodotesna-spojka-orno-or-ae-13601/;/kabelova-vodotesna-spojka-orno-or-ae-13601/;0
/bezdotykovy-spinac-orno-or-cr-268/;/bezdotykovy-spinac-orno-or-cr-268/;0
/pir-senzor-pohybove-cidlo-orno-or-cr-211/;/pir-senzor--pohybove-cidlo--orno-or-cr-211/;0
/orno-or-gb-462-dalkove-ovladane-zasuvky-2-1/;/orno-or-gb-462-dalkove-ovladane-zasuvky-2-1/;0
/smartlife-chytra-zasuvka-nedis-wifipo130ewt-wi-fi-meric-spotreby-ip44-16a-3680w-bila/;/smartlife-chytra-zasuvka-nedis-wifipo130ewt--wi-fi-meric-spotreby-ip44-16a-3680w-bila/;0
/smartlife-chytra-zasuvka-nedis-wifip151ewt-wi-fi-meric-spotreby-16a-3680w-bila/;/smartlife-chytra-zasuvka-nedis-wifip151ewt--wi-fi-meric-spotreby-16a-3680w-bila/;0
/smartlife-chytra-duo-zasuvka-nedis-wifip141ewt-wi-fi-meric-spotreby-16a-3680w-bila/;/smartlife-chytra-duo-zasuvka-nedis-wifip141ewt--wi-fi-meric-spotreby-16a-3680w-bila/;0
/prodluzovaci-kabel-nedis-wifip313ewt-smartlife-2m-wi-fi-16a-3680w-4xzasuvka/;/prodluzovaci-kabel-nedis-wifip313ewt-smartlife--2m-wi-fi-16a-3680w-4xzasuvka-/;0
/krabice-pod-omitku-sez-dolny-kubin-6400h-201-hluboka-univerzalni/;/krabice-pod-omitku-sez-dolny-kubin-6400h-201-hluboka--univerzalni/;0
/elektromer-1f-na-din-listu-digitalni-orno-or-we-522-80a-3-moduly/;/elektromer-1f-na-din-listu-digitalni-orno-or-we-522-80a-3-moduly/;0
/elektromer-1f-na-din-listu-digitalni-virone-em-2-40a/;/elektromer-1f-na-din-listu-digitalni-virone-em-2-40a/;0
/elektromer-3f-na-din-listu-trifazovy-virone-em-3-digitalni/;/elektromer-3f-na-din-listu-trifazovy-virone-em-3--digitalni/;0
/autoadapter-kruger-matz-km0872-1x-usb-c-1x-qualcomm-3a/;/autoadapter-kruger-matz-km0872--1x-usb-c--1x-qualcomm--3a/;0
/kabel-kruger-matz-km1269-1bl-usb-c-usb-c-1m/;/kabel-kruger-matz-km1269-1bl-usb-c-usb-c--1m/;0
/kabel-kruger-matz-km1269-1p-usb-c-usb-c-1m/;/kabel-kruger-matz-km1269-1p-usb-c-usb-c--1m/;0
/kabel-kruger-matz-km1268-1p-usb-usb-c-1m/;/kabel-kruger-matz-km1268-1p-usb-usb-c--1m/;0
/kabel-kruger-matz-km1268-1bl-usb-usb-c-1m/;/kabel-kruger-matz-km1268-1bl-usb-usb-c--1m/;0
/adapter-230v-cz-na-euro-cee-3kolik-kryti-ip54/;/adapter-230v-cz-na-euro--cee--3kolik--kryti-ip54/;0
/kabel-usb-c-usb-c-1-m-kruger-matz-100w/;/kabel-usb-c-usb-c-1-m-kruger-matz-100w/;0
/nabijecka-usb-kruger-matz-km0856-gan-45w/;/nabijecka-usb-kruger-matz-km0856-gan-45w/;0
/nabijecka-usb-kruger-matz-km0857-gan-65w/;/nabijecka-usb-kruger-matz-km0857-gan-65w/;0
/kabel-kruger-matz-km0348-5g-usb-usb-c-1m/;/kabel-kruger-matz-km0348-5g--usb-usb-c-1m/;0
/autoadapter-kruger-matz-km0018-2x-usb/;/autoadapter-kruger-matz-km0018--2x-usb/;0
/autoadapter-kruger-matz-km0870/;/autoadapter-kruger-matz-km0870/;0
/orno-or-gm-9038-zasuvka-vestavna/;/orno-or-gm-9038-zasuvka-vestavna/;0
/virone-200x300-plastova-revizni-dvirka-cerna/;/virone-200x300-plastova-revizni-dvirka-cerna/;0
/virone-200x200-plastova-revizni-dvirka-cerna/;/virone-200x200-plastova-revizni-dvirka-cerna/;0
/orno-or-gb-460-dalkove-ovladane-zasuvky-venkovni-2-1/;/orno-or-gb-460-dalkove-ovladane-zasuvky-venkovni-2-1/;0
/amiko-hd-8165-wi-fi-satelitni-dvb-s2-prijimac/;/amiko-hd-8165-wi-fi-satelitni-dvb-s2-prijimac/;0
/chranicka-do-zeme-dvouplastova-pe-kabuflex-r-50-po-50-m-frankische-19132050/;/chranicka-do-zeme-dvouplastova-pe-kabuflex-r-50-po-50-m-frankische-19132050/;0
/kabel-koaxialni-rg58a-u-venkovni-laneny-100m-5-mm-50-ohm-cerny/;/kabel-koaxialni-rg58a-u-venkovni-laneny-100m-5-mm-50-ohm-cerny--/;0
/krimpovaci-kleste-toolcraft-hj540168bc-a1a5-sada-168-dilu/;/krimpovaci-kleste-toolcraft-hj540168bc-a1a5-sada-168-dilu/;0
/krimpovaci-kleste-toolcraft-pz-506-sada/;/krimpovaci-kleste-toolcraft-pz-506-sada/;0
/krabice-pod-omitku-pristrojova-uk1-svetle-seda/;/krabice-pod-omitku-pristrojova-uk1-svetle-seda/;0
/trubka-ohebna-husi-krk-kopos-pvc-monoflex-pr-16-mm-22212-320n-5cm-svetle-seda/;/trubka-ohebna--husi-krk--kopos-pvc-monoflex-pr--16-mm--22212--320n-5cm--svetle-seda/;0
/amiko-wifi-kit-kamerovy-set-6900/;/amiko-wifi-kit-kamerovy-set-6900/;0
/amiko-wifi-kit-kamerovy-set-4900/;/amiko-wifi-kit-kamerovy-set-4900/;0
/amiko-wifi-kit-kamerovy-set-2950/;/amiko-wifi-kit-kamerovy-set-2950/;0
/kabelova-vodotesna-spojka-rozbocovaci-f05t/;/kabelova-vodotesna-spojka-rozbocovaci-f05t/;0
/koleno-90-pro-tuhe-elektroinstalacni-trubky-pvc-pr-20-mm-svetle-sede/;/koleno-90-pro-tuhe-elektroinstalacni-trubky-pvc-pr--20-mm--svetle-sede/;0
/pevna-trubka-pvc-malpro-pt32020-2-s-20mm-2m/;/pevna-trubka-pvc-malpro-pt32020-2-s--20mm-2m/;0
/nabijecka-gsm1056wh-quick-charge-65w/;/nabijecka-gsm1056wh-quick-charge-65w/;0
/spojka-nasuvna-pvc-pro-trubky-en-pr-25-mm-cerna-kopos-0225-fb/;/spojka-nasuvna-pvc-pro-trubky-en-pr--25-mm--cerna--kopos-0225_fb/;0
/prichytka-pro-trubky-husi-krk-kopos-en-pr-20-mm-tmave-seda-kopos-5320-lb/;/prichytka-pro-trubky--husi-krk--kopos-en-pr--20-mm--tmave-seda--kopos-5320_lb/;0
/prichytka-pro-bezhalogenove-trubky-en-pr-25-mm-cerna-kopos-5325hf-fb/;/prichytka-pro-bezhalogenove-trubky-en-pr--25-mm--cerna--kopos-5325hf_fb/;0
/prichytka-pro-trubky-husi-krk-en-pr-25-mm-cerna-kopos-5325-fb/;/prichytka-pro-trubky--husi-krk--en-pr--25-mm--cerna--kopos-5325_fb/;0
/silovy-kabel-h05rr-f-3g1-5-cgsg-3x1-5-guma-venkovni/;/silovy-kabel-h05rr-f-3g1-5--cgsg-3x1-5-guma--venkovni/;0
/dutinka-di-6-12-pro-kabel-prurez-6-0mm2-delka-12mm-izolovana-din46228/;/dutinka-di-6-12-pro-kabel-prurez-6-0mm2-delka-12mm-izolovana-din46228/;0
/samolepici-ferlexni-paska-2cm-x-5m/;/samolepici-ferlexni-paska-2cm-x-5m/;0
/stahovaci-pasky-ocelove-nerezove-150-x-4-6-mm-25ks-baleni/;/stahovaci-pasky-ocelove-nerezove-150-x-4-6-mm--25ks-baleni/;0
/stahovaci-pasky-ocelove-nerezove-840-x-7-9-mm-25ks-baleni/;/stahovaci-pasky-ocelove-nerezove-840-x-7-9-mm--25ks-baleni/;0
/stahovaci-pasky-ocelove-nerezove-680-x-7-9-mm-25ks-baleni/;/stahovaci-pasky-ocelove-nerezove-680-x-7-9-mm--25ks-baleni/;0
/stahovaci-pasky-ocelove-nerezove-520-x-7-9-mm-25ks-baleni/;/stahovaci-pasky-ocelove-nerezove-520-x-7-9-mm--25ks-baleni/;0
/stahovaci-pasky-ocelove-nerezove-360-x-7-9-mm-25ks-baleni/;/stahovaci-pasky-ocelove-nerezove-360-x-7-9-mm--25ks-baleni/;0
/stahovaci-pasky-ocelove-nerezove-300-x-7-9-mm-25ks-baleni/;/stahovaci-pasky-ocelove-nerezove-300-x-7-9-mm--25ks-baleni/;0
/kamera-kruger-matz-km2241-c-pro-kamerovy-set-connect-c210-tuya-wi-fi/;/kamera-kruger-matz-km2241-c-pro-kamerovy-set-connect-c210-tuya-wi-fi/;0
/stahovaci-pasky-ocelove-nerezove-200-x-7-9-mm-25ks-baleni/;/stahovaci-pasky-ocelove-nerezove-200-x-7-9-mm--25ks-baleni/;0
/stahovaci-pasky-ocelove-nerezove-1050-x-7-9-mm-25ks-baleni/;/stahovaci-pasky-ocelove-nerezove-1050-x-7-9-mm--25ks-baleni/;0
/stahovaci-pasky-ocelove-nerezove-360-x-4-6-mm-25ks-baleni/;/stahovaci-pasky-ocelove-nerezove-360-x-4-6-mm--25ks-baleni/;0
/stahovaci-pasky-ocelove-nerezove-250-x-4-6-mm-25ks-baleni/;/stahovaci-pasky-ocelove-nerezove-250-x-4-6-mm--25ks-baleni/;0
/stahovaci-pasky-ocelove-nerezove-150-x-7-9-mm-25ks-baleni/;/stahovaci-pasky-ocelove-nerezove-150-x-7-9-mm--25ks-baleni/;0
/stahovaci-pasky-ocelove-nerezove-840-x-4-6-mm-25ks-baleni/;/stahovaci-pasky-ocelove-nerezove-840-x-4-6-mm--25ks-baleni/;0
/stahovaci-pasky-ocelove-nerezove-520-x-4-6-mm-25ks-baleni/;/stahovaci-pasky-ocelove-nerezove-520-x-4-6-mm--25ks-baleni/;0
/stahovaci-pasky-ocelove-nerezove-300-x-4-6-mm-25ks-baleni/;/stahovaci-pasky-ocelove-nerezove-300-x-4-6-mm--25ks-baleni/;0
/stahovaci-pasky-ocelove-nerezove-200-x-4-6-mm-25ks-baleni/;/stahovaci-pasky-ocelove-nerezove-200-x-4-6-mm--25ks-baleni/;0
/silovy-vodic-h07v-k-6-00-tmave-modra-cya/;/silovy-vodic-h07v-k-6-00-tmave-modra--cya-/;0
/silovy-vodic-h07v-k-6-00-seda-cya/;/silovy-vodic-h07v-k-6-00-seda--cya-/;0
/silovy-vodic-h07v-k-6-00-hneda-cya/;/silovy-vodic-h07v-k-6-00-hneda--cya-/;0
/silovy-vodic-h07v-k-2-50-seda-cya/;/silovy-vodic-h07v-k-2-50-seda--cya-/;0
/silovy-vodic-h07v-k-2-50-hneda-cya/;/silovy-vodic-h07v-k-2-50-hneda--cya-/;0
/silovy-vodic-h07v-k-2-50-cervena-cya/;/silovy-vodic-h07v-k-2-50-cervena-cya-/;0
/silovy-vodic-h07v-k-2-50-zlutozelena-cya/;/silovy-vodic-h07v-k-2-50-zlutozelena--cya-/;0
/silovy-vodic-h07v-k-2-50-svetle-modra-cya/;/silovy-vodic-h07v-k-2-50-svetle-modra--cya-/;0
/silovy-vodic-h07v-k-2-50-cerna-cya/;/silovy-vodic-h07v-k-2-50-cerna--cya-/;0
/silovy-vodic-h07v-k-1-50-bila-cya/;/silovy-vodic-h07v-k-1-50-bila--cya-/;0
/silovy-vodic-h07v-k-1-50-hneda-cya/;/silovy-vodic-h07v-k-1-50-hneda--cya-/;0
/silovy-vodic-h07v-k-1-50-zlutozelena-cya/;/silovy-vodic-h07v-k-1-50-zlutozelena--cya-/;0
/silovy-vodic-h07v-k-1-50-cervena-cya/;/silovy-vodic-h07v-k-1-50-cervena--cya-/;0
/silovy-vodic-h07v-k-1-50-svetle-modra-cya/;/silovy-vodic-h07v-k-1-50-svetle-modra--cya-/;0
/silovy-vodic-h07v-k-1-50-cerna-cya/;/silovy-vodic-h07v-k-1-50-cerna--cya-/;0
/vodic-h07v-k-cya-lanko-cu-35mm2-svetle-modry/;/vodic-h07v-k-cya--lanko-cu-35mm2--svetle-modry/;0
/vodic-h07v-k-cya-lanko-cu-35mm2-zlutozeleny/;/vodic-h07v-k-cya--lanko-cu-35mm2--zlutozeleny/;0
/vodic-h07v-k-cya-lanko-cu-16mm2-svetle-modry/;/vodic-h07v-k-cya--lanko-cu-16mm2--svetle-modry/;0
/silovy-vodic-h07v-k-4-00-svetle-modra-cya/;/silovy-vodic-h07v-k-4-00-svetle-modra--cya-/;0
/silovy-vodic-h07v-k-6-00-svetle-modra-cya/;/silovy-vodic-h07v-k-6-00-svetle-modra--cya-/;0
/trubka-ohebna-husi-krk-malpro-ot32020-10-pvc-320n-20mm-10m-baleni/;/trubka-ohebna--husi-krk--malpro-ot32020-10-pvc-320n-20mm-10m-baleni/;0
/chranicka-do-zeme-dvouplastova-kopos-kf-09050-ba-kopoflex-50-mm-cervena/;/chranicka-do-zeme-dvouplastova-kopos-kf-09050_ba-kopoflex-50-mm-cervena/;0
/odstranovac-etiket-label-killer-300ml-ag-agt-013/;/odstranovac-etiket-label-killer-300ml-ag-agt-013/;0
/silovy-kabel-h05rr-f-3g2-5-cgsg-3x2-5-guma-venkovni/;/silovy-kabel-h05rr-f-3g2-5--cgsg-3x2-5-guma--venkovni/;0
/automaticky-prepinac-siti-napajeni-4p-400v-80a-nlq4-125-4p-pro-fve/;/automaticky-prepinac-siti-napajeni-4p-400v-80a-nlq4-125-4p-pro-fve/;0
/automaticky-prepinac-siti-napajeni-4p-400v-63a-nlq4-125-4p-pro-fve/;/automaticky-prepinac-siti-napajeni-4p-400v-63a-nlq4-125-4p-pro-fve/;0
/automaticky-prepinac-siti-napajeni-4p-400v-40a-nlq4-125-4p-pro-fve/;/automaticky-prepinac-siti-napajeni-4p-400v-40a-nlq4-125-4p-pro-fve/;0
/automaticky-prepinac-siti-napajeni-4p-400v-32a-nlq4-125-4p-pro-fve/;/automaticky-prepinac-siti-napajeni-4p-400v-32a-nlq4-125-4p-pro-fve/;0
/automaticky-prepinac-siti-napajeni-4p-400v-20a-nlq4-125-4p-pro-fve/;/automaticky-prepinac-siti-napajeni-4p-400v-20a-nlq4-125-4p-pro-fve/;0
/automaticky-prepinac-siti-napajeni-4p-400v-16a-nlq4-125-4p-pro-fve/;/automaticky-prepinac-siti-napajeni-4p-400v-16a-nlq4-125-4p-pro-fve/;0
/kruger-matz-km0855-usb-a-c-nabijeci-adapter-30w-quick-charge/;/kruger-matz-km0855-usb-a-c-nabijeci-adapter-30w-quick-charge/;0
/detektor-koure-orno-or-dc-609/;/detektor-koure-orno-or-dc-609/;0
/led-stropni-osvetleni-orno-zonda-12w-s-pir-senzorem/;/led-stropni-osvetleni-orno-zonda-12w-s-pir-senzorem/;0
/oko-kabelove-m6-pro-kabel-10-mm2-baleni-10ks/;/oko-kabelove-m6--pro-kabel-10-mm2-baleni-10ks/;0
/oko-kabelove-m6-pro-kabel-4-6-mm2-baleni-10ks/;/oko-kabelove-m6--pro-kabel-4-6-mm2-baleni-10ks/;0
/kabel-kruger-matz-km1262-usb-c-usb-a-0-5m/;/kabel-kruger-matz-km1262--usb-c-usb-a-0-5m/;0
/rychlospojky-pct-212-213-214-sada-60ks-pro-kabely-0-75-2-5mm2/;/rychlospojky-pct-212--213--214--sada-60ks-pro-kabely-0-75-2-5mm2/;0
/reproduktory-k-pc-2-1-rebel-cs-50/;/reproduktory-k-pc-2-1-rebel-cs-50/;0
/kamerovy-set-kruger-matz-connect-c210-tuya-wi-fi/;/kamerovy-set-kruger-matz-connect-c210-tuya-wi-fi/;0
/pojistkovy-drzak-do-dps-s-pro-autopojistky-19x12mm/;/pojistkovy-drzak-do-dps-s-pro-autopojistky-19x12mm/;0
/pojistkovy-drzak-do-dps-s-pro-autopojistky-11x9mm-mini/;/pojistkovy-drzak-do-dps-s-pro-autopojistky-11x9mm--mini/;0
/pojistkovy-drzak-do-dps-s-krytem-pro-pojistky-5x20mm-3/;/pojistkovy-drzak-do-dps-s-krytem-pro-pojistky-5x20mm-2/;0
/pojistkovy-drzak-do-dps-s-krytem-pro-pojistky-5x20mm-2/;/pojistkovy-drzak-do-dps-s-krytem-pro-pojistky-5x20mm/;0
/pojistkovy-drzak-do-dps-pro-pojistky-5x20mm-roztec-vyvodu-5mm/;/pojistkovy-drzak-do-dps-pro-pojistky-5x20mm--roztec-vyvodu-5mm/;0
/distribucni-blok-8-pojistek-pojistkovy-drzak/;/distribucni-blok-8-pojistek--pojistkovy-drzak-/;0
/distribucni-blok-6-pojistek-pojistkovy-drzak/;/distribucni-blok-6-pojistek--pojistkovy-drzak-/;0
/distribucni-blok-4-cestny-s-pojistkami-pojistkovy-drzak/;/distribucni-blok-4-cestny-s-pojistkami--pojistkovy-drzak-/;0
/pojistka-trubickova-6x30-f-8a/;/pojistka-trubickova-6x30-f-8a/;0
/pojistka-trubickova-6x30-f-6-3a/;/pojistka-trubickova-6x30-f-6-3a/;0
/pojistka-trubickova-6x30-f-5a/;/pojistka-trubickova-6x30-f-5a/;0
/pojistka-trubickova-6x30-f-4a/;/pojistka-trubickova-6x30-f-4a/;0
/pojistka-trubickova-6x30-f-3-15a/;/pojistka-trubickova-6x30-f-3-15a/;0
/pojistka-trubickova-6x30-f-2a/;/pojistka-trubickova-6x30-f-2a/;0
/pojistka-trubickova-6x30-f-20a/;/pojistka-trubickova-6x30-f-20a/;0
/pojistka-trubickova-6x30-f-1a/;/pojistka-trubickova-6x30-f-1a/;0
/pojistka-trubickova-6x30-f-16a/;/pojistka-trubickova-6x30-f-16a/;0
/pojistka-trubickova-6x30-f-10a/;/pojistka-trubickova-6x30-f-10a/;0
/pojistka-trubickova-6x30-f-1-25a/;/pojistka-trubickova-6x30-f-1-25a/;0
/pojistka-trubickova-5x20-t-8a/;/pojistka-trubickova-5x20-t-8a/;0
/pojistka-trubickova-5x20-t-800ma/;/pojistka-trubickova-5x20-t-800ma/;0
/pojistka-trubickova-5x20-t-630ma/;/pojistka-trubickova-5x20-t-630ma/;0
/pojistka-trubickova-5x20-t-6-3a-sklenena/;/pojistka-trubickova-5x20-t-6-3a-sklenena/;0
/pojistka-trubickova-5x20-t-5a/;/pojistka-trubickova-5x20-t-5a/;0
/pojistka-trubickova-5x20-t-500ma/;/pojistka-trubickova-5x20-t-500ma/;0
/pojistka-trubickova-5x20-t-4a/;/pojistka-trubickova-5x20-t-4a/;0
/pojistka-trubickova-5x20-t-315ma/;/pojistka-trubickova-5x20-t-315ma/;0
/pojistka-trubickova-5x20-t-3-15a/;/pojistka-trubickova-5x20-t-3-15a/;0
/pojistka-trubickova-5x20-t-2a/;/pojistka-trubickova-5x20-t-2a/;0
/pojistka-trubickova-5x20-t-200ma/;/pojistka-trubickova-5x20-t-200ma/;0
/pojistka-trubickova-5x20-t-1a/;/pojistka-trubickova-5x20-t-1a/;0
/pojistka-trubickova-5x20-t-160ma/;/pojistka-trubickova-5x20-t-160ma/;0
/pojistka-trubickova-5x20-t-125ma/;/pojistka-trubickova-5x20-t-125ma/;0
/pojistka-trubickova-5x20-t-100ma/;/pojistka-trubickova-5x20-t-100ma/;0
/pojistka-trubickova-5x20-t-1-6a/;/pojistka-trubickova-5x20-t-1-6a/;0
/pojistka-trubickova-5x20-f-8a/;/pojistka-trubickova-5x20-f-8a/;0
/pojistka-trubickova-5x20-f-80ma-obzor-plzen/;/pojistka-trubickova-5x20-f-80ma-obzor-plzen/;0
/pojistka-trubickova-5x20-f-800ma/;/pojistka-trubickova-5x20-f-800ma/;0
/pojistka-trubickova-5x20-f-630ma/;/pojistka-trubickova-5x20-f-630ma/;0
/pojistka-trubickova-5x20-f-6-3a/;/pojistka-trubickova-5x20-f-6-3a/;0
/pojistka-trubickova-5x20-f-5a/;/pojistka-trubickova-5x20-f-5a/;0
/pojistka-trubickova-5x20-f-50ma/;/pojistka-trubickova-5x20-f-50ma/;0
/pojistka-trubickova-5x20-f-500ma-tgl/;/pojistka-trubickova-5x20-f-500ma-tgl/;0
/pojistka-trubickova-5x20-f-500ma/;/pojistka-trubickova-5x20-f-500ma/;0
/pojistka-trubickova-5x20-f-4a/;/pojistka-trubickova-5x20-f-4a/;0
/pojistka-trubickova-5x20-f-400ma/;/pojistka-trubickova-5x20-f-400ma/;0
/pojistka-trubickova-5x20-f-3-15a/;/pojistka-trubickova-5x20-f-3-15a/;0
/pojistka-trubickova-5x20-f-250ma/;/pojistka-trubickova-5x20-f-250ma/;0
/pojistka-trubickova-5x20-f-200ma/;/pojistka-trubickova-5x20-f-200ma/;0
/pojistka-trubickova-5x20-f-2-5a/;/pojistka-trubickova-5x20-f-2-5a/;0
/pojistka-trubickova-5x20-f-1a/;/pojistka-trubickova-5x20-f-1a/;0
/pojistka-trubickova-5x20-f-160ma-obzor-plzen/;/pojistka-trubickova-5x20-f-160ma-obzor-plzen/;0
/pojistka-trubickova-5x20-f-160ma/;/pojistka-trubickova-5x20-f-160ma/;0
/pojistka-trubickova-5x20-f-125ma-obzor-plzen/;/pojistka-trubickova-5x20-f-125ma-obzor-plzen/;0
/pojistka-trubickova-5x20-f-10a/;/pojistka-trubickova-5x20-f-10a/;0
/pojistka-trubickova-5x20-f-100ma/;/pojistka-trubickova-5x20-f-100ma/;0
/pojistka-trubickova-5x20-f-1-6a-obzor-plzen/;/pojistka-trubickova-5x20-f-1-6a-obzor-plzen/;0
/pojistka-trubickova-5x20-f-1-6a/;/pojistka-trubickova-5x20-f-1-6a/;0
/pojistka-trubickova-5x20-f-1-25a/;/pojistka-trubickova-5x20-f-1-25a/;0
/autopojistka-trubickova-26mm-8a/;/autopojistka-trubickova-26mm-8a/;0
/autopojistka-trubickova-26mm-5a/;/autopojistka-trubickova-26mm-5a/;0
/autopojistka-trubickova-26mm-25a/;/autopojistka-trubickova-26mm-25a/;0
/autopojistka-trubickova-26mm-16a/;/autopojistka-trubickova-26mm-16a/;0
/autopojistka-trubickova-26mm-10a/;/autopojistka-trubickova-26mm-10a/;0
/autopojistka-plocha-pod-sroubky-200a-l-80mm/;/autopojistka-plocha-pod-sroubky-200a--l-80mm/;0
/autopojistka-midi-80a/;/autopojistka-midi-80a/;0
/autopojistka-midi-50a/;/autopojistka-midi-50a/;0
/autopojistka-midi-200a/;/autopojistka-midi-200a/;0
/autopojistka-midi-175a/;/autopojistka-midi-175a/;0
/autopojistka-midi-100a/;/autopojistka-midi-100a/;0
/autopojistka-80a-maxi-29x22mm/;/autopojistka-80a-maxi-29x22mm/;0
/autopojistka-7-5a-mini-11x9mm/;/autopojistka-7-5a-mini-11x9mm/;0
/autopojistka-7-5a-19x12mm/;/autopojistka-7-5a-19x12mm/;0
/autopojistka-60a-maxi-29x22mm/;/autopojistka-60a-maxi-29x22mm/;0
/autopojistka-5a-mini-11x9mm/;/autopojistka-5a-mini-11x9mm/;0
/autopojistka-5a-19x12mm/;/autopojistka-5a-19x12mm/;0
/autopojistka-50a-maxi-29x22mm/;/autopojistka-50a-maxi-29x22mm/;0
/autopojistka-50a-19x12mm/;/autopojistka-50a-19x12mm/;0
/autopojistka-40a-19x12mm/;/autopojistka-40a-19x12mm/;0
/autopojistka-3a-19x12mm/;/autopojistka-3a-19x12mm/;0
/autopojistka-30a-mini-11x9mm/;/autopojistka-30a-mini-11x9mm/;0
/autopojistka-30a-maxi-29x22mm/;/autopojistka-30a-maxi-29x22mm/;0
/autopojistka-25a-mini-11x9mm/;/autopojistka-25a-mini-11x9mm/;0
/autopojistka-25a-19x12mm/;/autopojistka-25a-19x12mm/;0
/autopojistka-20a-mini-11x9mm/;/autopojistka-20a-mini-11x9mm/;0
/autopojistka-20a-19x12mm/;/autopojistka-20a-19x12mm/;0
/autopojistka-15a-mini-11x9mm/;/autopojistka-15a-mini-11x9mm/;0
/autopojistka-15a-19x12mm/;/autopojistka-15a-19x12mm/;0
/autopojistka-10a-19x12mm/;/autopojistka-10a-19x12mm/;0
/kabel-dvojlinka-cabletech-kab0356-2x-0-75-mm-pruhledna-cca/;/kabel-dvojlinka-cabletech-kab0356-2x-0-75-mm-pruhledna-cca/;0
/sada-dutinek-izolovanych-krimpovaci-kleste-1200ks/;/sada-dutinek-izolovanych-krimpovaci-kleste--1200ks/;0
/sada-kabelovych-ocek-fastonu-a-smrstovacich-buzirek-678ks/;/sada-kabelovych-ocek--fastonu-a-smrstovacich-buzirek-678ks/;0
/paddleboard-sup-rebel-active-rba-4500-11-6-350x81x15cm/;/paddleboard-sup-rebel-active-rba-4500-11-6--350x81x15cm/;0
/den-braven-lepidlo-mamut-glue-total-bile-290ml-kartuse/;/den-braven-lepidlo-mamut-glue-total-bile-290ml-kartuse/;0
/sprej-silkal-93-200ml-coyote-silikonovy-olej/;/sprej-silkal-93-200ml-coyote-silikonovy-olej/;0
/sprej-kontaktplus-150ml-coyote-ochrany-a-cistici/;/sprej-kontaktplus-150ml-coyote-ochrany-a-cistici/;0
/panini-grill-teesa-tsa3234-toaster-opekac-1000w-3-funkce/;/panini-grill-teesa-tsa3234--toaster--opekac-1000w--3-funkce/;0
/zasuvka-rebel-urz3257-gumova/;/zasuvka-rebel-urz3257-gumova/;0
/orno-or-psu-1643-din-zdroj-spinany-12v-dc-2a-24w-na-din-listu/;/orno-or-psu-1643-din-zdroj-spinany-12v-dc-2a--24w-na-din-listu/;0
/orno-or-psu-1642-din-zdroj-spinany-12v-dc-1-25a-15w-na-din-listu/;/orno-or-psu-1642-din-zdroj-spinany-12v-dc-1-25a--15w-na-din-listu/;0
/termokamera-uni-t-uti720a/;/termokamera-uni-t-uti720a/;0
/herni-kreslo-kruger-matz-gx-150-cerne/;/herni-kreslo-kruger-matz-gx-150-cerne/;0
/herni-kreslo-kruger-matz-gx-150-cerno-modre/;/herni-kreslo-kruger-matz-gx-150--cerno-modre/;0
/herni-kreslo-kruger-matz-gx-150-cerno-cervene/;/herni-kreslo-kruger-matz-gx-150--cerno-cervene/;0
/herni-kreslo-kruger-matz-gx-150-cerno-bile/;/herni-kreslo-kruger-matz-gx-150--cerno-bile/;0
/kondenzator-rozbehovy-motorovy-8uf-450v-rebel-urz3210/;/kondenzator-rozbehovy-motorovy--8uf-450v-rebel-urz3210/;0
/krimpovaci-kleste-orno-or-ae-13136-na-fastony-sada-s-konektory/;/krimpovaci-kleste-orno-or-ae-13136-na-fastony-sada-s-konektory/;0
/zasuvka-orno-or-ae-1346-na-kabel-trojnasobna-ip44-cerna/;/zasuvka-orno-or-ae-1346-na-kabel-trojnasobna--ip44--cerna/;0
/adapter-s-iec-vyhybkou-rebel-urz1192a-12v-100ma/;/adapter-s-iec-vyhybkou-rebel-urz1192a--12v-100ma/;0
/svorky-na-autobaterii-rychloupinaci-par-a-2/;/svorky-na-autobaterii-rychloupinaci-par-a--2/;0
/adapter-s-iec-vyhybkou-rebel-urz1192r-5-12v-100ma-s-regulaci/;/adapter-s-iec-vyhybkou-rebel-urz1192r-5-12v-100ma-s-regulaci/;0
/pojistka-trubickova-5x20-f-2a/;/pojistka-trubickova-5x20-f-2a/;0
/kabel-sykfy-2x2x0-5/;/kabel-sykfy-2x2x0-5/;0
/silovy-kabel-jyty-o-7x1/;/silovy-kabel-jyty-o-7x1/;0
/prenosny-kufrik-na-projektor-kruger-matz-km0372/;/prenosny-kufrik-na-projektor-kruger-matz-km0372/;0
/kavovar-do-auta-amio-03233-24v/;/kavovar-do-auta-amio-03233-24v/;0
/kavovar-do-auta-amio-03232-12v/;/kavovar-do-auta-amio-03232-12v/;0
/zdroj-zalozni-rebel-power-800-rb-4002-500w-12v/;/zdroj-zalozni-rebel-power-800-rb-4002-500w-12v/;0
/zdroj-zalozni-rebel-power-500-rb-4001-300w-12v/;/zdroj-zalozni-rebel-power-500-rb-4001-300w-12v/;0
/zdroj-zalozni-rebel-power-1000-rb-4013-700w-12v-nastenny/;/zdroj-zalozni-rebel-power-1000-rb-4013-700w-12v-nastenny/;0
/zdroj-zalozni-rebel-power-500-rb-4011-300w-12v-nastenny/;/zdroj-zalozni-rebel-power-500-rb-4011-300w-12v-nastenny/;0
/ochrana-autobaterie-pred-vybitim-kemo-m148-24/;/ochrana-autobaterie-pred-vybitim-kemo-m148-24/;0
/sverak-basetech-1553063/;/sverak-basetech-1553063/;0
/led-solarni-svetlo-zd51-nastenne-cerne/;/led-solarni-svetlo-zd51-nastenne-cerne/;0
/kruger-matz-km0850-nabijecka-usb-c-18w-power-delivery/;/kruger-matz-km0850-nabijecka-usb-c-18w-power-delivery/;0
/krimpovaci-kleste-toolcraft-pz-507-sada-439-dilu/;/krimpovaci-kleste-toolcraft-pz-507-sada-439-dilu/;0
/tesla-mediabox-xg500-4k-uhd-google-tv-multimedialni-prehravac/;/tesla-mediabox-xg500-4k-uhd-google-tv-multimedialni-prehravac/;0
/cp-usc-wb24l2c-d-2-4-mpix-venkovni-antivandal-hdcvi-kamera-s-ir-wdr-a-mikrofonem/;/cp-usc-wb24l2c-d-2-4-mpix-venkovni-antivandal-hdcvi-kamera-s-ir--wdr-a-mikrofonem/;0
/solarni-kabel-h1z2z2-k-4mm2-cerveny-cerny-s-konektory-mc-4-2m/;/solarni-kabel--h1z2z2-k--4mm2--cerveny-cerny-s-konektory-mc-4--2m/;0
/nabijecka-usb-kruger-matz-km0851/;/nabijecka-usb-kruger-matz-km0851/;0
/tester-baterii-konnwei-kw650/;/tester-baterii-konnwei-kw650/;0
/tester-a-nabijecka-baterii-konnwei-kw520-3v1/;/tester-a-nabijecka-baterii-konnwei-kw520-3v1/;0
/tester-a-nabijecka-baterii-konnwei-kw510-3v1/;/tester-a-nabijecka-baterii-konnwei-kw510-3v1/;0
/tester-baterii-konnwei-kw600/;/tester-baterii-konnwei-kw600/;0
/tester-baterii-konnwei-bk100/;/tester-baterii-konnwei-bk100/;0
/izolacni-paska-kapton-jantarova-samolepici-100mm-x-20m/;/izolacni-paska-kapton--jantarova-samolepici-100mm-x-20m/;0
/izolacni-paska-kapton-jantarova-samolepici-50mm-x-20m/;/izolacni-paska-kapton--jantarova-samolepici-50mm-x-20m/;0
/izolacni-paska-kapton-jantarova-samolepici-20mm-x-20m/;/izolacni-paska-kapton--jantarova-samolepici-20mm-x-20m/;0
/izolacni-paska-kapton-jantarova-samolepici-10mm-x-20m/;/izolacni-paska-kapton--jantarova-samolepici-10mm-x-20m/;0
/izolacni-paska-kapton-jantarova-samolepici-40mm-x-20m/;/izolacni-paska-kapton--jantarova-samolepici-40mm-x-20m/;0
/drzak-telefonu-do-auta-xtrobb-20384-s-prisavkou/;/drzak-telefonu-do-auta-xtrobb-20384-s-prisavkou/;0
/odpojovac-baterie-zetor-100a-24v/;/odpojovac-baterie-zetor-100a-24v/;0
/kolik-kabelovy-12mm-modry-ptv-2-12/;/kolik-kabelovy-12mm-modry--ptv-2-12-/;0
/kolik-kabelovy-10mm-cerveny-ptv-1-25-10/;/kolik-kabelovy-10mm-cerveny--ptv-1-25-10-/;0
/faston-konektor-9-5mm-neizolovany-kabel-1-5-6mm2/;/faston-konektor-9-5mm-neizolovany--kabel-1-5-6mm2/;0
/faston-konektor-6-3mm-zluty-kabel-2-6-6-7mm2-plna-izolace/;/faston-konektor-6-3mm-zluty-kabel-2-6-6-7mm2-plna-izolace/;0
/faston-konektor-6-3mm-zluty-pro-kabel-4-6mm2/;/faston-konektor-6-3mm-zluty-pro-kabel-4-6mm2/;0
/faston-konektor-6-3mm-se-zamkem-kabel-1-5mm2-baleni-100ks/;/faston-konektor-6-3mm-se-zamkem--kabel-1-5mm2--baleni-100ks/;0
/faston-konektor-6-3mm-se-zamkem-kabel-1-5mm2/;/faston-konektor-6-3mm-se-zamkem--kabel-1-5mm2/;0
/faston-konektor-6-3mm-s-dirou-m4-uhlovy-45st/;/faston-konektor-6-3mm-s-dirou-m4--uhlovy-45st/;0
/faston-konektor-6-3mm-neizolovany-kabel-do-1-5mm2-baleni-100ks/;/faston-konektor-6-3mm-neizolovany--kabel-do-1-5mm2--baleni-100ks/;0
/faston-konektor-6-3mm-neizolovany-kabel-do-1-5mm2/;/faston-konektor-6-3mm-neizolovany--kabel-do-1-5mm2/;0
/faston-konektor-6-3mm-modry-pro-kabel-1-5-2-5mm2/;/faston-konektor-6-3mm-modry-pro-kabel-1-5-2-5mm2/;0
/faston-konektor-6-3mm-do-dps-uhlovy-90st/;/faston-konektor-6-3mm-do-dps-uhlovy-90st/;0
/faston-konektor-6-3mm-cerveny-pro-kabel-0-5-1-5mm2/;/faston-konektor-6-3mm-cerveny-pro-kabel-0-5-1-5mm2/;0
/faston-konektor-6-3mm-cerv-kab-0-75-1-3mm2-plna-izolace/;/faston-konektor-6-3mm-cerv-kab-0-75-1-3mm2-plna-izolace/;0
/faston-konektor-4-8mm-modry-pro-kabel-1-5-2-5mm2/;/faston-konektor-4-8mm-modry-pro-kabel-1-5-2-5mm2/;0
/faston-konektor-4-8mm-cerveny-pro-kabel-0-5-1-5mm2/;/faston-konektor-4-8mm-cerveny-pro-kabel-0-5-1-5mm2/;0
/faston-konektor-2-8mm-neizolovany-kabel-do-1mm2-baleni-100ks/;/faston-konektor-2-8mm-neizolovany--kabel-do-1mm2--baleni-100ks/;0
/faston-konektor-2-8mm-neizolovany-kabel-do-1mm2/;/faston-konektor-2-8mm-neizolovany--kabel-do-1mm2/;0
/faston-konektor-2-8mm-modry-pro-kabel-1-5-2-5mm2/;/faston-konektor-2-8mm-modry-pro-kabel-1-5-2-5mm2/;0
/elektricky-zamek-xg-07c-12vdc-1-8a/;/elektricky-zamek-xg-07c-12vdc-1-8a/;0
/elektricky-zamek-ly-03-24vdc-0-8a/;/elektricky-zamek-ly-03--24vdc-0-8a/;0
/elektricky-zamek-ly-03-12vdc-2a/;/elektricky-zamek-ly-03--12vdc-2a/;0
/elektricky-zamek-jf-s0837dl-12vdc-1a/;/elektricky-zamek-jf-s0837dl-12vdc-1a/;0
/elektricky-zamek-ez-univerzalni-4fn8-771-6-k-s-aretaci/;/elektricky-zamek-ez-univerzalni-4fn8-771-6-k-s-aretaci/;0
/elektricky-zamek-ez-univerzalni-4fn-877-15-k-bez-aretace/;/elektricky-zamek-ez-univerzalni-4fn-877-15-k-bez-aretace/;0
/stykac-sentai-gmc-18-3x400v-18a-3p-na-din-listu/;/stykac-sentai-gmc-18-3x400v-18a-3p-na-din-listu/;0
/stykac-showpelec-cjx3-20-230v-20a-2p-na-din-listu/;/stykac-showpelec-cjx3-20-230v-20a-2p-na-din-listu/;0
/vruty-do-dreva-9-rozmeru-sada-310ks-extol-craft-1440/;/vruty-do-dreva-9-rozmeru--sada-310ks--extol-craft--1440/;0
/svorka-400a-cervena-l-160mm/;/svorka-400a-cervena-l-160mm/;0
/svorka-400a-cerna-l-160mm/;/svorka-400a-cerna-l-160mm/;0
/svorka-50a-cerna-izolovana-l-88mm/;/svorka-50a-cerna-izolovana-l-88mm/;0
/svorka-50a-cervena-izolovana-l-88mm/;/svorka-50a-cervena-izolovana-l-88mm/;0
/svorka-20a-cerna-l-71mm/;/svorka-20a-cerna-l-71mm/;0
/svorka-20a-cervena-l-71mm/;/svorka-20a-cervena-l-71mm/;0
/svorka-15a-cervena-l-70mm/;/svorka-15a-cervena-l-70mm/;0
/svorka-10a-cerna-l-50mm/;/svorka-10a-cerna-l-50mm/;0
/svorka-10a-cervena-l-50mm/;/svorka-10a-cervena-l-50mm/;0
/svorka-200a-cervena-l-120mm/;/svorka-200a-cervena-l-120mm/;0
/svorka-200a-cerna-l-120mm/;/svorka-200a-cerna-l-120mm/;0
/fastony-zdirky-a-krytky-6-3mm-sada-200ks/;/fastony--zdirky-a-krytky-6-3mm-sada-200ks/;0
/fastony-zdirky-a-krytky-4-8mm-sada-200ks/;/fastony--zdirky-a-krytky-4-8mm-sada-200ks/;0
/fastony-zdirky-a-krytky-2-8mm-sada-300ks/;/fastony--zdirky-a-krytky-2-8mm-sada-300ks/;0
/fastony-zdirky-a-krytky-2-8-4-8-6-3mm-sada-900ks/;/fastony--zdirky-a-krytky-2-8-4-8-6-3mm-sada-900ks/;0
/sada-konektoru-faston-2-8mm-2-3-4-6-pinu-480ks/;/sada-konektoru-faston-2-8mm-2-3-4-6-pinu-480ks/;0
/sada-kabelovych-ocek-3-8mm-lisovacich-102ks/;/sada-kabelovych-ocek-3-8mm-lisovacich--102ks/;0
/sada-kabelovych-ocek-3-10mm-lisovacich-150ks/;/sada-kabelovych-ocek-3-10mm-lisovacich--150ks/;0
/oko-kabelove-8-4mm-kabel-70-95mm2-rnb-70-8/;/oko-kabelove-8-4mm--kabel-70-95mm2--rnb-70-8-/;0
/oko-kabelove-8-4mm-kabel-6-10mm2-rnb-8-8/;/oko-kabelove-8-4mm--kabel-6-10mm2--rnb-8-8-/;0
/oko-kabelove-8-4mm-kabel-50-70mm2-rnb-60-8/;/oko-kabelove-8-4mm--kabel-50-70mm2--rnb-60-8-/;0
/oko-kabelove-8-4mm-kabel-16-25mm2-rnb-22-8/;/oko-kabelove-8-4mm--kabel-16-25mm2--rnb-22-8-/;0
/oko-kabelove-8-4mm-kabel-1-5-2-5mm2-rnb-2-8/;/oko-kabelove-8-4mm--kabel-1-5-2-5mm2--rnb-2-8-/;0
/oko-kabelove-8-4mm-kabel-0-5-1-5mm2-rnb1-25-8/;/oko-kabelove-8-4mm--kabel-0-5-1-5mm2--rnb1-25-8-/;0
/oko-kabelove-8-4mm-modre-rv-2-8/;/oko-kabelove-8-4mm-modre--rv-2-8-/;0
/oko-kabelove-8-4mm-cervene-rv-1-25-8/;/oko-kabelove-8-4mm-cervene--rv-1-25-8-/;0
/oko-kabelove-6-5mm-kabel-16-25mm2-rnbs-22-6/;/oko-kabelove-6-5mm--kabel-16-25mm2--rnbs-22-6-/;0
/oko-kabelove-6-5mm-kabel-10-16mm2-rnbs-14-6/;/oko-kabelove-6-5mm--kabel-10-16mm2--rnbs-14-6-/;0
/oko-kabelove-6-5mm-kabel-1-5-2-5mm2-rnb-2-6/;/oko-kabelove-6-5mm--kabel-1-5-2-5mm2--rnb-2-6-/;0
/oko-kabelove-6-5mm-neizolovane-dj431-6c/;/oko-kabelove-6-5mm-neizolovane--dj431-6c-/;0
/oko-kabelove-5-5mm-neizolovane-dj431-5c-baleni-100ks/;/oko-kabelove-5-5mm-neizolovane--dj431-5c-baleni-100ks/;0
/oko-kabelove-5-5mm-neizolovane-dj431-5c/;/oko-kabelove-5-5mm-neizolovane--dj431-5c-/;0
/oko-kabelove-5-3mm-kabel-4-6mm2-rnb-5-5-5/;/oko-kabelove-5-3mm--kabel-4-6mm2--rnb-5-5-5-/;0
/oko-kabelove-5-3mm-kabel-2-5-4mm2-rnbl-3-5-5/;/oko-kabelove-5-3mm--kabel-2-5-4mm2--rnbl-3-5-5-/;0
/oko-kabelove-5-3mm-kabel-1-5-2-5mm2-rnbs-2-5/;/oko-kabelove-5-3mm--kabel-1-5-2-5mm2--rnbs-2-5-/;0
/oko-kabelove-5-3mm-zlute-rv-5-5-5/;/oko-kabelove-5-3mm-zlute--rv-5-5-5-/;0
/oko-kabelove-5-3mm-modre-rvs-2-5/;/oko-kabelove-5-3mm-modre--rvs-2-5-/;0
/oko-kabelove-5-3mm-cervene-rv-1-25-5/;/oko-kabelove-5-3mm-cervene--rv-1-25-5-/;0
/oko-kabelove-4-5mm-neizolovane-dj431-4b-baleni-100ks/;/oko-kabelove-4-5mm-neizolovane--dj431-4b-baleni-100ks/;0
/oko-kabelove-4-5mm-neizolovane-dj431-4b/;/oko-kabelove-4-5mm-neizolovane--dj431-4b-/;0
/oko-kabelove-4-3mm-kabel-4-6mm2-rnb-5-5-4/;/oko-kabelove-4-3mm--kabel-4-6mm2--rnb-5-5-4-/;0
/oko-kabelove-4-3mm-kabel-2-5-4mm2-rnb-3-5-4/;/oko-kabelove-4-3mm--kabel-2-5-4mm2--rnb-3-5-4-/;0
/oko-kabelove-4-3mm-kabel-1-5-2-5mm2-rnbs-2-4/;/oko-kabelove-4-3mm--kabel-1-5-2-5mm2--rnbs-2-4-/;0
/oko-kabelove-4-3mm-kabel-0-5-1-5mm2-rnbs-1-25-4/;/oko-kabelove-4-3mm--kabel-0-5-1-5mm2--rnbs-1-25-4-/;0
/oko-kabelove-4-3mm-cervene-rvs-1-25-4/;/oko-kabelove-4-3mm-cervene--rvs-1-25-4-/;0
/oko-kabelove-4-3mm-cerne-rv-3-5-4/;/oko-kabelove-4-3mm-cerne--rv-3-5-4-/;0
/oko-kabelove-3-7mm-kabel-0-5-1-5mm2/;/oko-kabelove-3-7mm--kabel-0-5-1-5mm2/;0
/oko-kabelove-3-7mm-modre-rvs-2-3-5/;/oko-kabelove-3-7mm-modre--rvs-2-3-5-/;0
/oko-kabelove-3-7mm-cervene-rvs-1-25-3/;/oko-kabelove-3-7mm-cervene--rvs-1-25-3-/;0
/oko-kabelove-3-2mm-neizolovane-y3-2-5-baleni-100ks/;/oko-kabelove-3-2mm-neizolovane--y3-2-5-baleni-100ks/;0
/oko-kabelove-3-2mm-neizolovane-y3-2-5/;/oko-kabelove-3-2mm-neizolovane--y3-2-5-/;0
/oko-kabelove-3-2mm-modre-rv-2-3/;/oko-kabelove-3-2mm-modre--rv-2-3-/;0
/oko-kabelove-3-2mm-cervene-rv-1-25-3/;/oko-kabelove-3-2mm-cervene--rv-1-25-3-/;0
/oko-kabelove-13mm-kabel-70-95mm2-rnb-70-12/;/oko-kabelove-13mm--kabel-70-95mm2--rnb-70-12-/;0
/oko-kabelove-13mm-kabel-50-70mm2-rnb-60-12/;/oko-kabelove-13mm--kabel-50-70mm2--rnb-60-12-/;0
/oko-kabelove-13mm-kabel-16-25mm2-rnb-22-12/;/oko-kabelove-13mm--kabel-16-25mm2--rnb-22-12-/;0
/oko-kabelove-13mm-kabel-10-16mm2-rnb-14-12/;/oko-kabelove-13mm--kabel-10-16mm2--rnb-14-12-/;0
/oko-kabelove-10mm-zlute-rv-5-5-10/;/oko-kabelove-10mm-zlute--rv-5-5-10-/;0
/oko-kabelove-10mm-modre-rv2-10/;/oko-kabelove-10mm-modre--rv2-10-/;0
/oko-kabelove-10mm-cervene-rv-1-25-10/;/oko-kabelove-10mm-cervene--rv-1-25-10-/;0
/oko-kabelove-10-5mm-kabel-70-95mm2-rnb-70-10/;/oko-kabelove-10-5mm--kabel-70-95mm2--rnb-70-10-/;0
/oko-kabelove-10-5mm-kabel-6-10mm2-rnb-8-10/;/oko-kabelove-10-5mm--kabel-6-10mm2--rnb-8-10-/;0
/oko-kabelove-10-5mm-kabel-50-70mm2-rnb-60-10/;/oko-kabelove-10-5mm--kabel-50-70mm2--rnb-60-10-/;0
/oko-kabelove-10-5mm-kabel-4-6mm2-rnb-5-5-10/;/oko-kabelove-10-5mm--kabel-4-6mm2--rnb-5-5-10-/;0
/oko-kabelove-10-5mm-kabel-16-25mm2-rnb-22-10/;/oko-kabelove-10-5mm--kabel-16-25mm2--rnb-22-10-/;0
/oko-kabelove-10-5mm-kabel-1-5-2-5mm2-rnb-2-10/;/oko-kabelove-10-5mm--kabel-1-5-2-5mm2--rnb-2-10-/;0
/oko-kabelove-10-5mm-neizolovane-kabel-1-0-1-5mm2-dj431-10b/;/oko-kabelove-10-5mm-neizolovane--kabel-1-0-1-5mm2--dj431-10b-/;0
/dutinka-pro-dva-kabely-2-5mm2-seda-te2-5-10/;/dutinka-pro-dva-kabely-2-5mm2-seda--te2-5-10-/;0
/dutinka-pro-dva-kabely-2-5mm2-modra-te2-5-10/;/dutinka-pro-dva-kabely-2-5mm2-modra--te2-5-10-/;0
/dutinka-pro-dva-kabely-1mm2-zluta-te1-0-10/;/dutinka-pro-dva-kabely-1mm2--zluta--te1-0-10-/;0
/dutinka-pro-dva-kabely-1-5mm2-cerna-te1-5-8-baleni-100ks/;/dutinka-pro-dva-kabely-1-5mm2-cerna--te1-5-8-baleni-100ks/;0
/dutinka-pro-dva-kabely-1-5mm2-cerna-te1-5-8/;/dutinka-pro-dva-kabely-1-5mm2-cerna--te1-5-8-/;0
/dutinka-pro-dva-kabely-1-5mm2-cerna-te1-5-12/;/dutinka-pro-dva-kabely-1-5mm2-cerna--te1-5-12-/;0
/sada-dutinek-izolovanych-5-druhu-haupa-270852-celkem-400ks/;/sada-dutinek-izolovanych--5-druhu--haupa--270852--celkem-400ks/;0
/sada-dutinek-izolovanych-5-druhu-haupa-270850-celkem-400ks/;/sada-dutinek-izolovanych--5-druhu--haupa--270850--celkem-400ks/;0
/sada-dutinek-izolovanych-4-druhy-haupa-0-celkem-100ks/;/sada-dutinek-izolovanych--4-druhy--haupa-0--celkem-100ks/;0
/sada-dutinek-izolovanych-0-5-6mm2-celkem-800ks/;/sada-dutinek-izolovanych--0-5-6mm2--celkem-800ks/;0
/sada-dutinek-izolovanych-0-5-6mm2-celkem-400ks/;/sada-dutinek-izolovanych--0-5-6mm2--celkem-400ks/;0
/dutinka-pro-kabel-6mm2-zelena-e6018/;/dutinka-pro-kabel-6mm2-zelena--e6018/;0
/dutinka-pro-kabel-6mm2-cerna-e6012/;/dutinka-pro-kabel-6mm2-cerna--e6012/;0
/dutinka-pro-kabel-6mm2-celokovova-en6012-baleni-100ks/;/dutinka-pro-kabel-6mm2-celokovova--en6012-baleni-100ks/;0
/dutinka-pro-kabel-6mm2-celokovova-en6012/;/dutinka-pro-kabel-6mm2-celokovova--en6012/;0
/dutinka-pro-kabel-4mm2-seda-e4012/;/dutinka-pro-kabel-4mm2-seda--e4012/;0
/dutinka-pro-kabel-4mm2-oranzova-e4012/;/dutinka-pro-kabel-4mm2-oranzova--e4012/;0
/dutinka-pro-kabel-4mm2-celokovova-en4012-baleni-100ks/;/dutinka-pro-kabel-4mm2-celokovova--en4012-baleni-100ks/;0
/dutinka-pro-kabel-4mm2-celokovova-en4012/;/dutinka-pro-kabel-4mm2-celokovova--en4012/;0
/dutinka-pro-kabel-2-5mm2-seda-e2512-baleni-100ks/;/dutinka-pro-kabel-2-5mm2-seda--e2512-baleni-100ks/;0
/dutinka-pro-kabel-2-5mm2-modra-e2512-baleni-100ks/;/dutinka-pro-kabel-2-5mm2-modra--e2512-baleni-100ks/;0
/dutinka-pro-kabel-2-5mm2-modra-e2512/;/dutinka-pro-kabel-2-5mm2-modra--e2512/;0
/dutinka-pro-kabel-2-5mm2-celokovova-en2512-baleni-100ks/;/dutinka-pro-kabel-2-5mm2-celokovova--en2512-baleni-100ks/;0
/dutinka-pro-kabel-16mm2-celokovova-en16-15/;/dutinka-pro-kabel-16mm2-celokovova--en16-15-/;0
/dutinka-pro-kabel-10mm2-celokovova-en10-15/;/dutinka-pro-kabel-10mm2-celokovova--en10-15-/;0
/dutinka-pro-kabel-1-5mm2-cervena-e1510-baleni-100ks/;/dutinka-pro-kabel-1-5mm2-cervena--e1510-baleni-100ks/;0
/dutinka-pro-kabel-1-5mm2-cerna-e1510-baleni-100ks/;/dutinka-pro-kabel-1-5mm2-cerna--e1510-baleni-100ks/;0
/dutinka-pro-kabel-1-5mm2-celokovova-en1510-baleni-100ks/;/dutinka-pro-kabel-1-5mm2-celokovova--en1510-baleni-100ks/;0
/dutinka-pro-kabel-0-5mm2-oranzova-e0508-baleni-100ks/;/dutinka-pro-kabel-0-5mm2-oranzova--e0508-baleni-100ks/;0
/dutinka-pro-kabel-0-5mm2-celokovova-en0506/;/dutinka-pro-kabel-0-5mm2-celokovova--en0506/;0
/dutinka-pro-kabel-0-5mm2-bila-e0508-baleni-100ks/;/dutinka-pro-kabel-0-5mm2-bila--e0508-baleni-100ks/;0
/kabelova-spojka-pajeci-s-cinem-sada-250ks/;/kabelova-spojka-pajeci-s-cinem--sada-250ks/;0
/kabelova-spojka-pajeci-s-cinem-a-buzirkou-sada-500ks/;/kabelova-spojka-pajeci-s-cinem-a-buzirkou--sada-500ks/;0
/kabelova-spojka-lisovaci-se-smrstovaci-buzirkou-sada-100ks/;/kabelova-spojka-lisovaci-se-smrstovaci-buzirkou--sada-100ks/;0
/kabelova-spojka-pajeci-s-cinem-a-buzirkou-sada-250ks/;/kabelova-spojka-pajeci-s-cinem-a-buzirkou--sada-250ks/;0
/smrstovaci-pajeci-kabelove-spojky-s-cinem-sada-60ks/;/smrstovaci-pajeci-kabelove-spojky-s-cinem--sada-60ks/;0
/spojka-kloboucek-sroubovaci-pro-kabely-do-6mm2/;/spojka-kloboucek-sroubovaci-pro-kabely-do-6mm2/;0
/spojka-kloboucek-sroubovaci-pro-kabely-do-4mm2/;/spojka-kloboucek-sroubovaci-pro-kabely-do-4mm2/;0
/spojka-kloboucek-sroubovaci-pro-kabely-do-25mm2/;/spojka-kloboucek-sroubovaci-pro-kabely-do-25mm2/;0
/spojka-kloboucek-sroubovaci-pro-kabely-do-16mm2/;/spojka-kloboucek-sroubovaci-pro-kabely-do-16mm2/;0
/spojka-kloboucek-sroubovaci-pro-kabely-do-10mm2/;/spojka-kloboucek-sroubovaci-pro-kabely-do-10mm2/;0
/spojka-kloboucek-lisovaci-do-prumeru-8mm/;/spojka-kloboucek-lisovaci-do-prumeru-8mm/;0
/spojka-kloboucek-lisovaci-do-prumeru-6mm/;/spojka-kloboucek-lisovaci-do-prumeru-6mm/;0
/rychlospojka-paralelni-zluta-kabely-2-6-6-6mm2/;/rychlospojka-paralelni-zluta-kabely-2-6-6-6mm2/;0
/rychlospojka-paralelni-modra-kabely-1-2-6mm2/;/rychlospojka-paralelni-modra-kabely-1-2-6mm2/;0
/rychlospojka-paralelni-cervena-kabely-0-25-1-65mm2/;/rychlospojka-paralelni-cervena-kabely-0-25-1-65mm2/;0
/spojka-lisovaci-pro-kabel-25mm2-bn22/;/spojka-lisovaci-pro-kabel-25mm2-bn22/;0
/spojka-lisovaci-pro-kabel-2-5-4mm2-bn3-5-baleni-100ks/;/spojka-lisovaci-pro-kabel-2-5-4mm2-bn3-5-baleni-100ks/;0
/spojka-lisovaci-pro-kabel-2-5-4mm2-bn3-5/;/spojka-lisovaci-pro-kabel-2-5-4mm2-bn3-5-/;0
/spojka-lisovaci-pro-kabel-16mm2-bn14/;/spojka-lisovaci-pro-kabel-16mm2-bn14/;0
/spojka-lisovaci-pro-kabel-10mm2-bn8/;/spojka-lisovaci-pro-kabel-10mm2-bn8/;0
/sada-konektoru-izolovanych-faston-ocko-vidlicka-spojka-250ks/;/sada-konektoru-izolovanych-faston--ocko--vidlicka--spojka-250ks/;0
/vidlicka-kabelova-8-4mm-zluta-sv-5-5-8/;/vidlicka-kabelova-8-4mm-zluta--sv-5-5-8-/;0
/vidlicka-kabelova-6-5mm-zluta-svs-5-5-6/;/vidlicka-kabelova-6-5mm-zluta--svs-5-5-6-/;0
/vidlicka-kabelova-6-5mm-neizolovana-dj441a-6b/;/vidlicka-kabelova-6-5mm-neizolovana--dj441a-6b-/;0
/vidlicka-kabelova-6-5mm-modra-svs-2-6/;/vidlicka-kabelova-6-5mm-modra--svs-2-6-/;0
/vidlicka-kabelova-6-5mm-cervena-svs-1-25-6/;/vidlicka-kabelova-6-5mm-cervena--svs-1-25-6-/;0
/vidlicka-kabelova-5-5mm-neizolovana-dj441a-5b/;/vidlicka-kabelova-5-5mm-neizolovana--dj441a-5b-/;0
/vidlicka-kabelova-5-3mm-zluta-sv-5-5-5/;/vidlicka-kabelova-5-3mm-zluta--sv-5-5-5-/;0
/vidlicka-kabelova-5-3mm-modra-svs-2-5/;/vidlicka-kabelova-5-3mm-modra--svs-2-5-/;0
/vidlicka-kabelova-5-3mm-cervena-svs-1-25-5/;/vidlicka-kabelova-5-3mm-cervena--svs-1-25-5-/;0
/vidlicka-kabelova-5-3mm-cerna-svs-3-5-5/;/vidlicka-kabelova-5-3mm-cerna--svs-3-5-5-/;0
/vidlicka-kabelova-4-5mm-neizolovana-dj441a-4b/;/vidlicka-kabelova-4-5mm-neizolovana--dj441a-4b-/;0
/vidlicka-kabelova-4-3mm-zluta-svs-5-5-4/;/vidlicka-kabelova-4-3mm-zluta--svs-5-5-4-/;0
/vidlicka-kabelova-4-3mm-modra-svs-2-4/;/vidlicka-kabelova-4-3mm-modra--svs-2-4-/;0
/vidlicka-kabelova-4-3mm-cervena-svs-1-25-4/;/vidlicka-kabelova-4-3mm-cervena--svs-1-25-4-/;0
/vidlicka-kabelova-3-7mm-modra-svs-2-3-5/;/vidlicka-kabelova-3-7mm-modra--svs-2-3-5-/;0
/vidlicka-kabelova-3-7mm-cervena-svs-1-25-3-5/;/vidlicka-kabelova-3-7mm-cervena--svs-1-25-3-5-/;0
/vidlicka-kabelova-3-2mm-modra-sv-2-3/;/vidlicka-kabelova-3-2mm-modra--sv-2-3-/;0
/vidlicka-kabelova-3-2mm-cervena-sv-1-25-3/;/vidlicka-kabelova-3-2mm-cervena--sv-1-25-3-/;0
/rozvadec-tsmf-8-plastovy-1x8p-zapustny/;/rozvadec-tsmf-8-plastovy-1x8p-zapustny/;0
/rozvadec-tsmf-36-plastovy-3x12p-zapustny/;/rozvadec-tsmf-36-plastovy-3x12p-zapustny/;0
/rozvadec-tsmf-24-plastovy-2x12p-zapustny/;/rozvadec-tsmf-24-plastovy-2x12p-zapustny/;0
/rozvadec-tsmf-12-plastovy-1x12p-zapustny/;/rozvadec-tsmf-12-plastovy-1x12p-zapustny/;0
/rozvadec-tsmf-6-plastovy-1x6p-zapustny/;/rozvadec-tsmf-6-plastovy-1x6p-zapustny/;0
/adapter-kruger-matz-km1246-usb-usb-c/;/adapter-kruger-matz-km1246-usb-usb-c/;0
/baterie-lifepo4-12-8v-100ah-vipow-bat0499-bluetooth/;/baterie-lifepo4-12-8v-100ah-vipow-bat0499-bluetooth/;0
/tesla-aircook-grill-qg800-wifi/;/tesla-aircook-grill-qg800-wifi-multifunkcni-digitalni-horkovzdusna-friteza-s-grilem/;0
/hodiny-nastenne-technoline-635205-cerne/;/hodiny-nastenne-technoline-635205-cerne/;0
/tesla-mediabox-xt850-android-tv-11-box-4k-s-tunerem-dvb-t2-c/;/tesla-mediabox-xt850-android-tv-11-box-4k-s-tunerem-dvb-t2-c/;0
/vodic-h07v-k-cya-lanko-cu-16mm2-cerny/;/vodic-h07v-k-cya--lanko-cu-16mm2--cerny/;0
/vodic-h07v-k-cya-lanko-cu-16mm2-cerveny/;/vodic-h07v-k-cya--lanko-cu-16mm2--cerveny/;0
/vodic-h07v-k-cya-lanko-cu-35mm2-cerveny/;/vodic-h07v-k-cya--lanko-cu-35mm2--cerveny/;0
/vodic-h07v-k-cya-lanko-cu-35mm2-cerny/;/vodic-h07v-k-cya--lanko-cu-35mm2--cerny/;0
/vodic-h07v-k-cya-lanko-cu-50mm2-cerveny/;/vodic-h07v-k-cya--lanko-cu-50mm2--cerveny/;0
/detektor-oxidu-uhliciteho-co2-garni-201-onecare/;/detektor-oxidu-uhliciteho-co2-garni-201-onecare/;0
/nahradni-uv-sterilizacni-lampa-garni-uv-45t/;/nahradni-uv-sterilizacni-lampa-garni-uv-45t/;0
/nahradni-filtracni-kapsle-garni-bs-45t/;/nahradni-filtracni-kapsle-garni-bs-45t/;0
/nahradni-vodni-filtr-garni-wf-45t/;/nahradni-vodni-filtr-garni-wf-45t/;0
/sada-nahradnich-filtru-garni-ac-45t-garni-ah-45t/;/sada-nahradnich-filtru-garni-ac-45t-garni-ah-45t/;0
/nahradni-predfiltr-garni-pf-45t/;/nahradni-predfiltr-garni-pf-45t/;0
/sada-nahradnich-filtru-garni-ac-15t-garni-ah-15t/;/sada-nahradnich-filtru-garni-ac-15t-garni-ah-15t/;0
/nahradni-predfiltr-garni-pf-15t/;/nahradni-predfiltr-garni-pf-15t/;0
/chytra-cisticka-vzduchu-garni-45t-onecare/;/chytra-cisticka-vzduchu-garni-45t-onecare/;0
/chytra-cisticka-vzduchu-garni-15t-onecare/;/chytra-cisticka-vzduchu-garni-15t-onecare/;0
/amiko-impulse-3-set-top-box-dvb-t2-c-h-265-hevc/;/amiko-impulse-3-set-top-box-dvb-t2-c--h-265-hevc-/;0
/solarni-regulator-pwm-yjss30-12-24v-30a-usb-pro-pb-baterie/;/solarni-regulator-pwm-yjss30-12-24v-30a-usb-pro-pb-baterie/;0
/tester-elektrickych-zasuvek-rcd-uni-t-ut07b-eu/;/tester-elektrickych-zasuvek-rcd-uni-t-ut07b-eu/;0
/usb-wifi-adapter-2-4ghz-amiko-wln-881-mt7601-150mbps-s-antenou-5dbi/;/usb-wifi-adapter-2-4ghz-amiko-wln-881--mt7601--150mbps-s-antenou-5dbi/;0
/alma-2930-set-top-box-dvb-t2-h-265-hevc/;/alma-2930-set-top-box-dvb-t2--h-265-hevc-/;0
/toman-tt-7300-sada-rucniho-naradi-73-ks/;/toman-tt-7300-sada-rucniho-naradi--73-ks-/;0
/toman-tt-6900-sada-rucniho-naradi-69-ks/;/toman-tt-6900-sada-rucniho-naradi--69-ks-/;0
/toman-tt-4700-sada-rucniho-naradi-47-ks/;/toman-tt-4700-sada-rucniho-naradi--47-ks-/;0
/toman-tt-3100-sada-rucniho-naradi-31-ks/;/toman-tt-3100-sada-rucniho-naradi--31-ks-/;0
/toman-tt-1060-sada-rucniho-naradi-106-ks/;/toman-tt-1060-sada-rucniho-naradi--106-ks-/;0
/meric-kvality-vzduchu-garni-204-onecare/;/meric-kvality-vzduchu-garni-204-onecare/;0
/meric-kvality-vzduchu-garni-wl-1020/;/meric-kvality-vzduchu-garni-wl-1020/;0
/dalkovy-ovladac-tesla-te-323-originalni/;/dalkovy-ovladac-tesla-te-323-originalni/;0
/kaon-mz-52-dotovany-prijimac/;/kaon-mz-52-dotovany-prijimac/;0
/amiko-mini-4k-combo-dvb-s2-t2-c-prijimac/;/amiko-mini-4k-combo-dvb-s2-t2-c-prijimac/;0
/dalkovy-ovladac-amiko-ccc-original/;/dalkovy-ovladac-amiko-ccc-original/;0
/dalkovy-ovladac-pro-pohon-in-l-80-pro-sekcni-garazova-vrata/;/dalkovy-ovladac-pro-pohon-in-l-80-pro-sekcni-garazova-vrata/;0
/autodiagnostika-sixtol-sx-one/;/autodiagnostika-sixtol-sx-one/;0
/dalkovy-ovladac-tesla-te-3000/;/dalkovy-ovladac-tesla-te-3000/;0
/dalkovy-ovladac-tesla-te-321-alma-2861-original/;/dalkovy-ovladac-tesla-te-321-alma-2861-original/;0
/dalkovy-ovladac-tesla-te-300-te-301-te-302-alma-2820/;/dalkovy-ovladac-tesla-te-300--te-301--te-302--alma-2820/;0
/tesla-te-300/;/tesla-te-300-dvbt2-h265-prijimac--hdmi-cec-/;0
/drzak-anteny-pod-stresni-tasku-s-naklonem-30cm-zinek-galva/;/konzola-na-stozar-42-mm/;0
/tester-tloustky-laku-uni-t-ut343d/;/tester-tloustky-laku-uni-t-ut343d/;0
/lte-filtr-fte-5690-zn-5-694-mhz-lte-5g-utlum-55-db/;/lte-filtr-fte-5690-zn--5-694-mhz--lte-5g-utlum-55-db-/;0
/lte-filtr-fagor-lbf-694-5-694-mhz-lte-5g-utlum-45-db/;/lte-filtr-fagor-lbf-694--5-694-mhz--lte-5g-utlum-45-db-/;0
/napajeci-zdroj-5-v-pro-prijimace-tesla-te-400-320-alma-2860-ab-cryptobox-2t/;/napajeci-zdroj-5-v-pro-prijimace-tesla-te-400-320-alma-2860-ab-cryptobox-2t/;0
/krabice-pod-omitku-pristrojova-kopos-kp-68-ka-svetle-seda/;/krabice-pod-omitku-pristrojova-kopos-kp-68_ka-svetle-seda/;0
/ab-cryptobox-700-hd-mini/;/ab-cryptobox-700-hd-mini/;0
/napajeci-zdroj-12-v-pro-prijimace-tesla-te-380-alma-2880/;/napajeci-zdroj-12-v-pro-prijimace-tesla-te-380-alma-2880/;0
/dalkovy-ovladac-alma-2880-tesla-te-380-mini/;/dalkovy-ovladac-alma-2880-tesla-te-380-mini/;0
/digitalni-osobni-vaha-ade-ba-1600-fitvigo-s-bluetooth-180kg/;/digitalni-osobni-vaha-ade-ba-1600-fitvigo-s-bluetooth-180kg/;0
/tesla-gsm-lte-zesilovac-opakovac-900-1800-mhz-kompletni-sada/;/tesla-gsm-lte-zesilovac-opakovac-900-1800-mhz-kompletni-sada/;0
/konektor-do-auto-zapalovace-compass-07409-12v-24v-s-pojistkou/;/konektor-do-auto-zapalovace-compass-07409-12v-24v-s-pojistkou/;0
/tesla-gsm-01-zesilovac-opakovac-900-mhz-kompletni-sada/;/tesla-gsm-01-zesilovac-opakovac-900-mhz-kompletni-sada/;0
/knoflikova-baterie-do-hodinek-g4-tinko-ag4-alkaline/;/knoflikova-baterie-do-hodinek-g4-tinko-ag4-alkaline/;0
/knoflikova-baterie-do-hodinek-g10-tinko-ag10-alkaline/;/knoflikova-baterie-do-hodinek-g10-tinko-ag10-alkaline/;0
/knoflikova-baterie-do-hodinek-g12-tinko-ag12-alkaline/;/knoflikova-baterie-do-hodinek-g12-tinko-ag12-alkaline/;0
/zircon-monoblok-single-m-0143-slim-line-skylink/;/zircon-monoblok-single-m-0143-slim-line-skylink/;0
/koaxialni-kabel-zircon-ccs-125-alpe-100-m-6-8mm/;/koaxialni-kabel-zircon-ccs-125-alpe-100-m-6-8mm/;0
/spojka-cinch-kabel-1x-zdirka-1x-zdirka/;/spojka-cinch-kabel-1x-zdirka-1x-zdirka/;0
/prodluzovaci-privod-do-racku-19-rack-1u-9-zasuvek-iec320c13-ups-plug/;/prodluzovaci-privod-do-racku--19--rack--1u--9-zasuvek--iec320c13-ups-plug/;0
/servisni-stanice-rebel-lut0070-zd-917/;/servisni-stanice-rebel-lut0070-zd-917/;0
/prodluzovaci-privod-do-racku-19-rack-1u-9x-zasuvka-vypinac/;/prodluzovaci-privod-do-racku--19--rack--1u--9x-zasuvka--vypinac/;0
/prodluzovaci-privod-do-racku-19-rack-1u-9x-zasuvka/;/prodluzovaci-privod-do-racku--19--rack--1u--9x-zasuvka/;0
/optibox-zebra-dalkovy-ovladac-s-pvr-originalni/;/optibox-zebra-dalkovy-ovladac--s-pvr-originalni/;0
/topfield-dalkovy-ovladac-tf-7710-cerny/;/topfield-dalkovy-ovladac-tf-7710-cerny/;0
/ca-modul-irdeto-smit-profi-8/;/ca-modul-irdeto-smit-profi-8/;0
/konzola-na-stozar-35-cm-trmen/;/konzola-na-stozar-35-cm-trmen/;0
/lithiova-knoflikova-baterie-gp-cr2032/;/lithiova-knoflikova-baterie-gp-cr2032/;0
/lithiova-knoflikova-baterie-gp-cr2025/;/lithiova-knoflikova-baterie-gp-cr2025/;0
/lithiova-knoflikova-baterie-gp-cr2016/;/lithiova-knoflikova-baterie-gp-cr2016/;0
/solight-led-svetelny-pas-rgb-5m-sada-s-12v-adapterom-a-do-7-2w-m-ip20/;/solight-led-svetelny-pas--rgb--5m--sada-s-12v-adapterom-a-do--7-2w-m--ip20/;0
/solight-dlhy-flexibilny-konektor-pre-8mm-led-pasky-3pinovy-10cm/;/solight-dlhy-flexibilny-konektor-pre-8mm-led-pasky--3pinovy--10cm/;0
/solight-kratky-pevny-konektor-pre-8mm-led-pasky-3pinovy/;/solight-kratky-pevny-konektor-pre-8mm-led-pasky--3pinovy/;0
/solight-napajaci-konektor-pre-8mm-led-pasky-3pinovy-s-15cm-vodicom/;/solight-napajaci-konektor-pre-8mm-led-pasky--3pinovy-s-15cm-vodicom/;0
/spzz225/;/zzipp-spzz225-reproduktorovy-kabel-2-x-2-5/;0
/egomax/;/elokance-egomax-portable-speaker/;0
/meteostanice-tesla-device-ms360se-chytra-wifi-s-externim-senzorem/;/meteostanice-tesla-device-ms360se-chytra-wifi-s-externim-senzorem/;0
/nabijecka-akumulatoru-carspa-ebc2430-24v-30a/;/nabijecka-akumulatoru-carspa-ebc2430-24v-30a/;0
/nabijecka-akumulatoru-carspa-ebc2425-24v-25a/;/nabijecka-akumulatoru-carspa-ebc2425-24v-25a/;0
/nabijecka-akumulatoru-carspa-ebc1260-12v-60a/;/nabijecka-akumulatoru-carspa-ebc1260-12v-60a/;0
/nabijecka-akumulatoru-carspa-ebc1250-12v-50a/;/nabijecka-akumulatoru-carspa-ebc1250-12v-50a/;0
/spzz215/;/zzipp-spzz215-reproduktorovy-kabel-2-x-1-5/;0
/solight-led-osvetlenie-prachotesne-ip65-36w-4320lm-3cct-volitelna-chromatickost-127cm/;/solight-led-osvetlenie-prachotesne--ip65--36w--4320lm--3cct-volitelna-chromatickost--127cm/;0
/solight-stropne-osvetlenie-prachotesne-g13-pre-2x-120cm-led-trubica-ip65-127cm/;/solight-stropne-osvetlenie-prachotesne--g13--pre-2x-120cm-led-trubica--ip65--127cm/;0
/solight-led-osvetlenie-gari-44w-3960lm-3cct-ip65-40cm-biela/;/solight-led-osvetlenie-gari--44w--3960lm--3cct--ip65--40cm--biela/;0
/solight-led-osvetlenie-gari-44w-3960lm-3cct-ip65-40cm-cierna/;/solight-led-osvetlenie-gari--44w--3960lm--3cct--ip65--40cm--cierna/;0
/solight-led-osvetlenie-gari-26w-2340lm-3cct-ip65-30cm-biela/;/solight-led-osvetlenie-gari--26w--2340lm--3cct--ip65--30cm--biela/;0
/solight-led-osvetlenie-gari-26w-2340lm-3cct-ip65-30cm-cierna/;/solight-led-osvetlenie-gari--26w--2340lm--3cct--ip65--30cm--cierna/;0
/solight-led-osvetlenie-woody-25w-1350lm-29cm-3cct/;/solight-led-osvetlenie-woody--25w--1350lm--29cm--3cct/;0
/solight-led-osvetlenie-polia-25w-1350lm-30cm-3cct/;/solight-led-osvetlenie-polia--25w--1350lm--30cm--3cct/;0
/solight-led-osvetlenie-s-dialkovym-ovladacom-polia-46w-3220lm-40cm-zmena-chromatickosti-stmievatelne/;/solight-led-osvetlenie-s-dialkovym-ovladacom-polia--46w--3220lm--40cm--zmena-chromatickosti--stmievatelne/;0
/yamaha-r-n2000a-silver/;/yamaha-r-n2000a-silver/;0
/braun-si3042vi/;/braun-si3042vi/;0
/braun-si1009or/;/braun-si1009or/;0
/braun-si1040gr/;/braun-si1040gr/;0
/solight-zavesne-prislusenstvo-pre-60cm-okruhle-led-panely/;/solight-zavesne-prislusenstvo-pre-60cm-okruhle-led-panely/;0
/solight-led-stropne-osvetlenie-prisadene-kulate-48w-4800lm-3cct-ugr/;/solight-led-stropne-osvetlenie-prisadene-kulate--48w--4800lm--3cct--ugr/;0
/solight-cestovny-adapter-s-usb-a-c-20w-pd-do-spojenych-statov-typ-b/;/solight-cestovny-adapter-s-usb-a-c-20w-pd-do-spojenych-statov--typ-b/;0
/solight-cestovny-adapter-s-usb-a-c-20w-pd-do-velkej-britanie-typ-g/;/solight-cestovny-adapter-s-usb-a-c-20w-pd-do-velkej-britanie--typ-g/;0
/solight-led-linearne-osvetlenie-prepojitelne-60w-5700lm-4000k-150cm/;/solight-led-linearne-osvetlenie-prepojitelne--60w--5700lm--3cct--150cm/;0
/digitalni-teplomer-tpm-10-se-sondou-1m-cerny/;/digitalni-teplomer-tpm-10-se-sondou-1m--cerny/;0
/eslim212tripod/;/elokance-eslim212tripod-speaker-stands/;0
/eslim212cover/;/elokance-eslim212cover-accessories--cases--stands/;0
/solight-led-osvetlenie-corato-s-nastavitelnou-wattazou-a-cct-ip54-21-32-42w-max-4200lm-3cct-38cm/;/solight-led-osvetlenie-corato-s-nastavitelnou-wattazou-a-cct--ip54--21-32-42w--max--4200lm--3cct--38cm/;0
/solight-vysuvny-blok-zasuviek-3-x-16-a-usb-a-c-20w-pd-kabel-2m-cierny/;/solight-vysuvny-blok-zasuviek--3-x-16-a-usb-a-c-20w-pd--kabel-2m--cierny/;0
/elo800mk2/;/elokance-elo800mk2-active-pa-set/;0
/mac80green/;/macma-mac80green-green-laser/;0
/mac300green/;/macma-mac300green-green-laser/;0
/lineone/;/elokance-lineone-column-pa-system/;0
/stelectricpackbk/;/divar-stelectricpackbk-electric-guitar-pack/;0
/xtremled/;/boomtone-dj-xtremled-led-lighting-effects/;0
/ws1/;/boomtone-dj-ws1-accessories--cases--stands/;0
/tbar30/;/boomtone-dj-tbar30-bars-and-cups/;0
/sunball/;/boomtone-dj-sunball-led-lighting-effects/;0
/starlightlzr/;/boomtone-dj-starlightlzr-led-lighting-effects/;0
/starman/;/boomtone-dj-starman-led-lighting-effects/;0
/spinner/;/boomtone-dj-spinner-led-lighting-effects/;0
/sp2r/;/boomtone-dj-sp2r-accessories--cases--stands/;0
/spm20/;/boomtone-dj-spm20-distance-poles/;0
/sp110/;/boomtone-dj-sp110-accessories--cases--stands/;0
/quattromoon/;/boomtone-dj-quattromoon-led-lighting-effects/;0
/partybarderby/;/boomtone-dj-partybarderby-led-lighting-effects/;0
/mus2/;/boomtone-dj-mus2-music-stands-and-lamps/;0
/mus1/;/boomtone-dj-mus1-music-stands-and-lamps/;0
/ms2set/;/boomtone-dj-ms2set-monitoring-accessories/;0
/ms2/;/boomtone-dj-ms2-monitoring-accessories/;0
/miniderby/;/boomtone-dj-miniderby-led-lighting-effects/;0
/lycst70bk/;/boomtone-dj-lycst70bk-accessories--cases--stands/;0
/lycst120wh/;/boomtone-dj-lycst120wh-accessories--cases--stands/;0
/lycst120bk/;/boomtone-dj-lycst120bk-accessories--cases--stands/;0
/lycsq200wh/;/boomtone-dj-lycsq200wh-lighting-accessories/;0
/ludipockettri360/;/boomtone-dj-ludipockettri360-led-lighting-effects/;0
/ludipocketsg/;/boomtone-dj-ludipocketsg-led-lighting-effects/;0
/ludipocket360/;/boomtone-dj-ludipocket360-led-lighting-effects/;0
/lt3/;/boomtone-dj-lt3-trussing-sets/;0
/lt2/;/boomtone-dj-lt2-lift-stands/;0
/lt1/;/boomtone-dj-lt1-lift-stands/;0
/ltstand/;/boomtone-dj-ltstand-lift-stands/;0
/ltcrank/;/boomtone-dj-ltcrank-lift-stands/;0
/lightshowbat/;/boomtone-dj-lightshowbat-led-lighting-effects/;0
/lightshow6fx/;/boomtone-dj-lightshow6fx-led-lighting-effects/;0
/lightshow5fx/;/boomtone-dj-lightshow5fx-led-lighting-effects/;0
/lightshow4fx/;/boomtone-dj-lightshow4fx-led-lighting-effects/;0
/lds1/;/boomtone-dj-lds1-dj-stands/;0
/ks3/;/boomtone-dj-ks3-keyboard-stand/;0
/fogfluidstd5l/;/boomtone-dj-fogfluidstd5l-fluids/;0
/fogfluidhigh20l/;/boomtone-dj-fogfluidhigh20l-fluids/;0
/duomoonstar/;/boomtone-dj-duomoonstar-led-lighting-effects/;0
/doublemoon/;/boomtone-dj-doublemoon-led-lighting-effects/;0
/colorball/;/boomtone-dj-colorball-led-lighting-effects/;0
/dymanoscanled/;/boomtone-dj-dymanoscanled-scanners/;0
/solight-hlinikova-lista-pre-led-pasiky-rohova-16x16mm-mliecny-difuzor-1m/;/solight-hlinikova-lista-pre-led-pasiky--rohova--16x16mm--mliecny-difuzor--1m/;0
/solight-hlinikova-listal-pre-led-pasky-2-18x9mm-mliecny-difuzor-1m/;/solight-hlinikova-listal-pre-led-pasky-2--18x9mm--mliecny-difuzor--1m/;0
/solight-hlinikova-lista-s-bocnicami-pre-led-pasiky-22x17x8mm-mliecny-difuzor-1m/;/solight-hlinikova-lista-s-bocnicami-pre-led-pasiky--22x17x8mm--mliecny-difuzor--1m/;0
/solight-hlinikova-lista-pre-led-pasky-1-17x8mm-mliecny-difuzor-1m/;/solight-hlinikova-lista-pre-led-pasky-1--17x8mm--mliecny-difuzor--1m/;0
/solight-led-smd-pasik-50m-studena-biela-16w-m-1500lm-m-10mm/;/solight-led-smd-pasik--50m--studena-biela--16w-m--1500lm-m--10mm/;0
/solight-led-smd-pasik-50m-tepla-biela-16w-m-1500lm-m-10mm/;/solight-led-smd-pasik--50m--tepla-biela--16w-m--1500lm-m--10mm/;0
/solight-led-cob-pasik-50m-studena-biela-10w-m-1000lm-m-8mm/;/solight-led-cob-pasik--50m--studena-biela--10w-m--1000lm-m--8mm/;0
/solight-led-svetelny-pas-s-testrom-5m-sada-s-12v-adapterom-4-8w-m-ip20-neutralna-biela/;/solight-led-svetelny-pas-s-testrom--5m--sada-s-12v-adapterom--4-8w-m--ip20--neutralna-biela/;0
/sv50/;/boomtone-dj-sv50-accessories--cases--stands/;0
/sv200ii/;/boomtone-dj-sv200ii-accessories--cases--stands/;0
/sv100/;/boomtone-dj-sv100-accessories--cases--stands/;0
/gosound800cover/;/boomtone-dj-gosound800cover-portable-speaker-accessories/;0
/podcastarm/;/plugg-podcastarm-table-microphone-stand/;0
/pdmstudio/;/plugg-pdmstudio-microphone-stand-with-boom-arm/;0
/pdmeco/;/plugg-pdmeco-microphone-stand-with-boom-arm/;0
/musb30mix/;/plugg-musb30mix-usb-microphone/;0
/musb20/;/plugg-musb20-usb-microphone/;0
/ms2mini/;/plugg-ms2mini-speaker-stands/;0
/djh40/;/plugg-djh40-pa-studio-headphones/;0
/quickstagraiser60/;/plugg-quickstagraiser60-stage-riser/;0
/quickstagraiser40/;/plugg-quickstagraiser40-stage-riser/;0
/quickstagedrap603/;/plugg-quickstagedrap603-stage-riser/;0
/quickstagedrap602/;/plugg-quickstagedrap602-stage-riser/;0
/quickstagedrap403/;/plugg-quickstagedrap403-stage-riser/;0
/quickstagedrap402/;/plugg-quickstagedrap402-stage-riser/;0
/quickstage6set/;/plugg-quickstage6set-stage-riser/;0
/tone5m00eli/;/plugg-tone5m00eli-power-cable/;0
/tone1m50eli/;/plugg-tone1m50eli-power-cable/;0
/tone10m0eli/;/plugg-tone10m0eli-power-cable/;0
/st240combo/;/plugg-st240combo-speaker-stands/;0
/sr3x75sil/;/plugg-sr3x75sil-safetys/;0
/sr3x75bk/;/plugg-sr3x75bk-safetys/;0
/ps120w/;/plugg-ps120w-power-cable/;0
/pdm165/;/plugg-pdm165-microphone-stand-with-boom-arm/;0
/sc400go/;/macma-sc400go-column-pa-system/;0
/sc400/;/macma-sc400-column-pa-system/;0
/mic300/;/macma-mic300-wired-microphones/;0
/mic100/;/macma-mic100-wired-microphones/;0
/sc2288r/;/hpa-sc2288r-conferencing-system/;0
/sc2288fc8/;/hpa-sc2288fc8-conferencing-system/;0
/sc2288d/;/hpa-sc2288d-conferencing-system/;0
/sc2288cg8/;/hpa-sc2288cg8-conferencing-system/;0
/sc2288c/;/hpa-sc2288c-conferencing-system/;0
/sc2288bat/;/hpa-sc2288bat-conferencing-system/;0
/promix8r/;/hpa-promix8r-analogue-mixing-desk/;0
/promix8/;/hpa-promix8-analogue-mixing-desk/;0
/promix6r/;/hpa-promix6r-analogue-mixing-desk/;0
/promix6/;/hpa-promix6-analogue-mixing-desk/;0
/promix4/;/hpa-promix4-analogue-mixing-desk/;0
/promix12ux/;/hpa-promix12ux-analogue-mixing-desk/;0
/promix12rm/;/hpa-promix12rm-mixing-desk-accessories/;0
/promix10rm/;/hpa-promix10rm-mixing-desk-accessories/;0
/mpa120/;/hpa-mpa120-amp-preamp-100v-public-address/;0
/mdsp48/;/hpa-mdsp48-sound-processing-system/;0
/hybrid4c/;/hpa-hybrid4c-multichannel-amplifier/;0
/hybrid2c/;/hpa-hybrid2c-multichannel-amplifier/;0
/da600/;/hpa-da600-pa-amplifier/;0
/da300/;/hpa-da300-pa-amplifier/;0
/x215a/;/elokance-x215a-active-loudspeaker/;0
/stm12as/;/elokance-stm12as-floor-monitors/;0
/stm12ac/;/elokance-stm12ac-floor-monitors/;0
/sla206acover/;/elokance-sla206acover-accessories--cases--stands/;0
/sla115sacover/;/elokance-sla115sacover-accessories--cases--stands/;0
/opusbumpersatsub2/;/elokance-opusbumpersatsub2-line-array/;0
/opusbumper210/;/elokance-opusbumper210-line-array/;0
/opus210aarray/;/elokance-opus210aarray-line-array/;0
/opus18210saarray/;/elokance-opus18210saarray-line-array/;0
/linetwocoverpack/;/elokance-linetwocoverpack-accessories--cases--stands/;0
/linesetcoverpack/;/elokance-linesetcoverpack-accessories--cases--stands/;0
/lineproii/;/elokance-lineproii-column-pa-system/;0
/lineonecoverpack/;/elokance-lineonecoverpack-accessories--cases--stands/;0
/linemaxcoverpack/;/elokance-linemaxcoverpack-accessories--cases--stands/;0
/lineclubcoverpack/;/elokance-lineclubcoverpack-accessories--cases--stands/;0
/lineclub/;/elokance-lineclub-column-pa-system/;0
/i8/;/elokance-i8-passive-loudspeaker/;0
/i6/;/elokance-i6-passive-loudspeaker/;0
/ha3600/;/elokance-ha3600-pa-amplifier/;0
/ha2400/;/elokance-ha2400-pa-amplifier/;0
/ha1600/;/elokance-ha1600-pa-amplifier/;0
/ha1000/;/elokance-ha1000-pa-amplifier/;0
/eprosub15acover/;/elokance-eprosub15acover-accessories--cases--stands/;0
/epro12acover/;/elokance-epro12acover-accessories--cases--stands/;0
/epro10acover/;/elokance-epro10acover-accessories--cases--stands/;0
/epro10a/;/elokance-epro10a-active-loudspeaker/;0
/elosub15amonomk2/;/elokance-elosub15amonomk2-subwoofer/;0
/elosub15amk2cove/;/elokance-elosub15amk2cove-accessories--cases--stands/;0
/eloquatro1600mk2/;/elokance-eloquatro1600mk2-active-pa-set/;0
/elo800c/;/elokance-elo800c-active-pa-set/;0
/elo600imk2/;/elokance-elo600imk2-active-pa-set/;0
/elo1500mk2/;/elokance-elo1500mk2-active-pa-set/;0
/elo1300mk2/;/elokance-elo1300mk2-active-pa-set/;0
/elo12mk2cover/;/elokance-elo12mk2cover-accessories--cases--stands/;0
/elo12mk2/;/elokance-elo12mk2-passive-loudspeaker/;0
/e15acover/;/elokance-e15acover-accessories--cases--stands/;0
/e15a/;/elokance-e15a-active-loudspeaker/;0
/e12acover/;/elokance-e12acover-accessories--cases--stands/;0
/epro15mk2/;/elokance-epro15mk2-passive-loudspeaker/;0
/epro10mk2/;/elokance-epro10mk2-passive-loudspeaker/;0
/djstandprowhitese/;/boomtone-dj-djstandprowhitese-dj-stands/;0
/furyline400/;/boomtone-dj-furyline400-column-pa-system/;0
/ezboxflightcase/;/boomtone-dj-ezboxflightcase-lighting-case/;0
/es1/;/boomtone-dj-es1-stands-accessories/;0
/djstation/;/boomtone-dj-djstation-home-dj-furniture/;0
/djdeskwhite/;/boomtone-dj-djdeskwhite-dj-stands/;0
/c4/;/boomtone-dj-c4-accessories-and-micro-stands/;0
/c3/;/boomtone-dj-c3-accessories-and-micro-stands/;0
/c1/;/boomtone-dj-c1-accessories-and-micro-stands/;0
/ws800wh/;/hpa-ws800wh-100v-public-address-speaker/;0
/ws650wh/;/hpa-ws650wh-100v-public-address-speaker/;0
/ws650bk/;/hpa-ws650bk-100v-public-address-speaker/;0
/ws400wh/;/hpa-ws400wh-100v-public-address-speaker/;0
/mpa480z/;/hpa-mpa480z-amp-preamp-100v-public-address/;0
/mpa240z/;/hpa-mpa240z-amp-preamp-100v-public-address/;0
/dmx12/;/macma-dmx12-dmx-controller/;0
/splitter8/;/evoli-splitter8-dmx-splitters/;0
/dwt512/;/evoli-dwt512-wireless-dmx/;0
/dmx192mk2/;/boomtone-dj-dmx192mk2-dmx-controller/;0
/evoca30h/;/helvia-evoca30h-30w-outdoor-horn-speaker-for-pa-systems/;0
/flirack10u/;/plugg-flirack10u-19-case/;0
/bobhp25mm50m0/;/plugg-bobhp25mm50m0-speaker-cable/;0
/bobhp25mm10m0/;/plugg-bobhp25mm10m0-speaker-cable/;0
/bobhp40mm100m/;/plugg-bobhp40mm100m-speaker-cable/;0
/bobhp15mm50m0/;/plugg-bobhp15mm50m0-speaker-cable/;0
/bobhp15mm10m0/;/plugg-bobhp15mm10m0-speaker-cable/;0
/attachecablebk/;/plugg-attachecablebk-fabric-tapes/;0
/silentpar7x10w6in1/;/macma-silentpar7x10w6in1-led-par-cans/;0
/silentpar7x10w4in1/;/macma-silentpar7x10w4in1-led-par-cans/;0
/silentpar5x3w3in1/;/macma-silentpar5x3w3in1-led-par-cans/;0
/silentpar12x10w6in1/;/macma-silentpar12x10w6in1-led-par-cans/;0
/silentpar12x10w4in1/;/macma-silentpar12x10w4in1-led-par-cans/;0
/flatpar7x12w6in1/;/macma-flatpar7x12w6in1-led-par-cans/;0
/flatpar12x12w6in1/;/macma-flatpar12x12w6in1-led-par-cans/;0
/aspro15cover/;/macma-aspro15cover-accessories--cases--stands/;0
/aspro15/;/macma-aspro15-active-loudspeaker/;0
/aspro12cover/;/macma-aspro12cover-accessories--cases--stands/;0
/aspro12/;/macma-aspro12-active-loudspeaker/;0
/as818subcover/;/macma-as818subcover-accessories--cases--stands/;0
/as818sub/;/macma-as818sub-subwoofer/;0
/as815subcover/;/macma-as815subcover-accessories--cases--stands/;0
/as812subcover/;/macma-as812subcover-accessories--cases--stands/;0
/as812sub/;/macma-as812sub-subwoofer/;0
/barled18x3wrgb/;/ghost-barled18x3wrgb-led-bar/;0
/wipar12x12wpack/;/evoli-wipar12x12wpack-outdoor-par-cans/;0
/tower18cover/;/elokance-tower18cover-accessories--cases--stands/;0
/eslim212/;/elokance-eslim212-column-pa-system/;0
/eslim110/;/elokance-eslim110-column-pa-system/;0
/basescrew10mm/;/elokance-basescrew10mm-other-speaker-spare-parts/;0
/partypar123/;/boomtone-dj-partypar123-led-par-cans/;0
/megaled6x3w/;/boomtone-dj-megaled6x3w-led-par-cans/;0
/ledpar7x10w5in1/;/boomtone-dj-ledpar7x10w5in1-led-par-cans/;0
/hmx-mic/;/helvia-hmx-mic-paging-microphone-with-chimes-and-zone-selection-for-hmx-44-44a/;0
/s-10/;/ary-s-10-bezdrotovy--stereo-streamer-s-10-multi-room/;0
/as815sub/;/macma-as815sub-subwoofer/;0
/as115cover/;/macma-as115cover-accessories--cases--stands/;0
/as115/;/macma-as115-active-loudspeaker/;0
/as112cover/;/macma-as112cover-accessories--cases--stands/;0
/as110cover/;/macma-as110cover-accessories--cases--stands/;0
/as110/;/macma-as110-active-loudspeaker/;0
/as108cover/;/macma-as108cover-accessories--cases--stands/;0
/as108/;/macma-as108-active-loudspeaker/;0
/am2400/;/hpa-am2400-pa-amplifier/;0
/am1700/;/hpa-am1700-pa-amplifier/;0
/am1100/;/hpa-am1100-pa-amplifier/;0
/deko-25bk/;/helvia-deko-25bk-pair-of-2-5--full-range-compact-loudspeaker--black-8-ohm/;0
/3ieceu3m00eli/;/plugg-3ieceu3m00eli-power-cable/;0
/adapxm3jmseas/;/plugg-adapxm3jmseas-adapter/;0
/adapxm3jmmeas/;/plugg-adapxm3jmmeas-adapter/;0
/adapxf3xf3eas/;/plugg-adapxf3xf3eas-adapter/;0
/adapxf3jmseas/;/plugg-adapxf3jmseas-adapter/;0
/adapxf3xm3eas/;/plugg-adapxf3xm3eas-adapter/;0
/adapxf0jmmeas/;/plugg-adapxf0jmmeas-adapter/;0
/adaprs485usb/;/plugg-adaprs485usb-adapter/;0
/adaprfsjmseas/;/plugg-adaprfsjmseas-adapter/;0
/adaprf0xm3eas/;/plugg-adaprf0xm3eas-adapter/;0
/adaprf0jmmeas/;/plugg-adaprf0jmmeas-adapter/;0
/adapmfsjmseas/;/plugg-adapmfsjmseas-adapter/;0
/adapmfmjmmeas/;/plugg-adapmfmjmmeas-adapter/;0
/adapjfsmmseas/;/plugg-adapjfsmmseas-adapter/;0
/adapjfmxm3eas/;/plugg-adapjfmxm3eas-adapter/;0
/adapjfmmmmeas/;/plugg-adapjfmmmmeas-adapter/;0
/50hc200sil/;/plugg-50hc200sil-hooks/;0
/50hc200bk/;/plugg-50hc200bk-hooks/;0
/50hc100sil/;/plugg-50hc100sil-hooks/;0
/50cl250sil/;/plugg-50cl250sil-hooks/;0
/50cl100sil/;/plugg-50cl100sil-hooks/;0
/liveo-640pbk-2/;/helvia-liveo-640pbk-6-5--waterproof-2-way-passive-wall-mount-speaker-pair--black/;0
/liveo-420pwh-3/;/helvia-liveo-420pwh-4--waterproof-2-way-passive-wall-mount-speaker-pair--white/;0
/onda-880tfw/;/helvia-onda-880tfw-8--2-way-hi-fi-low-impedance-coaxial-in-wall-in-ceiling-speaker/;0
/onda-660tfw/;/helvia-onda-660tfw-6-5--2-way-hi-fi-low-impedance-coaxial-in-wall-in-ceiling-speaker/;0
/hmx-44aplay/;/helvia-hmx-44aplay-4x60w-rackmount-4-in-4-out-matrix-mixer-amplifier-with-multi-player/;0
/solight-led-podlinkove-a-nabytkove-svietidlo-stmievatelne-3x3w-4100k-3x30cm-dotykove-spinanie/;/solight-led-podlinkove-a-nabytkove-svietidlo-stmievatelne--3x3w--4100k--3x30cm--dotykove-spinanie/;0
/solight-predlzovaci-privod-5m-3-zasuvky-ip44-3-x-2-5mm2-kabel-guma-neopren-h07rn-f/;/solight-predlzovaci-privod-5m--3-zasuvky-ip44--3-x-2-5mm2--kabel-guma-neopren-h07rn-f/;0
/mkf-17df441-fixni-drzak-na-tv/;/mkf-17df441-fixni-drzak-na-tv/;0
/lounge-8abk/;/helvia-lounge-8abk-8--slim-active-subwoofer/;0
/solight-bezdrotovy-zvoncek-do-zasuvky-180m-biely-learning-code-5/;/solight-bezdrotovy-zvoncek--do-zasuvky--180m--biely--learning-code-3/;0
/solight-predlzovaci-privod-kocka-5m-3-zasuvky-ip44-3-x-1-5mm2-kabel-guma-h05rr-f/;/solight-predlzovaci-privod-kocka-5m--3-zasuvky-ip44--3-x-1-5mm2--kabel-guma-h05rr-f/;0
/solight-predlzovaci-privod-kocka-3m-3-zasuvky-ip44-3-x-1mm2-kabel-guma-h05rr-f/;/solight-predlzovaci-privod-kocka-3m--3-zasuvky-ip44--3-x-1mm2--kabel-guma-h05rr-f/;0
/solight-smart-wifi-hlasic-pohybu-gong-magnet-cidlo-na-dvere-napajanie-zo-zasuvky/;/solight-smart-wifi-hlasic-pohybu-gong--magnet-cidlo-na-dvere--napajanie-zo-zasuvky/;0
/solight-bezdrotovy-zvoncek-do-zasuvky-180m-cierny-learning-code-6/;/solight-bezdrotovy-zvoncek--do-zasuvky--180m--cierny--learning-code-2/;0
/solight-bezdrotovy-hlasic-pohybu-gong-magnet-cidlo-na-dvere-napajanie-zo-zasuvky/;/solight-bezdrotovy-hlasic-pohybu-gong--magnet-cidlo-na-dvere--napajanie-zo-zasuvky/;0
/solight-bezdrotovy-zvoncek-s-nocnym-svetielkom-do-zasuvky-180m-biely-learning-code/;/solight-bezdrotovy-zvoncek-s-nocnym-svetielkom--do-zasuvky--180m--biely--learning-code/;0
/solight-bezdrotovy-zvoncek-do-zasuvky-180m-cierny-learning-code-5/;/solight-bezdrotovy-zvoncek--do-zasuvky--180m--cierny--learning-code/;0
/yamaha-rx-a4a-black/;/yamaha-rx-a4a-black/;0
/beko-bdin38646d/;/beko-bdin38646d/;0
/kabel-dvojlinka-cabletech-kab0390-2x-0-75-mm-cerno-ruda-cca/;/kabel-dvojlinka-cabletech-kab0390-2x-0-75-mm-cerno-ruda-cca/;0
/solight-led-kupelnove-osvetlenie-nad-zrkadlo-3v1-12w-780lm-4000k-ip44-60cm-chrom/;/solight-led-kupelnove-osvetlenie-nad-zrkadlo-3v1--12w--780lm--4000k--ip44--60cm--chrom/;0
/koma-mob360-brity-pro-oneblade-360-2ks/;/koma-mob360-brity-pro-oneblade-360--2ks/;0
/koma-mob360-brity-pro-oneblade-360-3ks/;/koma-mob360-brity-pro-oneblade-360--3ks/;0
/koma-mob360-brity-pro-oneblade-360-1ks/;/koma-mob360-brity-pro-oneblade-360--1ks/;0
/koma-hfet10-filtr-pro-eta-0231-1231/;/koma-hfet10-filtr-pro-eta-0231--1231/;0
/solight-led-osvetlenie-s-dialkovym-ovladacom-estela-white-50w-5400lm-60cm-urg/;/solight-led-osvetlenie-s-dialkovym-ovladacom-estela-white--50w--5400lm--60cm--urg/;0
/solight-led-osvetlenie-s-dialkovym-ovladacom-estela-white-40w-4300lm-50cm-urg/;/solight-led-osvetlenie-s-dialkovym-ovladacom-estela-white--40w--4300lm--50cm--urg/;0
/yamaha-true-x-surround-50a-set-black/;/yamaha-true-x-surround-50a--set--black/;0
/optima-340-b/;/laud-optima-340-b-nastenna-kolonka-cierna/;0
/optima-340-w/;/laud-optima-340-w-nastenna-kolonka-biela/;0
/optima-380-b/;/laud-optima-380-b-smerova-nastenna-kolonka-cierna/;0
/zzcb4m3/;/zzipp-zzcb4m3-analogovy-prepojovaci-box/;0
/zzcb4f3/;/zzipp-zzcb4f3-analogovy-prepojovaci-box/;0
/ariete-j-force-2753/;/ariete-j-force-2753/;0
/solight-predlzovaci-privod-5-zasuviek-usb-a-c-20w-pd-3m-3-x-1mm2-biely-vypinac/;/solight-predlzovaci-privod-5-zasuviek--usb-a-c-20w-pd--3m--3-x-1mm2--biely--vypinac/;0
/solight-predlzovaci-privod-3-zasuvky-usb-a-c-20w-pd-5m-3-x-1mm2-biely-vypinac/;/solight-predlzovaci-privod-3-zasuvky--usb-a-c-20w-pd--5m--3-x-1mm2--biely--vypinac/;0
/solight-predlzovaci-privod-3-zasuvky-usb-a-c-20w-pd-3m-3-x-1mm2-biely-vypinac/;/solight-predlzovaci-privod-3-zasuvky--usb-a-c-20w-pd--3m--3-x-1mm2--biely--vypinac/;0
/solight-predlzovaci-privod-3-zasuvky-usb-a-c-20w-pd-2m-3-x-1mm2-biely-vypinac/;/solight-predlzovaci-privod-3-zasuvky--usb-a-c-20w-pd--2m--3-x-1mm2--biely--vypinac/;0
/solight-vstavana-podlahova-dvojzasuvka-ip55-matna-biela-obdlznikove-viecko/;/solight-vstavana-podlahova-dvojzasuvka--ip55--matna-biela--obdlznikove-viecko/;0
/solight-vstavana-podlahova-zasuvka-ip55-matna-biela-obdlznikove-viecko/;/solight-vstavana-podlahova-zasuvka--ip55--matna-biela--obdlznikove-viecko/;0
/spzz515/;/zzipp-spzz515-reproduktorovy-kabel/;0
/mzzx500/;/zzipp-mzzx500-mikrofonovy-kabel/;0
/mzzx300/;/zzipp-mzzx300-mikrofonovy-kabel/;0
/mzzx1000/;/zzipp-mzzx1000-mikrofonovy-kabel/;0
/txzz103/;/zzipp-txzz103-txzz103-bezdrotovy-mikrofonovy-system/;0
/mczz101/;/zzipp-mczz101-mikrofonovy-kabel/;0
/txzz520/;/zzipp-txzz520-bezdrotovy-mikrofonovy-system/;0
/txzz424/;/zzipp-txzz424-txzz424-bezdrotovy-mikrofonovy-system/;0
/txzz522/;/zzipp-txzz522-bezdrotovy-mikrofonovy-system/;0
/txzz422/;/zzipp-txzz422-txzz422-bezdrotovy-mikrofonovy-system/;0
/txzz213/;/zzipp-txzz213-txzz213--bezdrotovy-mikrofonovy-system/;0
/txzz212/;/zzipp-txzz212-txzz212--bezdrotovy-mikrofonovy-system/;0
/txzz211/;/zzipp-txzz211-txzz211--bezdrotovy-mikrofonovy-system/;0
/w44-wifi-w/;/laud-w44-wifi-w-nastenny-prehravac-so-zosilnovacom-4-x-40-w--biely/;0
/w44-wifi-b/;/laud-w44-wifi-b-nastenny-prehravac-so-zosilnovacom-4-x-40-w--cierny/;0
/meteorologicka-stanice-garni-545-line/;/meteorologicka-stanice-garni-545-line/;0
/ambient-6pro-w/;/laud-ambient-6pro-w-stropny-stereo-reproduktor--biely/;0
/sonic-200-hthse/;/laud-sonic-200-hthse-rucny-a-nahlavny-mikrofon-s-prijimacom/;0
/sonic-200-hse/;/laud-sonic-200-hse-dva-nahlavne-mikrofony-s-prijimacom/;0
/handy-3-ht/;/laud-handy-3-ht-mobilny-reproduktor-s-1-rucnym-mikrofonom/;0
/sonic-200-ht/;/laud-sonic-200-ht-dva-rucne-mikrofony-s-prijimacom/;0
/sonic-100-hse/;/laud-sonic-100-hse-nahlavny-mikrofon-s-prijimacom/;0
/sonic-100-ht/;/laud-sonic-100-ht-rucny-mikrofon-s-prijimacom/;0
/solight-led-nabijacie-svietidlo-s-displejom-200lm-zoom-li-ion/;/solight-led-nabijacie-svietidlo-s-displejom--200lm--zoom--li-ion/;0
/powerbanka-kruger-matz-km0906-1-20000-mah-li-pol-20w-qc-pd/;/powerbanka-kruger-matz-km0906-1-20000-mah-li-pol-20w-qc--pd/;0
/concept-so2050/;/concept-so2050/;0
/gosound800/;/boomtone-dj-gosound800-portable-speaker/;0
/tower18/;/elokance-tower18-active-pa-set/;0
/beko-bdfn26540wp/;/beko-bdfn26540wp/;0
/tower12/;/elokance-tower12-column-pa-system/;0
/kruger-matz-km0913-bl-powerbanka-10000mah-magsafe/;/kruger-matz-km0913-bl-powerbanka-10000mah-magsafe/;0
/kruger-matz-km0913-b-powerbanka-10000mah-magsafe/;/kruger-matz-km0913-b-powerbanka-10000mah-magsafe/;0
/kruger-matz-km0912-10000mah-powerbanka-magsafe/;/kruger-matz-km0912-10000mah-powerbanka-magsafe/;0
/kruger-matz-km0911-powerbanka-5000mah-magsafe/;/kruger-matz-km0911-powerbanka-5000mah-magsafe/;0
/sa-40bt/;/monacor-sa-40bt-mini-stereo-amplifier--2-x-20-w/;0
/siem-121t-r/;/jts-siem-121t-r-mpx-stereo-uhf-pll-in-ear-monitoring-system/;0
/garni-1025-arcus-wi-fi-meteorologicka-stanice-2gen/;/garni-1025-arcus-wi-fi-meteorologicka-stanice-2gen/;0
/pa-4500dx/;/monacor-pa-4500dx-4-zone-multifunctional-mixing-amplifier--4-x-500-w--2-x-1-000-w/;0
/optima-380-w/;/laud-optima-380-w-smerova-nastenna-kolona-biela/;0
/solight-cestovny-adapter-do-indie-typ-d/;/solight-cestovny-adapter-do-indie--typ-d/;0
/solight-led-vianocna-girlanda-s-ihlicim-5m-80x-led-casovac-3xaa-ip44/;/solight-led-vianocna-girlanda-s-ihlicim--5m--80x-led--casovac--3xaa--ip44/;0
/solight-led-dreveny-vianocny-veniec-10x-led-biela-30cm-casovac-2x-aa/;/solight-led-dreveny-vianocny-veniec--10x-led--biela--30cm--casovac--2x-aa/;0
/solight-led-dreveny-vianocny-zvoncek-9x-led-biela-30cm-casovac-2x-aa/;/solight-led-dreveny-vianocny-zvoncek--9x-led--biela--30cm--casovac--2x-aa/;0
/solight-led-vianocna-hviezda-zlata-zavesna-casovac-60cm-20x-led-2x-aa/;/solight-led-vianocna-hviezda-zlata--zavesna--casovac--60cm--20x-led--2x-aa/;0
/solight-led-vianocna-hviezda-strieborna-zavesna-casovac-60cm-20x-led-2x-aa/;/solight-led-vianocna-hviezda-strieborna--zavesna--casovac--60cm--20x-led--2x-aa/;0
/solight-led-drevena-vianocna-hviezda-zavesna-casovac-65cm-20x-led-2x-aa/;/solight-led-drevena-vianocna-hviezda--zavesna--casovac--65cm--20x-led--2x-aa/;0
/solight-led-vianocna-retiazka-cervena-biela-20x-led-1-5m-2xaa/;/solight-led-vianocna-retiazka-cervena-biela--20x-led--1-5m--2xaa/;0
/solight-sada-3-led-vianocnych-darcekov-48x-led-ip44/;/solight-sada-3-led-vianocnych-darcekov--48x-led--ip44/;0
/solight-led-vonkajsia-dekoracia-stromcek-85x-led-casovac-68cm-3x-aa/;/solight-led-vonkajsia-dekoracia-stromcek--85x-led--casovac--68cm--3x-aa/;0
/solight-led-vonkajsia-dekoracia-zvonceky-100x-led-casovac-55cm-3x-aa/;/solight-led-vonkajsia-dekoracia-zvonceky--100x-led--casovac--55cm--3x-aa/;0
/solight-sada-led-sviecok-3ks-10-13-16cm-strieborna-3x-aaa/;/solight-sada-led-sviecok--3ks--10-13-16cm--strieborna--3x-aaa/;0
/solight-sada-led-sviecok-s-casovacom-3ks-10-13-15cm-siva-2x-aa/;/solight-sada-led-sviecok-s-casovacom--3ks--10-13-15cm--siva--2x-aa/;0
/solight-sada-led-sviecok-s-casovacom-4ks-6-5cm-bateria-cr2032-sucastou/;/solight-sada-led-sviecok-s-casovacom--4ks--6-5cm--bateria-cr2032-sucastou/;0
/solight-dvojzasuvka-ip66-vodotesna-a-prachotesna/;/solight-dvojzasuvka-ip66--vodotesna-a-prachotesna/;0
/blaupunkt-50ugc5500s/;/blaupunkt-50ugc5500s/;0
/blaupunkt-55ugc5500s/;/blaupunkt-55ugc5500s/;0
/blaupunkt-32fbg5010s/;/blaupunkt-32fbg5010s/;0
/blaupunkt-32wgc5520s/;/blaupunkt-32wgc5520s/;0
/solight-led-kupelnove-osvetlenie-nad-zrkadlo-3v1-12w-780lm-4000k-ip44-60cm-cierna/;/solight-led-kupelnove-osvetlenie-nad-zrkadlo-3v1--12w--780lm--4000k--ip44--60cm--cierna/;0
/solight-led-kupelnove-osvetlenie-nad-zrkadlo-3v1-7w-455lm-4000k-ip44-40cm-cierna/;/solight-led-kupelnove-osvetlenie-nad-zrkadlo-3v1--7w--455lm--4000k--ip44--40cm--cierna/;0
/solight-led-kupelnove-osvetlenie-nad-zrkadlo-3v1-7w-455lm-4000k-ip44-40cm-chrom/;/solight-led-kupelnove-osvetlenie-nad-zrkadlo-3v1--7w--455lm--4000k--ip44--40cm--chrom/;0
/solight-led-ziarovka-reflektorova-r50-8w-e14-4000k-710lm/;/solight-led-ziarovka-reflektorova--r50--8w--e14--4000k--710lm/;0
/solight-led-ziarovka-reflektorova-r50-8w-e14-3000k-710lm/;/solight-led-ziarovka-reflektorova--r50--8w--e14--3000k--710lm/;0
/solight-bezdrotove-tlacidlo-pre-1l67b-200m-cierne-learning-code-kryt-na-menovku/;/solight-bezdrotove-tlacidlo-pre-1l67b--200m--cierne--learning-code--kryt-na-menovku/;0
/wm-10tg/;/jts-wm-10tg-mono-sluchadlo/;0
/albrecht-dr-114/;/albrecht-dr-114/;0
/solight-led-vonkajsie-osvetlenie-nastavitelna-teplota-svetla-3cct-15-18-20w-1800lm-22cm-2v1-biely-a-cierny-kryt/;/solight-led-vonkajsie-osvetlenie--nastavitelna-teplota-svetla-3cct--15-18-20w--1800lm--22cm--2v1-biely-a-cierny-kryt/;0
/pa-8125dx/;/monacor-pa-8125dx-8-zone-multifunctional-mixing-amplifier--8-x-125-w--4-x-250-w/;0
/zzar310sub/;/zzipp-zzar310sub-aktivny-10--subwoofer/;0
/rc-control/;/ary-a-100-bezdrotovy-stereo-zosilnovac--multi-room/;0
/gorenje-nrk6192axl4/;/gorenje-nrk6192axl4/;0
/solight-predlzovaci-privod-na-bubne-10m-usb-a-c-2-zasuvky-sivy-kabel-3x-1-0mm2/;/solight-predlzovaci-privod-na-bubne-10m--usb-a-c--2-zasuvky--sivy-kabel--3x-1-0mm2/;0
/solight-predlzovaci-privod-na-bubne-10m-3-zasuvky-sivy-kabel-3x-1-5mm2/;/solight-predlzovaci-privod-na-bubne-10m--3-zasuvky--sivy-kabel--3x-1-5mm2/;0
/solight-predlzovaci-privod-na-bubne-10m-3-zasuvky-sivy-kabel-3x-1-0mm2/;/solight-predlzovaci-privod-na-bubne-10m--3-zasuvky--sivy-kabel--3x-1-0mm2/;0
/solight-predlzovaci-privod-na-bubne-12m-3-zasuvky-cierny-kabel-3x-1-5mm2/;/solight-predlzovaci-privod-na-bubne-12m--3-zasuvky--cierny-kabel--3x-1-5mm2/;0
/solight-predlzovaci-privod-na-bubne-15m-3-zasuvky-cierny-kabel-3x-1-0mm2/;/solight-predlzovaci-privod-na-bubne-15m--3-zasuvky--cierny-kabel--3x-1-0mm2/;0
/gorenje-rf4142pw4/;/gorenje-rf4142pw4/;0
/concept-opk5160bc/;/concept-opk5160bc/;0
/concept-la8383ds/;/concept-la8383ds/;0
/solight-led-ziarivka-linearna-t8-22w-3080lm-6000k-150cm-sklo/;/solight-led-ziarivka-linearna-t8--22w--3080lm--6000k--150cm--sklo/;0
/solight-led-ziarivka-linearna-t8-18w-2520lm-6000k-120cm-sklo/;/solight-led-ziarivka-linearna-t8--18w--2520lm--6000k--120cm--sklo/;0
/solight-led-ziarivka-linearna-t8-9w-1260lm-6000k-60cm-sklo/;/solight-led-ziarivka-linearna-t8--9w--1260lm--6000k--60cm--sklo/;0
/solight-led-nabijacia-lampicka-lucca-120lm-zmena-cct-stmievanie-biela/;/solight-led-nabijacia-lampicka-lucca--120lm--zmena-cct--stmievanie--biela/;0
/solight-led-celove-nabijacie-svietidlo-100lm-sensor-li-ion/;/solight-led-celove-nabijacie-svietidlo--100lm--sensor--li-ion/;0
/solight-led-celove-nabijacia-svietidlo-170lm-teple-studene-svetlo-li-ion/;/solight-led-celove-nabijacia-svietidlo--170lm--teple-studene-svetlo--li-ion/;0
/evolveo-shark-aktivni-venkovni-antena/;/evolveo-shark--aktivni-venkovni-antena/;0
/zvonek-domovni-bezdratovy-rebel-urz3264/;/zvonek-domovni-bezdratovy-rebel-urz3264/;0
/reproduktor-bluetooth-nedis-sppt2480bk/;/reproduktor-bluetooth-nedis-sppt2480bk/;0
/solight-led-stmievatelna-stolna-lampicka-s-klipom-biela-300lm-nastavitelna-teplota-svetla-usb/;/solight-led-stmievatelna-stolna-lampicka-s-klipom-biela--300lm--nastavitelna-teplota-svetla--usb/;0
/solight-led-osvetleni-s-dalkovym-ovladacem-estela-white-60w-4500lm-50cm-zmena-chromaticnosti-stmivatelne/;/solight-led-osvetleni-s-dalkovym-ovladacem-estela-white--60w--4500lm--50cm--zmena-chromaticnosti--stmivatelne/;0
/solight-led-osvetleni-s-dalkovym-ovladacem-estela-black-60w-4500lm-50cm-zmena-chromaticnosti-stmivatelne/;/solight-led-osvetleni-s-dalkovym-ovladacem-estela-black--60w--4500lm--50cm--zmena-chromaticnosti--stmivatelne/;0
/gorenje-nrk6182pw4/;/gorenje-nrk6182pw4/;0
/sa-100wifi/;/ary-sa-100wifi-bezdrotovy--stereo-zosilnovac-sa100wifi-multi-room/;0
/vysavac-roboticky-nedis-wifivcl002cbk-smartlife/;/vysavac-roboticky-nedis-wifivcl002cbk-smartlife/;0
/nabijecka-baterii-carspa-ctc1206-pb-agm-lifepo4/;/nabijecka-baterii-carspa-ctc1206-pb--agm--lifepo4/;0
/beko-bbim17300bmpsf/;/beko-bbim17300bmpsf/;0
/solight-led-osvetlenie-acate-s-ochranou-proti-vlhkosti-ip54-24w-2160lm-3cct-30cm-strieborna/;/solight-led-osvetlenie-acate-s-ochranou-proti-vlhkosti--ip54--24w--2160lm--3cct--30cm--strieborna/;0
/solight-led-osvetlenie-acate-s-ochranou-proti-vlhkosti-ip54-18w-1620lm-3cct-22cm-strieborna/;/solight-led-osvetlenie-acate-s-ochranou-proti-vlhkosti--ip54--18w--1620lm--3cct--22cm--strieborna/;0
/solight-led-osvetlenie-adrano-s-ochranou-proti-vlhkosti-ip54-18w-1530lm-3cct-23cm/;/solight-led-osvetlenie-adrano-s-ochranou-proti-vlhkosti--ip54--18w--1530lm--3cct--23cm/;0
/solight-led-osvetlenie-adrano-s-ochranou-proti-vlhkosti-ip54-12w-1020lm-3cct-23cm/;/solight-led-osvetlenie-adrano-s-ochranou-proti-vlhkosti--ip54--12w--1020lm--3cct--23cm/;0
/solight-led-mini-panel-kupelnovy-2v1-3cct-podhladovy-prisadeny-24w-2040lm-ip54-strieborna-okruhly/;/solight-led-mini-panel-kupelnovy-2v1--3cct--podhladovy-prisadeny--24w--2040lm--ip54--strieborna--okruhly/;0
/solight-led-mini-panel-kupelnovy-2v1-3cct-podhladovy-prisadeny-24w-2040lm-ip54-biela-okruhly/;/solight-led-mini-panel-kupelnovy-2v1--3cct--podhladovy-prisadeny--24w--2040lm--ip54--biela--okruhly/;0
/solight-led-mini-panel-kupelnovy-2v1-3cct-podhladovy-prisadeny-18w-1530lm-ip54-strieborna-okruhly/;/solight-led-mini-panel-kupelnovy-2v1--3cct--podhladovy-prisadeny--18w--1530lm--ip54--strieborna--okruhly/;0
/solight-led-mini-panel-kupelnovy-2v1-3cct-podhladovy-prisadeny-18w-1530lm-ip54-biela-okruhly/;/solight-led-mini-panel-kupelnovy-2v1--3cct--podhladovy-prisadeny--18w--1530lm--ip54--biela--okruhly/;0
/solight-led-mini-panel-kupelnovy-2v1-3cct-podhladovy-prisadeny-12w-1020lm-ip54-strieborna-okruhly/;/solight-led-mini-panel-kupelnovy-2v1--3cct--podhladovy-prisadeny--12w--1020lm--ip54--strieborna--okruhly/;0
/solight-rj45-cat6-doplnkovy-modul-pre-vstavane-zasuvky-serie-pp128/;/solight-rj45-cat6-doplnkovy-modul-pre-vstavane-zasuvky-serie-pp128/;0
/solight-vestavny-blok-zasuviek-s-posuvnym-krytom-2-zasuvky-hdmi-usb-a-c-20w-pd-2m-strieborny/;/solight-vestavny-blok-zasuviek-s-posuvnym-krytom--2-zasuvky--hdmi--usb-a-c-20w-pd--2m--strieborny/;0
/solight-vestavny-blok-zasuviek-s-posuvnym-krytom-3-zasuvky-2m-strieborny/;/solight-vestavny-blok-zasuviek-s-posuvnym-krytom--3-zasuvky--2m--strieborny/;0
/st-5030/;/jts-st-5030-pultova-zakladna-pre-mikrofony-na-husom-krku/;0
/solight-predlzovaci-privod-3m-3-zasuvky-16a-3680w-pvc-biely/;/solight-predlzovaci-privod-3m--3-zasuvky--16a-3680w--pvc--biely/;0
/solight-predlzovaci-privod-5m-6-zasuviek-vypinac-16a-3680w-pvc-biely/;/solight-predlzovaci-privod-5m--6-zasuviek--vypinac--16a-3680w--pvc--biely/;0
/solight-predlzovaci-privod-5m-4-zasuvky-vypinac-16a-3680w-pvc-biely/;/solight-predlzovaci-privod-5m--4-zasuvky--vypinac--16a-3680w--pvc--biely/;0
/solight-predlzovaci-privod-3m-4-zasuvky-vypinac-16a-3680w-pvc-biely/;/solight-predlzovaci-privod-3m--4-zasuvky--vypinac--16a-3680w--pvc--biely/;0
/solight-predlzovaci-privod-3m-3-zasuvky-vypinac-16a-3680w-pvc-biely/;/solight-predlzovaci-privod-3m--3-zasuvky--vypinac--16a-3680w--pvc--biely/;0
/eta-nd-nastavec-na-tvrde-eta141787104/;/eta-nd-nastavec-na-tvrde-eta141787104/;0
/koma-ec23s-midea-s8/;/koma-ec23s-midea-s8/;0
/gorenje-bm201ag1bg/;/gorenje-bm201ag1bg/;0
/solight-prepatova-ochrana-8z-usb-a-c-2m-cierna/;/solight-prepatova-ochrana--8z--usb-a-c--2m--cierna/;0
/solight-prepatova-ochrana-8z-usb-a-c-2m-biela/;/solight-prepatova-ochrana--8z--usb-a-c--2m--biela/;0
/zelmer-susicka-potravin-zfd1005/;/zelmer-susicka-potravin-zfd1005/;0
/zelmer-rychlovarna-konvice-zck1275/;/zelmer-rychlovarna-konvice-zck1275/;0
/zelmer-zfs0917/;/zelmer-zfs0917/;0
/zelmer-znt0300/;/zelmer-znt0300/;0
/zelmer-zbs1012/;/zelmer-zbs1012/;0
/uv-lampa-do-lapace-hmyzu-teesa-tsa0219l/;/uv-lampa-do-lapace-hmyzu-teesa-tsa0219l/;0
/lapac-hmyzu-teesa-tsa0219/;/lapac-hmyzu-teesa-tsa0219/;0
/irobot-roomba-205-dustcompactor-combo-wh/;/irobot-roomba-205-dustcompactor-combo-wh/;0
/irobot-roomba-105-combo-black/;/irobot-roomba-105-combo--black/;0
/irobot-roomba-205-dustcompactor-combo-bl/;/irobot-roomba-205-dustcompactor-combo-bl/;0
/solight-stropne-osvetlenie-prachotesne-g13-pre-2x-150cm-led-trubice-ip65-160cm-3/;/solight-stropne-osvetlenie-prachotesne--g13--pre-2x-150cm-led-trubice--ip65--160cm/;0
/gorenje-gv663b65/;/gorenje-gv663b65/;0
/guzzanti-gz-30b/;/guzzanti-gz-30b/;0
/yamaha-tt-s303-black/;/yamaha-tt-s303-black/;0
/r-h6100tsw/;/arvox-r-h6100t-sw-stadionovy-reproduktor/;0
/tg-98stx/;/jts-tg-98stx-stacionarny-vysielac/;0
/univerzalni-dalkovy-ovladac-superior-lg-bluetooth-voice-control/;/univerzalni-dalkovy-ovladac-superior-lg---bluetooth-voice-control/;0
/univerzalni-dalkovy-ovladac-superior-samsung-bluetooth-voice-control/;/univerzalni-dalkovy-ovladac-superior-samsung---bluetooth-voice-control/;0
/wattmetr-a-meric-spotreby-elektricke-energie-na-din-listu-d52-2066-40-300vac-100a/;/wattmetr-a-meric-spotreby-elektricke-energie-na-din-listu-d52-2066-40-300vac-100a/;0
/solight-1z-usb-a-c-20w-pd-vstavana-zasuvka-s-posuvnym-vieckom-2m-matna-biela/;/solight-1z-usb-a-c-20w-pd-vstavana-zasuvka-s-posuvnym-vieckom--2m--matna-biela/;0
/solight-3z-usb-a-c-20w-pd-vysuvny-blok-zasuviek-2m-nerez-ocel/;/solight-3z-usb-a-c-20w-pd-vysuvny-blok-zasuviek--2m--nerez-ocel/;0
/beko-bbim12400xmps/;/beko-bbim12400xmps/;0
/beko-b5rcna405hg/;/beko-b5rcna405hg/;0
/beko-rdsa240k40sn/;/beko-rdsa240k40sn/;0
/kabel-hdmi-3m-v2-0-cabletech-4k-uhd/;/kabel-hdmi-3m-v2-0-cabletech-4k-uhd/;0
/amica-dp-6413-lzbg/;/amica-dp-6413-lzbg/;0
/amica-vm-1442-r/;/amica-vm-1442-r/;0
/amica-sis-512-tcx/;/amica-sis-512-tcx/;0
/amica-mv-447-adw/;/amica-mv-447-adw/;0
/amica-vc-1622-m/;/amica-vc-1622-m/;0
/amica-mia-655-ag/;/amica-mia-655-ag/;0
/amica-mi-446-tbim/;/amica-mi-446-tbim/;0
/amica-510ce1-30p-w/;/amica-510ce1-30p-w/;0
/amica-ds-6423-b/;/amica-ds-6423-b/;0
/amica-mv-647-aw/;/amica-mv-647-aw/;0
/solight-zasuvka-ip66-s-vypinacom-vodotesna-a-prachotesna/;/solight-zasuvka-ip66-s-vypinacom--vodotesna-a-prachotesna/;0
/solight-zasuvka-ip66-vodotesna-a-prachotesna/;/solight-zasuvka-ip66--vodotesna-a-prachotesna/;0
/solight-3z-usb-a-c-predlzovaci-privod-kocka-2m-3-x-1mm2-biely-vypinac/;/solight-3z-usb-a-c-predlzovaci-privod-kocka--2m--3-x-1mm2--biely--vypinac/;0
/solight-led-napajaci-zdroj-230v-24v-8-33a-200w-ip20/;/solight-led-napajaci-zdroj--230v-24v--8-33a--200w--ip20/;0
/solight-led-napajaci-zdroj-230v-24v-4-17a-100w-ip20/;/solight-led-napajaci-zdroj--230v-24v--4-17a--100w--ip20/;0
/solight-led-napajaci-zdroj-230v-24v-2-5a-60w-ip20/;/solight-led-napajaci-zdroj--230v-24v--2-5a--60w--ip20/;0
/solight-led-rgb-osvetlenie-gaming-dialkovy-ovladac-zvukovy-senzor-usb/;/solight-led-rgb-osvetlenie-gaming--dialkovy-ovladac--zvukovy-senzor--usb/;0
/solight-led-nabijacia-rgb-lucerna-li-ion-usb-c/;/solight-led-nabijacia-rgb-lucerna--li-ion--usb-c/;0
/solight-led-nabijaci-rgb-svetlo-dialkovy-ovladac-li-ion-usb-c/;/solight-led-nabijaci-rgb-svetlo--dialkovy-ovladac--li-ion--usb-c/;0
/solight-led-ziarivka-linearna-t8-22w-3080lm-4000k-150cm-sklo/;/solight-led-ziarivka-linearna-t8--22w--3080lm--4000k--150cm--sklo/;0
/solight-led-ziarivka-linearna-t8-9w-1260lm-4000k-60cm-sklo/;/solight-led-ziarivka-linearna-t8--9w--1260lm--4000k--60cm--sklo/;0
/solight-led-napajaci-zdroj-230v-24v-2-5a-60w-ip65/;/solight-led-napajaci-zdroj--230v-24v--2-5a--60w--ip65/;0
/solight-led-napajaci-zdroj-230v-24v-1a-24w-ip65/;/solight-led-napajaci-zdroj--230v-24v--1a--24w--ip65/;0
/mrh-202/;/monacor-mrh-202-pa-mid-high-range-horn/;0
/redukce-baterie-terminal-s-vnejsim-zavitem-m6-1-par-2/;/redukce-baterie--terminal-s-vnejsim-zavitem-m6--1-par-2/;0
/kabel-kruger-matz-km1249-usb-c-hdmi/;/kabel-kruger-matz-km1249-usb-c-hdmi/;0
/gorenje-sih1800blt/;/gorenje-sih1800blt/;0
/solight-vstavana-zasuvka-usb-a-c-wireless-10w-otocne-viecko-kabel-2m-cierna/;/solight-vstavana-zasuvka-usb-a-c-wireless-10w--otocne-viecko--kabel-2m--cierna/;0
/solight-nastenna-lampicka-cele-1x-gu10-cierna/;/solight-nastenna-lampicka-cele--1x-gu10--cierna/;0
/solight-nastenna-lampicka-cele-1x-gu10-biela/;/solight-nastenna-lampicka-cele--1x-gu10--biela/;0
/solight-vstavana-podlahova-dvojzasuvka-ip55-matna-cierna-obdlznikove-viecko/;/solight-vstavana-podlahova-dvojzasuvka--ip55--matna-cierna--obdlznikove-viecko/;0
/teplomer-digitalni-s-vlhkomerem-garni-151th/;/teplomer-digitalni-s-vlhkomerem-garni-151th/;0
/meteorologicka-stanice-s-24hod-7denni-predpovedi-garni-2060-arcus-s-wi-fi/;/meteorologicka-stanice-s-24hod--7denni-predpovedi-garni-2060-arcus-s-wi-fi/;0
/meteorologicka-stanice-garni-3015-arcus-2gen-s-wi-fi/;/meteorologicka-stanice-garni-3015-arcus-2gen-s-wi-fi/;0
/meteorologicka-stanice-garni-2055-arcus-2gen-s-wi-fi/;/meteorologicka-stanice-garni-2055-arcus-2gen-s-wi-fi/;0
/radiacni-stit-garni-rs1/;/radiacni-stit-garni-rs1/;0
/bezdratove-cidlo-pro-mereni-ovlhceni-listu-garni-098w/;/bezdratove-cidlo-pro-mereni-ovlhceni-listu-garni-098w/;0
/bezdratove-cidlo-pro-mereni-vlhkosti-pudy-garni-096s/;/bezdratove-cidlo-pro-mereni-vlhkosti-pudy-garni-096s/;0
/bezdratove-digitalni-bazenove-cidlo-garni-065p/;/bezdratove-digitalni-bazenove-cidlo-garni-065p/;0
/tesla-sound-bs70-bezdratovy-bluetooth-reproduktor-vodeodolny-cerna-barva/;/tesla-sound-bs70-bezdratovy-bluetooth-reproduktor-vodeodolny--cerna-barva-/;0
/wi-fi-meteorologicka-stanice-garni-980-arcus/;/wi-fi-meteorologicka-stanice-garni-980-arcus/;0
/meteorologicka-stanice-s-24hod-10denni-predpovedi-garni-2040-arcus-2gen/;/meteorologicka-stanice-s-24hod--10denni-predpovedi-garni-2040-arcus-2gen/;0
/pa-4125dx-dt/;/monacor-pa-4125dx-dt-4-zonovy-multifunkcny-zosilnovac-s-podporou-dante-sup---sup-4-x-125-w--2-x-250-w/;0
/gls-301-gr/;/monacor-gls-301-gr-zahradny-reproduktor-pa-odolny-voci-poveternostnym-vplyvom--rock-/;0
/meteorologicka-stanice-garni-580-line/;/meteorologicka-stanice-garni-580-line/;0
/hrot-lut0050-2-k-pajce-kemot-lut0024/;/hrot-lut0050-2-k-pajce-kemot-lut0024/;0
/solight-led-nastenna-lampicka-stmievatelna-4w-280lm-3000k-cierna/;/solight-led-nastenna-lampicka--stmievatelna--4w--280lm--3000k--cierna/;0
/breville-vdf133x-01/;/breville-vdf133x-01/;0
/breville-vdf131x-01/;/breville-vdf131x-01/;0
/breville-vdf130x-01/;/breville-vdf130x-01/;0
/candy-ca6-np5b3htx/;/candy-ca6-np5b3htx/;0
/black-decker-bxap60e/;/black-decker-bxap60e/;0
/bellissima-11737-my-pro-kartac-na-vlasy/;/bellissima-11737-my-pro-kartac-na-vlasy/;0
/bellissima-11874-creativity-zehlicka/;/bellissima-11874-creativity-zehlicka/;0
/bellissima-11886-ceramic-air-kulmofen/;/bellissima-11886-ceramic-air-kulmofen/;0
/bellissima-11738-my-pro-kulma-na-vlasy/;/bellissima-11738-my-pro-kulma-na-vlasy/;0
/bellissima-11855-sublime-curls-kulma/;/bellissima-11855-sublime-curls-kulma/;0
/bellissima-11872-b-travel-cestovni-fen/;/bellissima-11872-b-travel-cestovni-fen/;0
/solac-ct8627/;/solac-ct8627/;0
/samsung-rb34c600esa-ef/;/samsung-rb34c600esa-ef/;0
/samsung-rb38c600cs9-ef/;/samsung-rb38c600cs9-ef/;0
/rowenta-cv9240f0/;/rowenta-cv9240f0/;0
/rowenta-rr9197wh/;/rowenta-rr9197wh/;0
/beko-vrt74225vi/;/beko-vrt74225vi/;0
/remington-pg2100/;/remington-pg2100/;0
/niceboy-ion-thermokettle-tk5-polar-white/;/niceboy-ion-thermokettle-tk5-polar-white/;0
/niceboy-ion-thermokettle-tk5-onyx-black/;/niceboy-ion-thermokettle-tk5-onyx-black/;0
/niceboy-ion-smartkettle-onyx-black/;/niceboy-ion-smartkettle-onyx-black/;0
/niceboy-ion-kettle-k3-onyx-black/;/niceboy-ion-kettle-k3-onyx-black/;0
/niceboy-ion-kettle-k1-crystal-glass-w/;/niceboy-ion-kettle-k1-crystal-glass-w/;0
/lg-gsxe90evad/;/lg-gsxe90evad/;0
/guzzanti-gz-90a1/;/guzzanti-gz-90a1/;0
/salente-icequeen-bk/;/salente-icequeen-cerna/;0
/salente-smartdust/;/salente-smartdust/;0
/salente-quickdry/;/salente-quickdry/;0
/salente-friteoiicz/;/salente-friteoiicz/;0
/salente-chefmax/;/salente-chefmax/;0
/beko-vrt76325vw/;/beko-vrt76325vw/;0
/beko-vrt86325vi/;/beko-vrt86325vi/;0
/guzzanti-gz-102a/;/guzzanti-gz-102a/;0
/braun-silk-expert-pro-pl3132-ipl/;/braun-silk-expert-pro-pl3132-ipl/;0
/braun-silk-epil-7-7-000/;/braun-silk-epil-7-7-000/;0
/braun-silk-epil-7-7-060/;/braun-silk-epil-7-7-060/;0
/russell-hobbs-26810-56-rh/;/russell-hobbs-26810-56-rh/;0
/russell-hobbs-25400-56-rh/;/russell-hobbs-25400-56-rh/;0
/truelife-relaxback-b6-charge/;/truelife-relaxback-b6-charge/;0
/lauben-glass-steamair-r-fryer-4500bg/;/lauben-glass-steamair-fryer-4500bg/;0
/guzzanti-gz-636b/;/guzzanti-gz-636b/;0
/guzzanti-gz-506a/;/guzzanti-gz-506a/;0
/guzzanti-gz-25a/;/guzzanti-gz-25a/;0
/krups-ea811010/;/krups-ea811010/;0
/rowenta-rh6a75wo/;/rowenta-rh6a75wo/;0
/rowenta-rh9a73wo/;/rowenta-rh9a73wo/;0
/candy-ci-3c6f0a/;/candy-ci-3c6f0a/;0
/gorenje-gi6432bsce/;/gorenje-gi6432bsce/;0
/gorenje-gi6401bx/;/gorenje-gi6401bx/;0
/lauben-low-sugar-rice-cooker-1500at/;/lauben-low-sugar-rice-cooker-1500at/;0
/guzzanti-gz-8502a/;/guzzanti-gz-8502a/;0
/niceboy-ion-airsonic-star/;/niceboy-ion-airsonic-star/;0
/niceboy-ion-hurricane-f5/;/niceboy-ion-hurricane-f5/;0
/niceboy-ion-charles-q10/;/niceboy-ion-charles-q10/;0
/beko-vrr84314vb/;/beko-vrr84314vb/;0
/domo-do9260g/;/domo-do9260g/;0
/guzzanti-gz-05a1/;/guzzanti-gz-05a1/;0
/whirlpool-wip-4t233-pfeg-b/;/whirlpool-wip-4t233-pfeg-b/;0
/tesla-slowcook-s500-pomaly-hrnec/;/tesla-slowcook-s500-pomaly-hrnec/;0
/tesla-slowcook-s350-pomaly-hrnec/;/tesla-slowcook-s350-pomaly-hrnec/;0
/guzzanti-gz-35a/;/guzzanti-gz-35a/;0
/candy-ci642cbb-1/;/candy-ci642cbb-1/;0
/tefal-gc772830/;/tefal-gc772830/;0
/tefal-sv4111e0/;/tefal-sv4111e0/;0
/tesla-aircook-grill-qg600/;/tesla-aircook-grill-qg600/;0
/scanpart-cistici-tablety-90ks/;/scanpart-cistici-tablety-90ks/;0
/nescafe-dg-grande-new-york-kapsle-18-ks/;/nescafe-dg-grande-new-york-kapsle-18-ks/;0
/samsung-rb38c7b6d41-ef/;/samsung-rb38c7b6d41-ef/;0
/samsung-rb38c7b6as9-ef/;/samsung-rb38c7b6as9-ef/;0
/samsung-rb34c600dsa-ef/;/samsung-rb34c600dsa-ef/;0
/tesla-multicook-mc600-pro/;/tesla-multicook-mc600-pro/;0
/guzzanti-gz-90b1/;/guzzanti-gz-90b1/;0
/guzzanti-gz-48a/;/guzzanti-gz-48a/;0
/starbucks-white-mocha-12-ks/;/starbucks-white-mocha-12-ks/;0
/tesla-easycook-ae300/;/tesla-easycook-ae300/;0
/smeg-dcf02bleu/;/smeg-dcf02bleu/;0
/candy-ctp6sc4-e14u/;/candy-ctp6sc4-e14u/;0
/crockpot-csc052x/;/crockpot-csc052x/;0
/lauben-slow-cooker-3500sb/;/lauben-slow-cooker-3500sb/;0
/rowenta-zr793000/;/rowenta-zr793000/;0
/ufesa-dc-essential-sc8310/;/ufesa-dc-essential-sc8310/;0
/ufesa-haku/;/ufesa-haku/;0
/ufesa-plus-neo-tt7465/;/ufesa-plus-neo-tt7465/;0
/ufesa-daily-pv1100c/;/ufesa-daily-pv1100c/;0
/ufesa-glidepro-pv2600/;/ufesa-glidepro-pv2600/;0
/ardes-bbq-01-gril/;/ardes-bbq-01-gril/;0
/crockpot-scv400rd/;/crockpot-scv400rd/;0
/ezidri-sada-sit-pro-snackmaker-fd500/;/ezidri-sada-sit-pro-snackmaker-fd500/;0
/ezidri-sito-pro-fd1000-ultra/;/ezidri-sito-pro-fd1000-ultra/;0
/ezidri-sitka-pro-fd1000-ultra/;/ezidri-sitka-pro-fd1000-ultra/;0
/breville-vst071x/;/breville-vst071x/;0
/remington-hc3000gp/;/remington-hc3000gp/;0
/russell-hobbs-26470-56/;/russell-hobbs-26470-56/;0
/lauben-electric-kettle-17bc/;/lauben-electric-kettle-17bc/;0
/russell-hobbs-27011-56/;/russell-hobbs-27011-56/;0
/russell-hobbs-21274-70/;/russell-hobbs-21274-70/;0
/remington-s9300/;/remington-s9300/;0
/gaggia-magenta-prestige/;/gaggia-magenta-prestige/;0
/tesla-multicook-m80-deluxe/;/tesla-multicook-m80-deluxe/;0
/niceboy-ion-charles-i4-white/;/niceboy-ion-charles-i4-white/;0
/tefal-vc204810/;/tefal-vc204810/;0
/tefal-ey111b15/;/tefal-ey111b15/;0
/rowenta-sf1810f0/;/rowenta-sf1810f0/;0
/beper-bep-p101cud100/;/beper-bep-p101cud100/;0
/beper-bep-c301abe001/;/beper-bep-c301abe001/;0
/beper-bep-40490/;/beper-bep-40490/;0
/beper-bep-bt110/;/beper-bep-bt110/;0
/guzzanti-gz-44s/;/guzzanti-gz-44s/;0
/bravo-sky-b-4610-zlaty/;/bravo-sky-b-4610-zlaty/;0
/bravo-ginno-b-4463-cerny/;/bravo-ginno-b-4463-cerny/;0
/lavazza-qualita-rossa-500-g/;/lavazza-qualita-rossa-500-g/;0
/lavazza-qualita-oro-500-g/;/lavazza-qualita-oro-500-g/;0
/amica-di6421b/;/amica-di6421b/;0
/guzzanti-gz-636/;/guzzanti-gz-636/;0
/rowenta-zr005202/;/rowenta-zr005202/;0
/rowenta-zr009008/;/rowenta-zr009008/;0
/starbucks-caffe-latte-12cap/;/starbucks-caffe-latte-12cap/;0
/guzzanti-gz-44w/;/guzzanti-gz-44w/;0
/domo-do9225g/;/domo-do9225g/;0
/domo-do8311tp/;/domo-do8311tp/;0
/amica-ssa-6110-ocw/;/amica-ssa-6110-ocw/;0
/amica-di-6412-cb/;/amica-di-6412-cb/;0
/banquet-mlynek-na-kavu-culinaria-viii/;/banquet-mlynek-na-kavu-culinaria-viii/;0
/bravo-b-4227-kulmofen-stribrna-cerny/;/bravo-b-4227-kulmofen-stribrna-cerny/;0
/candy-cdih-2d949/;/candy-cdih-2d949/;0
/bravo-bella-b-4430-bilozelena/;/bravo-bella-b-4430-bilozelena/;0
/bravo-nora-b-4781-bilo-zelena/;/bravo-nora-b-4781-bilo-zelena/;0
/bravo-lea-b-4574-cervena/;/bravo-lea-b-4574-cervena/;0
/bravo-isabel-b-4426-antracit/;/bravo-isabel-b-4426-antracit/;0
/bravo-isabel-b-4426-bila/;/bravo-isabel-b-4426-bila/;0
/bravo-isabel-b-4426-nerez/;/bravo-isabel-b-4426-nerez/;0
/bravo-adria-b-4780-bila/;/bravo-adria-b-4780-bila/;0
/bravo-rony-b-4777-cervena/;/bravo-rony-b-4777-cervena/;0
/bravo-ellis-b-4364-seda/;/bravo-ellis-b-4364-seda/;0
/tesla-t500/;/tesla-t500/;0
/rowenta-zr740001/;/rowenta-zr740001/;0
/rowenta-zr177003/;/rowenta-zr177003/;0
/rowenta-zr720003/;/rowenta-zr720003/;0
/maxxo-stojanek-na-kapsle-nespresso-40ks/;/maxxo-stojanek-na-kapsle-nespresso-40ks/;0
/leifheit-rotaro-powervac-2v1-20v/;/leifheit-rotaro-powervac-2v1-20v/;0
/l-or-ristretto-20ks/;/l-or-ristretto-20ks/;0
/l-or-profondo-20ks/;/l-or-profondo-20ks/;0
/l-or-lungo-elegante-10ks-kapsle/;/l-or-lungo-elegante-10ks-kapsle/;0
/l-or-india-10ks-kapsle/;/l-or-india-10ks-kapsle/;0
/l-or-colombia-10ks-kapsle/;/l-or-colombia-10ks-kapsle/;0
/l-or-espresso-onyx-500g/;/l-or-espresso-onyx-500g/;0
/lavazza-crema-e-gusto-250-g/;/lavazza-crema-e-gusto-250-g/;0
/nescafe-dolce-gusto-cappuccino-30-cap/;/nescafe-dolce-gusto-cappuccino-30-cap/;0
/guzzanti-gz-28s/;/guzzanti-gz-28s/;0
/krups-xs900031/;/krups-xs900031/;0
/bravo-b-4262/;/bravo-b-4262/;0
/russell-hobbs-24992-70/;/russell-hobbs-24992-70/;0
/remington-ci5519/;/remington-ci5519/;0
/domo-do-264-ap/;/domo-do-264-ap/;0
/beper-bt603-y-vaflovac-1000w/;/beper-bt603-y-vaflovac-1000w/;0
/rowenta-zr730200/;/rowenta-zr730200/;0
/rowenta-zr710101/;/rowenta-zr710101/;0
/rowenta-zr710001/;/rowenta-zr710001/;0
/guzzanti-gsl-60is1/;/guzzanti-gsl-60is1/;0
/maxxo-sous-vide-sv06/;/maxxo-sous-vide-sv06/;0
/steba-vyrobnik-muffinu-cm-3/;/steba-vyrobnik-muffinu-cm-3/;0
/graef-sks-10003/;/graef-sks-10003/;0
/steba-gril-bbq-vg-200/;/steba-gril-bbq-vg-200/;0
/domo-do9149w/;/domo-do9149w/;0
/leifheit-regulus-powervac-2in1-11925/;/leifheit--regulus-powervac-2in1-11925/;0
/guzzanti-gz-8202/;/guzzanti-gz-8202/;0
/russell-hobbs-24360-70-inspire-kettle/;/russell-hobbs-24360-70-inspire-kettle/;0
/rowenta-zr005201/;/rowenta-zr005201/;0
/menalux-f152/;/menalux-f152/;0
/l-or-profondo/;/l-or-profondo/;0
/l-or-forza/;/l-or-forza/;0
/domo-do7276s-set2/;/domo-do7276s-set2/;0
/guzzanti-gz-24a/;/guzzanti-gz-24a/;0
/menalux-zf123b/;/menalux-zf123b/;0
/beper-bep-bt600-y/;/beper-bep-bt600-y/;0
/beper-bep-90349/;/beper-bep-90349/;0
/rowenta-rh-6543-wh/;/rowenta-rh-6543-wh/;0
/rowenta-rh-6545-wh/;/rowenta-rh-6545-wh/;0
/tefal-xa-800512/;/tefal-xa-800512/;0
/rowenta-zr005901/;/rowenta-zr005901/;0
/domo-do8708w/;/domo-do8708w/;0
/domo-do9038g/;/domo-do9038g/;0
/domo-do9135g/;/domo-do9135g/;0
/domo-do9046c/;/domo-do9046c/;0
/solight-1z-usb-a-c-20w-pd-vstavana-zasuvka-s-posuvnym-vieckom-2m-matna-cierna/;/solight-1z-usb-a-c-20w-pd-vstavana-zasuvka-s-posuvnym-vieckom--2m--matna-cierna/;0
/solight-led-osvetlenie-s-dialkovym-ovladacom-floco-30w-6w-rgb-2100lm-40cm-zmena-chromatickosti-stmievatelna/;/solight-led-osvetlenie-s-dialkovym-ovladacom-floco--30w-6w-rgb--2100lm--40cm--zmena-chromatickosti--stmievatelna/;0
/solight-led-osvetlenie-s-dialkovym-ovladanim-penley-48w-3360lm-47cm-zmena-chromatickosti-stmievatelna/;/solight-led-osvetlenie-s-dialkovym-ovladanim-penley--48w--3360lm--47cm--zmena-chromatickosti--stmievatelna/;0
/solight-led-osvetlenie-s-dialkovym-ovladacom-estela-white-36w-2700lm-30cm-zmena-chromatickosti-stmievatelna/;/solight-led-osvetlenie-s-dialkovym-ovladacom-estela-white--36w--2700lm--30cm--zmena-chromatickosti--stmievatelna/;0
/solight-led-osvetlenie-s-dialkovym-ovladacom-estela-black-36w-2700lm-30cm-zmena-chromatickosti-stmievatelna/;/solight-led-osvetlenie-s-dialkovym-ovladacom-estela-black--36w--2700lm--30cm--zmena-chromatickosti--stmievatelna/;0
/solight-1z-usb-a-c-20w-pd-vstavana-zasuvka-s-posuvnym-vieckom-2m-strieborna/;/solight-1z-usb-a-c-20w-pd-vstavana-zasuvka-s-posuvnym-vieckom--2m--strieborna/;0
/solight-led-stolna-nabijacia-lampicka-2w-210lm-3cct-biela-clip/;/solight-led-stolna-nabijacia-lampicka--2w--210lm--3cct--biela--clip/;0
/solight-led-stolna-nabijacia-lampicka-2w-210lm-3cct-cierna-clip/;/solight-led-stolna-nabijacia-lampicka--2w--210lm--3cct--cierna--clip/;0
/solight-led-stolna-lampicka-4-5w-300lm-3cct-biela-podstavec/;/solight-led-stolna-lampicka--4-5w--300lm--3cct--biela--podstavec/;0
/solight-led-stolna-lampicka-4-5w-300lm-3cct-cierna-podstavec/;/solight-led-stolna-lampicka--4-5w--300lm--3cct--cierna--podstavec/;0
/odsavacka-koure-toolcraft-fe-300/;/odsavacka-koure-toolcraft-fe-300/;0
/solight-prepojovaci-konektor-flexibilny-pre-wifi-smart-led-pasy-15cm/;/solight-prepojovaci-konektor-flexibilny-pre-wifi-smart-led-pasy--15cm/;0
/solight-cestovny-adapter-s-usb-do-spojenych-statov-typ-b/;/solight-cestovny-adapter-s-usb-do-spojenych-statov--typ-b/;0
/solight-domaca-kamera-s-nocnym-svetlom-a-hodinami/;/solight-domaca-kamera-s-nocnym-svetlom-a-hodinami/;0
/zelmer-zvc251/;/zelmer-zvc251/;0
/zelmer-masomlynek-zmm5801p/;/zelmer-masomlynek-zmm5801p/;0
/zelmer-zir1505/;/zelmer-zir1505/;0
/zelmer-zck7650/;/zelmer-zck7650/;0
/zelmer-zvc9140d/;/zelmer-zvc9140d/;0
/zelmer-zfs0919/;/zelmer-zfs0919/;0
/zelmer-kuchynsky-robot-zkr2010/;/zelmer-kuchynsky-robot-zkr2010/;0
/zelmer-zfs1017/;/zelmer-zfs1017/;0
/zelmer-zjp3900/;/zelmer-zjp3900/;0
/zelmer-zpr2600/;/zelmer-zpr2600/;0
/zelmer-krajec-zfs1016/;/zelmer-krajec-zfs1016/;0
/zelmer-zfd1010/;/zelmer-zfd1010/;0
/zelmer-zmm3512b/;/zelmer-zmm3512b/;0
/solight-led-nabijacia-lampicka-3v1-280lm-zmena-cct-stmievanie-cierna/;/solight-led-nabijacia-lampicka-3v1--280lm--zmena-cct--stmievanie--cierna/;0
/solight-led-nabijacia-lampicka-3v1-280lm-zmena-cct-stmievanie-biela/;/solight-led-nabijacia-lampicka-3v1--280lm--zmena-cct--stmievanie--biela/;0
/wp-1-wh/;/monacor-wp-1-wh-nastenny-ovladaci-modul-pre-pa-4125dx/;0
/solight-bezdrotovy-zvoncek-a-nocne-svetielko-do-zasuvky-150m-cierny-learning-code/;/solight-bezdrotovy-zvoncek-a-nocne-svetielko--do-zasuvky--150m--cierny--learning-code/;0
/solight-bezdrotovy-zvoncek-a-nocne-svetielko-do-zasuvky-150m-biely-learning-code/;/solight-bezdrotovy-zvoncek-a-nocne-svetielko--do-zasuvky--150m--biely--learning-code/;0
/solight-bezdrotovy-zvoncek-do-zasuvky-200m-biely-learning-code-5/;/solight-bezdrotovy-zvoncek--do-zasuvky--200m--biely--learning-code-3/;0
/solight-led-vianocna-retaz-rolnicky-10x-led-zlata-1-5m-2x-aa/;/solight-led-vianocna-retaz-rolnicky--10x-led--zlata--1-5m--2x-aa/;0
/solight-led-osvetleni-s-dalkovy-ovladacem-jamil-48w-3360lm-40cm-zmena-chromaticnosti-stmivatelne/;/solight-led-osvetleni-s-dalkovy-ovladacem-jamil--48w--3360lm--40cm--zmena-chromaticnosti--stmivatelne/;0
/solight-led-ziarovka-klasicky-tvar-7w-e27-4000k-270-810lm/;/solight-led-ziarovka--klasicky-tvar--7w--e27--4000k--270--810lm/;0
/solight-led-vianocna-retaz-hviezdy-10x-led-drevo-1-5m-2x-aa/;/solight-led-vianocna-retaz-hviezdy--10x-led--drevo--1-5m--2x-aa/;0
/nabijecka-akumulatoru-konnwei-rc-10-pro-pb-agm-gel-lifepo4-baterie/;/nabijecka-akumulatoru-konnwei-rc-10-pro-pb--agm--gel--lifepo4-baterie/;0
/solight-bezdrotovy-zvoncek-2-tlacidla-do-zasuvky-180m-biely-learning-code/;/solight-bezdrotovy-zvoncek--2-tlacidla--do-zasuvky--180m--biely--learning-code/;0
/solight-2x-bezdrotovy-zvoncek-do-zasuvky-180m-biely-learning-code/;/solight-2x-bezdrotovy-zvoncek--do-zasuvky--180m--biely--learning-code/;0
/solight-led-zahradne-osvetlenie-snehove-vlocky-5ks-15x-led-zapichovacie-3xaa/;/solight-led-zahradne-osvetlenie--snehove-vlocky--5ks--15x-led--zapichovacie--3xaa/;0
/solight-led-dreveny-vianocny-stromek-s-dekoraciami-13x-led-prirodne-drevo-53cm-2x-aa/;/solight-led-dreveny-vianocny-stromek-s-dekoraciami--13x-led--prirodne-drevo--53cm--2x-aa/;0
/solight-sada-led-sviecok-z-prirodneho-vosku-3ks-aaa/;/solight-sada-led-sviecok-z-prirodneho-vosku--3ks--aaa/;0
/solight-led-dreveny-vianocny-stromek-s-dekoraciami-23x-led-prirodna-farba-64cm-2x-aa/;/solight-led-dreveny-vianocny-stromek-s-dekoraciami--23x-led--prirodna-farba--64cm--2x-aa/;0
/solight-led-kovovy-svietnik-5x-led-cierny-40cm/;/solight-led-kovovy-svietnik--5x-led--cierny--40cm/;0
/solight-led-vianocny-kolotoc-otacajuci-sa-7x-led-30cm-2x-aa/;/solight-led-vianocny-kolotoc--otacajuci-sa--7x-led--30cm--2x-aa/;0
/solight-led-vianocna-kometa-10x-led-drevena-30cm/;/solight-led-vianocna-kometa--10x-led--drevena--30cm/;0
/solight-led-dreveny-betlehem-podsvieteny-26x17cm-6x-led-2x-aa/;/solight-led-dreveny-betlehem-podsvieteny--26x17cm--6x-led--2x-aa/;0
/solight-vianocny-dreveny-betlehem-podsvieteny-5x-led-prirodne-drevo-25cm-2x-aa/;/solight-vianocny-dreveny-betlehem-podsvieteny--5x-led--prirodne-drevo--25cm--2x-aa/;0
/solight-led-vianocna-retaz-farebne-gule-40x-led-4m-2x-aa/;/solight-led-vianocna-retaz-farebne-gule--40x-led--4m--2x-aa/;0
/solight-led-osvetleni-s-dalkovy-ovladacem-cala-48w-3360lm-38cm-zmena-chromaticnosti-stmivatelne/;/solight-led-osvetleni-s-dalkovy-ovladacem-cala--48w--3360lm--38cm--zmena-chromaticnosti--stmivatelne/;0
/solight-led-vianocna-retaz-farebne-gule-20x-led-2m-2x-aa/;/solight-led-vianocna-retaz-farebne-gule--20x-led--2m--2x-aa/;0
/solight-led-osvetleni-s-dalkovy-ovladacem-laskos-48w-3360lm-39cm-zmena-chromaticnosti-stmivatelne/;/solight-led-osvetleni-s-dalkovy-ovladacem-laskos--48w--3360lm--39cm--zmena-chromaticnosti--stmivatelne/;0
/solight-led-vianocna-retaz-3m-20xled-3x-aa-teple-biele-svetlo-zeleny-kabel/;/solight-led-vianocna-retaz--3m--20xled--3x-aa--teple-biele-svetlo--zeleny-kabel/;0
/ufesa-kavovar-3v1-bellagio-bily/;/ufesa-kavovar-3v1-bellagio-bily/;0
/tesla-slowjuicer-sj770-xxl-deluxe/;/tesla-slowjuicer-sj770-xxl-deluxe/;0
/solight-1z-usb-c-20w-pd-vstavana-zasuvka-2m-strieborna/;/solight-1z-usb-c-20w-pd-vstavana-zasuvka--2m--strieborna/;0
/adapter-kruger-matz-km1245-usb-c-3-5-jack-stereo/;/adapter-kruger-matz-km1245-usb-c-3-5-jack-stereo/;0
/ufesa-bellagio-cerveny-multikapslovy/;/ufesa-bellagio-cerveny-multikapslovy/;0
/wm-4125dx/;/monacor-wm-4125dx-wall-mounting-bracket-for-pa-4125dx-and-pa-4125dx-dt/;0
/rm-4125dx/;/monacor-rm-4125dx-482-mm--19-mounting-bracket-kit-for-pa-4125dx-and-pa-4125dx-dt/;0
/solight-cestovny-adapter-do-ciny-a-australie-typ-i/;/solight-cestovny-adapter-do-ciny-a-australie--typ-i/;0
/solight-cestovny-adapter-do-svajciarska-typ-j/;/solight-cestovny-adapter-do-svajciarska--typ-j/;0
/solight-cestovny-adapter-pre-jar-afriku-a-stredny-vychod-typ-m/;/solight-cestovny-adapter-pre-jar--afriku-a-stredny-vychod--typ-m/;0
/solight-predlzovaci-privod-na-bubne-4-zasuvky-25m-kabel-guma-neopren-3x-2-5mm2-ip44/;/solight-predlzovaci-privod-na-bubne--4-zasuvky--25m-kabel-guma-neopren--3x-2-5mm2--ip44/;0
/crockpot-csc062x/;/crockpot-csc062x/;0
/solight-3z-usb-a-c-20w-pd-wireless-10w-vysuvny-blok-zasuviek-2m-cierny/;/solight-3z-usb-a-c-20w-pd--wireless-10w--vysuvny-blok-zasuviek--2m-cierny/;0
/solight-3z-usb-a-c-20w-pd-wireless-10w-vysuvny-blok-zasuviek-2m-strieborny/;/solight-3z-usb-a-c-20w-pd--wireless-10w--vysuvny-blok-zasuviek--2m-strieborny/;0
/solight-detektor-dymu-a-oxidu-uholnateho-lcd-displej-2x-aa-baterie/;/solight-detektor-dymu-a-oxidu-uholnateho--lcd-displej--2x-aa-baterie/;0
/solight-detektor-oxidu-uholnateho-a-horlavych-plynov/;/solight-detektor-oxidu-uholnateho-a-horlavych-plynov/;0
/solight-3z-usb-a-c-prenosne-stolne-zasuvky-2m-cierna-usb-rychlonabijacka-20w-pd/;/solight-3z-usb-a-c-prenosne-stolne-zasuvky--2m--cierna--usb-rychlonabijacka-20w-pd/;0
/solight-3z-usb-a-c-prenosne-stolne-zasuvky-2m-biela-usb-rychlonabijacka-20w-pd/;/solight-3z-usb-a-c-prenosne-stolne-zasuvky--2m--biela--usb-rychlonabijacka-20w-pd/;0
/solight-napajeci-kabel-pro-linearni-osvetleni-delka-1-5m/;/solight-napajeci-kabel-pro-linearni-osvetleni--delka-1-5m/;0
/solight-napajaci-kabel-pre-linearne-osvetlenie-dlzka-0-3m/;/solight-napajaci-kabel-pre-linearne-osvetlenie--dlzka-0-3m/;0
/solight-prislusenstvo-pre-zapustenu-montaz-linearneho-osvetlenia/;/solight-prislusenstvo-pre-zapustenu-montaz-linearneho-osvetlenia/;0
/solight-zavesne-prislusenstvo-pre-linearne-osvetlenie-dlzka-150cm/;/solight-zavesne-prislusenstvo-pre-linearne-osvetlenie--dlzka-150cm/;0
/solight-led-linearne-osvetlenie-prepojitelne-50w-4750lm-4000k-120cm/;/solight-led-linearne-osvetlenie-prepojitelne--50w--4750lm--3cct--120cm/;0
/solight-led-linearne-osvetlenie-prepojitelne-36w-3420lm-4000k-90cm/;/solight-led-linearne-osvetlenie-prepojitelne--36w--3420lm--4000k--90cm/;0
/solight-led-linearne-osvetlenie-prepojitelne-24w-2280lm-4000k-60cm/;/solight-led-linearne-osvetlenie-prepojitelne--24w--2280lm--4000k--60cm/;0
/solight-led-osvetlenie-s-dialkovym-ovladacom-solid-oak-60w-4200lm-51cm-zmena-chromaticnosti-stmievatelne/;/solight-led-osvetlenie-s-dialkovym-ovladacom-solid-oak--60w--4200lm--51cm--zmena-chromaticnosti--stmievatelne/;0
/solight-led-osvetlenie-s-dialkovym-ovladacom-solid-oak-48w-3360lm-39cm-zmena-chromaticnosti-stmievatelne/;/solight-led-osvetlenie-s-dialkovym-ovladacom-solid-oak--48w--3360lm--39cm--zmena-chromaticnosti--stmievatelne/;0
/solight-led-osvetlenie-s-dialkovym-ovladacom-woody-60w-4200lm-50cm-zmena-chromatickosti-stmievatelne/;/solight-led-osvetlenie-s-dialkovym-ovladacom-woody--60w--4200lm--50cm--zmena-chromatickosti--stmievatelne/;0
/solight-led-osvetlenie-s-dialkovym-ovladacom-woody-48w-3360lm-38cm-zmena-chromatickosti-stmievatelne/;/solight-led-osvetlenie-s-dialkovym-ovladacom-woody--48w--3360lm--38cm--zmena-chromatickosti--stmievatelne/;0
/solight-led-osvetlenie-s-dialkovym-ovladacom-iron-oak-60w-4200lm-51cm-zmena-chromaticnosti-stmievatelne/;/solight-led-osvetlenie-s-dialkovym-ovladacom-iron-oak--60w--4200lm--51cm--zmena-chromaticnosti--stmievatelne/;0
/solight-led-osvetlenie-s-dialkovym-ovladacom-iron-oak-48w-3360lm-40cm-zmena-chromatickosti-stmievatelne/;/solight-led-osvetlenie-s-dialkovym-ovladacom-iron-oak--48w--3360lm--40cm--zmena-chromatickosti--stmievatelne/;0
/solight-led-osvetlenie-s-dialkovym-ovladacom-brownie-60w-4200lm-50cm-zmena-chromatickosti-stmievatelne/;/solight-led-osvetlenie-s-dialkovym-ovladacom-brownie--60w--4200lm--50cm--zmena-chromatickosti--stmievatelne/;0
/solight-led-osvetlenie-s-dialkovym-ovladacom-brownie-48w-3360lm-40cm-zmena-chromaticnosti-stmievatelne/;/solight-led-osvetlenie-s-dialkovym-ovladacom-brownie--48w--3360lm--40cm--zmena-chromaticnosti--stmievatelne/;0
/solight-led-osvetlenie-s-dialkovym-ovladacom-grey-60w-4200lm-49cm-zmena-chromatickosti-stmievatelne/;/solight-led-osvetlenie-s-dialkovym-ovladacom-grey--60w--4200lm--49cm--zmena-chromatickosti--stmievatelne/;0
/solight-led-osvetlenie-s-dialkovym-ovladacom-grey-48w-3360lm-38cm-zmena-chromatickosti-stmievatelne/;/solight-led-osvetlenie-s-dialkovym-ovladacom-grey--48w--3360lm--38cm--zmena-chromatickosti--stmievatelne/;0
/solight-2z-usb-a-c-20w-pd-cestovny-predlzovaci-privod-1-5m-biely/;/solight-2z-usb-a-c-20w-pd--cestovny-predlzovaci-privod-1-5m--biely/;0
/solight-led-ziarovka-klasicky-tvar-7w-e27-3000k-270-810lm/;/solight-led-ziarovka--klasicky-tvar--7w--e27--3000k--270--810lm/;0
/sl-250ws-en/;/monacor-sl-250ws-en-weatherproof-pa-speaker-system--250-w--100-v-8---with-en-classification/;0
/sl-250sw-en/;/monacor-sl-250sw-en-weatherproof-pa-speaker-system--250-w--100-v-8---with-en-classification/;0
/sl-150ws-en/;/monacor-sl-150ws-en-pa-reproduktorovy-system-odolny-voci-poveternostnym-vplyvom--150-w--100-v-8---s-klasifikaciou-en/;0
/sl-150sw-en/;/monacor-sl-150sw-en-weatherproof-pa-speaker-system--150-w--100-v-8---with-en-classification/;0
/solight-napajaci-konektor-pre-cob-led-pasy-15cm-balenie-1ks-vrecko/;/solight-napajaci-konektor-pre-cob-led-pasy--15cm--balenie-1ks--vrecko/;0
/solight-predlzovaci-privod-6-zasuviek-2m-3-x-1mm2-biely-6-1-vypinac/;/solight-predlzovaci-privod-6-zasuviek--2m--3-x-1mm2--biely--6-1-vypinac/;0
/solight-4z-predlzovaci-privod-2m-3-x-1mm2-biely-vypinac/;/solight-4z-predlzovaci-privod--2m--3-x-1mm2--biely--vypinac/;0
/solight-vstavana-podlahova-dvojzasuvka-ip55-okruhle-viecko-3/;/solight-vstavana-podlahova-dvojzasuvka--ip55--okruhle-viecko-2/;0
/solight-vstavana-podlahova-dvojzasuvka-ip55-okruhle-viecko/;/solight-vstavana-podlahova-dvojzasuvka--ip55--okruhle-viecko/;0
/solight-predlzovaci-privod-6-zasuviek-3m-3-x-1mm2-biely-6-1-vypinac/;/solight-predlzovaci-privod-6-zasuviek--3m--3-x-1mm2--biely--6-1-vypinac/;0
/eta-213890000/;/eta-213890000/;0
/eta-207990000/;/eta-207990000/;0
/eta-4216-90000/;/eta-4216-90000/;0
/eta-732790010/;/eta-732790010/;0
/electrolux-esm48310sx/;/electrolux-esm48310sx/;0
/electrolux-eeg68600w/;/electrolux-eeg68600w/;0
/electrolux-esa47310sw/;/electrolux-esa47310sw/;0
/electrolux-ehf6547fxk/;/electrolux-ehf6547fxk/;0
/electrolux-lib60420ck/;/electrolux-lib60420ck/;0
/solight-2z-usb-a-c-17w-cestovny-predlzovaci-privod-1-5m-biely/;/solight-2z-usb-a-c-17w--cestovny-predlzovaci-privod-1-5m--biely/;0
/solight-led-kuchynske-svietidlo-t5-vypinac-4w-400lm-4100k-28cm/;/solight-led-kuchynske-svietidlo-t5--vypinac--4w--400lm--4100k--28cm/;0
/electrolux-ent6me19s/;/electrolux-ent6me19s/;0
/electrolux-kgs64362xx/;/electrolux-kgs64362xx/;0
/pa-4125dx/;/monacor-pa-4125dx-4-zonovy-multifunkcny-mixazny-zosilnovac--4-x-125-w--2-x-250-w/;0
/solight-vonkajsia-ip-kamera-s-led-svetlom/;/solight-vonkajsia-ip-kamera-s-led-svetlom/;0
/solight-bezdrotovy-mini-zvoncek-do-zasuvky-180m-cierny-learning-code/;/solight-bezdrotovy-mini-zvoncek--do-zasuvky--180m--cierny--learning-code/;0
/solight-bezdrotovy-mini-zvoncek-do-zasuvky-180m-biely-learning-code/;/solight-bezdrotovy-mini-zvoncek--do-zasuvky--180m--biely--learning-code/;0
/solight-bezdrotovy-zvoncek-do-zasuvky-180m-cierny-learning-code-2/;/solight-bezdrotovy-zvoncek--do-zasuvky--180m--cierny--learning-code-4/;0
/solight-bezdrotovy-zvoncek-do-zasuvky-180m-biely-learning-code-3/;/solight-bezdrotovy-zvoncek--do-zasuvky--180m--biely--learning-code-2/;0
/solight-bezdrotovy-zvoncek-bateriovy-180m-cerny-learning-code/;/solight-bezdrotovy-zvoncek--bateriovy--180m--cerny--learning-code/;0
/solight-bezdrotovy-zvoncek-bateriovy-180m-biely-learning-code/;/solight-bezdrotovy-zvoncek--bateriovy--180m--biely--learning-code/;0
/solight-led-stmievatelna-lampicka-s-rgb-podsvietenim-10w-600lm-zmena-chromaticnosti-dialkovy-ovladac/;/solight-led-stmievatelna-lampicka-s-rgb-podsvietenim--10w--600lm--zmena-chromaticnosti--dialkovy-ovladac/;0
/solight-bezdrotove-tlacidlo-pre-zvonceky-1l74-1l77b-180m-biele-learning-code-kryt-na-menovku/;/solight-bezdrotove-tlacidlo-pre-zvonceky-1l74-1l77b--180m--biele--learning-code--kryt-na-menovku/;0
/solight-bezdrotovy-zvoncek-do-zasuvky-180m-cierny-learning-code/;/solight-bezdrotovy-zvoncek--do-zasuvky--180m--cierny--learning-code-3/;0
/solight-bezdrotovy-zvoncek-do-zasuvky-180m-biely-learning-code/;/solight-bezdrotovy-zvoncek--do-zasuvky--180m--biely--learning-code/;0
/ru-901du-5/;/jts-ru-901du-5-2-kanalovy-diverzitny-uhf-pll-sirokopasmovy-prijimac/;0
/solight-led-osvetlenie-prachotesne-ip65-45w-4500lm-4000k-150cm/;/solight-led-osvetlenie-prachotesne--ip65--45w--4500lm--4000k--150cm/;0
/whirlpool-mbna910x/;/whirlpool-mbna910x/;0
/gorenje-bmx201ag1bg/;/gorenje-bmx201ag1bg/;0
/multimetr-uni-t-ut622e/;/multimetr-uni-t-ut622e/;0
/gorenje-r4142ps/;/gorenje-r4142ps/;0
/gorenje-gs642d90w/;/gorenje-gs642d90w/;0
/solight-led-nabijacie-vreckove-svietidlo-so-zoomom-100lm-70lm-li-ion-usb-cierna/;/solight-led-nabijacie-vreckove-svietidlo-so-zoomom--100lm-70lm--li-ion--usb--cierna/;0
/solight-pracovna-nabijacia-led-lampa-500lm-70lm-cob-li-ion-usb-ciernooranzova/;/solight-pracovna-nabijacia-led-lampa--500lm-70lm--cob--li-ion--usb--ciernooranzova/;0
/solight-vstavana-podlahova-zasuvka-ip55-okruhle-viecko/;/solight-vstavana-podlahova-zasuvka--ip55--okruhle-viecko/;0
/solight-vstavana-podlahova-zasuvka-ip55-obdlznikove-viecko/;/solight-vstavana-podlahova-zasuvka--ip55--obdlznikove-viecko/;0
/whirlpool-wio-3t133-ple/;/whirlpool-wio-3t133-ple/;0
/tefal-cy851130/;/tefal-cy851130/;0
/diva-simone/;/monacor-diva-simone-reproduktorova-stavebnica/;0
/mhb-15/;/monacor-mhb-15-nastenna-konzola/;0
/mhb-12/;/monacor-mhb-12-nastenna-konzola/;0
/eta-433790000/;/eta-433790000/;0
/eta-732090000/;/eta-732090000/;0
/eta-151390000/;/eta-151390000/;0
/eta-916690040/;/eta-916690040/;0
/eta-344790010/;/eta-344790010/;0
/eta-960068020/;/eta-960068020/;0
/eta-732090020/;/eta-732090020/;0
/eta-160390000/;/eta-160390000/;0
/eta-166090000/;/eta-166090000/;0
/eta-507590000/;/eta-507590000/;0
/eta-227090000/;/eta-227090000/;0
/eta-315190010/;/eta-315190010/;0
/eta-329790000/;/eta-329790000/;0
/eta-142590000/;/eta-142590000/;0
/eta-959890010/;/eta-959890010/;0
/eta-032890030/;/eta-032890030/;0
/eta-006690000/;/eta-006690000/;0
/eta-918690040/;/eta-918690040/;0
/eta-715390000/;/eta-715390000/;0
/eta-916690020/;/eta-916690020/;0
/eta-126490000/;/eta-126490000/;0
/eta-013390020/;/eta-013390020/;0
/eta-618190040/;/eta-618190040/;0
/eta-515190000/;/eta-515190000/;0
/eta-007090010/;/eta-007090010/;0
/eta-323290000/;/eta-323290000/;0
/eta-559590010/;/eta-559590010/;0
/eta-833790000/;/eta-833790000/;0
/eta-632090000/;/eta-632090000/;0
/eta-918690030/;/eta-918690030/;0
/eta-234890300/;/eta-234890300/;0
/eta-351990000/;/eta-351990000/;0
/eta-230290000/;/eta-230290000/;0
/eta-026990000/;/eta-026990000/;0
/eta-632290000/;/eta-632290000/;0
/eta-242590000/;/eta-242590000/;0
/eta-122190000/;/eta-122190000/;0
/eta-732790000/;/eta-732790000/;0
/eta-618190020/;/eta-618190020/;0
/eta-006490000/;/eta-006490000/;0
/eta-434190000/;/eta-434190000/;0
/eta-632090020/;/eta-632090020/;0
/eta-333790000/;/eta-333790000/;0
/eta-618890010/;/eta-618890010/;0
/eta-002897000/;/eta-002897000/;0
/eta-116290000/;/eta-116290000/;0
/cabletech-uch0042a/;/cabletech-uch0042a/;0
/soundbar-tesla-primesound-hq-990-dolby-atmos-2-1/;/soundbar-tesla-primesound-hq-990-dolby-atmos-2-1/;0
/solight-led-napajaci-zdroj-230v-12v-5a-60w-ip65-3/;/solight-led-napajaci-zdroj--230v-12v--5a--60w--ip65/;0
/solight-led-napajaci-zdroj-230v-12v-2a-24w-ip65/;/solight-led-napajaci-zdroj--230v-12v--2a--24w--ip65/;0
/solight-led-napajaci-zdroj-230v-12v-17a-200w-ip20/;/solight-led-napajaci-zdroj--230v-12v--17a--200w--ip20/;0
/solight-led-napajaci-zdroj-230v-12v-8-4a-100w-ip20/;/solight-led-napajaci-zdroj--230v-12v--8-4a--100w--ip20/;0
/solight-led-napajaci-zdroj-230v-12v-5a-60w-ip20/;/solight-led-napajaci-zdroj--230v-12v--5a--60w--ip20/;0
/solight-led-cob-pasik-sada-s-adapterom-vypinac-5m-8w-m-800lm-m-studena-biela/;/solight-led-cob-pasik--sada-s-adapterom--vypinac--5m--8w-m--800lm-m--studena-biela/;0
/solight-led-cob-pasik-sada-s-adapterom-vypinac-5m-8w-m-800lm-m-neutralna-biela/;/solight-led-cob-pasik--sada-s-adapterom--vypinac--5m--8w-m--800lm-m--neutralna-biela/;0
/yamaha-cd-c603-black/;/yamaha-cd-c603-black/;0
/yamaha-cd-c603-silver/;/yamaha-cd-c603-silver/;0
/solight-led-stmievatelna-stolna-lampicka-s-klipom-300lm-nastavitelna-teplota-svetla-usb/;/solight-led-stmievatelna-stolna-lampicka-s-klipom--300lm--nastavitelna-teplota-svetla--usb/;0
/solight-set-nabijacich-cyklo-svietidiel-160lm-predne-zadne-cervena-li-ion-usb/;/solight-set-nabijacich-cyklo-svietidiel--160lm-predne--zadne-cervena--li-ion--usb/;0
/solight-bezdrotovy-zvoncek-bateriovy-usb-200m-biely-learning-code/;/solight-bezdrotovy-zvoncek--bateriovy-usb--200m--biely--learning-code/;0
/krups-kp123b10-nescafe-dolce-gusto-mini/;/krups-kp123b10-nescafe-dolce-gusto-mini/;0
/baterie-olovena-12v-100-ah-rebel-bat0421/;/baterie-olovena--12v--100-ah--rebel--bat0421/;0
/kabel-jack-3-5mm-jack-3-5mm-1-8m-kruger-matz-basic/;/kabel-jack-3-5mm-jack-3-5mm-1-8m-kruger-matz-basic/;0
/omni-rec-sw/;/org-omni-rec-sw-spottune-omni-rec-recessed-speaker--black/;0
/reproduktor-bluetooth-kruger-matz-street-x-bass-km0572/;/reproduktor-bluetooth-kruger-matz-street-x-bass-km0572/;0
/reproduktor-bluetooth-kruger-matz-joy-2-km0561/;/reproduktor-bluetooth-kruger-matz-joy-2-km0561/;0
/solight-led-vonkajsie-nastenne-osvetlenie-terni-12w-560lm-3000k-pir-sensor/;/solight-led-vonkajsie-nastenne-osvetlenie-terni--12w--560lm--3000k--pir-sensor/;0
/solight-led-vonkajsie-nastenne-osvetlenie-terni-12w-560lm-3000k/;/solight-led-vonkajsie-nastenne-osvetlenie-terni--12w--560lm--3000k/;0
/solight-led-vonkajsie-nastenne-osvetlenie-potenza-2x-gu10-cierna/;/solight-led-vonkajsie-nastenne-osvetlenie-potenza--2x-gu10--cierna/;0
/solight-led-osvetlenie-s-dialkovym-ovladacom-lecce-36w-2300lm-30cm-zmena-chromatickosti-stmievatelne-cierna/;/solight-led-osvetlenie-s-dialkovym-ovladacom-lecce--36w--2300lm--30cm--zmena-chromatickosti--stmievatelne--cierna/;0
/solight-led-vonkajsie-nastenne-osvetlenie-crotone-7w-450lm-3000k-naklopne/;/solight-led-vonkajsie-nastenne-osvetlenie-crotone--7w--450lm--3000k--naklopne/;0
/solight-led-vonkajsi-stlpik-ragusa-500-7w-450lm-3-cct/;/solight-led-vonkajsi-stlpik-ragusa-500--7w--450lm--3-cct/;0
/solight-led-vonkajsie-nastenne-osvetlenie-ragusa-7w-450lm-3-cct/;/solight-led-vonkajsie-nastenne-osvetlenie-ragusa--7w--450lm--3-cct/;0
/tester-rotace-fazi-a-indikator-otacek-motoru-voltcraft-vc-32/;/tester-rotace-fazi-a-indikator-otacek-motoru-voltcraft-vc-32/;0
/yamaha-ns-p41-black/;/yamaha-ns-p41-black/;0
/yamaha-r-n600a-silver/;/yamaha-r-n600a-silver/;0
/yamaha-r-n600a-black/;/yamaha-r-n600a-black/;0
/reproduktory-kruger-matz-km1995-s/;/reproduktory-kruger-matz-km1995-s/;0
/pa-120/;/arvox-pa-120-mono-pa-mixazny-zosilnovac/;0
/solight-led-ziarovka-klasicky-tvar-15w-e27-6000k-220-1650lm/;/solight-led-ziarovka--klasicky-tvar--15w--e27--6000k--220--1650lm/;0
/solight-led-ziarovka-klasicky-tvar-10w-e27-6000k-270-1100lm/;/solight-led-ziarovka--klasicky-tvar--10w--e27--6000k--270--1100lm/;0
/orno-or-zs-802dn-kryt-proti-desti-na-zvonek-tlacitko/;/orno-or-zs-802dn-kryt-proti-desti-na-zvonek--tlacitko/;0
/gorenje-gec5c41sg/;/gorenje-gec5c41sg/;0
/budik-digitalni-technoline-wt-265-s-teplomerem/;/budik-digitalni-technoline-wt-265-s-teplomerem/;0
/gorenje-gks5c71cli/;/gorenje-gks5c71cli/;0
/solight-led-osvetlenie-s-nastavitelnym-vykonom-a-teplotou-svetla-18-22-26w-max-2210lm-3cct-ip65-30cm/;/solight-led-osvetlenie-s-nastavitelnym-vykonom-a-teplotou-svetla--18-22-26w--max--2210lm--3cct--ip65--30cm/;0
/yamaha-r-n1000a-silver/;/yamaha-r-n1000a-silver/;0
/pab-810-sw/;/arvox-pab-810-sw-profesionalny-reproduktor/;0
/pab-610-sw/;/arvox-pab-610-sw-profesionalny-reproduktor/;0
/gorenje-th60e3x/;/gorenje-th60e3x/;0
/candy-cbt6130-3x/;/candy-cbt6130-3x/;0
/electrolux-lfu-215-x/;/electrolux-lfu-215-x/;0
/solight-extra-usporna-led-ziarovka-7-2-w-1521lm-2700k-ekv-100w/;/solight-extra-usporna-led-ziarovka-7-2-w--1521lm--2700k--ekv--100w/;0
/solight-extra-usporna-led-ziarovka-5-0-w-1055lm-2700k-ekv-75w/;/solight-extra-usporna-led-ziarovka-5-0-w--1055lm--2700k--ekv--75w/;0
/grundig-vcw6270/;/grundig-vcw6270/;0
/beko-bdin38640d/;/beko-bdin38640d/;0
/cd-114-bt/;/monacor-cd-114-bt-cd-and-mp3-player/;0
/bazenove-bezdratove-cidlo-garni-057p/;/bazenove-bezdratove-cidlo-garni-057p/;0
/casovac-minutka-garni-kt2/;/casovac--minutka--garni-kt2/;0
/sta-2300d/;/arvox-sta-2300d-2-kanalovy-digitalny-pa-zosilnovac-2-x-300w/;0
/pab-610-ws/;/arvox-pab-610-ws-profesionalny-reproduktor/;0
/r-h6200t-sw/;/arvox-r-h6200t-sw-stadionovy-reproduktor/;0
/wap-204rs/;/monacor-wap-204rs-internetove-radio--fm-rds-a-dab--tuner--mp3-prehravac--bluetooth/;0
/r-956-ws/;/arvox-r-956-ws-vodotesny-2-pasmovy-nastenny-reproduktor--60w--ip66/;0
/r-956-sw/;/arvox-r-956-sw-vodotesny-2-pasmovy-nastenny-reproduktor--60w--ip66/;0
/ie-5-1/;/jts-ie-5-monitorovanie-do-usi/;0
/rs-3020cmt/;/arvox-rs-3020cmt-2-kanalovy-prehravac-mp3-bt-usb-cd-tuner/;0
/r-2/;/jts-r-2-r-2--miniaturny-bezdrotovy-prijimac/;0
/rws-4100/;/arvox-rws-4100-4-zonovy-streamovaci-zosilnovac/;0
/txzz102/;/zzipp-txzz102-txzz102--sada-bezdrotovych-mikrofonov/;0
/txzz101/;/zzipp-txzz101-txzz101--sada-bezdrotovych-mikrofonov/;0
/hs02t/;/org-hs02t-sluchadla/;0
/uf-20s-5/;/jts-uf-20s-5-sirokopasmovy-true-diverzitny-uhf-pll-prijimac/;0
/jss-20-5/;/jts-jss-20-5-dynamicky-ruckovy-uhf-pll-mikrofon/;0
/gm-5212du/;/jts-gm-5212du-dvojity-mikrofon-na-husom-krku/;0
/txs-611set/;/img-stage-line-txs-611set-multifrekvencny-mikrofonny-system--863-865-mhz/;0
/remington-mb4047-beard-kit/;/remington-mb4047-beard-kit/;0
/whirlpool-gos-6415-nb1/;/whirlpool-gos-6415-nb1/;0
/solight-led-vonkajsie-osvetlenie-gulate-13w-910lm-4000k-ip54-17cm-siva-farba/;/solight-led-vonkajsie-osvetlenie-gulate--13w--910lm--4000k--ip54--17cm--siva-farba/;0
/solight-led-vonkajsie-osvetlenie-ovalne-13w-910lm-4000k-ip54-21cm-siva-farba/;/solight-led-vonkajsie-osvetlenie-ovalne--13w--910lm--4000k--ip54--21cm--siva-farba/;0
/solight-led-vonkajsie-osvetlenie-gulate-20w-1500lm-4000k-ip54-20cm-siva-farba/;/solight-led-vonkajsie-osvetlenie-gulate--20w--1500lm--4000k--ip54--20cm--siva-farba/;0
/solight-led-vonkajsie-osvetlenie-ovalne-20w-1500lm-4000k-ip54-26cm-siva-farba/;/solight-led-vonkajsie-osvetlenie-ovalne--20w--1500lm--4000k--ip54--26cm--siva-farba/;0
/eam-17dt/;/monacor-eam-17dt-pa-desktop-microphone--push-to-talk--with-integrated-dante-sup---sup--module/;0
/hdr-60-24/;/org-hdr-60-24-switch-mode-power-supply--60-w--24-v--2-5-a--din-rail/;0
/eps30-100v-mi/;/monacor-eps30-100v-mi-100-v-pa-amplifier--din-rail/;0
/eps110-rs485/;/monacor-eps110-rs485-mp3-player--din-rail/;0
/gm-5212sw/;/jts-gm-5212sw-elektretovy-mikrofon-na-husom-krku-s-tlacidlom-on-off/;0
/bk-4mcde-2be/;/panasonic-bk-4mcde-2be-eneloop-rechargeable-batteries--aaa-size--pack-of-2--panasonic/;0
/flat-m8bag/;/img-stage-line-flat-m8bag-transport-and-protective-bag-for-flat-m8/;0
/flat-m8/;/img-stage-line-flat-m8-active-pa-stage-monitor-speaker-system--300-w/;0
/npa-12-24i/;/yuasa-npa-12-24i-rechargeable-lead-acid-battery--12-v--24-ah--vrla/;0
/km-24185/;/kng-km-24185-wall-and-ceiling-bracket-for-smaller-pa-systems/;0
/km-19743/;/kng-km-19743-holder-for-tablet-pcs/;0
/pa-1200ird/;/monacor-pa-1200ird-internet-radio-dab--fm-rds-tuner-insertion-with-bt-and-usb-interface/;0
/d7p-5/;/jts-d7p-5-extension-cable--5-m/;0
/d7p-3/;/jts-d7p-3-extension-cable--3-m/;0
/d7p-1/;/jts-d7p-1-predlzovaci-kabel--1-m/;0
/801tg/;/jts-801tg-pripojovaci-kabel--1-5-m--pravouhly-konektor/;0
/edl-250-sw/;/monacor-edl-250-sw-pa-zvukovy-projektor-odolny-voci-poveternostnym-vplyvom--cierny/;0
/wall-05dtm-ws/;/monacor-wall-05dtm-ws-active-speaker-with-integrated-dante-sup---sup--module/;0
/txzzps/;/jts-txzzps-txzzps-nabijacia-stanica-pre-seriu-txzz6/;0
/yamaha-r-n800a-black/;/yamaha-r-n800a-black/;0
/yamaha-r-n1000a-black/;/yamaha-r-n1000a-black/;0
/yamaha-tw-e7b-white/;/yamaha-tw-e7b-white/;0
/yamaha-true-x-speaker-1a-ws-x1a-black/;/yamaha-true-x-speaker-1a-ws-x1a-black/;0
/beko-bdfs26120xq/;/beko-bdfs26120xq/;0
/multimetr-uni-t-ut-89x/;/multimetr-uni-t-ut-89x/;0
/soundbar-tesla-primesound-hq-880-2-1-soundbar/;/soundbar-tesla-primesound-hq-880-2-1-soundbar/;0
/budik-digitalni-projekcni-technoline-wt-536/;/budik-digitalni-projekcni-technoline-wt-536/;0
/yamaha-true-x-bar-50a-sr-x50a-lgh-grey/;/yamaha-true-x-bar-50a-sr-x50a-lgh-grey/;0
/yamaha-true-x-bar-50a-sr-x50a-crb-grey/;/yamaha-true-x-bar-50a-sr-x50a-crb-grey/;0
/yamaha-true-x-bar-40a-sr-x40a-lgh-grey/;/yamaha-true-x-bar-40a-sr-x40a-lgh-grey/;0
/solight-led-osvetlenie-prachotesne-ip65-9w-900lm-4000k-70cm/;/solight-led-osvetlenie-prachotesne--ip65--9w--900lm--4000k--70cm/;0
/ecolux-led-ziarovka-3-pack-klasicky-tvar-12w-e27-3000k-270-1080lm-3ks-v-baleniu/;/ecolux-led-ziarovka-3-pack--klasicky-tvar--12w--e27--3000k--270--1080lm--3ks-v-baleniu/;0
/solight-led-stmievatelna-lampicka-s-nocnym-svetielkom-10w-700lm-zmena-chromaticnosti/;/solight-led-stmievatelna-lampicka-s-nocnym-svetielkom--10w--700lm--zmena-chromaticnosti/;0
/solight-led-osvetlenie-prachotesne-ip65-18w-1800lm-4000k-120cm/;/solight-led-osvetlenie-prachotesne--ip65--18w--1800lm--4000k--120cm/;0
/solight-led-ziarovka-3-pack-klasicky-tvar-10w-e27-3000k-270-900lm-3ks-v-baleniu/;/solight-led-ziarovka-3-pack--klasicky-tvar--10w--e27--3000k--270--900lm--3ks-v-baleniu/;0
/solight-led-osvetlenie-prachotesne-ip65-36w-3600lm-4000k-120cm/;/solight-led-osvetlenie-prachotesne--ip65--36w--3600lm--4000k--120cm/;0
/solight-led-ziarovka-klasicky-tvar-15w-e27-4000k-220-1650lm/;/solight-led-ziarovka--klasicky-tvar--15w--e27--4000k--220--1650lm/;0
/solight-led-osvetlenie-prachotesne-ip65-38w-4180lm-4000k-120cm-lifud/;/solight-led-osvetlenie-prachotesne--ip65--38w--4180lm--4000k--120cm--lifud/;0
/solight-led-ziarovka-klasicky-tvar-15w-e27-3000k-220-1650lm/;/solight-led-ziarovka--klasicky-tvar--15w--e27--3000k--220--1650lm/;0
/solight-led-osvetlenie-prachotesne-ip65-60w-7800lm-4000k-155cm-lifud-5-rokov-zaruka/;/solight-led-osvetlenie-prachotesne--ip65--60w--7800lm--4000k--155cm--lifud--5-rokov-zaruka/;0
/solight-led-ziarovka-klasicky-tvar-12w-e27-6000k-270-1320lm/;/solight-led-ziarovka--klasicky-tvar--12w--e27--6000k--270--1320lm/;0
/solight-led-ziarovka-klasicky-tvar-12w-e27-4000k-270-1320lm/;/solight-led-ziarovka--klasicky-tvar--12w--e27--4000k--270--1320lm/;0
/solight-led-ziarovka-klasicky-tvar-12w-e27-3000k-270-1320lm/;/solight-led-ziarovka--klasicky-tvar--12w--e27--3000k--270--1320lm/;0
/solight-led-ziarovka-klasicky-tvar-10w-e27-4000k-270-1100lm/;/solight-led-ziarovka--klasicky-tvar--10w--e27--4000k--270--1100lm/;0
/solight-led-ziarovka-klasicky-tvar-10w-e27-3000k-270-1100lm/;/solight-led-ziarovka--klasicky-tvar--10w--e27--3000k--270--1100lm/;0
/russell-hobbs-28270-56/;/russell-hobbs-28270-56/;0
/tesla-aerostar-t300/;/tesla-aerostar-t300/;0
/tefal-fv2839e0/;/tefal-fv2839e0/;0
/philips-bhs375-00/;/philips-bhs375-00/;0
/remington-s9100b/;/remington-s9100b/;0
/tesla-elitecook-k70/;/tesla-elitecook-k70/;0
/remington-ci91w1b/;/remington-ci91w1b/;0
/guzzanti-gz-508/;/guzzanti-gz-508/;0
/starbucks-r-pike-place-espress-roast-450-g/;/starbucks--pike-place-espress-roast-450-g/;0
/crockpot-csc111x-pomaly-hrnec-3-5-l/;/crockpot-csc111x-pomaly-hrnec-3-5-l/;0
/graef-g-line-g-50/;/graef-g-line-g-50/;0
/crockpot-csc112x-pomaly-hrnec-6-5-l/;/crockpot-csc112x-pomaly-hrnec-6-5-l/;0
/russell-hobbs-26481-56/;/russell-hobbs-26481-56/;0
/rowenta-cf-9530-f0/;/rowenta-cf-9530-f0/;0
/remington-ac9140b/;/remington-ac9140b/;0
/lamax-sounder2/;/lamax-sounder2/;0
/rowenta-ro-3985-ea/;/rowenta-ro-3985-ea/;0
/starbucks-r-blonde-espresso-roast-450-g/;/starbucks-blonde-espresso-roast-450-g/;0
/tesla-aircook-q40/;/tesla-aircook-q40/;0
/starbucks-colombia-medium-roast-450-g/;/starbucks-colombia-medium-roast-450-g/;0
/braun-series-x-xt5100/;/braun-series-x-xt5100/;0
/gorenje-nrk6182ps4/;/gorenje-nrk6182ps4/;0
/gorenje-r619eaxl6/;/gorenje-r619eaxl6/;0
/solight-bateriova-kamera-wifi-so-solarnym-panelom/;/solight-bateriova-kamera-wifi-so-solarnym-panelom/;0
/solight-montazne-klipy-na-instalaciu-led-panelov-595x595-mm-do-podhladov/;/solight-montazne-klipy-na-instalaciu-led-panelov-595x595-mm-do-podhladov/;0
/solight-domaca-wifi-kamera/;/solight-domaca-wifi-kamera/;0
/silikonova-pajeci-podlozka-toolcraft-to-7088478/;/silikonova-pajeci-podlozka-toolcraft-to-7088478/;0
/gorenje-th60e3b/;/gorenje-th60e3b/;0
/solight-vianocna-retaz-medena-50x-mini-led-5m-3-x-aa-teple-svetlo/;/solight-vianocna-retaz-medena--50x-mini-led--5m--3-x-aa--teple-svetlo/;0
/solight-vianocna-retaz-strieborna-50x-mini-led-5m-3-x-aa-studene-svetlo/;/solight-vianocna-retaz-strieborna--50x-mini-led--5m--3-x-aa--studene-svetlo/;0
/solight-vianocna-retaz-strieborna-30x-mini-led-3m-3-x-aa-studene-svetlo/;/solight-vianocna-retaz-strieborna--30x-mini-led--3m--3-x-aa--studene-svetlo/;0
/solight-led-vonkajsia-vianocna-retaz-100led-10m-3m-privod-8-funkcii-ip44-3x-aa-studena-biela/;/solight-led-vonkajsia-vianocna-retaz--100led--10m--3m-privod--8-funkcii--ip44--3x-aa--studena-biela/;0
/solight-led-vonkajsia-vianocna-retaz-100led-10m-3m-privod-8-funkcii-ip44-3x-aa-tepla-biela/;/solight-led-vonkajsia-vianocna-retaz--100led--10m--3m-privod--8-funkcii--ip44--3x-aa--tepla-biela/;0
/solight-led-vianocna-hviezda-stolna-pletena-35x-led-2x-aaa/;/solight-led-vianocna-hviezda-stolna--pletena--35x-led--2x-aaa/;0
/solight-led-drevena-vianocna-dekoracia-zasnezene-zimne-kvety-37cm-2x-aa/;/solight-led-drevena-vianocna-dekoracia--zasnezene-zimne-kvety--37cm--2x-aa/;0
/solight-led-vianocny-lampas-biely-33cm-3x-led-sviecka-3x-aaa/;/solight-led-vianocny-lampas-biely--33cm--3x-led-sviecka--3x-aaa/;0
/solight-led-vianocny-svietnik-s-hviezdami-30cm-5x-led-2x-aa/;/solight-led-vianocny-svietnik-s-hviezdami--30cm--5x-led--2x-aa/;0
/solight-led-vianocne-dekoracie-zasnezena-krajina-s-domcekom-18cm-10x-led-2x-aaa/;/solight-led-vianocne-dekoracie--zasnezena-krajina-s-domcekom--18cm--10x-led--2x-aaa/;0
/solight-led-vianocna-hviezda-cervena-zavesna-60cm-20x-led-2x-aa/;/solight-led-vianocna-hviezda-cervena--zavesna--60cm--20x-led--2x-aa/;0
/solight-led-vianocna-hviezda-stolna-10x-led-3x-aa/;/solight-led-vianocna-hviezda-stolna--10x-led--3x-aa/;0
/zzigan112/;/zzipp-zzigan112-12-palcovy--aktivny--reproduktorovy-system-s-bateriou/;0
/sprej-proti-kunam-kemo-z100-500ml/;/sprej-proti-kunam-kemo-z100-500ml/;0
/electrolux-ees48401l/;/electrolux-ees48401l/;0
/electrolux-eem43201l/;/electrolux-eem43201l/;0
/electrolux-eeg69405l/;/electrolux-eeg69405l/;0
/electrolux-lfp616x/;/electrolux-lfp616x/;0
/bezdratove-cidlo-pro-tesla-device-ms360/;/bezdratove-cidlo-pro-tesla-device-ms360/;0
/strong-srt32hf2003/;/strong-srt32hf2003/;0
/yamaha-a-s3200-black/;/yamaha-a-s3200-black/;0
/silikonova-pajeci-podlozka-s-120-340x230x4mm/;/silikonova-pajeci-podlozka-s-120-340x230x4mm/;0
/silikonova-pajeci-podlozka-300x200x1-5mm/;/silikonova-pajeci-podlozka-300x200x1-5mm/;0
/samsung-hw-t420-en/;/samsung-hw-t420-en/;0
/solight-led-nabijaci-zadne-cyklo-svetlo-3w-cob-nabijaci-li-ion/;/solight-led-nabijaci-zadne-cyklo-svetlo--3w-cob--nabijaci--li-ion/;0
/pajka-kemot-lut0024-4-100w/;/pajka-kemot-lut0024-4-100w/;0
/solight-2x-bezdrotovy-zvoncek-do-zasuvky-bateriovy-200m-biely-learning-code/;/solight-2x-bezdrotovy-zvoncek--do-zasuvky-bateriovy--200m--biely--learning-code/;0
/solight-bezdrotovy-zvoncek-bezbateriovy-do-zasuvky-150m-cierny-learning-code/;/solight-bezdrotovy-zvoncek-bezbateriovy--do-zasuvky--150m--cierny--learning-code/;0
/solight-bezdrotovy-zvoncek-bezbateriovy-do-zasuvky-150m-biely-learning-code-2/;/solight-bezdrotovy-zvoncek-bezbateriovy--do-zasuvky--150m--biely--learning-code-2/;0
/solight-bezdrotove-tlacidlo-pre-1l69-1l69b-1l73-1l73b-1l78-1l79-1l79b-200m-biele-learning-code-kryt-na-menovku/;/solight-bezdrotove-tlacidlo-pre-1l69--1l69b--1l73--1l73b--1l78--1l79--1l79b--200m--biele--learning-code--kryt-na-menovku/;0
/solight-bezdrotovy-zvoncek-do-zasuvky-200m-biely-learning-code-2/;/solight-bezdrotovy-zvoncek--do-zasuvky--200m--biely--learning-code/;0
/solight-led-stolna-lampicka-10w-490lm-zmena-cct-stmievanie-biela/;/solight-led-stolna-lampicka-10w--490lm--zmena-cct--stmievanie--biela/;0
/gorenje-mo17e1w/;/gorenje-mo17e1w/;0
/gorenje-rk4182ps4/;/gorenje-rk4182ps4/;0
/solight-led-celove-nabijacie-svietidlo-650lm-li-ion/;/solight-led-celove-nabijacie-svietidlo--650lm--li-ion/;0
/solight-led-nabijacie-rucne-svietidlo-150-150lm-li-ion/;/solight-led-nabijacie-rucne-svietidlo--150-150lm--li-ion/;0
/solight-led-nabijacie-rucne-svietidlo-s-power-bankom-800lm-li-ion/;/solight-led-nabijacie-rucne-svietidlo-s-power-bankom--800lm--li-ion/;0
/solight-led-stropne-osvetlenie-lecce-3cct-48w-2900lm-40cm-3000-4000-6000k-cierna/;/solight-led-stropne-osvetlenie-lecce--3cct--48w--2900lm--40cm--3000-4000-6000k--cierna/;0
/solight-doplnkovy-gong-ku-zvonceku-1l202/;/solight-doplnkovy-gong-ku-zvonceku-1l202/;0
/grundig-mc6840/;/grundig-mc6840/;0
/grundig-hs7034/;/grundig-hs7034/;0
/crockpot-csc063x/;/crockpot-csc063x/;0
/maxxo-cc693/;/maxxo-cc693/;0
/maxxo-cc008/;/maxxo-cc008/;0
/maxxo-nahradni-sacky-30ks-28x35cm/;/maxxo-nahradni-sacky-30ks-28x35cm/;0
/bwt-fitracni-konvice-vida-mei-petrol/;/bwt-fitracni-konvice-vida-mei-petrol/;0
/maxxo-vakuovaci-sacky-50ks-22-x-28cm/;/maxxo-vakuovaci-sacky-50ks-22-x-28cm/;0
/bwt-vida-mei-bila-2-6l-3-filtry/;/bwt-vida-mei-bila--2-6l-3-filtry/;0
/maxxo-cc461/;/maxxo-cc461/;0
/maxxo-cc465/;/maxxo-cc465/;0
/maxxo-cc002/;/maxxo-cc002/;0
/maxxo-bio-odvapnovac-250ml/;/maxxo-bio-odvapnovac-250ml/;0
/remington-s8500gp/;/remington-s8500gp/;0
/remington-s5901-coconut/;/remington-s5901-coconut/;0
/remington-s9100/;/remington-s9100/;0
/remington-s-6606-confidence/;/remington-s-6606-confidence/;0
/remington-hc7110/;/remington-hc7110/;0
/ut-88g3/;/jts-ut-88g3-ut-88g3--mini-vysielac/;0
/pa-2500rm/;/kepo-pa-2500rm-pa-2500rm--zonovy-mikrofon/;0
/solight-wifi-zasuvka-s-meranim-spotreby/;/solight-wifi-zasuvka-s-meranim-spotreby/;0
/pa-2500sv/;/kepo-pa-2500sv-pa-2500sv--ovladaci-panel/;0
/electrolux-ze072/;/electrolux-ze072/;0
/ur-816gset/;/jts-ur-816gset-ur-816gset--gitarova-sada/;0
/gorenje-bos6737e06b/;/gorenje-bos6737e06b/;0
/beko-bmgb25333bg/;/beko-bmgb25333bg/;0
/solight-led-svetelny-panel-backlit-36w-3960lm-3000-4000-5000k-lifud-60x60cm-3-roky-zaruka-bila-barva/;/solight-led-svetelny-panel-backlit--36w--3960lm--3000-4000-5000k--lifud--60x60cm--3-roky-zaruka--bila-barva/;0
/solight-led-svetelny-panel-backlit-ugr/;/solight-led-svetelny-panel-backlit--ugr/;0
/solight-led-svetelny-panel-backlit-40w-4400lm-4000k-lifud-60x60cm-3-roky-zaruka-bila-barva/;/solight-led-svetelny-panel-backlit--40w--4400lm--4000k--lifud--60x60cm--3-roky-zaruka--bila-barva/;0
/solight-led-svetelny-panel-backlit-40w-3600lm-4000k-lifud-60x60cm-3-roky-zaruka-bila-barva-3/;/solight-led-svetelny-panel-backlit--40w--3600lm--4000k--lifud--60x60cm--3-roky-zaruka--bila-barva/;0
/panasonic-sc-htb100egk/;/panasonic-sc-htb100egk/;0
/sszz108set/;/zzipp-sszz108set-sszz108set--sada-stojanov-pre-reproduktory/;0
/remington-hc450/;/remington-hc450/;0
/skyrock/;/monacor-skyrock-portable-pa-speaker-system/;0
/ca-modul-cam-803-nagravision-cz-sk-verze-s-kartou-skylink/;/ca-modul-cam-803-nagravision-cz-sk-verze-s-kartou-skylink/;0
/electrolux-lfp416x/;/electrolux-lfp416x/;0
/solight-led-mini-panel-cct-prisazeny-24w-1800lm-3000k-4000k-6000k-okruhly-cierna-farba/;/solight-led-mini-panel-cct--prisazeny--24w--1800lm--3000k--4000k--6000k--okruhly--cierna-farba/;0
/solight-led-mini-panel-cct-prisazeny-18w-1530lm-3000k-4000k-6000k-stvorcovy-cierna-farba/;/solight-led-mini-panel-cct--prisazeny--18w--1530lm--3000k--4000k--6000k--stvorcovy--cierna-farba/;0
/solight-led-mini-panel-cct-prisazeny-18w-1530lm-3000k-4000k-6000k-okruhly-cierna-farba/;/solight-led-mini-panel-cct--prisazeny--18w--1530lm--3000k--4000k--6000k--okruhly--cierna-farba/;0
/solight-led-mini-panel-cct-prisazeny-12w-900lm-3000k-4000k-6000k-stvorcovy-cierna-farba/;/solight-led-mini-panel-cct--prisazeny--12w--900lm--3000k--4000k--6000k--stvorcovy--cierna-farba/;0
/solight-led-mini-panel-cct-prisazeny-12w-900lm-3000k-4000k-6000k-okruhly-cierna-farba/;/solight-led-mini-panel-cct--prisazeny--12w--900lm--3000k--4000k--6000k--okruhly--cierna-farba/;0
/solight-nocne-led-svetielko-s-pohybovym-a-svetelnym-sensorom-0-7w-3000k-230v/;/solight-nocne-led-svetielko-s-pohybovym-a-svetelnym-sensorom-0-7w--3000k--230v/;0
/meteostanice-technoline-wt-549-s-projekci/;/meteostanice-technoline-wt-549-s-projekci/;0
/pa-240z/;/kepo-pa-240z-pa-240z--3-zonovy-zosilnovac-100v-so-zdrojom-hudby/;0
/electrolux-ew2tn5061fc/;/electrolux-ew2tn5061fc/;0
/hodiny-stavebnice-technoline-modell-kids-clock/;/hodiny-stavebnice-technoline-modell-kids-clock/;0
/budik-analogovy-technoline-modell-xl-blue/;/budik-analogovy-technoline-modell-xl-blue/;0
/budik-analogovy-technoline-modell-xl-red/;/budik-analogovy-technoline-modell-xl-red/;0
/budik-analogovy-technoline-modell-xl-silver/;/budik-analogovy-technoline-modell-xl-silver/;0
/budik-analogovy-technoline-modell-sc-white/;/budik-analogovy-technoline-modell-sc-white/;0
/hodiny-digitalni-technoline-ws-8019-nastenne/;/hodiny-digitalni-technoline-ws-8019-nastenne/;0
/hodiny-nastenne-technoline-wt-7160/;/hodiny-nastenne-technoline-wt-7160/;0
/hodiny-nastenne-technoline-wt-7235/;/hodiny-nastenne-technoline-wt-7235/;0
/hodiny-nastenne-technoline-wt-1016/;/hodiny-nastenne-technoline-wt-1016/;0
/hodiny-nastenne-technoline-wt-1013/;/hodiny-nastenne-technoline-wt-1013/;0
/hodiny-nastenne-technoline-776043-drevene/;/hodiny-nastenne-technoline-776043-drevene/;0
/hodiny-nastenne-technoline-wt-1510/;/hodiny-nastenne-technoline-wt-1510/;0
/hodiny-nastenne-technoline-wt-1610/;/hodiny-nastenne-technoline-wt-1610/;0
/hodiny-nastenne-technoline-wt-1019/;/hodiny-nastenne-technoline-wt-1019/;0
/hodiny-nastenne-technoline-wt-8972/;/hodiny-nastenne-technoline-wt-8972/;0
/hodiny-nastenne-technoline-wt-7981/;/hodiny-nastenne-technoline-wt-7981/;0
/hodiny-nastenne-technoline-wt-8610/;/hodiny-nastenne-technoline-wt-8610/;0
/hodiny-nastenne-technoline-wt-8500-silver/;/hodiny-nastenne-technoline--wt-8500-silver/;0
/hodiny-nastenne-technoline-wt-8500-black/;/hodiny-nastenne-technoline-wt-8500-black/;0
/hodiny-nastenne-technoline-wt-8500-gold/;/hodiny-nastenne-technoline--wt-8500-gold/;0
/hodiny-nastenne-technoline-wt-7400/;/hodiny-nastenne-technoline-wt-7400/;0
/hodiny-nastenne-technoline-wt-8235-chrom/;/hodiny-nastenne-technoline-wt-8235-chrom/;0
/hodiny-nastenne-technoline-wt-8235-gold/;/hodiny-nastenne-technoline-wt-8235-gold/;0
/hodiny-nastenne-technoline-wt-7245/;/hodiny-nastenne-technoline-wt-7245/;0
/hodiny-nastenne-technoline-wt-4100/;/hodiny-nastenne-technoline-wt-4100/;0
/hodiny-technoline-wt-3100-do-koupelny/;/hodiny-technoline-wt-3100-do-koupelny/;0
/hodiny-nastenne-technoline-modell-h-pink/;/hodiny-nastenne-technoline-modell-h-pink/;0
/hodiny-nastenne-technoline-modell-h-grey/;/hodiny-nastenne-technoline-modell-h-grey/;0
/meteostanice-technoline-ws-6762/;/meteostanice-technoline-ws-6762/;0
/budik-digitalni-technoline-wt-460-s-fm-radioprijimacem/;/budik-digitalni-technoline-wt-460-s-fm-radioprijimacem/;0
/budik-digitalni-technoline-wt-465w-s-radioprijimacem/;/budik-digitalni-technoline-wt-465w-s-radioprijimacem/;0
/budik-digitalni-technoline-wt-500/;/budik-digitalni-technoline-wt-500/;0
/gorenje-g642abx/;/gorenje-g642abx/;0
/budik-analogovy-technoline-modell-f/;/budik-analogovy-technoline-modell-f/;0
/budik-analogovy-technoline-modell-dgw/;/budik-analogovy-technoline-modell-dgw/;0
/budik-analogovy-technoline-modell-k-red/;/budik-analogovy-technoline-modell-k-red/;0
/budik-analogovy-technoline-modell-g/;/budik-analogovy-technoline-modell-g/;0
/budik-analogovy-technoline-modell-sc-black/;/budik-analogovy-technoline-modell-sc-black/;0
/solight-led-osvetlenie-lecce-s-dialkovym-ovladacom-50w-3000lm-40cm-zmena-chromatickosti-stmievatelne-biela/;/solight-led-osvetlenie-lecce-s-dialkovym-ovladacom--50w--3000lm--40cm--zmena-chromatickosti--stmievatelne--biela/;0
/solight-led-osvetlenie-lecce-s-dialkovym-ovladacom-36w-2160lm-30cm-zmena-chromatickosti-stmievatelne-biela/;/solight-led-osvetlenie-lecce-s-dialkovym-ovladacom--36w--2160lm--30cm--zmena-chromatickosti--stmievatelne--biela/;0
/yamaha-r-n2000a-black/;/yamaha-r-n2000a-black/;0
/yamaha-tw-es5a-white/;/yamaha-tw-es5a-white/;0
/yamaha-tw-es5a-pink/;/yamaha-tw-es5a-pink/;0
/yamaha-tw-es5a-green/;/yamaha-tw-es5a-green/;0
/electrolux-ze064/;/electrolux-ze064/;0
/yamaha-ns-aw392-white-1-karton/;/yamaha-ns-aw392-white-1-karton/;0
/lg-rc8tv9avhn/;/lg-rc8tv9avhn/;0
/bezdratove-cidlo-koncentrace-co2-garni-102q/;/bezdratove-cidlo-koncentrace-co2-garni-102q/;0
/multiprepinac-teletek-17-16/;/multiprepinac-teletek-17-16/;0
/multiprepinac-teletek-5-32/;/multiprepinac-teletek-5-32/;0
/multiprepinac-teletek-17-50/;/multiprepinac-teletek-17-50/;0
/teletek-multiprepinac-13-50/;/teletek-multiprepinac-13-50/;0
/multiprepinac-teletek-13-32/;/multiprepinac-teletek-13-32/;0
/multiprepinac-teletek-13-24/;/multiprepinac-teletek-13-24/;0
/multiprepinac-teletek-9-48/;/multiprepinac-teletek-9-48/;0
/solight-led-osvetlenie-s-ochranou-proti-vlhkosti-ip54-24w-2150lm-3cct-38cm/;/solight-led-osvetlenie-s-ochranou-proti-vlhkosti--ip54--24w--2150lm--3cct--38cm/;0
/solight-led-osvetlenie-s-ochranou-proti-vlhkosti-ip54-18w-1530lm-3cct-33cm/;/solight-led-osvetlenie-s-ochranou-proti-vlhkosti--ip54--18w--1530lm--3cct--33cm/;0
/mszz149/;/zzipp-mszz149-mszz149--profesionalny-stojan-pre-mikrofon/;0
/electrolux-lfp326fb/;/electrolux-lfp326fb/;0
/tefal-tt693110/;/tefal-tt693110/;0
/tefal-ko251430/;/tefal-ko251430/;0
/rowenta-cv-5930f0/;/rowenta-cv-5930f0/;0
/tefal-rk-103811/;/tefal-rk-103811/;0
/rowenta-rh-6756wo/;/rowenta-rh-6756wo/;0
/niceboy-hive-beans-black/;/niceboy-hive-beans-black/;0
/meteorologicka-stanice-garni-615w-precise/;/meteorologicka-stanice-garni-615w-precise/;0
/bezdratove-cidlo-garni-063h/;/bezdratove-cidlo-garni-063h/;0
/dh-95n/;/monacor-dh-95n-dynamicky-rucny-mikrofon/;0
/meteorologicka-stanice-garni-618w-precise/;/meteorologicka-stanice-garni-618w-precise/;0
/meteorologicka-stanice-garni-618b-precise/;/meteorologicka-stanice-garni-618b-precise/;0
/meteorologicka-stanice-garni-615b-precise/;/meteorologicka-stanice-garni-615b-precise/;0
/meteorologicka-stanice-garni-612-precise/;/meteorologicka-stanice-garni-612-precise/;0
/meteorologicka-stanice-garni-291-line/;/meteorologicka-stanice-garni-291-line/;0
/gorenje-nrk619da2xl4/;/gorenje-nrk619da2xl4/;0
/gorenje-bosx6747a01bg/;/gorenje-bosx6747a01bg/;0
/whirlpool-wmf250g/;/whirlpool-wmf250g/;0
/krups-kp1a3b31-nescafe-dolce-gusto-picco/;/krups-kp1a3b31-nescafe-dolce-gusto-picco/;0
/gorenje-nrk-6192-aw4/;/gorenje-nrk-6192-aw4/;0
/tefal-fv6872/;/tefal-fv6872/;0
/tefal-hb-643138/;/tefal-hb-643138/;0
/solight-led-svietidlo-s-karabinou-30lm-cob-led-2x-cr2032-sucastou/;/solight-led-svietidlo-s-karabinou--30lm--cob-led--2x-cr2032-sucastou/;0
/kaon-mz-104-skylink-nagravision-bezkartovy-system/;/kaon-mz-104-skylink-nagravision-bezkartovy-system/;0
/lg-rc91v9av4n/;/lg-rc91v9av4n/;0
/gorenje-ect-643-bx/;/gorenje-ect-643-bx/;0
/solight-nocne-led-svetielko-so-svetelnym-senzorom-3000k-230v/;/solight-nocne-led-svetielko-so-svetelnym-senzorom--3000k--230v/;0
/solight-nocne-led-rgb-svetielko-so-svetelnym-senzorom-volitelna-farba-svetla-230v/;/solight-nocne-led-rgb-svetielko-so-svetelnym-senzorom--volitelna-farba-svetla--230v/;0
/baterie-olovena-12v-33ah-vipow-bezudrzbovy-akumulator/;/baterie-olovena--12v-33ah--vipow-bezudrzbovy-akumulator/;0
/maxxo-dg-24/;/maxxo-dg-24/;0
/meteorologicka-stanice-garni-570-easy-iii/;/meteorologicka-stanice-garni-570-easy-iii/;0
/meteorologicka-stanice-s-6denni-predpovedi-garni-1085-arcus/;/meteorologicka-stanice-s-6denni-predpovedi-garni-1085-arcus/;0
/garni-072l-cidlo-detekce-blesku/;/garni-072l-cidlo-detekce-blesku/;0
/garni-071s-bezdratove-cidlo-pro-mereni-teploty-a-relativni-vlhkosti-pudy/;/garni-071s-bezdratove-cidlo-pro-mereni-teploty-a-relativni-vlhkosti-pudy/;0
/bezdratove-cidlo-garni-056h/;/bezdratove-cidlo-garni-056h/;0
/indesit-btw-s6240p-eu-n/;/indesit-btw-s6240p-eu-n/;0
/solight-90-vymenna-sosovka-pre-high-bay-wph-200w-007/;/solight-90-vymenna-sosovka-pre-high-bay-wph-200w-007/;0
/solight-90-vymenna-sosovka-pre-high-bay-radu-006/;/solight-90-vymenna-sosovka-pre-high-bay-radu-006/;0
/solight-high-bay-200w-28000lm-120-meanwell-5000k-ugr/;/solight-high-bay--200w--28000lm--120--meanwell-5000k--ugr/;0
/solight-90-vymenna-sosovka-pre-high-bay-wph-150w-007-a-wph-100w-007/;/solight-90-vymenna-sosovka-pre-high-bay-wph-150w-007-a-wph-100w-007/;0
/solight-high-bay-100w-14000lm-120-meanwell-5000k-ugr/;/solight-high-bay--100w--14000lm--120--meanwell-5000k--ugr/;0
/whirlpool-ffb-8469-bv-ee/;/whirlpool-ffb-8469-bv-ee/;0
/gorenje-bmi201ag1x/;/gorenje-bmi201ag1x/;0
/alma-1660-dongle-set-top-box-dvb-t2-h-265-hevc/;/alma-1660-dongle-set-top-box-dvb-t2--h-265-hevc-/;0
/gorenje-mo17e1s/;/gorenje-mo17e1s/;0
/electrolux-es-53/;/electrolux-es-53/;0
/amiko-mira-3-wifi-dvb-s2-prijimac/;/amiko-mira-3-wifi-dvb-s2-prijimac/;0
/remington-s-5525/;/remington-s-5525/;0
/beko-bbir17300bcs/;/beko-bbir17300bcs/;0
/beko-bmgb25332bg/;/beko-bmgb25332bg/;0
/solight-led-smart-vonkajsia-retaz-s-rgb-ziarovkami-bluetooth-15-ziaroviek-14m-6m-10w/;/solight-led-smart-vonkajsia-retaz-s-rgb-ziarovkami--bluetooth--15-ziaroviek--14m-6m--10w/;0
/solight-led-nabytkove-osvetlenie-2-5-w-200lm-nabijacie-pir-sensor-31cm/;/solight-led-nabytkove-osvetlenie--2-5-w--200lm--nabijacie--pir-sensor--31cm/;0
/tesla-te-222-dongle-set-top-box-dvb-t2-h-265/;/tesla-te-222-dongle-set-top-box-dvb-t2-h-265/;0
/solight-bezdrotovy-zvoncek-bateriovy-200m-biely-learning-code/;/solight-bezdrotovy-zvoncek--bateriovy--200m--biely--learning-code/;0
/solight-bezdrotovy-hlasic-pohybu-gong-externe-pir-cidlo-napajanie-bateriami-biely/;/solight-bezdrotovy-hlasic-pohybu-gong--externe-pir-cidlo--napajanie-bateriami--biely/;0
/solight-bezdrotovy-hlasic-pohybu-gong-napajanie-zo-zasuvky-externe-pir-cidlo/;/solight-bezdrotovy-hlasic-pohybu-gong--napajanie-zo-zasuvky--externe-pir-cidlo/;0
/solight-led-ziarovka-klasicky-tvar-22w-e27-4000k-270-2090lm/;/solight-led-ziarovka--klasicky-tvar--22w--e27--4000k--270--2090lm/;0
/solight-led-ziarovka-klasicky-tvar-22w-e27-3000k-270-2090lm/;/solight-led-ziarovka--klasicky-tvar--22w--e27--3000k--270--2090lm/;0
/solight-led-ziarovka-klasicky-tvar-18w-e27-4000k-270-1710lm/;/solight-led-ziarovka--klasicky-tvar--18w--e27--4000k--270--1710lm/;0
/solight-led-ziarovka-klasicky-tvar-18w-e27-3000k-270-1710lm/;/solight-led-ziarovka--klasicky-tvar--18w--e27--3000k--270--1710lm/;0
/solight-led-vianocna-hviezda-zavesna-60cm-20x-led-casovac-2x-aa/;/solight-led-vianocna-hviezda--zavesna--60cm--20x-led--casovac--2x-aa/;0
/solight-led-nastenna-dekoracia-vianocna-hviezda-24x-led-2x-aa/;/solight-led-nastenna-dekoracia-vianocna-hviezda--24x-led--2x-aa/;0
/solight-led-nastenna-dekoracia-vianocny-stromcek-24x-led-2x-aa/;/solight-led-nastenna-dekoracia-vianocny-stromcek--24x-led--2x-aa/;0
/solight-led-adventny-kalendar-horska-chata-10x-led-50x40cm-2x-aa/;/solight-led-adventny-kalendar-horska-chata-10x-led--50x40cm--2x-aa/;0
/solight-led-vianocna-dedinka-34x17cm-drevo-4-led-2x-aa/;/solight-led-vianocna-dedinka--34x17cm--drevo--4-led--2x-aa/;0
/solight-led-zimna-dedinka-modularna-14x-prvkov-10x-led-2x-aaa/;/solight-led-zimna-dedinka--modularna--14x-prvkov--10x-led--2x-aaa/;0
/solight-led-ratanova-hviezda-40x-led-2x-aa-40cm/;/solight-led-ratanova-hviezda--40x-led--2x-aa--40cm/;0
/solight-led-ratanove-srdce-30x-led-2x-aa-30cm/;/solight-led-ratanove-srdce--30x-led--2x-aa--30cm/;0
/solight-led-stropne-svietidlo-plain-3cct-36w-2520lm-3000k-4000k-6000k-okruhle-45cm/;/solight-led-stropne-svietidlo-plain--3cct--36w--2520lm--3000k--4000k--6000k--okruhle--45cm/;0
/solight-led-snehuliak-26cm-6x-led-ip20-3x-aa/;/solight-led-snehuliak--26cm--6x-led--ip20--3x-aa/;0
/solight-led-okenna-retaz-snehuliaci-6x-led-prisavna-120cm-2x-aa/;/solight-led-okenna-retaz-snehuliaci--6x-led--prisavna--120cm--2x-aa/;0
/solight-led-okenna-retaz-santa-6x-led-prisavna-120cm-2x-aa/;/solight-led-okenna-retaz-santa--6x-led--prisavna--120cm--2x-aa/;0
/solight-led-vianocne-mestecko-s-kostolom-30x19cm-2x-aaa/;/solight-led-vianocne-mestecko-s-kostolom--30x19cm--2x-aaa/;0
/solight-led-zavesna-dekoracia-les-s-jelenami-14x-led-2x-aa/;/solight-led-zavesna-dekoracia-les-s-jelenami--14x-led--2x-aa/;0
/solight-led-adventny-kalendar-kniha-8x-led-40x30cm-2x-aaa/;/solight-led-adventny-kalendar-kniha--8x-led--40x30cm--2x-aaa/;0
/albrecht-dr-112/;/albrecht-dr-112/;0
/solight-led-vonkajsi-vianocny-zaves-hviezdy-sirka-3m-123led-ip44-3xaa-tepla-biela/;/solight-led-vonkajsi-vianocny-zaves--hviezdy--sirka-3m--123led--ip44-3xaa--tepla-biela/;0
/solight-led-snehuliak-vonkajsii-40led-tepla-beila-ip44-vyska-70cm-3x-aa-casovac/;/solight-led-snehuliak-vonkajsii-40led--tepla-beila--ip44--vyska-70cm--3x-aa--casovac/;0
/gorenje-bm201ag1x/;/gorenje-bm201ag1x/;0
/rack-18s-sw/;/monacor-rack-18s-sw-studio-rack-for-482-mm--19-devices--18-ru/;0
/rack-18gd-sw/;/monacor-rack-18gd-sw-studio-rack-for-482-mm--19-devices--18-ru/;0
/rack-12s-sw/;/monacor-rack-12s-sw-studio-rack-for-482-mm--19-devices--12-ru/;0
/rack-12gd-sw/;/monacor-rack-12gd-sw-studio-rack-for-482-mm--19-devices--12-ru/;0
/garni-gar-175-usb-datalogger-pro-mereni-teploty-a-rel-vlhkosti/;/garni-gar-175-usb-datalogger-pro-mereni-teploty-a-rel--vlhkosti/;0
/meteorologicka-stanice-garni-547-line/;/meteorologicka-stanice-garni-547-line/;0
/vnitrni-bezdratove-cidlo-kvality-vzduchu-garni-104q/;/vnitrni-bezdratove-cidlo-kvality-vzduchu-garni-104q/;0
/chytra-meteorologicka-stanice-garni-925t/;/chytra-meteorologicka-stanice-garni-925t/;0
/garni-gar-191-usb-datalogger-pro-mereni-teploty-a-rel-vlhkosti/;/garni-gar-191-usb-datalogger-pro-mereni-teploty-a-rel--vlhkosti/;0
/garni-32f-bezdratove-cidlo/;/garni-32f-bezdratove-cidlo/;0
/meteorologicka-stanice-garni-750/;/meteorologicka-stanice-garni-750/;0
/yamaha-tw-e5b-gray/;/yamaha-tw-e5b-gray/;0
/yamaha-tw-e5b-brown/;/yamaha-tw-e5b-brown/;0
/rcs-53-sw/;/monacor-rcs-53-sw-482-mm--19-document-drawer--3-ru/;0
/rcs-52-sw/;/monacor-rcs-52-sw-482-mm--19-document-drawer--2-ru/;0
/rack-mxt52mp3/;/monacor-rack-mxt52mp3-wall-mounted-housing-for-mxt-52mp3/;0
/pdm-302ptt/;/monacor-pdm-302ptt-pa-desktop-microphone--push-to-talk-/;0
/it-400dtm/;/monacor-it-400dtm-weatherproof-active-2-way-horn-speaker--music-horn--with-integrated-dante-sup---sup--module/;0
/yamaha-cd-s303-black/;/yamaha-cd-s303-black/;0
/solight-detektor-dymu-s-wifi-pripojenim/;/solight-detektor-dymu-s-wifi-pripojenim/;0
/solight-nahradny-akumulator-typ-18650-3-7-v-li-ion-3350mah/;/solight-nahradny-akumulator-typ-18650--3-7-v--li-ion-3350mah/;0
/solight-nahradny-akumulator-typ-18650-3-7-v-li-ion-2800mah/;/solight-nahradny-akumulator-typ-18650--3-7-v--li-ion-2800mah/;0
/guzzanti-gz-8401a/;/guzzanti-gz-8401a/;0
/guzzanti-gz-441/;/guzzanti-gz-441/;0
/amica-st-62-bbg/;/amica-st-62-bbg/;0
/amica-skz-65-bb/;/amica-skz-65-bb/;0
/gorenje-rb493pw/;/gorenje-rb493pw/;0
/gorenje-gs620c10w/;/gorenje-gs620c10w/;0
/yamaha-tw-e3b-purple/;/yamaha-tw-e3b-purple/;0
/yamaha-tw-e3b-gray/;/yamaha-tw-e3b-gray/;0
/yamaha-tw-e3b-green/;/yamaha-tw-e3b-green/;0
/yamaha-tw-e3b-blue/;/yamaha-tw-e3b-blue/;0
/electrolux-e4gk1-4gb/;/electrolux-e4gk1-4gb/;0
/electrolux-el61a4ug/;/electrolux-el61a4ug/;0
/electrolux-el61c3db/;/electrolux-el61c3db/;0
/electrolux-e3hb1-4gg/;/electrolux-e3hb1-4gg/;0
/electrolux-e3tb1-4gg/;/electrolux-e3tb1-4gg/;0
/electrolux-euoc94db/;/electrolux-euoc94db/;0
/electrolux-eskq9/;/electrolux-eskq9/;0
/electrolux-e3k1-3st/;/electrolux-e3k1-3st/;0
/electrolux-e7k1-6bp/;/electrolux-e7k1-6bp/;0
/electrolux-e3t1-3st/;/electrolux-e3t1-3st/;0
/electrolux-e7t1-6bp/;/electrolux-e7t1-6bp/;0
/electrolux-pd82-4mb-svetle-modra/;/electrolux-pd82-4mb-svetle-modra/;0
/electrolux-ump1s/;/electrolux-ump1s/;0
/electrolux-e200sm/;/electrolux-e200sm/;0
/electrolux-ef150/;/electrolux-ef150/;0
/electrolux-e200s/;/electrolux-e200s/;0
/electrolux-e206s/;/electrolux-e206s/;0
/electrolux-ef-1/;/electrolux-ef-1/;0
/electrolux-epf61rr/;/electrolux-epf61rr/;0
/electrolux-mck-cz/;/electrolux-mck-cz/;0
/electrolux-f-134/;/electrolux-f-134/;0
/electrolux-efs-1-w/;/electrolux-efs-1-w/;0
/electrolux-700-flex-maxiflex-eem48200ix/;/electrolux-700-flex-maxiflex-eem48200ix/;0
/panasonic-sc-ua30e-k/;/panasonic-sc-ua30e-k/;0
/sony-sluchatka-mdr-zx110-ap-cerna/;/sony-sluchatka-mdr-zx110-ap-cerna/;0
/solight-profesionalna-meteostanica-prehladny-a-dizajnovy-displej-tlak-teplota-vlhkost-zrazky-hodnoty-vetra/;/solight-profesionalna-meteostanica--prehladny-a-dizajnovy-displej--tlak--teplota--vlhkost--zrazky--hodnoty-vetra/;0
/beko-atp5500n/;/beko-atp5500n/;0
/beko-atp3100n/;/beko-atp3100n/;0
/amiko-mini-hd265-wifi/;/amiko-mini-hd265-wifi/;0
/it-130ak/;/monacor-it-130ak-active-horn-speaker--weatherproof/;0
/beko-hii64500uft/;/beko-hii64500uft/;0
/whirlpool-mwf-420-bl/;/whirlpool-mwf-420-bl/;0
/garni-502-meteorologicka-stanice/;/garni-502-meteorologicka-stanice/;0
/garni-052h-bezdratove-cidlo/;/garni-052h-bezdratove-cidlo/;0
/garni-ad1-sitovy-adapter-vyhrivani-anemometru/;/garni-ad1-sitovy-adapter-vyhrivani-anemometru/;0
/garni-3055-arcus-wi-fi-meteorologicka-stanice/;/garni-3055-arcus-wi-fi-meteorologicka-stanice/;0
/garni-094l-cidlo-detekce-blesku/;/garni-094l-cidlo-detekce-blesku/;0
/garni-092h-bezdratove-cidlo/;/garni-092h-bezdratove-cidlo/;0
/garni-080q-meric-kvality-venkovniho-ovzdusi/;/garni-080q-meric-kvality-venkovniho-ovzdusi/;0
/remington-mb-320c/;/remington-mb-320c/;0
/solight-led-smart-stropne-svetlo-wave-30w-2300lm-wifi-rgb-cct-dialkove-ovladanie/;/solight-led-smart-stropne-svetlo-wave--30w--2300lm--wifi--rgb-cct--dialkove-ovladanie/;0
/tesla-combo-tv-quad-lnb-konvertor-s-lte-filtrem/;/tesla-combo-tv-quad-lnb-konvertor-s-lte-filtrem/;0
/tesla-combo-tv-twin-lnb-konvertor-s-lte-filtrem/;/tesla-combo-tv-twin-lnb-konvertor-s-lte-filtrem/;0
/tesla-combo-tv-single-lnb-konvertor-s-lte-filtrem/;/tesla-combo-tv-single-lnb-konvertor-s-lte-filtrem/;0
/adp-bt-au-2x1/;/org-adp-bt-au-2x1-dante-sup---sup--avio-bluetooth-adapter/;0
/inverto-ultra-twin-hgln-40-mm-0-2-db/;/inverto-ultra-twin-hgln-40-mm-0-2-db/;0
/inverto-ultra-quad-hgln-40-mm-0-2-db/;/inverto-ultra-quad-hgln-40-mm-0-2-db/;0
/tcb-22/;/monacor-tcb-22-2-channel-audio-balancing-transformer/;0
/scanpart-univerzalni-tekuty-odvapnovac-1/;/scanpart-univerzalni-tekuty-odvapnovac-1/;0
/yamaha-a-s701-black/;/yamaha-a-s701-black/;0
/inverto-ultra-single-idlt-snl412-0-2-db/;/inverto-ultra-single-idlt-snl412-0-2-db/;0
/solight-prepojovaci-konektor-flexibilny-pre-cob-led-pasy-15cm-balenie-1ks-sacok/;/solight-prepojovaci-konektor-flexibilny-pre-cob-led-pasy--15cm--balenie-1ks--sacok/;0
/solight-prepojovaci-konektor-pevny-pre-cob-led-pasy-balenie-1ks-sacok/;/solight-prepojovaci-konektor-pevny-pre-cob-led-pasy--balenie-1ks--sacok/;0
/solight-led-cob-svetelny-pas-5m-10w-m-1000lm-m-cri-90-ip44-studena-biela/;/solight-led-cob-svetelny-pas-5m--10w-m--1000lm-m--cri-90--ip44--studena-biela/;0
/solight-led-cob-svetelny-pas-5m-10w-m-1000lm-m-cri-90-ip44-neutralna-biela/;/solight-led-cob-svetelny-pas-5m--10w-m--1000lm-m--cri-90--ip44--neutralna-biela/;0
/solight-led-cob-svetelny-pas-5m-10w-m-1000lm-m-cri-90-ip44-tepla-biela/;/solight-led-cob-svetelny-pas-5m--10w-m--1000lm-m--cri-90--ip44--tepla-biela/;0
/inverto-ultra-quattro-idlt-qtl412-lnb-0-2-db/;/inverto-ultra-quattro-idlt-qtl412-lnb-0-2-db/;0
/solight-meteostanica-aplikacia-smart-life-extra-velky-farebny-lcd-teplota-vlhkost-tlak-usb-nabijanie-cierna/;/solight-meteostanica--aplikacia-smart-life--extra-velky-farebny-lcd--teplota--vlhkost--tlak--usb-nabijanie--cierna/;0
/solight-meteostanica-xl-farebny-lcd-teplota-vlhkost-tlak-rcc-cierna/;/solight-meteostanica--xl-farebny-lcd--teplota--vlhkost--tlak--rcc--cierna/;0
/solight-led-smart-stojaca-lampa-rainbow-wifi-rgb-cct-140-cm/;/solight-led-smart-stojaca-lampa-rainbow--wifi--rgb--cct--140-cm/;0
/solight-led-wifi-smart-rgb-pasik-pre-tv-4x50cm-usb/;/solight-led-wifi-smart-rgb-pasik-pre-tv--4x50cm--usb/;0
/solight-led-dekoracie-zavesna-les-a-jelen-biela-a-hneda-2x-aaa/;/solight-led-dekoracie-zavesna--les-a-jelen--biela-a-hneda--2x-aaa/;0
/amiko-8265-dvb-s2-t2-c-kombo-prijimac-hd/;/amiko-8265--dvb-s2-t2-c-kombo-prijimac-hd/;0
/yamaha-xda-amp5400rk/;/yamaha-xda-amp5400rk/;0
/electrolux-perfectcare-700-ew7tn23372c/;/electrolux-perfectcare-700-ew7tn23372c/;0
/electrolux-serie-300-lil61434c/;/electrolux-serie-300-lil61434c/;0
/yamaha-a-s301-black/;/yamaha-a-s301-black/;0
/edl-530en-ws/;/monacor-edl-530en-ws-pa-pendant-speaker/;0
/edl-530en-sw/;/monacor-edl-530en-sw-pa-pendant-speaker/;0
/gorenje-mo-4250-cli/;/gorenje-mo-4250-cli/;0
/yamaha-cd-s303-silver/;/yamaha-cd-s303-silver/;0
/yamaha-yht-4960-black/;/yamaha-yht-4960-black/;0
/yamaha-rx-a6a-black/;/yamaha-rx-a6a-black/;0
/amica-fs-18-tob/;/amica-fs-18-tob/;0
/electrolux-perfectcare-600-ew6tn4262c/;/electrolux-perfectcare-600-ew6tn4262c/;0
/electrolux-eem63301l/;/electrolux-eem63301l/;0
/electrolux-lit30230c/;/electrolux-lit30230c/;0
/electrolux-eec67310l/;/electrolux-eec67310l/;0
/electrolux-lfg719x/;/electrolux-lfg719x/;0
/gorenje-th62e3x/;/gorenje-th62e3x/;0
/whirlpool-wbc-3c34-pf-x/;/whirlpool-wbc-3c34-pf-x/;0
/albrecht-dr-865/;/albrecht-dr-865/;0
/electrolux-hob2hood-lfv416k/;/electrolux-hob2hood-lfv416k/;0
/electrolux-esf2400ow/;/electrolux-esf2400ow/;0
/electrolux-300-airdry-eea12100l/;/electrolux-300-airdry-eea12100l/;0
/whirlpool-whm22113-3/;/whirlpool-whm22113-3/;0
/electrolux-700-flex-maxiflex-ees48200l/;/electrolux-700-flex-maxiflex-ees48200l/;0
/electrolux-600-flex-ees42210l/;/electrolux-600-flex-ees42210l/;0
/yamaha-rx-v6a-black/;/yamaha-rx-v6a-black/;0
/yamaha-a-s1200-silver/;/yamaha-a-s1200-silver/;0
/yamaha-a-s1200-black/;/yamaha-a-s1200-black/;0
/electrolux-600-flex-ees42210ix/;/electrolux-600-flex-ees42210ix/;0
/yamaha-rx-v4a-black/;/yamaha-rx-v4a-black/;0
/thomson-mic201ibt/;/thomson-mic201ibt/;0
/whirlpool-ws-q2160-ne/;/whirlpool-ws-q2160-ne/;0
/electrolux-300-airdry-eea22100l/;/electrolux-300-airdry-eea22100l/;0
/tefal-hb-65kd38/;/tefal-hb-65kd38/;0
/whirlpool-wsic-3m27-c/;/whirlpool-wsic-3m27-c/;0
/beko-hilg64325sdx/;/beko-hilg64325sdx/;0
/beko-hilg64220sw/;/beko-hilg64220sw/;0
/electrolux-600-pro-eod3h50tx/;/electrolux-600-pro-eod3h50tx/;0
/electrolux-300-cir60430cb/;/electrolux-300-cir60430cb/;0
/electrolux-600-pro-ees47320l/;/electrolux-600-pro-ees47320l/;0
/yamaha-wx-021-musiccast-20-white/;/yamaha-wx-021-musiccast-20-white/;0
/electrolux-eit60443x/;/electrolux-eit60443x/;0
/electrolux-eiv-854/;/electrolux-eiv-854/;0
/electrolux-kgs-6404-sx/;/electrolux-kgs-6404-sx/;0
/beko-hilg-64220-s/;/beko-hilg-64220-s/;0
/russell-hobbs-23310-56-rh/;/russell-hobbs-23310-56-rh/;0
/guzzanti-gz-44/;/guzzanti-gz-44/;0
/russell-hobbs-20920-56-rh/;/russell-hobbs-20920-56-rh/;0
/russell-hobbs-23480-56-rh/;/russell-hobbs-23480-56-rh/;0
/russell-hobbs-22280-56-rh/;/russell-hobbs-22280-56-rh/;0
/russell-hobbs-21391-56-rh/;/russell-hobbs-21391-56-rh/;0
/russell-hobbs-20760-57-rh/;/russell-hobbs-20760-57-rh/;0
/sanitas-shk-28/;/sanitas-shk-28/;0
/koma-ze01pl-zelmer-cobra/;/koma-ze01pl-zelmer-cobra/;0
/koma-wb02pl-rowenta-wonderbag/;/koma-wb02pl-rowenta-wonderbag/;0
/koma-vh35rr-vytokova-hadice-3-5-m/;/koma-vh35rr-vytokova-hadice-3-5-m/;0
/koma-rw02s-rowenta-compacteo-sms/;/koma-rw02s-rowenta-compacteo-sms/;0
/koma-vorwerk-vk-130-131-v130/;/koma-vorwerk-vk-130-131-v130/;0
/koma-rw01s-rowenta-ru-rb-sms/;/koma-rw01s-rowenta-ru-rb-sms/;0
/koma-ze01s-zelmer-cobra-furio-sms/;/koma-ze01s-zelmer-cobra--furio-sms/;0
/koma-uf01-uhlikovy-filtr-odsavac-60x50cm/;/koma-uf01-uhlikovy-filtr-odsavac-60x50cm/;0
/koma-ph02s-philips-triathlon-sms/;/koma-ph02s-philips-triathlon-sms/;0
/koma-kf02-filtr-do-kavovaru-c-2/;/koma-kf02-filtr-do-kavovaru-c--2/;0
/koma-hfex1-hepa-filtr-electrolux/;/koma-hfex1-hepa-filtr-electrolux/;0
/koma-ml02pl-miele-f-j-m-sms/;/koma-ml02pl-miele-f-j-m-sms/;0
/koma-nh45-napousteci-hadice-4-5-m/;/koma-nh45-napousteci-hadice-4-5-m/;0
/koma-sb02s-electrolux-multi-bag-sms/;/koma-sb02s-electrolux-multi-bag-sms/;0
/koma-et24s-eta-onyx-1466-sms/;/koma-et24s-eta-onyx-1466-sms/;0
/koma-et33s-eta-viva-1458-sms/;/koma-et33s-eta-viva-1458-sms/;0
/koma-ex02s-electrolux-mondo-sms/;/koma-ex02s-electrolux-mondo-sms/;0
/koma-dw03s-daewoo-rc-300-sms/;/koma-dw03s-daewoo-rc-300-sms/;0
/koma-et07s-eta-optimo-1406-astro/;/koma-et07s-eta-optimo-1406--astro/;0
/electrolux-e2yh01/;/electrolux-e2yh01/;0
/koma-ec14s-ecg/;/koma-ec14s-ecg/;0
/koma-et35pl-kompat-sacky-s-eta-unibag/;/koma-et35pl-kompat--sacky-s-eta-unibag/;0
/koma-ec12s-ecg/;/koma-ec12s-ecg/;0
/koma-ec13s-ecg/;/koma-ec13s-ecg/;0
/koma-ec11s-ecg/;/koma-ec11s-ecg/;0
/sony-sluchatka-mdr-ex15lp-cerna/;/sony-sluchatka-mdr-ex15lp--cerna/;0
/electrolux-menalux-4000/;/electrolux-menalux-4000/;0
/electrolux-menalux-3200/;/electrolux-menalux-3200/;0
/electrolux-ef-26-efh-12-w/;/electrolux-ef-26--efh-12-w/;0
/russell-hobbs-20630-56/;/russell-hobbs-20630-56/;0
/remington-s-8500/;/remington-s-8500/;0
/remington-ci-95-pearl/;/remington-ci-95-pearl/;0
/remington-d-2400/;/remington-d-2400/;0
/remington-d-5219/;/remington-d-5219/;0
/remington-d-3015/;/remington-d-3015/;0
/remington-spf-300/;/remington-spf-300/;0
/tefal-zp-300138/;/tefal-zp-300138/;0
/nescafe-dolce-gusto-cafe-au-lait-30cap/;/nescafe-dolce-gusto-cafe-au-lait-30cap/;0
/tassimo-jacobs-cafe-au-lait-16x11-5g/;/tassimo-jacobs-cafe-au-lait-16x11-5g/;0
/tassimo-jacobs-caffe-crema-classico16x7g/;/tassimo-jacobs-caffe-crema-classico16x7g/;0
/koma-ec04s-ecg-vp-878-sms/;/koma-ec04s-ecg-vp-878-sms/;0
/koma-ag28s-aeg-c-28-vampyr-sms/;/koma-ag28s-aeg-c--28-vampyr-sms/;0
/electrolux-es-17/;/electrolux-es-17/;0
/electrolux-ehf6346xok/;/electrolux-ehf6346xok/;0
/beko-hdmc-32400-tx/;/beko-hdmc-32400-tx/;0
/lenco-icr-210-modra/;/lenco-icr-210-modra/;0
/yamaha-a-s301-silver/;/yamaha-a-s301-silver/;0
/yamaha-a-s201-silver/;/yamaha-a-s201-silver/;0
/yamaha-a-s201-black/;/yamaha-a-s201-black/;0
/yamaha-ns-sw100-black/;/yamaha-ns-sw100-black/;0
/yamaha-ns-sw050-black/;/yamaha-ns-sw050-black/;0
/yamaha-r-s202d-silver/;/yamaha-r-s202d-silver/;0
/yamaha-r-s202d-black/;/yamaha-r-s202d-black/;0
/drive-15p/;/img-stage-line-drive-15p-professional-pa-speaker-system--700-w/;0
/drive-15a/;/img-stage-line-drive-15a-professional-active-dsp-speaker-system-with-2-channel-amplifier--360-w/;0
/drive-12p/;/img-stage-line-drive-12p-professional-pa-speaker-system--500-w/;0
/drive-12a/;/img-stage-line-drive-12a-professional-active-dsp-speaker-system-with-2-channel-amplifier--350-w/;0
/drive-10p/;/img-stage-line-drive-10p-professional-pa-speaker-system--400-w/;0
/drive-10a/;/img-stage-line-drive-10a-professional-active-dsp-speaker-system-with-2-channel-amplifier--200-w/;0
/drive-08p/;/img-stage-line-drive-08p-professional-pa-speaker-system--300-w/;0
/drive-08a/;/img-stage-line-drive-08a-professional-active-dsp-speaker-system-with-2-channel-amplifier--200-w/;0
/dm-730s/;/img-stage-line-dm-730s-dynamicky-mikrofon/;0
/dm-730/;/img-stage-line-dm-730-dynamicky-mikrofon/;0
/dm-720s/;/img-stage-line-dm-720s-dynamicky-mikrofon/;0
/dm-720/;/img-stage-line-dm-720-dynamicky-mikrofon/;0
/dm-710/;/img-stage-line-dm-710-dynamicky-mikrofon/;0
/pm-35usb/;/jts-pm-35usb-dynamic-microphone-with-usb-connector/;0
/wall-08t-ws/;/monacor-wall-08t-ws-pair-of-2-way-pa-speaker-systems--white/;0
/wall-08t-sw/;/monacor-wall-08t-sw-pair-of-2-way-pa-speaker-systems--black/;0
/solight-led-wifi-smart-vonkajsia-vianocna-retaz-400-led-20m-privod-5m-tepla-biela-viacfarebny/;/solight-led-wifi-smart-vonkajsia-vianocna-retaz--400-led--20m--privod-5m--tepla-biela-viacfarebny/;0
/solight-led-wifi-smart-vonkajsia-vianocna-retaz-240-led-12m-privod-3m-tepla-biela-viacfarebny/;/solight-led-wifi-smart-vonkajsia-vianocna-retaz--240-led--12m--privod-3m--tepla-biela-viacfarebny/;0
/solight-led-stropne-svietidlo-plain-15w-1000lm-4000k-okruhle-26cm/;/solight-led-stropne-svietidlo-plain--15w--1000lm--4000k--okruhle--26cm/;0
/solight-led-stropne-svietidlo-plain-15w-1200lm-3000k-okruhle-26cm/;/solight-led-stropne-svietidlo-plain--15w--1200lm--3000k--okruhle--26cm/;0
/solight-led-svetelny-pas-5m-198led-m-16w-m-1500lm-m-ip20-neutralni-biela/;/solight-led-svetelny-pas-5m--198led-m--16w-m--1500lm-m--ip20--neutralni-biela/;0
/solight-led-svetelny-pas-5m-120led-m-10w-m-1100lm-m-ip20-neutralna-biela/;/solight-led-svetelny-pas-5m--120led-m--10w-m--1100lm-m--ip20--neutralna-biela/;0
/edl-420-sw/;/monacor-edl-420-sw-gulovy-reproduktor-pa-odolny-voci-poveternostnym-vplyvom--cierny/;0
/edl-412-sw/;/monacor-edl-412-sw-pa-reproduktor-odolny-voci-poveternostnym-vplyvom--cierny/;0
/solight-led-vianocne-zaves-cencule-360-led-9m-x-0-7m-privod-6m-vonkajsie-teple-biele-svetlo/;/solight-led-vianocne-zaves--cencule--360-led--9m-x-0-7m--privod-6m--vonkajsie--teple-biele-svetlo/;0
/solight-led-vonkajsia-vianocna-retaz-s-dialkovy-ovladanim-a-zvukovym-senzorom-cluster-576-led-8-funkcii-casovac-ip44-viacfarebna/;/solight-led-vonkajsia-vianocna-retaz-s-dialkovy-ovladanim-a-zvukovym-senzorom-cluster--576-led--8-funkcii--casovac--ip44--viacfarebna/;0
/solight-led-vonkajsia-vianocna-retaz-s-dialkovy-ovladanim-cluster-576-led-8-funkcii-casovac-ip44-studena-biela/;/solight-led-vonkajsia-vianocna-retaz-s-dialkovy-ovladanim-cluster--576-led--8-funkcii--casovac--ip44--studena-biela/;0
/solight-led-retaz-s-ozdobnymi-priveskami-20led-60x-mini-dekoracie-2m-2x-aa/;/solight-led-retaz-s-ozdobnymi-priveskami-20led--60x-mini-dekoracie--2m--2x-aa/;0
/inverto-pro-twin-monoblok-23mm-lnb-4-3-a-19-2-b-23-5/;/inverto-pro-twin-monoblok-23mm-lnb-4-3--a-19-2-b-23-5-/;0
/solight-led-vonkajsie-osvetlenie-so-senzorom-siena-sive-20w-1500lm-4000k-ip54-23cm/;/solight-led-vonkajsie-osvetlenie-so-senzorom-siena--sive--20w--1500lm--4000k--ip54--23cm/;0
/solight-led-ziarovka-g4-1-5w-3000k-130lm/;/solight-led-ziarovka-g4--1-5w--3000k--130lm/;0
/gorenje-gw642cli/;/gorenje-gw642cli/;0
/gorenje-rk4182pw4/;/gorenje-rk4182pw4/;0
/gorenje-rb492pw/;/gorenje-rb492pw/;0
/solight-vianocny-veniec-priemer-40cm-15led-3x-aa-ip44-casovac/;/solight-vianocny-veniec--priemer-40cm--15led--3x-aa--ip44--casovac/;0
/solight-vianocny-stromcek-45cm-15led-3x-aa-ip44-casovac/;/solight-vianocny-stromcek-45cm--15led--3x-aa--ip44--casovac/;0
/solight-vianocna-led-drevena-dekoracia-hvezda-2x-aa/;/solight-vianocna-led-drevena-dekoracia--hvezda--2x-aa/;0
/solight-vianocna-led-drevena-dekoracia-stromcek-2x-aa/;/solight-vianocna-led-drevena-dekoracia--stromcek--2x-aa/;0
/kaon-mz-52-skylink-nagravision-bezkartovy-system/;/kaon-mz-52-skylink-nagravision-bezkartovy-system/;0
/solight-led-nabijacie-svietidlo-1400lm-zoom-power-bank-darcekove-balenie-li-ion/;/solight-led-nabijacie-svietidlo--1400lm--zoom--power-bank--darcekove-balenie--li-ion/;0
/solight-led-celove-nabijacie-svietidlo-3w-150lm-zoom-li-ion/;/solight-led-celove-nabijacie-svietidlo--3w--150lm--zoom--li-ion/;0
/esp-134-ws/;/monacor-esp-134-ws-pa-wall-speaker/;0
/beko-sim3126r/;/beko-sim3126r/;0
/konzola-atos-wifi-15-cm-mini/;/konzola-atos-wifi-15-cm-mini/;0
/konzola-na-balkon-stozar-40-cm-prumer-38mm-trmen/;/konzola-na-balkon-stozar-40-cm--prumer-38mm-trmen/;0
/konzola-na-balkon-stozar-60-cm-ohybana-trmen/;/konzola-na-balkon-stozar-60-cm--ohybana-trmen/;0
/konzola-na-balkon-stozar-30-cm-ohybana-trmen/;/konzola-na-balkon-stozar-30-cm--ohybana-trmen/;0
/amiko-mini-4k-s2x-dvb-s2-prijimac/;/amiko-mini-4k-s2x-dvb-s2-prijimac/;0
/konzola-zakladna-12x15-delka-40cm/;/konzola-zakladna-12x15-delka-40cm/;0
/konzola-zakladna-12x15-delka-20cm/;/konzola-zakladna-12x15-delka-20cm/;0
/edl-6/;/monacor-edl-6-pa-ceiling-speaker--8-w/;0
/patl-105/;/monacor-patl-105-5-cestny-100-v-transformator/;0
/solight-led-smart-wifi-ziarovka-klasicky-tvar-15w-e27-rgb-270-1350lm/;/solight-led-smart-wifi-ziarovka--klasicky-tvar--15w--e27--rgb--270--1350lm/;0
/sub-ws/;/org-sub-ws-spottune-sub-wireless-subwoofer--white/;0
/sub-sw/;/org-sub-sw-spottune-sub-wireless-subwoofer--black/;0
/omni-cord-ws/;/org-omni-cord-ws-spottune-omni-cord-speaker--white/;0
/omni-cord-sw/;/org-omni-cord-sw-spottune-omni-cord-speaker--black/;0
/stream/;/org-stream-spottune-stream-audio-streamer/;0
/omni-track-ws/;/org-omni-track-ws-spottune-omni-track-speaker--white/;0
/omni-track-sw/;/org-omni-track-sw-spottune-omni-track-speaker--black/;0
/yamaha-a-s2200-black/;/yamaha-a-s2200-black/;0
/yamaha-tt-n503-musiccast-vinyl-500-white/;/yamaha-tt-n503-musiccast-vinyl-500-white/;0
/sam-100wsub/;/monsk-sam-100wsub-wifi-modul-aktivneho-subwoofera--100-w-2---trieda-d/;0
/sam-80wifi/;/monsk-sam-80wifi-modul-aktivneho-reproduktora-2-x-40w-4---trieda-d/;0
/garni-419t-chytry-teplomer-s-vlhkomerem/;/garni-419t-chytry-teplomer-s-vlhkomerem/;0
/solight-led-svetelny-pas-5m-198led-m-16w-m-1500lm-m-ip20-tepla-biela/;/solight-led-svetelny-pas-5m--198led-m--16w-m--1500lm-m--ip20--tepla-biela/;0
/solight-led-svetelny-pas-5m-198led-m-16w-m-1500lm-m-ip20-studena-biela/;/solight-led-svetelny-pas-5m--198led-m--16w-m--1500lm-m--ip20--studena-biela/;0
/solight-led-svetelny-pas-5m-120led-m-10w-m-1100lm-m-ip20-tepla-biela/;/solight-led-svetelny-pas-5m--120led-m--10w-m--1100lm-m--ip20--tepla-biela/;0
/solight-led-svetelny-pas-5m-120led-m-10w-m-1100lm-m-ip20-studena-biela/;/solight-led-svetelny-pas-5m--120led-m--10w-m--1100lm-m--ip20--studena-biela/;0
/solight-led-vonkajsie-osvetlenie-siena-sive-20w-1500lm-4000k-ip54-23cm/;/solight-led-vonkajsie-osvetlenie-siena--sive--20w--1500lm--4000k--ip54--23cm/;0
/solight-led-vonkajsie-osvetlenie-siena-biele-13w-910lm-4000k-ip54-17cm/;/solight-led-vonkajsie-osvetlenie-siena--biele--13w--910lm--4000k--ip54--17cm/;0
/solight-led-vonkajsie-osvetlenie-siena-biele-20w-1500lm-4000k-ip54-23cm/;/solight-led-vonkajsie-osvetlenie-siena--biele--20w--1500lm--4000k--ip54--23cm/;0
/koaxialni-kabel-zircon-cu-125-alpe-100-m-6-8mm/;/koaxialni-kabel--zircon-cu-125-alpe-100-m-6-8mm/;0
/solight-led-ziarovka-miniglobe-6w-e14-6000k-510lm/;/solight-led-ziarovka--miniglobe--6w--e14--6000k--510lm/;0
/solight-led-ziarovka-miniglobe-6w-e27-6000k-510lm/;/solight-led-ziarovka--miniglobe--6w--e27--6000k--510lm/;0
/electrolux-700-sense-lfv619k/;/electrolux-700-sense-lfv619k/;0
/electrolux-300-lms2203emx/;/electrolux--300-lms2203emx/;0
/electrolux-eiv634/;/electrolux-eiv634/;0
/solight-prepojovaci-konektor-pre-rgb-led-pasy-zacvakavacie-balenie-1ks-sacok/;/solight-prepojovaci-konektor-pre-rgb-led-pasy--zacvakavacie--balenie-1ks--sacok/;0
/albrecht-dr-54/;/albrecht-dr-54/;0
/pa-812dap/;/monacor-pa-812dap-mono-class-d-pa-mixing-amplifier--mp3--usb-sd--fm--dab-bt--120-w/;0
/pa-806dap/;/monacor-pa-806dap-mono-class-d-pa-mixing-amplifier--mp3--usb-sd--fm--dab-bt--60-w/;0
/tesla-te-3000-skylink-irdeto-system-na-kartu/;/tesla-te-3000-skylink-irdeto-system-na-kartu/;0
/koaxialni-kabel-zircon-cu-121-al-150-m-5mm/;/koaxialni-kabel-zircon-cu-121-al-150-m-5mm/;0
/move-12-bag/;/monacor-move-12-bag-protective-cover-for-speaker-system-move-12pmk2/;0
/move-10pmk2/;/monacor-move-10pmk2-professional-pa-speaker-system--350-w--8-/;0
/move-10-bag/;/monacor-move-10-bag-protective-cover-for-speaker-system-move-10pmk2/;0
/move-08pmk2/;/monacor-move-08pmk2-professional-pa-speaker-system--250-w--8-/;0
/solight-bezdrotovy-zvoncek-do-zasuvky-200m-cierny-learning-code/;/solight-bezdrotovy-zvoncek--do-zasuvky--200m--cierny--learning-code/;0
/solight-bezdrotovy-zvoncek-2-tlacidla-do-zasuvky-200m-biely-learning-code/;/solight-bezdrotovy-zvoncek--2-tlacidla--do-zasuvky--200m--biely--learning-code/;0
/solight-2x-bezdrotovy-zvoncek-do-zasuvky-200m-biely-learning-code/;/solight-2x-bezdrotovy-zvoncek--do-zasuvky--200m--biely--learning-code/;0
/solight-bezdrotovy-zvoncek-do-zasuvky-200m-biely-learning-code/;/solight-bezdrotovy-zvoncek--do-zasuvky--200m--biely--learning-code-2/;0
/solight-bezdrotove-tlacidlo-pre-1l67-1l68-200m-biele-learning-code-kryt-na-menovku/;/solight-bezdrotove-tlacidlo-pre-1l67--1l68--200m--biele--learning-code--kryt-na-menovku/;0
/tesla-multifeed-quattro-lnb-konvertor-s-lte-filtrem/;/tesla-multifeed-quattro-lnb-konvertor-s-lte-filtrem/;0
/tesla-multifeed-quad-lnb-konvertor-s-lte-filtrem/;/tesla-multifeed-quad-lnb-konvertor-s-lte-filtrem/;0
/tesla-multifeed-single-lnb-konvertor-s-lte-filtrem/;/tesla-multifeed-single-lnb-konvertor-s-lte-filtrem/;0
/ip-former/;/org-ip-former-ip-audio-decoder/;0
/spc-515-sw-eu/;/monpl-spc-515-ws-eu-reproduktorovy-kabel/;0
/txs-616set-2/;/img-stage-line-txs-616set-2-multifrequency-microphone-system--672-000-696-975-mhz--incl--transmitter-and-receiver/;0
/solight-led-mini-panel-cct-podhladovy-6w-450lm-3000k-4000k-6000k-stvorcovy/;/solight-led-mini-panel-cct--podhladovy--6w--450lm--3000k--4000k--6000k--stvorcovy/;0
/solight-led-mini-panel-cct-podhladovy-6w-450lm-3000k-4000k-6000k-okruhly/;/solight-led-mini-panel-cct--podhladovy--6w--450lm--3000k--4000k--6000k--okruhly/;0
/budik-digitalni-projekcni-garni-140-cas-a-vnitrni-teplota/;/budik-digitalni-projekcni-garni-140-cas-a-vnitrni-teplota/;0
/amica-vt862am/;/amica-vt862am/;0
/amica-vt862ab/;/amica-vt862ab/;0
/amica-vd1442ar/;/amica-vd1442ar/;0
/amica-vd1442am/;/amica-vd1442am/;0
/amica-vd1442ab/;/amica-vd1442ab/;0
/amica-kgcr387100r/;/amica-kgcr387100r/;0
/solight-led-stropne-svietidlo-plain-s-pir-senzorom-18w-1260lm-3000k-okruhle-33cm/;/solight-led-stropne-svietidlo-plain-s-pir-senzorom--18w--1260lm--3000k--okruhle--33cm/;0
/solight-predlzovaci-privod-na-bubne-1-zasuvka-50m-oranzovy-kabel-3x-1-5mm2/;/solight-predlzovaci-privod-na-bubne--1-zasuvka--50m--oranzovy-kabel--3x-1-5mm2/;0
/solight-predlzovaci-privod-na-bubne-1-zasuvka-25m-oranzovy-kabel-3x-1-5mm2/;/solight-predlzovaci-privod-na-bubne--1-zasuvka--25m--oranzovy-kabel--3x-1-5mm2/;0
/solight-led-ziarovka-retro-sviecka-4w-e14-3000k-360-440lm/;/solight-led-ziarovka-retro--sviecka-4w--e14--3000k--360--440lm/;0
/pa-928d/;/monacor-pa-928d-mono-pa-mixazny--zosilnovac--trieda-d--280-w/;0
/pa-9100d/;/monacor-pa-9100d-mono-pa-mixazny-zosilnovac-triedy-d--1-000w/;0
/pa-803dap/;/monacor-pa-803dap-mono-mixazny-pa-zosilnovac-triedy-d--mp3--usb-sd--fm--dab-bt--30-w/;0
/adp-usbc-2x2/;/org-adp-usbc-2x2-dante-sup---sup--avio-usb-adapter--typ-c-/;0
/solight-led-ziarovka-miniglobe-6w-e27-4000k-510lm/;/solight-led-ziarovka--miniglobe--6w--e27--4000k--510lm/;0
/solight-led-ziarovka-g9-3-5w-3000k-300lm/;/solight-led-ziarovka-g9--3-5w--3000k--300lm/;0
/edl-250c-ws/;/monacor-edl-250c-ws-pa-ceiling-speaker/;0
/txs-606lt-2/;/img-stage-line-txs-606lt-2-multifrequency-tie-clip-microphone-transmitter--672-000-691-975-mhz/;0
/txs-606ht-2/;/img-stage-line-txs-606ht-2-hand-held-microphone-with-integrated-multifrequency-transmitter--672-000-691-975-mhz/;0
/txs-606hse-2/;/img-stage-line-txs-606hse-2-multifrequency-pocket-transmitter--672-000-691-975-mhz/;0
/txs-606dt-2/;/img-stage-line-txs-606dt-2-wireless-desktop-microphone-with-integrated-multifrequency-transmitter--672-000-691-975-mhz/;0
/tesla-te-346-venkovni-dvb-t2-antena/;/tesla-te-346-venkovni-dvb-t2-antena/;0
/panasonic-sc-max3500/;/panasonic-sc-max3500/;0
/solight-led-celove-nabijacie-svietidlo-550-550lm-li-ion/;/solight-led-celove-nabijacie-svietidlo-550--550lm--li-ion/;0
/solight-led-celove-svietidlo-3w-cervene-svetlo-3x-aaa/;/solight-led-celove-svietidlo--3w-cervene-svetlo--3x-aaa/;0
/solight-led-ziarovka-miniglobe-4w-e14-3000k-340lm-biele-prevedenie/;/solight-led-ziarovka--miniglobe--4w--e14--3000k--340lm--biele-prevedenie/;0
/solight-predlzovaci-privod-na-bubne-4-zasuvky-25m-oranzovy-kabel-3x-1-5mm2/;/solight-predlzovaci-privod-na-bubne--4-zasuvky--25m--oranzovy-kabel--3x-1-5mm2/;0
/solight-predlzovaci-privod-spojka-1-zasuvka-10m-3-x-1-5mm2-biela/;/solight-predlzovaci-privod-spojka--1-zasuvka--10m--3-x-1-5mm2--biela/;0
/solight-predlzovaci-privod-4-zasuvky-biely-1-5m/;/solight-predlzovaci-privod--4-zasuvky--biely--1-5m/;0
/solight-predlzovaci-privod-na-bubne-4-zasuvky-50m-cierny-kabel-3x-1-5mm2/;/solight-predlzovaci-privod-na-bubne--4-zasuvky--50m--cierny-kabel--3x-1-5mm2/;0
/solight-predlzovaci-privod-6-zasuviek-biely-vypinac-2m/;/solight-predlzovaci-privod--6-zasuviek--biely--vypinac--2m/;0
/solight-predlzovaci-privod-spojka-1-zasuvka-1-5m-3-x-1mm2-biela/;/solight-predlzovaci-privod-spojka--1-zasuvka--1-5m--3-x-1mm2--biela/;0
/solight-predlzovaci-privod-5-zasuviek-biely-1-5m/;/solight-predlzovaci-privod--5-zasuviek--biely--1-5m/;0
/solight-predlzovaci-privod-na-bubne-4-zasuvky-25m-cierny-kabel-3x-1-5mm2/;/solight-predlzovaci-privod-na-bubne--4-zasuvky--25m--cierny-kabel--3x-1-5mm2/;0
/solight-predlzovaci-privod-6-zasuviek-biely-vypinac-5m/;/solight-predlzovaci-privod--6-zasuviek--biely--vypinac--5m/;0
/solight-predlzovaci-privod-ip44-4-zasuvky-gumovy-kabel-vypinac-vonkajsi-5m/;/solight-predlzovaci-privod-ip44--4-zasuvky--gumovy-kabel--vypinac--vonkajsi--5m/;0
/solight-predlzovaci-privod-3-zasuvky-biely-vypinac-3m/;/solight-predlzovaci-privod--3-zasuvky--biely--vypinac--3m/;0
/solight-predlzovaci-privod-spojka-1-zasuvka-5m-3-x-1mm2-biela/;/solight-predlzovaci-privod-spojka--1-zasuvka--5m--3-x-1mm2--biela/;0
/solight-predlzovaci-privod-6-zasuviek-biely-vypinac-3m/;/solight-predlzovaci-privod--6-zasuviek--biely--vypinac--3m/;0
/solight-predlzovaci-privod-ip44-4-zasuvky-vypinac-vonkajsi-3m/;/solight-predlzovaci-privod-ip44--4-zasuvky--vypinac--vonkajsi--3m/;0
/solight-predlzovaci-privod-spojka-1-zasuvka-3m-3-x-1mm2-biela/;/solight-predlzovaci-privod-spojka--1-zasuvka--3m--3-x-1mm2--biela/;0
/solight-predlzovaci-privod-spojka-1-zasuvka-20m-3-x-1-5mm2-gumova-cierna/;/solight-predlzovaci-privod-spojka--1-zasuvka--20m--3-x-1-5mm2--gumova--cierna/;0
/solight-predlzovaci-privod-4-zasuvky-biely-vypinac-5m/;/solight-predlzovaci-privod--4-zasuvky--biely--vypinac--5m/;0
/solight-predlzovaci-privod-3-zasuvky-biely-vypinac-1-5m/;/solight-predlzovaci-privod--3-zasuvky--biely--vypinac--1-5m/;0
/solight-predlzovaci-privod-spojka-1-zasuvka-2m-3-x-1mm2-biela/;/solight-predlzovaci-privod-spojka--1-zasuvka--2m--3-x-1mm2--biela/;0
/solight-predlzovaci-privod-3-zasuvky-biely-7m/;/solight-predlzovaci-privod--3-zasuvky--biely--7m/;0
/solight-predlzovaci-privod-6-zasuviek-biely-vypinac-1-5m/;/solight-predlzovaci-privod--6-zasuviek--biely--vypinac--1-5m/;0
/solight-predlzovaci-privod-4-zasuvky-biely-vypinac-3m/;/solight-predlzovaci-privod--4-zasuvky--biely--vypinac--3m/;0
/solight-predlzovaci-privod-5-zasuviek-biely-vypinac-5m/;/solight-predlzovaci-privod--5-zasuviek--biely--vypinac--5m/;0
/solight-predlzovaci-privod-4-zasuvky-biely-vypinac-2m/;/solight-predlzovaci-privod--4-zasuvky--biely--vypinac--2m/;0
/solight-predlzovaci-privod-5-zasuviek-biely-vypinac-3m/;/solight-predlzovaci-privod--5-zasuviek--biely--vypinac--3m/;0
/solight-predlzovaci-privod-6-zasuviek-biely-5m/;/solight-predlzovaci-privod--6-zasuviek--biely--5m/;0
/solight-predlzovaci-privod-4-zasuvky-biely-vypinac-1-5m/;/solight-predlzovaci-privod--4-zasuvky--biely--vypinac--1-5m/;0
/solight-predlzovaci-privod-5-zasuviek-biely-5m/;/solight-predlzovaci-privod--5-zasuviek--biely--5m/;0
/solight-meteostanica-extra-velky-farebny-lcd-teplota-vlhkost-tlak-rcc-usb-nabijanie-biela/;/solight-meteostanica--extra-velky-farebny-lcd--teplota--vlhkost--tlak--rcc--usb-nabijanie--biela/;0
/solight-predlzovaci-privod-spojka-1-zasuvka-10m-3-x-1mm2-biela/;/solight-predlzovaci-privod-spojka--1-zasuvka--10m--3-x-1mm2--biela/;0
/solight-predlzovaci-privod-6-zasuviek-biely-3m/;/solight-predlzovaci-privod--6-zasuviek--biely--3m/;0
/solight-predlzovaci-privod-3-zasuvky-biely-10m-3/;/solight-predlzovaci-privod--3-zasuvky--biely--10m-2/;0
/solight-predlzovaci-privod-5-zasuviek-biely-2m/;/solight-predlzovaci-privod--5-zasuviek--biely--2m/;0
/solight-predlzovaci-privod-spojka-1-zasuvka-7m-3-x-1mm2-biela/;/solight-predlzovaci-privod-spojka--1-zasuvka--7m--3-x-1mm2--biela/;0
/solight-predlzovaci-privod-6-zasuviek-biely-2m/;/solight-predlzovaci-privod--6-zasuviek--biely--2m/;0
/solight-prepatova-ochrana-150j-6-zasuviek-5m-biela/;/solight-prepatova-ochrana--150j--6-zasuviek--5m--biela/;0
/solight-predlzovaci-privod-5-zasuviek-biely-vypinac-2m/;/solight-predlzovaci-privod--5-zasuviek--biely--vypinac--2m/;0
/solight-prepatova-ochrana-150j-6-zasuviek-3m-biela/;/solight-prepatova-ochrana--150j--6-zasuviek--3m--biela/;0
/solight-predlzovaci-privod-spojka-1-zasuvka-40-m-3-x-1-5mm2-oranzova/;/solight-predlzovaci-privod-spojka--1-zasuvka--40-m--3-x-1-5mm2--oranzova/;0
/solight-predlzovaci-privod-6-zasuviek-biely-1-5-m/;/solight-predlzovaci-privod--6-zasuviek--biely--1-5-m/;0
/solight-predlzovaci-privod-3-zasuvky-biely-vypinac-5m/;/solight-predlzovaci-privod--3-zasuvky--biely--vypinac--5m/;0
/solight-prepatova-ochrana-150j-6-zasuviek-1-5m-biela/;/solight-prepatova-ochrana--150j--6-zasuviek--1-5m--biela/;0
/solight-sietovy-adapter-230v-12v-5000ma-60w/;/solight-sietovy-adapter-230v-12v--5000ma--60w/;0
/solight-predlzovaci-privod-spojka-1-zasuvka-25m-3-x-1-5mm2-oranzova/;/solight-predlzovaci-privod-spojka--1-zasuvka--25m--3-x-1-5mm2--oranzova/;0
/solight-predlzovaci-privod-3-zasuvky-biely-2m/;/solight-predlzovaci-privod--3-zasuvky--biely--2m/;0
/solight-led-vianocna-retaz-hviezdy-1-5m-10x-led-2x-aa-biele-svetlo/;/solight-led-vianocna-retaz--hviezdy--1-5m--10x-led--2x-aa--biele-svetlo/;0
/solight-prepatova-ochrana-150j-5-zasuviek-5m-biela/;/solight-prepatova-ochrana--150j--5-zasuviek--5m--biela/;0
/solight-predlzovaci-privod-5-zasuviek-biely-3m/;/solight-predlzovaci-privod--5-zasuviek--biely--3m/;0
/solight-predlzovaci-privod-3-zasuvky-biely-vypinac-2m/;/solight-predlzovaci-privod--3-zasuvky--biely--vypinac--2m/;0
/solight-prepatova-ochrana-150j-5-zasuviek-3m-biela/;/solight-prepatova-ochrana--150j--5-zasuviek--3m--biela/;0
/solight-predlzovaci-privod-spojka-1-zasuvka-30-m-3-x-1-5mm2-oranzova/;/solight-predlzovaci-privod-spojka--1-zasuvka--30-m--3-x-1-5mm2--oranzova/;0
/solight-led-ziarovka-miniglobe-8w-e14-4000k-720lm-biele-prevedenie/;/solight-led-ziarovka--miniglobe--8w--e14--4000k--720lm--biele-prevedenie/;0
/solight-led-mini-panel-cct-prisazeny-24w-1800lm-3000k-4000k-6000k-stvorcovy/;/solight-led-mini-panel-cct--prisazeny--24w--1800lm--3000k--4000k--6000k--stvorcovy/;0
/solight-led-ziarovka-miniglobe-8w-e27-4000k-720lm/;/solight-led-ziarovka--miniglobe--8w--e27--4000k--720lm/;0
/solight-predlzovaci-privod-4-zasuvky-biely-5m/;/solight-predlzovaci-privod--4-zasuvky--biely--5m/;0
/solight-predlzovaci-privod-na-bubne-4-zasuvky-10m-cierny-kabel-3x-1-5mm2/;/solight-predlzovaci-privod-na-bubne--4-zasuvky--10m--cierny-kabel--3x-1-5mm2/;0
/solight-led-ziarovka-miniglobe-6w-e27-3000k-510lm/;/solight-led-ziarovka--miniglobe--6w--e27--3000k--510lm/;0
/solight-led-mini-panel-cct-prisazeny-24w-1800lm-3000k-4000k-6000k-okruhly/;/solight-led-mini-panel-cct--prisazeny--24w--1800lm--3000k--4000k--6000k--okruhly/;0
/solight-led-ziarovka-sviecka-8w-e14-4000k-720lm/;/solight-led-ziarovka--sviecka--8w--e14--4000k--720lm/;0
/solight-led-kovove-svietidlo-150lm-3w-cree-led-cierna-fokus-3-x-aaa/;/solight-led-kovove-svietidlo--150lm--3w-cree-led--cierna--fokus--3-x-aaa/;0
/solight-led-vonkajsia-vianocna-retaz-400-led-20m-privod-5m-8-funkcii-ip44-studena-biela/;/solight-led-vonkajsia-vianocna-retaz--400-led--20m--privod-5m--8-funkcii--ip44--studena-biela/;0
/ecolux-led-ziarovka-ecolux-3-pack-miniglobe-6w-e14-3000k-450lm-biele-prevedenie-3ks/;/ecolux-led-ziarovka-ecolux-3-pack--miniglobe--6w--e14--3000k--450lm--biele-prevedenie--3ks/;0
/solight-predlzovaci-privod-3-zasuvky-biely-5m/;/solight-predlzovaci-privod--3-zasuvky--biely--5m/;0
/solight-stredny-fixny-drziak-pre-ploche-tv-66cm-140cm-26-55/;/solight-stredny-fixny-drziak-pre-ploche-tv--66cm-140cm--26-55-/;0
/solight-predlzovaci-privod-spojka-1-zasuvka-cierna-25m-2/;/solight-predlzovaci-privod-spojka--1-zasuvka--cierna--25m/;0
/solight-led-retaz-retiazka-s-dekoraciami-20led-retaz-1m-2x-aa-ip20/;/solight-led-retaz-retiazka-s-dekoraciami--20led-retaz--1m--2x-aa--ip20/;0
/solight-bezdrotovy-senzor-k-meteostaniciam-te81-te81w-te81xl-te81bk/;/solight-bezdrotovy-senzor-k-meteostaniciam-te81--te81w--te81xl--te81bk/;0
/solight-sietovy-adapter-pre-led-pasiky-230v-12v-2a-24w-biela-farba/;/solight-sietovy-adapter-pre-led-pasiky--230v-12v--2a--24w--biela-farba/;0
/solight-stredny-konzolovy-drziak-pre-ploche-tv-58cm-140cm-23-55/;/solight-stredny-konzolovy-drziak-pre-ploche-tv--58cm-140cm--23-55-/;0
/solight-led-nabijacie-svietidlo-300lm-cree-zoom-power-banka-li-ion/;/solight-led-nabijacie-svietidlo--300lm--cree--zoom--power-banka--li-ion/;0
/solight-prepojovaci-kabel-pre-led-pasy-10mm-zacvakavaci-konektor-na-oboch-stranach-1ks-sacok/;/solight-prepojovaci-kabel-pre-led-pasy--10mm-zacvakavaci-konektor-na-oboch-stranach--1ks--sacok/;0
/solight-led-vonkajsie-cencule-50led-casovac-8-funkcii-ip44-3xaa-baterie/;/solight-led-vonkajsie-cencule--50led--casovac--8-funkcii--ip44--3xaa-baterie/;0
/solight-led-ziarovka-miniglobe-4w-e27-3000k-340lm/;/solight-led-ziarovka--miniglobe--4w--e27--3000k--340lm/;0
/solight-prepatova-ochrana-150j-5-zasuviek-1-5m-biela/;/solight-prepatova-ochrana--150j--5-zasuviek--1-5m--biela/;0
/solight-led-mini-panel-cct-prisazeny-18w-1530lm-3000k-4000k-6000k-stvorcovy/;/solight-led-mini-panel-cct--prisazeny--18w--1530lm--3000k--4000k--6000k--stvorcovy/;0
/solight-led-ziarovka-bodova-7w-gu10-3000k-595lm-biela/;/solight-led-ziarovka--bodova-7w--gu10--3000k--595lm--biela/;0
/solight-led-ziarovka-miniglobe-8w-e27-3000k-720lm/;/solight-led-ziarovka--miniglobe--8w--e27--3000k--720lm/;0
/ecolux-led-ziarovka-ecolux-3-pack-miniglobe-6w-e27-3000k-450lm-3ks/;/ecolux-led-ziarovka-ecolux-3-pack--miniglobe--6w--e27--3000k--450lm--3ks/;0
/solight-predlzovaci-privod-spojka-1-zasuvka-cierna-20m-2/;/solight-predlzovaci-privod-spojka--1-zasuvka--cierna--20m/;0
/solight-sietovy-adapter-pre-led-pasiky-230v-12v-1a-12w-biela-farba/;/solight-sietovy-adapter-pre-led-pasiky--230v-12v--1a--12w--biela-farba/;0
/solight-predlzovaci-privod-5-zasuviek-biely-vypinac-1-5m/;/solight-predlzovaci-privod--5-zasuviek--biely--vypinac--1-5m/;0
/solight-predlzovaci-privod-na-bubne-1-zasuvka-50m-cierny-kabel-3x-1-5mm2/;/solight-predlzovaci-privod-na-bubne--1-zasuvka--50m--cierny-kabel--3x-1-5mm2/;0
/solight-prepojovaci-kabel-pre-led-pasy-8mm-zacvakavaci-konektor-na-oboch-stranach-1ks-sacok/;/solight-prepojovaci-kabel-pre-led-pasy--8mm-zacvakavaci-konektor-na-oboch-stranach--1ks--sacok/;0
/solight-led-vianocne-zaves-hviezdy-sirka-1-8m-77led-ip20-3xaa-usb/;/solight-led-vianocne-zaves--hviezdy--sirka-1-8m--77led--ip20--3xaa--usb/;0
/solight-led-vonkajsia-vanocna-retaz-200-led-20m-privod-5m-8-funkcii-casovac-ip44-viacfarebny/;/solight-led-vonkajsia-vanocna-retaz--200-led--20m--privod-5m--8-funkcii--casovac--ip44--viacfarebny/;0
/solight-led-ziarovka-klasicky-tvar-7w-e27-3000k-270-595lm/;/solight-led-ziarovka--klasicky-tvar--7w--e27--3000k--270--595lm/;0
/solight-led-ziarovka-sviecka-4w-e14-3000k-340lm/;/solight-led-ziarovka--sviecka--4w--e14--3000k--340lm/;0
/solight-prepatova-ochrana-150j-4-zasuvky-3m-biela/;/solight-prepatova-ochrana--150j--4-zasuvky--3m--biela/;0
/solight-led-mini-panel-cct-prisazeny-18w-1530lm-3000k-4000k-6000k-okruhly/;/solight-led-mini-panel-cct--prisazeny--18w--1530lm--3000k--4000k--6000k--okruhly/;0
/solight-led-ziarovka-bodova-3w-gu10-4000k-260lm-biela/;/solight-led-ziarovka--bodova-3w--gu10--4000k--260lm--biela/;0
/solight-led-vianocna-zaves-okenna-strieborna-300x-mini-led-casovac-8-funkcii-usb/;/solight-led-vianocna-zaves-okenna--strieborna--300x-mini-led--casovac--8-funkcii--usb/;0
/solight-led-ziarovka-klasicky-tvar-7w-e27-4000k-270-595lm/;/solight-led-ziarovka--klasicky-tvar--7w--e27--4000k--270--595lm/;0
/solight-led-ziarovka-sviecka-8w-e14-3000k-720lm/;/solight-led-ziarovka--sviecka--8w--e14--3000k--720lm/;0
/solight-led-vonkajsia-vianocna-retaz-200-led-10m-privod-5m-8-funkcii-ip44-studena-biela/;/solight-led-vonkajsia-vianocna-retaz--200-led--10m--privod-5m--8-funkcii--ip44--studena-biela/;0
/ecolux-led-ziarovka-ecolux-3-pack-sviecka-6w-e14-3000k-450lm-3ks/;/ecolux-led-ziarovka-ecolux-3-pack--sviecka--6w--e14--3000k--450lm--3ks/;0
/solight-predlzovaci-privod-3-zasuvky-biely-3m/;/solight-predlzovaci-privod--3-zasuvky--biely--3m/;0
/solight-stredny-naklapaci-drziak-pre-ploche-tv-66cm-140cm-26-55/;/solight-stredny-naklapaci-drziak-pre-ploche-tv--66cm-140cm--26-55-/;0
/solight-led-stolna-lampicka-stmievatelna-11w-zmena-chromatickosti-bruseny-hlinik-strieborna/;/solight-led-stolna-lampicka-stmievatelna--11w--zmena-chromatickosti--bruseny-hlinik--strieborna/;0
/solight-led-mini-panel-cct-podhladovy-24w-1800lm-3000k-4000k-6000k-stvorcovy/;/solight-led-mini-panel-cct--podhladovy--24w--1800lm--3000k--4000k--6000k--stvorcovy/;0
/solight-meteostanica-extra-velky-farebny-lcd-teplota-vlhkost-tlak-rcc-usb-nabijanie-cierna/;/solight-meteostanica--extra-velky-farebny-lcd--teplota--vlhkost--tlak--rcc--usb-nabijanie--cierna/;0
/solight-led-vonkajsie-osvetlenie-gulate-s-mriezkou-13w-910lm-4000k-ip65-17cm-cierna/;/solight-led-vonkajsie-osvetlenie-gulate-s-mriezkou--13w--910lm--4000k--ip65--17cm--cierna/;0
/solight-led-kuchynske-svietidlo-t5-vypinac-13w-4100k-84cm/;/solight-led-kuchynske-svietidlo-t5--vypinac--13w--4100k--84cm/;0
/solight-led-vonkajsie-osvetlenie-siena-sive-13w-910lm-4000k-ip54-17cm/;/solight-led-vonkajsie-osvetlenie-siena--sive--13w--910lm--4000k--ip54--17cm/;0
/solight-napajaci-konektor-pre-led-pasy-5-5-mm-zdierka-10mm-zacvakavaci-konektor-balenie-1ks-sacok/;/solight-napajaci-konektor-pre-led-pasy--5-5-mm-zdierka-10mm-zacvakavaci-konektor--balenie-1ks--sacok/;0
/solight-led-vonkajsia-vanocna-retaz-200-led-20m-privod-5m-8-funkcii-casovac-ip44-studena-biela/;/solight-led-vonkajsia-vanocna-retaz--200-led--20m--privod-5m--8-funkcii--casovac--ip44--studena-biela/;0
/solight-led-svietidlo-pracovne-120-40lm-3w-cob-3-smd-led-hak-magnet-3-x-aaa/;/solight-led-svietidlo-pracovne--120-40lm--3w-cob-3-smd-led--hak-magnet--3-x-aaa/;0
/solight-led-montazna-lampa-5w-400lm-cob-kabel-5m/;/solight-led-montazna-lampa-5w--400lm--cob--kabel-5m/;0
/solight-led-kuchynske-svietidlo-vyklopne-vypinac-10w-4100k-58cm/;/solight-led-kuchynske-svietidlo-vyklopne--vypinac--10w--4100k--58cm/;0
/solight-led-venkovne-osvetlenie-prisadene-stvorcove-ip54-24w-1920lm-4000k-28cm/;/solight-led-venkovne-osvetlenie--prisadene--stvorcove--ip54--24w--1920lm--4000k--28cm/;0
/solight-led-ziarovka-retro-klasicky-tvar-8w-e27-3000k-360-810lm/;/solight-led-ziarovka-retro--klasicky-tvar--8w--e27--3000k--360--810lm/;0
/solight-led-ziarovka-g9-6-0w-3000k-600lm/;/solight-led-ziarovka-g9--6-0w--3000k--600lm/;0
/solight-led-ziarovka-miniglobe-8w-e14-3000k-720lm-biele-prevedenie/;/solight-led-ziarovka--miniglobe--8w--e14--3000k--720lm--biele-prevedenie/;0
/solight-led-ziarovka-bodova-7w-gu10-4000k-595lm-biela/;/solight-led-ziarovka--bodova-7w--gu10--4000k--595lm--biela/;0
/solight-led-mini-panel-cct-prisazeny-12w-900lm-3000k-4000k-6000k-stvorcovy/;/solight-led-mini-panel-cct--prisazeny--12w--900lm--3000k--4000k--6000k--stvorcovy/;0
/solight-led-ziarovka-bodova-3w-gu10-3000k-260lm-biela/;/solight-led-ziarovka--bodova-3w--gu10--3000k--260lm--biela/;0
/solight-predlzovaci-privod-ip44-3-zasuvky-gumovy-kabel-vonkajsi-10m/;/solight-predlzovaci-privod-ip44--3-zasuvky--gumovy-kabel--vonkajsi--10m/;0
/solight-vianocna-retaz-medena-100x-mini-led-10m-3-x-aa-teple-svetlo/;/solight-vianocna-retaz-medena--100x-mini-led--10m--3-x-aa--teple-svetlo/;0
/solight-led-solarne-svetlo-so-senzorom-8w-600lm-li-on-cierna/;/solight-led-solarne-svetlo-so-senzorom--8w--600lm--li-on--cierna/;0
/solight-led-ziarovka-reflektorova-r50-5w-e14-4000k-440lm-biele-prevedenie/;/solight-led-ziarovka-reflektorova--r50--5w--e14--4000k--440lm--biele-prevedenie/;0
/solight-led-svetelny-pas-s-testrom-5m-sada-s-12v-adapterom-4-8w-m-ip65-studena-biela/;/solight-led-svetelny-pas-s-testrom--5m--sada-s-12v-adapterom--4-8w-m--ip65--studena-biela/;0
/solight-predlzovaci-privod-spojka-1-zasuvka-10m-3-x-1-5mm2-gumova-cierna/;/solight-predlzovaci-privod-spojka--1-zasuvka--10m--3-x-1-5mm2--gumova--cierna/;0
/solight-led-vonkajsia-vianocna-retaz-200-led-10m-privod-5m-8-funkcii-ip44-tepla-biela/;/solight-led-vonkajsia-vianocna-retaz--200-led--10m--privod-5m--8-funkcii--ip44--tepla-biela/;0
/solight-predlzovaci-privod-na-bubne-4-zasuvky-20m-oranzovy-kabel-3x-1-5mm2/;/solight-predlzovaci-privod-na-bubne--4-zasuvky--20m--oranzovy-kabel--3x-1-5mm2/;0
/solight-led-stolna-lampicka-s-displayom-6w-4100k-koza-cierna/;/solight-led-stolna-lampicka-s-displayom--6w--4100k--koza--cierna/;0
/solight-predlzovaci-privod-spojka-1-zasuvka-7m-3-x-1mm2-oranzova/;/solight-predlzovaci-privod-spojka--1-zasuvka--7m--3-x-1mm2--oranzova/;0
/solight-led-stolna-lampicka-7w-stmievatelna-zmena-chromatickosti-strieborna-farba/;/solight-led-stolna-lampicka--7w--stmievatelna--zmena-chromatickosti--strieborna-farba/;0
/solight-led-reflektor-pro-20w-1840lm-5000k-ip65/;/solight-led-reflektor-pro--20w--1840lm--5000k--ip65/;0
/solight-led-reflektor-pro-so-senzorom-20w-1840lm-5000k-ip44/;/solight-led-reflektor-pro-so-senzorom--20w--1840lm--5000k--ip44/;0
/solight-led-mini-panel-cct-podhladovy-24w-1800lm-3000k-4000k-6000k-okruhly/;/solight-led-mini-panel-cct--podhladovy--24w--1800lm--3000k--4000k--6000k--okruhly/;0
/solight-bezdrotove-bezbateriove-tlacidlo-pre-1l51-150m-biele-learning-code/;/solight-bezdrotove-bezbateriove-tlacidlo-pre-1l51--150m--biele--learning-code/;0
/solight-led-mini-panel-cct-podhladovy-18w-1530lm-3000k-4000k-6000k-okruhly/;/solight-led-mini-panel-cct--podhladovy--18w--1530lm--3000k--4000k--6000k--okruhly/;0
/solight-bezdrotovy-zvoncek-do-zasuvky-250m-cierny-learning-code/;/solight-bezdrotovy-zvoncek--do-zasuvky--250m--cierny--learning-code/;0
/solight-maly-naklapaci-drziak-pre-ploche-tv-26cm-69cm-10-27/;/solight-maly-naklapaci-drziak-pre-ploche-tv--26cm-69cm--10-27-/;0
/solight-predlzovaci-privod-7-zasuviek-biely-vypinac-2m/;/solight-predlzovaci-privod--7-zasuviek--biely--vypinac--2m/;0
/solight-led-vonkajsie-osvetlenie-30w-2200l-4000k-ip65-32cm/;/solight-led-vonkajsie-osvetlenie--30w--2200l--4000k--ip65--32cm/;0
/solight-led-stolna-lampicka-stmievatelna-12w-volba-teploty-svetla-usb-cierny-lesk/;/solight-led-stolna-lampicka-stmievatelna--12w--volba-teploty-svetla--usb--cierny-lesk/;0
/solight-led-vonkajsie-osvetlenie-stvorcove-20w-1500lm-4000k-ip54-19cm/;/solight-led-vonkajsie-osvetlenie-stvorcove--20w--1500lm--4000k--ip54--19cm/;0
/solight-predlzovaci-privod-4-zasuvky-biely-2m/;/solight-predlzovaci-privod--4-zasuvky--biely--2m/;0
/solight-led-vonkajsie-osvetlenie-gulate-20w-1500lm-4000k-ip54-20cm/;/solight-led-vonkajsie-osvetlenie-gulate--20w--1500lm--4000k--ip54--20cm/;0
/solight-stredny-konzolovy-drziak-pre-ploche-tv-43cm-140cm-17-55/;/solight-stredny-konzolovy-drziak-pre-ploche-tv--43cm-140cm--17-55-/;0
/solight-led-vianocna-retaz-500-led-50m-privod-5m-8-funkcii-casovac-ip44-viacfarebny/;/solight-led-vianocna-retaz--500-led--50m--privod-5m--8-funkcii--casovac--ip44--viacfarebny/;0
/solight-led-kuchynske-svietidlo-t5-vypinac-9w-4100k-54cm/;/solight-led-kuchynske-svietidlo-t5--vypinac--9w--4100k--54cm/;0
/solight-led-svietidlo-120lm-3w-led-cob-3-x-aaa/;/solight-led-svietidlo--120lm--3w-led-cob--3-x-aaa/;0
/solight-prepojovaci-pravouhly-konektor-pre-led-pasy-10mm-zacvakavaci-konektor-na-oboch-stranach-1ks-sacok/;/solight-prepojovaci-pravouhly-konektor-pre-led-pasy--10mm-zacvakavaci-konektor-na-oboch-stranach--1ks--sacok/;0
/solight-predlzovaci-privod-na-bubne-1-zasuvka-25m-cierny-kabel-3x-1-5mm2/;/solight-predlzovaci-privod-na-bubne--1-zasuvka--25m--cierny-kabel--3x-1-5mm2/;0
/solight-prepojovaci-konektor-pre-led-pasy-8mm-zacvakavacie-balenie-1ks-sacok/;/solight-prepojovaci-konektor-pre-led-pasy--8mm--zacvakavacie--balenie-1ks--sacok/;0
/solight-hlinikovy-biely-ram-pre-instalaciu-led-panelov-s-rozmerom-295x1195mm-na-stropy-a-steny-vyska-68mm-bezskrutkovy/;/solight-hlinikovy-biely-ram-pre-instalaciu-led-panelov-s-rozmerom-295x1195mm-na-stropy-a-steny--vyska-68mm--bezskrutkovy/;0
/solight-led-vonkajsie-osvetlenie-gulate-13w-910lm-4000k-ip54-17cm/;/solight-led-vonkajsie-osvetlenie-gulate--13w--910lm--4000k--ip54--17cm/;0
/solight-napajaci-konektor-pre-led-pasy-5-5-mm-zdierka-8mm-zacvakavaci-konektor-balenie-1ks-sacok/;/solight-napajaci-konektor-pre-led-pasy--5-5-mm-zdierka-8mm-zacvakavaci-konektor--balenie-1ks--sacok/;0
/solight-led-vianocna-retaz-3m-20xled-3x-aa-modre-svetlo-zeleny-kabel/;/solight-led-vianocna-retaz--3m--20xled--3x-aa--modre-svetlo--zeleny-kabel/;0
/solight-led-svetelny-pas-5m-smd5050-60led-m-14-4w-m-ip65-tepla-biela/;/solight-led-svetelny-pas--5m--smd5050-60led-m--14-4w-m--ip65--tepla-biela/;0
/solight-led-vonkajsia-vanocna-retaz-200-led-20m-privod-5m-8-funkcii-casovac-ip44-tepla-biela/;/solight-led-vonkajsia-vanocna-retaz--200-led--20m--privod-5m--8-funkcii--casovac--ip44--tepla-biela/;0
/solight-bezdrotovy-zvoncek-do-zasuvky-120m-cierny-3/;/solight-bezdrotovy-zvoncek--do-zasuvky--120m--cierny/;0
/solight-montazna-lampa-e27-ac-230v-5m-oranzova-s-kovovou-mriezkou/;/solight-montazna-lampa--e27--ac-230v--5m--oranzova-s-kovovou-mriezkou/;0
/solight-pridavna-zasuvka-pre-gsm-zasuvku/;/solight-pridavna-zasuvka-pre-gsm-zasuvku/;0
/solight-led-venkovne-osvetlenie-prisadene-gulate-ip54-15w-1150lm-4000k-22cm/;/solight-led-venkovne-osvetlenie--prisadene--gulate--ip54--15w--1150lm--4000k--22cm/;0
/solight-led-ziarovka-sviecka-6w-e14-6000k-510lm/;/solight-led-ziarovka--sviecka--6w--e14--6000k--510lm/;0
/solight-led-nabijacie-svietidlo-600lm-cree-xm-l2-t6-zoom-li-ion/;/solight-led-nabijacie-svietidlo--600lm--cree-xm-l2-t6--zoom--li-ion/;0
/solight-led-ziarovka-g9-4-5w-3000k-400lm/;/solight-led-ziarovka-g9--4-5w--3000k--400lm/;0
/solight-led-ziarovka-reflektorova-r50-5w-e14-3000k-440lm-biele-prevedenie/;/solight-led-ziarovka-reflektorova--r50--5w--e14--3000k--440lm--biele-prevedenie/;0
/solight-stolna-lampa-falun-e27-cierna/;/solight-stolna-lampa-falun--e27--cierna/;0
/solight-prepatova-ochrana-150j-4-zasuvky-1-5m-biela/;/solight-prepatova-ochrana--150j--4-zasuvky--1-5m--biela/;0
/solight-led-mini-panel-cct-prisazeny-12w-900lm-3000k-4000k-6000k-okruhly/;/solight-led-mini-panel-cct--prisazeny--12w--900lm--3000k--4000k--6000k--okruhly/;0
/solight-predlzovaci-privod-ip44-3-zasuvky-gumovy-kabel-vonkajsi-5m/;/solight-predlzovaci-privod-ip44--3-zasuvky--gumovy-kabel--vonkajsi--5m/;0
/solight-vianocna-retaz-strieborna-100x-mini-led-10m-3-x-aa-studene-svetlo/;/solight-vianocna-retaz-strieborna--100x-mini-led--10m--3-x-aa--studene-svetlo/;0
/solight-predlzovaci-privod-na-bubne-zasuvky-400v-230v-25m-kabel-guma-neopren-5x1-5mm2-ip44/;/solight-predlzovaci-privod-na-bubne--zasuvky-400v-230v--25m-kabel-guma-neopren-5x1-5mm2--ip44/;0
/solight-led-nabijacie-svietidlo-1000lm-zoom-darcekove-balenie-li-ion/;/solight-led-nabijacie-svietidlo--1000lm--zoom--darcekove-balenie--li-ion/;0
/solight-led-celove-nabijacie-svietidlo-3w-cob-150lm-60lm-li-ion-2/;/solight-led-celove-nabijacie-svietidlo--3w-cob--150lm-60lm--li-ion-2/;0
/solight-led-ziarovka-miniglobe-6w-e14-4000k-510lm-biele-prevedenie/;/solight-led-ziarovka--miniglobe--6w--e14--4000k--510lm--biele-prevedenie/;0
/solight-detektor-uniku-horlavych-plynov-polovodicovy-senzor-sirena-85db-bateriova-zaloha/;/solight-detektor-uniku-horlavych-plynov--polovodicovy-senzor--sirena-85db--bateriova-zaloha/;0
/solight-led-ziarovka-sviecka-6w-e14-4000k-510lm/;/solight-led-ziarovka--sviecka--6w--e14--4000k--510lm/;0
/solight-led-svetelny-pas-s-testrom-5m-sada-s-12v-adapterom-4-8w-m-ip20-tepla-biela/;/solight-led-svetelny-pas-s-testrom--5m--sada-s-12v-adapterom--4-8w-m--ip20--tepla-biela/;0
/solight-predlzovaci-privod-spojka-1-zasuvka-5m-3-x-1-5mm2-gumova-cierna/;/solight-predlzovaci-privod-spojka--1-zasuvka--5m--3-x-1-5mm2--gumova--cierna/;0
/solight-led-ziarivka-linearna-pro-t8-22w-3080lm-5000k-150cm-alu-pc/;/solight-led-ziarivka-linearna-pro-t8--22w--3080lm--5000k--150cm--alu-pc/;0
/solight-led-vonkajsia-vianocna-retaz-50led-5m-8-funkcii-ip44-3x-aa-studena-biela/;/solight-led-vonkajsia-vianocna-retaz--50led--5m--8-funkcii--ip44--3x-aa--studena-biela/;0
/solight-led-stolna-lampicka-s-displejom-9w-volba-teploty-svetla-koza-cierna/;/solight-led-stolna-lampicka-s-displejom--9w--volba-teploty-svetla--koza--cierna/;0
/solight-predlzovaci-privod-3-zasuvky-biely-1-5-m/;/solight-predlzovaci-privod--3-zasuvky--biely--1-5-m/;0
/solight-bezdrotovy-teplomer-teplota-cas-budik-biely/;/solight-bezdrotovy-teplomer--teplota--cas--budik--biely/;0
/solight-velky-fixny-drziak-pre-ploche-tv-94cm-190cm-37-75/;/solight-velky-fixny-drziak-pre-ploche-tv--94cm-190cm--37-75-/;0
/solight-led-reflektor-pro-50w-4600lm-5000k-ip65/;/solight-led-reflektor-pro--50w--4600lm--5000k--ip65/;0
/solight-prepatova-ochrana-do-zasuvky-236j-1-zasuvka-kontrolka/;/solight-prepatova-ochrana-do-zasuvky--236j--1-zasuvka--kontrolka/;0
/solight-predlzovaci-privod-spojka-1-zasuvka-10m-3-x-1mm2-oranzova/;/solight-predlzovaci-privod-spojka--1-zasuvka--10m--3-x-1mm2--oranzova/;0
/solight-cestovny-adapter-do-velkej-britanie-typ-g/;/solight-cestovny-adapter-do-velkej-britanie--typ-g/;0
/solight-led-dreveny-svietnik-5x-led-prirodne-drevo-2x-aa/;/solight-led-dreveny-svietnik--5x-led--prirodne-drevo--2x-aa/;0
/solight-high-bay-150w-21000lm-120-philips-mw-5000k-ugr/;/solight-high-bay--150w--21000lm--120--philips--mw--5000k--ugr/;0
/solight-maketa-bezpecnostnej-kamery-na-stenu-led-dioda-2-x-aa/;/solight-maketa-bezpecnostnej-kamery--na-stenu--led-dioda--2-x-aa/;0
/solight-led-stmievatelna-lampicka-2v1-podstavec-aj-klip-5w-4000k-3-farebne-kryty/;/solight-led-stmievatelna-lampicka-2v1--podstavec-aj-klip--5w-4000k--3-farebne-kryty/;0
/solight-led-reflektor-pro-10w-920lm-5000k-ip65/;/solight-led-reflektor-pro--10w--920lm--5000k--ip65/;0
/solight-led-svetelny-pas-rgb-3m-sada-s-12v-adapterom-a-do-7-2w-m-ip20/;/solight-led-svetelny-pas--rgb--3m--sada-s-12v-adapterom-a-do--7-2w-m--ip20/;0
/solight-led-reflektor-pro-so-senzorom-10w-920lm-5000k-ip44/;/solight-led-reflektor-pro-so-senzorom--10w--920lm--5000k--ip44/;0
/solight-led-retaz-vianocne-gule-bavlnene-10led-1m-2x-aa-ip20/;/solight-led-retaz-vianocne-gule-bavlnene--10led--1m--2x-aa--ip20/;0
/solight-led-mini-panel-cct-podhladovy-18w-1530lm-3000k-4000k-6000k-stvorcovy/;/solight-led-mini-panel-cct--podhladovy--18w--1530lm--3000k--4000k--6000k--stvorcovy/;0
/solight-bezdrotovy-zvoncek-bezbateriovy-do-zasuvky-150m-biely-learning-code/;/solight-bezdrotovy-zvoncek-bezbateriovy--do-zasuvky--150m--biely--learning-code/;0
/solight-led-mini-panel-cct-podhladovy-12w-900lm-3000k-4000k-6000k-stvorcovy/;/solight-led-mini-panel-cct--podhladovy--12w--900lm--3000k--4000k--6000k--stvorcovy/;0
/solight-bezdrotovy-zvoncek-do-zasuvky-250m-biely-learning-code/;/solight-bezdrotovy-zvoncek--do-zasuvky--250m--biely--learning-code/;0
/solight-led-mini-panel-cct-podhladovy-12w-900lm-3000k-4000k-6000k-okruhly/;/solight-led-mini-panel-cct--podhladovy--12w--900lm--3000k--4000k--6000k--okruhly/;0
/solight-bezdrotove-tlacidlo-pre-zvonceky-1l08-1l4x-1l56x-1l57-1l65-dosah-120m/;/solight-bezdrotove-tlacidlo-pre-zvonceky-1l08-1l4x-1l56x-1l57-1l65--dosah-120m/;0
/solight-led-nabijacie-svietidlo-9-x-led-cervenocierna-plug-in/;/solight-led-nabijacie-svietidlo--9-x-led--cervenocierna--plug-in/;0
/solight-led-vonkajsie-osvetlenie-18w-1350lm-4000k-ip65-22cm/;/solight-led-vonkajsie-osvetlenie--18w--1350lm--4000k--ip65--22cm/;0
/solight-led-vonkajsie-osvetlenie-stvorcove-13w-910lm-4000k-ip54-16cm/;/solight-led-vonkajsie-osvetlenie-stvorcove--13w--910lm--4000k--ip54--16cm/;0
/solight-led-stolna-lampicka-stmievatelna-12w-volba-teploty-svetla-usb-biely-lesk/;/solight-led-stolna-lampicka-stmievatelna--12w--volba-teploty-svetla--usb--biely-lesk/;0
/solight-zavesne-prislusenstvo-pre-led-panely-60x60-30x120-60x120cm/;/solight-zavesne-prislusenstvo-pre-led-panely-60x60--30x120--60x120cm/;0
/solight-led-vonkajsie-osvetlenie-ovalne-20w-1500lm-4000k-ip54-26cm/;/solight-led-vonkajsie-osvetlenie-ovalne--20w--1500lm--4000k--ip54--26cm/;0
/solight-led-nastenna-lampicka-stmievatelna-4w-280lm-3000k-biela/;/solight-led-nastenna-lampicka--stmievatelna--4w--280lm--3000k--biela/;0
/solight-prepatova-ochrana-3z-1-5m-biela/;/solight-prepatova-ochrana--3z--1-5m--biela/;0
/solight-led-vianocna-retaz-hviezdy-1-5m-10x-led-2x-aa-modre-svetlo/;/solight-led-vianocna-retaz--hviezdy--1-5m--10x-led--2x-aa--modre-svetlo/;0
/solight-led-svetielko-s-dialkovym-ovladanim-5-led-3x-aa-baterie/;/solight-led-svetielko-s-dialkovym-ovladanim--5-led--3x-aa-baterie/;0
/solight-bezdrotovy-zvoncek-do-zasuvky-120m-biely-8/;/solight-bezdrotovy-zvoncek--do-zasuvky--120m--biely/;0
/solight-led-stmievatelny-pasik-s-bezdotykovym-ovladanim-3m-180-led-4000k-ip65-230v/;/solight-led-stmievatelny-pasik-s-bezdotykovym-ovladanim--3m--180-led--4000k--ip65--230v/;0
/solight-stredny-konzolovy-drziak-pre-ploche-tv-43cm-107cm-17-42/;/solight-stredny-konzolovy-drziak-pre-ploche-tv--43cm-107cm--17-42-/;0
/solight-cestovny-adapter-univerzalny-neuzemneny/;/solight-cestovny-adapter--univerzalny--neuzemneny/;0
/solight-prepojovaci-pravouhly-konektor-pre-led-pasy-8mm-zacvakavaci-konektor-na-oboch-stranach-1ks-sacok/;/solight-prepojovaci-pravouhly-konektor-pre-led-pasy--8mm-zacvakavaci-konektor-na-oboch-stranach--1ks--sacok/;0
/solight-maly-konzolovy-drziak-pre-ploche-tv-26cm-69cm-10-27/;/solight-maly-konzolovy-drziak-pre-ploche-tv--26cm-69cm--10-27-/;0
/solight-led-vonkajsia-vanocna-retaz-50-led-5m-privod-3m-8-funkcii-casovac-ip44-tepla-biela/;/solight-led-vonkajsia-vanocna-retaz--50-led--5m--privod-3m--8-funkcii--casovac--ip44--tepla-biela/;0
/solight-led-vonkajsia-vanocna-retaz-50-led-5m-privod-3m-8-funkcii-casovac-ip44-studena-biela/;/solight-led-vonkajsia-vanocna-retaz--50-led--5m--privod-3m--8-funkcii--casovac--ip44--studena-biela/;0
/solight-led-vonkajsie-osvetlenie-ovalne-13w-910lm-4000k-ip54-21cm/;/solight-led-vonkajsie-osvetlenie-ovalne--13w--910lm--4000k--ip54--21cm/;0
/solight-napajaci-konektor-pre-led-pasy-zdierka-5-5-mm-balenie-1ks-sacok/;/solight-napajaci-konektor-pre-led-pasy--zdierka-5-5-mm--balenie-1ks--sacok/;0
/solight-led-vianocna-retaz-3m-20xled-3x-aa-biele-svetlo-zeleny-kabel/;/solight-led-vianocna-retaz--3m--20xled--3x-aa--biele-svetlo--zeleny-kabel/;0
/solight-detektor-dymu-alarm-85db-biely-9v-bateria/;/solight-detektor-dymu-alarm--85db--biely-9v-bateria/;0
/solight-hlinikovy-biely-ram-pre-instalaciu-led-panelov-s-rozmerom-595x595mm-na-stropy-a-steny-vyska-68mm-bezskrutkovy/;/solight-hlinikovy-biely-ram-pre-instalaciu-led-panelov-s-rozmerom-595x595mm-na-stropy-a-steny--vyska-68mm--bezskrutkovy/;0
/solight-napajaci-konektor-pre-led-pasy-5-5-mm-rozbocka-1x-zdierka-2x-konektor-sacok-1-par/;/solight-napajaci-konektor-pre-led-pasy--5-5-mm--rozbocka--1x-zdierka-2x-konektor--sacok-1-par/;0
/solight-led-vonkajsia-vanocna-retaz-100-led-10m-privod-3m-8-funkcii-casovac-ip44-viacfarebny/;/solight-led-vonkajsia-vanocna-retaz--100-led--10m--privod-3m--8-funkcii--casovac--ip44--viacfarebny/;0
/solight-led-svetielka-s-dialkovym-ovladanim-3x-50lm-casovac-bateriove-napajanie/;/solight-led-svetielka-s-dialkovym-ovladanim--3x-50lm--casovac--bateriove-napajanie/;0
/solight-led-vonkajsia-vanocna-retaz-100-led-10m-privod-3m-8-funkcii-casovac-ip44-studena-biela/;/solight-led-vonkajsia-vanocna-retaz--100-led--10m--privod-3m--8-funkcii--casovac--ip44--studena-biela/;0
/solight-led-anjeli-drevo-biela-farba-2x-aa/;/solight-led-anjeli--drevo--biela-farba--2x-aa/;0
/solight-gsm-dialkovo-ovladana-zasuvka/;/solight-gsm-dialkovo-ovladana-zasuvka/;0
/solight-led-vonkajsia-vanocna-retaz-100-led-10m-privod-3m-8-funkcii-casovac-ip44-tepla-biela/;/solight-led-vonkajsia-vanocna-retaz--100-led--10m--privod-3m--8-funkcii--casovac--ip44--tepla-biela/;0
/solight-led-kovovy-vianocny-stromcek-2x-aa/;/solight-led-kovovy-vianocny-stromcek--2x-aa/;0
/solight-led-ziarovka-bodova-7w-gu10-6000k-595lm-biela/;/solight-led-ziarovka--bodova-7w--gu10--6000k--595lm--biela/;0
/solight-led-kuchynske-svietidlo-2x-zasuvka-vypinac-10w-4100k-51cm/;/solight-led-kuchynske-svietidlo--2x-zasuvka--vypinac--10w--4100k--51cm/;0
/solight-led-venkovne-osvetlenie-prisadene-stvorcove-ip54-15w-1150lm-4000k-22cm/;/solight-led-venkovne-osvetlenie--prisadene--stvorcove--ip54--15w--1150lm--4000k--22cm/;0
/solight-predlzovaci-privod-4-zasuvky-cierny-2m-vysuvny-blok-zasuviek-kruhovy-tvar/;/solight-predlzovaci-privod--4-zasuvky--cierny--2m--vysuvny-blok-zasuviek--kruhovy-tvar/;0
/solight-led-bezdotykove-podlinkove-a-nabytkove-svietidlo-stmivatelne-ir-senzor-9w-4100k-60cm/;/solight-led-bezdotykove-podlinkove-a-nabytkove-svietidlo-stmivatelne--ir-senzor--9w--4100k--60cm/;0
/solight-led-ziarovka-g9-2-5w-3000k-215lm/;/solight-led-ziarovka-g9--2-5w--3000k--215lm/;0
/solight-led-dotykove-podlinkove-a-nabytkove-svietidlo-stmivatelne-2x-5w-4100k-2x-50cm/;/solight-led-dotykove-podlinkove-a-nabytkove-svietidlo-stmivatelne--2x-5w--4100k--2x-50cm/;0
/solight-led-stropne-svetlo-star-okruhle-24w-2400lm-dialkove-ovladanie-37cm/;/solight-led-stropne-svetlo-star--okruhle--24w--2400lm--dialkove-ovladanie--37cm/;0
/solight-stolna-lampa-falun-e27-biela/;/solight-stolna-lampa-falun--e27--biela/;0
/solight-predlzovaci-privod-ip44-3-zasuvky-gumovy-kabel-vonkajsi-3m/;/solight-predlzovaci-privod-ip44--3-zasuvky--gumovy-kabel--vonkajsi--3m/;0
/solight-led-vianocna-retaz-hviezdy-1-5m-10x-led-2x-aa-zlute-svetlo/;/solight-led-vianocna-retaz--hviezdy--1-5m--10x-led--2x-aa--zlute-svetlo/;0
/solight-predlzovaci-privod-na-bubne-1-zasuvka-vonkajsi-50m-gumovy-kabel-3x-1-5mm2-ip44/;/solight-predlzovaci-privod-na-bubne--1-zasuvka--vonkajsi--50m-gumovy-kabel--3x-1-5mm2--ip44/;0
/solight-led-nabijacie-svietidlo-s-cyklo-drziakom-400lm-zoom-li-ion/;/solight-led-nabijacie-svietidlo-s-cyklo-drziakom--400lm--zoom--li-ion/;0
/solight-predlzovaci-privod-na-bubne-1-zasuvka-vonkajsi-25m-gumovy-kabel-3x-1-5mm2-ip44/;/solight-predlzovaci-privod-na-bubne--1-zasuvka--vonkajsi--25m-gumovy-kabel--3x-1-5mm2--ip44/;0
/solight-led-celove-cob-svietidlo-3w-modra-3x-aaa/;/solight-led-celove-cob-svietidlo--3w--modra--3x-aaa/;0
/solight-cestovny-adapter-europe-pre-cudzincov-v-sr-typ-e-f/;/solight-cestovny-adapter-europe-pre-cudzincov-v-sr--typ-e-f/;0
/solight-2x-bezdrotovy-zvoncek-do-zasuvky-120m-biely/;/solight-2x-bezdrotovy-zvoncek--do-zasuvky--120m--biely/;0
/solight-led-ziarovka-miniglobe-6w-e14-3000k-510lm-biele-prevedenie/;/solight-led-ziarovka--miniglobe--6w--e14--3000k--510lm--biele-prevedenie/;0
/solight-dreveny-snehuliak-4x-led-2x-aa/;/solight-dreveny-snehuliak--4x-led--2x-aa/;0
/solight-drevena-lampas-s-led-svieckou-3x-aaa/;/solight-drevena-lampas-s-led-svieckou--3x-aaa/;0
/solight-led-podhladove-svietidlo-bodove-9w-720lm-3000k-okruhle-biele/;/solight-led-podhladove-svietidlo-bodove--9w--720lm--3000k--okruhle--biele/;0
/solight-led-stropne-svetlo-stvorcove-treviso-48w-2880lm-stmievatelne-dialkove-ovladanie-siva/;/solight-led-stropne-svetlo-stvorcove-treviso--48w--2880lm--stmievatelne--dialkove-ovladanie--siva/;0
/solight-led-ziarovka-sviecka-6w-e14-3000k-510lm/;/solight-led-ziarovka--sviecka--6w--e14--3000k--510lm/;0
/solight-led-ziarovka-bodova-5w-gu10-4000k-425lm-biela/;/solight-led-ziarovka--bodova-5w--gu10--4000k--425lm--biela/;0
/solight-led-ziarovka-bodova-5w-gu10-6000k-425lm-biela/;/solight-led-ziarovka--bodova-5w--gu10--6000k--425lm--biela/;0
/solight-led-ziarovka-bodova-5w-gu10-3000k-425lm-biela/;/solight-led-ziarovka--bodova-5w--gu10--3000k--425lm--biela/;0
/solight-led-stmievatelna-lampicka-s-bezdrotovym-nabijanim-10w-zmena-chromatickosti-siva/;/solight-led-stmievatelna-lampicka-s-bezdrotovym-nabijanim--10w-zmena-chromatickosti--siva/;0
/solight-predlzovaci-privod-spojka-1-zasuvka-30m-3-x-1-5mm2-gumova-cierna/;/solight-predlzovaci-privod-spojka--1-zasuvka--30m--3-x-1-5mm2--gumova--cierna/;0
/solight-otocna-ip-kamera/;/solight-otocna-ip-kamera/;0
/solight-meteostanica-farebny-lcd-teplota-vlhkost-rcc-cierna/;/solight-meteostanica--farebny-lcd--teplota--vlhkost--rcc--cierna/;0
/solight-led-svetelny-pas-s-testrom-5m-sada-s-12v-adapterom-4-8w-m-ip20-studena-biela/;/solight-led-svetelny-pas-s-testrom--5m--sada-s-12v-adapterom--4-8w-m--ip20--studena-biela/;0
/solight-pridavna-zasuvka-pre-dy08-learning-code/;/solight-pridavna-zasuvka-pre-dy08--learning-code/;0
/solight-led-vonkajsia-vianocna-retaz-50led-5m-8-funkcii-ip44-3x-aa-tepla-biela/;/solight-led-vonkajsia-vianocna-retaz--50led--5m--8-funkcii--ip44--3x-aa--tepla-biela/;0
/solight-led-pasik-pre-tv-100cm-usb-vypinac-studena-biela/;/solight-led-pasik-pre-tv--100cm--usb--vypinac--studena-biela/;0
/solight-led-podhladove-svietidlo-bodove-5w-400lm-3000k-okruhle-biele/;/solight-led-podhladove-svietidlo-bodove--5w--400lm--3000k--okruhle-biele/;0
/solight-led-ziarivka-linearna-pro-t8-22w-3080lm-4000k-150cm-alu-pc/;/solight-led-ziarivka-linearna-pro-t8--22w--3080lm--4000k--150cm--alu-pc/;0
/solight-predlzovaci-privod-ip44-4-zasuvky-gumovy-kabel-vypinac-vonkajsi-10m/;/solight-predlzovaci-privod-ip44--4-zasuvky--gumovy-kabel--vypinac--vonkajsi--10m/;0
/solight-dialkovo-ovladane-zasuvky-set-3-1-3-zasuvky-1-ovladac/;/solight-dialkovo-ovladane-zasuvky-set-3-1--3-zasuvky--1-ovladac/;0
/solight-led-nabijacie-profesionalne-svietidlo-600lm-t6-xml-cree-led-zoom-li-ion/;/solight-led-nabijacie-profesionalne-svietidlo--600lm--t6-xml-cree-led--zoom--li-ion/;0
/solight-predlzovaci-privod-4-zasuvky-biely-vypinac-7m/;/solight-predlzovaci-privod--4-zasuvky--biely--vypinac--7m/;0
/solight-high-bay-240w-33600lm-120-philips-mw-5000k-ugr/;/solight-high-bay--240w--33600lm--120--philips--mw--5000k--ugr/;0
/solight-led-rgb-pasik-pre-tv-2-x-50cm-usb-vypinac-dialkovy-ovladac/;/solight-led-rgb-pasik-pre-tv--2-x-50cm--usb--vypinac--dialkovy-ovladac/;0
/solight-teplomer-teplota-velky-displej-datum-cas-biely/;/solight-teplomer--teplota--velky-displej--datum--cas--biely/;0
/solight-nahradny-akumulator-typ-18650-3-7v-li-ion-2200mah/;/solight-nahradny-akumulator-typ-18650--3-7v--li-ion--2200mah/;0
/solight-predlzovaci-privod-na-bubne-4-zasuvky-25m-kabel-guma-3x-1-5mm2-ip44/;/solight-predlzovaci-privod-na-bubne--4-zasuvky--25m-kabel-guma--3x-1-5mm2--ip44/;0
/solight-led-reflektor-pro-100w-9200lm-5000k-ip65/;/solight-led-reflektor-pro--100w--9200lm--5000k--ip65/;0
/solight-led-svetelny-pas-5m-smd5050-60led-m-14-4w-m-ip65-studena-biela/;/solight-led-svetelny-pas--5m--smd5050-60led-m--14-4w-m--ip65--studena-biela/;0
/solight-led-stolna-lampicka-nabijacia-5w-rgb-podsvietenie-stmievatelna-usb-napajanie/;/solight-led-stolna-lampicka-nabijacia--5w--rgb-podsvietenie--stmievatelna--usb-napajanie/;0
/solight-led-nabijacie-vreckove-svietidlo-200lm-3w-zoom-li-ion/;/solight-led-nabijacie-vreckove-svietidlo--200lm--3w--zoom--li-ion/;0
/solight-led-celove-nabijacie-svietidlo-3w-cob-150lm-60lm-li-ion/;/solight-led-celove-nabijacie-svietidlo--3w-cob--150lm-60lm--li-ion/;0
/solight-led-2v1-vonkajsia-vianocna-retaz-gule-dialkovy-ovladac-100led-rgb-biela-10m-5m-8-funkcii-ip44/;/solight-led-2v1-vonkajsia-vianocna-retaz--gule--dialkovy-ovladac--100led--rgb-biela--10m--5m--8-funkcii--ip44/;0
/solight-predlzovaci-privod-spojka-1-zasuvka-cierna-15m/;/solight-predlzovaci-privod-spojka--1-zasuvka--cierna--15m/;0
/solight-led-napajaci-zdroj-230v-12v-2a-24w-ip20/;/solight-led-napajaci-zdroj--230v-12v--2a--24w--ip20/;0
/solight-gsm-alarm-pohybovy-senzor-dialk-ovl-biely/;/solight-gsm-alarm--pohybovy-senzor--dialk--ovl-biely/;0
/solight-predlzovaci-privod-3-zasuvky-biely-10m/;/solight-predlzovaci-privod--3-zasuvky--biely--10m/;0
/solight-led-linearne-svietidlo-podlinkove-15w-4100k-3-stupnove-stmievanie-vypinac-hlinik-90cm/;/solight-led-linearne-svietidlo-podlinkove--15w--4100k--3-stupnove-stmievanie--vypinac--hlinik--90cm/;0
/solight-cestovny-adapter-do-spojenych-statov-typ-b/;/solight-cestovny-adapter-do-spojenych-statov--typ-b/;0
/solight-cestovny-adapter-univerzalny-uzemneny/;/solight-cestovny-adapter--univerzalny--uzemneny/;0
/solight-led-linearne-svietidlo-podlinkove-10w-4100k-3-stupnove-stmievanie-vypinac-hlinik-58cm/;/solight-led-linearne-svietidlo-podlinkove--10w--4100k--3-stupnove-stmievanie--vypinac--hlinik--58cm/;0
/solight-predlzovaci-privod-na-bubne-4-zasuvky-10m-cierny-kabel-3x-1-0mm2/;/solight-predlzovaci-privod-na-bubne--4-zasuvky--10m--cierny-kabel--3x-1-0mm2/;0
/solight-stredny-dvojramenny-konzolovy-drziak-pre-ploche-tv-76cm-177cm-30-70/;/solight-stredny-dvojramenny-konzolovy-drziak-pre-ploche-tv--76cm-177cm--30-70--/;0
/solight-high-bay-100w-14000lm-120-philips-mw-5000k-ugr/;/solight-high-bay--100w--14000lm--120--philips--mw--5000k--ugr/;0
/solight-led-projekcna-gula-multicolor-9-rezimov-otacanie-usb-4x-aaa/;/solight-led--projekcna-gula--multicolor--9-rezimov--otacanie--usb--4x-aaa/;0
/solight-stojan-teleskopicky-pre-led-reflektory-60-150cm-pre-1-2-reflektory-oranzova-farba/;/solight-stojan-teleskopicky-pre-led-reflektory--60-150cm--pre-1-2-reflektory--oranzova-farba/;0
/solight-maketa-bezpecnostnej-kamery-na-strop-led-dioda-3-x-aa/;/solight-maketa-bezpecnostnej-kamery--na-strop--led-dioda--3-x-aa/;0
/solight-predlzovaci-privod-5-zasuviek-biely-6x-vypinac-3m/;/solight-predlzovaci-privod--5-zasuviek--biely--6x-vypinac--3m/;0
/solight-led-svetelny-pas-so-svetelnym-a-pohybovym-senzorom-1m-4x-aaa/;/solight-led-svetelny-pas-so-svetelnym-a-pohybovym-senzorom--1m--4x-aaa/;0
/solight-predlzovaci-privod-5-zasuviek-biely-6x-vypinac-2m/;/solight-predlzovaci-privod--5-zasuviek--biely--6x-vypinac--2m/;0
/solight-led-reflektor-pro-so-senzorom-30w-2760lm-5000k-ip44/;/solight-led-reflektor-pro-so-senzorom--30w--2760lm--5000k--ip44/;0
/solight-predlzovaci-privod-na-bubne-4-zasuvky-50m-oranzovy-kabel-3x-1-5mm2/;/solight-predlzovaci-privod-na-bubne--4-zasuvky--50m--oranzovy-kabel--3x-1-5mm2/;0
/solight-velky-naklapaci-drziak-pre-ploche-tv-94cm-190cm-37-75/;/solight-velky-naklapaci-drziak-pre-ploche-tv--94cm-190cm--37-75-/;0
/domo-do9176rk/;/domo-do9176rk/;0
/eta-013490000/;/eta-013490000/;0
/tefal-fr-490070/;/tefal-fr-490070/;0
/tefal-fr-495070/;/tefal-fr-495070/;0
/eta-013390010/;/eta-013390010/;0
/ricatech-pr1980-ghettoblaster/;/ricatech-pr1980-ghettoblaster/;0
/yamaha-ns-f51-black-1-karton/;/yamaha-ns-f51-black-1-karton/;0
/yamaha-ns-aw592-white-1-karton/;/yamaha-ns-aw592-white-1-karton/;0
/yamaha-ns-777-black-2-kartony/;/yamaha-ns-777-black-2-kartony/;0
/budik-digitalni-projekcni-technoline-wt-538/;/budik-digitalni-projekcni-technoline-wt-538/;0
/budik-digitalni-technoline-wt-463r-s-fm-radioprijimacem/;/budik-digitalni-technoline-wt-463r-s-fm-radioprijimacem/;0
/budik-digitalni-technoline-wt-463b-s-fm-radioprijimacem/;/budik-digitalni-technoline-wt-463b-s-fm-radioprijimacem/;0
/budik-digitalni-technoline-wt-235bs/;/budik-digitalni-technoline-wt-235bs/;0
/budik-digitalni-technoline-wt-235bk/;/budik-digitalni-technoline-wt-235bk/;0
/budik-digitalni-technoline-wt-260/;/budik-digitalni-technoline-wt-260/;0
/budik-digitalni-projekcni-technoline-wt-519/;/budik-digitalni-projekcni-technoline-wt-519/;0
/amiko-multitracker-3/;/amiko-multitracker-3/;0
/amiko-tsc-1270/;/amiko-tsc-1270/;0
/pa-6010z/;/monacor-pa-6010z-10-zone-mono-pa-mixing-amplifier/;0
/pa-704/;/monacor-pa-704-mixazny-zosilnovac/;0
/pa-4120d/;/monacor-pa-4120d-4-channel-class-d-pa-power-amplifier/;0
/garni-030h-bezdratove-cidlo/;/garni-030h-bezdratove-cidlo/;0
/garni-029-bezdratove-cidlo/;/garni-029-bezdratove-cidlo/;0
/meteorologicka-stanice-garni-439-line-s-projekci/;/meteorologicka-stanice-garni-439-line-s-projekci/;0
/meteorologicka-stanice-garni-365-arcus-s-projekci/;/meteorologicka-stanice-garni-365-arcus-s-projekci/;0
/rm-mxr-80/;/img-stage-line-rm-mxr-80-482-mm-sada-montaznych-konzol-pre-mxr-80/;0
/rm-mxr-60/;/img-stage-line-rm-mxr-60-482-mm--19-sada-montaznych-konzol-pre-mxr-60/;0
/inverto-premium-octoblok-lnb-0-7-db/;/inverto-premium-octoblok-lnb-0-7-db/;0
/wap-8/;/monacor-wap-8-prenosny-zosilnovac-hlasu/;0
/beko-hdcg-32220-fx/;/beko-hdcg-32220-fx/;0
/ali-bt-sluchatka-ah02-fm-sd-bila-ah02wt/;/ali-bt-sluchatka-ah02-fm-sd-bila--ah02wt/;0
/panasonic-rp-tcm115e-a-blue/;/panasonic-rp-tcm115e-a--blue/;0
/panasonic-sc-akx520e-k/;/panasonic-sc-akx520e-k/;0
/panasonic-rp-tcm115e-w-white/;/panasonic-rp-tcm115e-w--white/;0
/tefal-ko-250830/;/tefal-ko-250830/;0
/yamaha-wx-051-musiccast-50-white/;/yamaha-wx-051-musiccast-50-white/;0
/sony-mdr-ex15apli-modra/;/sony-mdr-ex15apli-modra/;0
/sony-mdr-ex15appi-ruzova/;/sony-mdr-ex15appi--ruzova/;0
/philips-shp2500-10/;/philips-shp2500-10/;0
/xavax-111010-skrabka-sklokeram-desky/;/xavax-111010-skrabka-sklokeram-desky/;0
/remington-ci1a119-19mmm-curling-tong/;/remington-ci1a119-19mmm-curling-tong/;0
/koma-wb03pl-rowenta-ro6441ea/;/koma-wb03pl-rowenta-ro6441ea/;0
/russell-hobbs-22000-56-rh/;/russell-hobbs-22000-56-rh/;0
/electrolux-ef155/;/electrolux-ef155/;0
/russell-hobbs-22760-56-rh/;/russell-hobbs-22760-56-rh/;0
/remington-s-8540/;/remington-s-8540/;0
/remington-s-5506-gp/;/remington-s-5506-gp/;0
/remington-ci-9132/;/remington-ci-9132/;0
/remington-ci-5318/;/remington-ci-5318/;0
/remington-ci-53w/;/remington-ci-53w/;0
/xavax-111377-vlnene-koule-do-susicky-3/;/xavax-111377-vlnene-koule-do-susicky--3/;0
/electrolux-ef-54/;/electrolux-ef-54/;0
/eta-859890040/;/eta-859890040/;0
/eta-317490000/;/eta-317490000/;0
/panasonic-rp-hf100me-k-cerna-559395/;/panasonic-rp-hf100me-k-cerna-559395/;0
/koma-rk01-univerzalni-rotacni-kartac/;/koma-rk01-univerzalni-rotacni-kartac/;0
/koma-par1-univerzalni-parket-hubice/;/koma-par1-univerzalni-parket--hubice/;0
/koma-sb01pl-electrolux-universal-bag/;/koma-sb01pl-electrolux-universal-bag/;0
/koma-et36s-smart-bag-concept/;/koma-et36s-smart-bag-concept/;0
/koma-ze06s-zelmer-z-bag-sms/;/koma-ze06s-zelmer-z-bag-sms/;0
/koma-v135pl-vorwerk-vk-135/;/koma-v135pl-vorwerk-vk-135/;0
/koma-vh15rr-vytokova-hadice-1-5m/;/koma-vh15rr-vytokova-hadice-1-5m/;0
/koma-ze05s-zelmer-vodnik-sms/;/koma-ze05s-zelmer-vodnik-sms/;0
/koma-rw03s-rowenta-silence-force/;/koma-rw03s-rowenta-silence-force/;0
/koma-ze04s-zelmer-twist-twister-sms/;/koma-ze04s-zelmer-twist--twister-sms/;0
/koma-ze02s-zelmer-meteor-sms/;/koma-ze02s-zelmer-meteor-sms/;0
/koma-ze03s-zelmer-magnat-3000-sms/;/koma-ze03s-zelmer-magnat-3000-sms/;0
/koma-sa01s-samsung-bravo-4121/;/koma-sa01s-samsung--bravo-4121/;0
/koma-vf01-univerzalni-mikrofiltr/;/koma-vf01-univerzalni-mikrofiltr/;0
/koma-pr03s-progress-pc-3103-sms/;/koma-pr03s-progress-pc-3103-sms/;0
/koma-pa20p-panasonic-mc-e-7001/;/koma-pa20p-panasonic-mc-e-7001/;0
/koma-sa02-samsung-8900/;/koma-sa02-samsung-8900/;0
/koma-kf04-filtr-do-kavovaru-c-4/;/koma-kf04-filtr-do-kavovaru-c--4/;0
/koma-ex07s-electrolux-energica-sms/;/koma-ex07s-electrolux-energica-sms/;0
/koma-ol10-olejovy-filtr-1000x420mm/;/koma-ol10-olejovy-filtr-1000x420mm/;0
/koma-nh35-napousteci-hadice-3-5m/;/koma-nh35-napousteci-hadice-3-5m/;0
/koma-nh15-napousteci-hadice-1-5-m/;/koma-nh15-napousteci-hadice-1-5-m/;0
/koma-cp01s-concept-9000-sms/;/koma-cp01s-concept-9000-sms/;0
/koma-hv58s-hoover-sprint-sms/;/koma-hv58s-hoover-sprint-sms/;0
/koma-et29s-eta-silent-1471-sms/;/koma-et29s-eta-silent-1471-sms/;0
/koma-et16s-eta-aston-1465-sms/;/koma-et16s-eta-aston-1465-sms/;0
/koma-ag26s-aeg-vampyr-sms/;/koma-ag26s-aeg-vampyr-sms/;0
/koma-ml01s-miele-h-g-n-sms/;/koma-ml01s-miele-h-g-n-sms/;0
/koma-ml02s-miele-f-j-m-sms/;/koma-ml02s-miele-f-j-m-sms/;0
/koma-hv30s-hoover-telios-sms/;/koma-hv30s-hoover-telios-sms/;0
/koma-hv20s-hoover-pura-power-sms/;/koma-hv20s-hoover-pura-power-sms/;0
/koma-et19s-eta-domino-1419-sms/;/koma-et19s-eta-domino-1419-sms/;0
/koma-et25s-eta-piccolo-1409-sms/;/koma-et25s-eta-piccolo-1409-sms/;0
/koma-ex06s-electrolux-xio-sms/;/koma-ex06s-electrolux-xio-sms/;0
/koma-ei09s-eio-c-9-futura-sms/;/koma-ei09s-eio-c--9-futura-sms/;0
/koma-dw02s-daewoo-rc105-sms/;/koma-dw02s-daewoo-rc105-sms/;0
/koma-ag05s-aeg-c-5-vampyrino-sms/;/koma-ag05s-aeg-c--5-vampyrino-sms/;0
/koma-bs67s-bosch-typ-g-sms/;/koma-bs67s-bosch-typ-g-sms/;0
/koma-et20s-eta-draco-arcus-sms/;/koma-et20s-eta-draco--arcus--sms/;0
/koma-et32s-eta-windy-1416-1417-sms/;/koma-et32s-eta-windy-1416-1417-sms/;0
/koma-et28s-eta-trino-1454-sms/;/koma-et28s-eta-trino-1454-sms/;0
/koma-et30s-eta-sting-430-sms/;/koma-et30s-eta-sting-430-sms/;0
/koma-et18s-eta-capolo/;/koma-et18s-eta-capolo/;0
/koma-et23s-eta-nobel-1861/;/koma-et23s-eta-nobel-1861/;0
/koma-ex08s-electrolux-masterlux-sms/;/koma-ex08s-electrolux-masterlux-sms/;0
/koma-aq02s-aquavac-multi-pro-sms/;/koma-aq02s-aquavac-multi-pro-sms/;0
/maxxo-rolky-3x20cmx3m/;/maxxo-rolky-3x20cmx3m/;0
/russell-hobbs-21353-56/;/russell-hobbs-21353-56/;0
/maxxo-rolky-2x28cmx3m/;/maxxo-rolky-2x28cmx3m/;0
/koma-ap01-antivibracni-podlozky/;/koma-ap01-antivibracni-podlozky/;0
/koma-wb01pl-rowenta-wonderbag/;/koma-wb01pl-rowenta-wonderbag/;0
/koma-ec10s/;/koma-ec10s/;0
/koma-ec16s-ecg-vp-4102s-sms/;/koma-ec16s-ecg-vp-4102s-sms/;0
/sony-sluchatka-mdr-zx110-ap-bila/;/sony-sluchatka-mdr-zx110-ap-bila/;0
/sony-sluchatka-mdr-zx110w-bila/;/sony-sluchatka-mdr-zx110w-bila/;0
/sony-sluchatka-mdr-zx110b-cerna/;/sony-sluchatka-mdr-zx110b--cerna/;0
/sony-sluchatka-mdr-zx110p-ruzova/;/sony-sluchatka-mdr-zx110p--ruzova/;0
/sony-sluchatka-mdr-ex110ap-cerna/;/sony-sluchatka-mdr-ex110ap-cerna/;0
/sony-sluchatka-mdr-zx310-bila/;/sony-sluchatka-mdr-zx310-bila/;0
/sony-sluchatka-mdr-zx310-cerv/;/sony-sluchatka-mdr-zx310-cerv-/;0
/sony-sluchatka-mdr-zx310-cerna/;/sony-sluchatka-mdr-zx310-cerna/;0
/sony-sluchatka-mdr-ex15lp-bila/;/sony-sluchatka-mdr-ex15lp--bila/;0
/sony-sluchatka-mdr-ex15lp-modra/;/sony-sluchatka-mdr-ex15lp--modra/;0
/electrolux-menalux-6103-p/;/electrolux-menalux-6103-p/;0
/electrolux-menalux-4600/;/electrolux-menalux-4600/;0
/electrolux-menalux-4200/;/electrolux-menalux-4200/;0
/electrolux-menalux-3100/;/electrolux-menalux-3100/;0
/electrolux-menalux-1900/;/electrolux-menalux-1900/;0
/electrolux-menalux-1002/;/electrolux-menalux-1002/;0
/electrolux-ef-55/;/electrolux-ef-55/;0
/bwt-filtracni-konvice-vida-mei-bila/;/bwt-filtracni-konvice-vida-mei-bila/;0
/tefal-mb-756-g-31/;/tefal-mb-756-g-31/;0
/rowenta-ac-2320/;/rowenta-ac-2320/;0
/remington-s-7300/;/remington-s-7300/;0
/remington-s-8670/;/remington-s-8670/;0
/remington-ac-9140/;/remington-ac-9140/;0
/remington-ac-5999/;/remington-ac-5999/;0
/remington-d-5215/;/remington-d-5215/;0
/remington-ac-9096/;/remington-ac-9096/;0
/remington-hc-5200/;/remington-hc-5200/;0
/braun-silk-epil-5560-epilator/;/braun-silk-epil-5560-epilator/;0
/braun-face-810/;/braun-face-810/;0
/rowenta-ep-5720-f0/;/rowenta-ep-5720-f0/;0
/rowenta-ep-5640-d0/;/rowenta-ep-5640-d0/;0
/tefal-ki170d40/;/tefal-ki170d40/;0
/tefal-gc-305012/;/tefal-gc-305012/;0
/tefal-zc-255-b-38/;/tefal-zc-255-b-38/;0
/tefal-gt-110838/;/tefal-gt-110838/;0
/nescafe-dolce-gusto-espresso-30-cap/;/nescafe-dolce-gusto-espresso-30-cap/;0
/tassimo-jacobs-latte-macch-classico-264g/;/tassimo-jacobs-latte-macch-classico-264g/;0
/nescafe-dolce-gusto-lungo-intenso-16cap/;/nescafe-dolce-gusto-lungo-intenso-16cap/;0
/nescafe-dolce-gusto-nesquik-16cap/;/nescafe-dolce-gusto-nesquik-16cap/;0
/nescafe-r-dolce-gusto-r-cafe-au-lait-16-ks/;/nescafe-dolce-gusto-cafe-au-lait-16-ks/;0
/scanpart-cistici-tabletky-10ks/;/scanpart-cistici-tabletky-10ks/;0
/scanpart-cistici-tabletky-6ks-na-vodni-k/;/scanpart-cistici-tabletky-6ks-na-vodni-k/;0
/nescafe-dolce-gusto-cortado-16cap/;/nescafe-dolce-gusto-cortado-16cap/;0
/nescafe-r-dolce-gusto-r-latte-macch-16ks/;/nescafe-dolce-gusto-latte-macch-16ks/;0
/nescafe-dolce-gusto-espresso-16cap/;/nescafe-dolce-gusto-espresso-16cap/;0
/tassimo-jacobs-cappuccino-classico-260g/;/tassimo-jacobs-cappuccino-classico-260g/;0
/nescafe-dolce-gusto-cappuccino-16cap/;/nescafe-dolce-gusto-cappuccino-16cap/;0
/rowenta-wb-305140/;/rowenta-wb-305140/;0
/rowenta-wb-406140/;/rowenta-wb-406140/;0
/koma-ec05s-ecg-vp-901-sms/;/koma-ec05s-ecg-vp-901-sms/;0
/koma-dl12s-de-longhi-xlence-sms/;/koma-dl12s-de-longhi-xlence-sms/;0
/koma-sb01s-electrolux-universal-bag/;/koma-sb01s-electrolux-universal-bag/;0
/koma-tf01-tukovy-filtr-do-odsavacu-par/;/koma-tf01-tukovy-filtr-do-odsavacu-par/;0
/rowenta-zr003901/;/rowenta-zr003901/;0
/rowenta-wb-4847-wonderbag/;/rowenta-wb-4847-wonderbag/;0
/lenco-icr-210-bila/;/lenco-icr-210-bila/;0
/lenco-icr-210-cerna/;/lenco-icr-210-cerna/;0
/lenco-icr-230-1/;/lenco-icr-230-1/;0
/sony-icfc1w/;/sony-icfc1w/;0
/ricatech-pr85/;/ricatech-pr85/;0
/dmp-130mixbt/;/monacor-dmp-130mixbt-mp3-prehravac-a-mikrofonny-linkovy-mixpult/;0
/e-7th-5/;/jts-e-7th-5-dynamicky-ruckovy-uhf-pll-vysielac/;0
/e-7tb-5/;/jts-e-7tb-5-uhf-pll-vreckovy-vysielac-s-klopovym--lavalierovym--mikrofonom/;0
/e-7hhsetd-5/;/jts-e-7hhsetd-5-dvojkanalova-uhf-pll-sada-na-prenos-zvuku/;0
/e-7hhset-5/;/jts-e-7hhset-5-uhf-pll-sada-na-prenos-zvuku/;0
/e-7bpsetd-5/;/jts-e-7bpsetd-5-uhf-pll-sada-na-prenos-zvuku/;0
/e-7bpset-5/;/jts-e-7bpset-5-uhf-pll-sada-na-prenos-zvuku/;0
/wave-15a/;/img-stage-line-wave-15a-aktivny-sirokopasmovy-reproduktorovy-system--400-w/;0
/wave-10a/;/img-stage-line-wave-10a-aktivny-sirokopasmovy-reproduktorovy-system--300-w/;0
/wave-08a/;/img-stage-line-wave-08a-aktivny-sirokopasmovy-reproduktorovy-system--150-w/;0
/w4-ch12-cover/;/jts-w4-ch12-cover-kryt-prepravneho-kufra/;0
/w4-ch12/;/jts-w4-ch12-prepravne-puzdro-s-integrovanou-funkciou-nabijania--12-portov/;0
/w4-ch1/;/jts-w4-ch1-nabijacia-stanica--jeden-port/;0
/cs-w4t-5/;/jts-cs-w4t-5-uhf-pll-vysielac-stojaceho-mikrofonu-pre-hlavneho-recnika/;0
/cs-w4c-5/;/jts-cs-w4c-5-4-kanalovy-diverzitny-uhf-pll-sirokopasmovy-prijimac-pre-konferencny-system/;0
/pa-m4rc/;/monacor-pa-m4rc-pa-zonovy-paging-mikrofon/;0
/pa-m412/;/monacor-pa-m412-4-zonovy-pa-matrix-mixazny-zosilnovac/;0
/pa-m224/;/monacor-pa-m224-2-zonovy-pa-matrix-mixazny-zosilnovac/;0
/katana-m1/;/monacor-katana-m1-reproduktorova-stavebnica/;0
/tesla-te-344-venkovni-antena/;/tesla-te-344-venkovni-antena/;0
/meteorologicka-stanice-ws-6462/;/meteorologicka-stanice-ws-6462/;0
/lem-ins-02-napajeci-vyhybka-k-lem-zesilovacum/;/lem-ins-02-napajeci-vyhybka-k-lem-zesilovacum/;0
/ats-85ps/;/monacor-ats-85ps-nabijacia-stanicca--5-portov/;0
/ats-825c/;/monacor-ats-825c-transportne-puzdro-s-integrovanou-funkciou-nabijania--25-portov/;0
/ats-80t/;/monacor-ats-80t-42-kanalovy-pll-vysielac/;0
/ats-80r/;/monacor-ats-80r-42-kanalovy-prijimac-pll/;0
/zzacc1ve/;/zzipp-zzacc1ve-zzacc1ve--stereo-sluchadla-s-mikrofonom/;0
/txzzbox/;/zzipp-txzzbox-txzzbox--plastovy-kufrik-pre-bezdrotove-mikrofony/;0
/txzz622/;/zzipp-txzz622-txzz622-sada-bezdrotovych-mikrofonov/;0
/mxr-80/;/img-stage-line-mxr-80-8-kanalovy-audio-mix/;0
/mxr-60/;/img-stage-line-mxr-60-6-kanalovy-audio-mix/;0
/mxr-6/;/img-stage-line-mxr-6-6-kanalovy-audio-mix/;0
/mxr-4/;/img-stage-line-mxr-4-4-kanalovy-audio-mix/;0
/mxr-120/;/img-stage-line-mxr-120-12-kanalovy-audio-mix/;0
/wave-15p/;/img-stage-line-wave-15p-pasivny-sirokopasmovy-reproduktorovy-system--500-w--8-/;0
/wave-12p/;/img-stage-line-wave-12p-pasivny-sirokopasmovy-reproduktorovy-system--400-w--8-/;0
/meteorologicka-stanice-garni-525/;/meteorologicka-stanice-garni-525/;0
/meteorologicka-stanice-garni-520/;/meteorologicka-stanice-garni-520/;0
/wall-06set-ws/;/monacor-wall-06set-ws-aktivny-dvojpasmovy-stereo-reproduktorovy-system--2-x-30-w--16-cm/;0
/wall-05set-ws/;/monacor-wall-05set-ws-aktivny-dvojpasmovy-stereo-reproduktorovy-system--2-x-30-w--13-cm/;0
/drm-882wpx/;/monacor-drm-882wpx-nastenne-dialkove-ovladanie/;0
/drm-882wp/;/monacor-drm-882wp-nastenne-dialkove-ovladanie/;0
/drm-882lan/;/monacor-drm-882lan-digitalny-8x8-matrix-router/;0
/sub-10/;/monacor-sub-10-pasivny-subwoofer--500-w-8-/;0
/tesla-smart-finder-s2-vyhledavac-dvb-s-s2-signalu/;/tesla-smart-finder-s2-vyhledavac-dvb-s-s2-signalu/;0
/km-16312/;/kng-km-16312-nastenny-drziak-pre-sluchadla/;0
/km-16311/;/kng-km-16311-nastenny-drziak-pre-sluchadla/;0
/km-12190/;/kng-km-12190-stojan-na-notebook/;0
/mc-52usb-ws/;/org-mc-52usb-ws-stolova-zasuvka-s-viacerymi-zasuvkami--5-zasuviek--vypinac/;0
/garni-940-wi-fi-meteorologicka-stanice/;/garni-940-wi-fi-meteorologicka-stanice/;0
/edl-42hq/;/monacor-edl-42hq-hi-fi-nastenny-a-stropny-reproduktor--15-w--100-v--8ohm/;0
/flat-m200bag/;/img-stage-line-flat-m200bag-transportna-a-ochranna-taska-pre-flat-m200/;0
/flat-m200/;/img-stage-line-flat-m200-aktivny-pa-podiovy-monitorovaci-system--300-w/;0
/tesla-te-2800-pw-venkovni-antena-pro-dvb-t2-470-790-mhz-9-dbi-aktivni-zesilovac/;/tesla-te-2800-pw-venkovni-antena-pro-dvb-t2--470-790-mhz--9-dbi--aktivni-zesilovac/;0
/av-kabel-pro-prijimac-kaon-mz-102-tesla-hybbrid-tv-t200-zircon-air-hbbtv/;/av-kabel-pro-prijimac-kaon-mz-102--tesla-hybbrid-tv-t200--zircon-air-hbbtv/;0
/kabel-scart-6x-cinch-1-2-m/;/kabel-scart-6x-cinch-1-2-m/;0
/kabel-hdmi-1m-v2-0-cabletech-4k-uhd/;/kabel-hdmi-1m-v2-0-cabletech-4k-uhd/;0
/kabel-dvojlinka-cabletech-kab0306-2x-0-5-mm-cerno-ruda-ofc/;/kabel-dvojlinka-cabletech-kab0306-2x-0-5-mm-cerno-ruda-ofc/;0
/kabel-scart-scart-1-2m-21pin/;/kabel-scart-scart-1-2m-21pin/;0
/kabel-2x-cinch-2x-cinch-10m/;/kabel-2x-cinch-2x-cinch-10m/;0
/kabel-hdmi-1-5-m-v2-0-cabletech-4k-uhd/;/kabel-hdmi-1-5-m-v2-0-cabletech-4k-uhd/;0
/txa-820bag/;/monacor-txa-820bag-ochranny-obal-pre-txa-820--txa-820cd--txa-822cd/;0
/att100/;/orm-att100-vysielac-turistickeho-sprievodcu--446-mhz/;0
/txa-820wpb/;/monacor-txa-820wpb-ochranny-kryt--odolny-voci-striekajucej-vode--pre-txa-820--txa-820cd--txa-822cd/;0
/txa-820mt/;/monacor-txa-820mt-modul-multifrekvencneho-transmittera/;0
/txa-1822mr/;/monacor-txa-1822mr-modul-2-kanaloveho-multifrekvencneho-prijimaca/;0
/edl-18/;/monacor-edl-18-pa-stropny-reproduktor--20-cm--8--/;0
/edl-16/;/monacor-edl-16-pa-stropny-reproduktor--15-cm--6--/;0
/edl-118tw/;/monacor-edl-118tw-pa-stropny-reproduktor--100-v/;0
/edl-116tw/;/monacor-edl-116tw-pa-stropny-reproduktor--100-v/;0
/801cs-b/;/jts-801cs-b-pripajaci-kabel/;0
/801cr-b/;/jts-801cr-b-pripajaci-kabel/;0
/801c4-b/;/jts-801c4-b-pripajaci-kabel/;0
/801c4/;/jts-801c4-pripajaci-kabel/;0
/801c3-b/;/jts-801c3-b-pripajaci-kabel/;0
/mx-2io/;/monacor-mx-2io-2-kanalovy-usb-nahravaci-interface/;0
/txa-820cd/;/monacor-txa-820cd-prenosny-zosilnovac/;0
/txa-820/;/monacor-txa-820-prenosny-zosilnovac/;0
/dadc-144dt/;/monacor-dadc-144dt-4-kanalovy-dante-vysielac/;0
/pa-948s/;/monacor-pa-948s-mono-pa-vykonovy-zosilnovac--480-w/;0
/pa-924s/;/monacor-pa-924s-mono-pa-vykonovy-zosilnovac--240-w/;0
/pa-912s/;/monacor-pa-912s-mono-pa-vykonovy-zosilnovac--120-w/;0
/da-p20-130-t/;/org-da-p20-130-t-zvukovy-projektor-pa-odolny-voci-poveternostnym-vplyvom-na-stenu-s-certifikatom-en-54-24/;0
/audiopoint-3/;/org-audiopoint-3-audio-streamer/;0
/ru-g3th-5/;/jts-ru-g3th-5-ruckovy-uhf-pll-mikrofon-s-kondenzatorovou-vlozkou/;0
/ru-g3tb-5/;/jts-ru-g3tb-5-uhf-pll-vreckovy-vysielac/;0
/ru-901g3-5/;/jts-ru-901g3-5-true-diverzitny-uhf-pll-sirokopasmovy-prijimac/;0
/ru-850th-5/;/jts-ru-850th-5-dynamicky-ruckovy-uhf-pll-mikrofon/;0
/ru-850tb-5/;/jts-ru-850tb-5-uhf-pll-vreckovy-vysielac/;0
/ru-8012db-5/;/jts-ru-8012db-5-2-kanalovy-diverzitny-uhf-pll-sirokopasmovy-prijimac/;0
/ru-8011db-5/;/jts-ru-8011db-5-diverzitny-uhf-pll-sirokopasmovy-prijimac/;0
/ru-8011d-5/;/jts-ru-8011d-5-diverzitny-uhf-pll-sirokopasmovy-prijimac/;0
/r-4tha-5/;/jts-r-4tha-5-ruckovy-uhf-pll-mikrofon-s-kondenzatorovou-vlozkou/;0
/r-4tbm-5/;/jts-r-4tbm-5-uhf-pll-vreckovy-vysielac/;0
/jss-4b-5/;/jts-jss-4b-5-dynamicky-ruckovy-uhf-pll-mikrofon/;0
/g3ch-2/;/jts-g3ch-2-nabijacia-stanica/;0
/ch-8/;/jts-ch-8-transportny-kufrik-s-funkciou-nabijania/;0
/fly-16set/;/img-stage-line-fly-16set-sada-16-kanaloveho-bezdrotoveho-prenosu-zvuku-pa/;0
/fly-16t/;/img-stage-line-fly-16t-16-kanalovy-bezdrotovy-pa-audio-transmitter/;0
/fly-16r/;/img-stage-line-fly-16r-16-kanalovy-bezdrotovy-pa-audio-prijimac/;0
/txa-822cd/;/monacor-txa-822cd-prenosny-zosilnovac/;0
/it-350-en/;/monacor-it-350-en-2-pasmovy-horn-reproduktor--music-horn-odolny-voci-pocasiu/;0
/spc-525h-sw/;/monacor-spc-525h-sw-reproduktorovy-kabel--bezhalogenovy--2-x-2-5-mm2--100-m/;0
/mecr-600-sw/;/monacor-mecr-600-sw-xlr-kabel--6-m--rean/;0
/mecr-50-sw/;/monacor-mecr-50-sw-xlr-kabel--0-5-m--rean/;0
/mecr-2000-sw/;/monacor-mecr-2000-sw-xlr-kabel--20-m--rean/;0
/mecr-200-sw/;/monacor-mecr-200-sw-xlr-kabel--2-m--rean/;0
/mecr-1000-sw/;/monacor-mecr-1000-sw-xlr-kabel--10-m--rean/;0
/mecr-100-sw/;/monacor-mecr-100-sw-xlr-kabel--1-m--rean/;0
/rg-58/;/org-rg-58-koaxialny-kabel--100-m--50-/;0
/ne-8fdxy6b/;/neutrik-ne-8fdxy6b-ethercon-panelova-samica/;0
/ne-8fdxp6/;/neutrik-ne-8fdxp6-cat--6a-priechodny-panelovy-konektor/;0
/nbb-75dfix/;/neutrik-nbb-75dfix-uhd-bnc-priechodny-panelovy-konektor--75---izolovany/;0
/nbb-75dfgx/;/neutrik-nbb-75dfgx-uhd-bnc-priechodny-panelovy-konektor--75---uzemneny/;0
/nausb-3/;/neutrik-nausb-3-usb-3-0-panelove-prechodky/;0
/sph-174ke/;/monacor-sph-174ke-hi-fi-stredobasovy-reproduktor-50-w--8-/;0
/ts-c30-700-t/;/org-ts-c30-700-t-pa-stlpove-reproduktory-odolne-voci-pocasiu--s-certifikaton-en54-24-/;0
/ts-c20-500-t/;/org-ts-c20-500-t-pa-stlpove-reproduktory-odolne-voci-pocasiu--s-certifikaton-en54-24-/;0
/ts-c10-300-t/;/org-ts-c10-300-t-pa-stlpove-reproduktory-odolne-voci-pocasiu--s-certifikaton-en54-24-/;0
/mdm-140/;/monacor-mdm-140-pena--1-m2/;0
/esp-62ab-ws/;/monacor-esp-62ab-ws-pa-a-b-nastenny-reproduktor/;0
/esp-1000ab/;/monacor-esp-1000ab-pa-a-b-nastenne-reproduktory/;0
/edl-165ab-ws/;/monacor-edl-165ab-ws-pa-a-b-stropny-reproduktor/;0
/dr-463/;/org-dr-463-adapter-internetoveho-radia-wlan-s-dlna--dab-fm-a-bluetooth/;0
/da-10-260-t/;/org-da-10-260-t-zvukovy-projektor-pa-odolny-voci-poveternostnym-vplyvom-na-stenu-s-certifikatom-en-54-24/;0
/adp-usb-2x2/;/org-adp-usb-2x2-dante-avio-usb-adapter/;0
/adp-dao-0x2/;/org-adp-dao-0x2-dante-avio-analogovy-vystupny-adapter/;0
/adp-dao-0x1/;/org-adp-dao-0x1-dante--avio-analogovy-vystupny-adapter/;0
/adp-dai-2x0/;/org-adp-dai-2x0-dante-avio-analogovy-vstupny-adapter/;0
/adp-dai-1x0/;/org-adp-dai-1x0-dante--avio-analogovy-vstupny-adapter/;0
/adp-aes3-2x2/;/org-adp-aes3-2x2-dante-avio-aes3-ebu-adapter/;0
/dpven-03/;/org-dpven-03-482-mm--19-ventilacny-modul--1-u--s-3-ventilatormi/;0
/km-23956/;/kng-km-23956-pop-filter-na-mikrofon/;0
/wall-06t-ws/;/monacor-wall-06t-ws-2-pasmovy-pa-reproduktorovy-system-v-pare--biely/;0
/wall-06t-sw/;/monacor-wall-06t-sw-2-pasmovy-pa-reproduktorovy-system-v-pare--cierny/;0
/wall-05t-ws/;/monacor-wall-05t-ws-2-pasmovy-pa-reproduktorovy-system-v-pare--biely/;0
/wall-04t-ws/;/monacor-wall-04t-ws-2-pasmovy-pa-reproduktorovy-system-v-pare--biely/;0
/wall-04t-sw/;/monacor-wall-04t-sw-2-pasmovy-pa-reproduktorovy-system-v-pare--cierny/;0
/txa-1802cd/;/monacor-txa-1802cd-modul-cd-prehravaca/;0
/npa-12-7-1/;/yuasa-npa-12-7-1-panasonic-nabijatelna-olovena-bateria--12-v--7-2-ah/;0
/mxt-52mp3/;/monacor-mxt-52mp3-mixpult-s-integrovanym-mp3-prehravacom/;0
/km-85070/;/kng-km-85070-mikrofonny-drziak---34-40-mm/;0
/km-85035/;/kng-km-85035-mikrofonny-drziak---17-22-mm/;0
/ecms-70/;/img-stage-line-ecms-70-velkomembranovy-kondenzatorovy-mikrofon/;0
/ecms-60/;/img-stage-line-ecms-60-kompaktny-velkomembranovy-kondenzatorovy-mikrofon/;0
/drm-884vp/;/monacor-drm-884vp-nastenny-modul-pre-ovladanie-hlasitosti/;0
/drm-884vap/;/monacor-drm-884vap-nastenny-modul-pre-ovladanie-hlasitosti-s-audio-vystupom/;0
/drm-884rc/;/monacor-drm-884rc-pa-zonovy-paging-mikrofon/;0
/drm-884iop/;/monacor-drm-884iop-nastenny-modul-i-o/;0
/drm-884dtm/;/monacor-drm-884dtm-dante-modul/;0
/drm-884/;/monacor-drm-884-audio-matrix-router/;0
/dmp-102/;/monacor-dmp-102-vkladaci-modul-kompaktneho-prehravaca-mp3/;0
/att-300c/;/monacor-att-300c-krabica-pod-omietku/;0
/sip-speak-ws/;/org-sip-speak-ws-sip-reproduktor--biely--aktivny--poe/;0
/sip-mic/;/org-sip-mic-sip-mikrofonna-stanica/;0
/sip-horn/;/org-sip-horn-sip-horn-reproduktor--aktivny--poe/;0
/tm-17m/;/monacor-tm-17m-megafon-s-funkciou-mp3--110-db/;0
/ets-630dt/;/monacor-ets-630dt-aktivny-stlpovy-reproduktor-pa-s-modulom-dante--/;0
/edl-80dt/;/monacor-edl-80dt-aktivny-2-pasmovy-podomietkovy-stropny-reproduktor-s-integrovanym-modulom-dante--/;0
/usp-124/;/jts-usp-124-4-cestny-rozbocovac-anteny/;0
/st-5000t/;/jts-st-5000t-pultovy-mikrofon-na-husom-krku/;0
/pt-rms/;/jts-pt-rms-externe-tlacidlo-mute/;0
/mh-22/;/jts-mh-22-drziak-mikrofonu/;0
/ma-935/;/jts-ma-935-adapter/;0
/tpe-tg80g/;/org-tpe-tg80g-gigabit-power-over-ethernet-switch/;0
/tpe-tg44g/;/org-tpe-tg44g-power-over-ethernet-gigabit-switch/;0
/ps-320-12s/;/org-ps-320-12s-320-w-vstavany-zdroj-energie--dc-12-v-26-7-a/;0
/lr-202/;/monacor-lr-202-indukcny-prijimac/;0
/rtf-uf20/;/jts-rtf-uf20-sada-bnc-antennych-kablov/;0
/pa-2400rc/;/monacor-pa-2400rc-pa-zonovy-paging-pultovy-mikrofon/;0
/ps-510m/;/jts-ps-510m-adapter-mix-pre-fantomove-napajanie/;0
/cx-500duset/;/jts-cx-500duset-miniaturny-elektretovy-instrumentalny-mikrofon/;0
/usp-900/;/jts-usp-900-pasivny-antenny-uhf-rozbocovac-zlucovac/;0
/uf-20r-5/;/jts-uf-20r-5-2-kanalovy-true-diverzitny-uhf-pll-sirokopasmovy-prijimac/;0
/uc-900/;/jts-uc-900-4-cestny-antenny-zlucovac/;0
/ub-900i/;/jts-ub-900i-antenny-zosilnovac/;0
/ua-960/;/jts-ua-960-aktivny-antenny-rozbocovac/;0
/tm-929/;/jts-tm-929-dynamicky-vokalny-mikrofon/;0
/tk-600/;/jts-tk-600-dynamicky-vokalny-mikrofon/;0
/tk-350/;/jts-tk-350-dynamicky-vokalny-mikrofon/;0
/tg-98ta-5/;/jts-tg-98ta-5-profesionalny-pll-vreckovy-vysielac/;0
/tg-98ra-5/;/jts-tg-98ra-5-profesionalny-pll-vreckovy-prijimac/;0
/tg-10t-1/;/jts-tg-10t-1-pll-vreckovy-vysielac/;0
/tg-10stx-1/;/jts-tg-10stx-1-16-kanalovy-pll-bezdrotovy-vysielac/;0
/tg-10r-1/;/jts-tg-10r-1-pll-vreckovy-prijimac/;0
/tg-10ch2/;/jts-tg-10ch2-nabijacia-stanica/;0
/tg-10ch18/;/jts-tg-10ch18-transportny-kufrik-s-integrovanou-funkciou-nabijania/;0
/st-850/;/jts-st-850-mikrofon-na-husom-krku-s-moznostou-bezdrotovej-prevadzky/;0
/st-5070/;/jts-st-5070-xlr-stolna-zakladna-pre-mikrofon-s-husim-krkom/;0
/st-5000/;/jts-st-5000-pultovy-mikrofon-na-husom-krku/;0
/siem-2-r5/;/jts-siem-2-r5-mono-uhf-pll-in-ear-monitorovaci-prijimac/;0
/siem-2-5/;/jts-siem-2-5-mono-uhf-pll-in-ear-monitoring-system/;0
/siem-111-5/;/jts-siem-111-5-mpx-stereo-uhf-pll-in-ear-monitoring-system/;0
/rtf-3/;/jts-rtf-3-bnc-antenny-kabel/;0
/rtf-2u/;/jts-rtf-2u-sada-montaznych-konzol/;0
/rtf-20/;/jts-rtf-20-koaxialny-antenny-kabel/;0
/rtf-1/;/jts-rtf-1-koaxialny-antenny-kabel/;0
/rp-900/;/jts-rp-900-montazna-platna/;0
/rm-901/;/jts-rm-901-482-mm--19-montazne-konzoly/;0
/rm-10set/;/jts-rm-10set-482-mm--19-montazna-sada/;0
/pdm-57/;/jts-pdm-57-univerzalny-dynamicky-mikrofon/;0
/pdm-3/;/jts-pdm-3-dynamicky-vokalny-mikrofon/;0
/nx-9/;/jts-nx-9-zavesny-elektretovy-mikrofon/;0
/nx-8s/;/jts-nx-8s-dynamicky-vokalny-mikrofon/;0
/nx-8-8/;/jts-nx-8-8-elektretovy-vokalny-mikrofon/;0
/nx-8/;/jts-nx-8-dynamicky-vokalny-mikrofon/;0
/nx-2/;/jts-nx-2-dynamicky-instrumentalny-mikrofon/;0
/mh-36/;/jts-mh-36-drziak-mikrofonu-pre-standardne-mikrofony/;0
/mh-16/;/jts-mh-16-drziak-pre-tenke-mikrofony/;0
/ma-sw/;/jts-ma-sw-in-line-prepinac-mikrofonu/;0
/ma-500/;/jts-ma-500-adapter-pre-fantomove-napajanie/;0
/ma-123/;/jts-ma-123-nastavitelny-tlmic-pre-vyvazene-mikrofony/;0
/ka-8th-1/;/jts-ka-8th-1-dynamicky-ruckovy-uhf-pll-mikrofon/;0
/ka-10-1pack/;/jts-ka-10-1pack-bezdrotovy-16-kanalovy-pll-audio-prenosny-system-pre-kamery/;0
/js-22/;/jts-js-22-profesionalny-kondenzatorovy-mkrofon/;0
/it-12m/;/jts-it-12m-tlmocnicky-system--zakladna-jednotka/;0
/it-12d/;/jts-it-12d-tlmocnicka-konzola/;0
/ie-1/;/jts-ie-1-stereo-in-ear-sluchadla/;0
/hpm-535/;/jts-hpm-535-profesionalne-stereo-sluchadla-s-elektretovym-mikrofonom/;0
/hp-565/;/jts-hp-565-profesionalne-studiove-sluchadla/;0
/hp-535/;/jts-hp-535-profesionalne-studiove-monitor-sluchadla/;0
/gml-5218/;/jts-gml-5218-elektretovy-mikrofon-na-husom-krku-s-led/;0
/gml-5212/;/jts-gml-5212-elektretovy-mikrofon-na-husom-krku-s-led/;0
/gm-5218l/;/jts-gm-5218l-elektretovy-mikrofon-na-husom-krku-s-led/;0
/gm-5218/;/jts-gm-5218-elektretovy-mikrofon-na-husom-krku/;0
/gm-5212ldu/;/jts-gm-5212ldu-dvojity-mikrofon-na-husom-krku-s-led/;0
/gm-5212l/;/jts-gm-5212l-elektretovy-mikrofon-na-husom-krku-s-led/;0
/gm-5212/;/jts-gm-5212-elektretovy-mikrofon-na-husom-krku/;0
/gc-80/;/jts-gc-80-gitarovy-basovy-kabel/;0
/fgm-170/;/jts-fgm-170-stojanovy-mikrofon/;0
/dr-900set/;/jts-dr-900set-482-mm--19-1-u--rack/;0
/d7p-20/;/jts-d7p-20-predlzovaci-kabel-20-m/;0
/d7p-10/;/jts-d7p-10-predlzovaci-kabel-10-m/;0
/cx-520/;/jts-cx-520-dynamicky-instrumentalny-mikrofon/;0
/cx-516w/;/jts-cx-516w-elektretovy-instrumentalny-mikrofon/;0
/cx-516/;/jts-cx-516-elektretovy-instrumentalny-mikrofon/;0
/cx-509/;/jts-cx-509-elektretovy-mikrofon-nad-hlavu/;0
/cx-508w/;/jts-cx-508w-elektretovy-instrumentalny-mikrofon/;0
/cx-508/;/jts-cx-508-elektretovy-instrumentalny-mikrofon/;0
/cx-505/;/jts-cx-505-elektretovy-instrumentalny-mikrofon/;0
/cx-500/;/jts-cx-500-miniaturny-elektretovy--nastrojovy-mikrofon/;0
/cs-8/;/jts-cs-8-automaticky-mixer-mikrofonov/;0
/cs-4/;/jts-cs-4-automaticky-mixer-mikrofonov/;0
/cs-1du/;/jts-cs-1du-mikrofonna-stanica-pre-ucastnikov-konferencie/;0
/cs-1cu/;/jts-cs-1cu-ovladacia-jednotka--ustredna-konferencneho-systemu/;0
/cs-1ch/;/jts-cs-1ch-predsednicka-mikrofonna-stanica/;0
/cp-40/;/jts-cp-40-nahradna-hlava-mikrofonu/;0
/cm-804if/;/jts-cm-804if-elektretovy-nahlavovy-mikrofon/;0
/cm-801f/;/jts-cm-801f-elektretovy-nahlavovy-mikrofon/;0
/cm-601/;/jts-cm-601-elektretovy-boundary-mikrofon/;0
/cm-503u-w/;/jts-cm-503u-w-elektretovy-mikrofon-pre-pevne-instalacie/;0
/cm-503u-b/;/jts-cm-503u-b-elektretovy-mikrofon-pre-pevne-instalacie/;0
/cm-503n-w/;/jts-cm-503n-w-elektretovy-mikrofon-pre-pevne-instalacie/;0
/cm-503n-b/;/jts-cm-503n-b-elektretovy-mikrofon-pre-pevne-instalacie/;0
/cm-502wt/;/jts-cm-502wt-zavesny-elektretovy-mikrofon/;0
/cm-502g6w/;/jts-cm-502g6w-zavesny-elektretovy-mikrofon/;0
/cm-502g12b/;/jts-cm-502g12b-zavesny-elektretovy-mikrofon/;0
/cm-501/;/jts-cm-501-elektretovy-klopovy-mikrofon/;0
/cm-22g6b/;/jts-cm-22g6b-zavesny-kondenzatorovy-mikrofon/;0
/cm-214ulf/;/jts-cm-214ulf-elektretovy-nahlavovy-mikrofon/;0
/cm-214f/;/jts-cm-214f-elektretovy-nahlavovy-mikrofon/;0
/cm-125if/;/jts-cm-125if-elektretovy-klopovy-mikrofon/;0
/ch-2/;/jts-ch-2-nabijacia-stanica/;0
/bag-belt-l/;/jts-bag-belt-l-kapsa-s-opaskom/;0
/ant-49/;/jts-ant-49-pasivna-uhf-sirokopasmova-vsesmerova-antena/;0
/801cs/;/jts-801cs-pripojovaci-kabel/;0
/801cr/;/jts-801cr-pripojovaci-kabel/;0
/801c3/;/jts-801c3-pripojovaci-kabel/;0
/sa-130dmp/;/monacor-sa-130dmp-stereo-zosilnovac--140-w/;0
/pa-948/;/monacor-pa-948-mono-pa-mixazny-zosilnovac/;0
/pa-924/;/monacor-pa-924-mono-pa-mixazny-zosilnovac/;0
/pa-900dt/;/monacor-pa-900dt-mono-pa-mixazny-zosilnovac-s-modulom-dante--/;0
/pa-26fmu/;/monacor-pa-26fmu-pa-nudzovy-zvukovy-system/;0
/mce-4001/;/monacor-mce-4001-kvalitna-miniaturna-elektretova-mikrofonna-vlozka/;0
/ldd2-14-nws/;/monacor-ldd2-14-nws-led-downlight--14-w--1-220-lm/;0
/ex-40-8/;/monacor-ex-40-8-audio-budic-rezonator--20-w--8-/;0
/ex-40-4/;/monacor-ex-40-4-audio-budic-rezonator--20-w--4-/;0
/ex-1w/;/monacor-ex-1w-audio-budic-rezonator--5-w--8-/;0
/ets-120sl-ws/;/monacor-ets-120sl-ws-dvojica-tenkych-reproduktorovych-sustav-v-extrudovanych-hlinikovych-boxoch/;0
/edl-82hq/;/monacor-edl-82hq-pa-hi-fi-nastenny-a-stropny-reproduktor--30-w--100-v/;0
/edl-62hq/;/monacor-edl-62hq-pa-hi-fi-nastenny-a-stropny-reproduktor--30-w--100-v/;0
/edl-416en-ws/;/monacor-edl-416en-ws-gulovy-reproduktor-pa-odolny-voci-vlhkosti/;0
/cat-7100a/;/org-cat-7100a-cat--7-a-instalacny-kabel--viacnasobne-tienenie--s-ftp--100m/;0
/att-250h-ws/;/monacor-att-250h-ws-nastenne-ovladanie-hlasitosti-pa--50-w/;0
/att-224h-ws/;/monacor-att-224h-ws-nastenne-ovladanie-hlasitosti-pa--24-w/;0
/att-212h-ws/;/monacor-att-212h-ws-nastenne-ovladanie-hlasitosti-pa--12-w/;0
/att-2100h-ws/;/monacor-att-2100h-ws-nastenne-ovladanie-hlasitosti-pa--100-w/;0
/akb-160dt/;/monacor-akb-160dt-pa-zosilnovac/;0
/aac-500iec/;/monacor-aac-500iec-sietovy-kabel-s-blokovanim-iec--5-m/;0
/xlr-703jsm/;/monacor-xlr-703jsm-xlr-703jsm--drziak-tlmiaci-narazy-s-zasuvkou-xlr/;0
/xlr-407-j/;/monacor-xlr-407-j-miniaturna-xlr-inline-samica--4-polova/;0
/xlr-207p-sw/;/monacor-xlr-207p-sw-xlr-samce--3-polove/;0
/wsa-20bt/;/monacor-wsa-20bt-bluetooth-audio-prijimac/;0
/wsa-2/;/org-wsa-2-bluetooth-audio-prijimac/;0
/wsa-10bt/;/monacor-wsa-10bt-bluetooth-audio-prijimac/;0
/ws-60/;/monacor-ws-60-pena-na-mikrofon/;0
/ws-50/;/monacor-ws-50-pena-na-mikrofon/;0
/ws-5/;/monacor-ws-5-pena-na-mikrofon--sada/;0
/ws-40/;/monacor-ws-40-pena-na-mikrofon/;0
/ws-300-sw/;/monacor-ws-300-sw-pena-na-mikrofon/;0
/ws-300-sk/;/monacor-ws-300-sk-pena-na-mikrofon/;0
/ws-30/;/monacor-ws-30-pena-na-mikrofon/;0
/ws-20/;/monacor-ws-20-pena-na-mikrofon/;0
/ws-150-sk/;/monacor-ws-150-sk-pena-na-mikrofon--4-ks/;0
/ws-100-sw/;/monacor-ws-100-sw-pena-na-mikrofon/;0
/ws-10/;/monacor-ws-10-pena-na-mikrofon/;0
/wap-5/;/monacor-wap-5-zosilnovac-s-linkovym-vstupom--na-pas-/;0
/vsc-100-ws/;/monacor-vsc-100-ws-kombinovane-video-kable/;0
/vrb-141m10/;/monacor-vrb-141m10-potenciometer--mono--10-k--linearny--41-zarazok/;0
/vra-141m10/;/monacor-vra-141m10-potenciometer--mono--10-k--log-41-zarazok/;0
/vra-100m20/;/monacor-vra-100m20-potenciometer--mono--20-k--log-/;0
/vra-100m1000/;/monacor-vra-100m1000-potenciometer--mono--1-m--log-/;0
/vmx-440-sw/;/monacor-vmx-440-sw-4-4-kanalovy-mikrofonovy-linkovy-mixazny-pult/;0
/v-22/;/monacor-v-22-panelovy-voltmeter--vu/;0
/ulm-164-sw/;/img-stage-line-ulm-164-sw-6-kanalovy-univerzalny-linkovy-mix/;0
/uhc-30/;/monacor-uhc-30-tlakovy-reproduktor--odolny-voci-pocasiu/;0
/txs-920/;/img-stage-line-txs-920-2-kanalovy-multifrekvencny-prijimac--823-832-mhz-863-865-mhz/;0
/txs-900ht/;/img-stage-line-txs-900ht-rucny-mikrofon-s-integrovanym-multifrekvencnym-vysielacom--823-832-mhz-863-865-mhz/;0
/txs-900hse/;/img-stage-line-txs-900hse-multifrekvencny-vreckovy-vysielace/;0
/txs-900/;/img-stage-line-txs-900-multifrekvencny-prijimac/;0
/txs-865ht/;/img-stage-line-txs-865ht-dynamicky-ruckovy-uhf-pll-vysielac--506-542-mhz/;0
/txs-865hse/;/img-stage-line-txs-865hse-uhf-pll-vreckovy-vysielac--506-542-mhz/;0
/txs-865/;/img-stage-line-txs-865-2-kanalovy-diverzitny-uhf-pll-prijimac--506-542-mhz/;0
/txs-855/;/img-stage-line-txs-855-jednokanalovy-diverzitny-uhf-pll-prijimac--506-542-mhz/;0
/txs-812set/;/img-stage-line-txs-812set-bezdrotovy-2-kanalovy-mikrofonny-system--863-80-mhz--864-20-mhz/;0
/txs-70bnc/;/img-stage-line-txs-70bnc-sada-adapterovych-kablov/;0
/txs-686/;/img-stage-line-txs-686-8-kanalovy-multifrekvencny-prijimac--672-000-696-975-mhz/;0
/txs-646/;/img-stage-line-txs-646-4-kanalovy-multifrekvencny-prijimac--672-000-696-975-mhz/;0
/txs-631set/;/img-stage-line-txs-631set-multifrekvencny-mikrofonny-system--863-865-mhz/;0
/txs-626/;/img-stage-line-txs-626-2-kanalovy-multifrekvencny-prijimac--672-000-696-975-mhz/;0
/txs-606/;/img-stage-line-txs-606-multifrekvencny-prijimac--672-000-696-975-mhz/;0
/txs-2402set/;/img-stage-line-txs-2402set-digitalny-bezdrotovy-2-kanalovy-pll-mikrofonny-system--2-4-ghz/;0
/txs-10belt-sw/;/monacor-txs-10belt-sw-taska-na-opasok--cierna/;0
/txs-10belt/;/monacor-txs-10belt-taska-na-opasok--modra/;0
/txa-815accu/;/org-txa-815accu-nabijatelna-olovena-bateria--12-v/;0
/txa-802sr/;/monacor-txa-802sr-2-kanalovy-multifrekvencny-prijimac/;0
/txa-802ps/;/monacor-txa-802ps-pwm-rychlonabijacia-stanica/;0
/txa-800st/;/monacor-txa-800st-16-kanalovy-pll-vysielac--863-1-864-9-mhz/;0
/txa-800ht/;/monacor-txa-800ht-ruckovy-mikrofon-s-integrovanym-multifrekvencnym-transmiterom/;0
/txa-800hse/;/monacor-txa-800hse-multifrekvencny-vreckovy-vysielac/;0
/txa-12c/;/monacor-txa-12c-transportne-puzdro-s-inteligentnou-funkciou-pwm-rychleho-nabijania/;0
/txa-1022cd/;/monacor-txa-1022cd-prenosne-vysokovykonne-zosilnovacie-systemy/;0
/txa-1020mt/;/monacor-txa-1020mt-mulitfrekvencny-vysielaci-modul/;0
/txa-1020/;/monacor-txa-1020-prenosne-vysokovykonne-zosilnovacie-systemy/;0
/txa-1015accu/;/org-txa-1015accu-nabijatelna-olovena-bateria--12-v/;0
/txa-1000wpb/;/monacor-txa-1000wpb-ochranna-taska--odolna-voci-striekajucej-vode/;0
/txa-1000bag/;/monacor-txa-1000bag-ochranne-puzdro/;0
/tr-525/;/monacor-tr-525-100-v-toroidny-audio-transformator--5-w/;0
/tr-520/;/monacor-tr-520-100-v-toroidny-audio-transformator--20-w/;0
/tr-175-10/;/monacor-tr-175-10-100-v-vysoko-vykonny-audio-transformator--10-w/;0
/tr-1120lc/;/monacor-tr-1120lc-100-v-vysoko-vykonny-audio-transformator--120-w/;0
/tr-1050lc/;/monacor-tr-1050lc-100-v-vysoko-vykonny-audio-transformator--50-w/;0
/tr-1010lc/;/monacor-tr-1010lc-100-v-vysoko-vykonny-audio-transformator--10-w/;0
/tr-1005/;/monacor-tr-1005-100-v-vysoko-vykonny-audio-transformator--10-w/;0
/tm-45/;/monacor-tm-45-megafon/;0
/tm-12dc/;/monacor-tm-12dc-pripajaci-kabel/;0
/tm-11/;/monacor-tm-11-megafon/;0
/tm-10/;/monacor-tm-10-megafon/;0
/th-40/;/monacor-th-40-dvojica-testovacich-hrotov-svorkoveho-typu-5-a/;0
/tc-2510l/;/monacor-tc-2510l-drziak-poistky/;0
/tar-603save/;/monacor-tar-603save-bezpecnostne-lanko--60-cm/;0
/tar-1004save/;/monacor-tar-1004save-bezpecnostne-lanko--100-cm/;0
/t-730g-rt/;/monacor-t-730g-rt-konektor-rca-feed-through-panelove-zasuvky/;0
/t-723g/;/monacor-t-723g-high-end-cinch-konektor/;0
/t-720g/;/monacor-t-720g-vstavane-zasuvky-pcb-cinch/;0
/t-711g-sw/;/monacor-t-711g-sw-rca-konektory--samce/;0
/t-711g-rt/;/monacor-t-711g-rt-rca-konektory--samce/;0
/t-710gi/;/monacor-t-710gi-rca-panelove-samice--par/;0
/t-709g/;/monacor-t-709g-rca-panelova-samica--pozlatene/;0
/t-709/;/monacor-t-709-rca-panelova-samica--pochromovana/;0
/t-708glc/;/monacor-t-708glc-rca-konektory--samce/;0
/t-707g-sw/;/monacor-t-707g-sw-rca-samec/;0
/t-707g-rt/;/monacor-t-707g-rt-rca-samec/;0
/t-700/;/monacor-t-700-rca-samec/;0
/t-637si/;/monacor-t-637si-6-3-mm-stereo-panelova-zasuvka/;0
/t-635s/;/monacor-t-635s-6-3-mm-mono-panelova-samica/;0
/t-213j/;/monacor-t-213j-6-3-mm-stereo-panelova-zasuvka/;0
/t-208/;/monacor-t-208-6-3-mm-mono-zastrcka/;0
/sta-850d/;/monacor-sta-850d-8-kanalovy-digitalny-zosilnovac/;0
/sta-800d/;/img-stage-line-sta-800d-digitalny-stereo-pa-zosilnovac/;0
/sta-700/;/img-stage-line-sta-700-stereo-pa-zosilnovac/;0
/sta-600/;/img-stage-line-sta-600-profesionalne-stereo-pa-zosilnovace/;0
/sta-500/;/img-stage-line-sta-500-stereo-pa-zosilnovac/;0
/sta-400d/;/img-stage-line-sta-400d-digitalny-stereo-pa-zosilnovac/;0
/sta-300d/;/img-stage-line-sta-300d-digitalny-stereo-pa-zosilnovac/;0
/sta-235/;/img-stage-line-sta-235-stereo-pa-zosilnovac/;0
/sta-225/;/img-stage-line-sta-225-stereo-pa-zosilnovac/;0
/sta-2200/;/img-stage-line-sta-2200-profesionalny-stereo-pa-zosilnovac/;0
/sta-200d/;/monacor-sta-200d-digitalny-stereo-pa-zosilnovac/;0
/sta-1508/;/monacor-sta-1508-multi-kanalove-pa-zosilnovace/;0
/sta-1506/;/monacor-sta-1506-multi-kanalove-pa-zosilnovace/;0
/sta-1504/;/monacor-sta-1504-multi-kanalove-pa-zosilnovace/;0
/sta-1000d/;/img-stage-line-sta-1000d-digitalny-stereo-pa-zosilnovac/;0
/sta-1000/;/img-stage-line-sta-1000-profesionalne-stereo-pa-zosilnovace/;0
/st-975gm/;/monacor-st-975gm-high-end-reproduktorovy-terminal/;0
/st-960/;/monacor-st-960-reproduktorovy-terminal/;0
/st-926gm/;/monacor-st-926gm-high-end-reproduktorovy-terminal/;0
/st-925g/;/monacor-st-925g-reproduktorovy-terminal/;0
/st-922g/;/monacor-st-922g-reproduktorovy-terminal/;0
/st-400gm/;/monacor-st-400gm-terminal-dvojvodicoveho-zapojenia/;0
/st-400/;/monacor-st-400-terminal-dvojvodicoveho-zapojenia/;0
/spx-32m/;/monacor-spx-32m-hi-fi-sirokopasmovy-reproduktor--20-w--8-/;0
/spx-31m/;/monacor-spx-31m-hi-fi-sirokopasmovy-reproduktor--20-w--8-/;0
/spx-30m/;/monacor-spx-30m-hi-fi-sirokopasmovy-reproduktor--20-w--8-/;0
/spx-21m/;/monacor-spx-21m-hi-fi-sirokopasmovy-reproduktor--12-w--4-/;0
/spx-20m/;/monacor-spx-20m-miniaturny-hi-fi-sirokopasmovy-reproduktor--15-w--8-/;0
/spx-200wp/;/monacor-spx-200wp-hi-fi-sirokopasmovy-reproduktor--50-w--8-/;0
/sps-80s/;/monacor-sps-80s-skrinka-na-prepinanie-reproduktorov/;0
/sps-45-sw/;/monacor-sps-45-sw-sada-reproduktorovych-hrotov--4-ks-/;0
/sps-30-sc/;/monacor-sps-30-sc-sada-reproduktorovych-hrotov--4-ks-/;0
/spm-205-8/;/monacor-spm-205-8-hi-fi-stredobasovy-reproduktor--70-w--8-/;0
/spm-205-4/;/monacor-spm-205-4-hi-fi-stredobasovy-reproduktor--70-w--4-/;0
/spm-200x-4/;/monacor-spm-200x-4-sirokopasmovy-reproduktor--30-w--4-/;0
/spm-116-8/;/monacor-spm-116-8-hi-fi-stredobasovy-reproduktor--40-w--8-/;0
/spm-100-8/;/monacor-spm-100-8-kompaktny-hi-fi-stredobasovy-reproduktor--25-w--8-/;0
/sph-8m/;/monacor-sph-8m-hi-fi-basovy-reproduktor--100-w--8-/;0
/sph-75-8/;/monacor-sph-75-8-miniaturny-hi-fi-stredobasovy-reproduktor--15-w--8-/;0
/sph-6m/;/monacor-sph-6m-hi-fi-basovy-reproduktor--60-w--8-/;0
/sph-5m/;/monacor-sph-5m-hi-fi-stredobasovy-reproduktor--40-w--8-/;0
/sph-30x-8sw/;/monacor-sph-30x-8sw-vysokokvalitny-hi-fi-reproduktor-s-plnym-rozsahom--20-w--8---s-ciernym-kevlarovym-kuzelom/;0
/sph-225c/;/monacor-sph-225c-high-end-basovy-reproduktor--120-w--8-/;0
/sph-220hq/;/monacor-sph-220hq-kvalitny-hi-fi-basovy-reproduktor--100-w--8-/;0
/sph-175hq/;/monacor-sph-175hq-vysokokvalitny-hi-fi-stredobasovy-reproduktor--70-w--8-/;0
/sph-170c/;/monacor-sph-170c-high-end-stredobasovy-reproduktor--60-w--8-/;0
/sph-170/;/monacor-sph-170-hi-fi-stredobasovy-reproduktor--50-w--8-/;0
/sph-145hq/;/monacor-sph-145hq-vysokokvalitny-hi-fi-stredobasovy-reproduktor--50-w--8-/;0
/sph-130/;/monacor-sph-130-hi-fi-stredobasovy-reproduktor--55-w--8-/;0
/spe-8u/;/monacor-spe-8u-hi-fi-nastenny-a-stropny-reproduktor-pre-zapustenu-montaz--8-/;0
/spe-82-ws/;/monacor-spe-82-ws-maly-reproduktor-pod-omietku--6-w--4-/;0
/spe-32-ws/;/monacor-spe-32-ws-hi-fi-nastenne-a-stropne-reproduktory--8-/;0
/spe-265-ws/;/monacor-spe-265-ws-dvojica-podomietkovych-reproduktorov/;0
/spe-230-ws/;/monacor-spe-230-ws-par-zapustenych-reproduktorov/;0
/spe-22-ws/;/monacor-spe-22-ws-hi-fi-nastenne-a-stropne-reproduktory--8-/;0
/spe-15f-ws/;/monacor-spe-15f-ws-dvojica-pa-reproduktorov-pod-omietku--15-w--4-/;0
/spe-158-ws/;/monacor-spe-158-ws-sirokopasmovy-reproduktor-pod-omietku--15-w--8-/;0
/spe-150-ws/;/monacor-spe-150-ws-sirokopasmovy-reproduktor-pod-omietku--15-w--4-/;0
/spe-15-ws/;/monacor-spe-15-ws-hi-fi-nastenny-a-stropny-reproduktor--25-w--8-/;0
/spe-140-ws/;/monacor-spe-140-ws-podomietkovy-reproduktor--10-w/;0
/spc-75-ws/;/monacor-spc-75-ws-reproduktorovy-kabel--standard-quality---2-x-0-75-mm2--100-m/;0
/spc-75-sw/;/monacor-spc-75-sw-reproduktorovy-kabel--standard-quality---2-x-0-75-mm2--100-m/;0
/spc-70-ws/;/monacor-spc-70-ws-reproduktorovy-kabel-economy-quality--2-x-0-75-mm2--100-m/;0
/spc-70-sw/;/monacor-spc-70-sw-reproduktorovy-kabel-economy-quality--2-x-0-75-mm2--100-m/;0
/spc-540-sw/;/monacor-spc-540-sw-reproduktorovy-kabel--4-x-2-5-mm2--50-m/;0
/spc-525ca/;/img-gt--spc-525ca-reproduktorovy-kabel-economy-quality--cca--2-x-2-5-mm2--100-m/;0
/spc-515ca/;/monacor-spc-515ca-reproduktorovy-kabel-economy-quality--cca--2-x-1-5-mm2--100-m/;0
/spc-515-ws/;/monacor-spc-515-ws-reproduktorovy-kabel--2-x-1-5-mm2--100-m/;0
/spc-25/;/monacor-spc-25-reproduktorovy-kabel--high-quality---2-x-2-5-mm2--50-m/;0
/spc-15/;/monacor-spc-15-reproduktorovy-kabel--high-quality---2-x-1-5-mm2--50-m/;0
/spc-125ca/;/monacor-spc-125ca-reproduktorovy-kabel-economy-quality--2-x-2-5-mm2--100-m/;0
/spc-115ca/;/monacor-spc-115ca-reproduktorovy-kabel-economy-quality--2-x-1-5-mm2--100-m/;0
/spc-115/;/monacor-spc-115-reproduktorovy-kabel--high-quality---2-x-1-5-mm2--100-m/;0
/sparkplug-200/;/org-sparkplug-200-davkovac-200x-sparkplug/;0
/sp-90/;/monacor-sp-90-univerzalny-basovy-reproduktor--35-w--8-/;0
/sp-8-4sq/;/monacor-sp-8-4sq-univerzalny-reproduktor--10-w--4-/;0
/sp-8-150pro/;/monacor-sp-8-150pro-kompaktny-pa-basovy-reproduktor--subwoofer--150-w--8-/;0
/sp-8-150pa/;/monacor-sp-8-150pa-pa-stredobasovy-reproduktor--150-w--8-/;0
/sp-7-4sqs/;/monacor-sp-7-4sqs-univerzalny-reproduktor--8-wmax--4-wrms--4-/;0
/sp-7-4sq/;/monacor-sp-7-4sq-univerzalny-reproduktor--8-wmax--4-wrms--4-/;0
/sp-60-8/;/monacor-sp-60-8-hi-fi-stredobasovy-reproduktor--30-w--8-/;0
/sp-60-4/;/monacor-sp-60-4-hi-fi-stredobasovy-reproduktor--30-w--4-/;0
/sp-6-8sq/;/monacor-sp-6-8sq-miniaturny-reproduktor--10-w--8-/;0
/sp-6-4sq/;/monacor-sp-6-4sq-univerzalny-reproduktor--3-w--4-/;0
/sp-6-150pa/;/monacor-sp-6-150pa-pa-stredobasovy-reproduktor--150-w--8-/;0
/sp-6-100pa/;/monacor-sp-6-100pa-pa-stredobasovy-reproduktor--100-w--8-/;0
/sp-45-8/;/monacor-sp-45-8-stredobasovy-reproduktor--20-w--8-/;0
/sp-45-4/;/monacor-sp-45-4-basovostredovy-reproduktor--20-w-4-/;0
/sp-3rdp/;/monacor-sp-3rdp-miniaturne-podomietkove-reproduktory--8-/;0
/sp-39/;/monacor-sp-39-sluchadlovy-reproduktor--32-/;0
/sp-382pa/;/monacor-sp-382pa-univerzalny-basovy-reproduktor--150-w--8-/;0
/sp-312cx/;/monacor-sp-312cx-2-pasmovy-koaxialny-pa-reproduktor/;0
/sp-310cx/;/monacor-sp-310cx-profesionalny-2-pasmovy-koaxialny-pa-reproduktor/;0
/sp-308cx/;/monacor-sp-308cx-2-pasmovy-koaxialny-pa-reproduktor/;0
/sp-302pa/;/monacor-sp-302pa-univerzalny-basovy-reproduktor--100-w--8-/;0
/sp-302e/;/monacor-sp-302e-hi-fi-stredobasovy-reproduktor--100-w--4-/;0
/sp-300p/;/monacor-sp-300p-basovy-reproduktor--100-w--8-/;0
/sp-252pa/;/monacor-sp-252pa-univerzalny-stredobasovy-reproduktor--75-w--8-/;0
/sp-252e/;/monacor-sp-252e-hi-fi-stredobasovy-reproduktor--75-w--4-/;0
/sp-252c/;/monacor-sp-252c-car-hi-fi-basovy-reproduktor---25-cm--100-w--4-/;0
/sp-250p/;/monacor-sp-250p-basovy-reproduktor--100-w--8-/;0
/sp-23-4rdp/;/monacor-sp-23-4rdp-miniaturne-podomietkove-reproduktory--8-/;0
/sp-205-8/;/monacor-sp-205-8-univerzalny-reproduktor-s-plnym-rozsahom--8-w--8-/;0
/sp-202pa/;/monacor-sp-202pa-univerzalny-stredobasovy-reproduktor--50-w--8-/;0
/sp-202e/;/monacor-sp-202e-hi-fi-stredobasovy-reproduktor--50-w--4-/;0
/sp-17-4/;/monacor-sp-17-4-univerzalny-reproduktor--30-w--4-/;0
/sp-15a-402pa/;/monacor-sp-15a-402pa-profesionalny-pa-basovy-reproduktor--400-w--8-/;0
/sp-15/;/monacor-sp-15-specialny-reproduktor--10-w--8-/;0
/sp-13-4/;/monacor-sp-13-4-univerzalny-reproduktor--20-w--4-/;0
/sp-12a-302pa/;/monacor-sp-12a-302pa-pa-stredobasovy-reproduktor--300-w--8-/;0
/sp-12-200pa/;/monacor-sp-12-200pa-pa-stredobasovy-reproduktor--200-w--8-/;0
/sp-10a-302pa/;/monacor-sp-10a-302pa-pa-stredobasovy-reproduktor--300-w--8-/;0
/sp-100-8/;/monacor-sp-100-8-hi-fi-stredobasovy-reproduktor--30-w--8-/;0
/sp-10-4s/;/monacor-sp-10-4s-univerzalny-reproduktor--15-w--4-/;0
/sp-10-250pro/;/monacor-sp-10-250pro-pa-basovy-reproduktor--subwoofer--250-w--8-/;0
/sound-100sub/;/monacor-sound-100sub-aktivny-subwooferovy-system--120-w/;0
/smc-1/;/monacor-smc-1-stereo-mono-konvertor/;0
/sma-174bnc-jp/;/org-sma-174bnc-jp-adapter-sma-samica-bnc-samec--50-/;0
/sm-2/;/monacor-sm-2-merac-urovne-zvuku/;0
/sla-35/;/monacor-sla-35-zosilnovac-stereofonnej-urovne-a-impedancie/;0
/sit-503rohs/;/monacor-sit-503rohs-kvalitny-spajkovaci-hrot/;0
/sic-520rohs/;/monacor-sic-520rohs-spajkovacia-stanica--48-w/;0
/sia-548rohs/;/monacor-sia-548rohs-nahradna-spajkovacka--48-w/;0
/sg-75/;/monacor-sg-75-dekorativna-mriezka-na-reproduktor---75-mm/;0
/sg-100/;/monacor-sg-100-dekorativna-mriezka-na-reproduktor---100-mm/;0
/se-62/;/monacor-se-62-stereo-sluchadla-do-ucha/;0
/se-30/;/monacor-se-30-stereo-sluchadla-do-ucha/;0
/se-20/;/monacor-se-20-stereo-sluchadla-do-ucha/;0
/sam-500d/;/monacor-sam-500d-aktivny-modul-subwooferu/;0
/sam-300d/;/monacor-sam-300d-modul-aktivneho-subwoofera--300-w-at-4---trieda-d/;0
/sam-2/;/monacor-sam-2-modul-aktivneho-subwoofera--200-w/;0
/sa-50/;/monacor-sa-50-kompaktny-univerzalny-stereo-zosilnovac/;0
/sa-250-sw/;/monacor-sa-250-sw-univerzalny-stereo-mixazny-zosilnovac/;0
/sa-230-sw/;/monacor-sa-230-sw-univerzalny-stereo-mixazny-zosilnovac/;0
/sa-200/;/monacor-sa-200-univerzalny-stereo-zosilnovac--100-w/;0
/sa-160bt/;/monacor-sa-160bt-stereo-bluetooth-zosilnovac--2-x-30-w/;0
/sa-100/;/monacor-sa-100-kompaktny-univerzalny-stereo-zosilnovac/;0
/rwm-2d/;/org-rwm-2d-kablovy-kanal-do-racku--2-u/;0
/rus-5/;/monacor-rus-5-tlakovy-reproduktor/;0
/rh-110/;/monacor-rh-110-482-mm--19-montazna-doska--1-u/;0
/rh-100/;/monacor-rh-100-482-mm--19-montazna-doska--1-u/;0
/rf-explorer-3/;/monacor-rf-explorer-3-rf-spektrum-analyzer--15-2-700-mhz/;0
/rcs-92-sw/;/monacor-rcs-92-sw-zasuvkova-lista-pre-montaz-do-racku/;0
/rcs-85-sw/;/monacor-rcs-85-sw-zasuvkova-lista-pre-montaz-do-racku/;0
/rcs-18/;/monacor-rcs-18-zasuvkova-lista-pre-montaz-do-racku/;0
/rcp-8732u/;/monacor-rcp-8732u-rackovy-panel--1u/;0
/rcp-8731u/;/monacor-rcp-8731u-rackovy-panel--1u/;0
/rcp-8730u/;/monacor-rcp-8730u-rackovy-panel--1u/;0
/rcp-8722u/;/monacor-rcp-8722u-rackovy-panel/;0
/rcp-8721u/;/monacor-rcp-8721u-rackovy-panel/;0
/rcp-8704u/;/monacor-rcp-8704u-482-mm--19-rackove-panely/;0
/rcp-8703u/;/monacor-rcp-8703u-482-mm--19-rackove-panely/;0
/rcp-8702u/;/monacor-rcp-8702u-482-mm--19-rackove-panely/;0
/rcp-8701u/;/monacor-rcp-8701u-482-mm--19-rackove-panely/;0
/rc-132-sw/;/monacor-rc-132-sw-482-mm--19-profilova-rackova-skrina--2-u/;0
/rc-121-sw/;/monacor-rc-121-sw-482-mm--19-profilova-rackova-skrina--1-u/;0
/rbt-95sr/;/monacor-rbt-95sr-stuhovy-vyskovy-reproduktor--40-w--8-/;0
/rbt-95/;/monacor-rbt-95-stuhove-vyskove-reproduktory--30-w--8-/;0
/rbt-56/;/monacor-rbt-56-hi-fi-stuhovy-vyskovy-reproduktor--10-w--4-/;0
/rbt-1000/;/monacor-rbt-1000-paskovy-vyskovy-reproduktor-pre-pa-a-hi-fi--40-w--6-/;0
/rack-6w/;/org-rack-6w-nastenna-skrina-pre-482-mm--19-zariadenia--6-u/;0
/rack-21nv/;/org-rack-21nv-rack-pre-482-mm--19-zariadenia--21-u/;0
/rack-15nv/;/org-rack-15nv-rack-pre-482-mm--19-zariadenia--15-u/;0
/rack-12wp/;/org-rack-12wp-nastenna-skrina-pre-482-mm--19-zariadenia--12-u/;0
/rack-12w/;/org-rack-12w-nastenna-skrina-pre-482-mm--19-zariadenia--12-u/;0
/pt-916/;/monacor-pt-916-pruzinova-svorka-reproduktora--2-polova/;0
/psub-418ak/;/img-stage-line-psub-418ak-aktivny-vykonovy-pa-subwoofer--1-000-w/;0
/psub-15aka/;/img-stage-line-psub-15aka-aktivny-2-1-pa-subwoofer--1-200-w/;0
/psub-12aka/;/img-stage-line-psub-12aka-aktivny-2-1-pa-subwoofer--1-200-w/;0
/pss-600e/;/monacor-pss-600e-spinany-psu--0-6-a/;0
/pss-3000e/;/monacor-pss-3000e-spinany-psu--3-a-max-/;0
/pss-1500e/;/monacor-pss-1500e-spinany-psu--1-5-a/;0
/pss-1230dc/;/monacor-pss-1230dc-spinany-napajaci-zdroj--dc-12-v-3-a/;0
/pss-1210dc/;/monacor-pss-1210dc-spinany-napajaci-zdroj--dc-12-v-1-a/;0
/pss-1000e/;/monacor-pss-1000e-spinany-psu--1-a/;0
/psip-60-12/;/org-psip-60-12-led-spinane-zdroje-napajania/;0
/ppa-4/;/img-stage-line-ppa-4-stereo-sluchadlovy-zosilnovac/;0
/ppa-100-sw/;/img-stage-line-ppa-100-sw-sluchadlovy-stereo-zosilnovac/;0
/poe-130mid/;/org-poe-130mid-power-over-ethernet-midspan/;0
/pm-2-50ma/;/monacor-pm-2-50ma-panelovy-merac-pohyblivej-cievky--50-ma/;0
/pm-2-30ua/;/monacor-pm-2-30ua-merac-pohyblivej-cievky--0-03-ma/;0
/pm-2-15a/;/monacor-pm-2-15a-panelovy-merac-pohyblivej-cievky--15-a/;0
/pm-2-10v/;/monacor-pm-2-10v-moving-coil-panel-meter--10-v/;0
/pm-2-100ua/;/monacor-pm-2-100ua-panelovy-merac-pohyblivej-cievky--0-1-ma/;0
/pm-2-50ua-1/;/monacor-pm-2-50ua-merac-pohyblivej-cievky--0-05-ma/;0
/pg-323pg/;/monacor-pg-323pg-3-5-mm-stereo-samec/;0
/pg-303j/;/monacor-pg-303j-3-5-mm-stereo-inline-samice/;0
/pg-203pm/;/monacor-pg-203pm-3-5-mm-stereo-samec/;0
/pg-203jn/;/monacor-pg-203jn-3-5-mm-stereo-panelova-samica/;0
/peb-618s/;/monacor-peb-618s-vystrazny-piezoelektricky-bzuciak/;0
/peb-2618s/;/monacor-peb-2618s-vystrazny-piezoelektricky-bzuciak/;0
/pdm-302/;/monacor-pdm-302-pa-pultovy-mikrofon/;0
/pdm-300/;/monacor-pdm-300-pa-pultovy-mikrofon/;0
/pb-05e/;/monacor-pb-05e-automaticky-mikrofonny-prepinac/;0
/past-88-sw/;/monacor-past-88-sw-drziak-na-stenu-pre-pa-reproduktorove-systemy/;0
/past-84-sw/;/monacor-past-84-sw-drziak-na-stenu-pre-pa-reproduktorove-systemy/;0
/past-68-sw/;/monacor-past-68-sw-nasuvny-sklopny-adapter-s-montaznou-doskou/;0
/past-550-sw/;/monacor-past-550-sw-nastenna-konzola-pre-standardne-drevene-reproduktorove-systemy/;0
/past-515-sw/;/monacor-past-515-sw-nastenna-konzola-pre-kompaktne-pa-reproduktorove-systemy/;0
/past-40-sw/;/monacor-past-40-sw-adapter-pre-stojan/;0
/past-250-sw/;/monacor-past-250-sw-profesionalny-reproduktorovy-stojan/;0
/past-25-sw/;/monacor-past-25-sw-distancna-trubica/;0
/past-225-sw/;/monacor-past-225-sw-univerzalny-stojan-na-svetlo/;0
/past-164set/;/monacor-past-164set-set-reproduktorovych-stojanov/;0
/past-125set/;/monacor-past-125set-sada-stojanov-reproduktorov/;0
/past-120-sw/;/monacor-past-120-sw-reproduktorovy-stojan/;0
/pam-10/;/monacor-pam-10-pa-zosilnovac-hlasu/;0
/pak-415/;/img-stage-line-pak-415-aktivny-vykonovy-pa-reproduktorovy-system-s-2-kanalovym-zosilnovacom--700-w/;0
/pak-412/;/img-stage-line-pak-412-aktivny-vykonovy-pa-reproduktorovy-system-s-2-kanalovym-zosilnovacom--700-w/;0
/pab-308-ws/;/monacor-pab-308-ws-univerzalne-pa-reproduktorove-systemy--125-w--8-/;0
/pab-308-sw/;/monacor-pab-308-sw-univerzalne-pa-reproduktorove-systemy--125-w--8-/;0
/pab-306-ws/;/monacor-pab-306-ws-univerzalne-pa-reproduktorove-systemy--160-w--8-/;0
/pab-306-sw/;/monacor-pab-306-sw-univerzalne-pa-reproduktorove-systemy--160-w--8-/;0
/pa-900s/;/monacor-pa-900s-mono-pa-vykonovy-zosilnovac/;0
/pa-900/;/monacor-pa-900-mono-pa-mixazny-zosilnovac/;0
/pa-6fr/;/monacor-pa-6fr-anti-feedback-modul/;0
/pa-6fd/;/monacor-pa-6fd-modul-detekcie-poruchy/;0
/pa-6600/;/monacor-pa-6600-6-zonovy-mono-pa-mixazny-zosilnovac--600-w/;0
/pa-6480/;/monacor-pa-6480-6-zonovy-mono-pa-mixazny-zosilnovac--480-w/;0
/pa-6240/;/monacor-pa-6240-6-zonovy-mono-pa-mixazny-zosilnovac--240-w/;0
/pa-6040mpx/;/monacor-pa-6040mpx-4-zonovy-mixpult/;0
/pa-6000rc/;/monacor-pa-6000rc-pa-zonovy-paging-pultovy-mikrofon/;0
/pa-5240/;/monacor-pa-5240-5-zonovy-mono-pa-mixazny-zosilnovac--240-w/;0
/pa-4300ptt/;/monacor-pa-4300ptt-pa-pultovy-mikrofon--push-to-talk-/;0
/pa-4120/;/monacor-pa-4120-pa-vykonove-zosilnovace/;0
/pa-4040mpx/;/monacor-pa-4040mpx-4-zonovy-mixpult/;0
/pa-4040/;/monacor-pa-4040-4-zone-matrix-mixazny-zosilnovac/;0
/pa-40120/;/monacor-pa-40120-4-zonovy-mixazny-mono-zosilnovac/;0
/pa-4000rc/;/monacor-pa-4000rc-pa-zonovy-prikazovy-pultovy-mikrofon/;0
/pa-4000ptt/;/monacor-pa-4000ptt-pa-pultovy-mikrofon--push-to-talk-/;0
/pa-324/;/monacor-pa-324-mono-pa-mixazny-zosilnovac/;0
/pa-312/;/monacor-pa-312-mono-pa-mixazny-zosilnovac/;0
/pa-24fmm/;/monacor-pa-24fmm-vkladaci-modul-pre-nudzove-hlasenia/;0
/pa-24esp/;/monacor-pa-24esp-24-v-nudzovy-psu/;0
/pa-24ad/;/monacor-pa-24ad-10-cestny-pa-linkovy-rozdelovac/;0
/pa-2240/;/monacor-pa-2240-pa-vykonny-zosilnovac/;0
/pa-1960/;/monacor-pa-1960-vysokovykonny-mono-pa-zosilnovac/;0
/pa-1850d/;/monacor-pa-1850d-8-kanalovy-pa-zosilnovac-triedy-d/;0
/pa-1480/;/monacor-pa-1480-mono-pa-vykonovy-zosilnovac/;0
/pa-1450d/;/monacor-pa-1450d-4-kanalovy-zosilnovac-triedy-d/;0
/pa-1414mx/;/monacor-pa-1414mx-10-kanalovy-pa-predzosilnovac/;0
/pa-1250d/;/monacor-pa-1250d-pa-vykonovy-zosilnovac-mono-triedy-d/;0
/pa-1240/;/monacor-pa-1240-5-zonovy-mono-pa-mixazny-zosilnovac--240-w/;0
/pa-12040/;/monacor-pa-12040-4-kanalove-mono-mixazne-zosilnovace--4-x-120-w/;0
/pa-1200rm/;/monacor-pa-1200rm-montazny-ram/;0
/pa-1200m/;/monacor-pa-1200m-monitorovacia-jednotka--10-1-kanalov/;0
/pa-1200ex/;/monacor-pa-1200ex-rozsirenie-dualneho-modulu/;0
/pa-1200/;/monacor-pa-1200-4-zonovy-mono-pa-mixazny-zosilnovac/;0
/pa-1140rcd/;/monacor-pa-1140rcd-rds-tuner-cd-prehravac-s-usb-rozhranim/;0
/pa-1120rc/;/monacor-pa-1120rc-pa-zonovy-pultovy-mikrofon/;0
/pa-1120dmt/;/monacor-pa-1120dmt-digitalny-modul-pre-ukladanie-sprav-a-casov/;0
/pa-1120/;/monacor-pa-1120-5-zonovy-mono-pa-mixazny-zosilnovac/;0
/pa-102/;/monacor-pa-102-mono-pa-mixazny-zosilnovac/;0
/p-124djp/;/monacor-p-124djp-nahradny-hnaci-remen/;0
/olc-500-sw/;/org-olc-500-sw-kable-z-optickych-vlakien/;0
/olc-200-sw/;/org-olc-200-sw-kable-z-optickych-vlakien/;0
/olc-100-sw/;/org-olc-100-sw-kable-z-optickych-vlakien/;0
/ola-35jt/;/org-ola-35jt-toslink-adapter/;0
/ntp-3rcb/;/neutrik-ntp-3rcb-3-5-mm-stereo-samec--pravouhly/;0
/nta-63a/;/monacor-nta-63a-adapter--pravouhly/;0
/nta-35a/;/monacor-nta-35a-adapter--pravouhly/;0
/nta-335a/;/monacor-nta-335a-adapter--pravouhly/;0
/nta-235/;/monacor-nta-235-adaptery/;0
/nta-175m/;/monacor-nta-175m-6-3-mm-mono-samec-na-rca-samicu/;0
/nta-175/;/monacor-nta-175-adapter/;0
/nta-114/;/monacor-nta-114-adapter-xlr-samec-rca-samica/;0
/nta-104/;/monacor-nta-104-rca-adapter/;0
/nr-40ks/;/monacor-nr-40ks-tlakovy-reproduktor--odolny-voci-pocasiu/;0
/nr-33ks/;/monacor-nr-33ks-tlakovy-reproduktor--odolny-voci-pocasiu/;0
/nr-25ks/;/monacor-nr-25ks-tlakovy-reproduktor/;0
/nr-254ks/;/monacor-nr-254ks-tlakovy-reproduktor--odolny-voci-pocasiu/;0
/nr-22ks/;/monacor-nr-22ks-tlakovy-reproduktor/;0
/nr-18ks/;/monacor-nr-18ks-tlakovy-reproduktor/;0
/nr-15ks/;/monacor-nr-15ks-tlakovy-reproduktor/;0
/nr-10m/;/monacor-nr-10m-zapusteny-hornovy-reproduktor--hudobny-klakson--s-reproduktorom-celeho-rozsahu--4-/;0
/npa-12-7/;/yuasa-npa-12-7-panasonic-nabijatelna-olovena-bateria--12-v--7-2-ah/;0
/npa-12-2/;/yuasa-npa-12-2-panasonic-nabijatelna-olovena-bateria--12-v--2-2-ah/;0
/npa-12-1/;/yuasa-npa-12-1-panasonic-nabijatelna-olovena-bateria--12-v--1-3-ah/;0
/np-3xbag/;/neutrik-np-3xbag-neutrik-6-3-mm-stereo-konektor/;0
/np-3rx/;/neutrik-np-3rx-neutrik-6-3-mm-stereo-konektor--pravouhly/;0
/np-2x/;/neutrik-np-2x-neutrik-6-3-mm-mono-zastrcka/;0
/nl-8fc/;/neutrik-nl-8fc-neutrik-speakon-konektor/;0
/nj-3fp6c/;/neutrik-nj-3fp6c-neutrik-6-3-mm-samica--stereo/;0
/nj-3fc6bag/;/neutrik-nj-3fc6bag-neutrik-6-3-mm-spojka--stereo/;0
/nf-2cb2/;/neutrik-nf-2cb2-spickove-konektory-rca/;0
/ne-8fdyc6b/;/neutrik-ne-8fdyc6b-ethercon-panelove-konektory/;0
/ne-8fdpb/;/neutrik-ne-8fdpb-ethercon-panelove-prechodky/;0
/ne-8fdp/;/neutrik-ne-8fdp-ethercon-panelove-prechodky/;0
/ndm-1/;/neutrik-ndm-1-gumene-krytky-proti-prachu/;0
/nc-3mxxb/;/neutrik-nc-3mxxb-neutrik-xlr-konektory--3-polove/;0
/nc-3mxx/;/neutrik-nc-3mxx-neutrik-xlr-konektor--3-polovy/;0
/nc-3mxbag/;/neutrik-nc-3mxbag-neutrik-xlr-konektor--3-polovy/;0
/nc-3mxb/;/neutrik-nc-3mxb-neutrik-xlr-konektor--3-polovy/;0
/nc-3mrx/;/neutrik-nc-3mrx-neutrik-xlr-konektor--3-polovy/;0
/nc-3mdl1/;/neutrik-nc-3mdl1-neutrik-xlr-panelova-zastrcka--3-polova/;0
/nc-3fxxbag/;/neutrik-nc-3fxxbag-neutrik-xlr-spojka--3-polova/;0
/nc-3fxx/;/neutrik-nc-3fxx-neutrik-xlr-spojka--3-polova/;0
/nc-3fx/;/neutrik-nc-3fx-neutrik-xlr-spojka--3-polova/;0
/nc-3fp1/;/neutrik-nc-3fp1-neutrik-xlr-panelova-samica--3-polova/;0
/nc-3fdlxbag/;/neutrik-nc-3fdlxbag-neutrik-xlr-panelova-samica--3-polova/;0
/nc-3fdlx/;/neutrik-nc-3fdlx-neutrik-xlr-panelova-samica--3-polova/;0
/nc-3fdl1bag/;/neutrik-nc-3fdl1bag-neutrik-xlr-panelova-samica--3-polova/;0
/nbnc-75bts11/;/neutrik-nbnc-75bts11-bnc-konektor--75-/;0
/nbb-75dfib/;/neutrik-nbb-75dfib-bnc-panelova-prechodka--75-/;0
/nausbw/;/neutrik-nausbw-usb-panelove-prechodky/;0
/nahdmiwb/;/neutrik-nahdmiwb-hdmi--panelove-prechodky/;0
/na-3mj/;/neutrik-na-3mj-neutrik-adaptery-xlr-6-3-mm-stereo-jack/;0
/na-3m5f/;/neutrik-na-3m5f-neutrik-adapter-xlr-xlr/;0
/na-3fp/;/neutrik-na-3fp-neutrik-adaptery-xlr-6-3-mm-stereo-plug/;0
/na-3fj/;/neutrik-na-3fj-neutrik-adaptery-xlr-6-3-mm-stereo-jack/;0
/na-3ff/;/neutrik-na-3ff-neutrik-adapter-xlr-xlr/;0
/na-3fdm/;/neutrik-na-3fdm-neutrik-xlr-adapter-na-panel--3-polovy/;0
/na-3f5m/;/neutrik-na-3f5m-neutrik-adapter-xlr-xlr/;0
/na-2fpmf/;/neutrik-na-2fpmf-neutrik-adapter-xlr-rca-jack/;0
/na-2fp/;/neutrik-na-2fp-neutrik-adapter-xlr-6-3-mm-mono-zastrcka/;0
/mzt-223g/;/neutrik-mzt-223g-6-3-mm-stereo-panelova-zasuvka/;0
/mzf-8648/;/monacor-mzf-8648-sada-montaznych-skrutiek/;0
/mzf-8645/;/monacor-mzf-8645-sada-montaznych-skrutiek/;0
/mzf-8614/;/monacor-mzf-8614-skrutky-do-dreva-so-sesthrannou-hlavou/;0
/mzf-8502-sw/;/monacor-mzf-8502-sw-kovovy-roh-puzdra/;0
/mzf-8302/;/monacor-mzf-8302-rukovat-remienka/;0
/mvb-15/;/monacor-mvb-15-konzola/;0
/mvb-10/;/monacor-mvb-10-konzola/;0
/msw-252/;/monacor-msw-252-bezolovnate-elektronicke-spajkovacie-droty/;0
/mss-20-sw/;/monacor-mss-20-sw-profesionalny-stojan-pre-muzikantov/;0
/msh-116-4/;/monacor-msh-116-4-hi-fi-stredovy-reproduktor--40-w--4-/;0
/msh-115hq/;/monacor-msh-115hq-vysoko-kvalitny-hi-fi-stredovy-reproduktor--50-w--8-/;0
/msh-115/;/monacor-msh-115-hi-fi-stredovy-reproduktor--50-w--8-/;0
/mscn-8150-sw/;/monacor-mscn-8150-sw-reproduktorovy-kabel--15-m--2-polovy-neutrik-speakon-konektor-6-3-mm-konektor/;0
/mscn-8100-sw/;/monacor-mscn-8100-sw-reproduktorovy-kabel--10-m--2-polovy-neutrik-speakon-konektor-6-3-mm-konektor/;0
/mscn-8050-sw/;/monacor-mscn-8050-sw-reproduktorovy-kabel--5-m--2-polovy-neutrik-speakon-konektor-6-3-mm-konektor/;0
/msca-610-sw/;/monacor-msca-610-sw-reproduktorovy-kabel--10-m--2-polovy-neutrik-speakon-konektor/;0
/msc-520-sw/;/monacor-msc-520-sw-reproduktorovy-kabel--20-m--2-polovy-neutrik-speakon-konektor/;0
/msc-515-sw/;/monacor-msc-515-sw-reproduktorovy-kabel--15-m--2-polovy-neutrik-speakon-konektor/;0
/msc-510-sw/;/monacor-msc-510-sw-reproduktorovy-kabel--10-m--2-polovy-neutrik-speakon-konektor/;0
/msc-505-sw/;/monacor-msc-505-sw-reproduktorovy-kabel--5-m--2-p--plovy-neutrik-speakon-konektor/;0
/msc-502-sw/;/monacor-msc-502-sw-reproduktorovy-kabel--2-m--2-polovy-neutrik-speakon-konektor/;0
/msc-215-sw/;/monacor-msc-215-sw-reproduktorovy-kabel--15-m--4-polovy-neutrik-speakon-konektor/;0
/msc-210-sw/;/monacor-msc-210-sw-reproduktorovy-kabel--10-m--4-polovy-neutrik-speakon-konektor/;0
/msc-205-sw/;/monacor-msc-205-sw-reproduktorovy-kabel--5-m--4-polovy-neutrik-speakon-konektor/;0
/msc-120-sw/;/monacor-msc-120-sw-reproduktorovy-kabel--20-m--2-polovy-neutrik-speakon-konektor/;0
/msc-115-sw/;/monacor-msc-115-sw-reproduktorovy-kabel--15-m--2-polovy-neutrik-speakon-konektor/;0
/msc-110-sw/;/monacor-msc-110-sw-reproduktorovy-kabel--10-m--2-polovy-neutrik-speakon-konektor/;0
/msc-105-sw/;/monacor-msc-105-sw-reproduktorovy-kabel--5-m--2-polovy-neutrik-speakon-konektor/;0
/msc-102-sw/;/monacor-msc-102-sw-reproduktorovy-kabel--2-m--2-polovy-neutrik-speakon-konektor/;0
/ms-92-sw/;/monacor-ms-92-sw-stojan-pre-mikrofon/;0
/ms-90-sw/;/monacor-ms-90-sw-stojan-pre-mikrofon/;0
/ms-60-sw/;/monacor-ms-60-sw-stojan-pre-mikrofon/;0
/ms-6/;/monacor-ms-6-stolovy-mikrofonny-stojan/;0
/ms-40-sw/;/monacor-ms-40-sw-ms-40-sw--mikrofonny-stojan/;0
/ms-4/;/monacor-ms-4-stolovy-mikrofonny-stojan/;0
/ms-28/;/monacor-ms-28-stojan-pre-mikrofon/;0
/ms-22/;/monacor-ms-22-stolovy-mikrofonny-stojan/;0
/ms-210-sw/;/monacor-ms-210-sw-stolovy-mikrofonny-stojan/;0
/ms-200/;/monacor-ms-200-zakladna-stolneho-mikrofonu/;0
/ms-20-sw/;/monacor-ms-20-sw-stojan-pre-mikrofon/;0
/ms-12/;/monacor-ms-12-stolovy-mikrofonny-stojan/;0
/ms-100-sw/;/monacor-ms-100-sw-stolovy-mikrofonny-stojan-podlahovy-stojan/;0
/ms-1/;/monacor-ms-1-stolovy-mikrofonny-stojan/;0
/mrh-80/;/monacor-mrh-80-pa-horn-vyskovy-reproduktor-pre-mrd-80/;0
/mrd-80/;/monacor-mrd-80-pa-vyskovy-reproduktor--30-w--8-/;0
/mrd-44pa/;/monacor-mrd-44pa-pa-vyskovy-reproduktor--45-w--8-/;0
/mrd-34pa/;/monacor-mrd-34pa-pa-vyskovy-reproduktor--35-w--8-/;0
/mpx-622-sw/;/img-stage-line-mpx-622-sw-6-kanalovy-stereo-audio-mix/;0
/mpx-4pa/;/monacor-mpx-4pa-3-zonovy-mixpult/;0
/mpx-44-sw/;/img-stage-line-mpx-44-sw-6-kanalovy-stereo-dj-mix/;0
/mpx-20usb/;/img-stage-line-mpx-20usb-3-kanalovy-stereo-dj-mix/;0
/mpt-177/;/monacor-mpt-177-piezo-vyskovy-reproduktor/;0
/mpt-151/;/monacor-mpt-151-vyskovy-horn/;0
/mpt-142/;/monacor-mpt-142-piezo-vyskovy-menic/;0
/mpt-025/;/monacor-mpt-025-piezo-vyskovy-reproduktor/;0
/mpt-016/;/monacor-mpt-016-piezo-vyskovy-reproduktor/;0
/mpt-005/;/monacor-mpt-005-piezo-vyskovy-reproduktor/;0
/mpt-001/;/monacor-mpt-001-piezo-vyskovy-reproduktor/;0
/mps-1/;/img-stage-line-mps-1-mikrofonny-rozdelovac/;0
/mpr-6/;/img-stage-line-mpr-6-mikrofonny-predzosilnovac/;0
/mpa-202/;/img-stage-line-mpa-202-2-kanalovy-nizkosumovy-mikrofonny-predzosilnovac/;0
/mpa-102/;/img-stage-line-mpa-102-1-kanalovy-nizkosumovy-mikrofonny-predzosilnovac/;0
/mmx-8/;/img-stage-line-mmx-8-8-kanalovy-miniaturny-univerzalny-audio-mix/;0
/mmx-602-sw/;/img-stage-line-mmx-602-sw-mikrofonovy-linkovy-mixer/;0
/mmx-4/;/img-stage-line-mmx-4-4-kanalovy-miniaturny-mikrofonny-mix/;0
/mmx-31/;/img-stage-line-mmx-31-3-kanalovy-mikrofonny-mix/;0
/mmx-11usb/;/img-stage-line-mmx-11usb-mmx-11usb--2-kanalovy-miniaturny-audio-mix/;0
/mlc-52-sw/;/monacor-mlc-52-sw-mikrofonny-kabel-top-quality--2-x-0-22-mm2--50-m/;0
/mlc-152-rt/;/monacor-mlc-152-rt-mikrofonny-kabel-top-quality--2-x-0-22-mm2--100-m/;0
/mlc-122-sw/;/monacor-mlc-122-sw-mikrofonny-kabel--high-quality---2-x-0-24-mm2--100-m/;0
/mkta-82/;/monacor-mkta-82-foliovy-kondenzator-mkt--250-v/;0
/mkta-680/;/monacor-mkta-680-foliovy-kondenzator-mkt--250-v/;0
/mkta-330/;/monacor-mkta-330-foliovy-kondenzator-mkt--250-v/;0
/mkta-30/;/monacor-mkta-30-foliovy-kondenzator-mkt--250-v/;0
/mkta-220/;/monacor-mkta-220-foliovy-kondenzator-mkt--250-v/;0
/mkta-10/;/monacor-mkta-10-foliovy-kondenzator-mkt--250-v/;0
/mks-48-ws/;/monacor-mks-48-ws-par-reproduktorovych-systemov-na-stenu-strop-roh--15-w--8-/;0
/mkpa-82/;/monacor-mkpa-82-filmovy-kondenzator-mkp--8-2-f--250-v/;0
/mkpa-470/;/monacor-mkpa-470-filmovy-kondenzator-mkp--47-f--250-v/;0
/mkpa-39/;/monacor-mkpa-39-filmovy-kondenzator-mkp--3-9-f--250-v/;0
/mkpa-330/;/monacor-mkpa-330-filmovy-kondenzator-mkp--33-f--250-v/;0
/mkpa-33/;/monacor-mkpa-33-filmovy-kondenzator-mkp--3-3-f--250-v/;0
/mkpa-15/;/monacor-mkpa-15-foliovy-kondenzator-mkp--250v/;0
/mkpa-120/;/monacor-mkpa-120-foliovy-kondenzator-mkp--250v/;0
/mka-50set-ws/;/monacor-mka-50set-ws-aktivny-2-pasmovy-stereo-reproduktorovy-system--2-x-20-w/;0
/mka-50set-sw/;/monacor-mka-50set-sw-aktivny-2-pasmovy-stereo-reproduktorovy-system--2-x-20-w/;0
/mhd-55/;/monacor-mhd-55-pa-horn-vyskovy-reproduktor--30-w--8-/;0
/mhd-1255-vc/;/monacor-mhd-1255-vc-nahradna-hlasova-cievka-pre-mhd-55-a-mhd-120/;0
/mh-99-sw/;/monacor-mh-99-sw-pruzinova-mikrofonova-svorka/;0
/mh-152/;/monacor-mh-152-mikrofonny-drziak---32-42-mm/;0
/mfe-212/;/img-stage-line-mfe-212-stereo-ovladac-spatnej-vazby-dsp/;0
/mfc-2063/;/car-mfc-2063-push-on-terminal--6-3-mm/;0
/mfc-2048/;/monacor-mfc-2048-push-on-terminal--4-8-mm/;0
/meq-115-sw/;/img-stage-line-meq-115-sw-2-kanalovy-graficky-ekvalizer/;0
/mel-202-sw/;/monacor-mel-202-sw-linkovy-kabel--2-m/;0
/mel-102-sw/;/monacor-mel-102-sw-linkovy-kabel--1-m/;0
/mecn-2000-sw/;/monacor-mecn-2000-sw-xlr-kabel--20-m--neutrik/;0
/mec-600-sw/;/monacor-mec-600-sw-mono-predlzovaci-kabel--6-m/;0
/mec-50-sw/;/monacor-mec-50-sw-xlr-kabel--0-7-m/;0
/mec-2000-sw/;/monacor-mec-2000-sw-xlr-kabel--20-m/;0
/mec-20-sw/;/monacor-mec-20-sw-xlr-kabel--6-m/;0
/mec-1500-sw/;/monacor-mec-1500-sw-xlr-kabel--15-m/;0
/mec-100-sw/;/monacor-mec-100-sw-xlr-kabel--1-m/;0
/mdm-4002/;/monacor-mdm-4002-akusticke-penove-predne-podlozky-pre-reproduktory--668-x-579-mm/;0
/mdh-6300/;/img-stage-line-mdh-6300-mono-dj-sluchadlo-do-ruky/;0
/md-480/;/monacor-md-480-stereo-sluchadla/;0
/md-460/;/monacor-md-460-dizajnove-stereo-sluchadla/;0
/md-390/;/monacor-md-390-stereo-sluchadla/;0
/md-39/;/monacor-md-39-stereo-sluchadla/;0
/md-306/;/monacor-md-306-stereo-sluchadla/;0
/md-302/;/monacor-md-302-stereo-sluchadla/;0
/md-260/;/monacor-md-260-stereo-sluchadla/;0
/md-110/;/monacor-md-110-dynamicka-mikrofonna-vlozka/;0
/mcx-200-sw/;/monacor-mcx-200-sw-electronicka-stereo-frekvencna-vyhybka/;0
/mcs-180/;/monacor-mcs-180-zasuvkova-lista-pre-montaz-do-racku/;0
/mcr-8/;/monacor-mcr-8-profesionalny-prazdny-bubon-na-kabel/;0
/mcr-6/;/monacor-mcr-6-profesionalny-prazdny-bubon-na-kabel/;0
/mcr-1/;/org-mcr-1-prazdny-kotuc-na-kabel/;0
/mcm-500-sw/;/monacor-mcm-500-sw-mini-xlr-kabel--5-m/;0
/mcer-5/;/monacor-mcer-5-drziak-mikrofonovej-kazety/;0
/mcer-4/;/monacor-mcer-4-drziak-mikrofonovej-kazety/;0
/mce-401/;/monacor-mce-401-kvalitna-vlozka-do-elektretoveho-mikrofonu/;0
/mcc-100-sw/;/monacor-mcc-100-sw-mono-kabel--1-m/;0
/mca-300/;/monacor-mca-300-adapter-audio-kabla--3-m/;0
/mca-204/;/monacor-mca-204-kablovy-adapter--2-m/;0
/mca-158j/;/monacor-mca-158j-pripajaci-audio-kabel--1-5-m/;0
/mca-158/;/monacor-mca-158-pripajaci-audio-kabel--1-5--m/;0
/mca-154/;/monacor-mca-154-pripajaci-audio-kabel--1-5-m/;0
/mca-129p/;/monacor-mca-129p-adapter-na-audio-kabel--1-m/;0
/mca-127p/;/monacor-mca-127p-audio-pripajaci-kabel--1-m/;0
/mca-127j/;/monacor-mca-127j-audio-pripajaci-kabel--1-m/;0
/mc-62-sw/;/monacor-mc-62-sw-predlzovaci-kabel-s-viacerymi-zasuvkami--6-zasuviek/;0
/mc-31/;/img-stage-line-mc-31-3-pasmovy-mikrofonny-zlucovac/;0
/mc-20-sw/;/monacor-mc-20-sw-puzdro-na-minidisc/;0
/mc-102-sw/;/monacor-mc-102-sw-mikrofonny-kabel--100-m/;0
/mc-1-sw/;/monacor-mc-1-sw-puzdro-na-prenasanie-mikrofonov/;0
/mbr-45/;/monacor-mbr-45-bassreflexova-trubica--sv-15-9-cm2/;0
/mbr-35/;/monacor-mbr-35-bassreflexova-trubica--sv-9-6-cm2/;0
/mbr-100/;/monacor-mbr-100-bassreflexova-trubica--sv-77-cm2/;0
/mbf-85/;/monacor-mbf-85-ramove-hmozdinky-pre-reproduktory--suprava/;0
/mac-20/;/monacor-mac-20-adapterova-skrutka/;0
/mac-10/;/monacor-mac-10-adapterova-skrutka/;0
/ltr-110/;/monacor-ltr-110-audio-transformator-1-1-2-1-pre-linkove-signaly/;0
/ltr-102/;/img-stage-line-ltr-102-linkovy-transformator/;0
/lst-6/;/monacor-lst-6-par-univerzalnych-drziakov/;0
/lst-10/;/monacor-lst-10-univerzalny-drziak/;0
/lsr-68-10/;/monacor-lsr-68-10-vykonny-cementovy-odpor--6-8---10-w/;0
/lsr-470-10/;/monacor-lsr-470-10-vykonny-cementovy-odpor--47---10-w/;0
/lsr-39-10/;/monacor-lsr-39-10-vykonny-cementovy-odpor--3-9---10-w/;0
/lsr-330-20/;/monacor-lsr-330-20-vykonny-cementovy-odpor--33---20-w/;0
/lsr-33-20/;/monacor-lsr-33-20-vykonny-cementovy-odpor--3-3---20-w/;0
/lsr-270-10/;/monacor-lsr-270-10-vykonny-cementovy-odpor--27---10-w/;0
/lsr-220-20/;/monacor-lsr-220-20-vykonny-cementovy-odpor--22---20-w/;0
/lsr-220-10/;/monacor-lsr-220-10-vykonny-cementovy-odpor--22---10-w/;0
/lsr-180-10/;/monacor-lsr-180-10-vykonny-cementovy-odpor--18---10-w/;0
/lsr-18-20/;/monacor-lsr-18-20-vykonny-cementovy-odpor--1-8---20-w/;0
/lsp-102/;/img-stage-line-lsp-102-2-kanalovy-3-pasmovy-linkov-rozbocovac/;0
/lsip-68-2/;/monacor-lsip-68-2-vzduchova-cievka--0-68-mh---0-85-mm/;0
/lsip-68-1/;/monacor-lsip-68-1-vzduchova-cievka--0-68-mh---1-0-mm/;0
/lsip-47/;/monacor-lsip-47-vzduchova-cievka--0-47-mh---1-2-mm/;0
/lsip-33-2/;/monacor-lsip-33-2-vzduchove-cievky--0-33-mh---0-85-mm/;0
/lsip-27-2/;/monacor-lsip-27-2-vzduchova-cievka--0-27-mh---0-85-mm/;0
/lsip-22-2/;/monacor-lsip-22-2-vzduchova-cievka--0-22-mh---0-85-mm/;0
/lsip-22-1/;/monacor-lsip-22-1-vzduchova-cievka--0-22-mh---1-0-mm/;0
/lsip-22/;/monacor-lsip-22-vzduchova-cievka--0-22-mh---1-2-mm/;0
/lsip-18/;/monacor-lsip-18-vzduchova-cievka--0-18-mh---1-2-mm/;0
/lsip-15-1/;/monacor-lsip-15-1-vzduchova-cievka--0-25-mh---1-0-mm/;0
/lsip-15/;/monacor-lsip-15-vzduchova-cievka--0-15-mh---1-2-mm/;0
/lsif-470-1/;/monacor-lsif-470-1-feritova-cievka--4-7-mh/;0
/lsi-27t/;/monacor-lsi-27t-cievka-s-transformatorovym-jadrom--2-7-mh/;0
/lsi-100t/;/monacor-lsi-100t-cievka-s-transformatorovym-jadrom--10-mh/;0
/lsc-22np/;/monacor-lsc-22np-bipolarny-elektrolyticky-kondenzator-1-5-220-f/;0
/ls-280-sw/;/img-stage-line-ls-280-sw-8-cestny-linkovy-rozbocovac/;0
/l-ray-1000/;/img-stage-line-l-ray-1000-l-ray-1000/;0
/lr-20/;/panasonic-lr-20-alkalicke-baterie-velkosti-d--panasonic/;0
/lr-1000u/;/img-stage-line-lr-1000u-u-konzola/;0
/lr-03/;/panasonic-lr-03-alkalicke-baterie-velkosti-aaa--panasonic/;0
/lpc-1/;/monacor-lpc-1-line-phono-adapter/;0
/lms-808/;/img-stage-line-lms-808-mikrofonovy-linkovy-zmiesavac-rozbocovac/;0
/lkb-1/;/monacor-lkb-1-pripajaci-terminal/;0
/lc-31/;/img-stage-line-lc-31-2-kanalovy-2-pasmovy-linkovy-zlucovac/;0
/la-40/;/monacor-la-40-aktivny-loop-zosilnovac-pre-miestnosti-do-40-m2/;0
/ku-916t-vc/;/monacor-ku-916t-vc-nahradne-hlasove-cievky/;0
/ku-916t/;/monacor-ku-916t-tlakovy-driver--odolny-voci-pocasiu/;0
/ku-616t-vc/;/monacor-ku-616t-vc-nahradne-hlasove-cievky/;0
/ku-616t/;/monacor-ku-616t-tlakovy-driver--odolny-voci-pocasiu/;0
/ku-516-vc/;/monacor-ku-516-vc-nahradne-hlasove-cievky/;0
/ku-516/;/monacor-ku-516-tlakovy-driver-odolny-voci-pocasiu/;0
/ks-85-sw/;/monacor-ks-85-sw-univerzalny-stojan/;0
/kp70-400/;/kon-kp70-400-plast-70--sprej--400-ml/;0
/kn-42p-si/;/monacor-kn-42p-si-montazna-podlozka/;0
/kn-15/;/monacor-kn-15-otocny-gombik---15-mm/;0
/kn-130/;/monacor-kn-130-otocny-gombik---30-mm/;0
/kn-115/;/monacor-kn-115-otocny-gombik---15-mm/;0
/kn-11-sw/;/monacor-kn-11-sw-otocny-gombik--cierna/;0
/km-26735/;/kng-km-26735-reproduktorovy-stojan/;0
/km-259/;/kng-km-259-podlahovy-stojan-na-mikrofon-s-polovicnou-vyskou/;0
/km-24471/;/kng-km-24471-stenova-podpora-pre-reproduktorove-systemy/;0
/km-24120/;/kng-km-24120-drziak-na-stenu-pre-pa-reproduktorove-systemy/;0
/km-24116/;/kng-km-24116-montazna-doska/;0
/km-24110/;/kng-km-24110-drziak-na-stenu-pre-pa-reproduktorove-systemy/;0
/km-21435/;/kng-km-21435-reproduktorovy-stojan/;0
/km-214-6/;/kng-km-214-6-reproduktorovy-stojan/;0
/km-21367/;/kng-km-21367-distancna-trubica/;0
/km-21311/;/kng-km-21311-nylonova-taska-na-stojany/;0
/km-21302/;/kng-km-21302-teleskopicky-reproduktorovy-stojan/;0
/km-210-9/;/kng-km-210-9-stojan-pre-mikrofon/;0
/km-19674/;/kng-km-19674-nasuvny-sklopny-adapter-pre-reproduktorove-stojany/;0
/jysty-2206/;/monacor-jysty-2206-signalny-kabel--typ-j-y-st-y--4-x-0-28-mm2/;0
/ith-300/;/monacor-ith-300-sada-pre-montaz-na-stlp-pre-tlakove-reproduktory-alebo-kamery--v2a/;0
/it-400tw/;/monacor-it-400tw-2-pasmovy-tlakovy-reproduktor--odolny-voci-poveternostnym-vplyvom/;0
/it-40/;/monacor-it-40-tlakovy-reproduktor--odolny-voci-poveternostnym-vplyvom/;0
/it-35/;/monacor-it-35-tlakovy-reproduktor--odolny-voci-poveternostnym-vplyvom/;0
/it-33/;/monacor-it-33-tlakovy-reproduktor--odolny-voci-poveternostnym-vplyvom/;0
/it-32en/;/monacor-it-32en-tlakove-reproduktory--odolny-voci-pocasiu/;0
/it-250tw/;/monacor-it-250tw-2-pasmovy-horn-reproduktor--music-horn-odolny-voci-pocasiu/;0
/it-230-vc/;/monacor-it-230-vc-nahradne-hlasove-cievky/;0
/it-20/;/monacor-it-20-tlakovy-reproduktor--odolny-voci-poveternostnym-vplyvom/;0
/it-15en/;/monacor-it-15en-tlakove-reproduktory--odolny-voci-pocasiu/;0
/it-130/;/monacor-it-130-tlakovy-reproduktor--odolny-voci-poveternostnym-vplyvom/;0
/it-115/;/monacor-it-115-tlakovy-reproduktor--odolny-voci-poveternostnym-vplyvom/;0
/it-110/;/monacor-it-110-tlakovy-reproduktor/;0
/ila-1020/;/monacor-ila-1020-pasivne-tlmice-urovne/;0
/ila-100xlr/;/monacor-ila-100xlr-pasivny-ovladac-stereo-urovne--xlr-verzia-/;0
/ila-100rca/;/monacor-ila-100rca-pasivny-ovladac-stereo-urovne--rca-verzia-/;0
/ht-958pa-sw/;/monacor-ht-958pa-sw-prstencovy-vyskovy-reproduktor--30-w--8-/;0
/ht-88/;/monacor-ht-88-pa-horn-vyskovy-reproduktor--50-w--8-/;0
/ht-30/;/monacor-ht-30-miniaturny-pa-horn-vyskovy-reproduktor--50-w--8-/;0
/ht-22-8/;/monacor-ht-22-8-kuzelovy-vyskovy-reproduktor--10-w--8-/;0
/hse-90/;/monacor-hse-90-elektretovy-nahlavovy-mikrofon/;0
/hse-86/;/monacor-hse-86-elektretovy-nahlavovy-mikrofon/;0
/hse-821sx/;/monacor-hse-821sx-nahradny-elektretovy-nahlavovy-mikrofon/;0
/hse-80/;/monacor-hse-80-elektretovy-nahlavovy-mikrofon/;0
/hse-72/;/monacor-hse-72-elektretovy-nahlavovy-mikrofon/;0
/hse-70wp/;/monacor-hse-70wp-elektretovy-nahlavovy-mikrofon--odolny-voci-striekajucej-vode--ipx4/;0
/hse-70a-sk/;/monacor-hse-70a-sk-velmi-lahky-miniaturny-nausny-mikrofon/;0
/hse-40-sk/;/monacor-hse-40-sk-ultralahky-miniaturny-nausny-mikrofon/;0
/hse-310-sk/;/monacor-hse-310-sk-profesionalny-nahlavovy-mikrofon/;0
/hse-300-sk/;/monacor-hse-300-sk-profesionalny-nahlavovy-mikrofon/;0
/hse-200wp-bl/;/monacor-hse-200wp-bl-elektretovy-nahlavovy-mikrofon/;0
/hse-152a-sk/;/monacor-hse-152a-sk-ultralahky-nahlavovy-mikrofon/;0
/hse-152-sk/;/monacor-hse-152-sk-ultralahky-nahlavovy-mikrofon/;0
/hse-150a-sk/;/monacor-hse-150a-sk-ultralahky-nahlavovy-mikrofon/;0
/hse-150-sk/;/monacor-hse-150-sk-ultralahky-nahlavovy-mikrofon/;0
/hse-132-sk/;/monacor-hse-132-sk-ultralahky-nahlavovy-mikrofon/;0
/hse-130-sk/;/monacor-hse-130-sk-ultralahky-nahlavovy-mikrofon/;0
/hse-110/;/monacor-hse-110-nahlavovy-mikrofon/;0
/hse-100/;/monacor-hse-100-nahlavovy-mikrofon/;0
/hpr-6/;/img-stage-line-hpr-6-efektivny-sluchadlovy-stereo-zosilnovac/;0
/hm-30/;/monacor-hm-30-dynamicky-mikrofon-s-hlavovym-oblukom/;0
/hf-70/;/monacor-hf-70-gumene-nozicky--20-ks-/;0
/hf-50/;/monacor-hf-50-gumene-nozicky--20-ks-/;0
/hf-30/;/monacor-hf-30-gumene-nozicky--20-ks-/;0
/hf-160/;/monacor-hf-160-gumena-nozicka/;0
/hf-145/;/monacor-hf-145-gumena-nozicka/;0
/hf-140/;/monacor-hf-140-gumena-nozicka/;0
/hdmc-500-sw/;/monacor-hdmc-500-sw-hdmi--vysokorychlostny-prepojovaci-kabel--5-m/;0
/hdmc-2500r-sw/;/monacor-hdmc-2500r-sw-hdmi--vysokorychlostny-prepojovaci-kabel--25-m/;0
/ha-37g/;/monacor-ha-37g-adaptery/;0
/ha-37/;/monacor-ha-37-adapter/;0
/gwh-100/;/monacor-gwh-100-nastenny-drziak-pre-gitary/;0
/gs-42-sw/;/monacor-gs-42-sw-gitarovy-stojan-na-elektricke-a-klasicke-gitary/;0
/gns-2/;/monacor-gns-2-montazna-zakladna-pre-husi-krk/;0
/gn-40xlr-sw/;/monacor-gn-40xlr-sw-husi-krk--xlr--500-mm/;0
/gn-300/;/monacor-gn-300-husi-krk--300-mm/;0
/gn-10xlr-sw/;/monacor-gn-10xlr-sw-husi-krk--xlr--300-mm/;0
/gd-04k/;/jab-gd-04k-vytacacia-a-riadiaca-jednotka-gsm/;0
/gcbb-100b/;/blick-gcbb-100b-vysokokvalitne-otocne-koliesko-zn--blickle---100-mm/;0
/gcb-75b/;/blick-gcb-75b-otocne-kliesko-zn--blickle---75-mm--s-brzdou/;0
/g-7set/;/org-g-7set-par-profesionalnych-dvojpasmovych-vysielacov-a-prijimacov--446-mhz-433-mhz/;0
/fs-60/;/monacor-fs-60-nozny-spinac/;0
/fs-50a/;/monacor-fs-50a-nozny-spinac/;0
/fs-50/;/monacor-fs-50-nozny-spinac/;0
/fls-190l/;/monacor-fls-190l-skrutka-s-okom--m8-x-30-mm/;0
/fls-130/;/monacor-fls-130-rychlocinny-uzaver-na-lana/;0
/fga-40mf/;/monacor-fga-40mf-izolator-uzemnenia/;0
/fga-40hq/;/monacor-fga-40hq-high-end-ground-izolator/;0
/fga-40/;/monacor-fga-40-ground-izolator/;0
/fga-35/;/monacor-fga-35-izolator-uzemnenia/;0
/fga-30m/;/monacor-fga-30m-ground-izolator/;0
/fga-202/;/img-stage-line-fga-202-profesionalny-2-kanalovy-linkovy-transformator/;0
/fga-102/;/img-stage-line-fga-102-profesionalny-stereo-linkovy-transformator/;0
/eul-2sub-sw/;/monacor-eul-2sub-sw-subwoofer-v-100v-linkovej-technologii/;0
/eul-26-ws/;/monacor-eul-26-ws-dvojice-miniaturnych-pa-reproduktorovych-systemov/;0
/eul-26-sw/;/monacor-eul-26-sw-dvojice-miniaturnych-pa-reproduktorovych-systemov/;0
/eul-2-sw/;/monacor-eul-2-sw-pa-reproduktorovy-system-v-100-v-linkovej-technologii/;0
/ets-530tw-ws/;/monacor-ets-530tw-ws-pa-stlpove-reproduktory/;0
/ets-530tw-sw/;/monacor-ets-530tw-sw-pa-stlpove-reproduktory/;0
/ets-442tw-ws/;/monacor-ets-442tw-ws-pa-stlpove-reproduktory-odolne-voci-pocasiu/;0
/ets-422tw-ws/;/monacor-ets-422tw-ws-pa-stlpove-reproduktory-odolne-voci-pocasiu/;0
/ets-360tw-ws/;/monacor-ets-360tw-ws-spickove-stlpove-reproduktory/;0
/ets-340tw-ws/;/monacor-ets-340tw-ws-spickove-stlpove-reproduktor/;0
/ets-230-ws/;/monacor-ets-230-ws-pa-stlpove-reproduktory/;0
/ets-215-ws/;/monacor-ets-215-ws-pa-stlpove-reproduktory/;0
/ets-210tw-ws/;/monacor-ets-210tw-ws-pa-stlpove-reproduktory--hlinikove--slimline--odolne-voci-pocasiu/;0
/esp-90-ws/;/monacor-esp-90-ws-pa-nastenny-reproduktor/;0
/esp-8u/;/monacor-esp-8u-pa-nastenny-a-stropny-reproduktor-pre-zapustenu-montaz/;0
/esp-80-ws/;/monacor-esp-80-ws-pa-nastenny-reproduktor/;0
/esp-72-ws/;/monacor-esp-72-ws-pa-nastenny-reproduktor/;0
/esp-70-ws/;/monacor-esp-70-ws-pa-nastenny-reproduktor/;0
/esp-63-ws/;/monacor-esp-63-ws-pa-nastenny-reproduktor/;0
/esp-62-ws/;/monacor-esp-62-ws-pa-nastenny-reproduktor/;0
/esp-60-ws/;/monacor-esp-60-ws-esp-60-ws--pa-nastenny-reproduktor/;0
/esp-50en-ws/;/monacor-esp-50en-ws-pa-nastenny-reproduktor/;0
/esp-50ab-ws/;/monacor-esp-50ab-ws-pa-a-b-nastenny-reproduktor/;0
/esp-360-ws/;/monacor-esp-360-ws-pa-nastenny-reproduktor/;0
/esp-32-ws/;/monacor-esp-32-ws-pa-hi-fi-nastenne-a-stropne-reproduktory/;0
/esp-315-ws/;/monacor-esp-315-ws-2-pasmovy-pa-nastenny-reproduktorovy-system--biely/;0
/esp-315-sw/;/monacor-esp-315-sw-2-pasmovy-pa-nastenny-reproduktorovy-system--cierny/;0
/esp-250-ws/;/monacor-esp-250-ws-pa-reproduktorove-systemy/;0
/esp-22-ws/;/monacor-esp-22-ws-pa-hi-fi-nastenne-a-stropne-reproduktory/;0
/esp-17-ws/;/monacor-esp-17-ws-pa-hi-fi-nastenne-a-stropne-reproduktory/;0
/esp-157-ws/;/monacor-esp-157-ws-pa-nastenny-reproduktor/;0
/esp-152-ws/;/monacor-esp-152-ws-pa-nastenny-reproduktor/;0
/esp-15-ws/;/monacor-esp-15-ws-pa-hi-fi-nastenne-a-stropne-reproduktory/;0
/es-230/;/monacor-es-230-mono-sluchadlo/;0
/es-220/;/monacor-es-220-mono-sluchadlo/;0
/es-200/;/monacor-es-200-mono-sluchadlo/;0
/ep-302/;/monacor-ep-302-penove-chranice-pre-sluchadla/;0
/en-24/;/monacor-en-24-gramofonova-prenoska/;0
/emg-500p/;/monacor-emg-500p-elektretovy-mikrofon-na-husom-krku/;0
/emg-330p/;/monacor-emg-330p-miniaturny-elektretovy-smerovy-mikrofon-na-husom-krku/;0
/ema-300p/;/img-stage-line-ema-300p-adapter-pre-fantomove-napajanie/;0
/ema-3/;/img-stage-line-ema-3-48-v-fantomove-napajanie/;0
/ema-20/;/monacor-ema-20-adapter-pre-fantomove-napajanie/;0
/ema-1/;/img-stage-line-ema-1-adapter-pre-fantomove-napajanie/;0
/edl-82-ws/;/monacor-edl-82-ws-pa-stropny-reproduktor/;0
/edl-706-12/;/monacor-edl-706-12-pa-stropny-reproduktor/;0
/edl-70-ws/;/monacor-edl-70-ws-pa-stropny-reproduktor/;0
/edl-65tw/;/monacor-edl-65tw-nastavitelny-pa-podhladovy-reproduktor/;0
/edl-620en/;/monacor-edl-620en-pa-stropne-reproduktory/;0
/edl-620/;/monacor-edl-620-pa-sirokopasmovy-reproduktor/;0
/edl-612en/;/monacor-edl-612en-pa-podhladovy-reproduktor/;0
/edl-612/;/monacor-edl-612-pa-podhladovy-reproduktor/;0
/edl-606en/;/monacor-edl-606en-pa-stropne-reproduktory/;0
/edl-606/;/monacor-edl-606-pa-stropne-reproduktory/;0
/edl-430-ws/;/monacor-edl-430-ws-gulovy-pa-reproduktor-najvyssej-kvality/;0
/edl-420-ws/;/monacor-edl-420-ws-gulovy-reproduktor-pa-odolny-voci-poveternostnym-vplyvom/;0
/edl-412-ws/;/monacor-edl-412-ws-gulovy-pa-reproduktor-odolny-voci-poveternostnym-vplyvom/;0
/edl-36tw/;/monacor-edl-36tw-pa-stropny-reproduktor/;0
/edl-310l/;/monacor-edl-310l-super-disperzny-pa-stropny-reproduktor/;0
/edl-28/;/monacor-edl-28-pa-stropny-reproduktor/;0
/edl-26/;/monacor-edl-26-pa-stropny-reproduktor/;0
/edl-255-ws/;/monacor-edl-255-ws-pa-nastenny-a-stropny-reproduktor/;0
/edl-250-ws/;/monacor-edl-250-ws-pa-nastenny-a-stropny-reproduktor--odolny-voci-pocasiu/;0
/edl-24/;/monacor-edl-24-pa-stropny-reproduktor/;0
/edl-224abc/;/monacor-edl-224abc-pa-a-b-stropny-reproduktor/;0
/edl-220-ws/;/monacor-edl-220-ws-pa-nastenny-a-stropny-reproduktor--odolny-voci-vplyvom-pocasia/;0
/edl-22-ws/;/monacor-edl-22-ws-pa-stropny-reproduktor/;0
/edl-165c-ws/;/monacor-edl-165c-ws-pa-stropny-reproduktor/;0
/edl-155/;/monacor-edl-155-pa-stropne-reproduktory--odolne-voci-vplyvom-pocasia-/;0
/edl-11tw-sw/;/monacor-edl-11tw-sw-pa-stropne-reproduktory/;0
/edl-11tw/;/monacor-edl-11tw-pa-nastenne-reproduktory/;0
/edl-110-ws/;/monacor-edl-110-ws-vodeodolny-pa-nastenny-a-stropny-reproduktor/;0
/ecm-925p/;/monacor-ecm-925p-elektretovy-smerovy-fantomovy-mikrofon/;0
/ecm-821lt/;/monacor-ecm-821lt-elektretovy-mikrofon-so-sponou/;0
/ecm-501l-sk/;/monacor-ecm-501l-sk-elektretovy-mikrofon-so-sponou/;0
/ecm-500l-sk/;/monacor-ecm-500l-sk-elektretovy-mikrofon-so-sponou/;0
/ecm-500/;/monacor-ecm-500-pa-pultovy-mikrofon/;0
/ecm-450/;/monacor-ecm-450-pa-pultovy-mikrofon/;0
/ecm-402l/;/monacor-ecm-402l-elektretovy-mikrofon-so-sponou/;0
/ecm-310w/;/img-stage-line-ecm-310w-elektretovy-mikrofon-pre-snimanie-dychovych-nastrojov/;0
/ecm-310p/;/monacor-ecm-310p-pa-pultovy-mikrofon/;0
/ecm-306b-ws/;/monacor-ecm-306b-ws-boundary-mikrofony/;0
/ecm-306b-sw/;/monacor-ecm-306b-sw-boundary-mikrofon/;0
/ecm-302b-ws/;/monacor-ecm-302b-ws-boundary-mikrofony/;0
/ecm-300l/;/monacor-ecm-300l-elektretovy-lavalierovy-mikrofon/;0
/ecm-285/;/img-stage-line-ecm-285-elektretovy-mikrofon-pre-vokaly-a-hudobne-nastroje/;0
/ecm-270/;/img-stage-line-ecm-270-profesionalny-kondenzatorovy-mikrofon/;0
/ecm-250/;/img-stage-line-ecm-250-set-elektretovych-mikrofonov/;0
/ecm-10-sw/;/monacor-ecm-10-sw-vstavane-fantomove-mikrofony/;0
/ebh-53/;/img-stage-line-ebh-53-stojanovy-adapter/;0
/dtm-104-4/;/monacor-dtm-104-4-hi-fi-kupolove-vyskove-reproduktory--45-w--8--8--a-4--4-/;0
/dt-99/;/monacor-dt-99-hi-fi-kupolovy-vyskovy-reproduktor--40-w--8-/;0
/dt-28n/;/nr1-dt-28n-neodymovy-hi-fi-vyskovy-reproduktor--50-w--8-/;0
/dt-25n/;/monacor-dt-25n-neodymovy-hi-fi-vyskovy-reproduktor--40-w--8-/;0
/dt-19su/;/monacor-dt-19su-hi-fi-kupolovy-vyskovy-reproduktor--50-w--8-/;0
/dt-140/;/monacor-dt-140-hi-fi-vyskovy-reproduktor--80-wmax--40-wrms--4-/;0
/dt-107/;/monacor-dt-107-hi-fi-kupolovy-vyskovy-reproduktor--80-w--8-/;0
/dt-100/;/monacor-dt-100-hi-fi-kopulovy-vyskovy-reproduktor--30-w--8-/;0
/dnl-1245/;/monacor-dnl-1245-basova-2-pasmova-frekvencna-vyhybka-pre-8--pre-pa/;0
/dn-2618p/;/monacor-dn-2618p-2-pasmova-frekvencna-vyhybka-pre-8-/;0
/dn-200/;/monacor-dn-200-3-pasmova-frekvencna-vyhybka-pre-8-/;0
/dmt-4cc/;/monacor-dmt-4cc-makka-transportna-taska/;0
/dmt-4010rms/;/monacor-dmt-4010rms-digitalny-multimeter/;0
/dms-5/;/monacor-dms-5-zakladna-stolneho-mikrofonu/;0
/dms-1/;/monacor-dms-1-zakladna-stolneho-mikrofonu/;0
/dmg-700/;/monacor-dmg-700-dynamicky-mikrofon-husi-krk--700-mm/;0
/dmg-600/;/monacor-dmg-600-dynamicky-mikrofon-husi-krk--565-mm/;0
/dmg-450/;/monacor-dmg-450-dynamicky-mikrofon-husi-krk--450-mm/;0
/dmg-400/;/monacor-dmg-400-dynamicky-mikrofon-husi-krk--385-mm/;0
/dm-70-sw/;/monacor-dm-70-sw-dynamicky-mikrofon/;0
/dm-5000ln/;/img-stage-line-dm-5000ln-dynamicky-mikrofon/;0
/dm-3set/;/img-stage-line-dm-3set-dynamicky-mikrofon--sada--pre-vokaly/;0
/dm-1100/;/img-stage-line-dm-1100-dynamicky-mikrofon/;0
/dm-065/;/img-stage-line-dm-065-nostalgicky-dynamicky-mikrofon/;0
/dib-110/;/monacor-dib-110-di-transformator-10-1/;0
/dib-102/;/img-stage-line-dib-102-2-kanalovy-di-box/;0
/dib-100/;/img-stage-line-dib-100-di-box/;0
/dh-95np/;/monacor-dh-95np-dynamicky-rucny-mikrofon/;0
/dh-10/;/monacor-dh-10-tlakovy-reproduktor/;0
/dca-10/;/monacor-dca-10-pripojovaci-kabel-napajacieho-zdroja/;0
/dc-100/;/monacor-dc-100-antistaticka-kefa-na-lp-s-uhlikovymi-vlaknami/;0
/cu-4/;/monacor-cu-4-4-kanalovy-bezdrotovy-led-ovladac/;0
/ctg-1sine/;/monacor-ctg-1sine-xlr-tester--48-v/;0
/ctg-1noise/;/monacor-ctg-1noise-xlr-tester--48-v/;0
/ct-3/;/monacor-ct-3-tester-kablov/;0
/cst-5/;/monacor-cst-5-odizolovacie-klieste/;0
/cs-5100-sw/;/monacor-cs-5100-sw-samolepiaca-paska-so-suchym-zipsom--100-cm/;0
/cs-10-sw/;/monacor-cs-10-sw-paska-so-suchym-zipsom--10-m/;0
/cr-2025/;/panasonic-cr-2025-litiove-baterie-cr2025/;0
/cr-123/;/panasonic-cr-123-litiova-bateria--foto/;0
/cp-20/;/monacor-cp-20-par-konektorov-din-pre-reproduktory/;0
/cn-11p/;/monacor-cn-11p-2-pole-plug/;0
/cn-11j/;/monacor-cn-11j-2-polova-zasuvka/;0
/club-1top/;/monacor-club-1top-club-1top--reproduktorove-systemy--profesionalne-pa/;0
/club-1sub/;/monacor-club-1sub-profesionalny-subwoofer--600-w-8--or-2--or-2-x-300-w-4-/;0
/cf-120m-bb/;/org-cf-120m-bb-axialny-ventilator/;0
/cdmx-3/;/monacor-cdmx-3-ovladaci-kabel--100-m/;0
/ccx-6m/;/monacor-ccx-6m-spiralovy-helix-kabel-pre-mikrofony---5-mm/;0
/ccx-5m/;/monacor-ccx-5m-spiralovy-helix-kabel-pre-mikrofony---5-mm/;0
/cc-313/;/monacor-cc-313-testovacie-kable/;0
/cc-142/;/org-cc-142-2-vodicova-pripojovacia-svorka-od-wago/;0
/cba-30-sw/;/monacor-cba-30-sw-par-audio-y-kablovych-adapterov/;0
/br-70tr/;/monacor-br-70tr-bassreflexova-trubica--sv-38-4-cm2/;0
/br-50/;/monacor-br-50-bass-rocker--50-w--4-/;0
/br-45tr/;/monacor-br-45tr-bassreflexova-trubica--sv-13-8-cm2/;0
/br-30hp/;/monacor-br-30hp-bassreflexova-trubica--sv-6-6-cm2/;0
/bp-520g/;/monacor-bp-520g-par-high-end-polovych-svoriek-reproduktorov/;0
/bp-410/;/monacor-bp-410-dvojica-reproduktorovych-polovych-svoriek/;0
/bp-405g/;/monacor-bp-405g-dvojica-reproduktorovych-polovych-svoriek/;0
/bp-360-sw/;/monacor-bp-360-sw-reproduktorova-svorka/;0
/bp-270g/;/monacor-bp-270g-dvojica-reproduktorovych-polovych-svoriek/;0
/bp-260g/;/monacor-bp-260g-dvojica-reproduktorovych-polovych-svoriek/;0
/bp-150/;/monacor-bp-150-dvojica-bananovych-zastrciek-pre-reproduktory--4-5-mm/;0
/bp-100g/;/monacor-bp-100g-dvojica-bananovych-zastrciek-pre-reproduktory--4-mm/;0
/bnc-1511/;/monacor-bnc-1511-bnc-adapter--50-/;0
/bh-009/;/monacor-bh-009-profesionalne-stereo-sluchadla-s-dynamickym-mikrofonom/;0
/bag-20ls/;/monacor-bag-20ls-nylonova-taska-na-stojany/;0
/bag-10ms/;/monacor-bag-10ms-nylonova-taska-na-stojany/;0
/att-524peu/;/monacor-att-524peu-nastenny-pa-ovladac-hlasitosti-s-24v-nudzovym-prioritonym-rele--24-w/;0
/att-512peu/;/monacor-att-512peu-nastenny-ovladac-hlasitosti-pa-s-nudzovym-prioritnym-rele-24-v--12-w/;0
/att-5100peu/;/monacor-att-5100peu-nastenny-ovladac-hlasitosti-pa-s-nudzovym-prioritnym-rele-24-v--100-w/;0
/att-506peu/;/monacor-att-506peu-nastenny-ovladac-hlasitosti-pa-s-nudzovym-prioritnym-rele-24-v--6-w/;0
/att-500pd/;/monacor-att-500pd-montazny-ram/;0
/att-350peu/;/monacor-att-350peu-nastenny-ovladac-hlasitosti-pa-s-nudzovym-prioritnym-rele-24-v--50-w/;0
/att-336peu/;/monacor-att-336peu-nastenny-ovladac-hlasitosti-pa-s-nudzovym-prioritnym-rele-24-v--36-w/;0
/att-325st/;/monacor-att-325st-stereo-ovladac-hlasitosti/;0
/att-324peu/;/monacor-att-324peu-nastenny-ovladac-hlasitosti-pa-s-nudzovym-prioritnym-rele-24-v--24-w/;0
/att-306peu/;/monacor-att-306peu-nastenny-ovladac-hlasitosti-pa-s-nudzovym-prioritnym-rele-24-v--6-w/;0
/att-300/;/monacor-att-300-krabica-pod-omietku/;0
/att-224-ws/;/monacor-att-224-ws-nastenny-ovladac-hlasitosti-pa--24-w/;0
/att-212-ws/;/monacor-att-212-ws-nastenny-ovladac-hlasitosti-pa--12-w/;0
/att-2100-ws/;/monacor-att-2100-ws-nastenny-ovladac-hlasitosti-pa--100-w/;0
/att-200/;/monacor-att-200-krabica-pod-omietku/;0
/att-1950/;/monacor-att-1950-6-pasmovy-ovladac-hlasitosti-pa-pre-482-mm--19-instalaciu-do-racku/;0
/att-19100/;/monacor-att-19100-6-pasmovy-ovladac-hlasitosti-pa-pre-482-mm--19-instalaciu-do-racku/;0
/ats-36c/;/monacor-ats-36c-transportny-kufor-s-inteligentnou-funkcou-rychleho-nabijania-pwm/;0
/ats-22t/;/monacor-ats-22t-16-kanalovy-miniaturny-vysielac/;0
/ats-22r/;/monacor-ats-22r-16-kanalovy-miniaturny-prijimac/;0
/ats-20t/;/monacor-ats-20t-ats-20t--16-kanalovy-miniaturny-vysielac/;0
/ats-20r/;/monacor-ats-20r-16-kanalovy-miniaturny-prijimac/;0
/ats-16ps/;/monacor-ats-16ps-inteligentna-pwm-rychlonabijacia-stanica/;0
/ats-12ht/;/monacor-ats-12ht-mikrofon-s-integrovanym-vysielacom/;0
/ats-12cb/;/monacor-ats-12cb-taska-s-integrovanou-funkciou-nabijania/;0
/at-202-sw/;/adv-at-202-sw-gaffa-paska--cierna/;0
/arm-880wp2/;/monacor-arm-880wp2-nastenny-modul/;0
/arm-880wp1/;/monacor-arm-880wp1-nastenny-modul/;0
/arm-880rce/;/monacor-arm-880rce-8-zonovy-rozsirovaci-modul/;0
/arm-880rc/;/monacor-arm-880rc-pa-zonovy-pagingovy-mikrofon/;0
/arm-880/;/monacor-arm-880-audio-matrix-router/;0
/ar-50/;/monacor-ar-50-budic-rezonator-odolny-voci-pocasiu--8-/;0
/ar-30/;/monacor-ar-30-budic-rezonator-odolny-voci-pocasiu--8-/;0
/akb-160/;/monacor-akb-160-pa-zosilnovac/;0
/airmt-85/;/monacor-airmt-85-spickovy-vyskovy-reproduktor-air-motion-transformer--20-w--4-/;0
/airmt-130/;/monacor-airmt-130-spickovy-vyskovy-reproduktor-air-motion-transformer--60-w--8-/;0
/ah-63/;/monacor-ah-63-uzitkove-puzdro--65-x-36-5-x-207-mm/;0
/ah-62-sw/;/monacor-ah-62-sw-uzitkove-puzdro--65-x-36-5-x-167-mm--black/;0
/ah-62/;/monacor-ah-62-uzitkove-puzdro--65-x-36-5-x-167-mm/;0
/ah-61-sw/;/monacor-ah-61-sw-uzitkove-puzdro--65-x-36-5-x-107-mm--black/;0
/ah-61/;/monacor-ah-61-uzitkove-puzdro--65-x-36-5-x-107-mm/;0
/ah-103/;/monacor-ah-103-uzitkove-puzdro--103-x-36-5-x-207-mm/;0
/ah-102-sw/;/monacor-ah-102-sw-uzitkove-puzdro--103-x-36-5-x-167-mm--black/;0
/ah-102/;/monacor-ah-102-uzitkove-puzdro--103-x-36-5-x-167-mm/;0
/ah-101-sw/;/monacor-ah-101-sw-uzitkove-puzdro--103-x-36-5-x-107-mm--black/;0
/ah-101/;/monacor-ah-101-uzitkove-puzdro/;0
/aes-6/;/monacor-aes-6-pridavny-reproduktor--3-w--8-/;0
/aes-5/;/monacor-aes-5-specialny-bezdrotovy-reproduktor--3-w--4-/;0
/acs-2635/;/monacor-acs-2635-stereo-audio-prepojovaci-kabel--2-m/;0
/acs-235/;/monacor-acs-235-stereo-audio-prepojovaci-kabel--2-m/;0
/acp-500-50/;/monacor-acp-500-50-profesionalny-stereo-audio-prepojovaci-kabel--50--5m/;0
/acp-300-50/;/monacor-acp-300-50-profesionalny-stereo-audio-prepojovaci-kabel--50---3-m/;0
/acp-150-50/;/monacor-acp-150-50-profesionalny-stereo-audio-prepojovaci-kabel--50---1-5-m/;0
/acm-2635/;/monacor-acm-2635-mono-audio-prepojovaci-kabel--2-m/;0
/aca-1935/;/monacor-aca-1935-audio-kablovy-adapter--10-m/;0
/aca-1735/;/monacor-aca-1735-audio-kablovy-adapter--2-m/;0
/aca-1635/;/monacor-aca-1635-audio-kabel-adapter--1-2-m/;0
/aca-15-3/;/monacor-aca-15-3-stereo-audio-video-kablovy-adapter/;0
/aca-15-1/;/monacor-aca-15-1-stereo-audio-video-kablovy-adapter/;0
/ac-71-3-5mm/;/monacor-ac-71-3-5mm-telefonny-adapter/;0
/ac-53-sw/;/monacor-ac-53-sw-audio-kabel--50-m/;0
/ac-500-sw/;/monacor-ac-500-sw-stereo-audio-prepojovaci-kabel--5-m/;0
/ac-300/;/monacor-ac-300-stereo-audio-prepojovaci-kabel--3-m/;0
/ac-210-sw/;/monacor-ac-210-sw-sietovy-kabel--2-m/;0
/ac-150-sw/;/monacor-ac-150-sw-stereo-audio-prepojovaci-kabel--1-5-m/;0
/ac-122g/;/monacor-ac-122g-stereo-audio-pripojovacie-kable/;0
/ac-122/;/monacor-ac-122-stereo-audio-pripojovacie-kable/;0
/ac-102-sw/;/monacor-ac-102-sw-audio-kabel--100-m/;0
/ac-080-sw/;/monacor-ac-080-sw-stereo-audio-prepojovaci-kabels/;0
/aac-203-gr/;/monacor-aac-203-gr-sietovy-kabel/;0
/aac-200iec/;/monacor-aac-200iec-sietovy-kabel-s-blokovanim-iec--2-m/;0
/aac-182-sw/;/monacor-aac-182-sw-sietovy-kabel/;0
/aac-150j/;/monacor-aac-150j-panelova-zastrcka/;0
/aac-100iec/;/monacor-aac-100iec-sietovy-kabel/;0
/ls-14500/;/org-ls-14500-litiova-bateria/;0
/ls-14250/;/org-ls-14250-litiova-bateria/;0
/t-208a/;/monacor-t-208a-6-3-mm-mono-zastrcka/;0
/spc-525-sw/;/monacor-spc-525-sw-reproduktorovy-kabel--2-x-2-5-mm2--100-m/;0
/spc-515-sw/;/monacor-spc-515-sw-reproduktorovy-kabel--2-x-1-5-mm2--100-m/;0
/rh-210/;/monacor-rh-210-482-mm--19-montazna-doska--2-rs/;0
/rh-200/;/monacor-rh-200-482-mm--19-montazna-doska--2-rs/;0
/ah-63-sw/;/monacor-ah-63-sw-uzitkove-puzdro--65-x-36-5-x-207-mm--cierne/;0
/ecm-200/;/monacor-ecm-200-pa-pultovy-mikrofon/;0
/dt-284/;/monacor-dt-284-par-vyskovych-reproduktorov--60-w--4-/;0
/akb-60/;/monacor-akb-60-aktivny-reproduktorovy-modul--mono--45-w-na-4-/;0
/ab-cryptobox-750-hd/;/ab-cryptobox-750-hd/;0
/ab-cryptobox-700-hd/;/ab-cryptobox-700-hd/;0
/amiko-dalkovy-ovladac-8150-8240-8320-8330-8340-8820-mini-hd-micro-hd-impulse-original/;/amiko-dalkovy-ovladac-8150--8240--8320--8330--8340--8820--mini-hd--micro-hd--impulse-original/;0
/prepetova-ochrana-bleskojistka-signal-tv-fm-sat/;/prepetova-ochrana-bleskojistka-signal-tv-fm-sat/;0
/konzola-na-balkon-30-cm-hranaty-trmen/;/konzola-na-balkon-30-cm-hranaty-trmen/;0
/konzole-kominova-2x-paska-7-m/;/konzole-kominova-2x-paska-5-m/;0
/konzola-na-antenni-sito-s-krizem-ii/;/konzola-na-antenni-sito-s-krizem-ii/;0
/konzola-na-antenni-sito-s-krizem/;/konzola-na-antenni-sito-s-krizem/;0
/konzola-na-antenni-sito-ii/;/konzola-na-antenni-sito-ii/;0
/fracarro-frpro-evo-hd-programovatelny-zesilovac/;/fracarro-frpro-evo-hd-programovatelny-zesilovac/;0
/garni-110h-bezdratove-cidlo/;/garni-110h-bezdratove-cidlo/;0
/alcad-ca-210/;/alcad-ca-210/;0
/technoline-ws-6449/;/technoline-ws-6449/;0
/meteorologicka-stanice-technoline-ma10410/;/meteorologicka-stanice-technoline-ma10410/;0
/antena-maximum-fm-dab-2-venkovni/;/antena-maximum-fm-dab-2-venkovni/;0
/meteorologicka-stanice-ws-9255/;/meteorologicka-stanice-ws-9255/;0
/meteorologicka-stanice-ws-9050/;/meteorologicka-stanice-ws-9050/;0
/koaxialni-kabel-zircon-ccs-125-al-100-m-6-8mm/;/koaxialni-kabel-zircon-ccs-125-al-100-m-6-8mm/;0
/koaxialni-kabel-zircon-cu-121-alpe-150-m-5mm/;/koaxialni-kabel--zircon-cu-121-alpe-150-m-5mm/;0
/meteorologicka-stanice-technoline-ws-9252/;/meteorologicka-stanice-technoline-ws-9252/;0
/alcad-ai-223-linkovy-zesilovac-se-2-vystupy-g-25db/;/alcad-ai-223-linkovy-zesilovac-se-2-vystupy-g-25db/;0
/koaxialni-pruchodka-19-cm-profi-gold/;/koaxialni-pruchodka-19-cm-profi-gold/;0
/koaxialni-kabel-amiko-rg6-ccs-100m-6-8-mm/;/koaxialni-kabel-amiko-rg6-ccs-100m-6-8-mm/;0
/kabel-koaxialni-10m-2xf-konektor/;/kabel-koaxialni-10m-2xf-konektor/;0
/konektor-f-cabelcon-f-6-td-self-install-5-1-nitin-samoutahovaci/;/konektor-f-cabelcon-f-6-td-self-install-5-1-nitin-samoutahovaci/;0
/redukce-f-zastrcka-tv-zasuvka/;/redukce-f-zastrcka-tv-zasuvka/;0
/antenni-rozbocovac-fv3-class-a/;/antenni-rozbocovac-fv3--class-a/;0
/antenni-rozbocovac-fv2-class-a/;/antenni-rozbocovac-fv2--class-a/;0
/konektor-antenni-primy-samice/;/konektor-antenni-primy-samice/;0
/alcad-ca-215/;/alcad-ca-215/;0
/alcad-ai-200-zesilovac/;/alcad-ai-200-zesilovac/;0
/zdroj-alcad-al-105-2xvystup-12v-100ma-napajeci/;/zdroj-alcad-al-105--2xvystup--12v-100ma--napajeci/;0
/inverto-home-pro-quattro-universal-40mm-pll-lnb/;/inverto-home-pro-quattro-universal-40mm-pll-lnb/;0
/zircon-monoblok-twin-m-0243-slim-line-skylink/;/zircon-monoblok-twin-m-0243-slim-line-skylink/;0
/zircon-monoblock-quad-m-0443-slim-line-skylink/;/zircon-monoblock-quad-m-0443-slim-line-skylink/;0
/mascom-monoblok-quad-lnb-mcm4qs01hd/;/mascom-monoblok-quad-lnb-mcm4qs01hd/;0
/multifeed-plast-2-hu-univerzalni/;/multifeed-plast-2-hu-univerzalni/;0
/amiko-dalkove-ovladani-univerzalni-hd-sd/;/amiko-dalkove-ovladani-univerzalni--hd-sd/;0
