kategoria_na_odstranenie;kod_produktu;nazov;feed
Auto-moto;24FHMG5771;FINLUX 24FHMG5771 ANDROID TV 12V TRAVEL SMART;atos
Auto-moto;32FFMG5771;FINLUX 32FFMG5771 ANDROID TV 12V TRAVEL SMART;atos
Auto-moto;AA388;TV Anténa pro DVB-T prut AA-388;atos
Auto-moto;AA389;Pokojová anténa AA-389 pendrek;atos
Auto-moto;ABT-A500000232;Měnič napětí Carspa PID400-12 12V/230V 400W;atos
Auto-moto;ABT-A500004105;Měnič napětí EPever IPower IP3000-12-Plus-T 3000W 12V, čistá sinusovka, SPWM;atos
Auto-moto;ABT-A500004401;Měnič napětí EPever IPower IP1000-22-Plus-T 1000W 24V;atos
Auto-moto;ABT-A500007236;Hasicí sprej SAFE 750 MAX;atos
Auto-moto;ABT-A500007237;SET Hasicí sprej SAFE 750 MAX + držák SAFE75F;atos
Auto-moto;ATO-04240700;Nabíječka akumulátorů CARSPA EBC1250 12V-50A;atos
Auto-moto;ATO-04240701;Nabíječka akumulátorů CARSPA EBC1260 12V-60A;atos
Auto-moto;ATO-04240702;Nabíječka akumulátorů CARSPA EBC2425 24V-25A;atos
Auto-moto;ATO-04240703;Nabíječka akumulátorů CARSPA EBC2430 24V-30A;atos
Auto-moto;ATO-23238L;Zásuvka vestavná uzamykatelná 23238L IP44-54/230V/16A/3P 6h, šikmá 10°, SpeedPRO;atos
Auto-moto;ATO-553058;IN PARCO V2 parkovací zábrana automatická (553058);atos
Auto-moto;ATO-553059;IN PARCO parkovací zábrana automatická s Bluetooth (553059);atos
Auto-moto;ATO-553060;Dálkový ovladač IN (553060) pro automatickou zábranu IN PARCO 553058 a 553059;atos
Auto-moto;ATO-A500007728;Baterie LiFePO4 12,8V 125Ah MHPower MS125-12(L) LC4-M8;atos
Auto-moto;ATO-A500007897;Baterie LiFePO4 12,8V 100Ah MHPower L100-12-OUT;atos
Auto-moto;ATO-A500007898;Baterie LiFePO4 12,8V 150Ah MHPower L150-12-OUT;atos
Auto-moto;ATO-A500007899;Baterie LiFePO4 12,8V 200Ah MHPower L200-12-OUT;atos
Auto-moto;ATO-A500007975;Baterie LiFePO4 12,8V 250Ah MHPower L250-12-OUT;atos
Auto-moto;ATO-D972;Svorka 200A černá l=120mm;atos
Auto-moto;ATO-D977;Svorka 200A červená l=120mm;atos
Auto-moto;ATO-D978;Svorka 10A červená l=50mm;atos
Auto-moto;ATO-D979;Svorka 10A černá l=50mm;atos
Auto-moto;ATO-D980;Svorka 15A červená l=70mm;atos
Auto-moto;ATO-D982;Svorka 20A červená l=71mm;atos
Auto-moto;ATO-D983;Svorka 20A černá l=71mm;atos
Auto-moto;ATO-D984;Svorka 50A červená izolovaná l=88mm;atos
Auto-moto;ATO-D985;Svorka 50A černá izolovaná l=88mm;atos
Auto-moto;ATO-D992A;Svorka 400A černá l=160mm;atos
Auto-moto;ATO-D992B;Svorka 400A červená l=160mm;atos
Auto-moto;ATO-EVCH37KWBK20;Přenosná nabíječka NEDIS EVCH37KWBK20 5m /16A, 230V, Type 2, 3.6kW/;atos
Auto-moto;ATO-G529B;Dálkové ovládání Carspa RC80 k měničům napětí Carspa řady PX;atos
Auto-moto;ATO-G812A;Nabíječka baterií Carspa CTC1206 Pb, AGM, LiFePO4;atos
Auto-moto;ATO-G825;Nabíječka baterií Carspa CFG12/24-10 Pb, AGM, LiFePO4;atos
Auto-moto;ATO-G826;Nabíječka baterií Carspa CFB12/24-12 Pb, AGM, LiFePO4;atos
Auto-moto;ATO-G889J;Odpojovač baterie ZETOR 100A / 24V;atos
Auto-moto;ATO-K850;Autopojistka 3A 19x12mm;atos
Auto-moto;ATO-K852;Autopojistka 7,5A 19x12mm;atos
Auto-moto;ATO-K856;Autopojistka 25A 19x12mm;atos
Auto-moto;ATO-K857A;Autopojistka 40A 19x12mm;atos
Auto-moto;ATO-K857B;Autopojistka 50A 19x12mm;atos
Auto-moto;ATO-K878B;Autopojistka MIDI 50A;atos
Auto-moto;ATO-K878F;Autopojistka MIDI 100A;atos
Auto-moto;ATO-K878I;Autopojistka MIDI 175A;atos
Auto-moto;ATO-K878J;Autopojistka MIDI 200A;atos
Auto-moto;ATO-K884A;Autopojistka plochá pod šroubky 200A, l:80mm;atos
Auto-moto;ATO-K886;Autopojistka 5A mini-11x9mm;atos
Auto-moto;ATO-K887;Autopojistka 7,5A mini-11x9mm;atos
Auto-moto;ATO-K889;Autopojistka 15A mini-11x9mm;atos
Auto-moto;ATO-K890;Autopojistka 20A mini-11x9mm;atos
Auto-moto;ATO-K891;Autopojistka 25A mini-11x9mm;atos
Auto-moto;ATO-K892;Autopojistka 30A mini-11x9mm;atos
Auto-moto;ATO-K893;Autopojistka 30A maxi - 29x22mm;atos
Auto-moto;ATO-K894;Autopojistka 50A maxi - 29x22mm;atos
Auto-moto;ATO-K895;Autopojistka 80A maxi - 29x22mm;atos
Auto-moto;ATO-K898;Autopojistka 60A maxi - 29x22mm;atos
Auto-moto;ATO-K900A;Autopojistka trubičková 26mm 5A;atos
Auto-moto;ATO-K900B;Autopojistka trubičková 26mm 8A;atos
Auto-moto;ATO-K900C;Autopojistka trubičková 26mm 10A;atos
Auto-moto;ATO-K900D;Autopojistka trubičková 26mm 16A;atos
Auto-moto;ATO-K900E;Autopojistka trubičková 26mm 25A;atos
Auto-moto;ATO-L171;Vidlice 230V EURO CEE, 3kolík;atos
Auto-moto;ATO-L179;Adaptér 230V CZ na EURO CEE, 3kolík, krytí IP54;atos
Auto-moto;ATO-N576;Bužírky smršťovací barevné 1,5-10mm, sada 530ks;atos
Auto-moto;ATO-N576A;Bužírky smršťovací barevné 1-14mm, sada 328ks;atos
Auto-moto;ATO-RC-10;Nabíječka akumulátorů KONNWEI RC-10 pro Pb, AGM, GEL, LiFePO4 baterie;atos
Auto-moto;ATO-V615F;Kanystr na vodu s kohoutkem kempingový plastový, 18,5 litrů - zelený;atos
Auto-moto;ATO-V615J;Kanystr na vodu s kohoutkem kempingový plastový, 10 litrů - khaki;atos
Auto-moto;ATO-V615L;Kanystr na vodu s kohoutkem kempingový plastový, 12 litrů - zelený;atos
Auto-moto;ATO-V615M;Kanystr na vodu s kohoutkem kempingový plastový, 12 litrů - khaki;atos
Auto-moto;ATO-V615N;Kanystr na vodu s kohoutkem kempingový plastový, 12 litrů - černý;atos
Auto-moto;ATO-V615Q;Kanystr na vodu s kohoutkem a nádobou na mýdlo kempingový plastový 20 litrů;atos
Auto-moto;ATO-V615R;Kanystr na vodu s kohoutkem a nádobou na mýdlo kempingový plastový 30 litrů;atos
Auto-moto;AZCRYSTALSMALL;Wallbox A-Z CHARGER CRYSTAL Small 22kW třífázová EV nabíječka;atos
Auto-moto;BOLLARDLOCK;Parkovací zábrana AT PARK zahrazovací sloupek, 700 mm, skládací, přišroubovatelný;atos
Auto-moto;CAR121200G529;Měnič napětí Carspa PX1200-12 12V/230V 1200W;atos
Auto-moto;CAR16K24;Měnič napětí Carspa CAR1.6K 24V/230V 1600W;atos
Auto-moto;CMP-01503;Trychtýř plastový sada 4ks;atos
Auto-moto;CMP-01510;Vesta výstražná žlutá XL EN 20471:2013;atos
Auto-moto;CMP-01511;Vesta výstražná oranžová XL EN 20471:2013;atos
Auto-moto;CMP-01531;Hasicí přístroj práškový 1 kg ABC;atos
Auto-moto;CMP-06241;Nabíjecí bezdrátová podložka pro telefony Compass;atos
Auto-moto;CMP-06512;Termotaška Compass na opěrku hlavy 5l;atos
Auto-moto;CMP-07088;Chladící box kompresor SILVER DUAL 40l 230/24/12V -20°C APP;atos
Auto-moto;CMP-07116;Trafo 230/12V  10Amp;atos
Auto-moto;CMP-07139;COMPASS BOOST 07139 12/24V 10A PB/GEL/AGM/LiFePO4;atos
Auto-moto;CMP-07154;COMPASS PROFI 6/12V PB/GEL/AGM microprocesor;atos
Auto-moto;CMP-07160;COMPASS 07160 12V/4Ah;atos
Auto-moto;CMP-07162;Powerbanka Compass 07162 JUMP STARTER 8000mAh 1000A;atos
Auto-moto;CMP-07163;COMPASS 07163 Powerbanka 10000 mAh s funkcí JUMP STARTER;atos
Auto-moto;CMP-07164;COMPASS 07164 Powerbanka 20.000mAh s funkcí JUMP STARTER 2000A;atos
Auto-moto;CMP-07166;Powerbanka Compass 07166 JUMP STARTER 8.000mAh 500A + kompresor;atos
Auto-moto;CMP-07167;Powerbanka Compass 07167 JUMP STARTER 7200mAh 600A + kompresor;atos
Auto-moto;CMP-07168;Nabíječka solární 1,8W udržovací;atos
Auto-moto;CMP-07191;Kompresor COMPASS 07191 AKU TANGO 4000mAh;atos
Auto-moto;CMP-07505;Svorky 300A 2ks;atos
Auto-moto;CMP-07506;Svorky 100A 2ks;atos
Auto-moto;CMP-07507;Svorky 600A 2ks;atos
Auto-moto;CMP-08327;Nabíjecí mini LED svítilna Compass 08327 - přívěšek, 740lm se zapalovačem a řezačem pásů;atos
Auto-moto;CMP-09148;COMPASS 09148 hustilka ruční 530 x 38mm SUPER PUMP s manometrem;atos
Auto-moto;CMP-13475;Židle kempingová skládací Cattara WARM 13475 s vyhříváním;atos
Auto-moto;CMP-13480;Skříň kempingová Cattara 13480 MODICA;atos
Auto-moto;CMP-13481;Stůl kempingový skládací Cattara 13481 BLED;atos
Auto-moto;CMP-90626;SILIKON 200 ml;atos
Auto-moto;CMP-90628;KONTAKT spray 200 ml;atos
Auto-moto;CMP-91531;Hasicí koule automatická FIRE BALL;atos
Auto-moto;CMP-TO-83005;Trychtýř plastový sada 4ks;atos
Auto-moto;CMP-YT-06866;Bužírky smršťovací sada 127 ks;atos
Auto-moto;CMP-amK199;K2 Sprej na ochranu kabeláže proti hlodavcům a kunám 400 ml;atos
Auto-moto;CMP-amW140;K2 OFF-ROAD CHAIN LUBE 500 ml - mazivo na řetězy motocyklů;atos
Auto-moto;CMP-amW143;K2 ROAD DRY CHAIN LUBE 400 ml - suché mazivo na řetězy motocyklů;atos
Auto-moto;EM-ELKAOS0433778;Vodič H07V-K CYA, lanko Cu 16mm2, světle modrý;atos
Auto-moto;EM-ELKAOS0433808;Vodič H07V-K CYA, lanko Cu 35mm2, světle modrý;atos
Auto-moto;EM-ELKAOS0433810;Vodič H07V-K CYA, lanko Cu 35mm2, žlutozelený;atos
Auto-moto;EMO1440041500;LED varovný trojúhelník EMOS P4010, nabíjecí, COB LED + červená LED;atos
Auto-moto;EMO1606025000;EMOS N1014 nabíječka autobaterií 6/12V 4A;atos
Auto-moto;EMO1608000001;EMOS N1015 nabíječka autobaterií 6/12V 0,8A;atos
Auto-moto;EMO2001151092;Izolační páska PVC 15/10 barevný mix, EMOS F615992, 10ks  --CENA BLISTR-;atos
Auto-moto;FAM-13200;Vidlice 13200 IP54/230V/16A/3P 6h - SpeedPRO;atos
Auto-moto;FAM-13912;Adaptér 13912 IP54/230V/16A - domovní vidlice / CEE zásuvka;atos
Auto-moto;FAM-13922FR;Adaptér 13922FR IP54/400V/16A - vidlice CEE / zásuvka s kolíkem;atos
Auto-moto;FAM-23393;Zásuvka nástěnná Famatel 23393 IP54/400V/32A/5P 6h - SpeedPRO;atos
Auto-moto;FAM-24331;Zásuvka vestavná Famatel 24331 IP67/400V/16A/5P 6h, šikmá 10° - SpeedPRO;atos
Auto-moto;FAM-24333;Zásuvka vestavná Famatel 24333 IP67/400V/32A/5P 6h, šikmá 10° - SpeedPRO;atos
Auto-moto;FAM-24391;Zásuvka nástěnná Famatel 24391 IP67/400V/16A/5P 6h - SpeedPRO;atos
Auto-moto;FAM-24393;Zásuvka nástěnná Famatel 24393 IP67/400V/32A/5P 6h - SpeedPRO;atos
Auto-moto;FINTV19K12V;Finlux napájecí kabel 12V;atos
Auto-moto;H284274;Měnič napětí Soluowill NM3,5K-24 24V/230V 3500W;atos
Auto-moto;HAD-K841D;Pojistka ANL Mini  80A;atos
Auto-moto;HAD-L656A;Svorka na autobaterii (-);atos
Auto-moto;HAD-L658;Svorka na autobaterii (+) zlacená, kabel 0GA;atos
Auto-moto;HAD-L660;Svorka na autobaterii (+) zlacená, kabely 2GA+4GA+2x 8GA;atos
Auto-moto;HAD-L661;Svorka na autobaterii (-) zlacená, kabely 2GA+4GA+2x 8GA;atos
Auto-moto;HAD-L662;Svorka na autobaterii (+) zlacená, kabely 2x 8GA +šroubek;atos
Auto-moto;HAD-L663;Svorka na autobaterii (-) zlacená, kabely 2x 8GA +šroubek;atos
Auto-moto;HAD-N340;Vodič H07V-K CYA, lanko Cu 16mm2, červený;atos
Auto-moto;HAD-N340A;Vodič H07V-K CYA, lanko Cu 16mm2, černý;atos
Auto-moto;HAD-N340B;Vodič H07V-K CYA, lanko Cu 16mm2, žlutozelený;atos
Auto-moto;HAD-N342;Vodič H07V-K CYA, lanko Cu 35mm2, červený;atos
Auto-moto;HAD-N342A;Vodič H07V-K CYA, lanko Cu 35mm2, černý;atos
Auto-moto;HAD-N343;Vodič H07V-K CYA, lanko Cu 50mm2, červený;atos
Auto-moto;HAD-N642;Smršťovací bužírka 20,0/10,0mm černá;atos
Auto-moto;HAD-N643;Smršťovací bužírka 30,0/15,0mm černá;atos
Auto-moto;HAD-N644;Smršťovací bužírka 50/25m černá;atos
Auto-moto;HAD-N692;Smršťovací bužírka 20,0/10,0mm červená;atos
Auto-moto;HAD-V153B;Elektrická pánev do auta 20cm x 4cm 150W 12V;atos
Auto-moto;HAD-V153C;Elektrická pánev do auta 20cm x 4cm 150W 24V;atos
Auto-moto;HAD-V157H;Nákupní skládací košík termoizolační - modrý s květy;atos
Auto-moto;HAD-V157I;Nákupní skládací košík termoizolační - zelený s květy;atos
Auto-moto;HG519;Měnič napětí Soluowill NM1,6K-12 12V/230V 1600W;atos
Auto-moto;ITR-00011545;Pikniková deka Malatec 2450;atos
Auto-moto;ITR-00013800;Sprcha kempingová Trizand 8877;atos
Auto-moto;ITR-00016479;Pumpa akumulátorová Trizand 20790 pro matrace a čluny;atos
Auto-moto;ITR-00016549;Termobatoh Trizand 21070;atos
Auto-moto;ITR-00016772;Pikniková plážová deka Trizand 21209;atos
Auto-moto;ITR-00017391;Sprchový stan Trizand 23492;atos
Auto-moto;ITR-00017681;Sprcha kempingová solární Trizand 23495;atos
Auto-moto;ITR-00017723;Skládací přepravní vozík Gardlov 23084;atos
Auto-moto;ITR-00018130;Pumpa kompresor pro paddleboard Trizand 25262;atos
Auto-moto;ITR-00018208;Bezpečnostní pás na kufr se zámkem Trizand 25812;atos
Auto-moto;ITR-00018268;Termotaška Trizand 25635 30L;atos
Auto-moto;LEC-BAT0507;Baterie motocyklová 12V /  7Ah Vipow;atos
Auto-moto;LEC-BAT0509;Baterie motocyklová 12V / 25Ah Vipow;atos
Auto-moto;LEC-BAT1155;Nabíječka akumulátorů Rebel BAT1155 Pb, AGM, LiFePO4;atos
Auto-moto;LEC-BEZ4016;Sada autopojistek Peiying BEZ4016 250ks;atos
Auto-moto;LEC-KAB0711A;Auto kabel 2Ga OD12mm CU+AL 25m Cabletech KAB0711A červený;atos
Auto-moto;LEC-KAB0711B;Auto kabel 2Ga OD12mm CU+AL 25m Cabletech KAB0711B hnědý;atos
Auto-moto;LEC-KAB0715A;Auto kabel 10Ga OD5,5mm CU+AL 25m Cabletech KAB0715A červený;atos
Auto-moto;LEC-KAB0716A;Auto kabel 12Ga OD4,5mm CU+AL 25m Cabletech KAB0716A červený;atos
Auto-moto;LEC-KAB0716B;Auto kabel 12Ga OD4,5mm CU+AL 25m Cabletech KAB0716B hnědý;atos
Auto-moto;LEC-KM2020;LCD displej KRUGER & MATZ KM2020 Android Auto Apple Carplay s couvací kamerou;atos
Auto-moto;LEC-KM2021;LCD displej KRUGER & MATZ KM2021 Android Auto Apple Carplay s DVR a couvací kamerou;atos
Auto-moto;LEC-MIE0465;Multimetr UNI-T UT105+;atos
Auto-moto;LEC-NAR0441;Izolační páska samovulkanizační REBEL (0,8 mm x 19 mm x 2,5 m) černá;atos
Auto-moto;LEC-PRK0181;Odpojovač baterie 100A PRK0181;atos
Auto-moto;LEC-RB-1062;Kompresor REBEL RB-1062 akumulátorový univerzální 7,4V;atos
Auto-moto;LEC-RBA-5100;Přenosná turistická toaleta Rebel Active RBA-5100, 20 l / 12 l;atos
Auto-moto;LEC-RBA-5101;Přenosná turistická toaleta Rebel Active RBA-5101, 24 l / 20 l;atos
Auto-moto;LEC-RBA-5102;Přenosná turistická toaleta Rebel Active RBA-5102, 24 l / 20 l;atos
Auto-moto;LEC-TSA-AKC80;Vysávací příslušenství TSA-AKC80 pro TEESA TSA5018;atos
Auto-moto;LEC-TSA0164-1;Lapač hmyzu TEESA TSA0164-1;atos
Auto-moto;LEC-TSA5006.1;Chladící box Teesa TSA5006.1 35l 230/12V;atos
Auto-moto;LEC-TSA5007;Chladící box TEESA TSA5007 25L DC12/24V AC 230V -22°C;atos
Auto-moto;LEC-TSA5017;Vysavač ruční TEESA TSA5017;atos
Auto-moto;LEC-TSA5018;Vzduchový kompresor na čištění TEESA TSA5018;atos
Auto-moto;LEC-TSA6004;Chladící box TEESA TSA6004 40l, 12V/24V/230V/baterie, kola, kompresor, mražení, Bluetooth;atos
Auto-moto;LEC-TSA6005;Chladící box TEESA TSA6005 50l, 12V/24V/230V/baterie, kola, kompresor, mražení, Bluetooth;atos
Auto-moto;LEC-TSA8903-1;Pikniková deka TEESA TSA8903-1 200x200 cm šedá kostka;atos
Auto-moto;LEC-TSA8904-1;Pikniková deka TEESA TSA8904-1 200x300 cm červená kostka;atos
Auto-moto;LEC-TSA8904-2;Pikniková deka TEESA TSA8904-2 200x300 cm modrý klas;atos
Auto-moto;LP-TSA5001.1;Autochladnička TEESA TSA5001.1 25L;atos
Auto-moto;LP-TSA5004.1;Autochladnička TEESA TSA5004.1 s funkcí ohřevu, 20l;atos
Auto-moto;LP-URZ3419;KEMOT PROsolar-2500 URZ3419 1800W 30-100V měnič napětí pro solární panely;atos
Auto-moto;LP-URZ3420;Měnič napětí KEMOT PROsolar-5000 URZ3420 3500W 48V 230V pro solární panely;atos
Auto-moto;NED-ANOR5003BK700;NEDIS ANOR5003BK700 LTE700/5G DVB-T2/DAB+/FM venkovní anténa;atos
Auto-moto;NEO-VBS127010010;Bateriový odpojovač Victron Energy 275A;atos
Auto-moto;PARKLOCKBASIC;AT PARK BASIC parkovací zábrana - automatická s napájením z baterie;atos
Auto-moto;PARKLOCKFLY;Parkovací zábrana AT PARK motýl, 550 mm, skládací, přišroubovatelná;atos
Auto-moto;PARKLOCKMTYPE;Parkovací zábrana AT PARK třínohá, 400 mm, skládací, přišroubovatelná;atos
Auto-moto;PARKLOCKSOL;AT PARK SOLAR parkovací zábrana - automatická se solárním napájením;atos
Auto-moto;PARKLOCKSOLRC;AT PARK SOLAR dálkový ovladač pro parkovací zábranu;atos
Auto-moto;PARKSOLBAT;Solární lithiová baterie AT PARK (4.2 V DC / 4.000 mAh);atos
Auto-moto;PEN-523503;Baterie LiFePO4 12,8V 250Ah MHPower MS250-12(L) LC5-M8;atos
Auto-moto;PEN-52350300;Baterie LiFePO4 12,8V 150Ah MHPower MS150-12(L) LC5-M8;atos
Auto-moto;PEN-52350301;Baterie LiFePO4 12,8V 100Ah MHPower MS100-12(L) LC4-M8;atos
Auto-moto;PEN-52900909;Dálkové ovládání Carspa RC60 k měničům napětí Carspa;atos
Auto-moto;PEN-52901019;Měnič napětí Carspa SK3000 12V/230V 3000W;atos
Auto-moto;PEN-52901026;Měnič napětí Carspa SUT1224-5A;atos
Auto-moto;PEN-52901071;Měnič napětí Carspa SK2000 24V/230V 2000W;atos
Auto-moto;PEN-52901074;Měnič napětí Carspa P1500-24 24V/230V 1500W;atos
Auto-moto;PL-ANT07;Anténa MISTRAL MI-ANT07 bílá pro karavany;atos
Auto-moto;PL-ANT07BL;Anténa MISTRAL MI-ANT07 černá pro karavany;atos
Auto-moto;PL-MISTRAL;Anténa MISTRAL MI-ANT04 bílá pro karavany;atos
Auto-moto;PL-MISTRAL100;Anténa MISTRAL MI-ANT100 pendrek pro karavany;atos
Auto-moto;PRO-44-224#;Napájecí kabel do autozapalovače 12V 2m pro chladící boxy BLOW;atos
Auto-moto;PRO-44-226#;Napájecí kabel do autozapalovače 12V 4m pro chladící boxy TEESA, BLOW;atos
Auto-moto;PRO-4455;BLOW 230V/110V 3000W Měnič napětí;atos
Auto-moto;STO-553040;Dálkový ovladač IN PARCO pro automatickou zábranu;atos
Auto-moto;TIP-03360251;Autoadaptér SENCOR  Opticum, Kruger 12V k LCD TV do karavanu;atos
Auto-moto;TIP-04210155;BLOW 230V/110V  300W Měnič napětí;atos
Auto-moto;TIP-04210180;KEMOT URZ3423 230V/115V 1600W Měnič napětí;atos
Auto-moto;TIP-04210181;KEMOT URZ3422 230V/115V  800W Měnič napětí;atos
Auto-moto;TIP-04210182;KEMOT URZ3421 230V/115V  400W Měnič napětí;atos
Auto-moto;TIP-04230440;Měnič napětí Carspa CAR2K 12V/230V 2000W;atos
Auto-moto;TIP-04230442;Měnič napětí CARSPA 24V/12V 20A;atos
Auto-moto;TIP-04230443;Měnič napětí Carspa CAR300U 12V/230V 300W;atos
Auto-moto;TIP-04230462;Měnič napětí Carspa UPS1000 12V/230V 1000W UPS;atos
Auto-moto;TIP-04230464;Měnič napětí Soluowill NM3,5K-12 12V/230V 3500W;atos
Auto-moto;TIP-04230469;Měnič napětí Geti GPI 1012 12V/230V 1000W USB;atos
Auto-moto;TIP-04230473;Měnič napětí Carspa CAR3K 24V/230V 3000W USB;atos
Auto-moto;TIP-04240171;CARSPA ENC1220;atos
Auto-moto;TIP-04240172;CARSPA ENC2410;atos
Auto-moto;TIP-04240179;COMPASS 6/12V 1A s mikroprocesorem;atos
Auto-moto;TIP-04240202;COMPASS 12V 4A PB/GEL/AGM/LiFePO4 max. 120Ah mikroprocesor;atos
Auto-moto;TIP-04240203;COMPASS 6/12V 3,8A PB/GEL LCD display mikroprocesor;atos
Auto-moto;TIP-04240205;COMPASS STARTER 6/12V 2/10/55A  07156;atos
Auto-moto;TIP-04240211;COMPASS METALLIC 6/12V 8A TÜV/GS;atos
Auto-moto;TIP-04240212;COMPASS 6/12V 6A;atos
Auto-moto;TIP-04240213;COMPASS 6/12V 8 A;atos
Auto-moto;TIP-04240566;Nabíječka chytrá Victron Energy BlueSmart 12V/15A + DC konektor, Bluetooth, IP65;atos
Auto-moto;TIP-04240613;Wallbox Grohm GW11CSL 11kW 3f Typ 2 Smart kab. 5m;atos
Auto-moto;TIP-04240621;Nabíječka akumulátorů GETI GCA001 12V 6A;atos
Auto-moto;TIP-04240639;Nabíječka akumulátorů GETI GCA002;atos
Auto-moto;TIP-04240640;Nabíječka akumulátorů GETI GCA003;atos
Auto-moto;TIP-04240651;Wallbox Grohm GW22CSL 22kW 3f Type 2 Smart kab. 5m;atos
Auto-moto;TIP-04240652;Wallbox Grohm GW11CL 11kW 3f Type 2 Easy kab. 5m;atos
Auto-moto;TIP-04240653;Skříň nástěnná kovová GROHM GZ02M pro wallbox Grohm;atos
Auto-moto;TIP-04240669;Nabíječka akumulátorů GETI GCA004;atos
Auto-moto;TIP-04250118;Baterie motocyklová  12V /  9Ah Vipow;atos
Auto-moto;TIP-04250119;Baterie motocyklová  12V / 14Ah Vipow;atos
Auto-moto;TIP-04250121;Baterie motocyklová  12V /  4Ah Vipow;atos
Auto-moto;TIP-04250122;Baterie motocyklová  12V /  5Ah Vipow;atos
Auto-moto;TIP-04290201;Bateriový odpojovač GETI GF-S02 čtyřpolohový 12-48V / 200A;atos
Auto-moto;TIP-06423376;Přípravek do chemických toalet STACHEMA QUALICAR NEW 1L;atos
Auto-moto;TIP-06423377;Přípravek do chemických toalet STACHEMA QUALICAR NEW 5L;atos
Auto-moto;TIP-06429314;BROS Zelená Síla 90ml Sprej proti komárům a klíšťatům;atos
Auto-moto;TIP-06442515;Přenosná nabíječka IMMAX EV/PHEV AC 5m /32A, 400V, CEE 5pin - Type 2, 22kW/;atos
Auto-moto;TIP-06444254;Přenosná nabíječka GROHM 6m /16A, 230V, Type 2, 3.6kW/;atos
Auto-moto;TIP-07750012;Zkoušečka šroubovák 6-24V;atos
Auto-moto;TIP-08854105;Odpuzovač Deramax Auto - ultrazvukový plašič kun a hlodavců;atos
Auto-moto;TOC-G02586;Stahovák kulových čepů, 21mm GEKO;atos
Auto-moto;TOC-QS11219;Univerzální stahovák na náboje a bubny QUATROS;atos
Auto-moto;TOC-QS80160;Stahovák pro montáž a demontáž ložisek kol (náboje), 90 mm, Audi QUATROS;atos
Auto-moto;TOC-QS84535;Univerzální stahovák ozubených a rozvodových kol vačkových hřídelí QUATROS;atos
Auto-moto;TOC-SX1139;Ruční čerpadlo na palivo MECHANIC MANUAL PUMP ONE, 10 mm SIXTOL;atos
Auto-moto;TOC-SX1140;Ruční čerpadlo na palivo MECHANIC MANUAL PUMP ONE, 12 mm SIXTOL;atos
Auto-moto;TOC-SX1141;Ruční čerpadlo na palivo MECHANIC MANUAL PUMP SET 8, 8 mm + 2x 1m hadice SIXTOL;atos
Auto-moto;TOC-SX1142;Ruční čerpadlo na palivo MECHANIC MANUAL PUMP SET 10, 10 mm + 2x 1m hadice SIXTOL;atos
Auto-moto;TOC-SX1143;Ruční čerpadlo na palivo MECHANIC MANUAL PUMP SET 12, 12 mm + 2x 1m hadice SIXTOL;atos
Auto-moto;TOC-SX1150;"Stahovák ložisek 3-ramenný MECHANIC TRIPLE PULLER 75, 3""/75mm SIXTOL";atos
Auto-moto;TOC-SX1151;"Stahovák ložisek 3-ramenný MECHANIC TRIPLE PULLER 100, 4""/100mm SIXTOL";atos
Auto-moto;TOC-SX1152;"Stahovák ložisek 3-ramenný MECHANIC TRIPLE PULLER 150, 6""/150mm SIXTOL";atos
Auto-moto;TOC-SX1153;"Stahovák ložisek 3-ramenný MECHANIC TRIPLE PULLER 200, 8""/200mm SIXTOL";atos
Auto-moto;TOC-SX1166;Univerzální sada stahováků s rázovým kluzkým kladivem MECHANIC PULLER SET 16 SIXTOL;atos
Auto-moto;TOC-SX1167;Sada 3-ramenných stahováků s rázovým kluzkým kladivem na ložiska MECHANIC PULLER SET 5 SIXTOL;atos
Auto-moto;TOC-SX1169;Stahovák kulových čepů MECHANIC BALL JOINT 1, 21mm SIXTOL;atos
Auto-moto;TOC-SX1173;Sada pro demontáž ložisek MECHANIC BEARING PULLER 12, 12ks SIXTOL;atos
Auto-moto;TOC-SX1176;Sada stahováků kulových čepů a řídících tyčí MECHANIC PULLER SET 6, 6ks SIXTOL;atos
Auto-moto;TOC-SX1177;Stahovák pružin MECHANIC SPRING SET 3, heavy-duty, 280mm, 2ks SIXTOL;atos
Auto-moto;TOC-SX1183;Stahovák pružin se závlačkou MECHANIC SPRING SET 4, heavy-duty, 380mm, 2ks SIXTOL;atos
Auto-moto;TOC-SX1255;Stahovák na ramínka stěračů MECHANIC WIPER PULLER 1 SIXTOL;atos
Auto-moto;TOC-SX1550;"Sada vyměnitelných stranových klíčů MECHANIC WRENCH SET 5, 1/2"", 14 ks SIXTOL";atos
Auto-moto;TOC-SX1559;Sada torx bitů v kovovém pouzdře MECHANIC TORX SET 1, 40 ks SIXTOL;atos
Auto-moto;TOC-SX1572;Sada těsnicích kroužků z NBR a oceli MECHANIC RING SET 3, M6–M24, 180 ks SIXTOL;atos
Auto-moto;TOC-SX3001;Refraktometr na měření provozních kapalin automobilu, SIXTOL;atos
Auto-moto;TOC-SX3004;Refraktometr pro měření pivní mladiny / pivovarský cukroměr AT 32 SIXTOL;atos
Auto-moto;TOC-SX3213;Svítilna do auta SIXTOL SX3213 CAR LAMP SAFETY bezpečnostní s magnetem;atos
Auto-moto > Bezpečnostné a núdzové vybavenie;CMP-01900;Alkohol tester SILVER Compass 01900, digitální;atos
Auto-moto > Bezpečnostné a núdzové vybavenie;CMP-33397;Compass 33397 LCD display se stojánkem pro parkovací kameru;atos
Auto-moto > Bezpečnostné a núdzové vybavenie;CMP-33398;Compass 33398 LCD display/zrcátko na zpětné zrcátko pro parkovací kameru;atos
Auto-moto > Bezpečnostné a núdzové vybavenie;CMP-33593;Parkovací kamera Compass 33593 ANGLE;atos
Auto-moto > Bezpečnostné a núdzové vybavenie;CMP-33600;Parkovací asistent 4 senzory, zvuková signalizace COMPASS;atos
Auto-moto > Bezpečnostné a núdzové vybavenie;CMP-33601;Parkovací asistent Compass 33601;atos
Auto-moto > Bezpečnostné a núdzové vybavenie;CMP-33602;Parkovací asistent Compass 33602;atos
Auto-moto > Bezpečnostné a núdzové vybavenie;CMP-33603;Parkovací asistent Compass 33603;atos
Auto-moto > Bezpečnostné a núdzové vybavenie;CMP-33604;Parkovací asistent Compass 33604;atos
Auto-moto > Bezpečnostné a núdzové vybavenie;CMP-cz11490;Autosedačka podsedák 100-150cm CARS R129;atos
Auto-moto > Bezpečnostné a núdzové vybavenie;CMP-cz11493;Autosedačka podsedák 100-150cm FROZEN R129;atos
Auto-moto > Bezpečnostné a núdzové vybavenie;CMP-cz11498;Autosedačka podsedák 100-150cm SPIDERMAN R129;atos
Auto-moto > Bezpečnostné a núdzové vybavenie;CMP-cz11513;Autosedačka podsedák (II,III) 15-36kg TATAWAY šedá R129;atos
Auto-moto > Bezpečnostné a núdzové vybavenie;CMP-sv34047;Autosedačka podsedák 125-150cm PAW PATROL GIRL R129;atos
Auto-moto > Bezpečnostné a núdzové vybavenie;CMP-sv59284;Autosedačka podsedák 125-150cm CARS R129;atos
Auto-moto > Bezpečnostné a núdzové vybavenie;CMP-sv59290;Autosedačka podsedák 125-150cm FROZEN R129;atos
Auto-moto > Bezpečnostné a núdzové vybavenie;CMP-sv59480;Autosedačka podsedák ISOFIX 125-150cm FROZEN R129;atos
Auto-moto > Bezpečnostné a núdzové vybavenie;CMP-sv59481;Autosedačka podsedák ISOFIX 125-150cm SPIDERMAN R129;atos
Auto-moto > Bezpečnostné a núdzové vybavenie;CMP-sv59483;Autosedačka podsedák ISOFIX 125-150cm STITCH R129;atos
Auto-moto > Bezpečnostné a núdzové vybavenie;CMP-sv59568;Autosedačka podsedák 125-150cm STITCH R129;atos
Auto-moto > Bezpečnostné a núdzové vybavenie;CMP-sv59569;Autosedačka podsedák 125-150cm SPIDERMAN R129;atos
Auto-moto > Bezpečnostné a núdzové vybavenie;LEC-KM2020;LCD displej KRUGER & MATZ KM2020 Android Auto Apple Carplay s couvací kamerou;atos
Auto-moto > Bezpečnostné a núdzové vybavenie;LEC-KM2021;LCD displej KRUGER & MATZ KM2021 Android Auto Apple Carplay s DVR a couvací kamerou;atos
Auto-moto > Bezpečnostné a núdzové vybavenie;LEC-PY0109;"Peiying PY0109 5"" monitor do auta";atos
Auto-moto > Bezpečnostné a núdzové vybavenie;LP-PY0104B;Senzory parkovací PEIYING PY0104B černé;atos
Auto-moto > Bezpečnostné a núdzové vybavenie;LP-PY0104S;Senzory parkovací PEIYING PY0104S stříbrné;atos
Auto-moto > Elektronika do auta;100001090716;Lamax T10 4K GPS (s hlášením radarů);kb
Auto-moto > Elektronika do auta;100001392601;Niceboy PILOT Q2 WiFi;kb
Auto-moto > Elektronika do auta;100001730503;Navitel MR450;kb
Auto-moto > Elektronika do auta;100001950962;Navitel R900 4K;kb
Auto-moto > Elektronika do auta;100002065187;Navitel R480 2K;kb
Auto-moto > Elektronika do auta;100002073333;Navitel R385 GPS;kb
Auto-moto > Elektronika do auta;100002092634;Lamax C11 GPS 4K;kb
Auto-moto > Elektronika do auta;100002092636;Lamax C11 GPS 4K zadní kamera;kb
Auto-moto > Elektronika do auta;100002104895;Navitel MR750 SMART;kb
Auto-moto > Elektronika do auta;100002104899;Navitel R285 2K;kb
Auto-moto > Elektronika do auta;100002120940;Lamax F10 GPS 4K;kb
Auto-moto > Elektronika do auta;100002141129;Mio MiVue J20 WIFI;kb
Auto-moto > Elektronika do auta;100002141130;Mio MiVue J35 2.5K GPS WIFI;kb
Auto-moto > Elektronika do auta;100002141133;Mio MiSentry 12 4G LTE;kb
Auto-moto > Elektronika do auta;100002141800;LAMAX T8;kb
Auto-moto > Elektronika do auta;100002171247;Lamax S8 Dual;kb
Auto-moto > Garáž, Dielňa, Servis;ABT-A500007236;Hasicí sprej SAFE 750 MAX;atos
Auto-moto > Garáž, Dielňa, Servis;ABT-A500007237;SET Hasicí sprej SAFE 750 MAX + držák SAFE75F;atos
Auto-moto > Garáž, Dielňa, Servis;CMP-01531;Hasicí přístroj práškový 1 kg ABC;atos
Auto-moto > Garáž, Dielňa, Servis;CMP-91501;Nálevka ke kanystru;atos
Auto-moto > Garáž, Dielňa, Servis;CMP-91502;Víčko ke kanystru;atos
Auto-moto > Garáž, Dielňa, Servis;CMP-91503;Kanystr plastový Compass 5l;atos
Auto-moto > Garáž, Dielňa, Servis;CMP-91504;Kanystr plastový 10l;atos
Auto-moto > Garáž, Dielňa, Servis;CMP-91505;Kanystr plastový 20l;atos
Auto-moto > Garáž, Dielňa, Servis;CMP-91509;Nálevka ke kovovému kanystru;atos
Auto-moto > Garáž, Dielňa, Servis;CMP-91531;Hasicí koule automatická FIRE BALL;atos
Auto-moto > Garáž, Dielňa, Servis;TOC-07248;Čerpadlo na odsávání oleje a nafty 12V COMPASS;atos
Auto-moto > Garáž, Dielňa, Servis;TOC-SX1139;Ruční čerpadlo na palivo MECHANIC MANUAL PUMP ONE, 10 mm SIXTOL;atos
Auto-moto > Garáž, Dielňa, Servis;TOC-SX1140;Ruční čerpadlo na palivo MECHANIC MANUAL PUMP ONE, 12 mm SIXTOL;atos
Auto-moto > Garáž, Dielňa, Servis;TOC-SX1141;Ruční čerpadlo na palivo MECHANIC MANUAL PUMP SET 8, 8 mm + 2x 1m hadice SIXTOL;atos
Auto-moto > Garáž, Dielňa, Servis;TOC-SX1142;Ruční čerpadlo na palivo MECHANIC MANUAL PUMP SET 10, 10 mm + 2x 1m hadice SIXTOL;atos
Auto-moto > Garáž, Dielňa, Servis;TOC-SX1143;Ruční čerpadlo na palivo MECHANIC MANUAL PUMP SET 12, 12 mm + 2x 1m hadice SIXTOL;atos
Auto-moto > Príslušenstvo do auta;ABT-A500000232;Měnič napětí Carspa PID400-12 12V/230V 400W;atos
Auto-moto > Príslušenstvo do auta;ABT-A500004105;Měnič napětí EPever IPower IP3000-12-Plus-T 3000W 12V, čistá sinusovka, SPWM;atos
Auto-moto > Príslušenstvo do auta;ABT-A500004401;Měnič napětí EPever IPower IP1000-22-Plus-T 1000W 24V;atos
Auto-moto > Príslušenstvo do auta;ATO-G529B;Dálkové ovládání Carspa RC80 k měničům napětí Carspa řady PX;atos
Auto-moto > Príslušenstvo do auta;ATO-G803D;Autoadaptér HDX G803D USB 12V / 5V s voltmetrem;atos
Auto-moto > Príslušenstvo do auta;ATO-K516A;Žárovka LED BaY15D 10-30V/8W bílá, 33x SMD5730;atos
Auto-moto > Príslušenstvo do auta;ATO-K549;Žárovka LED Ba7S 12V/1,5W bílá, 5xSMD5050;atos
Auto-moto > Príslušenstvo do auta;ATO-K550;Žárovka LED Ba15S 12V /11W, bílá,CANBUS, 2xSMD3570;atos
Auto-moto > Príslušenstvo do auta;ATO-K560A;Žárovka LED T10 12V/0,3W bílá bodová;atos
Auto-moto > Príslušenstvo do auta;ATO-K562B;Žárovka LED T10 12-24V/1,5W bílá, 2xSMD3030;atos
Auto-moto > Príslušenstvo do auta;ATO-K568A;Žárovka LED Ba9S 12V/4W bílá, 10xSMD5630;atos
Auto-moto > Príslušenstvo do auta;ATO-K569;Žárovka LED-Ba9S 12V/3W bílá, 6xSMD5630 s čočkou;atos
Auto-moto > Príslušenstvo do auta;ATO-K569A;Žárovka LED-Ba9S 12-24V/3W bílá, 6xSMD5630 s čočkou;atos
Auto-moto > Príslušenstvo do auta;ATO-K572A;Žárovka LED T10 12-24V/9W bílá, 16x SMD3030;atos
Auto-moto > Príslušenstvo do auta;ATO-K572B;Žárovka LED T15 12V/11W bílá, 2x SMD3570;atos
Auto-moto > Príslušenstvo do auta;ATO-K574A;Žárovka LED Ba15S 12V/3W bílá, 18xLED5730;atos
Auto-moto > Príslušenstvo do auta;ATO-K579;Žárovka LED Ba15S 12V/8W bílá, 24xSMD2835;atos
Auto-moto > Príslušenstvo do auta;ATO-K579A;Žárovka LED Ba15S 12V/8W červená, 24xSMD2835;atos
Auto-moto > Príslušenstvo do auta;ATO-K585;Žárovka LED BaU15S (blinkry) 12V/13W oranžová, 24xSMD2835;atos
Auto-moto > Príslušenstvo do auta;ATO-K588A;Žárovka LED SV8,5-8 sufit, 12-24V/2W, bílá,CANBUS, délka 41mm;atos
Auto-moto > Príslušenstvo do auta;ATO-K592C;Žárovka LED SV8,5-8 sufit, 12V/1,6W, 8xLED2835, bílá, délka 41mm;atos
Auto-moto > Príslušenstvo do auta;ATO-K596;Žárovka LED PW24W 12-24V/4W bílá, 8x SMD5630 + 3W;atos
Auto-moto > Príslušenstvo do auta;ATO-K596A;Žárovka LED PW24W 12-24V/16W bílá, 16xSMD3030;atos
Auto-moto > Príslušenstvo do auta;ATO-K598;Žárovka LED W2,5x16d (T25-3156) 12-24V/ 5W bílá, 33x SMD5730;atos
Auto-moto > Príslušenstvo do auta;ATO-K598A;Žárovka LED W2,5x16q (T25-3157) 12-24V/ 5W bílá, 33x SMD5730;atos
Auto-moto > Príslušenstvo do auta;ATO-K598B;Žárovka LED W2,5x16d (T25-3156) 12V/ 5W bílá, 27x SMD5730;atos
Auto-moto > Príslušenstvo do auta;ATO-K598C;Žárovka LED W2,5x16q (T25-3157) 12V/ 5W bílá, 27x SMD5730;atos
Auto-moto > Príslušenstvo do auta;ATO-K601;Eliminátor chybových hlášení H1+H3 /Dekodér chyb/;atos
Auto-moto > Príslušenstvo do auta;ATO-K601C;Eliminátor chybových hlášení HB3 (9005), HB4 (9006) /Dekodér chyb/;atos
Auto-moto > Príslušenstvo do auta;ATO-K601D;Eliminátor chybových hlášení H4 /Dekodér chyb/;atos
Auto-moto > Príslušenstvo do auta;ATO-K601E;Eliminátor chybových hlášení Ba15S (1156) /Dekodér chyb/;atos
Auto-moto > Príslušenstvo do auta;ATO-K601F;Eliminátor chybových hlášení BaU15S /Dekodér chyb/;atos
Auto-moto > Príslušenstvo do auta;ATO-K601G;Eliminátor chybových hlášení T20-7440 /Dekodér chyb/;atos
Auto-moto > Príslušenstvo do auta;ATO-K601H;Eliminátor chybových hlášení T20-7443 /Dekodér chyb/;atos
Auto-moto > Príslušenstvo do auta;ATO-K601I;Eliminátor chybových hlášení T10 /Dekodér chyb/;atos
Auto-moto > Príslušenstvo do auta;ATO-K667A;Žárovka LED SV8,5-8 sufit 39mm 12V/24W bílá;atos
Auto-moto > Príslušenstvo do auta;ATO-K670B;Žárovka LED SV8,5-8 sufit 31mm 12-24V/1,5W bílá, 4xSMD3030;atos
Auto-moto > Príslušenstvo do auta;ATO-K693;Žárovka LED H1 12V /3W bílá, 13xSMD5050;atos
Auto-moto > Príslušenstvo do auta;ATO-K693B;Žárovka LED H1 12-24V/5W, bílá, 5x LED CREE;atos
Auto-moto > Príslušenstvo do auta;ATO-K693C;Žárovka LED H1 12-24V/7,5W, bílá, 5x LED COB;atos
Auto-moto > Príslušenstvo do auta;ATO-KM0018;Autoadaptér KRUGER & MATZ KM0018 2x USB;atos
Auto-moto > Príslušenstvo do auta;ATO-KM0870;Autoadaptér KRUGER & MATZ KM0870;atos
Auto-moto > Príslušenstvo do auta;ATO-KM0872;Autoadaptér KRUGER & MATZ KM0872, 1x USB-C, 1x Qualcomm 3A;atos
Auto-moto > Príslušenstvo do auta;ATO-KM1370;Držák telefonu do auta KRUGER & MATZ KM1370;atos
Auto-moto > Príslušenstvo do auta;ATO-KM1372;Držák telefonu do auta KRUGER & MATZ KM1372;atos
Auto-moto > Príslušenstvo do auta;CAR121200G529;Měnič napětí Carspa PX1200-12 12V/230V 1200W;atos
Auto-moto > Príslušenstvo do auta;CAR16K24;Měnič napětí Carspa CAR1.6K 24V/230V 1600W;atos
Auto-moto > Príslušenstvo do auta;CMP-06241;Nabíjecí bezdrátová podložka pro telefony Compass;atos
Auto-moto > Príslušenstvo do auta;CMP-06254;Držák telefonu na opěrku 2in1;atos
Auto-moto > Príslušenstvo do auta;CMP-06262;Držák telefonu do zásuvky SPRING 20cm 2xUSB;atos
Auto-moto > Príslušenstvo do auta;CMP-06263;Držák telefonu magnetický do mřížky ROUND;atos
Auto-moto > Príslušenstvo do auta;CMP-06264;Držák telefonu magnetický do mřížky TRIANGLE;atos
Auto-moto > Príslušenstvo do auta;CMP-06301;Držák telefonu LUKE-X bezdrátové nabíjení 10W silver;atos
Auto-moto > Príslušenstvo do auta;CMP-06307;Držák telefonu LUKE-A dark grey;atos
Auto-moto > Príslušenstvo do auta;CMP-06308;Držák telefonu LUKE-A chrome;atos
Auto-moto > Príslušenstvo do auta;CMP-06309;Držák telefonu LUKE-A blue;atos
Auto-moto > Príslušenstvo do auta;CMP-06310;Držák telefonu LUKE-A red;atos
Auto-moto > Príslušenstvo do auta;CMP-06321;Patka Z05 k držáku telefonu řady LUKE;atos
Auto-moto > Príslušenstvo do auta;CMP-06322;Patka Z06 k držáku telefonu řady LUKE;atos
Auto-moto > Príslušenstvo do auta;CMP-06323;Patka Z10 k držáku telefonu řady LUKE;atos
Auto-moto > Príslušenstvo do auta;CMP-06324;Patka Z04 k držáku telefonu řady LUKE;atos
Auto-moto > Príslušenstvo do auta;CMP-06325;Patka Z13 k držáku telefonu řady LUKE;atos
Auto-moto > Príslušenstvo do auta;CMP-07116;Trafo 230/12V  10Amp;atos
Auto-moto > Príslušenstvo do auta;CMP-07392;Auto zásuvka Compass 07392 2x USB 2,1A panelová;atos
Auto-moto > Príslušenstvo do auta;CMP-07393;Auto zásuvka Compass 07393 12/24V s krytem;atos
Auto-moto > Príslušenstvo do auta;CMP-07394;Auto zásuvka Compass 07394 12/24V s krytem dvojitá;atos
Auto-moto > Príslušenstvo do auta;CMP-07400;Auto zásuvka Compass 07400 12/24V vestavná kovová;atos
Auto-moto > Príslušenstvo do auta;CMP-07402;Zapalovač Compass 07402 12V do auta s osvitem EURO;atos
Auto-moto > Príslušenstvo do auta;CMP-07406;Auto zástrčka Compass 07406  2xUSB 12-24V 5V/2100mA do autozapalovače;atos
Auto-moto > Príslušenstvo do auta;CMP-07407;Auto zástrčka Compass 07407 3xUSB 12-24V 5V/3100mA;atos
Auto-moto > Príslušenstvo do auta;CMP-07409;Konektor do auto zapalovače Compass 07409 12V / 24V s pojistkou;atos
Auto-moto > Príslušenstvo do auta;CMP-07414;Adaptér autobaterie Compass 07414 - zásuvka 12/24V;atos
Auto-moto > Príslušenstvo do auta;CMP-07415;Rozdvojka Compass 07415 12/24V s kabelem volná do autozapalovače;atos
Auto-moto > Príslušenstvo do auta;CMP-07416;Roztrojka Compass 07416 12/24V + USB 1000mA do autozapalovače;atos
Auto-moto > Príslušenstvo do auta;CMP-07418;Rozdvojka Compass 07418 12/24V s kabelem do autozapalovače;atos
Auto-moto > Príslušenstvo do auta;CMP-07422;Rozdvojka Compass 07422 12/24V + 2x USB 2100mA do autozapalovače;atos
Auto-moto > Príslušenstvo do auta;CMP-07425;Prodlužovací kabel COMPASS 07425 12/24V 5A 3m do autozapalovače;atos
Auto-moto > Príslušenstvo do auta;CMP-07426;Prodlužovací kabel COMPASS 07426 12/24V 10A 5m do autozapalovače;atos
Auto-moto > Príslušenstvo do auta;CMP-07427;Auto zástrčka Compass 07427  nabíječka MULTI - USB, voltmetr, teploměr, 12/24V;atos
Auto-moto > Príslušenstvo do auta;CMP-07440;Redukce Compass 07440 zásuvky tažného zařízení 13-7 pólů;atos
Auto-moto > Príslušenstvo do auta;CMP-07441;Redukce Compass 07441 do zásuvky tažného zařízení 7-13 pólů;atos
Auto-moto > Príslušenstvo do auta;CMP-07445;Zásuvka tažného zařízení Compass 07445 13 pólů s těsněním;atos
Auto-moto > Príslušenstvo do auta;CMP-07446;Zástrčka tažného zařízení Compass 07446  13 pólů;atos
Auto-moto > Príslušenstvo do auta;CMP-07449;Zásuvka tažného zařízení Compass 07449 7 pólů s těsněním;atos
Auto-moto > Príslušenstvo do auta;CMP-07450;Zástrčka tažného zařízení Compass 07450  7 pólů;atos
Auto-moto > Príslušenstvo do auta;CMP-07451;Zásuvka tažného zařízení Compass 07451 7 pólů ALU s těsněním;atos
Auto-moto > Príslušenstvo do auta;CMP-07452;Zástrčka tažného zařízení Compass 07452 7 pólů ALU;atos
Auto-moto > Príslušenstvo do auta;CMP-07456;Kabel redukční Compass 07456 0,6m 13pólů zástrčka - 7pólů zásuvka k tažnému zařízení;atos
Auto-moto > Príslušenstvo do auta;CMP-07457;Kabel redukční Compass 07457 0,6m 7pólů zástrčka  - 13pólů zásuvka k tažnému zařízení;atos
Auto-moto > Príslušenstvo do auta;CMP-07683;Nabíječka telefonu Compass 07683 USB 3in1 (micro USB, iPhone, USB C) do autozapalovače;atos
Auto-moto > Príslušenstvo do auta;CMP-07705;Nabíjecí USB kabel 3in1 (micro USB, iPhone, USB C);atos
Auto-moto > Príslušenstvo do auta;CMP-08402;Žárovka 12V  H7  55W PX26d box;atos
Auto-moto > Príslušenstvo do auta;CMP-08404;Žárovka 12V  H1  55W P14,5s box;atos
Auto-moto > Príslušenstvo do auta;CMP-08408;Žárovka 12V  H3  55W Pk22s box;atos
Auto-moto > Príslušenstvo do auta;CMP-08412;Žárovka 12V  H4  60/55W P43t box;atos
Auto-moto > Príslušenstvo do auta;CMP-08413;Žárovka 12V  HB3  60W P20d box;atos
Auto-moto > Príslušenstvo do auta;CMP-08414;Žárovka 12V  HB4  51W P22d box;atos
Auto-moto > Príslušenstvo do auta;CMP-08416;Žárovka 12V  H6  6W BaX9s box;atos
Auto-moto > Príslušenstvo do auta;CMP-08417;Žárovka 12V  H11 55W PGJ19-2 box;atos
Auto-moto > Príslušenstvo do auta;CMP-08420;Žárovka 12V  H7  55W PX26d box FLASH +30%;atos
Auto-moto > Príslušenstvo do auta;CMP-08423;Žárovka 12V  H4  60/55W P43t box FLASH +30%;atos
Auto-moto > Príslušenstvo do auta;CMP-08424;Žárovka 12V  H1  55W P14,5s blister 2ks;atos
Auto-moto > Príslušenstvo do auta;CMP-08425;Žárovka 12V  H3  55W Pk22s blister 2ks;atos
Auto-moto > Príslušenstvo do auta;CMP-08426;Žárovka 12V  H7  55W PX26d blister 2ks;atos
Auto-moto > Príslušenstvo do auta;CMP-08427;Žárovka 12V  H4  60/55W P43t blister 2ks;atos
Auto-moto > Príslušenstvo do auta;CMP-08431;Žárovka 12V  R10W  10W Ba15s box;atos
Auto-moto > Príslušenstvo do auta;CMP-08433;Žárovka 12V  C10W  10W sufit box;atos
Auto-moto > Príslušenstvo do auta;CMP-08435;Žárovka 12V  10W T13 celosklo box;atos
Auto-moto > Príslušenstvo do auta;CMP-08437;Žárovka 12V  W1,2W  1,2W T5 celosklo box;atos
Auto-moto > Príslušenstvo do auta;CMP-08438;Žárovka 12V  1,2W B8,5d box;atos
Auto-moto > Príslušenstvo do auta;CMP-08439;Žárovka 12V  T2W  2W Ba9s box;atos
Auto-moto > Príslušenstvo do auta;CMP-08441;Žárovka 12V  P21/5W  21/5W BaY15d box;atos
Auto-moto > Príslušenstvo do auta;CMP-08443;Žárovka 12V  P21W  21W Ba15s box;atos
Auto-moto > Príslušenstvo do auta;CMP-08444;Žárovka 12V  P21W  21W Ba15s BLUE box;atos
Auto-moto > Príslušenstvo do auta;CMP-08445;Žárovka 12V  PY21W  21W BaU15s ORANGE box;atos
Auto-moto > Príslušenstvo do auta;CMP-08447;Žárovka 12V  W21W  21W T15 celosklo box;atos
Auto-moto > Príslušenstvo do auta;CMP-08449;Žárovka 12V  T4W  4W Ba9s box;atos
Auto-moto > Príslušenstvo do auta;CMP-08451;Žárovka 12V  R5W  5W Ba15s box;atos
Auto-moto > Príslušenstvo do auta;CMP-08453;Žárovka 12V  C5W  5W sufit box;atos
Auto-moto > Príslušenstvo do auta;CMP-08455;Žárovka 12V  W5W  5W T10 celosklo box;atos
Auto-moto > Príslušenstvo do auta;CMP-08456;Žárovka 12V  W5W  5W T10 celosklo BLUE box;atos
Auto-moto > Príslušenstvo do auta;CMP-08457;Žárovka 12V  WY5W  5W T10 celosklo ORANGE box;atos
Auto-moto > Príslušenstvo do auta;CMP-08459;Žárovka 12V  P21/4W  21/4W BaZ15d box;atos
Auto-moto > Príslušenstvo do auta;CMP-08460;Žárovka 12V  W2,3W  2,3W celosklo box;atos
Auto-moto > Príslušenstvo do auta;CMP-08462;Žárovka 24V  H7  70W PX26d box;atos
Auto-moto > Príslušenstvo do auta;CMP-08463;Žárovka 24V  H1  70W P14,5s box;atos
Auto-moto > Príslušenstvo do auta;CMP-08465;Žárovka 24V  H4  75/70W P43t box;atos
Auto-moto > Príslušenstvo do auta;CMP-08475;Žárovka 24V  P21/5W  21/5W BaY15d box;atos
Auto-moto > Príslušenstvo do auta;CMP-08477;Žárovka 24V  PY21W  21W BaU15s ORANGE box;atos
Auto-moto > Príslušenstvo do auta;CMP-08481;Žárovka 24V  W5W  5W T10 celosklo box;atos
Auto-moto > Príslušenstvo do auta;CMP-08500;Žárovky servisní box univerzální H7+H1;atos
Auto-moto > Príslušenstvo do auta;CMP-08501;Žárovky servisní box univerzální H7;atos
Auto-moto > Príslušenstvo do auta;CMP-08502;Žárovky servisní box univerzální H4;atos
Auto-moto > Príslušenstvo do auta;CMP-08509;Žárovky servisní box ŠKODA FABIA I.;atos
Auto-moto > Príslušenstvo do auta;CMP-08510;Žárovky servisní box ŠKODA OCTAVIA I.;atos
Auto-moto > Príslušenstvo do auta;CMP-08512;Žárovky box ŠKODA ROOMSTER H7 + OCT2/FAB2;atos
Auto-moto > Príslušenstvo do auta;CMP-08530;Žárovky servisní box univerzální H7 GREEN;atos
Auto-moto > Príslušenstvo do auta;CMP-08531;Žárovky servisní box univerzální H4 GREEN;atos
Auto-moto > Príslušenstvo do auta;CMP-08532;Žárovky servisní box univerzální H1 GREEN;atos
Auto-moto > Príslušenstvo do auta;CMP-08536;Žárovky servisní box ŠKODA FABIA III H7;atos
Auto-moto > Príslušenstvo do auta;CMP-08537;Žárovky servisní box ŠKODA OCTAVIA III H7+H8;atos
Auto-moto > Príslušenstvo do auta;CMP-08551;Žárovka 12V  H7  55W PX26d WHITE LASER  2ks;atos
Auto-moto > Príslušenstvo do auta;CMP-08553;Žárovka 12V  H7  100W PX26d WHITE LASER  2ks;atos
Auto-moto > Príslušenstvo do auta;CMP-08559;Žárovka 12V  H1  100W P14,5s WHITE LASER  2ks;atos
Auto-moto > Príslušenstvo do auta;CMP-08563;Žárovka 12V  H3  55W Pk22s WHITE LASER  2ks;atos
Auto-moto > Príslušenstvo do auta;CMP-08569;Žárovka 12V  H4  60/55W P43t WHITE LASER  2ks;atos
Auto-moto > Príslušenstvo do auta;CMP-08600;Žárovka 12V  H4  60/55W P43t blister 1ks;atos
Auto-moto > Príslušenstvo do auta;CMP-08601;Žárovka 12V  H7  55W PX26d blister 1ks;atos
Auto-moto > Príslušenstvo do auta;CMP-08602;Žárovka 12V  H3  55W Pk22s blister 1ks;atos
Auto-moto > Príslušenstvo do auta;CMP-08603;Žárovka 12V  H1  55W P14,5s blister 1ks;atos
Auto-moto > Príslušenstvo do auta;CMP-08615;Žárovka 12V  H4  100/90W P43t blister 2ks;atos
Auto-moto > Príslušenstvo do auta;CMP-08616;Žárovka 12V  H7  100W PX26d blister 2ks;atos
Auto-moto > Príslušenstvo do auta;CMP-08617;Žárovka 12V  H3  100W Pk22s blister 2ks;atos
Auto-moto > Príslušenstvo do auta;CMP-08618;Žárovka 12V  H1  100W P14,5s blister 2ks;atos
Auto-moto > Príslušenstvo do auta;CMP-08626;Žárovka 12V  H4  60/55W P43t WHITE LASER blister 2ks;atos
Auto-moto > Príslušenstvo do auta;CMP-08627;Žárovka 12V  H7  55W PX26d WHITE LASER blister 2ks;atos
Auto-moto > Príslušenstvo do auta;CMP-08629;Žárovka 12V  H1  55W P14,5s WHITE LASER blister 2ks;atos
Auto-moto > Príslušenstvo do auta;CMP-08644;Žárovka 12V  P21/5W  21/5W BaY15d RED blister 2ks;atos
Auto-moto > Príslušenstvo do auta;CMP-08645;Žárovka 12V  PY21W  21W BaU15s ORANGE blister 2ks;atos
Auto-moto > Príslušenstvo do auta;CMP-08646;Žárovka 12V  P21W  21W Ba15s blister 2ks;atos
Auto-moto > Príslušenstvo do auta;CMP-08647;Žárovka 12V  P21/5W  21/5W BaY15d blister 2ks;atos
Auto-moto > Príslušenstvo do auta;CMP-08648;Žárovka 12V  R5W  5W Ba15s blister 2ks;atos
Auto-moto > Príslušenstvo do auta;CMP-08649;Žárovka 12V  W5W  5W T10 celosklo blister 2ks;atos
Auto-moto > Príslušenstvo do auta;CMP-08650;Žárovka 12V  T4W  4W Ba9s blister 2ks;atos
Auto-moto > Príslušenstvo do auta;CMP-08651;Žárovka 12V  C5W  5W sufit blister 2ks;atos
Auto-moto > Príslušenstvo do auta;CMP-08700;Žárovka 12V  H7  PREMIUM  55W PX26d box;atos
Auto-moto > Príslušenstvo do auta;CMP-08701;Žárovka 12V  H4  PREMIUM  60/55W P43t box;atos
Auto-moto > Príslušenstvo do auta;CMP-08713;Žárovka Excelite H1 BLUE SVU +80% 55W 2ks;atos
Auto-moto > Príslušenstvo do auta;CMP-08728;Žárovka Excelite H4 BLUE SVU +80% 60/55W 2ks;atos
Auto-moto > Príslušenstvo do auta;CMP-08730;Žárovka Excelite H4 NIGHT VISION 55W 60/55W 2ks;atos
Auto-moto > Príslušenstvo do auta;CMP-33539;Světla denního svícení RL hom. 16LED on/off systém;atos
Auto-moto > Príslušenstvo do auta;CMP-33541;Světla denního svícení kulatá 18 LED/12V;atos
Auto-moto > Príslušenstvo do auta;CMP-33546;Světla denního svícení 4 HIGH POWER LED 12V/24V;atos
Auto-moto > Príslušenstvo do auta;CMP-33550;Světla denního svícení 5 HIGH POWER LED 12V/24V (185x23x51 mm);atos
Auto-moto > Príslušenstvo do auta;CMP-33551;Světla denního svícení 4 HIGH POWER LED 12V/24V (kulatá 70 mm);atos
Auto-moto > Príslušenstvo do auta;CMP-33703;Žárovka 1LED 12V  T5  bílá  2ks;atos
Auto-moto > Príslušenstvo do auta;CMP-33705;Žárovka 1LED 12V  T10  červená  2ks;atos
Auto-moto > Príslušenstvo do auta;CMP-33707;Žárovka 1LED 12V  T10  modrá  2ks;atos
Auto-moto > Príslušenstvo do auta;CMP-33709;Žárovka 1LED 12V  T10  bílá  2ks;atos
Auto-moto > Príslušenstvo do auta;CMP-33712;Žárovka 4LED 12V  T10  modrá  2ks;atos
Auto-moto > Príslušenstvo do auta;CMP-33714;Žárovka 4LED 12V  T10  bílá  2ks;atos
Auto-moto > Príslušenstvo do auta;CMP-33719;Žárovka 9 SUPER LED 12V  T10  bílá 2ks;atos
Auto-moto > Príslušenstvo do auta;CMP-33722;Žárovka 4LED 12V  suf. SV8.5 38mm červená  2ks;atos
Auto-moto > Príslušenstvo do auta;CMP-33723;Žárovka 4LED 12V  suf. SV8.5 38mm modrá  2ks;atos
Auto-moto > Príslušenstvo do auta;CMP-33725;Žárovka 4LED 12V  suf. SV8.5 38mm bílá  2ks;atos
Auto-moto > Príslušenstvo do auta;CMP-33728;Žárovka 12LED 12V Ba15s oranžová;atos
Auto-moto > Príslušenstvo do auta;CMP-33729;Žárovka 12LED 12V Ba15s bílá;atos
Auto-moto > Príslušenstvo do auta;CMP-33749;Žárovka 1LED 12V  Ba9s  bílá  2ks;atos
Auto-moto > Príslušenstvo do auta;CMP-33759;Žárovka 1LED 12V  B8,5d  modrá 2ks;atos
Auto-moto > Príslušenstvo do auta;CMP-33761;Žárovka 1LED 12V  B8,5d  bílá 2ks;atos
Auto-moto > Príslušenstvo do auta;CMP-33764;Žárovka 9LED 12V  Ba15s červená úzká;atos
Auto-moto > Príslušenstvo do auta;CMP-33765;Žárovka 9LED 12V  Ba15s bílá úzká;atos
Auto-moto > Príslušenstvo do auta;CMP-33770;Žárovka 1SUPER LED 12V  T10  bílá 2ks;atos
Auto-moto > Príslušenstvo do auta;CMP-33794;Žárovka 5 SMD LED 12V T10 s rezistorem CAN-BUS ready bílá;atos
Auto-moto > Príslušenstvo do auta;CMP-33795;Žárovka 9 SMD LED 12V T10 s rezistorem CAN-BUS ready bílá;atos
Auto-moto > Príslušenstvo do auta;CMP-33796;Žárovka 6 SMD LED 12V T10 s rezistorem CAN-BUS ready bílá;atos
Auto-moto > Príslušenstvo do auta;CMP-33802;Žárovka 2 SMD LED 12V suf. SV8.5 32mm s rezistorem CAN-BUS ready bílá;atos
Auto-moto > Príslušenstvo do auta;CMP-33803;Žárovka 3 SMD LED 12V suf. SV8.5 36mm s rezistorem CAN-BUS ready bílá;atos
Auto-moto > Príslušenstvo do auta;CMP-33806;Žárovka 19 SMD LED 12V Ba15S s rezistorem CAN-BUS ready bílá;atos
Auto-moto > Príslušenstvo do auta;CMP-33809;Žárovka 4 SMD LED 12V Ba15S s rezistorem CAN-BUS ready bílá;atos
Auto-moto > Príslušenstvo do auta;CMP-33815;Žárovka 6 SMD LED 12V suf. SV8.5 38mm s rezistorem CAN-BUS bílá;atos
Auto-moto > Príslušenstvo do auta;CMP-33816;Žárovka 6 SMD LED 12V suf. SV8.5 38mm s rezistorem CAN-BUS modrá;atos
Auto-moto > Príslušenstvo do auta;CMP-33819;Žárovka 27 SMD LED 12V suf. SV8.5 38mm bílá;atos
Auto-moto > Príslušenstvo do auta;CMP-33821;Žárovka 10 SMD LED 3chips 12V T10 CAN-BUS ready bílá 2ks;atos
Auto-moto > Príslušenstvo do auta;CMP-33826;Žárovka 3 LED SMD 12V  suf.11X32 SV8.5 NEW-CAN-BUS bílá 2ks;atos
Auto-moto > Príslušenstvo do auta;CMP-33827;Žárovka 3 LED SMD 12V  suf.11X38 SV8.5 NEW-CAN-BUS bílá 2ks;atos
Auto-moto > Príslušenstvo do auta;CMP-33828;Žárovka 24 LED 12V T10 NEW-CAN-BUS bílá 2ks;atos
Auto-moto > Príslušenstvo do auta;CMP-33829;Žárovka 27 LED 12V T10 NEW-CAN-BUS bílá 2ks;atos
Auto-moto > Príslušenstvo do auta;CMP-33830;Žárovka 6 LED 12V T10 NEW-CAN-BUS bílá 2ks;atos
Auto-moto > Príslušenstvo do auta;CMP-33831;Žárovka 6 LED SMD 12V  suf.10X39 SV8.5 NEW-CAN-BUS bílá 2ks;atos
Auto-moto > Príslušenstvo do auta;CMP-33832;Žárovka 6 LED SMD 12V  suf.10X39 SV8.5 NEW-CAN-BUS modrá 2ks;atos
Auto-moto > Príslušenstvo do auta;CMP-33833;Žárovka 30 SMD LED 12V Ba15S  NEW-CAN-BUS bílá 1ks;atos
Auto-moto > Príslušenstvo do auta;CMP-33852;Žárovka LED CSP chip 12V H7 2ks;atos
Auto-moto > Príslušenstvo do auta;CMP-33853;Žárovka LED CSP chip 12V H4 2ks;atos
Auto-moto > Príslušenstvo do auta;EMO1704023400;Autoadaptér EMOS V02C48 USB adaptér do auta PD/QC 48 W;atos
Auto-moto > Príslušenstvo do auta;H284274;Měnič napětí Soluowill NM3,5K-24 24V/230V 3500W;atos
Auto-moto > Príslušenstvo do auta;HG519;Měnič napětí Soluowill NM1,6K-12 12V/230V 1600W;atos
Auto-moto > Príslušenstvo do auta;LEC-KPO3980-4;Napájecí kabel KPO3980-4 pro přenosné lednice 12/24V 4m do autozapalovače;atos
Auto-moto > Príslušenstvo do auta;LEC-KPO3980A-2;Napájecí kabel KPO3980A-2 pro přenosné lednice 12/24V 2m do autozapalovače;atos
Auto-moto > Príslušenstvo do auta;LEC-PY-CHR0013-2;Prodlužovací kabel 12/24V 15A 120W 2m do autozapalovače;atos
Auto-moto > Príslušenstvo do auta;LEC-PY-CHR0013-5;Prodlužovací kabel 12/24V 10A 120W 5m do autozapalovače;atos
Auto-moto > Príslušenstvo do auta;LP-URZ3419;KEMOT PROsolar-2500 URZ3419 1800W 30-100V měnič napětí pro solární panely;atos
Auto-moto > Príslušenstvo do auta;LP-URZ3420;Měnič napětí KEMOT PROsolar-5000 URZ3420 3500W 48V 230V pro solární panely;atos
Auto-moto > Príslušenstvo do auta;PEN-52900909;Dálkové ovládání Carspa RC60 k měničům napětí Carspa;atos
Auto-moto > Príslušenstvo do auta;PEN-52901019;Měnič napětí Carspa SK3000 12V/230V 3000W;atos
Auto-moto > Príslušenstvo do auta;PEN-52901026;Měnič napětí Carspa SUT1224-5A;atos
Auto-moto > Príslušenstvo do auta;PEN-52901071;Měnič napětí Carspa SK2000 24V/230V 2000W;atos
Auto-moto > Príslušenstvo do auta;PEN-52901074;Měnič napětí Carspa P1500-24 24V/230V 1500W;atos
Auto-moto > Príslušenstvo do auta;PRO-44-224#;Napájecí kabel do autozapalovače 12V 2m pro chladící boxy BLOW;atos
Auto-moto > Príslušenstvo do auta;PRO-44-226#;Napájecí kabel do autozapalovače 12V 4m pro chladící boxy TEESA, BLOW;atos
Auto-moto > Príslušenstvo do auta;PRO-4455;BLOW 230V/110V 3000W Měnič napětí;atos
Auto-moto > Príslušenstvo do auta;SPR-23214B;Světlo na přívěsný vozík LED BLOW 23-214 s kabelem a magnetem;atos
Auto-moto > Príslušenstvo do auta;SPR-232LA304;Světlo na přívěsný vozík BLOW s kabelem a trojúhelníkem;atos
Auto-moto > Príslušenstvo do auta;TIP-03360181;Redukce ZLA0861 pro autopřívěs 13/7 pin;atos
Auto-moto > Príslušenstvo do auta;TIP-03360251;Autoadaptér SENCOR  Opticum, Kruger 12V k LCD TV do karavanu;atos
Auto-moto > Príslušenstvo do auta;TIP-04120071;Žárovky 12V servisní box MEGA H7+H7+pojistky;atos
Auto-moto > Príslušenstvo do auta;TIP-04120072;Žárovky 12V servisní box MEGA H4+H4+pojistky;atos
Auto-moto > Príslušenstvo do auta;TIP-04120137;Dynamický blinkr LED STU zadní levý s trojúhelníkem TRL34L;atos
Auto-moto > Príslušenstvo do auta;TIP-04120138;Dynamický blinkr LED STU zadní pravý s trojúhelníkem TRL34P;atos
Auto-moto > Príslušenstvo do auta;TIP-04120139;Dynamický blinkr LED STU zadní levý s trojúhelníkem TRL35L;atos
Auto-moto > Príslušenstvo do auta;TIP-04120140;Dynamický blinkr LED STU zadní pravý s trojúhelníkem TRL35P;atos
Auto-moto > Príslušenstvo do auta;TIP-04210155;BLOW 230V/110V  300W Měnič napětí;atos
Auto-moto > Príslušenstvo do auta;TIP-04210180;KEMOT URZ3423 230V/115V 1600W Měnič napětí;atos
Auto-moto > Príslušenstvo do auta;TIP-04210181;KEMOT URZ3422 230V/115V  800W Měnič napětí;atos
Auto-moto > Príslušenstvo do auta;TIP-04210182;KEMOT URZ3421 230V/115V  400W Měnič napětí;atos
Auto-moto > Príslušenstvo do auta;TIP-04230440;Měnič napětí Carspa CAR2K 12V/230V 2000W;atos
Auto-moto > Príslušenstvo do auta;TIP-04230442;Měnič napětí CARSPA 24V/12V 20A;atos
Auto-moto > Príslušenstvo do auta;TIP-04230443;Měnič napětí Carspa CAR300U 12V/230V 300W;atos
Auto-moto > Príslušenstvo do auta;TIP-04230462;Měnič napětí Carspa UPS1000 12V/230V 1000W UPS;atos
Auto-moto > Príslušenstvo do auta;TIP-04230464;Měnič napětí Soluowill NM3,5K-12 12V/230V 3500W;atos
Auto-moto > Príslušenstvo do auta;TIP-04230469;Měnič napětí Geti GPI 1012 12V/230V 1000W USB;atos
Auto-moto > Príslušenstvo do auta;TIP-04230473;Měnič napětí Carspa CAR3K 24V/230V 3000W USB;atos
Auto-moto > Príslušenstvo do auta;TOC-SX1111;Redukce SIXTOL SX1111 do zásuvky tažného zařízení 13-7 pin;atos
Auto-moto > Príslušenstvo do auta;TOC-SX1112;Redukce SIXTOL SX1112 do zásuvky tažného zařízení 7-13 pin;atos
Auto-moto > Príslušenstvo do auta;TOC-SX1400;Kabelová redukce zásuvky tažného zařízení TRAILER CABLE 1, 7-13pin, 50cm SIXTOL;atos
Auto-moto > Príslušenstvo do auta;TOC-SX1401;Kabelová redukce zásuvky tažného zařízení TRAILER CABLE 2, 13-7pin, 50cm SIXTOL;atos
Auto-moto > Príslušenstvo do auta;TOC-SX1402;Propojovací spirálový kabel zástrčky tažného zařízení TRAILER CABLE 3, 7-7pin, 3m SIXTOL;atos
Auto-moto > Príslušenstvo do auta;TOC-SX1403;Propojovací spirálový kabel zástrčky tažného zařízení TRAILER CABLE 4, 13-13pin, 3m SIXTOL;atos
Auto-moto > Príslušenstvo do auta;TOC-SX1404;Kabelová redukce zásuvky tažného zařízení TRAILER CABLE 5, ze 13pin na 7pin N+S, 35cm SIXTOL;atos
Auto-moto > Príslušenstvo do auta;TOC-SX1405;Kabelová redukce zástrčky tažného zařízení TRAILER CABLE 6, ze 13pin na 7pin N+S, 35cm SIXTOL;atos
Auto-moto > Príslušenstvo do auta;TOC-SX1412;Prodlužovací 7pin kabel - závěsná zásuvka+zástrčka TRAILER CABLE 7, 12V, 5m SIXTOL;atos
Auto-moto > Príslušenstvo do auta;TOC-SX1413;Prodlužovací 13pin kabel - závěsná zásuvka+zástrčka TRAILER CABLE 8, 12V, 5m SIXTOL;atos
Auto-moto > Príslušenstvo do auta;TOC-SX1414;Propojovací spirálový adaptér z 15pin na 2x 7pin zástrčku (S+N) TRAILER CABLE 9, 24V, 3,5m SIXTOL;atos
Auto-moto > Príslušenstvo do auta;TOC-SX1415;Propojovací spirálový kabel 7pin typ S TRAILER CABLE 10, plastová zástrčka, 24V, 3,5m SIXTOL;atos
Auto-moto > Príslušenstvo do auta;TOC-SX1416;Propojovací spirálový kabel 7pin typ N TRAILER CABLE 11, plastová zástrčka, 24V, 3,5m SIXTOL;atos
Auto-moto > Príslušenstvo do auta;TOC-SX1417;Propojovací spirálový kabel 7pin typ S TRAILER CABLE 12, kovová zástrčka, 24V, 3,5m SIXTOL;atos
Auto-moto > Príslušenstvo do auta;TOC-SX1418;Propojovací spirálový kabel 7pin typ N TRAILER CABLE 13, kovová zástrčka, 24V, 3,5m SIXTOL;atos
Auto-moto > Príslušenstvo do auta;TOC-SX1419;Propojovací spirálový EBS kabel 7pin TRAILER CABLE 14, 24V, 3,5m SIXTOL;atos
Cestovanie, šport a outdoor;ATO-CCAM100BK;Kamera cyklistická NEDIS CCAM100BK 3v1, 1080p, 2MP, černá;atos
Cestovanie, šport a outdoor;ATO-LT-33;Nouzová LED svítilna Virone LT-33 s dynamem a solárním nabíjením;atos
Cestovanie, šport a outdoor;ATO-V856B;Samolepící ferlexní páska 2cm x 5m;atos
Cestovanie, šport a outdoor;CMP-01584;Reflexní páska samolepící 2cm x 90cm žlutá;atos
Cestovanie, šport a outdoor;CMP-01585;Reflexní páska samolepící 2cm x 90cm stříbrná;atos
Cestovanie, šport a outdoor;CMP-01746;Batoh reflexní S.O.R. žlutý;atos
Cestovanie, šport a outdoor;CMP-01747;Batoh reflexní S.O.R. zelený;atos
Cestovanie, šport a outdoor;CMP-01748;Batoh reflexní S.O.R. oranžový;atos
Cestovanie, šport a outdoor;CMP-01771;Bunda s kapucí reflexní SAFETY XL;atos
Cestovanie, šport a outdoor;CMP-13475;Židle kempingová skládací Cattara WARM 13475 s vyhříváním;atos
Cestovanie, šport a outdoor;EMO1441162100;Čelovka EMOS P3521  LED 1W 1 + 2 na 3x AAA;atos
Cestovanie, šport a outdoor;EMO1441203100;Čelovka Emos P3528 COB LED, 150 lm, 20 m, 3× AAA;atos
Cestovanie, šport a outdoor;EMO1441233110;Čelovka EMOS P3531 CREE LED + COB LED, 330 lm, 65 m, 3× AAA;atos
Cestovanie, šport a outdoor;EMO1441250920;Čelovka EMOS P3534 nabíjecí, 1x CREE XPE LED 5W;atos
Cestovanie, šport a outdoor;EMO1441292150;Čelovka EMOS P3541, COB LED nabíjecí, 380 lm, Li-Pol 1200 mAh;atos
Cestovanie, šport a outdoor;EMO1441341100;Čelovka EMOS P3539, CREE LED, 330 lm, 3× AAA;atos
Cestovanie, šport a outdoor;EMO1441351500;Čelovka EMOS P3543 LED nabíjecí medvěd, 80 lm, 7 m, Li-Pol 500 mAh;atos
Cestovanie, šport a outdoor;EMO1441361900;Čelovka EMOS P3544 LED nabíjecí, 500 lm, 120 m, Li-Ion 800 mAh;atos
Cestovanie, šport a outdoor;EMO1441371900;Čelovka EMOS P3545 LED nabíjecí, 175 lm, 50 m, Li-Pol 800 mAh;atos
Cestovanie, šport a outdoor;EMO1441381900;Čelovka EMOS P3546 LED nabíjecí, 550 lm, 110 m, Li-Pol 1000 mAh / 3× AAA;atos
Cestovanie, šport a outdoor;EMO1450000400;LED svítilna kempingová EMOS P2313, nabíjecí, 350 lm;atos
Cestovanie, šport a outdoor;EMO1451085670;Čelovka GP Xplor PHR17, 500 lm, 3× Cree SMD LED, USB-C nabíjení;atos
Cestovanie, šport a outdoor;EMO1451704101;LED nabíjecí čelovka GP Discovery CHR41, 300 lm;atos
Cestovanie, šport a outdoor;EMO1451704200;Čelovka GP Discovery CH42, 2× SMD LED, 100 lm;atos
Cestovanie, šport a outdoor;EMO1451704300;Čelovka GP Discovery CH43, 2× SMD LED + LED, 150 lm;atos
Cestovanie, šport a outdoor;EMO1451704400;Čelovka GP Discovery CH44, 2× SMD LED, 300 lm;atos
Cestovanie, šport a outdoor;EMO1451704600;LED čelovka GP Discovery CH46, 300 lm;atos
Cestovanie, šport a outdoor;EMO1451705300;Čelovka GP Discovery CHW53, LED pracovní, 275 lm;atos
Cestovanie, šport a outdoor;EMO1451705400;Čelovka GP Discovery CHW54, LED pracovní, 375 lm;atos
Cestovanie, šport a outdoor;EMO2005061100;Opravná lepící páska na bazény EMOS F6110, 1 m x 100 mm, černá;atos
Cestovanie, šport a outdoor;EMO2617002000;Digitální závěsná váha EMOS EV020;atos
Cestovanie, šport a outdoor;IST-TBBWBM30;Dětská chůvička TESLA Bambino BM30 WiFi s monitorem a kamerou;atos
Cestovanie, šport a outdoor;IST-TBBWBM40;Dětská chůvička TESLA Bambino BM40 WiFi s kamerou;atos
Cestovanie, šport a outdoor;ITR-00012213;Digitální váha na závěsná Ruhhy 4175;atos
Cestovanie, šport a outdoor;ITR-00013059;Maliřská sada v kufru Maaleo 6004 177 kusů;atos
Cestovanie, šport a outdoor;ITR-00016355;Malířská sada akrylových barev Maaleo 20424;atos
Cestovanie, šport a outdoor;ITR-00017064;Malování podle čísel 40x50cm Maaleo 22781 kočky;atos
Cestovanie, šport a outdoor;ITR-00017202;Maliřská sada v kufru Maaleo 22768 144 ks;atos
Cestovanie, šport a outdoor;ITR-00017270;Samolepky motivační Kruzzel 22947;atos
Cestovanie, šport a outdoor;ITR-00017722;Dětská pokladnička trezor Kruzzel 23545;atos
Cestovanie, šport a outdoor;ITR-00017723;Skládací přepravní vozík Gardlov 23084;atos
Cestovanie, šport a outdoor;ITR-00017997;Popisovače fixy se vzory Maaleo 24861;atos
Cestovanie, šport a outdoor;ITR-00018006;Malířská sada akrylových barev Maaleo 24725;atos
Cestovanie, šport a outdoor;ITR-00018208;Bezpečnostní pás na kufr se zámkem Trizand 25812;atos
Cestovanie, šport a outdoor;ITR-00018807;Akrylové fixy Maaleo 27051;atos
Cestovanie, šport a outdoor;ITR-00018808;Akrylové fixy Maaleo 27052;atos
Cestovanie, šport a outdoor;LEC-14196EUV21;AVENLI NICE jacuzzi SILVER - nafukovací vířivka pro 6 osob;atos
Cestovanie, šport a outdoor;LEC-17799EU;Bazén AVENLI 17799EU 366x76 cm nadzemní s konstrukcí;atos
Cestovanie, šport a outdoor;LEC-17800EU;Bazén AVENLI 17800EU 427x84 cm nadzemní s konstrukcí;atos
Cestovanie, šport a outdoor;LEC-RBA-6014-6.8;Zátěžová deka Rebel Active RBA-6014-6.8   6,8 kg (150x200 cm);atos
Cestovanie, šport a outdoor;LEC-RBA-6014-8;Zátěžová deka Rebel Active RBA-6014-8   8 kg (150x200 cm);atos
Cestovanie, šport a outdoor;LEC-RBA-6014-9;Zátěžová deka Rebel Active RBA-6014-9   9 kg (150x200 cm);atos
Cestovanie, šport a outdoor;LEC-URZ0935-2;Čelovka REBEL URZ0935-2;atos
Cestovanie, šport a outdoor;LEC-URZ3608-1;Čelovka REBEL URZ3608-1;atos
Cestovanie, šport a outdoor;LEV-83086;Lovecký laserový dálkoměr Levenhuk Camo LC1500;atos
Cestovanie, šport a outdoor;MS-Modell Kids Clock;Hodiny - stavebnice TechnoLine Modell Kids Clock;atos
Cestovanie, šport a outdoor;TIP-08852446;Potah batohu-brašny reflexní žlutý S.O.R.;atos
Cestovanie, šport a outdoor;TIP-08852464;Reflexní set doplňky S.O.R.;atos
Cestovanie, šport a outdoor;TIP-08852465;Reflexní set samolepky S.O.R.;atos
Cestovanie, šport a outdoor;TOC-SX1361;Lopatka skládací s krumpáčem CAR SHOVEL 1, v pouzdru SIXTOL;atos
Cestovanie, šport a outdoor;TOC-SX1362;Lopatka skládací s krumpáčem CAR SHOVEL 2, v pouzdru SIXTOL;atos
Cestovanie, šport a outdoor;TOC-SX1363;Lopatka skládací s krumpáčem CAR SHOVEL 3, v pouzdru SIXTOL;atos
Cestovanie, šport a outdoor;TOC-SX5009;Čepice s čelovkou, univerzální velikost, černá/šedá/bílá SIXTOL;atos
Cestovanie, šport a outdoor;TOC-SX5010;Čepice s čelovkou, univerzální velikost, černá s bambulí SIXTOL;atos
Cestovanie, šport a outdoor;TOC-SX5011;Čepice s čelovkou, univerzální velikost, modrá SIXTOL;atos
Cestovanie, šport a outdoor;TOC-SX5012;Čepice s čelovkou, univerzální velikost, červená SIXTOL;atos
Cestovanie, šport a outdoor;TOC-SX5013;Čepice s čelovkou, univerzální velikost, světle šedá SIXTOL;atos
Cestovanie, šport a outdoor;TOC-SX5014;Čepice s čelovkou, univerzální velikost, černá SIXTOL;atos
Cestovanie, šport a outdoor;TOC-SX5015;Čepice s čelovkou, univerzální velikost, hnědá SIXTOL;atos
Cestovanie, šport a outdoor;TOC-SX5016;Čepice s čelovkou, univerzální velikost, růžová SIXTOL;atos
Cestovanie, šport a outdoor;TOC-SX5019;Čepice s čelovkou, univerzální velikost, maskáčová SIXTOL;atos
Cestovanie, šport a outdoor;TOC-SX5021;Čelenka s čelovkou, univerzální velikost, modrá SIXTOL;atos
Cestovanie, šport a outdoor;TOC-SX5024;Čelenka s čelovkou, univerzální velikost, fluorescentní zelená SIXTOL;atos
Cestovanie, šport a outdoor;TOC-SX5025;Čelenka s čelovkou, univerzální velikost, fluorescentní žlutá SIXTOL;atos
Cestovanie, šport a outdoor;TOC-SX5027;Čelenka s čelovkou, univerzální velikost, červená SIXTOL;atos
Cestovanie, šport a outdoor;TOC-SX5028;Čelenka s čelovkou, univerzální velikost, maskáčová SIXTOL;atos
Cestovanie, šport a outdoor;TOC-SX5030;Kšiltovka s LED světlem B-CAP 25lm, nabíjecí, USB, univerzální velikost, černá SIXTOL;atos
Cestovanie, šport a outdoor;TOC-SX5031;Kšiltovka s LED světlem B-CAP 25lm, nabíjecí, USB, univerzální velikost, modrá SIXTOL;atos
Cestovanie, šport a outdoor;TOC-SX5032;Kšiltovka s LED světlem B-CAP 25lm, nabíjecí, USB, univerzální velikost, šedá SIXTOL;atos
Cestovanie, šport a outdoor;TOC-SX5034;Kšiltovka s LED světlem B-CAP 25lm, nabíjecí, USB, univerzální velikost, růžová SIXTOL;atos
Cestovanie, šport a outdoor;TOC-SX5035;Kšiltovka s LED světlem B-CAP 25lm, nabíjecí, USB, univerzální velikost, tyrkysová SIXTOL;atos
Cestovanie, šport a outdoor;TOC-SX5037;Kšiltovka s LED světlem B-CAP 25lm, nabíjecí, USB, univerzální velikost, zelená SIXTOL;atos
Cestovanie, šport a outdoor;TOC-SX5038;Kšiltovka s LED světlem B-CAP 25lm, nabíjecí, USB, univerzální velikost, maskáčová SIXTOL;atos
Cestovanie, šport a outdoor;TOC-SX5040;Reflexní kšiltovka s LED světlem B-CAP SAFETY 25lm, nabíjecí, USB, uni velikost, černá SIXTOL;atos
Cestovanie, šport a outdoor > Posilňovanie a fitness > Doplnkové posilňovacie pomôcky;100002201405;MowMow Čepice - Merino - Acer;kb
Cestovanie, šport a outdoor > Posilňovanie a fitness > Doplnkové posilňovacie pomôcky;100002201406;MowMow Čepice - Merino - Rhone;kb
Cestovanie, šport a outdoor > Posilňovanie a fitness > Doplnkové posilňovacie pomôcky;100002201416;MowMow Čepice - Merino - Elbe;kb
Cestovanie, šport a outdoor > Posilňovanie a fitness > Doplnkové posilňovacie pomôcky;100002201422;MowMow IONY Aqua 39-42;kb
Cestovanie, šport a outdoor > Posilňovanie a fitness > Doplnkové posilňovacie pomôcky;100002201434;MowMow IONY Aqua 43-46;kb
Cestovanie, šport a outdoor > Posilňovanie a fitness > Doplnkové posilňovacie pomôcky;100002203807;Midland ER Emergency Backpack;kb
Cestovanie, šport a outdoor > Posilňovanie a fitness > Doplnkové posilňovacie pomôcky;ABL-17-00-008;Mechanický rotoped ONE Fitness RW3011 černý;atos
Cestovanie, šport a outdoor > Posilňovanie a fitness > Doplnkové posilňovacie pomôcky;ABL-17-00-009;Mechanický rotoped ONE Fitness RW3011 černo-oranžový;atos
Cestovanie, šport a outdoor > Posilňovanie a fitness > Doplnkové posilňovacie pomôcky;ABL-17-00-010;Mechanický rotoped ONE Fitness RW3011 stříbrno-oranžový;atos
Cestovanie, šport a outdoor > Posilňovanie a fitness > Doplnkové posilňovacie pomôcky;ABL-17-01-014;Magnetický rotoped HMS M5560i;atos
Cestovanie, šport a outdoor > Posilňovanie a fitness > Doplnkové posilňovacie pomôcky;ABL-17-01-037;Magnetický rotoped HMS M 9239 PRIME;atos
Cestovanie, šport a outdoor > Posilňovanie a fitness > Doplnkové posilňovacie pomôcky;ABL-17-01-038;Magnetický rotoped HMS M8750 bílý;atos
Cestovanie, šport a outdoor > Posilňovanie a fitness > Doplnkové posilňovacie pomôcky;ABL-17-01-040;Magnetický rotoped HMS PREMIUM M6993;atos
Cestovanie, šport a outdoor > Posilňovanie a fitness > Doplnkové posilňovacie pomôcky;ABL-17-01-041;Magnetický rotoped HMS M6995;atos
Cestovanie, šport a outdoor > Posilňovanie a fitness > Doplnkové posilňovacie pomôcky;ABL-17-01-046;Magnetický rotoped HMS M8750 černý;atos
Cestovanie, šport a outdoor > Posilňovanie a fitness > Doplnkové posilňovacie pomôcky;ABL-17-01-296;Magnetický rotoped ONE Fitness RM8740 černý;atos
Cestovanie, šport a outdoor > Posilňovanie a fitness > Doplnkové posilňovacie pomôcky;ABL-17-01-297;Magnetický rotoped ONE Fitness RM8740 bílý;atos
Cestovanie, šport a outdoor > Posilňovanie a fitness > Doplnkové posilňovacie pomôcky;ABL-17-03-100;Air Bike HMS MP6590;atos
Cestovanie, šport a outdoor > Posilňovanie a fitness > Doplnkové posilňovacie pomôcky;ABL-17-03-102;AirBike HMS MP6540;atos
Cestovanie, šport a outdoor > Posilňovanie a fitness > Doplnkové posilňovacie pomôcky;ABL-17-1-055;Magnetický rotoped HMS M 9239V černo-fialový;atos
Cestovanie, šport a outdoor > Posilňovanie a fitness > Doplnkové posilňovacie pomôcky;ABL-17-1-056;Magnetický recumbent HMS R9259* bílo-zelený;atos
Cestovanie, šport a outdoor > Posilňovanie a fitness > Doplnkové posilňovacie pomôcky;ABL-17-1-102;Magnetický rotoped HMS M 9239* bílo-zelený;atos
Cestovanie, šport a outdoor > Posilňovanie a fitness > Doplnkové posilňovacie pomôcky;ABL-17-1-120;Magnetický recumbent HMS R9259 Plus černo-zelený;atos
Cestovanie, šport a outdoor > Posilňovanie a fitness > Doplnkové posilňovacie pomôcky;ABL-17-11-011;Mechanický eliptický trenažér HMS H6512;atos
Cestovanie, šport a outdoor > Posilňovanie a fitness > Doplnkové posilňovacie pomôcky;ABL-17-19-029;fit/  Běžecký pás HMS BE8501I;atos
Cestovanie, šport a outdoor > Posilňovanie a fitness > Doplnkové posilňovacie pomôcky;ABL-17-19-130;Elektrický trenažér pro Nordic walking LOOP15;atos
Cestovanie, šport a outdoor > Posilňovanie a fitness > Doplnkové posilňovacie pomôcky;ABL-17-22-010;Twist stepper s expandéry a úchopy HMS S 3085 zelený;atos
Cestovanie, šport a outdoor > Posilňovanie a fitness > Doplnkové posilňovacie pomôcky;ABL-17-22-105;Twist stepper s expandéry HMS S 3033 žlutý;atos
Cestovanie, šport a outdoor > Posilňovanie a fitness > Doplnkové posilňovacie pomôcky;ABL-17-22-106;Twist stepper s expandéry a úchopy HMS S 3085 růžový;atos
Cestovanie, šport a outdoor > Posilňovanie a fitness > Doplnkové posilňovacie pomôcky;ABL-17-22-109;Twist stepper s expandéry a úchopy HMS S 3096 zelený;atos
Cestovanie, šport a outdoor > Posilňovanie a fitness > Doplnkové posilňovacie pomôcky;ABL-17-22-319;Veslovací trenažér se vzduchovým odporem HMS ZP6591;atos
Cestovanie, šport a outdoor > Posilňovanie a fitness > Doplnkové posilňovacie pomôcky;ABL-17-22-370;Veslařský trenažér HMS Premium ZW1600;atos
Cestovanie, šport a outdoor > Posilňovanie a fitness > Doplnkové posilňovacie pomôcky;ABL-17-22-400;Vibrační plošina HMS SVP01 červená;atos
Cestovanie, šport a outdoor > Posilňovanie a fitness > Doplnkové posilňovacie pomôcky;ABL-17-22-402;Vibrační plošina HMS SVP01 zlatá;atos
Cestovanie, šport a outdoor > Posilňovanie a fitness > Doplnkové posilňovacie pomôcky;ABL-17-22-404;Vibrační plošina HMS SVP02 červená;atos
Cestovanie, šport a outdoor > Posilňovanie a fitness > Doplnkové posilňovacie pomôcky;ABL-17-22-412;Vibrační plošina HMS SVP07;atos
Cestovanie, šport a outdoor > Posilňovanie a fitness > Doplnkové posilňovacie pomôcky;ABL-17-22-414;Vibrační plošina HMS SVP01 azurová;atos
Cestovanie, šport a outdoor > Posilňovanie a fitness > Doplnkové posilňovacie pomôcky;ABL-17-22-446;Vibrační plošina HMS SVP03 zlatá;atos
Cestovanie, šport a outdoor > Posilňovanie a fitness > Doplnkové posilňovacie pomôcky;ABL-17-22-451;Vibrační plošina HMS SVP11;atos
Cestovanie, šport a outdoor > Posilňovanie a fitness > Doplnkové posilňovacie pomôcky;ABL-17-22-453;Vibrační plošina SKY SVP13;atos
Cestovanie, šport a outdoor > Posilňovanie a fitness > Doplnkové posilňovacie pomôcky;ABL-17-22-455;Vibrační plošina HMS SVP45;atos
Cestovanie, šport a outdoor > Posilňovanie a fitness > Doplnkové posilňovacie pomôcky;ABL-17-22-456;Vibrační plošina ONE Fitness SVP08;atos
Cestovanie, šport a outdoor > Posilňovanie a fitness > Doplnkové posilňovacie pomôcky;ABL-17-22-457;Vibrační plošina HMS SVP09 s podpěrami na kliky;atos
Cestovanie, šport a outdoor > Posilňovanie a fitness > Doplnkové posilňovacie pomôcky;ABL-17-38-010;Posilovací kolečko HMS WA04;atos
Cestovanie, šport a outdoor > Posilňovanie a fitness > Doplnkové posilňovacie pomôcky;ABL-17-38-012;Posilovací kolo HMS WA06;atos
Cestovanie, šport a outdoor > Posilňovanie a fitness > Doplnkové posilňovacie pomôcky;ABL-17-38-013;Posilovací kolečko HMS WA07;atos
Cestovanie, šport a outdoor > Posilňovanie a fitness > Doplnkové posilňovacie pomôcky;ABL-17-38-020;Válec na posilování břicha HMS WA14 - AB-Carver;atos
Cestovanie, šport a outdoor > Posilňovanie a fitness > Doplnkové posilňovacie pomôcky;ABL-17-38-030;Posilovací válec na břicho HMS KA08 šedý s automatickým odskokem;atos
Cestovanie, šport a outdoor > Posilňovanie a fitness > Doplnkové posilňovacie pomôcky;ABL-17-38-031;Posilovací válec na břicho HMS KA08 hnědý s automatickým odskokem;atos
Cestovanie, šport a outdoor > Posilňovanie a fitness > Doplnkové posilňovacie pomôcky;ABL-17-38-033;Posilovací válec na břicho HMS KA10 s automatickým odskokem;atos
Cestovanie, šport a outdoor > Posilňovanie a fitness > Doplnkové posilňovacie pomôcky;ABL-17-38-301;Posilovací kolečko ONE FITNESS WK20;atos
Cestovanie, šport a outdoor > Posilňovanie a fitness > Doplnkové posilňovacie pomôcky;ABL-17-42-155;Gymnastický míč HMS YB01N 55 cm modrý;atos
Cestovanie, šport a outdoor > Posilňovanie a fitness > Doplnkové posilňovacie pomôcky;ABL-17-42-156;Gymnastický míč HMS YB01N 55 cm růžový;atos
Cestovanie, šport a outdoor > Posilňovanie a fitness > Doplnkové posilňovacie pomôcky;ABL-17-42-157;Gymnastický míč HMS YB01N 55 cm černý;atos
Cestovanie, šport a outdoor > Posilňovanie a fitness > Doplnkové posilňovacie pomôcky;ABL-17-42-161;Gymnastický míč HMS YB01N 65 cm šedý;atos
Cestovanie, šport a outdoor > Posilňovanie a fitness > Doplnkové posilňovacie pomôcky;ABL-17-42-162;Gymnastický míč HMS YB01N 65 cm švestkový;atos
Cestovanie, šport a outdoor > Posilňovanie a fitness > Doplnkové posilňovacie pomôcky;ABL-17-42-165;Gymnastický míč HMS YB01N 75 cm černý;atos
Cestovanie, šport a outdoor > Posilňovanie a fitness > Doplnkové posilňovacie pomôcky;ABL-17-42-166;Gymnastický míč HMS YB01N 75 cm modrý;atos
Cestovanie, šport a outdoor > Posilňovanie a fitness > Doplnkové posilňovacie pomôcky;ABL-17-42-170;Gymnastický míč HMS YB02N 55 cm šedý;atos
Cestovanie, šport a outdoor > Posilňovanie a fitness > Doplnkové posilňovacie pomôcky;ABL-17-42-171;Gymnastický míč HMS YB02N 55 cm oranžový;atos
Cestovanie, šport a outdoor > Posilňovanie a fitness > Doplnkové posilňovacie pomôcky;ABL-17-42-174;Gymnastický míč HMS YB02N 65 cm černý;atos
Cestovanie, šport a outdoor > Posilňovanie a fitness > Doplnkové posilňovacie pomôcky;ABL-17-42-175;Gymnastický míč HMS YB02N 65 cm bronzový;atos
Cestovanie, šport a outdoor > Posilňovanie a fitness > Doplnkové posilňovacie pomôcky;ABL-17-42-176;Gymnastický míč HMS YB02N 65 cm fialový;atos
Cestovanie, šport a outdoor > Posilňovanie a fitness > Doplnkové posilňovacie pomôcky;ABL-17-42-179;Gymnastický míč HMS YB02N 75 cm šedo-stříbrný;atos
Cestovanie, šport a outdoor > Posilňovanie a fitness > Doplnkové posilňovacie pomôcky;ABL-17-42-182;Masážní gymnastický míč HMS YB03N 55 cm modrý;atos
Cestovanie, šport a outdoor > Posilňovanie a fitness > Doplnkové posilňovacie pomôcky;ABL-17-42-183;Masážní gymnastický míč HMS YB03N 55 cm fialový;atos
Cestovanie, šport a outdoor > Posilňovanie a fitness > Doplnkové posilňovacie pomôcky;ABL-17-42-185;Masážní gymnastický míč HMS YB03N 65 cm šedý;atos
Cestovanie, šport a outdoor > Posilňovanie a fitness > Doplnkové posilňovacie pomôcky;ABL-17-42-186;Masážní gymnastický míč HMS YB03N 65 cm světle šedý;atos
Cestovanie, šport a outdoor > Posilňovanie a fitness > Doplnkové posilňovacie pomôcky;ABL-17-42-188;Masážní gymnastický míč HMS YB03N 75 cm černý;atos
Cestovanie, šport a outdoor > Posilňovanie a fitness > Doplnkové posilňovacie pomôcky;ABL-17-42-303;Balanční míč HMS Premium BSX Pro;atos
Cestovanie, šport a outdoor > Posilňovanie a fitness > Doplnkové posilňovacie pomôcky;ABL-17-42-305;Multifunkční balanční podložka HMS BSX02;atos
Cestovanie, šport a outdoor > Posilňovanie a fitness > Doplnkové posilňovacie pomôcky;ABL-17-44-001;Step na aerobic HMS AS001;atos
Cestovanie, šport a outdoor > Posilňovanie a fitness > Doplnkové posilňovacie pomôcky;ABL-17-44-033;Step na aerobik HMS AS009 Pro s funkcí lavice;atos
Cestovanie, šport a outdoor > Posilňovanie a fitness > Doplnkové posilňovacie pomôcky;ABL-17-44-255;Jóga blok HMS KJ02 šedý;atos
Cestovanie, šport a outdoor > Posilňovanie a fitness > Doplnkové posilňovacie pomôcky;ABL-17-44-256;Jóga blok HMS KJ02 mentolový;atos
Cestovanie, šport a outdoor > Posilňovanie a fitness > Doplnkové posilňovacie pomôcky;ABL-17-44-257;Jóga blok HMS KJ02 korkový;atos
Cestovanie, šport a outdoor > Posilňovanie a fitness > Doplnkové posilňovacie pomôcky;ABL-17-44-281;Skládací žíněnka HMS Premium MGS02 černá;atos
Cestovanie, šport a outdoor > Posilňovanie a fitness > Doplnkové posilňovacie pomôcky;ABL-17-44-282;Skládací žíněnka HMS Premium MGS02 šedá;atos
Cestovanie, šport a outdoor > Posilňovanie a fitness > Doplnkové posilňovacie pomôcky;ABL-17-44-283;Skládací žíněnka HMS Premium MGS02 růžová;atos
Cestovanie, šport a outdoor > Posilňovanie a fitness > Doplnkové posilňovacie pomôcky;ABL-17-44-285;Skládací žíněnka HMS Premium MGS01 červená;atos
Cestovanie, šport a outdoor > Posilňovanie a fitness > Doplnkové posilňovacie pomôcky;ABL-17-44-286;Skládací žíněnka HMS Premium MGS01 šedá;atos
Cestovanie, šport a outdoor > Posilňovanie a fitness > Doplnkové posilňovacie pomôcky;ABL-17-45-020;Hrazda HMS PREMIUM DD10;atos
Cestovanie, šport a outdoor > Posilňovanie a fitness > Doplnkové posilňovacie pomôcky;ABL-17-47-213;Měkké činky HMS CM07 2 x 1,5 kg;atos
Cestovanie, šport a outdoor > Posilňovanie a fitness > Doplnkové posilňovacie pomôcky;ABL-17-47-400;Nastavitelné činky HMS HL02 2 x 5 kg;atos
Cestovanie, šport a outdoor > Posilňovanie a fitness > Doplnkové posilňovacie pomôcky;ABL-17-47-401;Nastavitelné činky HMS HL03 2 x 2,5 kg;atos
Cestovanie, šport a outdoor > Posilňovanie a fitness > Doplnkové posilňovacie pomôcky;ABL-17-47-402;Nastavitelné činky HMS HL05 3v1;atos
Cestovanie, šport a outdoor > Posilňovanie a fitness > Doplnkové posilňovacie pomôcky;ABL-17-5-080;Magnetický veslařský trenažér HMS ZM1502;atos
Cestovanie, šport a outdoor > Posilňovanie a fitness > Doplnkové posilňovacie pomôcky;ABL-17-5-085;Magnetický veslařský trenažér HMS ZM1801;atos
Cestovanie, šport a outdoor > Posilňovanie a fitness > Doplnkové posilňovacie pomôcky;ABL-17-5-092;Twist stepper s expandéry HMS S 3033 zelený;atos
Cestovanie, šport a outdoor > Posilňovanie a fitness > Doplnkové posilňovacie pomôcky;ABL-17-5-095;Twist stepper s expandéry HMS S 3033 růžový;atos
Cestovanie, šport a outdoor > Posilňovanie a fitness > Doplnkové posilňovacie pomôcky;ABL-17-5-098;Mini stepper s expandéry a úchopy HMS S 3038;atos
Cestovanie, šport a outdoor > Posilňovanie a fitness > Doplnkové posilňovacie pomôcky;ABL-17-5-100;Twist stepper s expandéry a držadlem HMS S 8004;atos
Cestovanie, šport a outdoor > Posilňovanie a fitness > Doplnkové posilňovacie pomôcky;ABL-17-53-002;Rovná lavice HMS Premium L8012;atos
Cestovanie, šport a outdoor > Posilňovanie a fitness > Doplnkové posilňovacie pomôcky;ABL-17-53-003;Polohovatelná lavice HMS Premium L8022;atos
Cestovanie, šport a outdoor > Posilňovanie a fitness > Doplnkové posilňovacie pomôcky;ABL-17-53-004;Polohovatelná lavice HMS L8021;atos
Cestovanie, šport a outdoor > Posilňovanie a fitness > Doplnkové posilňovacie pomôcky;ABL-17-53-006;Rovná lavice HMS L1211;atos
Cestovanie, šport a outdoor > Posilňovanie a fitness > Doplnkové posilňovacie pomôcky;ABL-17-53-007;Polohovatelná lavice HMS LS1203;atos
Cestovanie, šport a outdoor > Posilňovanie a fitness > Doplnkové posilňovacie pomôcky;ABL-17-53-008;Polohovatelná šikmá lavice HMS L1110;atos
Cestovanie, šport a outdoor > Posilňovanie a fitness > Doplnkové posilňovacie pomôcky;ABL-17-53-013;Variabilní posilovací lavice HMS L1237;atos
Cestovanie, šport a outdoor > Posilňovanie a fitness > Doplnkové posilňovacie pomôcky;ABL-17-53-014;Variabilní posilovací lavice s expandéry HMS L1217;atos
Cestovanie, šport a outdoor > Posilňovanie a fitness > Doplnkové posilňovacie pomôcky;ABL-17-53-202;Polohovatelná lavice HMS L 8015;atos
Cestovanie, šport a outdoor > Posilňovanie a fitness > Doplnkové posilňovacie pomôcky;ABL-17-53-304;Variabilní posilovací lavice HMS L5166;atos
Cestovanie, šport a outdoor > Posilňovanie a fitness > Doplnkové posilňovacie pomôcky;ABL-17-53-402;Lavice pod velkou činku HMS Premium LS3061;atos
Cestovanie, šport a outdoor > Posilňovanie a fitness > Doplnkové posilňovacie pomôcky;ABL-17-53-501;Multifunkční podpěra na kliky HMS Premium PWL8306;atos
Cestovanie, šport a outdoor > Posilňovanie a fitness > Doplnkové posilňovacie pomôcky;ABL-17-53-508;Multifunkční bradla s lavicí HMS PWL8324;atos
Cestovanie, šport a outdoor > Posilňovanie a fitness > Doplnkové posilňovacie pomôcky;ABL-17-53-512;Posilovací stojan HMS Power Rack PWS08;atos
Cestovanie, šport a outdoor > Posilňovanie a fitness > Doplnkové posilňovacie pomôcky;ABL-17-53-701;Lavice s hyperextenzí a opěrou HMS Premium LSR8311;atos
Cestovanie, šport a outdoor > Posilňovanie a fitness > Doplnkové posilňovacie pomôcky;ABL-17-57-030;Nakládací činky HMS SGC20 20 kg;atos
Cestovanie, šport a outdoor > Posilňovanie a fitness > Doplnkové posilňovacie pomôcky;ABL-17-57-031;Nakládací činky HMS SGC30, 30 kg;atos
Cestovanie, šport a outdoor > Posilňovanie a fitness > Doplnkové posilňovacie pomôcky;ABL-17-57-033;Nakládací činky HMS SGC15 15 kg;atos
Cestovanie, šport a outdoor > Posilňovanie a fitness > Doplnkové posilňovacie pomôcky;ABL-17-57-036;Nakládací činky HMS SGP30, 30 kg;atos
Cestovanie, šport a outdoor > Posilňovanie a fitness > Doplnkové posilňovacie pomôcky;ABL-17-57-069;Sada činek HMS SGN130 Pro 6v1 30 kg;atos
Cestovanie, šport a outdoor > Posilňovanie a fitness > Doplnkové posilňovacie pomôcky;ABL-17-59-115;Činkový set v kufru HMS STC21 21 kg;atos
Cestovanie, šport a outdoor > Posilňovanie a fitness > Doplnkové posilňovacie pomôcky;ABL-17-59-116;Činkový set v kufru HMS SKC20 2x10 kg;atos
Cestovanie, šport a outdoor > Posilňovanie a fitness > Doplnkové posilňovacie pomôcky;ABL-17-59-122;Jednoruční nakládací činky HMS SG02 2x7 kg;atos
Cestovanie, šport a outdoor > Posilňovanie a fitness > Doplnkové posilňovacie pomôcky;ABL-17-59-133;Činkový set HMS SGG30BAR 2x15 kg litina;atos
Cestovanie, šport a outdoor > Posilňovanie a fitness > Doplnkové posilňovacie pomôcky;ABL-17-6-114;Jednoruční, nakládací činka HMS SG03, 10 kg;atos
Cestovanie, šport a outdoor > Posilňovanie a fitness > Doplnkové posilňovacie pomôcky;ABL-17-6-138;Jednoruční nakládací činka HMS SG01;atos
Cestovanie, šport a outdoor > Posilňovanie a fitness > Doplnkové posilňovacie pomôcky;ABL-17-6-233;Jednoruční vario činka HMS SR52 nastavitelná  2,5 - 26,5 kg;atos
Cestovanie, šport a outdoor > Posilňovanie a fitness > Doplnkové posilňovacie pomôcky;ABL-17-62-055;Stojan na kotouče a osy STR12 HMS PREMIUM;atos
Cestovanie, šport a outdoor > Posilňovanie a fitness > Doplnkové posilňovacie pomôcky;ABL-17-62-097;Stojan na příslušenství HMS STR33;atos
Cestovanie, šport a outdoor > Posilňovanie a fitness > Doplnkové posilňovacie pomôcky;ABL-17-62-098;Stojan na 6 olympijských os HMS STR34;atos
Cestovanie, šport a outdoor > Posilňovanie a fitness > Doplnkové posilňovacie pomôcky;ABL-17-62-099;Stojan na 9 olympijských os HMS STR35;atos
Cestovanie, šport a outdoor > Posilňovanie a fitness > Doplnkové posilňovacie pomôcky;ABL-17-62-123;Stojan na 8 párů činek HMS STR36;atos
Cestovanie, šport a outdoor > Posilňovanie a fitness > Doplnkové posilňovacie pomôcky;ABL-17-62-129;Stojan na Body pump sady HMS STR40;atos
Cestovanie, šport a outdoor > Posilňovanie a fitness > Doplnkové posilňovacie pomôcky;ABL-17-62-132;Stojan na fitness míče a vaky HMS STR41;atos
Cestovanie, šport a outdoor > Posilňovanie a fitness > Doplnkové posilňovacie pomôcky;ABL-17-63-081;Ochranná puzzle podložka ONE Fitness MP10 žlutá-modrá-fialová;atos
Cestovanie, šport a outdoor > Posilňovanie a fitness > Doplnkové posilňovacie pomôcky;ABL-17-63-082;Ochranná puzzle podložka ONE Fitness MP10 zelená-modrá-červená;atos
Cestovanie, šport a outdoor > Posilňovanie a fitness > Doplnkové posilňovacie pomôcky;ABL-17-63-083;Ochranná puzzle podložka ONE FItness MP10 modro-šedá;atos
Cestovanie, šport a outdoor > Posilňovanie a fitness > Doplnkové posilňovacie pomôcky;ABL-17-63-084;Ochranná puzzle podložka ONE Fitness MP10 růžovo-šedá;atos
Cestovanie, šport a outdoor > Posilňovanie a fitness > Doplnkové posilňovacie pomôcky;ABL-17-63-085;Ochranná puzzle podložka HMS Premium MP12 světle šedá;atos
Cestovanie, šport a outdoor > Posilňovanie a fitness > Doplnkové posilňovacie pomôcky;ABL-17-63-086;Ochranná puzzle podložka HMS Premium MP12 tmavě šedá;atos
Cestovanie, šport a outdoor > Posilňovanie a fitness > Doplnkové posilňovacie pomôcky;ABL-17-66-139;Chromované profesionální činky HMS PREMIUM HH06 2 x 6 kg;atos
Cestovanie, šport a outdoor > Posilňovanie a fitness > Doplnkové posilňovacie pomôcky;ABL-17-66-140;Chromované profesionální činky HMS PREMIUM HH07 2 x 7 kg;atos
Cestovanie, šport a outdoor > Posilňovanie a fitness > Doplnkové posilňovacie pomôcky;ABL-17-66-142;Chromované profesionální činky HMS PREMIUM HH09 2 x 9 kg;atos
Cestovanie, šport a outdoor > Posilňovanie a fitness > Doplnkové posilňovacie pomôcky;ABL-17-66-143;Chromované profesionální činky HMS PREMIUM HH10 2 x 10 kg;atos
Cestovanie, šport a outdoor > Posilňovanie a fitness > Doplnkové posilňovacie pomôcky;ABL-17-66-190;Polyuretanová jednoručka HMS HPC 2,5 kg;atos
Cestovanie, šport a outdoor > Posilňovanie a fitness > Doplnkové posilňovacie pomôcky;ABL-17-66-191;Polyuretanová jednoručka HMS HPC 5 kg;atos
Cestovanie, šport a outdoor > Posilňovanie a fitness > Doplnkové posilňovacie pomôcky;ABL-17-66-192;Polyuretanová jednoručka HMS HPC 7,5 kg;atos
Cestovanie, šport a outdoor > Posilňovanie a fitness > Doplnkové posilňovacie pomôcky;ABL-17-66-193;Polyuretanová jednoručka HMS HPC 10 kg;atos
Cestovanie, šport a outdoor > Posilňovanie a fitness > Doplnkové posilňovacie pomôcky;ABL-17-8-042;Dvojité posilovací kolečko HMS WA03;atos
Cestovanie, šport a outdoor > Posilňovanie a fitness > Doplnkové posilňovacie pomôcky;ABL-17-8-048;Dvojité posilovací kolečko HMS WA02;atos
Cestovanie, šport a outdoor > Posilňovanie a fitness > Doplnkové posilňovacie pomôcky;ABL-17-8-272;Masážní válec HMS FS104, modrý;atos
Cestovanie, šport a outdoor > Posilňovanie a fitness > Doplnkové posilňovacie pomôcky;ITR-00014188;Rehabilitační rotoped Trizand 9641;atos
Cestovanie, šport a outdoor > Posilňovanie a fitness > Doplnkové posilňovacie pomôcky;ITR-00014189;Rehabilitační rotoped Trizand 9642;atos
Cestovanie, šport a outdoor > Posilňovanie a fitness > Doplnkové posilňovacie pomôcky;ITR-00016814;Masážní podložka pod záda Trizand 22059;atos
Cestovanie, šport a outdoor > Posilňovanie a fitness > Doplnkové posilňovacie pomôcky;ITR-00016875;Twister Trizand 22186;atos
Cestovanie, šport a outdoor > Posilňovanie a fitness > Doplnkové posilňovacie pomôcky;ITR-00017861;Polštář bederní ortopedický Malatec 24246;atos
Cestovanie, šport a outdoor > Posilňovanie a fitness > Doplnkové posilňovacie pomôcky;ITR-00018049;Hrazda do dveří Trizand 24784;atos
Cestovanie, šport a outdoor > Posilňovanie a fitness > Doplnkové posilňovacie pomôcky;ITR-00018362;Pilates deska s počítadlem Trizand 26343;atos
Cestovanie, šport a outdoor > Posilňovanie a fitness > Doplnkové posilňovacie pomôcky;ITR-00018727;Balanční deska Trizand 26946 s počítadlem a vodováhou;atos
Cestovanie, šport a outdoor > Posilňovanie a fitness > Doplnkové posilňovacie pomôcky;ITR-00018744;Pilates deska multifunkční Trizand 27190;atos
Cestovanie, šport a outdoor > Posilňovanie a fitness > Doplnkové posilňovacie pomôcky;ITR-00019082;Bederní opěrný pás Trizand 27459 L s 24 magnety;atos
Cestovanie, šport a outdoor > Posilňovanie a fitness > Doplnkové posilňovacie pomôcky;ITR-00019083;Bederní opěrný pás Trizand 27458 XL s 24 magnety;atos
Cestovanie, šport a outdoor > Posilňovanie a fitness > Doplnkové posilňovacie pomôcky;LEC-RBA-1001;Běžecký pás REBEL ACTIVE RBA-1001;atos
Cestovanie, šport a outdoor > Posilňovanie a fitness > Doplnkové posilňovacie pomôcky;LEC-RBA-1005;Veslařský trenažér REBEL ACTIVE RBA-1005;atos
Cestovanie, šport a outdoor > Posilňovanie a fitness > Doplnkové posilňovacie pomôcky;LEC-RBA-1006;Spinningové kolo REBEL ACTIVE RBA-1006;atos
Cestovanie, šport a outdoor > Posilňovanie a fitness > Doplnkové posilňovacie pomôcky;LEC-RBA-1007;Spinningové kolo REBEL ACTIVE RBA-1007;atos
Cestovanie, šport a outdoor > Posilňovanie a fitness > Doplnkové posilňovacie pomôcky;LEC-RBA-1008;Spinningové kolo REBEL ACTIVE RBA-1008;atos
Cestovanie, šport a outdoor > Posilňovanie a fitness > Doplnkové posilňovacie pomôcky;LEC-RBA-1009;Rotoped REBEL ACTIVE RBA-1009;atos
Cestovanie, šport a outdoor > Posilňovanie a fitness > Doplnkové posilňovacie pomôcky;LEC-RBA-1010;Rotoped REBEL ACTIVE RBA-1010;atos
Cestovanie, šport a outdoor > Posilňovanie a fitness > Doplnkové posilňovacie pomôcky;LEC-RBA-1011;Orbitrek REBEL ACTIVE RBA-1011;atos
Cestovanie, šport a outdoor > Posilňovanie a fitness > Doplnkové posilňovacie pomôcky;LEC-RBA-1013;Rotoped REBEL ACTIVE RBA-1013;atos
Cestovanie, šport a outdoor > Posilňovanie a fitness > Doplnkové posilňovacie pomôcky;LEC-RBA-1014;Běžecký pás REBEL ACTIVE RBA-1014;atos
Cestovanie, šport a outdoor > Posilňovanie a fitness > Doplnkové posilňovacie pomôcky;LEC-RBA-1016;Spinningové kolo REBEL ACTIVE RBA-1016;atos
Cestovanie, šport a outdoor > Posilňovanie a fitness > Doplnkové posilňovacie pomôcky;LEC-RBA-1017;Běžecký pás REBEL ACTIVE RBA-1017;atos
Cestovanie, šport a outdoor > Posilňovanie a fitness > Doplnkové posilňovacie pomôcky;LEC-RBA-1017-PRO;Běžecký pás REBEL ACTIVE RBA-1017-PRO;atos
Cestovanie, šport a outdoor > Posilňovanie a fitness > Doplnkové posilňovacie pomôcky;LEC-RBA-1018;Běžecký pás REBEL ACTIVE RBA-1018;atos
Cestovanie, šport a outdoor > Posilňovanie a fitness > Doplnkové posilňovacie pomôcky;LEC-RBA-1019;REBEL ACTIVE RBA-1019 rehabilitační rotoped;atos
Cestovanie, šport a outdoor > Posilňovanie a fitness > Doplnkové posilňovacie pomôcky;LEC-RBA-1020;REBEL ACTIVE RBA-1020 rehabilitační rotoped se setrvačníkem;atos
Cestovanie, šport a outdoor > Posilňovanie a fitness > Doplnkové posilňovacie pomôcky;LEC-RBA-1021;Běžecký pás REBEL ACTIVE RBA-1021 rychlost 1–12 km/h, 12 programů;atos
Cestovanie, šport a outdoor > Posilňovanie a fitness > Doplnkové posilňovacie pomôcky;LEC-RBA-2000;Posilovací lavice REBEL ACTIVE RBA-2000;atos
Cestovanie, šport a outdoor > Posilňovanie a fitness > Doplnkové posilňovacie pomôcky;LEC-RBA-2001;Posilovací lavice REBEL ACTIVE RBA-2001;atos
Cestovanie, šport a outdoor > Posilňovanie a fitness > Doplnkové posilňovacie pomôcky;LEC-RBA-2002;Posilovací lavice REBEL ACTIVE RBA-2002;atos
Cestovanie, šport a outdoor > Posilňovanie a fitness > Doplnkové posilňovacie pomôcky;LEC-RBA-2003;Posilovací lavice REBEL ACTIVE RBA-2003;atos
Cestovanie, šport a outdoor > Posilňovanie a fitness > Doplnkové posilňovacie pomôcky;LEC-RBA-2004;Posilovací lavice REBEL ACTIVE RBA-2004;atos
Cestovanie, šport a outdoor > Posilňovanie a fitness > Doplnkové posilňovacie pomôcky;LEC-RBA-2005;Posilovací lavice REBEL ACTIVE RBA-2005;atos
Cestovanie, šport a outdoor > Posilňovanie a fitness > Doplnkové posilňovacie pomôcky;LEC-RBA-2006;Posilovací lavice REBEL ACTIVE RBA-2006;atos
Cestovanie, šport a outdoor > Posilňovanie a fitness > Doplnkové posilňovacie pomôcky;LEC-RBA-2007;Posilovací lavice REBEL ACTIVE RBA-2007;atos
Cestovanie, šport a outdoor > Posilňovanie a fitness > Doplnkové posilňovacie pomôcky;LEC-RBA-2008;Posilovací lavice REBEL ACTIVE RBA-2008;atos
Cestovanie, šport a outdoor > Posilňovanie a fitness > Doplnkové posilňovacie pomôcky;LEC-RBA-2100;Sada bitumenových závaží 4x1,25kg, 31mm, REBEL ACTIVE RBA-2100;atos
Cestovanie, šport a outdoor > Posilňovanie a fitness > Doplnkové posilňovacie pomôcky;LEC-RBA-2101;Sada bitumenových závaží 4x2,5kg, 31mm, REBEL ACTIVE RBA-2101;atos
Cestovanie, šport a outdoor > Posilňovanie a fitness > Doplnkové posilňovacie pomôcky;LEC-RBA-2102;Sada bitumenových závaží 4x5kg, 31mm, REBEL ACTIVE RBA-2102;atos
Cestovanie, šport a outdoor > Posilňovanie a fitness > Doplnkové posilňovacie pomôcky;LEC-RBA-2103;Sada bitumenových závaží 2x10kg, 31mm, REBEL ACTIVE RBA-2103;atos
Cestovanie, šport a outdoor > Posilňovanie a fitness > Doplnkové posilňovacie pomôcky;LEC-RBA-2104;Sada bitumenových závaží 2x15kg, 31mm, REBEL ACTIVE RBA-2104;atos
Cestovanie, šport a outdoor > Posilňovanie a fitness > Doplnkové posilňovacie pomôcky;LEC-RBA-2107;Sada litinových závaží 4x1,25kg, 51mm, REBEL ACTIVE RBA-2107;atos
Cestovanie, šport a outdoor > Posilňovanie a fitness > Doplnkové posilňovacie pomôcky;LEC-RBA-2108;Sada litinových závaží 4x2,5kg, 51mm, REBEL ACTIVE RBA-2108;atos
Cestovanie, šport a outdoor > Posilňovanie a fitness > Doplnkové posilňovacie pomôcky;LEC-RBA-2109;Sada litinových závaží 4x5kg, 51mm, REBEL ACTIVE RBA-2109;atos
Cestovanie, šport a outdoor > Posilňovanie a fitness > Doplnkové posilňovacie pomôcky;LEC-RBA-2110;Sada litinových závaží 2x10kg, 51mm, REBEL ACTIVE RBA-2110;atos
Cestovanie, šport a outdoor > Posilňovanie a fitness > Doplnkové posilňovacie pomôcky;LEC-RBA-2113;Sada litinových závaží 30kg, 51mm, REBEL ACTIVE RBA-2113;atos
Cestovanie, šport a outdoor > Posilňovanie a fitness > Doplnkové posilňovacie pomôcky;LEC-RBA-2138;Sada bitumenových závaží 4x5kg, 51mm, REBEL ACTIVE RBA-2138;atos
Cestovanie, šport a outdoor > Posilňovanie a fitness > Doplnkové posilňovacie pomôcky;LEC-RBA-2139;Sada bitumenových závaží 2x7,5kg, 51mm, REBEL ACTIVE RBA-2139;atos
Cestovanie, šport a outdoor > Posilňovanie a fitness > Doplnkové posilňovacie pomôcky;LEC-RBA-2140;Sada bitumenových závaží 2x10kg, 51mm, REBEL ACTIVE RBA-2140;atos
Cestovanie, šport a outdoor > Posilňovanie a fitness > Doplnkové posilňovacie pomôcky;LEC-RBA-2141;Sada bitumenových závaží 2x15kg, 51mm, REBEL ACTIVE RBA-2141;atos
Cestovanie, šport a outdoor > Posilňovanie a fitness > Doplnkové posilňovacie pomôcky;LEC-RBA-2143-02.5;Sada litinových závaží 4x2,5kg, 51mm, REBEL ACTIVE RBA-2143-02.5;atos
Cestovanie, šport a outdoor > Posilňovanie a fitness > Doplnkové posilňovacie pomôcky;LEC-RBA-2143-05;Sada litinových závaží 4x5kg, 51mm, REBEL ACTIVE RBA-2143-05;atos
Cestovanie, šport a outdoor > Posilňovanie a fitness > Doplnkové posilňovacie pomôcky;LEC-RBA-2206;Činková tyč rovná 180cm  6,8kg 24mm REBEL ACTIVE RBA-2206;atos
Cestovanie, šport a outdoor > Posilňovanie a fitness > Doplnkové posilňovacie pomôcky;LEC-RBA-2215;Činková tyč olympijská rovná s ložisky 120cm 9kg 50mm REBEL ACTIVE RBA-2215;atos
Cestovanie, šport a outdoor > Posilňovanie a fitness > Doplnkové posilňovacie pomôcky;LEC-RBA-2300;Nastavitelná bitumenová činka 2x10kg, REBEL ACTIVE RBA-2300;atos
Cestovanie, šport a outdoor > Posilňovanie a fitness > Doplnkové posilňovacie pomôcky;LEC-RBA-2301;Nastavitelná bitumenová činka 2x15kg, REBEL ACTIVE RBA-2301;atos
Cestovanie, šport a outdoor > Posilňovanie a fitness > Doplnkové posilňovacie pomôcky;LEC-RBA-2302-1;Nastavitelná bitumenová činka 1x20kg, REBEL ACTIVE RBA-2302-1;atos
Cestovanie, šport a outdoor > Posilňovanie a fitness > Doplnkové posilňovacie pomôcky;LEC-RBA-2303;Automatická nastavitelná litinová činka 24 kg REBEL ACTIVE RBA-2303;atos
Cestovanie, šport a outdoor > Posilňovanie a fitness > Doplnkové posilňovacie pomôcky;LEC-RBA-2305;Činky REBEL ACTIVE RBA-2305  bitumenové 2x1 kg;atos
Cestovanie, šport a outdoor > Posilňovanie a fitness > Doplnkové posilňovacie pomôcky;LEC-RBA-2306;Bitumenové činky 2x1,5kg, REBEL ACTIVE RBA-2306;atos
Cestovanie, šport a outdoor > Posilňovanie a fitness > Doplnkové posilňovacie pomôcky;LEC-RBA-2308;Činky REBEL ACTIVE RBA-2308  bitumenové 2x3kg;atos
Cestovanie, šport a outdoor > Posilňovanie a fitness > Doplnkové posilňovacie pomôcky;LEC-RBA-2309;Bitumenové činky 2x4kg, REBEL ACTIVE RBA-2309;atos
Cestovanie, šport a outdoor > Posilňovanie a fitness > Doplnkové posilňovacie pomôcky;LEC-RBA-2310;Sada bitumenových činek 20kg REBEL ACTIVE RBA-2310;atos
Cestovanie, šport a outdoor > Posilňovanie a fitness > Doplnkové posilňovacie pomôcky;LEC-RBA-2311;Kettlebell Bitumenový  2 kg REBEL ACTIVE RBA-2311;atos
Cestovanie, šport a outdoor > Posilňovanie a fitness > Doplnkové posilňovacie pomôcky;LEC-RBA-2312;Kettlebell Bitumenový  4 kg REBEL ACTIVE RBA-2312;atos
Cestovanie, šport a outdoor > Posilňovanie a fitness > Doplnkové posilňovacie pomôcky;LEC-RBA-2313;Kettlebell Bitumenový  6 kg REBEL ACTIVE RBA-2313;atos
Cestovanie, šport a outdoor > Posilňovanie a fitness > Doplnkové posilňovacie pomôcky;LEC-RBA-2314;Kettlebell Bitumenový  8 kg REBEL ACTIVE RBA-2314;atos
Cestovanie, šport a outdoor > Posilňovanie a fitness > Doplnkové posilňovacie pomôcky;LEC-RBA-2315;Kettlebell Bitumenový 10 kg REBEL ACTIVE RBA-2315;atos
Cestovanie, šport a outdoor > Posilňovanie a fitness > Doplnkové posilňovacie pomôcky;LEC-RBA-2322G-02;Kettlebell Bitumenový  2 kg šedý REBEL ACTIVE RBA-2322G-02;atos
Cestovanie, šport a outdoor > Posilňovanie a fitness > Doplnkové posilňovacie pomôcky;LEC-RBA-2322G-04;Kettlebell Bitumenový  4 kg šedý REBEL ACTIVE RBA-2322G-04;atos
Cestovanie, šport a outdoor > Posilňovanie a fitness > Doplnkové posilňovacie pomôcky;LEC-RBA-2322G-06;Kettlebell Bitumenový  6 kg šedý REBEL ACTIVE RBA-2322G-06;atos
Cestovanie, šport a outdoor > Posilňovanie a fitness > Doplnkové posilňovacie pomôcky;LEC-RBA-2322G-08;Kettlebell Bitumenový  8 kg šedý REBEL ACTIVE RBA-2322G-08;atos
Cestovanie, šport a outdoor > Posilňovanie a fitness > Doplnkové posilňovacie pomôcky;LEC-RBA-2322G-10;Kettlebell Bitumenový 10 kg šedý REBEL ACTIVE RBA-2322G-10;atos
Cestovanie, šport a outdoor > Posilňovanie a fitness > Doplnkové posilňovacie pomôcky;LEC-RBA-2322G-12;Kettlebell Bitumenový 12 kg šedý REBEL ACTIVE RBA-2322G-12;atos
Cestovanie, šport a outdoor > Posilňovanie a fitness > Doplnkové posilňovacie pomôcky;LEC-RBA-2323-04;Kettlebell Litinový  4 kg REBEL ACTIVE RBA-2323-04;atos
Cestovanie, šport a outdoor > Posilňovanie a fitness > Doplnkové posilňovacie pomôcky;LEC-RBA-2323-06;Kettlebell Litinový  6 kg REBEL ACTIVE RBA-2323-06;atos
Cestovanie, šport a outdoor > Posilňovanie a fitness > Doplnkové posilňovacie pomôcky;LEC-RBA-2323-08;Kettlebell Litinový  8 kg REBEL ACTIVE RBA-2323-08;atos
Cestovanie, šport a outdoor > Posilňovanie a fitness > Doplnkové posilňovacie pomôcky;LEC-RBA-2323-10;Kettlebell Litinový 10 kg REBEL ACTIVE RBA-2323-10;atos
Cestovanie, šport a outdoor > Posilňovanie a fitness > Doplnkové posilňovacie pomôcky;LEC-RBA-2324-9;Kettlebell litinový nastavitelný 9 kg REBEL ACTIVE RBA-2324-9;atos
Cestovanie, šport a outdoor > Posilňovanie a fitness > Doplnkové posilňovacie pomôcky;LEC-RBA-2325-01;Pogumované litinové činky HEX 2x1 kg REBEL ACTIVE RBA-2325-01;atos
Cestovanie, šport a outdoor > Posilňovanie a fitness > Doplnkové posilňovacie pomôcky;LEC-RBA-2325-02;Pogumované litinové činky HEX 2x2 kg REBEL ACTIVE RBA-2325-02;atos
Cestovanie, šport a outdoor > Posilňovanie a fitness > Doplnkové posilňovacie pomôcky;LEC-RBA-2325-02.5;Pogumované litinové činky HEX REBEL ACTIVE 2×2,5 kg;atos
Cestovanie, šport a outdoor > Posilňovanie a fitness > Doplnkové posilňovacie pomôcky;LEC-RBA-2325-07;Pogumované litinové činky HEX 2x7 kg REBEL ACTIVE RBA-2325-07;atos
Cestovanie, šport a outdoor > Posilňovanie a fitness > Doplnkové posilňovacie pomôcky;LEC-RBA-2325-07.5;Pogumované litinové činky HEX REBEL ACTIVE RBA-2325-07.5  2x7,5 kg;atos
Cestovanie, šport a outdoor > Posilňovanie a fitness > Doplnkové posilňovacie pomôcky;LEC-RBA-2325-10;Pogumované litinové činky HEX 2x10 kg REBEL ACTIVE RBA-2325-10;atos
Cestovanie, šport a outdoor > Posilňovanie a fitness > Doplnkové posilňovacie pomôcky;LEC-RBA-2326-20;Činky chromované nastavitelné 20kg, REBEL ACTIVE RBA-2326-20;atos
Cestovanie, šport a outdoor > Posilňovanie a fitness > Doplnkové posilňovacie pomôcky;LEC-RBA-2326-30;Činky chromované nastavitelné 30kg, REBEL ACTIVE RBA-2326-30;atos
Cestovanie, šport a outdoor > Posilňovanie a fitness > Doplnkové posilňovacie pomôcky;LEC-RBA-2327-15;Činky litinové nastavitelné 15kg, REBEL ACTIVE RBA-2327-15;atos
Cestovanie, šport a outdoor > Posilňovanie a fitness > Doplnkové posilňovacie pomôcky;LEC-RBA-2327-20;Činky litinové nastavitelné 20kg, REBEL ACTIVE RBA-2327-20;atos
Cestovanie, šport a outdoor > Posilňovanie a fitness > Doplnkové posilňovacie pomôcky;LEC-RBA-2327-30;Činky litinové nastavitelné 30kg, REBEL ACTIVE RBA-2327-30;atos
Cestovanie, šport a outdoor > Posilňovanie a fitness > Doplnkové posilňovacie pomôcky;LEC-RBA-2328-20;Nastavitelná bitumenová činka 1x20kg, REBEL ACTIVE RBA-2328-20;atos
Cestovanie, šport a outdoor > Posilňovanie a fitness > Doplnkové posilňovacie pomôcky;LEC-RBA-2329-0.5;Činky REBEL ACTIVE RBA-2329-0.5  litioné neoprenové 2x0.5kg;atos
Cestovanie, šport a outdoor > Posilňovanie a fitness > Doplnkové posilňovacie pomôcky;LEC-RBA-2329-1;Činky REBEL ACTIVE RBA-2329-1 litinové neoprénové 2x1kg;atos
Cestovanie, šport a outdoor > Posilňovanie a fitness > Doplnkové posilňovacie pomôcky;LEC-RBA-2329-3;Činky REBEL ACTIVE RBA-2329-3 litinové neoprenové 2x3kg;atos
Cestovanie, šport a outdoor > Posilňovanie a fitness > Doplnkové posilňovacie pomôcky;LEC-RBA-2329-4;Činky REBEL ACTIVE RBA-2329-4 litinové neoprenové  2x4kg;atos
Cestovanie, šport a outdoor > Posilňovanie a fitness > Doplnkové posilňovacie pomôcky;LEC-RBA-2329-S;Činky REBEL ACTIVE RBA-2329-S litinové neoprenové sada 21kg (2x0.5kg+2x1kg+2x2kg+2x3kg+2x4kg);atos
Cestovanie, šport a outdoor > Posilňovanie a fitness > Doplnkové posilňovacie pomôcky;LEC-RBA-2330-0.5;Činky REBEL ACTIVE RBA-2330-0.5 litinové neoprenové  HEX 2x0.5kg;atos
Cestovanie, šport a outdoor > Posilňovanie a fitness > Doplnkové posilňovacie pomôcky;LEC-RBA-2330-1;Činky REBEL ACTIVE RBA-2330-1 litinové neoprenové HEX 2x1kg;atos
Cestovanie, šport a outdoor > Posilňovanie a fitness > Doplnkové posilňovacie pomôcky;LEC-RBA-2330-1.5;Činky REBEL ACTIVE RBA-2330-1.5 litinové neoprenové HEX 2x1.5kg;atos
Cestovanie, šport a outdoor > Posilňovanie a fitness > Doplnkové posilňovacie pomôcky;LEC-RBA-2330-10;Činky REBEL ACTIVE RBA-2330-10 litinové neoprenové HEX 2x10kg;atos
Cestovanie, šport a outdoor > Posilňovanie a fitness > Doplnkové posilňovacie pomôcky;LEC-RBA-2330-2;Činky REBEL ACTIVE RBA-2330-2 litinové neoprenové HEX 2x2kg;atos
Cestovanie, šport a outdoor > Posilňovanie a fitness > Doplnkové posilňovacie pomôcky;LEC-RBA-2330-4;Činky REBEL ACTIVE RBA-2330-4 litinové neoprenové HEX 2x4kg;atos
Cestovanie, šport a outdoor > Posilňovanie a fitness > Doplnkové posilňovacie pomôcky;LEC-RBA-2330-6;Činky REBEL ACTIVE RBA-2330-6 litinové neoprenové HEX 2x6kg;atos
Cestovanie, šport a outdoor > Posilňovanie a fitness > Doplnkové posilňovacie pomôcky;LEC-RBA-2330-7;Činky REBEL ACTIVE RBA-2330-7 litinové neoprenové HEX 2x7kg;atos
Cestovanie, šport a outdoor > Posilňovanie a fitness > Doplnkové posilňovacie pomôcky;LEC-RBA-2330-8;Činky REBEL ACTIVE RBA-2330-8 litinové neoprenové HEX 2x8kg;atos
Cestovanie, šport a outdoor > Posilňovanie a fitness > Doplnkové posilňovacie pomôcky;LEC-RBA-2330-9;Činky REBEL ACTIVE RBA-2330-9 litinové neoprenové HEX 2x9kg;atos
Cestovanie, šport a outdoor > Posilňovanie a fitness > Doplnkové posilňovacie pomôcky;LEC-RBA-2330-S3;Činky REBEL ACTIVE RBA-2330-S3 litinové neoprenové HEX sada 12kg (2x1kg+2x2kg+2x3kg),;atos
Cestovanie, šport a outdoor > Posilňovanie a fitness > Doplnkové posilňovacie pomôcky;LEC-RBA-2330-S5;Činky REBEL ACTIVE RBA-2330-S5 litinové neoprenové HEX sada 30kg (2x1kg+2x2kg+2x3kg+2x4kg+2x5kg);atos
Cestovanie, šport a outdoor > Posilňovanie a fitness > Doplnkové posilňovacie pomôcky;LEC-RBA-2331-24;Činka litinová nastavitelná 1x3-24kg, REBEL ACTIVE RBA-2331-24;atos
Cestovanie, šport a outdoor > Posilňovanie a fitness > Doplnkové posilňovacie pomôcky;LEC-RBA-2332-24;Činka litinová nastavitelná 1x2-24kg, REBEL ACTIVE RBA-2332-24;atos
Cestovanie, šport a outdoor > Posilňovanie a fitness > Doplnkové posilňovacie pomôcky;LEC-RBA-2333-02.5;Kettlebell Soft Vinylový 2,5 kg REBEL ACTIVE RBA-2333-02.5;atos
Cestovanie, šport a outdoor > Posilňovanie a fitness > Doplnkové posilňovacie pomôcky;LEC-RBA-2333-04;Kettlebell Soft Vinylový 4 kg REBEL ACTIVE RBA-2333-04;atos
Cestovanie, šport a outdoor > Posilňovanie a fitness > Doplnkové posilňovacie pomôcky;LEC-RBA-2333-05;Kettlebell Soft Vinylový 5 kg REBEL ACTIVE RBA-2333-05;atos
Cestovanie, šport a outdoor > Posilňovanie a fitness > Doplnkové posilňovacie pomôcky;LEC-RBA-2333-06;Kettlebell Soft Vinylový 6 kg REBEL ACTIVE RBA-2333-06;atos
Cestovanie, šport a outdoor > Posilňovanie a fitness > Doplnkové posilňovacie pomôcky;LEC-RBA-2333-08;Kettlebell Soft Vinylový 8 kg REBEL ACTIVE RBA-2333-08;atos
Cestovanie, šport a outdoor > Posilňovanie a fitness > Doplnkové posilňovacie pomôcky;LEC-RBA-2400;Hrazda REBEL ACTIVE RBA-2400;atos
Cestovanie, šport a outdoor > Posilňovanie a fitness > Doplnkové posilňovacie pomôcky;LEC-RBA-2402;Stojany na činky nastavitelné REBEL ACTIVE RBA-2402;atos
Cestovanie, šport a outdoor > Posilňovanie a fitness > Doplnkové posilňovacie pomôcky;LEC-RBA-2403;Stojany na činky nastavitelné REBEL ACTIVE RBA-2403;atos
Cestovanie, šport a outdoor > Posilňovanie a fitness > Doplnkové posilňovacie pomôcky;LEC-RBA-2404;Multifunkční tréninková hrazda REBEL ACTIVE RBA-2404;atos
Cestovanie, šport a outdoor > Posilňovanie a fitness > Doplnkové posilňovacie pomôcky;LEC-RBA-2405;Posilovač břišních svalů REBEL ACTIVE RBA-2405;atos
Cestovanie, šport a outdoor > Posilňovanie a fitness > Doplnkové posilňovacie pomôcky;LEC-RBA-2406;Nastavitelná rozpěrná tyč pro pull-upy, REBEL ACTIVE RBA-2406;atos
Cestovanie, šport a outdoor > Posilňovanie a fitness > Doplnkové posilňovacie pomôcky;LEC-RBA-2407;Multifunkční tréninková hrazda REBEL ACTIVE RBA-2407;atos
Cestovanie, šport a outdoor > Posilňovanie a fitness > Doplnkové posilňovacie pomôcky;LEC-RBA-2500;Úchopy na kliky REBEL RBA-2500 2ks;atos
Cestovanie, šport a outdoor > Posilňovanie a fitness > Doplnkové posilňovacie pomôcky;LEC-RBA-2501-BK;Posilovací kroužek silikonový 0 - 27 kg REBEL ACTIVE RBA-2501-BK černý;atos
Cestovanie, šport a outdoor > Posilňovanie a fitness > Doplnkové posilňovacie pomôcky;LEC-RBA-2501-BL;Posilovací kroužek silikonový 0 - 14 kg REBEL ACTIVE RBA-2501-BL modrý;atos
Cestovanie, šport a outdoor > Posilňovanie a fitness > Doplnkové posilňovacie pomôcky;LEC-RBA-2503-23;Posilovač rukou, kovový 23 kg REBEL ACTIVE RBA-2503-23;atos
Cestovanie, šport a outdoor > Posilňovanie a fitness > Doplnkové posilňovacie pomôcky;LEC-RBA-2503-45;Posilovač rukou, kovový 45 kg REBEL ACTIVE RBA-2503-45;atos
Cestovanie, šport a outdoor > Posilňovanie a fitness > Doplnkové posilňovacie pomôcky;LEC-RBA-2503-68;Posilovač rukou, kovový 68 kg REBEL ACTIVE RBA-2503-68;atos
Cestovanie, šport a outdoor > Posilňovanie a fitness > Doplnkové posilňovacie pomôcky;LEC-RBA-2503-90;Posilovač rukou, kovový 90 kg REBEL ACTIVE RBA-2503-90;atos
Cestovanie, šport a outdoor > Posilňovanie a fitness > Doplnkové posilňovacie pomôcky;LEC-RBA-2505;Tréninkové háky REBEL RBA-2505;atos
Cestovanie, šport a outdoor > Posilňovanie a fitness > Doplnkové posilňovacie pomôcky;LEC-RBA-3000-1;Latexová posilovací guma REBEL RBA-3000-1 Power Band PL-1 4-7 kg Žlutá;atos
Cestovanie, šport a outdoor > Posilňovanie a fitness > Doplnkové posilňovacie pomôcky;LEC-RBA-3000-2;Latexová posilovací guma REBEL RBA-3000-2 Power Band PL-2 6-14 kg Červená;atos
Cestovanie, šport a outdoor > Posilňovanie a fitness > Doplnkové posilňovacie pomôcky;LEC-RBA-3000-3;Latexová posilovací guma REBEL RBA-3000-3 Power Band PL-3 16-32 kg Černá;atos
Cestovanie, šport a outdoor > Posilňovanie a fitness > Doplnkové posilňovacie pomôcky;LEC-RBA-3000-4;Latexová posilovací guma REBEL RBA-3000-4 Power Band PL-4 20-45 kg Fialová;atos
Cestovanie, šport a outdoor > Posilňovanie a fitness > Doplnkové posilňovacie pomôcky;LEC-RBA-3000-5;Latexová posilovací guma REBEL RBA-3000-5 Power Band PL-5 23-55 kg Zelená;atos
Cestovanie, šport a outdoor > Posilňovanie a fitness > Doplnkové posilňovacie pomôcky;LEC-RBA-3000-6;Latexová posilovací guma REBEL RBA-3000-6 Power Band PL-6 27-68 kg Modrá;atos
Cestovanie, šport a outdoor > Posilňovanie a fitness > Doplnkové posilňovacie pomôcky;LEC-RBA-3000-7;Latexová posilovací guma REBEL RBA-3000-7 Power Band PL-7 32-82 kg Oranžová;atos
Cestovanie, šport a outdoor > Posilňovanie a fitness > Doplnkové posilňovacie pomôcky;LEC-RBA-3000-S3;Guma posilovací REBEL ACTIVE RBA-3000-S3 Latexová sada cvičebních pásů - Power Band PLs-1, 4-32 kg, 3 pásy;atos
Cestovanie, šport a outdoor > Posilňovanie a fitness > Doplnkové posilňovacie pomôcky;LEC-RBA-3000-S4;Guma posilovací REBEL ACTIVE RBA-3000-S4 Latexová sada cvičebních pásů - Power Band PLs-2, 4-45 kg, 4 pásy;atos
Cestovanie, šport a outdoor > Posilňovanie a fitness > Doplnkové posilňovacie pomôcky;LEC-RBA-3001-1;Guma posilovací REBEL RBA-3001-1 Power Band PT-1 4-7kg Žlutá;atos
Cestovanie, šport a outdoor > Posilňovanie a fitness > Doplnkové posilňovacie pomôcky;LEC-RBA-3001-2;Guma posilovací REBEL RBA-3001-2 Power Band PT-2 6-14kg Červená;atos
Cestovanie, šport a outdoor > Posilňovanie a fitness > Doplnkové posilňovacie pomôcky;LEC-RBA-3001-3;Guma posilovací REBEL RBA-3001-3 Power Band PT-3 16-32kg Černá;atos
Cestovanie, šport a outdoor > Posilňovanie a fitness > Doplnkové posilňovacie pomôcky;LEC-RBA-3001-S3;Guma posilovací REBEL ACTIVE RBA-3001-S3 TPE sada cvičebních pásů - Power Band PT-S3, 4-55 kg, 3 pásy;atos
Cestovanie, šport a outdoor > Posilňovanie a fitness > Doplnkové posilňovacie pomôcky;LEC-RBA-3001-S5;Guma posilovací REBEL ACTIVE RBA-3001-S5 TPE sada cvičebních pásů - Power Band PTs-1, 4-55 kg, 5 pásů;atos
Cestovanie, šport a outdoor > Posilňovanie a fitness > Doplnkové posilňovacie pomôcky;LEC-RBA-3001-S7;Guma posilovací REBEL ACTIVE RBA-3001-S7 TPE sada cvičebních pásů - Power Band PT-S7, 4-82 kg, 5 pásů;atos
Cestovanie, šport a outdoor > Posilňovanie a fitness > Doplnkové posilňovacie pomôcky;LEC-RBA-3002-CO;Guma posilovací REBEL ACTIVE RBA-3002-CO Latexová sada cvičebních pásů - Mini Band L, 2,3-18,2 kg, 5 pásů, barevná,;atos
Cestovanie, šport a outdoor > Posilňovanie a fitness > Doplnkové posilňovacie pomôcky;LEC-RBA-3002-PU;Guma posilovací REBEL ACTIVE RBA-3002-PU Latexová sada cvičebních pásů - Mini Band L, 2,3-18,2 kg, 5 pásů, fialová;atos
Cestovanie, šport a outdoor > Posilňovanie a fitness > Doplnkové posilňovacie pomôcky;LEC-RBA-3002-TPE;Guma posilovací REBEL ACTIVE RBA-3002-TPE sada cvičebních pásů - Mini Band L, 2,3-18,2 kg, 5 pásů, barevná;atos
Cestovanie, šport a outdoor > Posilňovanie a fitness > Doplnkové posilňovacie pomôcky;LEC-RBA-3003;Cvičební pásy REBEL ACTIVE RBA-3003 látková Sada 3ks  Mini Band M, 27-55 kg;atos
Cestovanie, šport a outdoor > Posilňovanie a fitness > Doplnkové posilňovacie pomôcky;LEC-RBA-3004;Guma posilovací REBEL ACTIVE RBA-3004 Latexová sada 5ks Long Band Ls-1, 1,5-11,5 kg, barevná;atos
Cestovanie, šport a outdoor > Posilňovanie a fitness > Doplnkové posilňovacie pomôcky;LEC-RBA-3005;Guma posilovací REBEL ACTIVE RBA-3005 Latexová sada cvičebních pásů Long Band LTs-1, 2,5-20 kg, 5 pásů, barevná;atos
Cestovanie, šport a outdoor > Posilňovanie a fitness > Doplnkové posilňovacie pomôcky;LEC-RBA-3006;Guma posilovací REBEL ACTIVE RBA-3006 TPE Sada posilovacích gum na cvičení - Power Tube Set, 5-30 kg, 5 gum,;atos
Cestovanie, šport a outdoor > Posilňovanie a fitness > Doplnkové posilňovacie pomôcky;LEC-RBA-3007-BK;Popruh na jógu, cvičební pás, černý, REBEL ACTIVE;atos
Cestovanie, šport a outdoor > Posilňovanie a fitness > Doplnkové posilňovacie pomôcky;LEC-RBA-3007-PK;Popruh na jógu, cvičební pás, růžový, REBEL ACTIVE;atos
Cestovanie, šport a outdoor > Posilňovanie a fitness > Doplnkové posilňovacie pomôcky;LEC-RBA-3007-PU;Popruh na jógu, cvičební pás, fialový, REBEL ACTIVE;atos
Cestovanie, šport a outdoor > Posilňovanie a fitness > Doplnkové posilňovacie pomôcky;LEC-RBA-3008-1;Tréninkové cvičební pásy TRX P3-1 REBEL ACTIVE RBA-3008-1;atos
Cestovanie, šport a outdoor > Posilňovanie a fitness > Doplnkové posilňovacie pomôcky;LEC-RBA-3008-3;Tréninkové cvičební pásy TRX P3-3 REBEL ACTIVE RBA-3008-3;atos
Cestovanie, šport a outdoor > Posilňovanie a fitness > Doplnkové posilňovacie pomôcky;LEC-RBA-3050-BK;Masážní válec REBEL ACTIVE RBA-3050-BK  14x33 cm černý, s masážními body;atos
Cestovanie, šport a outdoor > Posilňovanie a fitness > Doplnkové posilňovacie pomôcky;LEC-RBA-3050-PU;Masážní válec REBEL ACTIVE RBA-3050-PU  14x33 cm fialový, s masážními body;atos
Cestovanie, šport a outdoor > Posilňovanie a fitness > Doplnkové posilňovacie pomôcky;LEC-RBA-3052-45;Masážní válec REBEL ACTIVE RBA-3052-45  15x45cm černý;atos
Cestovanie, šport a outdoor > Posilňovanie a fitness > Doplnkové posilňovacie pomôcky;LEC-RBA-3052-60;Masážní válec REBEL ACTIVE RBA-3052-60  15x60cm černý;atos
Cestovanie, šport a outdoor > Posilňovanie a fitness > Doplnkové posilňovacie pomôcky;LEC-RBA-3052-90;Masážní válec REBEL ACTIVE RBA-3052-90  15x90cm černý;atos
Cestovanie, šport a outdoor > Posilňovanie a fitness > Doplnkové posilňovacie pomôcky;LEC-RBA-3053-15;Masážní válec REBEL ACTIVE RBA-3053-15  5x15 cm černo-modrý MINI;atos
Cestovanie, šport a outdoor > Posilňovanie a fitness > Doplnkové posilňovacie pomôcky;LEC-RBA-3053-33;Masážní válec REBEL ACTIVE RBA-3053-33  14x33cm černo-modrý;atos
Cestovanie, šport a outdoor > Posilňovanie a fitness > Doplnkové posilňovacie pomôcky;LEC-RBA-3054-S3;Masážní sada REBEL ACTIVE RBA-3054-S3, černomodrá, materiál EPP;atos
Cestovanie, šport a outdoor > Posilňovanie a fitness > Doplnkové posilňovacie pomôcky;LEC-RBA-3054-S6;Masážní sada REBEL ACTIVE RBA-3054-S6, černomodrá, materiál EPP;atos
Cestovanie, šport a outdoor > Posilňovanie a fitness > Doplnkové posilňovacie pomôcky;LEC-RBA-3055-12;Masážní míč 12 cm, REBEL ACTIVE RBA-3055-12, černomodrý, materiál EPP;atos
Cestovanie, šport a outdoor > Posilňovanie a fitness > Doplnkové posilňovacie pomôcky;LEC-RBA-3055-8;Masážní míč 8 cm, REBEL ACTIVE RBA-3055-8, černomodrý, materiál EPP;atos
Cestovanie, šport a outdoor > Posilňovanie a fitness > Doplnkové posilňovacie pomôcky;LEC-RBA-3056-12;Masážní míč dvojitý 12 cm, REBEL ACTIVE RBA-3056-12, černomodrý, materiál EPP;atos
Cestovanie, šport a outdoor > Posilňovanie a fitness > Doplnkové posilňovacie pomôcky;LEC-RBA-3056-8;Masážní míč dvojitý 8 cm, REBEL ACTIVE RBA-3056-8, černomodrý, materiál EPP;atos
Cestovanie, šport a outdoor > Posilňovanie a fitness > Doplnkové posilňovacie pomôcky;LEC-RBA-3057;Masážní míč 6,25 cm, REBEL ACTIVE RBA-3057, černý, materiál silikon;atos
Cestovanie, šport a outdoor > Posilňovanie a fitness > Doplnkové posilňovacie pomôcky;LEC-RBA-3058;Masážní míč dvojitý 6,25 cm, REBEL ACTIVE RBA-3058, černý, materiál silikon;atos
Cestovanie, šport a outdoor > Posilňovanie a fitness > Doplnkové posilňovacie pomôcky;LEC-RBA-3060;Posilovací kolečko REBEL ACTIVE RBA-3060 AB Wheel AB-1;atos
Cestovanie, šport a outdoor > Posilňovanie a fitness > Doplnkové posilňovacie pomôcky;LEC-RBA-3061;Posilovací kolečko REBEL ACTIVE RBA-3061 AB Wheel AB-2;atos
Cestovanie, šport a outdoor > Posilňovanie a fitness > Doplnkové posilňovacie pomôcky;LEC-RBA-3062-PU;Jóga válec Dharma REBEL ACTIVE RBA-3062-PU;atos
Cestovanie, šport a outdoor > Posilňovanie a fitness > Doplnkové posilňovacie pomôcky;LEC-RBA-3063-BL;Jóga kostka REBEL ACTIVE RBA-3063-BL;atos
Cestovanie, šport a outdoor > Posilňovanie a fitness > Doplnkové posilňovacie pomôcky;LEC-RBA-3063-PU;Jóga kostka REBEL ACTIVE RBA-3063-PU;atos
Cestovanie, šport a outdoor > Posilňovanie a fitness > Doplnkové posilňovacie pomôcky;LEC-RBA-3064-PK;Hula hoop REBEL ACTIVE RBA-3064-PK;atos
Cestovanie, šport a outdoor > Posilňovanie a fitness > Doplnkové posilňovacie pomôcky;LEC-RBA-3065-PK;Hula hoop REBEL ACTIVE RBA-3065-PK se závažím;atos
Cestovanie, šport a outdoor > Posilňovanie a fitness > Doplnkové posilňovacie pomôcky;LEC-RBA-3066-BL;Hula hoop REBEL ACTIVE RBA-3066-BL se závažím a masážními výstupky;atos
Cestovanie, šport a outdoor > Posilňovanie a fitness > Doplnkové posilňovacie pomôcky;LEC-RBA-3067-PK;Hula hoop REBEL ACTIVE RBA-3067-PK se závažím a počítadlem;atos
Cestovanie, šport a outdoor > Posilňovanie a fitness > Doplnkové posilňovacie pomôcky;LEC-RBA-3068-BL;AB roller Wheel AB-3 REBEL ACTIVE RBA-3068-BL;atos
Cestovanie, šport a outdoor > Posilňovanie a fitness > Doplnkové posilňovacie pomôcky;LEC-RBA-3068-OR;AB roller Wheel AB-3 REBEL ACTIVE RBA-3068-OR;atos
Cestovanie, šport a outdoor > Posilňovanie a fitness > Doplnkové posilňovacie pomôcky;LEC-RBA-3069-BK;Fitness sada na pilates REBEL ACTIVE RBA-3069-BK multifunkční 9v1 černá;atos
Cestovanie, šport a outdoor > Posilňovanie a fitness > Doplnkové posilňovacie pomôcky;LEC-RBA-3069-PK;Fitness sada na pilates REBEL ACTIVE RBA-3069-PK multifunkční 9v1 růžová;atos
Cestovanie, šport a outdoor > Posilňovanie a fitness > Doplnkové posilňovacie pomôcky;LEC-RBA-3069-PU;Fitness sada na pilates REBEL ACTIVE RBA-3069-PU multifunkční 9v1 fialová;atos
Cestovanie, šport a outdoor > Posilňovanie a fitness > Doplnkové posilňovacie pomôcky;LEC-RBA-3071;Masážní válec-roler REBEL RBA-3071 Černý;atos
Cestovanie, šport a outdoor > Posilňovanie a fitness > Doplnkové posilňovacie pomôcky;LEC-RBA-3100-BL;Gymnastický míč REBEL ACTIVE RBA-3100-BL 55 cm s ruční pumpou, modrý;atos
Cestovanie, šport a outdoor > Posilňovanie a fitness > Doplnkové posilňovacie pomôcky;LEC-RBA-3101-BL;Gymnastický míč REBEL ACTIVE RBA-3101-BL 65 cm s ruční pumpou, modrý;atos
Cestovanie, šport a outdoor > Posilňovanie a fitness > Doplnkové posilňovacie pomôcky;LEC-RBA-3102-BL;Gymnastický míč REBEL ACTIVE RBA-3102-BL 75 cm s ruční pumpou, modrý;atos
Cestovanie, šport a outdoor > Posilňovanie a fitness > Doplnkové posilňovacie pomôcky;LEC-RBA-3103-BL;Rehabilitační pilates míč REBEL ACTIVE RBA-3103-BL 25 cm modrý;atos
Cestovanie, šport a outdoor > Posilňovanie a fitness > Doplnkové posilňovacie pomôcky;LEC-RBA-3103-GY;Rehabilitační pilates míč REBEL ACTIVE RBA-3103-GY 25 cm šedý;atos
Cestovanie, šport a outdoor > Posilňovanie a fitness > Doplnkové posilňovacie pomôcky;LEC-RBA-3103-PK;Rehabilitační pilates míč REBEL ACTIVE RBA-3103-PK 25 cm růžový;atos
Cestovanie, šport a outdoor > Posilňovanie a fitness > Doplnkové posilňovacie pomôcky;LEC-RBA-3103-PU;Rehabilitační pilates míč REBEL ACTIVE RBA-3103-PU 25 cm fialový;atos
Cestovanie, šport a outdoor > Posilňovanie a fitness > Doplnkové posilňovacie pomôcky;LEC-RBA-3104-46;Balanční podložka REBEL ACTIVE RBA-3104-46;atos
Cestovanie, šport a outdoor > Posilňovanie a fitness > Doplnkové posilňovacie pomôcky;LEC-RBA-3104-58;Balanční podložka REBEL ACTIVE RBA-3104-58;atos
Cestovanie, šport a outdoor > Posilňovanie a fitness > Doplnkové posilňovacie pomôcky;LEC-RBA-3105-BK;Balanční senzorický polštář REBEL ACTIVE RBA-3105-BK 33 cm + pumpa, černý;atos
Cestovanie, šport a outdoor > Posilňovanie a fitness > Doplnkové posilňovacie pomôcky;LEC-RBA-3106-BL;Balanční a masážní podložka REBEL ACTIVE RBA-3106-BL 16 cm modrá;atos
Cestovanie, šport a outdoor > Posilňovanie a fitness > Doplnkové posilňovacie pomôcky;LEC-RBA-3107-10;Medicinbal REBEL ACTIVE RBA-3107-10 35cm 10kg;atos
Cestovanie, šport a outdoor > Posilňovanie a fitness > Doplnkové posilňovacie pomôcky;LEC-RBA-3107-3;Medicinbal REBEL ACTIVE RBA-3107-3 35cm 3kg;atos
Cestovanie, šport a outdoor > Posilňovanie a fitness > Doplnkové posilňovacie pomôcky;LEC-RBA-3107-4;Medicinbal REBEL ACTIVE RBA-3107-4 35cm 4kg;atos
Cestovanie, šport a outdoor > Posilňovanie a fitness > Doplnkové posilňovacie pomôcky;LEC-RBA-3107-5;Medicinbal REBEL ACTIVE RBA-3107-5 35cm 5kg;atos
Cestovanie, šport a outdoor > Posilňovanie a fitness > Doplnkové posilňovacie pomôcky;LEC-RBA-3107-6;Medicinbal REBEL ACTIVE RBA-3107-6 35cm 6kg;atos
Cestovanie, šport a outdoor > Posilňovanie a fitness > Doplnkové posilňovacie pomôcky;LEC-RBA-3107-8;Medicinbal REBEL ACTIVE RBA-3107-8 35cm 8kg;atos
Cestovanie, šport a outdoor > Posilňovanie a fitness > Doplnkové posilňovacie pomôcky;LEC-RBA-3108-10;Medicinbal REBEL ACTIVE RBA-3108-10 Slam Ball 23cm 10kg;atos
Cestovanie, šport a outdoor > Posilňovanie a fitness > Doplnkové posilňovacie pomôcky;LEC-RBA-3108-2;Medicinbal REBEL ACTIVE RBA-3108-2 Slam Ball 23cm 2kg;atos
Cestovanie, šport a outdoor > Posilňovanie a fitness > Doplnkové posilňovacie pomôcky;LEC-RBA-3108-3;Medicinbal REBEL ACTIVE RBA-3108-3 Slam Ball 23cm 3kg;atos
Cestovanie, šport a outdoor > Posilňovanie a fitness > Doplnkové posilňovacie pomôcky;LEC-RBA-3108-4;Medicinbal REBEL ACTIVE RBA-3108-4 Slam Ball 23cm 4kg;atos
Cestovanie, šport a outdoor > Posilňovanie a fitness > Doplnkové posilňovacie pomôcky;LEC-RBA-3108-5;Medicinbal REBEL ACTIVE RBA-3108-5 Slam Ball 23cm 5kg;atos
Cestovanie, šport a outdoor > Posilňovanie a fitness > Doplnkové posilňovacie pomôcky;LEC-RBA-3108-6;Medicinbal REBEL ACTIVE RBA-3108-6 Slam Ball 23cm 6kg;atos
Cestovanie, šport a outdoor > Posilňovanie a fitness > Doplnkové posilňovacie pomôcky;LEC-RBA-3108-8;Medicinbal REBEL ACTIVE RBA-3108-8 Slam Ball 23cm 8kg;atos
Cestovanie, šport a outdoor > Posilňovanie a fitness > Doplnkové posilňovacie pomôcky;LEC-RBA-3150-BK;Podložka na cvičení, jógu a fitness 1 cm Rebel Active RBA-3150-BK;atos
Cestovanie, šport a outdoor > Posilňovanie a fitness > Doplnkové posilňovacie pomôcky;LEC-RBA-3150-BL;Podložka na cvičení, jógu a fitness 1 cm Rebel Active RBA-3150-BL modrá;atos
Cestovanie, šport a outdoor > Posilňovanie a fitness > Doplnkové posilňovacie pomôcky;LEC-RBA-3150-PU;Podložka na cvičení, jógu a fitness 1 cm Rebel Active RBA-3150-PU fialová;atos
Cestovanie, šport a outdoor > Posilňovanie a fitness > Doplnkové posilňovacie pomôcky;LEC-RBA-3151-BK;Podložka na cvičení, jógu a fitness 1,5 cm Rebel Active RBA-3151-BK černá;atos
Cestovanie, šport a outdoor > Posilňovanie a fitness > Doplnkové posilňovacie pomôcky;LEC-RBA-3151-BL;Podložka na cvičení, jógu a fitness 1,5 cm Rebel Active RBA-3151-BL modrá;atos
Cestovanie, šport a outdoor > Posilňovanie a fitness > Doplnkové posilňovacie pomôcky;LEC-RBA-3151-PU;Podložka na cvičení, jógu a fitness 1,5 cm Rebel Active RBA-3151-PU fialová;atos
Cestovanie, šport a outdoor > Posilňovanie a fitness > Doplnkové posilňovacie pomôcky;LEC-RBA-3152-BK;Podložka na cvičení, jógu a fitness 0,6 cm Rebel Active RBA-3152-BK černá;atos
Cestovanie, šport a outdoor > Posilňovanie a fitness > Doplnkové posilňovacie pomôcky;LEC-RBA-3152-BL;Podložka na cvičení, jógu a fitness 0,6 cm Rebel Active RBA-3152-BL modrá;atos
Cestovanie, šport a outdoor > Posilňovanie a fitness > Doplnkové posilňovacie pomôcky;LEC-RBA-3152-PU;Podložka na cvičení, jógu a fitness 0,6 cm Rebel Active RBA-3152-PU fialová;atos
Cestovanie, šport a outdoor > Posilňovanie a fitness > Doplnkové posilňovacie pomôcky;LEC-RBA-3153;REBEL ACTIVE RBA-3153 podložka na cvičení 180x120cm, EVA, černá;atos
Cestovanie, šport a outdoor > Posilňovanie a fitness > Doplnkové posilňovacie pomôcky;LEC-RBA-3159-2BL;Podložka na cvičení Rebel Active RBA-3159-2BL na jógu, pilates a fitness 1cm, 200x90cm TPE  modrá;atos
Cestovanie, šport a outdoor > Posilňovanie a fitness > Doplnkové posilňovacie pomôcky;LEC-RBA-3159-2PU;Podložka na cvičení Rebel Active RBA-3159-2PU na jógu, pilates a fitness 1cm, 200x90cm TPE  modrá;atos
Cestovanie, šport a outdoor > Posilňovanie a fitness > Doplnkové posilňovacie pomôcky;LEC-RBA-3200;Švihadlo REBEL ACTIVE RBA-3200;atos
Cestovanie, šport a outdoor > Posilňovanie a fitness > Doplnkové posilňovacie pomôcky;LEC-RBA-3201;Švihadlo REBEL ACTIVE RBA-3201;atos
Cestovanie, šport a outdoor > Posilňovanie a fitness > Doplnkové posilňovacie pomôcky;LEC-RBA-3202;Švihadlo REBEL ACTIVE RBA-3202;atos
Cestovanie, šport a outdoor > Posilňovanie a fitness > Doplnkové posilňovacie pomôcky;LEC-RBA-3203;Švihadlo REBEL ACTIVE RBA-3203;atos
Cestovanie, šport a outdoor > Posilňovanie a fitness > Doplnkové posilňovacie pomôcky;LEC-RBA-3204;Švihadlo REBEL ACTIVE RBA-3204;atos
Cestovanie, šport a outdoor > Posilňovanie a fitness > Doplnkové posilňovacie pomôcky;LEC-RBA-3225-BL;Bedýnka na step REBEL ACTIVE RBA-3225-BL;atos
Cestovanie, šport a outdoor > Posilňovanie a fitness > Doplnkové posilňovacie pomôcky;LEC-RBA-3225-PU;Bedýnka na step REBEL ACTIVE RBA-3225-PU;atos
Cestovanie, šport a outdoor > Posilňovanie a fitness > Doplnkové posilňovacie pomôcky;LEC-RBA-3226;Mini stepper Rebel Active RBA-3226;atos
Cestovanie, šport a outdoor > Posilňovanie a fitness > Doplnkové posilňovacie pomôcky;LEC-RBA-3227-BK;Bedýnka na step aerobik REBEL ACTIVE RBA-3227-BK, 3 stupně, 68cm, černá;atos
Cestovanie, šport a outdoor > Posilňovanie a fitness > Doplnkové posilňovacie pomôcky;LEC-RBA-3228-BK;Bedýnka na step aerobik REBEL ACTIVE RBA-3228-BK, 2 stupně, 68cm, černá;atos
Cestovanie, šport a outdoor > Posilňovanie a fitness > Doplnkové posilňovacie pomôcky;LEC-RBA-3229;Mini stepper REBEL ACTIVE RBA-3229;atos
Cestovanie, šport a outdoor > Posilňovanie a fitness > Doplnkové posilňovacie pomôcky;LEC-RBA-3230;Stepper REBEL ACTIVE RBA-3220 s madlem;atos
Cestovanie, šport a outdoor > Posilňovanie a fitness > Doplnkové posilňovacie pomôcky;LEC-RBA-3500-0,5;Závaží na kotníky a zápěstí 2x0,5kg, REBEL ACTIVE RBA-3500-0,5;atos
Cestovanie, šport a outdoor > Posilňovanie a fitness > Doplnkové posilňovacie pomôcky;LEC-RBA-3500-1;Závaží na kotníky a zápěstí 2x1kg, REBEL ACTIVE RBA-3500-1;atos
Cestovanie, šport a outdoor > Posilňovanie a fitness > Doplnkové posilňovacie pomôcky;LEC-RBA-3500-1,5;Závaží na kotníky a zápěstí 2x1,5kg, REBEL ACTIVE RBA-3500-1,5;atos
Cestovanie, šport a outdoor > Posilňovanie a fitness > Doplnkové posilňovacie pomôcky;LEC-RBA-3500-2;Závaží na kotníky a zápěstí 2x2kg, REBEL ACTIVE RBA-3500-2;atos
Cestovanie, šport a outdoor > Posilňovanie a fitness > Doplnkové posilňovacie pomôcky;LEC-RBA-3500-3;Závaží na kotníky a zápěstí 2x3kg, REBEL ACTIVE RBA-3500-3;atos
Cestovanie, šport a outdoor > Posilňovanie a fitness > Doplnkové posilňovacie pomôcky;LEC-RBA-3500-4;Závaží na kotníky a zápěstí 2x4kg, REBEL ACTIVE RBA-3500-4;atos
Cestovanie, šport a outdoor > Posilňovanie a fitness > Doplnkové posilňovacie pomôcky;LEC-RBA-6002-BK;Akupresurní podložka s polštářem REBEL ACTIVE RBA-6002-BK;atos
Cestovanie, šport a outdoor > Posilňovanie a fitness > Doplnkové posilňovacie pomôcky;LEC-RBA-6002-GL;Akupresurní podložka s polštářem REBEL ACTIVE RBA-6002-GL;atos
Cestovanie, šport a outdoor > Posilňovanie a fitness > Doplnkové posilňovacie pomôcky;LEC-RBA-6003-BK;Akupresurní podložka s polštářem REBEL ACTIVE RBA-6003-BK;atos
Cestovanie, šport a outdoor > Posilňovanie a fitness > Doplnkové posilňovacie pomôcky;LEC-RBA-6003-GL;Akupresurní podložka s polštářem REBEL ACTIVE RBA-6003-GL;atos
Cestovanie, šport a outdoor > Posilňovanie a fitness > Doplnkové posilňovacie pomôcky;LEC-RBA-6010-GL;Akupresurní podložka REBEL ACTIVE RBA-6010-GL 110x42cm XL hnědá;atos
Cestovanie, šport a outdoor > Posilňovanie a fitness > Doplnkové posilňovacie pomôcky;LEC-RBA-6011-GL;Akupresurní podložka REBEL ACTIVE RBA-6011-GL 72x42cm ECO zlatá;atos
Cestovanie, šport a outdoor > Posilňovanie a fitness > Doplnkové posilňovacie pomôcky;LEC-RBA-6012-GL;Akupresurní podložka REBEL ACTIVE RBA-6012-GL 110x42cm XL ECO;atos
Cestovanie, šport a outdoor > Posilňovanie a fitness > Doplnkové posilňovacie pomôcky;LEC-RBA-6013-GL;Akupresurní podložka REBEL ACTIVE RBA-6013-GL 130x50cm XXL ECO šedá;atos
Cestovanie, šport a outdoor > Stacionárne Bicykle;084625;Rotoped DeerRun S500 Pro (čierny);innpro
Cestovanie, šport a outdoor > Stacionárne Bicykle;085821;MERACH spinningové kolo MR-S26B2-EU (čierne);innpro
Cestovanie, šport a outdoor > Stacionárne Bicykle;085822;Ležérny cvičebný bicykel MERACH MR-S08B1-EU (čierny);innpro
Cestovanie, šport a outdoor > Stacionárne Bicykle;085823;Ležérny cvičebný bicykel MERACH MR-S23B1-EU (čierny);innpro
Cestovanie, šport a outdoor > Stacionárne Bicykle;088741;Ležadlový bicykel MERACH MR-S19;innpro
Cestovanie, šport a outdoor > Stacionárne Bicykle;090134;Cvičebný bicykel MERACH MR-S14L2 X-Bike;innpro
Cestovanie, šport a outdoor > Stacionárne Bicykle;090782;Cvičebný bicykel MERACH MR-S36B3;innpro
Cestovanie, šport a outdoor > Stacionárne Bicykle;090798;Rotoped MERACH MR-S28B1;innpro
Cestovanie, šport a outdoor > Stacionárne Bicykle;092880;Cvičebný bicykel MERACH MR-S15B2 X-BIKE;innpro
Dielňa, náradie a záhrada;060199;xTool Stolný odsávač dymu;innpro
Dielňa, náradie a záhrada;060204;Laserová gravírka LaserPecker 2;innpro
Dielňa, náradie a záhrada;061005;3D Tlačiareň Creality K1 MAX;innpro
Dielňa, náradie a záhrada;061636;Pásový podávač pre xTool P2/P2S;innpro
Dielňa, náradie a záhrada;063851;AnyCubic Kobra 2 Pro 3D Printer;innpro
Dielňa, náradie a záhrada;063852;AnyCubic Kobra 2 Neo 3D Printer;innpro
Dielňa, náradie a záhrada;063856;AnyCubic Wash & Cure 3 Plus - Print cleaning and drying device;innpro
Dielňa, náradie a záhrada;063857;AnyCubic Wash & Cure 3 - Print cleaning and drying device;innpro
Dielňa, náradie a záhrada;064447;Pohyblivá základňa xTool Slide Extension Base pre xTool F1;innpro
Dielňa, náradie a záhrada;064565;LaserPecker 2 Basic Version;innpro
Dielňa, náradie a záhrada;064567;LaserPecker Versatile Electric Roller;innpro
Dielňa, náradie a záhrada;064729;Creality Ender-3 V3 3D Printer;innpro
Dielňa, náradie a záhrada;064730;Hyper PLA Filament Creality (Beige);innpro
Dielňa, náradie a záhrada;064731;Hyper PLA Filament Creality (Yellow);innpro
Dielňa, náradie a záhrada;064732;Hyper PLA Filament Creality (Green);innpro
Dielňa, náradie a záhrada;064733;Hyper PLA Filament Creality (Orange);innpro
Dielňa, náradie a záhrada;064734;Hyper PLA Filament Creality (Brown);innpro
Dielňa, náradie a záhrada;064735;Hyper PLA Filament Creality (Black);innpro
Dielňa, náradie a záhrada;064736;Hyper PLA Filament Creality (Red);innpro
Dielňa, náradie a záhrada;064737;Hyper PLA Filament Creality (Blue);innpro
Dielňa, náradie a záhrada;064738;Hyper PLA Filament Creality (Grey);innpro
Dielňa, náradie a záhrada;064739;Hyper PLA Filament Creality (White);innpro
Dielňa, náradie a záhrada;064740;Hyper ABS Filament Creality (Black);innpro
Dielňa, náradie a záhrada;064742;Hyper ABS Filament Creality (Grey);innpro
Dielňa, náradie a záhrada;064743;CR-Silk PLA Filament Creality (Gold);innpro
Dielňa, náradie a záhrada;064744;CR-Silk PLA Filament Creality (Red Copper);innpro
Dielňa, náradie a záhrada;064745;CR-Silk PLA Filament Creality (White);innpro
Dielňa, náradie a záhrada;064746;CR-Silk PLA Filament Creality (Purple);innpro
Dielňa, náradie a záhrada;064747;CR-Silk PLA Filament Creality (Blue);innpro
Dielňa, náradie a záhrada;064748;CR-Silk PLA Filament Creallity (Silver);innpro
Dielňa, náradie a záhrada;064749;CR-Silk PLA Filament Creality (Rainbow);innpro
Dielňa, náradie a záhrada;064752;CR-Silk PLA Filament Creality (Pink-purple);innpro
Dielňa, náradie a záhrada;064755;CR-PLA Wood Filament Creality (White Pine);innpro
Dielňa, náradie a záhrada;064756;CR-PETG Filament Creality (Grey);innpro
Dielňa, náradie a záhrada;064757;CR-PETG Filament Creality (Black);innpro
Dielňa, náradie a záhrada;064758;CR-PETG Filament Creality (White);innpro
Dielňa, náradie a záhrada;064759;CR-PETG Filament Creality (Transparent);innpro
Dielňa, náradie a záhrada;064760;CR-PETG Filament Creality (Yellow);innpro
Dielňa, náradie a záhrada;064761;CR-PETG Filament Creality (Blue);innpro
Dielňa, náradie a záhrada;064762;CR-PETG Filament Creality (Red);innpro
Dielňa, náradie a záhrada;064763;CR-PETG Filament Creality (Transparent blue);innpro
Dielňa, náradie a záhrada;065107;AnyCubic Standard Resin (Grey);innpro
Dielňa, náradie a záhrada;065108;AnyCubic Standand Resin (Black);innpro
Dielňa, náradie a záhrada;065109;AnyCubic Standard Resin (White);innpro
Dielňa, náradie a záhrada;065341;AnyCubic ABS-Like Resin Pro 2 (Black);innpro
Dielňa, náradie a záhrada;065342;AnyCubic ABS-Like Resin Pro 2 (Grey);innpro
Dielňa, náradie a záhrada;065343;AnyCubic DLP Craftsman Resin (White);innpro
Dielňa, náradie a záhrada;065345;AnyCubic DLP Craftsman Resin (Beige);innpro
Dielňa, náradie a záhrada;065348;AnyCubic Tough Resin 2.0 (Black);innpro
Dielňa, náradie a záhrada;066488;AnyCubic PLA Filament Set (4 pcs);innpro
Dielňa, náradie a záhrada;067095;2-in-1 laser engraving machine xTool S1 40W Basic (Black);innpro
Dielňa, náradie a záhrada;067104;Laserový gravír xTool S1 40 W 2 v 1 – súprava „všetko v jednom“ (čierna);innpro
Dielňa, náradie a záhrada;068787;LaserPecker Air Purifier Smoke Absorber;innpro
Dielňa, náradie a záhrada;068788;LaserPecker Air Purifier smoke canister filter;innpro
Dielňa, náradie a záhrada;069511;Creality Halot R6 3D printer;innpro
Dielňa, náradie a záhrada;069512;Creality Space Pi Filament Dryer;innpro
Dielňa, náradie a záhrada;069513;Creality Space Pi Plus Filament Dryer;innpro
Dielňa, náradie a záhrada;069514;Creality CR-Scan Otter 3D Scanner;innpro
Dielňa, náradie a záhrada;069515;Creality CR-Scan Raptor 3D Scanner;innpro
Dielňa, náradie a záhrada;069516;Creality CR-Scan Ferret SE 3D Scanner;innpro
Dielňa, náradie a záhrada;071810;3D tlačiareň ELEGOO Saturn 4 Ultra;innpro
Dielňa, náradie a záhrada;071811;3D tlačiareň ELEGOO Saturn 4;innpro
Dielňa, náradie a záhrada;071812;3D tlačiareň ELEGOO Mars 5 Ultra;innpro
Dielňa, náradie a záhrada;071814;3D tlačový list ELEGOO OrangeStorm Giga;innpro
Dielňa, náradie a záhrada;071815;Súprava umývacej a kondicionovacej stanice ELEGOO Mercury XS;innpro
Dielňa, náradie a záhrada;071816;Mini ohrievač ELEGOO pre 3D tlačiareň;innpro
Dielňa, náradie a záhrada;072296;Anycubic Photon Mono M7 3D printer;innpro
Dielňa, náradie a záhrada;072299;Anycubic Photon Mono M7 Pro 3D Printer;innpro
Dielňa, náradie a záhrada;072300;Anycubic Photon Mono 4 3D printer;innpro
Dielňa, náradie a záhrada;073455;3D tlačiareň Creality K2 Plus;innpro
Dielňa, náradie a záhrada;073456;3D tlačiareň Creality K2 Plus Combo;innpro
Dielňa, náradie a záhrada;073457;Skaner 3D Creality RaptorX;innpro
Dielňa, náradie a záhrada;073844;Súprava xTool Air Assist 2.0 AUTO Air Assist pre sériu S1/M1;innpro
Dielňa, náradie a záhrada;073847;dymová nádoba xTool SafetyPro™ AP2;innpro
Dielňa, náradie a záhrada;073850;Laserový gravírovací stroj 2 v 1 xTool F1 Ultra;innpro
Dielňa, náradie a záhrada;073853;Laserový gravír xTool M1 Ultra 20 W 4 v 1 – súprava Deluxe;innpro
Dielňa, náradie a záhrada;073854;Laserový gravírovací stroj 2 v 1 xTool P2S (sivý);innpro
Dielňa, náradie a záhrada;073855;Laserový gravírovací stroj xTool F1 Ultra + súprava xTool Conveyor;innpro
Dielňa, náradie a záhrada;074080;AnyCubic Tough Resin 2.0 (biela);innpro
Dielňa, náradie a záhrada;074611;3D tlačiareň Anycubic Photon Mono M7 Max;innpro
Dielňa, náradie a záhrada;074612;3D tlačiareň Anycubic Photon Mono 4 Ultra;innpro
Dielňa, náradie a záhrada;075303;3D tlačiareň Creality Hi;innpro
Dielňa, náradie a záhrada;075359;3D tlačiareň ELEGOO Neptune 4 Max;innpro
Dielňa, náradie a záhrada;075361;3D tlačiareň ELEGOO Saturn 4 Ultra 16K;innpro
Dielňa, náradie a záhrada;075362;Matné vlákno ELEGOO PLA (čierne);innpro
Dielňa, náradie a záhrada;075363;Matné vlákno PLA ELEGOO (biele);innpro
Dielňa, náradie a záhrada;075364;Filament ELEGOO Rapid PLA+ (čierny);innpro
Dielňa, náradie a záhrada;075365;Filament ELEGOO Rapid PLA+ (biely);innpro
Dielňa, náradie a záhrada;075446;3D tlačiareň Anycubic Kobra 3 Max;innpro
Dielňa, náradie a záhrada;075457;Systém riadenia vlákien Creality CFS;innpro
Dielňa, náradie a záhrada;075499;3D tlačiareň ELEGOO Neptune 4 Plus;innpro
Dielňa, náradie a záhrada;075642;Laserový gravírovací stroj 2 v 1 xTool M1 10W + pohlcovač dymu xTool SafetyPro™ AP2;innpro
Dielňa, náradie a záhrada;076266;Laserový gravírovací stroj LaserPecker 5 Deluxe Version;innpro
Dielňa, náradie a záhrada;076439;Laserový gravírovací stroj 2 v 1 xTool F1 - luxusná súprava;innpro
Dielňa, náradie a záhrada;077140;Laserový gravír XTOOL M1 Ultra 20 W 4 v 1 – súprava Deluxe V1.0;innpro
Dielňa, náradie a záhrada;077378;Filament PLA Marble ELEGOO;innpro
Dielňa, náradie a záhrada;077379;Filament PLA Bronze ELEGOO;innpro
Dielňa, náradie a záhrada;077380;Filament PLA Galaxy ELEGOO (Peacock Blue);innpro
Dielňa, náradie a záhrada;077381;Filament ELEGOO PLA+ (oranžový);innpro
Dielňa, náradie a záhrada;077382;Filament ELEGOO PLA+ (modrý);innpro
Dielňa, náradie a záhrada;077383;Filament ELEGOO PLA+ (Star Gray);innpro
Dielňa, náradie a záhrada;077384;Filament ELEGOO Rapid PLA+ (sivý);innpro
Dielňa, náradie a záhrada;077386;Filament ELEGOO Rapid PETG (biely);innpro
Dielňa, náradie a záhrada;077388;Vlákno ASA ELEGOO (biele);innpro
Dielňa, náradie a záhrada;077389;Filament ELEGOO PLA-CF (čierny);innpro
Dielňa, náradie a záhrada;077951;Creality Falcon 2 Pro S 22W laserový gravírovací stroj;innpro
Dielňa, náradie a záhrada;077952;Creality Falcon 2 Pro S 40W laserový gravírovací stroj;innpro
Dielňa, náradie a záhrada;078978;Filament PLA Anycubic 1 KG (Interstellar Violet);innpro
Dielňa, náradie a záhrada;078980;3D tlačiareň Anycubic Kobra 3 V2 Combo;innpro
Dielňa, náradie a záhrada;078981;3D tlačiareň Anycubic Kobra 3 V2;innpro
Dielňa, náradie a záhrada;078982;Filament PLA Anycubic 1 KG (biely);innpro
Dielňa, náradie a záhrada;078983;Filament PLA Anycubic 1 KG (Peach Fuzz);innpro
Dielňa, náradie a záhrada;079242;3D tlačiareň Creality K2 Pro Combo;innpro
Dielňa, náradie a záhrada;079243;3D skener Revopoint Miraco;innpro
Dielňa, náradie a záhrada;079244;3D skener Revopoint Miraco Pro;innpro
Dielňa, náradie a záhrada;079245;3D skener Revopoint Miraco Plus;innpro
Dielňa, náradie a záhrada;079309;Rýchloupínač s 0,4 mm tryskou pre Anycubic Kobra S1;innpro
Dielňa, náradie a záhrada;079416;Vysokorýchlostný PLA filament Anycubic 1 KG (čierny);innpro
Dielňa, náradie a záhrada;079417;Vysokorýchlostné vlákno PLA Anycubic 1 KG (biele);innpro
Dielňa, náradie a záhrada;079418;Vysokorýchlostné vlákno PLA Anycubic 1 KG (Szary);innpro
Dielňa, náradie a záhrada;079419;Hotend s 0,4 mm tryskou pre Anycubic Kobra 3 V2;innpro
Dielňa, náradie a záhrada;079514;Filament ELEGOO PETG Pro (čierny);innpro
Dielňa, náradie a záhrada;079515;Filament ELEGOO PETG Pro (biely);innpro
Dielňa, náradie a záhrada;079516;Filament PETG Pro ELEGOO (Szary);innpro
Dielňa, náradie a záhrada;079517;Filament ELEGOO PETG Pro (olivovo zelený);innpro
Dielňa, náradie a záhrada;079518;Filament ELEGOO PLA (čierny);innpro
Dielňa, náradie a záhrada;079519;Filament ELEGOO PLA (biely);innpro
Dielňa, náradie a záhrada;079520;Filament PLA ELEGOO (Szary);innpro
Dielňa, náradie a záhrada;079521;3D tlačiareň ELEGOO Neptune 4 Pro;innpro
Dielňa, náradie a záhrada;079522;Zariadenie na čistenie a sušenie tlače ELEGOO Mercury Plus 3.0;innpro
Dielňa, náradie a záhrada;079523;Montážna doska ELEGOO s dvoma tlačovými hlavami pre OrangeStorm Giga;innpro
Dielňa, náradie a záhrada;079524;ELEGOO štvornásobná montážna doska tlačovej hlavy pre OrangeStorm Giga;innpro
Dielňa, náradie a záhrada;079525;Súprava tlačovej hlavy ELEGOO pre OrangeStorm Giga;innpro
Dielňa, náradie a záhrada;079789;3D tlačiareň Creality Halot X1 Combo;innpro
Dielňa, náradie a záhrada;079792;Filament Hyper PLA Creality (Złoty);innpro
Dielňa, náradie a záhrada;079794;Vlákno HP ASA Creality (čierne);innpro
Dielňa, náradie a záhrada;079795;Vlákno Hyper PETG Creality (Czarny);innpro
Dielňa, náradie a záhrada;079796;Vlákno Hyper PETG Creality (Szary);innpro
Dielňa, náradie a záhrada;079797;Hyper PETG Creality Filament (transparentný);innpro
Dielňa, náradie a záhrada;079798;Filament Hyper PETG Creality (zelený);innpro
Dielňa, náradie a záhrada;079799;Hyper PLA-CF Creality Filament (tmavozelený);innpro
Dielňa, náradie a záhrada;079800;Hyper PLA-CF Creality Filament (čierny);innpro
Dielňa, náradie a záhrada;079801;Vlákno Creality TPU (biele);innpro
Dielňa, náradie a záhrada;079802;Vlákno Creality TPU (čierne);innpro
Dielňa, náradie a záhrada;079803;Vlákno Creality TPU (červené);innpro
Dielňa, náradie a záhrada;079804;Vlákno Creality TPU (modré);innpro
Dielňa, náradie a záhrada;079805;Vlákno Creality TPU (zelené);innpro
Dielňa, náradie a záhrada;080186;xTool Tlačiareň odevov - sada všetko v jednom;innpro
Dielňa, náradie a záhrada;080303;Laserový gravírovací stroj 2 v 1 xTool F2 Ultra;innpro
Dielňa, náradie a záhrada;080305;Sada laserového gravírovacieho stroja xTool F2 Ultra + podávač xTool Auto Streamline™;innpro
Dielňa, náradie a záhrada;080516;Laserový gravírovací stroj 3 v 1 xTool M1 10W;innpro
Dielňa, náradie a záhrada;080689;3D tlačiareň Creality K1C 2025;innpro
Dielňa, náradie a záhrada;080723;XTOOL S1 zdvíhacia podložka;innpro
Dielňa, náradie a záhrada;080758;Vianočná sada filamentov PLA Anycubic (4 ks).;innpro
Dielňa, náradie a záhrada;080759;Filament PLA Anycubic 1 KG (čierny);innpro
Dielňa, náradie a záhrada;081134;Optický 3D skener Revopoint Trackit;innpro
Dielňa, náradie a záhrada;081290;Laserový gravírovací stroj xTool P3 80W;innpro
Dielňa, náradie a záhrada;081291;Automatický podávač pre xTool P3;innpro
Dielňa, náradie a záhrada;081292;Mobilná pracovná stanica pre xTool P3;innpro
Dielňa, náradie a záhrada;081293;Rotačný nadstavec xTool RA3;innpro
Dielňa, náradie a záhrada;081295;Dymová nádoba xTool SafetyPro™ AP2 Max;innpro
Dielňa, náradie a záhrada;081316;Filament PLA Anycubic 1 KG (modrý);innpro
Dielňa, náradie a záhrada;081317;Filament PLA Anycubic 1 KG (červený);innpro
Dielňa, náradie a záhrada;081335;Filament PLA Anycubic 1 KG (Zielony);innpro
Dielňa, náradie a záhrada;081337;xTool P3 80W laserový gravírovací stroj - sada všetko v jednom;innpro
Dielňa, náradie a záhrada;081423;3D tlačiareň Creality K2 Combo;innpro
Dielňa, náradie a záhrada;081431;Pásový dopravník Auto Streamline™ pre xTool F2 Ultra;innpro
Dielňa, náradie a záhrada;082436;Skaner 3D Revopoint MetroY;innpro
Dielňa, náradie a záhrada;082437;Skaner 3D Revopoint MetroY Pro;innpro
Dielňa, náradie a záhrada;082528;LaserPecker LP2 Plus laserový gravír, verzia Safeguard;innpro
Dielňa, náradie a záhrada;082529;LaserPecker LX2 40W laserový gravír;innpro
Dielňa, náradie a záhrada;082530;LaserPecker dymový absorbér pre LX2;innpro
Dielňa, náradie a záhrada;082532;Rotačná platforma LaserPecker pre LX2;innpro
Dielňa, náradie a záhrada;082843;Filament ELEGOO PLA+ (čierny);innpro
Dielňa, náradie a záhrada;083013;3D tlačiareň ELEGOO Centauri Carbon 2 Combo;innpro
Dielňa, náradie a záhrada;083349;ELEGOO ABS vlákno (čierne);innpro
Dielňa, náradie a záhrada;083350;ELEGOO ABS vlákno (biele);innpro
Dielňa, náradie a záhrada;083351;Filament ABS ELEGOO (sivý);innpro
Dielňa, náradie a záhrada;083352;Filament ELEGOO ASA (sivý);innpro
Dielňa, náradie a záhrada;083353;Filament ELEGOO ASA (červený);innpro
Dielňa, náradie a záhrada;083354;ELEGOO PC vlákno (transparentné);innpro
Dielňa, náradie a záhrada;083355;Filament ELEGOO ASA (modrý);innpro
Dielňa, náradie a záhrada;083356;Filament ELEGOO PETG-CF (čierny) 1KG;innpro
Dielňa, náradie a záhrada;083357;Filament ELEGOO PETG-CF (sivý);innpro
Dielňa, náradie a záhrada;083678;3D skener Revopoint MetroX Pro Standard;innpro
Dielňa, náradie a záhrada;083679;3D skener Revopoint MetroX Pro Advanced;innpro
Dielňa, náradie a záhrada;083686;3D skener Creality Sermoon X1;innpro
Dielňa, náradie a záhrada;083687;3D skener Creality Sermoon S1;innpro
Dielňa, náradie a záhrada;083688;3D skener Creality CR-Scan Raptor Pro;innpro
Dielňa, náradie a záhrada;083845;LaserPecker LP5 laserový gravír, ochranná verzia;innpro
Dielňa, náradie a záhrada;083846;Laserový gravírovací stroj LaserPecker LP4, verzia Safeguard;innpro
Dielňa, náradie a záhrada;083966;Creality Falcon AP1 odsávač dymu;innpro
Dielňa, náradie a záhrada;083981;Filter pre odsávač pary Creality Falcon YW45W;innpro
Dielňa, náradie a záhrada;084331;Laserový gravír LaserPecker LP2, verzia Safeguard;innpro
Dielňa, náradie a záhrada;084474;Sada trysiek z tvrdenej ocele pre ELEGOO Neptune 4 / 4 Pro (0,4 mm x 3 ks, 0,6 mm x 1 ks, 0,8 mm x 1 ks);innpro
Dielňa, náradie a záhrada;084476;Snímač vlákna pre sériu ELEGOO Neptune 4;innpro
Dielňa, náradie a záhrada;084484;Hotend do ELEGOO Centauri Carbon 0.8 mm;innpro
Dielňa, náradie a záhrada;084485;Tlačová platforma ELEGOO Mars 5 (1 ks);innpro
Dielňa, náradie a záhrada;084487;ELEGOO Mars 5 Resin Tank (1 ks.);innpro
Dielňa, náradie a záhrada;084599;3D tlačiareň QiDi Plus 4;innpro
Dielňa, náradie a záhrada;084601;Systém QiDi Multifilament pre Plus 4;innpro
Dielňa, náradie a záhrada;084602;3D tlačiareň Qidi Q2;innpro
Dielňa, náradie a záhrada;084603;3D tlačiareň QiDi Q2C;innpro
Dielňa, náradie a záhrada;084604;3D tlačiareň QiDi Q2C Combo;innpro
Dielňa, náradie a záhrada;084605;3D tlačiareň QiDi Q2 Combo;innpro
Dielňa, náradie a záhrada;084830;3D tlačiareň QIDI Max 4;innpro
Dielňa, náradie a záhrada;084831;3D tlačiareň QIDI Max 4 Combo;innpro
Dielňa, náradie a záhrada;085090;Filament Sunlu PLA Classic White 1KG 1.75mm;innpro
Dielňa, náradie a záhrada;085091;Filament Sunlu PLA Classic Black 1.75mm 1KG;innpro
Dielňa, náradie a záhrada;085092;Filament Sunlu PLA Classic Grey 1.75mm 1KG;innpro
Dielňa, náradie a záhrada;085093;Filament Sunlu PLA Classic v ružovej farbe Sakura;innpro
Dielňa, náradie a záhrada;085094;Sunlu PLA Classic – vlákno s citrónovou vôňou;innpro
Dielňa, náradie a záhrada;085095;Filament Sunlu PLA Classic – Sunny Orange;innpro
Dielňa, náradie a záhrada;085096;Filament Sunlu PLA Classic Blue;innpro
Dielňa, náradie a záhrada;085097;Filament Sunlu PLA Classic v mätovej farbe;innpro
Dielňa, náradie a záhrada;085098;Filament Sunlu PLA Classic Cherry;innpro
Dielňa, náradie a záhrada;085099;Sunlu PLA Classic čokoládová niť;innpro
Dielňa, náradie a záhrada;085100;Vysokorýchlostné PLA vlákno Sunlu – biele;innpro
Dielňa, náradie a záhrada;085101;Vysokorýchlostné PLA vlákno Sunlu (olivová);innpro
Dielňa, náradie a záhrada;085102;Filament Sunlu PLA High-Speed Zelený;innpro
Dielňa, náradie a záhrada;085103;Sunlu PLA vlákno, vysokorýchlostné, žlté;innpro
Dielňa, náradie a záhrada;085104;Vysokorýchlostné čierne vlákno Sunlu PLA+;innpro
Dielňa, náradie a záhrada;085105;Vysokorýchlostné biele vlákno Sunlu PLA+;innpro
Dielňa, náradie a záhrada;085106;Vysokorýchlostné vlákno Sunlu PLA+, šedé;innpro
Dielňa, náradie a záhrada;085107;Vysokorýchlostná modrá vláknitá niť Sunlu PLA+;innpro
Dielňa, náradie a záhrada;085108;Vysokorýchlostná červená vlákna Sunlu PLA+;innpro
Dielňa, náradie a záhrada;085109;Vysokorýchlostné žlté vlákno Sunlu PLA+;innpro
Dielňa, náradie a záhrada;085110;Filament Sunlu PLA+ High-Speed Zelený;innpro
Dielňa, náradie a záhrada;085111;Vysokorýchlostná oranžová vlákna Sunlu PLA+;innpro
Dielňa, náradie a záhrada;085112;Vysokorýchlostné ružové vlákno Sunlu PLA+;innpro
Dielňa, náradie a záhrada;085113;Vysokorýchlostné olivové vlákno Sunlu PLA+;innpro
Dielňa, náradie a záhrada;085114;Filament Sunlu PLA High-Speed Marble Szary Beton;innpro
Dielňa, náradie a záhrada;085115;Vysokorýchlostné mramorové vlákno Sunlu PLA (svetlošedé);innpro
Dielňa, náradie a záhrada;085116;Filament Sunlu PLA High-Speed Marble (Oreo);innpro
Dielňa, náradie a záhrada;085117;Vysokorýchlostné mramorové vlákno Sunlu PLA (gaštanová farba);innpro
Dielňa, náradie a záhrada;085118;Vysokorýchlostné mramorové vlákno Sunlu PLA (Forest);innpro
Dielňa, náradie a záhrada;085119;Vysokorýchlostné mramorové vlákno Sunlu PLA (tehlovo červená);innpro
Dielňa, náradie a záhrada;085120;Vysokorýchlostné matné vlákno Sunlu PETG (čierne);innpro
Dielňa, náradie a záhrada;085121;Vysokorýchlostné matné vlákno Sunlu PETG (biele);innpro
Dielňa, náradie a záhrada;085122;Vysokorýchlostné matné vlákno Sunlu PETG (modré);innpro
Dielňa, náradie a záhrada;085123;Filament Sunlu PETG High-Speed Matte (zelený);innpro
Dielňa, náradie a záhrada;085124;Vysokorýchlostné matné vlákno Sunlu PETG (oranžové);innpro
Dielňa, náradie a záhrada;085125;Vysokorýchlostné matné vlákno Sunlu PETG (žlté);innpro
Dielňa, náradie a záhrada;085126;Filament Sunlu PETG High-Speed Matte (sivý);innpro
Dielňa, náradie a záhrada;085127;Vysokorýchlostné matné vlákno Sunlu PETG (mätová farba);innpro
Dielňa, náradie a záhrada;085128;Vysokorýchlostné ABS vlákno Sunlu (čierne);innpro
Dielňa, náradie a záhrada;085129;Vysokorýchlostné ABS vlákno Sunlu (biele);innpro
Dielňa, náradie a záhrada;085130;Filament Sunlu ABS High-Speed (sivý);innpro
Dielňa, náradie a záhrada;085131;Vysokorýchlostné ABS vlákno Sunlu (červené);innpro
Dielňa, náradie a záhrada;085132;Vysokorýchlostné ABS vlákno Sunlu (modré);innpro
Dielňa, náradie a záhrada;085133;Matný PLA filament Sunlu (svetlozelený);innpro
Dielňa, náradie a záhrada;085134;Matný PLA filament Sunlu (biely);innpro
Dielňa, náradie a záhrada;085135;Filament Sunlu PLA+ (čierny);innpro
Dielňa, náradie a záhrada;085137;Filament Sunlu PLA+ (biely);innpro
Dielňa, náradie a záhrada;085138;Filament Sunlu PLA+ (žltý);innpro
Dielňa, náradie a záhrada;085139;Filament Sunlu PLA+ (zelený);innpro
Dielňa, náradie a záhrada;085140;Filament Sunlu PLA+ (béžový);innpro
Dielňa, náradie a záhrada;085141;Filament Sunlu PLA+ (slnečná oranžová);innpro
Dielňa, náradie a záhrada;085142;Filament Sunlu PLA+ (slonovinová farba);innpro
Dielňa, náradie a záhrada;085143;Filament Sunlu PLA+ (priehľadná červená);innpro
Dielňa, náradie a záhrada;085144;Filament Sunlu PLA+ (čokoládová farba);innpro
Dielňa, náradie a záhrada;085145;Filament Sunlu PLA+ (čerešňová farba);innpro
Dielňa, náradie a záhrada;085146;Filament Sunlu PLA+ 2.0 (biely);innpro
Dielňa, náradie a záhrada;085147;Filament Sunlu PLA+ 2.0 (čierny);innpro
Dielňa, náradie a záhrada;085148;Filament Sunlu PLA+ 2.0 (kávovo hnedá);innpro
Dielňa, náradie a záhrada;085149;Filament Sunlu PLA+ 2.0 (červený);innpro
Dielňa, náradie a záhrada;085150;Filament Sunlu PLA+ 2.0 (žltý);innpro
Dielňa, náradie a záhrada;085151;Filament Sunlu PLA+ 2.0 (zelený);innpro
Dielňa, náradie a záhrada;085152;Filament Sunlu PLA+ 2.0 (Klein Blue);innpro
Dielňa, náradie a záhrada;085153;Filament Sunlu PLA+ 2.0 (magenta);innpro
Dielňa, náradie a záhrada;085154;Filament Sunlu PLA+ 2.0 (béžový);innpro
Dielňa, náradie a záhrada;085155;Filament Sunlu PLA+ 2.0 (sivý);innpro
Dielňa, náradie a záhrada;085156;Filament Sunlu PLA+ 2.0 (dub);innpro
Dielňa, náradie a záhrada;085157;Filament Sunlu PLA+ 2.0 (olivová);innpro
Dielňa, náradie a záhrada;085158;Filament Sunlu PLA+ 2.0 (slnečná oranžová);innpro
Dielňa, náradie a záhrada;085159;Filament Sunlu PLA+ 2.0 (keramický);innpro
Dielňa, náradie a záhrada;085160;Filament Sunlu PLA+ 2.0 (slonovinová farba);innpro
Dielňa, náradie a záhrada;085161;Filament Sunlu PLA+ 2.0 (pražený gaštan);innpro
Dielňa, náradie a záhrada;085162;Filament Sunlu PLA+ 2.0 v odtieni trávovo zelenej;innpro
Dielňa, náradie a záhrada;085163;Vlákno Sunlu PLA+ Silk (červené);innpro
Dielňa, náradie a záhrada;085164;Filament Sunlu PLA+ Silk (biely);innpro
Dielňa, náradie a záhrada;085165;Filament Sunlu PLA+ Silk (čierny);innpro
Dielňa, náradie a záhrada;085166;Vlákno Sunlu PLA+ Silk (modré);innpro
Dielňa, náradie a záhrada;085167;Vlákno Sunlu PLA+ Silk (ružové);innpro
Dielňa, náradie a záhrada;085168;Vlákno Sunlu PLA+ Silk (mosadz);innpro
Dielňa, náradie a záhrada;085177;Filament Sunlu PETG (biely);innpro
Dielňa, náradie a záhrada;085179;PETG vlákno Sunlu (červené);innpro
Dielňa, náradie a záhrada;085180;Filament Sunlu PETG (žltý);innpro
Dielňa, náradie a záhrada;085182;PETG vlákno Sunlu (zelené);innpro
Dielňa, náradie a záhrada;085183;Filament Sunlu PETG (cyan);innpro
Dielňa, náradie a záhrada;085184;Filament Sunlu PETG (levanduľovo fialová);innpro
Dielňa, náradie a záhrada;085185;PETG vlákno Sunlu (čierne);innpro
Dielňa, náradie a záhrada;085186;Filament Sunlu PETG (béžový);innpro
Dielňa, náradie a záhrada;085190;Filament Sunlu PETG (slnečná oranžová);innpro
Dielňa, náradie a záhrada;085192;PETG vlákno Sunlu (ružové);innpro
Dielňa, náradie a záhrada;085193;Filament Sunlu PETG (priehľadný);innpro
Dielňa, náradie a záhrada;085194;Filament Sunlu Wood;innpro
Dielňa, náradie a záhrada;085195;Filament Sunlu Wood (klon);innpro
Dielňa, náradie a záhrada;085196;Drevené vlákno Sunlu (orech);innpro
Dielňa, náradie a záhrada;085197;Drevené vlákno Sunlu (čerešňa);innpro
Dielňa, náradie a záhrada;085198;Filament Sunlu PLA (Dúha) 01;innpro
Dielňa, náradie a záhrada;085202;Filament Sunlu PLA Transparent (Rainbow) 03;innpro
Dielňa, náradie a záhrada;085203;Filament Sunlu PLA Transparent (Rainbow) 04;innpro
Dielňa, náradie a záhrada;085204;Vlákno Sunlu PLA+ Silk (Rainbow 01);innpro
Dielňa, náradie a záhrada;085205;Vlákno Sunlu PLA+ Silk (Rainbow 02);innpro
Dielňa, náradie a záhrada;085206;Sunlu PLA+ hodvábne vlákno (duhové) 03;innpro
Dielňa, náradie a záhrada;085207;Sunlu PLA+ hodvábne vlákno (duhové) 04;innpro
Dielňa, náradie a záhrada;085208;Sunlu PLA+ hodvábne vlákno (duhové) 05;innpro
Dielňa, náradie a záhrada;085209;Sunlu PLA+ hodvábne vlákno (duhové) 06;innpro
Dielňa, náradie a záhrada;085210;Dvojfarebná vláknitá niť Sunlu PLA+ Silk (čierna a modrá);innpro
Dielňa, náradie a záhrada;085211;Dvojfarebná vláknitá niť Sunlu PLA+ Silk (čierna a zelená);innpro
Dielňa, náradie a záhrada;085212;Dvojfarebná vláknitá niť Sunlu PLA+ Silk (čierna a fialová);innpro
Dielňa, náradie a záhrada;085213;Dvojfarebná vláknitá niť Sunlu PLA+ Silk (čierna a zlatá);innpro
Dielňa, náradie a záhrada;085214;Dvojfarebná vláknitá niť Sunlu PLA+ Silk (ružová a zlatá);innpro
Dielňa, náradie a záhrada;085215;Dvojfarebná vlákna Sunlu PLA+ Silk (červená a zlatá);innpro
Dielňa, náradie a záhrada;085216;Dvojfarebná niť Sunlu PLA+ Silk (červená a modrá);innpro
Dielňa, náradie a záhrada;085218;Dvojfarebná vláknitá niť Sunlu PLA+ Silk (modrozelená);innpro
Dielňa, náradie a záhrada;085219;Sunlu PLA+ Silk trojfarebná vlákna (modrá-zelená-fialová);innpro
Dielňa, náradie a záhrada;085220;Sunlu PLA+ Silk trojfarebná vlákna (červená, žltá a zelená);innpro
Dielňa, náradie a záhrada;085221;Trojfarebné vlákno Sunlu PLA+ Silk (oranžová, modrá a zelená);innpro
Dielňa, náradie a záhrada;085222;Trojfarebné vlákno Sunlu PLA+ Silk (červená, žltá a modrá);innpro
Dielňa, náradie a záhrada;085223;Trojfarebné vlákno Sunlu PLA+ Silk (čierna, zlatá a fialová);innpro
Dielňa, náradie a záhrada;085227;Filament Sunlu PLA svietiaci v tme (biely a zelený);innpro
Dielňa, náradie a záhrada;085237;Vlákno SUNLU PLA (lesklá modrá);innpro
Dielňa, náradie a záhrada;085241;Filament Sunlu ASA (modrý);innpro
Dielňa, náradie a záhrada;085242;Filament Sunlu ASA (červený);innpro
Dielňa, náradie a záhrada;085243;Filament Sunlu ASA (zelený);innpro
Dielňa, náradie a záhrada;085247;Filament Sunlu TPU Silk (čierny);innpro
Dielňa, náradie a záhrada;085252;Systém spájania vlákien Sunlu FC01;innpro
Dielňa, náradie a záhrada;085253;Sušička vlákien Sunlu pre AMS Bambu Lab;innpro
Dielňa, náradie a záhrada;085254;Sušička vlákien Sunlu E2;innpro
Dielňa, náradie a záhrada;085255;Sušička vlákien Sunlu S4;innpro
Dielňa, náradie a záhrada;085256;Sušička vlákien Sunlu S2;innpro
Dielňa, náradie a záhrada;085257;Sušička vlákien Sunlu S1 Plus;innpro
Dielňa, náradie a záhrada;085269;Filament ELEGOO Rapid PLA+ (čierny) 5KG;innpro
Dielňa, náradie a záhrada;085372;Aktualizácie RA2 Pro xTool;innpro
Dielňa, náradie a záhrada;085373;Infračervený laserový modul s vlnovou dĺžkou 1064 nm a výkonom 2 W pre xTool S1;innpro
Dielňa, náradie a záhrada;085374;xTool SafetyPro™ AP2 Predfilter;innpro
Dielňa, náradie a záhrada;085375;xTool SafetyPro™ AP2 – vysokovýkonný filter;innpro
Dielňa, náradie a záhrada;085376;xTool SafetyPro™ AP2 ultra hustý uhlíkový filter;innpro
Dielňa, náradie a záhrada;085377;xTool SafetyPro™ AP2 Filter so strednou účinnosťou;innpro
Dielňa, náradie a záhrada;085379;UV laserový gravírovací stroj xTool F2 Ultra;innpro
Dielňa, náradie a záhrada;085443;LONGER RAY5 mini 3,5 W laserový gravír;innpro
Dielňa, náradie a záhrada;085445;LONGER RAY5 minis 2,5 W laserový gravírovací stroj;innpro
Dielňa, náradie a záhrada;085446;LONGER RAY5 minis 3,5 W laserový gravír;innpro
Dielňa, náradie a záhrada;085448;LONGER RAY5 minis 5,5 W laserový gravír;innpro
Dielňa, náradie a záhrada;085458;3D tlačiareň LONGER LK10 Plus;innpro
Dielňa, náradie a záhrada;085478;3D skener Creality Sermoon P1;innpro
Dielňa, náradie a záhrada;085797;Systém Anycubic ACE 2 Pro na tlač viacerých vlákien pre tlačiarne Kobra S1;innpro
Dielňa, náradie a záhrada;085805;3D tlačiareň ELEGOO Jupiter 2;innpro
Dielňa, náradie a záhrada;085806;Filament ELEGOO Rapid PLA+ (hnedý);innpro
Dielňa, náradie a záhrada;085923;3D tlačiareň CREALITY K2 SE Combo;innpro
Dielňa, náradie a záhrada;085924;3D tlačiareň CREALITY SparkX i7 Combo;innpro
Dielňa, náradie a záhrada;086260;Laserový gravírovací stroj LaserPecker LP2 Plus;innpro
Dielňa, náradie a záhrada;086277;Trysky Anycubic pre sériu Kobra 2 (5 ks);innpro
Dielňa, náradie a záhrada;086280;PEI doska Anycubic pre Kobra 2 Neo;innpro
Dielňa, náradie a záhrada;086284;PEI doska Anycubic pre Kobra 3/Combo/V2/V2 Combo;innpro
Dielňa, náradie a záhrada;086285;Stierka trysky vyhrievanej podložky Anycubic pre modely Kobra 3/Combo/V2/V2 Combo/Max/Max Combo;innpro
Dielňa, náradie a záhrada;086287;Rýchlovýmenná hlavica Anycubic s tryskou 0,8 mm pre modely Kobra 3/Combo/V2/V2 Combo;innpro
Dielňa, náradie a záhrada;086288;PEI doska Anycubic pre Kobra S1/S1 Combo;innpro
Dielňa, náradie a záhrada;086289;Vzduchový filter pre Kobra S1/S1 Combo;innpro
Dielňa, náradie a záhrada;086293;Stierač pre Kobra S1/S1 Combo;innpro
Dielňa, náradie a záhrada;086296;Stavebná doska Anycubic Smooth pre Kobra 3/Combo/V2/V2 Combo;innpro
Dielňa, náradie a záhrada;086298;Doska s 3D efektom (osmiuholník + kosoštvorec) pre modely Kobra 3/3 Combo, 3 V2 a 3 V2 Combo;innpro
Dielňa, náradie a záhrada;086299;Doska s 3D efektom (Phantom + guľa) pre modely Kobra 3/3 Combo/3 V2/3 V2 Combo;innpro
Dielňa, náradie a záhrada;086310;Stavebná doska Anycubic pre Photon Mono M7 Pro/M7;innpro
Dielňa, náradie a záhrada;086311;Súprava na automatické doplňovanie atramentu Anycubic pre tlačiarne Photon Mono M7 Pro/M7 Max;innpro
Dielňa, náradie a záhrada;086312;Nádrž na živicu Anycubic pre tlačiarne Photon Mono M7 Pro;innpro
Dielňa, náradie a záhrada;086313;Stavebná doska Anycubic pre Photon Mono 4 Ultra;innpro
Dielňa, náradie a záhrada;086315;Ochranná fólia Anycubic pre Photon Mono 4 Ultra/Mono 4;innpro
Dielňa, náradie a záhrada;086318;Stavebná doska Anycubic pre Photon Mono 4;innpro
Dielňa, náradie a záhrada;086319;Vyhrievaná nádrž na živicu Anycubic pre tlačiarne Photon Mono M7 Max;innpro
Dielňa, náradie a záhrada;086320;Stavebná doska Anycubic pre Photon Mono M7 Max;innpro
Dielňa, náradie a záhrada;086323;Filtračný vložka s aktívnym uhlím Anycubic;innpro
Dielňa, náradie a záhrada;086689;3D tlačiareň Anycubic Photon P1;innpro
Dielňa, náradie a záhrada;086690;Filament Anycubic ASA (čierny) 1 kg;innpro
Dielňa, náradie a záhrada;086691;Filament Anycubic ASA (sivý) 1 kg;innpro
Dielňa, náradie a záhrada;086692;Filament Anycubic ASA (biely) 1 kg;innpro
Dielňa, náradie a záhrada;086693;Filament Anycubic PETG (čierny) 1 kg;innpro
Dielňa, náradie a záhrada;086694;Filament Anycubic PETG (biely) 1 kg;innpro
Dielňa, náradie a záhrada;086695;Filament Anycubic PETG (sivý) 1 kg;innpro
Dielňa, náradie a záhrada;086696;Filament Anycubic TPU (čierny) 1 kg;innpro
Dielňa, náradie a záhrada;086697;Filament Anycubic TPU (sivý) 1 kg;innpro
Dielňa, náradie a záhrada;086698;Filament Anycubic TPU (priehľadný) 1 kg;innpro
Dielňa, náradie a záhrada;086699;Filament Anycubic TPU (priehľadná fialová) 1 kg;innpro
Dielňa, náradie a záhrada;086700;Filament Anycubic TPU (priehľadná oranžová) 1 kg;innpro
Dielňa, náradie a záhrada;086701;Filament Anycubic TPU (priehľadná červená) 1 kg;innpro
Dielňa, náradie a záhrada;086702;Filament Anycubic TPU (priehľadná modrá) 1 kg;innpro
Dielňa, náradie a záhrada;086703;Filament Anycubic TPU (priehľadná zelená) 1 kg;innpro
Dielňa, náradie a záhrada;086704;Filament Anycubic TPU (mliečna biela) 1 kg;innpro
Dielňa, náradie a záhrada;086705;Filament Anycubic pre PC (priehľadná biela) 1 kg;innpro
Dielňa, náradie a záhrada;086706;Anycubic PC vlákno (biele) 1 kg;innpro
Dielňa, náradie a záhrada;086707;Anycubic PC vlákno (čierne) 1 kg;innpro
Dielňa, náradie a záhrada;086749;3D tlačiareň LK10 s väčším formátom;innpro
Dielňa, náradie a záhrada;087042;3D tlačiareň Anycubic Kobra X;innpro
Dielňa, náradie a záhrada;087334;Vysoko presná kalibračná doska s kódovaním Revopoint;innpro
Dielňa, náradie a záhrada;087335;Sada referenčných blokov Revopoint;innpro
Dielňa, náradie a záhrada;087336;Magnetické značky Revopoint (208 ks);innpro
Dielňa, náradie a záhrada;087337;Samolepiace značky Revopoint (208 ks);innpro
Dielňa, náradie a záhrada;087338;3D skener Revopoint Inspire 2 – štandardná verzia;innpro
Dielňa, náradie a záhrada;087339;3D skener Revopoint Inspire 2 – Premium edícia;innpro
Dielňa, náradie a záhrada;087623;Sada značiek na skenovanie Revopoint – 500 ks.;innpro
Dielňa, náradie a záhrada;088341;Filament ANYCUBIC IPHPLGE-107 PLA, 1 kg (sivý);innpro
Dielňa, náradie a záhrada;088344;Filament ANYCUBIC IPHPFFW-101 PLA-CF 1 kg (biela farba s rybím šupinovým vzorom);innpro
Dielňa, náradie a záhrada;088345;Filament ANYCUBIC IPHTFBK-101 PETG-CF, 1 kg (čierny);innpro
Dielňa, náradie a záhrada;088508;3D skener Revopoint MetroY Ultra – štandardná verzia;innpro
Dielňa, náradie a záhrada;088509;3D skener Revopoint MetroY Ultra – edícia CCM;innpro
Dielňa, náradie a záhrada;088674;3D tlačiareň Anycubic Kobra X Combo;innpro
Dielňa, náradie a záhrada;088794;3D tlačiareň ELEGOO Centauri 2;innpro
Dielňa, náradie a záhrada;088846;3D skener REVOPOINT Mini 2 (štandardná verzia);innpro
Dielňa, náradie a záhrada;088909;3D skener REVOPOINT Mini 2 – Advanced Edition;innpro
Dielňa, náradie a záhrada;088914;HTVRONT Auto1 lis na potlač (biely);innpro
Dielňa, náradie a záhrada;088915;HTVRONT Auto1 lis na potlač (modrý);innpro
Dielňa, náradie a záhrada;088916;HTVRONT Auto – 2-miestny lis na termotransfer (biely);innpro
Dielňa, náradie a záhrada;088917;HTVRONT Auto – 2-miestny lis na prenos tepla (svetlo modrý);innpro
Dielňa, náradie a záhrada;088918;HTVRONT Auto – 2-miestny lis na prenos tepla (fialový);innpro
Dielňa, náradie a záhrada;088919;HTVRONT HPT01 Lis na hrnčeky (biely);innpro
Dielňa, náradie a záhrada;088920;HTVRONT HPT01 Lis na hrnčeky (svetlo modrý);innpro
Dielňa, náradie a záhrada;088921;HTVRONT H17 Case Press (biela);innpro
Dielňa, náradie a záhrada;088922;HTVRONT H17 Case Press (svetlo modrá);innpro
Dielňa, náradie a záhrada;088924;HTVRONT A300 Auto Cap Press (svetlo modrá);innpro
Dielňa, náradie a záhrada;088925;HTVRONT HPS07 Lis na prenos tepla (modrý);innpro
Dielňa, náradie a záhrada;088926;HTVRONT HPS07 Lis na prenos tepla (fialový);innpro
Dielňa, náradie a záhrada;088927;HTVRONT HPM02 Mini4 lis na termotransfer (svetlo modrý);innpro
Dielňa, náradie a záhrada;088928;HTVRONT HPM02 Mini4 lis na termotransfer (ružový);innpro
Dielňa, náradie a záhrada;088929;HTVRONT HPM02 Mini4 lis na termotransfer (fialový);innpro
Dielňa, náradie a záhrada;088930;Lis na prenos tepla HTVRONT Mini5 (biely);innpro
Dielňa, náradie a záhrada;088931;HTVRONT HPS08 Lis na prenos tepla 10 x 10 (biely);innpro
Dielňa, náradie a záhrada;088932;HTVRONT Pure Heat Transfer Film, 30,5 cm x 1,8 m (čierna);innpro
Dielňa, náradie a záhrada;088933;HTVRONT Pure Heat Transfer Film, 30,5 cm x 1,8 m (biela);innpro
Dielňa, náradie a záhrada;088934;HTVRONT Pure Heat Transfer Film, 30,5 cm x 1,8 m (červená);innpro
Dielňa, náradie a záhrada;088935;HTVRONT Pure Heat Transfer Film, 30,5 cm x 1,8 m (zlatá);innpro
Dielňa, náradie a záhrada;088936;HTVRONT Pure Heat Transfer Film, 30,5 cm x 1,8 m (ružové zlato);innpro
Dielňa, náradie a záhrada;088937;HTVRONT Pure Heat Transfer Film, 30,5 cm x 1,8 m (žltá);innpro
Dielňa, náradie a záhrada;088938;HTVRONT Pure Heat Transfer Film, 30,5 cm x 1,8 m (ružová);innpro
Dielňa, náradie a záhrada;088939;HTVRONT Pure Heat Transfer Film, 30,5 cm x 1,8 m (strieborná);innpro
Dielňa, náradie a záhrada;088940;HTVRONT Pure Heat Transfer Film, 30,5 cm x 1,8 m (modrá);innpro
Dielňa, náradie a záhrada;088941;HTVRONT – fólia na termotransfer s trblietkami, 30,5 cm x 90 cm (zlatá);innpro
Dielňa, náradie a záhrada;088942;HTVRONT – troskavá fólia na termotransfer, 30,5 cm x 90 cm (ružová);innpro
Dielňa, náradie a záhrada;088943;HTVRONT – troskavá fólia na prenos tepla, 30,5 cm x 90 cm (červená);innpro
Dielňa, náradie a záhrada;088944;HTVRONT – troskavá fólia na prenos tepla, 30,5 cm x 90 cm (biela);innpro
Dielňa, náradie a záhrada;088945;HTVRONT – fólia na termotransfer s trblietkami, 30,5 cm × 90 cm (čierna);innpro
Dielňa, náradie a záhrada;088946;HTVRONT – trblietavá fólia na termotransfer, 30,5 cm x 90 cm (zelená);innpro
Dielňa, náradie a záhrada;088947;HTVRONT – trblietavá fólia na termotransfer, 30,5 cm × 90 cm (strieborná);innpro
Dielňa, náradie a záhrada;088948;HTVRONT – trblietavá fólia na termotransfer, 30,5 cm × 90 cm (modrá);innpro
Dielňa, náradie a záhrada;088949;HTVRONT Chameleon – fólia na termotransfer, 30,5 cm x 90 cm (zlato-zelená);innpro
Dielňa, náradie a záhrada;088950;Fólia na prenos tepla HTVRONT Chameleon, 30,5 cm x 90 cm (biela a červená);innpro
Dielňa, náradie a záhrada;088951;HTVRONT Chameleon – fólia na termotransfer, 30,5 cm x 90 cm (zeleno-fialová);innpro
Dielňa, náradie a záhrada;088952;Holografická samolepiaca fólia HTVRONT, 30,5 cm x 90 cm (ružovo-fialová);innpro
Dielňa, náradie a záhrada;088953;Holografická samolepiaca fólia HTVRONT, 30,5 cm × 90 cm (tyrkysová);innpro
Dielňa, náradie a záhrada;088954;Holografická samolepiaca fólia HTVRONT, 30,5 cm x 90 cm (ružová);innpro
Dielňa, náradie a záhrada;088955;Holografická samolepiaca fólia HTVRONT, 30,5 cm × 90 cm (strieborná);innpro
Dielňa, náradie a záhrada;088956;Samolepiaca fólia HTVRONT v odtieni Chrome Metallic, 30,5 cm x 90 cm (zlatá);innpro
Dielňa, náradie a záhrada;088957;Samolepiaca fólia HTVRONT v odtieni Chrome Metallic, 30,5 cm x 90 cm (strieborná);innpro
Dielňa, náradie a záhrada;088958;Samolepiaca fólia HTVRONT Chrome, 30,5 cm x 90 cm (ružové zlato);innpro
Dielňa, náradie a záhrada;088959;Samolepiaca matná fólia HTVRONT, 30,5 cm x 180 cm (čierna);innpro
Dielňa, náradie a záhrada;088960;Samolepiaca matná fólia HTVRONT, 30,5 cm × 180 cm (biela);innpro
Dielňa, náradie a záhrada;088961;Samolepiaca matná fólia HTVRONT, 30,5 cm x 180 cm (červená);innpro
Dielňa, náradie a záhrada;088962;Samolepiaca matná fólia HTVRONT, 30,5 cm x 180 cm (ružová);innpro
Dielňa, náradie a záhrada;088963;Samolepiaca matná fólia HTVRONT, 30,5 cm × 180 cm (zelená);innpro
Dielňa, náradie a záhrada;088964;Samolepiaca matná fólia HTVRONT, 30,5 cm x 180 cm (citrónovožltá);innpro
Dielňa, náradie a záhrada;088965;Samolepiaca matná fólia HTVRONT, 30,5 cm x 180 cm (modrá);innpro
Dielňa, náradie a záhrada;088966;Samolepiaca matná fólia HTVRONT, 30,5 cm x 180 cm (fialová);innpro
Dielňa, náradie a záhrada;088967;Lesklá samolepiaca fólia HTVRONT, 30,5 cm × 180 cm (čierna);innpro
Dielňa, náradie a záhrada;088968;Lesklá samolepiaca fólia HTVRONT, 30,5 cm × 180 cm (biela);innpro
Dielňa, náradie a záhrada;088969;Lesklá samolepiaca fólia HTVRONT, 30,5 cm × 180 cm (zlatá);innpro
Dielňa, náradie a záhrada;088970;Lesklá samolepiaca fólia HTVRONT, 30,5 cm × 180 cm (strieborná);innpro
Dielňa, náradie a záhrada;088971;Samolepiaca fólia HTVRONT Glow, 30,5 cm x 180 cm (modrá);innpro
Dielňa, náradie a záhrada;088972;Samolepiaca fólia HTVRONT Matte A4 (biela);innpro
Dielňa, náradie a záhrada;088973;Samolepiaca fólia HTVRONT Glossy formátu A4 (biela);innpro
Dielňa, náradie a záhrada;088975;HTVRONT – papier na termotransferovú tlač na tmavé textílie, formát A4, 8 listov;innpro
Dielňa, náradie a záhrada;088976;HTVRONT – papier na termotransferovú tlač pre svetlé textílie, formát A4, 8 listov;innpro
Dielňa, náradie a záhrada;088977;Páska HTVRONT, 30,5 cm x 300 cm (červená);innpro
Dielňa, náradie a záhrada;088978;HTVRONT Teflon Mat, 30,5 cm x 40,5 cm, 3 kusy (hnedá);innpro
Dielňa, náradie a záhrada;088979;HTVRONT Sublimation Tape, 20 m x 33 m (modrá);innpro
Dielňa, náradie a záhrada;088980;Žehliaca podložka HTVRONT, 29,2 cm x 29,2 cm (sivá);innpro
Dielňa, náradie a záhrada;088981;Žehliaca podložka HTVRONT, 38,1 cm x 38,1 cm (sivá);innpro
Dielňa, náradie a záhrada;088982;Súprava nástrojov na odstránenie fólie HTVRONT;innpro
Dielňa, náradie a záhrada;088983;HTVRONT škrabka na vinyl;innpro
Dielňa, náradie a záhrada;088984;Rezná podložka HTVRONT, 34,8 cm x 37 cm, balenie po 3 kusoch (zelená);innpro
Dielňa, náradie a záhrada;088985;Rezná podložka HTVRONT 34,8 cm x 37 cm (viacfarebná);innpro
Dielňa, náradie a záhrada;088986;HTVRONT SG-QJ-0027 Podložka na rezanie, 34,8 cm x 61 cm (viacfarebná);innpro
Dielňa, náradie a záhrada;088987;Sublimačná fólia HTVRONT A4, 21 x 29,72 cm (priehľadná);innpro
Dielňa, náradie a záhrada;088988;Forma na puzdro HTVRONT Android (strieborná);innpro
Dielňa, náradie a záhrada;088989;Forma na puzdro HTVRONT iPhone (strieborná);innpro
Dielňa, náradie a záhrada;089872;Systém QiDi Box Multifilament pre sériu Q2;innpro
Dielňa, náradie a záhrada;089873;Systém QiDi Multifilament pre Max 4;innpro
Dielňa, náradie a záhrada;090154;3D skener Revopoint POP 4;innpro
Dielňa, náradie a záhrada;090155;3D skener Revopoint POP 4 Premium;innpro
Dielňa, náradie a záhrada;090172;3D tlačiareň ANYCUBIC Kobra S1 ACE 2 Pro Combo;innpro
Dielňa, náradie a záhrada;090194;ANYCUBIC Standard Resin HD (sivá);innpro
Dielňa, náradie a záhrada;090195;ANYCUBIC Standard Resin (čierna);innpro
Dielňa, náradie a záhrada;090196;ANYCUBIC Standard Resin (priehľadná žltá);innpro
Dielňa, náradie a záhrada;090197;ANYCUBIC Standard Resin (karmínová hlina);innpro
Dielňa, náradie a záhrada;090198;ANYCUBIC ABS-Like Resin 3.0 (čierna);innpro
Dielňa, náradie a záhrada;090199;ANYCUBIC ABS-Like Resin 3.0 (biela);innpro
Dielňa, náradie a záhrada;090200;ANYCUBIC ABS-Like Resin 3.0 (sivá);innpro
Dielňa, náradie a záhrada;090201;ANYCUBIC ABS-Like Resin 3.0 (sivá);innpro
Dielňa, náradie a záhrada;090202;ANYCUBIC Water-Wash Resin 2.0 (sivá);innpro
Dielňa, náradie a záhrada;090203;ANYCUBIC Water-Wash Resin 2.0 (sivá);innpro
Dielňa, náradie a záhrada;090204;ANYCUBIC Water-Wash Resin 2.0 (priehľadná);innpro
Dielňa, náradie a záhrada;090205;ANYCUBIC Tough Resin Ultra (sivá);innpro
Dielňa, náradie a záhrada;090206;ANYCUBIC Tough Resin Ultra (biela);innpro
Dielňa, náradie a záhrada;090207;ANYCUBIC Tough Resin Ultra (čierna);innpro
Dielňa, náradie a záhrada;090208;ANYCUBIC ABS-Like Resin Pro 2 (priehľadná);innpro
Dielňa, náradie a záhrada;090210;ANYCUBIC Texture Resin HD (sivá);innpro
Dielňa, náradie a záhrada;090211;Textúrová živica ANYCUBIC (biela);innpro
Dielňa, náradie a záhrada;090212;ANYCUBIC Textúrová živica (béžová);innpro
Dielňa, náradie a záhrada;090742;XTOOL RA3 Lite otočný adaptér;innpro
Dielňa, náradie a záhrada;090800;Laserový gravír XTOOL M2 Deluxe 10 W;innpro
Dielňa, náradie a záhrada;090801;Laserový gravír XTOOL M2 20 W;innpro
Dielňa, náradie a záhrada;090802;Laserový gravírovací stroj XTOOL M2 Standard 20 W;innpro
Dielňa, náradie a záhrada;090803;Laserový gravír XTOOL M2 Deluxe 20 W;innpro
Dielňa, náradie a záhrada;091529;3D tlačiareň Creality K1 Max 2025;innpro
Dielňa, náradie a záhrada;091708;Optický 3D skener Revopoint Trackit SR;innpro
Dielňa, náradie a záhrada;091709;3D optický skener Revopoint Trackit SR CMM;innpro
Dielňa, náradie a záhrada;092710;Chladič extrudéra QiDi Polar Cooler pre sériu Q2/Max4;innpro
Dielňa, náradie a záhrada;092711;Ohrievač komory QiDi pre sériu Q2;innpro
Dielňa, náradie a záhrada;092712;Ohrievač komory QiDi pre sériu Max4;innpro
Dielňa, náradie a záhrada;092713;Bimetalová tryska QiDi 0,4 mm pre sériu Q2 (2 ks);innpro
Dielňa, náradie a záhrada;092714;Bimetalický hotend QiDi pre sériu Q2;innpro
Dielňa, náradie a záhrada;093330;Infračervený modul xTool 5 W;innpro
Dielňa, náradie a záhrada;093711;Vlákno z uhlíkových vlákien ELEGOO PETG-CF (čierne) 0,5 kg;innpro
Dielňa, náradie a záhrada;ITR-00017511;Brousek na nože Ruhhy 23763 - 2 kameny + příslušenství;atos
Dielňa, náradie a záhrada > Ručné a elektrické náradie;ITR-00017363;Chránič dveří - nástěnný nárazník Ruhhy 23016;atos
Dielňa, náradie a záhrada > Ručné a elektrické náradie;ITR-00017368;Sada pro opravu nábytkových pantů Malatec 23032;atos
Dielňa, náradie a záhrada > Ručné a elektrické náradie;ITR-00018779;Protiskluzová podložka do zásuvky 500x50 Ruhhy 26866;atos
Dielňa, náradie a záhrada > Ručné a elektrické náradie;LEC-TSA5018;Vzduchový kompresor na čištění TEESA TSA5018;atos
Dielňa, náradie a záhrada > Ručné a elektrické náradie;TIP-08810603;Endoskop UNI-T  UT665;atos
Dielňa, náradie a záhrada > Ručné a elektrické náradie;TOC-SX1254;Magnetický teleskopický vytahovák MECHANIC PICK UP 2, 145-640mm SIXTOL;atos
Dielňa, náradie a záhrada > Spájkovacia technika;ATO-1553063;Svěrák Basetech 1553063;atos
Dielňa, náradie a záhrada > Spájkovacia technika;CMP-TO-36650;Svěrák stolní 65 mm otočný;atos
Dielňa, náradie a záhrada > Spájkovacia technika > Spájkovačky a trafospájkovačky;63601388;Spájkovačka Powerplus POWX1388 - AKU hrotová spájkovačka 4V;penta
Dielňa, náradie a záhrada > Spájkovacia technika > Spájkovačky a trafospájkovačky;6363042;Spájkovačka Sixtol rezacie a spájkovacie kreatívne pero HOME CREATIVE, 220V, 30W;penta
Domáce spotrebiče;610462;Dóza Curver Butler Party Box pikniková, mint;penta
Domáce spotrebiče;610463;Dóza Curver Butler Party Box pikniková, ružová;penta
Domáce spotrebiče > Horúcovzdušné fritézy a multifunkčné hrnce;100000119646;DOMO DO705BL;kb
Domáce spotrebiče > Horúcovzdušné fritézy a multifunkčné hrnce;100000286038;DOMO DO42326PC;kb
Domáce spotrebiče > Horúcovzdušné fritézy a multifunkčné hrnce;100000287976;Russell Hobbs 23570-56;kb
Domáce spotrebiče > Horúcovzdušné fritézy a multifunkčné hrnce;100000653510;Lauben Sous Vide Stick SV01;kb
Domáce spotrebiče > Horúcovzdušné fritézy a multifunkčné hrnce;100001820842;G3Ferrari G1009900;kb
Domáce spotrebiče > Horúcovzdušné fritézy a multifunkčné hrnce;100002062693;Lauben Low Sugar Rice Cooker 3000WT;kb
Domáce spotrebiče > Horúcovzdušné fritézy a multifunkčné hrnce;100002065290;Domo DO42327PC;kb
Domáce spotrebiče > Horúcovzdušné fritézy a multifunkčné hrnce;100002117851;SALENTE SuChef;kb
Domáce spotrebiče > Horúcovzdušné fritézy a multifunkčné hrnce;100002129268;Black+Decker BXSM1000E;kb
Domáce spotrebiče > Horúcovzdušné fritézy a multifunkčné hrnce;100002129916;Ariete ART 2904/04;kb
Domáce spotrebiče > Horúcovzdušné fritézy a multifunkčné hrnce;100002129917;Ariete ART 2904/05;kb
Domáce spotrebiče > Horúcovzdušné fritézy a multifunkčné hrnce;100002134291;Salente HotPot, pomalý hrnec, 6,5 l,;kb
Domáce spotrebiče > Horúcovzdušné fritézy a multifunkčné hrnce;100002136354;Tefal RK364G10 Coppertinto;kb
Domáce spotrebiče > Horúcovzdušné fritézy a multifunkčné hrnce;100002140963;DOMO DO9283EK;kb
Domáce spotrebiče > Horúcovzdušné fritézy a multifunkčné hrnce;100002203819;DOMO DO42329PC;kb
Domáce spotrebiče > Horúcovzdušné fritézy a multifunkčné hrnce;100002203908;Tefal Rýžovar 8 v 1 RK7321F1;kb
Domáce spotrebiče > Horúcovzdušné fritézy a multifunkčné hrnce;341050034421;DOMO DO42324PC;kb
Domáce spotrebiče > Horúcovzdušné fritézy a multifunkčné hrnce;341050044421;DOMO DO42325PC;kb
Domáce spotrebiče > Klimatizácia a vzduch;100000027683;ARDES 4C03;kb
Domáce spotrebiče > Klimatizácia a vzduch;100000392606;Domo DO9215AV;kb
Domáce spotrebiče > Klimatizácia a vzduch;100000392651;Domo DO7344H;kb
Domáce spotrebiče > Klimatizácia a vzduch;100000392652;Domo DO7345H;kb
Domáce spotrebiče > Klimatizácia a vzduch;100000392653;Domo DO7324F;kb
Domáce spotrebiče > Klimatizácia a vzduch;100000801248;ETA Aria 4634 90000, hnědý/dřevo;kb
Domáce spotrebiče > Klimatizácia a vzduch;100000924964;Guzzanti GZ 409BT;kb
Domáce spotrebiče > Klimatizácia a vzduch;100001020865;Ardes 449TI;kb
Domáce spotrebiče > Klimatizácia a vzduch;100001020867;Ardes AR4B01B;kb
Domáce spotrebiče > Klimatizácia a vzduch;100001117918;Bravo B-4673 Koupelnový infrazářič;kb
Domáce spotrebiče > Klimatizácia a vzduch;100001405190;Beper BEP-P206RAF200;kb
Domáce spotrebiče > Klimatizácia a vzduch;100001405286;Beper BEP-70405;kb
Domáce spotrebiče > Klimatizácia a vzduch;100001411579;Rowenta HU4020F0;kb
Domáce spotrebiče > Klimatizácia a vzduch;100001411597;ETA Himalaia 5634 90000, bílý;kb
Domáce spotrebiče > Klimatizácia a vzduch;100001411842;Ardes 354;kb
Domáce spotrebiče > Klimatizácia a vzduch;100001502143;TrueLife AIR Diffuser D5 Dark;kb
Domáce spotrebiče > Klimatizácia a vzduch;100001517293;TrueLife AIR Diffuser D5 Light;kb
Domáce spotrebiče > Klimatizácia a vzduch;100001785645;Black&Decker BXCSH2000E;kb
Domáce spotrebiče > Klimatizácia a vzduch;100001826590;Black&Decker BXSH2003E;kb
Domáce spotrebiče > Klimatizácia a vzduch;100001827868;Black+Decker BXSH1500E;kb
Domáce spotrebiče > Klimatizácia a vzduch;100001827869;Black&Decker BXSH2002E;kb
Domáce spotrebiče > Klimatizácia a vzduch;100001881353;Ardes 4B03;kb
Domáce spotrebiče > Klimatizácia a vzduch;100001881355;Ardes 4C05;kb
Domáce spotrebiče > Klimatizácia a vzduch;100001915033;Domo DO344DH;kb
Domáce spotrebiče > Klimatizácia a vzduch;100001940859;GUZZANTI GZ 596;kb
Domáce spotrebiče > Klimatizácia a vzduch;100002078751;Salente HotTower;kb
Domáce spotrebiče > Klimatizácia a vzduch;100002104312;Black&Decker BXDH12E;kb
Domáce spotrebiče > Klimatizácia a vzduch;100002104314;Black&Decker BXCSH2001E;kb
Domáce spotrebiče > Klimatizácia a vzduch;100002104315;Black&Decker BXMRA1500E;kb
Domáce spotrebiče > Klimatizácia a vzduch;100002104532;Black&Decker BXSH2001E;kb
Domáce spotrebiče > Klimatizácia a vzduch;100002121611;Gorenje H45W;kb
Domáce spotrebiče > Klimatizácia a vzduch;100002129922;Ariete ART 808/05;kb
Domáce spotrebiče > Klimatizácia a vzduch;100002131576;Rowenta Extreme Dry Compact DH5250F0;kb
Domáce spotrebiče > Klimatizácia a vzduch;100002134292;Salente WaterStar20, odvlhčovač vzduchu;kb
Domáce spotrebiče > Klimatizácia a vzduch;100002134293;Salente WaterStar12, odvlhčovač vzduchu;kb
Domáce spotrebiče > Klimatizácia a vzduch;100002136425;TrueLife AIR Diffuser D6 Smart;kb
Domáce spotrebiče > Klimatizácia a vzduch;100002143733;Salente HotHeat teplovzdušný ventilátor;kb
Domáce spotrebiče > Klimatizácia a vzduch;100002171979;DOMO DO7356CH;kb
Domáce spotrebiče > Klimatizácia a vzduch;100002202477;Xiaomi Mijia Smart Humidifier Pro;kb
Domáce spotrebiče > Klimatizácia a vzduch > Aróma difuzéry;100000392606;Domo DO9215AV;kb
Domáce spotrebiče > Klimatizácia a vzduch > Aróma difuzéry;100000801248;ETA Aria 4634 90000, hnědý/dřevo;kb
Domáce spotrebiče > Klimatizácia a vzduch > Aróma difuzéry;100001405286;Beper BEP-70405;kb
Domáce spotrebiče > Klimatizácia a vzduch > Aróma difuzéry;100001411597;ETA Himalaia 5634 90000, bílý;kb
Domáce spotrebiče > Klimatizácia a vzduch > Aróma difuzéry;100001502143;TrueLife AIR Diffuser D5 Dark;kb
Domáce spotrebiče > Klimatizácia a vzduch > Aróma difuzéry;100001517293;TrueLife AIR Diffuser D5 Light;kb
Domáce spotrebiče > Klimatizácia a vzduch > Aróma difuzéry;100002136425;TrueLife AIR Diffuser D6 Smart;kb
Domáce spotrebiče > Klimatizácia a vzduch > Odvlhčovače vzduchu;100001915033;Domo DO344DH;kb
Domáce spotrebiče > Klimatizácia a vzduch > Odvlhčovače vzduchu;100001940859;GUZZANTI GZ 596;kb
Domáce spotrebiče > Klimatizácia a vzduch > Odvlhčovače vzduchu;100002104312;Black&Decker BXDH12E;kb
Domáce spotrebiče > Klimatizácia a vzduch > Odvlhčovače vzduchu;100002131576;Rowenta Extreme Dry Compact DH5250F0;kb
Domáce spotrebiče > Klimatizácia a vzduch > Odvlhčovače vzduchu;100002134292;Salente WaterStar20, odvlhčovač vzduchu;kb
Domáce spotrebiče > Klimatizácia a vzduch > Odvlhčovače vzduchu;100002134293;Salente WaterStar12, odvlhčovač vzduchu;kb
Domáce spotrebiče > Klimatizácia a vzduch > Ventilátory;100001405190;Beper BEP-P206RAF200;kb
Domáce spotrebiče > Klimatizácia a vzduch > Ventilátory;AV-K;Solight spätná klapka pre AV01, AV02;solight
Domáce spotrebiče > Klimatizácia a vzduch > Ventilátory;AV-K01;Solight spätná klapka pre AV04/5/6/7/T;solight
Domáce spotrebiče > Klimatizácia a vzduch > Ventilátory;AV01;Solight axiálny ventilátor;solight
Domáce spotrebiče > Klimatizácia a vzduch > Ventilátory;AV02;Solight axiálny ventilátor s časovačom;solight
Domáce spotrebiče > Klimatizácia a vzduch > Ventilátory;AV04;Solight ventilátor do kúpeľne;solight
Domáce spotrebiče > Klimatizácia a vzduch > Ventilátory;AV05;Solight ventilátor do kúpeľne;solight
Domáce spotrebiče > Klimatizácia a vzduch > Ventilátory;AV05T;Solight ventilátor do kúpeľne s časovačom;solight
Domáce spotrebiče > Klimatizácia a vzduch > Ventilátory;AV06;Solight ventilátor do kúpeľne;solight
Domáce spotrebiče > Klimatizácia a vzduch > Ventilátory;AV06T;Solight ventilátor do kúpeľne s časovačom;solight
Domáce spotrebiče > Klimatizácia a vzduch > Ventilátory;AV07;Solight ventilátor do kúpeľne;solight
Domáce spotrebiče > Klimatizácia a vzduch > Ventilátory;PAP01;Solight digitálny vreckový kompresor;solight
Domáce spotrebiče > Klimatizácia a vzduch > Ventilátory;PAP02;Solight digitálny kapesny kompresor mini;solight
Domáce spotrebiče > Klimatizácia a vzduch > Čističky a zvlhčovače vzduchu;MS-GARNI 15T OneCare;Chytrá čistička vzduchu GARNI 15T OneCare;atos
Domáce spotrebiče > Klimatizácia a vzduch > Čističky a zvlhčovače vzduchu;MS-GARNI 45T OneCare;Chytrá čistička vzduchu GARNI 45T OneCare;atos
Domáce spotrebiče > Klimatizácia a vzduch > Čističky a zvlhčovače vzduchu;TIP-06425774;Čistička vzduchu TEESA PURE LIFE P500;atos
Domáce spotrebiče > Kuchynské vybavenie;100000027521;Banquet Pekáč nepř.PREMIUM DB 39,5x22;kb
Domáce spotrebiče > Kuchynské vybavenie;100000027538;Banquet Jídlonosič ner., 4 díly;kb
Domáce spotrebiče > Kuchynské vybavenie;100000570747;Tefal XA258010;kb
Domáce spotrebiče > Kuchynské vybavenie;100001049158;Banquet Šlehač na ml.ruční CUL. Gour;kb
Domáce spotrebiče > Kuchynské vybavenie;100001049262;Banquet Termoska ner. AKCENT 0,75 l;kb
Domáce spotrebiče > Kuchynské vybavenie;100001049267;Banquet Termoska s pum.CUL.1,9l černá;kb
Domáce spotrebiče > Kuchynské vybavenie;100001284912;Banquet Termoska cest. PENTA 1,5l ner.;kb
Domáce spotrebiče > Kuchynské vybavenie;100001405282;Beper BEP-P201UTP003;kb
Domáce spotrebiče > Kuchynské vybavenie;100001411596;ETA 5180 91010 sklo;kb
Domáce spotrebiče > Kuchynské vybavenie;100001932413;Tefal INGENIO skleněná poklice 18;kb
Domáce spotrebiče > Kuchynské vybavenie;100002104268;Maxxo Bamboo 800 ml;kb
Domáce spotrebiče > Kuchynské vybavenie;100002104269;Maxxo Bamboo 1000 ml;kb
Domáce spotrebiče > Kuchynské vybavenie;100002104270;Maxxo Bamboo 1200 ml;kb
Domáce spotrebiče > Kuchynské vybavenie;100002203073;Tefal Intuition pánev WOK 28 cm;kb
Domáce spotrebiče > Kuchynské vybavenie;100002203109;Tefal Intuition pánev 28 cm;kb
Domáce spotrebiče > Kuchynské vybavenie;100002203540;Tefal N1150410;kb
Domáce spotrebiče > Kuchynské vybavenie;100002203546;Tefal N1150510;kb
Domáce spotrebiče > Kuchynské vybavenie;100002203561;Tefal K3021112;kb
Domáce spotrebiče > Kuchynské vybavenie;100002203566;Tefal K3021712;kb
Domáce spotrebiče > Kuchynské vybavenie;100002203567;Tefal K3028912;kb
Domáce spotrebiče > Kuchynské vybavenie;100002203585;Tefal N1211610;kb
Domáce spotrebiče > Kuchynské vybavenie;100002203587;Tefal N1230510;kb
Domáce spotrebiče > Kuchynské vybavenie;100002203596;Tefal K3021812;kb
Domáce spotrebiče > Kuchynské vybavenie;100002203604;Tefal K3100112;kb
Domáce spotrebiče > Kuchynské vybavenie;100002203605;Tefal K3100212;kb
Domáce spotrebiče > Kuchynské vybavenie;100002204075;Coox Dortová forma Springform s porcelán;kb
Domáce spotrebiče > Kuchynské vybavenie;100002204077;Coox Quiche forma 3 díly se skleněnou po;kb
Domáce spotrebiče > Kuchynské vybavenie;100002204078;Coox SPRING forma 26 cm se skleněnou zák;kb
Domáce spotrebiče > Kuchynské vybavenie;100002204079;Coox Rozkládací silikonová forma WUNDERF;kb
Domáce spotrebiče > Kuchynské vybavenie;100002204080;Coox Silikovová forma na 12 muffinů červ;kb
Domáce spotrebiče > Kuchynské vybavenie;491400095652;MAXXO VC 1800;kb
Domáce spotrebiče > Kuchynské vybavenie;700011050590;Banquet Dět. jíd.s. LITTLE PRINCES 3ks;kb
Domáce spotrebiče > Kuchynské vybavenie > Hrnce a panvice;60022088;Hrniec Berlingerhaus BH-1258 Burgundy Metallic Line s mramorovým povrchom a pokrievkou 28 cm;penta
Domáce spotrebiče > Kuchynské vybavenie > Hrnce a panvice;600228;Hrniec Berlingerhaus s mramorovým povrchom a pokrievkou 20 cm Burgundy Metallic Line BH-1256;penta
Domáce spotrebiče > Kuchynské vybavenie > Hrnce a panvice;6340515;Hrniec Berlingerhaus s mramorovým povrchom a pokrievkou 24 cm Burgundy Metallic Line BH-1257;penta
Domáce spotrebiče > Kuchynské vybavenie > Hrnce a panvice;6340517;Rajnica Berlingerhaus s mramorovým povrchom 16 cm Burgundy Metallic Line BH-1255;penta
Domáce spotrebiče > Kuchynské vybavenie > Hrnce a panvice;6340662;Hrniec Berlingerhaus s mramorovým povrchom 28 cm Black Rose Collection BH-1931;penta
Domáce spotrebiče > Kuchynské vybavenie > Termosky a termohrnčeky;100001049262;Banquet Termoska ner. AKCENT 0,75 l;kb
Domáce spotrebiče > Kuchynské vybavenie > Termosky a termohrnčeky;100001049267;Banquet Termoska s pum.CUL.1,9l černá;kb
Domáce spotrebiče > Kuchynské vybavenie > Termosky a termohrnčeky;100001284912;Banquet Termoska cest. PENTA 1,5l ner.;kb
Domáce spotrebiče > Spotrebiče na párty a oslavy;100000473713;Guzzanti GZ 460;kb
Domáce spotrebiče > Spotrebiče na párty a oslavy;100000728500;Guzzanti GZ 130A;kb
Domáce spotrebiče > Spotrebiče na párty a oslavy;100002104305;Black&Decker BXPC1100E;kb
Domáce spotrebiče > Spotrebiče na párty a oslavy;100002172087;Guzzanti GZ 137;kb
Domáce spotrebiče > Spotrebiče na párty a oslavy;340920054421;DOMO DO9177PZ;kb
Domáce spotrebiče > Spotrebiče na párty a oslavy;342200030584;Guzzanti GZ 135;kb
Domáce spotrebiče > Spotrebiče na párty a oslavy;ITR-00017165;Voňavý krb vodopád Ruhhy 22655;atos
Domáce spotrebiče > Spotrebiče na párty a oslavy;ITR-00017270;Samolepky motivační Kruzzel 22947;atos
Domáce spotrebiče > Sušičky bielizne;100001827945;LG RC81V5AV7N;kb
Domáce spotrebiče > Sušičky bielizne;100001875757;LG RC8TV9AVHN;kb
Domáce spotrebiče > Sušičky bielizne;100001875758;LG RC91V9AV4N;kb
Domáce spotrebiče > Sušičky bielizne;100001879906;LG RC91V5AV6N;kb
Domáce spotrebiče > Sušičky bielizne;100001947562;BEKO DPY8506GXB2;kb
Domáce spotrebiče > Sušičky bielizne;100002070977;LG RC81V9AV4N;kb
Domáce spotrebiče > Sušičky bielizne;100002074244;Gorenje DPNE83/GNLWIFI;kb
Domáce spotrebiče > Sušičky bielizne;100002102885;Electrolux EW7D384UCC;kb
Domáce spotrebiče > Sušičky bielizne;100002102886;Electrolux EW8D394MC;kb
Domáce spotrebiče > Sušičky bielizne;100002103194;Electrolux EW7D484UCC;kb
Domáce spotrebiče > Sušičky bielizne;100002103207;Electrolux EW9D787KCC;kb
Domáce spotrebiče > Sušičky bielizne;100002103979;BEKO BM3T3924WBW;kb
Domáce spotrebiče > Sušičky bielizne;100002105358;Beko BMTD37146W;kb
Domáce spotrebiče > Sušičky bielizne;100002128097;SAMSUNG DV90DG52A0TELE;kb
Domáce spotrebiče > Sušičky bielizne;100002128098;SAMSUNG DV90DG52A0ABLE;kb
Domáce spotrebiče > Sušičky bielizne;100002141895;Whirlpool C WD 84M WBS CZ;kb
Domáce spotrebiče > Sušičky bielizne;100002141896;Whirlpool C WD 94M WBS CZ;kb
Domáce spotrebiče > Sušičky bielizne;100002141923;Whirlpool WP C9 WBS EE;kb
Domáce spotrebiče > Sušičky bielizne;100002141927;Whirlpool WPS C7X WBS EE X;kb
Domáce spotrebiče > Sušičky bielizne;100002148274;Beko BM3T372E0W;kb
Domáce spotrebiče > Sušičky bielizne;100002200667;LG RH18U8AVCW;kb
Domáce spotrebiče > Sušičky bielizne;100002201203;Beko B5T4924SWW;kb
Domáce spotrebiče > Sušičky bielizne;100002202448;Gorenje DE69CS;kb
Domáce spotrebiče > Sušičky bielizne;100002203170;Candy BR 10N3BX-S;kb
Domáce spotrebiče > Sušičky bielizne;100002203335;Candy BRS 7N2BX-S;kb
Domáce spotrebiče > Sušičky bielizne;100002203336;Candy GD 9N3B-S;kb
Domáce spotrebiče > Sušičky bielizne;100002203401;Candy BPS 7N3BX-S;kb
Domáce spotrebiče > Sušičky bielizne;100002203406;Candy BR 9N3BX-S;kb
Domáce spotrebiče > Sušičky bielizne;100002203417;Candy BRS 7N3BX-S;kb
Domáce spotrebiče > Sušičky bielizne;100002203431;Candy GD 10N3B-S;kb
Domáce spotrebiče > Sušičky bielizne;100002203432;Candy GD 9N2BR-S;kb
Domáce spotrebiče > Sušičky bielizne;100002203433;Candy GDS 8N2B-S;kb
Domáce spotrebiče > Sušičky bielizne;100002203836;Whirlpool WP B9X WBS EE;kb
Domáce spotrebiče > Triedenie odpadu a domáce organizéry;100000423625;DOMO DO9204KS;kb
Domáce spotrebiče > Triedenie odpadu a domáce organizéry;100002128069;Girmi CT1000 Elektrický nůž;kb
Domáce spotrebiče > Triedenie odpadu a domáce organizéry;100002134271;Eldonex EWS-1010-BK meteostanice;kb
Domáce spotrebiče > Vykurovanie a ohrev vody > Ohrievače a vykurovacie telesá;100000027683;ARDES 4C03;kb
Domáce spotrebiče > Vykurovanie a ohrev vody > Ohrievače a vykurovacie telesá;100000924964;Guzzanti GZ 409BT;kb
Domáce spotrebiče > Vykurovanie a ohrev vody > Ohrievače a vykurovacie telesá;100001117918;Bravo B-4673 Koupelnový infrazářič;kb
Domáce spotrebiče > Vykurovanie a ohrev vody > Ohrievače a vykurovacie telesá;100001411842;Ardes 354;kb
Domáce spotrebiče > Vykurovanie a ohrev vody > Ohrievače a vykurovacie telesá;100001785645;Black&Decker BXCSH2000E;kb
Domáce spotrebiče > Vykurovanie a ohrev vody > Ohrievače a vykurovacie telesá;100001881355;Ardes 4C05;kb
Domáce spotrebiče > Vykurovanie a ohrev vody > Ohrievače a vykurovacie telesá;100002078751;Salente HotTower;kb
Domáce spotrebiče > Vykurovanie a ohrev vody > Ohrievače a vykurovacie telesá;100002104314;Black&Decker BXCSH2001E;kb
Domáce spotrebiče > Vykurovanie a ohrev vody > Ohrievače a vykurovacie telesá;100002104315;Black&Decker BXMRA1500E;kb
Domáce spotrebiče > Vykurovanie a ohrev vody > Ohrievače a vykurovacie telesá;100002129922;Ariete ART 808/05;kb
Domáce spotrebiče > Vykurovanie a ohrev vody > Ohrievače a vykurovacie telesá;100002171979;DOMO DO7356CH;kb
Domáce spotrebiče > Vykurovanie a ohrev vody > Ohrievače a vykurovacie telesá;ATO-2107561000;Ventilátor EMOS P56PR1 pod radiátor MONO, bílý;atos
Domáce spotrebiče > Vykurovanie a ohrev vody > Ohrievače a vykurovacie telesá;ATO-2107562000;Ventilátor EMOS P56PR2 pod radiátor DUO, bílý;atos
Domáce spotrebiče > Vykurovanie a ohrev vody > Ohrievače a vykurovacie telesá;ATO-2107563000;Ventilátor EMOS P56PR3 pod radiátor TRIO, bílý;atos
Domáce spotrebiče > Vykurovanie a ohrev vody > Ohrievače a vykurovacie telesá;ATO-2107956100;Ventilátor EMOS P56EXT1 rozšířující radiátorový set BEZ ZDROJE;atos
Domáce spotrebiče > Vykurovanie a ohrev vody > Ohrievače a vykurovacie telesá;DHCC600W;INFRAPANEL DREAM HEAT CC 600 W /100x60x1.2cm/;atos
Domáce spotrebiče > Vykurovanie a ohrev vody > Ohrievače a vykurovacie telesá;DREAMHEATDO;Dálkové ovládání DREAM HEAT CC originální;atos
Domáce spotrebiče > Vykurovanie a ohrev vody > Ohrievače a vykurovacie telesá;ITR-00013829;Krbové nářadí a stojan na dřevo Kaminer PK011;atos
Domáce spotrebiče > Vykurovanie a ohrev vody > Ohrievače a vykurovacie telesá;ITR-00013830;Krbové nářadí Kaminer PK012;atos
Domáce spotrebiče > Vykurovanie a ohrev vody > Ohrievače a vykurovacie telesá;ITR-00017773;Krbový stojan na dřevo Kaminer 24628;atos
Domáce spotrebiče > Vykurovanie a ohrev vody > Ohrievače a vykurovacie telesá;ITR-00018330;Krbový ventilátor Kaminer 26206 5-lopatkový;atos
Domáce spotrebiče > Vykurovanie a ohrev vody > Ohrievače a vykurovacie telesá;ITR-00018501;Elektrický ohřívač Embego Kaminer 26400 krb s efektem plamene a dálkovým ovládáním;atos
Domáce spotrebiče > Vykurovanie a ohrev vody > Ohrievače a vykurovacie telesá;ITR-00018511;Nástěnné keramické topidlo Airo Kaminer 26388 s Wi-Fi a dálkovým ovládáním;atos
Domáce spotrebiče > Vykurovanie a ohrev vody > Ohrievače a vykurovacie telesá;ITR-00018513;Elektrický ohřívač Lumni 2.0 Kaminer 26376;atos
Domáce spotrebiče > Vykurovanie a ohrev vody > Ohrievače a vykurovacie telesá;ITR-00018520;Teplovzdušný keramický ventilátor Kaminer 26401;atos
Domáce spotrebiče > Vykurovanie a ohrev vody > Ohrievače a vykurovacie telesá;ITR-00018522;Nástěnné keramické topidlo Zelvion Kaminer 26399 s Wi-Fi a dálkovým ovládáním;atos
Domáce spotrebiče > Vykurovanie a ohrev vody > Ohrievače a vykurovacie telesá;ITR-00018524;Elektrický ohřívač Lumni Kaminer 26374;atos
Domáce spotrebiče > Vykurovanie a ohrev vody > Ohrievače a vykurovacie telesá;LEC-TSA8059;Teplovzdušný ventilátor TEESA TSA8059;atos
Domáce spotrebiče > Vykurovanie a ohrev vody > Ohrievače a vykurovacie telesá;NOHYDREAMHEAT360;DREAM HEAT NOHY S KOLEČKY pro model CC 360 / 480 / 600 / 720 /2 ks/;atos
Domáce spotrebiče > Vykurovanie a ohrev vody > Ohrievače a vykurovacie telesá;STRONGLIFT SL500X;Stojan pro tepelné čerpadlo klimatizace STRONGLIFT SL500X INOX;atos
Domáce spotrebiče > Vykurovanie a ohrev vody > Ohrievače a vykurovacie telesá;TIP-06421364;Teplovzdušný ventilátor TEESA TSA8027;atos
Domáce spotrebiče > Vykurovanie a ohrev vody > Ohrievače a vykurovacie telesá;TIP-06423869;Teplovzdušný ventilátor TEESA TSA8025;atos
Domáce spotrebiče > Vykurovanie a ohrev vody > Ohrievače a vykurovacie telesá;TIP-06424412;Radiátor olejový TEESA TSA8036;atos
Domáce spotrebiče > Vykurovanie a ohrev vody > Ohrievače a vykurovacie telesá;TIP-06430127;Topidlo terasové TEESA TSA8050 na stojanu;atos
Domáce spotrebiče > Vysávače;5578786;Vysávač Niceboy ION Charles i6 Black;penta
Domáce spotrebiče > Vysávače;5578787;Vysávač Niceboy ION Charles i6 White;penta
Domáce spotrebiče > Vysávače;5578789;Vysávač Niceboy ION Charles i3 Plus White;penta
Domáce spotrebiče > Vysávače;5578791;Vysávač Niceboy ION Charles i10 Black;penta
Domáce spotrebiče > Vysávače;5578792;Vysávač Niceboy ION Charles i10 White;penta
Domáce spotrebiče > Vysávače;5578793;Vysávač Niceboy ION Charles Q10;penta
Domáce spotrebiče > Vysávače;55787933;Vysávač Niceboy ION Charles i9 Plus - black;penta
Domáce spotrebiče > Vysávače;55787934;Vysávač Niceboy ION Charles i9 Plus - white;penta
Domáce spotrebiče > Vysávače;6552564;Vysávač Niceboy ION Charles i4 - white;penta
Domáce spotrebiče > Vysávače;65526050;Vysávač TP-Link Tapo RV30 Max robotický s mopom, výkon 5300 Pa;penta
Domáce spotrebiče > Vysávače;65526051;Vysávač TP-Link Tapo RV20 Max robotický s mopom, 5300Pa, MagSlim;penta
Domáce spotrebiče > Vysávače;65526054;Vysávač TP-Link Tapo RV30 Max White robotický s mopom, výkon 5300 Pa;penta
Domáce spotrebiče > Vysávače;6552610;Sáčok TP-Link Tapo RVA200 jednorazový, prachový Tapo;penta
Domáce spotrebiče > Vysávače;65526100;Príslušenstvo TP-Link Tapo RVA300 umývateľná handrička na vysávač Tapo;penta
Domáce spotrebiče > Vysávače;65526102;Príslušenstvo TP-Link Tapo RVA301 umývateľná handrička na vysávač Tapo, 5ks;penta
Domáce spotrebiče > Vysávače;65526103;Príslušenstvo TP-Link Tapo RVA411 Vodotesná podložka pre robotický vysávač Tapo;penta
Domáce spotrebiče > Vysávače;65526104;Príslušenstvo TP-Link Tapo RVA410 Vodotesná podložka pre robotický vysávač Tapo;penta
Domáce spotrebiče > Vysávače;65526105;Príslušenstvo TP-Link Tapo RVA105 sada na výmenu vysávača Tapo;penta
Domáce spotrebiče > Vysávače;65526107;Príslušenstvo TP-Link Tapo RVA100 sada na výmenu vysávača Tapo, poškodený obal;penta
Domáce spotrebiče > Vysávače;65526108;Sáčok TP-Link Tapo RVA200 jednorazový, prachový Tapo, poškodený obal;penta
Domáce spotrebiče > Vysávače;65526109;Príslušenstvo TP-Link Tapo RVA500 nádobka na prach pre vysávače Tapo;penta
Domáce spotrebiče > Vysávače;6552611;Príslušenstvo TP-Link Tapo RVA520 Umývateľný HEPA filter pre robotický vysávač Tapo RV50 Omni;penta
Domáce spotrebiče > Vysávače;65526110;Príslušenstvo TP-Link Tapo RVA420 Deodorizačný modul pre robotický vysávač Tapo RV50 Omni;penta
Domáce spotrebiče > Vysávače;65526111;Príslušenstvo TP-Link Tapo RVA310 Umývateľná mopovacia handrička pre robotický vysávač Tapo RV50 Omni;penta
Domáce spotrebiče > Vysávače;65526112;Príslušenstvo TP-Link Tapo RVA210 Jednorazové vrecko na prach pre robotický vysávač Tapo RV50 Omni;penta
Domáce spotrebiče > Žehličky;100002203197;ELDONEX ECL-2010-BK Analogové hodiny;kb
Domáce spotrebiče > Žehličky;100002203198;ELDONEX ECL-2020-BK Analogové hodiny;kb
Domáce spotrebiče > Žehličky;100002203225;ELDONEX ECL-2015-SL Analogové hodiny;kb
Elektro, Smart Home a osvetlenie;100000476214;Legrand 416436 stykač CTX3 4P 40A;kb
Elektro, Smart Home a osvetlenie;100000476439;WAGO 209-130 patka, 100ks;kb
Elektro, Smart Home a osvetlenie;100000476442;WAGO 281-657 svorka 4vodiče, 50ks;kb
Elektro, Smart Home a osvetlenie;100001444286;IN Výsuvná lišta 2str.,3 zásuvky + 2 USB;kb
Elektro, Smart Home a osvetlenie;109364;Kabel koaxiální Televes T-100 Cu 2126 / 100m / 6,6 mm;atos
Elektro, Smart Home a osvetlenie;210601M;Kabel koaxiální Televes 210601 CXT5 Cu 5 mm  METRÁŽ;atos
Elektro, Smart Home a osvetlenie;213002;Kabel koaxiální Televes 213002 Cu / 250m / 6,9 mm / šedý / LSHF bezhalogenový / ClassA;atos
Elektro, Smart Home a osvetlenie;2155;Kabel koaxiální Televes T100 PE 215501 Cu / 100m / 6,6 mm venkovní;atos
Elektro, Smart Home a osvetlenie;2155M;Kabel koaxiální Televes T100 PE 2155 Cu / 6,6 mm venkovní - METRÁŽ;atos
Elektro, Smart Home a osvetlenie;413601;Kabel koaxiální Televes SK100PLUS Cu 413601 / 100m / 6,7 mm;atos
Elektro, Smart Home a osvetlenie;413602;Kabel koaxiální Televes SK100PLUS Cu 413602 / 250m / 6,7 mm;atos
Elektro, Smart Home a osvetlenie;413910;Kabel koaxiální Televes 413910 Cu / 100m / 6,9 mm / bílý / LSFH bezhalogenový / ClassA++;atos
Elektro, Smart Home a osvetlenie;413911;Kabel koaxiální Televes 413911 Cu / 250m / 6,9 mm / bílý / LSFH bezhalogenový / ClassA++;atos
Elektro, Smart Home a osvetlenie;413912;Kabel koaxiální Televes 413912 Cu / 500m / 6,9 mm / bílý / LSFH bezhalogenový / ClassA++;atos
Elektro, Smart Home a osvetlenie;537000575080;Emos P0111 Prodluž.kabel 1,5 m, 1 mm2;kb
Elektro, Smart Home a osvetlenie;98029072-02;Kleště kompresní Cabelcon CX3 ALL SIZE;atos
Elektro, Smart Home a osvetlenie;98501040-02;Ořezávač kabelů RG6/59 CABELCON s klíčem HEX 11mm;atos
Elektro, Smart Home a osvetlenie;ABM100;Zásuvka TV+R koncová Alcad BM-100 - 3,5dB;atos
Elektro, Smart Home a osvetlenie;ABM111;Zásuvka TV+R koncová Alcad BM-111 - 1dB;atos
Elektro, Smart Home a osvetlenie;ABM200;Zásuvka TV+R průběžná Alcad BM-200 - 8dB;atos
Elektro, Smart Home a osvetlenie;ABM500;Zásuvka TV+R průběžná Alcad BM-500 - 10dB;atos
Elektro, Smart Home a osvetlenie;ALI- FF40FWG;Koaxiální průchodka 25 cm PROFI BÍLÁ;atos
Elektro, Smart Home a osvetlenie;ALI-FH1-1DQ;Kabel koaxiální 1,5m s násuvnými F konektory;atos
Elektro, Smart Home a osvetlenie;ATO-79285-83;Zásuvka nástěnná datová Famatel TITAN 79285-83 IP66 1xRJ45 CAT-6A;atos
Elektro, Smart Home a osvetlenie;ATO-EVC-1;Montážní krabička EVERCON EVC-1;atos
Elektro, Smart Home a osvetlenie;ATO-K878B;Autopojistka MIDI 50A;atos
Elektro, Smart Home a osvetlenie;ATO-K878F;Autopojistka MIDI 100A;atos
Elektro, Smart Home a osvetlenie;ATO-K878I;Autopojistka MIDI 175A;atos
Elektro, Smart Home a osvetlenie;ATO-K878J;Autopojistka MIDI 200A;atos
Elektro, Smart Home a osvetlenie;ATO-O423G;Oboustranná lepící nano páska průhledná - 3cm x 3m x 1mm;atos
Elektro, Smart Home a osvetlenie;ATO-O542;Stahovací pásky ocelové nerezové 300 x 7,9 mm, 25ks/balení;atos
Elektro, Smart Home a osvetlenie;ATO-O542A;Stahovací pásky ocelové nerezové 360 x 7,9 mm, 25ks/balení;atos
Elektro, Smart Home a osvetlenie;ATO-O542C;Stahovací pásky ocelové nerezové 680 x 7,9 mm, 25ks/balení;atos
Elektro, Smart Home a osvetlenie;ATO-O542D;Stahovací pásky ocelové nerezové 840 x 7,9 mm, 25ks/balení;atos
Elektro, Smart Home a osvetlenie;ATO-O542E-25;Stahovací pásky ocelové nerezové 150 x 4,6 mm, 25ks/balení;atos
Elektro, Smart Home a osvetlenie;ATO-O542F-25;Stahovací pásky ocelové nerezové 200 x 4,6 mm, 25ks/balení;atos
Elektro, Smart Home a osvetlenie;ATO-O542G-25;Stahovací pásky ocelové nerezové 250 x 4,6 mm, 25ks/balení;atos
Elektro, Smart Home a osvetlenie;ATO-O542H-25;Stahovací pásky ocelové nerezové 300 x 4,6 mm, 25ks/balení;atos
Elektro, Smart Home a osvetlenie;ATO-O542I-25;Stahovací pásky ocelové nerezové 360 x 4,6 mm, 25ks/balení;atos
Elektro, Smart Home a osvetlenie;ATO-O542J-25;Stahovací pásky ocelové nerezové 520 x 4,6 mm, 25ks/balení;atos
Elektro, Smart Home a osvetlenie;ATO-O542L-25;Stahovací pásky ocelové nerezové 840 x 4,6 mm, 25ks/balení;atos
Elektro, Smart Home a osvetlenie;ATO-O542M-25;Stahovací pásky ocelové nerezové 1050 x 7,9 mm, 25ks/balení;atos
Elektro, Smart Home a osvetlenie;ATO-O542N-25;Stahovací pásky ocelové nerezové 150 x 7,9 mm, 25ks/balení;atos
Elektro, Smart Home a osvetlenie;ATO-O542O-25;Stahovací pásky ocelové nerezové 200 x 7,9 mm, 25ks/balení;atos
Elektro, Smart Home a osvetlenie;ATO-OR-AE-13302;ORNO OR-AE-13302 zásuvka 230V s USB nabíječkou;atos
Elektro, Smart Home a osvetlenie;ATO-OR-PZ-465;Detektor úniku vody ORNO OR-PZ-465;atos
Elektro, Smart Home a osvetlenie;ATO-OR-PZ-466;Detektor úniku vody ORNO OR-PZ-466;atos
Elektro, Smart Home a osvetlenie;ATO-OR-PZ-490;Sonda pro detektor úniku vody - ORNO OR-PZ-490;atos
Elektro, Smart Home a osvetlenie;ATO-P232;Narážecí nástroj pro UTP kabely do LSA, FT-3141A;atos
Elektro, Smart Home a osvetlenie;BLP10;Přepěťová ochrana bleskojistka BlueLine PBL10 TV/FM/SAT;atos
Elektro, Smart Home a osvetlenie;CABCX3-59/6;Kleště kompresní Cabelcon CX3 59/6 F & IEC;atos
Elektro, Smart Home a osvetlenie;CAVELCS00;Ořezávač kabelů Cavel CS00;atos
Elektro, Smart Home a osvetlenie;CAVELDG113PEM;Kabel koaxiální CAVEL DG-113PEM / 100m / 6,8mm / závěsný;atos
Elektro, Smart Home a osvetlenie;CAVELKF114250;Kabel koaxiální CAVEL KF114 / 250m / 6,6 mm;atos
Elektro, Smart Home a osvetlenie;CAVELKF114M;Kabel koaxiální CAVEL KF114 / 6,6 mm - METRÁŽ;atos
Elektro, Smart Home a osvetlenie;CAVELRP705B100;Kabel koaxiální CAVEL RP 705B / 100m / 6,8 mm;atos
Elektro, Smart Home a osvetlenie;CAVELRP705B250;Kabel koaxiální CAVEL RP 705B / 250m / 6,8 mm;atos
Elektro, Smart Home a osvetlenie;CAVELRP705B500;Kabel koaxiální CAVEL RP 705B / 500m / 6,8 mm;atos
Elektro, Smart Home a osvetlenie;CHKV;Den Braven Chemická kotva VINYLESTER SF 280ml kartuše;atos
Elektro, Smart Home a osvetlenie;CMP-90626;SILIKON 200 ml;atos
Elektro, Smart Home a osvetlenie;CMP-90628;KONTAKT spray 200 ml;atos
Elektro, Smart Home a osvetlenie;CMT04;Klíč na F konektory šroubovací CABELCON, modrý;atos
Elektro, Smart Home a osvetlenie;CXCB100F;Koaxiální kabel Emos CB100F / 100m / 6,5 mm;atos
Elektro, Smart Home a osvetlenie;CXCB100F250;Koaxiální kabel Emos CB100F / 250m / 6,5 mm;atos
Elektro, Smart Home a osvetlenie;CXCB113;Koaxiální kabel Emos CB113UV / 100m / 7 mm venkovní;atos
Elektro, Smart Home a osvetlenie;CXCB113UV;Koaxiální kabel Emos CB113UV / 250m / 7 mm venkovní;atos
Elektro, Smart Home a osvetlenie;CXCB500;Koaxiální kabel Emos CB500 / 100m / 5 mm;atos
Elektro, Smart Home a osvetlenie;CXCB500250;Koaxiální kabel Emos CB500 / 250m / 5 mm;atos
Elektro, Smart Home a osvetlenie;CXMAMIKO;Koaxiální kabel Amiko RG6-CCS / 6,8 mm - METRÁŽ;atos
Elektro, Smart Home a osvetlenie;CXMCB100F;Koaxiální kabel CB100F / 6,5 mm - METRÁŽ;atos
Elektro, Smart Home a osvetlenie;CXMCB500;Koaxiální kabel CB500 / 5 mm - METRÁŽ;atos
Elektro, Smart Home a osvetlenie;CXRG6ZFE;Koaxiální kabel Amiko RG6-CCS / 100m / 6,8 mm;atos
Elektro, Smart Home a osvetlenie;D0311;Kabel dvojlinka Cabletech KAB0311 2x0,75mm průhledná CU;atos
Elektro, Smart Home a osvetlenie;D0319;Kabel dvojlinka Cabletech KAB0321 2x1,5mm průhledná OFC;atos
Elektro, Smart Home a osvetlenie;DB-10205RL;Den Braven střešní bitumenový tmel 280ml kartuše;atos
Elektro, Smart Home a osvetlenie;DB-51920BD;Den Braven Lepidlo MAMUT GLUE Total bílé 290ml kartuše;atos
Elektro, Smart Home a osvetlenie;DB-51933BD;Den Braven LepidloMAMUT GLUE Clear UV 290ml kartuše transparentní;atos
Elektro, Smart Home a osvetlenie;DB-US;Den Braven uvolňovač šroubů a rzi sprej 400ml;atos
Elektro, Smart Home a osvetlenie;ELE-1000892;Hladinový spínač ORBIS EBR-1;atos
Elektro, Smart Home a osvetlenie;EMA-ELIPKL0375567;Kryt vypínače 3558A-A651 B bílá Tango ABB;atos
Elektro, Smart Home a osvetlenie;EMA-ELIPKL0375574;Kryt vypínače dělený 3558A-A652 B bílá Tango ABB;atos
Elektro, Smart Home a osvetlenie;EMA-ELIPRA0375880;Rámeček jednonásobný Tango ABB 3901A-B10 B bílá;atos
Elektro, Smart Home a osvetlenie;EMA-ELIPRA0375889;Rámeček dvojnásobný vodorovný 3901A-B20 B bílá Tango ABB;atos
Elektro, Smart Home a osvetlenie;EMA-ELIPRA0375907;Rámeček trojnásobný vodorovný 3901A-B30 B bílá Tango ABB;atos
Elektro, Smart Home a osvetlenie;EMO2001151010;Izolační páska PVC 15/10 bílá EMOS F61511;atos
Elektro, Smart Home a osvetlenie;EMO2001151020;Izolační páska PVC 15/10 černá EMOS F61512;atos
Elektro, Smart Home a osvetlenie;EMO2001151050;Izolační páska PVC 15/10 zelenožlutá EMOS F61515;atos
Elektro, Smart Home a osvetlenie;EMO2001151092;Izolační páska PVC 15/10 barevný mix, EMOS F615992, 10ks  --CENA BLISTR-;atos
Elektro, Smart Home a osvetlenie;EMO2001251020;Izolační páska PVC 25/10 černá EMOS F62512;atos
Elektro, Smart Home a osvetlenie;EMO2003250520;Izolační páska samovulkanizační EMOS F52502 / 25mm / 5m černá;atos
Elektro, Smart Home a osvetlenie;EMO2006000000;Akrylová páska EMOS F6060 / 12mm / 3m, čirá;atos
Elektro, Smart Home a osvetlenie;EMO2006000010;Akrylová páska EMOS F6080 / 18mm / 3m, čirá;atos
Elektro, Smart Home a osvetlenie;EMO2302320750;Účastnická šnůra stíněná 7,5m;atos
Elektro, Smart Home a osvetlenie;EMO2302330500;Účastnická šnůra stíněná 5m;atos
Elektro, Smart Home a osvetlenie;EMO2302331000;Účastnická šnůra stíněná 10m;atos
Elektro, Smart Home a osvetlenie;EMO2302331500;TV účastnická šnůra stíněná 15m;atos
Elektro, Smart Home a osvetlenie;EMO2305023000;Koaxiální kabel Emos CB115 / 100m / 6,8 mm;atos
Elektro, Smart Home a osvetlenie;EMO2308205050;Kabel dvojlinka Cabletech KAB0306 2x 0,5 mm černo-rudá OFC;atos
Elektro, Smart Home a osvetlenie;EMO2309010100;Kabel PC UTP CAT5e 25m + 2x RJ45;atos
Elektro, Smart Home a osvetlenie;EMO3145310570;Stahovací páska 450×7,6 mm, černá, balení 25 ks / EMOS A2857;atos
Elektro, Smart Home a osvetlenie;EMO3145310580;Stahovací páska 450×7,6 mm, bílá, balení 25 ks / EMOS A2858;atos
Elektro, Smart Home a osvetlenie;EU3607;Zásuvka TV+R průběžná EMOS EU 3607 / útlum 7dB;atos
Elektro, Smart Home a osvetlenie;EU3614;Zásuvka TV+R průběžná EMOS EU 3614 / útlum 14dB;atos
Elektro, Smart Home a osvetlenie;F61921;Izolační páska PVC 19/20 bílá EMOS F61921;atos
Elektro, Smart Home a osvetlenie;F61922;Izolační páska PVC 19/20 černá EMOS F61922;atos
Elektro, Smart Home a osvetlenie;FD2-10SL;Zásuvka TV+R FD 2-10 S průběžná;atos
Elektro, Smart Home a osvetlenie;FD6-SAT;Zásuvka SAT+TV+R koncová FD 6;atos
Elektro, Smart Home a osvetlenie;FD710DC;Zásuvka SAT+TV+R FD 7-10DC průběžná;atos
Elektro, Smart Home a osvetlenie;FIR-1605004;Voltmetr jednofázový F&F WNC-1 na DIN lištu;atos
Elektro, Smart Home a osvetlenie;FIR-1605006;Voltmetr třífázový F&F WNC-3 na DIN lištu;atos
Elektro, Smart Home a osvetlenie;FIR-1812110;Ventilátor Plastim PTF 1000 s filtrem, pro rackové skříně;atos
Elektro, Smart Home a osvetlenie;FIR-1812120;Ventilátor Plastim PTF 1500 s filtrem, pro rackové skříně;atos
Elektro, Smart Home a osvetlenie;FOZ3W;Víčko k SAT+TV+R zásuvce - bílé;atos
Elektro, Smart Home a osvetlenie;HAD-O423F;Oboustranná lepící nano páska průhledná - 3cm x 1m x 1mm;atos
Elektro, Smart Home a osvetlenie;HAD-P230;Kleště lisovací CT-80 na kabelová oka 8-80mm2;atos
Elektro, Smart Home a osvetlenie;HT224A;Klíč HT-224A  pro uchycení F konektoru;atos
Elektro, Smart Home a osvetlenie;IST-KABZCK1104;Koaxiální kabel Zircon CU 121 AL / 150 m / 5mm;atos
Elektro, Smart Home a osvetlenie;IST-KABZCK1107;Koaxiální kabel  Zircon CU 121 ALPE / 150 m / 5mm;atos
Elektro, Smart Home a osvetlenie;IST-KABZCK1108;Koaxiální kabel Zircon CCS 125 AL / 100 m / 6.8mm;atos
Elektro, Smart Home a osvetlenie;IST-KABZCK1109;Koaxiální kabel Zircon CCS 125 ALPE / 100 m / 6.8mm;atos
Elektro, Smart Home a osvetlenie;IST-KABZCK1114;Koaxiální kabel  Zircon CU 125 ALPE / 100 m / 6,8mm;atos
Elektro, Smart Home a osvetlenie;ITR-00018271;Suchý zip samolepící Ruhhy 25999 5m x 2,5cm bílý;atos
Elektro, Smart Home a osvetlenie;ITR-00018275;Suchý zip samolepící Ruhhy 25884 18mm 250ks bílý;atos
Elektro, Smart Home a osvetlenie;ITR-00018277;Suchý zip samolepící Ruhhy 25806 5m x 5cm černý;atos
Elektro, Smart Home a osvetlenie;KABUTP1;Kabel PC UTP CAT5e 1m + 2x RJ45;atos
Elektro, Smart Home a osvetlenie;KABUTP15;Kabel PC UTP CAT5e 15m + 2x RJ45;atos
Elektro, Smart Home a osvetlenie;KABUTP2;Kabel PC UTP CAT5e 2m + 2x RJ45;atos
Elektro, Smart Home a osvetlenie;KABUTP20;Kabel PC UTP CAT5e 20m + 2x RJ45;atos
Elektro, Smart Home a osvetlenie;KABUTP3;Kabel PC UTP CAT5e 3m + 2x RJ45;atos
Elektro, Smart Home a osvetlenie;KABUTP5;Kabel PC UTP CAT5e 5m + 2x RJ45;atos
Elektro, Smart Home a osvetlenie;KK10F2;Kabel koaxiální 10m + 2xF konektor;atos
Elektro, Smart Home a osvetlenie;LEC-KAB0203;Kabel stíněná dvojlinka 2 x 3mm RCA;atos
Elektro, Smart Home a osvetlenie;LEC-KAB0389;Kabel dvojlinka Cabletech KAB0389 2x 0,5 mm černo-rudá CCA;atos
Elektro, Smart Home a osvetlenie;LEC-KAB0391;Kabel dvojlinka Cabletech KAB0391 2x 1,0 mm černo-rudá CCA;atos
Elektro, Smart Home a osvetlenie;LEC-NAR0046-30.1;Stahovací páska 300x 4,8 mm - černá - 50ks;atos
Elektro, Smart Home a osvetlenie;LEC-NAR0046-50.1;Stahovací páska 500 x 7,2 mm - černá - 50ks;atos
Elektro, Smart Home a osvetlenie;LEC-NAR0440;Oboustranná lepící nano páska REBEL NAR0440 průhledná - 2 mm x 30 mm x 3 m;atos
Elektro, Smart Home a osvetlenie;LEC-RB-1018;Kleště lisovací kompresní REBEL RB-1018;atos
Elektro, Smart Home a osvetlenie;LP-KAB0390;Kabel dvojlinka Cabletech KAB0390 2x 0,75 mm černo-rudá CCA;atos
Elektro, Smart Home a osvetlenie;LP-KPO2288-3;Kabel koaxiální 3m + 2xF konektor;atos
Elektro, Smart Home a osvetlenie;LP-KPO2735F-1.8;TV účastnická šnůra stíněná 1,8 m;atos
Elektro, Smart Home a osvetlenie;LP-KPO2735F-3;Účastnická šnůra stíněná 3.0 m;atos
Elektro, Smart Home a osvetlenie;MAMUT;Den Braven Lepidlo MAMUT GLUE (High tack) bílé 290ml kartuše;atos
Elektro, Smart Home a osvetlenie;MAX2329;Klíč na F konektory Cabelcon;atos
Elektro, Smart Home a osvetlenie;NED-CCGB89555BU;Zářezový narážecí nástroj typ LSA, pro UTP/STP kabely NEDIS CCGB89555BU;atos
Elektro, Smart Home a osvetlenie;NED-CSBW41000WT20;Kabel koaxiální 2m + 2xF konektor NEDIS CSBW41000WT20;atos
Elektro, Smart Home a osvetlenie;NED-CSGG49510YE;Ořezávač kabelů NEDIS CSGG49510YE (RG58 - RG59 - RG62 - RG7);atos
Elektro, Smart Home a osvetlenie;NED-CSGG49550YE;Klíč na F konektory NEDIS CSGG49550YE --dlouhý--;atos
Elektro, Smart Home a osvetlenie;NED-CSGP40000WT15;TV účastnická šnůra stíněná 1,5 m;atos
Elektro, Smart Home a osvetlenie;PRPROFI2;Koaxiální průchodka 19 cm PROFI GOLD;atos
Elektro, Smart Home a osvetlenie;SATSD3;Zásuvka SAT+TV+R koncová SATSD3;atos
Elektro, Smart Home a osvetlenie;SCHABI212;Ořezávač kabelů OPTICUM AX S 02;atos
Elektro, Smart Home a osvetlenie;SCHKFF20202;Koaxiální průchodka 0,2 m;atos
Elektro, Smart Home a osvetlenie;SP25035;Pásek stahovací standard  250x3.5mm černý;atos
Elektro, Smart Home a osvetlenie;SP25035B;Pásek stahovací standard  250x3.5mm přírodní;atos
Elektro, Smart Home a osvetlenie;SP280X48W;Pásek stahovací standard  280x5mm přírodní;atos
Elektro, Smart Home a osvetlenie;SP38048;Stahovací páska 380x4,8 mm černá;atos
Elektro, Smart Home a osvetlenie;SP38048B;Stahovací páska 380x5mm bílá;atos
Elektro, Smart Home a osvetlenie;SP43048B;Stahovací páska 430x5mm bílá;atos
Elektro, Smart Home a osvetlenie;SP48370;Stahovací páska 370x4mm bílá;atos
Elektro, Smart Home a osvetlenie;SPKO;Přepěťová ochrana bleskojistka PROFI SPKO-F75-SAT/TV-B/F-F;atos
Elektro, Smart Home a osvetlenie;SPKO50OHM;Přepěťová ochrana bleskojistka PROFI BrOK SPKO-N-x50-0,5G-B;atos
Elektro, Smart Home a osvetlenie;SPR-2KZAE13138;Zahradní zásuvka ORNO OR-AE-13138, 2x2P + Z, 230V, IP44;atos
Elektro, Smart Home a osvetlenie;SPR-3701928;CABELCON CX3 náhradní hlavice na kompresní kleště CX3 all size;atos
Elektro, Smart Home a osvetlenie;TCZ-R48602;Přepěťová ochrana bleskojistka SIGNAL TV/FM/SAT;atos
Elektro, Smart Home a osvetlenie;TCZ-R9120261;Ventilační panel do RACK (3 ventilátory, montáž zepředu);atos
Elektro, Smart Home a osvetlenie;TIP-03040090;Pásek stahovací standard  200x3.5mm  černý *;atos
Elektro, Smart Home a osvetlenie;TIP-03040092;Pásek stahovací standard  200x3.5mm  bílá;atos
Elektro, Smart Home a osvetlenie;TIP-03040820;Pásek stahovací standard  300x4mm černá;atos
Elektro, Smart Home a osvetlenie;TIP-06437243;Čidlo pohybové PIR STU 46075 12/24V 6A;atos
Elektro, Smart Home a osvetlenie;TIP-06437263;Sada nářadí pro fotovoltaiku MC4 PV E6108 v pouzdře;atos
Elektro, Smart Home a osvetlenie;TIP-06610045;Ořezávač kabelů CT-332 / AX S 01;atos
Elektro, Smart Home a osvetlenie;TIP-06670002;Kufr na nářadí  (460x335x155mm);atos
Elektro, Smart Home a osvetlenie;TIP-06670004;Kufr na nářadí - typII (460x335x155mm);atos
Elektro, Smart Home a osvetlenie;TOC-G17190;Stahovací pásky barevné, 100/200x2,5mm, 250ks GEKO;atos
Elektro, Smart Home a osvetlenie > Bezdrôtové zvončeky;ATO-3010000293;Sada bezdrátového domovního audiotelefonu EMOS H1087, 1 účastník;atos
Elektro, Smart Home a osvetlenie > Bezdrôtové zvončeky;ATO-3010000294;Sada bezdrátového domovního audiotelefonu EMOS H1088, 1 účastník;atos
Elektro, Smart Home a osvetlenie > Bezdrôtové zvončeky;ATO-3010040200;Sada domácího videotelefonu GoSmart EMOS IP-750A /H4020/ s Wi-Fi;atos
Elektro, Smart Home a osvetlenie > Bezdrôtové zvončeky;ATO-3010040210;Monitor přídavný GoSmart EMOS IP-750B /H4021/ pro videotelefon IP-750A;atos
Elektro, Smart Home a osvetlenie > Bezdrôtové zvončeky;ATO-3010040800;Sada domovního videotelefonu GoSmart EMOS IP-880A 2WIRE s WiFi;atos
Elektro, Smart Home a osvetlenie > Bezdrôtové zvončeky;ATO-3010040810;Monitor přídavný GoSmart EMOS IP880B 2WIRE domácího videotelefonu IP880A 2WIRE;atos
Elektro, Smart Home a osvetlenie > Bezdrôtové zvončeky;ATO-3010040820;Kamerová jednotka pro monitor GoSmart EMOS IP880B 2WIRE a videotelefon IP-880A 2WIRE, 1 tlač.;atos
Elektro, Smart Home a osvetlenie > Bezdrôtové zvončeky;ATO-3010040830;Kamerová jednotka pro monitor GoSmart EMOS IP880B 2WIRE a videotelefon IP-880A 2WIRE, 2 tlač.;atos
Elektro, Smart Home a osvetlenie > Bezdrôtové zvončeky;ATO-3010040840;Kamerová jednotka pro monitor GoSmart EMOS IP880B 2WIRE a videotelefon IP-880A 2WIRE, 3 tlač.;atos
Elektro, Smart Home a osvetlenie > Bezdrôtové zvončeky;ATO-3069050230;Klávesnice kódová EMOS IP-006AX /H5023/ GoSmart, Wi-Fi;atos
Elektro, Smart Home a osvetlenie > Bezdrôtové zvončeky;ATO-3401570000;Zvonkový transformátor EMOS P57000TR 8/12/24 V;atos
Elektro, Smart Home a osvetlenie > Bezdrôtové zvončeky;ATO-3401570001;Tlačítko EMOS P57000T k drátovým zvonkům P57101, P57102;atos
Elektro, Smart Home a osvetlenie > Bezdrôtové zvončeky;ATO-3401571010;Drátový zvonek EMOS P57101;atos
Elektro, Smart Home a osvetlenie > Bezdrôtové zvončeky;ATO-3401571020;Drátový zvonek EMOS P57102;atos
Elektro, Smart Home a osvetlenie > Bezdrôtové zvončeky;ATO-3402060011;Zvonek bezdrátový EMOS P5760N do zásuvky - 1x zvonek / 1x tlačítko;atos
Elektro, Smart Home a osvetlenie > Bezdrôtové zvončeky;ATO-3402129000;Zvonek drátový/bezdrátový EMOS P57103 vestavný;atos
Elektro, Smart Home a osvetlenie > Bezdrôtové zvončeky;ATO-3402132000;Domovní bezdrátový zvonek EMOS P5727N do zásuvky;atos
Elektro, Smart Home a osvetlenie > Bezdrôtové zvončeky;ATO-RC-1/B;Ochranná stříška pro zvonkové tlačítko ORNO RC-1/B – černá;atos
Elektro, Smart Home a osvetlenie > Bezdrôtové zvončeky;ATO-RC-1/TR;Ochranná stříška pro zvonkové tlačítko ORNO RC-1/TR – transparentní;atos
Elektro, Smart Home a osvetlenie > Bezdrôtové zvončeky;ATO-URZ3264;Zvonek domovní bezdrátový REBEL URZ3264;atos
Elektro, Smart Home a osvetlenie > Bezdrôtové zvončeky;EMO3010003016;Kamerová jednotka EMOS EM-10AHD /H3016/, 1x tlačítko, pro monitory a videotelefony;atos
Elektro, Smart Home a osvetlenie > Bezdrôtové zvončeky;EMO3010003017;Kamerová jednotka EMOS EM-10AHD /H3017/, 2x tlačítko, pro monitory a videotelefony;atos
Elektro, Smart Home a osvetlenie > Bezdrôtové zvončeky;EMO3010003018;Kamerová jednotka EMOS EM-10AHD /H3018/, 4x tlačítko, pro monitory a videotelefony;atos
Elektro, Smart Home a osvetlenie > Bezdrôtové zvončeky;EMO3010003019;Kamerová jednotka EMOS EM-10AHD /H3019/, klávesnice, pro monitory a videotelefony;atos
Elektro, Smart Home a osvetlenie > Bezdrôtové zvončeky;EMO3402044000;Bezbateriový domovní bezdrátový zvonek EMOS P5729 bílý;atos
Elektro, Smart Home a osvetlenie > Bezdrôtové zvončeky;EMO3402060002;Tlačítko EMOS P5760T (pro zvonek P5760 a P5763);atos
Elektro, Smart Home a osvetlenie > Bezdrôtové zvončeky;EMO3402107000;Domovní bezdrátový zvonek EMOS 98098;atos
Elektro, Smart Home a osvetlenie > Bezdrôtové zvončeky;EMO3402114000;Tlačítko EMOS P5729T (pro zvonek P5729, P5729B, P5731);atos
Elektro, Smart Home a osvetlenie > Bezdrôtové zvončeky;EMO3402115000;Domovní bezdrátový zvonek EMOS P5730 - 2x zvonek / 1x tlačítko;atos
Elektro, Smart Home a osvetlenie > Bezdrôtové zvončeky;EMO3402117001;Tlačítko EMOS P5732T (pro zvonek P5732);atos
Elektro, Smart Home a osvetlenie > Bezdrôtové zvončeky;EMO3402118000;Domovní bezdrátový zvonek EMOS P5750;atos
Elektro, Smart Home a osvetlenie > Bezdrôtové zvončeky;EMO3402118001;Tlačítko EMOS P5750T (pro zvonek P5750, P5750.2T, P5750.2R);atos
Elektro, Smart Home a osvetlenie > Bezdrôtové zvončeky;EMO3402119000;Domovní bezdrátový zvonek EMOS P5750.2T;atos
Elektro, Smart Home a osvetlenie > Bezdrôtové zvončeky;EMO3402120000;Domovní bezdrátový zvonek EMOS P5750.2R;atos
Elektro, Smart Home a osvetlenie > Bezdrôtové zvončeky;EMO3402121000;Bezbateriový domovní bezdrátový zvonek EMOS P5729B černý;atos
Elektro, Smart Home a osvetlenie > Bezdrôtové zvončeky;EMO3402122000;Domovní bezdrátový zvonek EMOS P5733W do zásuvky;atos
Elektro, Smart Home a osvetlenie > Bezdrôtové zvončeky;EMO3402123000;Domovní bezdrátový zvonek P5733S do zásuvky;atos
Elektro, Smart Home a osvetlenie > Bezdrôtové zvončeky;EMO3402124000;Domovní bezdrátový zvonek P5733G do zásuvky;atos
Elektro, Smart Home a osvetlenie > Bezdrôtové zvončeky;EMO3402125000;Domovní bezdrátový zvonek EMOS P5734 do zásuvky;atos
Elektro, Smart Home a osvetlenie > Bezdrôtové zvončeky;EMO3402126000;Domovní bezdrátový zvonek EMOS P5734B do zásuvky;atos
Elektro, Smart Home a osvetlenie > Bezdrôtové zvončeky;EMO3402126001;Tlačítko EMOS P5734T (pro zvonek P5734, P5734B, P5735SS a P5735WS na 1x CR2032);atos
Elektro, Smart Home a osvetlenie > Bezdrôtové zvončeky;EMO5763R;Přijímač a prodlužovač signálu zvonků EMOS P5763R na 3x  AA baterie;atos
Elektro, Smart Home a osvetlenie > Bezdrôtové zvončeky;SPR-2KZWIZ1106;Digitální dveřní kukátko ORNO OR-WIZ-1106;atos
Elektro, Smart Home a osvetlenie > Bezdrôtové zvončeky;SPR-2KZWIZ1107;Digitální dveřní kukátko ORNO OR-WIZ-1107;atos
Elektro, Smart Home a osvetlenie > Bezdrôtové zvončeky;SPR-2KZWIZ1108;Digitální dveřní kukátko se zvonkem ORNO OR-WIZ-1108;atos
Elektro, Smart Home a osvetlenie > IP kamery;100001324686;TP-LINK Tapo C110 Home Sec. Wi-Fi Camera;kb
Elektro, Smart Home a osvetlenie > IP kamery;100002120620;TP-Link TC40GW;kb
Elektro, Smart Home a osvetlenie > IP kamery;100002128209;Xiaomi Outdoor Camera CW500 Dual EU;kb
Elektro, Smart Home a osvetlenie > Káble a vodiče;ATO-N350;Solární kabel  H1Z2Z2-K, 4mm2, červený+černý s konektory MC-4, 2m;atos
Elektro, Smart Home a osvetlenie > Káble a vodiče;ATO-N350I;Solární kabel 2m prodlužovací H1Z2Z2-K, 4mm2, červený+černý s konektory MC4;atos
Elektro, Smart Home a osvetlenie > Káble a vodiče;ATO-N350J;Solární kabel 3m prodlužovací H1Z2Z2-K, 4mm2, červený+černý s konektory MC4;atos
Elektro, Smart Home a osvetlenie > Káble a vodiče;ATO-N350K;Solární kabel 5m prodlužovací H1Z2Z2-K, 4mm2, červený+černý s konektory MC4;atos
Elektro, Smart Home a osvetlenie > Káble a vodiče;ATO-N350L;Solární kabel 10m prodlužovací H1Z2Z2-K, 4mm2, červený+černý s konektory MC4;atos
Elektro, Smart Home a osvetlenie > Osvetlenie – svietidlá;100002142291;Instal Fixadapter EU-Ch type 12, CEE 7/7;kb
Elektro, Smart Home a osvetlenie > Osvetlenie – svietidlá > Komponenty pre svietidlá;WPIR01;Solight PIR interiérový senzor, do krabičky od vypínačov, funkcia zapnutia-vypnutia senzoru, biely;solight
Elektro, Smart Home a osvetlenie > Osvetlenie – svietidlá > Komponenty pre svietidlá;WPIR02;Solight PIR stropný senzor, interiérový, biely;solight
Elektro, Smart Home a osvetlenie > Osvetlenie – svietidlá > Komponenty pre svietidlá;WPIR04-B;Solight PIR senzor nástenný, vonkajší, čierny;solight
Elektro, Smart Home a osvetlenie > Osvetlenie – svietidlá > Komponenty pre svietidlá;WPIR04-W;Solight PIR senzor nástenný, vonkajší, biely;solight
Elektro, Smart Home a osvetlenie > Osvetlenie – svietidlá > Komponenty pre svietidlá;WPIR06;Solight PIR senzor pro E27 žiarovku, biely;solight
Elektro, Smart Home a osvetlenie > Osvetlenie – svietidlá > Komponenty pre svietidlá;WW001;Solight káblová vodotesná spojka mini, IP68, 3-9mm, max 1,5mm2;solight
Elektro, Smart Home a osvetlenie > Osvetlenie – svietidlá > Komponenty pre svietidlá;WW002;Solight káblová vodotesná spojka uni, IP68,4-11mm, max 2,5mm2;solight
Elektro, Smart Home a osvetlenie > Osvetlenie – svietidlá > Komponenty pre svietidlá;WW003;Solight vodeodolná prepojovací krabička IP68, 4-11mm, max 2,5mm2;solight
Elektro, Smart Home a osvetlenie > Osvetlenie – svietidlá > Komponenty pre svietidlá;WW004;Solight vodeodolná prepojovací krabička IP68, 1x vstup, 2x výstup, 5-12mm, max. 2.5mm2;solight
Elektro, Smart Home a osvetlenie > Osvetlenie – svietidlá > Komponenty pre svietidlá;WW005;Solight káblová vodotesná spojka Fast, IP68, 5-9mm, max 2,5mm2;solight
Elektro, Smart Home a osvetlenie > Osvetlenie – svietidlá > LED osvetlenie;100000226049;Osram LED VALUE CL A FR 60 8,5W/827 E27;kb
Elektro, Smart Home a osvetlenie > Osvetlenie – svietidlá > LED osvetlenie;100000226052;Osram LED VALUE CL A FR 40 5W/827 E27;kb
Elektro, Smart Home a osvetlenie > Osvetlenie – svietidlá > LED osvetlenie;100000226053;Osram LED VALUE CL A FR 60 8,5W/840 E27;kb
Elektro, Smart Home a osvetlenie > Osvetlenie – svietidlá > LED osvetlenie;100000226056;Osram LED VALUE CL A FR 100 13W/827 E27;kb
Elektro, Smart Home a osvetlenie > Osvetlenie – svietidlá > LED osvetlenie;100000226057;Osram LED VALUE CL A FR 100 13W/840 E27;kb
Elektro, Smart Home a osvetlenie > Osvetlenie – svietidlá > LED osvetlenie;100000226059;Osram LED VALUE CL B FR 40 5,7W/827 E14;kb
Elektro, Smart Home a osvetlenie > Osvetlenie – svietidlá > LED osvetlenie;100000226063;Osram LED VALUE CL A FIL 60 7W/827 E27;kb
Elektro, Smart Home a osvetlenie > Osvetlenie – svietidlá > LED osvetlenie;100000226102;Osram LED VALUE CL B FR 60 7W/827 E14;kb
Elektro, Smart Home a osvetlenie > Osvetlenie – svietidlá > LED osvetlenie;100000226105;Osram trubice ST8E-EM 8 W/4000 K 600 mm;kb
Elektro, Smart Home a osvetlenie > Osvetlenie – svietidlá > LED osvetlenie;100000414565;OSRAM PAR 16 80 120° 6,9 W/2700 K GU10;kb
Elektro, Smart Home a osvetlenie > Osvetlenie – svietidlá > LED osvetlenie;100000909885;Osram LED VALUE CL P FR 40 5,7W/827 E14;kb
Elektro, Smart Home a osvetlenie > Osvetlenie – svietidlá > LED osvetlenie;100001163455;Osram LED Retrofit A 60 9,4 W, RGBW E27;kb
Elektro, Smart Home a osvetlenie > Osvetlenie – svietidlá > LED osvetlenie;100001163520;OSRAM LED Classic Stick 60 8.5W/4000 E14;kb
Elektro, Smart Home a osvetlenie > Osvetlenie – svietidlá > LED osvetlenie;100001163521;OSRAM LED Classic Stick 60 8.5W/2700 E14;kb
Elektro, Smart Home a osvetlenie > Osvetlenie – svietidlá > LED osvetlenie;100001456331;TP-LINK Tapo L900-5 LED pásek, Smart, RG;kb
Elektro, Smart Home a osvetlenie > Osvetlenie – svietidlá > LED osvetlenie;100001540708;Osram LED VALUE CL A  FIL 40 4W/827 E27;kb
Elektro, Smart Home a osvetlenie > Osvetlenie – svietidlá > LED osvetlenie;100001540709;Osram LED VALUE CL A  FR 40 5W/840 E27;kb
Elektro, Smart Home a osvetlenie > Osvetlenie – svietidlá > LED osvetlenie;100001540710;Osram LED VALUE CL A  FIL 100 11W/827E27;kb
Elektro, Smart Home a osvetlenie > Osvetlenie – svietidlá > LED osvetlenie;100001540711;Osram LED VALUE CL A  FIL 100 11W/840E27;kb
Elektro, Smart Home a osvetlenie > Osvetlenie – svietidlá > LED osvetlenie;100001540712;Osram LED VALUE CL B  FIL 40 4W/827 E14;kb
Elektro, Smart Home a osvetlenie > Osvetlenie – svietidlá > LED osvetlenie;100001540715;Osram LED VALUE CL P  FIL 40 4W/827 E14;kb
Elektro, Smart Home a osvetlenie > Osvetlenie – svietidlá > LED osvetlenie;100001540718;OSRAM PAR 16 35 36° 2.8 W/2700 K GU10;kb
Elektro, Smart Home a osvetlenie > Osvetlenie – svietidlá > LED osvetlenie;100001540719;OSRAM PAR 16 35 120° 2.8 W/2700 K GU10;kb
Elektro, Smart Home a osvetlenie > Osvetlenie – svietidlá > LED osvetlenie;100001540727;OSRAM PAR 16 80 120° 6,9 W/4000 K GU10;kb
Elektro, Smart Home a osvetlenie > Osvetlenie – svietidlá > LED osvetlenie;100001575860;Philips CorePro MR16 827 LED 7W 521lm;kb
Elektro, Smart Home a osvetlenie > Osvetlenie – svietidlá > LED osvetlenie;100001919222;McLED E 27 LED žárovka ML-321.063.87.0;kb
Elektro, Smart Home a osvetlenie > Osvetlenie – svietidlá > LED osvetlenie;100002063732;Osram VALUE E27 19W/840 CLA150W studená;kb
Elektro, Smart Home a osvetlenie > Osvetlenie – svietidlá > LED osvetlenie;100002063733;Osram VALUE CLAS A 150 19 W/2700 K E27;kb
Elektro, Smart Home a osvetlenie > Osvetlenie – svietidlá > LED osvetlenie;100002101897;Osram LED VALUE CLAS A60 8.5 W/2700K E27;kb
Elektro, Smart Home a osvetlenie > Osvetlenie – svietidlá > LED osvetlenie;100002101898;Osram LED VALUE CLAS A60 8.5 W/4000K E27;kb
Elektro, Smart Home a osvetlenie > Osvetlenie – svietidlá > LED osvetlenie;100002101899;Osram LED VALUE CLAS B60 7.5 W/2700K E14;kb
Elektro, Smart Home a osvetlenie > Osvetlenie – svietidlá > LED osvetlenie;100002172164;OSRAM H4 12V 60/55W ORIG LINE 64193-1BL;kb
Elektro, Smart Home a osvetlenie > Osvetlenie – svietidlá > LED osvetlenie;AD-PL-349WLPMR4;LED stropní osvětlení ORNO ZONDA 12W s PIR senzorem;atos
Elektro, Smart Home a osvetlenie > Osvetlenie – svietidlá > LED osvetlenie;ATO-1440013130;LED noční světlo EMOS P3324 s pohybovým čidlem na 3x AAA;atos
Elektro, Smart Home a osvetlenie > Osvetlenie – svietidlá > LED osvetlenie;ATO-AD-OD-6522/B-C;Dekorační rámeček ORNO FONDI RC AD-OD-6522/B-C pro bodové svítidlo;atos
Elektro, Smart Home a osvetlenie > Osvetlenie – svietidlá > LED osvetlenie;ATO-AD-OD-6522/W-C;Dekorační rámeček ORNO FONDI RC AD-OD-6522/W-C pro bodové svítidlo;atos
Elektro, Smart Home a osvetlenie > Osvetlenie – svietidlá > LED osvetlenie;ATO-AD-OP-6566BE27SM;Venkovní osvětlení ORNO AD-OP-6566BE27SMR;atos
Elektro, Smart Home a osvetlenie > Osvetlenie – svietidlá > LED osvetlenie;ATO-AD-OP-6567BE27SMR;Venkovní osvětlení ORNO AD-OP-6567BE27SMR;atos
Elektro, Smart Home a osvetlenie > Osvetlenie – svietidlá > LED osvetlenie;ATO-AD-OP-6568BE27SMR;Venkovní osvětlení ORNO AD-OP-6568BE27SMR;atos
Elektro, Smart Home a osvetlenie > Osvetlenie – svietidlá > LED osvetlenie;ATO-AD-OP-6614GLPM4;LED venkovní osvětlení nástěnné Adviti Morph AD-OP-6614GLPM4;atos
Elektro, Smart Home a osvetlenie > Osvetlenie – svietidlá > LED osvetlenie;ATO-AD-PL-6514WLZM/C;LED stropní světlo Adviti VITO AD-PL-6514WLZM/CCT DO;atos
Elektro, Smart Home a osvetlenie > Osvetlenie – svietidlá > LED osvetlenie;ATO-AD-PL-6515WLZM/C;LED stropní světlo Adviti VITO AD-PL-6515WLZM/CCT TUYA;atos
Elektro, Smart Home a osvetlenie > Osvetlenie – svietidlá > LED osvetlenie;ATO-AD-SW-6249L3;LED světelný zdroj do stropních světel ADVIT AVIS II LED 12W;atos
Elektro, Smart Home a osvetlenie > Osvetlenie – svietidlá > LED osvetlenie;ATO-AD-SW-6249L4;LED světelný zdroj do stropních světel ADVIT AVIS II LED 12W;atos
Elektro, Smart Home a osvetlenie > Osvetlenie – svietidlá > LED osvetlenie;ATO-AD-SW-6250L3;LED světelný zdroj do stropních světel ADVIT AVIS II LED 24W;atos
Elektro, Smart Home a osvetlenie > Osvetlenie – svietidlá > LED osvetlenie;ATO-AD-SW-6250L4;LED světelný zdroj do stropních světel ADVIT AVIS II LED 24W;atos
Elektro, Smart Home a osvetlenie > Osvetlenie – svietidlá > LED osvetlenie;ATO-AD-SW-6274L3;LED světelný zdroj do stropních světel ADVIT AVIS II LED 18W;atos
Elektro, Smart Home a osvetlenie > Osvetlenie – svietidlá > LED osvetlenie;ATO-AD-SW-6274L4;LED světelný zdroj do stropních světel ADVIT AVIS II LED 18W;atos
Elektro, Smart Home a osvetlenie > Osvetlenie – svietidlá > LED osvetlenie;ATO-CL/2XE27R-2;Stropní osvětlení ORNO VIRONE ROVO PIR 2x E27;atos
Elektro, Smart Home a osvetlenie > Osvetlenie – svietidlá > LED osvetlenie;ATO-G098;Stmívač pro LED pásky 12V/8A - 96W;atos
Elektro, Smart Home a osvetlenie > Osvetlenie – svietidlá > LED osvetlenie;ATO-K953;Patice GU10 keramická s přívodními vodiči;atos
Elektro, Smart Home a osvetlenie > Osvetlenie – svietidlá > LED osvetlenie;ATO-OR-OS-1530L3/BR;LED schodišťové svítidlo ORNO CYGNUS OR-OS-1530L3/BR;atos
Elektro, Smart Home a osvetlenie > Osvetlenie – svietidlá > LED osvetlenie;ATO-OR-OS-1530L3/N;LED schodišťové svítidlo ORNO CYGNUS OR-OS-1530L3/N;atos
Elektro, Smart Home a osvetlenie > Osvetlenie – svietidlá > LED osvetlenie;ATO-OR-OS-1530L6/N;LED schodišťové svítidlo ORNO CYGNUS OR-OS-1530L6/N;atos
Elektro, Smart Home a osvetlenie > Osvetlenie – svietidlá > LED osvetlenie;ATO-OR-OS-1531L3/BR;LED schodišťové svítidlo ORNO LEPUS OR-OS-1531L3/BR;atos
Elektro, Smart Home a osvetlenie > Osvetlenie – svietidlá > LED osvetlenie;ATO-OR-OS-1531L3/N;LED schodišťové svítidlo ORNO LEPUS OR-OS-1531L3/N;atos
Elektro, Smart Home a osvetlenie > Osvetlenie – svietidlá > LED osvetlenie;ATO-OR-OS-1531L3/W;LED schodišťové svítidlo ORNO LEPUS OR-OS-1531L3/W;atos
Elektro, Smart Home a osvetlenie > Osvetlenie – svietidlá > LED osvetlenie;ATO-OR-OS-1531L6/W;LED schodišťové svítidlo ORNO LEPUS OR-OS-1531L6/W;atos
Elektro, Smart Home a osvetlenie > Osvetlenie – svietidlá > LED osvetlenie;ATO-OR-OS-1532L3/N;LED schodišťové svítidlo ORNO LYNX OR-OS-1532L3/N;atos
Elektro, Smart Home a osvetlenie > Osvetlenie – svietidlá > LED osvetlenie;ATO-OR-OS-1532L6/BR;LED schodišťové svítidlo ORNO LYNX OR-OS-1532L6/BR;atos
Elektro, Smart Home a osvetlenie > Osvetlenie – svietidlá > LED osvetlenie;ATO-OR-OS-1532L6/N;LED schodišťové svítidlo ORNO LYNX OR-OS-1532L6/N;atos
Elektro, Smart Home a osvetlenie > Osvetlenie – svietidlá > LED osvetlenie;EMO1440883200;LED noční světlo EMOS P3310K se senzorem (fotorezistor) na 3× AA;atos
Elektro, Smart Home a osvetlenie > Osvetlenie – svietidlá > LED osvetlenie;EMO1450000300;Nabíjecí pracovní COB LED reflektor EMOS P4533, 1000 lm, 4400 mAh;atos
Elektro, Smart Home a osvetlenie > Osvetlenie – svietidlá > LED osvetlenie;EMO1450000310;Nabíjecí pracovní COB LED reflektor EMOS P4534, 600 lm, 3000 mAh;atos
Elektro, Smart Home a osvetlenie > Osvetlenie – svietidlá > LED osvetlenie;EMO1450000320;LED reflektor EMOS P4536, 2000 lm, COB LED nabíjecí pracovní svítilna, 8000 mAh;atos
Elektro, Smart Home a osvetlenie > Osvetlenie – svietidlá > LED osvetlenie;EMO1450000420;LED reflektor EMOS P4542, 900 lm, COB LED nabíjecí pracovní svítilna, 2×2000 mAh;atos
Elektro, Smart Home a osvetlenie > Osvetlenie – svietidlá > LED osvetlenie;EMO1450000430;LED reflektor EMOS P4543, 1200 lm, COB LED nabíjecí pracovní svítilna, 2000 mAh;atos
Elektro, Smart Home a osvetlenie > Osvetlenie – svietidlá > LED osvetlenie;EMO1456000060;LED noční světlo EMOS P3306 s fotosenzorem do zásuvky;atos
Elektro, Smart Home a osvetlenie > Osvetlenie – svietidlá > LED osvetlenie;EMO1456000100;LED noční světlo EMOS P3313 do zásuvky s 2× USB;atos
Elektro, Smart Home a osvetlenie > Osvetlenie – svietidlá > LED osvetlenie;EMO1456000110;LED noční světlo EMOS P3314 s fotosenzorem do zásuvky;atos
Elektro, Smart Home a osvetlenie > Osvetlenie – svietidlá > LED osvetlenie;EMO1456000120;LED noční světlo EMOS P3315 s fotosenzorem do zásuvky;atos
Elektro, Smart Home a osvetlenie > Osvetlenie – svietidlá > LED osvetlenie;EMO1456000130;LED noční světlo EMOS P3316 s fotosenzorem do zásuvky;atos
Elektro, Smart Home a osvetlenie > Osvetlenie – svietidlá > LED osvetlenie;EMO1456000150;LED noční světlo EMOS P3318 s fotosenzorem do zásuvky;atos
Elektro, Smart Home a osvetlenie > Osvetlenie – svietidlá > LED osvetlenie;EMO1456000160;LED noční světlo EMOS P3319 s fotosenzorem do zásuvky;atos
Elektro, Smart Home a osvetlenie > Osvetlenie – svietidlá > LED osvetlenie;EMO1456000170;LED noční světlo EMOS P3320 s fotosenzorem do zásuvky;atos
Elektro, Smart Home a osvetlenie > Osvetlenie – svietidlá > LED osvetlenie;EMO1456000200;LED noční světlo EMOS P3323 s fotosenzorem do zásuvky;atos
Elektro, Smart Home a osvetlenie > Osvetlenie – svietidlá > LED osvetlenie;EMO1456000210;LED noční světlo EMOS P3326 do zásuvky;atos
Elektro, Smart Home a osvetlenie > Osvetlenie – svietidlá > LED osvetlenie;EMO1460000000;LED noční světlo EMOS P3325 medvěd, nabíjecí;atos
Elektro, Smart Home a osvetlenie > Osvetlenie – svietidlá > LED osvetlenie;EMO1520503501;LED žárovka EMOS ZQW515R GoSmart WIFI A65 / E27 / 11 W (75 W) / 1 050 lm / RGB / stmívatelná;atos
Elektro, Smart Home a osvetlenie > Osvetlenie – svietidlá > LED osvetlenie;EMO1520503502;LED žárovka EMOS ZQW516R GoSmart WIFI A65 / E27 / 14 W (94 W) / 1 400 lm / RGB / stmívatelná;atos
Elektro, Smart Home a osvetlenie > Osvetlenie – svietidlá > LED osvetlenie;EMO1525283273;LED žárovka Filament A60 / E27 / 3,8 W (60 W) / 806 lm / teplá bílá;atos
Elektro, Smart Home a osvetlenie > Osvetlenie – svietidlá > LED osvetlenie;EMO1525283275;LED žárovka Filament A60 / E27 / 5 W (75 W) / 1 060 lm / teplá bílá;atos
Elektro, Smart Home a osvetlenie > Osvetlenie – svietidlá > LED osvetlenie;EMO1525283279;LED žárovka Filament A60 A CLASS / E27 / 7,2 W (100 W) / 1521 lm / teplá bílá;atos
Elektro, Smart Home a osvetlenie > Osvetlenie – svietidlá > LED osvetlenie;EMO1525283410;LED žárovka Filament A60 / E27 / 3,8 W (60 W) / 806 lm / neutrální bílá;atos
Elektro, Smart Home a osvetlenie > Osvetlenie – svietidlá > LED osvetlenie;EMO1525283412;LED žárovka Filament A60 / E27 / 5 W (75 W) / 1 060 lm / neutrální bílá;atos
Elektro, Smart Home a osvetlenie > Osvetlenie – svietidlá > LED osvetlenie;EMO1525283417;LED žárovka Filament A60 A CLASS / E27 / 7,2 W (100 W) / 1521 lm / neutrální bílá;atos
Elektro, Smart Home a osvetlenie > Osvetlenie – svietidlá > LED osvetlenie;EMO1525500500;Chytrá LED žárovka GoSmart MR16 / GU10 / 4,8 W (35 W) / 400 lm / RGB / stmívatelná / Wi-Fi;atos
Elektro, Smart Home a osvetlenie > Osvetlenie – svietidlá > LED osvetlenie;EMO1525501500;Chytrá LED žárovka GoSmart svíčka / E14 / 4,8 W (40 W) / 470lm / RGB / stmívatelná / Wi-Fi;atos
Elektro, Smart Home a osvetlenie > Osvetlenie – svietidlá > LED osvetlenie;EMO1525730112;LED žárovka Classic MR16 / GU10 / 7 W  (60 W) / 806 lm / studená bílá;atos
Elektro, Smart Home a osvetlenie > Osvetlenie – svietidlá > LED osvetlenie;EMO1525730114;LED žárovka Classic MR16 / GU10 / 3 W (32 W) / 345 lm / studená bílá;atos
Elektro, Smart Home a osvetlenie > Osvetlenie – svietidlá > LED osvetlenie;EMO1525730116;LED žárovka Classic MR16 / GU10 / 3 W (32 W) / 345 lm / studená bílá;atos
Elektro, Smart Home a osvetlenie > Osvetlenie – svietidlá > LED osvetlenie;EMO1525730225;LED žárovka Classic MR16 / GU10 / 7 W (60 W) / 806 lm / teplá bílá;atos
Elektro, Smart Home a osvetlenie > Osvetlenie – svietidlá > LED osvetlenie;EMO1525730229;LED žárovka Classic MR16 / GU10 / 3 W (32 W) / 345 lm / teplá bílá;atos
Elektro, Smart Home a osvetlenie > Osvetlenie – svietidlá > LED osvetlenie;EMO1525730230;LED žárovka Classic MR16 / GU10 / 4 W (39 W) / 450 lm / teplá bílá;atos
Elektro, Smart Home a osvetlenie > Osvetlenie – svietidlá > LED osvetlenie;EMO1525730232;LED žárovka Classic MR16 / GU10 / 3 W (32 W) / 345 lm / teplá bílá;atos
Elektro, Smart Home a osvetlenie > Osvetlenie – svietidlá > LED osvetlenie;EMO1525730234;LED žárovka Basic MR16 / GU10 / 2,9 W (25 W) / 250 lm / teplá bílá;atos
Elektro, Smart Home a osvetlenie > Osvetlenie – svietidlá > LED osvetlenie;EMO1525730235;LED žárovka Basic MR16 / GU10 / 5,2 W (40 W) / 450 lm / teplá bílá;atos
Elektro, Smart Home a osvetlenie > Osvetlenie – svietidlá > LED osvetlenie;EMO1525730419;LED žárovka Classic MR16 / GU10 / 7 W (60 W) / 800 lm / neutrální bílá;atos
Elektro, Smart Home a osvetlenie > Osvetlenie – svietidlá > LED osvetlenie;EMO1525730423;LED žárovka Classic MR16 / GU10 / 3 W (40 W) / 535 lm / Neutrální bílá;atos
Elektro, Smart Home a osvetlenie > Osvetlenie – svietidlá > LED osvetlenie;EMO1525730424;LED žárovka Classic MR16 / GU10 / 3 W (32 W) / 345 lm / neutrální bílá;atos
Elektro, Smart Home a osvetlenie > Osvetlenie – svietidlá > LED osvetlenie;EMO1525730425;LED žárovka Classic MR16 / GU10 / 4 W (39 W) / 450 lm / neutrální bílá;atos
Elektro, Smart Home a osvetlenie > Osvetlenie – svietidlá > LED osvetlenie;EMO1525730427;LED žárovka Classic MR16 / GU10 / 3 W (32 W) / 345 lm / neutrální bílá;atos
Elektro, Smart Home a osvetlenie > Osvetlenie – svietidlá > LED osvetlenie;EMO1525730428;LED žárovka EMOS ZQ8E33N Classic MR16 / GU10 / 5,8 W (75 W) / 565 lm / neutrální bílá;atos
Elektro, Smart Home a osvetlenie > Osvetlenie – svietidlá > LED osvetlenie;EMO1525730429;LED žárovka Basic MR16 / GU10 / 2,9 W (25 W) / 250 lm / neutrální bílá;atos
Elektro, Smart Home a osvetlenie > Osvetlenie – svietidlá > LED osvetlenie;EMO1525730430;LED žárovka Basic MR16 / GU10 / 5,2 W (40 W) / 450 lm / neutrální bílá;atos
Elektro, Smart Home a osvetlenie > Osvetlenie – svietidlá > LED osvetlenie;EMO1525731110;LED žárovka Classic svíčka / E14 / 4,2 W (40 W) / 470 lm / studená bílá;atos
Elektro, Smart Home a osvetlenie > Osvetlenie – svietidlá > LED osvetlenie;EMO1525731111;LED žárovka Classic svíčka / E14 / 6,5 W (60 W) / 806 lm / studená bílá;atos
Elektro, Smart Home a osvetlenie > Osvetlenie – svietidlá > LED osvetlenie;EMO1525731112;LED žárovka Classic Mini Globe / E14 / 4,2 W (40 W) / 470 lm / studená bílá;atos
Elektro, Smart Home a osvetlenie > Osvetlenie – svietidlá > LED osvetlenie;EMO1525731113;LED žárovka Classic Mini Globe / E14 / 6,5 W (60 W) / 806 lm / studená bílá;atos
Elektro, Smart Home a osvetlenie > Osvetlenie – svietidlá > LED osvetlenie;EMO1525731208;LED žárovka Classic JC  4,5W E14 teplá bílá;atos
Elektro, Smart Home a osvetlenie > Osvetlenie – svietidlá > LED osvetlenie;EMO1525731226;LED žárovka Classic svíčka / E14 / 2,5 W (32 W) / 350 lm / teplá bílá;atos
Elektro, Smart Home a osvetlenie > Osvetlenie – svietidlá > LED osvetlenie;EMO1525731230;LED žárovka Classic Mini Globe / E14 / 2,5 W (32 W) / 350 lm / teplá bílá;atos
Elektro, Smart Home a osvetlenie > Osvetlenie – svietidlá > LED osvetlenie;EMO1525731236;LED žárovka Classic svíčka / E14 / 4,2 W (40 W) / 470 lm / teplá bílá;atos
Elektro, Smart Home a osvetlenie > Osvetlenie – svietidlá > LED osvetlenie;EMO1525731238;LED žárovka Classic svíčka / E14 / 6,5 W (60 W) / 806 lm / teplá bílá;atos
Elektro, Smart Home a osvetlenie > Osvetlenie – svietidlá > LED osvetlenie;EMO1525731240;LED žárovka Classic Mini Globe / E14 / 4,2 W (40 W) / 470 lm / teplá bílá;atos
Elektro, Smart Home a osvetlenie > Osvetlenie – svietidlá > LED osvetlenie;EMO1525731242;LED žárovka Classic Mini Globe / E14 / 6,5 W (60 W) / 806 lm / teplá bílá;atos
Elektro, Smart Home a osvetlenie > Osvetlenie – svietidlá > LED osvetlenie;EMO1525731243;LED žárovka EMOS ZQ7E21 Classic R50 / E14 / 4,2 W (40 W) / 470 lm / teplá bílá;atos
Elektro, Smart Home a osvetlenie > Osvetlenie – svietidlá > LED osvetlenie;EMO1525731244;LED žárovka Basic svíčka / E14 / 5,5 W (40 W) / 470 lm / teplá bílá;atos
Elektro, Smart Home a osvetlenie > Osvetlenie – svietidlá > LED osvetlenie;EMO1525731246;LED žárovka Basic Mini Globe / E14 / 5,5 W (40 W) / 470 lm / teplá bílá;atos
Elektro, Smart Home a osvetlenie > Osvetlenie – svietidlá > LED osvetlenie;EMO1525731248;LED žárovka Filament svíčka / E14 / 1,8 W (25 W) / 250 lm / teplá bílá;atos
Elektro, Smart Home a osvetlenie > Osvetlenie – svietidlá > LED osvetlenie;EMO1525731249;LED žárovka Filament svíčka / E14 / 3,4 W (40 W) / 470 lm / teplá bílá;atos
Elektro, Smart Home a osvetlenie > Osvetlenie – svietidlá > LED osvetlenie;EMO1525731250;LED žárovka Filament svíčka / E14 / 5,9 W (60 W) / 806 lm / teplá bílá;atos
Elektro, Smart Home a osvetlenie > Osvetlenie – svietidlá > LED osvetlenie;EMO1525731251;LED žárovka Filament Mini Globe / E14 / 1,8 W (25 W) / 250 lm / teplá bílá;atos
Elektro, Smart Home a osvetlenie > Osvetlenie – svietidlá > LED osvetlenie;EMO1525731252;LED žárovka Filament Mini Globe / E14 / 3,4 W (40 W) / 470 lm / teplá bílá;atos
Elektro, Smart Home a osvetlenie > Osvetlenie – svietidlá > LED osvetlenie;EMO1525731253;LED žárovka Filament Mini Globe / E14 / 5,9 W (60 W) / 806 lm / teplá bílá;atos
Elektro, Smart Home a osvetlenie > Osvetlenie – svietidlá > LED osvetlenie;EMO1525731258;LED žárovka EMOS ZF3D52 Filament svíčka  / E14 / 7 W (75 W) / 1055 lm / teplá bílá;atos
Elektro, Smart Home a osvetlenie > Osvetlenie – svietidlá > LED osvetlenie;EMO1525731259;LED žárovka Filament Mini Globe  / E14 / 7 W (75 W) / 1055 lm / teplá bílá;atos
Elektro, Smart Home a osvetlenie > Osvetlenie – svietidlá > LED osvetlenie;EMO1525731261;LED žárovka Basic Candle E14 / 8,8 W (60 W) / 806 lm / teplá bílá;atos
Elektro, Smart Home a osvetlenie > Osvetlenie – svietidlá > LED osvetlenie;EMO1525731262;LED žárovka Basic MINI GLOBE E14 / 8,8 W (60 W) / 806 lm / teplá bílá;atos
Elektro, Smart Home a osvetlenie > Osvetlenie – svietidlá > LED osvetlenie;EMO1525731407;LED žárovka Classic JC 4,5W E14 neutrální bílá do digestoře;atos
Elektro, Smart Home a osvetlenie > Osvetlenie – svietidlá > LED osvetlenie;EMO1525731425;LED žárovka Classic svíčka / E14 / 2,5 W (32 W) / 350 lm / neutrální bílá;atos
Elektro, Smart Home a osvetlenie > Osvetlenie – svietidlá > LED osvetlenie;EMO1525731429;LED žárovka Classic Mini Globe / E14 / 2,5 W (32 W) / 350 lm / neutrální bílá;atos
Elektro, Smart Home a osvetlenie > Osvetlenie – svietidlá > LED osvetlenie;EMO1525731435;LED žárovka Classic svíčka / E14 / 4,2 W (40 W) / 470 lm / neutrální bílá;atos
Elektro, Smart Home a osvetlenie > Osvetlenie – svietidlá > LED osvetlenie;EMO1525731437;LED žárovka Classic svíčka / E14 / 6,5 W (60 W) / 806 lm / neutrální bílá;atos
Elektro, Smart Home a osvetlenie > Osvetlenie – svietidlá > LED osvetlenie;EMO1525731439;LED žárovka Classic Mini Globe / E14 / 4,2 W (40 W) / 470 lm / neutrální bílá;atos
Elektro, Smart Home a osvetlenie > Osvetlenie – svietidlá > LED osvetlenie;EMO1525731441;LED žárovka Classic Mini Globe / E14 / 6,5 W (60 W) / 806 lm / neutrální bílá;atos
Elektro, Smart Home a osvetlenie > Osvetlenie – svietidlá > LED osvetlenie;EMO1525731442;LED žárovka EMOS ZQ7E23 Classic R50 / E14 / 4,2 W (40 W) / 470 lm / neutrální bílá;atos
Elektro, Smart Home a osvetlenie > Osvetlenie – svietidlá > LED osvetlenie;EMO1525731445;LED žárovka Filament svíčka / E14 / 1,8 W (25 W) / 250 lm / neutrální bílá;atos
Elektro, Smart Home a osvetlenie > Osvetlenie – svietidlá > LED osvetlenie;EMO1525731446;LED žárovka Filament svíčka / E14 / 3,4 W (40 W) / 470 lm / neutrální bílá;atos
Elektro, Smart Home a osvetlenie > Osvetlenie – svietidlá > LED osvetlenie;EMO1525731447;LED žárovka Filament svíčka / E14 / 5,9 W (60 W) / 806 lm / neutrální bílá;atos
Elektro, Smart Home a osvetlenie > Osvetlenie – svietidlá > LED osvetlenie;EMO1525731449;LED žárovka Filament Mini Globe / E14 / 3,4 W (40 W) / 470 lm / neutrální bílá;atos
Elektro, Smart Home a osvetlenie > Osvetlenie – svietidlá > LED osvetlenie;EMO1525731450;LED žárovka Filament Mini Globe / E14 / 5,9 W (60 W) / 806 lm / neutrální bílá;atos
Elektro, Smart Home a osvetlenie > Osvetlenie – svietidlá > LED osvetlenie;EMO1525731451;LED žárovka Basic Mini Globe / E27 / 5,5 W (40 W) / 470 lm / teplá bílá;atos
Elektro, Smart Home a osvetlenie > Osvetlenie – svietidlá > LED osvetlenie;EMO1525731452;LED žárovka Basic svíčka / E14 / 5,5 W (40 W) / 470 lm / teplá bílá;atos
Elektro, Smart Home a osvetlenie > Osvetlenie – svietidlá > LED osvetlenie;EMO1525731453;LED žárovka Filament svíčka A CLASS / E14 / 3,8 W (60 W) / 806 lm / neutrální bílá;atos
Elektro, Smart Home a osvetlenie > Osvetlenie – svietidlá > LED osvetlenie;EMO1525731454;LED žárovka Filament Mini Globe  A CLASS/ E14 / 3,8 W (60 W) / 806 lm / neutrální bílá;atos
Elektro, Smart Home a osvetlenie > Osvetlenie – svietidlá > LED osvetlenie;EMO1525731455;LED žárovka Filament svíčka  / E14 / 7 W (75 W) / 1055 lm / neutrální bílá;atos
Elektro, Smart Home a osvetlenie > Osvetlenie – svietidlá > LED osvetlenie;EMO1525731456;LED žárovka Filament Mini Globe  / E14 / 7 W (75 W) / 1055 lm / neutrální bílá;atos
Elektro, Smart Home a osvetlenie > Osvetlenie – svietidlá > LED osvetlenie;EMO1525731457;LED žárovka Basic Candle E14 / 8,8 W (60 W) / 806 lm / Neutrální bílá;atos
Elektro, Smart Home a osvetlenie > Osvetlenie – svietidlá > LED osvetlenie;EMO1525731458;LED žárovka Basic MINI GLOBE E14 / 8,8 W (60 W) / 806 lm / Neutrální bílá;atos
Elektro, Smart Home a osvetlenie > Osvetlenie – svietidlá > LED osvetlenie;EMO1525732200;LED žárovka Classic MR16 4,5W GU5,3 teplá bílá;atos
Elektro, Smart Home a osvetlenie > Osvetlenie – svietidlá > LED osvetlenie;EMO1525732400;LED žárovka Classic MR16 4,5W GU5,3 neutrální bílá;atos
Elektro, Smart Home a osvetlenie > Osvetlenie – svietidlá > LED osvetlenie;EMO1525733121;LED žárovka Classic A60 / E27 / 7 W (60 W) / 806 lm / Studená bílá;atos
Elektro, Smart Home a osvetlenie > Osvetlenie – svietidlá > LED osvetlenie;EMO1525733122;LED žárovka Classic A60 / E27 / 9,5 W (75 W) / 1055 lm / Studená bílá;atos
Elektro, Smart Home a osvetlenie > Osvetlenie – svietidlá > LED osvetlenie;EMO1525733123;LED žárovka Classic A60 / E27 / 13 W (100 W) / 1521 lm / studená bílá;atos
Elektro, Smart Home a osvetlenie > Osvetlenie – svietidlá > LED osvetlenie;EMO1525733125;LED žárovka EMOS ZQ5E84 Classic A80 20 W E27 studená bílá;atos
Elektro, Smart Home a osvetlenie > Osvetlenie – svietidlá > LED osvetlenie;EMO1525733126;LED žárovka Classic Mini Globe / E27 / 4,2 W (40 W) / 470 lm / studená bílá;atos
Elektro, Smart Home a osvetlenie > Osvetlenie – svietidlá > LED osvetlenie;EMO1525733127;LED žárovka Classic Mini Globe / E27 / 6,5 W (60 W) / 806 lm / studená bílá;atos
Elektro, Smart Home a osvetlenie > Osvetlenie – svietidlá > LED osvetlenie;EMO1525733272;LED žárovka Classic Mini Globe / E27 / 2,5 W (32 W) / 350 lm / teplá bílá;atos
Elektro, Smart Home a osvetlenie > Osvetlenie – svietidlá > LED osvetlenie;EMO1525733277;LED žárovka Classic A60 / E27 / 4 W (40 W) / 470 lm / teplá bílá;atos
Elektro, Smart Home a osvetlenie > Osvetlenie – svietidlá > LED osvetlenie;EMO1525733278;LED žárovka Classic A60 / E27 / 5,8 W (50 W) / 645 lm / teplá bílá;atos
Elektro, Smart Home a osvetlenie > Osvetlenie – svietidlá > LED osvetlenie;EMO1525733279;LED žárovka Classic A60 / E27 / 7 W (60 W) / 806 lm / teplá bílá;atos
Elektro, Smart Home a osvetlenie > Osvetlenie – svietidlá > LED osvetlenie;EMO1525733280;LED žárovka Classic A60 / E27 / 9,5 W (75 W) / 1055 lm / teplá bílá;atos
Elektro, Smart Home a osvetlenie > Osvetlenie – svietidlá > LED osvetlenie;EMO1525733281;LED žárovka Classic A60 / E27 / 13 W (100 W) / 1521 lm / teplá bílá;atos
Elektro, Smart Home a osvetlenie > Osvetlenie – svietidlá > LED osvetlenie;EMO1525733287;LED žárovka Classic A80 / E27 / 20 W (150 W) / 2452 lm / teplá bílá;atos
Elektro, Smart Home a osvetlenie > Osvetlenie – svietidlá > LED osvetlenie;EMO1525733289;LED žárovka Classic svíčka / E27 / 4,2 W (40 W) / 470 lm / teplá bílá;atos
Elektro, Smart Home a osvetlenie > Osvetlenie – svietidlá > LED osvetlenie;EMO1525733291;LED žárovka Classic Mini Globe / E27 / 4,2 W (40 W) / 470 lm / teplá bílá;atos
Elektro, Smart Home a osvetlenie > Osvetlenie – svietidlá > LED osvetlenie;EMO1525733293;LED žárovka Classic Mini Globe / E27 / 6,5 W (60 W) / 806 lm / teplá bílá;atos
Elektro, Smart Home a osvetlenie > Osvetlenie – svietidlá > LED osvetlenie;EMO1525733294;LED žárovka Classic R63 / E27 / 7 W  (60 W) / 806 lm / teplá bílá;atos
Elektro, Smart Home a osvetlenie > Osvetlenie – svietidlá > LED osvetlenie;EMO1525733465;LED žárovka Classic Mini Globe / E27 / 2,5 W (32 W) / 350 lm / neutrální bílá;atos
Elektro, Smart Home a osvetlenie > Osvetlenie – svietidlá > LED osvetlenie;EMO1525733470;LED žárovka Classic A60 / E27 / 4 W (40 W) / 470 lm / Neutrální bílá;atos
Elektro, Smart Home a osvetlenie > Osvetlenie – svietidlá > LED osvetlenie;EMO1525733471;LED žárovka Classic A60 / E27 / 5,8 W (50 W) / 645 lm / Neutrální bílá;atos
Elektro, Smart Home a osvetlenie > Osvetlenie – svietidlá > LED osvetlenie;EMO1525733472;LED žárovka Classic A60 / E27 / 7 W (60 W) / 806 lm / Neutrální bílá;atos
Elektro, Smart Home a osvetlenie > Osvetlenie – svietidlá > LED osvetlenie;EMO1525733473;LED žárovka EMOS ZQ5E53 Classic A60 9,5 W E27 neutrální bílá;atos
Elektro, Smart Home a osvetlenie > Osvetlenie – svietidlá > LED osvetlenie;EMO1525733474;LED žárovka EMOS ZQ5E63 Classic A60 13 W E27 neutrální bílá;atos
Elektro, Smart Home a osvetlenie > Osvetlenie – svietidlá > LED osvetlenie;EMO1525733480;LED žárovka Classic A80 / E27 / 20 W (150 W) / 2452 lm / neutrální bílá;atos
Elektro, Smart Home a osvetlenie > Osvetlenie – svietidlá > LED osvetlenie;EMO1525733482;LED žárovka Classic svíčka / E27 / 4,2 W (40 W) / 470 lm / neutrální bílá;atos
Elektro, Smart Home a osvetlenie > Osvetlenie – svietidlá > LED osvetlenie;EMO1525733484;LED žárovka Classic Mini Globe / E27 / 4,2 W (40 W) / 470 lm / neutrální bílá;atos
Elektro, Smart Home a osvetlenie > Osvetlenie – svietidlá > LED osvetlenie;EMO1525733486;LED žárovka Classic Mini Globe / E27 / 6,5 W (60 W) / 806 lm / neutrální bílá;atos
Elektro, Smart Home a osvetlenie > Osvetlenie – svietidlá > LED osvetlenie;EMO1525733487;LED žárovka Classic R63 / E27 / 7 W  (60 W) / 806 lm / neutrální bílá;atos
Elektro, Smart Home a osvetlenie > Osvetlenie – svietidlá > LED osvetlenie;EMO1525733497;LED žárovka EMOS ZF5D23 Filament A60 / E27 / 3,4 W (40 W) / 470 lm / neutrální bílá;atos
Elektro, Smart Home a osvetlenie > Osvetlenie – svietidlá > LED osvetlenie;EMO1525733498;LED žárovka EMOS ZF5D43 Filament A60 / E27 / 5,9 W (60 W) / 806 lm / neutrální bílá;atos
Elektro, Smart Home a osvetlenie > Osvetlenie – svietidlá > LED osvetlenie;EMO1525733499;LED žárovka EMOS ZF5D53 Filament A60 / E27 / 7,8 W (75 W) / 1060 lm / neutrální bílá;atos
Elektro, Smart Home a osvetlenie > Osvetlenie – svietidlá > LED osvetlenie;EMO1525735201;LED žárovka EMOS ZQ8620 Classic JC 1,9W G4 teplá bílá;atos
Elektro, Smart Home a osvetlenie > Osvetlenie – svietidlá > LED osvetlenie;EMO1525735401;LED žárovka Classic JC 1,9W G4 neutrální bílá;atos
Elektro, Smart Home a osvetlenie > Osvetlenie – svietidlá > LED osvetlenie;EMO1525736207;LED žárovka EMOS ZQ9526 Classic JC 1,9W G9 teplá bílá;atos
Elektro, Smart Home a osvetlenie > Osvetlenie – svietidlá > LED osvetlenie;EMO1525736407;LED žárovka EMOS ZQ9527 Classic JC 1,9W G9 neutrální bílá;atos
Elektro, Smart Home a osvetlenie > Osvetlenie – svietidlá > LED osvetlenie;EMO1525736409;LED žárovka Classic JC 2,5W G9 neutrální bílá;atos
Elektro, Smart Home a osvetlenie > Osvetlenie – svietidlá > LED osvetlenie;EMO1525740236;LED žárovka Classic MR16 / GU10 / 7 W (60 W) / 800 lm / teplá bílá / stmívatelná;atos
Elektro, Smart Home a osvetlenie > Osvetlenie – svietidlá > LED osvetlenie;EMO1525741258;LED žárovka Filament svíčka  A CLASS / E14 / 3,8 W (60 W) / 806 lm / teplá bílá;atos
Elektro, Smart Home a osvetlenie > Osvetlenie – svietidlá > LED osvetlenie;EMO1525741259;LED žárovka Filament Mini Globe  A CLASS/ E14 / 3,8 W (60 W) / 806 lm / teplá bílá;atos
Elektro, Smart Home a osvetlenie > Osvetlenie – svietidlá > LED osvetlenie;EMO1525741451;LED žárovka Basic Mini Globe / E14 / 5,5 W (40 W) / 470 lm / teplá bílá;atos
Elektro, Smart Home a osvetlenie > Osvetlenie – svietidlá > LED osvetlenie;EMO1525743201;LED žárovka Basic svíčka / E27 / 5,5 W (40 W) / 470 lm / teplá bílá;atos
Elektro, Smart Home a osvetlenie > Osvetlenie – svietidlá > LED osvetlenie;EMO1525743202;LED žárovka Basic Mini Globe / E27 / 5,5 W (40 W) / 470 lm / teplá bílá;atos
Elektro, Smart Home a osvetlenie > Osvetlenie – svietidlá > LED osvetlenie;EMO1525743203;LED žárovka Filament A60 / E27 / 3,4 W (40 W) / 470 lm / teplá bílá;atos
Elektro, Smart Home a osvetlenie > Osvetlenie – svietidlá > LED osvetlenie;EMO1525743204;LED žárovka Filament A60 / E27 / 5,9 W (60 W) / 806 lm / teplá bílá;atos
Elektro, Smart Home a osvetlenie > Osvetlenie – svietidlá > LED osvetlenie;EMO1525743205;LED žárovka Filament A60 / E27 / 7,8 W (75 W) / 1060 lm / teplá bílá;atos
Elektro, Smart Home a osvetlenie > Osvetlenie – svietidlá > LED osvetlenie;EMO1525743206;LED žárovka EMOS ZF5D62 Filament A60 / E27 / 10,5 W (100 W) / 1521 lm / teplá bílá;atos
Elektro, Smart Home a osvetlenie > Osvetlenie – svietidlá > LED osvetlenie;EMO1525743208;LED žárovka Filament A70 / E27 / 18 W (150 W) / 2452 lm / teplá bílá;atos
Elektro, Smart Home a osvetlenie > Osvetlenie – svietidlá > LED osvetlenie;EMO1525743209;LED žárovka Filament Mini Globe / E27 / 1,8 W (25 W) / 250 lm / teplá bílá;atos
Elektro, Smart Home a osvetlenie > Osvetlenie – svietidlá > LED osvetlenie;EMO1525743210;LED žárovka Filament Mini Globe / E27 / 3,4 W (40 W) / 470 lm / teplá bílá;atos
Elektro, Smart Home a osvetlenie > Osvetlenie – svietidlá > LED osvetlenie;EMO1525743211;LED žárovka Filament Mini Globe / E27 / 5,9 W (60 W) / 806 lm / teplá bílá;atos
Elektro, Smart Home a osvetlenie > Osvetlenie – svietidlá > LED osvetlenie;EMO1525743212;LED žárovka Filament G95 / E27 / 7,8 W (75 W) / 1055 lm / teplá bílá;atos
Elektro, Smart Home a osvetlenie > Osvetlenie – svietidlá > LED osvetlenie;EMO1525743213;LED žárovka Filament G125 / E27 / 11 W (100 W) / 1521 lm / teplá bílá;atos
Elektro, Smart Home a osvetlenie > Osvetlenie – svietidlá > LED osvetlenie;EMO1525743214;LED žárovka Filament G125 / E27 / 18 W (150 W) / 2452 lm / teplá bílá;atos
Elektro, Smart Home a osvetlenie > Osvetlenie – svietidlá > LED osvetlenie;EMO1525743215;LED žárovka Classic A95 / E27 / 28 W (200 W) / 3452 lm / teplá bílá;atos
Elektro, Smart Home a osvetlenie > Osvetlenie – svietidlá > LED osvetlenie;EMO1525743224;LED žárovka Vintage ST64 / E27 / 4,5 W (40 W) / 420 lm / teplá bílá;atos
Elektro, Smart Home a osvetlenie > Osvetlenie – svietidlá > LED osvetlenie;EMO1525743225;LED žárovka Vintage G125 / E27 / 4,5 W (40 W) / 420 lm / teplá bílá;atos
Elektro, Smart Home a osvetlenie > Osvetlenie – svietidlá > LED osvetlenie;EMO1525743226;LED žárovka Vintage G95 / E27 / 4,5 W (40 W) / 420 lm / teplá bílá;atos
Elektro, Smart Home a osvetlenie > Osvetlenie – svietidlá > LED osvetlenie;EMO1525743227;LED žárovka Vintage A60 / E27 / 4,5 W (40 W) / 420 lm / teplá bílá;atos
Elektro, Smart Home a osvetlenie > Osvetlenie – svietidlá > LED osvetlenie;EMO1525743228;LED žárovka Vintage svíčka / E14 / 2,5 W (20 W) / 225 lm / teplá bílá;atos
Elektro, Smart Home a osvetlenie > Osvetlenie – svietidlá > LED osvetlenie;EMO1525743238;LED žárovka Filament A60 / E27 / 7,5 W (75 W) / 1 055 lm / teplá bílá / stmívatelná;atos
Elektro, Smart Home a osvetlenie > Osvetlenie – svietidlá > LED osvetlenie;EMO1525743239;LED žárovka Filament A60 / E27 / 11 W (100 W) / 1 521 lm / teplá bílá / stmívatelná;atos
Elektro, Smart Home a osvetlenie > Osvetlenie – svietidlá > LED osvetlenie;EMO1525743240;LED žárovka Classic A60 / E27 / 10,5 W (75 W) / 1 060 lm / teplá bílá /krokově stmívatelná;atos
Elektro, Smart Home a osvetlenie > Osvetlenie – svietidlá > LED osvetlenie;EMO1525743241;LED žárovka EMOS ZL5F47 Basic A60 / E27 / 8,8 W (60 W) / 806 lm / teplá bílá;atos
Elektro, Smart Home a osvetlenie > Osvetlenie – svietidlá > LED osvetlenie;EMO1525743242;LED žárovka Basic A60 / E27 / 11W (75 W) / 1055 lm / teplá bílá;atos
Elektro, Smart Home a osvetlenie > Osvetlenie – svietidlá > LED osvetlenie;EMO1525743243;LED žárovka EMOS ZL5F67 Basic A60 / E27 / 15,3W (100 W) / 1521 lm / teplá bílá;atos
Elektro, Smart Home a osvetlenie > Osvetlenie – svietidlá > LED osvetlenie;EMO1525743400;LED žárovka EMOS ZF5D63 Filament A60 / E27 / 10,5 W (100 W) / 1521 lm / neutrální bílá;atos
Elektro, Smart Home a osvetlenie > Osvetlenie – svietidlá > LED osvetlenie;EMO1525743401;LED žárovka Filament A70 / E27 / 18 W (150 W) / 2452 lm / neutrální bílá;atos
Elektro, Smart Home a osvetlenie > Osvetlenie – svietidlá > LED osvetlenie;EMO1525743402;LED žárovka EMOS ZF6D03 Filament Mini Globe / E27 / 1,8 W (25 W) / 250 lm / neutrální bílá;atos
Elektro, Smart Home a osvetlenie > Osvetlenie – svietidlá > LED osvetlenie;EMO1525743403;LED žárovka EMOS ZF6D23 Filament Mini Globe / E27 / 3,4 W (40 W) / 470 lm / neutrální bílá;atos
Elektro, Smart Home a osvetlenie > Osvetlenie – svietidlá > LED osvetlenie;EMO1525743404;LED žárovka EMOS ZF6D43 Filament Mini Globe / E27 / 5,9 W (60 W) / 806 lm / neutrální bílá;atos
Elektro, Smart Home a osvetlenie > Osvetlenie – svietidlá > LED osvetlenie;EMO1525743405;LED žárovka Filament G95 / E27 / 7,8 W (75 W) / 1055 lm / neutrální bílá;atos
Elektro, Smart Home a osvetlenie > Osvetlenie – svietidlá > LED osvetlenie;EMO1525743406;LED žárovka Filament G125 / E27 / 11 W (100 W) / 1521 lm / neutrální bílá;atos
Elektro, Smart Home a osvetlenie > Osvetlenie – svietidlá > LED osvetlenie;EMO1525743407;LED žárovka Filament G125 / E27 / 18 W (150 W) / 2452 lm / neutrální bílá;atos
Elektro, Smart Home a osvetlenie > Osvetlenie – svietidlá > LED osvetlenie;EMO1525743408;LED žárovka Classic A95 / E27 / 28 W (200 W) / 3452 lm / neutrální bílá;atos
Elektro, Smart Home a osvetlenie > Osvetlenie – svietidlá > LED osvetlenie;EMO1525743409;LED žárovka Filament ED90 / E27 / 36 W (327 W) / 6 000 lm / neutrální bílá;atos
Elektro, Smart Home a osvetlenie > Osvetlenie – svietidlá > LED osvetlenie;EMO1525743417;LED žárovka Filament A60 / E27 / 7,5 W (75 W) / 1 055 lm / neutrální bílá / stmívatelná;atos
Elektro, Smart Home a osvetlenie > Osvetlenie – svietidlá > LED osvetlenie;EMO1525743418;LED žárovka Filament A60 / E27 / 11 W (100 W) / 1 521 lm / neutrální bílá / stmívatelná;atos
Elektro, Smart Home a osvetlenie > Osvetlenie – svietidlá > LED osvetlenie;EMO1525743419;LED žárovka EMOS ZL5F48 Basic A60 / E27 / 8,8 W (60 W) / 806 lm / neutrální bílá;atos
Elektro, Smart Home a osvetlenie > Osvetlenie – svietidlá > LED osvetlenie;EMO1525743420;LED žárovka EMOS ZL5F58 Basic A60 / E27 / 11W (75 W) / 1055 lm / neutrální bílá;atos
Elektro, Smart Home a osvetlenie > Osvetlenie – svietidlá > LED osvetlenie;EMO1525743421;LED žárovka EMOS ZL5F68 Basic A60 / E27 / 15,3W (100 W) / 1521 lm / neutrální bílá;atos
Elektro, Smart Home a osvetlenie > Osvetlenie – svietidlá > LED osvetlenie;EMO1525750500;Chytrá LED žárovka GoSmart MR16 / GU10 / 4,8 W (35 W) / 400 lm / RGB / stmívatelná /Zigbee;atos
Elektro, Smart Home a osvetlenie > Osvetlenie – svietidlá > LED osvetlenie;EMO1525751500;Chytrá LED žárovka GoSmart svíčka / E14 / 4,8 W (40 W) / 470lm / RGB / stmívatelná /Zigbee;atos
Elektro, Smart Home a osvetlenie > Osvetlenie – svietidlá > LED osvetlenie;EMO1525753500;Chytrá LED žárovka GoSmart A60 / E27 / 9 W (60 W) / 806 lm / RGB / stmívatelná / Zigbee;atos
Elektro, Smart Home a osvetlenie > Osvetlenie – svietidlá > LED osvetlenie;EMO1525753501;Chytrá LED žárovka GoSmart A60 / E27 / 11 W (75 W) / 1 050 lm / RGB / stmívatelná / Zigbee;atos
Elektro, Smart Home a osvetlenie > Osvetlenie – svietidlá > LED osvetlenie;EMO1525753502;Chytrá LED žárovka GoSmart A65 / E27 / 14 W (94 W) / 1 400 lm / RGB / stmívatelná / Zigbee;atos
Elektro, Smart Home a osvetlenie > Osvetlenie – svietidlá > LED osvetlenie;EMO1525813200;LED žárovka DECO S123 / E27 / 3,5 W (14 W) / 130 lm / flame;atos
Elektro, Smart Home a osvetlenie > Osvetlenie – svietidlá > LED osvetlenie;EMO1525813201;LED žárovka DECO CG125A / E27 / 4,5 W (24 W) / 240 lm / flame;atos
Elektro, Smart Home a osvetlenie > Osvetlenie – svietidlá > LED osvetlenie;EMO1525813202;LED žárovka DECO T30/ E27 / 2 W (11 W) / 100 lm / flame;atos
Elektro, Smart Home a osvetlenie > Osvetlenie – svietidlá > LED osvetlenie;EMO1525813203;LED žárovka DECO G130OA / E27 / 4 W (22 W) / 220 lm / flame;atos
Elektro, Smart Home a osvetlenie > Osvetlenie – svietidlá > LED osvetlenie;EMO1525813204;LED žárovka DECO G130SRA / E27 / 4 W (22 W) / 220 lm / flame;atos
Elektro, Smart Home a osvetlenie > Osvetlenie – svietidlá > LED osvetlenie;EMO1525813205;LED žárovka DECO S123 / E27 / 4 W (16 W) / 150 lm / flame;atos
Elektro, Smart Home a osvetlenie > Osvetlenie – svietidlá > LED osvetlenie;EMO1525813206;LED žárovka DECO SMOKED A60 / E27 / 4,5 W (19 W) / 180 lm / flame;atos
Elektro, Smart Home a osvetlenie > Osvetlenie – svietidlá > LED osvetlenie;EMO1525813207;LED žárovka DECO SMOKED ST64 / E27 / 4,5 W (19 W) / 180 lm / flame;atos
Elektro, Smart Home a osvetlenie > Osvetlenie – svietidlá > LED osvetlenie;EMO1525813208;LED žárovka DECO SMOKED G95 / E27 / 4,5 W (19 W) / 180 lm / flame;atos
Elektro, Smart Home a osvetlenie > Osvetlenie – svietidlá > LED osvetlenie;EMO1525813209;LED žárovka DECO SMOKED G125 / E27 / 4,5 W (19 W) / 180 lm / flame;atos
Elektro, Smart Home a osvetlenie > Osvetlenie – svietidlá > LED osvetlenie;EMO1531211010;LED osvětlení EMOS ZS2110 lišta 300mm, 5W neutrální bílá;atos
Elektro, Smart Home a osvetlenie > Osvetlenie – svietidlá > LED osvetlenie;EMO1531211020;LED osvětlení EMOS ZS2120 lišta 600mm, 10W neutrální bílá;atos
Elektro, Smart Home a osvetlenie > Osvetlenie – svietidlá > LED osvetlenie;EMO1531211030;LED osvětlení EMOS ZS2130 lišta 900mm, 15W neutrální bílá;atos
Elektro, Smart Home a osvetlenie > Osvetlenie – svietidlá > LED osvetlenie;EMO1531211040;LED osvětlení EMOS ZS2140 lišta 1200mm, 20W neutrální bílá;atos
Elektro, Smart Home a osvetlenie > Osvetlenie – svietidlá > LED osvetlenie;EMO1531231400;LED reflektor GLARO EMOS ZS2314B s pohybovým čidlem, 10 W, černý, IP54, 1000 lm, neutrální bílá;atos
Elektro, Smart Home a osvetlenie > Osvetlenie – svietidlá > LED osvetlenie;EMO1531231401;LED reflektor GLARO EMOS ZS2314W s pohybovým čidlem, 10 W, bílý, IP54, 1000 lm, neutrální bílá;atos
Elektro, Smart Home a osvetlenie > Osvetlenie – svietidlá > LED osvetlenie;EMO1531232400;LED reflektor GLARO EMOS ZS2324B s pohybovým čidlem, 20 W, černý, IP54, 2000 lm, neutrální bílá;atos
Elektro, Smart Home a osvetlenie > Osvetlenie – svietidlá > LED osvetlenie;EMO1531232401;LED reflektor GLARO EMOS ZS2324W s pohybovým čidlem, 20 W, bílý, IP54, 2000 lm, neutrální bílá;atos
Elektro, Smart Home a osvetlenie > Osvetlenie – svietidlá > LED osvetlenie;EMO1531233400;LED reflektor GLARO EMOS ZS2334B s pohybovým čidlem, 30 W, černý, IP54, 3000 lm, neutrální bílá;atos
Elektro, Smart Home a osvetlenie > Osvetlenie – svietidlá > LED osvetlenie;EMO1531233401;LED reflektor GLARO EMOS ZS2334W s pohybovým čidlem, 30 W, bílý, IP54, 3000 lm, neutrální bílá;atos
Elektro, Smart Home a osvetlenie > Osvetlenie – svietidlá > LED osvetlenie;EMO1531234400;LED reflektor GLARO EMOS ZS2344B s pohybovým čidlem, 50 W, černý, IP54, 5000 lm, neutrální bílá;atos
Elektro, Smart Home a osvetlenie > Osvetlenie – svietidlá > LED osvetlenie;EMO1531234401;LED reflektor GLARO EMOS ZS2344W s pohybovým čidlem, 50 W, bílý, IP54, 5000 lm, neutrální bílá;atos
Elektro, Smart Home a osvetlenie > Osvetlenie – svietidlá > LED osvetlenie;EMO1531242612;LED reflektor EMOS ZS2612 PROFI, 10W neutrální bílá;atos
Elektro, Smart Home a osvetlenie > Osvetlenie – svietidlá > LED osvetlenie;EMO1531242622;LED reflektor EMOS ZS2622 PROFI, 20W neutrání bílá;atos
Elektro, Smart Home a osvetlenie > Osvetlenie – svietidlá > LED osvetlenie;EMO1531242632;LED reflektor EMOS ZS2632 PROFI, 30W neutrální bílá;atos
Elektro, Smart Home a osvetlenie > Osvetlenie – svietidlá > LED osvetlenie;EMO1531242642;LED reflektor EMOS ZS2642 PROFI, 50W neutrální bílá;atos
Elektro, Smart Home a osvetlenie > Osvetlenie – svietidlá > LED osvetlenie;EMO1531242652;LED reflektor EMOS ZS2652 PROFI, 100W neutrální bílá;atos
Elektro, Smart Home a osvetlenie > Osvetlenie – svietidlá > LED osvetlenie;EMO1531242662;LED reflektor EMOS ZS2662 PROFI, 150W neutrální bílá;atos
Elektro, Smart Home a osvetlenie > Osvetlenie – svietidlá > LED osvetlenie;EMO1531242672;LED reflektor EMOS ZS2672 PROFI, 200W neutrální bílá;atos
Elektro, Smart Home a osvetlenie > Osvetlenie – svietidlá > LED osvetlenie;EMO1531242712;LED reflektor EMOS PROFI ZS2712 s pohybovým čidlem, 10W neutrální bílá;atos
Elektro, Smart Home a osvetlenie > Osvetlenie – svietidlá > LED osvetlenie;EMO1531242722;LED reflektor EMOS PROFI ZS2722 s pohybovým čidlem, 20W neutrální bílá;atos
Elektro, Smart Home a osvetlenie > Osvetlenie – svietidlá > LED osvetlenie;EMO1531242732;LED reflektor EMOS PROFI ZS2732 s pohybovým čidlem, 30W neutrální bílá;atos
Elektro, Smart Home a osvetlenie > Osvetlenie – svietidlá > LED osvetlenie;EMO1531242742;LED reflektor EMOS PROFI ZS2742 s pohybovým čidlem, 50W neutrální bílá;atos
Elektro, Smart Home a osvetlenie > Osvetlenie – svietidlá > LED osvetlenie;EMO1531251011;LED reflektor EMOS ELION 20W, červeno-černý, IP65, 3000 lm, neutrální bílá;atos
Elektro, Smart Home a osvetlenie > Osvetlenie – svietidlá > LED osvetlenie;EMO1531251200;LED reflektor EMOS ZS2512 TAMBO, 10 W, 1000l m, IP65, černý;atos
Elektro, Smart Home a osvetlenie > Osvetlenie – svietidlá > LED osvetlenie;EMO1531252200;LED reflektor EMOS ZS2522 TAMBO, 20 W, 2000l m, IP65, černý;atos
Elektro, Smart Home a osvetlenie > Osvetlenie – svietidlá > LED osvetlenie;EMO1531281200;LED reflektor EMOS ACCO ZS2812 nabíjecí přenosný, 10 W studená bílá;atos
Elektro, Smart Home a osvetlenie > Osvetlenie – svietidlá > LED osvetlenie;EMO1531282200;LED reflektor EMOS ACCO ZS2822 nabíjecí přenosný, 20 W studená bílá;atos
Elektro, Smart Home a osvetlenie > Osvetlenie – svietidlá > LED osvetlenie;EMO1531283200;LED reflektor EMOS ACCO ZS2832 nabíjecí přenosný, 30 W studená bílá;atos
Elektro, Smart Home a osvetlenie > Osvetlenie – svietidlá > LED osvetlenie;EMO1531292200;LED reflektor EMOS ZS2922 TAMBO se senzorem pohybu, 20 W, 2000 lm, černý;atos
Elektro, Smart Home a osvetlenie > Osvetlenie – svietidlá > LED osvetlenie;EMO1531293200;LED reflektor EMOS ZS2932 TAMBO se senzorem pohybu, 30 W, 3000 lm, černý;atos
Elektro, Smart Home a osvetlenie > Osvetlenie – svietidlá > LED osvetlenie;EMO1531294200;LED reflektor EMOS ZS2942 TAMBO se senzorem pohybu, 50 W, 5000 lm, černý;atos
Elektro, Smart Home a osvetlenie > Osvetlenie – svietidlá > LED osvetlenie;EMO1538900010;Pěstební lampa EMOS Z7901 LED GROW 5 W, časovač, bílá;atos
Elektro, Smart Home a osvetlenie > Osvetlenie – svietidlá > LED osvetlenie;EMO1538900020;Pěstební lampa EMOS Z7902 LED GROW 8 W, časovač, stmívatelná, bílá;atos
Elektro, Smart Home a osvetlenie > Osvetlenie – svietidlá > LED osvetlenie;EMO1538900030;Pěstební lampa na sazenice EMOS Z7903 LED GROW 15 W, časovač, bílá;atos
Elektro, Smart Home a osvetlenie > Osvetlenie – svietidlá > LED osvetlenie;EMO1538900040;Pěstební lampa EMOS Z7904 LED GROW 7 W, časovač, stmívatelná, bílá;atos
Elektro, Smart Home a osvetlenie > Osvetlenie – svietidlá > LED osvetlenie;EMO1538900050;Pěstební lampa EMOS Z7905 LED GROW 7 W, časovač, bílá;atos
Elektro, Smart Home a osvetlenie > Osvetlenie – svietidlá > LED osvetlenie;EMO1540115510;Emos ZD3121 LED bodové svítidlo 5W bílé Exclusive teplá bílá;atos
Elektro, Smart Home a osvetlenie > Osvetlenie – svietidlá > LED osvetlenie;EMO1540115570;Emos ZD3122 LED bodové svítidlo 5W bílé Exclusive neutrální bílá;atos
Elektro, Smart Home a osvetlenie > Osvetlenie – svietidlá > LED osvetlenie;EMO1540125510;LED bodové svítidlo Exclusive stříbrné, 5W teplá bílá ZD3221;atos
Elektro, Smart Home a osvetlenie > Osvetlenie – svietidlá > LED osvetlenie;EMO1540125570;LED bodové svítidlo Exclusive stříbrné, 5W neutrální bílá ZD3222;atos
Elektro, Smart Home a osvetlenie > Osvetlenie – svietidlá > LED osvetlenie;EMO1542032000;LED reflektor EMOS ZS2813 ACCO nabíjecí přenosný, 20W, studená bílá;atos
Elektro, Smart Home a osvetlenie > Osvetlenie – svietidlá > LED osvetlenie;EMO1542033000;LED reflektor EMOS ZS2823 ACCO nabíjecí přenosný, 35W, studená bílá;atos
Elektro, Smart Home a osvetlenie > Osvetlenie – svietidlá > LED osvetlenie;EMO1542033220;LED reflektor přenosný EMOS ZS3322, 21W neutrální bílá;atos
Elektro, Smart Home a osvetlenie > Osvetlenie – svietidlá > LED osvetlenie;EMO1542033320;LED reflektor přenosný EMOS ZS3332, 31W neutrální bílá;atos
Elektro, Smart Home a osvetlenie > Osvetlenie – svietidlá > LED osvetlenie;EMO1542033420;LED reflektor přenosný EMOS ZS3342, 51W neutrální bílá;atos
Elektro, Smart Home a osvetlenie > Osvetlenie – svietidlá > LED osvetlenie;EMO1542035000;LED reflektor EMOS ZS2833 ACCO nabíjecí přenosný, 50W, studená bílá;atos
Elektro, Smart Home a osvetlenie > Osvetlenie – svietidlá > LED osvetlenie;EMO1545000100;LED orientační vestavné svítidlo 115×70 1,5W neutr.bílá IP65;atos
Elektro, Smart Home a osvetlenie > Osvetlenie – svietidlá > LED osvetlenie;EMO1545000110;LED orientační vestavné svítidlo 80×80 1,5W neutr. bílá IP65;atos
Elektro, Smart Home a osvetlenie > Osvetlenie – svietidlá > LED osvetlenie;EMO1548111000;LED nouzové osvětlení EMOS / NESSI ZN1110 / 3W, 3h, IP65;atos
Elektro, Smart Home a osvetlenie > Osvetlenie – svietidlá > LED osvetlenie;EMO1548111100;Rámeček EMOS ZN1111 pro vestavnou montáž nouzového osvětlení NESSI;atos
Elektro, Smart Home a osvetlenie > Osvetlenie – svietidlá > LED osvetlenie;EMO1548112000;LED nouzové osvětlení EMOS / NESSI ZN1120 / 10W, 3h, IP66;atos
Elektro, Smart Home a osvetlenie > Osvetlenie – svietidlá > LED osvetlenie;EMO1548131000;LED nouzové osvětlení EMOS / ORSU ZN1310 / 3W, 240lm, 3h, IP20;atos
Elektro, Smart Home a osvetlenie > Osvetlenie – svietidlá > LED osvetlenie;EMO1548132000;LED nouzové osvětlení EMOS / ORSU ZN1320 / 6W, 450lm, 3h, IP20;atos
Elektro, Smart Home a osvetlenie > Osvetlenie – svietidlá > LED osvetlenie;EMO1548133000;LED nouzové osvětlení EMOS / ORSU ZN1330 / 1W, 130lm, 3h, IP20;atos
Elektro, Smart Home a osvetlenie > Osvetlenie – svietidlá > LED osvetlenie;EMO1548134000;LED nouzové osvětlení EMOS / ORSU ZN1340 / 2W, 300lm, 3h, IP20;atos
Elektro, Smart Home a osvetlenie > Osvetlenie – svietidlá > LED osvetlenie;EMO1548212000;LED nouzové osvětlení EMOS / NESSI ZN2120 / 3W, 3h, IP65;atos
Elektro, Smart Home a osvetlenie > Osvetlenie – svietidlá > LED osvetlenie;EMO1548213000;LED nouzové osvětlení EMOS / NESSI ZN2130 / 4W, 3h, IP66;atos
Elektro, Smart Home a osvetlenie > Osvetlenie – svietidlá > LED osvetlenie;EMO1548931000;Modul EMOS ZR9310 nouzového osvětlení MT 6 W/1 h;atos
Elektro, Smart Home a osvetlenie > Osvetlenie – svietidlá > LED osvetlenie;EMO1551021800;LED pásek EMOS ZPW218R GoSmart WiFi 2m, 11W, 450lm, RGB/CCT;atos
Elektro, Smart Home a osvetlenie > Osvetlenie – svietidlá > LED osvetlenie;EMO1551051800;LED pásek EMOS ZPW518R GoSmart WiFi 5 m, 22W, 1000lm, RGB/CCT;atos
Elektro, Smart Home a osvetlenie > Osvetlenie – svietidlá > LED osvetlenie;EMO1553151000;LED solární svítidlo EMOS ZG151S LUNIS s pohybovým čidlem, černé, neutrální bílá;atos
Elektro, Smart Home a osvetlenie > Osvetlenie – svietidlá > LED osvetlenie;EMO1553161000;LED solární svítidlo EMOS ZG161S BRIXO s pohybovým čidlem, bílé, neutrální bílá;atos
Elektro, Smart Home a osvetlenie > Osvetlenie – svietidlá > LED osvetlenie;EMO1553162000;LED solární svítidlo EMOS ZG162S BRIXO s pohybovým čidlem, černé, neutrální bílá;atos
Elektro, Smart Home a osvetlenie > Osvetlenie – svietidlá > LED osvetlenie;EMO1553165000;LED solární svítidlo EMOS ZG165S BRIXO s pohybovým čidlem, bílé, neutrální bílá;atos
Elektro, Smart Home a osvetlenie > Osvetlenie – svietidlá > LED osvetlenie;EMO1553166000;LED solární svítidlo EMOS ZG166S BRIXO s pohybovým čidlem, černé, neutrální bílá;atos
Elektro, Smart Home a osvetlenie > Osvetlenie – svietidlá > LED osvetlenie;EMO1553172000;LED solární svítidlo EMOS ZG172S LUMI s pohybovým čidlem, bílé, neutrální bílá;atos
Elektro, Smart Home a osvetlenie > Osvetlenie – svietidlá > LED osvetlenie;EMO1554000012;LED zahradní nástěnné svítidlo EMOS ZGI010P, 12,8 x 11 x 27 cm, 1 x E27, 15 W;atos
Elektro, Smart Home a osvetlenie > Osvetlenie – svietidlá > LED osvetlenie;EMO1554020000;LED zahradní nástěnné svítidlo EMOS ZGF010P, 8,8 x 6,7 x 8 cm, 1 x GU10, 35 W;atos
Elektro, Smart Home a osvetlenie > Osvetlenie – svietidlá > LED osvetlenie;EMO1554020001;LED zahradní nástěnné svítidlo EMOS ZGF020P , 8,8 x 6,7 x 15,3 cm, 2 x GU10, 35 W;atos
Elektro, Smart Home a osvetlenie > Osvetlenie – svietidlá > LED osvetlenie;EMO1555110000;LED ambientní lampa EMOS ZCW11BR GoSmart, černá, teplá bílá–studená bílá/ RGB, WiFi;atos
Elektro, Smart Home a osvetlenie > Osvetlenie – svietidlá > LED osvetlenie;EMO1555111000;LED ambientní lampa EMOS ZCW11WR GoSmart, bílá, teplá bílá–studená bílá/ RGB, WiFi;atos
Elektro, Smart Home a osvetlenie > Osvetlenie – svietidlá > LED osvetlenie;EMO1590900001;Závěsná sada EMOS ZM9000 pro LED svítidla bílá;atos
Elektro, Smart Home a osvetlenie > Osvetlenie – svietidlá > LED osvetlenie;EMO1590900002;Závěsná sada EMOS ZM9001 pro LED svítidla černá;atos
Elektro, Smart Home a osvetlenie > Osvetlenie – svietidlá > LED osvetlenie;FIR-2115020;LED nouzové osvětlení ORBIS NANA na DIN;atos
Elektro, Smart Home a osvetlenie > Osvetlenie – svietidlá > LED osvetlenie;LEC-URZ0937;LED reflektor REBEL URZ0937;atos
Elektro, Smart Home a osvetlenie > Osvetlenie – svietidlá > LED osvetlenie;LEC-URZ3607;LED reflektor REBEL URZ3607;atos
Elektro, Smart Home a osvetlenie > Osvetlenie – svietidlá > LED osvetlenie;LEC-URZ3625;LED reflektor REBEL URZ3625 se solárním nabíjením a detektorem pohybu;atos
Elektro, Smart Home a osvetlenie > Osvetlenie – svietidlá > LED osvetlenie;LEDODSAUTO;LED osvětlení do skříně automatické;atos
Elektro, Smart Home a osvetlenie > Osvetlenie – svietidlá > LED osvetlenie;PHILIPSG925W;Žárovka PHILIPS G9/25W 230V čirá 250lm 2650K do trouby (300°C);atos
Elektro, Smart Home a osvetlenie > Osvetlenie – svietidlá > LED osvetlenie;WD140;Solight LED mini panel CCT, podhľadový, 12W, 900lm, 3000K, 4000K, 6000K, okrúhly;solight
Elektro, Smart Home a osvetlenie > Osvetlenie – svietidlá > LED osvetlenie;WD141;Solight LED mini panel CCT, podhľadový, 12W, 900lm, 3000K, 4000K, 6000K, štvorcový;solight
Elektro, Smart Home a osvetlenie > Osvetlenie – svietidlá > LED osvetlenie;WD142;Solight LED mini panel CCT, podhľadový, 18W, 1530lm, 3000K, 4000K, 6000K, okrúhly;solight
Elektro, Smart Home a osvetlenie > Osvetlenie – svietidlá > LED osvetlenie;WD143;Solight LED mini panel CCT, podhľadový, 18W, 1530lm, 3000K, 4000K, 6000K, štvorcový;solight
Elektro, Smart Home a osvetlenie > Osvetlenie – svietidlá > LED osvetlenie;WD144;Solight LED mini panel CCT, podhľadový, 24W, 1800lm, 3000K, 4000K, 6000K, okrúhly;solight
Elektro, Smart Home a osvetlenie > Osvetlenie – svietidlá > LED osvetlenie;WD145;Solight LED mini panel CCT, podhľadový, 24W, 1800lm, 3000K, 4000K, 6000K, štvorcový;solight
Elektro, Smart Home a osvetlenie > Osvetlenie – svietidlá > LED osvetlenie;WD146;Solight LED mini panel CCT, podhľadový, 6W, 450lm, 3000K, 4000K, 6000K, okrúhly;solight
Elektro, Smart Home a osvetlenie > Osvetlenie – svietidlá > LED osvetlenie;WD147;Solight LED mini panel CCT, podhľadový, 6W, 450lm, 3000K, 4000K, 6000K, štvorcový;solight
Elektro, Smart Home a osvetlenie > Osvetlenie – svietidlá > LED osvetlenie;WD170;Solight LED mini panel CCT, prisazený, 12W, 900lm, 3000K, 4000K, 6000K, okrúhly;solight
Elektro, Smart Home a osvetlenie > Osvetlenie – svietidlá > LED osvetlenie;WD171;Solight LED mini panel CCT, prisazený, 12W, 900lm, 3000K, 4000K, 6000K, štvorcový;solight
Elektro, Smart Home a osvetlenie > Osvetlenie – svietidlá > LED osvetlenie;WD171-B;Solight LED mini panel CCT, prisazený, 12W, 900lm, 3000K, 4000K, 6000K, štvorcový, čierna farba;solight
Elektro, Smart Home a osvetlenie > Osvetlenie – svietidlá > LED osvetlenie;WD172;Solight LED mini panel CCT, prisazený, 18W, 1530lm, 3000K, 4000K, 6000K, okrúhly;solight
Elektro, Smart Home a osvetlenie > Osvetlenie – svietidlá > LED osvetlenie;WD172-B;Solight LED mini panel CCT, prisazený, 18W, 1530lm, 3000K, 4000K, 6000K, okrúhly, čierna farba;solight
Elektro, Smart Home a osvetlenie > Osvetlenie – svietidlá > LED osvetlenie;WD173;Solight LED mini panel CCT, prisazený, 18W, 1530lm, 3000K, 4000K, 6000K, štvorcový;solight
Elektro, Smart Home a osvetlenie > Osvetlenie – svietidlá > LED osvetlenie;WD173-B;Solight LED mini panel CCT, prisazený, 18W, 1530lm, 3000K, 4000K, 6000K, štvorcový, čierna farba;solight
Elektro, Smart Home a osvetlenie > Osvetlenie – svietidlá > LED osvetlenie;WD174;Solight LED mini panel CCT, prisazený, 24W, 1800lm, 3000K, 4000K, 6000K, okrúhly;solight
Elektro, Smart Home a osvetlenie > Osvetlenie – svietidlá > LED osvetlenie;WD174-B;Solight LED mini panel CCT, prisazený, 24W, 1800lm, 3000K, 4000K, 6000K, okrúhly, čierna farba;solight
Elektro, Smart Home a osvetlenie > Osvetlenie – svietidlá > LED osvetlenie;WD175;Solight LED mini panel CCT, prisazený, 24W, 1800lm, 3000K, 4000K, 6000K, štvorcový;solight
Elektro, Smart Home a osvetlenie > Osvetlenie – svietidlá > LED osvetlenie;WD210;Solight LED podhľadové svietidlo bodové, 5W, 400lm, 3000K, okrúhle,  biele;solight
Elektro, Smart Home a osvetlenie > Osvetlenie – svietidlá > LED osvetlenie;WD214;Solight LED podhľadové svietidlo bodové, 9W, 720lm, 3000K, okrúhle, biele;solight
Elektro, Smart Home a osvetlenie > Osvetlenie – svietidlá > LED osvetlenie;WD240-S;Solight LED mini panel kúpeľňový 2v1, 3CCT, podhľadový / prisadený, 12W, 1020lm, IP54, strieborna, okrúhly;solight
Elektro, Smart Home a osvetlenie > Osvetlenie – svietidlá > LED osvetlenie;WD240-W;Solight LED mini panel kúpeľňový 2v1, 3CCT, podhľadový / prisadený, 12W, 1020lm, IP54, biela, okrúhly;solight
Elektro, Smart Home a osvetlenie > Osvetlenie – svietidlá > LED osvetlenie;WD242-W;Solight LED mini panel kúpeľňový 2v1, 3CCT, podhľadový / prisadený, 18W, 1530lm, IP54, biela, okrúhly;solight
Elektro, Smart Home a osvetlenie > Osvetlenie – svietidlá > LED osvetlenie;WD244-S;Solight LED mini panel kúpeľňový 2v1, 3CCT, podhľadový / prisadený, 24W, 2040lm, IP54, strieborna, okrúhly;solight
Elektro, Smart Home a osvetlenie > Osvetlenie – svietidlá > LED osvetlenie;WD244-W;Solight LED mini panel kúpeľňový 2v1, 3CCT, podhľadový / prisadený, 24W, 2040lm, IP54, biela, okrúhly;solight
Elektro, Smart Home a osvetlenie > Osvetlenie – svietidlá > LED osvetlenie;WM-100W-FEQ;Solight LED reflektor so sklopným stojanom, 100W, 9000lm, 4000K, kábel so zástrčkou, IP65;solight
Elektro, Smart Home a osvetlenie > Osvetlenie – svietidlá > LED osvetlenie;WM-100W-FVQ;Solight LED reflektor s vysokým stojanom, 100W, 9000lm, 4000K, kábel so zástrčkou, IP65;solight
Elektro, Smart Home a osvetlenie > Osvetlenie – svietidlá > LED osvetlenie;WM-100W-L;Solight LED reflektor PRO, 100W, 9200lm, 5000K, IP65;solight
Elektro, Smart Home a osvetlenie > Osvetlenie – svietidlá > LED osvetlenie;WM-100W-T;Solight LED reflektor TOP, 100W, max. 14000lm, 3CCT, voliteľný výkon 100/75/50%, IP65, rýchlokonektor;solight
Elektro, Smart Home a osvetlenie > Osvetlenie – svietidlá > LED osvetlenie;WM-10W-Q;Solight LED reflektor Quick, 10W, 850lm, 4000K, IP65, čierny;solight
Elektro, Smart Home a osvetlenie > Osvetlenie – svietidlá > LED osvetlenie;WM-10W-RE;Solight LED reflektor, 10W, prenosný, nabijací, 1000lm, oranžovo-čierny;solight
Elektro, Smart Home a osvetlenie > Osvetlenie – svietidlá > LED osvetlenie;WM-10WS-Q;Solight LED reflektor Quick so senzorom, 10W, 850lm, 4000K, IP44, čierny;solight
Elektro, Smart Home a osvetlenie > Osvetlenie – svietidlá > LED osvetlenie;WM-150-S;Solight stojan teleskopický pre LED reflektory, 60-150cm, pre 1-2 reflektory, oranžová farba;solight
Elektro, Smart Home a osvetlenie > Osvetlenie – svietidlá > LED osvetlenie;WM-150W-T;Solight LED reflektor TOP, 150W, max. 21000lm, 3CCT, voliteľný výkon 100/75/47%, IP65, rýchlokonektor;solight
Elektro, Smart Home a osvetlenie > Osvetlenie – svietidlá > LED osvetlenie;WM-20W-Q;Solight LED reflektor Quick, 20W, 1700lm, 4000K, IP65, čierny;solight
Elektro, Smart Home a osvetlenie > Osvetlenie – svietidlá > LED osvetlenie;WM-20W-RE;Solight LED reflektor, 20W, prenosný, nabijací, 2000lm, oranžovo-čierny;solight
Elektro, Smart Home a osvetlenie > Osvetlenie – svietidlá > LED osvetlenie;WM-20W-T;Solight LED reflektor TOP, 20W, max. 2600lm, 3CCT, voliteľný výkon 100/50%, IP65, rýchlokonektor;solight
Elektro, Smart Home a osvetlenie > Osvetlenie – svietidlá > LED osvetlenie;WM-20WS-L;Solight LED reflektor PRO so senzorom, 20W, 1840lm, 5000K, IP44;solight
Elektro, Smart Home a osvetlenie > Osvetlenie – svietidlá > LED osvetlenie;WM-20WS-Q;Solight LED reflektor Quick so senzorom, 20W, 1700lm, 4000K, IP44, čierny;solight
Elektro, Smart Home a osvetlenie > Osvetlenie – svietidlá > LED osvetlenie;WM-30W-FEQ;Solight LED reflektor so sklopným stojanom, 30W, 2700lm, 4000K, kábel so zástrčkou, IP65;solight
Elektro, Smart Home a osvetlenie > Osvetlenie – svietidlá > LED osvetlenie;WM-30W-Q;Solight LED reflektor Quick, 30W, 2550lm, 4000K, IP65, čierny;solight
Elektro, Smart Home a osvetlenie > Osvetlenie – svietidlá > LED osvetlenie;WM-30W-RE;Solight LED reflektor, 30W, prenosný, nabijací, 3000lm, oranžovo-čierny;solight
Elektro, Smart Home a osvetlenie > Osvetlenie – svietidlá > LED osvetlenie;WM-30WS-Q;Solight LED reflektor Quick so senzorom, 30W, 2550lm, 4000K, IP44, čierny;solight
Elektro, Smart Home a osvetlenie > Osvetlenie – svietidlá > LED osvetlenie;WM-30WS-T;Solight LED reflektor so senzorom TOP, 30W, max. 3900lm, 3CCT, voliteľný výkon 100/66%, IP65, rýchlospojka;solight
Elektro, Smart Home a osvetlenie > Osvetlenie – svietidlá > LED osvetlenie;WM-50W-FEQ;Solight LED reflektor so sklopným stojanom, 50W, 4500lm, 4000K, kábel so zástrčkou, IP65;solight
Elektro, Smart Home a osvetlenie > Osvetlenie – svietidlá > LED osvetlenie;WM-50W-FVQ;Solight LED reflektor s vysokým stojanom, 50W, 4500lm, 4000K, kábel so zástrčkou, IP65;solight
Elektro, Smart Home a osvetlenie > Osvetlenie – svietidlá > LED osvetlenie;WM-50W-L;Solight LED reflektor PRO, 50W, 4600lm, 5000K, IP65;solight
Elektro, Smart Home a osvetlenie > Osvetlenie – svietidlá > LED osvetlenie;WM-50W-Q;Solight LED reflektor Quick, 50W, 4250lm, 4000K, IP65, čierny;solight
Elektro, Smart Home a osvetlenie > Osvetlenie – svietidlá > LED osvetlenie;WM-50W-RE;Solight LED reflektor, 50W, prenosný, nabijací, 5000lm, oranžovo-čierny;solight
Elektro, Smart Home a osvetlenie > Osvetlenie – svietidlá > LED osvetlenie;WM-50W-T;Solight LED reflektor TOP, 50W, max. 6500lm, 3CCT, voliteľný výkon 100/60%, IP65, rýchlokonektor;solight
Elektro, Smart Home a osvetlenie > Osvetlenie – svietidlá > LED osvetlenie;WM-60W-FEP;Solight duálny prenosný LED reflektor so zásuvkou, 2x30W, 5400lm, 4000K, kábel so zástrčkou, IP54;solight
Elektro, Smart Home a osvetlenie > Osvetlenie – svietidlá > LED osvetlenie;WM-60W-FVP;Solight duálny teleskopický prenosný LED reflektor so zásuvkou, 2x30W, 5400lm, 4000K, 62-152cm, IP54;solight
Elektro, Smart Home a osvetlenie > Osvetlenie – svietidlá > LED osvetlenie;WM50-20T;Solight LED svetelný pás s testrom, 5m, sada s 12V adaptérom, 4,8W/m, IP20, studená biela;solight
Elektro, Smart Home a osvetlenie > Osvetlenie – svietidlá > LED osvetlenie;WM50-65T;Solight LED svetelný pás s testrom, 5m, sada s 12V adaptérom, 4,8W/m, IP65, studená biela;solight
Elektro, Smart Home a osvetlenie > Osvetlenie – svietidlá > LED osvetlenie;WM501;Solight LED pásik pre TV, 100cm, USB, vypínač, studená biela;solight
Elektro, Smart Home a osvetlenie > Osvetlenie – svietidlá > LED osvetlenie;WM504;Solight LED RGB pásik pre TV, 2 x 50cm, USB, vypínač, diaľkový ovládač;solight
Elektro, Smart Home a osvetlenie > Osvetlenie – svietidlá > LED osvetlenie;WM505;Solight LED stmievateľný pásik s bezdotykovým ovládaním, 3m, 180 LED, 4000K, IP65, 230V;solight
Elektro, Smart Home a osvetlenie > Osvetlenie – svietidlá > LED osvetlenie;WM50N-20T;Solight LED svetelný pás s testrom, 5m, sada s 12V adaptérom, 4,8W/m, IP20, neutrálna biela;solight
Elektro, Smart Home a osvetlenie > Osvetlenie – svietidlá > LED osvetlenie;WM51-20T;Solight LED svetelný pás s testrom, 5m, sada s 12V adaptérom, 4,8W/m, IP20, teplá biela;solight
Elektro, Smart Home a osvetlenie > Osvetlenie – svietidlá > LED osvetlenie;WM51-65T;Solight LED svetelný pás s testrom, 5m, sada s 12V adaptérom, 4,8W/m, IP65, teplá biela;solight
Elektro, Smart Home a osvetlenie > Osvetlenie – svietidlá > LED osvetlenie;WM55;Solight LED svetelný pás, RGB, 3m, sada s 12V adaptérom a DO, 7,2W/m, IP20;solight
Elektro, Smart Home a osvetlenie > Osvetlenie – svietidlá > LED osvetlenie;WM56;Solight LED svetelný pás so svetelným a pohybovým senzorom, 1m, 4x AAA;solight
Elektro, Smart Home a osvetlenie > Osvetlenie – svietidlá > LED osvetlenie;WM57;Solight wifi Smart LED svetelný pás, RGB, 5m, sada s adaptérom a dialkovým ovladačom;solight
Elektro, Smart Home a osvetlenie > Osvetlenie – svietidlá > LED osvetlenie;WM58;Solight LED WIFI smart RGB pásik pre TV, 4x50cm, USB;solight
Elektro, Smart Home a osvetlenie > Osvetlenie – svietidlá > LED osvetlenie;WM59-CW;Solight LED COB pásik, sada s adaptérom, vypínač, 5m, 8W/m, 800lm/m, studená biela;solight
Elektro, Smart Home a osvetlenie > Osvetlenie – svietidlá > LED osvetlenie;WM59-NW;Solight LED COB pásik, sada s adaptérom, vypínač, 5m, 8W/m, 800lm/m, neutrálna biela;solight
Elektro, Smart Home a osvetlenie > Osvetlenie – svietidlá > LED osvetlenie;WM59-RGB;Solight LED SMD RGB pásik, sada s adaptérom, 3m, dialkový ovladač, 10W/m, multicolor;solight
Elektro, Smart Home a osvetlenie > Osvetlenie – svietidlá > LED osvetlenie;WM59-WW;Solight LED COB pásik, sada s adaptérom, vypínač, 5m, 8W/m, 800lm/m, teplá biela;solight
Elektro, Smart Home a osvetlenie > Osvetlenie – svietidlá > LED osvetlenie;WM60;Solight LED svetelný pás, RGB + 3CCT, 5m, sada s 24V adaptérom a diaľk. ovládačom, 5W/m, IP65;solight
Elektro, Smart Home a osvetlenie > Osvetlenie – svietidlá > LED osvetlenie;WM604;Solight LED svetelný pás, 5m, SMD5050 60LED/m, 14,4W/m, IP65, studená biela;solight
Elektro, Smart Home a osvetlenie > Osvetlenie – svietidlá > LED osvetlenie;WM605;Solight LED svetelný pás, 5m, SMD5050 60LED/m, 14,4W/m, IP65, teplá biela;solight
Elektro, Smart Home a osvetlenie > Osvetlenie – svietidlá > LED osvetlenie;WM61-3CCT;Solight LED svetelný pás, 3CCT, 5m, sada s 12V adaptérom a diaľk. ovládačom, 8W/m, IP20, 8mm;solight
Elektro, Smart Home a osvetlenie > Osvetlenie – svietidlá > LED osvetlenie;WM610;Solight LED svetelný pás 5m, 120LED/m, 10W/m, 1100lm/m, IP20, studená biela;solight
Elektro, Smart Home a osvetlenie > Osvetlenie – svietidlá > LED osvetlenie;WM611;Solight LED svetelný pás 5m, 120LED/m, 10W/m, 1100lm/m, IP20, teplá biela;solight
Elektro, Smart Home a osvetlenie > Osvetlenie – svietidlá > LED osvetlenie;WM612;Solight LED svetelný pás 5m, 198LED/m, 16W/m, 1500lm/m, IP20, studená biela;solight
Elektro, Smart Home a osvetlenie > Osvetlenie – svietidlá > LED osvetlenie;WM613;Solight LED svetelný pás 5m, 198LED/m, 16W/m, 1500lm/m, IP20, teplá biela;solight
Elektro, Smart Home a osvetlenie > Osvetlenie – svietidlá > LED osvetlenie;WM614;Solight LED svetelný pás 5m, 120LED/m, 10W/m, 1100lm/m, IP20, neutrálna biela;solight
Elektro, Smart Home a osvetlenie > Osvetlenie – svietidlá > LED osvetlenie;WM615;Solight LED svetelný pás 5m, 198LED/m, 16W/m, 1500lm/m, IP20, neutrální biela;solight
Elektro, Smart Home a osvetlenie > Osvetlenie – svietidlá > LED osvetlenie;WM616;Solight LED COB svetelný pás 5m, 10W/m, 1000lm/m, CRI 90, IP44, teplá biela;solight
Elektro, Smart Home a osvetlenie > Osvetlenie – svietidlá > LED osvetlenie;WM617;Solight LED COB svetelný pás 5m, 10W/m, 1000lm/m, CRI 90, IP44, neutrálna biela;solight
Elektro, Smart Home a osvetlenie > Osvetlenie – svietidlá > LED osvetlenie;WM618;Solight LED COB svetelný pás 5m, 10W/m, 1000lm/m, CRI 90, IP44, studená biela;solight
Elektro, Smart Home a osvetlenie > Osvetlenie – svietidlá > LED osvetlenie;WM62-CW;Solight LED COB opasok, 5m, 7W/m, 500lm/m, studená biela, USB napájanie, vypínač, 8mm;solight
Elektro, Smart Home a osvetlenie > Osvetlenie – svietidlá > LED osvetlenie;WM62-NW;Solight LED COB opasok, 5m, 7W/m, 500lm/m, neutrálna biela, USB napájanie, vypínač, 8mm;solight
Elektro, Smart Home a osvetlenie > Osvetlenie – svietidlá > LED osvetlenie;WM62-WW;Solight LED COB opasok, 5m, 7W/m, 500lm/m, teplá biela, USB napájanie, vypínač, 8mm;solight
Elektro, Smart Home a osvetlenie > Osvetlenie – svietidlá > LED osvetlenie;WM63-50M-CW;Solight LED COB pásik, 50m, studená biela, 10W/m, 1000lm/m, 8mm;solight
Elektro, Smart Home a osvetlenie > Osvetlenie – svietidlá > LED osvetlenie;WM63-50M-NW;Solight LED COB pásik, 50m, neutrálna biela, 10W/m, 1000lm/m, 8mm;solight
Elektro, Smart Home a osvetlenie > Osvetlenie – svietidlá > LED osvetlenie;WM63-50M-WW;Solight LED COB pásik, 50m, teplá biela, 10W/m, 1000lm/m, 8mm;solight
Elektro, Smart Home a osvetlenie > Osvetlenie – svietidlá > LED osvetlenie;WM64-50M-CW;Solight LED SMD pásik, 50m, studená biela, 16W/m, 1500lm/m, 10mm;solight
Elektro, Smart Home a osvetlenie > Osvetlenie – svietidlá > LED osvetlenie;WM64-50M-NW;Solight LED SMD pásik, 50m, neutrálna biela, 16W/m, 1500lm/m, 10mm;solight
Elektro, Smart Home a osvetlenie > Osvetlenie – svietidlá > LED osvetlenie;WM64-50M-WW;Solight LED SMD pásik, 50m, teplá biela, 16W/m, 1500lm/m, 10mm;solight
Elektro, Smart Home a osvetlenie > Osvetlenie – svietidlá > LED osvetlenie;WM70;Solight sieťový adaptér pre LED pásiky, 230V - 12V, 1A, 12W, biela farba;solight
Elektro, Smart Home a osvetlenie > Osvetlenie – svietidlá > LED osvetlenie;WM701;Solight sieťový adaptér pre LED pásiky, 230V - 12V, 2A, 24W, biela farba;solight
Elektro, Smart Home a osvetlenie > Osvetlenie – svietidlá > LED osvetlenie;WM702A;Solight LED napájací zdroj, 230V - 12V, 2A, 24W, IP20;solight
Elektro, Smart Home a osvetlenie > Osvetlenie – svietidlá > LED osvetlenie;WM710;Solight LED napájací zdroj, 230V - 12V, 5A, 60W, IP20;solight
Elektro, Smart Home a osvetlenie > Osvetlenie – svietidlá > LED osvetlenie;WM711;Solight LED napájací zdroj, 230V - 12V, 8,4A, 100W, IP20;solight
Elektro, Smart Home a osvetlenie > Osvetlenie – svietidlá > LED osvetlenie;WM712;Solight LED napájací zdroj, 230V - 12V, 17A, 200W, IP20;solight
Elektro, Smart Home a osvetlenie > Osvetlenie – svietidlá > LED osvetlenie;WM713;Solight LED napájací zdroj, 230V - 12V, 2A, 24W, IP65;solight
Elektro, Smart Home a osvetlenie > Osvetlenie – svietidlá > LED osvetlenie;WM714;Solight LED napájací zdroj, 230V - 12V, 5A, 60W, IP65;solight
Elektro, Smart Home a osvetlenie > Osvetlenie – svietidlá > LED osvetlenie;WM715;Solight LED napájací zdroj, 230V - 24V, 2,5A, 60W, IP20;solight
Elektro, Smart Home a osvetlenie > Osvetlenie – svietidlá > LED osvetlenie;WM716;Solight LED napájací zdroj, 230V - 24V, 4,17A, 100W, IP20;solight
Elektro, Smart Home a osvetlenie > Osvetlenie – svietidlá > LED osvetlenie;WM717;Solight LED napájací zdroj, 230V - 24V, 8,33A, 200W, IP20;solight
Elektro, Smart Home a osvetlenie > Osvetlenie – svietidlá > LED osvetlenie;WM718;Solight LED napájací zdroj, 230V - 24V, 1A, 24W, IP65;solight
Elektro, Smart Home a osvetlenie > Osvetlenie – svietidlá > LED osvetlenie;WM719;Solight LED napájací zdroj, 230V - 24V, 2,5A, 60W, IP65;solight
Elektro, Smart Home a osvetlenie > Osvetlenie – svietidlá > LED osvetlenie;WM72;Solight sieťový adaptér 230V - 12V, 5000mA, 60W;solight
Elektro, Smart Home a osvetlenie > Osvetlenie – svietidlá > LED osvetlenie;WM73-1;Solight napájací konektor pre LED pásy, zdierka 5,5 mm, balenie 1ks, sáčok;solight
Elektro, Smart Home a osvetlenie > Osvetlenie – svietidlá > LED osvetlenie;WM75-1;Solight prepojovací konektor pre LED pásy, 8mm, zacvakávacie, balenie 1ks, sáčok;solight
Elektro, Smart Home a osvetlenie > Osvetlenie – svietidlá > LED osvetlenie;WM77;Solight napájací konektor pre LED pásy, 5,5 mm, rozbočka, 1x zdierka - 2x konektor, sáčok 1 pár;solight
Elektro, Smart Home a osvetlenie > Osvetlenie – svietidlá > LED osvetlenie;WM79;Solight prepojovací kábel pre LED pásy, 8mm zacvakávací konektor na oboch stranách, 1ks, sáčok;solight
Elektro, Smart Home a osvetlenie > Osvetlenie – svietidlá > LED osvetlenie;WM80;Solight prepojovací kábel pre LED pásy, 10mm zacvakávací konektor na oboch stranách, 1ks, sáčok;solight
Elektro, Smart Home a osvetlenie > Osvetlenie – svietidlá > LED osvetlenie;WM81;Solight prepojovací pravouhlý konektor pre LED pásy, 8mm zacvakávací konektor na oboch stranách, 1ks, sáčok;solight
Elektro, Smart Home a osvetlenie > Osvetlenie – svietidlá > LED osvetlenie;WM82;Solight prepojovací pravouhlý konektor pre LED pásy, 10mm zacvakávací konektor na oboch stranách, 1ks, sáčok;solight
Elektro, Smart Home a osvetlenie > Osvetlenie – svietidlá > LED osvetlenie;WM85;Solight napájací konektor pre LED pásy, 5,5 mm zdierka - 8mm zacvakávací konektor, balenie 1ks, sáčok;solight
Elektro, Smart Home a osvetlenie > Osvetlenie – svietidlá > LED osvetlenie;WM86;Solight napájací konektor pre LED pásy, 5,5 mm zdierka - 10mm zacvakávací konektor, balenie 1ks, sáčok;solight
Elektro, Smart Home a osvetlenie > Osvetlenie – svietidlá > LED osvetlenie;WM89;Solight prepojovací konektor pre RGB LED pásy, zacvakávacie, balenie 1ks, sáčok;solight
Elektro, Smart Home a osvetlenie > Osvetlenie – svietidlá > LED osvetlenie;WM90;Solight prepojovací konektor pevný pre COB LED pásy, balenie 1ks, sáčok;solight
Elektro, Smart Home a osvetlenie > Osvetlenie – svietidlá > LED osvetlenie;WM905-1;Solight hliníková lišta pre LED pásky 1, 17x8mm, mliečny difúzor, 1m;solight
Elektro, Smart Home a osvetlenie > Osvetlenie – svietidlá > LED osvetlenie;WM905-2;Solight hliníková lišta s bočnicami pre LED pásiky, 22x17x8mm, mliečny difúzor, 1m;solight
Elektro, Smart Home a osvetlenie > Osvetlenie – svietidlá > LED osvetlenie;WM906-1;Solight hliníková lištal pre LED pásky 2, 18x9mm, mliečny difúzor, 1m;solight
Elektro, Smart Home a osvetlenie > Osvetlenie – svietidlá > LED osvetlenie;WM908-1;Solight hliníková lišta pre LED pásiky, rohová, 16x16mm, mliečny difúzor, 1m;solight
Elektro, Smart Home a osvetlenie > Osvetlenie – svietidlá > LED osvetlenie;WM91;Solight napájací konektor pre COB LED pásy, opasok-napájacie vodiče, balenie 1ks, sáčok;solight
Elektro, Smart Home a osvetlenie > Osvetlenie – svietidlá > LED osvetlenie;WM92;Solight prepojovací konektor flexibilný pre COB LED pásy, 15cm, balenie 1ks, sáčok;solight
Elektro, Smart Home a osvetlenie > Osvetlenie – svietidlá > LED osvetlenie;WM93;Solight prepojovací pravouhlý konektor pre COB LED pásy, 1ks, vrecko;solight
Elektro, Smart Home a osvetlenie > Osvetlenie – svietidlá > LED osvetlenie;WM94;Solight napájací konektor pre COB LED pásy, 15cm, balenie 1ks, vrecko;solight
Elektro, Smart Home a osvetlenie > Osvetlenie – svietidlá > LED osvetlenie;WM95;Solight prepojovací konektor flexibilný pre WIFI SMART LED pásy, 15cm;solight
Elektro, Smart Home a osvetlenie > Osvetlenie – svietidlá > LED osvetlenie;WM96;Solight napájací konektor pre 8mm LED pásky, 3pinový s 15cm vodičom;solight
Elektro, Smart Home a osvetlenie > Osvetlenie – svietidlá > LED osvetlenie;WM97;Solight krátky pevný konektor pre 8mm LED pásky, 3pinový;solight
Elektro, Smart Home a osvetlenie > Osvetlenie – svietidlá > LED osvetlenie;WM98;Solight dlhý flexibilný konektor pre 8mm LED pásky, 3pinový, 10cm;solight
Elektro, Smart Home a osvetlenie > Osvetlenie – svietidlá > LED osvetlenie;WO20-ND;Solight náhradný napájací zdroj k LED panelom;solight
Elektro, Smart Home a osvetlenie > Osvetlenie – svietidlá > LED osvetlenie;WO20-W;Solight LED svetelný panel Backlit, 40W, 3600lm, 4000K, Lifud, 60x60cm, 3 roky záruka, bílá barva;solight
Elektro, Smart Home a osvetlenie > Osvetlenie – svietidlá > LED osvetlenie;WO21-W;Solight LED svetelný panel Backlit, 40W, 4400lm, 4000K, Lifud, 60x60cm, 3 roky záruka, bílá barva;solight
Elektro, Smart Home a osvetlenie > Osvetlenie – svietidlá > LED osvetlenie;WO23-W;Solight LED svetelný panel Backlit, 36W, 3960lm, 4000K, Lifud, 120x30cm, 3 roky záruka, bílá barva;solight
Elektro, Smart Home a osvetlenie > Osvetlenie – svietidlá > LED osvetlenie;WO24-W;Solight LED svetelný panel Backlit, UGR;solight
Elektro, Smart Home a osvetlenie > Osvetlenie – svietidlá > LED osvetlenie;WO25-W;Solight LED svetelný panel Backlit, 36W, 3960lm, 3000/4000/5000K, Lifud, 60x60cm, 3 roky záruka, bílá barva;solight
Elektro, Smart Home a osvetlenie > Osvetlenie – svietidlá > LED osvetlenie;WO26-W;Solight LED stropné osvetlenie prisadené, 40W, 4800lm, 4000K, UGR;solight
Elektro, Smart Home a osvetlenie > Osvetlenie – svietidlá > LED osvetlenie;WO27-W;Solight LED stropné osvetlenie prisadené, 40W, 4800lm, 4000K, UGR;solight
Elektro, Smart Home a osvetlenie > Osvetlenie – svietidlá > LED osvetlenie;WO28-W;Solight LED stropné osvetlenie prisadené kulaté, 48W, 4800lm, 3CCT, UGR;solight
Elektro, Smart Home a osvetlenie > Osvetlenie – svietidlá > LED osvetlenie;WO29-W;Solight LED svetelný panel Backlit CRi90, UGR;solight
Elektro, Smart Home a osvetlenie > Osvetlenie – svietidlá > LED osvetlenie;WO3000-B;Solight LED stolná lampička, 4,5W, 300lm, 3CCT, čierna, podstavec;solight
Elektro, Smart Home a osvetlenie > Osvetlenie – svietidlá > LED osvetlenie;WO3000-W;Solight LED stolná lampička, 4,5W, 300lm, 3CCT, biela, podstavec;solight
Elektro, Smart Home a osvetlenie > Osvetlenie – svietidlá > LED osvetlenie;WO3001-B;Solight LED stolná nabíjacia lampička, 2W, 210lm, 3CCT, čierna, clip;solight
Elektro, Smart Home a osvetlenie > Osvetlenie – svietidlá > LED osvetlenie;WO3001-W;Solight LED stolná nabíjacia lampička, 2W, 210lm, 3CCT, biela, clip;solight
Elektro, Smart Home a osvetlenie > Osvetlenie – svietidlá > LED osvetlenie;WO3002-B;Solight nástenná lampička CELE, 1x GU10, čierna;solight
Elektro, Smart Home a osvetlenie > Osvetlenie – svietidlá > LED osvetlenie;WO3002-W;Solight nástenná lampička CELE, 1x GU10, biela;solight
Elektro, Smart Home a osvetlenie > Osvetlenie – svietidlá > LED osvetlenie;WO37-B;Solight LED stolná lampička stmievaťelná, 12W, voľba teploty svetla, USB, čierny lesk;solight
Elektro, Smart Home a osvetlenie > Osvetlenie – svietidlá > LED osvetlenie;WO37-W;Solight LED stolná lampička stmievateľná, 12W, voľba teploty svetla, USB, biely lesk;solight
Elektro, Smart Home a osvetlenie > Osvetlenie – svietidlá > LED osvetlenie;WO42;Solight LED stmievateľná lampička 2v1, podstavec aj klip, 5W 4000K, 3 farebné kryty;solight
Elektro, Smart Home a osvetlenie > Osvetlenie – svietidlá > LED osvetlenie;WO44;Solight LED stolná lampička nabíjacia, 5W, RGB podsvietenie, stmievateľná, USB napájanie;solight
Elektro, Smart Home a osvetlenie > Osvetlenie – svietidlá > LED osvetlenie;WO45-B;Solight LED stolná lampička s displejom, 9W, voľba teploty svetla, koža, čierna;solight
Elektro, Smart Home a osvetlenie > Osvetlenie – svietidlá > LED osvetlenie;WO46-B;Solight LED stolná lampička s displayom, 6W, 4100K, koža, čierna;solight
Elektro, Smart Home a osvetlenie > Osvetlenie – svietidlá > LED osvetlenie;WO51-S;Solight LED stolná lampička stmievateľná, 11W, zmena chromatickosti, brúsený hliník, strieborná;solight
Elektro, Smart Home a osvetlenie > Osvetlenie – svietidlá > LED osvetlenie;WO53-S;Solight LED stolná lampička, 7W, stmievateľná, zmena chromatickosti, strieborná farba;solight
Elektro, Smart Home a osvetlenie > Osvetlenie – svietidlá > LED osvetlenie;WO54-B;Solight LED nástenná lampička, stmievateľná, 4W, 280lm, 3000K, čierna;solight
Elektro, Smart Home a osvetlenie > Osvetlenie – svietidlá > LED osvetlenie;WO54-W;Solight LED nástenná lampička, stmievateľná, 4W, 280lm, 3000K, biela;solight
Elektro, Smart Home a osvetlenie > Osvetlenie – svietidlá > LED osvetlenie;WO55-G;Solight LED stmievateľná lampička s bezdrôtovým nabíjaním, 10W,  zmena chromatickosti, sivá;solight
Elektro, Smart Home a osvetlenie > Osvetlenie – svietidlá > LED osvetlenie;WO57-B;Solight stolná lampa Falun, E27, čierna;solight
Elektro, Smart Home a osvetlenie > Osvetlenie – svietidlá > LED osvetlenie;WO57-W;Solight stolná lampa Falun, E27, biela;solight
Elektro, Smart Home a osvetlenie > Osvetlenie – svietidlá > LED osvetlenie;WO62;Solight LED smart stojaca lampa Rainbow, wifi, RGB, CCT, 140 cm;solight
Elektro, Smart Home a osvetlenie > Osvetlenie – svietidlá > LED osvetlenie;WO64-W;Solight LED stolná lampička 10W, 490lm, zmena CCT, stmievanie, biela;solight
Elektro, Smart Home a osvetlenie > Osvetlenie – svietidlá > LED osvetlenie;WO65;Solight LED stmievateľná lampička s nočným svetielkom, 10W, 700lm, zmena chromatičnosti;solight
Elektro, Smart Home a osvetlenie > Osvetlenie – svietidlá > LED osvetlenie;WO66-B;Solight LED stmievateľná stolná lampička s klipom, 300lm, nastaviteľná teplota svetla, USB;solight
Elektro, Smart Home a osvetlenie > Osvetlenie – svietidlá > LED osvetlenie;WO66-W;Solight LED stmievateľná stolná lampička s klipom biela, 300lm, nastaviteľná teplota svetla, USB;solight
Elektro, Smart Home a osvetlenie > Osvetlenie – svietidlá > LED osvetlenie;WO67;Solight LED stmievateľná lampička s RGB podsvietením, 10W, 600lm, zmena chromatičnosti, diaľkový ovládač;solight
Elektro, Smart Home a osvetlenie > Osvetlenie – svietidlá > LED osvetlenie;WO68-B;Solight LED nabíjacia lampička 3v1, 280lm, zmena CCT, stmievanie, čierna;solight
Elektro, Smart Home a osvetlenie > Osvetlenie – svietidlá > LED osvetlenie;WO68-W;Solight LED nabíjacia lampička 3v1, 280lm, zmena CCT, stmievanie, biela;solight
Elektro, Smart Home a osvetlenie > Osvetlenie – svietidlá > LED osvetlenie;WO69-B;Solight LED nabíjacia lampička Lucca, 120lm, zmena CCT, stmievanie, čierna;solight
Elektro, Smart Home a osvetlenie > Osvetlenie – svietidlá > LED osvetlenie;WO69-W;Solight LED nabíjacia lampička Lucca, 120lm, zmena CCT, stmievanie, biela;solight
Elektro, Smart Home a osvetlenie > Osvetlenie – svietidlá > LED osvetlenie;WO901;Solight závesné príslušenstvo pre LED panely 60x60, 30x120, 60x120cm;solight
Elektro, Smart Home a osvetlenie > Osvetlenie – svietidlá > LED osvetlenie;WO901-R;Solight závesné príslušenstvo pre 60cm okrúhle LED panely;solight
Elektro, Smart Home a osvetlenie > Osvetlenie – svietidlá > LED osvetlenie;WO903-1;Solight montážne klipy na inštaláciu LED panelov 595x595 mm do podhľadov;solight
Elektro, Smart Home a osvetlenie > Osvetlenie – svietidlá > LED osvetlenie;WO906-W;Solight hliníkový biely rám pre inštaláciu LED panelov s rozmerom 595x595mm na stropy a steny, výška 68mm, bezskrutkový;solight
Elektro, Smart Home a osvetlenie > Osvetlenie – svietidlá > LED osvetlenie;WO907-W;Solight hliníkový biely rám pre inštaláciu LED panelov s rozmerom 295x1195mm na stropy a steny, výška 68mm, bezskrutkový;solight
Elektro, Smart Home a osvetlenie > Osvetlenie – svietidlá > LED osvetlenie;WPH-100W-002;Solight high bay, 100W, 14000lm, 120°, Philips, MW, 5000K, UGR;solight
Elektro, Smart Home a osvetlenie > Osvetlenie – svietidlá > LED osvetlenie;WPH-100W-006;Solight high bay, 100W, 14000lm, 120°, Meanwell,  5000K, UGR;solight
Elektro, Smart Home a osvetlenie > Osvetlenie – svietidlá > LED osvetlenie;WPH-150W-002;Solight high bay, 150W, 21000lm, 120°, Philips, MW, 5000K, UGR;solight
Elektro, Smart Home a osvetlenie > Osvetlenie – svietidlá > LED osvetlenie;WPH-200W-006;Solight high bay, 200W, 28000lm, 120°, Meanwell,  5000K, UGR;solight
Elektro, Smart Home a osvetlenie > Osvetlenie – svietidlá > LED osvetlenie;WPH-240W-002;Solight high bay, 240W, 33600lm, 120°, Philips, MW, 5000K, UGR;solight
Elektro, Smart Home a osvetlenie > Osvetlenie – svietidlá > LED osvetlenie;WPH-ND-009;Solight 90° výmenná šošovka pre high bay radu 006;solight
Elektro, Smart Home a osvetlenie > Osvetlenie – svietidlá > LED osvetlenie;WPH-ND-010;Solight 90° výmenná šošovka pre high bay WPH-200W-007;solight
Elektro, Smart Home a osvetlenie > Osvetlenie – svietidlá > LED osvetlenie;WPH-ND-011;Solight 90° výmenná šošovka pre high bay WPH-150W-007 a WPH-100W-007;solight
Elektro, Smart Home a osvetlenie > Osvetlenie – svietidlá > LED osvetlenie;WPT-50W-002;Solight LED osvetlenie prachotesné, IP65, 50W, 7000lm, 4000K, 125cm, Lifud, 5 rokov záruka;solight
Elektro, Smart Home a osvetlenie > Osvetlenie – svietidlá > LED osvetlenie;WPT-60W-001;Solight LED osvetlenie prachotesné, IP65, 60W, 7800lm, 4000K, 155cm, Lifud, 5 rokov záruka;solight
Elektro, Smart Home a osvetlenie > Osvetlenie – svietidlá > LED osvetlenie;WPT-60W-002;Solight LED osvetlenie prachotesné, IP65, 60W, 8400lm, 4000K, 155cm, Lifud, 5 rokov záruka;solight
Elektro, Smart Home a osvetlenie > Osvetlenie – svietidlá > LED osvetlenie;WT118;Solight LED NANO žiarivka lineárna T8, 9W, 800lm, 6000K, 60cm;solight
Elektro, Smart Home a osvetlenie > Osvetlenie – svietidlá > LED osvetlenie;WT123;Solight LED žiarivka lineárna PRO+, T8, 22W, 3080lm, 4000K, 150cm, Alu + PC;solight
Elektro, Smart Home a osvetlenie > Osvetlenie – svietidlá > LED osvetlenie;WT124;Solight LED žiarivka lineárna PRO+, T8, 22W, 3080lm, 5000K, 150cm, Alu + PC;solight
Elektro, Smart Home a osvetlenie > Osvetlenie – svietidlá > LED osvetlenie;WT130-A;Solight LED žiarivka lineárna T8, 9W, 1260lm, 4000K, 60cm, sklo;solight
Elektro, Smart Home a osvetlenie > Osvetlenie – svietidlá > LED osvetlenie;WT130-B;Solight LED žiarivka lineárna T8, 9W, 1260lm, 6000K, 60cm, sklo;solight
Elektro, Smart Home a osvetlenie > Osvetlenie – svietidlá > LED osvetlenie;WT131-A;Solight LED žiarivka lineárna T8, 18W, 2520lm, 4000K, 120cm, sklo;solight
Elektro, Smart Home a osvetlenie > Osvetlenie – svietidlá > LED osvetlenie;WT131-B;Solight LED žiarivka lineárna T8, 18W, 2520lm, 6000K, 120cm, sklo;solight
Elektro, Smart Home a osvetlenie > Osvetlenie – svietidlá > LED osvetlenie;WT132-A;Solight LED žiarivka lineárna T8, 22W, 3080lm, 4000K, 150cm, sklo;solight
Elektro, Smart Home a osvetlenie > Osvetlenie – svietidlá > LED osvetlenie;WT132-B;Solight LED žiarivka lineárna T8, 22W, 3080lm, 6000K, 150cm, sklo;solight
Elektro, Smart Home a osvetlenie > Osvetlenie – svietidlá > LED osvetlenie;WZ314A-1;Solight LED žiarovka, bodová , 3W, GU10, 3000K, 260lm, biela;solight
Elektro, Smart Home a osvetlenie > Osvetlenie – svietidlá > LED osvetlenie;WZ315A-1;Solight LED žiarovka, bodová , 3W, GU10, 4000K, 260lm, biela;solight
Elektro, Smart Home a osvetlenie > Osvetlenie – svietidlá > LED osvetlenie;WZ316A-1;Solight LED žiarovka, bodová , 5W, GU10, 3000K, 425lm, biela;solight
Elektro, Smart Home a osvetlenie > Osvetlenie – svietidlá > LED osvetlenie;WZ317A-1;Solight LED žiarovka, bodová , 5W, GU10, 4000K, 425lm, biela;solight
Elektro, Smart Home a osvetlenie > Osvetlenie – svietidlá > LED osvetlenie;WZ318A-1;Solight LED žiarovka, bodová , 7W, GU10, 3000K, 595lm, biela;solight
Elektro, Smart Home a osvetlenie > Osvetlenie – svietidlá > LED osvetlenie;WZ319A-1;Solight LED žiarovka, bodová , 7W, GU10, 4000K, 595lm, biela;solight
Elektro, Smart Home a osvetlenie > Osvetlenie – svietidlá > LED osvetlenie;WZ320-1;Solight LED žiarovka G9, 2,5W, 3000K, 215lm;solight
Elektro, Smart Home a osvetlenie > Osvetlenie – svietidlá > LED osvetlenie;WZ322-1;Solight LED žiarovka G9, 3,5W, 3000K, 300lm;solight
Elektro, Smart Home a osvetlenie > Osvetlenie – svietidlá > LED osvetlenie;WZ323-1;Solight LED žiarovka G4, 1,5W, 3000K, 130lm;solight
Elektro, Smart Home a osvetlenie > Osvetlenie – svietidlá > LED osvetlenie;WZ324-1;Solight LED žiarovka, bodová , 5W, GU10, 6000K, 425lm, biela;solight
Elektro, Smart Home a osvetlenie > Osvetlenie – svietidlá > LED osvetlenie;WZ325A-1;Solight LED žiarovka, bodová , 7W, GU10, 6000K, 595lm, biela;solight
Elektro, Smart Home a osvetlenie > Osvetlenie – svietidlá > LED osvetlenie;WZ327;Solight LED žiarovka G9, 4,5W, 3000K, 400lm;solight
Elektro, Smart Home a osvetlenie > Osvetlenie – svietidlá > LED osvetlenie;WZ328;Solight LED žiarovka G9, 6,0W, 3000K, 600lm;solight
Elektro, Smart Home a osvetlenie > Osvetlenie – svietidlá > LED osvetlenie;WZ401A-1;Solight LED žiarovka retro, sviečka 4W, E14, 3000K, 360°, 440lm;solight
Elektro, Smart Home a osvetlenie > Osvetlenie – svietidlá > LED osvetlenie;WZ409-1;Solight LED žiarovka, sviečka, 6W, E14, 3000K, 510lm;solight
Elektro, Smart Home a osvetlenie > Osvetlenie – svietidlá > LED osvetlenie;WZ410-1;Solight LED žiarovka, sviečka, 6W, E14, 4000K, 510lm;solight
Elektro, Smart Home a osvetlenie > Osvetlenie – svietidlá > LED osvetlenie;WZ412-1;Solight LED žiarovka, miniglobe, 6W, E27, 3000K, 510lm;solight
Elektro, Smart Home a osvetlenie > Osvetlenie – svietidlá > LED osvetlenie;WZ413-1;Solight LED žiarovka reflektorová, R50, 5W, E14, 3000K, 440lm, biele prevedenie;solight
Elektro, Smart Home a osvetlenie > Osvetlenie – svietidlá > LED osvetlenie;WZ414-1;Solight LED žiarovka reflektorová, R50, 5W, E14, 4000K, 440lm, biele prevedenie;solight
Elektro, Smart Home a osvetlenie > Osvetlenie – svietidlá > LED osvetlenie;WZ416-1;Solight LED žiarovka, miniglobe, 6W, E14, 3000K, 510lm, biele prevedenie;solight
Elektro, Smart Home a osvetlenie > Osvetlenie – svietidlá > LED osvetlenie;WZ417-1;Solight LED žiarovka, miniglobe, 6W, E14, 4000K, 510lm, biele prevedenie;solight
Elektro, Smart Home a osvetlenie > Osvetlenie – svietidlá > LED osvetlenie;WZ418-1;Solight LED žiarovka, miniglobe, 6W, E27, 4000K, 510lm;solight
Elektro, Smart Home a osvetlenie > Osvetlenie – svietidlá > LED osvetlenie;WZ419-1;Solight LED žiarovka, miniglobe, 6W, E27, 6000K, 510lm;solight
Elektro, Smart Home a osvetlenie > Osvetlenie – svietidlá > LED osvetlenie;WZ420-1;Solight LED žiarovka, miniglobe, 6W, E14, 6000K, 510lm;solight
Elektro, Smart Home a osvetlenie > Osvetlenie – svietidlá > LED osvetlenie;WZ421-1;Solight LED žiarovka, sviečka, 6W, E14, 6000K, 510lm;solight
Elektro, Smart Home a osvetlenie > Osvetlenie – svietidlá > LED osvetlenie;WZ423-1;Solight LED žiarovka, sviečka, 8W, E14, 3000K, 720lm;solight
Elektro, Smart Home a osvetlenie > Osvetlenie – svietidlá > LED osvetlenie;WZ424-1;Solight LED žiarovka, miniglobe, 8W, E27, 3000K, 720lm;solight
Elektro, Smart Home a osvetlenie > Osvetlenie – svietidlá > LED osvetlenie;WZ425-1;Solight LED žiarovka, miniglobe, 8W, E14, 3000K, 720lm, biele prevedenie;solight
Elektro, Smart Home a osvetlenie > Osvetlenie – svietidlá > LED osvetlenie;WZ428-1;Solight LED žiarovka, sviečka, 8W, E14, 4000K, 720lm;solight
Elektro, Smart Home a osvetlenie > Osvetlenie – svietidlá > LED osvetlenie;WZ429-1;Solight LED žiarovka, miniglobe, 8W, E27, 4000K, 720lm;solight
Elektro, Smart Home a osvetlenie > Osvetlenie – svietidlá > LED osvetlenie;WZ430-1;Solight LED žiarovka, miniglobe, 8W, E14, 4000K, 720lm, biele prevedenie;solight
Elektro, Smart Home a osvetlenie > Osvetlenie – svietidlá > LED osvetlenie;WZ431-3;ECOLUX LED žiarovka Ecolux 3-pack, sviečka, 6W, E14, 3000K, 450lm, 3ks;solight
Elektro, Smart Home a osvetlenie > Osvetlenie – svietidlá > LED osvetlenie;WZ432-3;ECOLUX LED žiarovka Ecolux 3-pack, miniglobe, 6W, E27, 3000K, 450lm, 3ks;solight
Elektro, Smart Home a osvetlenie > Osvetlenie – svietidlá > LED osvetlenie;WZ433-3;ECOLUX LED žiarovka Ecolux 3-pack, miniglobe, 6W, E14, 3000K, 450lm, biele prevedenie, 3ks;solight
Elektro, Smart Home a osvetlenie > Osvetlenie – svietidlá > LED osvetlenie;WZ434-1;Solight LED žiarovka reflektorová, R50, 8W, E14, 3000K, 710lm;solight
Elektro, Smart Home a osvetlenie > Osvetlenie – svietidlá > LED osvetlenie;WZ435-1;Solight LED žiarovka reflektorová, R50, 8W, E14, 4000K, 710lm;solight
Elektro, Smart Home a osvetlenie > Osvetlenie – svietidlá > LED osvetlenie;WZ5002;Solight extra úsporná LED žiarovka 3,8 W, 806lm, 2700K, ekv. 60W;solight
Elektro, Smart Home a osvetlenie > Osvetlenie – svietidlá > LED osvetlenie;WZ5003;Solight extra úsporná LED žiarovka 5,0 W, 1055lm, 2700K, ekv. 75W;solight
Elektro, Smart Home a osvetlenie > Osvetlenie – svietidlá > LED osvetlenie;WZ5004;Solight extra úsporná LED žiarovka 7,2 W, 1521lm, 2700K, ekv. 100W;solight
Elektro, Smart Home a osvetlenie > Osvetlenie – svietidlá > LED osvetlenie;WZ501A-1;Solight LED žiarovka retro, klasický tvar, 8W, E27, 3000K, 360°, 810lm;solight
Elektro, Smart Home a osvetlenie > Osvetlenie – svietidlá > LED osvetlenie;WZ504-2;Solight LED žiarovka, klasický tvar, 7W, E27, 3000K, 270°, 810lm;solight
Elektro, Smart Home a osvetlenie > Osvetlenie – svietidlá > LED osvetlenie;WZ505-2;Solight LED žiarovka, klasický tvar, 10W, E27, 3000K, 270°, 1100lm;solight
Elektro, Smart Home a osvetlenie > Osvetlenie – svietidlá > LED osvetlenie;WZ506-2;Solight LED žiarovka, klasický tvar, 10W, E27, 4000K, 270°, 1100lm;solight
Elektro, Smart Home a osvetlenie > Osvetlenie – svietidlá > LED osvetlenie;WZ507A-2;Solight LED žiarovka, klasický tvar, 12W, E27, 3000K, 270°, 1320lm;solight
Elektro, Smart Home a osvetlenie > Osvetlenie – svietidlá > LED osvetlenie;WZ508A-2;Solight LED žiarovka, klasický tvar, 12W, E27, 4000K, 270°, 1320lm;solight
Elektro, Smart Home a osvetlenie > Osvetlenie – svietidlá > LED osvetlenie;WZ509A-2;Solight LED žiarovka, klasický tvar, 12W, E27, 6000K, 270°, 1320lm;solight
Elektro, Smart Home a osvetlenie > Osvetlenie – svietidlá > LED osvetlenie;WZ515-2;Solight LED žiarovka, klasický tvar, 15W, E27, 3000K, 220°, 1650lm;solight
Elektro, Smart Home a osvetlenie > Osvetlenie – svietidlá > LED osvetlenie;WZ516-2;Solight LED žiarovka, klasický tvar, 15W, E27, 4000K, 220°, 1650lm;solight
Elektro, Smart Home a osvetlenie > Osvetlenie – svietidlá > LED osvetlenie;WZ517-2;Solight LED žiarovka, klasický tvar, 7W, E27, 4000K, 270°, 810lm;solight
Elektro, Smart Home a osvetlenie > Osvetlenie – svietidlá > LED osvetlenie;WZ520-2;Solight LED žiarovka, klasický tvar, 10W, E27, 6000K, 270°, 1100lm;solight
Elektro, Smart Home a osvetlenie > Osvetlenie – svietidlá > LED osvetlenie;WZ521-2;Solight LED žiarovka, klasický tvar, 15W, E27, 6000K, 220°, 1650lm;solight
Elektro, Smart Home a osvetlenie > Osvetlenie – svietidlá > LED osvetlenie;WZ529-3P;Solight LED žiarovka 3-pack, klasický tvar, 10W, E27, 3000K, 270°, 900lm, 3ks v baleniu;solight
Elektro, Smart Home a osvetlenie > Osvetlenie – svietidlá > LED osvetlenie;WZ530-3P;ECOLUX LED žiarovka 3-pack, klasický tvar, 12W, E27, 3000K, 270°, 1080lm, 3ks v baleniu;solight
Elektro, Smart Home a osvetlenie > Osvetlenie – svietidlá > LED osvetlenie;WZ532;Solight LED SMART WIFI žiarovka, klasický tvar, 15W, E27, RGB, 270°, 1350lm;solight
Elektro, Smart Home a osvetlenie > Osvetlenie – svietidlá > LED osvetlenie;WZ533;Solight LED žiarovka, klasický tvar, 18W, E27, 3000K, 270°, 1710lm;solight
Elektro, Smart Home a osvetlenie > Osvetlenie – svietidlá > LED osvetlenie;WZ534;Solight LED žiarovka, klasický tvar, 18W, E27, 4000K, 270°, 1710lm;solight
Elektro, Smart Home a osvetlenie > Osvetlenie – svietidlá > LED osvetlenie;WZ535;Solight LED žiarovka, klasický tvar, 22W, E27, 3000K, 270°, 2090lm;solight
Elektro, Smart Home a osvetlenie > Osvetlenie – svietidlá > LED osvetlenie;WZ536;Solight LED žiarovka, klasický tvar, 22W, E27, 4000K, 270°, 2090lm;solight
Elektro, Smart Home a osvetlenie > Osvetlenie – svietidlá > LED osvetlenie;WZ6101;Solight LED svetelný zdroj do stropných svetiel, 12W, 1200lm, 4000K, 130mm;solight
Elektro, Smart Home a osvetlenie > Osvetlenie – svietidlá > LED osvetlenie;WZ6103;Solight LED svetelný zdroj do stropných svetiel, 18W, 1800lm, 4000K, 155mm;solight
Elektro, Smart Home a osvetlenie > Osvetlenie – svietidlá > LED osvetlenie;WZ6105;Solight LED svetelný zdroj do stropných svetiel, 24W, 2400lm, 4000K, 167mm;solight
Elektro, Smart Home a osvetlenie > Osvetlenie – svietidlá > Vianočné osvetlenie a dekorácie;1V001-G;Solight prodlužovací prívodný kábel k vianočným reťaziam, 5m;solight
Elektro, Smart Home a osvetlenie > Osvetlenie – svietidlá > Vianočné osvetlenie a dekorácie;1V04-M;Solight LED vianočná reťaz, 300 LED, 30m, prívod 5m, 8 funkcií, časovač, IP44, viacfarebný;solight
Elektro, Smart Home a osvetlenie > Osvetlenie – svietidlá > Vianočné osvetlenie a dekorácie;1V04-W;Solight LED vianočná reťaz, 300 LED, 30m, prívod 5m, IP44, biela;solight
Elektro, Smart Home a osvetlenie > Osvetlenie – svietidlá > Vianočné osvetlenie a dekorácie;1V04-WW;Solight LED vianočná reťaz, 300 LED, 30m, prívod 5m, IP44, teplá biela;solight
Elektro, Smart Home a osvetlenie > Osvetlenie – svietidlá > Vianočné osvetlenie a dekorácie;1V05-M;Solight LED vianočná reťaz, 500 LED, 50m, prívod 5m, 8 funkcií, časovač, IP44, viacfarebný;solight
Elektro, Smart Home a osvetlenie > Osvetlenie – svietidlá > Vianočné osvetlenie a dekorácie;1V05-W;Solight LED vianočná reťaz, 500 LED, 50m, prívod 5m, IP44, biela;solight
Elektro, Smart Home a osvetlenie > Osvetlenie – svietidlá > Vianočné osvetlenie a dekorácie;1V05-WW;Solight LED vianočná reťaz, 500 LED, 50m, prívod 5m, IP44, teplá biela;solight
Elektro, Smart Home a osvetlenie > Osvetlenie – svietidlá > Vianočné osvetlenie a dekorácie;1V06-W;Solight LED vonkajšia vianočná reťaz, 200 LED, 10m, prívod 5m, 8 funkcií, IP44, studená biela;solight
Elektro, Smart Home a osvetlenie > Osvetlenie – svietidlá > Vianočné osvetlenie a dekorácie;1V06-WW;Solight LED vonkajšia vianočná reťaz, 200 LED, 10m, prívod 5m, 8 funkcií, IP44, teplá biela;solight
Elektro, Smart Home a osvetlenie > Osvetlenie – svietidlá > Vianočné osvetlenie a dekorácie;1V07-W;Solight LED vonkajšia vianočná reťaz, 400 LED, 20m, prívod 5m, 8 funkcií, IP44, studená biela;solight
Elektro, Smart Home a osvetlenie > Osvetlenie – svietidlá > Vianočné osvetlenie a dekorácie;1V07-WW;Solight LED vonkajšia vianočná reťaz, 400 LED, 20m, prívod 5m, 8 funkcií, IP44, teplá biela;solight
Elektro, Smart Home a osvetlenie > Osvetlenie – svietidlá > Vianočné osvetlenie a dekorácie;1V08-RGB;Solight LED 2v1 vonkajšia vianočná reťaz, gule, diaľkový ovládač, 100LED, RGB + biela, 10m+ 5m, 8 funkcií, IP44;solight
Elektro, Smart Home a osvetlenie > Osvetlenie – svietidlá > Vianočné osvetlenie a dekorácie;1V09-RGB;Solight LED 2v1 vonkajšia vianočná reťaz, gule, diaľkový ovládač, 200LED, RGB + biela, 20m+ 5m, 8 funkcií, IP44;solight
Elektro, Smart Home a osvetlenie > Osvetlenie – svietidlá > Vianočné osvetlenie a dekorácie;1V10;Solight LED vianočná záves okenná, strieborná, 300x mini LED, časovač, 8 funkcií, USB;solight
Elektro, Smart Home a osvetlenie > Osvetlenie – svietidlá > Vianočné osvetlenie a dekorácie;1V101-M;Solight LED vonkajšia vánočná reťaz, 100 LED, 10m, prívod 3m, 8 funkcií, časovač, IP44, viacfarebný;solight
Elektro, Smart Home a osvetlenie > Osvetlenie – svietidlá > Vianočné osvetlenie a dekorácie;1V101-W;Solight LED vonkajšia vánočná reťaz, 100 LED, 10m, prívod 3m, 8 funkcií, časovač, IP44, studená biela;solight
Elektro, Smart Home a osvetlenie > Osvetlenie – svietidlá > Vianočné osvetlenie a dekorácie;1V101-WW;Solight LED vonkajšia vánočná reťaz, 100 LED, 10m, prívod 3m, 8 funkcií, časovač, IP44, teplá biela;solight
Elektro, Smart Home a osvetlenie > Osvetlenie – svietidlá > Vianočné osvetlenie a dekorácie;1V102-M;Solight LED vonkajšia vánočná reťaz, 200 LED, 20m, prívod 5m, 8 funkcií, časovač, IP44, viacfarebný;solight
Elektro, Smart Home a osvetlenie > Osvetlenie – svietidlá > Vianočné osvetlenie a dekorácie;1V102-W;Solight LED vonkajšia vánočná reťaz, 200 LED, 20m, prívod 5m, 8 funkcií, časovač, IP44, studená biela;solight
Elektro, Smart Home a osvetlenie > Osvetlenie – svietidlá > Vianočné osvetlenie a dekorácie;1V102-WW;Solight LED vonkajšia vánočná reťaz, 200 LED, 20m, prívod 5m, 8 funkcií, časovač, IP44, teplá biela;solight
Elektro, Smart Home a osvetlenie > Osvetlenie – svietidlá > Vianočné osvetlenie a dekorácie;1V11-M;Solight LED vonkajšia vianočná reťaz s diaľkový ovládaním a zvukovým senzorom - Cluster, 576 LED, 8 funkcií, časovač, IP44, viacfarebná;solight
Elektro, Smart Home a osvetlenie > Osvetlenie – svietidlá > Vianočné osvetlenie a dekorácie;1V11-W;Solight LED vonkajšia vianočná reťaz s diaľkový ovládaním- Cluster, 576 LED, 8 funkcií, časovač, IP44, studená biela;solight
Elektro, Smart Home a osvetlenie > Osvetlenie – svietidlá > Vianočné osvetlenie a dekorácie;1V110-M;Solight LED vonkajšia vánočná reťaz, 50 LED, 50m, prívod 3m, 8 funkcií, časovač, IP44, viacfarebný;solight
Elektro, Smart Home a osvetlenie > Osvetlenie – svietidlá > Vianočné osvetlenie a dekorácie;1V110-W;Solight LED vonkajšia vánočná reťaz, 50 LED, 5m, prívod 3m, 8 funkcií, časovač, IP44, studená biela;solight
Elektro, Smart Home a osvetlenie > Osvetlenie – svietidlá > Vianočné osvetlenie a dekorácie;1V110-WW;Solight LED vonkajšia vánočná reťaz, 50 LED, 5m, prívod 3m, 8 funkcií, časovač, IP44, teplá biela;solight
Elektro, Smart Home a osvetlenie > Osvetlenie – svietidlá > Vianočné osvetlenie a dekorácie;1V12-WIFI;Solight LED WIFI smart vonkajšia vianočná reťaz, 240 LED, 12m, prívod 3m, teplá biela + viacfarebný;solight
Elektro, Smart Home a osvetlenie > Osvetlenie – svietidlá > Vianočné osvetlenie a dekorácie;1V13-WIFI;Solight LED WIFI smart vonkajšia vianočná reťaz, 400 LED, 20m, prívod 5m, teplá biela + viacfarebný;solight
Elektro, Smart Home a osvetlenie > Osvetlenie – svietidlá > Vianočné osvetlenie a dekorácie;1V201;Solight LED reťaz vianočné gule bavlnené, 10LED, 1m, 2x AA, IP20;solight
Elektro, Smart Home a osvetlenie > Osvetlenie – svietidlá > Vianočné osvetlenie a dekorácie;1V204;Solight LED vianočná gula sklenená, 10LED, 2x AA, IP20;solight
Elektro, Smart Home a osvetlenie > Osvetlenie – svietidlá > Vianočné osvetlenie a dekorácie;1V215;Solight LED reťaz retiazka s dekoráciami, 20LED reťaz, 1m, 2x AA, IP20;solight
Elektro, Smart Home a osvetlenie > Osvetlenie – svietidlá > Vianočné osvetlenie a dekorácie;1V218;Solight LED kovový vianočný stromček, 2x AA;solight
Elektro, Smart Home a osvetlenie > Osvetlenie – svietidlá > Vianočné osvetlenie a dekorácie;1V219;Solight LED anjeli, drevo, biela farba, 2x AA;solight
Elektro, Smart Home a osvetlenie > Osvetlenie – svietidlá > Vianočné osvetlenie a dekorácie;1V220;Solight LED  projekčná guľa, multicolor, 9 režimov, otáčanie, USB, 4x AAA;solight
Elektro, Smart Home a osvetlenie > Osvetlenie – svietidlá > Vianočné osvetlenie a dekorácie;1V222;Solight LED drevený svietnik, 5x LED, prírodné drevo, 2x AA;solight
Elektro, Smart Home a osvetlenie > Osvetlenie – svietidlá > Vianočné osvetlenie a dekorácie;1V223-A;Solight LED dekorácie závesná, les a jeleň, biela a hnedá, 2x AAA;solight
Elektro, Smart Home a osvetlenie > Osvetlenie – svietidlá > Vianočné osvetlenie a dekorácie;1V227;Solight LED vianočné záves, hviezdy, šírka 1,8m, 77LED, IP20, 3xAA, USB;solight
Elektro, Smart Home a osvetlenie > Osvetlenie – svietidlá > Vianočné osvetlenie a dekorácie;1V227-4;Solight LED vonkajší vianočný záves, hviezdy, šírka 3m, 123LED, IP44 3xAA, teplá biela;solight
Elektro, Smart Home a osvetlenie > Osvetlenie – svietidlá > Vianočné osvetlenie a dekorácie;1V232;Solight drevená lampáš s LED sviečkou, 3x AAA;solight
Elektro, Smart Home a osvetlenie > Osvetlenie – svietidlá > Vianočné osvetlenie a dekorácie;1V233;Solight drevený snehuliak, 4x LED, 2x AA;solight
Elektro, Smart Home a osvetlenie > Osvetlenie – svietidlá > Vianočné osvetlenie a dekorácie;1V235;Solight LED reťaz s ozdobnými príveskami 20LED, 60x mini dekorácie, 2m, 2x AA;solight
Elektro, Smart Home a osvetlenie > Osvetlenie – svietidlá > Vianočné osvetlenie a dekorácie;1V236;Solight vianočná LED drevená dekorácia, stromček, 2x AA;solight
Elektro, Smart Home a osvetlenie > Osvetlenie – svietidlá > Vianočné osvetlenie a dekorácie;1V238;Solight vianočný stromček 45cm, 15LED, 3x AA, IP44, časovač;solight
Elektro, Smart Home a osvetlenie > Osvetlenie – svietidlá > Vianočné osvetlenie a dekorácie;1V239;Solight vianočný veniec, priemer 40cm, 15LED, 3x AA, IP44, časovač;solight
Elektro, Smart Home a osvetlenie > Osvetlenie – svietidlá > Vianočné osvetlenie a dekorácie;1V241;Solight LED snehuliak vonkajšií 40LED, teplá beila, IP44, výška 70cm, 3x AA, časovač;solight
Elektro, Smart Home a osvetlenie > Osvetlenie – svietidlá > Vianočné osvetlenie a dekorácie;1V244;Solight LED adventný kalendár - kniha, 8x LED, 40x30cm, 2x AAA;solight
Elektro, Smart Home a osvetlenie > Osvetlenie – svietidlá > Vianočné osvetlenie a dekorácie;1V245;Solight LED ratanové srdce, 30x LED, 2x AA, 30cm;solight
Elektro, Smart Home a osvetlenie > Osvetlenie – svietidlá > Vianočné osvetlenie a dekorácie;1V246;Solight LED ratanová hviezda, 40x LED, 2x AA, 40cm;solight
Elektro, Smart Home a osvetlenie > Osvetlenie – svietidlá > Vianočné osvetlenie a dekorácie;1V249;Solight LED závesná dekorácia - les s jeleňami, 14x LED, 2x AA;solight
Elektro, Smart Home a osvetlenie > Osvetlenie – svietidlá > Vianočné osvetlenie a dekorácie;1V250;Solight LED vianočné mestečko s kostolom, 30x19cm, 2x AAA;solight
Elektro, Smart Home a osvetlenie > Osvetlenie – svietidlá > Vianočné osvetlenie a dekorácie;1V251;Solight LED okenná reťaz - Santa, 6x LED, prísavná, 120cm, 2x AA;solight
Elektro, Smart Home a osvetlenie > Osvetlenie – svietidlá > Vianočné osvetlenie a dekorácie;1V252;Solight LED okenná reťaz snehuliaci, 6x LED, prísavná, 120cm, 2x AA;solight
Elektro, Smart Home a osvetlenie > Osvetlenie – svietidlá > Vianočné osvetlenie a dekorácie;1V255;Solight LED vianočná hviezda, závesná, 60cm, 20x LED, časovač, 2x AA;solight
Elektro, Smart Home a osvetlenie > Osvetlenie – svietidlá > Vianočné osvetlenie a dekorácie;1V256;Solight LED vianočná dedinka, 34x17cm, drevo, 4 LED, 2x AA;solight
Elektro, Smart Home a osvetlenie > Osvetlenie – svietidlá > Vianočné osvetlenie a dekorácie;1V257;Solight LED snehuliak, 26cm, 6x LED, IP20, 3x AA;solight
Elektro, Smart Home a osvetlenie > Osvetlenie – svietidlá > Vianočné osvetlenie a dekorácie;1V258;Solight LED adventný kalendár - horská chata,  10x LED, 50x40cm, 2x AA;solight
Elektro, Smart Home a osvetlenie > Osvetlenie – svietidlá > Vianočné osvetlenie a dekorácie;1V260;Solight LED nástenná dekorácia vianočný stromček, 24x LED, 2x AA;solight
Elektro, Smart Home a osvetlenie > Osvetlenie – svietidlá > Vianočné osvetlenie a dekorácie;1V261;Solight LED nástenná dekorácia vianočná hviezda, 24x LED, 2x AA;solight
Elektro, Smart Home a osvetlenie > Osvetlenie – svietidlá > Vianočné osvetlenie a dekorácie;1V262;Solight LED vianočná hviezda stolná, 10x LED, 3x AA;solight
Elektro, Smart Home a osvetlenie > Osvetlenie – svietidlá > Vianočné osvetlenie a dekorácie;1V264;Solight LED vianočné dekorácie, zasnežená krajina s domčekom, 18cm, 10x LED, 2x AAA;solight
Elektro, Smart Home a osvetlenie > Osvetlenie – svietidlá > Vianočné osvetlenie a dekorácie;1V265;Solight LED vianočný svietnik s hviezdami, 30cm, 5x LED, 2x AA;solight
Elektro, Smart Home a osvetlenie > Osvetlenie – svietidlá > Vianočné osvetlenie a dekorácie;1V266;Solight LED vianočný lampáš biely, 33cm, 3x LED sviečka, 3x AAA;solight
Elektro, Smart Home a osvetlenie > Osvetlenie – svietidlá > Vianočné osvetlenie a dekorácie;1V267;Solight LED drevená vianočná dekorácia, zasnežené zimné kvety, 37cm, 2x AA;solight
Elektro, Smart Home a osvetlenie > Osvetlenie – svietidlá > Vianočné osvetlenie a dekorácie;1V268;Solight LED vianočná hviezda stolná, pletená, 35x LED, 2x AAA;solight
Elektro, Smart Home a osvetlenie > Osvetlenie – svietidlá > Vianočné osvetlenie a dekorácie;1V271;Solight LED vianočná reťaz hviezdy, 10x LED, drevo, 1,5m, 2x AA;solight
Elektro, Smart Home a osvetlenie > Osvetlenie – svietidlá > Vianočné osvetlenie a dekorácie;1V272;Solight LED vianočná reťaz rolničky, 10x LED, zlatá, 1,5m, 2x AA;solight
Elektro, Smart Home a osvetlenie > Osvetlenie – svietidlá > Vianočné osvetlenie a dekorácie;1V273;Solight LED vianočná reťaz farebné gule, 20x LED, 2m, 2x AA;solight
Elektro, Smart Home a osvetlenie > Osvetlenie – svietidlá > Vianočné osvetlenie a dekorácie;1V274;Solight LED vianočná reťaz farebné gule, 40x LED, 4m, 2x AA;solight
Elektro, Smart Home a osvetlenie > Osvetlenie – svietidlá > Vianočné osvetlenie a dekorácie;1V275;Solight vianočný drevený betlehem podsvietený, 5x LED, prírodné drevo, 25cm, 2x AA;solight
Elektro, Smart Home a osvetlenie > Osvetlenie – svietidlá > Vianočné osvetlenie a dekorácie;1V276;Solight LED drevený betlehem podsvietený, 26x17cm, 6x LED, 2x AA;solight
Elektro, Smart Home a osvetlenie > Osvetlenie – svietidlá > Vianočné osvetlenie a dekorácie;1V277;Solight LED vianočný kolotoč, otáčajúci sa, 7x LED, 30cm, 2x AA;solight
Elektro, Smart Home a osvetlenie > Osvetlenie – svietidlá > Vianočné osvetlenie a dekorácie;1V278;Solight LED vianočná kométa, 10x LED, drevená, 30cm;solight
Elektro, Smart Home a osvetlenie > Osvetlenie – svietidlá > Vianočné osvetlenie a dekorácie;1V280;Solight LED kovový svietnik, 5x LED, čierny, 40cm;solight
Elektro, Smart Home a osvetlenie > Osvetlenie – svietidlá > Vianočné osvetlenie a dekorácie;1V281;Solight LED záhradné osvetlenie, snehové vločky, 5ks, 15x LED, zapichovacie, 3xAA;solight
Elektro, Smart Home a osvetlenie > Osvetlenie – svietidlá > Vianočné osvetlenie a dekorácie;1V282;Solight LED drevený vianočný stromek s dekoráciami, 23x LED, prírodná farba, 64cm, 2x AA;solight
Elektro, Smart Home a osvetlenie > Osvetlenie – svietidlá > Vianočné osvetlenie a dekorácie;1V283;Solight LED drevený vianočný stromek s dekoráciami, 13x LED, prírodné drevo, 53cm, 2x AA;solight
Elektro, Smart Home a osvetlenie > Osvetlenie – svietidlá > Vianočné osvetlenie a dekorácie;1V284;Solight sada LED sviečok s časovačom, 4ks, 6,5cm, batéria CR2032 súčasťou;solight
Elektro, Smart Home a osvetlenie > Osvetlenie – svietidlá > Vianočné osvetlenie a dekorácie;1V285;Solight sada LED sviečok s časovačom, 3ks, 10/13/15cm, sivá, 2x AA;solight
Elektro, Smart Home a osvetlenie > Osvetlenie – svietidlá > Vianočné osvetlenie a dekorácie;1V286;Solight sada LED sviečok, 3ks, 10/13/16cm, strieborná, 3x AAA;solight
Elektro, Smart Home a osvetlenie > Osvetlenie – svietidlá > Vianočné osvetlenie a dekorácie;1V287;Solight sada dvoch vianočných LED svetielok, 15/20cm, 30x LED, AA baterie;solight
Elektro, Smart Home a osvetlenie > Osvetlenie – svietidlá > Vianočné osvetlenie a dekorácie;1V288;Solight LED vianočný lampáš biely, 20cm, časovač, 2x AA;solight
Elektro, Smart Home a osvetlenie > Osvetlenie – svietidlá > Vianočné osvetlenie a dekorácie;1V289;Solight LED vonkajšia dekorácia zvončeky, 100x LED, časovač, 55cm, 3x AA;solight
Elektro, Smart Home a osvetlenie > Osvetlenie – svietidlá > Vianočné osvetlenie a dekorácie;1V290;Solight LED vonkajšia dekorácia stromček, 85x LED, časovač, 68cm, 3x AA;solight
Elektro, Smart Home a osvetlenie > Osvetlenie – svietidlá > Vianočné osvetlenie a dekorácie;1V292;Solight LED vianočná retiazka červená-biela, 20x LED, 1,5m, 2xAA;solight
Elektro, Smart Home a osvetlenie > Osvetlenie – svietidlá > Vianočné osvetlenie a dekorácie;1V293;Solight LED drevená vianočná hviezda, závesná, časovač, 65cm, 20x LED, 2x AA;solight
Elektro, Smart Home a osvetlenie > Osvetlenie – svietidlá > Vianočné osvetlenie a dekorácie;1V294;Solight LED vianočná hviezda strieborná, závesná, časovač, 60cm, 20x LED, 2x AA;solight
Elektro, Smart Home a osvetlenie > Osvetlenie – svietidlá > Vianočné osvetlenie a dekorácie;1V295;Solight LED vianočná hviezda zlatá, závesná, časovač, 60cm, 20x LED, 2x AA;solight
Elektro, Smart Home a osvetlenie > Osvetlenie – svietidlá > Vianočné osvetlenie a dekorácie;1V296;Solight LED drevený vianočný zvonček, 9x LED, biela, 30cm, časovač, 2x AA;solight
Elektro, Smart Home a osvetlenie > Osvetlenie – svietidlá > Vianočné osvetlenie a dekorácie;1V297;Solight LED drevený vianočný veniec, 10x LED, biela, 30cm, časovač, 2x AA;solight
Elektro, Smart Home a osvetlenie > Osvetlenie – svietidlá > Vianočné osvetlenie a dekorácie;1V298;Solight LED vianočná girlanda s ihličím, 5m, 80x LED, časovač, 3xAA, IP44;solight
Elektro, Smart Home a osvetlenie > Osvetlenie – svietidlá > Vianočné osvetlenie a dekorácie;1V299;Solight LED vianočná girlanda s ihličím, 7m, 112x LED, časovač, 230V, IP44;solight
Elektro, Smart Home a osvetlenie > Osvetlenie – svietidlá > Vianočné osvetlenie a dekorácie;1V40-WW;Solight LED vianočné záves, cencúle, 120 LED, 3m x 0,7m, prívod 6m, vonkajšie, teplé biele svetlo, pamäť,časovač;solight
Elektro, Smart Home a osvetlenie > Osvetlenie – svietidlá > Vianočné osvetlenie a dekorácie;1V47;Solight LED vonkajšie cencúle, 50LED, časovač, 8 funkcií, IP44, 3xAA batérie;solight
Elektro, Smart Home a osvetlenie > Osvetlenie – svietidlá > Vianočné osvetlenie a dekorácie;1V50-B;Solight LED vianočná reťaz, 3m, 20xLED, 3x AA, modré svetlo, zelený kábel;solight
Elektro, Smart Home a osvetlenie > Osvetlenie – svietidlá > Vianočné osvetlenie a dekorácie;1V50-W;Solight LED vianočná reťaz, 3m, 20xLED, 3x AA, biele svetlo, zelený kábel;solight
Elektro, Smart Home a osvetlenie > Osvetlenie – svietidlá > Vianočné osvetlenie a dekorácie;1V50-WW;Solight LED vianočná reťaz, 3m, 20xLED, 3x AA, teplé biele svetlo, zelený kábel;solight
Elektro, Smart Home a osvetlenie > Osvetlenie – svietidlá > Vianočné osvetlenie a dekorácie;1V52-B;Solight LED vianočná reťaz, hviezdy, 1,5m, 10x LED, 2x AA, modré svetlo;solight
Elektro, Smart Home a osvetlenie > Osvetlenie – svietidlá > Vianočné osvetlenie a dekorácie;1V52-W;Solight LED vianočná reťaz, hviezdy, 1,5m, 10x LED, 2x AA, biele svetlo;solight
Elektro, Smart Home a osvetlenie > Osvetlenie – svietidlá > Vianočné osvetlenie a dekorácie;1V52-WW;Solight LED vianočná reťaz, hviezdy, 1,5m, 10x LED, 2x AA, žluté svetlo;solight
Elektro, Smart Home a osvetlenie > Osvetlenie – svietidlá > Vianočné osvetlenie a dekorácie;1V53-W;Solight LED vonkajšia vianočná reťaz, 50LED, 5m, 8 funkcií, IP44, 3x AA, studená biela;solight
Elektro, Smart Home a osvetlenie > Osvetlenie – svietidlá > Vianočné osvetlenie a dekorácie;1V53-WW;Solight LED vonkajšia vianočná reťaz, 50LED, 5m, 8 funkcií, IP44, 3x AA, teplá biela;solight
Elektro, Smart Home a osvetlenie > Osvetlenie – svietidlá > Vianočné osvetlenie a dekorácie;1V54-W;Solight vianočná reťaz strieborná, 100x mini LED, 10m, 3 x AA, studené svetlo;solight
Elektro, Smart Home a osvetlenie > Osvetlenie – svietidlá > Vianočné osvetlenie a dekorácie;1V54-WW;Solight vianočná reťaz medená, 100x mini LED, 10m, 3 x AA, teplé svetlo;solight
Elektro, Smart Home a osvetlenie > Osvetlenie – svietidlá > Vianočné osvetlenie a dekorácie;1V55-W;Solight vianočná reťaz strieborná, 30x mini LED, 3m, 3 x AA, studené svetlo;solight
Elektro, Smart Home a osvetlenie > Osvetlenie – svietidlá > Vianočné osvetlenie a dekorácie;1V55-WW;Solight vianočná reťaz medená, 30x mini LED, 3m, 3 x AA, teplé svetlo;solight
Elektro, Smart Home a osvetlenie > Osvetlenie – svietidlá > Vianočné osvetlenie a dekorácie;1V56-W;Solight vianočná reťaz strieborná, 50x mini LED, 5m, 3 x AA, studené svetlo;solight
Elektro, Smart Home a osvetlenie > Osvetlenie – svietidlá > Vianočné osvetlenie a dekorácie;1V56-WW;Solight vianočná reťaz medená, 50x mini LED, 5m, 3 x AA, teplé svetlo;solight
Elektro, Smart Home a osvetlenie > Osvetlenie – svietidlá > Vianočné osvetlenie a dekorácie;1V57-W;Solight LED vonkajšia vianočná reťaz, 100LED, 10m, 3m prívod, 8 funkcií, IP44, 3x AA, studená biela;solight
Elektro, Smart Home a osvetlenie > Osvetlenie – svietidlá > Vianočné osvetlenie a dekorácie;1V57-WW;Solight LED vonkajšia vianočná reťaz, 100LED, 10m, 3m prívod, 8 funkcií, IP44, 3x AA, teplá biela;solight
Elektro, Smart Home a osvetlenie > Osvetlenie – svietidlá > Vianočné osvetlenie a dekorácie;1v262-G;Solight LED vianočná hviezda stolová, 10x LED, 3x AA, zlatá;solight
Elektro, Smart Home a osvetlenie > Osvetlenie – svietidlá > Vianočné osvetlenie a dekorácie;1v262-S;Solight LED vianočná hviezda stolová, 10x LED, 3x AA, strieborná;solight
Elektro, Smart Home a osvetlenie > Osvetlenie – svietidlá > Vianočné osvetlenie a dekorácie;1v300;Solight LED vianočná girlanda s ihličím, 3m, 48x LED, časovač, 3xAA, IP44;solight
Elektro, Smart Home a osvetlenie > Osvetlenie – svietidlá > Vianočné osvetlenie a dekorácie;1v301;Solight smart vianočný stromček, 150 LED, 1,5m, IP44, RGB, diaľkový ovládač + BT aplikácia;solight
Elektro, Smart Home a osvetlenie > Osvetlenie – svietidlá > Vianočné osvetlenie a dekorácie;1v302;Solight LED vianočná hviezda 3D, 150 LED, 60cm, IP44, teplá biela, časovač;solight
Elektro, Smart Home a osvetlenie > Osvetlenie – svietidlá > Vianočné osvetlenie a dekorácie;1v303;Solight LED vianočný veniec 3D, 150 LED, 50cm, IP44, teplá biela, časovač;solight
Elektro, Smart Home a osvetlenie > Osvetlenie – svietidlá > Vianočné osvetlenie a dekorácie;1v304;Solight sada 3 LED vianočných darčekov, 48x LED, IP44, 230V, biele prevedenie;solight
Elektro, Smart Home a osvetlenie > Osvetlenie – svietidlá > Vianočné osvetlenie a dekorácie;1v305;Solight LED drevený vianočný stromček s dekoráciami, 17x LED, biela, 45cm, 2x AA;solight
Elektro, Smart Home a osvetlenie > Osvetlenie – svietidlá > Vianočné osvetlenie a dekorácie;1v306;Solight LED 3D drevená vianočná dekorácia v ráme, 12x LED, 25cm, 2x AA;solight
Elektro, Smart Home a osvetlenie > Osvetlenie – svietidlá > Vianočné osvetlenie a dekorácie;1v307;Solight drevený LED svietnik, 10x LED, 25cm, 2x AA;solight
Elektro, Smart Home a osvetlenie > Osvetlenie – svietidlá > Vianočné osvetlenie a dekorácie;1v308;Solight LED reťaz s hviezdou na vianočný strom, výška 2,1m, 212 LED, IP44;solight
Elektro, Smart Home a osvetlenie > Osvetlenie – svietidlá > Vianočné osvetlenie a dekorácie;1v309;Solight andel s LED osvetlením a časovačom, 37cm, 3xAA;solight
Elektro, Smart Home a osvetlenie > Osvetlenie – svietidlá > Vianočné osvetlenie a dekorácie;1v310;Solight LED vianočná hviezda strieborná, závesná, časovač, 40cm, 15x LED, 2x AA;solight
Elektro, Smart Home a osvetlenie > Osvetlenie – svietidlá > Vianočné osvetlenie a dekorácie;1v311;Solight sada 2x LED sklenené sviečky, časovač, 7,5x10cm, 2x AA;solight
Elektro, Smart Home a osvetlenie > Osvetlenie – svietidlá > Vianočné osvetlenie a dekorácie;1v312;Solight sada LED sviečok na vianočný stromček, 10x sviečka, diaľkové ovládanie, časovač, 1xAAA;solight
Elektro, Smart Home a osvetlenie > Osvetlenie – svietidlá > Vianočné osvetlenie a dekorácie;1v313;Solight sada 4ks vianočných sviečok, 4,5x6cm, prírodný vosk, 1xCR2032;solight
Elektro, Smart Home a osvetlenie > Osvetlenie – svietidlá > Vianočné osvetlenie a dekorácie;1v402-CW;Solight LED vianočná girlanda, cencúle, 200 LED, 10m, IP44, studené biele svetlo;solight
Elektro, Smart Home a osvetlenie > Osvetlenie – svietidlá > Vianočné osvetlenie a dekorácie;1v402-WW;Solight LED vianočná girlanda, cencúle, 200 LED, 10m, IP44, teplé biele svetlo;solight
Elektro, Smart Home a osvetlenie > Osvetlenie – svietidlá > Vianočné osvetlenie a dekorácie;1v403-CW;Solight LED vianočná girlanda, cencúle, 300 LED, 15m, IP44, studené biele svetlo;solight
Elektro, Smart Home a osvetlenie > Osvetlenie – svietidlá > Vianočné osvetlenie a dekorácie;1v403-WW;Solight LED vianočná girlanda, cencúle, 300 LED, 15m, IP44, teplé biele svetlo;solight
Elektro, Smart Home a osvetlenie > Osvetlenie – svietidlá > Vianočné osvetlenie a dekorácie;1v404-CW;Solight LED vianočná girlanda, cencúle, 400 LED, 20m, IP44, studené biele svetlo;solight
Elektro, Smart Home a osvetlenie > Osvetlenie – svietidlá > Vianočné osvetlenie a dekorácie;1v404-WW;Solight LED vianočná girlanda, cencúle, 400 LED, 20m, IP44, teplé biele svetlo;solight
Elektro, Smart Home a osvetlenie > Osvetlenie – svietidlá > Vianočné osvetlenie a dekorácie;7821509;Hracia skrinka Small Foot drevená so svetlom zimná dedina;penta
Elektro, Smart Home a osvetlenie > Osvetlenie – svietidlá > Vianočné osvetlenie a dekorácie;7821587;Vianočná LED reťaz Retlux RXL 210, 200 LED, 20+5m CW TM;penta
Elektro, Smart Home a osvetlenie > Osvetlenie – svietidlá > Vianočné osvetlenie a dekorácie;7821686;Vianočná LED reťaz Retlux RXL 224 guličky 200 LED, 20+5 m MC TM;penta
Elektro, Smart Home a osvetlenie > Osvetlenie – svietidlá > Vianočné osvetlenie a dekorácie;7821688;Vianočná LED reťaz Retlux RXL 488 kaskáda svetiel, 200 LED WW;penta
Elektro, Smart Home a osvetlenie > Osvetlenie – svietidlá > Vianočné osvetlenie a dekorácie;7821698;Vianočná LED reťaz Retlux RXL 495 vločky 40 LED CW;penta
Elektro, Smart Home a osvetlenie > Osvetlenie – svietidlá > Vianočné osvetlenie a dekorácie;ATO-00018429;LED vánoční lucerna červená Ruhhy 26752;atos
Elektro, Smart Home a osvetlenie > Osvetlenie – svietidlá > Vianočné osvetlenie a dekorácie;ATO-00018430;LED vánoční lucerna bílá Ruhhy 26753;atos
Elektro, Smart Home a osvetlenie > Osvetlenie – svietidlá > Vianočné osvetlenie a dekorácie;ATO-00018431;LED vánoční lucerna měděná Ruhhy 26754;atos
Elektro, Smart Home a osvetlenie > Osvetlenie – svietidlá > Vianočné osvetlenie a dekorácie;ATO-00018432;LED vánoční lucerna stříbrná Ruhhy 26755;atos
Elektro, Smart Home a osvetlenie > Osvetlenie – svietidlá > Vianočné osvetlenie a dekorácie;EMO1550000003;LED svícen stříbrný, 28,5 cm, 3x AA, vnitřní, teplá bílá, časovač;atos
Elektro, Smart Home a osvetlenie > Osvetlenie – svietidlá > Vianočné osvetlenie a dekorácie;EMO1550000060;LED světelný řetěz – svítící trsy, nano, 8 m, vnitřní, teplá bílá, časovač;atos
Elektro, Smart Home a osvetlenie > Osvetlenie – svietidlá > Vianočné osvetlenie a dekorácie;EMO1550000066;LED svícen dřevěný bílý, 29 cm, 2x AA, vnitřní, teplá bílá, časovač;atos
Elektro, Smart Home a osvetlenie > Osvetlenie – svietidlá > Vianočné osvetlenie a dekorácie;EMO1550000075;LED dárky EMOS DCFC14, 3 velikosti, vnitřní, teplá bílá;atos
Elektro, Smart Home a osvetlenie > Osvetlenie – svietidlá > Vianočné osvetlenie a dekorácie;EMO1550000107;LED dekorace – svítící stromeček s ozdobami, 40 cm, 2x AA, vnitřní, teplá bílá, časovač;atos
Elektro, Smart Home a osvetlenie > Osvetlenie – svietidlá > Vianočné osvetlenie a dekorácie;EMO1550000114;LED zdobený vánoční věnec, 38 cm, 3x AA, vnitřní, teplá bílá, časovač;atos
Elektro, Smart Home a osvetlenie > Osvetlenie – svietidlá > Vianočné osvetlenie a dekorácie;EMO1550000115;LED vánoční řetěz stříbrný – hvězdičky, 1,9 m, 2x AA, vnitřní, teplá bílá, časovač;atos
Elektro, Smart Home a osvetlenie > Osvetlenie – svietidlá > Vianočné osvetlenie a dekorácie;EMO1550000116;LED vánoční řetěz zlatý – hvězdičky, 1,9 m, 2x AA, vnitřní, teplá bílá, časovač;atos
Elektro, Smart Home a osvetlenie > Osvetlenie – svietidlá > Vianočné osvetlenie a dekorácie;EMO1550000117;LED vánoční girlanda, stříbrné koule s hvězdami 1,9 m, 2x AA, vnitřní, teplá bílá, časovač;atos
Elektro, Smart Home a osvetlenie > Osvetlenie – svietidlá > Vianočné osvetlenie a dekorácie;EMO1550000118;LED vánoční girlanda – zlaté koule s hvězdami, 1,9 m, 2x AA, vnitřní, teplá bílá, časovač;atos
Elektro, Smart Home a osvetlenie > Osvetlenie – svietidlá > Vianočné osvetlenie a dekorácie;EMO1550000126;LED vánoční závěs – hvězdy, 185x105 cm, vnitřní, teplá bílá;atos
Elektro, Smart Home a osvetlenie > Osvetlenie – svietidlá > Vianočné osvetlenie a dekorácie;EMO1550000137;LED vánoční betlém dřevěný, 15 cm, 2x AA, vnitřní, teplá bílá, časovač;atos
Elektro, Smart Home a osvetlenie > Osvetlenie – svietidlá > Vianočné osvetlenie a dekorácie;EMO1550000140;LED vánoční skleněná koule – vločky, 12 cm, 3x AA, vnitřní, teplá bílá, časovač;atos
Elektro, Smart Home a osvetlenie > Osvetlenie – svietidlá > Vianočné osvetlenie a dekorácie;EMO1550000148;LED vánoční skřítek, 35 cm, 3x AA, vnitřní, teplá bílá;atos
Elektro, Smart Home a osvetlenie > Osvetlenie – svietidlá > Vianočné osvetlenie a dekorácie;EMO1550000150;LED vánoční skřítek sedící, 27 cm, 3x AA, vnitřní, teplá bílá;atos
Elektro, Smart Home a osvetlenie > Osvetlenie – svietidlá > Vianočné osvetlenie a dekorácie;EMO1550000152;LED vánoční sněhulák ratanový, 82 cm, vnitřní, studená bílá, časovač;atos
Elektro, Smart Home a osvetlenie > Osvetlenie – svietidlá > Vianočné osvetlenie a dekorácie;EMO1550000157;LED vánoční skleněný stromek, 27 cm, 2x AA, vnitřní, teplá bílá, časovač;atos
Elektro, Smart Home a osvetlenie > Osvetlenie – svietidlá > Vianočné osvetlenie a dekorácie;EMO1550000158;LED keramický stromeček se sněhuláky, 33,5 cm, 2x AA, vnitřní, teplá bílá;atos
Elektro, Smart Home a osvetlenie > Osvetlenie – svietidlá > Vianočné osvetlenie a dekorácie;EMO1550000160;LED keramický anděl, 29 cm, 2x AA, vnitřní, teplá bílá;atos
Elektro, Smart Home a osvetlenie > Osvetlenie – svietidlá > Vianočné osvetlenie a dekorácie;EMO1550000162;LED dřevěný louskáček, 29 cm, 1× CR2032, vnitřní, teplá bílá;atos
Elektro, Smart Home a osvetlenie > Osvetlenie – svietidlá > Vianočné osvetlenie a dekorácie;EMO1550000163;LED dřevěná vánoční krajina, 23,5 cm, 2x AA, vnitřní, teplá bílá, časovač;atos
Elektro, Smart Home a osvetlenie > Osvetlenie – svietidlá > Vianočné osvetlenie a dekorácie;EMO1550000169;LED dekorace dřevěná - vesnička, 60 cm, 2x AA, teplá bílá, časovač;atos
Elektro, Smart Home a osvetlenie > Osvetlenie – svietidlá > Vianočné osvetlenie a dekorácie;EMO1550000170;LED svícen kovový černý, 40 cm, 2x AA, vnitřní, teplá bílá;atos
Elektro, Smart Home a osvetlenie > Osvetlenie – svietidlá > Vianočné osvetlenie a dekorácie;EMO1550000171;LED girlanda – perly, 1,2 m, 3x AA, vnitřní, teplá bílá, časovač;atos
Elektro, Smart Home a osvetlenie > Osvetlenie – svietidlá > Vianočné osvetlenie a dekorácie;EMO1550000173;LED dekorace dřevěná – sob, 16 cm, 2x AAA, vnitřní, teplá bílá, časovač;atos
Elektro, Smart Home a osvetlenie > Osvetlenie – svietidlá > Vianočné osvetlenie a dekorácie;EMO1550000174;LED dekorace dřevěná – anděl, 13 cm, 2x AAA, vnitřní, teplá bílá, časovač;atos
Elektro, Smart Home a osvetlenie > Osvetlenie – svietidlá > Vianočné osvetlenie a dekorácie;EMO1550000175;Vánoční papírový strom se stojánkem, 30 cm, vnitřní;atos
Elektro, Smart Home a osvetlenie > Osvetlenie – svietidlá > Vianočné osvetlenie a dekorácie;EMO1550000176;Vánoční papírový strom se stojánkem, 15 cm, vnitřní;atos
Elektro, Smart Home a osvetlenie > Osvetlenie – svietidlá > Vianočné osvetlenie a dekorácie;EMO1550000177;LED vánoční skleněná koule – zlatá, 15 cm, 3x AA, vnitřní, teplá bílá, časovač;atos
Elektro, Smart Home a osvetlenie > Osvetlenie – svietidlá > Vianočné osvetlenie a dekorácie;EMO1550000178;Vánoční papírový andělé se stojánkem, 2 ks, 28/38 cm, vnitřní;atos
Elektro, Smart Home a osvetlenie > Osvetlenie – svietidlá > Vianočné osvetlenie a dekorácie;EMO1550000180;LED dekorace – 2x březová větvička, 60 cm, 3x AA, venkovní i vnitřní, teplá bílá, časovač;atos
Elektro, Smart Home a osvetlenie > Osvetlenie – svietidlá > Vianočné osvetlenie a dekorácie;EMO1550000181;LED dekorace – 3x vosková svíčka ve skle, 6x AA, teplá bílá, časovač;atos
Elektro, Smart Home a osvetlenie > Osvetlenie – svietidlá > Vianočné osvetlenie a dekorácie;EMO1550000182;LED keramický domeček, 16 cm, 1x CR2032, vnitřní, teplá bílá, časovač;atos
Elektro, Smart Home a osvetlenie > Osvetlenie – svietidlá > Vianočné osvetlenie a dekorácie;EMO1550000183;LED keramický domeček, 18 cm, 1x CR2032, vnitřní, teplá bílá, časovač;atos
Elektro, Smart Home a osvetlenie > Osvetlenie – svietidlá > Vianočné osvetlenie a dekorácie;EMO1550000184;LED vánoční girlanda - jmelí, 1,5 m, 3x AA, vnitřní, teplá bílá, časovač;atos
Elektro, Smart Home a osvetlenie > Osvetlenie – svietidlá > Vianočné osvetlenie a dekorácie;EMO1550000185;LED dekorace - věnec jmelí, 3x AA, teplá bílá, časovač;atos
Elektro, Smart Home a osvetlenie > Osvetlenie – svietidlá > Vianočné osvetlenie a dekorácie;EMO1550000186;LED dekorace – větvička jmelí, 2x AA, teplá bílá, časovač;atos
Elektro, Smart Home a osvetlenie > Osvetlenie – svietidlá > Vianočné osvetlenie a dekorácie;EMO1550000188;LED girlanda – kamínky, 1,2 m, 3x AA, vnitřní, teplá bílá, časovač;atos
Elektro, Smart Home a osvetlenie > Osvetlenie – svietidlá > Vianočné osvetlenie a dekorácie;EMO1550000189;LED svítící stromek, 180 cm, venkovní i vnitřní, teplá bílá;atos
Elektro, Smart Home a osvetlenie > Osvetlenie – svietidlá > Vianočné osvetlenie a dekorácie;EMO1550000191;LED svítící stromek, 50 cm, venkovní i vnitřní, teplá bílá, časovač;atos
Elektro, Smart Home a osvetlenie > Osvetlenie – svietidlá > Vianočné osvetlenie a dekorácie;EMO1550000192;LED vánoční věnec – 480 LED, venkovní i vnitřní, teplá bílá;atos
Elektro, Smart Home a osvetlenie > Osvetlenie – svietidlá > Vianočné osvetlenie a dekorácie;EMO1550001029;LED hřbitovní svíčka EMOS DCCV22 zapichovací, červená, 25 cm, 2x AA, venkovní i vnitřní, vintage;atos
Elektro, Smart Home a osvetlenie > Osvetlenie – svietidlá > Vianočné osvetlenie a dekorácie;EMO1550002019;LED světelný řetěz - svítící trsy, nano, 5,2 m, vnitřní, studená bílá, časovač;atos
Elektro, Smart Home a osvetlenie > Osvetlenie – svietidlá > Vianočné osvetlenie a dekorácie;EMO1550002020;LED světelný řetěz – svítící trsy, nano, 8 m, vnitřní, studená bílá, časovač;atos
Elektro, Smart Home a osvetlenie > Osvetlenie – svietidlá > Vianočné osvetlenie a dekorácie;EMO1550002042;LED skládací sněhulák, 90 cm, venkovní i vnitřní, studená bílá;atos
Elektro, Smart Home a osvetlenie > Osvetlenie – svietidlá > Vianočné osvetlenie a dekorácie;EMO1550002043;LED světelný řetěz – 10x párty žárovky, 4,5 m, venkovní i vnitřní, studená bílá;atos
Elektro, Smart Home a osvetlenie > Osvetlenie – svietidlá > Vianočné osvetlenie a dekorácie;EMO1550002047;LED skládací sněhulák, 60 cm, vnitřní, studená bílá;atos
Elektro, Smart Home a osvetlenie > Osvetlenie – svietidlá > Vianočné osvetlenie a dekorácie;EMO1550004007;LED zapichovací větvičky se solárním panelem, venkovní i vnitřní, teplá bílá;atos
Elektro, Smart Home a osvetlenie > Osvetlenie – svietidlá > Vianočné osvetlenie a dekorácie;EMO1550010009;Základní sada pro spoj. řetězy Standard – rampouchy, 2,5m, venkovní, studená bílá, časovač;atos
Elektro, Smart Home a osvetlenie > Osvetlenie – svietidlá > Vianočné osvetlenie a dekorácie;EMO1550030001;LED vánoční nano řetěz měděný, 4 m, venkovní i vnitřní, teplá bílá, časovač;atos
Elektro, Smart Home a osvetlenie > Osvetlenie – svietidlá > Vianočné osvetlenie a dekorácie;EMO1550030002;LED vánoční nano řetěz zelený, 4 m, venkovní i vnitřní, teplá bílá, časovač;atos
Elektro, Smart Home a osvetlenie > Osvetlenie – svietidlá > Vianočné osvetlenie a dekorácie;EMO1550030003;LED vánoční nano řetěz zelený, 7,5 m, venkovní i vnitřní, teplá bílá, časovač;atos
Elektro, Smart Home a osvetlenie > Osvetlenie – svietidlá > Vianočné osvetlenie a dekorácie;EMO1550030004;LED vánoční nano řetěz zelený, 15 m, venkovní i vnitřní, teplá bílá, časovač;atos
Elektro, Smart Home a osvetlenie > Osvetlenie – svietidlá > Vianočné osvetlenie a dekorácie;EMO1550030005;LED vánoční nano řetěz měděný, 0,9 m, 2x AA, vnitřní, teplá bílá, časovač;atos
Elektro, Smart Home a osvetlenie > Osvetlenie – svietidlá > Vianočné osvetlenie a dekorácie;EMO1550030006;LED vánoční nano řetěz, 1,9 m, 2x AA, vnitřní, teplá bílá, časovač;atos
Elektro, Smart Home a osvetlenie > Osvetlenie – svietidlá > Vianočné osvetlenie a dekorácie;EMO1550030008;LED vánoční nano řetěz – ježek, 2,4 m, 3x AA, vnitřní, teplá bílá, časovač;atos
Elektro, Smart Home a osvetlenie > Osvetlenie – svietidlá > Vianočné osvetlenie a dekorácie;EMO1550030014;LED vánoční nano řetěz – záclona EMOS D3EW01, 1,7x2 m, venkovní i vnitřní, teplá bílá, programy;atos
Elektro, Smart Home a osvetlenie > Osvetlenie – svietidlá > Vianočné osvetlenie a dekorácie;EMO1550030015;LED vánoční nano řetěz – záclona, 1,7x1,5 m, venkovní i vnitřní, teplá bílá, programy;atos
Elektro, Smart Home a osvetlenie > Osvetlenie – svietidlá > Vianočné osvetlenie a dekorácie;EMO1550030016;LED vánoční nano řetěz – záclona, 2,9x1,5 m, venkovní i vnitřní, teplá bílá, programy;atos
Elektro, Smart Home a osvetlenie > Osvetlenie – svietidlá > Vianočné osvetlenie a dekorácie;EMO1550030017;LED vánoční nano řetěz – záclona, 2,9x2 m, venkovní i vnitřní, teplá bílá, programy;atos
Elektro, Smart Home a osvetlenie > Osvetlenie – svietidlá > Vianočné osvetlenie a dekorácie;EMO1550030024;LED vánoční drop řetěz, 12 m, venkovní i vnitřní, teplá bílá, časovač;atos
Elektro, Smart Home a osvetlenie > Osvetlenie – svietidlá > Vianočné osvetlenie a dekorácie;EMO1550030025;LED vánoční nano řetěz, 16 m, venkovní i vnitřní, teplá bílá, časovač;atos
Elektro, Smart Home a osvetlenie > Osvetlenie – svietidlá > Vianočné osvetlenie a dekorácie;EMO1550030026;LED vánoční drop řetěz – rampouchy, 1,7 m, venkovní i vnitřní, teplá bílá, programy;atos
Elektro, Smart Home a osvetlenie > Osvetlenie – svietidlá > Vianočné osvetlenie a dekorácie;EMO1550030027;LED vánoční nano řetěz – rampouchy, 2,9 m, venkovní i vnitřní, teplá bílá, programy;atos
Elektro, Smart Home a osvetlenie > Osvetlenie – svietidlá > Vianočné osvetlenie a dekorácie;EMO1550030032;LED nano řetěz EMOS D3ZW01 se solárním panelem, měděný, 12 m, venkovní i vnitřní, teplá bílá, časovač;atos
Elektro, Smart Home a osvetlenie > Osvetlenie – svietidlá > Vianočné osvetlenie a dekorácie;EMO1550032000;LED vánoční nano řetěz stříbrný, 10 m, venkovní i vnitřní, studená bílá, časovač;atos
Elektro, Smart Home a osvetlenie > Osvetlenie – svietidlá > Vianočné osvetlenie a dekorácie;EMO1550032001;LED vánoční nano řetěz stříbrný, 4 m, venkovní i vnitřní, studená bílá, časovač;atos
Elektro, Smart Home a osvetlenie > Osvetlenie – svietidlá > Vianočné osvetlenie a dekorácie;EMO1550032002;LED vánoční nano řetěz zelený, 4 m, venkovní i vnitřní, studená bílá, časovač;atos
Elektro, Smart Home a osvetlenie > Osvetlenie – svietidlá > Vianočné osvetlenie a dekorácie;EMO1550032003;LED vánoční nano řetěz zelený, 7,5 m, venkovní i vnitřní, studená bílá, časovač;atos
Elektro, Smart Home a osvetlenie > Osvetlenie – svietidlá > Vianočné osvetlenie a dekorácie;EMO1550032004;LED vánoční nano řetěz zelený, 15 m, venkovní i vnitřní, studená bílá, časovač;atos
Elektro, Smart Home a osvetlenie > Osvetlenie – svietidlá > Vianočné osvetlenie a dekorácie;EMO1550032005;LED vánoční nano řetěz stříbrný, 0,9 m, 2x AA, vnitřní, studená bílá, časovač;atos
Elektro, Smart Home a osvetlenie > Osvetlenie – svietidlá > Vianočné osvetlenie a dekorácie;EMO1550032006;LED vánoční nano řetěz, 1,9 m, 2x AA, vnitřní, studená bílá, časovač;atos
Elektro, Smart Home a osvetlenie > Osvetlenie – svietidlá > Vianočné osvetlenie a dekorácie;EMO1550032007;LED vánoční nano řetěz – ježek, 2,4 m, 3x AA, vnitřní, studená bílá, časovač;atos
Elektro, Smart Home a osvetlenie > Osvetlenie – svietidlá > Vianočné osvetlenie a dekorácie;EMO1550032009;LED nano řetěz EMOS D3ZC01 se solárním panelem, 12 m, venkovní i vnitřní, studená bílá, časovač;atos
Elektro, Smart Home a osvetlenie > Osvetlenie – svietidlá > Vianočné osvetlenie a dekorácie;EMO1550034000;LED vánoční nano řetěz zelený, 4 m, venkovní i vnitřní, multicolor, časovač;atos
Elektro, Smart Home a osvetlenie > Osvetlenie – svietidlá > Vianočné osvetlenie a dekorácie;EMO1550034001;LED vánoční nano řetěz zelený, 7,5 m, venkovní i vnitřní, multicolor, časovač;atos
Elektro, Smart Home a osvetlenie > Osvetlenie – svietidlá > Vianočné osvetlenie a dekorácie;EMO1550034002;LED vánoční nano řetěz zelený, 15 m, venkovní i vnitřní, multicolor, časovač;atos
Elektro, Smart Home a osvetlenie > Osvetlenie – svietidlá > Vianočné osvetlenie a dekorácie;EMO1550034003;LED vánoční nano řetěz, 1,9 m, 2x AA, vnitřní, multicolor, časovač;atos
Elektro, Smart Home a osvetlenie > Osvetlenie – svietidlá > Vianočné osvetlenie a dekorácie;EMO1550040002;LED vánoční řetěz, 8 m, venkovní i vnitřní, teplá bílá, časovač;atos
Elektro, Smart Home a osvetlenie > Osvetlenie – svietidlá > Vianočné osvetlenie a dekorácie;EMO1550040006;LED vánoční řetěz, 2,8 m, 3x AA, venkovní i vnitřní, teplá bílá, časovač;atos
Elektro, Smart Home a osvetlenie > Osvetlenie – svietidlá > Vianočné osvetlenie a dekorácie;EMO1550040012;LED vánoční rampouchy, 5 m, venkovní i vnitřní, teplá bílá, ovladač, programy, časovač;atos
Elektro, Smart Home a osvetlenie > Osvetlenie – svietidlá > Vianočné osvetlenie a dekorácie;EMO1550040013;LED vánoční rampouchy, 3,6 m, venkovní i vnitřní, teplá bílá, programy;atos
Elektro, Smart Home a osvetlenie > Osvetlenie – svietidlá > Vianočné osvetlenie a dekorácie;EMO1550040017;LED vánoční řetěz – ježek, 8 m, venkovní i vnitřní, teplá bílá, časovač;atos
Elektro, Smart Home a osvetlenie > Osvetlenie – svietidlá > Vianočné osvetlenie a dekorácie;EMO1550040019;LED vánoční řetěz – ježek, 12 m, venkovní i vnitřní, teplá bílá, časovač;atos
Elektro, Smart Home a osvetlenie > Osvetlenie – svietidlá > Vianočné osvetlenie a dekorácie;EMO1550040024;LED vánoční řetěz – ježek, 6 m, venkovní i vnitřní, teplá bílá, časovač;atos
Elektro, Smart Home a osvetlenie > Osvetlenie – svietidlá > Vianočné osvetlenie a dekorácie;EMO1550040040;LED vánoční řetěz – ježek, 7,2 m, venkovní i vnitřní, teplá bílá, programy;atos
Elektro, Smart Home a osvetlenie > Osvetlenie – svietidlá > Vianočné osvetlenie a dekorácie;EMO1550040041;LED vánoční řetěz, 4 m, venkovní i vnitřní, teplá bílá, programy, časovač;atos
Elektro, Smart Home a osvetlenie > Osvetlenie – svietidlá > Vianočné osvetlenie a dekorácie;EMO1550040042;LED vánoční řetěz, 8 m, venkovní i vnitřní, teplá bílá, programy, časovač;atos
Elektro, Smart Home a osvetlenie > Osvetlenie – svietidlá > Vianočné osvetlenie a dekorácie;EMO1550040043;LED vánoční řetěz, 12 m, venkovní i vnitřní, teplá bílá, programy, časovač;atos
Elektro, Smart Home a osvetlenie > Osvetlenie – svietidlá > Vianočné osvetlenie a dekorácie;EMO1550040044;LED vánoční řetěz, 18 m, venkovní i vnitřní, teplá bílá, programy, časovač;atos
Elektro, Smart Home a osvetlenie > Osvetlenie – svietidlá > Vianočné osvetlenie a dekorácie;EMO1550040045;LED vánoční řetěz, 24 m, venkovní i vnitřní, teplá bílá, programy, časovač;atos
Elektro, Smart Home a osvetlenie > Osvetlenie – svietidlá > Vianočné osvetlenie a dekorácie;EMO1550040046;LED vánoční řetěz EMOS D4AW26, 50 m, venkovní i vnitřní, teplá bílá, programy, časovač;atos
Elektro, Smart Home a osvetlenie > Osvetlenie – svietidlá > Vianočné osvetlenie a dekorácie;EMO1550042001;LED vánoční řetěz, 8 m, venkovní i vnitřní, studená bílá, časovač;atos
Elektro, Smart Home a osvetlenie > Osvetlenie – svietidlá > Vianočné osvetlenie a dekorácie;EMO1550042002;LED vánoční řetěz, 12 m, venkovní i vnitřní, studená bílá, časovač;atos
Elektro, Smart Home a osvetlenie > Osvetlenie – svietidlá > Vianočné osvetlenie a dekorácie;EMO1550042003;LED vánoční řetěz, 18 m, venkovní i vnitřní, studená bílá, časovač;atos
Elektro, Smart Home a osvetlenie > Osvetlenie – svietidlá > Vianočné osvetlenie a dekorácie;EMO1550042010;LED vánoční rampouchy, 10 m, venkovní i vnitřní, studená bílá, programy;atos
Elektro, Smart Home a osvetlenie > Osvetlenie – svietidlá > Vianočné osvetlenie a dekorácie;EMO1550042011;LED vánoční rampouchy, 5 m, venkovní i vnitřní, studená bílá, ovladač, programy, časovač;atos
Elektro, Smart Home a osvetlenie > Osvetlenie – svietidlá > Vianočné osvetlenie a dekorácie;EMO1550042012;LED vánoční rampouchy, 3,6 m, venkovní i vnitřní, studená bílá, programy;atos
Elektro, Smart Home a osvetlenie > Osvetlenie – svietidlá > Vianočné osvetlenie a dekorácie;EMO1550042013;LED vánoční řetěz – ježek, 8 m, venkovní i vnitřní, studená bílá, časovač;atos
Elektro, Smart Home a osvetlenie > Osvetlenie – svietidlá > Vianočné osvetlenie a dekorácie;EMO1550042015;LED vánoční řetěz – ježek, 12 m, venkovní i vnitřní, studená bílá, časovač;atos
Elektro, Smart Home a osvetlenie > Osvetlenie – svietidlá > Vianočné osvetlenie a dekorácie;EMO1550042019;LED vánoční řetěz – ježek, 6 m, venkovní i vnitřní, studená bílá, časovač;atos
Elektro, Smart Home a osvetlenie > Osvetlenie – svietidlá > Vianočné osvetlenie a dekorácie;EMO1550042020;LED vánoční řetěz – ježek, 7,2 m, venkovní i vnitřní, studená bílá, programy;atos
Elektro, Smart Home a osvetlenie > Osvetlenie – svietidlá > Vianočné osvetlenie a dekorácie;EMO1550042021;LED vánoční řetěz, 2,8 m, 3x AA, venkovní i vnitřní, studená bílá, časovač;atos
Elektro, Smart Home a osvetlenie > Osvetlenie – svietidlá > Vianočné osvetlenie a dekorácie;EMO1550042022;LED vánoční řetěz, 5,6 m, 3x AA, venkovní i vnitřní, studená bílá, časovač;atos
Elektro, Smart Home a osvetlenie > Osvetlenie – svietidlá > Vianočné osvetlenie a dekorácie;EMO1550042023;LED vánoční řetěz, 8,4 m, 3x AA, venkovní i vnitřní, studená bílá, Kaltweiß, časovač;atos
Elektro, Smart Home a osvetlenie > Osvetlenie – svietidlá > Vianočné osvetlenie a dekorácie;EMO1550042024;LED vánoční řetěz, 4 m, venkovní i vnitřní, studená bílá, programy, časovač;atos
Elektro, Smart Home a osvetlenie > Osvetlenie – svietidlá > Vianočné osvetlenie a dekorácie;EMO1550042025;LED vánoční řetěz, 8 m, venkovní i vnitřní, studená bílá, programy, časovač;atos
Elektro, Smart Home a osvetlenie > Osvetlenie – svietidlá > Vianočné osvetlenie a dekorácie;EMO1550042026;LED vánoční řetěz, 12 m, venkovní i vnitřní, studená bílá, programy, časovač;atos
Elektro, Smart Home a osvetlenie > Osvetlenie – svietidlá > Vianočné osvetlenie a dekorácie;EMO1550042027;LED vánoční řetěz, 18 m, venkovní i vnitřní, studená bílá, programy, časovač;atos
Elektro, Smart Home a osvetlenie > Osvetlenie – svietidlá > Vianočné osvetlenie a dekorácie;EMO1550042028;LED vánoční řetěz, 24 m, venkovní i vnitřní, studená bílá, programy, časovač;atos
Elektro, Smart Home a osvetlenie > Osvetlenie – svietidlá > Vianočné osvetlenie a dekorácie;EMO1550042029;LED vánoční řetěz, 50 m, venkovní i vnitřní, studená bílá, programy, časovač;atos
Elektro, Smart Home a osvetlenie > Osvetlenie – svietidlá > Vianočné osvetlenie a dekorácie;EMO1550043002;LED vánoční řetěz 2v1, 10 m, venkovní i vnitřní, studená bílá/multicolor, programy;atos
Elektro, Smart Home a osvetlenie > Osvetlenie – svietidlá > Vianočné osvetlenie a dekorácie;EMO1550043007;LED vánoční řetěz, 8 m, venkovní i vnitřní, teplá/studená bílá, časovač;atos
Elektro, Smart Home a osvetlenie > Osvetlenie – svietidlá > Vianočné osvetlenie a dekorácie;EMO1550043008;LED vánoční řetěz, 12 m, venkovní i vnitřní, teplá/studená bílá, časovač;atos
Elektro, Smart Home a osvetlenie > Osvetlenie – svietidlá > Vianočné osvetlenie a dekorácie;EMO1550043009;LED vánoční řetěz, 18 m, venkovní i vnitřní, teplá/studená bílá, časovač;atos
Elektro, Smart Home a osvetlenie > Osvetlenie – svietidlá > Vianočné osvetlenie a dekorácie;EMO1550043010;LED vánoční řetěz blikající, 8 m, venkovní i vnitřní, teplá/studená bílá, časovač;atos
Elektro, Smart Home a osvetlenie > Osvetlenie – svietidlá > Vianočné osvetlenie a dekorácie;EMO1550043011;LED vánoční řetěz blikající, 12 m, venkovní i vnitřní, teplá/studená bílá, časovač;atos
Elektro, Smart Home a osvetlenie > Osvetlenie – svietidlá > Vianočné osvetlenie a dekorácie;EMO1550043012;LED vánoční řetěz blikající, 18 m, venkovní i vnitřní, teplá/studená bílá, časovač;atos
Elektro, Smart Home a osvetlenie > Osvetlenie – svietidlá > Vianočné osvetlenie a dekorácie;EMO1550044001;LED vánoční řetěz, 8 m, venkovní i vnitřní, multicolor, časovač;atos
Elektro, Smart Home a osvetlenie > Osvetlenie – svietidlá > Vianočné osvetlenie a dekorácie;EMO1550044003;LED vánoční řetěz, 18 m, venkovní i vnitřní, multicolor, časovač;atos
Elektro, Smart Home a osvetlenie > Osvetlenie – svietidlá > Vianočné osvetlenie a dekorácie;EMO1550044019;LED vánoční řetěz, 10 m, venkovní i vnitřní, RGB, ovladač, programy, časovač;atos
Elektro, Smart Home a osvetlenie > Osvetlenie – svietidlá > Vianočné osvetlenie a dekorácie;EMO1550044020;LED vánoční řetěz, 12 m, venkovní i vnitřní, RGB, ovladač, programy, časovač;atos
Elektro, Smart Home a osvetlenie > Osvetlenie – svietidlá > Vianočné osvetlenie a dekorácie;EMO1550044024;LED vánoční řetěz – tradiční, 17,85 m, venkovní i vnitřní, multicolor;atos
Elektro, Smart Home a osvetlenie > Osvetlenie – svietidlá > Vianočné osvetlenie a dekorácie;EMO1550044025;LED vánoční řetěz – tradiční, 22,35 m, venkovní i vnitřní, multicolor;atos
Elektro, Smart Home a osvetlenie > Osvetlenie – svietidlá > Vianočné osvetlenie a dekorácie;EMO1550044026;LED vánoční řetěz – tradiční, 26,85 m, venkovní i vnitřní, multicolor;atos
Elektro, Smart Home a osvetlenie > Osvetlenie – svietidlá > Vianočné osvetlenie a dekorácie;EMO1550044027;LED vánoční řetěz – ježek, 7,2 m, venkovní i vnitřní, multicolor, programy, časovač;atos
Elektro, Smart Home a osvetlenie > Osvetlenie – svietidlá > Vianočné osvetlenie a dekorácie;EMO1550044028;GoSmart LED vánoční řetěz EMOS D4ZR01, 8 m, venkovní i vnitřní, RGB, programy, časovač, wifi;atos
Elektro, Smart Home a osvetlenie > Osvetlenie – svietidlá > Vianočné osvetlenie a dekorácie;EMO1550044029;GoSmart LED vánoční řetěz EMOS D4ZR01, 8 m, venkovní i vnitřní, RGB, programy, časovač, wifi;atos
Elektro, Smart Home a osvetlenie > Osvetlenie – svietidlá > Vianočné osvetlenie a dekorácie;EMO1550044033;LED vánoční řetěz, 4 m, venkovní i vnitřní, multicolor, programy, časovač;atos
Elektro, Smart Home a osvetlenie > Osvetlenie – svietidlá > Vianočné osvetlenie a dekorácie;EMO1550044034;LED vánoční řetěz, 8 m, venkovní i vnitřní, multicolor, programy, časovač;atos
Elektro, Smart Home a osvetlenie > Osvetlenie – svietidlá > Vianočné osvetlenie a dekorácie;EMO1550044035;LED vánoční řetěz, 12 m, venkovní i vnitřní, multicolor, programy, časovač;atos
Elektro, Smart Home a osvetlenie > Osvetlenie – svietidlá > Vianočné osvetlenie a dekorácie;EMO1550044036;LED vánoční řetěz, 18 m, venkovní i vnitřní, multicolor, programy, časovač;atos
Elektro, Smart Home a osvetlenie > Osvetlenie – svietidlá > Vianočné osvetlenie a dekorácie;EMO1550044037;LED vánoční řetěz, 24 m, venkovní i vnitřní, multicolor, programy, časovač;atos
Elektro, Smart Home a osvetlenie > Osvetlenie – svietidlá > Vianočné osvetlenie a dekorácie;EMO1550044038;LED vánoční řetěz, 50 m, venkovní i vnitřní, multicolor, programy, časovač;atos
Elektro, Smart Home a osvetlenie > Osvetlenie – svietidlá > Vianočné osvetlenie a dekorácie;EMO1550050000;LED vánoční cherry řetěz – kuličky, 8 m, venkovní i vnitřní, teplá bílá, časovač;atos
Elektro, Smart Home a osvetlenie > Osvetlenie – svietidlá > Vianočné osvetlenie a dekorácie;EMO1550050004;LED světelný cherry řetěz – kuličky 2,5 cm, 4 m, venkovní i vnitřní, teplá bílá, časovač;atos
Elektro, Smart Home a osvetlenie > Osvetlenie – svietidlá > Vianočné osvetlenie a dekorácie;EMO1550050008;LED vánoční řetěz – šišky, 9,8 m, venkovní i vnitřní, teplá bílá, programy;atos
Elektro, Smart Home a osvetlenie > Osvetlenie – svietidlá > Vianočné osvetlenie a dekorácie;EMO1550050010;LED vánoční cherry řetěz – kuličky, 8 m, venkovní i vnitřní, teplá bílá, programy, časovač;atos
Elektro, Smart Home a osvetlenie > Osvetlenie – svietidlá > Vianočné osvetlenie a dekorácie;EMO1550050011;LED vánoční cherry řetěz – kuličky, 20 m, venkovní i vnitřní, teplá bílá, programy,časovač;atos
Elektro, Smart Home a osvetlenie > Osvetlenie – svietidlá > Vianočné osvetlenie a dekorácie;EMO1550050012;LED vánoční cherry řetěz – kuličky, 30 m, venkovní i vnitřní, teplá bílá, programy,časovač;atos
Elektro, Smart Home a osvetlenie > Osvetlenie – svietidlá > Vianočné osvetlenie a dekorácie;EMO1550052000;LED vánoční cherry řetěz – kuličky, 8 m, venkovní i vnitřní, studená bílá, časovač;atos
Elektro, Smart Home a osvetlenie > Osvetlenie – svietidlá > Vianočné osvetlenie a dekorácie;EMO1550052003;LED vánoční cherry řetěz – kuličky, 48 m, venkovní i vnitřní, studená bílá, časovač;atos
Elektro, Smart Home a osvetlenie > Osvetlenie – svietidlá > Vianočné osvetlenie a dekorácie;EMO1550052004;LED světelný cherry řetěz – kuličky 2,5 cm, 4 m, venkovní i vnitřní, studená bílá, časovač;atos
Elektro, Smart Home a osvetlenie > Osvetlenie – svietidlá > Vianočné osvetlenie a dekorácie;EMO1550052005;LED vánoční cherry řetěz – kuličky, 8 m, venkovní i vnitřní, studená bílá, programy;atos
Elektro, Smart Home a osvetlenie > Osvetlenie – svietidlá > Vianočné osvetlenie a dekorácie;EMO1550052006;LED vánoční cherry řetěz – kuličky, 20 m, venkovní i vnitřní, studená bílá, programy;atos
Elektro, Smart Home a osvetlenie > Osvetlenie – svietidlá > Vianočné osvetlenie a dekorácie;EMO1550052010;LED vánoční řetěz – šišky, 9,8 m, venkovní i vnitřní, studená bílá, programy;atos
Elektro, Smart Home a osvetlenie > Osvetlenie – svietidlá > Vianočné osvetlenie a dekorácie;EMO1550052011;LED vánoční cherry řetěz – kuličky, 8 m, venkovní i vnitřní, studená bílá,programy,časovač;atos
Elektro, Smart Home a osvetlenie > Osvetlenie – svietidlá > Vianočné osvetlenie a dekorácie;EMO1550052012;LED vánoční cherry řetěz – kuličky, 20 m, venkovní i vnitřní,studená bílá,programy,časovač;atos
Elektro, Smart Home a osvetlenie > Osvetlenie – svietidlá > Vianočné osvetlenie a dekorácie;EMO1550052013;LED vánoční cherry řetěz – kuličky, 30 m, venkovní i vnitřní,studená bílá,programy,časovač;atos
Elektro, Smart Home a osvetlenie > Osvetlenie – svietidlá > Vianočné osvetlenie a dekorácie;EMO1550052014;LED vánoční cherry řetěz – kuličky, 48 m, venkovní i vnitřní,studená bílá,programy,časovač;atos
Elektro, Smart Home a osvetlenie > Osvetlenie – svietidlá > Vianočné osvetlenie a dekorácie;EMO1550054000;LED vánoční cherry řetěz – kuličky, 8 m, venkovní i vnitřní, multicolor, časovač;atos
Elektro, Smart Home a osvetlenie > Osvetlenie – svietidlá > Vianočné osvetlenie a dekorácie;EMO1550054001;LED vánoční cherry řetěz – kuličky, 20 m, venkovní i vnitřní, multicolor, časovač;atos
Elektro, Smart Home a osvetlenie > Osvetlenie – svietidlá > Vianočné osvetlenie a dekorácie;EMO1550054002;LED vánoční cherry řetěz – kuličky, 8 m, venkovní i vnitřní, multicolor, programy;atos
Elektro, Smart Home a osvetlenie > Osvetlenie – svietidlá > Vianočné osvetlenie a dekorácie;EMO1550054003;LED vánoční cherry řetěz – kuličky, 20 m, venkovní i vnitřní, multicolor, programy;atos
Elektro, Smart Home a osvetlenie > Osvetlenie – svietidlá > Vianočné osvetlenie a dekorácie;EMO1550054005;LED vánoční cherry řetěz – kuličky, 48 m, venkovní i vnitřní, multicolor, časovač;atos
Elektro, Smart Home a osvetlenie > Osvetlenie – svietidlá > Vianočné osvetlenie a dekorácie;EMO1550054006;LED světelný cherry řetěz – kuličky 2,5 cm, 4 m, venkovní i vnitřní, multicolor, časovač;atos
Elektro, Smart Home a osvetlenie > Osvetlenie – svietidlá > Vianočné osvetlenie a dekorácie;EMO1550054007;LED vánoční cherry řetěz – kuličky, 10 m, RGB, ovladač, programy, časovač;atos
Elektro, Smart Home a osvetlenie > Osvetlenie – svietidlá > Vianočné osvetlenie a dekorácie;EMO1550054012;LED vánoční cherry řetěz – kuličky, 8 m, venkovní i vnitřní, multicolor, programy, časovač;atos
Elektro, Smart Home a osvetlenie > Osvetlenie – svietidlá > Vianočné osvetlenie a dekorácie;EMO1550054013;LED vánoční cherry řetěz – kuličky, 20 m, venkovní i vnitřní, multicolor, programy,časovač;atos
Elektro, Smart Home a osvetlenie > Osvetlenie – svietidlá > Vianočné osvetlenie a dekorácie;EMO1550054014;LED vánoční cherry řetěz – kuličky, 30 m, venkovní i vnitřní, multicolor, programy,časovač;atos
Elektro, Smart Home a osvetlenie > Osvetlenie – svietidlá > Vianočné osvetlenie a dekorácie;EMO1550054015;LED vánoční cherry řetěz – kuličky, 48 m, venkovní i vnitřní, multicolor, programy,časovač;atos
Elektro, Smart Home a osvetlenie > Osvetlenie – svietidlá > Vianočné osvetlenie a dekorácie;EMO1550055001;LED světelný cherry řetěz – kuličky 2,5 cm, 4 m, venkovní i vnitřní, modrá, časovač;atos
Elektro, Smart Home a osvetlenie > Osvetlenie – svietidlá > Vianočné osvetlenie a dekorácie;EMO1550055002;LED světelný cherry řetěz – kuličky 2,5 cm, 4 m, venkovní i vnitřní, růžová, časovač;atos
Elektro, Smart Home a osvetlenie > Predlžovacie káble a vidlice;5B322;Solight vstavaná podlahová zásuvka, IP55, obdĺžnikové viečko;solight
Elektro, Smart Home a osvetlenie > Predlžovacie káble a vidlice;5B322B;Solight vstavaná podlahová zásuvka, IP55, matná čierna, obdĺžnikové viečko;solight
Elektro, Smart Home a osvetlenie > Predlžovacie káble a vidlice;5B322W;Solight vstavaná podlahová zásuvka, IP55, matná biela, obdĺžnikové viečko;solight
Elektro, Smart Home a osvetlenie > Predlžovacie káble a vidlice;5B323;Solight vstavaná podlahová dvojzásuvka, IP55, okrúhle viečko;solight
Elektro, Smart Home a osvetlenie > Predlžovacie káble a vidlice;5B323B;Solight vstavaná podlahová dvojzásuvka, IP55, matná čierna, obdĺžnikové viečko;solight
Elektro, Smart Home a osvetlenie > Predlžovacie káble a vidlice;5B323W;Solight vstavaná podlahová dvojzásuvka, IP55, matná biela, obdĺžnikové viečko;solight
Elektro, Smart Home a osvetlenie > Predlžovacie káble a vidlice;5B324;Solight vstavaná podlahová zásuvka, IP55, okrúhle viečko;solight
Elektro, Smart Home a osvetlenie > Predlžovacie káble a vidlice;5B325;Solight vstavaná podlahová dvojzásuvka, IP55, okrúhle viečko;solight
Elektro, Smart Home a osvetlenie > Predlžovacie káble a vidlice;5B350;Solight zásuvka IP66, vodotesná a prachotesná;solight
Elektro, Smart Home a osvetlenie > Predlžovacie káble a vidlice;5B351;Solight zásuvka IP66 s vypínačom, vodotesná a prachotesná;solight
Elektro, Smart Home a osvetlenie > Predlžovacie káble a vidlice;5B352;Solight dvojzásuvka IP66, vodotesná a prachotesná;solight
Elektro, Smart Home a osvetlenie > Predlžovacie káble a vidlice;PO20;Solight prepäťová ochrana do zásuvky, 236J, 1 zásuvka, kontrolka;solight
Elektro, Smart Home a osvetlenie > Predlžovacie káble a vidlice;PO29;Solight prepäťová ochrana do zásuvky, 570J, 3 zásuvky;solight
Elektro, Smart Home a osvetlenie > Predlžovacie káble a vidlice;PO39;Solight prepäťová ochrana, 3z, 1,5m, biela;solight
Elektro, Smart Home a osvetlenie > Predlžovacie káble a vidlice;PO46;Solight prepäťová ochrana, 150J, 4 zásuvky, 1,5m, biela;solight
Elektro, Smart Home a osvetlenie > Predlžovacie káble a vidlice;PO47;Solight prepäťová ochrana, 150J, 4 zásuvky, 3m, biela;solight
Elektro, Smart Home a osvetlenie > Predlžovacie káble a vidlice;PO54;Solight prepäťová ochrana, 150J, 5 zásuviek, 1,5m, biela;solight
Elektro, Smart Home a osvetlenie > Predlžovacie káble a vidlice;PO57;Solight prepäťová ochrana, 150J, 5 zásuviek, 3m, biela;solight
Elektro, Smart Home a osvetlenie > Predlžovacie káble a vidlice;PO58;Solight prepäťová ochrana, 150J, 5 zásuviek, 5m, biela;solight
Elektro, Smart Home a osvetlenie > Predlžovacie káble a vidlice;PO62;Solight prepäťová ochrana, 150J, 6 zásuviek, 1,5m, biela;solight
Elektro, Smart Home a osvetlenie > Predlžovacie káble a vidlice;PO63;Solight prepäťová ochrana, 150J, 6 zásuviek, 3m, biela;solight
Elektro, Smart Home a osvetlenie > Predlžovacie káble a vidlice;PO64;Solight prepäťová ochrana, 150J, 6 zásuviek, 5m, biela;solight
Elektro, Smart Home a osvetlenie > Predlžovacie káble a vidlice;PO80;Solight prepäťová ochrana, 8z, USB A+C, 2m, biela;solight
Elektro, Smart Home a osvetlenie > Predlžovacie káble a vidlice;PO80B;Solight prepäťová ochrana, 8z, USB A+C, 2m, čierna;solight
Elektro, Smart Home a osvetlenie > Predlžovacie káble a vidlice;PP01;Solight predlžovací prívod, 3 zásuvky, biely, 1,5 m;solight
Elektro, Smart Home a osvetlenie > Predlžovacie káble a vidlice;PP02;Solight predlžovací prívod, 3 zásuvky, biely, 2m;solight
Elektro, Smart Home a osvetlenie > Predlžovacie káble a vidlice;PP03;Solight predlžovací prívod, 3 zásuvky, biely, 3m;solight
Elektro, Smart Home a osvetlenie > Predlžovacie káble a vidlice;PP03X;Solight predlžovací prívod 3m, 3 zásuvky, 16A/3680W, PVC, biely;solight
Elektro, Smart Home a osvetlenie > Predlžovacie káble a vidlice;PP04;Solight predlžovací prívod, 3 zásuvky, biely, 5m;solight
Elektro, Smart Home a osvetlenie > Predlžovacie káble a vidlice;PP05;Solight predlžovací prívod, 3 zásuvky, biely, 7m;solight
Elektro, Smart Home a osvetlenie > Predlžovacie káble a vidlice;PP06;Solight predlžovací prívod, 3 zásuvky, biely, 10m;solight
Elektro, Smart Home a osvetlenie > Predlžovacie káble a vidlice;PP08;Solight predlžovací prívod, 3 zásuvky, čierny, 2m;solight
Elektro, Smart Home a osvetlenie > Predlžovacie káble a vidlice;PP09;Solight predlžovací prívod, 3 zásuvky, čierny, 3m;solight
Elektro, Smart Home a osvetlenie > Predlžovacie káble a vidlice;PP10;Solight predlžovací prívod, 3 zásuvky, biely, vypínač, 1,5m;solight
Elektro, Smart Home a osvetlenie > Predlžovacie káble a vidlice;PP100-B;Solight predlžovací prívod, 4 zásuvky, čierny, 2m, výsuvný blok zásuviek, kruhový tvar;solight
Elektro, Smart Home a osvetlenie > Predlžovacie káble a vidlice;PP100B-PD20;Solight výsuvný blok zásuviek, 3 x 16 A + USB A+C 20W PD, kabel 2m, čierny;solight
Elektro, Smart Home a osvetlenie > Predlžovacie káble a vidlice;PP105C-PD20;Solight 3z + USB A+C prenosné stolné zásuvky, 2m, biela, USB rýchlonabíjačka 20W PD;solight
Elektro, Smart Home a osvetlenie > Predlžovacie káble a vidlice;PP105C-PD20-B;Solight 3z + USB A+C prenosné stolné zásuvky, 2m, čierna, USB rýchlonabíjačka 20W PD;solight
Elektro, Smart Home a osvetlenie > Predlžovacie káble a vidlice;PP11;Solight predlžovací prívod, 3 zásuvky, biely, vypínač, 2m;solight
Elektro, Smart Home a osvetlenie > Predlžovacie káble a vidlice;PP111PD20;Solight predlžovací prívod 3 zásuvky, USB A+C 20W PD, 2m, 3 x 1mm2, biely, vypínač;solight
Elektro, Smart Home a osvetlenie > Predlžovacie káble a vidlice;PP112PD20;Solight predlžovací prívod 3 zásuvky, USB A+C 20W PD, 3m, 3 x 1mm2, biely, vypínač;solight
Elektro, Smart Home a osvetlenie > Predlžovacie káble a vidlice;PP113PD20;Solight predlžovací prívod 3 zásuvky, USB A+C 20W PD, 5m, 3 x 1mm2, biely, vypínač;solight
Elektro, Smart Home a osvetlenie > Predlžovacie káble a vidlice;PP119CWB;Solight vstavaná zásuvka + USB A+C + Wireless 10W, otočné viečko, kábel 2m, čierna;solight
Elektro, Smart Home a osvetlenie > Predlžovacie káble a vidlice;PP12;Solight predlžovací prívod, 3 zásuvky, biely, vypínač, 3m;solight
Elektro, Smart Home a osvetlenie > Predlžovacie káble a vidlice;PP120CW-PD20;Solight 3z + USB A+C 20W PD, Wireless 10W, výsuvný blok zásuviek, 2m,  strieborný;solight
Elektro, Smart Home a osvetlenie > Predlžovacie káble a vidlice;PP120CW-PD20-B;Solight 3z + USB A+C 20W PD, Wireless 10W, výsuvný blok zásuviek, 2m,  čierny;solight
Elektro, Smart Home a osvetlenie > Predlžovacie káble a vidlice;PP122C-PD20;Solight 1z + USB-C 20W PD vstavaná zásuvka, 2m, strieborná;solight
Elektro, Smart Home a osvetlenie > Predlžovacie káble a vidlice;PP124C-PD20;Solight 1z + USB A+C 20W PD vstavaná zásuvka s posuvným viečkom, 2m, strieborná;solight
Elektro, Smart Home a osvetlenie > Predlžovacie káble a vidlice;PP124CB-PD20;Solight 1z + USB A+C 20W PD vstavaná zásuvka s posuvným viečkom, 2m, matná čierna;solight
Elektro, Smart Home a osvetlenie > Predlžovacie káble a vidlice;PP124CW-PD20;Solight 1z + USB A+C 20W PD vstavaná zásuvka s posuvným viečkom, 2m, matná biela;solight
Elektro, Smart Home a osvetlenie > Predlžovacie káble a vidlice;PP126C-PD20;Solight 3z + USB A+C 20W PD výsuvný blok zásuviek, 2m, nerez oceľ;solight
Elektro, Smart Home a osvetlenie > Predlžovacie káble a vidlice;PP128;Solight vestavný blok zásuviek s posuvným krytom, 3 zásuvky, 2m, strieborný;solight
Elektro, Smart Home a osvetlenie > Predlžovacie káble a vidlice;PP128-RJ45;Solight RJ45 Cat6 doplnkový modul pre vstavané zásuvky série PP128;solight
Elektro, Smart Home a osvetlenie > Predlžovacie káble a vidlice;PP128C-PD20;Solight vestavný blok zásuviek s posuvným krytom, 2 zásuvky, USB A+C 20W PD, 2m, strieborný;solight
Elektro, Smart Home a osvetlenie > Predlžovacie káble a vidlice;PP128C-PD20-HDMI;Solight vestavný blok zásuviek s posuvným krytom, 2 zásuvky, HDMI, USB A+C 20W PD, 2m, strieborný;solight
Elektro, Smart Home a osvetlenie > Predlžovacie káble a vidlice;PP128C-PD65;Solight vestavný blok zásuviek s posuvným krytom, 2 zásuvky, USB A+C 65W PD, 2m, strieborný;solight
Elektro, Smart Home a osvetlenie > Predlžovacie káble a vidlice;PP12X;Solight predlžovací prívod 3m, 3 zásuvky, vypínač, 16A/3680W, PVC, biely;solight
Elektro, Smart Home a osvetlenie > Predlžovacie káble a vidlice;PP13;Solight predlžovací prívod, 3 zásuvky, biely, vypínač, 5m;solight
Elektro, Smart Home a osvetlenie > Predlžovacie káble a vidlice;PP141;Solight predlžovací prívod, 7 zásuviek, biely, vypínač, 2m;solight
Elektro, Smart Home a osvetlenie > Predlžovacie káble a vidlice;PP143;Solight predlžovací prívod, 5 zásuviek, biely, 6x vypínač, 2m;solight
Elektro, Smart Home a osvetlenie > Predlžovacie káble a vidlice;PP144;Solight predlžovací prívod, 5 zásuviek, biely, 6x vypínač, 3m;solight
Elektro, Smart Home a osvetlenie > Predlžovacie káble a vidlice;PP145C;Solight 3z + USB A+C predlžovací prívod - kocka, 2m, 3 x 1mm2, biely, vypínač;solight
Elektro, Smart Home a osvetlenie > Predlžovacie káble a vidlice;PP147;Solight 4z predlžovací prívod, 2m, 3 x 1mm2, biely, vypínač;solight
Elektro, Smart Home a osvetlenie > Predlžovacie káble a vidlice;PP152PD20;Solight predlžovací prívod 5 zásuviek, USB A+C 20W PD, 3m, 3 x 1mm2, biely, vypínač;solight
Elektro, Smart Home a osvetlenie > Predlžovacie káble a vidlice;PP154C;Solight 2z + USB A+C 17W, cestovný predlžovací prívod 1.5m, biely;solight
Elektro, Smart Home a osvetlenie > Predlžovacie káble a vidlice;PP155C-PD20;Solight 2z + USB A+C 20W PD, cestovný predlžovací prívod 1.5m, biely;solight
Elektro, Smart Home a osvetlenie > Predlžovacie káble a vidlice;PP16;Solight predlžovací prívod, 3 zásuvky, biely, 10m;solight
Elektro, Smart Home a osvetlenie > Predlžovacie káble a vidlice;PP160;Solight predlžovací prívod 6 zásuviek, 2m, 3 x 1mm2, biely, 6+1 vypínač;solight
Elektro, Smart Home a osvetlenie > Predlžovacie káble a vidlice;PP161;Solight predlžovací prívod 6 zásuviek, 3m, 3 x 1mm2, biely, 6+1 vypínač;solight
Elektro, Smart Home a osvetlenie > Predlžovacie káble a vidlice;PP20;Solight predlžovací prívod, 4 zásuvky, biely, 1,5m;solight
Elektro, Smart Home a osvetlenie > Predlžovacie káble a vidlice;PP21;Solight predlžovací prívod, 4 zásuvky, biely, 2m;solight
Elektro, Smart Home a osvetlenie > Predlžovacie káble a vidlice;PP22;Solight predlžovací prívod, 4 zásuvky, biely, 3m;solight
Elektro, Smart Home a osvetlenie > Predlžovacie káble a vidlice;PP23;Solight predlžovací prívod, 4 zásuvky, biely, 5m;solight
Elektro, Smart Home a osvetlenie > Predlžovacie káble a vidlice;PP28;Solight predlžovací prívod, 4 zásuvky, čierny, 3m;solight
Elektro, Smart Home a osvetlenie > Predlžovacie káble a vidlice;PP30;Solight predlžovací prívod, 4 zásuvky, biely, vypínač, 1,5m;solight
Elektro, Smart Home a osvetlenie > Predlžovacie káble a vidlice;PP31;Solight predlžovací prívod, 4 zásuvky, biely, vypínač, 2m;solight
Elektro, Smart Home a osvetlenie > Predlžovacie káble a vidlice;PP32;Solight predlžovací prívod, 4 zásuvky, biely, vypínač, 3m;solight
Elektro, Smart Home a osvetlenie > Predlžovacie káble a vidlice;PP322;Solight predlžovací prívod IP44, 3 zásuvky, gumový kábel, vonkajší, 3m;solight
Elektro, Smart Home a osvetlenie > Predlžovacie káble a vidlice;PP323;Solight predlžovací prívod IP44, 3 zásuvky, gumový kábel, vonkajší, 5m;solight
Elektro, Smart Home a osvetlenie > Predlžovacie káble a vidlice;PP324;Solight predlžovací prívod IP44, 3 zásuvky, gumový kábel, vonkajší, 10m;solight
Elektro, Smart Home a osvetlenie > Predlžovacie káble a vidlice;PP325;Solight predlžovací prívod kocka 3m, 3 zásuvky IP44, 3 x 1mm2, kábel guma H05RR-F;solight
Elektro, Smart Home a osvetlenie > Predlžovacie káble a vidlice;PP326;Solight predlžovací prívod kocka 5m, 3 zásuvky IP44, 3 x 1.5mm2, kábel guma H05RR-F;solight
Elektro, Smart Home a osvetlenie > Predlžovacie káble a vidlice;PP328;Solight predlžovací prívod 5m, 3 zásuvky IP44, 3 x 2.5mm2, kábel guma-neoprén H07RN-F;solight
Elektro, Smart Home a osvetlenie > Predlžovacie káble a vidlice;PP32X;Solight predlžovací prívod 3m, 4 zásuvky, vypínač, 16A/3680W, PVC, biely;solight
Elektro, Smart Home a osvetlenie > Predlžovacie káble a vidlice;PP33;Solight predlžovací prívod, 4 zásuvky, biely, vypínač, 5m;solight
Elektro, Smart Home a osvetlenie > Predlžovacie káble a vidlice;PP332;Solight predlžovací prívod IP44, 4 zásuvky, vypínač, vonkajší, 3m;solight
Elektro, Smart Home a osvetlenie > Predlžovacie káble a vidlice;PP333;Solight predlžovací prívod IP44, 4 zásuvky, gumový kábel, vypínač, vonkajší, 5m;solight
Elektro, Smart Home a osvetlenie > Predlžovacie káble a vidlice;PP334;Solight predlžovací prívod IP44, 4 zásuvky, gumový kábel, vypínač, vonkajší, 10m;solight
Elektro, Smart Home a osvetlenie > Predlžovacie káble a vidlice;PP34;Solight predlžovací prívod, 4 zásuvky, biely, vypínač, 7m;solight
Elektro, Smart Home a osvetlenie > Predlžovacie káble a vidlice;PP40;Solight predlžovací prívod, 5 zásuviek, biely, 1,5m;solight
Elektro, Smart Home a osvetlenie > Predlžovacie káble a vidlice;PP41;Solight predlžovací prívod, 5 zásuviek, biely, 2m;solight
Elektro, Smart Home a osvetlenie > Predlžovacie káble a vidlice;PP42;Solight predlžovací prívod, 5 zásuviek, biely, 3m;solight
Elektro, Smart Home a osvetlenie > Predlžovacie káble a vidlice;PP43;Solight predlžovací prívod, 5 zásuviek, biely, 5m;solight
Elektro, Smart Home a osvetlenie > Predlžovacie káble a vidlice;PP50;Solight predlžovací prívod, 5 zásuviek, biely, vypínač, 1,5m;solight
Elektro, Smart Home a osvetlenie > Predlžovacie káble a vidlice;PP51;Solight predlžovací prívod, 5 zásuviek, biely, vypínač, 2m;solight
Elektro, Smart Home a osvetlenie > Predlžovacie káble a vidlice;PP52;Solight predlžovací prívod, 5 zásuviek, biely, vypínač, 3m;solight
Elektro, Smart Home a osvetlenie > Predlžovacie káble a vidlice;PP53;Solight predlžovací prívod, 5 zásuviek, biely, vypínač, 5m;solight
Elektro, Smart Home a osvetlenie > Predlžovacie káble a vidlice;PP60;Solight predlžovací prívod, 6 zásuviek, biely, 1,5 m;solight
Elektro, Smart Home a osvetlenie > Predlžovacie káble a vidlice;PP61;Solight predlžovací prívod, 6 zásuviek, biely, 2m;solight
Elektro, Smart Home a osvetlenie > Predlžovacie káble a vidlice;PP62;Solight predlžovací prívod, 6 zásuviek, biely, 3m;solight
Elektro, Smart Home a osvetlenie > Predlžovacie káble a vidlice;PP63;Solight predlžovací prívod, 6 zásuviek, biely, 5m;solight
Elektro, Smart Home a osvetlenie > Predlžovacie káble a vidlice;PP70;Solight predlžovací prívod, 6 zásuviek, biely, vypínač, 1,5m;solight
Elektro, Smart Home a osvetlenie > Predlžovacie káble a vidlice;PP71;Solight predlžovací prívod, 6 zásuviek, biely, vypínač, 2m;solight
Elektro, Smart Home a osvetlenie > Predlžovacie káble a vidlice;PP72;Solight predlžovací prívod, 6 zásuviek, biely, vypínač, 3m;solight
Elektro, Smart Home a osvetlenie > Predlžovacie káble a vidlice;PP73;Solight predlžovací prívod, 6 zásuviek, biely, vypínač, 5m;solight
Elektro, Smart Home a osvetlenie > Predlžovacie káble a vidlice;PP73X;Solight predlžovací prívod 5m, 6 zásuviek, vypínač, 16A/3680W, PVC, biely;solight
Elektro, Smart Home a osvetlenie > Predlžovacie káble a vidlice;PS62-16A;Solight predlžovací prívod - spojka, 1 zásuvka, čierna, 15m;solight
Elektro, Smart Home a osvetlenie > Predlžovacie káble a vidlice;PS62-32A;Solight predlžovací prívod - spojka, 1 zásuvka, čierna, 15m;solight
Elektro, Smart Home a osvetlenie > Predlžovacie káble a vidlice;PS63-32A;Solight predlžovací prívod - spojka, 1 zásuvka, čierna, 20m;solight
Elektro, Smart Home a osvetlenie > Predlžovacie káble a vidlice;PS64-32A;Solight predlžovací prívod - spojka, 1 zásuvka, čierna, 25m;solight
Elektro, Smart Home a osvetlenie > Smart domácnosť – zariadenia;ATO-3024040580;Kamera EMOS IP-6000 OWL /H4058/ GoSmart venkovní bateriová kamera s 4G LTE a solárním panelem;atos
Elektro, Smart Home a osvetlenie > Smart domácnosť – zariadenia;ATO-3024040620;Kamera EMOS IP-220W /H4062/ GoSmart vnitřní otočná s Wi-Fi;atos
Elektro, Smart Home a osvetlenie > Smart domácnosť – zariadenia;ATO-3024040670;Kamera EMOS IP-1200 WASP /H4067/ GoSmart venkovní bateriová otočná s Wi-Fi a solárním panelem;atos
Elektro, Smart Home a osvetlenie > Smart domácnosť – zariadenia;ATO-3024040720;Kamera EMOS IP-220G /H4072/ GoSmart vnitřní otočná s WiFi;atos
Elektro, Smart Home a osvetlenie > Smart domácnosť – zariadenia;ATO-3024040730;Kamera EMOS IP-1150 SNAP /H4073/ GoSmart venkovní bateriová s Wi-Fi a solárním panelem;atos
Elektro, Smart Home a osvetlenie > Smart domácnosť – zariadenia;ATO-3024040740;Kamera EMOS IP-1300 LANTERN /4074/ GoSmart venkovní otočná s WiFi a světlem, černá;atos
Elektro, Smart Home a osvetlenie > Smart domácnosť – zariadenia;ATO-3024041670;Kamera EMOS IP-1200G WASP /H4167/ GoSmart venkovní bateriová kamera s WiFi a solárním panelem;atos
Elektro, Smart Home a osvetlenie > Smart domácnosť – zariadenia;ATO-3024041680;Kamera EMOS IP-6100G HAWK /H4168/ GoSmart venkovní bateriová kamera s 4G LTE a solárním panelem;atos
Elektro, Smart Home a osvetlenie > Smart domácnosť – zariadenia;ATO-3024041700;Kamera EMOS IP-1100G WALL /H4170/ GoSmart venkovní bateriová s WiFi a solárním panelem;atos
Elektro, Smart Home a osvetlenie > Smart domácnosť – zariadenia;ATO-3024041730;Kamera EMOS IP-1150G SNAP /H4173/ GoSmart venkovní bateriová kamera s WiFi a solárním panelem;atos
Elektro, Smart Home a osvetlenie > Smart domácnosť – zariadenia;ATO-KM2210;Kamera IP venkovní Kruger&Matz Connect C60 Tuya Wi-Fi;atos
Elektro, Smart Home a osvetlenie > Smart domácnosť – zariadenia;ATO-KM2216;Kamera IP vnitřní Kruger&Matz Connect C25 2K Tuya Wi-Fi;atos
Elektro, Smart Home a osvetlenie > Smart domácnosť – zariadenia;ATO-KM2241;Kamerový set Kruger&Matz Connect C210 Tuya Wi-Fi;atos
Elektro, Smart Home a osvetlenie > Smart domácnosť – zariadenia;ATO-KM2241-C;Kamera Kruger&Matz KM2241-C pro kamerový set Connect C210 Tuya Wi-Fi;atos
Elektro, Smart Home a osvetlenie > Smart domácnosť – zariadenia;ATO-WIFICBO32WT;Kamera IP venkovní dobíjecí NEDIS WIFICBO32WT | Wi-Fi | 4MP | IP66;atos
Elektro, Smart Home a osvetlenie > Smart domácnosť – zariadenia;ATO-WIFICI12CWT;Kamera IP vnitřní NEDIS WIFICI12CWT | Wi-Fi | 3MP;atos
Elektro, Smart Home a osvetlenie > Smart domácnosť – zariadenia;ATO-WIFICO22CWT;Kamera IP venkovní NEDIS WIFICO22CWT | Wi-Fi | 3MP | IP65 | otáčení/náklon;atos
Elektro, Smart Home a osvetlenie > Smart domácnosť – zariadenia;CP-UNC-C13L1-VMW;CP-UNC-C13L1-VMW 1,3Mpix vnitřní IP kamera s IR přísvitem a WiFi;atos
Elektro, Smart Home a osvetlenie > Smart domácnosť – zariadenia;CPP-CP-UNC-PT13L1-VMW;CP-UNC-PT13L1-VMW 1.3Mpix vnitřní IP kamera PT Wi-Fi a IR;atos
Elektro, Smart Home a osvetlenie > Smart domácnosť – zariadenia;IST-KAMTEOUT008;Kamera TESLA SecureQ SC55 - venkovní WiFi smart kamera PZ;atos
Elektro, Smart Home a osvetlenie > Smart domácnosť – zariadenia;IST-TBBWBM30;Dětská chůvička TESLA Bambino BM30 WiFi s monitorem a kamerou;atos
Elektro, Smart Home a osvetlenie > Smart domácnosť – zariadenia;IST-TBBWBM40;Dětská chůvička TESLA Bambino BM40 WiFi s kamerou;atos
Elektro, Smart Home a osvetlenie > Smart domácnosť – zariadenia;LEC-KM2242;Kamerový set Kruger&Matz Connect C300 IP POE Tuya;atos
Elektro, Smart Home a osvetlenie > Smart domácnosť – zariadenia;LP-KM2240;Kamerový set Kruger&Matz KM2240 Connect C200 Tuya Wi-Fi;atos
Elektro, Smart Home a osvetlenie > Smart domácnosť – zariadenia;LP-KM2240-C;Kamera Kruger&Matz KM2240-C pro kamerový set Connect C200 Tuya Wi-Fi;atos
Energia a napájanie;055770;Magnetická mini powerbanka Baseus 5000mAh, USB-C 20W (černá);innpro
Energia a napájanie;064642;Powerbank Baseus Compact 5000mAh, 20W, USB-C (black);innpro
Energia a napájanie;064643;Powerbank Baseus Compact 5000mAh, 20W, USB-C (biały);innpro
Energia a napájanie;DC47;Solight USB nabíjací adaptér, 1x USB, 2400mA, AC 230V, čierny;solight
Energia a napájanie;DC48A;Solight USB nabíjací adaptér, 2x USB, 3100mA max., AC 230V, čierny;solight
Energia a napájanie;DC51;Solight USB nabíjací adaptér, fast charge: 1x USB Qualcomm, 5V2A/9V1.5A/12V1A,  AC 230V, bielosivý;solight
Energia a napájanie;DC63-PD24;Solight výsuvná nabíjačka USB A+C 24W PD, biela;solight
Energia a napájanie;DC63B-PD24;Solight výsuvná nabíjačka USB A+C 24W PD, čierna;solight
Energia a napájanie;DC64BW-PD20;Solight bezdrôtová 15W + USB A+C 20W PD výsuvná nabíjačka, čierna;solight
Energia a napájanie;DC64W-PD20;Solight bezdrôtová 15W + USB A+C 20W PD výsuvná nabíjačka, biela;solight
Energia a napájanie;DC65BW;Solight bezdrôtová 15W vstavaná nabíjačka, čierna;solight
Energia a napájanie;DC65W;Solight bezdrôtová 15W vstavaná nabíjačka, biela;solight
Energia a napájanie;DC70;Solight USB-C 20W fast charger;solight
Energia a napájanie;DC70A;Solight USB-C 20W fast charger;solight
Energia a napájanie;DC70B-B;Solight USB-C fast charger 20W;solight
Energia a napájanie;DC70B-W;Solight USB-C fast charger 20W;solight
Energia a napájanie;DC71;Solight USB A+C 20W fast charger;solight
Energia a napájanie;DC71A;Solight USB A+C 20W fast charger;solight
Energia a napájanie;DC71B-B;Solight USB-A+C fast charger 20W;solight
Energia a napájanie;DC71B-W;Solight USB-A+C fast charger 20W;solight
Energia a napájanie;DC77;Solight USB-C + USB-A fast charger GaN 20W PD;solight
Energia a napájanie;DC80;Solight adaptér 3+1, 48W, QC3.0+PD, 3x USB-A, 1x USB-C;solight
Energia a napájanie;DC92;Solight fast charger do auta 30W USB-C + A;solight
Energia a napájanie > Napájacie zdroje;DC47;Solight USB nabíjací adaptér, 1x USB, 2400mA, AC 230V, čierny;solight
Energia a napájanie > Napájacie zdroje;DC48A;Solight USB nabíjací adaptér, 2x USB, 3100mA max., AC 230V, čierny;solight
Energia a napájanie > Napájacie zdroje;DC51;Solight USB nabíjací adaptér, fast charge: 1x USB Qualcomm, 5V2A/9V1.5A/12V1A,  AC 230V, bielosivý;solight
Energia a napájanie > Napájacie zdroje;DC63-PD24;Solight výsuvná nabíjačka USB A+C 24W PD, biela;solight
Energia a napájanie > Napájacie zdroje;DC63B-PD24;Solight výsuvná nabíjačka USB A+C 24W PD, čierna;solight
Energia a napájanie > Napájacie zdroje;DC64BW-PD20;Solight bezdrôtová 15W + USB A+C 20W PD výsuvná nabíjačka, čierna;solight
Energia a napájanie > Napájacie zdroje;DC64W-PD20;Solight bezdrôtová 15W + USB A+C 20W PD výsuvná nabíjačka, biela;solight
Energia a napájanie > Napájacie zdroje;DC65BW;Solight bezdrôtová 15W vstavaná nabíjačka, čierna;solight
Energia a napájanie > Napájacie zdroje;DC65W;Solight bezdrôtová 15W vstavaná nabíjačka, biela;solight
Energia a napájanie > Napájacie zdroje;DC70;Solight USB-C 20W fast charger;solight
Energia a napájanie > Napájacie zdroje;DC70A;Solight USB-C 20W fast charger;solight
Energia a napájanie > Napájacie zdroje;DC70B-B;Solight USB-C fast charger 20W;solight
Energia a napájanie > Napájacie zdroje;DC70B-W;Solight USB-C fast charger 20W;solight
Energia a napájanie > Napájacie zdroje;DC71;Solight USB A+C 20W fast charger;solight
Energia a napájanie > Napájacie zdroje;DC71A;Solight USB A+C 20W fast charger;solight
Energia a napájanie > Napájacie zdroje;DC71B-B;Solight USB-A+C fast charger 20W;solight
Energia a napájanie > Napájacie zdroje;DC71B-W;Solight USB-A+C fast charger 20W;solight
Energia a napájanie > Napájacie zdroje;DC77;Solight USB-C + USB-A fast charger GaN 20W PD;solight
Energia a napájanie > Napájacie zdroje;DC80;Solight adaptér 3+1, 48W, QC3.0+PD, 3x USB-A, 1x USB-C;solight
Energia a napájanie > Napájacie zdroje;DC92;Solight fast charger do auta 30W USB-C + A;solight
Energia a napájanie > Záložné zdroje a UPS;ABT-A500008613;Powerbanka MHPower Nomad 48k LiFePO4, 48000mAh, zelená;atos
Energia a napájanie > Záložné zdroje a UPS;ATO-KM0906.1;Powerbanka KRUGER & MATZ KM0906.1 20000 mAh Li-pol 20W QC, PD;atos
Energia a napájanie > Záložné zdroje a UPS;ATO-KM0911;KRUGER & MATZ KM0911 Powerbanka 5000mAh MagSafe;atos
Energia a napájanie > Záložné zdroje a UPS;ATO-KM0912;KRUGER & MATZ KM0912 10000mAh Powerbanka MagSafe;atos
Energia a napájanie > Záložné zdroje a UPS;ATO-KM0913-B;KRUGER & MATZ KM0913-B Powerbanka 10000mAh MagSafe;atos
Energia a napájanie > Záložné zdroje a UPS;ATO-KM0913-BL;KRUGER & MATZ KM0913-BL Powerbanka 10000mAh MagSafe;atos
Energia a napájanie > Záložné zdroje a UPS;CMP-07162;Powerbanka Compass 07162 JUMP STARTER 8000mAh 1000A;atos
Energia a napájanie > Záložné zdroje a UPS;CMP-07163;COMPASS 07163 Powerbanka 10000 mAh s funkcí JUMP STARTER;atos
Energia a napájanie > Záložné zdroje a UPS;CMP-07164;COMPASS 07164 Powerbanka 20.000mAh s funkcí JUMP STARTER 2000A;atos
Energia a napájanie > Záložné zdroje a UPS;CMP-07166;Powerbanka Compass 07166 JUMP STARTER 8.000mAh 500A + kompresor;atos
Energia a napájanie > Záložné zdroje a UPS;CMP-07167;Powerbanka Compass 07167 JUMP STARTER 7200mAh 600A + kompresor;atos
Energia a napájanie > Záložné zdroje a UPS;EMO1613053200;Powerbanka EMOS BetaQ 20, 20 000 mAh, 22,5 W, černá;atos
Energia a napájanie > Záložné zdroje a UPS;EMO1613054500;Powerbanka EMOS WI 521 Micro, 5 000 mAh, 20 W+Wireless;atos
Energia a napájanie > Záložné zdroje a UPS;EMO1613055100;Powerbanka EMOS WI 1046 /B0551BL/, 10 000 mAh, 20 W+Wireless, modrá;atos
Energia a napájanie > Záložné zdroje a UPS;EMO1613055101;Powerbanka EMOS WI 1046 /B0551GY/, 10 000 mAh, 20 W+Wireless, šedá;atos
Energia a napájanie > Záložné zdroje a UPS;EMO1613055500;Powerbanka EMOS WI 522 /B0555S/, 5 000 mAh, 20 W+Wireless, lososová;atos
Energia a napájanie > Záložné zdroje a UPS;EMO1613055501;Powerbanka EMOS WI 522 /B0555GY/, 5 000 mAh, 20 W+Wireless, šedá;atos
Energia a napájanie > Záložné zdroje a UPS;EMO1613056000;Powerbanka EMOS NTBF20 /B0560B/, 20 000 mAh, 65 W PD, černá;atos
Energia a napájanie > Záložné zdroje a UPS;EMO1613056100;Powerbanka EMOS NTBF30 /B0561B/, 27 000 mAh, 100 W PD, černá;atos
Energia a napájanie > Záložné zdroje a UPS;EMO1613057100;Powerbanka EMOS AlphaQ3, 10 000 mAh, 22,5 W, černá;atos
Energia a napájanie > Záložné zdroje a UPS;EMO1613057200;Powerbanka EMOS AlphaQ3, 20 000 mAh, 22,5 W, černá;atos
Energia a napájanie > Záložné zdroje a UPS;LEC-KM0914;Powerbanka KRUGER & MATZ KM0914 20000 mAh Li-ion 65W QuickCharge, Power Delivery;atos
Energia a napájanie > Záložné zdroje a UPS;LP-KM0903;KRUGER & MATZ KM0903 Powerbanka 10000 mAh Li-pol;atos
Energia a napájanie > Záložné zdroje a UPS;LP-KM0907;KRUGER & MATZ KM0907 Powerbanka 30000 mAh Li-pol;atos
Energia a napájanie > Záložné zdroje a UPS;SPR-110KM0904;Powerbanka KRUGER & MATZ KM0904 10000 mAh Li-pol;atos
Počítače, mobily a tablety;016534;Baseus Grain nabíjačka do auta 2x USB 5V 3,1A (čierna);innpro
Počítače, mobily a tablety;053581;Ładowarka samochodowa Joyroom JR-CCN05, A+C 30W;innpro
Počítače, mobily a tablety;066152;Projector Blitzwolf, BW-V8, 4K, Android OS;innpro
Počítače, mobily a tablety;067547;"BlitzWolf BW-VS4 100"" projection screen.";innpro
Počítače, mobily a tablety;067548;"BlitzWolf BW-VS4 120"" projection screen.";innpro
Počítače, mobily a tablety;068677;Wireless charger 3in1 BW-IW30 Blitzwolf;innpro
Počítače, mobily a tablety;069033;Vention FFOB0 USB-C car charger + USB-C/Lightning 30W cable;innpro
Počítače, mobily a tablety;069287;"TV mount 26-60"" Perlesmith PSMFK12";innpro
Počítače, mobily a tablety;069293;"TV mount 26-60"" Perlesmith PSMFK1-EU";innpro
Počítače, mobily a tablety;069294;"TV mount 23-60"" Perlesmith PSMTK1-EU";innpro
Počítače, mobily a tablety;069296;"TV mount 37-82"" Perlesmith PSLTK1";innpro
Počítače, mobily a tablety;069297;"TV mount 37-75"" Perlesmith PSTVS13";innpro
Počítače, mobily a tablety;069333;"TV mount 23-60"" Perlesmith PSTVMC06";innpro
Počítače, mobily a tablety;069334;"32-82"" TV mount Perlesmith PSTVMC05-US";innpro
Počítače, mobily a tablety;069335;"Perlegear PGTVS26-US 32-70"" TV mount";innpro
Počítače, mobily a tablety;069336;"42-82"" TV mount Perlegear PGLF12-EU";innpro
Počítače, mobily a tablety;069337;"TV mount 40-86"" Perlegear PGLF15";innpro
Počítače, mobily a tablety;069340;"TV mount 26-60"" Perlegear PGMF3";innpro
Počítače, mobily a tablety;069341;"Perlegear PGTVMC06 Držiak na televízor pre televízory s uhlopriečkou 23–60""";innpro
Počítače, mobily a tablety;069342;"43-80"" TV mount Perlegear PGFS08-US";innpro
Počítače, mobily a tablety;071318;TV mount 24-55'' Perlegear PGMT7;innpro
Počítače, mobily a tablety;074729;Baseus Enjoyment Max nabíjačka do auta s USB-C+Lightning káblami a portami USB-A+USB-C 90W čierna;innpro
Počítače, mobily a tablety;076466;Projektor Blitzwolf BW-V1;innpro
Počítače, mobily a tablety;079510;"Nástenné držiaky na TV Perlegear PGMFK6 26-60""";innpro
Počítače, mobily a tablety;079511;Nástenné držiaky na TV Perlesmith PSPILFK1;innpro
Počítače, mobily a tablety;080060;Projektor BlitzWolf BW-V11;innpro
Počítače, mobily a tablety;080835;Blitzwolf 100-palcové elektrické premietacie plátno BW-VS13 na strop/stenu;innpro
Počítače, mobily a tablety;083070;Projektor Ultimea Apollo P40;innpro
Počítače, mobily a tablety;083071;Projektor Ultima Nova C40;innpro
Počítače, mobily a tablety;083072;Projektor Ultima Poseidon E40;innpro
Počítače, mobily a tablety;085658;AURZEN Boom Mini projektor;innpro
Počítače, mobily a tablety;085659;AURZEN Boom Air Projektor;innpro
Počítače, mobily a tablety;085660;AURZEN Zip Projektor (sivý);innpro
Počítače, mobily a tablety;085661;AURZEN Zip Projektor (zlatý);innpro
Počítače, mobily a tablety;085662;AURZEN Zip Projektor (strieborný);innpro
Počítače, mobily a tablety;085664;AURZEN Castplay bezdrôtový HDMI adaptér;innpro
Počítače, mobily a tablety;085665;Stojan AURZEN Powerplay;innpro
Počítače, mobily a tablety;085666;AURZEN Magplay držiak;innpro
Počítače, mobily a tablety;085667;AURZEN Prípad play case;innpro
Počítače, mobily a tablety;085668;Súprava AURZEN Zip;innpro
Počítače, mobily a tablety;086154;Projektor Aurzen Eazze D1 Pro;innpro
Počítače, mobily a tablety;086155;Súprava puzdra na miniprojektor AURZEN Boom;innpro
Počítače, mobily a tablety;086156;Projektor Aurzen Eazze D1G;innpro
Počítače, mobily a tablety;086157;AURZEN ZIP Trifold Cyber Projector;innpro
Počítače, mobily a tablety;086158;Projektor Aurzen Eazze D1 Max;innpro
Počítače, mobily a tablety;086336;Projektor Magcubic HY350MAX;innpro
Počítače, mobily a tablety;086337;Projektor Magcubic X7;innpro
Počítače, mobily a tablety;086338;Projektor Magcubic L018;innpro
Počítače, mobily a tablety;086339;Projektor Magcubic HY450C;innpro
Počítače, mobily a tablety;086340;Projektor Magcubic HY450;innpro
Počítače, mobily a tablety;086341;Projektor Magcubic HY350 (sivý);innpro
Počítače, mobily a tablety;086343;Projektor Magcubic HY310;innpro
Počítače, mobily a tablety;086346;Projektor Magcubic HY300PRO+;innpro
Počítače, mobily a tablety;086347;Projektor Magcubic HY320MINI;innpro
Počítače, mobily a tablety;086348;Projektor Magcubic HY300X-2;innpro
Počítače, mobily a tablety;086585;Bezdrôtový adaptér Aurzen Castplay Pro;innpro
Počítače, mobily a tablety;086740;Projektor Blitzwolf BW-Vision A1;innpro
Počítače, mobily a tablety;086742;Blitzwolf BW-VS10 100-palcové premietacie plátno;innpro
Počítače, mobily a tablety;086820;Nano projektor JMGO N1S;innpro
Počítače, mobily a tablety;086821;Projektor JMGO N1S SE;innpro
Počítače, mobily a tablety;086822;Projektor JMGO PicoPlay+;innpro
Počítače, mobily a tablety;086823;Projektor JMGO PicoPlay+ so statívom;innpro
Počítače, mobily a tablety;086825;Projektor JMGO O2S Ultra;innpro
Počítače, mobily a tablety;086827;Stojan JMGO pre modely N1S SE, Nano a PicoPlay+;innpro
Počítače, mobily a tablety;086836;Držiak JMGO na strop pre modely N1S SE, Nano a PicoPlay+;innpro
Počítače, mobily a tablety;088391;Mini projektor Phillips N-100 s rozlíšením 480p (biely);innpro
Počítače, mobily a tablety;088393;Mini projektor Phillips N-110 s rozlíšením 720p (čierny);innpro
Počítače, mobily a tablety;088394;Mini projektor Phillips N-140 s rozlíšením 720p (biely);innpro
Počítače, mobily a tablety;088395;Projektor Phillips N-150 s rozlíšením 1080p (tmavošedý);innpro
Počítače, mobily a tablety;088396;Projektor Phillips N-160 s rozlíšením 1080p (tmavošedý);innpro
Počítače, mobily a tablety;088397;Projektor Phillips N-250 s rozlíšením 1080p (biely);innpro
Počítače, mobily a tablety;088398;Projektor Phillips PR-650 WXGA (biely);innpro
Počítače, mobily a tablety;088399;Projektor Phillips PR-850 s rozlíšením 1080p (biely);innpro
Počítače, mobily a tablety;088400;Projektor Phillips PR-860 s rozlíšením 1080p (biely);innpro
Počítače, mobily a tablety;088401;Projektor Phillips G-900 s rozlíšením 2160p (čierny);innpro
Počítače, mobily a tablety;088502;Projektor Blitzwolf BW-V1 Ultra;innpro
Počítače, mobily a tablety;088503;Projektor Blitzwolf BW-V12;innpro
Počítače, mobily a tablety;088882;Projektor AURZEN D1Air;innpro
Počítače, mobily a tablety;088883;Projektor AURZEN Boom Mini Black;innpro
Počítače, mobily a tablety;089345;Napájací zdroj FNIRSI 65 W;innpro
Počítače, mobily a tablety;090576;Projektor Magcubic HY320 (biely);innpro
Počítače, mobily a tablety;090891;Projektor Magcubic HY300X-3;innpro
Počítače, mobily a tablety;091491;Projektor Magcubic HY300PRO+ (sivý);innpro
Počítače, mobily a tablety;092522;Projektor Magcubic HY350 (čierny);innpro
Počítače, mobily a tablety;ATO-KM1245;Adaptér KRUGER & MATZ KM1245 USB-C - 3,5 Jack stereo;atos
Počítače, mobily a tablety;ATO-KM1249;Kabel KRUGER & MATZ KM1249 USB-C - HDMI;atos
Počítače, mobily a tablety;EMO1821000400;Ochrana konektoru RJ45 černá balení 20 kusů;atos
Počítače, mobily a tablety;RJ45;Konektor vidlice LAN RJ45;atos
Počítače, mobily a tablety > Pamäťové médiá > USB kľúče;100000207951;VERBATIM 44085 microSD 128GB class10;kb
Počítače, mobily a tablety > Pamäťové médiá > USB kľúče;100000238157;VERBATIM External SSD 240GB (47442);kb
Počítače, mobily a tablety > Pamäťové médiá > USB kľúče;100000367120;VERBATIM External SSD 480GB (47443);kb
Počítače, mobily a tablety > Pamäťové médiá > USB kľúče;100000905843;VERBATIM Store'n'Go SSD 1TB (53230);kb
Počítače, mobily a tablety > Pamäťové médiá > USB kľúče;100001048494;VERBATIM Store'n'Go SSD 256GB (53249);kb
Počítače, mobily a tablety > Pamäťové médiá > USB kľúče;100001048495;VERBATIM Store'n'Go SSD 512GB (53250);kb
Počítače, mobily a tablety > Pamäťové médiá > USB kľúče;100002073179;VERBATIM External SSD 1TB (47444);kb
Počítače, mobily a tablety > Pamäťové médiá > USB kľúče;100002103743;VERBATIM Slim Portable SSD 256GB (32180);kb
Počítače, mobily a tablety > Pamäťové médiá > USB kľúče;100002103744;VERBATIM Slim Portable SSD 512GB (32181);kb
Počítače, mobily a tablety > Pamäťové médiá > USB kľúče;100002103745;VERBATIM Slim Portable SSD 1TB (32182);kb
Počítače, mobily a tablety > Pamäťové médiá > USB kľúče;100002134904;VERBATIM Diamond SSD 512GB G2 (32024);kb
Počítače, mobily a tablety > Pamäťové médiá > USB kľúče;100002134905;VERBATIM Diamond SSD 1TB G2 (32025);kb
Počítače, mobily a tablety > Pamäťové médiá > USB kľúče;100002134906;VERBATIM Diamond SSD 2TB G2 (32026);kb
Počítače, mobily a tablety > Pamäťové médiá > USB kľúče;100002136869;Kingston 128GBmicroSDXC U3V30 A2 200MB/s;kb
Počítače, mobily a tablety > Pamäťové médiá > USB kľúče;100002154292;Kingston Canvas Select Plus/Micro 64GB;kb
Počítače, mobily a tablety > Pamäťové médiá > USB kľúče;100002154294;Kingston Canvas Select Plus/Micro 128GB;kb
Počítače, mobily a tablety > Pamäťové médiá > USB kľúče;100002154297;Kingston Canvas Select Plus 64GB;kb
Počítače, mobily a tablety > Pamäťové médiá > USB kľúče;100002154308;Kingston Canvas Select Plus 128GB;kb
Počítače, mobily a tablety > Pamäťové médiá > USB kľúče;100002154311;Kingston Canvas Select Plus/Micro 512GB;kb
Počítače, mobily a tablety > Pamäťové médiá > USB kľúče;210540265039;VERBATIM Store'n'Go 1TB Black (53023);kb
Počítače, mobily a tablety > Pamäťové médiá > USB kľúče;210540315039;VERBATIM Store'n'Go 1TB Silver (53071);kb
Počítače, mobily a tablety > Pamäťové médiá > USB kľúče;210540355039;VERBATIM Store'n'Go 2TB Black (53177);kb
Počítače, mobily a tablety > Pamäťové médiá > USB kľúče;210540415039;VERBATIM Store 1TB G2 Black (53194);kb
Počítače, mobily a tablety > Pamäťové médiá > USB kľúče;210540435039;VERBATIM Store 1TB G2 Silver (53197);kb
Počítače, mobily a tablety > Pamäťové médiá > USB kľúče;210540445039;VERBATIM Store 1TB G2 Blue (53200);kb
Počítače, mobily a tablety > Pamäťové médiá > USB kľúče;210540455039;VERBATIM Store 1TB G2 Red (53203);kb
Počítače, mobily a tablety > Pamäťové médiá > USB kľúče;210540465039;VERBATIM Store 2TB G2 Silver (53198);kb
Počítače, mobily a tablety > Pamäťové médiá > USB kľúče;700000405039;VERBATIM Store'n'Go 2TB Silver (53189);kb
Počítače, mobily a tablety > Pamäťové médiá > USB kľúče;700001185039;VERBATIM 44084 microSDXC 64GB cl10 adapt;kb
Počítače, mobily a tablety > Pamäťové médiá > USB kľúče;700001255039;VERBATIM 43962 SDHC 16GB class 10;kb
Počítače, mobily a tablety > Pamäťové médiá > USB kľúče;700010045039;VERBATIM 44082 microSDHC 16GB cl10 adapt;kb
Počítače, mobily a tablety > Pamäťové médiá > USB kľúče;700010055039;VERBATIM 44083 microSDHC 32GB cl10 adapt;kb
Počítače, mobily a tablety > Tablety;083765;Stativ pre tablet NEEWER X12II;innpro
Profesionálna audio technika;801C3;JTS 801C3 Pripojovací kábel;monacor
Profesionálna audio technika;801C3/B;JTS 801C3/B Pripájací kábel;monacor
Profesionálna audio technika;801C4;JTS 801C4 Pripájací kábel;monacor
Profesionálna audio technika;801C4/B;JTS 801C4/B Pripájací kábel;monacor
Profesionálna audio technika;801CS;JTS 801CS Pripojovací kábel;monacor
Profesionálna audio technika;801TG;JTS 801TG Pripojovací kábel, 1,5 m, pravouhlý konektor;monacor
Profesionálna audio technika;ADP-AES3-2X2;ORG ADP-AES3-2X2 Dante® AVIO AES3/EBU adaptér;monacor
Profesionálna audio technika;ADP-BT-AU-2X1;ORG ADP-BT-AU-2X1 Dante<sup>®</sup> AVIO Bluetooth adapter;monacor
Profesionálna audio technika;ADP-DAI-1X0;ORG ADP-DAI-1X0 Dante ® AVIO analógový vstupný adaptér;monacor
Profesionálna audio technika;ADP-DAI-2X0;ORG ADP-DAI-2X0 Dante® AVIO analógový vstupný adaptér;monacor
Profesionálna audio technika;ADP-DAO-0X1;ORG ADP-DAO-0X1 Dante ® AVIO analógový výstupný adaptér;monacor
Profesionálna audio technika;ADP-DAO-0X2;ORG ADP-DAO-0X2 Dante® AVIO analógový výstupný adaptér;monacor
Profesionálna audio technika;ADP-USB-2X2;ORG ADP-USB-2X2 Dante® AVIO USB adaptér;monacor
Profesionálna audio technika;ADP-USBC-2X2;ORG ADP-USBC-2X2 Dante<sup>®</sup> AVIO USB adaptér, Typ C™;monacor
Profesionálna audio technika;AH-101;Monacor AH-101 Úžitkové puzdro;monacor
Profesionálna audio technika;AH-101/SW;Monacor AH-101/SW Úžitkové puzdro, 103 x 36.5 x 107 mm, black;monacor
Profesionálna audio technika;AH-102;Monacor AH-102 Úžitkové puzdro, 103 x 36.5 x 167 mm;monacor
Profesionálna audio technika;AH-102/SW;Monacor AH-102/SW Úžitkové puzdro, 103 x 36.5 x 167 mm, black;monacor
Profesionálna audio technika;AH-103;Monacor AH-103 Úžitkové puzdro, 103 x 36.5 x 207 mm;monacor
Profesionálna audio technika;AH-61;Monacor AH-61 Úžitkové puzdro, 65 x 36.5 x 107 mm;monacor
Profesionálna audio technika;AH-61/SW;Monacor AH-61/SW Úžitkové puzdro, 65 x 36.5 x 107 mm, black;monacor
Profesionálna audio technika;AH-62;Monacor AH-62 Úžitkové puzdro, 65 x 36.5 x 167 mm;monacor
Profesionálna audio technika;AH-62/SW;Monacor AH-62/SW Úžitkové puzdro, 65 x 36.5 x 167 mm, black;monacor
Profesionálna audio technika;AH-63;Monacor AH-63 Úžitkové puzdro, 65 x 36.5 x 207 mm;monacor
Profesionálna audio technika;AH-63/SW;Monacor AH-63/SW Úžitkové puzdro, 65 x 36.5 x 207 mm, čierne;monacor
Profesionálna audio technika;AIRMT-85;Monacor AIRMT-85 Špičkový výškový reproduktor Air Motion Transformer, 20 W, 4 Ω;monacor
Profesionálna audio technika;AKB-160;Monacor AKB-160 PA zosilňovač;monacor
Profesionálna audio technika;AKB-160DT;Monacor AKB-160DT PA zosilňovač;monacor
Profesionálna audio technika;AKB-60;Monacor AKB-60 Aktívny reproduktorový modul, mono, 45 W na 4 Ω;monacor
Profesionálna audio technika;AMBERO;MacMa AMBERO Led Lighting Effects;monacor
Profesionálna audio technika;AMBERT;MacMa AMBERT Led Lighting Effects;monacor
Profesionálna audio technika;AMBIENT-T6/W;LAUD AMBIENT-T6/W Stropný reproduktor 100 V, 30 W, 6,5″, biely;monacor
Profesionálna audio technika;AR-30;Monacor AR-30 Budič / rezonátor odolný voči počasiu, 8 Ω;monacor
Profesionálna audio technika;AR-50;Monacor AR-50 Budič / rezonátor odolný voči počasiu, 8 Ω;monacor
Profesionálna audio technika;ARCHITDMXEXT10M;Evoli ARCHITDMXEXT10M Led Architectural Projector;monacor
Profesionálna audio technika;ARCHITECH150;Evoli ARCHITECH150 Led Architectural Projector;monacor
Profesionálna audio technika;ARCHITECH270;Evoli ARCHITECH270 Led Architectural Projector;monacor
Profesionálna audio technika;ARCHITECH600;Evoli ARCHITECH600 Led Architectural Projector;monacor
Profesionálna audio technika;ARCHITPOWEXT10M;Evoli ARCHITPOWEXT10M Lighting Accessories;monacor
Profesionálna audio technika;ARCHITPOWEXT5M;Evoli ARCHITPOWEXT5M Lighting Accessories;monacor
Profesionálna audio technika;ARM-880;Monacor ARM-880 Audio matrix router;monacor
Profesionálna audio technika;ARM-880RC;Monacor ARM-880RC PA zónový pagingový mikrofón;monacor
Profesionálna audio technika;ARM-880RCE;Monacor ARM-880RCE 8-zónový rozširovací modul;monacor
Profesionálna audio technika;ARM-880WP1;Monacor ARM-880WP1 Nástenný modul;monacor
Profesionálna audio technika;ARM-880WP2;Monacor ARM-880WP2 Nástenný modul;monacor
Profesionálna audio technika;ATS-12CB;Monacor ATS-12CB Taška s integrovanou funkciou nabíjania;monacor
Profesionálna audio technika;ATS-12HT;Monacor ATS-12HT Mikrofón s integrovaným vysielačom;monacor
Profesionálna audio technika;ATS-16PS;Monacor ATS-16PS Inteligentná PWM rýchlonabíjacia stanica;monacor
Profesionálna audio technika;ATS-20R;Monacor ATS-20R 16-kanálový miniatúrny prijímač;monacor
Profesionálna audio technika;ATS-20T;Monacor ATS-20T ATS-20T, 16-kanálový miniatúrny vysielač;monacor
Profesionálna audio technika;ATS-22R;Monacor ATS-22R 16-kanálový miniatúrny prijímač;monacor
Profesionálna audio technika;ATS-22T;Monacor ATS-22T 16-kanálový miniatúrny vysielač;monacor
Profesionálna audio technika;ATS-36C;Monacor ATS-36C Transportný kufor s inteligentnou funkcou rýchleho nabíjania PWM;monacor
Profesionálna audio technika;ATS-80R;Monacor ATS-80R 42-kanálový prijímač PLL;monacor
Profesionálna audio technika;ATS-80T;Monacor ATS-80T 42-kanálový PLL vysielač;monacor
Profesionálna audio technika;ATS-825C;Monacor ATS-825C Transportné puzdro s integrovanou funkciou nabíjania, 25 portov;monacor
Profesionálna audio technika;ATS-85PS;Monacor ATS-85PS Nabíjacia stanicca, 5 portov;monacor
Profesionálna audio technika;ATT-1950;"Monacor ATT-1950 6-pásmový ovládač hlasitosti PA pre 482 mm (19"") inštaláciu do racku";monacor
Profesionálna audio technika;ATT-200;Monacor ATT-200 Krabica pod omietku;monacor
Profesionálna audio technika;ATT-2100/WS;Monacor ATT-2100/WS Nástenný ovládač hlasitosti PA, 100 W;monacor
Profesionálna audio technika;ATT-2100H/WS;Monacor ATT-2100H/WS Nástenné ovládanie hlasitosti PA, 100 W;monacor
Profesionálna audio technika;ATT-212/WS;Monacor ATT-212/WS Nástenný ovládač hlasitosti PA, 12 W;monacor
Profesionálna audio technika;ATT-212H/WS;Monacor ATT-212H/WS Nástenné ovládanie hlasitosti PA, 12 W;monacor
Profesionálna audio technika;ATT-224/WS;Monacor ATT-224/WS Nástenný ovládač hlasitosti PA, 24 W;monacor
Profesionálna audio technika;ATT-224H/WS;Monacor ATT-224H/WS Nástenné ovládanie hlasitosti PA, 24 W;monacor
Profesionálna audio technika;ATT-250H/WS;Monacor ATT-250H/WS Nástenné ovládanie hlasitosti PA, 50 W;monacor
Profesionálna audio technika;ATT-300;Monacor ATT-300 Krabica pod omietku;monacor
Profesionálna audio technika;ATT-306PEU;Monacor ATT-306PEU Nástenný ovládač hlasitosti PA s núdzovým prioritným relé 24 V, 6 W;monacor
Profesionálna audio technika;ATT-324PEU;Monacor ATT-324PEU Nástenný ovládač hlasitosti PA s núdzovým prioritným relé 24 V, 24 W;monacor
Profesionálna audio technika;ATT-325ST;Monacor ATT-325ST Stereo ovládač hlasitosti;monacor
Profesionálna audio technika;ATT-336PEU;Monacor ATT-336PEU Nástenný ovládač hlasitosti PA s núdzovým prioritným relé 24 V, 36 W;monacor
Profesionálna audio technika;ATT-350PEU;Monacor ATT-350PEU Nástenný ovládač hlasitosti PA s núdzovým prioritným relé 24 V, 50 W;monacor
Profesionálna audio technika;ATT-500PD;Monacor ATT-500PD Montážny rám;monacor
Profesionálna audio technika;ATT-506PEU;Monacor ATT-506PEU Nástenný ovládač hlasitosti PA s núdzovým prioritným relé 24 V, 6 W;monacor
Profesionálna audio technika;ATT-5100PEU;Monacor ATT-5100PEU Nástenný ovládač hlasitosti PA s núdzovým prioritným relé 24 V, 100 W;monacor
Profesionálna audio technika;ATT-512PEU;Monacor ATT-512PEU Nástenný ovládač hlasitosti PA s núdzovým prioritným relé 24 V, 12 W;monacor
Profesionálna audio technika;ATT-524PEU;Monacor ATT-524PEU Nástenný PA ovládač hlasitosti s 24V núdzovým prioritoným relé, 24 W;monacor
Profesionálna audio technika;AUDIOPOINT-3;ORG AUDIOPOINT-3 Audio streamer;monacor
Profesionálna audio technika;AURORA150;MacMa AURORA150 Moving Heads Spot;monacor
Profesionálna audio technika;BAG-12M;IMG Stage Line BAG-12M Ochranný obal pre MEGA-112MK2, MEGA-DSP12, MOVE-12;monacor
Profesionálna audio technika;BARLED18X3WRGB;Ghost BARLED18X3WRGB Led Bar;monacor
Profesionálna audio technika;BARSTAND;BoomTone DJ BARSTAND Lighting Accessories;monacor
Profesionálna audio technika;BASESCREW10MM;Elokance BASESCREW10MM Other Speaker Spare Parts;monacor
Profesionálna audio technika;BASYS-RD-6-GP;Behringer RD-6-GP;basys
Profesionálna audio technika;BASYS-RD-6-LM;Behringer RD-6-LM;basys
Profesionálna audio technika;BASYS-TD-3-BU;Behringer TD-3-BU	syntetizátor;basys
Profesionálna audio technika;BASYS-TD-3-GP;Behringer TD-3-GP	syntetizátor;basys
Profesionálna audio technika;BASYS-VOCODER VC340;Behringer VOCODER VC340 analógový vokóder;basys
Profesionálna audio technika;BEAMBAR;BoomTone DJ BEAMBAR Led Bar;monacor
Profesionálna audio technika;BEAMLINE;MacMa BEAMLINE Led Lighting Effects;monacor
Profesionálna audio technika;BEEFXLZR;BoomTone DJ BEEFXLZR Led Lighting Effects;monacor
Profesionálna audio technika;BK-4MCDE/2BE;Panasonic BK-4MCDE/2BE Eneloop rechargeable batteries, AAA size, pack of 2, PANASONIC;monacor
Profesionálna audio technika;BP-100G;Monacor BP-100G Dvojica banánových zástrčiek pre reproduktory, 4 mm;monacor
Profesionálna audio technika;BP-104;Monacor BP-104 Dvojica banánových zástrčiek pre reproduktory, 4 mm;monacor
Profesionálna audio technika;BP-150;Monacor BP-150 Dvojica banánových zástrčiek pre reproduktory, 4.5 mm;monacor
Profesionálna audio technika;BP-260G;Monacor BP-260G Dvojica reproduktorových pólových svoriek;monacor
Profesionálna audio technika;BP-360/SW;Monacor BP-360/SW Reproduktorová svorka;monacor
Profesionálna audio technika;BP-405G;Monacor BP-405G Dvojica reproduktorových pólových svoriek;monacor
Profesionálna audio technika;BP-410;Monacor BP-410 Dvojica reproduktorových pólových svoriek;monacor
Profesionálna audio technika;BP-420;Monacor BP-420 Dvojica reproduktorových pólových svoriek;monacor
Profesionálna audio technika;BP-500G;Monacor BP-500G Dvojica reproduktorových pólových svoriek;monacor
Profesionálna audio technika;BP-520G;Monacor BP-520G Pár high-end pólových svoriek reproduktorov;monacor
Profesionálna audio technika;BR-30HP;Monacor BR-30HP Bassreflexová trubica, SV=6.6 cm2;monacor
Profesionálna audio technika;BR-45TR;Monacor BR-45TR Bassreflexová trubica, SV=13.8 cm2;monacor
Profesionálna audio technika;BR-50;Monacor BR-50 Bass rocker, 50 W, 4 Ω;monacor
Profesionálna audio technika;BUBBLEFLUID1L;BoomTone DJ BUBBLEFLUID1L Fluids;monacor
Profesionálna audio technika;BUBBLEFLUID20L;BoomTone DJ BUBBLEFLUID20L Fluids;monacor
Profesionálna audio technika;BUBBLEFLUID5L;BoomTone DJ BUBBLEFLUID5L Fluids;monacor
Profesionálna audio technika;CC-313;Monacor CC-313 Testovacie káble;monacor
Profesionálna audio technika;CD-114/BT;Monacor CD-114/BT CD and MP3 player;monacor
Profesionálna audio technika;CF-120M/BB;ORG CF-120M/BB Axiálny ventilátor;monacor
Profesionálna audio technika;CH-2;JTS CH-2 Nabíjacia stanica;monacor
Profesionálna audio technika;CIRRUS1000;BoomTone DJ CIRRUS1000 Heavy Fog Machine;monacor
Profesionálna audio technika;CLEANERFLUID1L;BoomTone DJ CLEANERFLUID1L Fluids;monacor
Profesionálna audio technika;CLEANERFLUID250M;BoomTone DJ CLEANERFLUID250M Fluids;monacor
Profesionálna audio technika;CM-125IF;JTS CM-125IF Elektretový klopový mikrofón;monacor
Profesionálna audio technika;CM-214F;JTS CM-214F Elektretový náhlavový mikrofón;monacor
Profesionálna audio technika;CM-214ULF;JTS CM-214ULF Elektretový náhlavový mikrofón;monacor
Profesionálna audio technika;CM-501;JTS CM-501 Elektretový klopový mikrofón;monacor
Profesionálna audio technika;CM-502G12B;JTS CM-502G12B Závesný elektretový mikrofón;monacor
Profesionálna audio technika;CM-502G6W;JTS CM-502G6W Závesný elektretový mikrofón;monacor
Profesionálna audio technika;CM-502WT;JTS CM-502WT Závesný elektretový mikrofón;monacor
Profesionálna audio technika;CM-503N/B;JTS CM-503N/B Elektretový mikrofón pre pevné inštalácie;monacor
Profesionálna audio technika;CM-503N/W;JTS CM-503N/W Elektretový mikrofón pre pevné inštalácie;monacor
Profesionálna audio technika;CM-503U/B;JTS CM-503U/B Elektretový mikrofón pre pevné inštalácie;monacor
Profesionálna audio technika;CM-503U/W;JTS CM-503U/W Elektretový mikrofón pre pevné inštalácie;monacor
Profesionálna audio technika;CM-601;JTS CM-601 Elektretový boundary mikrofón;monacor
Profesionálna audio technika;CM-801F;JTS CM-801F Elektretový náhlavový mikrofón;monacor
Profesionálna audio technika;CM-804IF;JTS CM-804IF Elektretový náhlavový mikrofón;monacor
Profesionálna audio technika;COLORBAR9X3WRGB;BoomTone DJ COLORBAR9X3WRGB Led Bar;monacor
Profesionálna audio technika;COLORPIX24X3WRGB;BoomTone DJ COLORPIX24X3WRGB Led Bar;monacor
Profesionálna audio technika;CP-5/SW;Monacor CP-5/SW PA terminál;monacor
Profesionálna audio technika;CR-123;Panasonic CR-123 Lítiová batéria, foto;monacor
Profesionálna audio technika;CS-1CH;JTS CS-1CH Predsednícka mikrofónna stanica;monacor
Profesionálna audio technika;CS-1CU;JTS CS-1CU Ovládacia jednotka, ústredňa konferenčného systému;monacor
Profesionálna audio technika;CS-1DU;JTS CS-1DU Mikrofónna stanica pre účastníkov konferencie;monacor
Profesionálna audio technika;CS-4;JTS CS-4 Automatický mixer mikrofónov;monacor
Profesionálna audio technika;CS-8;JTS CS-8 Automatický mixer mikrofónov;monacor
Profesionálna audio technika;CS-Q120;ARVOX CS-Q120 Stĺpový reproduktor 240Wrms;monacor
Profesionálna audio technika;CST-5;Monacor CST-5 Odizolovacie kliešte;monacor
Profesionálna audio technika;CT-3;Monacor CT-3 Tester káblov;monacor
Profesionálna audio technika;CTG-1NOISE;Monacor CTG-1NOISE XLR tester, 48 V;monacor
Profesionálna audio technika;CTG-1SINE;Monacor CTG-1SINE XLR tester, 48 V;monacor
Profesionálna audio technika;CU-4;Monacor CU-4 4-kanálový bezdrôtový LED ovládač;monacor
Profesionálna audio technika;D7P-1;JTS D7P-1 Predlžovací kábel, 1 m;monacor
Profesionálna audio technika;D7P-10;JTS D7P-10 Predlžovací kábel,  10 m;monacor
Profesionálna audio technika;D7P-20;JTS D7P-20 Predlžovací kábel,  20 m;monacor
Profesionálna audio technika;D7P-3;JTS D7P-3 Extension cable, 3 m;monacor
Profesionálna audio technika;D7P-5;JTS D7P-5 Extension cable, 5 m;monacor
Profesionálna audio technika;DA-10-260/T;ORG DA-10-260/T Zvukový projektor PA odolný voči poveternostným vplyvom na stenu s certifikátom EN 54-24;monacor
Profesionálna audio technika;DA-P20-130/T;ORG DA-P20-130/T Zvukový projektor PA odolný voči poveternostným vplyvom na stenu s certifikátom EN 54-24;monacor
Profesionálna audio technika;DADC-144DT;Monacor DADC-144DT 4-kanálový Dante® vysielač;monacor
Profesionálna audio technika;DH-10;Monacor DH-10 Tlakový reproduktor;monacor
Profesionálna audio technika;DH-95N;Monacor DH-95N Dynamický ručný mikrofón;monacor
Profesionálna audio technika;DH-95NP;Monacor DH-95NP Dynamický ručný mikrofón;monacor
Profesionálna audio technika;DIVA-SIMONE;Monacor DIVA-SIMONE Reproduktorová stavebnica;monacor
Profesionálna audio technika;DMP-102;Monacor DMP-102 Vkladací modul kompaktného prehrávača MP3;monacor
Profesionálna audio technika;DMP-130MIXBT;Monacor DMP-130MIXBT MP3 prehrávač a mikrofónny linkový mixpult;monacor
Profesionálna audio technika;DMT-4010RMS;Monacor DMT-4010RMS Digitálny multimeter;monacor
Profesionálna audio technika;DMT-4CC;Monacor DMT-4CC Mäkká transportná taška;monacor
Profesionálna audio technika;DN-20;Monacor DN-20 2-pásmová frekvenčná výhybka pre 8 Ω;monacor
Profesionálna audio technika;DN-2618P;Monacor DN-2618P 2-pásmová frekvenčná výhybka pre 8 Ω;monacor
Profesionálna audio technika;DOUBLESPINSPARK;Evoli DOUBLESPINSPARK Fireworks Machine;monacor
Profesionálna audio technika;DR-463;ORG DR-463 Adaptér internetového rádia WLAN s DLNA, DAB+, FM a bluetooth;monacor
Profesionálna audio technika;DRM-884;Monacor DRM-884 Audio matrix router;monacor
Profesionálna audio technika;DRM-884DTM;Monacor DRM-884DTM Dante® modul;monacor
Profesionálna audio technika;DRM-884IOP;Monacor DRM-884IOP Nástenný modul I/O;monacor
Profesionálna audio technika;DRM-884RC;Monacor DRM-884RC PA zónový paging mikrofón;monacor
Profesionálna audio technika;DRM-884VAP;Monacor DRM-884VAP Nástenný modul pre ovládanie hlasitosti s audio výstupom;monacor
Profesionálna audio technika;DRM-884VP;Monacor DRM-884VP Nástenný modul pre ovládanie hlasitosti;monacor
Profesionálna audio technika;DT-100;Monacor DT-100 Hi-fi kopulový výškový reproduktor, 30 W, 8 Ω;monacor
Profesionálna audio technika;DT-107;Monacor DT-107 Hi-fi kupolový výškový reproduktor, 80 W, 8 Ω;monacor
Profesionálna audio technika;DT-140;Monacor DT-140 Hi-fi výškový reproduktor, 80 WMAX, 40 WRMS, 4 Ω;monacor
Profesionálna audio technika;DT-19SU;Monacor DT-19SU Hi-fi kupolový výškový reproduktor, 50 W, 8 Ω;monacor
Profesionálna audio technika;DT-28N;NR1 DT-28N Neodymový hi-fi výškový reproduktor, 50 W, 8 Ω;monacor
Profesionálna audio technika;DT-99;Monacor DT-99 Hi-fi kupolový výškový reproduktor, 40 W, 8 Ω;monacor
Profesionálna audio technika;DTM-104/4;Monacor DTM-104/4 Hi-fi kupolové výškové reproduktory, 45 W, 8 Ω (/8) a 4 Ω (/4);monacor
Profesionálna audio technika;E-7BPSET/5;JTS E-7BPSET/5 UHF PLL sada na prenos zvuku;monacor
Profesionálna audio technika;E-7BPSETD/5;JTS E-7BPSETD/5 UHF PLL sada na prenos zvuku;monacor
Profesionálna audio technika;E-7HHSET/5;JTS E-7HHSET/5 UHF PLL sada na prenos zvuku;monacor
Profesionálna audio technika;E-7HHSETD/5;JTS E-7HHSETD/5 Dvojkanálová UHF PLL sada na prenos zvuku;monacor
Profesionálna audio technika;E-7TB/5;JTS E-7TB/5 UHF PLL vreckový vysielač s klopovým (lavalierovým) mikrofónom;monacor
Profesionálna audio technika;E-7TH/5;JTS E-7TH/5 Dynamický rúčkový UHF PLL vysielač;monacor
Profesionálna audio technika;EAM-17DT;Monacor EAM-17DT PA desktop microphone (push-to-talk) with integrated Dante<sup>®</sup> module;monacor
Profesionálna audio technika;ECM-200;Monacor ECM-200 PA pultový mikrofón;monacor
Profesionálna audio technika;ECM-310P;Monacor ECM-310P PA pultový mikrofón;monacor
Profesionálna audio technika;ECM-450;Monacor ECM-450 PA pultový mikrofón;monacor
Profesionálna audio technika;ECM-500;Monacor ECM-500 PA pultový mikrofón;monacor
Profesionálna audio technika;EDL-110/WS;Monacor EDL-110/WS Vodeodolný PA nástenný a stropný reproduktor;monacor
Profesionálna audio technika;EDL-116TW;Monacor EDL-116TW PA stropný reproduktor, 100 V;monacor
Profesionálna audio technika;EDL-118TW;Monacor EDL-118TW PA stropný reproduktor, 100 V;monacor
Profesionálna audio technika;EDL-11TW;Monacor EDL-11TW PA nástenné reproduktory;monacor
Profesionálna audio technika;EDL-11TW/SW;Monacor EDL-11TW/SW PA stropné reproduktory;monacor
Profesionálna audio technika;EDL-155;Monacor EDL-155 PA stropné reproduktory (odolné voči vplyvom počasia);monacor
Profesionálna audio technika;EDL-16;"Monacor EDL-16 PA stropný reproduktor, 15 cm (6"")";monacor
Profesionálna audio technika;EDL-165AB/WS;Monacor EDL-165AB/WS PA A/B stropný reproduktor;monacor
Profesionálna audio technika;EDL-165C/WS;Monacor EDL-165C/WS PA stropný reproduktor;monacor
Profesionálna audio technika;EDL-18;"Monacor EDL-18 PA stropný reproduktor, 20 cm (8"")";monacor
Profesionálna audio technika;EDL-22/WS;Monacor EDL-22/WS PA stropný reproduktor;monacor
Profesionálna audio technika;EDL-220/WS;Monacor EDL-220/WS PA nástenný a stropný reproduktor, odolný voči vplyvom počasia;monacor
Profesionálna audio technika;EDL-224ABC;Monacor EDL-224ABC PA A/B stropný reproduktor;monacor
Profesionálna audio technika;EDL-24;Monacor EDL-24 PA stropný reproduktor;monacor
Profesionálna audio technika;EDL-250/SW;Monacor EDL-250/SW PA zvukový projektor odolný voči poveternostným vplyvom, čierny;monacor
Profesionálna audio technika;EDL-250/WS;Monacor EDL-250/WS PA nástenný a stropný reproduktor, odolný voči počasiu;monacor
Profesionálna audio technika;EDL-250C/WS;Monacor EDL-250C/WS PA ceiling speaker;monacor
Profesionálna audio technika;EDL-255/WS;Monacor EDL-255/WS PA nástenný a stropný reproduktor;monacor
Profesionálna audio technika;EDL-26;Monacor EDL-26 PA stropný reproduktor;monacor
Profesionálna audio technika;EDL-28;Monacor EDL-28 PA stropný reproduktor;monacor
Profesionálna audio technika;EDL-310L;Monacor EDL-310L Super disperzný PA stropný reproduktor;monacor
Profesionálna audio technika;EDL-36TW;Monacor EDL-36TW PA stropný reproduktor;monacor
Profesionálna audio technika;EDL-412/SW;Monacor EDL-412/SW PA reproduktor odolný voči poveternostným vplyvom, čierny;monacor
Profesionálna audio technika;EDL-412/WS;Monacor EDL-412/WS Guľový PA reproduktor odolný voči poveternostným vplyvom;monacor
Profesionálna audio technika;EDL-416EN/WS;Monacor EDL-416EN/WS Guľový reproduktor PA odolný voči vlhkosti;monacor
Profesionálna audio technika;EDL-420/SW;Monacor EDL-420/SW Guľový reproduktor PA odolný voči poveternostným vplyvom, čierny;monacor
Profesionálna audio technika;EDL-420/WS;Monacor EDL-420/WS Guľový reproduktor PA odolný voči poveternostným vplyvom;monacor
Profesionálna audio technika;EDL-42HQ;Monacor EDL-42HQ Hi-fi nástenný a stropný reproduktor, 15 W, 100 V, 8Ohm;monacor
Profesionálna audio technika;EDL-430/WS;Monacor EDL-430/WS Guľový PA reproduktor najvyššej kvality;monacor
Profesionálna audio technika;EDL-530EN/SW;Monacor EDL-530EN/SW PA pendant speaker;monacor
Profesionálna audio technika;EDL-530EN/WS;Monacor EDL-530EN/WS PA pendant speaker;monacor
Profesionálna audio technika;EDL-6;Monacor EDL-6 PA ceiling speaker, 8 W;monacor
Profesionálna audio technika;EDL-606;Monacor EDL-606 PA stropné reproduktory;monacor
Profesionálna audio technika;EDL-606EN;Monacor EDL-606EN PA stropné reproduktory;monacor
Profesionálna audio technika;EDL-612;Monacor EDL-612 PA podhľadový reproduktor;monacor
Profesionálna audio technika;EDL-612EN;Monacor EDL-612EN PA podhľadový reproduktor;monacor
Profesionálna audio technika;EDL-620;Monacor EDL-620 PA širokopásmový reproduktor;monacor
Profesionálna audio technika;EDL-620EN;Monacor EDL-620EN PA stropné reproduktory;monacor
Profesionálna audio technika;EDL-62HQ;Monacor EDL-62HQ PA hi-fi nástenný a stropný reproduktor, 30 W, 100 V;monacor
Profesionálna audio technika;EDL-65TW;Monacor EDL-65TW Nastaviteľný PA podhľadový reproduktor;monacor
Profesionálna audio technika;EDL-70/WS;Monacor EDL-70/WS PA stropný reproduktor;monacor
Profesionálna audio technika;EDL-706/12;Monacor EDL-706/12 PA stropný reproduktor;monacor
Profesionálna audio technika;EDL-80DT;Monacor EDL-80DT Aktívny 2-pásmový podomietkový stropný reproduktor s integrovaným modulom DANTE®;monacor
Profesionálna audio technika;EDL-82/WS;Monacor EDL-82/WS PA stropný reproduktor;monacor
Profesionálna audio technika;EDL-82HQ;Monacor EDL-82HQ PA hi-fi nástenný a stropný reproduktor, 30 W, 100 V;monacor
Profesionálna audio technika;EPS110/RS485;Monacor EPS110/RS485 MP3 player, DIN rail;monacor
Profesionálna audio technika;EPS30/100V-MI;Monacor EPS30/100V-MI 100 V PA amplifier, DIN rail;monacor
Profesionálna audio technika;ESP-1000AB;Monacor ESP-1000AB PA A/B nástenné reproduktory;monacor
Profesionálna audio technika;ESP-134/WS;Monacor ESP-134/WS PA wall speaker;monacor
Profesionálna audio technika;ESP-15/WS;Monacor ESP-15/WS PA hi-fi nástenné a stropné reproduktory;monacor
Profesionálna audio technika;ESP-152/WS;Monacor ESP-152/WS PA nástenný reproduktor;monacor
Profesionálna audio technika;ESP-157/WS;Monacor ESP-157/WS PA nástenný reproduktor;monacor
Profesionálna audio technika;ESP-17/WS;Monacor ESP-17/WS PA hi-fi nástenné a stropné reproduktory;monacor
Profesionálna audio technika;ESP-22/WS;Monacor ESP-22/WS PA hi-fi nástenné a stropné reproduktory;monacor
Profesionálna audio technika;ESP-250/WS;Monacor ESP-250/WS PA reproduktorové systémy;monacor
Profesionálna audio technika;ESP-315/SW;Monacor ESP-315/SW 2-pásmový PA nástenný reproduktorový systém, čierny;monacor
Profesionálna audio technika;ESP-315/WS;Monacor ESP-315/WS 2-pásmový PA nástenný reproduktorový systém, biely;monacor
Profesionálna audio technika;ESP-32/WS;Monacor ESP-32/WS PA hi-fi nástenné a stropné reproduktory;monacor
Profesionálna audio technika;ESP-360/WS;Monacor ESP-360/WS PA nástenný reproduktor;monacor
Profesionálna audio technika;ESP-50AB/WS;Monacor ESP-50AB/WS PA A/B nástenný reproduktor;monacor
Profesionálna audio technika;ESP-50EN/WS;Monacor ESP-50EN/WS PA nástenný reproduktor;monacor
Profesionálna audio technika;ESP-60/WS;Monacor ESP-60/WS ESP-60/WS, PA nástenný reproduktor;monacor
Profesionálna audio technika;ESP-62/WS;Monacor ESP-62/WS PA nástenný reproduktor;monacor
Profesionálna audio technika;ESP-62AB/WS;Monacor ESP-62AB/WS PA A/B nástenný reproduktor;monacor
Profesionálna audio technika;ESP-63/WS;Monacor ESP-63/WS PA nástenný reproduktor;monacor
Profesionálna audio technika;ESP-70/WS;Monacor ESP-70/WS PA nástenný reproduktor;monacor
Profesionálna audio technika;ESP-72/WS;Monacor ESP-72/WS PA nástenný reproduktor;monacor
Profesionálna audio technika;ESP-80/WS;Monacor ESP-80/WS PA nástenný reproduktor;monacor
Profesionálna audio technika;ESP-8U;Monacor ESP-8U PA nástenný a stropný reproduktor pre zapustenú montáž;monacor
Profesionálna audio technika;ESP-90/WS;Monacor ESP-90/WS PA nástenný reproduktor;monacor
Profesionálna audio technika;ESUB-6W/SW;DIV ESUB-6W/SW Nástenný PA subwoofer, 2 x 60 W, čierny;monacor
Profesionálna audio technika;ETS-120SL/WS;Monacor ETS-120SL/WS Dvojica tenkých reproduktorových sústav v extrudovaných hliníkových boxoch;monacor
Profesionálna audio technika;ETS-210TW/WS;Monacor ETS-210TW/WS PA stĺpové reproduktory, hliníkové, slimline, odolné voči počasiu;monacor
Profesionálna audio technika;ETS-215/WS;Monacor ETS-215/WS PA stĺpové reproduktory;monacor
Profesionálna audio technika;ETS-230/WS;Monacor ETS-230/WS PA stĺpové reproduktory;monacor
Profesionálna audio technika;ETS-340TW/WS;Monacor ETS-340TW/WS Špičkové stĺpové reproduktor;monacor
Profesionálna audio technika;ETS-360TW/WS;Monacor ETS-360TW/WS Špičkové stĺpové reproduktory;monacor
Profesionálna audio technika;ETS-422TW/WS;Monacor ETS-422TW/WS PA stĺpové reproduktory odolné voči počasiu;monacor
Profesionálna audio technika;ETS-442TW/WS;Monacor ETS-442TW/WS PA stĺpové reproduktory odolné voči počasiu;monacor
Profesionálna audio technika;ETS-530TW/SW;Monacor ETS-530TW/SW PA stĺpové reproduktory;monacor
Profesionálna audio technika;ETS-530TW/WS;Monacor ETS-530TW/WS PA stĺpové reproduktory;monacor
Profesionálna audio technika;ETS-630DT;Monacor ETS-630DT Aktívny stĺpový reproduktor PA s modulom DANTE®;monacor
Profesionálna audio technika;EUL-2/SW;Monacor EUL-2/SW PA reproduktorový systém v 100 V linkovej technológii;monacor
Profesionálna audio technika;EUL-26/SW;Monacor EUL-26/SW Dvojice miniatúrnych PA reproduktorových systémov;monacor
Profesionálna audio technika;EUL-26/WS;Monacor EUL-26/WS Dvojice miniatúrnych PA reproduktorových systémov;monacor
Profesionálna audio technika;EUL-2SUB/SW;Monacor EUL-2SUB/SW Subwoofer v 100V linkovej technológii;monacor
Profesionálna audio technika;EVOBEAM100CR;Evoli EVOBEAM100CR Moving Heads Beam;monacor
Profesionálna audio technika;EVOBEAM100CRSET;Evoli EVOBEAM100CRSET Moving Heads Beam;monacor
Profesionálna audio technika;EVOBEAM60CR;Evoli EVOBEAM60CR Moving Heads Beam;monacor
Profesionálna audio technika;EVOCA30H;Helvia EVOCA30H 30W Outdoor Horn Speaker for PA Systems;monacor
Profesionálna audio technika;EVOSPARK600;Evoli EVOSPARK600 Fireworks Machine;monacor
Profesionálna audio technika;EVOSPARK600POWDER;Evoli EVOSPARK600POWDER Fluids;monacor
Profesionálna audio technika;EVOSPARKPOWDER50G;Evoli EVOSPARKPOWDER50G Fluids;monacor
Profesionálna audio technika;EVOSPOT100CR;Evoli EVOSPOT100CR Moving Heads Spot;monacor
Profesionálna audio technika;EVOSPOT100CRSET;Evoli EVOSPOT100CRSET Moving Heads Spot;monacor
Profesionálna audio technika;EVOSPOT60CR;Evoli EVOSPOT60CR Moving Heads Spot;monacor
Profesionálna audio technika;EVOWASH610CRZ;Evoli EVOWASH610CRZ Moving Heads Wash;monacor
Profesionálna audio technika;EVOWASH725CRZ;Evoli EVOWASH725CRZ Moving Heads Wash;monacor
Profesionálna audio technika;EVOWASH725CRZSET;Evoli EVOWASH725CRZSET Moving Heads Wash;monacor
Profesionálna audio technika;EVOWASH740ZSTRIP;Evoli EVOWASH740ZSTRIP Moving Heads Wash;monacor
Profesionálna audio technika;EX-1W;Monacor EX-1W Audio budič / rezonátor, 5 W, 8 Ω;monacor
Profesionálna audio technika;EX-40/4;Monacor EX-40/4 Audio budič / rezonátor, 20 W, 4 Ω;monacor
Profesionálna audio technika;EX-40/8;Monacor EX-40/8 Audio budič / rezonátor, 20 W, 8 Ω;monacor
Profesionálna audio technika;EZBOX4X15W;BoomTone DJ EZBOX4X15W Led Architectural Projector;monacor
Profesionálna audio technika;F1000PRO;BoomTone DJ F1000PRO Smoke Machine;monacor
Profesionálna audio technika;F1500PRO;BoomTone DJ F1500PRO Smoke Machine;monacor
Profesionálna audio technika;F3000DMX;BoomTone DJ F3000DMX Smoke Machine;monacor
Profesionálna audio technika;F400;BoomTone DJ F400 Smoke Machine;monacor
Profesionálna audio technika;FGM-170;JTS FGM-170 Stojanový mikrofón;monacor
Profesionálna audio technika;FIOLEBARBEAP20ML;BoomTone DJ FIOLEBARBEAP20ML Fluids;monacor
Profesionálna audio technika;FIOLECERISE20ML;BoomTone DJ FIOLECERISE20ML Fluids;monacor
Profesionálna audio technika;FIOLECOCO20ML;BoomTone DJ FIOLECOCO20ML Fluids;monacor
Profesionálna audio technika;FIOLEFRAISE20ML;BoomTone DJ FIOLEFRAISE20ML Fluids;monacor
Profesionálna audio technika;FIOLEPOMME20ML;BoomTone DJ FIOLEPOMME20ML Fluids;monacor
Profesionálna audio technika;FIOLEREDENE20ML;BoomTone DJ FIOLEREDENE20ML Fluids;monacor
Profesionálna audio technika;FIOLETUTTIF20ML;BoomTone DJ FIOLETUTTIF20ML Fluids;monacor
Profesionálna audio technika;FIOLEVANILLE20ML;BoomTone DJ FIOLEVANILLE20ML Fluids;monacor
Profesionálna audio technika;FLATPAR12X12W6IN1;MacMa FLATPAR12X12W6IN1 Led Par Cans;monacor
Profesionálna audio technika;FLATPAR7X12W6IN1;MacMa FLATPAR7X12W6IN1 Led Par Cans;monacor
Profesionálna audio technika;FLY-16R;IMG Stage Line FLY-16R 16-kanálový bezdrôtový PA audio prijímač;monacor
Profesionálna audio technika;FLY-16SET;IMG Stage Line FLY-16SET Sada 16-kanálového bezdrôtového prenosu zvuku PA;monacor
Profesionálna audio technika;FLY-16T;IMG Stage Line FLY-16T 16-kanálový bezdrôtový PA audio transmitter;monacor
Profesionálna audio technika;FOAMFLUIDSTD5L;BoomTone DJ FOAMFLUIDSTD5L Fluids;monacor
Profesionálna audio technika;FOGBLASTER1000;MacMa FOGBLASTER1000 Smoke Machine;monacor
Profesionálna audio technika;FOGBLASTER1000WHI;MacMa FOGBLASTER1000WHI Smoke Machine;monacor
Profesionálna audio technika;FOGBLASTER1500RGB;MacMa FOGBLASTER1500RGB Smoke Machine;monacor
Profesionálna audio technika;FOGFLUIDCO2EF5L;BoomTone DJ FOGFLUIDCO2EF5L Fluids;monacor
Profesionálna audio technika;FOGFLUIDEXTREM5L;BoomTone DJ FOGFLUIDEXTREM5L Fluids;monacor
Profesionálna audio technika;FOGFLUIDHIGH5L;BoomTone DJ FOGFLUIDHIGH5L Fluids;monacor
Profesionálna audio technika;FOGFLUIDPRO5L;Evoli FOGFLUIDPRO5L Fluids;monacor
Profesionálna audio technika;FOGFLUIDSTD1L;BoomTone DJ FOGFLUIDSTD1L Fluids;monacor
Profesionálna audio technika;FOGFLUIDSTD20L;BoomTone DJ FOGFLUIDSTD20L Fluids;monacor
Profesionálna audio technika;FOGFLUIDSTD250ML;BoomTone DJ FOGFLUIDSTD250ML Fluids;monacor
Profesionálna audio technika;FOGJETFLUIDIND5L;Evoli FOGJETFLUIDIND5L Smoke Machine;monacor
Profesionálna audio technika;FOGSPRAY3000RGB;MacMa FOGSPRAY3000RGB Smoke Machine;monacor
Profesionálna audio technika;FT3000;MacMa FT3000 Smoke Machine;monacor
Profesionálna audio technika;FUSION350BSW;Evoli FUSION350BSW Moving Heads Spot;monacor
Profesionálna audio technika;G-7SET;ORG G-7SET Pár profesionálnych dvojpásmových vysielačov a prijímačov, 446 MHz + 433 MHz;monacor
Profesionálna audio technika;GC-80;JTS GC-80 Gitarový/basový kábel;monacor
Profesionálna audio technika;GLS-301/GR;Monacor GLS-301/GR Záhradný reproduktor PA odolný voči poveternostným vplyvom “Rock”;monacor
Profesionálna audio technika;GM-5212;JTS GM-5212 Elektretový mikrofón na husom krku;monacor
Profesionálna audio technika;GM-5212DU;JTS GM-5212DU Dvojitý mikrofón na husom krku;monacor
Profesionálna audio technika;GM-5212L;JTS GM-5212L Elektretový mikrofón na husom krku s LED;monacor
Profesionálna audio technika;GM-5212LDU;JTS GM-5212LDU Dvojitý mikrofón na husom krku s LED;monacor
Profesionálna audio technika;GM-5212SW;JTS GM-5212SW Elektretový mikrofón na husom krku s tlačidlom on/off;monacor
Profesionálna audio technika;GM-5218;JTS GM-5218 Elektretový mikrofón na husom krku;monacor
Profesionálna audio technika;GM-5218L;JTS GM-5218L Elektretový mikrofón na husom krku s LED;monacor
Profesionálna audio technika;HANDY-3/HT;LAUD HANDY-3/HT Mobilný reproduktor s 1 ručným mikrofónom;monacor
Profesionálna audio technika;HAZEBOX2000XL;Evoli HAZEBOX2000XL Fog Machine;monacor
Profesionálna audio technika;HAZER2000;BoomTone DJ HAZER2000 Fog Machine;monacor
Profesionálna audio technika;HAZERFLUIDHIGH20L;BoomTone DJ HAZERFLUIDHIGH20L Fluids;monacor
Profesionálna audio technika;HAZERFLUIDHIGH5L;BoomTone DJ HAZERFLUIDHIGH5L Fluids;monacor
Profesionálna audio technika;HAZERFLUIDSTD20L;BoomTone DJ HAZERFLUIDSTD20L Fluids;monacor
Profesionálna audio technika;HAZERFLUIDSTD5L;BoomTone DJ HAZERFLUIDSTD5L Fluids;monacor
Profesionálna audio technika;HDR-60/24;ORG HDR-60/24 Switch-mode power supply, 60 W, 24 V, 2.5 A, DIN rail;monacor
Profesionálna audio technika;HEAVYFOG2000C;Evoli HEAVYFOG2000C Heavy Fog Machine;monacor
Profesionálna audio technika;HEAVYFOG2000P;Evoli HEAVYFOG2000P Heavy Fog Machine;monacor
Profesionálna audio technika;HEAVYFOG3000C;Evoli HEAVYFOG3000C Heavy Fog Machine;monacor
Profesionálna audio technika;HEAVYFOG3000P;Evoli HEAVYFOG3000P Heavy Fog Machine;monacor
Profesionálna audio technika;HEAVYFOG4000;Evoli HEAVYFOG4000 Heavy Fog Machine;monacor
Profesionálna audio technika;HF-140;Monacor HF-140 Gumená nožička;monacor
Profesionálna audio technika;HF-145;Monacor HF-145 Gumená nožička;monacor
Profesionálna audio technika;HF-160;Monacor HF-160 Gumená nožička;monacor
Profesionálna audio technika;HF-30;Monacor HF-30 Gumené nožičky, 20 ks.;monacor
Profesionálna audio technika;HF-50;Monacor HF-50 Gumené nožičky, 20 ks.;monacor
Profesionálna audio technika;HF-70;Monacor HF-70 Gumené nožičky, 20 ks.;monacor
Profesionálna audio technika;HMX-MIC;Helvia HMX-MIC Paging Microphone with Chimes and Zone Selection for HMX-44/44A;monacor
Profesionálna audio technika;HT-22/8;Monacor HT-22/8 Kužeľový výškový reproduktor, 10 W, 8 Ω;monacor
Profesionálna audio technika;HT-30;Monacor HT-30 Miniatúrny PA horn výškový reproduktor, 50 W, 8 Ω;monacor
Profesionálna audio technika;HT-88;Monacor HT-88 PA horn výškový reproduktor, 50 W, 8 Ω;monacor
Profesionálna audio technika;HT-958PA/SW;Monacor HT-958PA/SW Prstencový výškový reproduktor, 30 W, 8 Ω;monacor
Profesionálna audio technika;INFINIUM10000RGBF;Evoli INFINIUM10000RGBF Multicolor laser;monacor
Profesionálna audio technika;IP-FORMER;ORG IP-FORMER IP audio decoder;monacor
Profesionálna audio technika;IT-110;Monacor IT-110 Tlakový reproduktor;monacor
Profesionálna audio technika;IT-115;Monacor IT-115 Tlakový reproduktor, odolný voči poveternostným vplyvom;monacor
Profesionálna audio technika;IT-12D;JTS IT-12D Tlmočnícka konzola;monacor
Profesionálna audio technika;IT-12M;JTS IT-12M Tlmočnícky system, základná jednotka;monacor
Profesionálna audio technika;IT-130;Monacor IT-130 Tlakový reproduktor, odolný voči poveternostným vplyvom;monacor
Profesionálna audio technika;IT-130AK;Monacor IT-130AK Active horn speaker, weatherproof;monacor
Profesionálna audio technika;IT-15EN;Monacor IT-15EN Tlakové reproduktory, odolný voči počasiu;monacor
Profesionálna audio technika;IT-20;Monacor IT-20 Tlakový reproduktor, odolný voči poveternostným vplyvom;monacor
Profesionálna audio technika;IT-230/VC;Monacor IT-230/VC Náhradné hlasové cievky;monacor
Profesionálna audio technika;IT-250TW;Monacor IT-250TW 2-pásmový horn reproduktor (music horn), odolný voči počasiu;monacor
Profesionálna audio technika;IT-32EN;Monacor IT-32EN Tlakové reproduktory, odolný voči počasiu;monacor
Profesionálna audio technika;IT-33;Monacor IT-33 Tlakový reproduktor, odolný voči poveternostným vplyvom;monacor
Profesionálna audio technika;IT-35;Monacor IT-35 Tlakový reproduktor, odolný voči poveternostným vplyvom;monacor
Profesionálna audio technika;IT-350/EN;Monacor IT-350/EN 2-pásmový horn reproduktor (music horn), odolný voči počasiu;monacor
Profesionálna audio technika;IT-40;Monacor IT-40 Tlakový reproduktor, odolný voči poveternostným vplyvom;monacor
Profesionálna audio technika;IT-400DTM;Monacor IT-400DTM Weatherproof active 2-way horn speaker (music horn) with integrated Dante<sup>®</sup> module;monacor
Profesionálna audio technika;IT-400TW;Monacor IT-400TW 2-pásmový tlakový reproduktor, odolný voči poveternostným vplyvom;monacor
Profesionálna audio technika;ITH-300;Monacor ITH-300 Sada pre montáž na stĺp pre tlakové reproduktory alebo kamery, V2A;monacor
Profesionálna audio technika;IZY120WASH;MacMa IZY120WASH Moving Heads Wash;monacor
Profesionálna audio technika;IZY80SPOT;MacMa IZY80SPOT Moving Heads Spot;monacor
Profesionálna audio technika;IZYGLOWCHROCOVER;MacMa IZYGLOWCHROCOVER Led Architectural Projector;monacor
Profesionálna audio technika;IZYGLOWWHICOVER;MacMa IZYGLOWWHICOVER Led Architectural Projector;monacor
Profesionálna audio technika;JSS-20/5;JTS JSS-20/5 Dynamický rúčkový UHF PLL mikrofón;monacor
Profesionálna audio technika;KA-8TH/1;JTS KA-8TH/1 Dynamický rúčkový UHF PLL mikrofón;monacor
Profesionálna audio technika;KATANA-M1;Monacor KATANA-M1 Reproduktorová stavebnica;monacor
Profesionálna audio technika;KK61-200;KON KK61-200 Kontakt 61, sprej, 200 ml;monacor
Profesionálna audio technika;KN-11/SW;Monacor KN-11/SW Otočný gombík, čierna;monacor
Profesionálna audio technika;KN-130;Monacor KN-130 Otočný gombík, Ø 30 mm;monacor
Profesionálna audio technika;KN-15;Monacor KN-15 Otočný gombík, Ø 15 mm;monacor
Profesionálna audio technika;KN-42P/SI;Monacor KN-42P/SI Montážna podložka;monacor
Profesionálna audio technika;KP70-400;KON KP70-400 Plast 70, sprej, 400 ml;monacor
Profesionálna audio technika;KU-516;Monacor KU-516 Tlakový driver odolný voči počasiu;monacor
Profesionálna audio technika;KU-516/VC;Monacor KU-516/VC Náhradné hlasové cievky;monacor
Profesionálna audio technika;KU-616T;Monacor KU-616T Tlakový driver, odolný voči počasiu;monacor
Profesionálna audio technika;KU-616T/VC;Monacor KU-616T/VC Náhradné hlasové cievky;monacor
Profesionálna audio technika;KU-916T;Monacor KU-916T Tlakový driver, odolný voči počasiu;monacor
Profesionálna audio technika;KU-916T/VC;Monacor KU-916T/VC Náhradné hlasové cievky;monacor
Profesionálna audio technika;KUB255RGB;BoomTone DJ KUB255RGB Multicolor laser;monacor
Profesionálna audio technika;LA-40;Monacor LA-40 Aktívny loop zosilňovač pre miestnosti do 40 m2;monacor
Profesionálna audio technika;LASERBAR6X1000RGB;Evoli LASERBAR6X1000RGB Multicolor laser;monacor
Profesionálna audio technika;LASERBAR6X400RGB;Evoli LASERBAR6X400RGB Multicolor laser;monacor
Profesionálna audio technika;LASERBAR8X500RED;Evoli LASERBAR8X500RED Red laser;monacor
Profesionálna audio technika;LEDPAR7X10W5IN1;BoomTone DJ LEDPAR7X10W5IN1 Led Par Cans;monacor
Profesionálna audio technika;LIVEO-420PWH;"Helvia LIVEO-420PWH 4"" Waterproof 2-way Passive Wall-Mount Speaker Pair, White";monacor
Profesionálna audio technika;LIVEO-640PBK;"Helvia LIVEO-640PBK 6.5"" Waterproof 2-way Passive Wall-Mount Speaker Pair, Black";monacor
Profesionálna audio technika;LKB-1;Monacor LKB-1 Pripájací terminál;monacor
Profesionálna audio technika;LR-03;Panasonic LR-03 Alkalické batérie veľkosti AAA, PANASONIC;monacor
Profesionálna audio technika;LR-202;Monacor LR-202 Indukčný prijímač;monacor
Profesionálna audio technika;LS-14250;ORG LS-14250 Lítiová batéria;monacor
Profesionálna audio technika;LS-14500;ORG LS-14500 Lítiová batéria;monacor
Profesionálna audio technika;LSC-1000NP;Monacor LSC-1000NP Bipolárny elektrolytický kondenzátor 1.5-220 µF;monacor
Profesionálna audio technika;LSC-1500NP;Monacor LSC-1500NP Bipolárny elektrolytický kondenzátor 1.5-220 µF;monacor
Profesionálna audio technika;LSC-150NP;Monacor LSC-150NP Bipolárny elektrolytický kondenzátor 1.5-220 µF;monacor
Profesionálna audio technika;LSC-220NP;Monacor LSC-220NP Bipolárny elektrolytický kondenzátor 1.5-220 µF;monacor
Profesionálna audio technika;LSC-330NP;Monacor LSC-330NP Bipolárny elektrolytický kondenzátor 1.5-220 µF;monacor
Profesionálna audio technika;LSC-33NP;Monacor LSC-33NP Bipolárny elektrolytický kondenzátor 1.5-220 µF;monacor
Profesionálna audio technika;LSC-680NP;Monacor LSC-680NP Bipolárny elektrolytický kondenzátor 1.5-220 µF;monacor
Profesionálna audio technika;LSI-100T;Monacor LSI-100T Cievka s transformátorovým jadrom, 10 mH;monacor
Profesionálna audio technika;LSI-12T;Monacor LSI-12T Cievka s transformátorovým jadrom, 12 mH;monacor
Profesionálna audio technika;LSI-15T;Monacor LSI-15T Cievka s transformátorovým jadrom, 15 mH;monacor
Profesionálna audio technika;LSI-22T;Monacor LSI-22T Cievka s transformátorovým jadrom, 2,2 mH;monacor
Profesionálna audio technika;LSI-33T;Monacor LSI-33T Cievka s transformátorovým jadrom, 3,3 mH;monacor
Profesionálna audio technika;LSI-47T;Monacor LSI-47T Cievka s transformátorovým jadrom, 4,7 mH;monacor
Profesionálna audio technika;LSI-82T;Monacor LSI-82T Cievka s transformátorovým jadrom, 8,2 mH;monacor
Profesionálna audio technika;LSIF-330/1;Monacor LSIF-330/1 Feritová cievka, 3.3 mH;monacor
Profesionálna audio technika;LSIP-100;Monacor LSIP-100 Vzduchová cievka, 1.0 mH, Ø 1.2 mm;monacor
Profesionálna audio technika;LSIP-120;Monacor LSIP-120 Vzduchová cievka, 1.2 mH, Ø 1.2 mm;monacor
Profesionálna audio technika;LSIP-15/1;Monacor LSIP-15/1 Vzduchová cievka, 0.25 mH, Ø 1.0 mm;monacor
Profesionálna audio technika;LSIP-15/2;Monacor LSIP-15/2 Vzduchová cievka, 0.15 mH, Ø 0.85 mm;monacor
Profesionálna audio technika;LSIP-18/1;Monacor LSIP-18/1 Vzduchová cievka, 0.18 mH, Ø 1.0 mm;monacor
Profesionálna audio technika;LSIP-18/2;Monacor LSIP-18/2 Vzduchová cievka, 0.18 mH, Ø 0.85 mm;monacor
Profesionálna audio technika;LSIP-22;Monacor LSIP-22 Vzduchová cievka, 0.22 mH, Ø 1.2 mm;monacor
Profesionálna audio technika;LSIP-22/1;Monacor LSIP-22/1 Vzduchová cievka, 0.22 mH, Ø 1.0 mm;monacor
Profesionálna audio technika;LSIP-22/2;Monacor LSIP-22/2 Vzduchová cievka, 0.22 mH, Ø 0.85 mm;monacor
Profesionálna audio technika;LSIP-220/1;Monacor LSIP-220/1 Vzduchová cievka, 2.2 mH, Ø 1.0 mm;monacor
Profesionálna audio technika;LSIP-27/1;Monacor LSIP-27/1 Vzduchová cievka, 0.27 mH, Ø 1.0 mm;monacor
Profesionálna audio technika;LSIP-27/2;Monacor LSIP-27/2 Vzduchová cievka, 0.27 mH, Ø 0.85 mm;monacor
Profesionálna audio technika;LSIP-33/2;Monacor LSIP-33/2 Vzduchové cievky, 0.33 mH, Ø 0.85 mm;monacor
Profesionálna audio technika;LSIP-47;Monacor LSIP-47 Vzduchová cievka, 0.47 mH, Ø 1.2 mm;monacor
Profesionálna audio technika;LSIP-47/1;Monacor LSIP-47/1 Vzduchové cievky, 0.47 mH, Ø 1.0 mm;monacor
Profesionálna audio technika;LSIP-56;Monacor LSIP-56 Vzduchová cievka, 0.56 mH, Ø 1.2 mm;monacor
Profesionálna audio technika;LSIP-56/2;Monacor LSIP-56/2 Vzduchová cievka, 0.56 mH, Ø 0.85 mm;monacor
Profesionálna audio technika;LSIP-68;Monacor LSIP-68 Vzduchová cievka, 0.68 mH, Ø 1.2 mm;monacor
Profesionálna audio technika;LSIP-68/1;Monacor LSIP-68/1 Vzduchová cievka, 0.68 mH, Ø 1.0 mm;monacor
Profesionálna audio technika;LSIP-68/2;Monacor LSIP-68/2 Vzduchová cievka, 0.68 mH, Ø 0.85 mm;monacor
Profesionálna audio technika;LSIP-82/1;Monacor LSIP-82/1 Vzduchová cievka, 0.82 mH, Ø 1.0 mm;monacor
Profesionálna audio technika;LSR-100/20;Monacor LSR-100/20 Výkonný cementový odpor, 10 Ω, 20 W;monacor
Profesionálna audio technika;LSR-12/10;Monacor LSR-12/10 Výkonný cementový odpor, 1.2 Ω, 10 W;monacor
Profesionálna audio technika;LSR-120/10;Monacor LSR-120/10 Výkonný cementový odpor, 12 Ω, 10 W;monacor
Profesionálna audio technika;LSR-150/10;Monacor LSR-150/10 Výkonný cementový odpor, 15 Ω, 10 W;monacor
Profesionálna audio technika;LSR-150/20;Monacor LSR-150/20 Výkonný cementový odpor, 15 Ω, 20 W;monacor
Profesionálna audio technika;LSR-18/10;Monacor LSR-18/10 Výkonný cementový odpor, 10 W;monacor
Profesionálna audio technika;LSR-18/20;Monacor LSR-18/20 Výkonný cementový odpor, 1.8 Ω, 20 W;monacor
Profesionálna audio technika;LSR-180/10;Monacor LSR-180/10 Výkonný cementový odpor, 18 Ω, 10 W;monacor
Profesionálna audio technika;LSR-180/20;Monacor LSR-180/20 Výkonný cementový odpor, 18 Ω, 20 W;monacor
Profesionálna audio technika;LSR-22/10;Monacor LSR-22/10 Výkonný cementový odpor, 2.2 Ω, 10 W;monacor
Profesionálna audio technika;LSR-22/20;Monacor LSR-22/20 Výkonný cementový odpor, 2.2 Ω, 20 W;monacor
Profesionálna audio technika;LSR-220/10;Monacor LSR-220/10 Výkonný cementový odpor, 22 Ω, 10 W;monacor
Profesionálna audio technika;LSR-220/20;Monacor LSR-220/20 Výkonný cementový odpor, 22 Ω, 20 W;monacor
Profesionálna audio technika;LSR-27/10;Monacor LSR-27/10 Výkonný cementový odpor, 2.7 Ω, 10 W;monacor
Profesionálna audio technika;LSR-27/20;Monacor LSR-27/20 Výkonný cementový odpor, 2.7 Ω, 20 W;monacor
Profesionálna audio technika;LSR-33/10;Monacor LSR-33/10 Výkonný cementový odpor, 3.3 Ω, 10 W;monacor
Profesionálna audio technika;LSR-39/20;Monacor LSR-39/20 Výkonný cementový odpor, 3.9 Ω, 20 W;monacor
Profesionálna audio technika;LSR-390/20;Monacor LSR-390/20 Výkonný cementový odpor, 39 Ω, 20 W;monacor
Profesionálna audio technika;LSR-470/10;Monacor LSR-470/10 Výkonný cementový odpor, 47 Ω, 10 W;monacor
Profesionálna audio technika;LSR-56/20;Monacor LSR-56/20 Výkonný cementový odpor, 5.6 Ω, 20 W;monacor
Profesionálna audio technika;LUMINAB120SET;Evoli LUMINAB120SET Moving Heads Beam;monacor
Profesionálna audio technika;MA-123;JTS MA-123 Nastaviteľný tlmič pre vyvážené mikrofóny;monacor
Profesionálna audio technika;MA-500;JTS MA-500 Adaptér pre fantomové napájanie;monacor
Profesionálna audio technika;MA-935;JTS MA-935 Adaptér;monacor
Profesionálna audio technika;MAC1000RGB;MacMa MAC1000RGB Multicolor laser;monacor
Profesionálna audio technika;MAC2000RGB;MacMa MAC2000RGB Multicolor laser;monacor
Profesionálna audio technika;MAC3000RGB;MacMa MAC3000RGB Multicolor laser;monacor
Profesionálna audio technika;MAC500RGB;MacMa MAC500RGB Multicolor laser;monacor
Profesionálna audio technika;MACBEAM150;MacMa MACBEAM150 Moving Heads Beam;monacor
Profesionálna audio technika;MACBEAM200;MacMa MACBEAM200 Moving Heads Beam;monacor
Profesionálna audio technika;MACFOG2000;MacMa MACFOG2000 Smoke Machine;monacor
Profesionálna audio technika;MACHAZER1000;MacMa MACHAZER1000 Fog Machine;monacor
Profesionálna audio technika;MACHAZER400;MacMa MACHAZER400 Fog Machine;monacor
Profesionálna audio technika;MACSPARK300;MacMa MACSPARK300 Fireworks Machine;monacor
Profesionálna audio technika;MACSPARK300BAG;MacMa MACSPARK300BAG Machine Accessories;monacor
Profesionálna audio technika;MACSPOT100;MacMa MACSPOT100 Moving Heads Spot;monacor
Profesionálna audio technika;MACWASH1915Z;MacMa MACWASH1915Z Moving Heads Wash;monacor
Profesionálna audio technika;MACWASH1915ZFC;MacMa MACWASH1915ZFC Moving Heads Wash;monacor
Profesionálna audio technika;MACWASH740Z;MacMa MACWASH740Z Moving Heads Wash;monacor
Profesionálna audio technika;MACWASH740ZFC;MacMa MACWASH740ZFC Moving Heads Wash;monacor
Profesionálna audio technika;MAXBARRGBWPIX;Evoli MAXBARRGBWPIX Led Bar;monacor
Profesionálna audio technika;MAXIBEAM100;BoomTone DJ MAXIBEAM100 Moving Heads Beam;monacor
Profesionálna audio technika;MAXIBEAM60;BoomTone DJ MAXIBEAM60 Moving Heads Beam;monacor
Profesionálna audio technika;MAXISPOT60;BoomTone DJ MAXISPOT60 Moving Heads Spot;monacor
Profesionálna audio technika;MAXISPOT90;BoomTone DJ MAXISPOT90 Moving Heads Spot;monacor
Profesionálna audio technika;MBF-85;Monacor MBF-85 Rámové hmoždinky pre reproduktory, súprava;monacor
Profesionálna audio technika;MBR-35;Monacor MBR-35 Bassreflexová trubica, SV=9.6 cm2;monacor
Profesionálna audio technika;MBR-45;Monacor MBR-45 Bassreflexová trubica, SV=15.9 cm2;monacor
Profesionálna audio technika;MBR-70;Monacor MBR-70 Bassreflexová trubica, SV=34.2 cm2;monacor
Profesionálna audio technika;MC-52USB/WS;ORG MC-52USB/WS Stolová zásuvka s viacerými zásuvkami, 5 zásuviek, vypínač;monacor
Profesionálna audio technika;MCE-4001;Monacor MCE-4001 Kvalitná miniatúrna elektretová mikrofónna vložka;monacor
Profesionálna audio technika;MCE-401;Monacor MCE-401 Kvalitná vložka do elektretového mikrofónu;monacor
Profesionálna audio technika;MCER-4;Monacor MCER-4 Držiak mikrofónovej kazety;monacor
Profesionálna audio technika;MCER-5;Monacor MCER-5 Držiak mikrofónovej kazety;monacor
Profesionálna audio technika;MDM-25;Monacor MDM-25 Butyl okrúhly kord na utesnenie;monacor
Profesionálna audio technika;MECR-100/SW;Monacor MECR-100/SW XLR kábel, 1 m, REAN;monacor
Profesionálna audio technika;MECR-1000/SW;Monacor MECR-1000/SW XLR kábel, 10 m, REAN;monacor
Profesionálna audio technika;MECR-200/SW;Monacor MECR-200/SW XLR kábel, 2 m, REAN;monacor
Profesionálna audio technika;MECR-2000/SW;Monacor MECR-2000/SW XLR kábel, 20 m, REAN;monacor
Profesionálna audio technika;MECR-50/SW;Monacor MECR-50/SW XLR kábel, 0.5 m, REAN;monacor
Profesionálna audio technika;MECR-600/SW;Monacor MECR-600/SW XLR kábel, 6 m, REAN;monacor
Profesionálna audio technika;MEGALED6X3W;BoomTone DJ MEGALED6X3W Led Par Cans;monacor
Profesionálna audio technika;MH-16;JTS MH-16 Držiak pre tenké mikrofóny;monacor
Profesionálna audio technika;MH-22;JTS MH-22 Držiak mikrofónu;monacor
Profesionálna audio technika;MH-36;JTS MH-36 Držiak mikrofónu pre štandardné mikrofóny;monacor
Profesionálna audio technika;MHD-1255/VC;Monacor MHD-1255/VC Náhradná hlasová cievka pre MHD-55 a MHD-120;monacor
Profesionálna audio technika;MHD-55;Monacor MHD-55 PA horn výškový reproduktor, 30 W, 8 Ω;monacor
Profesionálna audio technika;MKPA-10;Monacor MKPA-10 Fóliový kondenzátor MKP, 250V;monacor
Profesionálna audio technika;MKPA-120;Monacor MKPA-120 Fóliový kondenzátor MKP, 250V;monacor
Profesionálna audio technika;MKPA-15;Monacor MKPA-15 Fóliový kondenzátor MKP, 250V;monacor
Profesionálna audio technika;MKPA-150;Monacor MKPA-150 Fóliový kondenzátor MKP, 250V;monacor
Profesionálna audio technika;MKPA-33;Monacor MKPA-33 Filmový kondenzátor MKP, 3.3 µF, 250 V;monacor
Profesionálna audio technika;MKPA-39;Monacor MKPA-39 Filmový kondenzátor MKP, 3.9 µF, 250 V;monacor
Profesionálna audio technika;MKPA-470;Monacor MKPA-470 Filmový kondenzátor MKP, 47 µF, 250 V;monacor
Profesionálna audio technika;MKPA-68;Monacor MKPA-68 Filmový kondenzátor MKP, 6.8 µF, 250 V;monacor
Profesionálna audio technika;MKPA-82;Monacor MKPA-82 Filmový kondenzátor MKP, 8.2 µF, 250 V;monacor
Profesionálna audio technika;MKS-48/WS;Monacor MKS-48/WS Pár reproduktorových systémov na stenu / strop / roh, 15 W, 8 Ω;monacor
Profesionálna audio technika;MKTA-120;Monacor MKTA-120 Fóliový kondenzátor MKT, 250 V;monacor
Profesionálna audio technika;MKTA-22;Monacor MKTA-22 Fóliový kondenzátor MKT, 250 V;monacor
Profesionálna audio technika;MKTA-30;Monacor MKTA-30 Fóliový kondenzátor MKT, 250 V;monacor
Profesionálna audio technika;MKTA-33;Monacor MKTA-33 Fóliový kondenzátor MKT, 250 V;monacor
Profesionálna audio technika;MKTA-330;Monacor MKTA-330 Fóliový kondenzátor MKT, 250 V;monacor
Profesionálna audio technika;MKTA-82;Monacor MKTA-82 Fóliový kondenzátor MKT, 250 V;monacor
Profesionálna audio technika;MOVINGBEAM15R;Evoli MOVINGBEAM15R Moving Heads Beam;monacor
Profesionálna audio technika;MOVINGBEAM7RMKII;Evoli MOVINGBEAM7RMKII Moving Heads Beam;monacor
Profesionálna audio technika;MOVINGBEAM7RMKIIS;Evoli MOVINGBEAM7RMKIIS Moving Heads Beam;monacor
Profesionálna audio technika;MOVINGBEEFXLZR;BoomTone DJ MOVINGBEEFXLZR Moving Heads Beam;monacor
Profesionálna audio technika;MOVINGFXBAR;MacMa MOVINGFXBAR Led Lighting Effects;monacor
Profesionálna audio technika;MPA120;HPA MPA120 Amp-preamp 100V Public Address;monacor
Profesionálna audio technika;MPT-001;Monacor MPT-001 Piezo výškový reproduktor;monacor
Profesionálna audio technika;MPT-005;Monacor MPT-005 Piezo výškový reproduktor;monacor
Profesionálna audio technika;MPT-016;Monacor MPT-016 Piezo výškový reproduktor;monacor
Profesionálna audio technika;MPT-025;Monacor MPT-025 Piezo výškový reproduktor;monacor
Profesionálna audio technika;MPT-142;Monacor MPT-142 Piezo výškový menič;monacor
Profesionálna audio technika;MPT-151;Monacor MPT-151 Výškový horn;monacor
Profesionálna audio technika;MPT-177;Monacor MPT-177 Piezo výškový reproduktor;monacor
Profesionálna audio technika;MPX-4PA;Monacor MPX-4PA 3-zónový mixpult;monacor
Profesionálna audio technika;MRD-34PA;Monacor MRD-34PA PA Výškový reproduktor, 35 W, 8 Ω;monacor
Profesionálna audio technika;MRD-44PA;Monacor MRD-44PA PA Výškový reproduktor, 45 W, 8 Ω;monacor
Profesionálna audio technika;MRD-80;Monacor MRD-80 PA Výškový reproduktor, 30 W, 8 Ω;monacor
Profesionálna audio technika;MRH-202;Monacor MRH-202 PA mid-high range horn;monacor
Profesionálna audio technika;MRH-300;MONE MRH-300 PA stredovýškový horn;monacor
Profesionálna audio technika;MS-310;DIV MS-310 Prepínač;monacor
Profesionálna audio technika;MS-527;MIA MS-527 Páčkový prepínač, 2 x ON/OFF/ON;monacor
Profesionálna audio technika;MS2MINI;Plugg MS2MINI Speaker Stands;monacor
Profesionálna audio technika;MSH-115;Monacor MSH-115 Hi-fi stredový reproduktor, 50 W, 8 Ω;monacor
Profesionálna audio technika;MSH-115HQ;Monacor MSH-115HQ Vysoko kvalitný hi-fi stredový reproduktor, 50 W, 8 Ω;monacor
Profesionálna audio technika;MSH-116/4;Monacor MSH-116/4 Hi-fi stredový reproduktor, 40 W, 4 Ω;monacor
Profesionálna audio technika;MSW-252;Monacor MSW-252 Bezolovnaté elektronické spájkovacie drôty;monacor
Profesionálna audio technika;MXT-52MP3;Monacor MXT-52MP3 Mixpult s integrovaným MP3 prehrávačom;monacor
Profesionálna audio technika;MZF-4018;Monacor MZF-4018 Skrutky do dreva;monacor
Profesionálna audio technika;MZF-8604;Monacor MZF-8604 Montážne sady pre reproduktory;monacor
Profesionálna audio technika;MZF-8614;Monacor MZF-8614 Skrutky do dreva so šesťhrannou hlavou;monacor
Profesionálna audio technika;MZF-8624;Monacor MZF-8624 Upevňovacia svorka pre mriežky reproduktorov;monacor
Profesionálna audio technika;MZF-8688;Monacor MZF-8688 Montážne sady pre reproduktory;monacor
Profesionálna audio technika;NBB-75DFGX;Neutrik NBB-75DFGX UHD BNC priechodný panelový konektor, 75 Ω, uzemnený;monacor
Profesionálna audio technika;NBB-75DFIX;Neutrik NBB-75DFIX UHD BNC priechodný panelový konektor, 75 Ω, izolovaný;monacor
Profesionálna audio technika;NPA-12/1;Yuasa NPA-12/1 PANASONIC Nabíjateľná olovená batéria, 12 V, 1.3 Ah;monacor
Profesionálna audio technika;NPA-12/2;Yuasa NPA-12/2 PANASONIC Nabíjateľná olovená batéria, 12 V, 2.2 Ah;monacor
Profesionálna audio technika;NPA-12/7;Yuasa NPA-12/7 PANASONIC Nabíjateľná olovená batéria, 12 V, 7.2 Ah;monacor
Profesionálna audio technika;NPA-12/7-1;Yuasa NPA-12/7-1 PANASONIC Nabíjateľná olovená batéria, 12 V, 7.2 Ah;monacor
Profesionálna audio technika;NR-10M;Monacor NR-10M Zapustený hornový reproduktor (hudobný klaksón) s reproduktorom celého rozsahu, 4 Ω;monacor
Profesionálna audio technika;NR-15KS;Monacor NR-15KS Tlakový reproduktor;monacor
Profesionálna audio technika;NR-18KS;Monacor NR-18KS Tlakový reproduktor;monacor
Profesionálna audio technika;NR-22KS;Monacor NR-22KS Tlakový reproduktor;monacor
Profesionálna audio technika;NR-24KS;Monacor NR-24KS Tlakový reproduktor;monacor
Profesionálna audio technika;NR-254KS;Monacor NR-254KS Tlakový reproduktor, odolný voči počasiu;monacor
Profesionálna audio technika;NR-25KS;Monacor NR-25KS Tlakový reproduktor;monacor
Profesionálna audio technika;NR-33KS;Monacor NR-33KS Tlakový reproduktor, odolný voči počasiu;monacor
Profesionálna audio technika;NR-40KS;Monacor NR-40KS Tlakový reproduktor, odolný voči počasiu;monacor
Profesionálna audio technika;NX-8;JTS NX-8 Dynamický vokálny mikrofón;monacor
Profesionálna audio technika;NX-8.8;JTS NX-8.8 Elektretový vokálny mikrofón;monacor
Profesionálna audio technika;NX-8S;JTS NX-8S Dynamický vokálny mikrofón;monacor
Profesionálna audio technika;OMNI-CORD/SW;ORG OMNI-CORD/SW Spottune OMNI CORD speaker, black;monacor
Profesionálna audio technika;OMNI-CORD/WS;ORG OMNI-CORD/WS Spottune OMNI CORD speaker, white;monacor
Profesionálna audio technika;OMNI-REC/SW;ORG OMNI-REC/SW Spottune OMNI REC recessed speaker, black;monacor
Profesionálna audio technika;OMNI-TRACK/SW;ORG OMNI-TRACK/SW Spottune OMNI TRACK speaker, black;monacor
Profesionálna audio technika;OMNI-TRACK/WS;ORG OMNI-TRACK/WS Spottune OMNI TRACK speaker, white;monacor
Profesionálna audio technika;ONDA-660TFW;"Helvia ONDA-660TFW 6.5"" 2-Way Hi-Fi Low-Impedance Coaxial In-Wall/In-Ceiling Speaker";monacor
Profesionálna audio technika;ONDA-880TFW;"Helvia ONDA-880TFW 8"" 2-Way Hi-Fi Low-Impedance Coaxial In-Wall/In-Ceiling Speaker";monacor
Profesionálna audio technika;PA-102;Monacor PA-102 Mono PA mixážny zosilňovač;monacor
Profesionálna audio technika;PA-1120;Monacor PA-1120 5-zónový mono PA mixážny zosilňovač;monacor
Profesionálna audio technika;PA-1120DMT;Monacor PA-1120DMT Digitálny modul pre ukladanie správ a časov;monacor
Profesionálna audio technika;PA-1120RC;Monacor PA-1120RC PA zónový pultový mikrofón;monacor
Profesionálna audio technika;PA-1140RCD;Monacor PA-1140RCD RDS tuner/CD prehrávač s USB rozhraním;monacor
Profesionálna audio technika;PA-120;ARVOX PA-120 Mono PA mixážny zosilňovač;monacor
Profesionálna audio technika;PA-1200;Monacor PA-1200 4-zónový mono PA mixážny zosilňovač;monacor
Profesionálna audio technika;PA-1200EX;Monacor PA-1200EX Rozšírenie duálneho modulu;monacor
Profesionálna audio technika;PA-1200IRD;Monacor PA-1200IRD Internet radio DAB+/FM RDS tuner insertion with BT and USB interface;monacor
Profesionálna audio technika;PA-1200M;Monacor PA-1200M Monitorovacia jednotka, 10 + 1 kanálov;monacor
Profesionálna audio technika;PA-1200RM;Monacor PA-1200RM Montážny rám;monacor
Profesionálna audio technika;PA-12040;Monacor PA-12040 4-kanálové mono mixážne zosilňovače, 4 x 120 W;monacor
Profesionálna audio technika;PA-1240;Monacor PA-1240 5-zónový mono PA mixážny zosilňovač, 240 W;monacor
Profesionálna audio technika;PA-1250D;Monacor PA-1250D PA výkonový zosilňovač mono triedy D;monacor
Profesionálna audio technika;PA-1414MX;Monacor PA-1414MX 10-kanálový PA predzosilňovač;monacor
Profesionálna audio technika;PA-1450D;Monacor PA-1450D 4-kanálový zosilňovač triedy D;monacor
Profesionálna audio technika;PA-1480;Monacor PA-1480 Mono PA výkonový zosilňovač;monacor
Profesionálna audio technika;PA-1850D;Monacor PA-1850D 8-kanálový PA zosilňovač triedy D;monacor
Profesionálna audio technika;PA-1960;Monacor PA-1960 Výsokovýkonný mono PA zosilňovač;monacor
Profesionálna audio technika;PA-2240;Monacor PA-2240 PA výkonný zosilňovač;monacor
Profesionálna audio technika;PA-2400RC;Monacor PA-2400RC PA zónový paging pultový mikrofón;monacor
Profesionálna audio technika;PA-240Z;KEPO PA-240Z PA-240Z, 3-zónový zosilňovač 100V so zdrojom hudby;monacor
Profesionálna audio technika;PA-24AD;Monacor PA-24AD 10-cestný PA linkový rozdeľovač;monacor
Profesionálna audio technika;PA-24ESP;Monacor PA-24ESP 24 V núdzový PSU;monacor
Profesionálna audio technika;PA-24FMM;Monacor PA-24FMM Vkladací modul pre núdzové hlásenia;monacor
Profesionálna audio technika;PA-2500RM;KEPO PA-2500RM PA-2500RM, zónový mikrofón;monacor
Profesionálna audio technika;PA-2500SV;KEPO PA-2500SV PA-2500SV, ovládací panel;monacor
Profesionálna audio technika;PA-26FMU;Monacor PA-26FMU PA núdzový zvukový systém;monacor
Profesionálna audio technika;PA-302;Monacor PA-302 Mono PA mixážny zosilňovač;monacor
Profesionálna audio technika;PA-312;Monacor PA-312 Mono PA mixážny zosilňovač;monacor
Profesionálna audio technika;PA-324;Monacor PA-324 Mono PA mixážny zosilňovač;monacor
Profesionálna audio technika;PA-4000PTT;Monacor PA-4000PTT PA pultový mikrofón (push-to-talk);monacor
Profesionálna audio technika;PA-4000RC;Monacor PA-4000RC PA zónový príkazový pultový mikrofón;monacor
Profesionálna audio technika;PA-40120;Monacor PA-40120 4-zónový mixážny mono zosilňovač;monacor
Profesionálna audio technika;PA-4040;Monacor PA-4040 4-zone matrix mixážny zosilňovač;monacor
Profesionálna audio technika;PA-4040MPX;Monacor PA-4040MPX 4-zónový mixpult;monacor
Profesionálna audio technika;PA-4120;Monacor PA-4120 PA výkonové zosilňovače;monacor
Profesionálna audio technika;PA-4120D;Monacor PA-4120D 4-channel class D PA power amplifier;monacor
Profesionálna audio technika;PA-4300PTT;Monacor PA-4300PTT PA pultový mikrofón (push-to-talk);monacor
Profesionálna audio technika;PA-5240;Monacor PA-5240 5-zónový mono PA mixážny zosilňovač, 240 W;monacor
Profesionálna audio technika;PA-6000RC;Monacor PA-6000RC PA zónový paging pultový mikrofón;monacor
Profesionálna audio technika;PA-6010Z;Monacor PA-6010Z 10-zone mono PA mixing amplifier;monacor
Profesionálna audio technika;PA-6040MPX;Monacor PA-6040MPX 4-zónový mixpult;monacor
Profesionálna audio technika;PA-6240;Monacor PA-6240 6-zónový mono PA mixážny zosilňovač, 240 W;monacor
Profesionálna audio technika;PA-6480;Monacor PA-6480 6-zónový mono PA mixážny zosilňovač, 480 W;monacor
Profesionálna audio technika;PA-6600;Monacor PA-6600 6-zónový mono PA mixážny zosilňovač, 600 W;monacor
Profesionálna audio technika;PA-6FD;Monacor PA-6FD Modul detekcie poruchy;monacor
Profesionálna audio technika;PA-6FM;Monacor PA-6FM Modul detekcie poruchy;monacor
Profesionálna audio technika;PA-6FR;Monacor PA-6FR Anti-feedback modul;monacor
Profesionálna audio technika;PA-704;Monacor PA-704 Mixážny zosilňovač;monacor
Profesionálna audio technika;PA-803DAP;Monacor PA-803DAP Mono mixážny PA zosilňovač triedy D, MP3, USB/SD, FM, DAB+, BT, 30 W;monacor
Profesionálna audio technika;PA-806DAP;Monacor PA-806DAP Mono class D PA mixing amplifier, MP3, USB/SD, FM, DAB+, BT, 60 W;monacor
Profesionálna audio technika;PA-812DAP;Monacor PA-812DAP Mono class D PA mixing amplifier, MP3, USB/SD, FM, DAB+, BT, 120 W;monacor
Profesionálna audio technika;PA-900;Monacor PA-900 Mono PA mixážny zosilňovač;monacor
Profesionálna audio technika;PA-900DT;Monacor PA-900DT Mono PA mixážny zosilňovač s modulom Dante®;monacor
Profesionálna audio technika;PA-900S;Monacor PA-900S Mono PA výkonový zosilňovač;monacor
Profesionálna audio technika;PA-9100D;Monacor PA-9100D Mono PA mixážny zosilňovač triedy D, 1,000W;monacor
Profesionálna audio technika;PA-912S;Monacor PA-912S Mono PA výkonový zosilňovač, 120 W;monacor
Profesionálna audio technika;PA-924;Monacor PA-924 Mono PA mixážny zosilňovač;monacor
Profesionálna audio technika;PA-924S;Monacor PA-924S Mono PA výkonový zosilňovač, 240 W;monacor
Profesionálna audio technika;PA-928D;Monacor PA-928D Mono PA mixážny  zosilňovač, trieda D, 280 W;monacor
Profesionálna audio technika;PA-948;Monacor PA-948 Mono PA mixážny zosilňovač;monacor
Profesionálna audio technika;PA-948S;Monacor PA-948S Mono PA výkonový zosilňovač, 480 W;monacor
Profesionálna audio technika;PA-M224;Monacor PA-M224 2-zónový PA matrix mixážny zosilňovač;monacor
Profesionálna audio technika;PA-M412;Monacor PA-M412 4-zónový PA matrix mixážny zosilňovač;monacor
Profesionálna audio technika;PA-M4RC;Monacor PA-M4RC PA zónový paging mikrofón;monacor
Profesionálna audio technika;PAM-10;Monacor PAM-10 PA zosilňovač hlasu;monacor
Profesionálna audio technika;PARCOB150RGBWIP;Evoli PARCOB150RGBWIP Led Architectural Projector;monacor
Profesionálna audio technika;PARTYPAR123;BoomTone DJ PARTYPAR123 Led Par Cans;monacor
Profesionálna audio technika;PAST-225/SW;Monacor PAST-225/SW Univerzálny stojan na svetlo;monacor
Profesionálna audio technika;PATL-105;Monacor PATL-105 5-cestný 100 V transformátor;monacor
Profesionálna audio technika;PDM-3;JTS PDM-3 Dynamický vokálny mikrofón;monacor
Profesionálna audio technika;PDM-300;Monacor PDM-300 PA pultový mikrofón;monacor
Profesionálna audio technika;PDM-302;Monacor PDM-302 PA pultový mikrofón;monacor
Profesionálna audio technika;PDM-302PTT;Monacor PDM-302PTT PA desktop microphone (push-to-talk);monacor
Profesionálna audio technika;PDM-57;JTS PDM-57 Univerzálny dynamický mikrofón;monacor
Profesionálna audio technika;PEB-2618S;Monacor PEB-2618S Výstražný piezoelektrický bzučiak;monacor
Profesionálna audio technika;PEB-618S;Monacor PEB-618S Výstražný piezoelektrický bzučiak;monacor
Profesionálna audio technika;PM-2/+-50UA;Monacor PM-2/+-50UA Merač pohyblivej cievky, 0.05 mA;monacor
Profesionálna audio technika;PM-2/100UA;Monacor PM-2/100UA Panelový merač pohyblivej cievky, 0.1 mA;monacor
Profesionálna audio technika;PM-2/10V;Monacor PM-2/10V Moving coil panel meter, 10 V;monacor
Profesionálna audio technika;PM-2/15A;Monacor PM-2/15A Panelový merač pohyblivej cievky, 15 A;monacor
Profesionálna audio technika;PM-2/30UA;Monacor PM-2/30UA Merač pohyblivej cievky, 0.03 mA;monacor
Profesionálna audio technika;PM-2/50MA;Monacor PM-2/50MA Panelový merač pohyblivej cievky, 50 mA;monacor
Profesionálna audio technika;POE-130MID;ORG POE-130MID Power over Ethernet midspan;monacor
Profesionálna audio technika;PS-320/12S;ORG PS-320/12S 320 W vstavaný zdroj energie, DC 12 V/26.7 A;monacor
Profesionálna audio technika;PS-320/24S;ORG PS-320/24S 320 W vstavaný zdroj energie, DC 24 V/13.4 A;monacor
Profesionálna audio technika;PS-510M;JTS PS-510M Adapter/mix pre fantomové napájanie;monacor
Profesionálna audio technika;PS120W;Plugg PS120W Power Cable;monacor
Profesionálna audio technika;PSIP-60/12;ORG PSIP-60/12 LED spínané zdroje napájania;monacor
Profesionálna audio technika;PSS-1000E;Monacor PSS-1000E Spínaný PSU, 1 A;monacor
Profesionálna audio technika;PSS-1210DC;Monacor PSS-1210DC Spínaný napájací zdroj, DC 12 V/1 A;monacor
Profesionálna audio technika;PSS-1230DC;Monacor PSS-1230DC Spínaný napájací zdroj, DC 12 V/3 A;monacor
Profesionálna audio technika;PSS-1500E;Monacor PSS-1500E Spínaný PSU, 1.5 A;monacor
Profesionálna audio technika;PSS-3000E;Monacor PSS-3000E Spínaný PSU, 3 A max.;monacor
Profesionálna audio technika;PSS-600E;Monacor PSS-600E Spínaný PSU, 0.6 A;monacor
Profesionálna audio technika;PT-916;Monacor PT-916 Pružinová svorka reproduktora, 2 pólová;monacor
Profesionálna audio technika;PT-932;Monacor PT-932 Pružinová svorka reproduktora, 4 pólová;monacor
Profesionálna audio technika;PUG-6;Monacor PUG-6 ABS plastové puzdro;monacor
Profesionálna audio technika;PUG-7;Monacor PUG-7 ABS plastové puzdro;monacor
Profesionálna audio technika;R-2;JTS R-2 R-2, miniatúrny bezdrôtový prijímač;monacor
Profesionálna audio technika;R-956/SW;ARVOX R-956/SW Vodotesný 2-pásmový nástenný reproduktor, 60W, IP66;monacor
Profesionálna audio technika;R-956/WS;ARVOX R-956/WS Vodotesný 2-pásmový nástenný reproduktor, 60W, IP66;monacor
Profesionálna audio technika;R-H6100T/SW;ARVOX R-H6100T/SW Štadiónový reproduktor;monacor
Profesionálna audio technika;RACK-MXT52MP3;Monacor RACK-MXT52MP3 Wall-mounted housing for MXT-52MP3;monacor
Profesionálna audio technika;RBT-1000;Monacor RBT-1000 Páskový výškový reproduktor pre PA a hi-fi, 40 W, 6 Ω;monacor
Profesionálna audio technika;RBT-56;Monacor RBT-56 Hi-fi stuhový výškový reproduktor, 10 W, 4 Ω;monacor
Profesionálna audio technika;RBT-95;Monacor RBT-95 Stuhové výškové reproduktory, 30 W, 8 Ω;monacor
Profesionálna audio technika;RBT-95SR;Monacor RBT-95SR Stuhový výškový reproduktor, 40 W, 8 Ω;monacor
Profesionálna audio technika;RC-121/SW;"Monacor RC-121/SW 482 mm (19"") profilová racková skriňa, 1 U";monacor
Profesionálna audio technika;RC-132/SW;"Monacor RC-132/SW 482 mm (19"") profilová racková skriňa, 2 U";monacor
Profesionálna audio technika;RF-EXPLORER/3;Monacor RF-EXPLORER/3 RF spektrum analyzér, 15-2,700 MHz;monacor
Profesionálna audio technika;ROBOWASH7X12W;BoomTone DJ ROBOWASH7X12W Moving Heads Wash;monacor
Profesionálna audio technika;RTF-20;JTS RTF-20 Koaxiálny anténny kábel;monacor
Profesionálna audio technika;RTF-UF20;JTS RTF-UF20 Sada BNC anténnych káblov;monacor
Profesionálna audio technika;RUS-5;Monacor RUS-5 Tlakový reproduktor;monacor
Profesionálna audio technika;RWS-4100;ARVOX RWS-4100 4-zónový streamovací zosilňovač;monacor
Profesionálna audio technika;S-10;ARY S-10 Bezdrôtový, stereo streamer S-10 multi-room;monacor
Profesionálna audio technika;SA-160BT;Monacor SA-160BT Stereo bluetooth zosilňovač, 2 x 30 W;monacor
Profesionálna audio technika;SAM-100WSUB;MONSK SAM-100WSUB WIFI modul aktívneho subwoofera, 100 W/2 Ω, trieda D;monacor
Profesionálna audio technika;SAM-2;Monacor SAM-2 Modul aktívneho subwoofera, 200 W;monacor
Profesionálna audio technika;SAM-300D;Monacor SAM-300D Modul aktívneho subwoofera, 300 W at 4 Ω, trieda D;monacor
Profesionálna audio technika;SAM-500D;Monacor SAM-500D Aktívny modul subwooferu;monacor
Profesionálna audio technika;SAM-80WIFI;MONSK SAM-80WIFI Modul aktívneho reproduktora 2 x 40W/4 Ω, trieda D;monacor
Profesionálna audio technika;SC2288C;HPA SC2288C Conferencing System;monacor
Profesionálna audio technika;SC2288CG8;HPA SC2288CG8 Conferencing System;monacor
Profesionálna audio technika;SC2288D;HPA SC2288D Conferencing System;monacor
Profesionálna audio technika;SC2288FC8;HPA SC2288FC8 Conferencing System;monacor
Profesionálna audio technika;SC2288R;HPA SC2288R Conferencing System;monacor
Profesionálna audio technika;SC400;MacMa SC400 Column PA System;monacor
Profesionálna audio technika;SC400GO;MacMa SC400GO Column PA System;monacor
Profesionálna audio technika;SG-100;Monacor SG-100 Dekoratívna mriežka na reproduktor, Ø 100 mm;monacor
Profesionálna audio technika;SG-130;Monacor SG-130 Dekoratívna mriežka na reproduktor, Ø 130 mm;monacor
Profesionálna audio technika;SG-165;Monacor SG-165 Dekoratívna mriežka na reproduktor, Ø 165 mm;monacor
Profesionálna audio technika;SG-75;Monacor SG-75 Dekoratívna mriežka na reproduktor, Ø 75 mm;monacor
Profesionálna audio technika;SHIELDH250;Evoli SHIELDH250 Moving Heads Spot;monacor
Profesionálna audio technika;SIA-548ROHS;Monacor SIA-548ROHS Náhradná spájkovačka, 48 W;monacor
Profesionálna audio technika;SIC-520ROHS;Monacor SIC-520ROHS Spájkovacia stanica, 48 W;monacor
Profesionálna audio technika;SIEM-111/5;JTS SIEM-111/5 MPX stereo UHF PLL in-ear monitoring systém;monacor
Profesionálna audio technika;SIEM-121T/R;JTS SIEM-121T/R MPX stereo UHF PLL in-ear monitoring systém;monacor
Profesionálna audio technika;SIEM-2/5;JTS SIEM-2/5 Mono UHF PLL in-ear monitoring systém;monacor
Profesionálna audio technika;SIEM-2/R5;JTS SIEM-2/R5 Mono UHF PLL in-ear monitorovací prijímač;monacor
Profesionálna audio technika;SILENTPAR12X10W4IN1;MacMa SILENTPAR12X10W4IN1 Led Par Cans;monacor
Profesionálna audio technika;SILENTPAR12X10W6IN1;MacMa SILENTPAR12X10W6IN1 Led Par Cans;monacor
Profesionálna audio technika;SILENTPAR5X3W3IN1;MacMa SILENTPAR5X3W3IN1 Led Par Cans;monacor
Profesionálna audio technika;SILENTPAR7X10W4IN1;MacMa SILENTPAR7X10W4IN1 Led Par Cans;monacor
Profesionálna audio technika;SILENTPAR7X10W6IN1;MacMa SILENTPAR7X10W6IN1 Led Par Cans;monacor
Profesionálna audio technika;SIP-HORN;ORG SIP-HORN SIP horn reproduktor, aktívny, PoE;monacor
Profesionálna audio technika;SIP-MIC;ORG SIP-MIC SIP mikrofónna stanica;monacor
Profesionálna audio technika;SIP-SPEAK/WS;ORG SIP-SPEAK/WS SIP reproduktor, biely, aktívny, PoE;monacor
Profesionálna audio technika;SIT-503ROHS;Monacor SIT-503ROHS Kvalitný spájkovací hrot;monacor
Profesionálna audio technika;SKYBARV3;BoomTone DJ SKYBARV3 Led Bar;monacor
Profesionálna audio technika;SKYROCK;Monacor SKYROCK Portable PA speaker system;monacor
Profesionálna audio technika;SL2010MIP;MacMa SL2010MIP Decorative Led Light;monacor
Profesionálna audio technika;SM-2;Monacor SM-2 Merač úrovne zvuku;monacor
Profesionálna audio technika;SMC-1;Monacor SMC-1 Stereo/mono konvertor;monacor
Profesionálna audio technika;SNOWFLUIDHIGH20L;BoomTone DJ SNOWFLUIDHIGH20L Fluids;monacor
Profesionálna audio technika;SNOWFLUIDHIGH5L;BoomTone DJ SNOWFLUIDHIGH5L Fluids;monacor
Profesionálna audio technika;SNOWFLUIDSTD5L;BoomTone DJ SNOWFLUIDSTD5L Fluids;monacor
Profesionálna audio technika;SP-10/250PRO;Monacor SP-10/250PRO PA Basový reproduktor, subwoofer, 250 W, 8 Ω;monacor
Profesionálna audio technika;SP-10/4S;Monacor SP-10/4S Univerzálny reproduktor, 15 W, 4 Ω;monacor
Profesionálna audio technika;SP-100/8;Monacor SP-100/8 Hi-fi stredobasový reproduktor, 30 W, 8 Ω;monacor
Profesionálna audio technika;SP-10A/302PA;Monacor SP-10A/302PA PA stredobasový reproduktor, 300 W, 8 Ω;monacor
Profesionálna audio technika;SP-12/200PA;Monacor SP-12/200PA PA stredobasový reproduktor, 200 W, 8 Ω;monacor
Profesionálna audio technika;SP-12A/302PA;Monacor SP-12A/302PA PA stredobasový reproduktor, 300 W, 8 Ω;monacor
Profesionálna audio technika;SP-13/4;Monacor SP-13/4 Univerzálny reproduktor, 20 W, 4 Ω;monacor
Profesionálna audio technika;SP-15;Monacor SP-15 Špeciálny reproduktor, 10 W, 8 Ω;monacor
Profesionálna audio technika;SP-15A/402PA;Monacor SP-15A/402PA Profesionálny PA basový reproduktor, 400 W, 8 Ω;monacor
Profesionálna audio technika;SP-17/4;Monacor SP-17/4 Univerzálny reproduktor, 30 W, 4 Ω;monacor
Profesionálna audio technika;SP-202E;Monacor SP-202E Hi-fi stredobasový reproduktor, 50 W, 4 Ω;monacor
Profesionálna audio technika;SP-202PA;Monacor SP-202PA Univerzálny stredobasový reproduktor, 50 W, 8 Ω;monacor
Profesionálna audio technika;SP-205/8;Monacor SP-205/8 Univerzálny reproduktor s plným rozsahom, 8 W, 8 Ω;monacor
Profesionálna audio technika;SP-23/4RDP;Monacor SP-23/4RDP Miniatúrne podomietkové reproduktory, 8 Ω;monacor
Profesionálna audio technika;SP-250P;Monacor SP-250P Basový reproduktor, 100 W, 8 Ω;monacor
Profesionálna audio technika;SP-252C;Monacor SP-252C Car hi-fi basový reproduktor, Ø 25 cm, 100 W, 4 Ω;monacor
Profesionálna audio technika;SP-252E;Monacor SP-252E Hi-fi stredobasový reproduktor, 75 W, 4 Ω;monacor
Profesionálna audio technika;SP-252PA;Monacor SP-252PA Univerzálny stredobasový reproduktor, 75 W, 8 Ω;monacor
Profesionálna audio technika;SP-300P;Monacor SP-300P Basový reproduktor, 100 W, 8 Ω;monacor
Profesionálna audio technika;SP-302E;Monacor SP-302E Hi-fi stredobasový reproduktor, 100 W, 4 Ω;monacor
Profesionálna audio technika;SP-302PA;Monacor SP-302PA Univerzálny basový reproduktor, 100 W, 8 Ω;monacor
Profesionálna audio technika;SP-308CX;Monacor SP-308CX 2-pásmový koaxiálny PA reproduktor;monacor
Profesionálna audio technika;SP-310CX;Monacor SP-310CX Profesionálny 2-pásmový koaxiálny PA reproduktor;monacor
Profesionálna audio technika;SP-312CX;Monacor SP-312CX 2-pásmový koaxiálny PA reproduktor;monacor
Profesionálna audio technika;SP-382PA;Monacor SP-382PA Univerzálny basový reproduktor, 150 W, 8 Ω;monacor
Profesionálna audio technika;SP-3RDP;Monacor SP-3RDP Miniatúrne podomietkové reproduktory, 8 Ω;monacor
Profesionálna audio technika;SP-45/4;Monacor SP-45/4 Basovostredový reproduktor, 20 W,4 Ω;monacor
Profesionálna audio technika;SP-45/8;Monacor SP-45/8 Stredobasový reproduktor, 20 W, 8 Ω;monacor
Profesionálna audio technika;SP-6/100PA;Monacor SP-6/100PA PA stredobasový reproduktor, 100 W, 8 Ω;monacor
Profesionálna audio technika;SP-6/150PA;Monacor SP-6/150PA PA stredobasový reproduktor, 150 W, 8 Ω;monacor
Profesionálna audio technika;SP-6/4SQ;Monacor SP-6/4SQ Univerzálny reproduktor, 3 W, 4 Ω;monacor
Profesionálna audio technika;SP-6/8SQ;Monacor SP-6/8SQ Miniatúrny reproduktor, 10 W, 8 Ω;monacor
Profesionálna audio technika;SP-60/4;Monacor SP-60/4 Hi-fi stredobasový reproduktor, 30 W, 4 Ω;monacor
Profesionálna audio technika;SP-60/8;Monacor SP-60/8 Hi-fi stredobasový reproduktor, 30 W, 8 Ω;monacor
Profesionálna audio technika;SP-7/4SQ;Monacor SP-7/4SQ Univerzálny reproduktor, 8 WMAX, 4 WRMS, 4 Ω;monacor
Profesionálna audio technika;SP-7/4SQS;Monacor SP-7/4SQS Univerzálny reproduktor, 8 WMAX, 4 WRMS, 4 Ω;monacor
Profesionálna audio technika;SP-7W;Monacor SP-7W Univerzálny reproduktor, 4 W, 8 Ω;monacor
Profesionálna audio technika;SP-8/150PA;Monacor SP-8/150PA PA stredobasový reproduktor, 150 W, 8 Ω;monacor
Profesionálna audio technika;SP-8/150PRO;Monacor SP-8/150PRO Kompaktný PA basový reproduktor, subwoofer, 150 W, 8 Ω;monacor
Profesionálna audio technika;SP-8/4SQ;Monacor SP-8/4SQ Univerzálny reproduktor, 10 W, 4 Ω;monacor
Profesionálna audio technika;SP-8/4SQS;Monacor SP-8/4SQS Univerzálny reproduktor, 10 W, 4 Ω;monacor
Profesionálna audio technika;SP-90;Monacor SP-90 Univerzálny basový reproduktor, 35 W, 8 Ω;monacor
Profesionálna audio technika;SPC-510/WS-EU;MONPL SPC-510/WS-EU Reproduktorový kábel;monacor
Profesionálna audio technika;SPC-525H/SW;Monacor SPC-525H/SW Reproduktorový kábel, bezhalogénový, 2 x 2.5 mm2, 100 m;monacor
Profesionálna audio technika;SPE-110P/WS;Monacor SPE-110P/WS Podomietkové reproduktory odolné voči počasiu, 30 W MAX, 4 Ω, žiaruvzdorné do 120 °C.;monacor
Profesionálna audio technika;SPE-140/WS;Monacor SPE-140/WS Podomietkový reproduktor, 10 W;monacor
Profesionálna audio technika;SPE-15/WS;Monacor SPE-15/WS Hi-fi nástenný a stropný reproduktor, 25 W, 8 Ω;monacor
Profesionálna audio technika;SPE-150/WS;Monacor SPE-150/WS Širokopásmový reproduktor pod omietku, 15 W, 4 Ω;monacor
Profesionálna audio technika;SPE-158/WS;Monacor SPE-158/WS Širokopásmový reproduktor pod omietku, 15 W, 8 Ω;monacor
Profesionálna audio technika;SPE-15F/WS;Monacor SPE-15F/WS Dvojica PA reproduktorov pod omietku, 15 W, 4 Ω;monacor
Profesionálna audio technika;SPE-22/WS;Monacor SPE-22/WS Hi-fi nástenné a stropné reproduktory, 8 Ω;monacor
Profesionálna audio technika;SPE-230/WS;Monacor SPE-230/WS Pár zapustených reproduktorov;monacor
Profesionálna audio technika;SPE-265/WS;Monacor SPE-265/WS Dvojica podomietkových reproduktorov;monacor
Profesionálna audio technika;SPE-32/WS;Monacor SPE-32/WS Hi-fi nástenné a stropné reproduktory, 8 Ω;monacor
Profesionálna audio technika;SPE-82/WS;Monacor SPE-82/WS Malý reproduktor pod omietku, 6 W, 4 Ω;monacor
Profesionálna audio technika;SPE-8U;Monacor SPE-8U Hi-fi nástenný a stropný reproduktor pre zapustenú montáž, 8 Ω;monacor
Profesionálna audio technika;SPH-130;Monacor SPH-130 Hi-fi stredobasový reproduktor, 55 W, 8 Ω;monacor
Profesionálna audio technika;SPH-145HQ;Monacor SPH-145HQ Vysokokvalitný hi-fi stredobasový reproduktor, 50 W, 8 Ω;monacor
Profesionálna audio technika;SPH-170;Monacor SPH-170 Hi-fi stredobasový reproduktor, 50 W, 8 Ω;monacor
Profesionálna audio technika;SPH-170C;Monacor SPH-170C High-end stredobasový reproduktor, 60 W, 8 Ω;monacor
Profesionálna audio technika;SPH-174KE;Monacor SPH-174KE Hi-fi stredobasový reproduktor , 50 W, 8 Ω;monacor
Profesionálna audio technika;SPH-175HQ;Monacor SPH-175HQ Vysokokvalitný hi-fi stredobasový reproduktor, 70 W, 8 Ω;monacor
Profesionálna audio technika;SPH-220HQ;Monacor SPH-220HQ Kvalitný hi-fi basový reproduktor, 100 W, 8 Ω;monacor
Profesionálna audio technika;SPH-225C;Monacor SPH-225C High-end basový reproduktor, 120 W, 8 Ω;monacor
Profesionálna audio technika;SPH-30X/8SW;Monacor SPH-30X/8SW Vysokokvalitný hi-fi reproduktor s plným rozsahom, 20 W, 8 Ω, s čiernym kevlarovým kužeľom;monacor
Profesionálna audio technika;SPH-5M;Monacor SPH-5M Hi-fi stredobasový reproduktor, 40 W, 8 Ω;monacor
Profesionálna audio technika;SPH-6M;Monacor SPH-6M Hi-fi basový reproduktor, 60 W, 8 Ω;monacor
Profesionálna audio technika;SPH-75/8;Monacor SPH-75/8 Miniatúrny hi-fi stredobasový reproduktor, 15 W, 8 Ω;monacor
Profesionálna audio technika;SPH-8M;Monacor SPH-8M Hi-fi basový reproduktor, 100 W, 8 Ω;monacor
Profesionálna audio technika;SPM-100/8;Monacor SPM-100/8 Kompaktný hi-fi stredobasový reproduktor, 25 W, 8 Ω;monacor
Profesionálna audio technika;SPM-116/8;Monacor SPM-116/8 Hi-fi stredobasový reproduktor, 40 W, 8 Ω;monacor
Profesionálna audio technika;SPM-200X/4;Monacor SPM-200X/4 Širokopásmový reproduktor, 30 W, 4 Ω;monacor
Profesionálna audio technika;SPM-205/4;Monacor SPM-205/4 Hi-fi stredobasový reproduktor, 70 W, 4 Ω;monacor
Profesionálna audio technika;SPM-205/8;Monacor SPM-205/8 Hi-fi stredobasový reproduktor, 70 W, 8 Ω;monacor
Profesionálna audio technika;SPS-10/SC;Monacor SPS-10/SC Sada reproduktorových hrotov (4 ks);monacor
Profesionálna audio technika;SPS-30/SC;Monacor SPS-30/SC Sada reproduktorových hrotov (4 ks);monacor
Profesionálna audio technika;SPS-45/SW;Monacor SPS-45/SW Sada reproduktorových hrotov (4 ks);monacor
Profesionálna audio technika;SPS-80S;Monacor SPS-80S Skrinka na prepínanie reproduktorov;monacor
Profesionálna audio technika;SPX-200WP;Monacor SPX-200WP Hi-fi širokopásmový reproduktor, 50 W, 8 Ω;monacor
Profesionálna audio technika;SPX-20M;Monacor SPX-20M Miniatúrny hi-fi širokopásmový reproduktor, 15 W, 8 Ω;monacor
Profesionálna audio technika;SPX-21M;Monacor SPX-21M Hi-fi širokopásmový reproduktor, 12 W, 4 Ω;monacor
Profesionálna audio technika;SPX-30M;Monacor SPX-30M Hi-fi širokopásmový reproduktor, 20 W, 8 Ω;monacor
Profesionálna audio technika;SPX-31M;Monacor SPX-31M Hi-fi širokopásmový reproduktor, 20 W, 8 Ω;monacor
Profesionálna audio technika;SPX-32M;Monacor SPX-32M Hi-fi širokopásmový reproduktor, 20 W, 8 Ω;monacor
Profesionálna audio technika;SQUADBEAM440;MacMa SQUADBEAM440 Moving Heads Beam;monacor
Profesionálna audio technika;SR3X75BK;Plugg SR3X75BK Safetys;monacor
Profesionálna audio technika;SR3X75SIL;Plugg SR3X75SIL Safetys;monacor
Profesionálna audio technika;SSZZ108SET;ZZIPP SSZZ108SET SSZZ108SET, Sada stojanov pre reproduktory;monacor
Profesionálna audio technika;ST-400G;Monacor ST-400G Terminál dvojvodičového zapojenia;monacor
Profesionálna audio technika;ST-5000;JTS ST-5000 Pultový mikrofón na husom krku;monacor
Profesionálna audio technika;ST-5030;JTS ST-5030 Pultová základňa pre mikrofóny na husom krku;monacor
Profesionálna audio technika;ST-5070;JTS ST-5070 XLR Stolná základňa pre mikrofón s husím krkom;monacor
Profesionálna audio technika;ST-850;JTS ST-850 Mikrofón na husom krku s možnosťou bezdrôtovej prevádzky;monacor
Profesionálna audio technika;ST-922G;Monacor ST-922G Reproduktorový terminál;monacor
Profesionálna audio technika;ST-925;Monacor ST-925 Reproduktorový terminál;monacor
Profesionálna audio technika;ST-925G;Monacor ST-925G Reproduktorový terminál;monacor
Profesionálna audio technika;ST-925GM;Monacor ST-925GM Reproduktorový terminál;monacor
Profesionálna audio technika;ST-926GM;Monacor ST-926GM High-end reproduktorový terminál;monacor
Profesionálna audio technika;ST-930;Monacor ST-930 Pružinový reproduktorový terminál;monacor
Profesionálna audio technika;ST-955GM;Monacor ST-955GM Reproduktorový terminál;monacor
Profesionálna audio technika;ST-975GM;Monacor ST-975GM High-end reproduktorový terminál;monacor
Profesionálna audio technika;ST240COMBO;Plugg ST240COMBO Speaker Stands;monacor
Profesionálna audio technika;STA-2300D;ARVOX STA-2300D 2-kanálový digitálny PA zosilňovač 2 x 300W;monacor
Profesionálna audio technika;STREAM;ORG STREAM Spottune STREAM audio streamer;monacor
Profesionálna audio technika;SUB/SW;ORG SUB/SW Spottune SUB wireless subwoofer, black;monacor
Profesionálna audio technika;SUB/WS;ORG SUB/WS Spottune SUB wireless subwoofer, white;monacor
Profesionálna audio technika;SUPERBABYBAR;BoomTone DJ SUPERBABYBAR Led Bar;monacor
Profesionálna audio technika;SUPERBABYBARBLACK;BoomTone DJ SUPERBABYBARBLACK Led Bar;monacor
Profesionálna audio technika;TAR-1004SAVE;Monacor TAR-1004SAVE Bezpečnostné lanko, 100 cm;monacor
Profesionálna audio technika;TAR-603SAVE;Monacor TAR-603SAVE Bezpečnostné lanko, 60 cm;monacor
Profesionálna audio technika;TBAR30;BoomTone DJ TBAR30 Bars and Cups;monacor
Profesionálna audio technika;TC-2510L;Monacor TC-2510L Držiak poistky;monacor
Profesionálna audio technika;TG-10CH18;JTS TG-10CH18 Transportný kufrík s integrovanou funkciou nabíjania;monacor
Profesionálna audio technika;TG-10CH2;JTS TG-10CH2 Nabíjacia stanica;monacor
Profesionálna audio technika;TG-10R/1;JTS TG-10R/1 PLL vreckový prijímač;monacor
Profesionálna audio technika;TG-10STX/1;JTS TG-10STX/1 16-kanálový PLL bezdrôtový vysielač;monacor
Profesionálna audio technika;TG-10T/1;JTS TG-10T/1 PLL vreckový vysielač;monacor
Profesionálna audio technika;TG-98RA/5;JTS TG-98RA/5 Profesionálny PLL vreckový prijímač;monacor
Profesionálna audio technika;TG-98STX;JTS TG-98STX Stacionárny vysielač;monacor
Profesionálna audio technika;TG-98TA/5;JTS TG-98TA/5 Profesionálny PLL vreckový vysielač;monacor
Profesionálna audio technika;THUNDERBARSTRIPRG;Evoli THUNDERBARSTRIPRG Led Bar;monacor
Profesionálna audio technika;THUNDERKOLORSET;Evoli THUNDERKOLORSET Moving Heads Wash;monacor
Profesionálna audio technika;TK-350;JTS TK-350 Dynamický vokálny mikrofón;monacor
Profesionálna audio technika;TM-10;Monacor TM-10 Megafón;monacor
Profesionálna audio technika;TM-11;Monacor TM-11 Megafón;monacor
Profesionálna audio technika;TM-12DC;Monacor TM-12DC Pripájací kábel;monacor
Profesionálna audio technika;TM-17M;Monacor TM-17M Megafón s funkciou MP3, 110 dB;monacor
Profesionálna audio technika;TM-45;Monacor TM-45 Megafón;monacor
Profesionálna audio technika;TM-929;JTS TM-929 Dynamický vokálny mikrofón;monacor
Profesionálna audio technika;TPE-TG44G;ORG TPE-TG44G Power over Ethernet Gigabit switch;monacor
Profesionálna audio technika;TPE-TG80G;ORG TPE-TG80G Gigabit Power over Ethernet switch;monacor
Profesionálna audio technika;TR-1005;Monacor TR-1005 100 V vysoko výkonný audio transformátor, 10 W;monacor
Profesionálna audio technika;TR-1010LC;Monacor TR-1010LC 100 V vysoko výkonný audio transformátor, 10 W;monacor
Profesionálna audio technika;TR-1050LC;Monacor TR-1050LC 100 V vysoko výkonný audio transformátor, 50 W;monacor
Profesionálna audio technika;TR-1120LC;Monacor TR-1120LC 100 V vysoko výkonný audio transformátor, 120 W;monacor
Profesionálna audio technika;TR-175/10;Monacor TR-175/10 100 V vysoko výkonný audio transformátor, 10 W;monacor
Profesionálna audio technika;TR-520;Monacor TR-520 100 V toroidný audio transformátor, 20 W;monacor
Profesionálna audio technika;TR-525;Monacor TR-525 100 V toroidný audio transformátor, 5 W;monacor
Profesionálna audio technika;TS-C10-300/T;ORG TS-C10-300/T PA stĺpové reproduktory odolné voči počasiu, s certifikáton EN54-24.;monacor
Profesionálna audio technika;TS-C20-500/T;ORG TS-C20-500/T PA stĺpové reproduktory odolné voči počasiu, s certifikáton EN54-24.;monacor
Profesionálna audio technika;TS-C30-700/T;ORG TS-C30-700/T PA stĺpové reproduktory odolné voči počasiu, s certifikáton EN54-24.;monacor
Profesionálna audio technika;TXA-1000BAG;Monacor TXA-1000BAG Ochranné puzdro;monacor
Profesionálna audio technika;TXA-1000WPB;Monacor TXA-1000WPB Ochranná taška, odolná voči striekajúcej vode;monacor
Profesionálna audio technika;TXA-1015ACCU;ORG TXA-1015ACCU Nabíjateľná olovená batéria, 12 V;monacor
Profesionálna audio technika;TXA-1020;Monacor TXA-1020 Prenosné vysokovýkonné zosilňovacie systémy;monacor
Profesionálna audio technika;TXA-1020MT;Monacor TXA-1020MT Mulitfrekvenčný vysielací modul;monacor
Profesionálna audio technika;TXA-1022CD;Monacor TXA-1022CD Prenosné vysokovýkonné zosilňovacie systémy;monacor
Profesionálna audio technika;TXA-12C;Monacor TXA-12C Transportné puzdro s inteligentnou funkciou PWM rýchleho nabíjania;monacor
Profesionálna audio technika;TXA-1822MR;Monacor TXA-1822MR Modul 2-kanálového multifrekvenčného prijímača;monacor
Profesionálna audio technika;TXA-800HSE;Monacor TXA-800HSE Multifrekvenčný vreckový vysielač;monacor
Profesionálna audio technika;TXA-800HT;Monacor TXA-800HT Rúčkový mikrofón s integrovaným multifrekvenčným transmiterom;monacor
Profesionálna audio technika;TXA-800ST;Monacor TXA-800ST 16-kanálový PLL vysielač, 863.1-864.9 MHz;monacor
Profesionálna audio technika;TXA-802PS;Monacor TXA-802PS PWM rýchlonabíjacia stanica;monacor
Profesionálna audio technika;TXA-815ACCU;ORG TXA-815ACCU Nabíjateľná olovená batéria, 12 V;monacor
Profesionálna audio technika;TXA-820;Monacor TXA-820 Prenosný zosilňovač;monacor
Profesionálna audio technika;TXA-820BAG;Monacor TXA-820BAG Ochranný obal pre TXA-820, TXA-820CD, TXA-822CD;monacor
Profesionálna audio technika;TXA-820CD;Monacor TXA-820CD Prenosný zosilňovač;monacor
Profesionálna audio technika;TXA-820MT;Monacor TXA-820MT Modul multifrekvenčného transmittera;monacor
Profesionálna audio technika;TXA-822CD;Monacor TXA-822CD Prenosný zosilňovač;monacor
Profesionálna audio technika;TXZZ103;ZZIPP TXZZ103 TXZZ103 Bezdrôtový mikrofónový systém;monacor
Profesionálna audio technika;TXZZ211;ZZIPP TXZZ211 TXZZ211  Bezdrôtový mikrofónový systém;monacor
Profesionálna audio technika;TXZZ212;ZZIPP TXZZ212 TXZZ212  Bezdrôtový mikrofónový systém;monacor
Profesionálna audio technika;TXZZ213;ZZIPP TXZZ213 TXZZ213  Bezdrôtový mikrofónový systém;monacor
Profesionálna audio technika;TXZZ422;ZZIPP TXZZ422 TXZZ422 Bezdrôtový mikrofónový systém;monacor
Profesionálna audio technika;TXZZ424;ZZIPP TXZZ424 TXZZ424 Bezdrôtový mikrofónový systém;monacor
Profesionálna audio technika;TXZZ520;ZZIPP TXZZ520 Bezdrôtový mikrofónový systém;monacor
Profesionálna audio technika;TXZZ522;ZZIPP TXZZ522 Bezdrôtový mikrofónový systém;monacor
Profesionálna audio technika;TXZZ622;ZZIPP TXZZ622 TXZZ622 Sada bezdrôtových mikrofónov;monacor
Profesionálna audio technika;UF-20R/5;JTS UF-20R/5 2-kanálový true diverzitný UHF PLL širokopásmový prijímač;monacor
Profesionálna audio technika;UF-20S/5;JTS UF-20S/5 Širokopásmový true diverzitný UHF PLL prijímač;monacor
Profesionálna audio technika;UHC-30;Monacor UHC-30 Tlakový reproduktor, odolný voči počasiu;monacor
Profesionálna audio technika;USP-900;JTS USP-900 Pasívny anténny UHF rozbočovač/zlučovač;monacor
Profesionálna audio technika;V-22;Monacor V-22 Panelový voltmeter, VU;monacor
Profesionálna audio technika;VRA-100M20;Monacor VRA-100M20 Potenciometer, mono, 20 kΩ, log.;monacor
Profesionálna audio technika;VRA-141M10;Monacor VRA-141M10 Potenciometer, mono, 10 kΩ, log., 41 zarážok;monacor
Profesionálna audio technika;VRB-141M10;Monacor VRB-141M10 Potenciometer, mono, 10 kΩ, lineárny, 41 zarážok;monacor
Profesionálna audio technika;WALL-04T/SW;Monacor WALL-04T/SW 2-pásmový PA reproduktorový systém v páre, čierny;monacor
Profesionálna audio technika;WALL-04T/WS;Monacor WALL-04T/WS 2-pásmový PA reproduktorový systém v páre, biely;monacor
Profesionálna audio technika;WALL-05DTM/WS;Monacor WALL-05DTM/WS Active speaker with integrated Dante<sup>®</sup> module;monacor
Profesionálna audio technika;WALL-05SET/WS;Monacor WALL-05SET/WS Aktívny dvojpásmový stereo reproduktorový systém, 2 x 30 W, 13 cm;monacor
Profesionálna audio technika;WALL-05T/WS;Monacor WALL-05T/WS 2-pásmový PA reproduktorový systém v páre, biely;monacor
Profesionálna audio technika;WALL-06SET/WS;Monacor WALL-06SET/WS Aktívny dvojpásmový stereo reproduktorový systém, 2 x 30 W, 16 cm;monacor
Profesionálna audio technika;WALL-06T/SW;Monacor WALL-06T/SW 2-pásmový PA reproduktorový systém v páre, čierny;monacor
Profesionálna audio technika;WALL-06T/WS;Monacor WALL-06T/WS 2-pásmový PA reproduktorový systém v páre, biely;monacor
Profesionálna audio technika;WALL-08T/SW;Monacor WALL-08T/SW Pair of 2-way PA speaker systems, black;monacor
Profesionálna audio technika;WALL-08T/WS;Monacor WALL-08T/WS Pair of 2-way PA speaker systems, white;monacor
Profesionálna audio technika;WAP-204RS;Monacor WAP-204RS Internetové rádio, FM RDS a DAB+ tuner, MP3 prehrávač, Bluetooth;monacor
Profesionálna audio technika;WAP-5;Monacor WAP-5 Zosilňovač s linkovým vstupom (na pás);monacor
Profesionálna audio technika;WAP-8;Monacor WAP-8 Prenosný zosilňovač hlasu;monacor
Profesionálna audio technika;WP-1/WH;Monacor WP-1/WH Nástenný ovládací modul pre PA-4125DX;monacor
Profesionálna audio technika;WS1;BoomTone DJ WS1 Accessories (Cases, Stands);monacor
Profesionálna audio technika;WS400WH;HPA WS400WH 100V Public Address Speaker;monacor
Profesionálna audio technika;WS650BK;HPA WS650BK 100V Public Address Speaker;monacor
Profesionálna audio technika;WS650WH;HPA WS650WH 100V Public Address Speaker;monacor
Profesionálna audio technika;WS800WH;HPA WS800WH 100V Public Address Speaker;monacor
Profesionálna audio technika;WSA-10BT;Monacor WSA-10BT Bluetooth audio prijímač;monacor
Profesionálna audio technika;WSA-2;ORG WSA-2 Bluetooth audio prijímač;monacor
Profesionálna audio technika;WSA-20BT;Monacor WSA-20BT Bluetooth audio prijímač;monacor
Profesionálna audio technika;ZZIGAN112;ZZIPP ZZIGAN112 12 palcový, aktívny, reproduktorový systém s bateriou;monacor
TV, audio, video a foto technika;100002131337;Strong Mira 1 přenosný projektor;kb
TV, audio, video a foto technika;100002131338;Strong N1 mini projektor;kb
TV, audio, video a foto technika;100002131339;Strong Q1 mini projektor;kb
TV, audio, video a foto technika;100002135128;Maxxo LED800 bílý;kb
TV, audio, video a foto technika;100002135134;Maxxo LED800 antracit;kb
TV, audio, video a foto technika > AV káble;100001162895;Fixed redukce USB-C na USB-A, FIXA-CU-GR;kb
TV, audio, video a foto technika > AV káble;100001480330;PremiumCord ULTRA HDMI2.1 kabel 8K 1m;kb
TV, audio, video a foto technika > AV káble;100002120866;Fixed Video kabel FIXHU-CHDMI-GR;kb
TV, audio, video a foto technika > AV káble;SSN1202E;Solight anténny koaxiálny kábel, kombinované konektory, 2m, sáčok;solight
TV, audio, video a foto technika > AV káble;SSN1203E;Solight anténny koaxiálny kábel, kombinované konektory, 3m, sáčok;solight
TV, audio, video a foto technika > AV káble;SSN1205E;Solight anténny koaxiálny kábel, kombinované konektory, 5m, sáčok;solight
TV, audio, video a foto technika > AV káble;SSN1215E;Solight anténny koaxiálny kábel, kombinované konektory, 1,5m, sáčok;solight
TV, audio, video a foto technika > AV káble;SSN12X0E;Solight anténny koaxiálny kábel, kombinované konektory, 10m, sáčok;solight
TV, audio, video a foto technika > AV káble;SSN12X5E;Solight anténny koaxiálny kábel, kombinované konektory, 15m, sáčok;solight
TV, audio, video a foto technika > AV káble;SSN5500E;Solight anténny COAX konektor priamy - typ Taliansko, 10ks, sáčok;solight
TV, audio, video a foto technika > AV káble;SSN5600E;Solight anténny COAX zdierka priama - typ Taliansko, 10ks, sáčok;solight
TV, audio, video a foto technika > Antény a satelity;100000455856;Evolveo Jade 1, aktivní venkovní anténa;kb
TV, audio, video a foto technika > Antény a satelity;100000455857;Evolveo Jade 2, aktivní venkovní anténa;kb
TV, audio, video a foto technika > Antény a satelity;100000455862;Evolveo Xany 1, aktivní pokojová anténa;kb
TV, audio, video a foto technika > Antény a satelity;100000455863;Evolveo Xany 2A, aktivní pokojová anténa;kb
TV, audio, video a foto technika > Antény a satelity;100000455865;Evolveo Xany 2C, aktivní pokojová anténa;kb
TV, audio, video a foto technika > Antény a satelity;100000455867;Evolveo Xany 4, aktivní pokojová anténa;kb
TV, audio, video a foto technika > Antény a satelity;100000908127;Evolveo Flexi 1, pasivní venkovní anténa;kb
TV, audio, video a foto technika > Antény a satelity;100001021630;Evolveo Jade 3, aktivní venkovní anténa;kb
TV, audio, video a foto technika > Antény a satelity;100001392444;Kaon MZ-52, satelitní přijímač Skylink;kb
TV, audio, video a foto technika > Antény a satelity;100001499912;Evolveo Xany 2in1, venkov/pokoj anténa;kb
TV, audio, video a foto technika > Antény a satelity;100002067353;Neotion CAM 803 Nagra Skylink CZ+SK;kb
TV, audio, video a foto technika > Antény a satelity;100002120275;Evolveo Flexi 2, pasivní venkovní anténa;kb
TV, audio, video a foto technika > Antény a satelity;100002127188;Alma 1660 Dongle;kb
TV, audio, video a foto technika > Antény a satelity;100002129684;Strong SRT84 Terestriální HDMI přijímač;kb
TV, audio, video a foto technika > Antény a satelity;100002134326;Kaon MZ-104, 4K satelitní přijímač;kb
TV, audio, video a foto technika > Antény a satelity;160160017307;Evolveo Shark, aktivní venkovní anténa;kb
TV, audio, video a foto technika > Antény a satelity;700060570047;Evolveo HDO, aktivní venkovní anténa;kb
TV, audio, video a foto technika > Audio technika;100000136072;SONY HTSF150;kb
TV, audio, video a foto technika > Audio technika;100000159595;YAMAHA TT-N503/MusicCast VINYL 500 White;kb
TV, audio, video a foto technika > Audio technika;100000229586;SONY STRDH190;kb
TV, audio, video a foto technika > Audio technika;100000236908;TechnoLine WS 8005 digitální budík;kb
TV, audio, video a foto technika > Audio technika;100000255007;Panasonic RP-TCM115E-A, Blue;kb
TV, audio, video a foto technika > Audio technika;100000255010;Panasonic RP-TCM115E-W, White;kb
TV, audio, video a foto technika > Audio technika;100000255013;Panasonic RP-TCM55E-K, Black;kb
TV, audio, video a foto technika > Audio technika;100000468219;Panasonic SC-MAX3500;kb
TV, audio, video a foto technika > Audio technika;100000473376;ALI BT sluchátka AH02,FM,SD,bílá  AH02WT;kb
TV, audio, video a foto technika > Audio technika;100000475909;YAMAHA XDA-AMP5400RK;kb
TV, audio, video a foto technika > Audio technika;100000613700;Victrola VTA-270B Gramofon hnědý;kb
TV, audio, video a foto technika > Audio technika;100000776667;YAMAHA A-S1200 BLACK;kb
TV, audio, video a foto technika > Audio technika;100000776668;YAMAHA A-S1200 SILVER;kb
TV, audio, video a foto technika > Audio technika;100000776671;YAMAHA A-S3200 BLACK;kb
TV, audio, video a foto technika > Audio technika;100000820716;Sony HTS20R.CEL;kb
TV, audio, video a foto technika > Audio technika;100000844686;Samsung EO-IC100BB os.stereo HF USB-C,BK;kb
TV, audio, video a foto technika > Audio technika;100000844689;Samsung EO-IC100BW os.stereo HF USB-C,WT;kb
TV, audio, video a foto technika > Audio technika;100000860488;Samsung HW-T420/EN;kb
TV, audio, video a foto technika > Audio technika;100000910016;YAMAHA RX-V4A Black;kb
TV, audio, video a foto technika > Audio technika;100000910018;YAMAHA RX-V6A Black;kb
TV, audio, video a foto technika > Audio technika;100001010569;Thomson MIC201IBT;kb
TV, audio, video a foto technika > Audio technika;100001047941;Maxxo DT02 internetové rádio;kb
TV, audio, video a foto technika > Audio technika;100001091847;Pioneer PLX-1000;kb
TV, audio, video a foto technika > Audio technika;100001117929;Bravo B-6009 Přenosné rádio černé;kb
TV, audio, video a foto technika > Audio technika;100001117931;Bravo B-6010 Přenosné rádio černé;kb
TV, audio, video a foto technika > Audio technika;100001117948;Bravo B-6039 Digitální rádio SAM černé;kb
TV, audio, video a foto technika > Audio technika;100001124116;Albrecht DR 865;kb
TV, audio, video a foto technika > Audio technika;100001129782;Niceboy VOICE;kb
TV, audio, video a foto technika > Audio technika;100001189059;Albrecht DR 54;kb
TV, audio, video a foto technika > Audio technika;100001356491;Niceboy HIVE Beans White;kb
TV, audio, video a foto technika > Audio technika;100001368406;Panasonic SC-HTB100EGK;kb
TV, audio, video a foto technika > Audio technika;100001392482;YAMAHA RX-A4A BLACK;kb
TV, audio, video a foto technika > Audio technika;100001462243;YAMAHA CD-S303 BLACK;kb
TV, audio, video a foto technika > Audio technika;100001517442;Red Fighter H3 herní sluchátka s mikrofo;kb
TV, audio, video a foto technika > Audio technika;100001519255;Marvo HG8928 sluchátka s mikrofonem;kb
TV, audio, video a foto technika > Audio technika;100001664755;SONY HT-S40R;kb
TV, audio, video a foto technika > Audio technika;100001723584;YAMAHA TW-E3B BLUE;kb
TV, audio, video a foto technika > Audio technika;100001724231;YAMAHA TW-E3B GREEN;kb
TV, audio, video a foto technika > Audio technika;100001737183;Energy Sistem Lol&Roll Pop Kids Orange;kb
TV, audio, video a foto technika > Audio technika;100001737706;YAMAHA TW-E3B GRAY;kb
TV, audio, video a foto technika > Audio technika;100001737765;YAMAHA TW-E3B PURPLE;kb
TV, audio, video a foto technika > Audio technika;100001756052;Albrecht DR 112;kb
TV, audio, video a foto technika > Audio technika;100001770137;Sony WIC100B.CE7 black;kb
TV, audio, video a foto technika > Audio technika;100001770140;Sony WIC100W.CE7 white;kb
TV, audio, video a foto technika > Audio technika;100001771953;YAMAHA TW-E5B BROWN;kb
TV, audio, video a foto technika > Audio technika;100001771960;YAMAHA TW-E5B GRAY;kb
TV, audio, video a foto technika > Audio technika;100001783341;AKAI APR-11R RED Rádio v retro stylu;kb
TV, audio, video a foto technika > Audio technika;100001807477;Maxxo SB-120 Sound Bar;kb
TV, audio, video a foto technika > Audio technika;100001823844;Roadstar HIF-1993D+BT Retro věž;kb
TV, audio, video a foto technika > Audio technika;100001823860;Roadstar HRA-1345NUS/WD Retro radiopřijí;kb
TV, audio, video a foto technika > Audio technika;100001823863;Roadstar HIF-8892 EBT Multimediální HI-F;kb
TV, audio, video a foto technika > Audio technika;100001823873;Roadstar HIF-1993BT Retro věž;kb
TV, audio, video a foto technika > Audio technika;100001826385;AKAI AS005RA-750B Zesilovač 5.1;kb
TV, audio, video a foto technika > Audio technika;100001879646;YAMAHA TW-ES5A GREEN;kb
TV, audio, video a foto technika > Audio technika;100001879647;YAMAHA TW-ES5A PINK;kb
TV, audio, video a foto technika > Audio technika;100001879648;YAMAHA TW-ES5A WHITE;kb
TV, audio, video a foto technika > Audio technika;100001879653;YAMAHA TW-E7B WHITE;kb
TV, audio, video a foto technika > Audio technika;100001879763;Niceboy HIVE Pins 3 ANC Black;kb
TV, audio, video a foto technika > Audio technika;100001916627;YAMAHA R-N2000A BLACK;kb
TV, audio, video a foto technika > Audio technika;100001929008;HP HyperX Cloud Stinger 2 Core;kb
TV, audio, video a foto technika > Audio technika;100001937697;SONY WHCH520W.CE7 bílá;kb
TV, audio, video a foto technika > Audio technika;100001937698;SONY WHCH520L.CE7 modrá;kb
TV, audio, video a foto technika > Audio technika;100001937702;SONY WHCH720NL.CE7 modrá;kb
TV, audio, video a foto technika > Audio technika;100001937703;SONY WHCH720NW.CE7 bílá;kb
TV, audio, video a foto technika > Audio technika;100001942520;Fixed Pods TWS sluchátka FIXPDS-BK;kb
TV, audio, video a foto technika > Audio technika;100001942961;Panasonic RF-D100BTEGT;kb
TV, audio, video a foto technika > Audio technika;100001949702;HyperX Cloud III BLK;kb
TV, audio, video a foto technika > Audio technika;100001953409;HyperX Cloud III RED;kb
TV, audio, video a foto technika > Audio technika;100001959195;Albrecht DR 114;kb
TV, audio, video a foto technika > Audio technika;100002063314;YAMAHA R-N1000A BLACK;kb
TV, audio, video a foto technika > Audio technika;100002063315;YAMAHA R-N1000A SILVER;kb
TV, audio, video a foto technika > Audio technika;100002063316;YAMAHA R-N800A BLACK;kb
TV, audio, video a foto technika > Audio technika;100002063322;YAMAHA True X Bar 40A / SR-X40A LGH GREY;kb
TV, audio, video a foto technika > Audio technika;100002063323;YAMAHA True X Bar 50A / SR-X50A BLACK;kb
TV, audio, video a foto technika > Audio technika;100002063324;YAMAHA True X Bar 50A / SR-X50A CRB GREY;kb
TV, audio, video a foto technika > Audio technika;100002063325;YAMAHA True X Bar 50A / SR-X50A LGH GREY;kb
TV, audio, video a foto technika > Audio technika;100002064956;Lamax Dots3 ANC;kb
TV, audio, video a foto technika > Audio technika;100002065105;Lamax Tones1 Black;kb
TV, audio, video a foto technika > Audio technika;100002066147;YAMAHA R-N600A BLACK;kb
TV, audio, video a foto technika > Audio technika;100002066148;YAMAHA R-N600A SILVER;kb
TV, audio, video a foto technika > Audio technika;100002067294;Niceboy ORYX X220 Iris;kb
TV, audio, video a foto technika > Audio technika;100002068347;Marvo SG-286 Soundbar;kb
TV, audio, video a foto technika > Audio technika;100002069293;Fixed Pods Pro s ANC FIXPDS-P-BK;kb
TV, audio, video a foto technika > Audio technika;100002069757;YAMAHA CD-C603 SILVER;kb
TV, audio, video a foto technika > Audio technika;100002069758;YAMAHA TT-S303 BLACK;kb
TV, audio, video a foto technika > Audio technika;100002074774;Lamax Blaze2 black s USB-C;kb
TV, audio, video a foto technika > Audio technika;100002075012;Maxxo HiFi Tuner TR05;kb
TV, audio, video a foto technika > Audio technika;100002075013;Maxxo Ultra Slim 2.1 SB240;kb
TV, audio, video a foto technika > Audio technika;100002075307;Philips TAT1209PK Bezdrátová sluchátka;kb
TV, audio, video a foto technika > Audio technika;100002076339;Fixed sluchátka Buds FIXBDS-BK;kb
TV, audio, video a foto technika > Audio technika;100002076340;Fixed sluchátka Buds FIXBDS-WH;kb
TV, audio, video a foto technika > Audio technika;100002102356;Samsung Galaxy Buds3 Silver;kb
TV, audio, video a foto technika > Audio technika;100002104087;SONY WFC510L modrá;kb
TV, audio, video a foto technika > Audio technika;100002104089;SONY WFC510Y žlutá;kb
TV, audio, video a foto technika > Audio technika;100002104226;Fixed Game Pods FIXPDS-G-WH;kb
TV, audio, video a foto technika > Audio technika;100002113524;Philips TAT2139BK Bezdrátová sluchátka;kb
TV, audio, video a foto technika > Audio technika;100002115063;Creative Zen Hybrid Pro Classic;kb
TV, audio, video a foto technika > Audio technika;100002118619;Xiaomi OpenWear Stereo Sandstone Beige;kb
TV, audio, video a foto technika > Audio technika;100002120935;Sony WFLS910NG zelená;kb
TV, audio, video a foto technika > Audio technika;100002121248;XIAOMI Redmi Buds 6 Play/ANC/BT/Be 57678;kb
TV, audio, video a foto technika > Audio technika;100002126900;ALI Bluetooth sluch. Pods PRO 3, TWS06;kb
TV, audio, video a foto technika > Audio technika;100002126901;ALI Bluetooth sl. PODS LCD + ANC TWS07;kb
TV, audio, video a foto technika > Audio technika;100002127884;Marvo sluchátka s mikrofon.MONKA HG9069W;kb
TV, audio, video a foto technika > Audio technika;100002128949;AKAI ACRB-2000 Budík s bezdrátovým nab;kb
TV, audio, video a foto technika > Audio technika;100002128955;Roadstar IR-540D+BT BK Internetové rádio;kb
TV, audio, video a foto technika > Audio technika;100002128962;Roadstar HRA-270D+BT Vintage rádio DAB+;kb
TV, audio, video a foto technika > Audio technika;100002128963;Roadstar HRA-1500UEMP Vintage radio CD/M;kb
TV, audio, video a foto technika > Audio technika;100002129449;Roadstar CDR-365U/SL Přenosný přehrávač;kb
TV, audio, video a foto technika > Audio technika;100002129455;Roadstar SB-820BT Soundbar;kb
TV, audio, video a foto technika > Audio technika;100002129692;Victrola VTA-830SB-BLK Century Signature;kb
TV, audio, video a foto technika > Audio technika;100002131488;Edifier Open-Ear Comfo C Black;kb
TV, audio, video a foto technika > Audio technika;100002131490;Edifier Open-Ear Comfo Flex white;kb
TV, audio, video a foto technika > Audio technika;100002131684;LAMAX SoundKid1 pink;kb
TV, audio, video a foto technika > Audio technika;100002131703;Maxxo rádio DAB+ internet rádio - DT06;kb
TV, audio, video a foto technika > Audio technika;100002134375;SONY WFC710N Black;kb
TV, audio, video a foto technika > Audio technika;100002134376;SONY WFC710N Blue;kb
TV, audio, video a foto technika > Audio technika;100002134398;SONY WHCH720NP.CE7 Pink;kb
TV, audio, video a foto technika > Audio technika;100002134416;SONY WHCH520Y.CE7 žlutá;kb
TV, audio, video a foto technika > Audio technika;100002134450;PS5 - PlayStation Pulse Elite Black;kb
TV, audio, video a foto technika > Audio technika;100002134626;Samsung HW-Q930F Soundbar;kb
TV, audio, video a foto technika > Audio technika;100002134627;Samsung HW-Q800F Soundbar;kb
TV, audio, video a foto technika > Audio technika;100002134628;Samsung HW-QS700F Soundbar;kb
TV, audio, video a foto technika > Audio technika;100002134630;Samsung HW-B750F Soundbar;kb
TV, audio, video a foto technika > Audio technika;100002134631;Samsung HW-B650F Soundbar;kb
TV, audio, video a foto technika > Audio technika;100002134632;Samsung HW-B450F Soundbar;kb
TV, audio, video a foto technika > Audio technika;100002134633;Samsung SWA-9250S Zadní reproduktory;kb
TV, audio, video a foto technika > Audio technika;100002134889;König & Meyer 16075;kb
TV, audio, video a foto technika > Audio technika;100002134890;König & Meyer 16090;kb
TV, audio, video a foto technika > Audio technika;100002134891;König & Meyer 16330;kb
TV, audio, video a foto technika > Audio technika;100002134892;König & Meyer 16311 BK;kb
TV, audio, video a foto technika > Audio technika;100002136581;Panasonic sluchátka RZ-B120W;kb
TV, audio, video a foto technika > Audio technika;100002136582;Panasonic sluchátka RZ-B110W;kb
TV, audio, video a foto technika > Audio technika;100002141044;Niceboy Podsie 4 POP White;kb
TV, audio, video a foto technika > Audio technika;100002141045;Niceboy Pins 4 PRO Black;kb
TV, audio, video a foto technika > Audio technika;100002141046;Niceboy Pins 4 PRO Pink;kb
TV, audio, video a foto technika > Audio technika;100002141047;Niceboy Pins 4 PRO White;kb
TV, audio, video a foto technika > Audio technika;100002141243;Rixon QuikBuds;kb
TV, audio, video a foto technika > Audio technika;100002141254;Rixon UltraPods;kb
TV, audio, video a foto technika > Audio technika;100002141256;Rixon AirShots;kb
TV, audio, video a foto technika > Audio technika;100002141257;Rixon GamePods;kb
TV, audio, video a foto technika > Audio technika;100002141258;Rixon Soundplates;kb
TV, audio, video a foto technika > Audio technika;100002141543;Philips TAQ2000WT Bezdrátová sluchátka;kb
TV, audio, video a foto technika > Audio technika;100002141545;Philips TAT2000WT Bezdrátová sluchátka;kb
TV, audio, video a foto technika > Audio technika;100002141546;Philips TAT2000BL Bezdrátová sluchátka;kb
TV, audio, video a foto technika > Audio technika;100002141553;Philips TAR4600 Rádiobudík;kb
TV, audio, video a foto technika > Audio technika;100002141555;Philips TAZ6000 Radiomagnetofon;kb
TV, audio, video a foto technika > Audio technika;100002141564;Philips TAK4200CT  bezdrátová sluchátka;kb
TV, audio, video a foto technika > Audio technika;100002141565;Philips TAK4200MP bezdrátová sluchátka;kb
TV, audio, video a foto technika > Audio technika;100002143502;Philips TAT3509GY Bezdrátová sluchátka;kb
TV, audio, video a foto technika > Audio technika;100002143503;Philips TAT3509WT Bezdrátová sluchátka;kb
TV, audio, video a foto technika > Audio technika;100002143504;Philips TAK5500AL bezdrátová sluchátka;kb
TV, audio, video a foto technika > Audio technika;100002143505;Philips TAK550RT bezdrátová sluchtátka;kb
TV, audio, video a foto technika > Audio technika;100002160455;Niceboy Aura 5 ANC;kb
TV, audio, video a foto technika > Audio technika;100002160475;Niceboy Podsie 4 White;kb
TV, audio, video a foto technika > Audio technika;100002164092;Apple AirPods Pro 3;kb
TV, audio, video a foto technika > Audio technika;100002164103;Albrecht DR 760;kb
TV, audio, video a foto technika > Audio technika;100002164673;Aligator TWS sluchátka Pods ANC TWS08WT;kb
TV, audio, video a foto technika > Audio technika;100002164674;Aligator TWS sluchátka Pods ANC TWS08BK;kb
TV, audio, video a foto technika > Audio technika;100002196447;Aligator AUDIO COMBO set 3v1 AUC001;kb
TV, audio, video a foto technika > Audio technika;100002197529;YAMAHA TRUE X SURROUND 50A (set) BLACK;kb
TV, audio, video a foto technika > Audio technika;100002199482;TESLA PrimeSound HQ-995X;kb
TV, audio, video a foto technika > Audio technika;100002200140;Redmi Buds 8 Lite Black;kb
TV, audio, video a foto technika > Audio technika;100002200152;Niceboy Kiddie 2 Blue;kb
TV, audio, video a foto technika > Audio technika;100002201056;REDMI Buds 8 Pro Obsidian Black;kb
TV, audio, video a foto technika > Audio technika;100002201057;REDMI Buds 8 Pro Glacier Blue;kb
TV, audio, video a foto technika > Audio technika;100002201075;REDMI Buds 8 Pro Cloud White;kb
TV, audio, video a foto technika > Audio technika;100002201317;Samsung Galaxy Buds4 černá;kb
TV, audio, video a foto technika > Audio technika;100002201318;Samsung Galaxy Buds4 Pro černá;kb
TV, audio, video a foto technika > Audio technika;100002201320;Samsung Galaxy Buds4 bílá;kb
TV, audio, video a foto technika > Audio technika;100002201623;Victrola VTA-200B Gramofon béžový;kb
TV, audio, video a foto technika > Audio technika;100002201663;Victrola VTA-200B Gramofon šedý;kb
TV, audio, video a foto technika > Audio technika;100002201668;Xiaomi Redmi Buds 8 Active Black;kb
TV, audio, video a foto technika > Audio technika;100002201669;Xiaomi Redmi Buds 8 Active White;kb
TV, audio, video a foto technika > Audio technika;100002202114;Philips Mikrosystem TAM4505M2;kb
TV, audio, video a foto technika > Audio technika;100002202306;AKAI ATT-200SP Gramofon s  BT;kb
TV, audio, video a foto technika > Audio technika;100002202721;Xiaomi Buds 6 Ceramic White;kb
TV, audio, video a foto technika > Audio technika;100002203382;SONY PS-LX3BT Gramofon;kb
TV, audio, video a foto technika > Audio technika;100002203783;Albrecht DR 864 Senior Radio;kb
TV, audio, video a foto technika > Audio technika;100002203784;Albrecht DR 1000;kb
TV, audio, video a foto technika > Audio technika;100002203787;"Albrecht TV voice amplifier ""KLARO""";kb
TV, audio, video a foto technika > Audio technika;100002203788;Albrecht DR 863 Senior Radio;kb
TV, audio, video a foto technika > Audio technika;100002203799;Albrecht DR 451 DAB+ alarm clock, white;kb
TV, audio, video a foto technika > Audio technika;100002203800;Albrecht DR 57;kb
TV, audio, video a foto technika > Audio technika;100002203801;Midland G9 Pro, PMR+LPD, single;kb
TV, audio, video a foto technika > Audio technika;100002203802;Albrecht DR 451 DAB+ alarm clock, black;kb
TV, audio, video a foto technika > Audio technika;100002203804;Albrecht DMR-100 digital radio + PMR446;kb
TV, audio, video a foto technika > Audio technika;100002203805;Midland D10 DMR digital radio;kb
TV, audio, video a foto technika > Audio technika;100002203808;Albrecht Tectalk Worker 3, hard case 4pc;kb
TV, audio, video a foto technika > Audio technika;100002204363;Niceboy Beans 5 White;kb
TV, audio, video a foto technika > Audio technika;100002204366;Niceboy Beans 5 PRO Pink;kb
TV, audio, video a foto technika > Audio technika;100002204374;Niceboy Beans 5 Pink;kb
TV, audio, video a foto technika > Audio technika;100002204376;Niceboy Beans 5 PRO Black;kb
TV, audio, video a foto technika > Audio technika;100002204377;Niceboy Beans 5 PRO White;kb
TV, audio, video a foto technika > Audio technika;100002204387;EVOLVEO BoneMax bezdrátová sluchátka;kb
TV, audio, video a foto technika > Audio technika;100002204390;ALI SUPER ANC+, BT sluch., černá TWS10BK;kb
TV, audio, video a foto technika > Audio technika;100002204684;Aligator AH05BS;kb
TV, audio, video a foto technika > Audio technika;130211404555;YAMAHA YWA-10 BL;kb
TV, audio, video a foto technika > Audio technika;130212724555;YAMAHA R-S202D BLACK;kb
TV, audio, video a foto technika > Audio technika;130212734555;YAMAHA R-S202D SILVER;kb
TV, audio, video a foto technika > Audio technika;130290294555;YAMAHA A-S201 BLACK;kb
TV, audio, video a foto technika > Audio technika;130290304555;YAMAHA A-S201 SILVER;kb
TV, audio, video a foto technika > Audio technika;150220039868;RICATECH PR1980 Ghettoblaster;kb
TV, audio, video a foto technika > Audio technika;150220049868;RICATECH PR85;kb
TV, audio, video a foto technika > Audio technika;150230085730;SONY ICFC1W;kb
TV, audio, video a foto technika > Audio technika;150230097700;LENCO ICR-210 černá;kb
TV, audio, video a foto technika > Audio technika;440310195602;PANASONIC RP-HF100ME-K černá 559395;kb
TV, audio, video a foto technika > Audio technika;440311225730;SONY sluchátka MDR-EX15LP, černá;kb
TV, audio, video a foto technika > Audio technika;440311355730;SONY sluchátka MDR-ZX310,černá;kb
TV, audio, video a foto technika > Audio technika;440311375730;SONY sluchátka MDR-ZX310,bílá;kb
TV, audio, video a foto technika > Audio technika;440311385730;SONY sluchátka MDR-EX110AP,černá;kb
TV, audio, video a foto technika > Audio technika;440311535730;SONY sluchátka MDR-ZX110 AP,bílá;kb
TV, audio, video a foto technika > Audio technika;700000095772;Thomson CR 50;kb
TV, audio, video a foto technika > Audio technika;700000467687;AKG 3169H00020 AKG K72;kb
TV, audio, video a foto technika > Audio technika;700001205770;Pioneer GM-A6704 zesilovač;kb
TV, audio, video a foto technika > Audio technika;7380162;Stojanček FIXED Frame Headphones na stôl pre náhlavné slúchadlá, hliníkový strieborný;penta
TV, audio, video a foto technika > Audio technika;999020016730;SONY MDR-EX15APPI, růžová;kb
TV, audio, video a foto technika > Audio technika;999020026730;SONY MDR-EX15APLI,modrá;kb
TV, audio, video a foto technika > Audio technika > HiFi a domáce reproduktory;100000067313;YAMAHA WX-021/MusicCast 20 WHITE;kb
TV, audio, video a foto technika > Audio technika > HiFi a domáce reproduktory;100000067314;YAMAHA WX-051/MusicCast 50 WHITE;kb
TV, audio, video a foto technika > Audio technika > HiFi a domáce reproduktory;100000159732;Panasonic SC-UA30E-K;kb
TV, audio, video a foto technika > Audio technika > HiFi a domáce reproduktory;100000366100;Polk Audio SIGNATURE ES30 centr. Blac;kb
TV, audio, video a foto technika > Audio technika > HiFi a domáce reproduktory;100000366124;Polk Audio SIGNATURE ES60 podlah. Black;kb
TV, audio, video a foto technika > Audio technika > HiFi a domáce reproduktory;100000821100;Lamax Sounder2;kb
TV, audio, video a foto technika > Audio technika > HiFi a domáce reproduktory;100001926687;Energy Sistem Urban Box Blue Supernova;kb
TV, audio, video a foto technika > Audio technika > HiFi a domáce reproduktory;100002063329;YAMAHA True X Speaker 1A / WS-X1A BLACK;kb
TV, audio, video a foto technika > Audio technika > HiFi a domáce reproduktory;100002066175;SONY SRS-XB100L;kb
TV, audio, video a foto technika > Audio technika > HiFi a domáce reproduktory;100002076853;Lamax PartyGo1 Play;kb
TV, audio, video a foto technika > Audio technika > HiFi a domáce reproduktory;100002077152;Panasonic SC-TMAX45E-K;kb
TV, audio, video a foto technika > Audio technika > HiFi a domáce reproduktory;100002106650;LAMAX StarCube1;kb
TV, audio, video a foto technika > Audio technika > HiFi a domáce reproduktory;100002120938;Sony SRS-LS1 LinkBuds speaker, černý;kb
TV, audio, video a foto technika > Audio technika > HiFi a domáce reproduktory;100002120939;Sony SRS-LS1 LinkBuds speaker, šedý;kb
TV, audio, video a foto technika > Audio technika > HiFi a domáce reproduktory;100002121992;Panasonic SC-BMAX5 party reproduktor;kb
TV, audio, video a foto technika > Audio technika > HiFi a domáce reproduktory;100002121993;Panasonic SC-BMAX10 party reproduktor;kb
TV, audio, video a foto technika > Audio technika > HiFi a domáce reproduktory;100002125861;LAMAX KaraokeKid1 Blue;kb
TV, audio, video a foto technika > Audio technika > HiFi a domáce reproduktory;100002127479;LAMAX KaraokeKid1 Pink;kb
TV, audio, video a foto technika > Audio technika > HiFi a domáce reproduktory;100002128894;Trevi XR 8A35 BL;kb
TV, audio, video a foto technika > Audio technika > HiFi a domáce reproduktory;100002129146;AKAI ABTS-45 Přenosný BT reproduktor;kb
TV, audio, video a foto technika > Audio technika > HiFi a domáce reproduktory;100002129151;Roadstar DJ-390 BT Bluetooth speaker;kb
TV, audio, video a foto technika > Audio technika > HiFi a domáce reproduktory;100002136357;Harman Kardon Onyx Studio 9, šedý;kb
TV, audio, video a foto technika > Audio technika > HiFi a domáce reproduktory;100002141062;Niceboy Nexus;kb
TV, audio, video a foto technika > Audio technika > HiFi a domáce reproduktory;100002141262;Rixon Bucket;kb
TV, audio, video a foto technika > Audio technika > HiFi a domáce reproduktory;100002141654;Niceboy Titan 4;kb
TV, audio, video a foto technika > Audio technika > HiFi a domáce reproduktory;100002148190;Evolveo TopSound černý;kb
TV, audio, video a foto technika > Audio technika > HiFi a domáce reproduktory;100002164344;Aligator Reproduktor pro MagSafe ABSMB01;kb
TV, audio, video a foto technika > Audio technika > HiFi a domáce reproduktory;100002172123;JVC Party reproduktor XS-EP514B;kb
TV, audio, video a foto technika > Audio technika > HiFi a domáce reproduktory;100002201616;EDIFIER ES20 reproduktor béžový;kb
TV, audio, video a foto technika > Audio technika > HiFi a domáce reproduktory;100002201617;EDIFIER ES60 reproduktor černý;kb
TV, audio, video a foto technika > Audio technika > HiFi a domáce reproduktory;100002201638;EDIFIER ES20 reproduktor černý;kb
TV, audio, video a foto technika > Audio technika > HiFi a domáce reproduktory;100002201644;EDIFIER T5s subwoofer černý;kb
TV, audio, video a foto technika > Audio technika > HiFi a domáce reproduktory;100002201645;EDIFIER T5s subwoofer hnědý;kb
TV, audio, video a foto technika > Audio technika > HiFi a domáce reproduktory;100002203046;Xiaomi Bluetooth Speaker Essential Green;kb
TV, audio, video a foto technika > Audio technika > HiFi a domáce reproduktory;122772174555;YAMAHA NS-777 BLACK 2 kartony;kb
TV, audio, video a foto technika > Audio technika > HiFi a domáce reproduktory;130281164555;YAMAHA NS-AW392 WHITE 1 karton;kb
TV, audio, video a foto technika > Audio technika > HiFi a domáce reproduktory;130281174555;YAMAHA NS-AW592 WHITE 1 karton;kb
TV, audio, video a foto technika > Audio technika > HiFi a domáce reproduktory;130282534555;YAMAHA NS-F51 BLACK 1 karton;kb
TV, audio, video a foto technika > Audio technika > HiFi a domáce reproduktory;130282674555;YAMAHA NS-SW050 BLACK;kb
TV, audio, video a foto technika > Audio technika > HiFi a domáce reproduktory;130282684555;YAMAHA NS-SW100 BLACK;kb
TV, audio, video a foto technika > Diaľkové ovládače > Audio ovládače;DOAIWARCT501;Diaľkový ovládač ALIEN AIWA RC-T501;atos
TV, audio, video a foto technika > Diaľkové ovládače > Audio ovládače;DOAIWARCT506;Diaľkový ovládač ALIEN AIWA RC-T506;atos
TV, audio, video a foto technika > Diaľkové ovládače > Audio ovládače;DOEUR648200;Diaľkový ovládač ALIEN Panasonic EUR648200;atos
TV, audio, video a foto technika > Diaľkové ovládače > Audio ovládače;DOHUAP920;Diaľkový ovládač HUAYU RM-D920+ Panasonic univerzálny;atos
TV, audio, video a foto technika > Diaľkové ovládače > Audio ovládače;DOPAN001N;Diaľkový ovládač ALIEN Panasonic N2QAGB000001;atos
TV, audio, video a foto technika > Diaľkové ovládače > Audio ovládače;DOPAN002N;Diaľkový ovládač ALIEN Panasonic N2QAYZ000002;atos
TV, audio, video a foto technika > Diaľkové ovládače > Audio ovládače;DOPAN006N;Diaľkový ovládač ALIEN Panasonic N2QAGB000006;atos
TV, audio, video a foto technika > Diaľkové ovládače > Audio ovládače;DOPAN020N;Diaľkový ovládač ALIEN Panasonic EUR7636020;atos
TV, audio, video a foto technika > Diaľkové ovládače > Audio ovládače;DOPAN030N;Diaľkový ovládač ALIEN Panasonic EUR7651030;atos
TV, audio, video a foto technika > Diaľkové ovládače > Audio ovládače;DOPAN040N;Diaľkový ovládač ALIEN Panasonic EUR7635040;atos
TV, audio, video a foto technika > Diaľkové ovládače > Audio ovládače;DOPAN050N;Diaľkový ovládač ALIEN Panasonic EUR7651050;atos
TV, audio, video a foto technika > Diaľkové ovládače > Audio ovládače;DOPAN059N;Diaľkový ovládač ALIEN Panasonic N2QAKB000059;atos
TV, audio, video a foto technika > Diaľkové ovládače > Audio ovládače;DOPAN060N;Diaľkový ovládač ALIEN Panasonic N2QAKB000060;atos
TV, audio, video a foto technika > Diaľkové ovládače > Audio ovládače;DOPAN080N;Diaľkový ovládač ALIEN Panasonic EUR7636080;atos
TV, audio, video a foto technika > Diaľkové ovládače > Audio ovládače;DOPAN090N;Diaľkový ovládač ALIEN Panasonic EUR7651090;atos
TV, audio, video a foto technika > Diaľkové ovládače > Audio ovládače;DOPAN1009N;Diaľkový ovládač ALIEN Panasonic N2QAYB001009;atos
TV, audio, video a foto technika > Diaľkové ovládače > Audio ovládače;DOPAN1010N;Diaľkový ovládač ALIEN Panasonic EUR7651010;atos
TV, audio, video a foto technika > Diaľkové ovládače > Audio ovládače;DOPAN1050AN;Diaľkový ovládač ALIEN Panasonic EUR7651050A;atos
TV, audio, video a foto technika > Diaľkové ovládače > Audio ovládače;DOPAN1060N;Diaľkový ovládač ALIEN Panasonic EUR7651060;atos
TV, audio, video a foto technika > Diaľkové ovládače > Audio ovládače;DOPAN1272N;Diaľkový ovládač ALIEN Panasonic EUR511272;atos
TV, audio, video a foto technika > Diaľkové ovládače > Audio ovládače;DOPAN182N;Diaľkový ovládač ALIEN Panasonic N2QAYB000182;atos
TV, audio, video a foto technika > Diaľkové ovládače > Audio ovládače;DOPAN2070N;Diaľkový ovládač ALIEN Panasonic EUR7702070;atos
TV, audio, video a foto technika > Diaľkové ovládače > Audio ovládače;DOPAN266N;Diaľkový ovládač ALIEN Panasonic EUR511266;atos
TV, audio, video a foto technika > Diaľkové ovládače > Audio ovládače;DOPAN30083972N;Diaľkový ovládač ALIEN Panasonic 30083972;atos
TV, audio, video a foto technika > Diaľkové ovládače > Audio ovládače;DOPAN328N;Diaľkový ovládač ALIEN Panasonic N2QAYB000328;atos
TV, audio, video a foto technika > Diaľkové ovládače > Audio ovládače;DOPAN354N;Diaľkový ovládač ALIEN Panasonic N2QAYB000354;atos
TV, audio, video a foto technika > Diaľkové ovládače > Audio ovládače;DOPAN420N;Diaľkový ovládač ALIEN Panasonic N2QAYB000420;atos
TV, audio, video a foto technika > Diaľkové ovládače > Audio ovládače;DOPAN428N;Diaľkový ovládač ALIEN Panasonic N2QAYB000428;atos
TV, audio, video a foto technika > Diaľkové ovládače > Audio ovládače;DOPAN489N;Diaľkový ovládač ALIEN Panasonic N2QAYB000489;atos
TV, audio, video a foto technika > Diaľkové ovládače > Audio ovládače;DOPAN490N;Diaľkový ovládač ALIEN Panasonic N2QAYB000490;atos
TV, audio, video a foto technika > Diaľkové ovládače > Audio ovládače;DOPAN504N;Diaľkový ovládač ALIEN Panasonic N2QAYB000504;atos
TV, audio, video a foto technika > Diaľkové ovládače > Audio ovládače;DOPAN529N;Diaľkový ovládač ALIEN Panasonic EUR646529;atos
TV, audio, video a foto technika > Diaľkové ovládače > Audio ovládače;DOPAN572N;Diaľkový ovládač ALIEN Panasonic N2QAYB000572;atos
TV, audio, video a foto technika > Diaľkové ovládače > Audio ovládače;DOPAN673N;Diaľkový ovládač ALIEN Panasonic N2QAYB000673;atos
TV, audio, video a foto technika > Diaľkové ovládače > Audio ovládače;DOPAN717N;Diaľkový ovládač ALIEN Panasonic N2QAYB000717;atos
TV, audio, video a foto technika > Diaľkové ovládače > Audio ovládače;DOPAN752N;Diaľkový ovládač ALIEN Panasonic N2QAYB000752;atos
TV, audio, video a foto technika > Diaľkové ovládače > Audio ovládače;DOPAN753N;Diaľkový ovládač ALIEN Panasonic N2QAYB000753;atos
TV, audio, video a foto technika > Diaľkové ovládače > Audio ovládače;DOPAN815N;Diaľkový ovládač ALIEN Panasonic N2QAYB000815;atos
TV, audio, video a foto technika > Diaľkové ovládače > Audio ovládače;DOPAN816N;Diaľkový ovládač ALIEN Panasonic N2QAYB000816;atos
TV, audio, video a foto technika > Diaľkové ovládače > Audio ovládače;DOPAN829N;Diaľkový ovládač ALIEN Panasonic N2QAYB000829;atos
TV, audio, video a foto technika > Diaľkové ovládače > Audio ovládače;DOPAN830N;Diaľkový ovládač ALIEN Panasonic N2QAYB000830;atos
TV, audio, video a foto technika > Diaľkové ovládače > Audio ovládače;DOPAN842N;Diaľkový ovládač ALIEN Panasonic N2QAYB000842;atos
TV, audio, video a foto technika > Diaľkové ovládače > Audio ovládače;DOPAN9010N;Diaľkový ovládač ALIEN Panasonic EUR7619010;atos
TV, audio, video a foto technika > Diaľkové ovládače > Audio ovládače;DOPAN941N;Diaľkový ovládač ALIEN Panasonic EUR51941;atos
TV, audio, video a foto technika > Diaľkové ovládače > Audio ovládače;DOPANTC150N;Diaľkový ovládač ALIEN Panasonic TC150;atos
TV, audio, video a foto technika > Diaľkové ovládače > Audio ovládače;DOPANZ60N;Diaľkový ovládač ALIEN Panasonic EUR7737Z60;atos
TV, audio, video a foto technika > Diaľkové ovládače > Audio ovládače;DOPHRC282430;Diaľkový ovládač ALIEN Philips RC282430/01;atos
TV, audio, video a foto technika > Diaľkové ovládače > Audio ovládače;DOTSDIGIT;Diaľkový ovládač TechniSat DIGITRADIO 1;atos
TV, audio, video a foto technika > Diaľkové ovládače > DVD ovládače;DO313924870111;Diaľkový ovládač ALIEN Philips 313924870111;atos
TV, audio, video a foto technika > Diaľkové ovládače > DVD ovládače;DO996510021705;Diaľkový ovládač ALIEN Philips 996510021705;atos
TV, audio, video a foto technika > Diaľkové ovládače > DVD ovládače;DOAH5900139A;Diaľkový ovládač ALIEN Samsung AH59-00139A;atos
TV, audio, video a foto technika > Diaľkové ovládače > DVD ovládače;DOAH5902356A;Diaľkový ovládač ALIEN Samsung AH59-02356A;atos
TV, audio, video a foto technika > Diaľkové ovládače > DVD ovládače;DOAK5900052A;Diaľkový ovládač ALIEN Samsung AK59-00052A;atos
TV, audio, video a foto technika > Diaľkové ovládače > DVD ovládače;DOAK5900074A;Diaľkový ovládač ALIEN Samsung AK59-00074A;atos
TV, audio, video a foto technika > Diaľkové ovládače > DVD ovládače;DOAK5900104J;Diaľkový ovládač ALIEN Samsung AK59-00104J;atos
TV, audio, video a foto technika > Diaľkové ovládače > DVD ovládače;DODTP4800N;Diaľkový ovládač ALIEN Philips DTP4800;atos
TV, audio, video a foto technika > Diaľkové ovládače > DVD ovládače;DOLG6711R1P073BN;Diaľkový ovládač ALIEN LG 6711R1P073B;atos
TV, audio, video a foto technika > Diaľkové ovládače > DVD ovládače;DOLG6711R1P104CN;Diaľkový ovládač ALIEN LG 6711R1P104C;atos
TV, audio, video a foto technika > Diaľkové ovládače > DVD ovládače;DOLGAKB31621902N;Diaľkový ovládač ALIEN LG AKB31621902;atos
TV, audio, video a foto technika > Diaľkové ovládače > DVD ovládače;DOLGAKB36087607N;Diaľkový ovládač ALIEN LG AKB36087607;atos
TV, audio, video a foto technika > Diaľkové ovládače > DVD ovládače;DOR3400;Diaľkový ovládač ALIEN Philips DVDR3400;atos
TV, audio, video a foto technika > Diaľkové ovládače > DVD ovládače;DORC2010;Diaľkový ovládač ALIEN Philips RC2010;atos
TV, audio, video a foto technika > Diaľkové ovládače > DVD ovládače;DORC251;Diaľkový ovládač ALIEN Denon RC-251;atos
TV, audio, video a foto technika > Diaľkové ovládače > DVD ovládače;DORC5340;Diaľkový ovládač ALIEN Philips RC5340;atos
TV, audio, video a foto technika > Diaľkové ovládače > DVD ovládače;DORC884;Diaľkový ovládač ALIEN Denon RC-884;atos
TV, audio, video a foto technika > Diaľkové ovládače > DVD ovládače;DORMTD230PN;Diaľkový ovládač ALIEN Sony RMT-D230P;atos
TV, audio, video a foto technika > Diaľkové ovládače > DVD ovládače;DORMTD248PN;Diaľkový ovládač ALIEN Sony RMT-D248P;atos
TV, audio, video a foto technika > Diaľkové ovládače > DVD ovládače;DORT25198;Diaľkový ovládač ALIEN Philips RT25198;atos
TV, audio, video a foto technika > Diaľkové ovládače > DVD ovládače;DOSHGA718WJPA;Diaľkový ovládač ALIEN Sharp GA718WJPA;atos
TV, audio, video a foto technika > Diaľkové ovládače > DVD ovládače;DOSU129WH;Diaľkový ovládač ALIEN Technics RAK-SU129WH;atos
TV, audio, video a foto technika > Diaľkové ovládače > Ovládače k DVB-T2;ABCRUNIV3;Diaľkový ovládač AB ALL TV pro AB CryptoBox a PULSe;atos
TV, audio, video a foto technika > Diaľkové ovládače > Ovládače k DVB-T2;AMDO83XX;Amiko diaľkový ovládač 8150, 8240, 8320, 8330, 8340, 8820, Mini HD, Micro HD, Impulse - originál;atos
TV, audio, video a foto technika > Diaľkové ovládače > Ovládače k DVB-T2;ATO-DOVTE00009;Diaľkový ovládač Alma 1660;atos
TV, audio, video a foto technika > Diaľkové ovládače > Ovládače k DVB-T2;DOALMA1660N;Diaľkový ovládač ALIEN ALMA 1660 náhrada;atos
TV, audio, video a foto technika > Diaľkové ovládače > Ovládače k DVB-T2;DOALMA2800N;Diaľkový ovládač ALIEN ALMA 2800 náhrada;atos
TV, audio, video a foto technika > Diaľkové ovládače > Ovládače k DVB-T2;DOALMA2820N;Diaľkový ovládač ALIEN ALMA 2820 náhrada;atos
TV, audio, video a foto technika > Diaľkové ovládače > Ovládače k DVB-T2;DOALMA2820NSTB;Diaľkový ovládač ALIEN STB ALMA 2820 náhrada;atos
TV, audio, video a foto technika > Diaľkové ovládače > Ovládače k DVB-T2;DOALMA2850N;Diaľkový ovládač ALIEN ALMA 2850 náhrada;atos
TV, audio, video a foto technika > Diaľkové ovládače > Ovládače k DVB-T2;DOALMA2850NSTB;Diaľkový ovládač ALIEN STB ALMA 2850 náhrada;atos
TV, audio, video a foto technika > Diaľkové ovládače > Ovládače k DVB-T2;DOALMA2880MN;Diaľkový ovládač ALIEN ALMA 2880 mini náhrada;atos
TV, audio, video a foto technika > Diaľkové ovládače > Ovládače k DVB-T2;DOALMA2880MNSTB;Diaľkový ovládač ALIEN STB ALMA 2880 mini náhrada;atos
TV, audio, video a foto technika > Diaľkové ovládače > Ovládače k DVB-T2;DOALMAIHDN;Diaľkový ovládač ALIEN ALMA iHD náhrada;atos
TV, audio, video a foto technika > Diaľkové ovládače > Ovládače k DVB-T2;DOALMAIHDNSTB;Diaľkový ovládač ALIEN STB ALMA iHD náhrada;atos
TV, audio, video a foto technika > Diaľkové ovládače > Ovládače k DVB-T2;DOCTURZ0336AN;Diaľkový ovládač ALIEN CABLETECH URZ0336A náhrada;atos
TV, audio, video a foto technika > Diaľkové ovládače > Ovládače k DVB-T2;DOCTURZ0336STB;Diaľkový ovládač ALIEN STB CABLETECH URZ0336A náhrada;atos
TV, audio, video a foto technika > Diaľkové ovládače > Ovládače k DVB-T2;DOEM170N;Diaľkový ovládač ALIEN EMOS EM170HD;atos
TV, audio, video a foto technika > Diaľkové ovládače > Ovládače k DVB-T2;DOEM170NSTB;Diaľkový ovládač ALIEN STB EMOS EM170HD;atos
TV, audio, video a foto technika > Diaľkové ovládače > Ovládače k DVB-T2;DOEM180N;Diaľkový ovládač ALIEN EMOS EM180HD;atos
TV, audio, video a foto technika > Diaľkové ovládače > Ovládače k DVB-T2;DOEM180NSTB;Diaľkový ovládač ALIEN STB EMOS EM180HD;atos
TV, audio, video a foto technika > Diaľkové ovládače > Ovládače k DVB-T2;DOEM190N;Diaľkový ovládač ALIEN EMOS EM190HD;atos
TV, audio, video a foto technika > Diaľkové ovládače > Ovládače k DVB-T2;DOEM190NSTB;Diaľkový ovládač ALIEN STB EMOS EM190HD;atos
TV, audio, video a foto technika > Diaľkové ovládače > Ovládače k DVB-T2;DOFODE8510;Diaľkový ovládač ALIEN Fuba ODE 8510 T2 Stealth;atos
TV, audio, video a foto technika > Diaľkové ovládače > Ovládače k DVB-T2;DOFODE8510STB;Diaľkový ovládač ALIEN STB Fuba ODE 8510 T2 Stealth;atos
TV, audio, video a foto technika > Diaľkové ovládače > Ovládače k DVB-T2;DOGOG132;Diaľkový ovládač ALIEN GoGEN DVB 132 T2 PVR;atos
TV, audio, video a foto technika > Diaľkové ovládače > Ovládače k DVB-T2;DOGOG132STB;Diaľkový ovládač ALIEN STB GoGEN DVB 132 T2 PVR;atos
TV, audio, video a foto technika > Diaľkové ovládače > Ovládače k DVB-T2;DOGOG133;Diaľkový ovládač ALIEN GoGEN DVB 133 T2 SENIOR;atos
TV, audio, video a foto technika > Diaľkové ovládače > Ovládače k DVB-T2;DOGOG133STB;Diaľkový ovládač ALIEN STB GoGEN DVB 133 T2 SENIOR;atos
TV, audio, video a foto technika > Diaľkové ovládače > Ovládače k DVB-T2;DOGOG219;Diaľkový ovládač ALIEN GoGEN DVB 219 T2 DUAL;atos
TV, audio, video a foto technika > Diaľkové ovládače > Ovládače k DVB-T2;DOGOG219STB;Diaľkový ovládač ALIEN STB GoGEN DVB 219 T2 DUAL;atos
TV, audio, video a foto technika > Diaľkové ovládače > Ovládače k DVB-T2;DOGOG272;Diaľkový ovládač ALIEN GoGEN DVB 272 T2 PVR;atos
TV, audio, video a foto technika > Diaľkové ovládače > Ovládače k DVB-T2;DOGOG272STB;Diaľkový ovládač ALIEN STB GoGEN DVB 272 T2 PVR;atos
TV, audio, video a foto technika > Diaľkové ovládače > Ovládače k DVB-T2;DOMC710T2;Diaľkový ovládač ALIEN Mascom MC710T2-HD;atos
TV, audio, video a foto technika > Diaľkové ovládače > Ovládače k DVB-T2;DOMC710T2STB;Diaľkový ovládač ALIEN STB Mascom MC710T2-HD;atos
TV, audio, video a foto technika > Diaľkové ovládače > Ovládače k DVB-T2;DOMC720T2;Diaľkový ovládač ALIEN Mascom MC720T2-HD;atos
TV, audio, video a foto technika > Diaľkové ovládače > Ovládače k DVB-T2;DOMC720T2STB;Diaľkový ovládač ALIEN STB Mascom MC720T2-HD;atos
TV, audio, video a foto technika > Diaľkové ovládače > Ovládače k DVB-T2;DOMC750T2;Diaľkový ovládač ALIEN Mascom MC750T2-HD;atos
TV, audio, video a foto technika > Diaľkové ovládače > Ovládače k DVB-T2;DOMC750T2STB;Diaľkový ovládač ALIEN STB Mascom MC750T2-HD;atos
TV, audio, video a foto technika > Diaľkové ovládače > Ovládače k DVB-T2;DOMC751T2;Diaľkový ovládač ALIEN Mascom MC751T2-HD;atos
TV, audio, video a foto technika > Diaľkové ovládače > Ovládače k DVB-T2;DOMC751T2STB;Diaľkový ovládač ALIEN STB Mascom MC751T2-HD;atos
TV, audio, video a foto technika > Diaľkové ovládače > Ovládače k DVB-T2;DON520HD;Diaľkový ovládač ALIEN Dreambox 520 HD;atos
TV, audio, video a foto technika > Diaľkové ovládače > Ovládače k DVB-T2;DON520HDSTB;Diaľkový ovládač ALIEN STB Dreambox 520 HD;atos
TV, audio, video a foto technika > Diaľkové ovládače > Ovládače k DVB-T2;DON82;Diaľkový ovládač ALIEN Strong SRT 82;atos
TV, audio, video a foto technika > Diaľkové ovládače > Ovládače k DVB-T2;DON8209;Diaľkový ovládač ALIEN Strong SRT 8209;atos
TV, audio, video a foto technika > Diaľkové ovládače > Ovládače k DVB-T2;DON8209STB;Diaľkový ovládač ALIEN STB Strong SRT 8209;atos
TV, audio, video a foto technika > Diaľkové ovládače > Ovládače k DVB-T2;DON8211;Diaľkový ovládač ALIEN Strong SRT 8211;atos
TV, audio, video a foto technika > Diaľkové ovládače > Ovládače k DVB-T2;DON8211STB;Diaľkový ovládač ALIEN STB Strong SRT 8211;atos
TV, audio, video a foto technika > Diaľkové ovládače > Ovládače k DVB-T2;DON8221;Diaľkový ovládač ALIEN Strong SRT 8221;atos
TV, audio, video a foto technika > Diaľkové ovládače > Ovládače k DVB-T2;DON8221STB;Diaľkový ovládač ALIEN STB Strong SRT 8221;atos
TV, audio, video a foto technika > Diaľkové ovládače > Ovládače k DVB-T2;DON8222;Diaľkový ovládač ALIEN Strong SRT 8222;atos
TV, audio, video a foto technika > Diaľkové ovládače > Ovládače k DVB-T2;DON8222STB;Diaľkový ovládač ALIEN STB Strong SRT 8222;atos
TV, audio, video a foto technika > Diaľkové ovládače > Ovládače k DVB-T2;DON8275;Diaľkový ovládač ALIEN Amiko HD 8275+   - náhrada;atos
TV, audio, video a foto technika > Diaľkové ovládače > Ovládače k DVB-T2;DON8275STB;Diaľkový ovládač ALIEN STB Amiko HD 8275+   - náhrada;atos
TV, audio, video a foto technika > Diaľkové ovládače > Ovládače k DVB-T2;DON82STB;Diaľkový ovládač ALIEN STB Strong SRT 82;atos
TV, audio, video a foto technika > Diaľkové ovládače > Ovládače k DVB-T2;DON8541;Diaľkový ovládač ALIEN Strong SRT 8541;atos
TV, audio, video a foto technika > Diaľkové ovládače > Ovládače k DVB-T2;DON8541STB;Diaľkový ovládač ALIEN STB Strong SRT 8541;atos
TV, audio, video a foto technika > Diaľkové ovládače > Ovládače k DVB-T2;DONAMIKOVIPER;Diaľkový ovládač ALIEN Amiko VIPER SLIM - náhrada;atos
TV, audio, video a foto technika > Diaľkové ovládače > Ovládače k DVB-T2;DONAMIKOVIPERCO;Diaľkový ovládač ALIEN Amiko VIPER COMBO - náhrada;atos
TV, audio, video a foto technika > Diaľkové ovládače > Ovládače k DVB-T2;DONAMVIPERSTB;Diaľkový ovládač ALIEN STB Amiko VIPER COMBO - náhrada;atos
TV, audio, video a foto technika > Diaľkové ovládače > Ovládače k DVB-T2;DONAT265;Diaľkový ovládač ALIEN Ferguson Ariva T265 - náhrada;atos
TV, audio, video a foto technika > Diaľkové ovládače > Ovládače k DVB-T2;DONAT265STB;Diaľkový ovládač ALIEN STB Ferguson Ariva T265 - náhrada;atos
TV, audio, video a foto technika > Diaľkové ovládače > Ovládače k DVB-T2;DONCOM;Diaľkový ovládač ALIEN Amiko MINI COMBO - náhrada;atos
TV, audio, video a foto technika > Diaľkové ovládače > Ovládače k DVB-T2;DONCOMSTB;Diaľkový ovládač ALIEN STB Amiko MINI COMBO  - náhrada;atos
TV, audio, video a foto technika > Diaľkové ovládače > Ovládače k DVB-T2;DONCRY702STB;Diaľkový ovládač ALIEN STB AB CryptoBox 702T - náhrada;atos
TV, audio, video a foto technika > Diaľkové ovládače > Ovládače k DVB-T2;DONCRY702T;Diaľkový ovládač ALIEN AB CryptoBox  702T - náhrada;atos
TV, audio, video a foto technika > Diaľkové ovládače > Ovládače k DVB-T2;DONCRY752;Diaľkový ovládač ALIEN AB CryptoBox 752 HD - náhrada;atos
TV, audio, video a foto technika > Diaľkové ovládače > Ovládače k DVB-T2;DONCRY752STB;Diaľkový ovládač ALIEN STB AB CryptoBox 752 HD - náhrada;atos
TV, audio, video a foto technika > Diaľkové ovládače > Ovládače k DVB-T2;DONDIBOX;Diaľkový ovládač ALIEN DI-WAY DI-BOX - náhrada;atos
TV, audio, video a foto technika > Diaľkové ovládače > Ovládače k DVB-T2;DONDIBOXSTB;Diaľkový ovládač ALIEN STB DI-WAY DI-BOX - náhrada;atos
TV, audio, video a foto technika > Diaľkové ovládače > Ovládače k DVB-T2;DONDLION5;Diaľkový ovládač ALIEN Opticum AX LION 5-M - náhrada;atos
TV, audio, video a foto technika > Diaľkové ovládače > Ovládače k DVB-T2;DONDLION5STB;Diaľkový ovládač ALIEN STB Opticum AX LION 5-M - náhrada;atos
TV, audio, video a foto technika > Diaľkové ovládače > Ovládače k DVB-T2;DONDTR3502;Diaľkový ovládač ALIEN Philips DTR3502FTA;atos
TV, audio, video a foto technika > Diaľkové ovládače > Ovládače k DVB-T2;DONDTR3502STB;Diaľkový ovládač ALIEN STB Philips DTR3502FTA;atos
TV, audio, video a foto technika > Diaľkové ovládače > Ovládače k DVB-T2;DONEDPRO;Diaľkový ovládač ALIEN Edision Proton LED;atos
TV, audio, video a foto technika > Diaľkové ovládače > Ovládače k DVB-T2;DONEDPROSTB;Diaľkový ovládač ALIEN STB Edision Proton LED;atos
TV, audio, video a foto technika > Diaľkové ovládače > Ovládače k DVB-T2;DONEOCO;Diaľkový ovládač ALIEN AMIKO NEO COMBO SE;atos
TV, audio, video a foto technika > Diaľkové ovládače > Ovládače k DVB-T2;DONEOCOSTB;Diaľkový ovládač ALIEN STB Amiko NEO COMBO SE  - náhrada;atos
TV, audio, video a foto technika > Diaľkové ovládače > Ovládače k DVB-T2;DONEWDITAL;Diaľkový ovládač ALIEN New Digital;atos
TV, audio, video a foto technika > Diaľkové ovládače > Ovládače k DVB-T2;DONEWDITALSTB;Diaľkový ovládač ALIEN STB New Digital;atos
TV, audio, video a foto technika > Diaľkové ovládače > Ovládače k DVB-T2;DONFTEMAXT200;Diaľkový ovládač ALIEN FTE MAX T200 HD náhrada;atos
TV, audio, video a foto technika > Diaľkové ovládače > Ovládače k DVB-T2;DONFTEMAXT200STB;Diaľkový ovládač ALIEN STB FTE MAX T200 HD náhrada;atos
TV, audio, video a foto technika > Diaľkové ovládače > Ovládače k DVB-T2;DONGAMMAT2;Diaľkový ovládač ALIEN Evolveo Gamma T2 náhrada;atos
TV, audio, video a foto technika > Diaľkové ovládače > Ovládače k DVB-T2;DONGAMMAT2STB;Diaľkový ovládač ALIEN STB Evolveo Gamma T2 náhrada;atos
TV, audio, video a foto technika > Diaľkové ovládače > Ovládače k DVB-T2;DONGS200T2;Diaľkový ovládač ALIEN GoSat GS200T2 - náhrada;atos
TV, audio, video a foto technika > Diaľkové ovládače > Ovládače k DVB-T2;DONGS200T2STB;Diaľkový ovládač ALIEN STB GoSat GS200T2 - náhrada;atos
TV, audio, video a foto technika > Diaľkové ovládače > Ovládače k DVB-T2;DONGS950T2;Diaľkový ovládač ALIEN GoSat GS950T2 - náhrada;atos
TV, audio, video a foto technika > Diaľkové ovládače > Ovládače k DVB-T2;DONGS950T2STB;Diaľkový ovládač ALIEN STB GoSat GS950T2 - náhrada;atos
TV, audio, video a foto technika > Diaľkové ovládače > Ovládače k DVB-T2;DONH220;Diaľkový ovládač ALIEN HYUNDAI DVB 220 PVR;atos
TV, audio, video a foto technika > Diaľkové ovládače > Ovládače k DVB-T2;DONH220STB;Diaľkový ovládač ALIEN STB HYUNDAI DVB 220 PVR;atos
TV, audio, video a foto technika > Diaľkové ovládače > Ovládače k DVB-T2;DONH250;Diaľkový ovládač ALIEN HYUNDAI DVB 250 PVR;atos
TV, audio, video a foto technika > Diaľkové ovládače > Ovládače k DVB-T2;DONH250STB;Diaľkový ovládač ALIEN STB HYUNDAI DVB 250 PVR;atos
TV, audio, video a foto technika > Diaľkové ovládače > Ovládače k DVB-T2;DONH4H331;Diaľkový ovládač ALIEN HYUNDAI DVB 4H331 PVR;atos
TV, audio, video a foto technika > Diaľkové ovládače > Ovládače k DVB-T2;DONH4H331STB;Diaľkový ovládač ALIEN STB HYUNDAI DVB 4H331 PVR;atos
TV, audio, video a foto technika > Diaľkové ovládače > Ovládače k DVB-T2;DONHRMM10X;Diaľkový ovládač ALIEN Humax NANO T2 / RM-M10X - náhrada;atos
TV, audio, video a foto technika > Diaľkové ovládače > Ovládače k DVB-T2;DONHRMM10XSTB;Diaľkový ovládač ALIEN STB Humax NANO T2 / RM-M10X - náhrada;atos
TV, audio, video a foto technika > Diaľkové ovládače > Ovládače k DVB-T2;DONMANIA818;Diaľkový ovládač ALIEN Golden Media Mania 818 - náhrada;atos
TV, audio, video a foto technika > Diaľkové ovládače > Ovládače k DVB-T2;DONMANIA818STB;Diaľkový ovládač ALIEN STB Golden Media Mania 818 - náhrada;atos
TV, audio, video a foto technika > Diaľkové ovládače > Ovládače k DVB-T2;DONMANIA820;Diaľkový ovládač ALIEN Golden Media Mania 820 - náhrada;atos
TV, audio, video a foto technika > Diaľkové ovládače > Ovládače k DVB-T2;DONMANIA820STB;Diaľkový ovládač ALIEN STB Golden Media Mania 820 - náhrada;atos
TV, audio, video a foto technika > Diaľkové ovládače > Ovládače k DVB-T2;DONMAXT2H265;Diaľkový ovládač ALIEN Maxxo STB T2 H.265;atos
TV, audio, video a foto technika > Diaľkové ovládače > Ovládače k DVB-T2;DONMAXT2H265STB;Diaľkový ovládač ALIEN STB Maxxo STB T2 H.265;atos
TV, audio, video a foto technika > Diaľkové ovládače > Ovládače k DVB-T2;DONOMEGAT2;Diaľkový ovládač ALIEN Evolveo Omega T2 náhrada;atos
TV, audio, video a foto technika > Diaľkové ovládače > Ovládače k DVB-T2;DONOMEGAT2STB;Diaľkový ovládač ALIEN STB Evolveo Omega T2 náhrada;atos
TV, audio, video a foto technika > Diaľkové ovládače > Ovládače k DVB-T2;DONOPTNYTRO;Diaľkový ovládač ALIEN Opticum NYTRO BOX - náhrada;atos
TV, audio, video a foto technika > Diaľkové ovládače > Ovládače k DVB-T2;DONOPTNYTROSTB;Diaľkový ovládač ALIEN STB Opticum NYTRO BOX - náhrada;atos
TV, audio, video a foto technika > Diaľkové ovládače > Ovládače k DVB-T2;DONOPTTERRA;Diaľkový ovládač ALIEN Opticum TERRA HD 265 PLUS - náhrada;atos
TV, audio, video a foto technika > Diaľkové ovládače > Ovládače k DVB-T2;DONPRO2020;Diaľkový ovládač ALIEN DI-WAY PRO 2020 - náhrada;atos
TV, audio, video a foto technika > Diaľkové ovládače > Ovládače k DVB-T2;DONPRO2020STB;Diaľkový ovládač ALIEN STB DI-WAY PRO 2020 - náhrada;atos
TV, audio, video a foto technika > Diaľkové ovládače > Ovládače k DVB-T2;DONRCU101;Diaľkový ovládač ALIEN Ferguson Ariva T760i - náhrada;atos
TV, audio, video a foto technika > Diaľkové ovládače > Ovládače k DVB-T2;DONRCU101STB;Diaľkový ovládač ALIEN STB Ferguson Ariva T760i - náhrada;atos
TV, audio, video a foto technika > Diaľkové ovládače > Ovládače k DVB-T2;DONT2ONE;Diaľkový ovládač ALIEN DI-WAY T2-ONE - náhrada;atos
TV, audio, video a foto technika > Diaľkové ovládače > Ovládače k DVB-T2;DONT2ONESTB;Diaľkový ovládač ALIEN STB DI-WAY T2-ONE - náhrada;atos
TV, audio, video a foto technika > Diaľkové ovládače > Ovládače k DVB-T2;DONTDISIOHD;Diaľkový ovládač ALIEN TechniSat DIGIPAL ISIO HD;atos
TV, audio, video a foto technika > Diaľkové ovládače > Ovládače k DVB-T2;DONTDISIOHDSTB;Diaľkový ovládač ALIEN STB TechniSat DIGIPAL ISIO HD;atos
TV, audio, video a foto technika > Diaľkové ovládače > Ovládače k DVB-T2;DONTDT2DVR;Diaľkový ovládač ALIEN TechniSat DIGIPAL T2 DVR;atos
TV, audio, video a foto technika > Diaľkové ovládače > Ovládače k DVB-T2;DONTDT2DVRSTB;Diaľkový ovládač ALIEN STB TechniSat DIGIPAL T2 DVR;atos
TV, audio, video a foto technika > Diaľkové ovládače > Ovládače k DVB-T2;DONTDT2HDEX;Diaľkový ovládač ALIEN TechniSat DIGIPAL T2 HD ex+;atos
TV, audio, video a foto technika > Diaľkové ovládače > Ovládače k DVB-T2;DONTDT2HDEXSTB;Diaľkový ovládač ALIEN STB TechniSat DIGIPAL T2 HD ex+;atos
TV, audio, video a foto technika > Diaľkové ovládače > Ovládače k DVB-T2;DONTEDUT2;Diaľkový ovládač ALIEN TESLA Duplex T2;atos
TV, audio, video a foto technika > Diaľkové ovládače > Ovládače k DVB-T2;DONTEDUT2STB;Diaľkový ovládač ALIEN STB TESLA Duplex T2;atos
TV, audio, video a foto technika > Diaľkové ovládače > Ovládače k DVB-T2;DONTEH500;Diaľkový ovládač ALIEN TESLA TEH-500;atos
TV, audio, video a foto technika > Diaľkové ovládače > Ovládače k DVB-T2;DONTEH500STB;Diaľkový ovládač ALIEN STB TESLA TEH-500;atos
TV, audio, video a foto technika > Diaľkové ovládače > Ovládače k DVB-T2;DONTESENT2;Diaľkový ovládač ALIEN TESLA SENIOR T2;atos
TV, audio, video a foto technika > Diaľkové ovládače > Ovládače k DVB-T2;DONTESENT2STB;Diaľkový ovládač ALIEN STB TESLA SENIOR T2;atos
TV, audio, video a foto technika > Diaľkové ovládače > Ovládače k DVB-T2;DONTET300;Diaľkový ovládač ALIEN TESLA TE-300;atos
TV, audio, video a foto technika > Diaľkové ovládače > Ovládače k DVB-T2;DONTET300STB;Diaľkový ovládač ALIEN STB TESLA TE-300;atos
TV, audio, video a foto technika > Diaľkové ovládače > Ovládače k DVB-T2;DONTET310;Diaľkový ovládač ALIEN TESLA TE-310;atos
TV, audio, video a foto technika > Diaľkové ovládače > Ovládače k DVB-T2;DONTET310STB;Diaľkový ovládač ALIEN STB TESLA TE-310;atos
TV, audio, video a foto technika > Diaľkové ovládače > Ovládače k DVB-T2;DONTET380M;Diaľkový ovládač ALIEN TESLA TE-380 MINI;atos
TV, audio, video a foto technika > Diaľkové ovládače > Ovládače k DVB-T2;DONTET380MSTB;Diaľkový ovládač ALIEN STB TESLA TE-380 MINI;atos
TV, audio, video a foto technika > Diaľkové ovládače > Ovládače k DVB-T2;DONTEVIST2;Diaľkový ovládač ALIEN TESLA Vista T2;atos
TV, audio, video a foto technika > Diaľkové ovládače > Ovládače k DVB-T2;DONTEVIST2STB;Diaľkový ovládač ALIEN STB TESLA Vista T2;atos
TV, audio, video a foto technika > Diaľkové ovládače > Ovládače k DVB-T2;DONTHT709;Diaľkový ovládač ALIEN Thomson THT 709;atos
TV, audio, video a foto technika > Diaľkové ovládače > Ovládače k DVB-T2;DONTHT709STB;Diaľkový ovládač ALIEN STB Thomson THT 741FTA;atos
TV, audio, video a foto technika > Diaľkové ovládače > Ovládače k DVB-T2;DONTHT712;Diaľkový ovládač ALIEN Thomson THT 712;atos
TV, audio, video a foto technika > Diaľkové ovládače > Ovládače k DVB-T2;DONTHT712STB;Diaľkový ovládač ALIEN STB Thomson THT 712;atos
TV, audio, video a foto technika > Diaľkové ovládače > Ovládače k DVB-T2;DONTHT741FTA;Diaľkový ovládač ALIEN Thomson THT 741FTA;atos
TV, audio, video a foto technika > Diaľkové ovládače > Ovládače k DVB-T2;DONTHT741STB;Diaľkový ovládač ALIEN STB Thomson THT 741FTA;atos
TV, audio, video a foto technika > Diaľkové ovládače > Ovládače k DVB-T2;DONTS6808;Diaľkový ovládač ALIEN TeleSystem TS6808;atos
TV, audio, video a foto technika > Diaľkové ovládače > Ovládače k DVB-T2;DONTS6808E;Diaľkový ovládač ALIEN TeleSystem TS6808E;atos
TV, audio, video a foto technika > Diaľkové ovládače > Ovládače k DVB-T2;DONTS6808ESTB;Diaľkový ovládač ALIEN STB TeleSystem TS6808E;atos
TV, audio, video a foto technika > Diaľkové ovládače > Ovládače k DVB-T2;DONTS6808STB;Diaľkový ovládač ALIEN STB TeleSystem TS6808;atos
TV, audio, video a foto technika > Diaľkové ovládače > Ovládače k DVB-T2;DONTS6810;Diaľkový ovládač ALIEN TeleSystem TS6810 Stealth;atos
TV, audio, video a foto technika > Diaľkové ovládače > Ovládače k DVB-T2;DONTS6810STB;Diaľkový ovládač ALIEN STB TeleSystem TS6810 Stealth;atos
TV, audio, video a foto technika > Diaľkové ovládače > Ovládače k DVB-T2;DONTS6812;Diaľkový ovládač ALIEN TeleSystem TS6812;atos
TV, audio, video a foto technika > Diaľkové ovládače > Ovládače k DVB-T2;DONTS6812STB;Diaľkový ovládač ALIEN STB TeleSystem TS6812;atos
TV, audio, video a foto technika > Diaľkové ovládače > Ovládače k DVB-T2;DONTS6820;Diaľkový ovládač ALIEN TeleSystem TS6820;atos
TV, audio, video a foto technika > Diaľkové ovládače > Ovládače k DVB-T2;DONTS6820STB;Diaľkový ovládač ALIEN STB TeleSystem TS6820;atos
TV, audio, video a foto technika > Diaľkové ovládače > Ovládače k DVB-T2;DONTSDT2000;Diaľkový ovládač ALIEN TeleSystem WINBOX DT2000;atos
TV, audio, video a foto technika > Diaľkové ovládače > Ovládače k DVB-T2;DONTSDT2000STB;Diaľkový ovládač ALIEN STB TeleSystem WINBOX DT2000;atos
TV, audio, video a foto technika > Diaľkové ovládače > Ovládače k DVB-T2;DONTSUP4K;Diaľkový ovládač ALIEN TeleSystem TS UP 4K;atos
TV, audio, video a foto technika > Diaľkové ovládače > Ovládače k DVB-T2;DONTSUP4KSTB;Diaľkový ovládač ALIEN STB TeleSystem TS UP 4K;atos
TV, audio, video a foto technika > Diaľkové ovládače > Ovládače k DVB-T2;DONTXT650;Diaľkový ovládač ALIEN TESLA MediaBox XT650;atos
TV, audio, video a foto technika > Diaľkové ovládače > Ovládače k DVB-T2;DOORT8930;Diaľkový ovládač ALIEN Optex ORT 8930-HD;atos
TV, audio, video a foto technika > Diaľkové ovládače > Ovládače k DVB-T2;DOORT8930STB;Diaľkový ovládač ALIEN STB Optex ORT 8930-HD;atos
TV, audio, video a foto technika > Diaľkové ovládače > Ovládače k DVB-T2;DOORT8932;Diaľkový ovládač ALIEN Optex ORT 8932-2T;atos
TV, audio, video a foto technika > Diaľkové ovládače > Ovládače k DVB-T2;DOORT8932STB;Diaľkový ovládač ALIEN STB Optex ORT 8932-2T;atos
TV, audio, video a foto technika > Diaľkové ovládače > Ovládače k DVB-T2;DOSDB5003T;Diaľkový ovládač ALIEN SENCOR SDB 5003T;atos
TV, audio, video a foto technika > Diaľkové ovládače > Ovládače k DVB-T2;DOSDB5003TSTB;Diaľkový ovládač ALIEN STB SENCOR SDB 5003T;atos
TV, audio, video a foto technika > Diaľkové ovládače > Ovládače k DVB-T2;DOSDB5104TD;Diaľkový ovládač ALIEN SENCOR SDB 5104TD;atos
TV, audio, video a foto technika > Diaľkové ovládače > Ovládače k DVB-T2;DOSDB5104TDSTB;Diaľkový ovládač ALIEN STB SENCOR SDB 5104TD;atos
TV, audio, video a foto technika > Diaľkové ovládače > Ovládače k DVB-T2;DOSDB520T;Diaľkový ovládač ALIEN SENCOR SDB 520T;atos
TV, audio, video a foto technika > Diaľkové ovládače > Ovládače k DVB-T2;DOSDB520TSTB;Diaľkový ovládač ALIEN STB SENCOR SDB 520T;atos
TV, audio, video a foto technika > Diaľkové ovládače > Ovládače k DVB-T2;DOSDB550T;Diaľkový ovládač ALIEN SENCOR SDB 550T;atos
TV, audio, video a foto technika > Diaľkové ovládače > Ovládače k DVB-T2;DOSDB550TSTB;Diaľkový ovládač ALIEN STB SENCOR SDB 550T;atos
TV, audio, video a foto technika > Diaľkové ovládače > Ovládače k DVB-T2;DOSKWT21FTA;Diaľkový ovládač ALIEN Skyworth SKW-T21FTA;atos
TV, audio, video a foto technika > Diaľkové ovládače > Ovládače k DVB-T2;DOSKWT21FTASTB;Diaľkový ovládač ALIEN STB Skyworth SKW-T21FTA;atos
TV, audio, video a foto technika > Diaľkové ovládače > Ovládače k DVB-T2;DOSOLHD01;Diaľkový ovládač ALIEN Solight HD01-RC;atos
TV, audio, video a foto technika > Diaľkové ovládače > Ovládače k DVB-T2;DOSOLHD01STB;Diaľkový ovládač ALIEN STB Solight HD01-RC;atos
TV, audio, video a foto technika > Diaľkové ovládače > Ovládače k DVB-T2;DOWIH265;Diaľkový ovládač ALIEN Wiwa H.265;atos
TV, audio, video a foto technika > Diaľkové ovládače > Ovládače k DVB-T2;DOWIH265M;Diaľkový ovládač ALIEN Wiwa H.265 MAXX;atos
TV, audio, video a foto technika > Diaľkové ovládače > Ovládače k DVB-T2;DOWIH265MSTB;Diaľkový ovládač ALIEN STB Wiwa H.265 MAXX;atos
TV, audio, video a foto technika > Diaľkové ovládače > Ovládače k DVB-T2;DOWIH265P;Diaľkový ovládač ALIEN Wiwa H.265 PRO;atos
TV, audio, video a foto technika > Diaľkové ovládače > Ovládače k DVB-T2;DOWIH265PSTB;Diaľkový ovládač ALIEN STB Wiwa H.265 PRO;atos
TV, audio, video a foto technika > Diaľkové ovládače > Ovládače k DVB-T2;DOWIH265STB;Diaľkový ovládač ALIEN STB Wiwa H.265;atos
TV, audio, video a foto technika > Diaľkové ovládače > Ovládače k DVB-T2;DOWIWAH265;Diaľkový ovládač Wiwa H.265;atos
TV, audio, video a foto technika > Diaľkové ovládače > Ovládače k DVB-T2;DOWIWAH265L;Diaľkový ovládač Wiwa H.265 Lite;atos
TV, audio, video a foto technika > Diaľkové ovládače > Ovládače k DVB-T2;DOWIWAH265M;Diaľkový ovládač Wiwa H.265 MAXX;atos
TV, audio, video a foto technika > Diaľkové ovládače > Ovládače k DVB-T2;EMO2520900088;Diaľkový ovládač EMOS EM190/EM190S/EM190L;atos
TV, audio, video a foto technika > Diaľkové ovládače > Ovládače k DVB-T2;EMO2520900089;Diaľkový ovládač EMOS EM190/EM190S/EM190L SENIOR;atos
TV, audio, video a foto technika > Diaľkové ovládače > Ovládače k DVB-T2;GLDODF00;Diaľkový ovládač Opticum LION 2  - DF00;atos
TV, audio, video a foto technika > Diaľkové ovládače > Ovládače k DVB-T2;IST-DOVAL00046;Diaľkový ovládač ALMA 2880 / TESLA TE-380 mini;atos
TV, audio, video a foto technika > Diaľkové ovládače > Ovládače k DVB-T2;IST-DOVAL00048;Diaľkový ovládač ALMA 2800 SE / Zircon FIRE SE - originál;atos
TV, audio, video a foto technika > Diaľkové ovládače > Ovládače k DVB-T2;IST-DOVAM00024;Diaľkový ovládač Amiko CCC - originál;atos
TV, audio, video a foto technika > Diaľkové ovládače > Ovládače k DVB-T2;IST-DOVTE00004;Diaľkový ovládač TESLA TE-310;atos
TV, audio, video a foto technika > Diaľkové ovládače > Ovládače k DVB-T2;IST-DOVTE00008;Diaľkový ovládač TESLA SENIOR T2 a TE-401;atos
TV, audio, video a foto technika > Diaľkové ovládače > Ovládače k DVB-T2;IST-DOVTE00049;Diaľkový ovládač Tesla TE-300, TE-301, TE-302, Alma 2820;atos
TV, audio, video a foto technika > Diaľkové ovládače > Ovládače k DVB-T2;IST-DOVTE00051;Diaľkový ovládač TESLA TE-343;atos
TV, audio, video a foto technika > Diaľkové ovládače > Ovládače k DVB-T2;IST-DOVTE00053;Diaľkový ovládač Tesla TE-300  2. generace;atos
TV, audio, video a foto technika > Diaľkové ovládače > Ovládače k DVB-T2;IST-DOVTES321;Diaľkový ovládač Tesla TE-321 / Alma 2861 original;atos
TV, audio, video a foto technika > Diaľkové ovládače > Ovládače k DVB-T2;IST-DOVTES323;Diaľkový ovládač Tesla TE-323 originálny;atos
TV, audio, video a foto technika > Diaľkové ovládače > Ovládače k DVB-T2;MASDO720;Mascom diaľkový ovládač MC720T2-HD - originál;atos
TV, audio, video a foto technika > Diaľkové ovládače > Ovládače k DVB-T2;MASDOS;Mascom diaľkový ovládač  MC720T2 HD DB01 - SENIOR ovládanie;atos
TV, audio, video a foto technika > Diaľkové ovládače > Ovládače k DVB-T2;MCA101TDO;Mascom diaľkový ovládač MC A101T/C a MC A102T/C - originál;atos
TV, audio, video a foto technika > Diaľkové ovládače > Ovládače k DVB-T2;SPR-47820003;Diaľkový ovládač DI-BOX/DI-WAY DVB-T2 V3 / 2020 / 2020 MINI;atos
TV, audio, video a foto technika > Diaľkové ovládače > Ovládače k DVB-T2;SPR-478210;Diaľkový ovládač Opticum AX LION 5-M;atos
TV, audio, video a foto technika > Diaľkové ovládače > Ovládače k DVB-T2;SPR-49015;Diaľkový ovládač Opticum TERRA HD265 PLUS;atos
TV, audio, video a foto technika > Diaľkové ovládače > Ovládače k DVB-T2;TEDOSIR;Vysielač DO TechniSat TechniControl;atos
TV, audio, video a foto technika > Diaľkové ovládače > Ovládače k DVB-T2;TIP-09910841;Diaľkový ovládač GoSAT GS220T2;atos
TV, audio, video a foto technika > Diaľkové ovládače > Ovládače k DVB-T2;TIP-09910847;Diaľkový ovládač GoSat GS 950T2;atos
TV, audio, video a foto technika > Diaľkové ovládače > Ovládače k DVB-T2;UNIDOAIR;Diaľkový ovládač ALIEN Zircon AIR;atos
TV, audio, video a foto technika > Diaľkové ovládače > Ovládače k DVB-T2;UNIDOAIRSTB;Diaľkový ovládač ALIEN STB Zircon AIR;atos
TV, audio, video a foto technika > Diaľkové ovládače > Ovládače k DVB-T2;UNIDOFIRE;Diaľkový ovládač ALIEN Zircon FIRE;atos
TV, audio, video a foto technika > Diaľkové ovládače > Ovládače k DVB-T2;UNIDOFIRESE;Diaľkový ovládač ALIEN Zircon FIRE SE;atos
TV, audio, video a foto technika > Diaľkové ovládače > Ovládače k DVB-T2;UNIDOFIRESESTB;Diaľkový ovládač ALIEN STB Zircon FIRE SE;atos
TV, audio, video a foto technika > Diaľkové ovládače > Ovládače k DVB-T2;UNIDOFIRESTB;Diaľkový ovládač ALIEN STB Zircon FIRE;atos
TV, audio, video a foto technika > Diaľkové ovládače > Ovládače k DVB-T2;UNIDOML6500;Diaľkový ovládač ALIEN Medialink 6500;atos
TV, audio, video a foto technika > Diaľkové ovládače > Ovládače k DVB-T2;UNIDOML6500STB;Diaľkový ovládač ALIEN STB Medialink 6500;atos
TV, audio, video a foto technika > Diaľkové ovládače > Satelitné ovládače;ABCRUNIV3;Diaľkový ovládač AB ALL TV pro AB CryptoBox a PULSe;atos
TV, audio, video a foto technika > Diaľkové ovládače > Satelitné ovládače;ABDOBOX99;AB IP BOX diaľkový ovládač 55, 99, 9900;atos
TV, audio, video a foto technika > Diaľkové ovládače > Satelitné ovládače;AMDO83XX;Amiko diaľkový ovládač 8150, 8240, 8320, 8330, 8340, 8820, Mini HD, Micro HD, Impulse - originál;atos
TV, audio, video a foto technika > Diaľkové ovládače > Satelitné ovládače;DOAM8550;Amiko diaľkový ovládač 8550;atos
TV, audio, video a foto technika > Diaľkové ovládače > Satelitné ovládače;DOAT250;ATLink 250 IR diaľkový ovládač;atos
TV, audio, video a foto technika > Diaľkové ovládače > Satelitné ovládače;DOAT310;ATLink 310 IR diaľkový ovládač;atos
TV, audio, video a foto technika > Diaľkové ovládače > Satelitné ovládače;DOFOR1;Diaľkový ovládač ALIEN Formuler F1;atos
TV, audio, video a foto technika > Diaľkové ovládače > Satelitné ovládače;DOFOR3;Diaľkový ovládač ALIEN Formuler F3;atos
TV, audio, video a foto technika > Diaľkové ovládače > Satelitné ovládače;DOFOR4;Diaľkový ovládač ALIEN Formuler F4 Turbo;atos
TV, audio, video a foto technika > Diaľkové ovládače > Satelitné ovládače;DOFORSM;Diaľkový ovládač ALIEN Formuler S Mini;atos
TV, audio, video a foto technika > Diaľkové ovládače > Satelitné ovládače;DOFORST;Diaľkový ovládač ALIEN Formuler S Turbo;atos
TV, audio, video a foto technika > Diaľkové ovládače > Satelitné ovládače;DOGS7050;Diaľkový ovládač goSAT GS7050;atos
TV, audio, video a foto technika > Diaľkové ovládače > Satelitné ovládače;DOGS7055;Diaľkový ovládač goSAT GS7055HDi;atos
TV, audio, video a foto technika > Diaľkové ovládače > Satelitné ovládače;DOHDBOX9100N;Diaľkový ovládač ALIEN HD-BOX FS-9100;atos
TV, audio, video a foto technika > Diaľkové ovládače > Satelitné ovládače;DOHDBOX9105N;Diaľkový ovládač ALIEN HD-BOX FS-9105;atos
TV, audio, video a foto technika > Diaľkové ovládače > Satelitné ovládače;DOHDBOX9200N;Diaľkový ovládač ALIEN HD-BOX FS-9200;atos
TV, audio, video a foto technika > Diaľkové ovládače > Satelitné ovládače;DOHDBOX9300N;Diaľkový ovládač ALIEN HD-BOX FS-9300;atos
TV, audio, video a foto technika > Diaľkové ovládače > Satelitné ovládače;DOHDBOXHS265;Diaľkový ovládač ALIEN HD-BOX HS-265IRD;atos
TV, audio, video a foto technika > Diaľkové ovládače > Satelitné ovládače;DON100;Diaľkový ovládač ALIEN Ferguson 100, 100 E, 120 combo - náhrada;atos
TV, audio, video a foto technika > Diaľkové ovládače > Satelitné ovládače;DON1008;Diaľkový ovládač ALIEN Octagon SF 1008, 1018 HD;atos
TV, audio, video a foto technika > Diaľkové ovládače > Satelitné ovládače;DON101;Diaľkový ovládač ALIEN Humax RS 101N, 101P, 102P, 200P, 201P, 202, 210P  - náhrada;atos
TV, audio, video a foto technika > Diaľkové ovládače > Satelitné ovládače;DON101V;Diaľkový ovládač ALIEN Vantage X 101,111, 121, 200, 201, 211, 221;atos
TV, audio, video a foto technika > Diaľkové ovládače > Satelitné ovládače;DON108;Diaľkový ovládač ALIEN Octagon SF108;atos
TV, audio, video a foto technika > Diaľkové ovládače > Satelitné ovládače;DON1100;Diaľkový ovládač ALIEN Vantage HD 1100, 6000, 7100, 8000;atos
TV, audio, video a foto technika > Diaľkové ovládače > Satelitné ovládače;DON1100N;Diaľkový ovládač ALIEN Mascom MC 1010, 1100, 1101CR, 1110 CRCI;atos
TV, audio, video a foto technika > Diaľkové ovládače > Satelitné ovládače;DON128;Diaľkový ovládač ALIEN Octagon SF128;atos
TV, audio, video a foto technika > Diaľkové ovládače > Satelitné ovládače;DON138;Diaľkový ovládač ALIEN Octagon SF138;atos
TV, audio, video a foto technika > Diaľkové ovládače > Satelitné ovládače;DON2000X;Diaľkový ovládač ALIEN Homecast HS2000CI;atos
TV, audio, video a foto technika > Diaľkové ovládače > Satelitné ovládače;DON200S;Diaľkový ovládač ALIEN AB IPBOX 200 S - náhrada;atos
TV, audio, video a foto technika > Diaľkové ovládače > Satelitné ovládače;DON2010;Diaľkový ovládač ALIEN Topfield SBP-2010;atos
TV, audio, video a foto technika > Diaľkové ovládače > Satelitné ovládače;DON2010N;Diaľkový ovládač ALIEN Topfield 2010;atos
TV, audio, video a foto technika > Diaľkové ovládače > Satelitné ovládače;DON2050;Diaľkový ovládač ALIEN Topfield SBI-2050;atos
TV, audio, video a foto technika > Diaľkové ovládače > Satelitné ovládače;DON2060N;Diaľkový ovládač ALIEN Topfield 2060;atos
TV, audio, video a foto technika > Diaľkové ovládače > Satelitné ovládače;DON2070;Diaľkový ovládač ALIEN Topfield SBI-2070;atos
TV, audio, video a foto technika > Diaľkové ovládače > Satelitné ovládače;DON2100CI;Diaľkový ovládač ALIEN Homecast HS2100CI USB;atos
TV, audio, video a foto technika > Diaľkové ovládače > Satelitné ovládače;DON2200N;Diaľkový ovládač ALIEN Mascom MC 2200 / 2201;atos
TV, audio, video a foto technika > Diaľkové ovládače > Satelitné ovládače;DON2202;Diaľkový ovládač ALIEN Mascom MC 2202;atos
TV, audio, video a foto technika > Diaľkové ovládače > Satelitné ovládače;DON250S;Diaľkový ovládač ALIEN AB IPBOX 250 S PVR - náhrada;atos
TV, audio, video a foto technika > Diaľkové ovládače > Satelitné ovládače;DON2600;Diaľkový ovládač ALIEN Mascom MC2600;atos
TV, audio, video a foto technika > Diaľkové ovládače > Satelitné ovládače;DON300;Diaľkový ovládač ALIEN Showbox S 200, 300, 301, 500, 600, 700;atos
TV, audio, video a foto technika > Diaľkové ovládače > Satelitné ovládače;DON3000;Diaľkový ovládač ALIEN Homecast S 3000 CR, CICR, CI, FTA - náhrada;atos
TV, audio, video a foto technika > Diaľkové ovládače > Satelitné ovládače;DON3000CRCI;Diaľkový ovládač ALIEN Opensat 3000 CRCI;atos
TV, audio, video a foto technika > Diaľkové ovládače > Satelitné ovládače;DON3038;Diaľkový ovládač ALIEN Octagon SF3038;atos
TV, audio, video a foto technika > Diaľkové ovládače > Satelitné ovládače;DON3200;Diaľkový ovládač ALIEN Homecast 3200 IR, CIIR, HS 2100 - náhrada;atos
TV, audio, video a foto technika > Diaľkové ovládače > Satelitné ovládače;DON350;Diaľkový ovládač ALIEN AB IPBOX 350 PRIME PVR - náhrada;atos
TV, audio, video a foto technika > Diaľkové ovládače > Satelitné ovládače;DON400;Diaľkový ovládač ALIEN AB IPBOX 400 S - náhrada;atos
TV, audio, video a foto technika > Diaľkové ovládače > Satelitné ovládače;DON4000;Diaľkový ovládač ALIEN Topfield TF 4000, 6000 T;atos
TV, audio, video a foto technika > Diaľkové ovládače > Satelitné ovládače;DON4000HD;Diaľkový ovládač ALIEN Opensat 4000 HD PVR;atos
TV, audio, video a foto technika > Diaľkové ovládače > Satelitné ovládače;DON4008;Diaľkový ovládač ALIEN Octagon SF4008 4K UHD;atos
TV, audio, video a foto technika > Diaľkové ovládače > Satelitné ovládače;DON403;Diaľkový ovládač ALIEN Globo Opticum 403 P PVR - náhrada;atos
TV, audio, video a foto technika > Diaľkové ovládače > Satelitné ovládače;DON420;Diaľkový ovládač ALIEN AB IPBOX 420 S - náhrada;atos
TV, audio, video a foto technika > Diaľkové ovládače > Satelitné ovládače;DON422;Diaľkový ovládač ALIEN AB IPBOX 422 S - náhrada;atos
TV, audio, video a foto technika > Diaľkové ovládače > Satelitné ovládače;DON500;Diaľkový ovládač ALIEN Ferguson RCU 500 - náhrada;atos
TV, audio, video a foto technika > Diaľkové ovládače > Satelitné ovládače;DON5000;Diaľkový ovládač ALIEN Topfield TF 5000, 5010 PVR;atos
TV, audio, video a foto technika > Diaľkové ovládače > Satelitné ovládače;DON5005;Diaľkový ovládač ALIEN Strong SRT 5005;atos
TV, audio, video a foto technika > Diaľkové ovládače > Satelitné ovládače;DON500HD;Diaľkový ovládač ALIEN Dreambox 500 HD - náhrada;atos
TV, audio, video a foto technika > Diaľkové ovládače > Satelitné ovládače;DON500HDV2;Diaľkový ovládač ALIEN Dreambox  500 HD V2;atos
TV, audio, video a foto technika > Diaľkové ovládače > Satelitné ovládače;DON500V2;Diaľkový ovládač ALIEN Ferguson RCU 500 V.2 - náhrada;atos
TV, audio, video a foto technika > Diaľkové ovládače > Satelitné ovládače;DON501;Diaľkový ovládač ALIEN Humax RS 501 - náhrada;atos
TV, audio, video a foto technika > Diaľkové ovládače > Satelitné ovládače;DON5011;Diaľkový ovládač ALIEN Strong SRT 5011;atos
TV, audio, video a foto technika > Diaľkové ovládače > Satelitné ovládače;DON5015;Diaľkový ovládač ALIEN Strong SRT 5015;atos
TV, audio, video a foto technika > Diaľkové ovládače > Satelitné ovládače;DON505;Diaľkový ovládač ALIEN Humax RS 505 - náhrada;atos
TV, audio, video a foto technika > Diaľkové ovládače > Satelitné ovládače;DON5100;Diaľkový ovládač ALIEN Humax IRHD 5100 S - náhrada;atos
TV, audio, video a foto technika > Diaľkové ovládače > Satelitné ovládače;DON5155;Diaľkový ovládač ALIEN Strong SRT 5155;atos
TV, audio, video a foto technika > Diaľkové ovládače > Satelitné ovládače;DON5200;Diaľkový ovládač ALIEN Strong SRT 5200;atos
TV, audio, video a foto technika > Diaľkové ovládače > Satelitné ovládače;DON5206;Diaľkový ovládač ALIEN Strong SRT 5206;atos
TV, audio, video a foto technika > Diaľkové ovládače > Satelitné ovládače;DON521;Diaľkový ovládač ALIEN Humax RS 521 - náhrada;atos
TV, audio, video a foto technika > Diaľkové ovládače > Satelitné ovládače;DON5303;Diaľkový ovládač ALIEN Strong SRT 5303;atos
TV, audio, video a foto technika > Diaľkové ovládače > Satelitné ovládače;DON540;Diaľkový ovládač ALIEN Ferguson RCU 540 - náhrada;atos
TV, audio, video a foto technika > Diaľkové ovládače > Satelitné ovládače;DON549;Diaľkový ovládač ALIEN Amiko SSD 549 CX - náhrada;atos
TV, audio, video a foto technika > Diaľkové ovládače > Satelitné ovládače;DON549F;Diaľkový ovládač ALIEN Amiko SSD 549 FTA - náhrada;atos
TV, audio, video a foto technika > Diaľkové ovládače > Satelitné ovládače;DON550;Diaľkový ovládač ALIEN Amiko SSD 550 - náhrada;atos
TV, audio, video a foto technika > Diaľkové ovládače > Satelitné ovládače;DON560;Diaľkový ovládač ALIEN Amiko SSD 560 - náhrada;atos
TV, audio, video a foto technika > Diaľkové ovládače > Satelitné ovládače;DON570;Diaľkový ovládač ALIEN Amiko SSD 570 - náhrada;atos
TV, audio, video a foto technika > Diaľkové ovládače > Satelitné ovládače;DON570A;Diaľkový ovládač ALIEN Amiko SSD 570 CX PVR - náhrada;atos
TV, audio, video a foto technika > Diaľkové ovládače > Satelitné ovládače;DON580A;Diaľkový ovládač ALIEN Amiko SSD 580 CXE PVR - náhrada;atos
TV, audio, video a foto technika > Diaľkové ovládače > Satelitné ovládače;DON600;Diaľkový ovládač ALIEN Ferguson RCU 600 - náhrada;atos
TV, audio, video a foto technika > Diaľkové ovládače > Satelitné ovládače;DON6350;Diaľkový ovládač ALIEN Strong SRT 6350;atos
TV, audio, video a foto technika > Diaľkové ovládače > Satelitné ovládače;DON6500;Diaľkový ovládač ALIEN Strong SRT 6500;atos
TV, audio, video a foto technika > Diaľkové ovládače > Satelitné ovládače;DON6511;Diaľkový ovládač ALIEN Strong SRT 6511;atos
TV, audio, video a foto technika > Diaľkové ovládače > Satelitné ovládače;DON7010;Diaľkový ovládač ALIEN GoSat GS7010 HDi;atos
TV, audio, video a foto technika > Diaľkové ovládače > Satelitné ovládače;DON7020HDV2;Diaľkový ovládač ALIEN Dreambox 7020 HD V2;atos
TV, audio, video a foto technika > Diaľkové ovládače > Satelitné ovládače;DON7050;Diaľkový ovládač ALIEN GOSAT GS7050;atos
TV, audio, video a foto technika > Diaľkové ovládače > Satelitné ovládače;DON7055;Diaľkový ovládač ALIEN GOSAT GS7055;atos
TV, audio, video a foto technika > Diaľkové ovládače > Satelitné ovládače;DON7056;Diaľkový ovládač ALIEN GoSat 7056 HDi PVR - náhrada;atos
TV, audio, video a foto technika > Diaľkové ovládače > Satelitné ovládače;DON7060;Diaľkový ovládač ALIEN GoSat GS7060 HDi;atos
TV, audio, video a foto technika > Diaľkové ovládače > Satelitné ovládače;DON7070;Diaľkový ovládač ALIEN GoSat GS7070 PVRi;atos
TV, audio, video a foto technika > Diaľkové ovládače > Satelitné ovládače;DON7080HD;Diaľkový ovládač ALIEN Dreambox 7080 HD;atos
TV, audio, video a foto technika > Diaľkové ovládače > Satelitné ovládače;DON718;Diaľkový ovládač ALIEN Octagon SF 718, 908 HD;atos
TV, audio, video a foto technika > Diaľkové ovládače > Satelitné ovládače;DON7502;Diaľkový ovládač ALIEN Strong SRT 7502;atos
TV, audio, video a foto technika > Diaľkové ovládače > Satelitné ovládače;DON7504;Diaľkový ovládač ALIEN Strong SRT 7504;atos
TV, audio, video a foto technika > Diaľkové ovládače > Satelitné ovládače;DON770;Diaľkový ovládač ALIEN Golden Interstar 770, 780, 801, 805, 830, 870 - náhrada;atos
TV, audio, video a foto technika > Diaľkové ovládače > Satelitné ovládače;DON7700;Diaľkový ovládač ALIEN Golden Interstar 7700, 7800, 8200, 8300, 8700 - náhrada;atos
TV, audio, video a foto technika > Diaľkové ovládače > Satelitné ovládače;DON7700T;Diaľkový ovládač ALIEN TOPFIELD TF7700HSCI;atos
TV, audio, video a foto technika > Diaľkové ovládače > Satelitné ovládače;DON7720;Diaľkový ovládač ALIEN Topfield TF 7720 HSIR;atos
TV, audio, video a foto technika > Diaľkové ovládače > Satelitné ovládače;DON7800;Diaľkový ovládač ALIEN Amiko IRD 7800   - náhrada;atos
TV, audio, video a foto technika > Diaľkové ovládače > Satelitné ovládače;DON7900;Diaľkový ovládač ALIEN Amiko SHD 7900   - náhrada;atos
TV, audio, video a foto technika > Diaľkové ovládače > Satelitné ovládače;DON800;Diaľkový ovládač ALIEN Openbox  X 800, 810, 820;atos
TV, audio, video a foto technika > Diaľkové ovládače > Satelitné ovládače;DON800HD;Diaľkový ovládač ALIEN Dreambox 800 HD - náhrada;atos
TV, audio, video a foto technika > Diaľkové ovládače > Satelitné ovládače;DON800HDV2;Diaľkový ovládač ALIEN Dreambox 800 HD Se V2;atos
TV, audio, video a foto technika > Diaľkové ovládače > Satelitné ovládače;DON800IR;Diaľkový ovládač ALIEN Opensat 800 IR;atos
TV, audio, video a foto technika > Diaľkové ovládače > Satelitné ovládače;DON8100;Diaľkový ovládač ALIEN Homecast HS 8100, 9000 CI PVR - náhrada;atos
TV, audio, video a foto technika > Diaľkové ovládače > Satelitné ovládače;DON8150;Diaľkový ovládač ALIEN Amiko HD 8150 - náhrada;atos
TV, audio, video a foto technika > Diaľkové ovládače > Satelitné ovládače;DON8200;Diaľkový ovládač ALIEN Amiko SHD 8200 - náhrada;atos
TV, audio, video a foto technika > Diaľkové ovládače > Satelitné ovládače;DON820HD;Diaľkový ovládač ALIEN Dreambox 820 HD;atos
TV, audio, video a foto technika > Diaľkové ovládače > Satelitné ovládače;DON8240A;Diaľkový ovládač ALIEN Amiko SHD 8240 - náhrada;atos
TV, audio, video a foto technika > Diaľkové ovládače > Satelitné ovládače;DON8250;Diaľkový ovládač ALIEN Amiko SHD 8250, 8260, 8270 - náhrada;atos
TV, audio, video a foto technika > Diaľkové ovládače > Satelitné ovládače;DON8265;Diaľkový ovládač ALIEN Amiko SHD 8265+   - náhrada;atos
TV, audio, video a foto technika > Diaľkové ovládače > Satelitné ovládače;DON8300;Diaľkový ovládač ALIEN Amiko SHD 8300 - náhrada;atos
TV, audio, video a foto technika > Diaľkové ovládače > Satelitné ovládače;DON8340;Diaľkový ovládač ALIEN Amiko SHD 8340 - náhrada;atos
TV, audio, video a foto technika > Diaľkové ovládače > Satelitné ovládače;DON8400;Diaľkový ovládač ALIEN Amiko SHD 8440 - náhrada;atos
TV, audio, video a foto technika > Diaľkové ovládače > Satelitné ovládače;DON8550;Diaľkový ovládač ALIEN AMIKO 8550 IR;atos
TV, audio, video a foto technika > Diaľkové ovládače > Satelitné ovládače;DON8800;Diaľkový ovládač ALIEN Amiko STHD 8800 CICXE PVR - náhrada;atos
TV, audio, video a foto technika > Diaľkové ovládače > Satelitné ovládače;DON8820;Diaľkový ovládač ALIEN Amiko STHD 8820 CICXE PVR - náhrada;atos
TV, audio, video a foto technika > Diaľkové ovládače > Satelitné ovládače;DON8840;Diaľkový ovládač ALIEN Amiko SHD 8840 - náhrada;atos
TV, audio, video a foto technika > Diaľkové ovládače > Satelitné ovládače;DON8900;Diaľkový ovládač ALIEN Ferguson HF 8900 HD - náhrada;atos
TV, audio, video a foto technika > Diaľkové ovládače > Satelitné ovládače;DON8900A;Diaľkový ovládač ALIEN Amiko SHD 8900 Alien - náhrada;atos
TV, audio, video a foto technika > Diaľkové ovládače > Satelitné ovládače;DON8900A2;Diaľkový ovládač ALIEN Amiko Alien 2 - náhrada;atos
TV, audio, video a foto technika > Diaľkové ovládače > Satelitné ovládače;DON9000;Diaľkový ovládač ALIEN AB IPBOX 9000 - náhrada;atos
TV, audio, video a foto technika > Diaľkové ovládače > Satelitné ovládače;DON9060;Diaľkový ovládač ALIEN Golden Media UNI-BOX 9060, 9080 CRCI HD PVR - náhrada;atos
TV, audio, video a foto technika > Diaľkové ovládače > Satelitné ovládače;DON9060CLASS;Diaľkový ovládač ALIEN Golden Media UNI-BOX 9060, 9080 CRCI HD PVR Class+ - náhrada;atos
TV, audio, video a foto technika > Diaľkové ovládače > Satelitné ovládače;DON918;Diaľkový ovládač ALIEN Octagon SF 918 HD;atos
TV, audio, video a foto technika > Diaľkové ovládače > Satelitné ovládače;DON9700;Diaľkový ovládač ALIEN Opensat 9700 HD PVR;atos
TV, audio, video a foto technika > Diaľkové ovládače > Satelitné ovládače;DON9900;Diaľkový ovládač ALIEN Opensat 9900 HD PVR;atos
TV, audio, video a foto technika > Diaľkové ovládače > Satelitné ovládače;DONALIGATOR;Diaľkový ovládač ALIEN Optibox Aligator;atos
TV, audio, video a foto technika > Diaľkové ovládače > Satelitné ovládače;DONALLBOX;Diaľkový ovládač ALIEN Allbox HD3500IR - náhrada;atos
TV, audio, video a foto technika > Diaľkové ovládače > Satelitné ovládače;DONAMIKOMIRA;Diaľkový ovládač ALIEN Amiko MIRA - náhrada;atos
TV, audio, video a foto technika > Diaľkové ovládače > Satelitné ovládače;DONAMIKOVIPER;Diaľkový ovládač ALIEN Amiko VIPER SLIM - náhrada;atos
TV, audio, video a foto technika > Diaľkové ovládače > Satelitné ovládače;DONAMIKOVIPERCO;Diaľkový ovládač ALIEN Amiko VIPER COMBO - náhrada;atos
TV, audio, video a foto technika > Diaľkové ovládače > Satelitné ovládače;DONANACONDA;Diaľkový ovládač ALIEN Optibox Anaconda;atos
TV, audio, video a foto technika > Diaľkové ovládače > Satelitné ovládače;DONAPEBOX;Diaľkový ovládač ALIEN APEBOX C2 4K Combo - náhrada;atos
TV, audio, video a foto technika > Diaľkové ovládače > Satelitné ovládače;DONAS1HD;Diaľkový ovládač ALIEN Openbox AS1 HD;atos
TV, audio, video a foto technika > Diaľkové ovládače > Satelitné ovládače;DONBEN110;Diaľkový ovládač ALIEN Bensat 110 FTA - náhrada;atos
TV, audio, video a foto technika > Diaľkové ovládače > Satelitné ovládače;DONBEN130;Diaľkový ovládač ALIEN Bensat 130 HD - náhrada;atos
TV, audio, video a foto technika > Diaľkové ovládače > Satelitné ovládače;DONBEN150;Diaľkový ovládač ALIEN Bensat 150HD - náhrada;atos
TV, audio, video a foto technika > Diaľkové ovládače > Satelitné ovládače;DONBEN210;Diaľkový ovládač ALIEN BENsat 210 IR;atos
TV, audio, video a foto technika > Diaľkové ovládače > Satelitné ovládače;DONBEN290;Diaľkový ovládač ALIEN BENsat 290 IR;atos
TV, audio, video a foto technika > Diaľkové ovládače > Satelitné ovládače;DONBS5060;Diaľkový ovládač ALIEN Evolveo BlackStar HD-5060 náhrada;atos
TV, audio, video a foto technika > Diaľkové ovládače > Satelitné ovládače;DONCOM;Diaľkový ovládač ALIEN Amiko MINI COMBO - náhrada;atos
TV, audio, video a foto technika > Diaľkové ovládače > Satelitné ovládače;DONCOMSE;Diaľkový ovládač ALIEN Amiko Mini combo HD SE - náhrada;atos
TV, audio, video a foto technika > Diaľkové ovládače > Satelitné ovládače;DONCRY;Diaľkový ovládač ALIEN AB CryptoBox 500 mini HD, 500 HD, 550 HD - náhrada;atos
TV, audio, video a foto technika > Diaľkové ovládače > Satelitné ovládače;DONCRY4;Diaľkový ovládač ALIEN AB CryptoBox 400 mini HD, 400 HD, 450 HD - náhrada;atos
TV, audio, video a foto technika > Diaľkové ovládače > Satelitné ovládače;DONCRY6;Diaľkový ovládač ALIEN AB CryptoBox 600, 650, 652 HD - náhrada;atos
TV, audio, video a foto technika > Diaľkové ovládače > Satelitné ovládače;DONCRY700;Diaľkový ovládač ALIEN AB CryptoBox 700 HD - náhrada;atos
TV, audio, video a foto technika > Diaľkové ovládače > Satelitné ovládače;DONCRY702STB;Diaľkový ovládač ALIEN STB AB CryptoBox 702T - náhrada;atos
TV, audio, video a foto technika > Diaľkové ovládače > Satelitné ovládače;DONCRY750;Diaľkový ovládač ALIEN AB CryptoBox 750 HD - náhrada;atos
TV, audio, video a foto technika > Diaľkové ovládače > Satelitné ovládače;DONCRY752;Diaľkový ovládač ALIEN AB CryptoBox 752 HD - náhrada;atos
TV, audio, video a foto technika > Diaľkové ovládače > Satelitné ovládače;DONCRY752STB;Diaľkový ovládač ALIEN STB AB CryptoBox 752 HD - náhrada;atos
TV, audio, video a foto technika > Diaľkové ovládače > Satelitné ovládače;DONCRYSMART;Diaľkový ovládač ALIEN AB Cryptobox SMART - náhrada;atos
TV, audio, video a foto technika > Diaľkové ovládače > Satelitné ovládače;DONDIGIT;Diaľkový ovládač ALIEN Technisat DIGIT SIR;atos
TV, audio, video a foto technika > Diaľkové ovládače > Satelitné ovládače;DONDIW265;Diaľkový ovládač ALIEN DI-WAY IRD-265HD;atos
TV, audio, video a foto technika > Diaľkové ovládače > Satelitné ovládače;DONDIZIP;Diaľkový ovládač ALIEN Dizipia ds4h-35irs;atos
TV, audio, video a foto technika > Diaľkové ovládače > Satelitné ovládače;DONEDPIC;Diaľkový ovládač ALIEN Edision Piccollino LED;atos
TV, audio, video a foto technika > Diaľkové ovládače > Satelitné ovládače;DONELITEHD;Diaľkový ovládač ALIEN AZ BOX ELITE HD - náhrada;atos
TV, audio, video a foto technika > Diaľkové ovládače > Satelitné ovládače;DONEOCO;Diaľkový ovládač ALIEN AMIKO NEO COMBO SE;atos
TV, audio, video a foto technika > Diaľkové ovládače > Satelitné ovládače;DONEOTW;Diaľkový ovládač ALIEN AMIKO NEO TWIN SE;atos
TV, audio, video a foto technika > Diaľkové ovládače > Satelitné ovládače;DONEXTRACX;Diaľkový ovládač ALIEN Optibox Extra CX;atos
TV, audio, video a foto technika > Diaľkové ovládače > Satelitné ovládače;DONEXTRACXH;Diaľkový ovládač ALIEN Optibox Extra HDMI;atos
TV, audio, video a foto technika > Diaľkové ovládače > Satelitné ovládače;DONHT2100;Diaľkový ovládač ALIEN Homecast HT2100T2 - náhrada;atos
TV, audio, video a foto technika > Diaľkové ovládače > Satelitné ovládače;DONHX506;Diaľkový ovládač ALIEN Humax HX 506 DIGI TV - náhrada;atos
TV, audio, video a foto technika > Diaľkové ovládače > Satelitné ovládače;DONI500HD;Diaľkový ovládač ALIEN Inetbox 500 HD - náhrada;atos
TV, audio, video a foto technika > Diaľkové ovládače > Satelitné ovládače;DONIN1;Diaľkový ovládač ALIEN iNEOS IN1 - náhrada;atos
TV, audio, video a foto technika > Diaľkové ovládače > Satelitné ovládače;DONIN3;Diaľkový ovládač ALIEN iNEOS IN3 - náhrada;atos
TV, audio, video a foto technika > Diaľkové ovládače > Satelitné ovládače;DONINZX2;Diaľkový ovládač ALIEN iNEOS ZX2;atos
TV, audio, video a foto technika > Diaľkové ovládače > Satelitné ovládače;DONINZX4;Diaľkový ovládač ALIEN iNEOS ZX4;atos
TV, audio, video a foto technika > Diaľkové ovládače > Satelitné ovládače;DONIRLINE;Diaľkový ovládač ALIEN Opensat IR Line Alpha;atos
TV, audio, video a foto technika > Diaľkové ovládače > Satelitné ovládače;DONKAON;Diaľkový ovládač ALIEN Kaon KSF- SA 276 IR, 275 IR, 700 IR, 710 IR - náhrada;atos
TV, audio, video a foto technika > Diaľkové ovládače > Satelitné ovládače;DONKAON660;Diaľkový ovládač ALIEN Kaon KSC 660, KTSC 660, KSC 570 - náhrada;atos
TV, audio, video a foto technika > Diaľkové ovládače > Satelitné ovládače;DONKAONDI;Diaľkový ovládač ALIEN Kaon NA1170 Nové Digi TV - náhrada;atos
TV, audio, video a foto technika > Diaľkové ovládače > Satelitné ovládače;DONKAONDTV;Diaľkový ovládač Kaon Digi TV;atos
TV, audio, video a foto technika > Diaľkové ovládače > Satelitné ovládače;DONKAONMZ102;Diaľkový ovládač ALIEN Kaon MZ-102 - náhrada;atos
TV, audio, video a foto technika > Diaľkové ovládače > Satelitné ovládače;DONLINK7;Diaľkový ovládač ALIEN LinkBox 7 - náhrada;atos
TV, audio, video a foto technika > Diaľkové ovládače > Satelitné ovládače;DONLINKBOXHD;Diaľkový ovládač ALIEN LinkBox HD - náhrada;atos
TV, audio, video a foto technika > Diaľkové ovládače > Satelitné ovládače;DONLINKIRDHD;Diaľkový ovládač ALIEN LinkBox Irdetino HD - náhrada;atos
TV, audio, video a foto technika > Diaľkové ovládače > Satelitné ovládače;DONMINIHD;Diaľkový ovládač ALIEN Amiko Mini HD - náhrada;atos
TV, audio, video a foto technika > Diaľkové ovládače > Satelitné ovládače;DONMULTIBOX;Diaľkový ovládač ALIEN Multibox HD;atos
TV, audio, video a foto technika > Diaľkové ovládače > Satelitné ovládače;DONNBOX;Diaľkový ovládač ALIEN Openbox E2 N-BOX, N-BOX ITI 5800 S (nc+);atos
TV, audio, video a foto technika > Diaľkové ovládače > Satelitné ovládače;DONOEN;Diaľkový ovládač ALIEN Optibox Enfinity;atos
TV, audio, video a foto technika > Diaľkové ovládače > Satelitné ovládače;DONPANTH;Diaľkový ovládač ALIEN Optibox Panthera;atos
TV, audio, video a foto technika > Diaľkové ovládače > Satelitné ovládače;DONPOLYC;Diaľkový ovládač ALIEN Polygon COMBO;atos
TV, audio, video a foto technika > Diaľkové ovládače > Satelitné ovládače;DONPOLYE;Diaľkový ovládač ALIEN Polygon EASY;atos
TV, audio, video a foto technika > Diaľkové ovládače > Satelitné ovládače;DONPOLYM;Diaľkový ovládač ALIEN Polygon MEDIUM;atos
TV, audio, video a foto technika > Diaľkové ovládače > Satelitné ovládače;DONS1;Diaľkový ovládač ALIEN Openbox S1;atos
TV, audio, video a foto technika > Diaľkové ovládače > Satelitné ovládače;DONS2;Diaľkový ovládač ALIEN Technisat TechniStar S2;atos
TV, audio, video a foto technika > Diaľkové ovládače > Satelitné ovládače;DONS5000;Diaľkový ovládač ALIEN Showbox Vitamin 5000;atos
TV, audio, video a foto technika > Diaľkové ovládače > Satelitné ovládače;DONSATEL;Diaľkový ovládač ALIEN SatElita 2000 HD;atos
TV, audio, video a foto technika > Diaľkové ovládače > Satelitné ovládače;DONSLINE;Diaľkový ovládač ALIEN Opensat S Line;atos
TV, audio, video a foto technika > Diaľkové ovládače > Satelitné ovládače;DONSPIDER;Diaľkový ovládač ALIEN Optibox Spider;atos
TV, audio, video a foto technika > Diaľkové ovládače > Satelitné ovládače;DONSPIEL;Diaľkový ovládač ALIEN Amiko Spiel - náhrada;atos
TV, audio, video a foto technika > Diaľkové ovládače > Satelitné ovládače;DONSUN;Diaľkový ovládač ALIEN Sunsat S200HDi;atos
TV, audio, video a foto technika > Diaľkové ovládače > Satelitné ovládače;DONSUN300;Diaľkový ovládač ALIEN Sunsat S300HDi;atos
TV, audio, video a foto technika > Diaľkové ovládače > Satelitné ovládače;DONSUN400;Diaľkový ovládač ALIEN Sunsat S400HDi;atos
TV, audio, video a foto technika > Diaľkové ovládače > Satelitné ovládače;DONT10;Diaľkový ovládač ALIEN Globo FS 10 P - náhrada;atos
TV, audio, video a foto technika > Diaľkové ovládače > Satelitné ovládače;DONT50;Diaľkový ovládač ALIEN Globo Opticum T50 - náhrada;atos
TV, audio, video a foto technika > Diaľkové ovládače > Satelitné ovládače;DONT65;Diaľkový ovládač ALIEN Ferguson T65 mini - náhrada;atos
TV, audio, video a foto technika > Diaľkové ovládače > Satelitné ovládače;DONT80E;Diaľkový ovládač ALIEN Globo Opticum T80 ECO - náhrada;atos
TV, audio, video a foto technika > Diaľkové ovládače > Satelitné ovládače;DONT90;Diaľkový ovládač ALIEN Globo Opticum T90 HD - náhrada;atos
TV, audio, video a foto technika > Diaľkové ovládače > Satelitné ovládače;DONTE3000;Diaľkový ovládač ALIEN TESLA TE-3000;atos
TV, audio, video a foto technika > Diaľkové ovládače > Satelitné ovládače;DONTELIT;Diaľkový ovládač ALIEN Telit Galileo;atos
TV, audio, video a foto technika > Diaľkové ovládače > Satelitné ovládače;DONTEMEDIA;Diaľkový ovládač ALIEN TESLA MediaBox X500;atos
TV, audio, video a foto technika > Diaľkové ovládače > Satelitné ovládače;DONTES2100;Diaľkový ovládač ALIEN TESLA TS 2100;atos
TV, audio, video a foto technika > Diaľkové ovládače > Satelitné ovládače;DONTF3000;Diaľkový ovládač ALIEN Topfield TF S3000RHD;atos
TV, audio, video a foto technika > Diaľkové ovládače > Satelitné ovládače;DONTH812;Diaľkový ovládač ALIEN Thomson THS 812;atos
TV, audio, video a foto technika > Diaľkové ovládače > Satelitné ovládače;DONTH813;Diaľkový ovládač ALIEN Thomson THS 813;atos
TV, audio, video a foto technika > Diaľkové ovládače > Satelitné ovládače;DONTH815;Diaľkový ovládač ALIEN Thomson THS 815;atos
TV, audio, video a foto technika > Diaľkové ovládače > Satelitné ovládače;DONTSCX;Diaľkový ovládač ALIEN Optibox Combo TSCX;atos
TV, audio, video a foto technika > Diaľkové ovládače > Satelitné ovládače;DONX402;Diaľkový ovládač ALIEN Globo Opticum X402, X403 - náhrada;atos
TV, audio, video a foto technika > Diaľkové ovládače > Satelitné ovládače;DONX406;Diaľkový ovládač ALIEN Globo Opticum X405, X406 - náhrada;atos
TV, audio, video a foto technika > Diaľkové ovládače > Satelitné ovládače;DONX4813;Diaľkový ovládač ALIEN Globo Opticum X4, X8, X13 - náhrada;atos
TV, audio, video a foto technika > Diaľkové ovládače > Satelitné ovládače;DONX7000;Diaľkový ovládač ALIEN Opensat X 7000, 7000 CI;atos
TV, audio, video a foto technika > Diaľkové ovládače > Satelitné ovládače;DONX80;Diaľkový ovládač ALIEN Globo Opticum X80 - náhrada;atos
TV, audio, video a foto technika > Diaľkové ovládače > Satelitné ovládače;DONX9000HDCI;Diaľkový ovládač ALIEN Opensat  X 9000 HDCI;atos
TV, audio, video a foto technika > Diaľkové ovládače > Satelitné ovládače;DONZEBRA;Diaľkový ovládač ALIEN Optibox Zebra;atos
TV, audio, video a foto technika > Diaľkové ovládače > Satelitné ovládače;DOSAMEVOS;Diaľkový ovládač ALIEN SAMSUNG Skylink EVO-S;atos
TV, audio, video a foto technika > Diaľkové ovládače > Satelitné ovládače;DOSKYTECP;Skytec PREMIUM diaľkový ovládač Optibox Anaconda / Skytec / HDBOX;atos
TV, audio, video a foto technika > Diaľkové ovládače > Satelitné ovládače;DOSYNT65N;Diaľkový ovládač ALIEN Synaps T-65;atos
TV, audio, video a foto technika > Diaľkové ovládače > Satelitné ovládače;DOSYZR300;SYNAPS ZR 300 diaľkový ovládač;atos
TV, audio, video a foto technika > Diaľkové ovládače > Satelitné ovládače;DOUNI1;Diaľkový ovládač ALIEN Skytec JOBI, KLEIO, NERINE, BLACKBOX;atos
TV, audio, video a foto technika > Diaľkové ovládače > Satelitné ovládače;DOZGH5;Diaľkový ovládač ALIEN ZGEMMA H5;atos
TV, audio, video a foto technika > Diaľkové ovládače > Satelitné ovládače;DOZGH7S;Diaľkový ovládač ALIEN ZGEMMA H7S;atos
TV, audio, video a foto technika > Diaľkové ovládače > Satelitné ovládače;DOZGH92H;Diaľkový ovládač ALIEN ZGEMMA H9.2H;atos
TV, audio, video a foto technika > Diaľkové ovládače > Satelitné ovládače;DOZGH92S;Diaľkový ovládač ALIEN ZGEMMA H9.2S;atos
TV, audio, video a foto technika > Diaľkové ovládače > Satelitné ovládače;DOZGH9C;Diaľkový ovládač ALIEN ZGEMMA H9 Combo;atos
TV, audio, video a foto technika > Diaľkové ovládače > Satelitné ovládače;DOZGH9S;Diaľkový ovládač ALIEN ZGEMMA H9S;atos
TV, audio, video a foto technika > Diaľkové ovládače > Satelitné ovládače;DOZIRJAZZ;Diaľkový ovládač Zircon JAZZ;atos
TV, audio, video a foto technika > Diaľkové ovládače > Satelitné ovládače;EMERX7710;Diaľkový ovládač ALIEN Topfield TF 7710;atos
TV, audio, video a foto technika > Diaľkové ovládače > Satelitné ovládače;FERGDO;Diaľkový ovládač Ferguson 1018, 2018, 2818, 6318, 7318, ARION, POWERSKY;atos
TV, audio, video a foto technika > Diaľkové ovládače > Satelitné ovládače;FERGRCU500V2;Diaľkový ovládač Ferguson RCU 500;atos
TV, audio, video a foto technika > Diaľkové ovládače > Satelitné ovládače;GLDODF00;Diaľkový ovládač Opticum LION 2  - DF00;atos
TV, audio, video a foto technika > Diaľkové ovládače > Satelitné ovládače;GLDOZEB;Optibox Zebra diaľkový ovládač (s PVR) - originálny;atos
TV, audio, video a foto technika > Diaľkové ovládače > Satelitné ovládače;GOSDO7056P;Diaľkový ovládač GoSat GS7056 HDi;atos
TV, audio, video a foto technika > Diaľkové ovládače > Satelitné ovládače;GOSDO7060P;Diaľkový ovládač GoSat GS7060 HDi;atos
TV, audio, video a foto technika > Diaľkové ovládače > Satelitné ovládače;IST-ACSFORDO02;Diaľkový ovládač Formuler S-Turbo, S-mini, Z;atos
TV, audio, video a foto technika > Diaľkové ovládače > Satelitné ovládače;IST-DOVAM00022;AMIKO diaľkové ovládanie Univerzálny, HD - SD;atos
TV, audio, video a foto technika > Diaľkové ovládače > Satelitné ovládače;IST-DOVAM00024;Diaľkový ovládač Amiko CCC - originál;atos
TV, audio, video a foto technika > Diaľkové ovládače > Satelitné ovládače;IST-DOVOB00010;Optibox mini Zebra HD SE new diaľkový ovládač - originál;atos
TV, audio, video a foto technika > Diaľkové ovládače > Satelitné ovládače;IST-DOVTE00098;Diaľkový ovládač Kaon MZ-50, MZ-52, MZ-102, MZ-104;atos
TV, audio, video a foto technika > Diaľkové ovládače > Satelitné ovládače;IST-DOVTE3000;Diaľkový ovládač TESLA TE-3000;atos
TV, audio, video a foto technika > Diaľkové ovládače > Satelitné ovládače;IST-DOVZC00001;Zircon diaľkový ovládač econ/smART - baterie AAA;atos
TV, audio, video a foto technika > Diaľkové ovládače > Satelitné ovládače;IST-DOVZC00002;ZIRCON diaľkový ovládač pro DVB-T T-hd / T2-hd;atos
TV, audio, video a foto technika > Diaľkové ovládače > Satelitné ovládače;MASDO;Mascom diaľkový ovládač MC 2300, MC 5300, MC 5301;atos
TV, audio, video a foto technika > Diaľkové ovládače > Satelitné ovládače;SHOWDO;Showbox diaľkový ovládač S-300, S500, S700;atos
TV, audio, video a foto technika > Diaľkové ovládače > Satelitné ovládače;SHOWDOVIT;Showbox diaľkový ovládač Vitamin HD;atos
TV, audio, video a foto technika > Diaľkové ovládače > Satelitné ovládače;SMARDO;Diaľkový ovládač ALIEN Smart MX16, MX18, MX26;atos
TV, audio, video a foto technika > Diaľkové ovládače > Satelitné ovládače;SPR-491050;Diaľkový ovládač DI-WAY IRD-265HD / HD-BOX HS-265IRD;atos
TV, audio, video a foto technika > Diaľkové ovládače > Satelitné ovládače;SPR-491063;Strong diaľkový ovládač SRT 7504, 8211;atos
TV, audio, video a foto technika > Diaľkové ovládače > Satelitné ovládače;SPR-49151;Diaľkový ovládač Octagon SF8008, SX04 RCU s TV tlačidlom;atos
TV, audio, video a foto technika > Diaľkové ovládače > Satelitné ovládače;SPR-49152;Octagon  SF128, SF138 diaľkový ovládač - originál;atos
TV, audio, video a foto technika > Diaľkové ovládače > Satelitné ovládače;SPR-49154;Octagon diaľkový ovládač SF4008 4K UHD - originál;atos
TV, audio, video a foto technika > Diaľkové ovládače > Satelitné ovládače;SPR-56340;Dreamsky HD6 Duo/HD-BOX/OCTAGON/OPENBOX FORTIS originálny diaľkový ovládač;atos
TV, audio, video a foto technika > Diaľkové ovládače > Satelitné ovládače;TEDOSIR;Vysielač DO TechniSat TechniControl;atos
TV, audio, video a foto technika > Diaľkové ovládače > Satelitné ovládače;TEDOSIRSN;Diaľkový ovládač ALIEN Technisat TechniStar SIR;atos
TV, audio, video a foto technika > Diaľkové ovládače > Satelitné ovládače;TIP-09910845;Diaľkový ovládač Sunsat S400HDi;atos
TV, audio, video a foto technika > Diaľkové ovládače > Satelitné ovládače;TOPFDO6000R;Diaľkový ovládač Topfield TF6000CR;atos
TV, audio, video a foto technika > Diaľkové ovládače > Satelitné ovládače;TOPFDO7710;Topfield diaľkový ovládač TF 7710 strieborný;atos
TV, audio, video a foto technika > Diaľkové ovládače > Satelitné ovládače;TOPFDO7710B;Topfield diaľkový ovládač TF 7710 čierny;atos
TV, audio, video a foto technika > Diaľkové ovládače > Satelitné ovládače;UNIDO1;Diaľkový ovládač ALIEN HD-BOX FS-7119;atos
TV, audio, video a foto technika > Diaľkové ovládače > Satelitné ovládače;UNIDOA200;Diaľkový ovládač ALIEN ATlink 100 IR, 200 IR náhrada;atos
TV, audio, video a foto technika > Diaľkové ovládače > Satelitné ovládače;UNIDOA210;Diaľkový ovládač ALIEN ATlink 110 IR, 210 IR náhrada;atos
TV, audio, video a foto technika > Diaľkové ovládače > Satelitné ovládače;UNIDOA250;Diaľkový ovládač ALIEN ATlink 250 IR;atos
TV, audio, video a foto technika > Diaľkové ovládače > Satelitné ovládače;UNIDOA310;Diaľkový ovládač ALIEN ATlink 310 IR náhrada;atos
TV, audio, video a foto technika > Diaľkové ovládače > Satelitné ovládače;UNIDOENI;Diaľkový ovládač ALIEN HD-BOX Enibox - náhrada;atos
TV, audio, video a foto technika > Diaľkové ovládače > Satelitné ovládače;UNIDOFUN;Diaľkový ovládač ALIEN Zircon Funbox;atos
TV, audio, video a foto technika > Diaľkové ovládače > Satelitné ovládače;UNIDOIQON;Diaľkový ovládač ALIEN Iqon Force-1 - náhrada;atos
TV, audio, video a foto technika > Diaľkové ovládače > Satelitné ovládače;UNIDOJAZZ;Diaľkový ovládač ALIEN Zircon JAZZ;atos
TV, audio, video a foto technika > Diaľkové ovládače > Satelitné ovládače;UNIDOML1200;Diaľkový ovládač ALIEN Medialink 1200;atos
TV, audio, video a foto technika > Diaľkové ovládače > Satelitné ovládače;UNIDOML2200;Diaľkový ovládač ALIEN Medialink 2200;atos
TV, audio, video a foto technika > Diaľkové ovládače > Satelitné ovládače;UNIDOPRE;Diaľkový ovládač ALIEN Zircon T-Premium;atos
TV, audio, video a foto technika > Diaľkové ovládače > Satelitné ovládače;UNIDOXBMC;Diaľkový ovládač ALIEN HD-BOX AND-II XBMC - náhrada;atos
TV, audio, video a foto technika > Diaľkové ovládače > Satelitné ovládače;UNIDOZ077;Diaľkový ovládač ALIEN Zircon SHD 007, 077, 7777, miniBox HD;atos
TV, audio, video a foto technika > Diaľkové ovládače > Satelitné ovládače;UNIDOZECO;Diaľkový ovládač ALIEN Zircon T-econ;atos
TV, audio, video a foto technika > Diaľkové ovládače > Satelitné ovládače;UNIDOZPT;Diaľkový ovládač ALIEN Zircon T3000HD Plustelka;atos
TV, audio, video a foto technika > Diaľkové ovládače > Satelitné ovládače;UNIDOZST;Diaľkový ovládač ALIEN Zircon Starline, Skyline náhrada;atos
TV, audio, video a foto technika > Diaľkové ovládače > Satelitné ovládače;VUDOB;VU+ Bluetooth/IR diaľkový ovládač;atos
TV, audio, video a foto technika > Diaľkové ovládače > Satelitné ovládače;VUDOQ;VU+ Qwerty diaľkový ovládač;atos
TV, audio, video a foto technika > Diaľkové ovládače > Satelitné ovládače;VUIR300;VU+ IR300 RCU diaľkový ovládač;atos
TV, audio, video a foto technika > Diaľkové ovládače > Televízne ovládače;ARM-RC1910;Diaľkový ovládač ATOS Sharp, Vestel, Toshiba, Hyundai  RC1910;atos
TV, audio, video a foto technika > Diaľkové ovládače > Televízne ovládače;ATO-NDTVF45135TIVO R;Diaľkový ovládač FINLUX SMART TIVO NETFLIX;atos
TV, audio, video a foto technika > Diaľkové ovládače > Televízne ovládače;ATO-NDTVF45160 RC;Diaľkový ovládač FINLUX SMART ANDROID NETFLIX;atos
TV, audio, video a foto technika > Diaľkové ovládače > Televízne ovládače;DO242254901833N;Diaľkový ovládač ALIEN Philips 242254901833;atos
TV, audio, video a foto technika > Diaľkové ovládače > Televízne ovládače;DO242254902212N;Diaľkový ovládač ALIEN Philips 242254902212;atos
TV, audio, video a foto technika > Diaľkové ovládače > Televízne ovládače;DOALIDWR46;Diaľkový ovládač ALIEN Daewoo R-46G22;atos
TV, audio, video a foto technika > Diaľkové ovládače > Televízne ovládače;DOBEKO121;Diaľkový ovládač ALIEN BEKO 12.1;atos
TV, audio, video a foto technika > Diaľkové ovládače > Televízne ovládače;DOBEKO125;Diaľkový ovládač ALIEN BEKO 12.5;atos
TV, audio, video a foto technika > Diaľkové ovládače > Televízne ovládače;DOBEKO126;Diaľkový ovládač ALIEN BEKO 12.6;atos
TV, audio, video a foto technika > Diaľkové ovládače > Televízne ovládače;DOBEKO141;Diaľkový ovládač ALIEN BEKO 14.1;atos
TV, audio, video a foto technika > Diaľkové ovládače > Televízne ovládače;DOBN01247AR;Diaľkový ovládač ATOS Samsung BN59-01247A;atos
TV, audio, video a foto technika > Diaľkové ovládače > Televízne ovládače;DOBN59-01015R;Diaľkový ovládač ATOS Samsung BN59-01015A;atos
TV, audio, video a foto technika > Diaľkové ovládače > Televízne ovládače;DOBN5900104N;Diaľkový ovládač ALIEN Samsung BN59-00104N;atos
TV, audio, video a foto technika > Diaľkové ovládače > Televízne ovládače;DOBN5900609AN;Diaľkový ovládač ALIEN Samsung BN59-00609A;atos
TV, audio, video a foto technika > Diaľkové ovládače > Televízne ovládače;DOBN5900611AN;Diaľkový ovládač ALIEN Samsung BN59-00611A;atos
TV, audio, video a foto technika > Diaľkové ovládače > Televízne ovládače;DOBN5900683AN;Diaľkový ovládač ALIEN Samsung BN59-00683A;atos
TV, audio, video a foto technika > Diaľkové ovládače > Televízne ovládače;DOBN5900684AN;Diaľkový ovládač ALIEN Samsung BN59-00684A;atos
TV, audio, video a foto technika > Diaľkové ovládače > Televízne ovládače;DOBN5900686AN;Diaľkový ovládač ALIEN Samsung BN59-00686A;atos
TV, audio, video a foto technika > Diaľkové ovládače > Televízne ovládače;DOBN5900706AN;Diaľkový ovládač ALIEN Samsung BN5900706A;atos
TV, audio, video a foto technika > Diaľkové ovládače > Televízne ovládače;DOBN5900865AN;Diaľkový ovládač ALIEN Samsung BN59-00865A;atos
TV, audio, video a foto technika > Diaľkové ovládače > Televízne ovládače;DOBN5900940N;Diaľkový ovládač ALIEN Samsung BN59-00940A;atos
TV, audio, video a foto technika > Diaľkové ovládače > Televízne ovládače;DOBN5900941N;Diaľkový ovládač ALIEN Samsung BN59-00941A;atos
TV, audio, video a foto technika > Diaľkové ovládače > Televízne ovládače;DOBN5901005AN;Diaľkový ovládač ALIEN Samsung BN59-01005A;atos
TV, audio, video a foto technika > Diaľkové ovládače > Televízne ovládače;DOBN5901014AN;Diaľkový ovládač ALIEN Samsung BN59-01014A;atos
TV, audio, video a foto technika > Diaľkové ovládače > Televízne ovládače;DOBN5901015AN;Diaľkový ovládač ALIEN Samsung BN59-01015A;atos
TV, audio, video a foto technika > Diaľkové ovládače > Televízne ovládače;DOBN5901039AN;Diaľkový ovládač ALIEN Samsung BN59-01039A;atos
TV, audio, video a foto technika > Diaľkové ovládače > Televízne ovládače;DOBN5901054AN;Diaľkový ovládač ALIEN Samsung BN59-01054A;atos
TV, audio, video a foto technika > Diaľkové ovládače > Televízne ovládače;DOBN5901069AN;Diaľkový ovládač ALIEN Samsung BN59-01069A;atos
TV, audio, video a foto technika > Diaľkové ovládače > Televízne ovládače;DOBNBN59-01012AN;Diaľkový ovládač ALIEN Samsung BN59-01012A;atos
TV, audio, video a foto technika > Diaľkové ovládače > Televízne ovládače;DOEC22LED622N;Diaľkový ovládač ALIEN ECG 22LED622PVR;atos
TV, audio, video a foto technika > Diaľkové ovládače > Televízne ovládače;DOEC24LED622N;Diaľkový ovládač ALIEN ECG 24LED622PVR;atos
TV, audio, video a foto technika > Diaľkové ovládače > Televízne ovládače;DOEC29LED701N;Diaľkový ovládač ALIEN ECG 29LED701PVR;atos
TV, audio, video a foto technika > Diaľkové ovládače > Televízne ovládače;DOEC32LED731N;Diaľkový ovládač ALIEN ECG 32LED731PVR;atos
TV, audio, video a foto technika > Diaľkové ovládače > Televízne ovládače;DOEC40LED722N;Diaľkový ovládač ALIEN ECG 40LED722PVR;atos
TV, audio, video a foto technika > Diaľkové ovládače > Televízne ovládače;DOECGRCD302N;Diaľkový ovládač ALIEN ECG RC-D3-02;atos
TV, audio, video a foto technika > Diaľkové ovládače > Televízne ovládače;DOECGRCGD1N;Diaľkový ovládač ALIEN ECG RC-GD1;atos
TV, audio, video a foto technika > Diaľkové ovládače > Televízne ovládače;DOECMG10N;Diaľkový ovládač ALIEN ECG MG10-01 PVR;atos
TV, audio, video a foto technika > Diaľkové ovládače > Televízne ovládače;DOEF22X718N;Diaľkový ovládač ALIEN Changhong EF22X718;atos
TV, audio, video a foto technika > Diaľkové ovládače > Televízne ovládače;DOEF24F898SN;Diaľkový ovládač ALIEN Changhong EF24F898S;atos
TV, audio, video a foto technika > Diaľkové ovládače > Televízne ovládače;DOEF32F868SN;Diaľkový ovládač ALIEN Changhong EF32F868S;atos
TV, audio, video a foto technika > Diaľkové ovládače > Televízne ovládače;DOEN2BB27H;Diaľkový ovládač ALIEN HISENSE EN2BB27H;atos
TV, audio, video a foto technika > Diaľkové ovládače > Televízne ovládače;DOEN2G30H;Diaľkový ovládač ALIEN HISENSE EN2G30H;atos
TV, audio, video a foto technika > Diaľkové ovládače > Televízne ovládače;DOEN2X27HS;Diaľkový ovládač ALIEN HISENSE EN2X27HS;atos
TV, audio, video a foto technika > Diaľkové ovládače > Televízne ovládače;DOEN3B39;Diaľkový ovládač ALIEN HISENSE EN3B39;atos
TV, audio, video a foto technika > Diaľkové ovládače > Televízne ovládače;DOER22601B;Diaľkový ovládač ALIEN HISENSE ER-22601B;atos
TV, audio, video a foto technika > Diaľkové ovládače > Televízne ovládače;DOER22655HS;Diaľkový ovládač ALIEN HISENSE ER-22655HS;atos
TV, audio, video a foto technika > Diaľkové ovládače > Televízne ovládače;DOG32AC40;Diaľkový ovládač ALIEN Changhong GCBLTV32A-C40;atos
TV, audio, video a foto technika > Diaľkové ovládače > Televízne ovládače;DOGK23J2C8N;Diaľkový ovládač ALIEN Changhong GK23J2-C8;atos
TV, audio, video a foto technika > Diaľkové ovládače > Televízne ovládače;DOGOGRC1055N;Diaľkový ovládač ALIEN GoGEN RC1055;atos
TV, audio, video a foto technika > Diaľkové ovládače > Televízne ovládače;DOGOGRC1205N;Diaľkový ovládač ALIEN GoGEN RC1205;atos
TV, audio, video a foto technika > Diaľkové ovládače > Televízne ovládače;DOGOGRC1805N;Diaľkový ovládač ALIEN GoGEN RC1805;atos
TV, audio, video a foto technika > Diaľkové ovládače > Televízne ovládače;DOGOGRC1825N;Diaľkový ovládač ALIEN GoGEN RC1825;atos
TV, audio, video a foto technika > Diaľkové ovládače > Televízne ovládače;DOGOGRC1900N;Diaľkový ovládač ALIEN GoGEN RC1900;atos
TV, audio, video a foto technika > Diaľkové ovládače > Televízne ovládače;DOGOGRC1910N;Diaľkový ovládač ALIEN GoGEN RC1910;atos
TV, audio, video a foto technika > Diaľkové ovládače > Televízne ovládače;DOGOGRC1912N;Diaľkový ovládač ALIEN GoGEN RC1912;atos
TV, audio, video a foto technika > Diaľkové ovládače > Televízne ovládače;DOGOGRC4822N;Diaľkový ovládač ALIEN GoGEN RC4822;atos
TV, audio, video a foto technika > Diaľkové ovládače > Televízne ovládače;DOGOGRC4845N;Diaľkový ovládač ALIEN GoGEN RC4845;atos
TV, audio, video a foto technika > Diaľkové ovládače > Televízne ovládače;DOGOGRC4862N;Diaľkový ovládač ALIEN GoGEN RC4862;atos
TV, audio, video a foto technika > Diaľkové ovládače > Televízne ovládače;DOGOGRC4900N;Diaľkový ovládač ALIEN GoGEN RC4900;atos
TV, audio, video a foto technika > Diaľkové ovládače > Televízne ovládače;DOGOGRC5103N;Diaľkový ovládač ALIEN GoGEN RC5103;atos
TV, audio, video a foto technika > Diaľkové ovládače > Televízne ovládače;DOGOGRC5112N;Diaľkový ovládač ALIEN GoGEN RC5112;atos
TV, audio, video a foto technika > Diaľkové ovládače > Televízne ovládače;DOGRRC23N;Diaľkový ovládač ALIEN Grundig RC23;atos
TV, audio, video a foto technika > Diaľkové ovládače > Televízne ovládače;DOGRRCGD1N;Diaľkový ovládač ALIEN Grundig RC-GD1;atos
TV, audio, video a foto technika > Diaľkové ovládače > Televízne ovládače;DOGRTP2N;Diaľkový ovládač ALIEN Grundig TP2;atos
TV, audio, video a foto technika > Diaľkové ovládače > Televízne ovládače;DOGRTP6N;Diaľkový ovládač ALIEN Grundig TP6;atos
TV, audio, video a foto technika > Diaľkové ovládače > Televízne ovládače;DOGRTP715N;Diaľkový ovládač ALIEN Grundig TP715;atos
TV, audio, video a foto technika > Diaľkové ovládače > Televízne ovládače;DOGRTP7N;Diaľkový ovládač ALIEN Grundig TP7;atos
TV, audio, video a foto technika > Diaľkové ovládače > Televízne ovládače;DOGRTP8N;Diaľkový ovládač ALIEN Grundig TP8;atos
TV, audio, video a foto technika > Diaľkové ovládače > Televízne ovládače;DOHITA1522N;Diaľkový ovládač ALIEN Hitachi RCT-1522;atos
TV, audio, video a foto technika > Diaľkové ovládače > Televízne ovládače;DOHITA1910N;Diaľkový ovládač ALIEN Hitachi RC1910;atos
TV, audio, video a foto technika > Diaľkové ovládače > Televízne ovládače;DOHITA1912N;Diaľkový ovládač ALIEN Hitachi RC1912;atos
TV, audio, video a foto technika > Diaľkové ovládače > Televízne ovládače;DOHITA4848N;Diaľkový ovládač ALIEN Hitachi RC4848;atos
TV, audio, video a foto technika > Diaľkové ovládače > Televízne ovládače;DOHITA4862N;Diaľkový ovládač ALIEN Hitachi RC4862;atos
TV, audio, video a foto technika > Diaľkové ovládače > Televízne ovládače;DOHITA49141N;Diaľkový ovládač ALIEN Hitachi RC-49141;atos
TV, audio, video a foto technika > Diaľkové ovládače > Televízne ovládače;DOHITA5100N;Diaľkový ovládač ALIEN Hitachi RC5100;atos
TV, audio, video a foto technika > Diaľkové ovládače > Televízne ovládače;DOHUA1078;Diaľkový ovládač RM-D1078 pro Samsung univerzálny;atos
TV, audio, video a foto technika > Diaľkové ovládače > Televízne ovládače;DOHUAP920;Diaľkový ovládač HUAYU RM-D920+ Panasonic univerzálny;atos
TV, audio, video a foto technika > Diaľkové ovládače > Televízne ovládače;DOHY1055;Diaľkový ovládač ALIEN Hyundai RC1055;atos
TV, audio, video a foto technika > Diaľkové ovládače > Televízne ovládače;DOHY1825;Diaľkový ovládač ALIEN Hyundai RC1825;atos
TV, audio, video a foto technika > Diaľkové ovládače > Televízne ovládače;DOHYU1910N;Diaľkový ovládač ALIEN Hyundai RC1910;atos
TV, audio, video a foto technika > Diaľkové ovládače > Televízne ovládače;DOHYU2040N;Diaľkový ovládač ALIEN Hyundai RC2040;atos
TV, audio, video a foto technika > Diaľkové ovládače > Televízne ovládače;DOHYU4800N;Diaľkový ovládač ALIEN Hyundai RC4800;atos
TV, audio, video a foto technika > Diaľkové ovládače > Televízne ovládače;DOHYU4822N;Diaľkový ovládač ALIEN Hyundai RC4822;atos
TV, audio, video a foto technika > Diaľkové ovládače > Televízne ovládače;DOHYU4848N;Diaľkový ovládač ALIEN Hyundai RC4848;atos
TV, audio, video a foto technika > Diaľkové ovládače > Televízne ovládače;DOHYU4875N;Diaľkový ovládač ALIEN Hyundai RC4875;atos
TV, audio, video a foto technika > Diaľkové ovládače > Televízne ovládače;DOHYU4900N;Diaľkový ovládač ALIEN Hyundai RC4900;atos
TV, audio, video a foto technika > Diaľkové ovládače > Televízne ovládače;DOHYU5103N;Diaľkový ovládač ALIEN Hyundai RC5103;atos
TV, audio, video a foto technika > Diaľkové ovládače > Televízne ovládače;DOJVC4800N;Diaľkový ovládač ALIEN JVC RC4800;atos
TV, audio, video a foto technika > Diaľkové ovládače > Televízne ovládače;DOJVCRMC1223N;Diaľkový ovládač ALIEN JVC RM-C1223;atos
TV, audio, video a foto technika > Diaľkové ovládače > Televízne ovládače;DOJVCRMC1245N;Diaľkový ovládač ALIEN JVC RM-C1245;atos
TV, audio, video a foto technika > Diaľkové ovládače > Televízne ovládače;DOJVCRMC1500N;Diaľkový ovládač ALIEN JVC RM-C1500;atos
TV, audio, video a foto technika > Diaľkové ovládače > Televízne ovládače;DOJVCRMC2500N;Diaľkový ovládač ALIEN JVC RM-C2500;atos
TV, audio, video a foto technika > Diaľkové ovládače > Televízne ovládače;DOJVCRMC3184N;Diaľkový ovládač ALIEN JVC RM-C3184;atos
TV, audio, video a foto technika > Diaľkové ovládače > Televízne ovládače;DOJVCRMC3607;Vysielač DO JVC RM-C3607 - náhrada;atos
TV, audio, video a foto technika > Diaľkové ovládače > Televízne ovládače;DOL19X699N;Diaľkový ovládač ALIEN Changhong L19X699;atos
TV, audio, video a foto technika > Diaľkové ovládače > Televízne ovládače;DOL32F726N;Diaľkový ovládač ALIEN Changhong L32F726;atos
TV, audio, video a foto technika > Diaľkové ovládače > Televízne ovládače;DOLED19D2000HN;Diaľkový ovládač ALIEN Changhong LED19D2000H;atos
TV, audio, video a foto technika > Diaľkové ovládače > Televízne ovládače;DOLED24D2080HN;Diaľkový ovládač ALIEN Changhong LED24D2080H;atos
TV, audio, video a foto technika > Diaľkové ovládače > Televízne ovládače;DOLED29A6500N;Diaľkový ovládač ALIEN Changhong LED29A6500;atos
TV, audio, video a foto technika > Diaľkové ovládače > Televízne ovládače;DOLED32A4500N;Diaľkový ovládač ALIEN Changhong LED32A4500;atos
TV, audio, video a foto technika > Diaľkové ovládače > Televízne ovládače;DOLED32C1600HN;Diaľkový ovládač ALIEN Changhong LED32C1600H;atos
TV, audio, video a foto technika > Diaľkové ovládače > Televízne ovládače;DOLF24T699N;Diaľkový ovládač ALIEN Changhong LF24T699;atos
TV, audio, video a foto technika > Diaľkové ovládače > Televízne ovládače;DOLG105-224PN;Diaľkový ovládač ALIEN LG 105-224P;atos
TV, audio, video a foto technika > Diaľkové ovládače > Televízne ovládače;DOLG6710900010JN;Diaľkový ovládač ALIEN LG 6710900010J;atos
TV, audio, video a foto technika > Diaľkové ovládače > Televízne ovládače;DOLG6710900010WN;Diaľkový ovládač ALIEN LG 6710900010W;atos
TV, audio, video a foto technika > Diaľkové ovládače > Televízne ovládače;DOLG6710T00008BN;Diaľkový ovládač ALIEN LG 6710T00008B;atos
TV, audio, video a foto technika > Diaľkové ovládače > Televízne ovládače;DOLG6710T00022DN;Diaľkový ovládač ALIEN LG 6710T00022D;atos
TV, audio, video a foto technika > Diaľkové ovládače > Televízne ovládače;DOLG6710V00007AN;Diaľkový ovládač ALIEN LG 6710V00007A;atos
TV, audio, video a foto technika > Diaľkové ovládače > Televízne ovládače;DOLG6710V00017EN;Diaľkový ovládač ALIEN LG 6710V00017E;atos
TV, audio, video a foto technika > Diaľkové ovládače > Televízne ovládače;DOLG6710V00032UN;Diaľkový ovládač ALIEN LG 6710V00032U;atos
TV, audio, video a foto technika > Diaľkové ovládače > Televízne ovládače;DOLG6710V00088BN;Diaľkový ovládač ALIEN LG 6710V00088B;atos
TV, audio, video a foto technika > Diaľkové ovládače > Televízne ovládače;DOLG6710V00091GN;Diaľkový ovládač ALIEN LG 6710V00091G;atos
TV, audio, video a foto technika > Diaľkové ovládače > Televízne ovládače;DOLG6710V00112EN;Diaľkový ovládač ALIEN LG 6710V00112E;atos
TV, audio, video a foto technika > Diaľkové ovládače > Televízne ovládače;DOLG6710V00112QN;Diaľkový ovládač ALIEN LG 6710V00112Q;atos
TV, audio, video a foto technika > Diaľkové ovládače > Televízne ovládače;DOLG6710V00124EN;Diaľkový ovládač ALIEN LG 6710V00124E;atos
TV, audio, video a foto technika > Diaľkové ovládače > Televízne ovládače;DOLG6710V00137FN;Diaľkový ovládač ALIEN LG 6710V00137F;atos
TV, audio, video a foto technika > Diaľkové ovládače > Televízne ovládače;DOLG6710V00151WN;Diaľkový ovládač ALIEN LG 6710V00151W;atos
TV, audio, video a foto technika > Diaľkové ovládače > Televízne ovládače;DOLG6711R1P090SN;Diaľkový ovládač ALIEN LG 6711R1P090S;atos
TV, audio, video a foto technika > Diaľkové ovládače > Televízne ovládače;DOLGAAKB72914202N;Diaľkový ovládač ALIEN LG AKB72914202;atos
TV, audio, video a foto technika > Diaľkové ovládače > Televízne ovládače;DOLGAKB30377801N;Diaľkový ovládač ALIEN LG  AKB30377801;atos
TV, audio, video a foto technika > Diaľkové ovládače > Televízne ovládače;DOLGAKB30377802N;Diaľkový ovládač ALIEN LG AKB30377802;atos
TV, audio, video a foto technika > Diaľkové ovládače > Televízne ovládače;DOLGAKB30377803N;Diaľkový ovládač ALIEN LG AKB30377803;atos
TV, audio, video a foto technika > Diaľkové ovládače > Televízne ovládače;DOLGAKB30377804N;Diaľkový ovládač ALIEN LG AKB30377804;atos
TV, audio, video a foto technika > Diaľkové ovládače > Televízne ovládače;DOLGAKB30377805N;Diaľkový ovládač ALIEN LG AKB30377805;atos
TV, audio, video a foto technika > Diaľkové ovládače > Televízne ovládače;DOLGAKB30377806N;Diaľkový ovládač ALIEN LG AKB30377806;atos
TV, audio, video a foto technika > Diaľkové ovládače > Televízne ovládače;DOLGAKB30377808N;Diaľkový ovládač ALIEN LG AKB30377808;atos
TV, audio, video a foto technika > Diaľkové ovládače > Televízne ovládače;DOLGAKB33871401N;Diaľkový ovládač ALIEN LG AKB33871401;atos
TV, audio, video a foto technika > Diaľkové ovládače > Televízne ovládače;DOLGAKB33871408N;Diaľkový ovládač ALIEN LG AKB33871408;atos
TV, audio, video a foto technika > Diaľkové ovládače > Televízne ovládače;DOLGAKB33871409N;Diaľkový ovládač ALIEN LG AKB33871409;atos
TV, audio, video a foto technika > Diaľkové ovládače > Televízne ovládače;DOLGAKB33871410N;Diaľkový ovládač ALIEN LG AKB33871410;atos
TV, audio, video a foto technika > Diaľkové ovládače > Televízne ovládače;DOLGAKB33871414N;Diaľkový ovládač ALIEN LG AKB33871414;atos
TV, audio, video a foto technika > Diaľkové ovládače > Televízne ovládače;DOLGAKB33871420N;Diaľkový ovládač ALIEN LG AKB33871420;atos
TV, audio, video a foto technika > Diaľkové ovládače > Televízne ovládače;DOLGAKB33871424N;Diaľkový ovládač ALIEN LG AKB33871424;atos
TV, audio, video a foto technika > Diaľkové ovládače > Televízne ovládače;DOLGAKB34907202N;Diaľkový ovládač ALIEN LG AKB34907202;atos
TV, audio, video a foto technika > Diaľkové ovládače > Televízne ovládače;DOLGAKB35840202N;Diaľkový ovládač ALIEN LG AKB35840202;atos
TV, audio, video a foto technika > Diaľkové ovládače > Televízne ovládače;DOLGAKB69680405N;Diaľkový ovládač ALIEN LG AKB69680405;atos
TV, audio, video a foto technika > Diaľkové ovládače > Televízne ovládače;DOLGAKB69680438N;Diaľkový ovládač ALIEN LG AKB69680438;atos
TV, audio, video a foto technika > Diaľkové ovládače > Televízne ovládače;DOLGAKB72197601N;Diaľkový ovládač ALIEN LG AKB72197601;atos
TV, audio, video a foto technika > Diaľkové ovládače > Televízne ovládače;DOLGAKB72913104N;Diaľkový ovládač ALIEN LG AKB72913104;atos
TV, audio, video a foto technika > Diaľkové ovládače > Televízne ovládače;DOLGAKB72914004N;Diaľkový ovládač ALIEN LG AKB72914004;atos
TV, audio, video a foto technika > Diaľkové ovládače > Televízne ovládače;DOLGAKB72914005N;Diaľkový ovládač ALIEN LG AKB72914005;atos
TV, audio, video a foto technika > Diaľkové ovládače > Televízne ovládače;DOLGAKB72914020N;Diaľkový ovládač ALIEN LG AKB72914020;atos
TV, audio, video a foto technika > Diaľkové ovládače > Televízne ovládače;DOLGAKB72914021N;Diaľkový ovládač ALIEN LG AKB72914021;atos
TV, audio, video a foto technika > Diaľkové ovládače > Televízne ovládače;DOLGAKB72914048N;Diaľkový ovládač ALIEN LG AKB72914048;atos
TV, audio, video a foto technika > Diaľkové ovládače > Televízne ovládače;DOLGAKB72914050N;Diaľkový ovládač ALIEN LG AKB72914050;atos
TV, audio, video a foto technika > Diaľkové ovládače > Televízne ovládače;DOLGAKB72914058N;Diaľkový ovládač ALIEN LG AKB72914058;atos
TV, audio, video a foto technika > Diaľkové ovládače > Televízne ovládače;DOLGAKB72914207N;Diaľkový ovládač ALIEN LG AKB72914207;atos
TV, audio, video a foto technika > Diaľkové ovládače > Televízne ovládače;DOLGAKB72914208N;Diaľkový ovládač ALIEN LG AKB72914208;atos
TV, audio, video a foto technika > Diaľkové ovládače > Televízne ovládače;DOLGAKB72914209N;Diaľkový ovládač ALIEN LG AKB72914209;atos
TV, audio, video a foto technika > Diaľkové ovládače > Televízne ovládače;DOLGAKB72914271N;Diaľkový ovládač ALIEN LG AKB72914271;atos
TV, audio, video a foto technika > Diaľkové ovládače > Televízne ovládače;DOLGAKB72914293N;Diaľkový ovládač ALIEN LG AKB72914293;atos
TV, audio, video a foto technika > Diaľkové ovládače > Televízne ovládače;DOLGAKB72915202N;Diaľkový ovládač ALIEN LG AKB72915202;atos
TV, audio, video a foto technika > Diaľkové ovládače > Televízne ovládače;DOLGAKB72915207N;Diaľkový ovládač ALIEN LG AKB72915207 = AKB72915202;atos
TV, audio, video a foto technika > Diaľkové ovládače > Televízne ovládače;DOLGAKB72915244N;Diaľkový ovládač ALIEN LG AKB72915244;atos
TV, audio, video a foto technika > Diaľkové ovládače > Televízne ovládače;DOLGAKB72915246N;Diaľkový ovládač ALIEN LG AKB72915246;atos
TV, audio, video a foto technika > Diaľkové ovládače > Televízne ovládače;DOLGAKB72915269N;Diaľkový ovládač ALIEN LG AKB72915269;atos
TV, audio, video a foto technika > Diaľkové ovládače > Televízne ovládače;DOLGAKB73275606N;Diaľkový ovládač ALIEN LG AKB73275606;atos
TV, audio, video a foto technika > Diaľkové ovládače > Televízne ovládače;DOLGAKB73275607N;Diaľkový ovládač ALIEN LG AKB73275607;atos
TV, audio, video a foto technika > Diaľkové ovládače > Televízne ovládače;DOLGAKB73275611N;Diaľkový ovládač ALIEN LG AKB73275611;atos
TV, audio, video a foto technika > Diaľkové ovládače > Televízne ovládače;DOLGAKB73615302N;Diaľkový ovládač ALIEN LG AKB73615302;atos
TV, audio, video a foto technika > Diaľkové ovládače > Televízne ovládače;DOLGAKB73615303N;Diaľkový ovládač ALIEN LG AKB73615303;atos
TV, audio, video a foto technika > Diaľkové ovládače > Televízne ovládače;DOLGAKB73615306N;Diaľkový ovládač ALIEN LG AKB73615306;atos
TV, audio, video a foto technika > Diaľkové ovládače > Televízne ovládače;DOLGAKB73615307N;Diaľkový ovládač ALIEN LG AKB73615307;atos
TV, audio, video a foto technika > Diaľkové ovládače > Televízne ovládače;DOLGAKB73615309N;Diaľkový ovládač ALIEN LG AKB73615309;atos
TV, audio, video a foto technika > Diaľkové ovládače > Televízne ovládače;DOLGAKB73655802N;Diaľkový ovládač ALIEN LG AKB73655802;atos
TV, audio, video a foto technika > Diaľkové ovládače > Televízne ovládače;DOLGAKB73655822N;Diaľkový ovládač ALIEN LG AKB73655822;atos
TV, audio, video a foto technika > Diaľkové ovládače > Televízne ovládače;DOLGAKB73655861N;Diaľkový ovládač ALIEN LG AKB73655861;atos
TV, audio, video a foto technika > Diaľkové ovládače > Televízne ovládače;DOLGAKB73715601N;Diaľkový ovládač ALIEN LG AKB73715601;atos
TV, audio, video a foto technika > Diaľkové ovládače > Televízne ovládače;DOLGAKB73715603N;Diaľkový ovládač ALIEN LG AKB73715603;atos
TV, audio, video a foto technika > Diaľkové ovládače > Televízne ovládače;DOLGAKB73715622N;Diaľkový ovládač ALIEN LG AKB73715622;atos
TV, audio, video a foto technika > Diaľkové ovládače > Televízne ovládače;DOLGAKB73715634N;Diaľkový ovládač ALIEN LG AKB73715634;atos
TV, audio, video a foto technika > Diaľkové ovládače > Televízne ovládače;DOLGAKB73715650N;Diaľkový ovládač ALIEN LG AKB73715650;atos
TV, audio, video a foto technika > Diaľkové ovládače > Televízne ovládače;DOLGAKB73715679N;Diaľkový ovládač ALIEN LG AKB73715679;atos
TV, audio, video a foto technika > Diaľkové ovládače > Televízne ovládače;DOLGAKB73715686N;Diaľkový ovládač ALIEN LG AKB73715686;atos
TV, audio, video a foto technika > Diaľkové ovládače > Televízne ovládače;DOLGAKB73756502N;Diaľkový ovládač ALIEN LG AKB73756502;atos
TV, audio, video a foto technika > Diaľkové ovládače > Televízne ovládače;DOLGAKB73756504N;Diaľkový ovládač ALIEN LG AKB73756504;atos
TV, audio, video a foto technika > Diaľkové ovládače > Televízne ovládače;DOLGAKB73756523N;Diaľkový ovládač ALIEN LG AKB73756523;atos
TV, audio, video a foto technika > Diaľkové ovládače > Televízne ovládače;DOLGAKB73756559N;Diaľkový ovládač ALIEN LG AKB73756559;atos
TV, audio, video a foto technika > Diaľkové ovládače > Televízne ovládače;DOLGAKB73756565N;Diaľkový ovládač ALIEN LG AKB73756565;atos
TV, audio, video a foto technika > Diaľkové ovládače > Televízne ovládače;DOLGAKB73975728N;Diaľkový ovládač ALIEN LG AKB73975728;atos
TV, audio, video a foto technika > Diaľkové ovládače > Televízne ovládače;DOLGAKB73975729N;Diaľkový ovládač ALIEN LG AKB73975729;atos
TV, audio, video a foto technika > Diaľkové ovládače > Televízne ovládače;DOLGAKB73975786N;Diaľkový ovládač ALIEN LG AKB73975786;atos
TV, audio, video a foto technika > Diaľkové ovládače > Televízne ovládače;DOLGAKB74115502N;Diaľkový ovládač ALIEN LG AKB74115502;atos
TV, audio, video a foto technika > Diaľkové ovládače > Televízne ovládače;DOLGAKB74475403N;Diaľkový ovládač ALIEN LG AKB74475403;atos
TV, audio, video a foto technika > Diaľkové ovládače > Televízne ovládače;DOLGAKB74475481N;Diaľkový ovládač ALIEN LG AKB74475481;atos
TV, audio, video a foto technika > Diaľkové ovládače > Televízne ovládače;DOLGAKB74915324N;Diaľkový ovládač ALIEN LG AKB74915324;atos
TV, audio, video a foto technika > Diaľkové ovládače > Televízne ovládače;DOLGMKJ32022805N;Diaľkový ovládač ALIEN LG MKJ32022805;atos
TV, audio, video a foto technika > Diaľkové ovládače > Televízne ovládače;DOLGMKJ32022806N;Diaľkový ovládač ALIEN LG MKJ32022806;atos
TV, audio, video a foto technika > Diaľkové ovládače > Televízne ovládače;DOLGMKJ32022813N;Diaľkový ovládač ALIEN LG MKJ32022813;atos
TV, audio, video a foto technika > Diaľkové ovládače > Televízne ovládače;DOLGMKJ32022814N;Diaľkový ovládač ALIEN LG MKJ32022814;atos
TV, audio, video a foto technika > Diaľkové ovládače > Televízne ovládače;DOLGMKJ32022835N;Diaľkový ovládač ALIEN LG MKJ32022835;atos
TV, audio, video a foto technika > Diaľkové ovládače > Televízne ovládače;DOLGMKJ33981404N;Diaľkový ovládač ALIEN LG MKJ33981404;atos
TV, audio, video a foto technika > Diaľkové ovládače > Televízne ovládače;DOLGMKJ39170805N;Diaľkový ovládač ALIEN LG MKJ39170805;atos
TV, audio, video a foto technika > Diaľkové ovládače > Televízne ovládače;DOLGMKJ40653802N;Diaľkový ovládač ALIEN LG MKJ40653802;atos
TV, audio, video a foto technika > Diaľkové ovládače > Televízne ovládače;DOLGMKJ40653831N;Diaľkový ovládač ALIEN LG MKJ40653831;atos
TV, audio, video a foto technika > Diaľkové ovládače > Televízne ovládače;DOLGMKJ42519601N;Diaľkový ovládač ALIEN LG MKJ42519601;atos
TV, audio, video a foto technika > Diaľkové ovládače > Televízne ovládače;DOLGMKJ42519618N;Diaľkový ovládač ALIEN LG MKJ42519618;atos
TV, audio, video a foto technika > Diaľkové ovládače > Televízne ovládače;DOLGMKJ42519636N;Diaľkový ovládač ALIEN LG MKJ42519636;atos
TV, audio, video a foto technika > Diaľkové ovládače > Televízne ovládače;DOLGMKJ61841804N;Diaľkový ovládač ALIEN LG MKJ61841804;atos
TV, audio, video a foto technika > Diaľkové ovládače > Televízne ovládače;DOLGVS068GN;Diaľkový ovládač ALIEN LG VS068G;atos
TV, audio, video a foto technika > Diaľkové ovládače > Televízne ovládače;DOLT19GX699EBN;Diaľkový ovládač ALIEN Changhong LT19GX699EB;atos
TV, audio, video a foto technika > Diaľkové ovládače > Televízne ovládače;DOLT22GX699EBN;Diaľkový ovládač ALIEN Changhong LT22GX699EB;atos
TV, audio, video a foto technika > Diaľkové ovládače > Televízne ovládače;DOLUX1055N;Diaľkový ovládač ALIEN Luxtronic RC1055;atos
TV, audio, video a foto technika > Diaľkové ovládače > Televízne ovládače;DOLUX1910N;Diaľkový ovládač ALIEN Luxtronic RC1910;atos
TV, audio, video a foto technika > Diaľkové ovládače > Televízne ovládače;DONGS3260;Diaľkový ovládač ALIEN GoSat GS3260 - náhrada;atos
TV, audio, video a foto technika > Diaľkové ovládače > Televízne ovládače;DONGS4360;Diaľkový ovládač ALIEN GoSat GS4360 - náhrada;atos
TV, audio, video a foto technika > Diaľkové ovládače > Televízne ovládače;DONGS5560;Diaľkový ovládač ALIEN GoSat GS5560 - náhrada;atos
TV, audio, video a foto technika > Diaľkové ovládače > Televízne ovládače;DONLGAKB69680403;Diaľkový ovládač ALIEN LG AKB69680403;atos
TV, audio, video a foto technika > Diaľkové ovládače > Televízne ovládače;DONLGAKB69680404;Diaľkový ovládač ALIEN LG AKB69680404;atos
TV, audio, video a foto technika > Diaľkové ovládače > Televízne ovládače;DONSONRM839;Diaľkový ovládač ALIEN Sony RM-839;atos
TV, audio, video a foto technika > Diaľkové ovládače > Televízne ovládače;DONSONYEA002;Diaľkový ovládač ALIEN Sony RM-EA002;atos
TV, audio, video a foto technika > Diaľkové ovládače > Televízne ovládače;DONSONYEA006;Diaľkový ovládač ALIEN Sony RM-EA006;atos
TV, audio, video a foto technika > Diaľkové ovládače > Televízne ovládače;DONSONYED002N;Diaľkový ovládač ALIEN Sony RM-ED002;atos
TV, audio, video a foto technika > Diaľkové ovládače > Televízne ovládače;DONSONYED005;Diaľkový ovládač ALIEN Sony RM-ED005;atos
TV, audio, video a foto technika > Diaľkové ovládače > Televízne ovládače;DONSONYED007;Diaľkový ovládač ALIEN Sony RM-ED007;atos
TV, audio, video a foto technika > Diaľkové ovládače > Televízne ovládače;DONSONYED008;Diaľkový ovládač ALIEN Sony RM-ED008;atos
TV, audio, video a foto technika > Diaľkové ovládače > Televízne ovládače;DONSONYED009;Diaľkový ovládač ALIEN Sony RM-ED009;atos
TV, audio, video a foto technika > Diaľkové ovládače > Televízne ovládače;DONSONYED011;Diaľkový ovládač ALIEN Sony RM-ED011;atos
TV, audio, video a foto technika > Diaľkové ovládače > Televízne ovládače;DONSONYED012N;Diaľkový ovládač ALIEN Sony RM-ED012;atos
TV, audio, video a foto technika > Diaľkové ovládače > Televízne ovládače;DONSONYED013;Diaľkový ovládač ALIEN Sony RMED013;atos
TV, audio, video a foto technika > Diaľkové ovládače > Televízne ovládače;DONSONYED016;Diaľkový ovládač ALIEN Sony RM-ED016;atos
TV, audio, video a foto technika > Diaľkové ovládače > Televízne ovládače;DONSONYED017;Diaľkový ovládač ALIEN Sony RM-ED017;atos
TV, audio, video a foto technika > Diaľkové ovládače > Televízne ovládače;DONSONYED044;Diaľkový ovládač ALIEN Sony RM-ED044;atos
TV, audio, video a foto technika > Diaľkové ovládače > Televízne ovládače;DONSONYED045N;Diaľkový ovládač ALIEN Sony RM-ED045;atos
TV, audio, video a foto technika > Diaľkové ovládače > Televízne ovládače;DONSONYED046N;Diaľkový ovládač ALIEN Sony RM-ED046;atos
TV, audio, video a foto technika > Diaľkové ovládače > Televízne ovládače;DONSONYED047N;Diaľkový ovládač ALIEN Sony RM-ED047;atos
TV, audio, video a foto technika > Diaľkové ovládače > Televízne ovládače;DONSONYED049N;Diaľkový ovládač ALIEN Sony RM-ED049;atos
TV, audio, video a foto technika > Diaľkové ovládače > Televízne ovládače;DONSONYED050N;Diaľkový ovládač ALIEN Sony RM-ED050;atos
TV, audio, video a foto technika > Diaľkové ovládače > Televízne ovládače;DONSONYED052N;Diaľkový ovládač ALIEN Sony RM-ED052;atos
TV, audio, video a foto technika > Diaľkové ovládače > Televízne ovládače;DONSONYED053N;Diaľkový ovládač ALIEN Sony RM-ED053;atos
TV, audio, video a foto technika > Diaľkové ovládače > Televízne ovládače;DONSONYED054N;Diaľkový ovládač ALIEN Sony RM-ED054;atos
TV, audio, video a foto technika > Diaľkové ovládače > Televízne ovládače;DONSONYED058N;Diaľkový ovládač ALIEN Sony RM-ED058;atos
TV, audio, video a foto technika > Diaľkové ovládače > Televízne ovládače;DONSONYED060N;Diaľkový ovládač ALIEN Sony RM-ED060;atos
TV, audio, video a foto technika > Diaľkové ovládače > Televízne ovládače;DONSONYED061N;Diaľkový ovládač ALIEN Sony RM-ED061;atos
TV, audio, video a foto technika > Diaľkové ovládače > Televízne ovládače;DONSONYED947;Diaľkový ovládač ALIEN Sony RM-947;atos
TV, audio, video a foto technika > Diaľkové ovládače > Televízne ovládače;DONSONYRM945;Diaľkový ovládač ALIEN Sony RM-945;atos
TV, audio, video a foto technika > Diaľkové ovládače > Televízne ovládače;DONSONYW100;Diaľkový ovládač ALIEN Sony RM-W100;atos
TV, audio, video a foto technika > Diaľkové ovládače > Televízne ovládače;DONTHRC3000E01;Diaľkový ovládač ALIEN Thomson RC3000E01;atos
TV, audio, video a foto technika > Diaľkové ovládače > Televízne ovládače;DONTHRC802N;Diaľkový ovládač ALIEN Thomson RC802N;atos
TV, audio, video a foto technika > Diaľkové ovládače > Televízne ovládače;DOOR1055N;Diaľkový ovládač ALIEN ORAVA RC1055;atos
TV, audio, video a foto technika > Diaľkové ovládače > Televízne ovládače;DOOR1205N;Diaľkový ovládač ALIEN ORAVA RC1205;atos
TV, audio, video a foto technika > Diaľkové ovládače > Televízne ovládače;DOOR1900N;Diaľkový ovládač ALIEN ORAVA RC1900;atos
TV, audio, video a foto technika > Diaľkové ovládače > Televízne ovládače;DOOR1912N;Diaľkový ovládač ALIEN ORAVA RC1912;atos
TV, audio, video a foto technika > Diaľkové ovládače > Televízne ovládače;DOOR4875N;Diaľkový ovládač ALIEN ORAVA RC4875;atos
TV, audio, video a foto technika > Diaľkové ovládače > Televízne ovládače;DOOVP2819N;Diaľkový ovládač ALIEN OVP RC2819;atos
TV, audio, video a foto technika > Diaľkové ovládače > Televízne ovládače;DOOVP2851N;Diaľkový ovládač ALIEN OVP RC2851;atos
TV, audio, video a foto technika > Diaľkové ovládače > Televízne ovládače;DOOVP5251N;Diaľkový ovládač ALIEN OVP RC5251;atos
TV, audio, video a foto technika > Diaľkové ovládače > Televízne ovládače;DOOVP5840N;Diaľkový ovládač ALIEN OVP RC5840;atos
TV, audio, video a foto technika > Diaľkové ovládače > Televízne ovládače;DOOVP5841N;Diaľkový ovládač ALIEN OVP RC5841;atos
TV, audio, video a foto technika > Diaľkové ovládače > Televízne ovládače;DOOVP5851N;Diaľkový ovládač ALIEN OVP RC5851;atos
TV, audio, video a foto technika > Diaľkové ovládače > Televízne ovládače;DOP242254990477R;Diaľkový ovládač ATOS Philips RM-L1128 univerzálny;atos
TV, audio, video a foto technika > Diaľkové ovládače > Televízne ovládače;DOPAN001N;Diaľkový ovládač ALIEN Panasonic N2QAGB000001;atos
TV, audio, video a foto technika > Diaľkové ovládače > Televízne ovládače;DOPAN002N;Diaľkový ovládač ALIEN Panasonic N2QAYZ000002;atos
TV, audio, video a foto technika > Diaľkové ovládače > Televízne ovládače;DOPAN006N;Diaľkový ovládač ALIEN Panasonic N2QAGB000006;atos
TV, audio, video a foto technika > Diaľkové ovládače > Televízne ovládače;DOPAN010N;Diaľkový ovládač ALIEN Panasonic EUR7628010;atos
TV, audio, video a foto technika > Diaľkové ovládače > Televízne ovládače;DOPAN020N;Diaľkový ovládač ALIEN Panasonic EUR7636020;atos
TV, audio, video a foto technika > Diaľkové ovládače > Televízne ovládače;DOPAN030N;Diaľkový ovládač ALIEN Panasonic EUR7651030;atos
TV, audio, video a foto technika > Diaľkové ovládače > Televízne ovládače;DOPAN040N;Diaľkový ovládač ALIEN Panasonic EUR7635040;atos
TV, audio, video a foto technika > Diaľkové ovládače > Televízne ovládače;DOPAN050N;Diaľkový ovládač ALIEN Panasonic EUR7651050;atos
TV, audio, video a foto technika > Diaľkové ovládače > Televízne ovládače;DOPAN059N;Diaľkový ovládač ALIEN Panasonic N2QAKB000059;atos
TV, audio, video a foto technika > Diaľkové ovládače > Televízne ovládače;DOPAN060N;Diaľkový ovládač ALIEN Panasonic N2QAKB000060;atos
TV, audio, video a foto technika > Diaľkové ovládače > Televízne ovládače;DOPAN080N;Diaľkový ovládač ALIEN Panasonic EUR7636080;atos
TV, audio, video a foto technika > Diaľkové ovládače > Televízne ovládače;DOPAN090N;Diaľkový ovládač ALIEN Panasonic EUR7651090;atos
TV, audio, video a foto technika > Diaľkové ovládače > Televízne ovládače;DOPAN1009N;Diaľkový ovládač ALIEN Panasonic N2QAYB001009;atos
TV, audio, video a foto technika > Diaľkové ovládače > Televízne ovládače;DOPAN1010N;Diaľkový ovládač ALIEN Panasonic EUR7651010;atos
TV, audio, video a foto technika > Diaľkové ovládače > Televízne ovládače;DOPAN1050AN;Diaľkový ovládač ALIEN Panasonic EUR7651050A;atos
TV, audio, video a foto technika > Diaľkové ovládače > Televízne ovládače;DOPAN1060N;Diaľkový ovládač ALIEN Panasonic EUR7651060;atos
TV, audio, video a foto technika > Diaľkové ovládače > Televízne ovládače;DOPAN120N;Diaľkový ovládač ALIEN Panasonic EUR7651120;atos
TV, audio, video a foto technika > Diaľkové ovládače > Televízne ovládače;DOPAN1272N;Diaľkový ovládač ALIEN Panasonic EUR511272;atos
TV, audio, video a foto technika > Diaľkové ovládače > Televízne ovládače;DOPAN182N;Diaľkový ovládač ALIEN Panasonic N2QAYB000182;atos
TV, audio, video a foto technika > Diaľkové ovládače > Televízne ovládače;DOPAN200N;Diaľkový ovládač ALIEN Panasonic EUR511200;atos
TV, audio, video a foto technika > Diaľkové ovládače > Televízne ovládače;DOPAN2070N;Diaľkový ovládač ALIEN Panasonic EUR7702070;atos
TV, audio, video a foto technika > Diaľkové ovládače > Televízne ovládače;DOPAN222N;Diaľkový ovládač ALIEN Panasonic N2QAYB000222;atos
TV, audio, video a foto technika > Diaľkové ovládače > Televízne ovládače;DOPAN241N;Diaľkový ovládač ALIEN Panasonic N2QAYB000241;atos
TV, audio, video a foto technika > Diaľkové ovládače > Televízne ovládače;DOPAN266N;Diaľkový ovládač ALIEN Panasonic EUR511266;atos
TV, audio, video a foto technika > Diaľkové ovládače > Televízne ovládače;DOPAN30083972N;Diaľkový ovládač ALIEN Panasonic 30083972;atos
TV, audio, video a foto technika > Diaľkové ovládače > Televízne ovládače;DOPAN300N;Diaľkový ovládač ALIEN Panasonic EUR511300;atos
TV, audio, video a foto technika > Diaľkové ovládače > Televízne ovládače;DOPAN328N;Diaľkový ovládač ALIEN Panasonic N2QAYB000328;atos
TV, audio, video a foto technika > Diaľkové ovládače > Televízne ovládače;DOPAN32A300EN;Diaľkový ovládač ALIEN Panasonic TX-32A300E;atos
TV, audio, video a foto technika > Diaľkové ovládače > Televízne ovládače;DOPAN353N;Diaľkový ovládač ALIEN Panasonic N2QAYB000353;atos
TV, audio, video a foto technika > Diaľkové ovládače > Televízne ovládače;DOPAN354N;Diaľkový ovládač ALIEN Panasonic N2QAYB000354;atos
TV, audio, video a foto technika > Diaľkové ovládače > Televízne ovládače;DOPAN420N;Diaľkový ovládač ALIEN Panasonic N2QAYB000420;atos
TV, audio, video a foto technika > Diaľkové ovládače > Televízne ovládače;DOPAN428N;Diaľkový ovládač ALIEN Panasonic N2QAYB000428;atos
TV, audio, video a foto technika > Diaľkové ovládače > Televízne ovládače;DOPAN487N;Diaľkový ovládač ALIEN Panasonic N2QAYB000487;atos
TV, audio, video a foto technika > Diaľkové ovládače > Televízne ovládače;DOPAN489N;Diaľkový ovládač ALIEN Panasonic N2QAYB000489;atos
TV, audio, video a foto technika > Diaľkové ovládače > Televízne ovládače;DOPAN490N;Diaľkový ovládač ALIEN Panasonic N2QAYB000490;atos
TV, audio, video a foto technika > Diaľkové ovládače > Televízne ovládače;DOPAN501310N;Diaľkový ovládač ALIEN Panasonic EUR501310;atos
TV, audio, video a foto technika > Diaľkové ovládače > Televízne ovládače;DOPAN504N;Diaľkový ovládač ALIEN Panasonic N2QAYB000504;atos
TV, audio, video a foto technika > Diaľkové ovládače > Televízne ovládače;DOPAN50N;Diaľkový ovládač ALIEN Panasonic EUR7737Z50;atos
TV, audio, video a foto technika > Diaľkové ovládače > Televízne ovládače;DOPAN529N;Diaľkový ovládač ALIEN Panasonic EUR646529;atos
TV, audio, video a foto technika > Diaľkové ovládače > Televízne ovládače;DOPAN572N;Diaľkový ovládač ALIEN Panasonic N2QAYB000572;atos
TV, audio, video a foto technika > Diaľkové ovládače > Televízne ovládače;DOPAN673N;Diaľkový ovládač ALIEN Panasonic N2QAYB000673;atos
TV, audio, video a foto technika > Diaľkové ovládače > Televízne ovládače;DOPAN715N;Diaľkový ovládač ALIEN Panasonic N2QAYB000715;atos
TV, audio, video a foto technika > Diaľkové ovládače > Televízne ovládače;DOPAN717N;Diaľkový ovládač ALIEN Panasonic N2QAYB000717;atos
TV, audio, video a foto technika > Diaľkové ovládače > Televízne ovládače;DOPAN752N;Diaľkový ovládač ALIEN Panasonic N2QAYB000752;atos
TV, audio, video a foto technika > Diaľkové ovládače > Televízne ovládače;DOPAN753N;Diaľkový ovládač ALIEN Panasonic N2QAYB000753;atos
TV, audio, video a foto technika > Diaľkové ovládače > Televízne ovládače;DOPAN785N;Diaľkový ovládač ALIEN Panasonic N2QAYB000785;atos
TV, audio, video a foto technika > Diaľkové ovládače > Televízne ovládače;DOPAN815N;Diaľkový ovládač ALIEN Panasonic N2QAYB000815;atos
TV, audio, video a foto technika > Diaľkové ovládače > Televízne ovládače;DOPAN816N;Diaľkový ovládač ALIEN Panasonic N2QAYB000816;atos
TV, audio, video a foto technika > Diaľkové ovládače > Televízne ovládače;DOPAN829N;Diaľkový ovládač ALIEN Panasonic N2QAYB000829;atos
TV, audio, video a foto technika > Diaľkové ovládače > Televízne ovládače;DOPAN830N;Diaľkový ovládač ALIEN Panasonic N2QAYB000830;atos
TV, audio, video a foto technika > Diaľkové ovládače > Televízne ovládače;DOPAN842N;Diaľkový ovládač ALIEN Panasonic N2QAYB000842;atos
TV, audio, video a foto technika > Diaľkové ovládače > Televízne ovládače;DOPAN9010N;Diaľkový ovládač ALIEN Panasonic EUR7619010;atos
TV, audio, video a foto technika > Diaľkové ovládače > Televízne ovládače;DOPAN941N;Diaľkový ovládač ALIEN Panasonic EUR51941;atos
TV, audio, video a foto technika > Diaľkové ovládače > Televízne ovládače;DOPANTC150N;Diaľkový ovládač ALIEN Panasonic TC150;atos
TV, audio, video a foto technika > Diaľkové ovládače > Televízne ovládače;DOPANZ60N;Diaľkový ovládač ALIEN Panasonic EUR7737Z60;atos
TV, audio, video a foto technika > Diaľkové ovládače > Televízne ovládače;DOPH161622TK;Diaľkový ovládač ALIEN Philips 161622TK;atos
TV, audio, video a foto technika > Diaľkové ovládače > Televízne ovládače;DOPHN112N;Diaľkový ovládač ALIEN Philips 996590003112;atos
TV, audio, video a foto technika > Diaľkové ovládače > Televízne ovládače;DOPHN164N;Diaľkový ovládač ALIEN Philips 996590020164 (YKF348-001);atos
TV, audio, video a foto technika > Diaľkové ovládače > Televízne ovládače;DOPHN301N;Diaľkový ovládač ALIEN Philips 242254990301 (YKF293-001);atos
TV, audio, video a foto technika > Diaľkové ovládače > Televízne ovládače;DOPHN354N;Diaľkový ovládač ALIEN Philips 996590009952 (YKF354-001);atos
TV, audio, video a foto technika > Diaľkové ovládače > Televízne ovládače;DOPHN359N;Diaľkový ovládač ALIEN Philips 996590009359 (YKF346-001);atos
TV, audio, video a foto technika > Diaľkové ovládače > Televízne ovládače;DOPRC2034301;Diaľkový ovládač ALIEN Philips RC2034301;atos
TV, audio, video a foto technika > Diaľkové ovládače > Televízne ovládače;DORC1055N;Diaľkový ovládač ALIEN FINLUX RC1055;atos
TV, audio, video a foto technika > Diaľkové ovládače > Televízne ovládače;DORC242254902314N;Diaľkový ovládač ALIEN Philips RC242254902314;atos
TV, audio, video a foto technika > Diaľkové ovládače > Televízne ovládače;DORC2550/01;Diaľkový ovládač ALIEN Philips RC2550/01;atos
TV, audio, video a foto technika > Diaľkové ovládače > Televízne ovládače;DORC3000E01;Diaľkový ovládač ALIEN TCL RC3000E01;atos
TV, audio, video a foto technika > Diaľkové ovládače > Televízne ovládače;DORC3000E02;Diaľkový ovládač ALIEN TCL RC3000E02;atos
TV, audio, video a foto technika > Diaľkové ovládače > Televízne ovládače;DORC3000E03;Diaľkový ovládač ALIEN TCL RC3000E03;atos
TV, audio, video a foto technika > Diaľkové ovládače > Televízne ovládače;DORC4800N;Diaľkový ovládač ALIEN FINLUX RC4800;atos
TV, audio, video a foto technika > Diaľkové ovládače > Televízne ovládače;DORC4845N;Diaľkový ovládač ALIEN FINLUX RC4845;atos
TV, audio, video a foto technika > Diaľkové ovládače > Televízne ovládače;DORC4875;Diaľkový ovládač RC4875 Orava, Finlux, Gogen, Hyundai, Telefunken, Haier;atos
TV, audio, video a foto technika > Diaľkové ovládače > Televízne ovládače;DORC4875FN;Diaľkový ovládač ALIEN FINLUX RC4875;atos
TV, audio, video a foto technika > Diaľkové ovládače > Televízne ovládače;DORC4875N;Diaľkový ovládač ALIEN Telefunken RC4875;atos
TV, audio, video a foto technika > Diaľkové ovládače > Televízne ovládače;DORC4995N;Diaľkový ovládač ALIEN FINLUX RC4995;atos
TV, audio, video a foto technika > Diaľkové ovládače > Televízne ovládače;DORC5110N;Diaľkový ovládač ALIEN FINLUX RC5110;atos
TV, audio, video a foto technika > Diaľkové ovládače > Televízne ovládače;DORC5112N;Diaľkový ovládač ALIEN FINLUX RC5112;atos
TV, audio, video a foto technika > Diaľkové ovládače > Televízne ovládače;DORC802N2;Diaľkový ovládač ALIEN TCL RC802N2;atos
TV, audio, video a foto technika > Diaľkové ovládače > Televízne ovládače;DORCT615TDM1N;Diaľkový ovládač ALIEN Thomson RCT615TDM1;atos
TV, audio, video a foto technika > Diaľkové ovládače > Televízne ovládače;DORL67H8N;Diaľkový ovládač ALIEN Changhong RL67H-8;atos
TV, audio, video a foto technika > Diaľkové ovládače > Televízne ovládače;DORMED019N;Diaľkový ovládač ALIEN Sony RM-ED019;atos
TV, audio, video a foto technika > Diaľkové ovládače > Televízne ovládače;DOSAM00104AN;Diaľkový ovládač ALIEN Samsung AA59-00104A;atos
TV, audio, video a foto technika > Diaľkové ovládače > Televízne ovládače;DOSAM00104JN;Diaľkový ovládač ALIEN Samsung AA59-00104J;atos
TV, audio, video a foto technika > Diaľkové ovládače > Televízne ovládače;DOSAM00104N;Diaľkový ovládač ALIEN Samsung AA59-00104K;atos
TV, audio, video a foto technika > Diaľkové ovládače > Televízne ovládače;DOSAM00116N;Diaľkový ovládač ALIEN Samsung AA59-00116B;atos
TV, audio, video a foto technika > Diaľkové ovládače > Televízne ovládače;DOSAM00266N;Diaľkový ovládač ALIEN Samsung AA59-00266A;atos
TV, audio, video a foto technika > Diaľkové ovládače > Televízne ovládače;DOSAM00312BN;Diaľkový ovládač ALIEN Samsung AA59-00312B;atos
TV, audio, video a foto technika > Diaľkové ovládače > Televízne ovládače;DOSAM00312JN;Diaľkový ovládač ALIEN Samsung AA59-00312J;atos
TV, audio, video a foto technika > Diaľkové ovládače > Televízne ovládače;DOSAM00312N;Diaľkový ovládač ALIEN Samsung AA59-00312A;atos
TV, audio, video a foto technika > Diaľkové ovládače > Televízne ovládače;DOSAM00326N;Diaľkový ovládač ALIEN Samsung AA59-00326A;atos
TV, audio, video a foto technika > Diaľkové ovládače > Televízne ovládače;DOSAM00332N;Diaľkový ovládač ALIEN Samsung AA59-00332A;atos
TV, audio, video a foto technika > Diaľkové ovládače > Televízne ovládače;DOSAM00357N;Diaľkový ovládač ALIEN Samsung AA59-00357A;atos
TV, audio, video a foto technika > Diaľkové ovládače > Televízne ovládače;DOSAM00370B;Diaľkový ovládač ALIEN Samsung AA59-00370B;atos
TV, audio, video a foto technika > Diaľkové ovládače > Televízne ovládače;DOSAM00379A;Diaľkový ovládač ALIEN Samsung AA59-00379A;atos
TV, audio, video a foto technika > Diaľkové ovládače > Televízne ovládače;DOSAM00399AN;Diaľkový ovládač ALIEN Samsung AA59-00399A;atos
TV, audio, video a foto technika > Diaľkové ovládače > Televízne ovládače;DOSAM00399D;Diaľkový ovládač ALIEN Samsung AA59-00399D;atos
TV, audio, video a foto technika > Diaľkové ovládače > Televízne ovládače;DOSAM00445N;Diaľkový ovládač ALIEN Samsung AA59-00445A;atos
TV, audio, video a foto technika > Diaľkové ovládače > Televízne ovládače;DOSAM00465N;Diaľkový ovládač ALIEN Samsung AA59-00465A;atos
TV, audio, video a foto technika > Diaľkové ovládače > Televízne ovládače;DOSAM00466N;Diaľkový ovládač ALIEN Samsung AA59-00466A;atos
TV, audio, video a foto technika > Diaľkové ovládače > Televízne ovládače;DOSAM00483N;Diaľkový ovládač ALIEN Samsung AA59-00483A;atos
TV, audio, video a foto technika > Diaľkové ovládače > Televízne ovládače;DOSAM00484N;Diaľkový ovládač ALIEN Samsung AA59-00484A;atos
TV, audio, video a foto technika > Diaľkové ovládače > Televízne ovládače;DOSAM00496N;Diaľkový ovládač ALIEN Samsung AA59-00496A;atos
TV, audio, video a foto technika > Diaľkové ovládače > Televízne ovládače;DOSAM00507N;Diaľkový ovládač ALIEN Samsung AA59-00507A;atos
TV, audio, video a foto technika > Diaľkové ovládače > Televízne ovládače;DOSAM00508AN;Diaľkový ovládač ALIEN Samsung AA59-00508A;atos
TV, audio, video a foto technika > Diaľkové ovládače > Televízne ovládače;DOSAM00509AN;Diaľkový ovládač ALIEN Samsung AA59-00509A;atos
TV, audio, video a foto technika > Diaľkové ovládače > Televízne ovládače;DOSAM00510N;Diaľkový ovládač ALIEN Samsung AA59-00510A;atos
TV, audio, video a foto technika > Diaľkové ovládače > Televízne ovládače;DOSAM00531AN;Diaľkový ovládač ALIEN Samsung BN59-00531A;atos
TV, audio, video a foto technika > Diaľkové ovládače > Televízne ovládače;DOSAM00543N;Diaľkový ovládač ALIEN Samsung AA59-00543A;atos
TV, audio, video a foto technika > Diaľkové ovládače > Televízne ovládače;DOSAM00559AN;Diaľkový ovládač ALIEN Samsung BN5900559A;atos
TV, audio, video a foto technika > Diaľkové ovládače > Televízne ovládače;DOSAM00581N;Diaľkový ovládač ALIEN Samsung AA59-00581A;atos
TV, audio, video a foto technika > Diaľkové ovládače > Televízne ovládače;DOSAM00602N;Diaľkový ovládač ALIEN Samsung AA59-00602A;atos
TV, audio, video a foto technika > Diaľkové ovládače > Televízne ovládače;DOSAM00603R;Diaľkový ovládač ATOS Samsung AA59-00603A;atos
TV, audio, video a foto technika > Diaľkové ovládače > Televízne ovládače;DOSAM00622;Diaľkový ovládač ATOS Samsung AA59-00622A;atos
TV, audio, video a foto technika > Diaľkové ovládače > Televízne ovládače;DOSAM00622N;Diaľkový ovládač ALIEN Samsung AA59-00622A;atos
TV, audio, video a foto technika > Diaľkové ovládače > Televízne ovládače;DOSAM00629AN;Diaľkový ovládač ALIEN Samsung AA59-00629A;atos
TV, audio, video a foto technika > Diaľkové ovládače > Televízne ovládače;DOSAM00690AN;Diaľkový ovládač ALIEN Samsung BN59-00690A;atos
TV, audio, video a foto technika > Diaľkové ovládače > Televízne ovládače;DOSAM00741AN;Diaľkový ovládač ALIEN Samsung AA59-00741A;atos
TV, audio, video a foto technika > Diaľkové ovládače > Televízne ovládače;DOSAM010076N;Diaľkový ovládač ALIEN Samsung AA59-10076P;atos
TV, audio, video a foto technika > Diaľkové ovládače > Televízne ovládače;DOSAM010079N;Diaľkový ovládač ALIEN Samsung AA59-10079M/S;atos
TV, audio, video a foto technika > Diaľkové ovládače > Televízne ovládače;DOSAM010105N;Diaľkový ovládač ALIEN Samsung AA59-10105F;atos
TV, audio, video a foto technika > Diaľkové ovládače > Televízne ovládače;DOSAM01175N;Diaľkový ovládač ALIEN Samsung BN59-01175N;atos
TV, audio, video a foto technika > Diaľkové ovládače > Televízne ovládače;DOSAM01178R;Diaľkový ovládač ATOS Samsung BN59-01178B;atos
TV, audio, video a foto technika > Diaľkové ovládače > Televízne ovládače;DOSAM01247AN;Diaľkový ovládač ALIEN Samsung BN59-01247A;atos
TV, audio, video a foto technika > Diaľkové ovládače > Televízne ovládače;DOSAM01303A;Diaľkový ovládač ALIEN Samsung BN59-01303A;atos
TV, audio, video a foto technika > Diaľkové ovládače > Televízne ovládače;DOSAM594R;Diaľkový ovládač ATOS SAMSUNG AA59-00594A;atos
TV, audio, video a foto technika > Diaľkové ovládače > Televízne ovládače;DOSAM996A;Diaľkový ovládač ATOS Samsung BN59-00996A;atos
TV, audio, video a foto technika > Diaľkové ovládače > Televízne ovládače;DOSENPSV7012;Diaľkový ovládač ALIEN SENCOR SPV 7012T;atos
TV, audio, video a foto technika > Diaľkové ovládače > Televízne ovládače;DOSENRCD302N;Diaľkový ovládač ALIEN SENCOR RC-D3-02;atos
TV, audio, video a foto technika > Diaľkové ovládače > Televízne ovládače;DOSENSLE1900TN;Diaľkový ovládač ALIEN SENCOR SLE1900T;atos
TV, audio, video a foto technika > Diaľkové ovládače > Televízne ovládače;DOSENSLE2200TN;Diaľkový ovládač ALIEN SENCOR SLE2200T;atos
TV, audio, video a foto technika > Diaľkové ovládače > Televízne ovládače;DOSENSLE22F04TN;Diaľkový ovládač ALIEN SENCOR SLE22F04T;atos
TV, audio, video a foto technika > Diaľkové ovládače > Televízne ovládače;DOSENSLE2401TN;Diaľkový ovládač ALIEN SENCOR SLE2401T;atos
TV, audio, video a foto technika > Diaľkové ovládače > Televízne ovládače;DOSENSLE2443D;Diaľkový ovládač ALIEN SENCOR SLE2443D;atos
TV, audio, video a foto technika > Diaľkové ovládače > Televízne ovládače;DOSENSLE24F06TN;Diaľkový ovládač ALIEN SENCOR SLE24F06T;atos
TV, audio, video a foto technika > Diaľkové ovládače > Televízne ovládače;DOSENSLE24F55M4N;Diaľkový ovládač ALIEN SENCOR SLE24F55M4;atos
TV, audio, video a foto technika > Diaľkové ovládače > Televízne ovládače;DOSENSLE2810M4N;Diaľkový ovládač ALIEN SENCOR SLE2810M4;atos
TV, audio, video a foto technika > Diaľkové ovládače > Televízne ovládače;DOSENSLE3210M4N;Diaľkový ovládač ALIEN SENCOR SLE3210M4;atos
TV, audio, video a foto technika > Diaľkové ovládače > Televízne ovládače;DOSENSLE3215M4N;Diaľkový ovládač ALIEN SENCOR SLE3215M4;atos
TV, audio, video a foto technika > Diaľkové ovládače > Televízne ovládače;DOSENSLE3220TCN;Diaľkový ovládač ALIEN SENCOR SLE3220TC;atos
TV, audio, video a foto technika > Diaľkové ovládače > Televízne ovládače;DOSENSLE32S600TCS;Diaľkový ovládač ALIEN SENCOR SLE32S600TCS;atos
TV, audio, video a foto technika > Diaľkové ovládače > Televízne ovládače;DOSENSLE39F09M4N;Diaľkový ovládač ALIEN SENCOR SLE39F09M4;atos
TV, audio, video a foto technika > Diaľkové ovládače > Televízne ovládače;DOSENSLE39F14TCS;Diaľkový ovládač ALIEN SENCOR SLE39F14TCS;atos
TV, audio, video a foto technika > Diaľkové ovládače > Televízne ovládače;DOSENSLE43F11M4N;Diaľkový ovládač ALIEN SENCOR SLE43F11M4;atos
TV, audio, video a foto technika > Diaľkové ovládače > Televízne ovládače;DOSENSLE49F57TCSN;Diaľkový ovládač ALIEN SENCOR SLE49F57TCS;atos
TV, audio, video a foto technika > Diaľkové ovládače > Televízne ovládače;DOSENSLE49US500TCS;Diaľkový ovládač ALIEN SENCOR SLE49US500TCS;atos
TV, audio, video a foto technika > Diaľkové ovládače > Televízne ovládače;DOSENSLE55F60TCN;Diaľkový ovládač ALIEN SENCOR SLE55F60TC;atos
TV, audio, video a foto technika > Diaľkové ovládače > Televízne ovládače;DOSENSLE55U01TCS;Diaľkový ovládač ALIEN SENCOR SLE55U01TCS;atos
TV, audio, video a foto technika > Diaľkové ovládače > Televízne ovládače;DOSENSLT1611N;Diaľkový ovládač ALIEN SENCOR SLT1611DVBT;atos
TV, audio, video a foto technika > Diaľkové ovládače > Televízne ovládače;DOSENSLT1911N;Diaľkový ovládač ALIEN SENCOR SLT1911DVBT;atos
TV, audio, video a foto technika > Diaľkové ovládače > Televízne ovládače;DOSENSLT2211TN;Diaľkový ovládač ALIEN SENCOR SLT2211T;atos
TV, audio, video a foto technika > Diaľkové ovládače > Televízne ovládače;DOSENSLT24F26M4N;Diaľkový ovládač ALIEN SENCOR SLT24F26M4;atos
TV, audio, video a foto technika > Diaľkové ovládače > Televízne ovládače;DOSENSLT2612;Diaľkový ovládač ALIEN SENCOR SLT2612DVBT;atos
TV, audio, video a foto technika > Diaľkové ovládače > Televízne ovládače;DOSENSLT3202;Diaľkový ovládač ALIEN SENCOR SLT3202;atos
TV, audio, video a foto technika > Diaľkové ovládače > Televízne ovládače;DOSENSLT3206;Diaľkový ovládač ALIEN SENCOR SLT3206;atos
TV, audio, video a foto technika > Diaľkové ovládače > Televízne ovládače;DOSENSLT3212;Diaľkový ovládač ALIEN SENCOR SLT3212DVBT;atos
TV, audio, video a foto technika > Diaľkové ovládače > Televízne ovládače;DOSENSLT3214;Diaľkový ovládač ALIEN SENCOR SLT3214DVBT;atos
TV, audio, video a foto technika > Diaľkové ovládače > Televízne ovládače;DOSENSLT3229;Diaľkový ovládač ALIEN SENCOR SLT3229DVBT;atos
TV, audio, video a foto technika > Diaľkové ovládače > Televízne ovládače;DOSENSLT3709;Diaľkový ovládač ALIEN SENCOR SLT3709DVBT;atos
TV, audio, video a foto technika > Diaľkové ovládače > Televízne ovládače;DOSENSLT4009;Diaľkový ovládač ALIEN SENCOR SLT4009DVBT;atos
TV, audio, video a foto technika > Diaľkové ovládače > Televízne ovládače;DOSH042N;Diaľkový ovládač ALIEN Sharp GB042WJSA;atos
TV, audio, video a foto technika > Diaľkové ovládače > Televízne ovládače;DOSH067N;Diaľkový ovládač ALIEN Sharp GA067WJSA;atos
TV, audio, video a foto technika > Diaľkové ovládače > Televízne ovládače;DOSH074N;Diaľkový ovládač ALIEN Sharp GB074WJSA;atos
TV, audio, video a foto technika > Diaľkové ovládače > Televízne ovládače;DOSH1910N;Diaľkový ovládač ALIEN Sharp RC1910;atos
TV, audio, video a foto technika > Diaľkové ovládače > Televízne ovládače;DOSH220N;Diaľkový ovládač ALIEN Sharp GJ220;atos
TV, audio, video a foto technika > Diaľkové ovládače > Televízne ovládače;DOSH4846N;Diaľkový ovládač ALIEN Sharp RC4846;atos
TV, audio, video a foto technika > Diaľkové ovládače > Televízne ovládače;DOSH4848N;Diaľkový ovládač ALIEN Sharp RC4848;atos
TV, audio, video a foto technika > Diaľkové ovládače > Televízne ovládače;DOSH520N;Diaľkový ovládač ALIEN Sharp GA520WJSA;atos
TV, audio, video a foto technika > Diaľkové ovládače > Televízne ovládače;DOSH57N;Diaľkový ovládač ALIEN Sharp RL57S GJ210;atos
TV, audio, video a foto technika > Diaľkové ovládače > Televízne ovládače;DOSH825N;Diaľkový ovládač ALIEN Sharp GA825WJSA;atos
TV, audio, video a foto technika > Diaľkové ovládače > Televízne ovládače;DOSH902N;Diaľkový ovládač ALIEN Sharp GA902WJSA;atos
TV, audio, video a foto technika > Diaľkové ovládače > Televízne ovládače;DOSH959N;Diaľkový ovládač ALIEN Sharp GA959WJSA;atos
TV, audio, video a foto technika > Diaľkové ovládače > Televízne ovládače;DOSH983N;Diaľkový ovládač ALIEN Sharp GA983WJSA;atos
TV, audio, video a foto technika > Diaľkové ovládače > Televízne ovládače;DOTECH1900N;Diaľkový ovládač ALIEN Technika RC1900;atos
TV, audio, video a foto technika > Diaľkové ovládače > Televízne ovládače;DOTECH1912N;Diaľkový ovládač ALIEN Technika RC1912;atos
TV, audio, video a foto technika > Diaľkové ovládače > Televízne ovládače;DOTECH3902N;Diaľkový ovládač ALIEN Technika RC3902;atos
TV, audio, video a foto technika > Diaľkové ovládače > Televízne ovládače;DOTECH4862N;Diaľkový ovládač ALIEN Technika RC4862;atos
TV, audio, video a foto technika > Diaľkové ovládače > Televízne ovládače;DOTECHNIKA1055N;Diaľkový ovládač ALIEN Technika RC1055;atos
TV, audio, video a foto technika > Diaľkové ovládače > Televízne ovládače;DOTELEF1910N;Diaľkový ovládač ALIEN Telefunken RC1910;atos
TV, audio, video a foto technika > Diaľkové ovládače > Televízne ovládače;DOTELEF1912N;Diaľkový ovládač ALIEN Telefunken RC1912;atos
TV, audio, video a foto technika > Diaľkové ovládače > Televízne ovládače;DOTELEF3902N;Diaľkový ovládač ALIEN Telefunken RC3902;atos
TV, audio, video a foto technika > Diaľkové ovládače > Televízne ovládače;DOTELEF4846N;Diaľkový ovládač ALIEN Telefunken RC4846;atos
TV, audio, video a foto technika > Diaľkové ovládače > Televízne ovládače;DOTELEF4870N;Diaľkový ovládač ALIEN Telefunken RC4870;atos
TV, audio, video a foto technika > Diaľkové ovládače > Televízne ovládače;DOTOSHIBA1910N;Diaľkový ovládač ALIEN Toshiba RC1910;atos
TV, audio, video a foto technika > Diaľkové ovládače > Televízne ovládače;DOTOSHIBA307N;Diaľkový ovládač ALIEN Toshiba CT90307;atos
TV, audio, video a foto technika > Diaľkové ovládače > Televízne ovládače;DOTOSHIBA326N;Diaľkový ovládač ALIEN Toshiba CT90326;atos
TV, audio, video a foto technika > Diaľkové ovládače > Televízne ovládače;DOTOSHIBA382N;Diaľkový ovládač ALIEN Toshiba CT90382;atos
TV, audio, video a foto technika > Diaľkové ovládače > Televízne ovládače;DOTOSHIBA406N;Diaľkový ovládač ALIEN Toshiba CT90406;atos
TV, audio, video a foto technika > Diaľkové ovládače > Televízne ovládače;DOTOSHIBA420N;Diaľkový ovládač ALIEN Toshiba CT90420;atos
TV, audio, video a foto technika > Diaľkové ovládače > Televízne ovládače;DOTOSHIBA8023N;Diaľkový ovládač ALIEN Toshiba CT8023;atos
TV, audio, video a foto technika > Diaľkové ovládače > Televízne ovládače;DOTOSHIBA815N;Diaľkový ovládač ALIEN Toshiba CT815;atos
TV, audio, video a foto technika > Diaľkové ovládače > Televízne ovládače;DOTOSHIBA841N;Diaľkový ovládač ALIEN Toshiba CT841;atos
TV, audio, video a foto technika > Diaľkové ovládače > Televízne ovládače;DOVESTEL1910N;Diaľkový ovládač ALIEN Vestel RC1910;atos
TV, audio, video a foto technika > Diaľkové ovládače > Televízne ovládače;DOYKF293-005;Diaľkový ovládač ALIEN Philips 242254990416 (YKF293-005);atos
TV, audio, video a foto technika > Diaľkové ovládače > Televízne ovládače;LEC-PIL1032;Diaľkový ovládač RM-L930 LG 3D univerzálny;atos
TV, audio, video a foto technika > Diaľkové ovládače > Televízne ovládače;LP-LG-1LC;Diaľkový ovládač Atos LG-1LC LG;atos
TV, audio, video a foto technika > Diaľkové ovládače > Televízne ovládače;LP-PH-1LC;Diaľkový ovládač Atos PH-1LC Philips;atos
TV, audio, video a foto technika > Diaľkové ovládače > Televízne ovládače;LP-PIL1035;Diaľkový ovládač TOSHIBA PIL1035 univerzálny;atos
TV, audio, video a foto technika > Diaľkové ovládače > Televízne ovládače;LP-PIL1044;Diaľkový ovládač Atos SH-1LC SHARP;atos
TV, audio, video a foto technika > Diaľkové ovládače > Televízne ovládače;LP-SM-1LC;Diaľkový ovládač Atos SM-1LC Samsung;atos
TV, audio, video a foto technika > Diaľkové ovládače > Televízne ovládače;LP-SN-1LC;Diaľkový ovládač Atos SN-1LC SONY;atos
TV, audio, video a foto technika > Diaľkové ovládače > Televízne ovládače;ORA-VDORC45135P;Diaľkový ovládač RC45135P Orava, Finlux, Gogen, Hyundai, Telefunken, Haier;atos
TV, audio, video a foto technika > Diaľkové ovládače > Televízne ovládače;ORA-VDORC4590;Diaľkový ovládač RC4590 Orava, Finlux, Gogen, Hyundai, Telefunken, Haier;atos
TV, audio, video a foto technika > Diaľkové ovládače > Televízne ovládače;TIP-08870817;Diaľkový ovládač KRUGER & MATZ KM0232T / KM0222FHD;atos
TV, audio, video a foto technika > Diaľkové ovládače > Televízne ovládače;TIP-08870834;Diaľkový ovládač KRUGER & MATZ KM0243FHD-S / KM0240FHD-S3;atos
TV, audio, video a foto technika > Diaľkové ovládače > Televízne ovládače;TIP-09910833;Diaľkový ovládač GoSAT Smart TV;atos
TV, audio, video a foto technika > Diaľkové ovládače > Univerzálne ovládače;100000120111;Superior RC UNI TV SAM/LG;kb
TV, audio, video a foto technika > Diaľkové ovládače > Univerzálne ovládače;100000855726;Superior RC UNI TV SONY;kb
TV, audio, video a foto technika > Diaľkové ovládače > Univerzálne ovládače;100001356182;Superior RC UNI TV Telefunken/Vestel;kb
TV, audio, video a foto technika > Diaľkové ovládače > Univerzálne ovládače;100001422406;Superior RC UNI TV READY 5 SMART;kb
TV, audio, video a foto technika > Diaľkové ovládače > Univerzálne ovládače;100001434552;Superior RC UNI TV Panasonic;kb
TV, audio, video a foto technika > Diaľkové ovládače > Univerzálne ovládače;100001434586;Superior RC UNI TV Philips;kb
TV, audio, video a foto technika > Diaľkové ovládače > Univerzálne ovládače;440320027736;Superior FREEDOM 2v1 USB;kb
TV, audio, video a foto technika > Diaľkové ovládače > Univerzálne ovládače;700000099431;Superior FREEDOM 4v1 USB;kb
TV, audio, video a foto technika > Diaľkové ovládače > Video ovládače;DO313924870111;Diaľkový ovládač ALIEN Philips 313924870111;atos
TV, audio, video a foto technika > Diaľkové ovládače > Video ovládače;DOAH5900139A;Diaľkový ovládač ALIEN Samsung AH59-00139A;atos
TV, audio, video a foto technika > Diaľkové ovládače > Video ovládače;DOAH5902356A;Diaľkový ovládač ALIEN Samsung AH59-02356A;atos
TV, audio, video a foto technika > Diaľkové ovládače > Video ovládače;DOAK5900052A;Diaľkový ovládač ALIEN Samsung AK59-00052A;atos
TV, audio, video a foto technika > Diaľkové ovládače > Video ovládače;DOAK5900074A;Diaľkový ovládač ALIEN Samsung AK59-00074A;atos
TV, audio, video a foto technika > Diaľkové ovládače > Video ovládače;DOAK5900104J;Diaľkový ovládač ALIEN Samsung AK59-00104J;atos
TV, audio, video a foto technika > Diaľkové ovládače > Video ovládače;DOEUR648200;Diaľkový ovládač ALIEN Panasonic EUR648200;atos
TV, audio, video a foto technika > Diaľkové ovládače > Video ovládače;DOR3400;Diaľkový ovládač ALIEN Philips DVDR3400;atos
TV, audio, video a foto technika > Diaľkové ovládače > Video ovládače;DORC2010;Diaľkový ovládač ALIEN Philips RC2010;atos
TV, audio, video a foto technika > Diaľkové ovládače > Video ovládače;DORC251;Diaľkový ovládač ALIEN Denon RC-251;atos
TV, audio, video a foto technika > Diaľkové ovládače > Video ovládače;DORC5340;Diaľkový ovládač ALIEN Philips RC5340;atos
TV, audio, video a foto technika > Diaľkové ovládače > Video ovládače;DORC884;Diaľkový ovládač ALIEN Denon RC-884;atos
TV, audio, video a foto technika > Diaľkové ovládače > Video ovládače;DORT25198;Diaľkový ovládač ALIEN Philips RT25198;atos
TV, audio, video a foto technika > Diaľkové ovládače > Video ovládače;DOSU129WH;Diaľkový ovládač ALIEN Technics RAK-SU129WH;atos
TV, audio, video a foto technika > Príslušenstvo k TV, audio a video technike;1MF20;Solight stredný fixný držiak pre ploché TV, 66cm - 140cm (26'' - 55'');solight
TV, audio, video a foto technika > Príslušenstvo k TV, audio a video technike;1MF40;Solight veľký fixný držiak pre ploché TV, 94cm - 190cm (37'' - 75'');solight
TV, audio, video a foto technika > Príslušenstvo k TV, audio a video technike;1MK01;Solight malý konzolový držiak pre ploché TV, 26cm - 69cm (10'' - 27'');solight
TV, audio, video a foto technika > Príslušenstvo k TV, audio a video technike;1MK20;Solight stredný konzolový držiak pre ploché TV, 43cm - 107cm (17'' - 42'');solight
TV, audio, video a foto technika > Príslušenstvo k TV, audio a video technike;1MK22;Solight stredný konzolový držiak pre ploché TV, 43cm - 140cm (17'' - 55'');solight
TV, audio, video a foto technika > Príslušenstvo k TV, audio a video technike;1MK23;Solight stredný konzolový držiak pre ploché TV, 58cm - 140cm (23'' - 55'');solight
TV, audio, video a foto technika > Príslušenstvo k TV, audio a video technike;1MK40A;"Solight veľký konzolový držiak pre ploché TV, 76cm - 177cm (30"" - 70"")";solight
TV, audio, video a foto technika > Príslušenstvo k TV, audio a video technike;1MK41;"Solight stredný dvojramenný konzolový držiak pre ploché TV, 76cm - 177cm (30"" - 70"")";solight
TV, audio, video a foto technika > Príslušenstvo k TV, audio a video technike;1MN01;Solight malý naklápací držiak pre ploché TV, 26cm - 69cm (10'' - 27'');solight
TV, audio, video a foto technika > Príslušenstvo k TV, audio a video technike;1MN20;Solight stredný naklápací držiak pre ploché TV, 66cm - 140cm (26'' - 55'');solight
TV, audio, video a foto technika > Príslušenstvo k TV, audio a video technike;1MN40;Solight veľký naklápací držiak pre ploché TV, 94cm - 190cm (37'' - 75'');solight
TV, audio, video a foto technika > Príslušenstvo k TV, audio a video technike;5O07;Solight držiak satelitnej antény na stenu, T-úchyt, 350mm;solight
TV, audio, video a foto technika > Príslušenstvo k TV, audio a video technike;CN05;Solight anténny zdroj 300mA stab. s napájacou výhybkou;solight
TV, audio, video a foto technika > Príslušenstvo k TV, audio a video technike;HN17B;Solight vonkajšia anténa, DVB-T2, 35dB;solight
TV, audio, video a foto technika > Príslušenstvo k TV, audio a video technike;HN18;Solight vonkajšia anténa, DVB-T2, 11dB;solight
TV, audio, video a foto technika > Príslušenstvo k TV, audio a video technike;HN53-LTE;Solight vonkajšia anténa, DVB-T2, 17dB;solight
TV, audio, video a foto technika > Príslušenstvo k TV, audio a video technike;HN55-LTE;Solight vonkajšia anténa, DVB-T2, 22dB;solight
TV, audio, video a foto technika > Príslušenstvo k TV, audio a video technike;HN60;Solight vonkajšia anténa, DVB-T2, 47dB;solight
TV, audio, video a foto technika > Príslušenstvo k TV, audio a video technike;HN66;Solight vonkajšia anténa, DVB-T2, 49dB;solight
TV, audio, video a foto technika > Príslušenstvo k TV, audio a video technike;HNZ01;Solight zosilňovač pre vonkajšie antény 17dB;solight
TV, audio, video a foto technika > Príslušenstvo k TV, audio a video technike;HP04;Solight izbová anténa, DVB-T2/FM, 36dB;solight
TV, audio, video a foto technika > Príslušenstvo k TV, audio a video technike;HP26;Solight digitálna izbová anténa, DVB-T2, 45dB;solight
TV, audio, video a foto technika > Príslušenstvo k TV, audio a video technike;HP28;Solight digitálna izbová anténa, DVB-T2, 49dB;solight
TV, audio, video a foto technika > Príslušenstvo k TV, audio a video technike;SSC1103E;Solight UTP CAT.5E kábel, RJ45 konektor - RJ45 konektor, sáčok, 3m;solight
TV, audio, video a foto technika > Príslušenstvo k TV, audio a video technike;SSC1105E;Solight UTP CAT.5E kábel, RJ45 konektor - RJ45 konektor, sáčok, 5m;solight
TV, audio, video a foto technika > Príslušenstvo k TV, audio a video technike;SSC1115E;Solight UTP CAT.5E kábel, RJ45 konektor - RJ45 konektor, sáčok, 1,5m;solight
TV, audio, video a foto technika > Príslušenstvo k TV, audio a video technike;SSC11X0E;Solight UTP CAT.5E kábel, RJ45 konektor - RJ45 konektor, 10m;solight
TV, audio, video a foto technika > Príslušenstvo k TV, audio a video technike;SSC11X5E;Solight UTP CAT.5E kábel, RJ45 konektor - RJ45 konektor, 15m;solight
TV, audio, video a foto technika > Príslušenstvo k TV, audio a video technike;SSC1301E;Solight USB kábel, USB 2.0 A konektor - USB B micro konektor, sáček, 1m;solight
TV, audio, video a foto technika > Príslušenstvo k TV, audio a video technike;SSC1401;Solight USB kábel, USB 2.0 A konektor - USB B micro konektor, blister, 1m;solight
TV, audio, video a foto technika > Príslušenstvo k TV, audio a video technike;SSC1402;Solight USB kábel, USB 2.0 A konektor - USB B micro konektor, blister, 2m;solight
TV, audio, video a foto technika > Príslušenstvo k TV, audio a video technike;SSC15005-S;Solight lightning kábel, USB 2.0 A konektor - Lightning konektor, silikón, 0,5m;solight
TV, audio, video a foto technika > Príslušenstvo k TV, audio a video technike;SSC1501-S;Solight lightning kábel, USB 2.0 A konektor - Lightning konektor, silikón, 1m;solight
TV, audio, video a foto technika > Príslušenstvo k TV, audio a video technike;SSC1502-S;Solight lightning kábel, USB 2.0 A konektor - Lightning konektor, silikón, 2m;solight
TV, audio, video a foto technika > Príslušenstvo k TV, audio a video technike;SSC16005-S;Solight USB-C kábel, USB 2.0 A konektor - USB-C 3.1 konektor, silikón, 0,5m;solight
TV, audio, video a foto technika > Príslušenstvo k TV, audio a video technike;SSC1601-S;Solight USB-C kábel, USB 2.0 A konektor - USB-C 3.1 konektor, silikón, 1m;solight
TV, audio, video a foto technika > Príslušenstvo k TV, audio a video technike;SSC1602-S;Solight USB-C kábel, USB 2.0 A konektor - USB-C 3.1 konektor, silikón, 2m;solight
TV, audio, video a foto technika > Príslušenstvo k TV, audio a video technike;SSC17005-S;Solight USB-C 3.1 kábel, USB-C konektor - USB-C konektor, silikón, 0,5m;solight
TV, audio, video a foto technika > Príslušenstvo k TV, audio a video technike;SSC1701-S;Solight USB-C 3.1 kábel, USB-C konektor - USB-C konektor, silikón, 1m;solight
TV, audio, video a foto technika > Príslušenstvo k TV, audio a video technike;SSC1702-S;Solight USB-C 3.1 kábel, USB-C konektor - USB-C konektor, silikón, 2m;solight
TV, audio, video a foto technika > Príslušenstvo k TV, audio a video technike;SSC1802;Solight USB-C kábel s displejom, USB-C konektor - USB-C konektor, 100W, 2m;solight
TV, audio, video a foto technika > Príslušenstvo k TV, audio a video technike;SSC19005-S;Solight USB-C/Lightning kábel, USB-C konektor - Lightning konektor, silikón, 0,5m;solight
TV, audio, video a foto technika > Príslušenstvo k TV, audio a video technike;SSC1901-S;Solight USB-C/Lightning kábel, USB-C konektor - Lightning konektor, silikón, 1m;solight
TV, audio, video a foto technika > Príslušenstvo k TV, audio a video technike;SSC1902-S;Solight USB-C/Lightning kábel, USB-C konektor - Lightning konektor, silikón, 2m;solight
TV, audio, video a foto technika > Príslušenstvo k TV, audio a video technike;SSC2001;Solight magnetický Lightning kábel, USB 2.0 A konektor - Lightning konektor, 1m;solight
TV, audio, video a foto technika > Príslušenstvo k TV, audio a video technike;SSC2101;Solight magnetický USB-C 3.1 kábel, USB-C konektor - USB-C konektor, 1m;solight
TV, audio, video a foto technika > Príslušenstvo k TV, audio a video technike;SSC2201;Solight magnetický USB-C/Lightning kábel, USB-C konektor - Lightning konektor, 1m;solight
TV, audio, video a foto technika > Príslušenstvo k TV, audio a video technike;SSC2301;Solight magnetický USB-C kábel, USB 2.0 A konektor - USB-C konektor, 1m;solight
TV, audio, video a foto technika > Príslušenstvo k TV, audio a video technike;SSC2401;Solight USB-C 240W kábel s integrovaným stojanom;solight
TV, audio, video a foto technika > Príslušenstvo k TV, audio a video technike;SSC5000E;Solight USB A - USB-C adaptér;solight
TV, audio, video a foto technika > Príslušenstvo k TV, audio a video technike;SSN1202E;Solight anténny koaxiálny kábel, kombinované konektory, 2m, sáčok;solight
TV, audio, video a foto technika > Príslušenstvo k TV, audio a video technike;SSN1203E;Solight anténny koaxiálny kábel, kombinované konektory, 3m, sáčok;solight
TV, audio, video a foto technika > Príslušenstvo k TV, audio a video technike;SSN1205E;Solight anténny koaxiálny kábel, kombinované konektory, 5m, sáčok;solight
TV, audio, video a foto technika > Príslušenstvo k TV, audio a video technike;SSN1215E;Solight anténny koaxiálny kábel, kombinované konektory, 1,5m, sáčok;solight
TV, audio, video a foto technika > Príslušenstvo k TV, audio a video technike;SSN12X0E;Solight anténny koaxiálny kábel, kombinované konektory, 10m, sáčok;solight
TV, audio, video a foto technika > Príslušenstvo k TV, audio a video technike;SSN12X5E;Solight anténny koaxiálny kábel, kombinované konektory, 15m, sáčok;solight
TV, audio, video a foto technika > Príslušenstvo k TV, audio a video technike;SSN5500E;Solight anténny COAX konektor priamy - typ Taliansko, 10ks, sáčok;solight
TV, audio, video a foto technika > Príslušenstvo k TV, audio a video technike;SSN5600E;Solight anténny COAX zdierka priama - typ Taliansko, 10ks, sáčok;solight
TV, audio, video a foto technika > Príslušenstvo k TV, audio a video technike;SSP0102E;Solight napájací kábel 2-pin, 230V, 2,5 A, 2m;solight
TV, audio, video a foto technika > Príslušenstvo k TV, audio a video technike;SSV0115E;Solight SCART kábel, SCART konektor - SCART konektor, 21pin, 1,5m, priemer 8mm, sáčok;solight
TV, audio, video a foto technika > Príslušenstvo k TV, audio a video technike;SSV1201;Solight HDMI kábel s Ethernetom, HDMI 1.4 A konektor - HDMI 1.4 A konektor, blister, 1m;solight
TV, audio, video a foto technika > Príslušenstvo k TV, audio a video technike;SSV1202;Solight HDMI kábel s Ethernetom, HDMI 1.4 A konektor - HDMI 1.4 A konektor, blister, 2m;solight
TV, audio, video a foto technika > Príslušenstvo k TV, audio a video technike;SSV1203;Solight HDMI kábel s Ethernetom, HDMI 1.4 A konektor - HDMI 1.4 A konektor, blister, 3m;solight
TV, audio, video a foto technika > Príslušenstvo k TV, audio a video technike;SSV1205;Solight HDMI kábel s Ethernetom, HDMI 1.4 A konektor - HDMI 1.4 A konektor, blister, 5m;solight
TV, audio, video a foto technika > Príslušenstvo k TV, audio a video technike;SSV1215;Solight HDMI kábel s Ethernetom, HDMI 1.4 A konektor - HDMI 1.4 A konektor, blister, 1,5m;solight
TV, audio, video a foto technika > Príslušenstvo k TV, audio a video technike;SSV12215;Solight HDMI kábel s Ethernetom, HDMI 2.0 A konektor - HDMI 2.0 A konektor, blister, 1,5m;solight
TV, audio, video a foto technika > Príslušenstvo k TV, audio a video technike;SSV1222;Solight HDMI kábel s Ethernetom, HDMI 2.0 A konektor - HDMI 2.0 A konektor, blister, 2m;solight
TV, audio, video a foto technika > Príslušenstvo k TV, audio a video technike;SSV1223;Solight HDMI kábel s Ethernetom, HDMI 2.0 A konektor - HDMI 2.0 A konektor, blister, 3m;solight
TV, audio, video a foto technika > Príslušenstvo k TV, audio a video technike;SSV5310E;Solight HDMI spojka, HDMI zdierka - HDMI zdierka, priama, sáčok;solight
TV, audio, video a foto technika > Príslušenstvo k TV, audio a video technike;UR02;Solight anténny rozbočovač hybridný priamy;solight
TV, audio, video a foto technika > Príslušenstvo k TV, audio a video technike;XA05;Solight účastnícka zásuvka koncová so SAT, útlm: 3dB;solight
TV, audio, video a foto technika > Televízory;100001937539;Samsung QE75QN700C;kb
TV, audio, video a foto technika > Televízory;100002074736;Strong SRT24HE4023C;kb
TV, audio, video a foto technika > Televízory;100002074812;Samsung QE85QN85D NEO QLED;kb
TV, audio, video a foto technika > Televízory;100002075270;TCL 50C803 QLED;kb
TV, audio, video a foto technika > Televízory;100002103662;Samsung QE65QN800D 8K NEO QLED;kb
TV, audio, video a foto technika > Televízory;100002122231;Strong SRT24HG4723C;kb
TV, audio, video a foto technika > Televízory;100002127484;TCL 85C765 QD-MiniLED;kb
TV, audio, video a foto technika > Televízory;100002129503;"Tesla 50S635BUS 50"" 4K UHD Google TV";kb
TV, audio, video a foto technika > Televízory;100002134559;Samsung QE65LS03F QLED THE FRAME;kb
TV, audio, video a foto technika > Televízory;100002134560;Samsung QE55LS03F QLED THE FRAME;kb
TV, audio, video a foto technika > Televízory;100002134561;Samsung QE50LS03F QLED THE FRAME;kb
TV, audio, video a foto technika > Televízory;100002134562;Samsung QE43LS03F QLED THE FRAME;kb
TV, audio, video a foto technika > Televízory;100002134563;Samsung UE32F6002F FHD;kb
TV, audio, video a foto technika > Televízory;100002134564;Samsung UE32H5002F HD;kb
TV, audio, video a foto technika > Televízory;100002134565;Samsung QE65QN990F NEO QLED 8K;kb
TV, audio, video a foto technika > Televízory;100002134569;Samsung QE65QN900F NEO QLED 8K;kb
TV, audio, video a foto technika > Televízory;100002134570;Samsung QE75QN900F NEO QLED 8K;kb
TV, audio, video a foto technika > Televízory;100002134576;Samsung QE55S90F OLED;kb
TV, audio, video a foto technika > Televízory;100002134591;Samsung QE55QN85F NEO QLED;kb
TV, audio, video a foto technika > Televízory;100002134594;Samsung QE85QN85F NEO QLED;kb
TV, audio, video a foto technika > Televízory;100002134595;Samsung QE50QN80F NEO QLED;kb
TV, audio, video a foto technika > Televízory;100002134596;Samsung QE55QN80F NEO QLED;kb
TV, audio, video a foto technika > Televízory;100002134601;Samsung QE55QN70F NEO QLED;kb
TV, audio, video a foto technika > Televízory;100002134603;Samsung QE85QN70F NEO QLED;kb
TV, audio, video a foto technika > Televízory;100002134604;Samsung QE43Q8F QLED;kb
TV, audio, video a foto technika > Televízory;100002134605;Samsung QE50Q8F QLED;kb
TV, audio, video a foto technika > Televízory;100002134606;Samsung QE55Q8F QLED;kb
TV, audio, video a foto technika > Televízory;100002134607;Samsung QE65Q8F QLED;kb
TV, audio, video a foto technika > Televízory;100002134608;Samsung QE75Q8F QLED;kb
TV, audio, video a foto technika > Televízory;100002134609;Samsung QE85Q8F QLED;kb
TV, audio, video a foto technika > Televízory;100002134613;Samsung QE65Q7F QLED;kb
TV, audio, video a foto technika > Televízory;100002134614;Samsung QE75Q7F QLED;kb
TV, audio, video a foto technika > Televízory;100002134616;Samsung QE75Q6F QLED;kb
TV, audio, video a foto technika > Televízory;100002134617;Samsung QE85Q6F QLED;kb
TV, audio, video a foto technika > Televízory;100002134624;Samsung QE65LS03FW NEO QLED THE FRAME;kb
TV, audio, video a foto technika > Televízory;100002134635;Samsung QE75QN70F NEO QLED;kb
TV, audio, video a foto technika > Televízory;100002134636;Samsung QE75LS03FW NEO QLED THE FRAME;kb
TV, audio, video a foto technika > Televízory;100002134637;Samsung QE85LS03FW NEO QLED THE FRAME;kb
TV, audio, video a foto technika > Televízory;100002135142;"Tesla 65E635SUS 65"" UHD LED AndroidTV 11";kb
TV, audio, video a foto technika > Televízory;100002135395;Blaupunkt 32FBG5010S;kb
TV, audio, video a foto technika > Televízory;100002135398;Blaupunkt 50UGC5500S;kb
TV, audio, video a foto technika > Televízory;100002135399;Blaupunkt 55UGC5500S;kb
TV, audio, video a foto technika > Televízory;100002136635;Trevi LTV 2014 HE Přenosná TV;kb
TV, audio, video a foto technika > Televízory;100002136639;Trevi LTV 2401 SA2 LED;kb
TV, audio, video a foto technika > Televízory;100002136644;Trevi LTV 2410 SMART LED;kb
TV, audio, video a foto technika > Televízory;100002137132;Blaupunkt 55MBG7000S;kb
TV, audio, video a foto technika > Televízory;100002141279;Strong SRT32HG4723C;kb
TV, audio, video a foto technika > Televízory;100002141428;TCL 65C9K QD-MiniLED 4K SMART Google TV;kb
TV, audio, video a foto technika > Televízory;100002141430;TCL 85C8K QD-MiniLED 4K SMART Google TV;kb
TV, audio, video a foto technika > Televízory;100002141450;TCL 85C7K QD-MiniLED 4K SMART Google TV;kb
TV, audio, video a foto technika > Televízory;100002141451;TCL 75C7K QD-MiniLED 4K SMART Google TV;kb
TV, audio, video a foto technika > Televízory;100002141452;TCL 85P7K QLED 4K SMART Google TV;kb
TV, audio, video a foto technika > Televízory;100002141454;TCL 65P7K QLED 4K SMART Google TV;kb
TV, audio, video a foto technika > Televízory;100002141455;TCL 55P7K QLED 4K SMART Google TV;kb
TV, audio, video a foto technika > Televízory;100002141456;TCL 50P7K QLED 4K SMART Google TV;kb
TV, audio, video a foto technika > Televízory;100002141459;TCL 65P6K 4K SMART Google TV;kb
TV, audio, video a foto technika > Televízory;100002141460;TCL 55P6K 4K SMART Google TV;kb
TV, audio, video a foto technika > Televízory;100002141461;TCL 50P6K 4K SMART Google TV;kb
TV, audio, video a foto technika > Televízory;100002141462;TCL 43P6K 4K SMART Google TV;kb
TV, audio, video a foto technika > Televízory;100002141463;TCL 43S5K QLED FullHD SMART Android TV;kb
TV, audio, video a foto technika > Televízory;100002141466;TCL 32S4K QLED HD SMART Android TV;kb
TV, audio, video a foto technika > Televízory;100002141468;TCL 55Q7C QD-MiniLED 4K SMART Google TV;kb
TV, audio, video a foto technika > Televízory;100002141469;TCL 50Q7C QD-MiniLED 4K SMART Google TV;kb
TV, audio, video a foto technika > Televízory;100002141473;TCL 65Q6C QD-MiniLED 4K SMART Google TV;kb
TV, audio, video a foto technika > Televízory;100002141474;TCL 55Q6C QD-MiniLED 4K SMART Google TV;kb
TV, audio, video a foto technika > Televízory;100002141476;TCL 85T8C QLED 4K SMART Google TV;kb
TV, audio, video a foto technika > Televízory;100002141478;TCL 65T8C QLED 4K SMART Google TV;kb
TV, audio, video a foto technika > Televízory;100002141480;TCL 85T69C QLED 4K SMART Google TV;kb
TV, audio, video a foto technika > Televízory;100002141481;TCL 75T69C QLED 4K SMART Google TV;kb
TV, audio, video a foto technika > Televízory;100002141482;TCL 65T69C QLED 4K SMART Google TV;kb
TV, audio, video a foto technika > Televízory;100002141483;TCL 55T69C QLED 4K SMART Google TV;kb
TV, audio, video a foto technika > Televízory;100002141484;TCL 50T69C QLED 4K SMART Google TV;kb
TV, audio, video a foto technika > Televízory;100002141485;TCL 43T69C QLED 4K SMART Google TV;kb
TV, audio, video a foto technika > Televízory;100002141487;TCL 65V6C 4K SMART Google TV;kb
TV, audio, video a foto technika > Televízory;100002141490;TCL 43V6C 4K SMART Google TV;kb
TV, audio, video a foto technika > Televízory;100002141493;TCL 32V4C QLED HD SMART Android TV;kb
TV, audio, video a foto technika > Televízory;100002170207;Xiaomi TV S mini LED 55;kb
TV, audio, video a foto technika > Televízory;100002202987;Samsung Mini LED UE55M80H;kb
TV, audio, video a foto technika > Televízory;100002203090;Samsung The Frame Pro QE75LS03HW;kb
TV, audio, video a foto technika > Televízory;100002203091;Samsung The Frame Pro QE65LS03HW;kb
TV, audio, video a foto technika > Televízory;100002203092;Samsung The Frame Pro QE55LS03HW;kb
TV, audio, video a foto technika > Televízory;100002203093;Samsung Neo QLED QE75QN70H;kb
TV, audio, video a foto technika > Televízory;100002203094;Samsung Neo QLED QE65QN70H;kb
TV, audio, video a foto technika > Televízory;100002203095;Samsung Neo QLED QE50QN70H;kb
TV, audio, video a foto technika > Televízory;100002203097;Samsung OLED QE83S85H;kb
TV, audio, video a foto technika > Televízory;100002203098;Samsung OLED QE77S85H;kb
TV, audio, video a foto technika > Televízory;100002203102;Samsung OLED QE65S85H;kb
TV, audio, video a foto technika > Televízory;100002203103;Samsung OLED QE55S85H;kb
TV, audio, video a foto technika > Televízory;100002203105;Samsung OLED QE65S90H;kb
TV, audio, video a foto technika > Televízory;100002203106;Samsung OLED QE55S90H;kb
TV, audio, video a foto technika > Televízory;100002203112;Samsung OLED QE55S95H;kb
TV, audio, video a foto technika > Televízory;100002203113;Samsung Mini LED UE75M70H;kb
TV, audio, video a foto technika > Televízory;100002203115;Samsung Mini LED UE43M70H;kb
TV, audio, video a foto technika > Televízory;100002203122;Samsung Crystal UHD UE55U8072H;kb
TV, audio, video a foto technika > Televízory;100002203135;Samsung Micro RGB MRE55R85H;kb
TV, audio, video a foto technika > Televízory;100002203138;Samsung The Frame QE65LS03H;kb
TV, audio, video a foto technika > Televízory;100002203139;Samsung The Frame QE55LS03H;kb
TV, audio, video a foto technika > Televízory;100002203141;Samsung Neo QLED QE55QN70H;kb
TV, audio, video a foto technika > Televízory;100002203142;Samsung Neo QLED QE43QN70H;kb
TV, audio, video a foto technika > Televízory;100002203143;Samsung OLED QE48S85H;kb
TV, audio, video a foto technika > Televízory;100002203145;Samsung OLED QE48S90H;kb
TV, audio, video a foto technika > Televízory;100002203146;Samsung OLED QE48S95H;kb
TV, audio, video a foto technika > Televízory;100002203147;Samsung Mini LED UE85M70H;kb
TV, audio, video a foto technika > Televízory;100002203148;Samsung Mini LED UE65M70H;kb
TV, audio, video a foto technika > Televízory;100002203149;Samsung Mini LED UE50M70H;kb
TV, audio, video a foto technika > Televízory;100002203150;Samsung Mini LED UE85M80H;kb
TV, audio, video a foto technika > Televízory;100002203151;Samsung Mini LED UE75M80H;kb
TV, audio, video a foto technika > Televízory;100002203152;Samsung Mini LED UE65M80H;kb
TV, audio, video a foto technika > Televízory;100002203154;Samsung Crystal UHD UE85U8072H;kb
TV, audio, video a foto technika > Televízory;100002203155;Samsung Crystal UHD UE75U8072H;kb
TV, audio, video a foto technika > Televízory;100002203156;Samsung Crystal UHD UE65U8072H;kb
TV, audio, video a foto technika > Televízory;100002203157;Samsung Crystal UHD UE50U8072H;kb
TV, audio, video a foto technika > Televízory;100002203171;Samsung Mini LED UE100M90H;kb
TV, audio, video a foto technika > Televízory;100002203187;Samsung Crystal UHD UE98U9072H;kb
TV, audio, video a foto technika > Televízory;100002203202;Samsung The Frame QE43LS03H;kb
TV, audio, video a foto technika > Televízory;100002203203;Samsung Crystal UHD UE43U8072H;kb
TV, audio, video a foto technika > Televízory;100002203424;Xiaomi TV S Mini LED 75 2026;kb
TV, audio, video a foto technika > Televízory;100002203426;Xiaomi TV S Mini LED 65 2026;kb
TV, audio, video a foto technika > Televízory;100002203822;Samsung OLED QE42S90H;kb
TV, audio, video a foto technika > Televízory;100002203823;Samsung Mini LED UE55M70H;kb
TV, audio, video a foto technika > Televízory;100002204127;Samsung OLED QE77S99H;kb
TV, audio, video a foto technika > Televízory;100002204133;Samsung OLED QE55S99H;kb
TV, audio, video a foto technika > Televízory;100002204141;Samsung OLED QE65S99H;kb
TV, audio, video a foto technika > Video technika;100001090716;Lamax T10 4K GPS (s hlášením radarů);kb
TV, audio, video a foto technika > Video technika;100001392601;Niceboy PILOT Q2 WiFi;kb
TV, audio, video a foto technika > Video technika;100001730503;Navitel MR450;kb
TV, audio, video a foto technika > Video technika;100001831867;Lamax X7.2;kb
TV, audio, video a foto technika > Video technika;100001879531;Niceboy VEGA X 8K;kb
TV, audio, video a foto technika > Video technika;100001950904;Strong SRT 420 Android TV box;kb
TV, audio, video a foto technika > Video technika;100001950962;Navitel R900 4K;kb
TV, audio, video a foto technika > Video technika;100002065187;Navitel R480 2K;kb
TV, audio, video a foto technika > Video technika;100002073333;Navitel R385 GPS;kb
TV, audio, video a foto technika > Video technika;100002075276;Lamax X5.2;kb
TV, audio, video a foto technika > Video technika;100002092634;Lamax C11 GPS 4K;kb
TV, audio, video a foto technika > Video technika;100002092636;Lamax C11 GPS 4K zadní kamera;kb
TV, audio, video a foto technika > Video technika;100002104895;Navitel MR750 SMART;kb
TV, audio, video a foto technika > Video technika;100002104899;Navitel R285 2K;kb
TV, audio, video a foto technika > Video technika;100002120940;Lamax F10 GPS 4K;kb
TV, audio, video a foto technika > Video technika;100002129678;Strong LEAP-AIR Google TV HDMI TV stick;kb
TV, audio, video a foto technika > Video technika;100002129680;Strong LEAP-NEVE 4K UHD Streaming Dongle;kb
TV, audio, video a foto technika > Video technika;100002141129;Mio MiVue J20 WIFI;kb
TV, audio, video a foto technika > Video technika;100002141130;Mio MiVue J35 2.5K GPS WIFI;kb
TV, audio, video a foto technika > Video technika;100002141133;Mio MiSentry 12 4G LTE;kb
TV, audio, video a foto technika > Video technika;100002141800;LAMAX T8;kb
TV, audio, video a foto technika > Video technika;100002160438;Tesla MediaBox XG600;kb
TV, audio, video a foto technika > Video technika;100002171247;Lamax S8 Dual;kb
TV, audio, video a foto technika > Video technika;100002196845;Evolveo Dcolor GD2 4K Ultra HD;kb
TV, audio, video a foto technika > Video technika;100002203383;Homatics STICK 4K Google  TV;kb
TV, audio, video a foto technika > Video technika;120210335730;SONY DVPSR760HB;kb
Zdravie a starostlivosť;100001945549;TESLA PetCare Station Pro TQ500;kb
