"code";"pairCode";"defaultCategory";"categoryText";"categoryText2";"categoryText3"
"DIB-100";"";"Profesionálna audio technika > Pódium, diskotéka, DJ > DI boxy a audio izolátory";"";"";""
"DIB-102";"";"Profesionálna audio technika > Pódium, diskotéka, DJ > DI boxy a audio izolátory";"";"";""
"DIB-110";"";"Profesionálna audio technika > Pódium, diskotéka, DJ > DI boxy a audio izolátory";"";"";""
"KM-19674";"";"Profesionálna audio technika > Pódium, diskotéka, DJ > Mikrofónové a reproduktorové stojany";"";"";""
"KM-210/9";"";"Profesionálna audio technika > Pódium, diskotéka, DJ > Mikrofónové a reproduktorové stojany";"";"";""
"KM-21302";"";"Profesionálna audio technika > Pódium, diskotéka, DJ > Mikrofónové a reproduktorové stojany";"";"";""
"KM-214/6";"";"Profesionálna audio technika > Pódium, diskotéka, DJ > Mikrofónové a reproduktorové stojany";"";"";""
"KM-21435";"";"Profesionálna audio technika > Pódium, diskotéka, DJ > Mikrofónové a reproduktorové stojany";"";"";""
"KM-259";"";"Profesionálna audio technika > Pódium, diskotéka, DJ > Mikrofónové a reproduktorové stojany";"";"";""
"KM-26735";"";"Profesionálna audio technika > Pódium, diskotéka, DJ > Mikrofónové a reproduktorové stojany";"";"";""
"MMX-602/SW";"";"Profesionálna audio technika > Pódium, diskotéka, DJ > Mixážne pulty";"";"";""
"MS-20/SW";"";"Profesionálna audio technika > Pódium, diskotéka, DJ > Mikrofónové a reproduktorové stojany";"";"";""
"MS-28";"";"Profesionálna audio technika > Pódium, diskotéka, DJ > Mikrofónové a reproduktorové stojany";"";"";""
"MS-60/SW";"";"Profesionálna audio technika > Pódium, diskotéka, DJ > Mikrofónové a reproduktorové stojany";"";"";""
"MS-90/SW";"";"Profesionálna audio technika > Pódium, diskotéka, DJ > Mikrofónové a reproduktorové stojany";"";"";""
"MS-92/SW";"";"Profesionálna audio technika > Pódium, diskotéka, DJ > Mikrofónové a reproduktorové stojany";"";"";""
"PAST-120/SW";"";"Profesionálna audio technika > Pódium, diskotéka, DJ > Mikrofónové a reproduktorové stojany";"";"";""
"PAST-125SET";"";"Profesionálna audio technika > Pódium, diskotéka, DJ > Mikrofónové a reproduktorové stojany";"";"";""
"PAST-164SET";"";"Profesionálna audio technika > Pódium, diskotéka, DJ > Mikrofónové a reproduktorové stojany";"";"";""
"PAST-250/SW";"";"Profesionálna audio technika > Pódium, diskotéka, DJ > Mikrofónové a reproduktorové stojany";"";"";""
"SA-230/SW";"";"Profesionálna audio technika > Pódium, diskotéka, DJ > Mixážne pulty";"";"";""
"SA-250/SW";"";"Profesionálna audio technika > Pódium, diskotéka, DJ > Mixážne pulty";"";"";""
"VMX-440/SW";"";"Profesionálna audio technika > Pódium, diskotéka, DJ > Mixážne pulty";"";"";""
"CS-4";"";"Profesionálna audio technika > Pódium, diskotéka, DJ > Mixážne pulty";"Profesionálna audio technika > Mikrofóny a bezdrôtové systémy";"Profesionálna audio technika > Tlmočnícke a konferenčné systémy";""
"CS-8";"";"Profesionálna audio technika > Pódium, diskotéka, DJ > Mixážne pulty";"Profesionálna audio technika > Mikrofóny a bezdrôtové systémy";"Profesionálna audio technika > Tlmočnícke a konferenčné systémy";""
"FGM-170";"";"Profesionálna audio technika > Pódium, diskotéka, DJ > Mikrofónové a reproduktorové stojany";"Profesionálna audio technika > Mikrofóny a bezdrôtové systémy";"";""
"MSZZ149";"";"Profesionálna audio technika > Pódium, diskotéka, DJ > Mikrofónové a reproduktorové stojany";"";"";""
"SSZZ108SET";"";"Profesionálna audio technika > Pódium, diskotéka, DJ > Mikrofónové a reproduktorové stojany";"Profesionálna audio technika > PA reproduktory";"";""
"ZONER25";"";"Profesionálna audio technika > Pódium, diskotéka, DJ > Mixážne pulty";"";"";""
"TIP-07720230";"";"Dielňa, náradie a záhrada > Meracia technika > Multimetre a kliešťové merače > Digitálne multimetre";"";"";""
"ABL-30-B1-093";"";"Cestovanie, šport a outdoor > Bojové športy > Boxerské rukavice";"";"";""
"ABL-30-B1-133";"";"Cestovanie, šport a outdoor > Bojové športy > Chrániče pre bojové športy";"";"";""
"ABL-30-B1-145";"";"Cestovanie, šport a outdoor > Bojové športy > Boxerské rukavice";"";"";""
"TIP-07720061";"";"Dielňa, náradie a záhrada > Meracia technika > Multimetre a kliešťové merače > Digitálne multimetre";"";"";""
"TIP-07720062";"";"Dielňa, náradie a záhrada > Meracia technika > Multimetre a kliešťové merače > Digitálne multimetre";"";"";""
"TIP-07720187";"";"Dielňa, náradie a záhrada > Meracia technika > Multimetre a kliešťové merače > Kliešťové merače";"";"";""
"TIP-07720299";"";"Dielňa, náradie a záhrada > Meracia technika > Multimetre a kliešťové merače > Kliešťové merače";"";"";""
"ATO-1916055520";"";"Elektro, Smart Home a osvetlenie > Predlžovacie káble a vidlice > Spínacie a časové zásuvky";"Elektro, Smart Home a osvetlenie > Smart domácnosť – zariadenia > Smart zásuvky";"Elektro, Smart Home a osvetlenie > Elektromery a spínacia technika";""
"ATO-EVCH37KWBK20";"";"Energia a napájanie > Fotovoltaika";"Auto-moto > Autobatérie, nabíjačky a štartovacie boxy > Nabíjačky autobatérií";"Auto-moto > Elektromobilita";""
"TIP-07720159";"";"Dielňa, náradie a záhrada > Meracia technika > Multimetre a kliešťové merače > Digitálne multimetre";"";"";""
"TIP-07720169";"";"Dielňa, náradie a záhrada > Meracia technika > Multimetre a kliešťové merače > Digitálne multimetre";"";"";""
"NED-WIFIZBT10CWT";"";"Elektro, Smart Home a osvetlenie > Smart domácnosť – zariadenia > Smart zásuvky";"";"";""
"ABL-30-B1-196";"";"Cestovanie, šport a outdoor > Bojové športy > Chrániče pre bojové športy";"";"";""
"ABL-30-B1-197";"";"Cestovanie, šport a outdoor > Bojové športy > Chrániče pre bojové športy";"";"";""
"ABL-17-44-374";"";"Cestovanie, šport a outdoor > Bojové športy > Boxerské rukavice";"";"";""
"ABL-17-44-375";"";"Cestovanie, šport a outdoor > Bojové športy > Boxerské rukavice";"";"";""
"ABL-17-44-376";"";"Cestovanie, šport a outdoor > Bojové športy > Boxerské rukavice";"";"";""
"TIP-07720265";"";"Dielňa, náradie a záhrada > Meracia technika > Multimetre a kliešťové merače > Kliešťové merače";"";"";""
"TIP-07720190";"";"Dielňa, náradie a záhrada > Meracia technika > Multimetre a kliešťové merače > Digitálne multimetre";"";"";""
"TIP-07720191";"";"Dielňa, náradie a záhrada > Meracia technika > Multimetre a kliešťové merače > Kliešťové merače";"";"";""
"EMO2202003000";"";"Dielňa, náradie a záhrada > Meracia technika > Multimetre a kliešťové merače > Digitálne multimetre";"";"";""
"ABL-30-B1-383";"";"Cestovanie, šport a outdoor > Bojové športy > Chrániče pre bojové športy";"";"";""
"ABL-30-B1-419";"";"Cestovanie, šport a outdoor > Bojové športy > Boxerské rukavice";"";"";""
"ATO-3402127000";"";"Elektro, Smart Home a osvetlenie > Smart domácnosť – zariadenia > Smart zásuvky";"";"";""
"TIP-07720181";"";"Dielňa, náradie a záhrada > Meracia technika > Multimetre a kliešťové merače > Digitálne multimetre";"";"";""
"ATO-3402128000";"";"Elektro, Smart Home a osvetlenie > Smart domácnosť – zariadenia > Smart zásuvky";"";"";""
"TIP-06442515";"";"Energia a napájanie > Fotovoltaika";"Auto-moto > Autobatérie, nabíjačky a štartovacie boxy > Nabíjačky autobatérií";"Auto-moto > Elektromobilita";""
"ABL-30-B1-371";"";"Cestovanie, šport a outdoor > Bojové športy > Chrániče pre bojové športy";"";"";""
"ABL-30-B1-372";"";"Cestovanie, šport a outdoor > Bojové športy > Chrániče pre bojové športy";"";"";""
"ABL-30-B1-415";"";"Cestovanie, šport a outdoor > Bojové športy > Chrániče pre bojové športy";"";"";""
"ABL-30-B1-416";"";"Cestovanie, šport a outdoor > Bojové športy > Chrániče pre bojové športy";"";"";""
"ABL-30-B1-417";"";"Cestovanie, šport a outdoor > Bojové športy > Boxerské rukavice";"";"";""
"ABL-30-B1-418";"";"Cestovanie, šport a outdoor > Bojové športy > Boxerské rukavice";"";"";""
"ABL-30-B1-446";"";"Cestovanie, šport a outdoor > Bojové športy > Boxerské rukavice";"";"";""
"ABL-30-B1-447";"";"Cestovanie, šport a outdoor > Bojové športy > Boxerské rukavice";"";"";""
"ABL-30-B1-448";"";"Cestovanie, šport a outdoor > Bojové športy > Boxerské rukavice";"";"";""
"TIP-07720147";"";"Dielňa, náradie a záhrada > Meracia technika > Multimetre a kliešťové merače > Digitálne multimetre";"";"";""
"TIP-07720233";"";"Dielňa, náradie a záhrada > Meracia technika > Multimetre a kliešťové merače > Digitálne multimetre";"";"";""
"SPR-FVEPV6RE50";"";"Energia a napájanie > Fotovoltaika > Káble a konektory pre fotovoltaiku > Fotovoltaické káble";"Elektro, Smart Home a osvetlenie > Káble a vodiče";"";""
"HAD-N351B";"";"Energia a napájanie > Fotovoltaika > Káble a konektory pre fotovoltaiku > Fotovoltaické káble";"Elektro, Smart Home a osvetlenie > Káble a vodiče";"";""
"HAD-N351C";"";"Energia a napájanie > Fotovoltaika > Káble a konektory pre fotovoltaiku > Fotovoltaické káble";"Elektro, Smart Home a osvetlenie > Káble a vodiče";"";""
"HAD-N345A-100";"";"Energia a napájanie > Fotovoltaika > Káble a konektory pre fotovoltaiku > Fotovoltaické káble";"Elektro, Smart Home a osvetlenie > Káble a vodiče";"";""
"ABL-30-B1-315";"";"Cestovanie, šport a outdoor > Bojové športy > MMA rukavice";"";"";""
"ABL-30-B1-330";"";"Cestovanie, šport a outdoor > Bojové športy > Boxerské rukavice";"";"";""
"ABL-30-B1-349";"";"Cestovanie, šport a outdoor > Bojové športy > Chrániče pre bojové športy";"";"";""
"ABL-30-B1-481";"";"Cestovanie, šport a outdoor > Bojové športy > Chrániče pre bojové športy";"";"";""
"ABL-30-B1-482";"";"Cestovanie, šport a outdoor > Bojové športy > Chrániče pre bojové športy";"";"";""
"ABL-30-B1-499";"";"Cestovanie, šport a outdoor > Bojové športy > MMA rukavice";"";"";""
"ABL-30-B1-517";"";"Cestovanie, šport a outdoor > Bojové športy > Chrániče pre bojové športy";"";"";""
"ABL-30-B1-518";"";"Cestovanie, šport a outdoor > Bojové športy > Chrániče pre bojové športy";"";"";""
"ABL-30-B1-519";"";"Cestovanie, šport a outdoor > Bojové športy > Chrániče pre bojové športy";"";"";""
"ABL-30-B1-520";"";"Cestovanie, šport a outdoor > Bojové športy > Chrániče pre bojové športy";"";"";""
"ABL-30-B1-566";"";"Cestovanie, šport a outdoor > Bojové športy > Chrániče pre bojové športy";"";"";""
"ABL-30-B1-607";"";"Cestovanie, šport a outdoor > Bojové športy > Boxerské rukavice";"";"";""
"ABL-30-B1-608";"";"Cestovanie, šport a outdoor > Bojové športy > Boxerské rukavice";"";"";""
"ABL-30-B1-609";"";"Cestovanie, šport a outdoor > Bojové športy > Boxerské rukavice";"";"";""
"ABL-30-B1-634";"";"Cestovanie, šport a outdoor > Bojové športy > Boxerské rukavice";"";"";""
"ABL-30-B1-635";"";"Cestovanie, šport a outdoor > Bojové športy > Boxerské rukavice";"";"";""
"ABL-30-B3-006";"";"Cestovanie, šport a outdoor > Bojové športy > Boxerské rukavice";"";"";""
"LEC-MIE0428";"";"Dielňa, náradie a záhrada > Meracia technika > Multimetre a kliešťové merače > Digitálne multimetre";"";"";""
"LEC-MIE0469";"";"Dielňa, náradie a záhrada > Meracia technika > Multimetre a kliešťové merače > Digitálne multimetre";"";"";""
"ABL-30-B4-015";"";"Cestovanie, šport a outdoor > Bojové športy > Chrániče pre bojové športy";"";"";""
"ABL-30-B4-030";"";"Cestovanie, šport a outdoor > Bojové športy > Chrániče pre bojové športy";"";"";""
"SK6MM5M";"";"Energia a napájanie > Fotovoltaika > Káble a konektory pre fotovoltaiku > Fotovoltaické káble";"Elektro, Smart Home a osvetlenie > Káble a vodiče";"";""
"SK6MM5MRED";"";"Energia a napájanie > Fotovoltaika > Káble a konektory pre fotovoltaiku > Fotovoltaické káble";"Elektro, Smart Home a osvetlenie > Káble a vodiče";"";""
"SPR-FVEPV6BL2";"";"Energia a napájanie > Fotovoltaika > Káble a konektory pre fotovoltaiku > Fotovoltaické káble";"Elektro, Smart Home a osvetlenie > Káble a vodiče";"";""
"ATO-RA-1003";"";"Chovateľské potreby > Pelechy, škrabadlá a klietky > Škrabadlá pre mačky";"";"";""
"ATO-RA-1004";"";"Chovateľské potreby > Pelechy, škrabadlá a klietky > Škrabadlá pre mačky";"";"";""
"ATO-RA-1005";"";"Chovateľské potreby > Pelechy, škrabadlá a klietky > Škrabadlá pre mačky";"";"";""
"SPR-FVEBB41AB";"";"Energia a napájanie > Fotovoltaika > Káble a konektory pre fotovoltaiku > Fotovoltaické konektory";"";"";""
"ABL-30-B1-251";"";"Cestovanie, šport a outdoor > Bojové športy > Boxerské rukavice";"";"";""
"ABL-30-B1-271";"";"Cestovanie, šport a outdoor > Bojové športy > Chrániče pre bojové športy";"";"";""
"ABL-30-B1-284";"";"Cestovanie, šport a outdoor > Bojové športy > Chrániče pre bojové športy";"";"";""
"ABL-30-B1-451";"";"Cestovanie, šport a outdoor > Bojové športy > Boxerské rukavice";"";"";""
"ABL-30-B1-453";"";"Cestovanie, šport a outdoor > Bojové športy > Boxerské rukavice";"";"";""
"ABL-30-B1-461";"";"Cestovanie, šport a outdoor > Bojové športy > MMA rukavice";"";"";""
"ABL-30-B1-463";"";"Cestovanie, šport a outdoor > Bojové športy > MMA rukavice";"";"";""
"ABL-30-B1-484";"";"Cestovanie, šport a outdoor > Bojové športy > Boxerské rukavice";"";"";""
"ABL-30-B1-486";"";"Cestovanie, šport a outdoor > Bojové športy > Boxerské rukavice";"";"";""
"LP-MIE0403";"";"Dielňa, náradie a záhrada > Meracia technika > Multimetre a kliešťové merače > Kliešťové merače";"";"";""
"SPR-FVEPV4BL500";"";"Energia a napájanie > Fotovoltaika > Káble a konektory pre fotovoltaiku > Fotovoltaické káble";"Elektro, Smart Home a osvetlenie > Káble a vodiče";"";""
"ABL-30-B1-077";"";"Cestovanie, šport a outdoor > Bojové športy > Chrániče pre bojové športy";"";"";""
"ABL-30-B1-078";"";"Cestovanie, šport a outdoor > Bojové športy > Chrániče pre bojové športy";"";"";""
"TIP-08840270";"";"Elektro, Smart Home a osvetlenie > Predlžovacie káble a vidlice > Vidlice, zásuvky a redukcie";"Elektro, Smart Home a osvetlenie > Predlžovacie káble a vidlice > Spínacie a časové zásuvky";"Elektro, Smart Home a osvetlenie > Smart domácnosť – zariadenia > Smart zásuvky";"Elektro, Smart Home a osvetlenie > Elektromery a spínacia technika"
"NED-WIFIP121EWT";"";"Elektro, Smart Home a osvetlenie > Smart domácnosť – zariadenia > Smart zásuvky";"Elektro, Smart Home a osvetlenie > Elektromery a spínacia technika";"";""
"ABL-30-B1-146";"";"Cestovanie, šport a outdoor > Bojové športy > Boxerské rukavice";"";"";""
"ABL-30-B1-187";"";"Cestovanie, šport a outdoor > Bojové športy > MMA rukavice";"";"";""
"TIP-07730161";"";"Dielňa, náradie a záhrada > Meracia technika > Multimetre a kliešťové merače > Digitálne multimetre";"";"";""
"ATO-2631600600";"";"Elektro, Smart Home a osvetlenie > Smart domácnosť – zariadenia";"Chovateľské potreby > Misky a dávkovače krmiva";"";""
"ATO-2631610200";"";"Elektro, Smart Home a osvetlenie > Smart domácnosť – zariadenia";"Chovateľské potreby > Fontány a napájačky > Fontány pre psy a mačky";"";""
"LEV-82990";"";"Dielňa, náradie a záhrada > Meracia technika > Multimetre a kliešťové merače > Digitálne multimetre";"";"";""
"LEV-82967";"";"Dielňa, náradie a záhrada > Meracia technika > Multimetre a kliešťové merače > Kliešťové merače";"";"";""
"ATO-WIFIP313EWT";"";"Elektro, Smart Home a osvetlenie > Predlžovacie káble a vidlice > Predlžovacie prívody";"Elektro, Smart Home a osvetlenie > Smart domácnosť – zariadenia > Smart zásuvky";"";""
"ATO-WIFIP141EWT";"";"Elektro, Smart Home a osvetlenie > Predlžovacie káble a vidlice > Vidlice, zásuvky a redukcie";"Elektro, Smart Home a osvetlenie > Smart domácnosť – zariadenia > Smart zásuvky";"";""
"ATO-WIFIPO130EWT";"";"Elektro, Smart Home a osvetlenie > Predlžovacie káble a vidlice > Vidlice, zásuvky a redukcie";"Elektro, Smart Home a osvetlenie > Smart domácnosť – zariadenia > Smart zásuvky";"";""
"TIP-06444294";"";"Elektro, Smart Home a osvetlenie > Smart domácnosť – zariadenia > Smart termostaty a hlavice";"Elektro, Smart Home a osvetlenie > Elektromery a spínacia technika";"";""
"LEC-MIE0401";"";"Dielňa, náradie a záhrada > Meracia technika > Multimetre a kliešťové merače > Kliešťové merače";"";"";""
"TIP-07720212";"";"Dielňa, náradie a záhrada > Meracia technika > Multimetre a kliešťové merače > Digitálne multimetre";"";"";""
"TIP-07720213";"";"Dielňa, náradie a záhrada > Meracia technika > Multimetre a kliešťové merače > Digitálne multimetre";"";"";""
"TIP-07720214";"";"Dielňa, náradie a záhrada > Meracia technika > Multimetre a kliešťové merače > Digitálne multimetre";"";"";""
"TIP-07720186";"";"Dielňa, náradie a záhrada > Meracia technika > Multimetre a kliešťové merače > Kliešťové merače";"";"";""
"TIP-07720194";"";"Dielňa, náradie a záhrada > Meracia technika > Multimetre a kliešťové merače > Kliešťové merače";"";"";""
"TIP-07720050";"";"Dielňa, náradie a záhrada > Meracia technika > Multimetre a kliešťové merače > Digitálne multimetre";"";"";""
"TIP-07720059";"";"Dielňa, náradie a záhrada > Meracia technika > Multimetre a kliešťové merače > Digitálne multimetre";"";"";""
"TIP-07720066";"";"Dielňa, náradie a záhrada > Meracia technika > Multimetre a kliešťové merače > Digitálne multimetre";"";"";""
"ABL-30-B3-035";"";"Cestovanie, šport a outdoor > Bojové športy > Boxerské rukavice";"";"";""
"ABL-30-B3-054";"";"Cestovanie, šport a outdoor > Bojové športy > Boxerské rukavice";"";"";""
"ABL-30-B3-056";"";"Cestovanie, šport a outdoor > Bojové športy > MMA rukavice";"";"";""
"ABL-30-B3-057";"";"Cestovanie, šport a outdoor > Bojové športy > MMA rukavice";"";"";""
"ABL-30-B3-083";"";"Cestovanie, šport a outdoor > Bojové športy > Boxerské rukavice";"";"";""
"ABL-30-B3-085";"";"Cestovanie, šport a outdoor > Bojové športy > Boxerské rukavice";"";"";""
"ABL-30-B3-086";"";"Cestovanie, šport a outdoor > Bojové športy > Boxerské rukavice";"";"";""
"ABL-30-B3-087";"";"Cestovanie, šport a outdoor > Bojové športy > Boxerské rukavice";"";"";""
"ABL-30-B3-120";"";"Cestovanie, šport a outdoor > Bojové športy > Boxerské rukavice";"";"";""
"TIP-07720179";"";"Dielňa, náradie a záhrada > Meracia technika > Multimetre a kliešťové merače > Kliešťové merače";"";"";""
"ATO-RC-10";"";"Energia a napájanie > Nabíjačky batérií a akumulátorov";"Auto-moto > Karavany a obytné autá";"Auto-moto > Autobatérie, nabíjačky a štartovacie boxy > Nabíjačky autobatérií";""
"TIP-07730135";"";"Dielňa, náradie a záhrada > Meracia technika > Multimetre a kliešťové merače > Digitálne multimetre";"";"";""
"TIP-07720285";"";"Dielňa, náradie a záhrada > Meracia technika > Multimetre a kliešťové merače > Kliešťové merače";"";"";""
"LEC-TSA3545-B";"";"Domáce spotrebiče > Kuchynské roboty a krájače > Kuchynské roboty";"";"";""
"LEC-TSA3545-W";"";"Domáce spotrebiče > Kuchynské roboty a krájače > Kuchynské roboty";"";"";""
"TIP-03360241";"";"Energia a napájanie > Fotovoltaika > Káble a konektory pre fotovoltaiku > Fotovoltaické konektory";"";"";""
"ABL-30-B1-079";"";"Cestovanie, šport a outdoor > Bojové športy > Chrániče pre bojové športy";"";"";""
"ABL-30-B1-080";"";"Cestovanie, šport a outdoor > Bojové športy > Chrániče pre bojové športy";"";"";""
"ABL-30-B1-081";"";"Cestovanie, šport a outdoor > Bojové športy > Chrániče pre bojové športy";"";"";""
"ABL-30-B1-169";"";"Cestovanie, šport a outdoor > Bojové športy > Boxerské rukavice";"";"";""
"ABL-30-B1-016";"";"Cestovanie, šport a outdoor > Bojové športy > MMA rukavice";"";"";""
"ABL-30-B1-018";"";"Cestovanie, šport a outdoor > Bojové športy > MMA rukavice";"";"";""
"ABL-30-B1-019";"";"Cestovanie, šport a outdoor > Bojové športy > MMA rukavice";"";"";""
"ABL-30-B1-268";"";"Cestovanie, šport a outdoor > Bojové športy > Chrániče pre bojové športy";"";"";""
"ABL-30-B1-269";"";"Cestovanie, šport a outdoor > Bojové športy > Chrániče pre bojové športy";"";"";""
"ABL-30-B1-285";"";"Cestovanie, šport a outdoor > Bojové športy > Chrániče pre bojové športy";"";"";""
"ABL-30-B1-286";"";"Cestovanie, šport a outdoor > Bojové športy > Chrániče pre bojové športy";"";"";""
"ABL-30-B1-287";"";"Cestovanie, šport a outdoor > Bojové športy > Chrániče pre bojové športy";"";"";""
"ABL-30-B1-308";"";"Cestovanie, šport a outdoor > Bojové športy > MMA rukavice";"";"";""
"ABL-30-B1-449";"";"Cestovanie, šport a outdoor > Bojové športy > Boxerské rukavice";"";"";""
"ABL-30-B1-487";"";"Cestovanie, šport a outdoor > Bojové športy > Boxerské rukavice";"";"";""
"ABL-30-B1-488";"";"Cestovanie, šport a outdoor > Bojové športy > Boxerské rukavice";"";"";""
"TOC-SX1042";"";"Auto-moto > Príslušenstvo do auta > Autopoťahy a ochrana sedadiel";"Chovateľské potreby > Venčenie a transport";"";""
"TIP-04290151";"";"Energia a napájanie > Fotovoltaika > Káble a konektory pre fotovoltaiku > Fotovoltaické káble";"Elektro, Smart Home a osvetlenie > Káble a vodiče";"";""
"TIP-04290152";"";"Energia a napájanie > Fotovoltaika > Káble a konektory pre fotovoltaiku > Fotovoltaické káble";"Elektro, Smart Home a osvetlenie > Káble a vodiče";"";""
"TIP-07720256";"";"Dielňa, náradie a záhrada > Meracia technika > Multimetre a kliešťové merače > Kliešťové merače";"";"";""
"ATO-2631600400";"";"Elektro, Smart Home a osvetlenie > Smart domácnosť – zariadenia";"Chovateľské potreby > Misky a dávkovače krmiva";"";""
"ATO-2631610100";"";"Chovateľské potreby > Fontány a napájačky > Fontány pre psy a mačky";"";"";""
"ATO-2631600200";"";"Elektro, Smart Home a osvetlenie > Smart domácnosť – zariadenia";"Chovateľské potreby > Misky a dávkovače krmiva";"";""
"ATO-2631600100";"";"Chovateľské potreby > Misky a dávkovače krmiva";"";"";""
"ABL-30-B3-125";"";"Cestovanie, šport a outdoor > Bojové športy > Boxerské rukavice";"";"";""
"ABL-30-B4-031";"";"Cestovanie, šport a outdoor > Bojové športy > Chrániče pre bojové športy";"";"";""
"TIP-07720188";"";"Dielňa, náradie a záhrada > Meracia technika > Multimetre a kliešťové merače > Kliešťové merače";"";"";""
"TIP-03360267";"";"Energia a napájanie > Fotovoltaika > Káble a konektory pre fotovoltaiku > Fotovoltaické konektory";"";"";""
"ABL-30-B1-307";"";"Cestovanie, šport a outdoor > Bojové športy > MMA rukavice";"";"";""
"ABL-30-B1-314";"";"Cestovanie, šport a outdoor > Bojové športy > Chrániče pre bojové športy";"";"";""
"ABL-30-B1-316";"";"Cestovanie, šport a outdoor > Bojové športy > MMA rukavice";"";"";""
"ABL-30-B1-329";"";"Cestovanie, šport a outdoor > Bojové športy > Boxerské rukavice";"";"";""
"TIP-07720258";"";"Dielňa, náradie a záhrada > Meracia technika > Multimetre a kliešťové merače > Kliešťové merače";"";"";""
"ABL-30-B3-016";"";"Cestovanie, šport a outdoor > Bojové športy > Boxerské rukavice";"";"";""
"ABL-30-B3-020";"";"Cestovanie, šport a outdoor > Bojové športy > Boxerské rukavice";"";"";""
"TIP-07720170";"";"Dielňa, náradie a záhrada > Meracia technika > Multimetre a kliešťové merače > Kliešťové merače";"";"";""
"TIP-07720241";"";"Dielňa, náradie a záhrada > Meracia technika > Multimetre a kliešťové merače > Digitálne multimetre";"";"";""
"TIP-04240621";"";"Energia a napájanie > Nabíjačky batérií a akumulátorov";"Auto-moto > Karavany a obytné autá";"Auto-moto > Autobatérie, nabíjačky a štartovacie boxy > Nabíjačky autobatérií";""
"TIP-07720180";"";"Dielňa, náradie a záhrada > Meracia technika > Multimetre a kliešťové merače > Digitálne multimetre";"";"";""
"TIP-07730003";"";"Dielňa, náradie a záhrada > Meracia technika > Multimetre a kliešťové merače > Digitálne multimetre";"";"";""
"TIP-07730044";"";"Dielňa, náradie a záhrada > Meracia technika > Multimetre a kliešťové merače > Digitálne multimetre";"";"";""
"NED-WIFIVCL001CBK";"";"Elektro, Smart Home a osvetlenie > Smart domácnosť – zariadenia";"Domáce spotrebiče > Vysávače > Robotické vysávače";"";""
"NED-WIFIVCR001CBK";"";"Elektro, Smart Home a osvetlenie > Smart domácnosť – zariadenia";"Domáce spotrebiče > Vysávače > Robotické vysávače";"";""
"ATO-KM2010";"";"Auto-moto > Elektronika do auta > Autorádiá";"";"";""
"ABT-A500004824";"";"Energia a napájanie > Fotovoltaika > Káble a konektory pre fotovoltaiku > Fotovoltaické konektory";"";"";""
"SPR-FVEPV6BL50";"";"Energia a napájanie > Fotovoltaika > Káble a konektory pre fotovoltaiku > Fotovoltaické káble";"Elektro, Smart Home a osvetlenie > Káble a vodiče";"";""
"H1Z2Z2-K-RED-4-M";"";"Energia a napájanie > Fotovoltaika > Káble a konektory pre fotovoltaiku > Fotovoltaické káble";"Elektro, Smart Home a osvetlenie > Káble a vodiče";"";""
"ABL-30-B1-309";"";"Cestovanie, šport a outdoor > Bojové športy > Boxerské rukavice";"";"";""
"ABL-30-B1-310";"";"Cestovanie, šport a outdoor > Bojové športy > Boxerské rukavice";"";"";""
"ABL-30-B1-311";"";"Cestovanie, šport a outdoor > Bojové športy > Boxerské rukavice";"";"";""
"ABL-30-B1-489";"";"Cestovanie, šport a outdoor > Bojové športy > Boxerské rukavice";"";"";""
"ABL-30-B1-490";"";"Cestovanie, šport a outdoor > Bojové športy > Boxerské rukavice";"";"";""
"ABL-30-B1-627";"";"Cestovanie, šport a outdoor > Bojové športy > Chrániče pre bojové športy";"";"";""
"ATO-N350";"";"Energia a napájanie > Fotovoltaika > Káble a konektory pre fotovoltaiku > Fotovoltaické káble";"";"";""
"SKP6MM5MBLACK";"";"Energia a napájanie > Fotovoltaika > Káble a konektory pre fotovoltaiku > Fotovoltaické káble";"Elektro, Smart Home a osvetlenie > Káble a vodiče";"";""
"SKP6MM5MRED";"";"Energia a napájanie > Fotovoltaika > Káble a konektory pre fotovoltaiku > Fotovoltaické káble";"Elektro, Smart Home a osvetlenie > Káble a vodiče";"";""
"TIP-07720249";"";"Dielňa, náradie a záhrada > Meracia technika > Multimetre a kliešťové merače > Digitálne multimetre";"";"";""
"TIP-06444296";"";"Elektro, Smart Home a osvetlenie > Smart domácnosť – zariadenia > Smart termostaty a hlavice";"Elektro, Smart Home a osvetlenie > Elektromery a spínacia technika";"";""
"TIP-06444298";"";"Elektro, Smart Home a osvetlenie > Smart domácnosť – zariadenia > Smart zásuvky";"Elektro, Smart Home a osvetlenie > Elektromery a spínacia technika";"";""
"ABL-30-B1-317";"";"Cestovanie, šport a outdoor > Bojové športy > MMA rukavice";"";"";""
"ABL-30-B1-318";"";"Cestovanie, šport a outdoor > Bojové športy > MMA rukavice";"";"";""
"ABL-30-B1-319";"";"Cestovanie, šport a outdoor > Bojové športy > MMA rukavice";"";"";""
"ABL-30-B1-326";"";"Cestovanie, šport a outdoor > Bojové športy > Boxerské rukavice";"";"";""
"ZSPVLTM011000V";"";"Energia a napájanie > Fotovoltaika > Káble a konektory pre fotovoltaiku > Fotovoltaické konektory";"";"";""
"ABL-17-44-372";"";"Cestovanie, šport a outdoor > Bojové športy > Boxerské rukavice";"";"";""
"ABL-17-44-377";"";"Cestovanie, šport a outdoor > Bojové športy > Boxerské rukavice";"";"";""
"ATO-04240700";"";"Energia a napájanie > Nabíjačky batérií a akumulátorov";"Auto-moto > Karavany a obytné autá";"Auto-moto > Autobatérie, nabíjačky a štartovacie boxy > Nabíjačky autobatérií";""
"LEV-82546";"";"Dielňa, náradie a záhrada > Meracia technika > Multimetre a kliešťové merače > Digitálne multimetre";"";"";""
"LEV-82991";"";"Dielňa, náradie a záhrada > Meracia technika > Multimetre a kliešťové merače > Digitálne multimetre";"";"";""
"ABL-30-B4-033";"";"Cestovanie, šport a outdoor > Bojové športy > Chrániče pre bojové športy";"";"";""
"ABL-30-B4-034";"";"Cestovanie, šport a outdoor > Bojové športy > Chrániče pre bojové športy";"";"";""
"ABL-30-B4-040";"";"Cestovanie, šport a outdoor > Bojové športy > Chrániče pre bojové športy";"";"";""
"TIP-04240639";"";"Energia a napájanie > Nabíjačky batérií a akumulátorov";"Auto-moto > Karavany a obytné autá";"Auto-moto > Autobatérie, nabíjačky a štartovacie boxy > Nabíjačky autobatérií";""
"ABL-30-B1-182";"";"Cestovanie, šport a outdoor > Bojové športy > Boxerské rukavice";"";"";""
"ABL-30-B1-025";"";"Cestovanie, šport a outdoor > Bojové športy > MMA rukavice";"";"";""
"ABL-30-B1-029";"";"Cestovanie, šport a outdoor > Bojové športy > MMA rukavice";"";"";""
"ABL-30-B1-030";"";"Cestovanie, šport a outdoor > Bojové športy > MMA rukavice";"";"";""
"ABL-30-B1-359";"";"Cestovanie, šport a outdoor > Bojové športy > Boxerské rukavice";"";"";""
"ABL-30-B1-360";"";"Cestovanie, šport a outdoor > Bojové športy > Boxerské rukavice";"";"";""
"SPR-FVEPV4RE25";"";"Energia a napájanie > Fotovoltaika > Káble a konektory pre fotovoltaiku > Fotovoltaické káble";"Elektro, Smart Home a osvetlenie > Káble a vodiče";"";""
"SPR-FVEPV4RE50";"";"Energia a napájanie > Fotovoltaika > Káble a konektory pre fotovoltaiku > Fotovoltaické káble";"Elektro, Smart Home a osvetlenie > Káble a vodiče";"";""
"SPR-FVEPV6BL";"";"Energia a napájanie > Fotovoltaika > Káble a konektory pre fotovoltaiku > Fotovoltaické káble";"Elektro, Smart Home a osvetlenie > Káble a vodiče";"";""
"SPR-FVESYMC42PAR";"";"Energia a napájanie > Fotovoltaika > Káble a konektory pre fotovoltaiku > Fotovoltaické konektory";"";"";""
"ABL-30-B1-450";"";"Cestovanie, šport a outdoor > Bojové športy > Boxerské rukavice";"";"";""
"ABL-30-B1-452";"";"Cestovanie, šport a outdoor > Bojové športy > Boxerské rukavice";"";"";""
"ABL-30-B1-462";"";"Cestovanie, šport a outdoor > Bojové športy > MMA rukavice";"";"";""
"ABL-30-B1-478";"";"Cestovanie, šport a outdoor > Bojové športy > Boxerské rukavice";"";"";""
"ABL-30-B1-483";"";"Cestovanie, šport a outdoor > Bojové športy > Boxerské rukavice";"";"";""
"ABL-30-B1-485";"";"Cestovanie, šport a outdoor > Bojové športy > Boxerské rukavice";"";"";""
"EMO2202019000";"";"Dielňa, náradie a záhrada > Meracia technika > Multimetre a kliešťové merače > Digitálne multimetre";"";"";""
"EMO2202020000";"";"Dielňa, náradie a záhrada > Meracia technika > Multimetre a kliešťové merače > Digitálne multimetre";"";"";""
"LEC-KM2018";"";"Auto-moto > Elektronika do auta > Autorádiá";"";"";""
"ABL-30-B3-013";"";"Cestovanie, šport a outdoor > Bojové športy > Boxerské rukavice";"";"";""
"TIP-03360268";"";"Energia a napájanie > Fotovoltaika > Káble a konektory pre fotovoltaiku > Fotovoltaické konektory";"";"";""
"ATO-KW510";"";"Auto-moto > Autobatérie, nabíjačky a štartovacie boxy > Nabíjačky autobatérií";"";"";""
"ATO-KW520";"";"Auto-moto > Autobatérie, nabíjačky a štartovacie boxy > Nabíjačky autobatérií";"";"";""
"SPR-FVEPV4BL1515V";"";"Energia a napájanie > Fotovoltaika > Káble a konektory pre fotovoltaiku > Fotovoltaické káble";"Elektro, Smart Home a osvetlenie > Káble a vodiče";"";""
"SPR-FVEPV4RE15";"";"Energia a napájanie > Fotovoltaika > Káble a konektory pre fotovoltaiku > Fotovoltaické káble";"Elektro, Smart Home a osvetlenie > Káble a vodiče";"";""
"SPR-FVEPV6RE15";"";"Energia a napájanie > Fotovoltaika > Káble a konektory pre fotovoltaiku > Fotovoltaické káble";"Elektro, Smart Home a osvetlenie > Káble a vodiče";"";""
"ABL-30-B3-010";"";"Cestovanie, šport a outdoor > Bojové športy > Boxerské rukavice";"";"";""
"LEC-KM-PPA100";"";"Elektro, Smart Home a osvetlenie > Profesionálne kamerové systémy > Príslušenstvo ku kamerovým systémom";"";"";""
"TIP-07720006";"";"Dielňa, náradie a záhrada > Meracia technika > Multimetre a kliešťové merače > Kliešťové merače";"";"";""
"TIP-07720065";"";"Dielňa, náradie a záhrada > Meracia technika > Multimetre a kliešťové merače > Digitálne multimetre";"";"";""
"TIP-07720237";"";"Dielňa, náradie a záhrada > Meracia technika > Multimetre a kliešťové merače > Digitálne multimetre";"";"";""
"LEC-KM2015";"";"Auto-moto > Elektronika do auta > Autorádiá";"";"";""
"TIP-07720139";"";"Dielňa, náradie a záhrada > Meracia technika > Multimetre a kliešťové merače > Kliešťové merače";"";"";""
"EMO1608000001";"";"Energia a napájanie > Nabíjačky batérií a akumulátorov";"Auto-moto > Karavany a obytné autá";"Auto-moto > Autobatérie, nabíjačky a štartovacie boxy > Nabíjačky autobatérií";""
"TIP-07720227";"";"Dielňa, náradie a záhrada > Meracia technika > Multimetre a kliešťové merače > Digitálne multimetre";"";"";""
"LEC-RA-1103-M";"";"Chovateľské potreby > Pelechy, škrabadlá a klietky > Pelechy pre psy a mačky";"";"";""
"H1Z2Z2-K-BLACK-4-M";"";"Energia a napájanie > Fotovoltaika > Káble a konektory pre fotovoltaiku > Fotovoltaické káble";"Elektro, Smart Home a osvetlenie > Káble a vodiče";"";""
"H1Z2Z2-K-RED-6-M";"";"Energia a napájanie > Fotovoltaika > Káble a konektory pre fotovoltaiku > Fotovoltaické káble";"Elektro, Smart Home a osvetlenie > Káble a vodiče";"";""
"H1Z2Z2-K-BLACK-6-M";"";"Energia a napájanie > Fotovoltaika > Káble a konektory pre fotovoltaiku > Fotovoltaické káble";"Elektro, Smart Home a osvetlenie > Káble a vodiče";"";""
"CMP-07168";"";"Energia a napájanie > Nabíjačky batérií a akumulátorov";"Auto-moto > Autobatérie, nabíjačky a štartovacie boxy > Nabíjačky autobatérií";"";""
"TIP-04240640";"";"Energia a napájanie > Nabíjačky batérií a akumulátorov";"Auto-moto > Karavany a obytné autá";"Auto-moto > Autobatérie, nabíjačky a štartovacie boxy > Nabíjačky autobatérií";""
"ABL-30-B1-082";"";"Cestovanie, šport a outdoor > Bojové športy > Chrániče pre bojové športy";"";"";""
"ABL-30-B1-088";"";"Cestovanie, šport a outdoor > Bojové športy > MMA rukavice";"";"";""
"ABL-17-44-371";"";"Cestovanie, šport a outdoor > Bojové športy > Boxerské rukavice";"";"";""
"ABL-17-44-378";"";"Cestovanie, šport a outdoor > Bojové športy > Boxerské rukavice";"";"";""
"ABL-30-B1-005";"";"Cestovanie, šport a outdoor > Bojové športy > Boxerské rukavice";"";"";""
"ABL-30-B1-010";"";"Cestovanie, šport a outdoor > Bojové športy > Boxerské rukavice";"";"";""
"ABL-30-B1-032";"";"Cestovanie, šport a outdoor > Bojové športy > MMA rukavice";"";"";""
"TIP-07720228";"";"Dielňa, náradie a záhrada > Meracia technika > Multimetre a kliešťové merače > Digitálne multimetre";"";"";""
"ATO-G812A";"";"Energia a napájanie > Nabíjačky batérií a akumulátorov";"Auto-moto > Autobatérie, nabíjačky a štartovacie boxy > Nabíjačky autobatérií";"";""
"TIP-07720154";"";"Dielňa, náradie a záhrada > Meracia technika > Multimetre a kliešťové merače > Digitálne multimetre";"";"";""
"TIP-07720239";"";"Dielňa, náradie a záhrada > Meracia technika > Multimetre a kliešťové merače > Digitálne multimetre";"";"";""
"TIP-07720240";"";"Dielňa, náradie a záhrada > Meracia technika > Multimetre a kliešťové merače > Digitálne multimetre";"";"";""
"TIP-07730009";"";"Dielňa, náradie a záhrada > Meracia technika > Multimetre a kliešťové merače > Digitálne multimetre";"";"";""
"EMO2202007000";"";"Dielňa, náradie a záhrada > Meracia technika > Multimetre a kliešťové merače > Digitálne multimetre";"";"";""
"EMO2202013000";"";"Dielňa, náradie a záhrada > Meracia technika > Multimetre a kliešťové merače > Kliešťové merače";"";"";""
"ATO-1916055510";"";"Elektro, Smart Home a osvetlenie > Predlžovacie káble a vidlice > Spínacie a časové zásuvky";"Elektro, Smart Home a osvetlenie > Smart domácnosť – zariadenia > Smart zásuvky";"Elektro, Smart Home a osvetlenie > Elektromery a spínacia technika";""
"SPR-FVEPV4BL50";"";"Energia a napájanie > Fotovoltaika > Káble a konektory pre fotovoltaiku > Fotovoltaické káble";"Elektro, Smart Home a osvetlenie > Káble a vodiče";"";""
"ATO-N350J";"";"Energia a napájanie > Fotovoltaika > Káble a konektory pre fotovoltaiku > Fotovoltaické káble";"";"";""
"ATO-N350K";"";"Energia a napájanie > Fotovoltaika > Káble a konektory pre fotovoltaiku > Fotovoltaické káble";"";"";""
"ATO-N350L";"";"Energia a napájanie > Fotovoltaika > Káble a konektory pre fotovoltaiku > Fotovoltaické káble";"";"";""
"SPR-475UT33AP";"";"Dielňa, náradie a záhrada > Meracia technika > Multimetre a kliešťové merače > Digitálne multimetre";"";"";""
"ITR-00016712";"";"Chovateľské potreby";"";"";""
"ATO-2101900012";"";"Elektro, Smart Home a osvetlenie > Smart domácnosť – zariadenia > Smart termostaty a hlavice";"Elektro, Smart Home a osvetlenie > Elektromery a spínacia technika";"";""
"LEV-82992";"";"Dielňa, náradie a záhrada > Meracia technika > Multimetre a kliešťové merače > Digitálne multimetre";"";"";""
"SPR-FVEPV4RE10015K";"";"Energia a napájanie > Fotovoltaika > Káble a konektory pre fotovoltaiku > Fotovoltaické káble";"Elektro, Smart Home a osvetlenie > Káble a vodiče";"";""
"SPR-FVEPV6BL10015V";"";"Energia a napájanie > Fotovoltaika > Káble a konektory pre fotovoltaiku > Fotovoltaické káble";"Elektro, Smart Home a osvetlenie > Káble a vodiče";"";""
"SPR-FVESYBY41AB";"";"Energia a napájanie > Fotovoltaika > Káble a konektory pre fotovoltaiku > Fotovoltaické káble";"Elektro, Smart Home a osvetlenie > Káble a vodiče";"";""
"TIP-04240669";"";"Energia a napájanie > Nabíjačky batérií a akumulátorov";"Auto-moto > Karavany a obytné autá";"Auto-moto > Autobatérie, nabíjačky a štartovacie boxy > Nabíjačky autobatérií";""
"TIP-03360240";"";"Energia a napájanie > Fotovoltaika > Káble a konektory pre fotovoltaiku > Fotovoltaické konektory";"";"";""
"ABL-30-B1-389";"";"Cestovanie, šport a outdoor > Bojové športy > Chrániče pre bojové športy";"";"";""
"ABL-30-B1-407";"";"Cestovanie, šport a outdoor > Bojové športy > Chrániče pre bojové športy";"";"";""
"EMO1606025000";"";"Energia a napájanie > Nabíjačky batérií a akumulátorov";"Auto-moto > Karavany a obytné autá";"Auto-moto > Autobatérie, nabíjačky a štartovacie boxy > Nabíjačky autobatérií";""
"ATO-2106000300";"";"Elektro, Smart Home a osvetlenie > Smart domácnosť – zariadenia > Smart zásuvky";"Elektro, Smart Home a osvetlenie > Elektromery a spínacia technika";"";""
"SPR-FVEPV4BL2015V";"";"Energia a napájanie > Fotovoltaika > Káble a konektory pre fotovoltaiku > Fotovoltaické káble";"Elektro, Smart Home a osvetlenie > Káble a vodiče";"";""
"LEC-BAT1155";"";"Energia a napájanie > Nabíjačky batérií a akumulátorov";"Auto-moto > Karavany a obytné autá";"Auto-moto > Autobatérie, nabíjačky a štartovacie boxy > Nabíjačky autobatérií";""
"ATO-RA-1006";"";"Chovateľské potreby > Pelechy, škrabadlá a klietky > Škrabadlá pre mačky";"";"";""
"ABL-30-B1-493";"";"Cestovanie, šport a outdoor > Bojové športy > Chrániče pre bojové športy";"";"";""
"ABL-30-B1-504";"";"Cestovanie, šport a outdoor > Bojové športy > MMA rukavice";"";"";""
"ABL-30-B1-516";"";"Cestovanie, šport a outdoor > Bojové športy > Chrániče pre bojové športy";"";"";""
"ABL-30-B1-615";"";"Cestovanie, šport a outdoor > Bojové športy > Chrániče pre bojové športy";"";"";""
"ATO-G826";"";"Energia a napájanie > Nabíjačky batérií a akumulátorov";"Auto-moto > Karavany a obytné autá";"Auto-moto > Autobatérie, nabíjačky a štartovacie boxy > Nabíjačky autobatérií";""
"TIP-07720225";"";"Dielňa, náradie a záhrada > Meracia technika > Multimetre a kliešťové merače > Kliešťové merače";"";"";""
"LEC-MIE0257";"";"Dielňa, náradie a záhrada > Meracia technika > Multimetre a kliešťové merače > Digitálne multimetre";"";"";""
"LEC-MIE0465";"";"Dielňa, náradie a záhrada > Meracia technika > Multimetre a kliešťové merače > Digitálne multimetre";"Auto-moto > Garáž, dielňa, servis > Autodiagnostika";"";""
"SPR-FVEPV6BL25";"";"Energia a napájanie > Fotovoltaika > Káble a konektory pre fotovoltaiku > Fotovoltaické káble";"Elektro, Smart Home a osvetlenie > Káble a vodiče";"";""
"SPR-FVEPV6BL50015V";"";"Energia a napájanie > Fotovoltaika > Káble a konektory pre fotovoltaiku > Fotovoltaické káble";"Elektro, Smart Home a osvetlenie > Káble a vodiče";"";""
"SPR-FVEPV6RE25";"";"Energia a napájanie > Fotovoltaika > Káble a konektory pre fotovoltaiku > Fotovoltaické káble";"Elektro, Smart Home a osvetlenie > Káble a vodiče";"";""
"ABL-30-B1-252";"";"Cestovanie, šport a outdoor > Bojové športy > Boxerské rukavice";"";"";""
"ABL-30-B1-254";"";"Cestovanie, šport a outdoor > Bojové športy > Chrániče pre bojové športy";"";"";""
"ABL-30-B1-262";"";"Cestovanie, šport a outdoor > Bojové športy > Chrániče pre bojové športy";"";"";""
"ABL-30-B1-270";"";"Cestovanie, šport a outdoor > Bojové športy > Chrániče pre bojové športy";"";"";""
"ABL-30-B3-021";"";"Cestovanie, šport a outdoor > Bojové športy > Boxerské rukavice";"";"";""
"ABL-30-B3-042";"";"Cestovanie, šport a outdoor > Bojové športy > Boxerské rukavice";"";"";""
"ABL-30-B3-046";"";"Cestovanie, šport a outdoor > Bojové športy > MMA rukavice";"";"";""
"ABL-30-B3-047";"";"Cestovanie, šport a outdoor > Bojové športy > MMA rukavice";"";"";""
"ABL-30-B3-070";"";"Cestovanie, šport a outdoor > Bojové športy > Boxerské rukavice";"";"";""
"ABL-30-B3-071";"";"Cestovanie, šport a outdoor > Bojové športy > Boxerské rukavice";"";"";""
"ABL-30-B3-075";"";"Cestovanie, šport a outdoor > Bojové športy > Boxerské rukavice";"";"";""
"ABL-30-B3-076";"";"Cestovanie, šport a outdoor > Bojové športy > Boxerské rukavice";"";"";""
"ABL-30-B3-077";"";"Cestovanie, šport a outdoor > Bojové športy > Boxerské rukavice";"";"";""
"ABL-30-B3-095";"";"Cestovanie, šport a outdoor > Bojové športy > MMA rukavice";"";"";""
"ABL-30-B3-096";"";"Cestovanie, šport a outdoor > Bojové športy > MMA rukavice";"";"";""
"ABL-30-B3-097";"";"Cestovanie, šport a outdoor > Bojové športy > MMA rukavice";"";"";""
"ABL-30-B3-100";"";"Cestovanie, šport a outdoor > Bojové športy > MMA rukavice";"";"";""
"ABL-30-B3-126";"";"Cestovanie, šport a outdoor > Bojové športy > Boxerské rukavice";"";"";""
"ABL-30-B3-127";"";"Cestovanie, šport a outdoor > Bojové športy > Boxerské rukavice";"";"";""
"TIP-07720166";"";"Dielňa, náradie a záhrada > Meracia technika > Multimetre a kliešťové merače > Digitálne multimetre";"";"";""
"EMOS410";"";"Dielňa, náradie a záhrada > Meracia technika > Multimetre a kliešťové merače > Digitálne multimetre";"";"";""
"LEV-83844";"";"Dielňa, náradie a záhrada > Meracia technika > Multimetre a kliešťové merače > Digitálne multimetre";"";"";""
"TIP-07730136";"";"Dielňa, náradie a záhrada > Meracia technika > Multimetre a kliešťové merače > Digitálne multimetre";"";"";""
"TIP-07720284";"";"Dielňa, náradie a záhrada > Meracia technika > Multimetre a kliešťové merače > Kliešťové merače";"";"";""
"TIP-03360262";"";"Energia a napájanie > Fotovoltaika > Káble a konektory pre fotovoltaiku > Fotovoltaické konektory";"";"";""
"ITR-00018340";"";"Chovateľské potreby > Venčenie a transport";"";"";""
"ITR-00018345";"";"Domáce spotrebiče > Kuchynské roboty a krájače > Kuchynské roboty";"";"";""
"ABL-30-B1-306";"";"Cestovanie, šport a outdoor > Bojové športy > MMA rukavice";"";"";""
"ABL-30-B1-313";"";"Cestovanie, šport a outdoor > Bojové športy > Chrániče pre bojové športy";"";"";""
"ABL-30-B1-431";"";"Cestovanie, šport a outdoor > Bojové športy > Boxerské rukavice";"";"";""
"ABL-30-B1-454";"";"Cestovanie, šport a outdoor > Bojové športy > Boxerské rukavice";"";"";""
"ABL-30-B1-459";"";"Cestovanie, šport a outdoor > Bojové športy > Boxerské rukavice";"";"";""
"ABL-30-B1-460";"";"Cestovanie, šport a outdoor > Bojové športy > Boxerské rukavice";"";"";""
"ABL-30-B1-480";"";"Cestovanie, šport a outdoor > Bojové športy > Chrániče pre bojové športy";"";"";""
"ABL-30-B3-012";"";"Cestovanie, šport a outdoor > Bojové športy > Boxerské rukavice";"";"";""
"ABL-30-B3-015";"";"Cestovanie, šport a outdoor > Bojové športy > Boxerské rukavice";"";"";""
"ABL-30-B3-022";"";"Cestovanie, šport a outdoor > Bojové športy > Boxerské rukavice";"";"";""
"ABL-30-B3-040";"";"Cestovanie, šport a outdoor > Bojové športy > Boxerské rukavice";"";"";""
"ABL-30-B3-051";"";"Cestovanie, šport a outdoor > Bojové športy > Boxerské rukavice";"";"";""
"ABL-30-B3-053";"";"Cestovanie, šport a outdoor > Bojové športy > Boxerské rukavice";"";"";""
"ABL-30-B3-065";"";"Cestovanie, šport a outdoor > Bojové športy > Boxerské rukavice";"";"";""
"ABL-30-B3-078";"";"Cestovanie, šport a outdoor > Bojové športy > Boxerské rukavice";"";"";""
"ABL-30-B3-081";"";"Cestovanie, šport a outdoor > Bojové športy > Boxerské rukavice";"";"";""
"ABL-30-B3-101";"";"Cestovanie, šport a outdoor > Bojové športy > MMA rukavice";"";"";""
"ABL-30-B3-105";"";"Cestovanie, šport a outdoor > Bojové športy > Boxerské rukavice";"";"";""
"ABL-30-B3-123";"";"Cestovanie, šport a outdoor > Bojové športy > Boxerské rukavice";"";"";""
"LEC-RA-1103-S";"";"Chovateľské potreby > Pelechy, škrabadlá a klietky > Pelechy pre psy a mačky";"";"";""
"LEC-RA-1103-XL";"";"Chovateľské potreby > Pelechy, škrabadlá a klietky > Pelechy pre psy a mačky";"";"";""
"LEC-RA-1103-XS";"";"Chovateľské potreby > Pelechy, škrabadlá a klietky > Pelechy pre psy a mačky";"";"";""
"LEC-TSA3507";"";"Domáce spotrebiče > Kuchynské roboty a krájače > Mixéry a šľahače";"";"";""
"EMO2202015000";"";"Dielňa, náradie a záhrada > Meracia technika > Multimetre a kliešťové merače > Kliešťové merače";"";"";""
"TOC-SX1040";"";"Auto-moto > Príslušenstvo do auta > Autopoťahy a ochrana sedadiel";"";"";""
"TIP-07730155";"";"Dielňa, náradie a záhrada > Meracia technika > Multimetre a kliešťové merače > Digitálne multimetre";"";"";""
"TIP-04290153";"";"Energia a napájanie > Fotovoltaika > Káble a konektory pre fotovoltaiku > Fotovoltaické káble";"Elektro, Smart Home a osvetlenie > Káble a vodiče";"";""
"ABL-30-B1-006";"";"Cestovanie, šport a outdoor > Bojové športy > Boxerské rukavice";"";"";""
"ABL-30-B1-013";"";"Cestovanie, šport a outdoor > Bojové športy > MMA rukavice";"";"";""
"ABL-30-B1-024";"";"Cestovanie, šport a outdoor > Bojové športy > MMA rukavice";"";"";""
"ABL-30-B1-031";"";"Cestovanie, šport a outdoor > Bojové športy > MMA rukavice";"";"";""
"ABL-30-B1-035";"";"Cestovanie, šport a outdoor > Bojové športy > Boxerské rukavice";"";"";""
"ATO-04240701";"";"Energia a napájanie > Nabíjačky batérií a akumulátorov";"Auto-moto > Karavany a obytné autá";"Auto-moto > Autobatérie, nabíjačky a štartovacie boxy > Nabíjačky autobatérií";""
"ATO-04240702";"";"Energia a napájanie > Nabíjačky batérií a akumulátorov";"Auto-moto > Karavany a obytné autá";"Auto-moto > Autobatérie, nabíjačky a štartovacie boxy > Nabíjačky autobatérií";""
"ATO-G825";"";"Energia a napájanie > Nabíjačky batérií a akumulátorov";"Auto-moto > Karavany a obytné autá";"Auto-moto > Autobatérie, nabíjačky a štartovacie boxy > Nabíjačky autobatérií";""
"ABL-30-B1-039";"";"Cestovanie, šport a outdoor > Bojové športy > Boxerské rukavice";"";"";""
"ABL-30-B1-040";"";"Cestovanie, šport a outdoor > Bojové športy > Boxerské rukavice";"";"";""
"ABL-30-B1-351";"";"Cestovanie, šport a outdoor > Bojové športy > Chrániče pre bojové športy";"";"";""
"ABL-30-B1-352";"";"Cestovanie, šport a outdoor > Bojové športy > Chrániče pre bojové športy";"";"";""
"ABL-30-B1-353";"";"Cestovanie, šport a outdoor > Bojové športy > Chrániče pre bojové športy";"";"";""
"ABL-30-B1-354";"";"Cestovanie, šport a outdoor > Bojové športy > Chrániče pre bojové športy";"";"";""
"IST-SECQI13PIR";"";"Elektro, Smart Home a osvetlenie > Smart domácnosť – zariadenia > Senzory pohybu a otvorenia";"";"";""
"ABL-30-B1-094";"";"Cestovanie, šport a outdoor > Bojové športy > Boxerské rukavice";"";"";""
"TIP-06444254";"";"Energia a napájanie > Fotovoltaika";"Auto-moto > Autobatérie, nabíjačky a štartovacie boxy > Nabíjačky autobatérií";"Auto-moto > Elektromobilita";""
"TIP-03360261";"";"Energia a napájanie > Fotovoltaika > Káble a konektory pre fotovoltaiku > Fotovoltaické konektory";"";"";""
"TOC-1693354";"";"Dielňa, náradie a záhrada > Meracia technika > Multimetre a kliešťové merače > Kliešťové merače";"";"";""
"IST-SECQI13WDS2";"";"Elektro, Smart Home a osvetlenie > Smart domácnosť – zariadenia > Senzory pohybu a otvorenia";"";"";""
"ABL-30-B1-188";"";"Cestovanie, šport a outdoor > Bojové športy > MMA rukavice";"";"";""
"ABL-30-B1-189";"";"Cestovanie, šport a outdoor > Bojové športy > MMA rukavice";"";"";""
"ABL-30-B1-190";"";"Cestovanie, šport a outdoor > Bojové športy > MMA rukavice";"";"";""
"ABL-30-B1-257";"";"Cestovanie, šport a outdoor > Bojové športy > Boxerské rukavice";"";"";""
"ABL-30-B1-258";"";"Cestovanie, šport a outdoor > Bojové športy > Boxerské rukavice";"";"";""
"ITR-00017692";"";"Chovateľské potreby > Starostlivosť o zvieratá";"";"";""
"LEC-MIE0459";"";"Dielňa, náradie a záhrada > Meracia technika > Multimetre a kliešťové merače > Kliešťové merače";"";"";""
"ITR-00016713";"";"Chovateľské potreby";"";"";""
"SPR-FVEPV4RE500";"";"Energia a napájanie > Fotovoltaika > Káble a konektory pre fotovoltaiku > Fotovoltaické káble";"Elektro, Smart Home a osvetlenie > Káble a vodiče";"";""
"ABL-30-B1-312";"";"Cestovanie, šport a outdoor > Bojové športy > Chrániče pre bojové športy";"";"";""
"ABL-30-B1-331";"";"Cestovanie, šport a outdoor > Bojové športy > Boxerské rukavice";"";"";""
"ABL-30-B1-332";"";"Cestovanie, šport a outdoor > Bojové športy > Boxerské rukavice";"";"";""
"ABL-30-B1-333";"";"Cestovanie, šport a outdoor > Bojové športy > Boxerské rukavice";"";"";""
"ABL-30-B1-334";"";"Cestovanie, šport a outdoor > Bojové športy > Boxerské rukavice";"";"";""
"SPR-FVEPV6BL15";"";"Energia a napájanie > Fotovoltaika > Káble a konektory pre fotovoltaiku > Fotovoltaické káble";"Elektro, Smart Home a osvetlenie > Káble a vodiče";"";""
"ATO-1902940203";"";"Elektro, Smart Home a osvetlenie > Predlžovacie káble a vidlice > Predlžovacie prívody";"Elektro, Smart Home a osvetlenie > Smart domácnosť – zariadenia > Smart zásuvky";"";""
"LEC-RA-1102-L";"";"Chovateľské potreby > Pelechy, škrabadlá a klietky > Pelechy pre psy a mačky";"";"";""
"LEC-RA-1102-M";"";"Chovateľské potreby > Pelechy, škrabadlá a klietky > Pelechy pre psy a mačky";"";"";""
"ATO-2101213000";"";"Elektro, Smart Home a osvetlenie > Smart domácnosť – zariadenia > Smart termostaty a hlavice";"Elektro, Smart Home a osvetlenie > Elektromery a spínacia technika";"";""
"ATO-2101310000";"";"Elektro, Smart Home a osvetlenie > Smart domácnosť – zariadenia > Smart termostaty a hlavice";"Elektro, Smart Home a osvetlenie > Elektromery a spínacia technika";"";""
"TIP-07730147";"";"Dielňa, náradie a záhrada > Meracia technika > Multimetre a kliešťové merače > Digitálne multimetre";"";"";""
"LEC-KM2017";"";"Auto-moto > Elektronika do auta > Autorádiá";"";"";""
"LEC-KM2016";"";"Auto-moto > Elektronika do auta > Autorádiá";"";"";""
"SPR-FVEPV6RE50015V";"";"Energia a napájanie > Fotovoltaika > Káble a konektory pre fotovoltaiku > Fotovoltaické káble";"Elektro, Smart Home a osvetlenie > Káble a vodiče";"";""
"HAD-N351";"";"Energia a napájanie > Fotovoltaika > Káble a konektory pre fotovoltaiku > Fotovoltaické káble";"Elektro, Smart Home a osvetlenie > Káble a vodiče";"";""
"HAD-N351A";"";"Energia a napájanie > Fotovoltaika > Káble a konektory pre fotovoltaiku > Fotovoltaické káble";"Elektro, Smart Home a osvetlenie > Káble a vodiče";"";""
"ABL-30-B1-494";"";"Cestovanie, šport a outdoor > Bojové športy > Chrániče pre bojové športy";"";"";""
"ABL-30-B1-498";"";"Cestovanie, šport a outdoor > Bojové športy > MMA rukavice";"";"";""
"ABL-30-B1-505";"";"Cestovanie, šport a outdoor > Bojové športy > MMA rukavice";"";"";""
"ABL-30-B1-606";"";"Cestovanie, šport a outdoor > Bojové športy > Boxerské rukavice";"";"";""
"ABL-30-B1-613";"";"Cestovanie, šport a outdoor > Bojové športy > Chrániče pre bojové športy";"";"";""
"ABL-30-B1-616";"";"Cestovanie, šport a outdoor > Bojové športy > Chrániče pre bojové športy";"";"";""
"ABL-30-B3-002";"";"Cestovanie, šport a outdoor > Bojové športy > Boxerské rukavice";"";"";""
"ABL-30-B3-005";"";"Cestovanie, šport a outdoor > Bojové športy > Boxerské rukavice";"";"";""
"TIP-07720280";"";"Dielňa, náradie a záhrada > Meracia technika > Multimetre a kliešťové merače > Digitálne multimetre";"";"";""
"ABL-30-B3-030";"";"Cestovanie, šport a outdoor > Bojové športy > Boxerské rukavice";"";"";""
"ABL-30-B3-031";"";"Cestovanie, šport a outdoor > Bojové športy > Boxerské rukavice";"";"";""
"ABL-30-B3-032";"";"Cestovanie, šport a outdoor > Bojové športy > Boxerské rukavice";"";"";""
"TIP-07720296";"";"Dielňa, náradie a záhrada > Meracia technika > Multimetre a kliešťové merače > Digitálne multimetre";"Energia a napájanie > Fotovoltaika";"";""
"EMO3069052040";"";"Elektro, Smart Home a osvetlenie > Smart domácnosť – zariadenia > Senzory pohybu a otvorenia";"";"";""
"TIP-07720172";"";"Dielňa, náradie a záhrada > Meracia technika > Multimetre a kliešťové merače > Kliešťové merače";"";"";""
"TIP-07720174";"";"Dielňa, náradie a záhrada > Meracia technika > Multimetre a kliešťové merače > Kliešťové merače";"";"";""
"TIP-07720175";"";"Dielňa, náradie a záhrada > Meracia technika > Multimetre a kliešťové merače > Kliešťové merače";"";"";""
"LEC-MIE0016";"";"Dielňa, náradie a záhrada > Meracia technika > Multimetre a kliešťové merače > Digitálne multimetre";"";"";""
"LEC-MIE0463";"";"Dielňa, náradie a záhrada > Meracia technika > Multimetre a kliešťové merače > Kliešťové merače";"";"";""
"LEC-MIE0458";"";"Dielňa, náradie a záhrada > Meracia technika > Multimetre a kliešťové merače > Kliešťové merače";"";"";""
"ABL-30-B3-128";"";"Cestovanie, šport a outdoor > Bojové športy > Boxerské rukavice";"";"";""
"ABL-30-B3-636";"";"Cestovanie, šport a outdoor > Bojové športy > Boxerské rukavice";"";"";""
"ABL-30-B4-020";"";"Cestovanie, šport a outdoor > Bojové športy > Chrániče pre bojové športy";"";"";""
"ABL-30-B4-021";"";"Cestovanie, šport a outdoor > Bojové športy > Chrániče pre bojové športy";"";"";""
"ABL-30-B4-022";"";"Cestovanie, šport a outdoor > Bojové športy > Chrániče pre bojové športy";"";"";""
"ABL-30-B1-144";"";"Cestovanie, šport a outdoor > Bojové športy > Boxerské rukavice";"";"";""
"ABL-30-B1-181";"";"Cestovanie, šport a outdoor > Bojové športy > Boxerské rukavice";"";"";""
"ABL-30-B1-183";"";"Cestovanie, šport a outdoor > Bojové športy > Boxerské rukavice";"";"";""
"ABL-30-B1-191";"";"Cestovanie, šport a outdoor > Bojové športy > MMA rukavice";"";"";""
"ATO-WIFIVCL002CBK";"";"Elektro, Smart Home a osvetlenie > Smart domácnosť – zariadenia";"Domáce spotrebiče > Vysávače > Robotické vysávače";"";""
"E6258";"";"Elektro, Smart Home a osvetlenie > Smart domácnosť – zariadenia > Smart zásuvky";"Elektro, Smart Home a osvetlenie > Elektromery a spínacia technika";"";""
"TIP-07720300";"";"Dielňa, náradie a záhrada > Meracia technika > Multimetre a kliešťové merače > Digitálne multimetre";"";"";""
"TIP-07720291";"";"Dielňa, náradie a záhrada > Meracia technika > Multimetre a kliešťové merače > Digitálne multimetre";"";"";""
"TOC-SX1041";"";"Auto-moto > Príslušenstvo do auta > Autopoťahy a ochrana sedadiel";"";"";""
"TOC-SX1043";"";"Auto-moto > Príslušenstvo do auta > Autopoťahy a ochrana sedadiel";"Chovateľské potreby > Venčenie a transport";"";""
"TOC-SX1044";"";"Auto-moto > Príslušenstvo do auta > Autopoťahy a ochrana sedadiel";"";"";""
"ATO-04240703";"";"Energia a napájanie > Nabíjačky batérií a akumulátorov";"Auto-moto > Karavany a obytné autá";"Auto-moto > Autobatérie, nabíjačky a štartovacie boxy > Nabíjačky autobatérií";""
"ABL-30-B3-027";"";"Cestovanie, šport a outdoor > Bojové športy > MMA rukavice";"";"";""
"ABL-30-B3-038";"";"Cestovanie, šport a outdoor > Bojové športy > Boxerské rukavice";"";"";""
"ABL-30-B3-050";"";"Cestovanie, šport a outdoor > Bojové športy > Boxerské rukavice";"";"";""
"ABL-30-B3-052";"";"Cestovanie, šport a outdoor > Bojové športy > Boxerské rukavice";"";"";""
"ABL-30-B3-066";"";"Cestovanie, šport a outdoor > Bojové športy > Boxerské rukavice";"";"";""
"ABL-30-B3-068";"";"Cestovanie, šport a outdoor > Bojové športy > Boxerské rukavice";"";"";""
"ABL-30-B3-080";"";"Cestovanie, šport a outdoor > Bojové športy > Boxerské rukavice";"";"";""
"ABL-30-B3-082";"";"Cestovanie, šport a outdoor > Bojové športy > Boxerské rukavice";"";"";""
"ABL-30-B3-088";"";"Cestovanie, šport a outdoor > Bojové športy > Boxerské rukavice";"";"";""
"ABL-30-B3-102";"";"Cestovanie, šport a outdoor > Bojové športy > MMA rukavice";"";"";""
"ABL-30-B3-122";"";"Cestovanie, šport a outdoor > Bojové športy > Boxerské rukavice";"";"";""
"VCXZS1500V";"";"Energia a napájanie > Fotovoltaika > Káble a konektory pre fotovoltaiku > Fotovoltaické konektory";"";"";""
"EMO2202021000";"";"Dielňa, náradie a záhrada > Meracia technika > Multimetre a kliešťové merače > Digitálne multimetre";"";"";""
"LEC-E6263";"";"Elektro, Smart Home a osvetlenie > Smart domácnosť – zariadenia > Smart termostaty a hlavice";"Elektro, Smart Home a osvetlenie > Elektromery a spínacia technika";"";""
"ATO-N350I";"";"Energia a napájanie > Fotovoltaika > Káble a konektory pre fotovoltaiku > Fotovoltaické káble";"";"";""
"SPR-FVEPV4RE20";"";"Energia a napájanie > Fotovoltaika > Káble a konektory pre fotovoltaiku > Fotovoltaické káble";"Elektro, Smart Home a osvetlenie > Káble a vodiče";"";""
"SPR-FVEPV6BL20";"";"Energia a napájanie > Fotovoltaika > Káble a konektory pre fotovoltaiku > Fotovoltaické káble";"Elektro, Smart Home a osvetlenie > Káble a vodiče";"";""
"SPR-FVEPV6RE20";"";"Energia a napájanie > Fotovoltaika > Káble a konektory pre fotovoltaiku > Fotovoltaické káble";"Elektro, Smart Home a osvetlenie > Káble a vodiče";"";""
"TIP-07720243";"";"Dielňa, náradie a záhrada > Meracia technika > Multimetre a kliešťové merače > Kliešťové merače";"";"";""
"ABL-30-B1-356";"";"Cestovanie, šport a outdoor > Bojové športy > Chrániče pre bojové športy";"";"";""
"ABL-30-B1-358";"";"Cestovanie, šport a outdoor > Bojové športy > Boxerské rukavice";"";"";""
"ABL-30-B1-350";"";"Cestovanie, šport a outdoor > Bojové športy > Chrániče pre bojové športy";"";"";""
"ABL-30-B1-355";"";"Cestovanie, šport a outdoor > Bojové športy > Chrániče pre bojové športy";"";"";""
"ABL-30-B1-357";"";"Cestovanie, šport a outdoor > Bojové športy > Chrániče pre bojové športy";"";"";""
"ABL-30-B1-369";"";"Cestovanie, šport a outdoor > Bojové športy > Chrániče pre bojové športy";"";"";""
"LEV-82986";"";"Dielňa, náradie a záhrada > Meracia technika > Multimetre a kliešťové merače > Digitálne multimetre";"";"";""
"LEV-82987";"";"Dielňa, náradie a záhrada > Meracia technika > Multimetre a kliešťové merače > Digitálne multimetre";"";"";""
"LEV-82988";"";"Dielňa, náradie a záhrada > Meracia technika > Multimetre a kliešťové merače > Digitálne multimetre";"";"";""
"LEV-82989";"";"Dielňa, náradie a záhrada > Meracia technika > Multimetre a kliešťové merače > Digitálne multimetre";"";"";""
"SOLKAB10MM2BLACK";"";"Energia a napájanie > Fotovoltaika > Káble a konektory pre fotovoltaiku > Fotovoltaické káble";"Elektro, Smart Home a osvetlenie > Káble a vodiče";"";""
"SOLKAB10MM2RED";"";"Energia a napájanie > Fotovoltaika > Káble a konektory pre fotovoltaiku > Fotovoltaické káble";"Elektro, Smart Home a osvetlenie > Káble a vodiče";"";""
"ATO-WIFIP151EWT";"";"Elektro, Smart Home a osvetlenie > Predlžovacie káble a vidlice > Vidlice, zásuvky a redukcie";"Elektro, Smart Home a osvetlenie > Smart domácnosť – zariadenia > Smart zásuvky";"";""
"TIP-07720229";"";"Dielňa, náradie a záhrada > Meracia technika > Multimetre a kliešťové merače > Digitálne multimetre";"";"";""
"SPR-FVEPV6RE10015K";"";"Energia a napájanie > Fotovoltaika > Káble a konektory pre fotovoltaiku > Fotovoltaické káble";"Elektro, Smart Home a osvetlenie > Káble a vodiče";"";""
"TOC-SX1409";"";"Chovateľské potreby > Venčenie a transport";"";"";""
"SPR-FVEPV4BL";"";"Energia a napájanie > Fotovoltaika > Káble a konektory pre fotovoltaiku > Fotovoltaické káble";"Elektro, Smart Home a osvetlenie > Káble a vodiče";"";""
"SPR-FVEPV4RE";"";"Energia a napájanie > Fotovoltaika > Káble a konektory pre fotovoltaiku > Fotovoltaické káble";"Elektro, Smart Home a osvetlenie > Káble a vodiče";"";""
"SPR-FVEPV6RE";"";"Energia a napájanie > Fotovoltaika > Káble a konektory pre fotovoltaiku > Fotovoltaické káble";"Elektro, Smart Home a osvetlenie > Káble a vodiče";"";""
"ATO-RA-1001";"";"Chovateľské potreby > Pelechy, škrabadlá a klietky > Škrabadlá pre mačky";"";"";""
"ATO-RA-1008";"";"Chovateľské potreby > Pelechy, škrabadlá a klietky > Škrabadlá pre mačky";"";"";""
"LEC-MIE0439";"";"Dielňa, náradie a záhrada > Meracia technika > Multimetre a kliešťové merače > Digitálne multimetre";"";"";""
"LEC-MIE0399";"";"Dielňa, náradie a záhrada > Meracia technika > Multimetre a kliešťové merače > Digitálne multimetre";"";"";""
"SPR-FVEBB21AB";"";"Energia a napájanie > Fotovoltaika > Káble a konektory pre fotovoltaiku > Fotovoltaické konektory";"";"";""
"SPR-FVEPV6RE2";"";"Energia a napájanie > Fotovoltaika > Káble a konektory pre fotovoltaiku > Fotovoltaické káble";"Elektro, Smart Home a osvetlenie > Káble a vodiče";"";""
"SPR-FVESYBY21AB";"";"Energia a napájanie > Fotovoltaika > Káble a konektory pre fotovoltaiku > Fotovoltaické káble";"Elektro, Smart Home a osvetlenie > Káble a vodiče";"";""
"SPR-FVEPV4BL2515V";"";"Energia a napájanie > Fotovoltaika > Káble a konektory pre fotovoltaiku > Fotovoltaické káble";"Elektro, Smart Home a osvetlenie > Káble a vodiče";"";""
"ATO-RBY-2000-5";"";"Cestovanie, šport a outdoor > Zdravotné a rehabilitačné pomôcky";"";"";""
"LEC-RA-1102-S";"";"Chovateľské potreby > Pelechy, škrabadlá a klietky > Pelechy pre psy a mačky";"";"";""
"LEC-RA-1102-XS";"";"Chovateľské potreby > Pelechy, škrabadlá a klietky > Pelechy pre psy a mačky";"";"";""
"LEC-RA-1103-L";"";"Chovateľské potreby > Pelechy, škrabadlá a klietky > Pelechy pre psy a mačky";"";"";""
"LEC-RA-1104-L";"";"Chovateľské potreby > Pelechy, škrabadlá a klietky > Pelechy pre psy a mačky";"";"";""
"LEC-RA-1104-XL";"";"Chovateľské potreby > Pelechy, škrabadlá a klietky > Pelechy pre psy a mačky";"";"";""
"ATO-RA-1002";"";"Chovateľské potreby > Pelechy, škrabadlá a klietky > Škrabadlá pre mačky";"";"";""
"ATO-RA-1007";"";"Chovateľské potreby > Pelechy, škrabadlá a klietky > Škrabadlá pre mačky";"";"";""
"ATO-RA-1009";"";"Chovateľské potreby > Pelechy, škrabadlá a klietky > Škrabadlá pre mačky";"";"";""
"LP-MIE0402";"";"Dielňa, náradie a záhrada > Meracia technika > Multimetre a kliešťové merače > Kliešťové merače";"";"";""
"ABL-30-B1-370";"";"Cestovanie, šport a outdoor > Bojové športy > Chrániče pre bojové športy";"";"";""
"LEC-MIE0426";"";"Dielňa, náradie a záhrada > Meracia technika > Multimetre a kliešťové merače > Kliešťové merače";"";"";""
"SPR-FVEBB31AB";"";"Energia a napájanie > Fotovoltaika > Káble a konektory pre fotovoltaiku > Fotovoltaické konektory";"";"";""
"SPR-FVECM4AD32A";"";"Energia a napájanie > Fotovoltaika > Káble a konektory pre fotovoltaiku > Fotovoltaické konektory";"";"";""
"ABL-30-B3-011";"";"Cestovanie, šport a outdoor > Bojové športy > Boxerské rukavice";"";"";""
"ATO-RBY-2001-4";"";"Cestovanie, šport a outdoor > Zdravotné a rehabilitačné pomôcky";"";"";""
"ATO-RBY-2001-5";"";"Cestovanie, šport a outdoor > Zdravotné a rehabilitačné pomôcky";"";"";""
"LEC-RA-1102-XL";"";"Chovateľské potreby > Pelechy, škrabadlá a klietky > Pelechy pre psy a mačky";"";"";""
"LEC-RA-1102-XXL";"";"Chovateľské potreby > Pelechy, škrabadlá a klietky > Pelechy pre psy a mačky";"";"";""
"LEC-RA-1104-M";"";"Chovateľské potreby > Pelechy, škrabadlá a klietky > Pelechy pre psy a mačky";"";"";""
"LEC-RA-1104-XS";"";"Chovateľské potreby > Pelechy, škrabadlá a klietky > Pelechy pre psy a mačky";"";"";""
"LEC-MIE0398";"";"Dielňa, náradie a záhrada > Meracia technika > Multimetre a kliešťové merače > Digitálne multimetre";"";"";""
"V50";"";"Dielňa, náradie a záhrada > Meracia technika > Multimetre a kliešťové merače > Kliešťové merače";"";"";""
"DTY01WIFI";"";"Elektro, Smart Home a osvetlenie > Smart domácnosť – zariadenia > Smart zásuvky";"";"";""
"V52";"";"Dielňa, náradie a záhrada > Meracia technika > Multimetre a kliešťové merače > Kliešťové merače";"";"";""
"V51";"";"Dielňa, náradie a záhrada > Meracia technika > Multimetre a kliešťové merače > Kliešťové merače";"";"";""
"BASYS-X32";"";"Profesionálna audio technika > Pódium, diskotéka, DJ > Mixážne pulty";"";"";""
"BASYS-PMP1680S";"";"Profesionálna audio technika > Pódium, diskotéka, DJ > Mixážne pulty";"";"";""
"BASYS-X18";"";"Profesionálna audio technika > Pódium, diskotéka, DJ > Mixážne pulty";"";"";""
"BASYS-XR12";"";"Profesionálna audio technika > Pódium, diskotéka, DJ > Mixážne pulty";"";"";""
"BASYS-XR16";"";"Profesionálna audio technika > Pódium, diskotéka, DJ > Mixážne pulty";"";"";""
"BASYS-DI600P";"";"Profesionálna audio technika > Pódium, diskotéka, DJ > DI boxy a audio izolátory";"";"";""
"BASYS-MR12";"";"Profesionálna audio technika > Pódium, diskotéka, DJ > Mixážne pulty";"";"";""
"BASYS-B 785403-0110";"";"Profesionálna audio technika > Pódium, diskotéka, DJ > Mixážne pulty";"";"";""
"BASYS-B 785491-0110";"";"Profesionálna audio technika > Pódium, diskotéka, DJ > Mixážne pulty";"";"";""
"BASYS-SPH-10BT";"";"Auto-moto > Elektronika do auta > Autorádiá";"";"";""
"BASYS-DI 10A";"";"Profesionálna audio technika > Pódium, diskotéka, DJ > DI boxy a audio izolátory";"";"";""
"BASYS-DI 10P";"";"Profesionálna audio technika > Pódium, diskotéka, DJ > DI boxy a audio izolátory";"";"";""
"BASYS-DEH-S120UBB";"";"Auto-moto > Elektronika do auta > Autorádiá";"";"";""
"BASYS-DEH-S420BT";"";"Auto-moto > Elektronika do auta > Autorádiá";"";"";""
"BASYS-DEH-S720DAB";"";"Auto-moto > Elektronika do auta > Autorádiá";"";"";""
"BASYS-MVH-S120UI";"";"Auto-moto > Elektronika do auta > Autorádiá";"";"";""
"BASYS-MVH-S120UBW";"";"Auto-moto > Elektronika do auta > Autorádiá";"";"";""
"BASYS-MVH-S420BT";"";"Auto-moto > Elektronika do auta > Autorádiá";"";"";""
"BASYS-MVH-S420DAB";"";"Auto-moto > Elektronika do auta > Autorádiá";"";"";""
"BASYS-MVH-S520DAB";"";"Auto-moto > Elektronika do auta > Autorádiá";"";"";""
"BASYS-DEH-S220UI";"";"Auto-moto > Elektronika do auta > Autorádiá";"";"";""
"BASYS-SPH-10BT-DELUXE";"";"Auto-moto > Elektronika do auta > Autorádiá";"";"";""
"BASYS-SPH-20DAB";"";"Auto-moto > Elektronika do auta > Autorádiá";"";"";""
"BASYS-TC 000-DI700";"";"Profesionálna audio technika > Pódium, diskotéka, DJ > Mixážne pulty";"";"";""
"BASYS-LG 000-D8Z01";"";"Profesionálna audio technika > Pódium, diskotéka, DJ > Mixážne pulty";"";"";""
"BASYS-VREC-150MD";"";"Auto-moto > Elektronika do auta > Kamery do auta";"";"";""
"BASYS-MVH-130DAB";"";"Auto-moto > Elektronika do auta > Autorádiá";"";"";""
"BASYS-DN100 V2";"";"Profesionálna audio technika > Pódium, diskotéka, DJ > DI boxy a audio izolátory";"";"";""
"BASYS-DN200 V2";"";"Profesionálna audio technika > Pódium, diskotéka, DJ > DI boxy a audio izolátory";"";"";""
"BASYS-HD96-24-CC-IP";"";"Profesionálna audio technika > Pódium, diskotéka, DJ > Mixážne pulty";"";"";""
"BASYS-305 EQ";"";"Profesionálna audio technika > Pódium, diskotéka, DJ > Mixážne pulty";"";"";""
"BASYS-VREC-Z810SH";"";"Auto-moto > Elektronika do auta > Kamery do auta";"";"";""
"BASYS-VREC-H310SH";"";"Auto-moto > Elektronika do auta > Kamery do auta";"";"";""
"BASYS-DI4800A";"";"Profesionálna audio technika > Pódium, diskotéka, DJ > DI boxy a audio izolátory";"";"";""
"BASYS-P16-HQ";"";"Profesionálna audio technika > Pódium, diskotéka, DJ > Mixážne pulty";"";"";""
"BASYS-B 892237-2110";"";"Profesionálna audio technika > Pódium, diskotéka, DJ > Mixážne pulty";"";"";""
"BASYS-B 892121-2110";"";"Profesionálna audio technika > Pódium, diskotéka, DJ > Mixážne pulty";"";"";""
"BASYS-B 892119-2110";"";"Profesionálna audio technika > Pódium, diskotéka, DJ > Mixážne pulty";"";"";""
"BASYS-B 892120-2110";"";"Profesionálna audio technika > Pódium, diskotéka, DJ > Mixážne pulty";"";"";""
"BASYS-SXT-C10PS";"";"Auto-moto > Elektronika do auta > Autorádiá";"";"";""
"BASYS-VREC-H120SC";"";"Auto-moto > Elektronika do auta > Kamery do auta";"";"";""
"100002134534";"";"Zdravie a starostlivosť > Starostlivosť o zuby > Elektrické zubné kefky";"";"";""
"100002143073";"";"Zdravie a starostlivosť > Starostlivosť o zuby > Ústne sprchy";"";"";""
"100002067640";"";"Zdravie a starostlivosť > Starostlivosť o zuby > Elektrické zubné kefky";"";"";""
"100002134375";"";"TV, audio, video a foto technika > Audio technika > Slúchadlá > Bezdrôtové slúchadlá > TWS slúchadlá";"";"";""
"100002099604";"";"Domáce spotrebiče > Kuchynské roboty a krájače > Mixéry a šľahače";"";"";""
"100002200829";"";"TV, audio, video a foto technika > Audio technika > Slúchadlá > Bezdrôtové slúchadlá > Náhlavné bezdrôtové slúchadlá";"";"";""
"100001434511";"";"Domáce spotrebiče > Vysávače > Vreckové a bezvreckové vysávače";"";"";""
"100002074959";"";"Domáce spotrebiče > Vysávače > Tyčové vysávače";"";"";""
"100002201678";"";"TV, audio, video a foto technika > Audio technika > Slúchadlá > Bezdrôtové slúchadlá > Náhlavné bezdrôtové slúchadlá";"";"";""
"100002203028";"";"Domáce spotrebiče > Kuchynské roboty a krájače > Mixéry a šľahače";"";"";""
"100002117852";"";"Domáce spotrebiče > Vysávače > Vreckové a bezvreckové vysávače";"";"";""
"100002136451";"";"TV, audio, video a foto technika > Audio technika > Slúchadlá > Bezdrôtové slúchadlá > TWS slúchadlá";"";"";""
"100002136456";"";"TV, audio, video a foto technika > Audio technika > Slúchadlá > Bezdrôtové slúchadlá > TWS slúchadlá";"";"";""
"100002171249";"";"TV, audio, video a foto technika > Audio technika > Slúchadlá > Bezdrôtové slúchadlá > Otvorené bezdrôtové slúchadlá";"";"";""
"100000729253";"";"Domáce spotrebiče > Príprava nápojov > Filtračné kanvice";"";"";""
"100002130982";"";"Domáce spotrebiče > Vysávače > Robotické vysávače";"";"";""
"100002136825";"";"Zdravie a starostlivosť > Starostlivosť o zuby > Elektrické zubné kefky";"";"";""
"100002202135";"";"Domáce spotrebiče > Kuchynské roboty a krájače > Kuchynské roboty";"";"";""
"100002193620";"";"Domáce spotrebiče > Vysávače > Robotické vysávače";"";"";""
"100002136445";"";"TV, audio, video a foto technika > Audio technika > Slúchadlá > Bezdrôtové slúchadlá > Náhlavné bezdrôtové slúchadlá";"";"";""
"100000474550";"";"Domáce spotrebiče > Príprava nápojov > Filtračné kanvice";"";"";""
"100002136847";"";"Zdravie a starostlivosť > Starostlivosť o zuby > Náhradné hlavice na zubné kefky";"";"";""
"100000159762";"";"Počítače, mobily a tablety > WiFi routery a sieťové karty > WiFi routery";"";"";""
"100002201845";"";"Zdravie a starostlivosť > Starostlivosť o zuby > Náhradné hlavice na zubné kefky";"";"";""
"100002101294";"";"Domáce spotrebiče > Kuchynské roboty a krájače > Mixéry a šľahače";"";"";""
"100002136505";"";"Domáce spotrebiče > Kuchynské roboty a krájače > Mixéry a šľahače";"";"";""
"100002104389";"";"Zdravie a starostlivosť > Starostlivosť o vlasy > Žehličky na vlasy";"";"";""
"100002134531";"";"Zdravie a starostlivosť > Starostlivosť o zuby > Elektrické zubné kefky";"";"";""
"100001920494";"";"Domáce spotrebiče > Vysávače > Vreckové a bezvreckové vysávače";"";"";""
"100002203399";"";"Domáce spotrebiče > Vysávače > Robotické vysávače";"";"";""
"100001943026";"";"TV, audio, video a foto technika > Audio technika > Slúchadlá > Bezdrôtové slúchadlá > TWS slúchadlá";"";"";""
"100002128199";"";"Domáce spotrebiče > Kuchynské roboty a krájače > Mixéry a šľahače";"";"";""
"100001714209";"";"Počítače, mobily a tablety > WiFi routery a sieťové karty > Sieťové switche";"";"";""
"100002200821";"";"TV, audio, video a foto technika > Audio technika > Slúchadlá > Bezdrôtové slúchadlá > Náhlavné bezdrôtové slúchadlá";"";"";""
"100002136581";"";"TV, audio, video a foto technika > Audio technika > Slúchadlá > Bezdrôtové slúchadlá > TWS slúchadlá";"";"";""
"100002126759";"";"Domáce spotrebiče > Vysávače > Robotické vysávače";"";"";""
"100002136832";"";"Zdravie a starostlivosť > Starostlivosť o zuby > Elektrické zubné kefky";"";"";""
"100002171255";"";"TV, audio, video a foto technika > Audio technika > Slúchadlá > Bezdrôtové slúchadlá > Otvorené bezdrôtové slúchadlá";"";"";""
"100001089158";"";"Domáce spotrebiče > Vysávače > Vreckové a bezvreckové vysávače";"";"";""
"100002201850";"";"Zdravie a starostlivosť > Starostlivosť o zuby > Náhradné hlavice na zubné kefky";"";"";""
"100002136468";"";"TV, audio, video a foto technika > Audio technika > Slúchadlá > Bezdrôtové slúchadlá > TWS slúchadlá";"";"";""
"100002202178";"";"Zdravie a starostlivosť > Starostlivosť o vlasy > Kulmy na vlasy";"";"";""
"100002136615";"";"TV, audio, video a foto technika > Audio technika > Slúchadlá > Bezdrôtové slúchadlá > TWS slúchadlá";"";"";""
"100002136643";"";"Domáce spotrebiče > Kuchynské roboty a krájače > Mixéry a šľahače";"";"";""
"100002136677";"";"Domáce spotrebiče > Vysávače > Robotické vysávače";"";"";""
"100002102784";"";"Zdravie a starostlivosť > Starostlivosť o vlasy > Žehličky na vlasy";"";"";""
"100002136604";"";"TV, audio, video a foto technika > Audio technika > Slúchadlá > Bezdrôtové slúchadlá > TWS slúchadlá";"";"";""
"100000456589";"";"Počítače, mobily a tablety > WiFi routery a sieťové karty > WiFi routery";"";"";""
"100002193627";"";"Domáce spotrebiče > Vysávače > Tyčové vysávače";"";"";""
"100002076224";"";"Zdravie a starostlivosť > Starostlivosť o vlasy > Žehličky na vlasy";"";"";""
"100001329674";"";"Zdravie a starostlivosť > Starostlivosť o zuby > Náhradné hlavice na zubné kefky";"";"";""
"100002202102";"";"Zdravie a starostlivosť > Starostlivosť o vlasy > Fény a teplovzdušné kefy";"";"";""
"100002202356";"";"Domáce spotrebiče > Vysávače > Tyčové vysávače";"";"";""
"100002134533";"";"Zdravie a starostlivosť > Starostlivosť o zuby > Elektrické zubné kefky";"";"";""
"100002136810";"";"Zdravie a starostlivosť > Starostlivosť o zuby > Elektrické zubné kefky";"";"";""
"100002200817";"";"TV, audio, video a foto technika > Audio technika > Slúchadlá > Bezdrôtové slúchadlá > Náhlavné bezdrôtové slúchadlá";"";"";""
"100001714210";"";"Počítače, mobily a tablety > WiFi routery a sieťové karty > Sieťové switche";"";"";""
"100002073287";"";"Domáce spotrebiče > Príprava nápojov > Rýchlovarné kanvice";"";"";""
"100002106616";"";"Počítače, mobily a tablety > WiFi routery a sieťové karty > WiFi routery";"";"";""
"100001724231";"";"TV, audio, video a foto technika > Audio technika > Slúchadlá > Bezdrôtové slúchadlá > TWS slúchadlá";"";"";""
"100002201669";"";"TV, audio, video a foto technika > Audio technika > Slúchadlá > Bezdrôtové slúchadlá > TWS slúchadlá";"";"";""
"100002193613";"";"Domáce spotrebiče > Vysávače > Robotické vysávače";"";"";""
"100002136616";"";"TV, audio, video a foto technika > Audio technika > Slúchadlá > Bezdrôtové slúchadlá > TWS slúchadlá";"";"";""
"100002201934";"";"Zdravie a starostlivosť > Starostlivosť o vlasy > Fény a teplovzdušné kefy";"";"";""
"100002066133";"";"Zdravie a starostlivosť > Starostlivosť o zuby > Elektrické zubné kefky";"";"";""
"100002076686";"";"Zdravie a starostlivosť > Starostlivosť o zuby > Náhradné hlavice na zubné kefky";"";"";""
"100001405119";"";"Domáce spotrebiče > Kuchynské roboty a krájače > Mixéry a šľahače";"";"";""
"100002136614";"";"TV, audio, video a foto technika > Audio technika > Slúchadlá > Bezdrôtové slúchadlá > TWS slúchadlá";"";"";""
"100002076687";"";"Zdravie a starostlivosť > Starostlivosť o zuby > Náhradné hlavice na zubné kefky";"";"";""
"100002200832";"";"TV, audio, video a foto technika > Audio technika > Slúchadlá > Bezdrôtové slúchadlá > Náhlavné bezdrôtové slúchadlá";"";"";""
"100002136606";"";"TV, audio, video a foto technika > Audio technika > Slúchadlá > Bezdrôtové slúchadlá > TWS slúchadlá";"";"";""
"341720357322";"";"Zdravie a starostlivosť > Starostlivosť o vlasy > Kulmy na vlasy";"";"";""
"100001368464";"";"Domáce spotrebiče > Kuchynské roboty a krájače > Kuchynské roboty";"";"";""
"341920254051";"";"Domáce spotrebiče > Vysávače > Tyčové vysávače";"";"";""
"100002127093";"";"Domáce spotrebiče > Príprava nápojov > Rýchlovarné kanvice";"";"";""
"100001124018";"";"Domáce spotrebiče > Kuchynské roboty a krájače > Krájače potravín";"";"";""
"100001714208";"";"Počítače, mobily a tablety > WiFi routery a sieťové karty > WiFi routery";"";"";""
"100001943024";"";"TV, audio, video a foto technika > Audio technika > Slúchadlá > Bezdrôtové slúchadlá > TWS slúchadlá";"";"";""
"100002136441";"";"TV, audio, video a foto technika > Audio technika > Slúchadlá > Bezdrôtové slúchadlá > Náhlavné bezdrôtové slúchadlá";"";"";""
"100002080840";"";"Počítače, mobily a tablety > WiFi routery a sieťové karty > WiFi routery";"";"";""
"100002136852";"";"Zdravie a starostlivosť > Starostlivosť o zuby > Náhradné hlavice na zubné kefky";"";"";""
"100002104321";"";"Zdravie a starostlivosť > Starostlivosť o vlasy > Žehličky na vlasy";"";"";""
"100002104319";"";"Zdravie a starostlivosť > Starostlivosť o vlasy > Žehličky na vlasy";"";"";""
"100002141232";"";"TV, audio, video a foto technika > Audio technika > Slúchadlá > Bezdrôtové slúchadlá > Náhlavné bezdrôtové slúchadlá";"";"";""
"100001932382";"";"Domáce spotrebiče > Vysávače > Tyčové vysávače";"";"";""
"100001474348";"";"Zdravie a starostlivosť > Starostlivosť o zuby > Elektrické zubné kefky";"";"";""
"100002136460";"";"TV, audio, video a foto technika > Audio technika > Slúchadlá > Bezdrôtové slúchadlá > TWS slúchadlá";"";"";""
"100001143309";"";"Zdravie a starostlivosť > Starostlivosť o zuby > Náhradné hlavice na zubné kefky";"";"";""
"100001947445";"";"Zdravie a starostlivosť > Starostlivosť o zuby > Elektrické zubné kefky";"";"";""
"100002106629";"";"Domáce spotrebiče > Kuchynské roboty a krájače > Mixéry a šľahače";"";"";""
"100002201605";"";"Domáce spotrebiče > Vysávače > Robotické vysávače";"";"";""
"100001926729";"";"Zdravie a starostlivosť > Starostlivosť o zuby > Náhradné hlavice na zubné kefky";"";"";""
"100002203428";"";"Domáce spotrebiče > Vysávače > Robotické vysávače";"";"";""
"100001952210";"";"Počítače, mobily a tablety > WiFi routery a sieťové karty > Sieťové switche";"";"";""
"100001879648";"";"TV, audio, video a foto technika > Audio technika > Slúchadlá > Bezdrôtové slúchadlá > TWS slúchadlá";"";"";""
"700060087798";"";"Počítače, mobily a tablety > WiFi routery a sieťové karty > WiFi routery";"";"";""
"100001937702";"";"TV, audio, video a foto technika > Audio technika > Slúchadlá > Bezdrôtové slúchadlá > Náhlavné bezdrôtové slúchadlá";"";"";""
"100002164562";"";"TV, audio, video a foto technika > Audio technika > Slúchadlá > Bezdrôtové slúchadlá > TWS slúchadlá";"";"";""
"100002122230";"";"Domáce spotrebiče > Vysávače > Tyčové vysávače";"";"";""
"100002080841";"";"Počítače, mobily a tablety > WiFi routery a sieťové karty > WiFi routery";"";"";""
"100002136859";"";"Zdravie a starostlivosť > Starostlivosť o zuby > Ústne sprchy";"";"";""
"100002134532";"";"Zdravie a starostlivosť > Starostlivosť o zuby > Elektrické zubné kefky";"";"";""
"100002200901";"";"Domáce spotrebiče > Vysávače > Robotické vysávače";"";"";""
"100002127798";"";"Domáce spotrebiče > Kuchynské roboty a krájače > Mixéry a šľahače";"";"";""
"100002136613";"";"TV, audio, video a foto technika > Audio technika > Slúchadlá > Bezdrôtové slúchadlá > TWS slúchadlá";"";"";""
"100001382813";"";"Domáce spotrebiče > Vysávače > Robotické vysávače";"";"";""
"100000612130";"";"Domáce spotrebiče > Vysávače > Tyčové vysávače";"";"";""
"100002201932";"";"Domáce spotrebiče > Kuchynské roboty a krájače > Mixéry a šľahače";"";"";""
"100000230484";"";"Počítače, mobily a tablety > WiFi routery a sieťové karty > WiFi routery";"";"";""
"100002171258";"";"TV, audio, video a foto technika > Audio technika > Slúchadlá > Bezdrôtové slúchadlá > Otvorené bezdrôtové slúchadlá";"";"";""
"100001474349";"";"Zdravie a starostlivosť > Starostlivosť o zuby > Elektrické zubné kefky";"";"";""
"100002067334";"";"Zdravie a starostlivosť > Starostlivosť o zuby > Elektrické zubné kefky";"";"";""
"100002141233";"";"TV, audio, video a foto technika > Audio technika > Slúchadlá > Bezdrôtové slúchadlá > Náhlavné bezdrôtové slúchadlá";"";"";""
"100002143863";"";"Zdravie a starostlivosť > Starostlivosť o vlasy > Fény a teplovzdušné kefy";"";"";""
"100002104378";"";"Zdravie a starostlivosť > Starostlivosť o vlasy > Kulmy na vlasy";"";"";""
"100002103616";"";"Zdravie a starostlivosť > Starostlivosť o vlasy > Fény a teplovzdušné kefy";"";"";""
"100002076076";"";"Zdravie a starostlivosť > Starostlivosť o vlasy > Žehličky na vlasy";"";"";""
"100002102793";"";"Domáce spotrebiče > Príprava nápojov > Rýchlovarné kanvice";"";"";""
"100002136617";"";"TV, audio, video a foto technika > Audio technika > Slúchadlá > Bezdrôtové slúchadlá > TWS slúchadlá";"";"";""
"100001937703";"";"TV, audio, video a foto technika > Audio technika > Slúchadlá > Bezdrôtové slúchadlá > Náhlavné bezdrôtové slúchadlá";"";"";""
"100002104380";"";"Zdravie a starostlivosť > Starostlivosť o vlasy > Kulmy na vlasy";"";"";""
"100002140967";"";"Domáce spotrebiče > Vysávače > Tyčové vysávače";"";"";""
"100000287894";"";"Zdravie a starostlivosť > Starostlivosť o vlasy > Kulmy na vlasy";"";"";""
"100002134553";"";"Domáce spotrebiče > Kuchynské roboty a krájače > Krájače potravín";"";"";""
"100001188937";"";"Počítače, mobily a tablety > WiFi routery a sieťové karty > WiFi routery";"";"";""
"100002136667";"";"Zdravie a starostlivosť > Starostlivosť o vlasy > Kulmy na vlasy";"";"";""
"100002200819";"";"TV, audio, video a foto technika > Audio technika > Slúchadlá > Bezdrôtové slúchadlá > Náhlavné bezdrôtové slúchadlá";"";"";""
"100002136679";"";"Domáce spotrebiče > Vysávače > Robotické vysávače";"";"";""
"700000497322";"";"Zdravie a starostlivosť > Starostlivosť o vlasy > Žehličky na vlasy";"";"";""
"100002130353";"";"Počítače, mobily a tablety > WiFi routery a sieťové karty > WiFi routery";"";"";""
"100002075227";"";"Zdravie a starostlivosť > Starostlivosť o zuby > Elektrické zubné kefky";"";"";""
"100001259413";"";"Počítače, mobily a tablety > WiFi routery a sieťové karty > WiFi routery";"";"";""
"100002143049";"";"Zdravie a starostlivosť > Starostlivosť o zuby > Náhradné hlavice na zubné kefky";"";"";""
"341910054421";"";"Domáce spotrebiče > Vysávače > Vreckové a bezvreckové vysávače";"";"";""
"100001784587";"";"Domáce spotrebiče > Kuchynské roboty a krájače > Mixéry a šľahače";"";"";""
"100002127803";"";"Domáce spotrebiče > Kuchynské roboty a krájače > Mixéry a šľahače";"";"";""
"100002127797";"";"Domáce spotrebiče > Kuchynské roboty a krájače > Mixéry a šľahače";"";"";""
"100002136528";"";"Domáce spotrebiče > Kuchynské roboty a krájače > Mixéry a šľahače";"";"";""
"100002136454";"";"TV, audio, video a foto technika > Audio technika > Slúchadlá > Bezdrôtové slúchadlá > TWS slúchadlá";"";"";""
"100001932194";"";"Počítače, mobily a tablety > WiFi routery a sieťové karty > WiFi routery";"";"";""
"100002144218";"";"Domáce spotrebiče > Kuchynské roboty a krájače > Mixéry a šľahače";"";"";""
"100002136820";"";"Zdravie a starostlivosť > Starostlivosť o zuby > Elektrické zubné kefky";"";"";""
"100001881378";"";"Zdravie a starostlivosť > Starostlivosť o zuby > Ústne sprchy";"";"";""
"100002134526";"";"Zdravie a starostlivosť > Starostlivosť o zuby > Ústne sprchy";"";"";""
"100002062798";"";"Domáce spotrebiče > Vysávače > Tyčové vysávače";"";"";""
"100001859380";"";"Počítače, mobily a tablety > WiFi routery a sieťové karty > WiFi routery";"";"";""
"100002199356";"";"Zdravie a starostlivosť > Starostlivosť o zuby > Elektrické zubné kefky";"";"";""
"100002204048";"";"Zdravie a starostlivosť > Starostlivosť o vlasy > Žehličky na vlasy";"";"";""
"100002193619";"";"Domáce spotrebiče > Vysávače > Robotické vysávače";"";"";""
"100000287895";"";"Zdravie a starostlivosť > Starostlivosť o vlasy > Kulmy na vlasy";"";"";""
"100002143503";"";"TV, audio, video a foto technika > Audio technika > Slúchadlá > Bezdrôtové slúchadlá > TWS slúchadlá";"";"";""
"340110054421";"";"Domáce spotrebiče > Kuchynské roboty a krájače > Krájače potravín";"";"";""
"100002129969";"";"Domáce spotrebiče > Kuchynské roboty a krájače > Mixéry a šľahače";"";"";""
"100001517301";"";"Zdravie a starostlivosť > Starostlivosť o zuby > Elektrické zubné kefky";"";"";""
"100002104087";"";"TV, audio, video a foto technika > Audio technika > Slúchadlá > Bezdrôtové slúchadlá > TWS slúchadlá";"";"";""
"100002202361";"";"Zdravie a starostlivosť > Starostlivosť o vlasy > Fény a teplovzdušné kefy";"";"";""
"100002134757";"";"Domáce spotrebiče > Vysávače > Robotické vysávače";"";"";""
"100002104381";"";"Zdravie a starostlivosť > Starostlivosť o vlasy > Kulmy na vlasy";"";"";""
"100002193623";"";"Domáce spotrebiče > Vysávače > Robotické vysávače";"";"";""
"100000654805";"";"Počítače, mobily a tablety > WiFi routery a sieťové karty > WiFi routery";"";"";""
"100001807463";"";"Zdravie a starostlivosť > Starostlivosť o zuby > Elektrické zubné kefky";"";"";""
"700010427393";"";"Domáce spotrebiče > Kuchynské roboty a krájače > Krájače potravín";"";"";""
"100001947583";"";"Zdravie a starostlivosť > Starostlivosť o vlasy > Fény a teplovzdušné kefy";"";"";""
"100002136816";"";"Zdravie a starostlivosť > Starostlivosť o zuby > Elektrické zubné kefky";"";"";""
"100000969027";"";"Zdravie a starostlivosť > Starostlivosť o zuby > Elektrické zubné kefky";"";"";""
"100001947447";"";"Zdravie a starostlivosť > Starostlivosť o zuby > Elektrické zubné kefky";"";"";""
"100001714207";"";"Počítače, mobily a tablety > WiFi routery a sieťové karty > WiFi routery";"";"";""
"100001143308";"";"Zdravie a starostlivosť > Starostlivosť o zuby > Náhradné hlavice na zubné kefky";"";"";""
"100001575230";"";"Zdravie a starostlivosť > Starostlivosť o zuby > Náhradné hlavice na zubné kefky";"";"";""
"100001942520";"";"TV, audio, video a foto technika > Audio technika > Slúchadlá > Bezdrôtové slúchadlá > TWS slúchadlá";"";"";""
"100001456315";"";"Počítače, mobily a tablety > WiFi routery a sieťové karty > WiFi routery";"";"";""
"100002193621";"";"Domáce spotrebiče > Vysávače > Robotické vysávače";"";"";""
"100001091013";"";"Zdravie a starostlivosť > Starostlivosť o zuby > Elektrické zubné kefky";"";"";""
"100002136840";"";"Zdravie a starostlivosť > Starostlivosť o zuby > Náhradné hlavice na zubné kefky";"";"";""
"100002134398";"";"TV, audio, video a foto technika > Audio technika > Slúchadlá > Bezdrôtové slúchadlá > Náhlavné bezdrôtové slúchadlá";"";"";""
"100002136851";"";"Zdravie a starostlivosť > Starostlivosť o zuby > Náhradné hlavice na zubné kefky";"";"";""
"100002199353";"";"Zdravie a starostlivosť > Starostlivosť o zuby > Elektrické zubné kefky";"";"";""
"100001945549";"";"Chovateľské potreby > Starostlivosť o zvieratá";"";"";""
"100002134756";"";"Domáce spotrebiče > Vysávače > Robotické vysávače";"";"";""
"100002136846";"";"Zdravie a starostlivosť > Starostlivosť o zuby > Náhradné hlavice na zubné kefky";"";"";""
"100002104377";"";"Zdravie a starostlivosť > Starostlivosť o vlasy > Fény a teplovzdušné kefy";"";"";""
"100002200140";"";"TV, audio, video a foto technika > Audio technika > Slúchadlá > Bezdrôtové slúchadlá > TWS slúchadlá";"";"";""
"100002141763";"";"Zdravie a starostlivosť > Starostlivosť o zuby > Ústne sprchy";"";"";""
"100002102805";"";"Domáce spotrebiče > Príprava nápojov > Rýchlovarné kanvice";"";"";""
"100002171241";"";"TV, audio, video a foto technika > Audio technika > Slúchadlá > Bezdrôtové slúchadlá > Otvorené bezdrôtové slúchadlá";"";"";""
"100002171257";"";"TV, audio, video a foto technika > Audio technika > Slúchadlá > Bezdrôtové slúchadlá > Otvorené bezdrôtové slúchadlá";"";"";""
"100002065022";"";"Zdravie a starostlivosť > Starostlivosť o zuby > Elektrické zubné kefky";"";"";""
"100002201604";"";"Domáce spotrebiče > Vysávače > Robotické vysávače";"";"";""
"100000855831";"";"Domáce spotrebiče > Vysávače > Tyčové vysávače";"";"";""
"100001321385";"";"Domáce spotrebiče > Kuchynské roboty a krájače > Mixéry a šľahače";"";"";""
"100002073242";"";"Domáce spotrebiče > Kuchynské roboty a krájače > Mixéry a šľahače";"";"";""
"100002070005";"";"Počítače, mobily a tablety > WiFi routery a sieťové karty > WiFi routery";"";"";""
"100002104089";"";"TV, audio, video a foto technika > Audio technika > Slúchadlá > Bezdrôtové slúchadlá > TWS slúchadlá";"";"";""
"100002080837";"";"Počítače, mobily a tablety > WiFi routery a sieťové karty > WiFi routery";"";"";""
"999050167798";"";"Počítače, mobily a tablety > WiFi routery a sieťové karty > Sieťové switche";"";"";""
"100002136676";"";"Domáce spotrebiče > Vysávače > Tyčové vysávače";"";"";""
"100002196856";"";"Zdravie a starostlivosť > Starostlivosť o vlasy > Kulmy na vlasy";"";"";""
"100002068229";"";"Domáce spotrebiče > Kuchynské roboty a krájače > Mixéry a šľahače";"";"";""
"100002201599";"";"Domáce spotrebiče > Vysávače > Robotické vysávače";"";"";""
"100001725281";"";"Počítače, mobily a tablety > WiFi routery a sieťové karty > WiFi routery";"";"";""
"700000127322";"";"Zdravie a starostlivosť > Starostlivosť o vlasy > Kulmy na vlasy";"";"";""
"100001020862";"";"Domáce spotrebiče > Vysávače > Tyčové vysávače";"";"";""
"100002076339";"";"TV, audio, video a foto technika > Audio technika > Slúchadlá > Bezdrôtové slúchadlá > TWS slúchadlá";"";"";""
"100002136609";"";"TV, audio, video a foto technika > Audio technika > Slúchadlá > Bezdrôtové slúchadlá > TWS slúchadlá";"";"";""
"100002104320";"";"Zdravie a starostlivosť > Starostlivosť o vlasy > Žehličky na vlasy";"";"";""
"100002127087";"";"Domáce spotrebiče > Kuchynské roboty a krájače > Mixéry a šľahače";"";"";""
"100002130996";"";"Domáce spotrebiče > Vysávače > Robotické vysávače";"";"";""
"100002202385";"";"Domáce spotrebiče > Vysávače > Tyčové vysávače";"";"";""
"100002103586";"";"Domáce spotrebiče > Vysávače > Tyčové vysávače";"";"";""
"100001880340";"";"Domáce spotrebiče > Kuchynské roboty a krájače > Krájače potravín";"";"";""
"100000392640";"";"Domáce spotrebiče > Vysávače > Vreckové a bezvreckové vysávače";"";"";""
"100001879481";"";"Zdravie a starostlivosť > Starostlivosť o vlasy > Fény a teplovzdušné kefy";"";"";""
"999012825223";"";"Počítače, mobily a tablety > WiFi routery a sieťové karty > Sieťové switche";"";"";""
"100002202886";"";"Domáce spotrebiče > Vysávače > Robotické vysávače";"";"";""
"100002193626";"";"Domáce spotrebiče > Vysávače > Robotické vysávače";"";"";""
"100002136680";"";"Domáce spotrebiče > Vysávače > Robotické vysávače";"";"";""
"100000729261";"";"Domáce spotrebiče > Príprava nápojov > Filtračné kanvice";"";"";""
"210610217798";"";"Počítače, mobily a tablety > WiFi routery a sieťové karty > WiFi routery";"";"";""
"100001881363";"";"Zdravie a starostlivosť > Starostlivosť o zuby > Elektrické zubné kefky";"";"";""
"100002161601";"";"Počítače, mobily a tablety > WiFi routery a sieťové karty > WiFi routery";"";"";""
"210670105223";"";"Počítače, mobily a tablety > WiFi routery a sieťové karty > Sieťové switche";"";"";""
"100002136452";"";"TV, audio, video a foto technika > Audio technika > Slúchadlá > Bezdrôtové slúchadlá > TWS slúchadlá";"";"";""
"100002200822";"";"TV, audio, video a foto technika > Audio technika > Slúchadlá > Bezdrôtové slúchadlá > Náhlavné bezdrôtové slúchadlá";"";"";""
"341410116048";"";"Zdravie a starostlivosť > Starostlivosť o zuby > Elektrické zubné kefky";"";"";""
"100002171251";"";"TV, audio, video a foto technika > Audio technika > Slúchadlá > Bezdrôtové slúchadlá > Otvorené bezdrôtové slúchadlá";"";"";""
"100002078658";"";"Počítače, mobily a tablety > WiFi routery a sieťové karty > WiFi routery";"";"";""
"100002202107";"";"Domáce spotrebiče > Kuchynské roboty a krájače > Kuchynské roboty";"";"";""
"100002202099";"";"Domáce spotrebiče > Kuchynské roboty a krájače > Mixéry a šľahače";"";"";""
"100002073671";"";"Zdravie a starostlivosť > Starostlivosť o vlasy > Fény a teplovzdušné kefy";"";"";""
"100002142393";"";"Domáce spotrebiče > Kuchynské roboty a krájače > Mixéry a šľahače";"";"";""
"100001434520";"";"Domáce spotrebiče > Príprava nápojov > Rýchlovarné kanvice";"";"";""
"100000661729";"";"Počítače, mobily a tablety > WiFi routery a sieťové karty > Sieťové switche";"";"";""
"100002136605";"";"TV, audio, video a foto technika > Audio technika > Slúchadlá > Bezdrôtové slúchadlá > TWS slúchadlá";"";"";""
"100002118619";"";"TV, audio, video a foto technika > Audio technika > Slúchadlá > Bezdrôtové slúchadlá > Otvorené bezdrôtové slúchadlá";"";"";""
"100002142425";"";"Domáce spotrebiče > Vysávače > Tyčové vysávače";"";"";""
"100002203348";"";"Domáce spotrebiče > Vysávače > Robotické vysávače";"";"";""
"100002131566";"";"Zdravie a starostlivosť > Starostlivosť o vlasy > Žehličky na vlasy";"";"";""
"100002164092";"";"TV, audio, video a foto technika > Audio technika > Slúchadlá > Bezdrôtové slúchadlá > TWS slúchadlá";"";"";""
"100002130938";"";"Domáce spotrebiče > Príprava nápojov > Filtračné kanvice";"";"";""
"100001117897";"";"Zdravie a starostlivosť > Starostlivosť o vlasy > Fény a teplovzdušné kefy";"";"";""
"100000729138";"";"Domáce spotrebiče > Vysávače > Tyčové vysávače";"";"";""
"100002202274";"";"Zdravie a starostlivosť > Starostlivosť o vlasy > Fény a teplovzdušné kefy";"";"";""
"100001827939";"";"Zdravie a starostlivosť > Starostlivosť o zuby > Elektrické zubné kefky";"";"";""
"100002143044";"";"Zdravie a starostlivosť > Starostlivosť o zuby > Elektrické zubné kefky";"";"";""
"100002201056";"";"TV, audio, video a foto technika > Audio technika > Slúchadlá > Bezdrôtové slúchadlá > TWS slúchadlá";"";"";""
"100002099781";"";"Zdravie a starostlivosť > Starostlivosť o zuby > Náhradné hlavice na zubné kefky";"";"";""
"100001959009";"";"Zdravie a starostlivosť > Starostlivosť o zuby > Náhradné hlavice na zubné kefky";"";"";""
"100001392402";"";"Zdravie a starostlivosť > Starostlivosť o vlasy > Žehličky na vlasy";"";"";""
"100000902778";"";"Domáce spotrebiče > Vysávače > Vreckové a bezvreckové vysávače";"";"";""
"100002103471";"";"Domáce spotrebiče > Vysávače > Tyčové vysávače";"";"";""
"100002202469";"";"Domáce spotrebiče > Vysávače > Robotické vysávače";"";"";""
"100002143502";"";"TV, audio, video a foto technika > Audio technika > Slúchadlá > Bezdrôtové slúchadlá > TWS slúchadlá";"";"";""
"100002136812";"";"Zdravie a starostlivosť > Starostlivosť o zuby > Elektrické zubné kefky";"";"";""
"100002127593";"";"Zdravie a starostlivosť > Starostlivosť o zuby > Náhradné hlavice na zubné kefky";"";"";""
"100002200541";"";"Domáce spotrebiče > Vysávače > Robotické vysávače";"";"";""
"100000922497";"";"Domáce spotrebiče > Vysávače > Vreckové a bezvreckové vysávače";"";"";""
"100001857615";"";"Domáce spotrebiče > Kuchynské roboty a krájače > Kuchynské roboty";"";"";""
"100000728772";"";"Zdravie a starostlivosť > Starostlivosť o zuby > Náhradné hlavice na zubné kefky";"";"";""
"100002136856";"";"Zdravie a starostlivosť > Starostlivosť o zuby > Náhradné hlavice na zubné kefky";"";"";""
"100001749172";"";"Zdravie a starostlivosť > Starostlivosť o vlasy > Fény a teplovzdušné kefy";"";"";""
"100002129940";"";"Domáce spotrebiče > Kuchynské roboty a krájače > Mixéry a šľahače";"";"";""
"100002136453";"";"TV, audio, video a foto technika > Audio technika > Slúchadlá > Bezdrôtové slúchadlá > TWS slúchadlá";"";"";""
"100002070645";"";"Domáce spotrebiče > Vysávače > Robotické vysávače";"";"";""
"100002129934";"";"Domáce spotrebiče > Kuchynské roboty a krájače > Mixéry a šľahače";"";"";""
"100002172298";"";"Domáce spotrebiče > Kuchynské roboty a krájače > Mixéry a šľahače";"";"";""
"100002104386";"";"Zdravie a starostlivosť > Starostlivosť o vlasy > Žehličky na vlasy";"";"";""
"100002142389";"";"Domáce spotrebiče > Kuchynské roboty a krájače > Mixéry a šľahače";"";"";""
"100002130285";"";"Domáce spotrebiče > Vysávače > Tyčové vysávače";"";"";""
"100002143945";"";"Domáce spotrebiče > Príprava nápojov > Rýchlovarné kanvice";"";"";""
"700010557393";"";"Domáce spotrebiče > Kuchynské roboty a krájače > Kuchynské roboty";"";"";""
"100002201866";"";"Domáce spotrebiče > Vysávače > Tyčové vysávače";"";"";""
"100002128735";"";"Zdravie a starostlivosť > Starostlivosť o vlasy > Žehličky na vlasy";"";"";""
"100002102835";"";"Domáce spotrebiče > Kuchynské roboty a krájače > Krájače potravín";"";"";""
"100002136827";"";"Zdravie a starostlivosť > Starostlivosť o zuby > Elektrické zubné kefky";"";"";""
"100002099616";"";"Domáce spotrebiče > Príprava nápojov > Rýchlovarné kanvice";"";"";""
"999012845223";"";"Počítače, mobily a tablety > WiFi routery a sieťové karty > Sieťové switche";"";"";""
"100002102787";"";"Zdravie a starostlivosť > Starostlivosť o vlasy > Kulmy na vlasy";"";"";""
"100002102419";"";"Domáce spotrebiče > Kuchynské roboty a krájače > Mixéry a šľahače";"";"";""
"100002136582";"";"TV, audio, video a foto technika > Audio technika > Slúchadlá > Bezdrôtové slúchadlá > TWS slúchadlá";"";"";""
"100002202558";"";"Domáce spotrebiče > Vysávače > Tyčové vysávače";"";"";""
"100002123624";"";"Domáce spotrebiče > Vysávače > Tyčové vysávače";"";"";""
"100001540889";"";"Domáce spotrebiče > Kuchynské roboty a krájače > Mixéry a šľahače";"";"";""
"100002201849";"";"Zdravie a starostlivosť > Starostlivosť o zuby > Náhradné hlavice na zubné kefky";"";"";""
"100002202096";"";"Domáce spotrebiče > Príprava nápojov > Rýchlovarné kanvice";"";"";""
"100001880335";"";"Domáce spotrebiče > Kuchynské roboty a krájače > Krájače potravín";"";"";""
"341720117322";"";"Zdravie a starostlivosť > Starostlivosť o vlasy > Žehličky na vlasy";"";"";""
"100000196881";"";"Počítače, mobily a tablety > WiFi routery a sieťové karty > WiFi routery";"";"";""
"100002127808";"";"Domáce spotrebiče > Kuchynské roboty a krájače > Mixéry a šľahače";"";"";""
"100001143307";"";"Zdravie a starostlivosť > Starostlivosť o zuby > Náhradné hlavice na zubné kefky";"";"";""
"100002204052";"";"Zdravie a starostlivosť > Starostlivosť o vlasy > Žehličky na vlasy";"";"";""
"100002134376";"";"TV, audio, video a foto technika > Audio technika > Slúchadlá > Bezdrôtové slúchadlá > TWS slúchadlá";"";"";""
"100000949204";"";"Domáce spotrebiče > Kuchynské roboty a krájače > Mixéry a šľahače";"";"";""
"100001737765";"";"TV, audio, video a foto technika > Audio technika > Slúchadlá > Bezdrôtové slúchadlá > TWS slúchadlá";"";"";""
"100001880337";"";"Domáce spotrebiče > Kuchynské roboty a krájače > Krájače potravín";"";"";""
"100002143572";"";"Domáce spotrebiče > Kuchynské roboty a krájače > Mixéry a šľahače";"";"";""
"100001879653";"";"TV, audio, video a foto technika > Audio technika > Slúchadlá > Bezdrôtové slúchadlá > TWS slúchadlá";"";"";""
"100001117894";"";"Zdravie a starostlivosť > Starostlivosť o vlasy > Kulmy na vlasy";"";"";""
"100002073652";"";"Domáce spotrebiče > Vysávače > Tyčové vysávače";"";"";""
"100001771960";"";"TV, audio, video a foto technika > Audio technika > Slúchadlá > Bezdrôtové slúchadlá > TWS slúchadlá";"";"";""
"100002135097";"";"Počítače, mobily a tablety > WiFi routery a sieťové karty > WiFi routery";"";"";""
"100002130047";"";"Domáce spotrebiče > Príprava nápojov > Rýchlovarné kanvice";"";"";""
"100002104388";"";"Zdravie a starostlivosť > Starostlivosť o vlasy > Žehličky na vlasy";"";"";""
"100001411581";"";"Zdravie a starostlivosť > Starostlivosť o vlasy > Žehličky na vlasy";"";"";""
"100002130344";"";"Domáce spotrebiče > Príprava nápojov > Filtračné kanvice";"";"";""
"100002136674";"";"Domáce spotrebiče > Vysávače > Tyčové vysávače";"";"";""
"100001117926";"";"Domáce spotrebiče > Kuchynské roboty a krájače > Kuchynské roboty";"";"";""
"100002099630";"";"Domáce spotrebiče > Kuchynské roboty a krájače > Krájače potravín";"";"";""
"100000661731";"";"Počítače, mobily a tablety > WiFi routery a sieťové karty > Sieťové switche";"";"";""
"100001881380";"";"Zdravie a starostlivosť > Starostlivosť o zuby > Ústne sprchy";"";"";""
"100002129933";"";"Domáce spotrebiče > Kuchynské roboty a krájače > Mixéry a šľahače";"";"";""
"100002128201";"";"Domáce spotrebiče > Kuchynské roboty a krájače > Mixéry a šľahače";"";"";""
"100002136858";"";"Zdravie a starostlivosť > Starostlivosť o zuby > Ústne sprchy";"";"";""
"100002120817";"";"Zdravie a starostlivosť > Starostlivosť o zuby > Elektrické zubné kefky";"";"";""
"100001827927";"";"Zdravie a starostlivosť > Starostlivosť o zuby > Elektrické zubné kefky";"";"";""
"100001929938";"";"Počítače, mobily a tablety > WiFi routery a sieťové karty > Sieťové switche";"";"";""
"100002203021";"";"Domáce spotrebiče > Kuchynské roboty a krájače > Mixéry a šľahače";"";"";""
"100002172302";"";"Zdravie a starostlivosť > Starostlivosť o vlasy > Kulmy na vlasy";"";"";""
"100001826929";"";"Počítače, mobily a tablety > WiFi routery a sieťové karty > WiFi routery";"";"";""
"100000570639";"";"Domáce spotrebiče > Kuchynské roboty a krájače > Mixéry a šľahače";"";"";""
"100002136833";"";"Zdravie a starostlivosť > Starostlivosť o zuby > Elektrické zubné kefky";"";"";""
"100002136824";"";"Zdravie a starostlivosť > Starostlivosť o zuby > Elektrické zubné kefky";"";"";""
"100002136809";"";"Zdravie a starostlivosť > Starostlivosť o zuby > Elektrické zubné kefky";"";"";""
"210670115223";"";"Počítače, mobily a tablety > WiFi routery a sieťové karty > Sieťové switche";"";"";""
"100002113524";"";"TV, audio, video a foto technika > Audio technika > Slúchadlá > Bezdrôtové slúchadlá > TWS slúchadlá";"";"";""
"100002164673";"";"TV, audio, video a foto technika > Audio technika > Slúchadlá > Bezdrôtové slúchadlá > TWS slúchadlá";"";"";""
"100002141228";"";"TV, audio, video a foto technika > Audio technika > Slúchadlá > Bezdrôtové slúchadlá > Náhlavné bezdrôtové slúchadlá";"";"";""
"100002136853";"";"Zdravie a starostlivosť > Starostlivosť o zuby > Náhradné hlavice na zubné kefky";"";"";""
"100002202175";"";"Zdravie a starostlivosť > Starostlivosť o vlasy > Kulmy na vlasy";"";"";""
"100002130328";"";"Počítače, mobily a tablety > WiFi routery a sieťové karty > WiFi routery";"";"";""
"100000456586";"";"Počítače, mobily a tablety > WiFi routery a sieťové karty > Sieťové switche";"";"";""
"100002136849";"";"Zdravie a starostlivosť > Starostlivosť o zuby > Náhradné hlavice na zubné kefky";"";"";""
"100001879457";"";"Domáce spotrebiče > Kuchynské roboty a krájače > Mixéry a šľahače";"";"";""
"100002118454";"";"Počítače, mobily a tablety > WiFi routery a sieťové karty > WiFi routery";"";"";""
"100002130985";"";"Domáce spotrebiče > Vysávače > Robotické vysávače";"";"";""
"100002130942";"";"Domáce spotrebiče > Príprava nápojov > Filtračné kanvice";"";"";""
"100001163944";"";"Domáce spotrebiče > Vysávače > Vreckové a bezvreckové vysávače";"";"";""
"100001880345";"";"Domáce spotrebiče > Kuchynské roboty a krájače > Krájače potravín";"";"";""
"999050637798";"";"Počítače, mobily a tablety > WiFi routery a sieťové karty > Sieťové switche";"";"";""
"100002202101";"";"Domáce spotrebiče > Príprava nápojov > Rýchlovarné kanvice";"";"";""
"100002203349";"";"Domáce spotrebiče > Vysávače > Robotické vysávače";"";"";""
"100002143061";"";"Zdravie a starostlivosť > Starostlivosť o zuby > Náhradné hlavice na zubné kefky";"";"";""
"100002202424";"";"Zdravie a starostlivosť > Starostlivosť o zuby > Elektrické zubné kefky";"";"";""
"100002203374";"";"Domáce spotrebiče > Vysávače > Tyčové vysávače";"";"";""
"341730277322";"";"Zdravie a starostlivosť > Starostlivosť o vlasy > Žehličky na vlasy";"";"";""
"100002202132";"";"Domáce spotrebiče > Príprava nápojov > Rýchlovarné kanvice";"";"";""
"100002200802";"";"Zdravie a starostlivosť > Starostlivosť o zuby > Náhradné hlavice na zubné kefky";"";"";""
"100002126702";"";"Domáce spotrebiče > Vysávače > Tyčové vysávače";"";"";""
"100002193624";"";"Domáce spotrebiče > Vysávače > Robotické vysávače";"";"";""
"100002104379";"";"Zdravie a starostlivosť > Starostlivosť o vlasy > Kulmy na vlasy";"";"";""
"100002136462";"";"TV, audio, video a foto technika > Audio technika > Slúchadlá > Bezdrôtové slúchadlá > TWS slúchadlá";"";"";""
"700000097322";"";"Zdravie a starostlivosť > Starostlivosť o vlasy > Kulmy na vlasy";"";"";""
"100000728941";"";"Domáce spotrebiče > Príprava nápojov > Rýchlovarné kanvice";"";"";""
"100001474347";"";"Zdravie a starostlivosť > Starostlivosť o zuby > Elektrické zubné kefky";"";"";""
"100002069172";"";"Zdravie a starostlivosť > Starostlivosť o zuby > Elektrické zubné kefky";"";"";""
"100002128736";"";"Zdravie a starostlivosť > Starostlivosť o vlasy > Žehličky na vlasy";"";"";""
"100001228613";"";"Počítače, mobily a tablety > WiFi routery a sieťové karty > WiFi routery";"";"";""
"100002201057";"";"TV, audio, video a foto technika > Audio technika > Slúchadlá > Bezdrôtové slúchadlá > TWS slúchadlá";"";"";""
"100002099672";"";"Zdravie a starostlivosť > Starostlivosť o zuby > Elektrické zubné kefky";"";"";""
"100001879470";"";"Domáce spotrebiče > Kuchynské roboty a krájače > Krájače potravín";"";"";""
"100002136837";"";"Zdravie a starostlivosť > Starostlivosť o zuby > Elektrické zubné kefky";"";"";""
"100002134294";"";"Domáce spotrebiče > Kuchynské roboty a krájače > Kuchynské roboty";"";"";""
"100002128468";"";"Zdravie a starostlivosť > Starostlivosť o vlasy > Žehličky na vlasy";"";"";""
"999012815223";"";"Počítače, mobily a tablety > WiFi routery a sieťové karty > Sieťové switche";"";"";""
"100001879460";"";"Domáce spotrebiče > Kuchynské roboty a krájače > Mixéry a šľahače";"";"";""
"100002134758";"";"Domáce spotrebiče > Vysávače > Robotické vysávače";"";"";""
"100000514280";"";"Zdravie a starostlivosť > Starostlivosť o zuby > Elektrické zubné kefky";"";"";""
"100002143055";"";"Zdravie a starostlivosť > Starostlivosť o zuby > Náhradné hlavice na zubné kefky";"";"";""
"100000230476";"";"Počítače, mobily a tablety > WiFi routery a sieťové karty > WiFi routery";"";"";""
"100002130352";"";"Počítače, mobily a tablety > WiFi routery a sieťové karty > WiFi routery";"";"";""
"100001949816";"";"Počítače, mobily a tablety > WiFi routery a sieťové karty > Sieťové switche";"";"";""
"100002171237";"";"TV, audio, video a foto technika > Audio technika > Slúchadlá > Bezdrôtové slúchadlá > Otvorené bezdrôtové slúchadlá";"";"";""
"100002121248";"";"TV, audio, video a foto technika > Audio technika > Slúchadlá > Bezdrôtové slúchadlá > TWS slúchadlá";"";"";""
"100002201848";"";"Zdravie a starostlivosť > Starostlivosť o zuby > Náhradné hlavice na zubné kefky";"";"";""
"100000969007";"";"Zdravie a starostlivosť > Starostlivosť o vlasy > Fény a teplovzdušné kefy";"";"";""
"100002073647";"";"Domáce spotrebiče > Vysávače > Robotické vysávače";"";"";""
"100000859854";"";"Počítače, mobily a tablety > WiFi routery a sieťové karty > WiFi routery";"";"";""
"100001919285";"";"Zdravie a starostlivosť > Starostlivosť o vlasy > Žehličky na vlasy";"";"";""
"100002136831";"";"Zdravie a starostlivosť > Starostlivosť o zuby > Elektrické zubné kefky";"";"";""
"100002102833";"";"Domáce spotrebiče > Kuchynské roboty a krájače > Kuchynské roboty";"";"";""
"100002202100";"";"Domáce spotrebiče > Kuchynské roboty a krájače > Mixéry a šľahače";"";"";""
"100002120935";"";"TV, audio, video a foto technika > Audio technika > Slúchadlá > Bezdrôtové slúchadlá > TWS slúchadlá";"";"";""
"100002127583";"";"Domáce spotrebiče > Kuchynské roboty a krájače > Krájače potravín";"";"";""
"100002075307";"";"TV, audio, video a foto technika > Audio technika > Slúchadlá > Bezdrôtové slúchadlá > TWS slúchadlá";"";"";""
"100002202129";"";"Zdravie a starostlivosť > Starostlivosť o vlasy > Fény a teplovzdušné kefy";"";"";""
"100002201668";"";"TV, audio, video a foto technika > Audio technika > Slúchadlá > Bezdrôtové slúchadlá > TWS slúchadlá";"";"";""
"100001740384";"";"Zdravie a starostlivosť > Starostlivosť o vlasy > Kulmy na vlasy";"";"";""
"100002104387";"";"Zdravie a starostlivosť > Starostlivosť o vlasy > Žehličky na vlasy";"";"";""
"100002067662";"";"Domáce spotrebiče > Kuchynské roboty a krájače > Mixéry a šľahače";"";"";""
"100002101647";"";"Domáce spotrebiče > Príprava nápojov > Filtračné kanvice";"";"";""
"100002068794";"";"Domáce spotrebiče > Príprava nápojov > Rýchlovarné kanvice";"";"";""
"100001937697";"";"TV, audio, video a foto technika > Audio technika > Slúchadlá > Bezdrôtové slúchadlá > Náhlavné bezdrôtové slúchadlá";"";"";""
"100002068296";"";"Domáce spotrebiče > Kuchynské roboty a krájače > Mixéry a šľahače";"";"";""
"100001228605";"";"Počítače, mobily a tablety > WiFi routery a sieťové karty > WiFi routery";"";"";""
"100000035300";"";"Zdravie a starostlivosť > Starostlivosť o vlasy > Fény a teplovzdušné kefy";"";"";""
"100002118859";"";"TV, audio, video a foto technika > Audio technika > Slúchadlá > Bezdrôtové slúchadlá > Náhlavné bezdrôtové slúchadlá";"";"";""
"100002076688";"";"Zdravie a starostlivosť > Starostlivosť o zuby > Náhradné hlavice na zubné kefky";"";"";""
"100002129968";"";"Domáce spotrebiče > Kuchynské roboty a krájače > Mixéry a šľahače";"";"";""
"100000109569";"";"Zdravie a starostlivosť > Starostlivosť o vlasy > Fény a teplovzdušné kefy";"";"";""
"100002076684";"";"Zdravie a starostlivosť > Starostlivosť o zuby > Náhradné hlavice na zubné kefky";"";"";""
"100001392520";"";"Domáce spotrebiče > Vysávače > Vreckové a bezvreckové vysávače";"";"";""
"100002101646";"";"Domáce spotrebiče > Príprava nápojov > Filtračné kanvice";"";"";""
"100002106663";"";"Zdravie a starostlivosť > Starostlivosť o zuby > Ústne sprchy";"";"";""
"100001321386";"";"Domáce spotrebiče > Vysávače > Tyčové vysávače";"";"";""
"100002161602";"";"Počítače, mobily a tablety > WiFi routery a sieťové karty > WiFi routery";"";"";""
"100002128726";"";"Zdravie a starostlivosť > Starostlivosť o vlasy > Kulmy na vlasy";"";"";""
"100001879647";"";"TV, audio, video a foto technika > Audio technika > Slúchadlá > Bezdrôtové slúchadlá > TWS slúchadlá";"";"";""
"100002075228";"";"Zdravie a starostlivosť > Starostlivosť o zuby > Elektrické zubné kefky";"";"";""
"100002143042";"";"Zdravie a starostlivosť > Starostlivosť o zuby > Elektrické zubné kefky";"";"";""
"100002080835";"";"Počítače, mobily a tablety > WiFi routery a sieťové karty > WiFi routery";"";"";""
"100002136608";"";"TV, audio, video a foto technika > Audio technika > Slúchadlá > Bezdrôtové slúchadlá > TWS slúchadlá";"";"";""
"100001947446";"";"Zdravie a starostlivosť > Starostlivosť o zuby > Elektrické zubné kefky";"";"";""
"100002080839";"";"Počítače, mobily a tablety > WiFi routery a sieťové karty > WiFi routery";"";"";""
"100002130922";"";"Domáce spotrebiče > Príprava nápojov > Filtračné kanvice";"";"";""
"100002136843";"";"Zdravie a starostlivosť > Starostlivosť o zuby > Náhradné hlavice na zubné kefky";"";"";""
"100002136845";"";"Zdravie a starostlivosť > Starostlivosť o zuby > Náhradné hlavice na zubné kefky";"";"";""
"100002129385";"";"Zdravie a starostlivosť > Starostlivosť o vlasy > Fény a teplovzdušné kefy";"";"";""
"100000431999";"";"Počítače, mobily a tablety > WiFi routery a sieťové karty > WiFi routery";"";"";""
"100002143052";"";"Zdravie a starostlivosť > Starostlivosť o zuby > Náhradné hlavice na zubné kefky";"";"";""
"100002129888";"";"Domáce spotrebiče > Príprava nápojov > Rýchlovarné kanvice";"";"";""
"100002136527";"";"Domáce spotrebiče > Kuchynské roboty a krájače > Mixéry a šľahače";"";"";""
"100002143063";"";"Zdravie a starostlivosť > Starostlivosť o zuby > Náhradné hlavice na zubné kefky";"";"";""
"100002065260";"";"Zdravie a starostlivosť > Starostlivosť o vlasy > Fény a teplovzdušné kefy";"";"";""
"100002128197";"";"Zdravie a starostlivosť > Starostlivosť o vlasy > Kulmy na vlasy";"";"";""
"100002134535";"";"Zdravie a starostlivosť > Starostlivosť o zuby > Elektrické zubné kefky";"";"";""
"100001117964";"";"Domáce spotrebiče > Kuchynské roboty a krájače > Mixéry a šľahače";"";"";""
"100001456314";"";"Počítače, mobily a tablety > WiFi routery a sieťové karty > WiFi routery";"";"";""
"100002130330";"";"Počítače, mobily a tablety > WiFi routery a sieťové karty > WiFi routery";"";"";""
"100001117927";"";"Domáce spotrebiče > Kuchynské roboty a krájače > Kuchynské roboty";"";"";""
"100002076683";"";"Zdravie a starostlivosť > Starostlivosť o zuby > Náhradné hlavice na zubné kefky";"";"";""
"100002136610";"";"TV, audio, video a foto technika > Audio technika > Slúchadlá > Bezdrôtové slúchadlá > TWS slúchadlá";"";"";""
"100002200831";"";"TV, audio, video a foto technika > Audio technika > Slúchadlá > Bezdrôtové slúchadlá > Náhlavné bezdrôtové slúchadlá";"";"";""
"100002136450";"";"TV, audio, video a foto technika > Audio technika > Slúchadlá > Bezdrôtové slúchadlá > TWS slúchadlá";"";"";""
"100002203916";"";"Domáce spotrebiče > Príprava nápojov > Rýchlovarné kanvice";"";"";""
"100000654811";"";"Počítače, mobily a tablety > WiFi routery a sieťové karty > Sieťové switche";"";"";""
"100002073670";"";"Zdravie a starostlivosť > Starostlivosť o vlasy > Fény a teplovzdušné kefy";"";"";""
"340330055098";"";"Domáce spotrebiče > Kuchynské roboty a krájače > Mixéry a šľahače";"";"";""
"100002080832";"";"Počítače, mobily a tablety > WiFi routery a sieťové karty > WiFi routery";"";"";""
"100002099607";"";"Domáce spotrebiče > Kuchynské roboty a krájače > Mixéry a šľahače";"";"";""
"100002136612";"";"TV, audio, video a foto technika > Audio technika > Slúchadlá > Bezdrôtové slúchadlá > TWS slúchadlá";"";"";""
"100001169951";"";"Počítače, mobily a tablety > WiFi routery a sieťové karty > Sieťové switche";"";"";""
"100002130350";"";"Počítače, mobily a tablety > WiFi routery a sieťové karty > WiFi routery";"";"";""
"100002104376";"";"Zdravie a starostlivosť > Starostlivosť o vlasy > Fény a teplovzdušné kefy";"";"";""
"100000287923";"";"Zdravie a starostlivosť > Starostlivosť o vlasy > Žehličky na vlasy";"";"";""
"341730147322";"";"Zdravie a starostlivosť > Starostlivosť o vlasy > Žehličky na vlasy";"";"";""
"100001932193";"";"Počítače, mobily a tablety > WiFi routery a sieťové karty > WiFi routery";"";"";""
"100001236553";"";"Zdravie a starostlivosť > Starostlivosť o zuby > Náhradné hlavice na zubné kefky";"";"";""
"100002202721";"";"TV, audio, video a foto technika > Audio technika > Slúchadlá > Bezdrôtové slúchadlá > TWS slúchadlá";"";"";""
"100002106661";"";"Domáce spotrebiče > Príprava nápojov > Rýchlovarné kanvice";"";"";""
"100002193628";"";"Domáce spotrebiče > Vysávače > Tyčové vysávače";"";"";""
"100001959243";"";"TV, audio, video a foto technika > Audio technika > Slúchadlá > Bezdrôtové slúchadlá > TWS slúchadlá";"";"";""
"100002101648";"";"Domáce spotrebiče > Príprava nápojov > Filtračné kanvice";"";"";""
"100001743631";"";"Domáce spotrebiče > Vysávače > Vreckové a bezvreckové vysávače";"";"";""
"100002136836";"";"Zdravie a starostlivosť > Starostlivosť o zuby > Elektrické zubné kefky";"";"";""
"999050107798";"";"Počítače, mobily a tablety > WiFi routery a sieťové karty > Sieťové switche";"";"";""
"100002103029";"";"Domáce spotrebiče > Kuchynské roboty a krájače > Mixéry a šľahače";"";"";""
"100002117850";"";"Domáce spotrebiče > Vysávače > Vreckové a bezvreckové vysávače";"";"";""
"100002128198";"";"Domáce spotrebiče > Kuchynské roboty a krájače > Mixéry a šľahače";"";"";""
"100000478076";"";"Zdravie a starostlivosť > Starostlivosť o vlasy > Fény a teplovzdušné kefy";"";"";""
"999001405098";"";"Domáce spotrebiče > Kuchynské roboty a krájače > Mixéry a šľahače";"";"";""
"100001911730";"";"Elektro, Smart Home a osvetlenie > Smart domácnosť – zariadenia > Senzory pohybu a otvorenia";"";"";""
"100001771953";"";"TV, audio, video a foto technika > Audio technika > Slúchadlá > Bezdrôtové slúchadlá > TWS slúchadlá";"";"";""
"100002193622";"";"Domáce spotrebiče > Vysávače > Robotické vysávače";"";"";""
"100002136835";"";"Zdravie a starostlivosť > Starostlivosť o zuby > Elektrické zubné kefky";"";"";""
"100002128200";"";"Domáce spotrebiče > Kuchynské roboty a krájače > Mixéry a šľahače";"";"";""
"210520017798";"";"Počítače, mobily a tablety > WiFi routery a sieťové karty > Sieťové switche";"";"";""
"100001937698";"";"TV, audio, video a foto technika > Audio technika > Slúchadlá > Bezdrôtové slúchadlá > Náhlavné bezdrôtové slúchadlá";"";"";""
"100002144219";"";"Domáce spotrebiče > Kuchynské roboty a krájače > Mixéry a šľahače";"";"";""
"100002141546";"";"TV, audio, video a foto technika > Audio technika > Slúchadlá > Bezdrôtové slúchadlá > TWS slúchadlá";"";"";""
"100002076340";"";"TV, audio, video a foto technika > Audio technika > Slúchadlá > Bezdrôtové slúchadlá > TWS slúchadlá";"";"";""
"100002104318";"";"Zdravie a starostlivosť > Starostlivosť o vlasy > Fény a teplovzdušné kefy";"";"";""
"100002143043";"";"Zdravie a starostlivosť > Starostlivosť o zuby > Elektrické zubné kefky";"";"";""
"100002136675";"";"Domáce spotrebiče > Vysávače > Tyčové vysávače";"";"";""
"100002203430";"";"Domáce spotrebiče > Vysávače > Robotické vysávače";"";"";""
"100001723584";"";"TV, audio, video a foto technika > Audio technika > Slúchadlá > Bezdrôtové slúchadlá > TWS slúchadlá";"";"";""
"100002130351";"";"Počítače, mobily a tablety > WiFi routery a sieťové karty > WiFi routery";"";"";""
"342500014462";"";"Domáce spotrebiče > Príprava nápojov > Filtračné kanvice";"";"";""
"100002143056";"";"Zdravie a starostlivosť > Starostlivosť o zuby > Náhradné hlavice na zubné kefky";"";"";""
"100002136808";"";"Zdravie a starostlivosť > Starostlivosť o zuby > Elektrické zubné kefky";"";"";""
"100001786129";"";"Zdravie a starostlivosť > Starostlivosť o vlasy > Fény a teplovzdušné kefy";"";"";""
"100002102122";"";"Zdravie a starostlivosť > Starostlivosť o vlasy > Kulmy na vlasy";"";"";""
"100002136854";"";"Zdravie a starostlivosť > Starostlivosť o zuby > Náhradné hlavice na zubné kefky";"";"";""
"100001714821";"";"Domáce spotrebiče > Kuchynské roboty a krájače > Mixéry a šľahače";"";"";""
"100001947582";"";"Zdravie a starostlivosť > Starostlivosť o vlasy > Fény a teplovzdušné kefy";"";"";""
"100002196724";"";"Domáce spotrebiče > Príprava nápojov > Rýchlovarné kanvice";"";"";""
"100002143062";"";"Zdravie a starostlivosť > Starostlivosť o zuby > Náhradné hlavice na zubné kefky";"";"";""
"100002136842";"";"Zdravie a starostlivosť > Starostlivosť o zuby > Náhradné hlavice na zubné kefky";"";"";""
"100002131488";"";"TV, audio, video a foto technika > Audio technika > Slúchadlá > Bezdrôtové slúchadlá > Otvorené bezdrôtové slúchadlá";"";"";""
"100002200540";"";"Domáce spotrebiče > Vysávače > Robotické vysávače";"";"";""
"100002200811";"";"TV, audio, video a foto technika > Audio technika > Slúchadlá > Bezdrôtové slúchadlá > Náhlavné bezdrôtové slúchadlá";"";"";""
"100002131571";"";"Zdravie a starostlivosť > Starostlivosť o vlasy > Kulmy na vlasy";"";"";""
"100000287977";"";"Domáce spotrebiče > Príprava nápojov > Rýchlovarné kanvice";"";"";""
"100001188938";"";"Počítače, mobily a tablety > WiFi routery a sieťové karty > WiFi routery";"";"";""
"100000242058";"";"Domáce spotrebiče > Príprava nápojov > Rýchlovarné kanvice";"";"";""
"100002202105";"";"Domáce spotrebiče > Príprava nápojov > Rýchlovarné kanvice";"";"";""
"100002193625";"";"Domáce spotrebiče > Vysávače > Robotické vysávače";"";"";""
"100002143927";"";"Domáce spotrebiče > Kuchynské roboty a krájače > Kuchynské roboty";"";"";""
"100002142356";"";"Domáce spotrebiče > Kuchynské roboty a krájače > Kuchynské roboty";"";"";""
"100001947580";"";"Zdravie a starostlivosť > Starostlivosť o vlasy > Fény a teplovzdušné kefy";"";"";""
"100002090025";"";"Domáce spotrebiče > Vysávače > Robotické vysávače";"";"";""
"100002204140";"";"Domáce spotrebiče > Vysávače > Robotické vysávače";"";"";""
"100002204528";"";"Zdravie a starostlivosť > Starostlivosť o zuby > Elektrické zubné kefky";"";"";""
"100002136467";"";"TV, audio, video a foto technika > Audio technika > Slúchadlá > Bezdrôtové slúchadlá > TWS slúchadlá";"";"";""
"100001405121";"";"Domáce spotrebiče > Kuchynské roboty a krájače > Mixéry a šľahače";"";"";""
"100002076682";"";"Zdravie a starostlivosť > Starostlivosť o zuby > Náhradné hlavice na zubné kefky";"";"";""
"100002201075";"";"TV, audio, video a foto technika > Audio technika > Slúchadlá > Bezdrôtové slúchadlá > TWS slúchadlá";"";"";""
"100002204335";"";"Domáce spotrebiče > Vysávače > Tyčové vysávače";"";"";""
"100002200818";"";"TV, audio, video a foto technika > Audio technika > Slúchadlá > Bezdrôtové slúchadlá > Náhlavné bezdrôtové slúchadlá";"";"";""
"100002203356";"";"Domáce spotrebiče > Vysávače > Robotické vysávače";"";"";""
"100002143059";"";"Zdravie a starostlivosť > Starostlivosť o zuby > Náhradné hlavice na zubné kefky";"";"";""
"100001879456";"";"Domáce spotrebiče > Kuchynské roboty a krájače > Mixéry a šľahače";"";"";""
"100001509093";"";"Domáce spotrebiče > Príprava nápojov > Rýchlovarné kanvice";"";"";""
"100002074532";"";"Domáce spotrebiče > Vysávače > Robotické vysávače";"";"";""
"100002074967";"";"Domáce spotrebiče > Kuchynské roboty a krájače > Mixéry a šľahače";"";"";""
"100002102806";"";"Domáce spotrebiče > Príprava nápojov > Rýchlovarné kanvice";"";"";""
"100001207563";"";"Domáce spotrebiče > Príprava nápojov > Rýchlovarné kanvice";"";"";""
"100002101298";"";"Domáce spotrebiče > Príprava nápojov > Rýchlovarné kanvice";"";"";""
"100002097160";"";"Domáce spotrebiče > Vysávače > Tyčové vysávače";"";"";""
"100002078287";"";"Zdravie a starostlivosť > Starostlivosť o vlasy > Kulmy na vlasy";"";"";""
"100002161600";"";"Počítače, mobily a tablety > WiFi routery a sieťové karty > WiFi routery";"";"";""
"100001879646";"";"TV, audio, video a foto technika > Audio technika > Slúchadlá > Bezdrôtové slúchadlá > TWS slúchadlá";"";"";""
"100001259454";"";"Domáce spotrebiče > Vysávače > Vreckové a bezvreckové vysávače";"";"";""
"100002136834";"";"Zdravie a starostlivosť > Starostlivosť o zuby > Elektrické zubné kefky";"";"";""
"100001932195";"";"Počítače, mobily a tablety > WiFi routery a sieťové karty > WiFi routery";"";"";""
"100001823862";"";"Auto-moto > Elektronika do auta > Autorádiá";"";"";""
"100000375610";"";"Počítače, mobily a tablety > WiFi routery a sieťové karty > WiFi routery";"";"";""
"100002128580";"";"Domáce spotrebiče > Kuchynské roboty a krájače > Mixéry a šľahače";"";"";""
"100002080836";"";"Počítače, mobily a tablety > WiFi routery a sieťové karty > WiFi routery";"";"";""
"100002202039";"";"Domáce spotrebiče > Vysávače > Tyčové vysávače";"";"";""
"100001434509";"";"Domáce spotrebiče > Vysávače > Vreckové a bezvreckové vysávače";"";"";""
"100000425698";"";"Domáce spotrebiče > Vysávače > Tyčové vysávače";"";"";""
"100002103585";"";"Domáce spotrebiče > Vysávače > Tyčové vysávače";"";"";""
"100001737706";"";"TV, audio, video a foto technika > Audio technika > Slúchadlá > Bezdrôtové slúchadlá > TWS slúchadlá";"";"";""
"100001827906";"";"Zdravie a starostlivosť > Starostlivosť o zuby > Elektrické zubné kefky";"";"";""
"100002143058";"";"Zdravie a starostlivosť > Starostlivosť o zuby > Náhradné hlavice na zubné kefky";"";"";""
"100002202257";"";"Domáce spotrebiče > Vysávače > Tyčové vysávače";"";"";""
"100002104384";"";"Zdravie a starostlivosť > Starostlivosť o vlasy > Fény a teplovzdušné kefy";"";"";""
"100002118453";"";"Počítače, mobily a tablety > WiFi routery a sieťové karty > WiFi routery";"";"";""
"100002136525";"";"Domáce spotrebiče > Kuchynské roboty a krájače > Mixéry a šľahače";"";"";""
"100002104382";"";"Zdravie a starostlivosť > Starostlivosť o vlasy > Fény a teplovzdušné kefy";"";"";""
"100002141545";"";"TV, audio, video a foto technika > Audio technika > Slúchadlá > Bezdrôtové slúchadlá > TWS slúchadlá";"";"";""
"100002131490";"";"TV, audio, video a foto technika > Audio technika > Slúchadlá > Bezdrôtové slúchadlá > Otvorené bezdrôtové slúchadlá";"";"";""
"700000107322";"";"Zdravie a starostlivosť > Starostlivosť o vlasy > Kulmy na vlasy";"";"";""
"100000908876";"";"Počítače, mobily a tablety > WiFi routery a sieťové karty > Sieťové switche";"";"";""
"100002204387";"";"TV, audio, video a foto technika > Audio technika > Slúchadlá > Bezdrôtové slúchadlá > Otvorené bezdrôtové slúchadlá";"";"";""
"100002134416";"";"TV, audio, video a foto technika > Audio technika > Slúchadlá > Bezdrôtové slúchadlá > Náhlavné bezdrôtové slúchadlá";"";"";""
"100002203355";"";"Domáce spotrebiče > Vysávače > Robotické vysávače";"";"";""
"100001169950";"";"Počítače, mobily a tablety > WiFi routery a sieťové karty > Sieťové switche";"";"";""
"100001215082";"";"Domáce spotrebiče > Kuchynské roboty a krájače > Mixéry a šľahače";"";"";""
"100001117895";"";"Zdravie a starostlivosť > Starostlivosť o vlasy > Fény a teplovzdušné kefy";"";"";""
"100002203429";"";"Domáce spotrebiče > Vysávače > Robotické vysávače";"";"";""
"100001959250";"";"TV, audio, video a foto technika > Audio technika > Slúchadlá > Bezdrôtové slúchadlá > Náhlavné bezdrôtové slúchadlá";"";"";""
"100002193618";"";"Domáce spotrebiče > Vysávače > Robotické vysávače";"";"";""
"100002171252";"";"TV, audio, video a foto technika > Audio technika > Slúchadlá > Bezdrôtové slúchadlá > Otvorené bezdrôtové slúchadlá";"";"";""
"100000661730";"";"Počítače, mobily a tablety > WiFi routery a sieťové karty > Sieťové switche";"";"";""
"100001944580";"";"Domáce spotrebiče > Príprava nápojov > Rýchlovarné kanvice";"";"";""
"100002130931";"";"Domáce spotrebiče > Príprava nápojov > Filtračné kanvice";"";"";""
"100002076685";"";"Zdravie a starostlivosť > Starostlivosť o zuby > Náhradné hlavice na zubné kefky";"";"";""
"100002171256";"";"TV, audio, video a foto technika > Audio technika > Slúchadlá > Bezdrôtové slúchadlá > Otvorené bezdrôtové slúchadlá";"";"";""
"100001411511";"";"Domáce spotrebiče > Kuchynské roboty a krájače > Mixéry a šľahače";"";"";""
"100002200902";"";"Domáce spotrebiče > Vysávače > Robotické vysávače";"";"";""
"554503";"";"Auto-moto > Autobatérie, nabíjačky a štartovacie boxy > Nabíjačky autobatérií";"";"";""
"554508";"";"Auto-moto > Autobatérie, nabíjačky a štartovacie boxy > Nabíjačky autobatérií";"";"";""
"554509";"";"Auto-moto > Autobatérie, nabíjačky a štartovacie boxy > Nabíjačky autobatérií";"";"";""
"5537663";"";"Auto-moto > Autobatérie, nabíjačky a štartovacie boxy > Nabíjačky autobatérií";"";"";""
"5537664";"";"Auto-moto > Autobatérie, nabíjačky a štartovacie boxy > Nabíjačky autobatérií";"";"";""
"553765";"";"Auto-moto > Autobatérie, nabíjačky a štartovacie boxy > Nabíjačky autobatérií";"";"";""
"553768";"";"Auto-moto > Autobatérie, nabíjačky a štartovacie boxy > Nabíjačky autobatérií";"";"";""
"5545072";"";"Auto-moto > Autobatérie, nabíjačky a štartovacie boxy > Nabíjačky autobatérií";"";"";""
"55450700";"";"Auto-moto > Autobatérie, nabíjačky a štartovacie boxy > Nabíjačky autobatérií";"";"";""
"55450701";"";"Auto-moto > Autobatérie, nabíjačky a štartovacie boxy > Nabíjačky autobatérií";"";"";""
"554562";"";"Auto-moto > Autobatérie, nabíjačky a štartovacie boxy > Nabíjačky autobatérií";"";"";""
"553766";"";"Auto-moto > Autobatérie, nabíjačky a štartovacie boxy > Nabíjačky autobatérií";"";"";""
"5537661";"";"Auto-moto > Autobatérie, nabíjačky a štartovacie boxy > Nabíjačky autobatérií";"";"";""
"6008154";"";"Domáce spotrebiče > Kuchynské roboty a krájače > Kuchynské roboty";"";"";""
"600866";"";"Domáce spotrebiče > Kuchynské roboty a krájače > Mixéry a šľahače";"";"";""
"600865";"";"Domáce spotrebiče > Kuchynské roboty a krájače > Mixéry a šľahače";"";"";""
"5545060";"";"Auto-moto > Autobatérie, nabíjačky a štartovacie boxy > Nabíjačky autobatérií";"";"";""
"52410003";"";"Elektro, Smart Home a osvetlenie > Smart domácnosť – zariadenia > Smart zásuvky";"";"";""
"52410002";"";"Elektro, Smart Home a osvetlenie > Smart domácnosť – zariadenia > Smart zásuvky";"";"";""
"5545602";"";"Auto-moto > Autobatérie, nabíjačky a štartovacie boxy > Nabíjačky autobatérií";"";"";""
"5545603";"";"Auto-moto > Autobatérie, nabíjačky a štartovacie boxy > Nabíjačky autobatérií";"";"";""
"7208385";"";"Domáce spotrebiče > Príprava nápojov > Rýchlovarné kanvice";"";"";""
"6008181";"";"Domáce spotrebiče > Príprava nápojov > Rýchlovarné kanvice";"";"";""
"6008150";"";"Domáce spotrebiče > Kuchynské roboty a krájače > Kuchynské roboty";"";"";""
"6008151";"";"Domáce spotrebiče > Kuchynské roboty a krájače > Kuchynské roboty";"";"";""
"52410014";"";"Elektro, Smart Home a osvetlenie > Smart domácnosť – zariadenia > Smart zásuvky";"";"";""
"52410008";"";"Elektro, Smart Home a osvetlenie > Smart domácnosť – zariadenia > Smart zásuvky";"";"";""
"5241002";"";"Elektro, Smart Home a osvetlenie > Smart domácnosť – zariadenia > Smart zásuvky";"";"";""
"52410019";"";"Elektro, Smart Home a osvetlenie > Smart domácnosť – zariadenia > Smart zásuvky";"";"";""
"5545063";"";"Auto-moto > Autobatérie, nabíjačky a štartovacie boxy > Nabíjačky autobatérií";"";"";""
"5545064";"";"Auto-moto > Autobatérie, nabíjačky a štartovacie boxy > Nabíjačky autobatérií";"";"";""
"121020";"";"Auto-moto > Autobatérie, nabíjačky a štartovacie boxy > Nabíjačky autobatérií";"";"";""
"52410012";"";"Elektro, Smart Home a osvetlenie > Smart domácnosť – zariadenia > Smart zásuvky";"";"";""
"554560";"";"Auto-moto > Autobatérie, nabíjačky a štartovacie boxy > Nabíjačky autobatérií";"";"";""
"52891378";"";"Auto-moto > Autobatérie, nabíjačky a štartovacie boxy > Nabíjačky autobatérií";"";"";""
"52891377";"";"Auto-moto > Autobatérie, nabíjačky a štartovacie boxy > Nabíjačky autobatérií";"";"";""
"5578861";"";"Auto-moto > Elektronika do auta > Kamery do auta";"";"";""
"553774";"";"Auto-moto > Autobatérie, nabíjačky a štartovacie boxy > Nabíjačky autobatérií";"";"";""
"7208381";"";"Domáce spotrebiče > Príprava nápojov > Rýchlovarné kanvice";"";"";""
"015548";"";"Cestovanie, šport a outdoor > Príslušenstvo pre drony > Tašky a kufre pre drony";"";"";""
"018665";"";"TV, audio, video a foto technika > Foto a príslušenstvo > Statívy, držiaky a upevnenie pre kamery > Selfie tyče pre kamery";"";"";""
"018671";"";"TV, audio, video a foto technika > Foto a príslušenstvo > Statívy, držiaky a upevnenie pre kamery > Držiaky a montážne úchyty pre kamery";"";"";""
"018681";"";"TV, audio, video a foto technika > Foto a príslušenstvo > Fotoateliér > Fotostany a fotoboxy";"";"";""
"018683";"";"TV, audio, video a foto technika > Foto a príslušenstvo > Fotoateliér > Fotostany a fotoboxy";"";"";""
"018684";"";"TV, audio, video a foto technika > Foto a príslušenstvo > Fotoateliér > Fotostany a fotoboxy";"";"";""
"019497";"";"TV, audio, video a foto technika > Foto a príslušenstvo > Statívy, držiaky a upevnenie pre kamery > Popruhy a postroje pre kamery";"";"";""
"019499";"";"TV, audio, video a foto technika > Foto a príslušenstvo > Statívy, držiaky a upevnenie pre kamery > Držiaky a montážne úchyty pre kamery";"";"";""
"019507";"";"TV, audio, video a foto technika > Foto a príslušenstvo > Statívy, držiaky a upevnenie pre kamery > Popruhy a postroje pre kamery";"";"";""
"019511";"";"TV, audio, video a foto technika > Foto a príslušenstvo > Fotoateliér > Fotografické a video svetlá";"";"";""
"022738";"";"TV, audio, video a foto technika > Foto a príslušenstvo > Fotoateliér > Fotostany a fotoboxy";"";"";""
"021910";"";"Chovateľské potreby > Fontány a napájačky > Filtre a čerpadlá do fontán";"";"";""
"023125";"";"Chovateľské potreby > Pohlcovače zápachu";"";"";""
"023616";"";"TV, audio, video a foto technika > Foto a príslušenstvo > Statívy, držiaky a upevnenie pre kamery > Držiaky a montážne úchyty pre kamery";"";"";""
"023617";"";"TV, audio, video a foto technika > Foto a príslušenstvo > Statívy, držiaky a upevnenie pre kamery > Držiaky a montážne úchyty pre kamery";"";"";""
"024466";"";"Chovateľské potreby > Fontány a napájačky > Fontány pre psy a mačky";"";"";""
"024468";"";"Chovateľské potreby > Fontány a napájačky > Filtre a čerpadlá do fontán";"";"";""
"025924";"";"TV, audio, video a foto technika > Foto a príslušenstvo > Fotoateliér > Fotografické a video svetlá";"";"";""
"025923";"";"TV, audio, video a foto technika > Foto a príslušenstvo > Fotoateliér > Fotostany a fotoboxy";"";"";""
"026075";"";"Dielňa, náradie a záhrada > Meracia technika > Multimetre a kliešťové merače > Kliešťové merače";"";"";""
"026072";"";"Dielňa, náradie a záhrada > Meracia technika > Multimetre a kliešťové merače > Kliešťové merače";"";"";""
"026071";"";"Dielňa, náradie a záhrada > Meracia technika > Multimetre a kliešťové merače > Kliešťové merače";"";"";""
"026131";"";"Elektro, Smart Home a osvetlenie > Smart domácnosť – zariadenia > Senzory pohybu a otvorenia";"";"";""
"026662";"";"TV, audio, video a foto technika > Foto a príslušenstvo > Statívy, držiaky a upevnenie pre kamery > Popruhy a postroje pre kamery";"";"";""
"028168";"";"TV, audio, video a foto technika > Foto a príslušenstvo > Statívy, držiaky a upevnenie pre kamery > Držiaky a montážne úchyty pre kamery";"";"";""
"028169";"";"TV, audio, video a foto technika > Foto a príslušenstvo > Statívy, držiaky a upevnenie pre kamery > Popruhy a postroje pre kamery";"";"";""
"028759";"";"TV, audio, video a foto technika > Foto a príslušenstvo > Statívy, držiaky a upevnenie pre kamery > Držiaky a montážne úchyty pre kamery";"";"";""
"027972";"";"Chovateľské potreby > Pohlcovače zápachu";"";"";""
"040798";"";"Elektro, Smart Home a osvetlenie > Smart domácnosť – zariadenia > Smart zásuvky";"";"";""
"029058";"";"Dielňa, náradie a záhrada > Meracia technika > Multimetre a kliešťové merače > Kliešťové merače";"";"";""
"029016";"";"TV, audio, video a foto technika > Foto a príslušenstvo > Príslušenstvo pre fotoaparáty a akčné kamery > Batérie a nabíjačky pre kamery";"";"";""
"031162";"";"Elektro, Smart Home a osvetlenie > Smart domácnosť – zariadenia > Smart zásuvky";"";"";""
"030245";"";"Elektro, Smart Home a osvetlenie > Smart domácnosť – zariadenia > Smart termostaty a hlavice";"";"";""
"028633";"";"TV, audio, video a foto technika > Foto a príslušenstvo > Fotoateliér > Fotografické a video svetlá";"";"";""
"073706";"";"Elektro, Smart Home a osvetlenie > Smart domácnosť – zariadenia > Smart zásuvky";"";"";""
"030692";"";"Cestovanie, šport a outdoor > Príslušenstvo pre drony > Filtre pre drony";"";"";""
"030694";"";"Cestovanie, šport a outdoor > Príslušenstvo pre drony > Filtre pre drony";"";"";""
"030695";"";"Cestovanie, šport a outdoor > Príslušenstvo pre drony > Filtre pre drony";"";"";""
"032805";"";"Chovateľské potreby > Pohlcovače zápachu";"";"";""
"032811";"";"Chovateľské potreby > Fontány a napájačky > Fontány pre psy a mačky";"";"";""
"031735";"";"TV, audio, video a foto technika > Foto a príslušenstvo > Fotoateliér > Fotostany a fotoboxy";"";"";""
"032608";"";"Chovateľské potreby > Misky a dávkovače krmiva";"";"";""
"033593";"";"Počítače, mobily a tablety > Herné príslušenstvo pre PC > Herné simulátory > Volanty a pretekárske ovládače";"";"";""
"035194";"";"Chovateľské potreby > Pelechy, škrabadlá a klietky > Pelechy pre psy a mačky";"";"";""
"035464";"";"TV, audio, video a foto technika > Foto a príslušenstvo > Statívy, držiaky a upevnenie pre kamery > Popruhy a postroje pre kamery";"";"";""
"034804";"";"TV, audio, video a foto technika > Foto a príslušenstvo > Statívy, držiaky a upevnenie pre kamery > Statívy pre fotoaparáty a kamery";"";"";""
"082012";"";"Elektro, Smart Home a osvetlenie > Smart domácnosť – zariadenia > Smart termostaty a hlavice";"";"";""
"037030";"";"TV, audio, video a foto technika > Foto a príslušenstvo > Fotoateliér > Fotostany a fotoboxy";"";"";""
"037402";"";"Cestovanie, šport a outdoor > Príslušenstvo pre drony > Filtre pre drony";"";"";""
"037404";"";"Cestovanie, šport a outdoor > Príslušenstvo pre drony > Filtre pre drony";"";"";""
"037405";"";"Cestovanie, šport a outdoor > Príslušenstvo pre drony > Filtre pre drony";"";"";""
"037507";"";"Cestovanie, šport a outdoor > Príslušenstvo pre drony > Tašky a kufre pre drony";"";"";""
"038335";"";"Elektro, Smart Home a osvetlenie > Smart domácnosť – zariadenia > Senzory teploty a vlhkosti";"";"";""
"038728";"";"Chovateľské potreby > Fontány a napájačky > Filtre a čerpadlá do fontán";"";"";""
"040236";"";"TV, audio, video a foto technika > Foto a príslušenstvo > Príslušenstvo pre fotoaparáty a akčné kamery > Ochranné kryty a klietky pre kamery";"";"";""
"041706";"";"TV, audio, video a foto technika > Foto a príslušenstvo > Statívy, držiaky a upevnenie pre kamery > Selfie tyče pre kamery";"";"";""
"041477";"";"Chovateľské potreby > Fontány a napájačky > Fontány pre psy a mačky";"";"";""
"041713";"";"TV, audio, video a foto technika > Foto a príslušenstvo > Statívy, držiaky a upevnenie pre kamery > Držiaky a montážne úchyty pre kamery";"";"";""
"041716";"";"TV, audio, video a foto technika > Foto a príslušenstvo > Statívy, držiaky a upevnenie pre kamery > Držiaky a montážne úchyty pre kamery";"";"";""
"041765";"";"Cestovanie, šport a outdoor > Príslušenstvo pre drony > Filtre pre drony";"";"";""
"041767";"";"Cestovanie, šport a outdoor > Príslušenstvo pre drony > Filtre pre drony";"";"";""
"042427";"";"TV, audio, video a foto technika > Foto a príslušenstvo > Statívy, držiaky a upevnenie pre kamery > Držiaky a montážne úchyty pre kamery";"";"";""
"042423";"";"TV, audio, video a foto technika > Foto a príslušenstvo > Statívy, držiaky a upevnenie pre kamery > Držiaky a montážne úchyty pre kamery";"";"";""
"043141";"";"Elektro, Smart Home a osvetlenie > Smart domácnosť – zariadenia > Smart termostaty a hlavice";"";"";""
"043027";"";"Elektro, Smart Home a osvetlenie > Smart domácnosť – zariadenia > Smart termostaty a hlavice";"";"";""
"043142";"";"Elektro, Smart Home a osvetlenie > Smart domácnosť – zariadenia > Smart termostaty a hlavice";"";"";""
"043145";"";"Elektro, Smart Home a osvetlenie > Smart domácnosť – zariadenia > Smart termostaty a hlavice";"";"";""
"043144";"";"Elektro, Smart Home a osvetlenie > Smart domácnosť – zariadenia > Smart termostaty a hlavice";"";"";""
"043157";"";"Elektro, Smart Home a osvetlenie > Smart domácnosť – zariadenia > Smart termostaty a hlavice";"";"";""
"045443";"";"TV, audio, video a foto technika > Audio technika > Slúchadlá > Bezdrôtové slúchadlá > Náhlavné bezdrôtové slúchadlá";"";"";""
"045440";"";"TV, audio, video a foto technika > Audio technika > Slúchadlá > Bezdrôtové slúchadlá > Náhlavné bezdrôtové slúchadlá";"";"";""
"045439";"";"TV, audio, video a foto technika > Audio technika > Slúchadlá > Bezdrôtové slúchadlá > Náhlavné bezdrôtové slúchadlá";"";"";""
"045437";"";"TV, audio, video a foto technika > Audio technika > Slúchadlá > Bezdrôtové slúchadlá > Náhlavné bezdrôtové slúchadlá";"";"";""
"045438";"";"TV, audio, video a foto technika > Audio technika > Slúchadlá > Bezdrôtové slúchadlá > Náhlavné bezdrôtové slúchadlá";"";"";""
"085433";"";"Elektro, Smart Home a osvetlenie > Smart domácnosť – zariadenia > Smart termostaty a hlavice";"";"";""
"046755";"";"Cestovanie, šport a outdoor > Príslušenstvo pre drony > Filtre pre drony";"";"";""
"046756";"";"Cestovanie, šport a outdoor > Príslušenstvo pre drony > Filtre pre drony";"";"";""
"048114";"";"TV, audio, video a foto technika > Foto a príslušenstvo > Filtre > ND a variabilné ND filtre";"";"";""
"048140";"";"Cestovanie, šport a outdoor > Príslušenstvo pre drony > Filtre pre drony";"";"";""
"047954";"";"Elektro, Smart Home a osvetlenie > Smart domácnosť – zariadenia > Smart zásuvky";"";"";""
"046569";"";"TV, audio, video a foto technika > Foto a príslušenstvo > Fotoateliér > Fotostany a fotoboxy";"";"";""
"051503";"";"Zdravie a starostlivosť > Starostlivosť o zuby > Elektrické zubné kefky";"";"";""
"051608";"";"Cestovanie, šport a outdoor > Príslušenstvo pre drony > Filtre pre drony";"";"";""
"050755";"";"TV, audio, video a foto technika > Audio technika > Slúchadlá > Bezdrôtové slúchadlá > TWS slúchadlá";"";"";""
"053959";"";"TV, audio, video a foto technika > Audio technika > Slúchadlá > Bezdrôtové slúchadlá > TWS slúchadlá";"";"";""
"053975";"";"Elektro, Smart Home a osvetlenie > Smart domácnosť – zariadenia > Smart termostaty a hlavice";"";"";""
"053648";"";"Chovateľské potreby > Fontány a napájačky > Fontány pre psy a mačky";"";"";""
"055034";"";"TV, audio, video a foto technika > Foto a príslušenstvo > Statívy, držiaky a upevnenie pre kamery > Selfie tyče pre kamery";"";"";""
"055417";"";"TV, audio, video a foto technika > Foto a príslušenstvo > Statívy, držiaky a upevnenie pre kamery > Držiaky a montážne úchyty pre kamery";"";"";""
"055428";"";"TV, audio, video a foto technika > Foto a príslušenstvo > Príslušenstvo pre fotoaparáty a akčné kamery > Ochranné kryty a klietky pre kamery";"";"";""
"055429";"";"TV, audio, video a foto technika > Foto a príslušenstvo > Fotoateliér > Fotostany a fotoboxy";"";"";""
"054078";"";"TV, audio, video a foto technika > Foto a príslušenstvo > Statívy, držiaky a upevnenie pre kamery > Statívy pre fotoaparáty a kamery";"";"";""
"055630";"";"Cestovanie, šport a outdoor > Príslušenstvo pre drony > Filtre pre drony";"";"";""
"054157";"";"Cestovanie, šport a outdoor > Príslušenstvo pre drony > Tašky a kufre pre drony";"";"";""
"054164";"";"TV, audio, video a foto technika > Foto a príslušenstvo > Príslušenstvo pre fotoaparáty a akčné kamery > Ochranné sklá a fólie pre kamery";"";"";""
"054350";"";"Auto-moto > Elektronika do auta > Kamery do auta";"";"";""
"056058";"";"TV, audio, video a foto technika > Foto a príslušenstvo > Statívy, držiaky a upevnenie pre kamery > Statívy pre fotoaparáty a kamery";"";"";""
"055849";"";"Chovateľské potreby > Pohlcovače zápachu";"";"";""
"056068";"";"Chovateľské potreby > Fontány a napájačky > Fontány pre psy a mačky";"";"";""
"055043";"";"TV, audio, video a foto technika > Audio technika > Slúchadlá > Bezdrôtové slúchadlá > Otvorené bezdrôtové slúchadlá";"";"";""
"055228";"";"TV, audio, video a foto technika > Audio technika > Slúchadlá > Bezdrôtové slúchadlá > Náhlavné bezdrôtové slúchadlá";"";"";""
"055234";"";"TV, audio, video a foto technika > Audio technika > Slúchadlá > Bezdrôtové slúchadlá > TWS slúchadlá";"";"";""
"057062";"";"Cestovanie, šport a outdoor > Príslušenstvo pre drony > Tašky a kufre pre drony";"";"";""
"057063";"";"Cestovanie, šport a outdoor > Príslušenstvo pre drony > Tašky a kufre pre drony";"";"";""
"057080";"";"Cestovanie, šport a outdoor > Príslušenstvo pre drony > Tašky a kufre pre drony";"";"";""
"057808";"";"Elektro, Smart Home a osvetlenie > Smart domácnosť – zariadenia > Senzory teploty a vlhkosti";"";"";""
"057815";"";"Elektro, Smart Home a osvetlenie > Smart domácnosť – zariadenia > Senzory pohybu a otvorenia";"";"";""
"057896";"";"Cestovanie, šport a outdoor > Príslušenstvo pre drony > Filtre pre drony";"";"";""
"057897";"";"Cestovanie, šport a outdoor > Príslušenstvo pre drony > Filtre pre drony";"";"";""
"057875";"";"Cestovanie, šport a outdoor > Príslušenstvo pre drony > Filtre pre drony";"";"";""
"057877";"";"Cestovanie, šport a outdoor > Príslušenstvo pre drony > Filtre pre drony";"";"";""
"057882";"";"Cestovanie, šport a outdoor > Príslušenstvo pre drony > Filtre pre drony";"";"";""
"057883";"";"Cestovanie, šport a outdoor > Príslušenstvo pre drony > Filtre pre drony";"";"";""
"055617";"";"Elektro, Smart Home a osvetlenie > Smart domácnosť – zariadenia > Senzory teploty a vlhkosti";"";"";""
"058839";"";"TV, audio, video a foto technika > Foto a príslušenstvo > Statívy, držiaky a upevnenie pre kamery > Selfie tyče pre kamery";"";"";""
"058840";"";"TV, audio, video a foto technika > Foto a príslušenstvo > Príslušenstvo pre fotoaparáty a akčné kamery > Ochranné sklá a fólie pre kamery";"";"";""
"059068";"";"TV, audio, video a foto technika > Audio technika > Slúchadlá > Bezdrôtové slúchadlá > TWS slúchadlá";"";"";""
"059216";"";"Počítače, mobily a tablety > Herné príslušenstvo pre PC > Herné simulátory > Volanty a pretekárske ovládače";"";"";""
"056143";"";"TV, audio, video a foto technika > Foto a príslušenstvo > Statívy, držiaky a upevnenie pre kamery > Držiaky a montážne úchyty pre kamery";"";"";""
"057109";"";"TV, audio, video a foto technika > Foto a príslušenstvo > Príslušenstvo pre fotoaparáty a akčné kamery > Batérie a nabíjačky pre kamery";"";"";""
"057375";"";"Elektro, Smart Home a osvetlenie > Smart domácnosť – zariadenia > Senzory teploty a vlhkosti";"";"";""
"057599";"";"TV, audio, video a foto technika > Foto a príslušenstvo > Príslušenstvo pre fotoaparáty a akčné kamery > Ochranné sklá a fólie pre kamery";"";"";""
"057602";"";"TV, audio, video a foto technika > Foto a príslušenstvo > Príslušenstvo pre fotoaparáty a akčné kamery > Ochranné sklá a fólie pre kamery";"";"";""
"060196";"";"TV, audio, video a foto technika > Foto a príslušenstvo > Statívy, držiaky a upevnenie pre kamery > Selfie tyče pre kamery";"";"";""
"064656";"";"TV, audio, video a foto technika > Audio technika > Slúchadlá > Bezdrôtové slúchadlá > TWS slúchadlá";"";"";""
"061132";"";"TV, audio, video a foto technika > Audio technika > Slúchadlá > Bezdrôtové slúchadlá > TWS slúchadlá";"";"";""
"055643";"";"Elektro, Smart Home a osvetlenie > Smart domácnosť – zariadenia > Senzory teploty a vlhkosti";"";"";""
"061372";"";"TV, audio, video a foto technika > Audio technika > Slúchadlá > Bezdrôtové slúchadlá > Otvorené bezdrôtové slúchadlá";"";"";""
"062990";"";"TV, audio, video a foto technika > Foto a príslušenstvo > Statívy, držiaky a upevnenie pre kamery > Držiaky a montážne úchyty pre kamery";"";"";""
"060473";"";"Chovateľské potreby > Pelechy, škrabadlá a klietky > Škrabadlá pre mačky";"";"";""
"060474";"";"Chovateľské potreby > Pohlcovače zápachu";"";"";""
"061996";"";"Auto-moto > Elektronika do auta > Kamery do auta";"";"";""
"063431";"";"TV, audio, video a foto technika > Foto a príslušenstvo > Príslušenstvo pre fotoaparáty a akčné kamery > Ochranné kryty a klietky pre kamery";"";"";""
"063487";"";"TV, audio, video a foto technika > Foto a príslušenstvo > Statívy, držiaky a upevnenie pre kamery > Selfie tyče pre kamery";"";"";""
"063814";"";"TV, audio, video a foto technika > Foto a príslušenstvo > Statívy, držiaky a upevnenie pre kamery > Držiaky a montážne úchyty pre kamery";"";"";""
"064043";"";"TV, audio, video a foto technika > Foto a príslušenstvo > Filtre > Súpravy fotografických filtrov";"";"";""
"064030";"";"TV, audio, video a foto technika > Foto a príslušenstvo > Filtre > Súpravy fotografických filtrov";"";"";""
"064011";"";"TV, audio, video a foto technika > Foto a príslušenstvo > Filtre > ND a variabilné ND filtre";"";"";""
"064235";"";"TV, audio, video a foto technika > Foto a príslušenstvo > Statívy, držiaky a upevnenie pre kamery > Držiaky a montážne úchyty pre kamery";"";"";""
"064238";"";"TV, audio, video a foto technika > Foto a príslušenstvo > Príslušenstvo pre fotoaparáty a akčné kamery > Ochranné kryty a klietky pre kamery";"";"";""
"064405";"";"Elektro, Smart Home a osvetlenie > Smart domácnosť – zariadenia > Senzory pohybu a otvorenia";"";"";""
"064902";"";"TV, audio, video a foto technika > Foto a príslušenstvo > Fotoateliér > Fotografické a video svetlá";"";"";""
"064816";"";"Chovateľské potreby > Fontány a napájačky > Filtre a čerpadlá do fontán";"";"";""
"090779";"";"TV, audio, video a foto technika > Foto a príslušenstvo > Fotoateliér > Fotografické a video svetlá";"";"";""
"064997";"";"TV, audio, video a foto technika > Foto a príslušenstvo > Fotoateliér > Fotografické a video svetlá";"";"";""
"065002";"";"TV, audio, video a foto technika > Foto a príslušenstvo > Fotoateliér > Fotografické a video svetlá";"";"";""
"065003";"";"TV, audio, video a foto technika > Foto a príslušenstvo > Fotoateliér > Fotografické a video svetlá";"";"";""
"065005";"";"TV, audio, video a foto technika > Foto a príslušenstvo > Fotoateliér > Fotografické a video svetlá";"";"";""
"088227";"";"TV, audio, video a foto technika > Foto a príslušenstvo > Fotoateliér > Fotografické a video svetlá";"";"";""
"065172";"";"TV, audio, video a foto technika > Foto a príslušenstvo > Fotoateliér > Fotografické a video svetlá";"";"";""
"065174";"";"TV, audio, video a foto technika > Foto a príslušenstvo > Filtre > Súpravy fotografických filtrov";"";"";""
"090695";"";"TV, audio, video a foto technika > Foto a príslušenstvo > Fotoateliér > Fotografické a video svetlá";"";"";""
"064730";"";"3D tlač a digitálna výroba > 3D tlačiarne a materiály > Tlačové struny a vlákna > PLA filamenty";"";"";""
"064731";"";"3D tlač a digitálna výroba > 3D tlačiarne a materiály > Tlačové struny a vlákna > PLA filamenty";"";"";""
"064732";"";"3D tlač a digitálna výroba > 3D tlačiarne a materiály > Tlačové struny a vlákna > PLA filamenty";"";"";""
"064733";"";"3D tlač a digitálna výroba > 3D tlačiarne a materiály > Tlačové struny a vlákna > PLA filamenty";"";"";""
"064734";"";"3D tlač a digitálna výroba > 3D tlačiarne a materiály > Tlačové struny a vlákna > PLA filamenty";"";"";""
"064735";"";"3D tlač a digitálna výroba > 3D tlačiarne a materiály > Tlačové struny a vlákna > PLA filamenty";"";"";""
"064736";"";"3D tlač a digitálna výroba > 3D tlačiarne a materiály > Tlačové struny a vlákna > PLA filamenty";"";"";""
"064737";"";"3D tlač a digitálna výroba > 3D tlačiarne a materiály > Tlačové struny a vlákna > PLA filamenty";"";"";""
"064738";"";"3D tlač a digitálna výroba > 3D tlačiarne a materiály > Tlačové struny a vlákna > PLA filamenty";"";"";""
"064739";"";"3D tlač a digitálna výroba > 3D tlačiarne a materiály > Tlačové struny a vlákna > PLA filamenty";"";"";""
"064740";"";"3D tlač a digitálna výroba > 3D tlačiarne a materiály > Tlačové struny a vlákna > ABS a ASA filamenty";"";"";""
"064742";"";"3D tlač a digitálna výroba > 3D tlačiarne a materiály > Tlačové struny a vlákna > ABS a ASA filamenty";"";"";""
"064743";"";"3D tlač a digitálna výroba > 3D tlačiarne a materiály > Tlačové struny a vlákna > PLA filamenty";"";"";""
"064744";"";"3D tlač a digitálna výroba > 3D tlačiarne a materiály > Tlačové struny a vlákna > PLA filamenty";"";"";""
"064745";"";"3D tlač a digitálna výroba > 3D tlačiarne a materiály > Tlačové struny a vlákna > PLA filamenty";"";"";""
"064746";"";"3D tlač a digitálna výroba > 3D tlačiarne a materiály > Tlačové struny a vlákna > PLA filamenty";"";"";""
"064747";"";"3D tlač a digitálna výroba > 3D tlačiarne a materiály > Tlačové struny a vlákna > PLA filamenty";"";"";""
"064748";"";"3D tlač a digitálna výroba > 3D tlačiarne a materiály > Tlačové struny a vlákna > PLA filamenty";"";"";""
"064749";"";"3D tlač a digitálna výroba > 3D tlačiarne a materiály > Tlačové struny a vlákna > PLA filamenty";"";"";""
"064752";"";"3D tlač a digitálna výroba > 3D tlačiarne a materiály > Tlačové struny a vlákna > PLA filamenty";"";"";""
"064755";"";"3D tlač a digitálna výroba > 3D tlačiarne a materiály > Tlačové struny a vlákna > PLA filamenty";"";"";""
"064756";"";"3D tlač a digitálna výroba > 3D tlačiarne a materiály > Tlačové struny a vlákna > PETG filamenty";"";"";""
"064757";"";"3D tlač a digitálna výroba > 3D tlačiarne a materiály > Tlačové struny a vlákna > PETG filamenty";"";"";""
"064758";"";"3D tlač a digitálna výroba > 3D tlačiarne a materiály > Tlačové struny a vlákna > PETG filamenty";"";"";""
"064759";"";"3D tlač a digitálna výroba > 3D tlačiarne a materiály > Tlačové struny a vlákna > PETG filamenty";"";"";""
"064760";"";"3D tlač a digitálna výroba > 3D tlačiarne a materiály > Tlačové struny a vlákna > PETG filamenty";"";"";""
"064761";"";"3D tlač a digitálna výroba > 3D tlačiarne a materiály > Tlačové struny a vlákna > PETG filamenty";"";"";""
"064762";"";"3D tlač a digitálna výroba > 3D tlačiarne a materiály > Tlačové struny a vlákna > PETG filamenty";"";"";""
"064763";"";"3D tlač a digitálna výroba > 3D tlačiarne a materiály > Tlačové struny a vlákna > PETG filamenty";"";"";""
"065405";"";"Cestovanie, šport a outdoor > Príslušenstvo pre drony > Filtre pre drony";"";"";""
"065406";"";"Cestovanie, šport a outdoor > Príslušenstvo pre drony > Filtre pre drony";"";"";""
"065407";"";"Cestovanie, šport a outdoor > Príslušenstvo pre drony > Filtre pre drony";"";"";""
"065608";"";"Cestovanie, šport a outdoor > Príslušenstvo pre drony > Tašky a kufre pre drony";"";"";""
"065610";"";"Cestovanie, šport a outdoor > Príslušenstvo pre drony > Tašky a kufre pre drony";"";"";""
"065620";"";"Cestovanie, šport a outdoor > Príslušenstvo pre drony > Filtre pre drony";"";"";""
"065621";"";"Cestovanie, šport a outdoor > Príslušenstvo pre drony > Filtre pre drony";"";"";""
"065398";"";"Cestovanie, šport a outdoor > Príslušenstvo pre drony > Tašky a kufre pre drony";"";"";""
"065401";"";"TV, audio, video a foto technika > Foto a príslušenstvo > Príslušenstvo pre fotoaparáty a akčné kamery > Ochranné sklá a fólie pre kamery";"";"";""
"063812";"";"Domáce spotrebiče > Vysávače > Robotické vysávače";"";"";""
"063811";"";"Domáce spotrebiče > Vysávače > Robotické vysávače";"";"";""
"065782";"";"Chovateľské potreby > Fontány a napájačky > Fontány pre psy a mačky";"";"";""
"065785";"";"Chovateľské potreby > Fontány a napájačky > Fontány pre psy a mačky";"";"";""
"065823";"";"Chovateľské potreby > Fontány a napájačky > Filtre a čerpadlá do fontán";"";"";""
"066305";"";"TV, audio, video a foto technika > Foto a príslušenstvo > Príslušenstvo pre fotoaparáty a akčné kamery > Ochranné sklá a fólie pre kamery";"";"";""
"066302";"";"TV, audio, video a foto technika > Foto a príslušenstvo > Statívy, držiaky a upevnenie pre kamery > Statívy pre fotoaparáty a kamery";"";"";""
"066289";"";"TV, audio, video a foto technika > Foto a príslušenstvo > Statívy, držiaky a upevnenie pre kamery > Selfie tyče pre kamery";"";"";""
"066281";"";"TV, audio, video a foto technika > Foto a príslušenstvo > Statívy, držiaky a upevnenie pre kamery > Selfie tyče pre kamery";"";"";""
"066417";"";"TV, audio, video a foto technika > Foto a príslušenstvo > Príslušenstvo pre fotoaparáty a akčné kamery > Ochranné kryty a klietky pre kamery";"";"";""
"066309";"";"TV, audio, video a foto technika > Foto a príslušenstvo > Príslušenstvo pre fotoaparáty a akčné kamery > Ochranné kryty a klietky pre kamery";"";"";""
"066411";"";"TV, audio, video a foto technika > Foto a príslušenstvo > Príslušenstvo pre fotoaparáty a akčné kamery > Ochranné kryty a klietky pre kamery";"";"";""
"066398";"";"TV, audio, video a foto technika > Foto a príslušenstvo > Statívy, držiaky a upevnenie pre kamery > Držiaky a montážne úchyty pre kamery";"";"";""
"066407";"";"TV, audio, video a foto technika > Foto a príslušenstvo > Statívy, držiaky a upevnenie pre kamery > Držiaky a montážne úchyty pre kamery";"";"";""
"066401";"";"TV, audio, video a foto technika > Foto a príslušenstvo > Fotoateliér > Fotografické a video svetlá";"";"";""
"066402";"";"TV, audio, video a foto technika > Foto a príslušenstvo > Statívy, držiaky a upevnenie pre kamery > Držiaky a montážne úchyty pre kamery";"";"";""
"066404";"";"TV, audio, video a foto technika > Foto a príslušenstvo > Fotoateliér > Fotografické a video svetlá";"";"";""
"066488";"";"3D tlač a digitálna výroba > 3D tlačiarne a materiály > Tlačové struny a vlákna > PLA filamenty";"";"";""
"066839";"";"TV, audio, video a foto technika > Foto a príslušenstvo > Statívy, držiaky a upevnenie pre kamery > Selfie tyče pre kamery";"";"";""
"065954";"";"TV, audio, video a foto technika > Audio technika > Slúchadlá > Bezdrôtové slúchadlá > Náhlavné bezdrôtové slúchadlá";"";"";""
"066360";"";"TV, audio, video a foto technika > Audio technika > Slúchadlá > Bezdrôtové slúchadlá > Náhlavné bezdrôtové slúchadlá";"";"";""
"066581";"";"Chovateľské potreby > Venčenie a transport";"";"";""
"067464";"";"Cestovanie, šport a outdoor > Príslušenstvo pre drony > Tašky a kufre pre drony";"";"";""
"067463";"";"Cestovanie, šport a outdoor > Príslušenstvo pre drony > Tašky a kufre pre drony";"";"";""
"067460";"";"TV, audio, video a foto technika > Foto a príslušenstvo > Príslušenstvo pre fotoaparáty a akčné kamery > Ochranné sklá a fólie pre kamery";"";"";""
"067768";"";"TV, audio, video a foto technika > Foto a príslušenstvo > Statívy, držiaky a upevnenie pre kamery > Držiaky a montážne úchyty pre kamery";"";"";""
"067769";"";"TV, audio, video a foto technika > Foto a príslušenstvo > Statívy, držiaky a upevnenie pre kamery > Držiaky a montážne úchyty pre kamery";"";"";""
"068234";"";"TV, audio, video a foto technika > Foto a príslušenstvo > Príslušenstvo pre fotoaparáty a akčné kamery > Ochranné kryty a klietky pre kamery";"";"";""
"068850";"";"Cestovanie, šport a outdoor > Príslušenstvo pre drony > Tašky a kufre pre drony";"";"";""
"065951";"";"TV, audio, video a foto technika > Audio technika > Slúchadlá > Bezdrôtové slúchadlá > Náhlavné bezdrôtové slúchadlá";"";"";""
"065952";"";"TV, audio, video a foto technika > Audio technika > Slúchadlá > Bezdrôtové slúchadlá > Náhlavné bezdrôtové slúchadlá";"";"";""
"065953";"";"TV, audio, video a foto technika > Audio technika > Slúchadlá > Bezdrôtové slúchadlá > Náhlavné bezdrôtové slúchadlá";"";"";""
"068237";"";"TV, audio, video a foto technika > Foto a príslušenstvo > Fotoateliér > Fotografické a video svetlá";"";"";""
"069434";"";"TV, audio, video a foto technika > Foto a príslušenstvo > Príslušenstvo pre fotoaparáty a akčné kamery > Ochranné sklá a fólie pre kamery";"";"";""
"069425";"";"TV, audio, video a foto technika > Foto a príslušenstvo > Statívy, držiaky a upevnenie pre kamery > Selfie tyče pre kamery";"";"";""
"068238";"";"TV, audio, video a foto technika > Foto a príslušenstvo > Príslušenstvo pre fotoaparáty a akčné kamery > Ochranné kryty a klietky pre kamery";"";"";""
"068239";"";"TV, audio, video a foto technika > Foto a príslušenstvo > Statívy, držiaky a upevnenie pre kamery > Držiaky a montážne úchyty pre kamery";"";"";""
"069426";"";"TV, audio, video a foto technika > Foto a príslušenstvo > Statívy, držiaky a upevnenie pre kamery > Selfie tyče pre kamery";"";"";""
"069161";"";"Chovateľské potreby > Pohlcovače zápachu";"";"";""
"069259";"";"Chovateľské potreby > Fontány a napájačky > Fontány pre psy a mačky";"";"";""
"069438";"";"TV, audio, video a foto technika > Foto a príslušenstvo > Statívy, držiaky a upevnenie pre kamery > Popruhy a postroje pre kamery";"";"";""
"068968";"";"TV, audio, video a foto technika > Audio technika > Slúchadlá > Bezdrôtové slúchadlá > TWS slúchadlá";"";"";""
"070385";"";"TV, audio, video a foto technika > Foto a príslušenstvo > Statívy, držiaky a upevnenie pre kamery > Popruhy a postroje pre kamery";"";"";""
"070386";"";"TV, audio, video a foto technika > Foto a príslušenstvo > Statívy, držiaky a upevnenie pre kamery > Držiaky a montážne úchyty pre kamery";"";"";""
"070388";"";"TV, audio, video a foto technika > Foto a príslušenstvo > Statívy, držiaky a upevnenie pre kamery > Držiaky a montážne úchyty pre kamery";"";"";""
"070342";"";"TV, audio, video a foto technika > Foto a príslušenstvo > Statívy, držiaky a upevnenie pre kamery > Držiaky a montážne úchyty pre kamery";"";"";""
"069447";"";"TV, audio, video a foto technika > Foto a príslušenstvo > Statívy, držiaky a upevnenie pre kamery > Držiaky a montážne úchyty pre kamery";"";"";""
"069448";"";"TV, audio, video a foto technika > Foto a príslušenstvo > Statívy, držiaky a upevnenie pre kamery > Držiaky a montážne úchyty pre kamery";"";"";""
"069449";"";"TV, audio, video a foto technika > Foto a príslušenstvo > Statívy, držiaky a upevnenie pre kamery > Statívy pre fotoaparáty a kamery";"";"";""
"070462";"";"TV, audio, video a foto technika > Foto a príslušenstvo > Fotoateliér > Softboxy a modifikátory svetla";"";"";""
"070483";"";"TV, audio, video a foto technika > Foto a príslušenstvo > Fotoateliér > Softboxy a modifikátory svetla";"";"";""
"070463";"";"TV, audio, video a foto technika > Foto a príslušenstvo > Statívy, držiaky a upevnenie pre kamery > Statívy pre fotoaparáty a kamery";"";"";""
"069216";"";"TV, audio, video a foto technika > Audio technika > Slúchadlá > Bezdrôtové slúchadlá > TWS slúchadlá";"";"";""
"069217";"";"TV, audio, video a foto technika > Audio technika > Slúchadlá > Bezdrôtové slúchadlá > TWS slúchadlá";"";"";""
"069206";"";"TV, audio, video a foto technika > Audio technika > Slúchadlá > Bezdrôtové slúchadlá > TWS slúchadlá";"";"";""
"070489";"";"TV, audio, video a foto technika > Foto a príslušenstvo > Statívy, držiaky a upevnenie pre kamery > Držiaky a montážne úchyty pre kamery";"";"";""
"069224";"";"TV, audio, video a foto technika > Audio technika > Slúchadlá > Bezdrôtové slúchadlá > Otvorené bezdrôtové slúchadlá";"";"";""
"069254";"";"TV, audio, video a foto technika > Audio technika > Slúchadlá > Bezdrôtové slúchadlá > Otvorené bezdrôtové slúchadlá";"";"";""
"069460";"";"TV, audio, video a foto technika > Foto a príslušenstvo > Statívy, držiaky a upevnenie pre kamery > Držiaky a montážne úchyty pre kamery";"";"";""
"069462";"";"TV, audio, video a foto technika > Foto a príslušenstvo > Statívy, držiaky a upevnenie pre kamery > Držiaky a montážne úchyty pre kamery";"";"";""
"069466";"";"TV, audio, video a foto technika > Foto a príslušenstvo > Statívy, držiaky a upevnenie pre kamery > Selfie tyče pre kamery";"";"";""
"069813";"";"Domáce spotrebiče > Kuchynské roboty a krájače > Mixéry a šľahače";"";"";""
"069814";"";"Domáce spotrebiče > Kuchynské roboty a krájače > Mixéry a šľahače";"";"";""
"069469";"";"TV, audio, video a foto technika > Foto a príslušenstvo > Statívy, držiaky a upevnenie pre kamery > Držiaky a montážne úchyty pre kamery";"";"";""
"069473";"";"TV, audio, video a foto technika > Foto a príslušenstvo > Statívy, držiaky a upevnenie pre kamery > Držiaky a montážne úchyty pre kamery";"";"";""
"070885";"";"Cestovanie, šport a outdoor > Príslušenstvo pre drony > Filtre pre drony";"";"";""
"070619";"";"TV, audio, video a foto technika > Foto a príslušenstvo > Statívy, držiaky a upevnenie pre kamery > Držiaky a montážne úchyty pre kamery";"";"";""
"070620";"";"TV, audio, video a foto technika > Foto a príslušenstvo > Príslušenstvo pre fotoaparáty a akčné kamery > Ochranné kryty a klietky pre kamery";"";"";""
"070622";"";"TV, audio, video a foto technika > Foto a príslušenstvo > Statívy, držiaky a upevnenie pre kamery > Držiaky a montážne úchyty pre kamery";"";"";""
"070534";"";"TV, audio, video a foto technika > Audio technika > Slúchadlá > Bezdrôtové slúchadlá > Náhlavné bezdrôtové slúchadlá";"";"";""
"070535";"";"TV, audio, video a foto technika > Audio technika > Slúchadlá > Bezdrôtové slúchadlá > Náhlavné bezdrôtové slúchadlá";"";"";""
"070536";"";"TV, audio, video a foto technika > Audio technika > Slúchadlá > Bezdrôtové slúchadlá > Náhlavné bezdrôtové slúchadlá";"";"";""
"068043";"";"Elektro, Smart Home a osvetlenie > Smart domácnosť – zariadenia > Senzory pohybu a otvorenia";"";"";""
"069924";"";"Chovateľské potreby > Fontány a napájačky > Filtre a čerpadlá do fontán";"";"";""
"071382";"";"TV, audio, video a foto technika > Foto a príslušenstvo > Statívy, držiaky a upevnenie pre kamery > Držiaky a montážne úchyty pre kamery";"";"";""
"070643";"";"TV, audio, video a foto technika > Foto a príslušenstvo > Statívy, držiaky a upevnenie pre kamery > Držiaky a montážne úchyty pre kamery";"";"";""
"070759";"";"TV, audio, video a foto technika > Audio technika > Slúchadlá > Bezdrôtové slúchadlá > Náhlavné bezdrôtové slúchadlá";"";"";""
"070766";"";"TV, audio, video a foto technika > Audio technika > Slúchadlá > Bezdrôtové slúchadlá > Náhlavné bezdrôtové slúchadlá";"";"";""
"070770";"";"TV, audio, video a foto technika > Audio technika > Slúchadlá > Bezdrôtové slúchadlá > Náhlavné bezdrôtové slúchadlá";"";"";""
"071475";"";"Cestovanie, šport a outdoor > Príslušenstvo pre drony > Filtre pre drony";"";"";""
"071476";"";"Cestovanie, šport a outdoor > Príslušenstvo pre drony > Filtre pre drony";"";"";""
"071846";"";"Cestovanie, šport a outdoor > Príslušenstvo pre drony > Tašky a kufre pre drony";"";"";""
"071848";"";"Cestovanie, šport a outdoor > Príslušenstvo pre drony > Tašky a kufre pre drony";"";"";""
"071851";"";"Cestovanie, šport a outdoor > Príslušenstvo pre drony > Tašky a kufre pre drony";"";"";""
"071852";"";"Cestovanie, šport a outdoor > Príslušenstvo pre drony > Tašky a kufre pre drony";"";"";""
"071854";"";"Cestovanie, šport a outdoor > Príslušenstvo pre drony > Filtre pre drony";"";"";""
"071855";"";"Cestovanie, šport a outdoor > Príslušenstvo pre drony > Filtre pre drony";"";"";""
"071856";"";"Cestovanie, šport a outdoor > Príslušenstvo pre drony > Filtre pre drony";"";"";""
"071858";"";"Cestovanie, šport a outdoor > Príslušenstvo pre drony > Filtre pre drony";"";"";""
"071873";"";"TV, audio, video a foto technika > Foto a príslušenstvo > Statívy, držiaky a upevnenie pre kamery > Držiaky a montážne úchyty pre kamery";"";"";""
"071865";"";"Cestovanie, šport a outdoor > Príslušenstvo pre drony > Tašky a kufre pre drony";"";"";""
"071867";"";"Cestovanie, šport a outdoor > Príslušenstvo pre drony > Tašky a kufre pre drony";"";"";""
"071893";"";"TV, audio, video a foto technika > Foto a príslušenstvo > Príslušenstvo pre fotoaparáty a akčné kamery > Ochranné sklá a fólie pre kamery";"";"";""
"072102";"";"TV, audio, video a foto technika > Foto a príslušenstvo > Fotoateliér > Fotografické a video svetlá";"";"";""
"072048";"";"Cestovanie, šport a outdoor > Príslušenstvo pre drony > Filtre pre drony";"";"";""
"072049";"";"Cestovanie, šport a outdoor > Príslušenstvo pre drony > Filtre pre drony";"";"";""
"072052";"";"Cestovanie, šport a outdoor > Príslušenstvo pre drony > Filtre pre drony";"";"";""
"072053";"";"Cestovanie, šport a outdoor > Príslušenstvo pre drony > Filtre pre drony";"";"";""
"072621";"";"Cestovanie, šport a outdoor > Príslušenstvo pre drony > Filtre pre drony";"";"";""
"072627";"";"Cestovanie, šport a outdoor > Príslušenstvo pre drony > Filtre pre drony";"";"";""
"071081";"";"Domáce spotrebiče > Vysávače > Robotické vysávače";"";"";""
"071080";"";"Domáce spotrebiče > Vysávače > Robotické vysávače";"";"";""
"069065";"";"Elektro, Smart Home a osvetlenie > Smart domácnosť – zariadenia > Senzory pohybu a otvorenia";"";"";""
"073282";"";"TV, audio, video a foto technika > Audio technika > Slúchadlá > Bezdrôtové slúchadlá > Náhlavné bezdrôtové slúchadlá";"";"";""
"073283";"";"TV, audio, video a foto technika > Audio technika > Slúchadlá > Bezdrôtové slúchadlá > Náhlavné bezdrôtové slúchadlá";"";"";""
"069800";"";"Elektro, Smart Home a osvetlenie > Smart domácnosť – zariadenia > Smart termostaty a hlavice";"";"";""
"073284";"";"TV, audio, video a foto technika > Audio technika > Slúchadlá > Bezdrôtové slúchadlá > Náhlavné bezdrôtové slúchadlá";"";"";""
"073292";"";"TV, audio, video a foto technika > Audio technika > Slúchadlá > Bezdrôtové slúchadlá > TWS slúchadlá";"";"";""
"073295";"";"TV, audio, video a foto technika > Audio technika > Slúchadlá > Bezdrôtové slúchadlá > TWS slúchadlá";"";"";""
"070189";"";"Chovateľské potreby > Fontány a napájačky > Filtre a čerpadlá do fontán";"";"";""
"073406";"";"TV, audio, video a foto technika > Audio technika > Slúchadlá > Bezdrôtové slúchadlá > Otvorené bezdrôtové slúchadlá";"";"";""
"073427";"";"Chovateľské potreby > Fontány a napájačky > Filtre a čerpadlá do fontán";"";"";""
"073428";"";"Chovateľské potreby > Fontány a napájačky > Filtre a čerpadlá do fontán";"";"";""
"073431";"";"Chovateľské potreby > Pohlcovače zápachu";"";"";""
"073522";"";"TV, audio, video a foto technika > Foto a príslušenstvo > Príslušenstvo pre fotoaparáty a akčné kamery > Ochranné sklá a fólie pre kamery";"";"";""
"073523";"";"TV, audio, video a foto technika > Foto a príslušenstvo > Filtre > Súpravy fotografických filtrov";"";"";""
"073528";"";"Cestovanie, šport a outdoor > Príslušenstvo pre drony > Tašky a kufre pre drony";"";"";""
"073738";"";"Cestovanie, šport a outdoor > Príslušenstvo pre drony > Tašky a kufre pre drony";"";"";""
"073741";"";"Cestovanie, šport a outdoor > Príslušenstvo pre drony > Tašky a kufre pre drony";"";"";""
"073742";"";"Cestovanie, šport a outdoor > Príslušenstvo pre drony > Tašky a kufre pre drony";"";"";""
"072742";"";"TV, audio, video a foto technika > Audio technika > Slúchadlá > Bezdrôtové slúchadlá > Náhlavné bezdrôtové slúchadlá";"";"";""
"074101";"";"TV, audio, video a foto technika > Foto a príslušenstvo > Statívy, držiaky a upevnenie pre kamery > Držiaky a montážne úchyty pre kamery";"";"";""
"074189";"";"TV, audio, video a foto technika > Foto a príslušenstvo > Príslušenstvo pre fotoaparáty a akčné kamery > Ochranné sklá a fólie pre kamery";"";"";""
"074190";"";"Cestovanie, šport a outdoor > Príslušenstvo pre drony > Filtre pre drony";"";"";""
"074191";"";"Cestovanie, šport a outdoor > Príslušenstvo pre drony > Filtre pre drony";"";"";""
"074192";"";"Cestovanie, šport a outdoor > Príslušenstvo pre drony > Filtre pre drony";"";"";""
"074193";"";"Cestovanie, šport a outdoor > Príslušenstvo pre drony > Filtre pre drony";"";"";""
"074194";"";"Cestovanie, šport a outdoor > Príslušenstvo pre drony > Filtre pre drony";"";"";""
"074200";"";"TV, audio, video a foto technika > Foto a príslušenstvo > Príslušenstvo pre fotoaparáty a akčné kamery > Ochranné sklá a fólie pre kamery";"";"";""
"073672";"";"Počítače, mobily a tablety > Herné príslušenstvo pre PC > Herné simulátory > Volanty a pretekárske ovládače";"";"";""
"073677";"";"Počítače, mobily a tablety > Herné príslušenstvo pre PC > Herné simulátory > Volanty a pretekárske ovládače";"";"";""
"073679";"";"Počítače, mobily a tablety > Herné príslušenstvo pre PC > Herné simulátory > Volanty a pretekárske ovládače";"";"";""
"073680";"";"Počítače, mobily a tablety > Herné príslušenstvo pre PC > Herné simulátory > Volanty a pretekárske ovládače";"";"";""
"073681";"";"Počítače, mobily a tablety > Herné príslušenstvo pre PC > Herné simulátory > Volanty a pretekárske ovládače";"";"";""
"073682";"";"Počítače, mobily a tablety > Herné príslušenstvo pre PC > Herné simulátory > Volanty a pretekárske ovládače";"";"";""
"073683";"";"Počítače, mobily a tablety > Herné príslušenstvo pre PC > Herné simulátory > Volanty a pretekárske ovládače";"";"";""
"073684";"";"Počítače, mobily a tablety > Herné príslušenstvo pre PC > Herné simulátory > Volanty a pretekárske ovládače";"";"";""
"073687";"";"Počítače, mobily a tablety > Herné príslušenstvo pre PC > Herné simulátory > Volanty a pretekárske ovládače";"";"";""
"074232";"";"Chovateľské potreby > Venčenie a transport";"";"";""
"073690";"";"Počítače, mobily a tablety > Herné príslušenstvo pre PC > Herné simulátory > Volanty a pretekárske ovládače";"";"";""
"073692";"";"Počítače, mobily a tablety > Herné príslušenstvo pre PC > Herné simulátory > Volanty a pretekárske ovládače";"";"";""
"073694";"";"Počítače, mobily a tablety > Herné príslušenstvo pre PC > Herné simulátory > Volanty a pretekárske ovládače";"";"";""
"074210";"";"Cestovanie, šport a outdoor > Príslušenstvo pre drony > Tašky a kufre pre drony";"";"";""
"074211";"";"Cestovanie, šport a outdoor > Príslušenstvo pre drony > Tašky a kufre pre drony";"";"";""
"074218";"";"TV, audio, video a foto technika > Foto a príslušenstvo > Statívy, držiaky a upevnenie pre kamery > Držiaky a montážne úchyty pre kamery";"";"";""
"074338";"";"Počítače, mobily a tablety > Herné príslušenstvo pre PC > Herné simulátory > Volanty a pretekárske ovládače";"";"";""
"074753";"";"Domáce spotrebiče > Vysávače > Robotické vysávače";"";"";""
"074097";"";"Domáce spotrebiče > Vysávače > Robotické vysávače";"";"";""
"074752";"";"Chovateľské potreby > Fontány a napájačky > Fontány pre psy a mačky";"";"";""
"074748";"";"Chovateľské potreby > Fontány a napájačky > Fontány pre psy a mačky";"";"";""
"070873";"";"TV, audio, video a foto technika > Audio technika > Slúchadlá > Bezdrôtové slúchadlá > Otvorené bezdrôtové slúchadlá";"";"";""
"073413";"";"TV, audio, video a foto technika > Audio technika > Slúchadlá > Bezdrôtové slúchadlá > Náhlavné bezdrôtové slúchadlá";"";"";""
"073414";"";"TV, audio, video a foto technika > Audio technika > Slúchadlá > Bezdrôtové slúchadlá > Náhlavné bezdrôtové slúchadlá";"";"";""
"074974";"";"Cestovanie, šport a outdoor > Príslušenstvo pre drony > Tašky a kufre pre drony";"";"";""
"074976";"";"Cestovanie, šport a outdoor > Príslušenstvo pre drony > Tašky a kufre pre drony";"";"";""
"074746";"";"Zdravie a starostlivosť > Starostlivosť o zuby > Elektrické zubné kefky";"";"";""
"075362";"";"3D tlač a digitálna výroba > 3D tlačiarne a materiály > Tlačové struny a vlákna > PLA filamenty";"";"";""
"075363";"";"3D tlač a digitálna výroba > 3D tlačiarne a materiály > Tlačové struny a vlákna > PLA filamenty";"";"";""
"075364";"";"3D tlač a digitálna výroba > 3D tlačiarne a materiály > Tlačové struny a vlákna > PLA filamenty";"";"";""
"075365";"";"3D tlač a digitálna výroba > 3D tlačiarne a materiály > Tlačové struny a vlákna > PLA filamenty";"";"";""
"073335";"";"TV, audio, video a foto technika > Foto a príslušenstvo > Príslušenstvo pre fotoaparáty a akčné kamery > Ochranné sklá a fólie pre kamery";"";"";""
"073338";"";"TV, audio, video a foto technika > Foto a príslušenstvo > Príslušenstvo pre fotoaparáty a akčné kamery > Batérie a nabíjačky pre kamery";"";"";""
"073339";"";"TV, audio, video a foto technika > Foto a príslušenstvo > Príslušenstvo pre fotoaparáty a akčné kamery > Batérie a nabíjačky pre kamery";"";"";""
"075527";"";"TV, audio, video a foto technika > Audio technika > Slúchadlá > Bezdrôtové slúchadlá > TWS slúchadlá";"";"";""
"075528";"";"TV, audio, video a foto technika > Audio technika > Slúchadlá > Bezdrôtové slúchadlá > Otvorené bezdrôtové slúchadlá";"";"";""
"075568";"";"Chovateľské potreby > Fontány a napájačky > Filtre a čerpadlá do fontán";"";"";""
"064406";"";"Elektro, Smart Home a osvetlenie > Smart domácnosť – zariadenia > Senzory teploty a vlhkosti";"";"";""
"074620";"";"TV, audio, video a foto technika > Audio technika > Slúchadlá > Bezdrôtové slúchadlá > Náhlavné bezdrôtové slúchadlá";"";"";""
"074622";"";"TV, audio, video a foto technika > Audio technika > Slúchadlá > Bezdrôtové slúchadlá > Náhlavné bezdrôtové slúchadlá";"";"";""
"075952";"";"Cestovanie, šport a outdoor > Príslušenstvo pre drony > Filtre pre drony";"";"";""
"075951";"";"Cestovanie, šport a outdoor > Príslušenstvo pre drony > Filtre pre drony";"";"";""
"076536";"";"Cestovanie, šport a outdoor > Príslušenstvo pre drony > Tašky a kufre pre drony";"";"";""
"076564";"";"Cestovanie, šport a outdoor > Príslušenstvo pre drony > Tašky a kufre pre drony";"";"";""
"076565";"";"Cestovanie, šport a outdoor > Príslušenstvo pre drony > Tašky a kufre pre drony";"";"";""
"076566";"";"Cestovanie, šport a outdoor > Príslušenstvo pre drony > Tašky a kufre pre drony";"";"";""
"075950";"";"Cestovanie, šport a outdoor > Príslušenstvo pre drony > Filtre pre drony";"";"";""
"076773";"";"Počítače, mobily a tablety > Herné príslušenstvo pre PC > Herné simulátory > Volanty a pretekárske ovládače";"";"";""
"076774";"";"Počítače, mobily a tablety > Herné príslušenstvo pre PC > Herné simulátory > Volanty a pretekárske ovládače";"";"";""
"076775";"";"Počítače, mobily a tablety > Herné príslušenstvo pre PC > Herné simulátory > Volanty a pretekárske ovládače";"";"";""
"076835";"";"Domáce spotrebiče > Vysávače > Robotické vysávače";"";"";""
"076836";"";"Domáce spotrebiče > Vysávače > Robotické vysávače";"";"";""
"076813";"";"Domáce spotrebiče > Vysávače > Robotické vysávače";"";"";""
"076503";"";"TV, audio, video a foto technika > Audio technika > Slúchadlá > Bezdrôtové slúchadlá > TWS slúchadlá";"";"";""
"077276";"";"TV, audio, video a foto technika > Audio technika > Slúchadlá > Bezdrôtové slúchadlá > TWS slúchadlá";"";"";""
"077572";"";"TV, audio, video a foto technika > Foto a príslušenstvo > Príslušenstvo pre fotoaparáty a akčné kamery > Ochranné sklá a fólie pre kamery";"";"";""
"077590";"";"Cestovanie, šport a outdoor > Príslušenstvo pre drony > Tašky a kufre pre drony";"";"";""
"073822";"";"TV, audio, video a foto technika > Foto a príslušenstvo > Statívy, držiaky a upevnenie pre kamery > Držiaky a montážne úchyty pre kamery";"";"";""
"075479";"";"Zdravie a starostlivosť > Starostlivosť o vlasy > Fény a teplovzdušné kefy";"";"";""
"075478";"";"Domáce spotrebiče > Vysávače > Robotické vysávače";"";"";""
"077614";"";"TV, audio, video a foto technika > Foto a príslušenstvo > Príslušenstvo pre fotoaparáty a akčné kamery > Ochranné kryty a klietky pre kamery";"";"";""
"075477";"";"Domáce spotrebiče > Vysávače > Robotické vysávače";"";"";""
"077873";"";"TV, audio, video a foto technika > Foto a príslušenstvo > Príslušenstvo pre fotoaparáty a akčné kamery > Ochranné sklá a fólie pre kamery";"";"";""
"077871";"";"TV, audio, video a foto technika > Foto a príslušenstvo > Fotoateliér > Fotografické a video svetlá";"";"";""
"077870";"";"TV, audio, video a foto technika > Foto a príslušenstvo > Statívy, držiaky a upevnenie pre kamery > Držiaky a montážne úchyty pre kamery";"";"";""
"077867";"";"TV, audio, video a foto technika > Foto a príslušenstvo > Statívy, držiaky a upevnenie pre kamery > Selfie tyče pre kamery";"";"";""
"077860";"";"TV, audio, video a foto technika > Foto a príslušenstvo > Statívy, držiaky a upevnenie pre kamery > Statívy pre fotoaparáty a kamery";"";"";""
"077863";"";"TV, audio, video a foto technika > Foto a príslušenstvo > Statívy, držiaky a upevnenie pre kamery > Selfie tyče pre kamery";"";"";""
"077033";"";"TV, audio, video a foto technika > Audio technika > Slúchadlá > Bezdrôtové slúchadlá > Otvorené bezdrôtové slúchadlá";"";"";""
"078189";"";"Cestovanie, šport a outdoor > Príslušenstvo pre drony > Tašky a kufre pre drony";"";"";""
"078190";"";"TV, audio, video a foto technika > Foto a príslušenstvo > Statívy, držiaky a upevnenie pre kamery > Držiaky a montážne úchyty pre kamery";"";"";""
"078191";"";"TV, audio, video a foto technika > Foto a príslušenstvo > Statívy, držiaky a upevnenie pre kamery > Držiaky a montážne úchyty pre kamery";"";"";""
"078192";"";"TV, audio, video a foto technika > Foto a príslušenstvo > Statívy, držiaky a upevnenie pre kamery > Držiaky a montážne úchyty pre kamery";"";"";""
"077645";"";"Zdravie a starostlivosť > Starostlivosť o zuby > Náhradné hlavice na zubné kefky";"";"";""
"077646";"";"Zdravie a starostlivosť > Starostlivosť o zuby > Náhradné hlavice na zubné kefky";"";"";""
"078240";"";"Cestovanie, šport a outdoor > Príslušenstvo pre drony > Tašky a kufre pre drony";"";"";""
"078247";"";"TV, audio, video a foto technika > Audio technika > Slúchadlá > Bezdrôtové slúchadlá > Otvorené bezdrôtové slúchadlá";"";"";""
"078246";"";"TV, audio, video a foto technika > Audio technika > Slúchadlá > Bezdrôtové slúchadlá > Otvorené bezdrôtové slúchadlá";"";"";""
"078265";"";"TV, audio, video a foto technika > Foto a príslušenstvo > Príslušenstvo pre fotoaparáty a akčné kamery > Ochranné kryty a klietky pre kamery";"";"";""
"078267";"";"TV, audio, video a foto technika > Foto a príslušenstvo > Príslušenstvo pre fotoaparáty a akčné kamery > Ochranné kryty a klietky pre kamery";"";"";""
"078270";"";"TV, audio, video a foto technika > Foto a príslušenstvo > Príslušenstvo pre fotoaparáty a akčné kamery > Ochranné kryty a klietky pre kamery";"";"";""
"078328";"";"Cestovanie, šport a outdoor > Príslušenstvo pre drony > Filtre pre drony";"";"";""
"078329";"";"Cestovanie, šport a outdoor > Príslušenstvo pre drony > Filtre pre drony";"";"";""
"078330";"";"Cestovanie, šport a outdoor > Príslušenstvo pre drony > Filtre pre drony";"";"";""
"078361";"";"Chovateľské potreby > Pohlcovače zápachu";"";"";""
"078331";"";"Cestovanie, šport a outdoor > Príslušenstvo pre drony > Filtre pre drony";"";"";""
"078332";"";"Cestovanie, šport a outdoor > Príslušenstvo pre drony > Filtre pre drony";"";"";""
"078333";"";"Cestovanie, šport a outdoor > Príslušenstvo pre drony > Filtre pre drony";"";"";""
"078336";"";"Cestovanie, šport a outdoor > Príslušenstvo pre drony > Filtre pre drony";"";"";""
"078338";"";"Cestovanie, šport a outdoor > Príslušenstvo pre drony > Filtre pre drony";"";"";""
"078343";"";"Cestovanie, šport a outdoor > Príslušenstvo pre drony > Filtre pre drony";"";"";""
"078344";"";"Cestovanie, šport a outdoor > Príslušenstvo pre drony > Filtre pre drony";"";"";""
"078345";"";"Cestovanie, šport a outdoor > Príslušenstvo pre drony > Filtre pre drony";"";"";""
"078348";"";"Cestovanie, šport a outdoor > Príslušenstvo pre drony > Filtre pre drony";"";"";""
"078405";"";"TV, audio, video a foto technika > Foto a príslušenstvo > Príslušenstvo pre fotoaparáty a akčné kamery > Ochranné kryty a klietky pre kamery";"";"";""
"078442";"";"TV, audio, video a foto technika > Foto a príslušenstvo > Fotoateliér > Fotografické a video svetlá";"";"";""
"078410";"";"TV, audio, video a foto technika > Foto a príslušenstvo > Príslušenstvo pre fotoaparáty a akčné kamery > Batérie a nabíjačky pre kamery";"";"";""
"078412";"";"TV, audio, video a foto technika > Foto a príslušenstvo > Príslušenstvo pre fotoaparáty a akčné kamery > Ochranné kryty a klietky pre kamery";"";"";""
"078413";"";"TV, audio, video a foto technika > Foto a príslušenstvo > Príslušenstvo pre fotoaparáty a akčné kamery > Ochranné kryty a klietky pre kamery";"";"";""
"078414";"";"TV, audio, video a foto technika > Foto a príslušenstvo > Príslušenstvo pre fotoaparáty a akčné kamery > Ochranné kryty a klietky pre kamery";"";"";""
"078415";"";"TV, audio, video a foto technika > Foto a príslušenstvo > Príslušenstvo pre fotoaparáty a akčné kamery > Ochranné kryty a klietky pre kamery";"";"";""
"078443";"";"TV, audio, video a foto technika > Foto a príslušenstvo > Statívy, držiaky a upevnenie pre kamery > Držiaky a montážne úchyty pre kamery";"";"";""
"078446";"";"TV, audio, video a foto technika > Foto a príslušenstvo > Statívy, držiaky a upevnenie pre kamery > Statívy pre fotoaparáty a kamery";"";"";""
"078427";"";"TV, audio, video a foto technika > Foto a príslušenstvo > Statívy, držiaky a upevnenie pre kamery > Držiaky a montážne úchyty pre kamery";"";"";""
"078452";"";"TV, audio, video a foto technika > Foto a príslušenstvo > Statívy, držiaky a upevnenie pre kamery > Statívy pre fotoaparáty a kamery";"";"";""
"078455";"";"TV, audio, video a foto technika > Foto a príslušenstvo > Fotoateliér > Fotografické a video svetlá";"";"";""
"078502";"";"TV, audio, video a foto technika > Foto a príslušenstvo > Statívy, držiaky a upevnenie pre kamery > Popruhy a postroje pre kamery";"";"";""
"078579";"";"Cestovanie, šport a outdoor > Príslušenstvo pre drony > Tašky a kufre pre drony";"";"";""
"077355";"";"Elektro, Smart Home a osvetlenie > Smart domácnosť – zariadenia > Senzory pohybu a otvorenia";"";"";""
"078684";"";"Dielňa, náradie a záhrada > Meracia technika > Multimetre a kliešťové merače > Kliešťové merače";"";"";""
"078728";"";"Počítače, mobily a tablety > Herné príslušenstvo pre PC > Herné simulátory > Volanty a pretekárske ovládače";"";"";""
"078731";"";"Počítače, mobily a tablety > Herné príslušenstvo pre PC > Herné simulátory > Volanty a pretekárske ovládače";"";"";""
"078732";"";"Počítače, mobily a tablety > Herné príslušenstvo pre PC > Herné simulátory > Volanty a pretekárske ovládače";"";"";""
"078733";"";"Počítače, mobily a tablety > Herné príslušenstvo pre PC > Herné simulátory > Volanty a pretekárske ovládače";"";"";""
"078737";"";"Počítače, mobily a tablety > Herné príslušenstvo pre PC > Herné simulátory > Volanty a pretekárske ovládače";"";"";""
"078738";"";"Počítače, mobily a tablety > Herné príslušenstvo pre PC > Herné simulátory > Volanty a pretekárske ovládače";"";"";""
"078745";"";"Počítače, mobily a tablety > Herné príslušenstvo pre PC > Herné simulátory > Volanty a pretekárske ovládače";"";"";""
"078763";"";"Počítače, mobily a tablety > Herné príslušenstvo pre PC > Herné simulátory > Volanty a pretekárske ovládače";"";"";""
"075490";"";"TV, audio, video a foto technika > Audio technika > Slúchadlá > Bezdrôtové slúchadlá > TWS slúchadlá";"";"";""
"079050";"";"Elektro, Smart Home a osvetlenie > Smart domácnosť – zariadenia > Senzory teploty a vlhkosti";"";"";""
"079051";"";"Elektro, Smart Home a osvetlenie > Smart domácnosť – zariadenia > Senzory teploty a vlhkosti";"";"";""
"079072";"";"Elektro, Smart Home a osvetlenie > Smart domácnosť – zariadenia > Smart zásuvky";"";"";""
"078257";"";"TV, audio, video a foto technika > Audio technika > Slúchadlá > Bezdrôtové slúchadlá > TWS slúchadlá";"";"";""
"079261";"";"Elektro, Smart Home a osvetlenie > Smart domácnosť – zariadenia > Senzory pohybu a otvorenia";"";"";""
"079262";"";"Elektro, Smart Home a osvetlenie > Smart domácnosť – zariadenia > Senzory teploty a vlhkosti";"";"";""
"079282";"";"Elektro, Smart Home a osvetlenie > Smart domácnosť – zariadenia > Smart termostaty a hlavice";"";"";""
"079284";"";"Elektro, Smart Home a osvetlenie > Smart domácnosť – zariadenia > Smart termostaty a hlavice";"";"";""
"079285";"";"Elektro, Smart Home a osvetlenie > Smart domácnosť – zariadenia > Smart termostaty a hlavice";"";"";""
"079286";"";"Elektro, Smart Home a osvetlenie > Smart domácnosť – zariadenia > Smart termostaty a hlavice";"";"";""
"079300";"";"Elektro, Smart Home a osvetlenie > Smart domácnosť – zariadenia > Senzory teploty a vlhkosti";"";"";""
"079299";"";"Elektro, Smart Home a osvetlenie > Smart domácnosť – zariadenia > Senzory pohybu a otvorenia";"";"";""
"079333";"";"Zdravie a starostlivosť > Starostlivosť o vlasy > Fény a teplovzdušné kefy";"";"";""
"078283";"";"TV, audio, video a foto technika > Audio technika > Slúchadlá > Bezdrôtové slúchadlá > TWS slúchadlá";"";"";""
"078275";"";"TV, audio, video a foto technika > Audio technika > Slúchadlá > Bezdrôtové slúchadlá > Náhlavné bezdrôtové slúchadlá";"";"";""
"078274";"";"TV, audio, video a foto technika > Audio technika > Slúchadlá > Bezdrôtové slúchadlá > Náhlavné bezdrôtové slúchadlá";"";"";""
"078982";"";"3D tlač a digitálna výroba > 3D tlačiarne a materiály > Tlačové struny a vlákna > PLA filamenty";"";"";""
"078978";"";"3D tlač a digitálna výroba > 3D tlačiarne a materiály > Tlačové struny a vlákna > PLA filamenty";"";"";""
"078983";"";"3D tlač a digitálna výroba > 3D tlačiarne a materiály > Tlačové struny a vlákna > PLA filamenty";"";"";""
"079416";"";"3D tlač a digitálna výroba > 3D tlačiarne a materiály > Tlačové struny a vlákna > PLA filamenty";"";"";""
"079417";"";"3D tlač a digitálna výroba > 3D tlačiarne a materiály > Tlačové struny a vlákna > PLA filamenty";"";"";""
"079418";"";"3D tlač a digitálna výroba > 3D tlačiarne a materiály > Tlačové struny a vlákna > PLA filamenty";"";"";""
"077378";"";"3D tlač a digitálna výroba > 3D tlačiarne a materiály > Tlačové struny a vlákna > PLA filamenty";"";"";""
"077379";"";"3D tlač a digitálna výroba > 3D tlačiarne a materiály > Tlačové struny a vlákna > PLA filamenty";"";"";""
"077380";"";"3D tlač a digitálna výroba > 3D tlačiarne a materiály > Tlačové struny a vlákna > PLA filamenty";"";"";""
"077381";"";"3D tlač a digitálna výroba > 3D tlačiarne a materiály > Tlačové struny a vlákna > PLA filamenty";"";"";""
"077382";"";"3D tlač a digitálna výroba > 3D tlačiarne a materiály > Tlačové struny a vlákna > PLA filamenty";"";"";""
"077383";"";"3D tlač a digitálna výroba > 3D tlačiarne a materiály > Tlačové struny a vlákna > PLA filamenty";"";"";""
"077384";"";"3D tlač a digitálna výroba > 3D tlačiarne a materiály > Tlačové struny a vlákna > PLA filamenty";"";"";""
"077386";"";"3D tlač a digitálna výroba > 3D tlačiarne a materiály > Tlačové struny a vlákna > PETG filamenty";"";"";""
"077388";"";"3D tlač a digitálna výroba > 3D tlačiarne a materiály > Tlačové struny a vlákna > ABS a ASA filamenty";"";"";""
"077389";"";"3D tlač a digitálna výroba > 3D tlačiarne a materiály > Tlačové struny a vlákna > PLA filamenty";"";"";""
"079514";"";"3D tlač a digitálna výroba > 3D tlačiarne a materiály > Tlačové struny a vlákna > PETG filamenty";"";"";""
"079515";"";"3D tlač a digitálna výroba > 3D tlačiarne a materiály > Tlačové struny a vlákna > PETG filamenty";"";"";""
"079516";"";"3D tlač a digitálna výroba > 3D tlačiarne a materiály > Tlačové struny a vlákna > PETG filamenty";"";"";""
"079517";"";"3D tlač a digitálna výroba > 3D tlačiarne a materiály > Tlačové struny a vlákna > PETG filamenty";"";"";""
"079518";"";"3D tlač a digitálna výroba > 3D tlačiarne a materiály > Tlačové struny a vlákna > PLA filamenty";"";"";""
"079519";"";"3D tlač a digitálna výroba > 3D tlačiarne a materiály > Tlačové struny a vlákna > PLA filamenty";"";"";""
"079520";"";"3D tlač a digitálna výroba > 3D tlačiarne a materiály > Tlačové struny a vlákna > PLA filamenty";"";"";""
"080023";"";"TV, audio, video a foto technika > Foto a príslušenstvo > Statívy, držiaky a upevnenie pre kamery > Držiaky a montážne úchyty pre kamery";"";"";""
"080024";"";"TV, audio, video a foto technika > Foto a príslušenstvo > Statívy, držiaky a upevnenie pre kamery > Držiaky a montážne úchyty pre kamery";"";"";""
"080025";"";"TV, audio, video a foto technika > Foto a príslušenstvo > Statívy, držiaky a upevnenie pre kamery > Statívy pre fotoaparáty a kamery";"";"";""
"080027";"";"TV, audio, video a foto technika > Foto a príslušenstvo > Fotoateliér > Fotografické a video svetlá";"";"";""
"079556";"";"Domáce spotrebiče > Vysávače > Robotické vysávače";"";"";""
"079623";"";"Domáce spotrebiče > Vysávače > Robotické vysávače";"";"";""
"080287";"";"Počítače, mobily a tablety > Herné príslušenstvo pre PC > Herné simulátory > Volanty a pretekárske ovládače";"";"";""
"080290";"";"Počítače, mobily a tablety > Herné príslušenstvo pre PC > Herné simulátory > Volanty a pretekárske ovládače";"";"";""
"080293";"";"Počítače, mobily a tablety > Herné príslušenstvo pre PC > Herné simulátory > Volanty a pretekárske ovládače";"";"";""
"080295";"";"Počítače, mobily a tablety > Herné príslušenstvo pre PC > Herné simulátory > Volanty a pretekárske ovládače";"";"";""
"080299";"";"Počítače, mobily a tablety > Herné príslušenstvo pre PC > Herné simulátory > Volanty a pretekárske ovládače";"";"";""
"080300";"";"Počítače, mobily a tablety > Herné príslušenstvo pre PC > Herné simulátory > Volanty a pretekárske ovládače";"";"";""
"080301";"";"Počítače, mobily a tablety > Herné príslušenstvo pre PC > Herné simulátory > Volanty a pretekárske ovládače";"";"";""
"080470";"";"TV, audio, video a foto technika > Audio technika > Slúchadlá > Bezdrôtové slúchadlá > Náhlavné bezdrôtové slúchadlá";"";"";""
"080473";"";"TV, audio, video a foto technika > Audio technika > Slúchadlá > Bezdrôtové slúchadlá > Náhlavné bezdrôtové slúchadlá";"";"";""
"080474";"";"TV, audio, video a foto technika > Audio technika > Slúchadlá > Bezdrôtové slúchadlá > Otvorené bezdrôtové slúchadlá";"";"";""
"080475";"";"TV, audio, video a foto technika > Audio technika > Slúchadlá > Bezdrôtové slúchadlá > Otvorené bezdrôtové slúchadlá";"";"";""
"080658";"";"TV, audio, video a foto technika > Foto a príslušenstvo > Príslušenstvo pre fotoaparáty a akčné kamery > Ochranné sklá a fólie pre kamery";"";"";""
"080659";"";"TV, audio, video a foto technika > Foto a príslušenstvo > Príslušenstvo pre fotoaparáty a akčné kamery > Ochranné kryty a klietky pre kamery";"";"";""
"080661";"";"TV, audio, video a foto technika > Foto a príslušenstvo > Príslušenstvo pre fotoaparáty a akčné kamery > Ochranné kryty a klietky pre kamery";"";"";""
"080663";"";"TV, audio, video a foto technika > Foto a príslušenstvo > Príslušenstvo pre fotoaparáty a akčné kamery > Ochranné kryty a klietky pre kamery";"";"";""
"080664";"";"TV, audio, video a foto technika > Foto a príslušenstvo > Príslušenstvo pre fotoaparáty a akčné kamery > Ochranné kryty a klietky pre kamery";"";"";""
"080682";"";"TV, audio, video a foto technika > Foto a príslušenstvo > Príslušenstvo pre fotoaparáty a akčné kamery > Ochranné kryty a klietky pre kamery";"";"";""
"080738";"";"TV, audio, video a foto technika > Foto a príslušenstvo > Príslušenstvo pre fotoaparáty a akčné kamery > Ochranné kryty a klietky pre kamery";"";"";""
"080741";"";"TV, audio, video a foto technika > Foto a príslušenstvo > Príslušenstvo pre fotoaparáty a akčné kamery > Ochranné kryty a klietky pre kamery";"";"";""
"080730";"";"TV, audio, video a foto technika > Foto a príslušenstvo > Príslušenstvo pre fotoaparáty a akčné kamery > Ochranné sklá a fólie pre kamery";"";"";""
"080792";"";"TV, audio, video a foto technika > Foto a príslušenstvo > Filtre > Súpravy fotografických filtrov";"";"";""
"080794";"";"TV, audio, video a foto technika > Foto a príslušenstvo > Filtre > ND a variabilné ND filtre";"";"";""
"080795";"";"TV, audio, video a foto technika > Foto a príslušenstvo > Filtre > ND a variabilné ND filtre";"";"";""
"080797";"";"TV, audio, video a foto technika > Foto a príslušenstvo > Filtre > ND a variabilné ND filtre";"";"";""
"080798";"";"TV, audio, video a foto technika > Foto a príslušenstvo > Filtre > ND a variabilné ND filtre";"";"";""
"080799";"";"TV, audio, video a foto technika > Foto a príslušenstvo > Filtre > ND a variabilné ND filtre";"";"";""
"080622";"";"TV, audio, video a foto technika > Audio technika > Slúchadlá > Bezdrôtové slúchadlá > Náhlavné bezdrôtové slúchadlá";"";"";""
"075780";"";"Elektro, Smart Home a osvetlenie > Smart domácnosť – zariadenia > Smart zásuvky";"";"";""
"075871";"";"Elektro, Smart Home a osvetlenie > Smart domácnosť – zariadenia > Smart zásuvky";"";"";""
"075872";"";"Elektro, Smart Home a osvetlenie > Smart domácnosť – zariadenia > Smart zásuvky";"";"";""
"075873";"";"Elektro, Smart Home a osvetlenie > Smart domácnosť – zariadenia > Smart zásuvky";"";"";""
"075874";"";"Elektro, Smart Home a osvetlenie > Smart domácnosť – zariadenia > Smart zásuvky";"";"";""
"075875";"";"Elektro, Smart Home a osvetlenie > Smart domácnosť – zariadenia > Smart zásuvky";"";"";""
"081218";"";"Elektro, Smart Home a osvetlenie > Smart domácnosť – zariadenia > Senzory teploty a vlhkosti";"";"";""
"080759";"";"3D tlač a digitálna výroba > 3D tlačiarne a materiály > Tlačové struny a vlákna > PLA filamenty";"";"";""
"081079";"";"Počítače, mobily a tablety > Herné príslušenstvo pre PC > Herné simulátory > Volanty a pretekárske ovládače";"";"";""
"081080";"";"Počítače, mobily a tablety > Herné príslušenstvo pre PC > Herné simulátory > Volanty a pretekárske ovládače";"";"";""
"081317";"";"3D tlač a digitálna výroba > 3D tlačiarne a materiály > Tlačové struny a vlákna > PLA filamenty";"";"";""
"081316";"";"3D tlač a digitálna výroba > 3D tlačiarne a materiály > Tlačové struny a vlákna > PLA filamenty";"";"";""
"081335";"";"3D tlač a digitálna výroba > 3D tlačiarne a materiály > Tlačové struny a vlákna > PLA filamenty";"";"";""
"079792";"";"3D tlač a digitálna výroba > 3D tlačiarne a materiály > Tlačové struny a vlákna > PLA filamenty";"";"";""
"079794";"";"3D tlač a digitálna výroba > 3D tlačiarne a materiály > Tlačové struny a vlákna > ABS a ASA filamenty";"";"";""
"079795";"";"3D tlač a digitálna výroba > 3D tlačiarne a materiály > Tlačové struny a vlákna > PETG filamenty";"";"";""
"079796";"";"3D tlač a digitálna výroba > 3D tlačiarne a materiály > Tlačové struny a vlákna > PETG filamenty";"";"";""
"079797";"";"3D tlač a digitálna výroba > 3D tlačiarne a materiály > Tlačové struny a vlákna > PETG filamenty";"";"";""
"079798";"";"3D tlač a digitálna výroba > 3D tlačiarne a materiály > Tlačové struny a vlákna > PETG filamenty";"";"";""
"079799";"";"3D tlač a digitálna výroba > 3D tlačiarne a materiály > Tlačové struny a vlákna > PLA filamenty";"";"";""
"079800";"";"3D tlač a digitálna výroba > 3D tlačiarne a materiály > Tlačové struny a vlákna > PLA filamenty";"";"";""
"079801";"";"3D tlač a digitálna výroba > 3D tlačiarne a materiály > Tlačové struny a vlákna > TPU filamenty";"";"";""
"079802";"";"3D tlač a digitálna výroba > 3D tlačiarne a materiály > Tlačové struny a vlákna > TPU filamenty";"";"";""
"079803";"";"3D tlač a digitálna výroba > 3D tlačiarne a materiály > Tlačové struny a vlákna > TPU filamenty";"";"";""
"079804";"";"3D tlač a digitálna výroba > 3D tlačiarne a materiály > Tlačové struny a vlákna > TPU filamenty";"";"";""
"079805";"";"3D tlač a digitálna výroba > 3D tlačiarne a materiály > Tlačové struny a vlákna > TPU filamenty";"";"";""
"081503";"";"TV, audio, video a foto technika > Audio technika > Slúchadlá > Bezdrôtové slúchadlá > Otvorené bezdrôtové slúchadlá";"";"";""
"081294";"";"TV, audio, video a foto technika > Audio technika > Slúchadlá > Bezdrôtové slúchadlá > Otvorené bezdrôtové slúchadlá";"";"";""
"081502";"";"TV, audio, video a foto technika > Audio technika > Slúchadlá > Bezdrôtové slúchadlá > Otvorené bezdrôtové slúchadlá";"";"";""
"081504";"";"TV, audio, video a foto technika > Audio technika > Slúchadlá > Bezdrôtové slúchadlá > Otvorené bezdrôtové slúchadlá";"";"";""
"081506";"";"TV, audio, video a foto technika > Audio technika > Slúchadlá > Bezdrôtové slúchadlá > TWS slúchadlá";"";"";""
"081507";"";"TV, audio, video a foto technika > Audio technika > Slúchadlá > Bezdrôtové slúchadlá > TWS slúchadlá";"";"";""
"081505";"";"TV, audio, video a foto technika > Audio technika > Slúchadlá > Bezdrôtové slúchadlá > TWS slúchadlá";"";"";""
"081466";"";"Cestovanie, šport a outdoor > Príslušenstvo pre drony > Filtre pre drony";"";"";""
"081467";"";"Cestovanie, šport a outdoor > Príslušenstvo pre drony > Filtre pre drony";"";"";""
"081468";"";"Cestovanie, šport a outdoor > Príslušenstvo pre drony > Filtre pre drony";"";"";""
"081469";"";"Cestovanie, šport a outdoor > Príslušenstvo pre drony > Filtre pre drony";"";"";""
"081470";"";"Cestovanie, šport a outdoor > Príslušenstvo pre drony > Filtre pre drony";"";"";""
"081471";"";"Cestovanie, šport a outdoor > Príslušenstvo pre drony > Filtre pre drony";"";"";""
"081472";"";"Cestovanie, šport a outdoor > Príslušenstvo pre drony > Filtre pre drony";"";"";""
"081473";"";"Cestovanie, šport a outdoor > Príslušenstvo pre drony > Filtre pre drony";"";"";""
"081474";"";"Cestovanie, šport a outdoor > Príslušenstvo pre drony > Filtre pre drony";"";"";""
"081475";"";"Cestovanie, šport a outdoor > Príslušenstvo pre drony > Filtre pre drony";"";"";""
"081476";"";"Cestovanie, šport a outdoor > Príslušenstvo pre drony > Filtre pre drony";"";"";""
"081477";"";"Cestovanie, šport a outdoor > Príslušenstvo pre drony > Filtre pre drony";"";"";""
"081478";"";"Cestovanie, šport a outdoor > Príslušenstvo pre drony > Filtre pre drony";"";"";""
"081479";"";"Cestovanie, šport a outdoor > Príslušenstvo pre drony > Filtre pre drony";"";"";""
"081480";"";"Cestovanie, šport a outdoor > Príslušenstvo pre drony > Filtre pre drony";"";"";""
"081481";"";"Cestovanie, šport a outdoor > Príslušenstvo pre drony > Filtre pre drony";"";"";""
"081490";"";"Cestovanie, šport a outdoor > Príslušenstvo pre drony > Filtre pre drony";"";"";""
"081484";"";"Cestovanie, šport a outdoor > Príslušenstvo pre drony > Filtre pre drony";"";"";""
"081485";"";"Cestovanie, šport a outdoor > Príslušenstvo pre drony > Filtre pre drony";"";"";""
"081486";"";"Cestovanie, šport a outdoor > Príslušenstvo pre drony > Filtre pre drony";"";"";""
"081487";"";"Cestovanie, šport a outdoor > Príslušenstvo pre drony > Filtre pre drony";"";"";""
"081465";"";"Cestovanie, šport a outdoor > Príslušenstvo pre drony > Filtre pre drony";"";"";""
"081547";"";"TV, audio, video a foto technika > Foto a príslušenstvo > Príslušenstvo pre fotoaparáty a akčné kamery > Ochranné sklá a fólie pre kamery";"";"";""
"081548";"";"TV, audio, video a foto technika > Foto a príslušenstvo > Príslušenstvo pre fotoaparáty a akčné kamery > Ochranné kryty a klietky pre kamery";"";"";""
"081535";"";"TV, audio, video a foto technika > Foto a príslušenstvo > Filtre > ND a variabilné ND filtre";"";"";""
"081536";"";"TV, audio, video a foto technika > Foto a príslušenstvo > Filtre > Súpravy fotografických filtrov";"";"";""
"081537";"";"TV, audio, video a foto technika > Foto a príslušenstvo > Filtre > Súpravy fotografických filtrov";"";"";""
"081542";"";"TV, audio, video a foto technika > Foto a príslušenstvo > Filtre > Súpravy fotografických filtrov";"";"";""
"081538";"";"TV, audio, video a foto technika > Foto a príslušenstvo > Filtre > Súpravy fotografických filtrov";"";"";""
"081539";"";"TV, audio, video a foto technika > Foto a príslušenstvo > Filtre > Súpravy fotografických filtrov";"";"";""
"081519";"";"Cestovanie, šport a outdoor > Príslušenstvo pre drony > Tašky a kufre pre drony";"";"";""
"081521";"";"Cestovanie, šport a outdoor > Príslušenstvo pre drony > Tašky a kufre pre drony";"";"";""
"081525";"";"Cestovanie, šport a outdoor > Príslušenstvo pre drony > Tašky a kufre pre drony";"";"";""
"081523";"";"Cestovanie, šport a outdoor > Príslušenstvo pre drony > Tašky a kufre pre drony";"";"";""
"081524";"";"Cestovanie, šport a outdoor > Príslušenstvo pre drony > Tašky a kufre pre drony";"";"";""
"081540";"";"TV, audio, video a foto technika > Foto a príslušenstvo > Filtre > Súpravy fotografických filtrov";"";"";""
"081543";"";"TV, audio, video a foto technika > Foto a príslušenstvo > Filtre > Súpravy fotografických filtrov";"";"";""
"081544";"";"TV, audio, video a foto technika > Foto a príslušenstvo > Filtre > Súpravy fotografických filtrov";"";"";""
"081545";"";"TV, audio, video a foto technika > Foto a príslušenstvo > Filtre > Súpravy fotografických filtrov";"";"";""
"081546";"";"TV, audio, video a foto technika > Foto a príslušenstvo > Filtre > Súpravy fotografických filtrov";"";"";""
"081550";"";"TV, audio, video a foto technika > Foto a príslušenstvo > Príslušenstvo pre fotoaparáty a akčné kamery > Ochranné kryty a klietky pre kamery";"";"";""
"081552";"";"TV, audio, video a foto technika > Foto a príslušenstvo > Príslušenstvo pre fotoaparáty a akčné kamery > Ochranné kryty a klietky pre kamery";"";"";""
"081553";"";"Cestovanie, šport a outdoor > Príslušenstvo pre drony > Tašky a kufre pre drony";"";"";""
"081554";"";"Cestovanie, šport a outdoor > Príslušenstvo pre drony > Tašky a kufre pre drony";"";"";""
"081555";"";"TV, audio, video a foto technika > Foto a príslušenstvo > Príslušenstvo pre fotoaparáty a akčné kamery > Ochranné kryty a klietky pre kamery";"";"";""
"081796";"";"Elektro, Smart Home a osvetlenie > Smart domácnosť – zariadenia > Smart termostaty a hlavice";"";"";""
"082306";"";"TV, audio, video a foto technika > Foto a príslušenstvo > Príslušenstvo pre fotoaparáty a akčné kamery > Ochranné sklá a fólie pre kamery";"";"";""
"082309";"";"TV, audio, video a foto technika > Foto a príslušenstvo > Príslušenstvo pre fotoaparáty a akčné kamery > Ochranné kryty a klietky pre kamery";"";"";""
"082312";"";"TV, audio, video a foto technika > Foto a príslušenstvo > Príslušenstvo pre fotoaparáty a akčné kamery > Ochranné kryty a klietky pre kamery";"";"";""
"082313";"";"TV, audio, video a foto technika > Foto a príslušenstvo > Príslušenstvo pre fotoaparáty a akčné kamery > Ochranné sklá a fólie pre kamery";"";"";""
"082314";"";"TV, audio, video a foto technika > Foto a príslušenstvo > Príslušenstvo pre fotoaparáty a akčné kamery > Ochranné sklá a fólie pre kamery";"";"";""
"082318";"";"TV, audio, video a foto technika > Foto a príslušenstvo > Fotoateliér > Fotografické a video svetlá";"";"";""
"082424";"";"TV, audio, video a foto technika > Foto a príslušenstvo > Statívy, držiaky a upevnenie pre kamery > Selfie tyče pre kamery";"";"";""
"082634";"";"TV, audio, video a foto technika > Foto a príslušenstvo > Fotoateliér > Fotostany a fotoboxy";"";"";""
"082636";"";"TV, audio, video a foto technika > Foto a príslušenstvo > Príslušenstvo pre fotoaparáty a akčné kamery > Ochranné kryty a klietky pre kamery";"";"";""
"082637";"";"TV, audio, video a foto technika > Foto a príslušenstvo > Príslušenstvo pre fotoaparáty a akčné kamery > Ochranné kryty a klietky pre kamery";"";"";""
"082638";"";"TV, audio, video a foto technika > Foto a príslušenstvo > Príslušenstvo pre fotoaparáty a akčné kamery > Ochranné kryty a klietky pre kamery";"";"";""
"082641";"";"TV, audio, video a foto technika > Foto a príslušenstvo > Príslušenstvo pre fotoaparáty a akčné kamery > Ochranné sklá a fólie pre kamery";"";"";""
"082642";"";"TV, audio, video a foto technika > Foto a príslušenstvo > Príslušenstvo pre fotoaparáty a akčné kamery > Ochranné sklá a fólie pre kamery";"";"";""
"082643";"";"TV, audio, video a foto technika > Foto a príslušenstvo > Príslušenstvo pre fotoaparáty a akčné kamery > Ochranné sklá a fólie pre kamery";"";"";""
"082645";"";"TV, audio, video a foto technika > Foto a príslušenstvo > Príslušenstvo pre fotoaparáty a akčné kamery > Ochranné sklá a fólie pre kamery";"";"";""
"082186";"";"TV, audio, video a foto technika > Audio technika > Slúchadlá > Bezdrôtové slúchadlá > TWS slúchadlá";"";"";""
"080566";"";"TV, audio, video a foto technika > Audio technika > Slúchadlá > Bezdrôtové slúchadlá > TWS slúchadlá";"";"";""
"080567";"";"TV, audio, video a foto technika > Audio technika > Slúchadlá > Bezdrôtové slúchadlá > TWS slúchadlá";"";"";""
"080575";"";"TV, audio, video a foto technika > Audio technika > Slúchadlá > Bezdrôtové slúchadlá > TWS slúchadlá";"";"";""
"080756";"";"TV, audio, video a foto technika > Foto a príslušenstvo > Fotoateliér > Softboxy a modifikátory svetla";"";"";""
"080758";"";"3D tlač a digitálna výroba > 3D tlačiarne a materiály > Tlačové struny a vlákna > PLA filamenty";"";"";""
"082457";"";"Domáce spotrebiče > Vysávače > Robotické vysávače";"";"";""
"083363";"";"Cestovanie, šport a outdoor > Príslušenstvo pre drony > Tašky a kufre pre drony";"";"";""
"083386";"";"TV, audio, video a foto technika > Foto a príslušenstvo > Príslušenstvo pre fotoaparáty a akčné kamery > Ochranné kryty a klietky pre kamery";"";"";""
"083372";"";"Cestovanie, šport a outdoor > Príslušenstvo pre drony > Tašky a kufre pre drony";"";"";""
"083373";"";"Cestovanie, šport a outdoor > Príslušenstvo pre drony > Tašky a kufre pre drony";"";"";""
"083390";"";"TV, audio, video a foto technika > Foto a príslušenstvo > Filtre > Súpravy fotografických filtrov";"";"";""
"083391";"";"TV, audio, video a foto technika > Foto a príslušenstvo > Filtre > Súpravy fotografických filtrov";"";"";""
"083392";"";"TV, audio, video a foto technika > Foto a príslušenstvo > Filtre > Súpravy fotografických filtrov";"";"";""
"083393";"";"TV, audio, video a foto technika > Foto a príslušenstvo > Filtre > Súpravy fotografických filtrov";"";"";""
"082232";"";"Elektro, Smart Home a osvetlenie > Smart domácnosť – zariadenia > Smart termostaty a hlavice";"";"";""
"083511";"";"TV, audio, video a foto technika > Foto a príslušenstvo > Príslušenstvo pre fotoaparáty a akčné kamery > Batérie a nabíjačky pre kamery";"";"";""
"083517";"";"TV, audio, video a foto technika > Foto a príslušenstvo > Príslušenstvo pre fotoaparáty a akčné kamery > Ochranné kryty a klietky pre kamery";"";"";""
"083518";"";"TV, audio, video a foto technika > Foto a príslušenstvo > Príslušenstvo pre fotoaparáty a akčné kamery > Ochranné kryty a klietky pre kamery";"";"";""
"083519";"";"TV, audio, video a foto technika > Foto a príslušenstvo > Príslušenstvo pre fotoaparáty a akčné kamery > Ochranné kryty a klietky pre kamery";"";"";""
"083572";"";"Elektro, Smart Home a osvetlenie > Smart domácnosť – zariadenia > Smart zásuvky";"";"";""
"083570";"";"Elektro, Smart Home a osvetlenie > Smart domácnosť – zariadenia > Smart zásuvky";"";"";""
"083568";"";"Elektro, Smart Home a osvetlenie > Smart domácnosť – zariadenia > Smart zásuvky";"";"";""
"083566";"";"Elektro, Smart Home a osvetlenie > Smart domácnosť – zariadenia > Smart zásuvky";"";"";""
"084295";"";"Cestovanie, šport a outdoor > Príslušenstvo pre drony > Filtre pre drony";"";"";""
"084314";"";"Cestovanie, šport a outdoor > Príslušenstvo pre drony > Filtre pre drony";"";"";""
"084311";"";"Cestovanie, šport a outdoor > Príslušenstvo pre drony > Filtre pre drony";"";"";""
"084308";"";"Cestovanie, šport a outdoor > Príslušenstvo pre drony > Filtre pre drony";"";"";""
"084305";"";"Cestovanie, šport a outdoor > Príslušenstvo pre drony > Filtre pre drony";"";"";""
"084316";"";"Cestovanie, šport a outdoor > Príslušenstvo pre drony > Filtre pre drony";"";"";""
"084313";"";"Cestovanie, šport a outdoor > Príslušenstvo pre drony > Filtre pre drony";"";"";""
"084302";"";"Cestovanie, šport a outdoor > Príslušenstvo pre drony > Filtre pre drony";"";"";""
"084299";"";"Cestovanie, šport a outdoor > Príslušenstvo pre drony > Filtre pre drony";"";"";""
"084296";"";"Cestovanie, šport a outdoor > Príslušenstvo pre drony > Filtre pre drony";"";"";""
"084310";"";"Cestovanie, šport a outdoor > Príslušenstvo pre drony > Filtre pre drony";"";"";""
"084307";"";"Cestovanie, šport a outdoor > Príslušenstvo pre drony > Filtre pre drony";"";"";""
"084304";"";"Cestovanie, šport a outdoor > Príslušenstvo pre drony > Filtre pre drony";"";"";""
"084301";"";"Cestovanie, šport a outdoor > Príslušenstvo pre drony > Filtre pre drony";"";"";""
"084306";"";"Cestovanie, šport a outdoor > Príslušenstvo pre drony > Filtre pre drony";"";"";""
"084303";"";"Cestovanie, šport a outdoor > Príslušenstvo pre drony > Filtre pre drony";"";"";""
"084300";"";"Cestovanie, šport a outdoor > Príslušenstvo pre drony > Filtre pre drony";"";"";""
"084297";"";"Cestovanie, šport a outdoor > Príslušenstvo pre drony > Filtre pre drony";"";"";""
"084291";"";"Cestovanie, šport a outdoor > Príslušenstvo pre drony > Filtre pre drony";"";"";""
"084315";"";"Cestovanie, šport a outdoor > Príslušenstvo pre drony > Filtre pre drony";"";"";""
"084312";"";"Cestovanie, šport a outdoor > Príslušenstvo pre drony > Filtre pre drony";"";"";""
"084309";"";"Cestovanie, šport a outdoor > Príslušenstvo pre drony > Filtre pre drony";"";"";""
"084298";"";"Cestovanie, šport a outdoor > Príslušenstvo pre drony > Filtre pre drony";"";"";""
"083991";"";"Počítače, mobily a tablety > Herné príslušenstvo pre PC > Herné simulátory > Volanty a pretekárske ovládače";"";"";""
"083990";"";"Počítače, mobily a tablety > Herné príslušenstvo pre PC > Herné simulátory > Volanty a pretekárske ovládače";"";"";""
"083349";"";"3D tlač a digitálna výroba > 3D tlačiarne a materiály > Tlačové struny a vlákna > ABS a ASA filamenty";"";"";""
"083350";"";"3D tlač a digitálna výroba > 3D tlačiarne a materiály > Tlačové struny a vlákna > ABS a ASA filamenty";"";"";""
"083351";"";"3D tlač a digitálna výroba > 3D tlačiarne a materiály > Tlačové struny a vlákna > ABS a ASA filamenty";"";"";""
"083352";"";"3D tlač a digitálna výroba > 3D tlačiarne a materiály > Tlačové struny a vlákna > ABS a ASA filamenty";"";"";""
"083355";"";"3D tlač a digitálna výroba > 3D tlačiarne a materiály > Tlačové struny a vlákna > ABS a ASA filamenty";"";"";""
"083356";"";"3D tlač a digitálna výroba > 3D tlačiarne a materiály > Tlačové struny a vlákna > PETG filamenty";"";"";""
"083357";"";"3D tlač a digitálna výroba > 3D tlačiarne a materiály > Tlačové struny a vlákna > PETG filamenty";"";"";""
"083353";"";"3D tlač a digitálna výroba > 3D tlačiarne a materiály > Tlačové struny a vlákna > ABS a ASA filamenty";"";"";""
"084678";"";"Domáce spotrebiče > Vysávače > Tyčové vysávače";"";"";""
"084679";"";"Domáce spotrebiče > Vysávače > Tyčové vysávače";"";"";""
"084688";"";"Domáce spotrebiče > Vysávače > Robotické vysávače";"";"";""
"085090";"";"3D tlač a digitálna výroba > 3D tlačiarne a materiály > Tlačové struny a vlákna > PLA filamenty";"";"";""
"085091";"";"3D tlač a digitálna výroba > 3D tlačiarne a materiály > Tlačové struny a vlákna > PLA filamenty";"";"";""
"085092";"";"3D tlač a digitálna výroba > 3D tlačiarne a materiály > Tlačové struny a vlákna > PLA filamenty";"";"";""
"085093";"";"3D tlač a digitálna výroba > 3D tlačiarne a materiály > Tlačové struny a vlákna > PLA filamenty";"";"";""
"085094";"";"3D tlač a digitálna výroba > 3D tlačiarne a materiály > Tlačové struny a vlákna > PLA filamenty";"";"";""
"085095";"";"3D tlač a digitálna výroba > 3D tlačiarne a materiály > Tlačové struny a vlákna > PLA filamenty";"";"";""
"085096";"";"3D tlač a digitálna výroba > 3D tlačiarne a materiály > Tlačové struny a vlákna > PLA filamenty";"";"";""
"085097";"";"3D tlač a digitálna výroba > 3D tlačiarne a materiály > Tlačové struny a vlákna > PLA filamenty";"";"";""
"085098";"";"3D tlač a digitálna výroba > 3D tlačiarne a materiály > Tlačové struny a vlákna > PLA filamenty";"";"";""
"085099";"";"3D tlač a digitálna výroba > 3D tlačiarne a materiály > Tlačové struny a vlákna > PLA filamenty";"";"";""
"085100";"";"3D tlač a digitálna výroba > 3D tlačiarne a materiály > Tlačové struny a vlákna > PLA filamenty";"";"";""
"085101";"";"3D tlač a digitálna výroba > 3D tlačiarne a materiály > Tlačové struny a vlákna > PLA filamenty";"";"";""
"085102";"";"3D tlač a digitálna výroba > 3D tlačiarne a materiály > Tlačové struny a vlákna > PLA filamenty";"";"";""
"085103";"";"3D tlač a digitálna výroba > 3D tlačiarne a materiály > Tlačové struny a vlákna > PLA filamenty";"";"";""
"085104";"";"3D tlač a digitálna výroba > 3D tlačiarne a materiály > Tlačové struny a vlákna > PLA filamenty";"";"";""
"085105";"";"3D tlač a digitálna výroba > 3D tlačiarne a materiály > Tlačové struny a vlákna > PLA filamenty";"";"";""
"085106";"";"3D tlač a digitálna výroba > 3D tlačiarne a materiály > Tlačové struny a vlákna > PLA filamenty";"";"";""
"085107";"";"3D tlač a digitálna výroba > 3D tlačiarne a materiály > Tlačové struny a vlákna > PLA filamenty";"";"";""
"085108";"";"3D tlač a digitálna výroba > 3D tlačiarne a materiály > Tlačové struny a vlákna > PLA filamenty";"";"";""
"085109";"";"3D tlač a digitálna výroba > 3D tlačiarne a materiály > Tlačové struny a vlákna > PLA filamenty";"";"";""
"085110";"";"3D tlač a digitálna výroba > 3D tlačiarne a materiály > Tlačové struny a vlákna > PLA filamenty";"";"";""
"085111";"";"3D tlač a digitálna výroba > 3D tlačiarne a materiály > Tlačové struny a vlákna > PLA filamenty";"";"";""
"085112";"";"3D tlač a digitálna výroba > 3D tlačiarne a materiály > Tlačové struny a vlákna > PLA filamenty";"";"";""
"085113";"";"3D tlač a digitálna výroba > 3D tlačiarne a materiály > Tlačové struny a vlákna > PLA filamenty";"";"";""
"085114";"";"3D tlač a digitálna výroba > 3D tlačiarne a materiály > Tlačové struny a vlákna > PLA filamenty";"";"";""
"085115";"";"3D tlač a digitálna výroba > 3D tlačiarne a materiály > Tlačové struny a vlákna > PLA filamenty";"";"";""
"085116";"";"3D tlač a digitálna výroba > 3D tlačiarne a materiály > Tlačové struny a vlákna > PLA filamenty";"";"";""
"085117";"";"3D tlač a digitálna výroba > 3D tlačiarne a materiály > Tlačové struny a vlákna > PLA filamenty";"";"";""
"085118";"";"3D tlač a digitálna výroba > 3D tlačiarne a materiály > Tlačové struny a vlákna > PLA filamenty";"";"";""
"085119";"";"3D tlač a digitálna výroba > 3D tlačiarne a materiály > Tlačové struny a vlákna > PLA filamenty";"";"";""
"085120";"";"3D tlač a digitálna výroba > 3D tlačiarne a materiály > Tlačové struny a vlákna > PETG filamenty";"";"";""
"085121";"";"3D tlač a digitálna výroba > 3D tlačiarne a materiály > Tlačové struny a vlákna > PETG filamenty";"";"";""
"085122";"";"3D tlač a digitálna výroba > 3D tlačiarne a materiály > Tlačové struny a vlákna > PETG filamenty";"";"";""
"085123";"";"3D tlač a digitálna výroba > 3D tlačiarne a materiály > Tlačové struny a vlákna > PETG filamenty";"";"";""
"085124";"";"3D tlač a digitálna výroba > 3D tlačiarne a materiály > Tlačové struny a vlákna > PETG filamenty";"";"";""
"085125";"";"3D tlač a digitálna výroba > 3D tlačiarne a materiály > Tlačové struny a vlákna > PETG filamenty";"";"";""
"085126";"";"3D tlač a digitálna výroba > 3D tlačiarne a materiály > Tlačové struny a vlákna > PETG filamenty";"";"";""
"085127";"";"3D tlač a digitálna výroba > 3D tlačiarne a materiály > Tlačové struny a vlákna > PETG filamenty";"";"";""
"085128";"";"3D tlač a digitálna výroba > 3D tlačiarne a materiály > Tlačové struny a vlákna > ABS a ASA filamenty";"";"";""
"085129";"";"3D tlač a digitálna výroba > 3D tlačiarne a materiály > Tlačové struny a vlákna > ABS a ASA filamenty";"";"";""
"085130";"";"3D tlač a digitálna výroba > 3D tlačiarne a materiály > Tlačové struny a vlákna > ABS a ASA filamenty";"";"";""
"085131";"";"3D tlač a digitálna výroba > 3D tlačiarne a materiály > Tlačové struny a vlákna > ABS a ASA filamenty";"";"";""
"085132";"";"3D tlač a digitálna výroba > 3D tlačiarne a materiály > Tlačové struny a vlákna > ABS a ASA filamenty";"";"";""
"085133";"";"3D tlač a digitálna výroba > 3D tlačiarne a materiály > Tlačové struny a vlákna > PLA filamenty";"";"";""
"085134";"";"3D tlač a digitálna výroba > 3D tlačiarne a materiály > Tlačové struny a vlákna > PLA filamenty";"";"";""
"085135";"";"3D tlač a digitálna výroba > 3D tlačiarne a materiály > Tlačové struny a vlákna > PLA filamenty";"";"";""
"084901";"";"Dielňa, náradie a záhrada > Meracia technika > Multimetre a kliešťové merače > Kliešťové merače";"";"";""
"084902";"";"Dielňa, náradie a záhrada > Meracia technika > Multimetre a kliešťové merače > Kliešťové merače";"";"";""
"084903";"";"Dielňa, náradie a záhrada > Meracia technika > Multimetre a kliešťové merače > Kliešťové merače";"";"";""
"084904";"";"Dielňa, náradie a záhrada > Meracia technika > Multimetre a kliešťové merače > Kliešťové merače";"";"";""
"084907";"";"Dielňa, náradie a záhrada > Meracia technika > Multimetre a kliešťové merače > Kliešťové merače";"";"";""
"084908";"";"Dielňa, náradie a záhrada > Meracia technika > Multimetre a kliešťové merače > Kliešťové merače";"";"";""
"084912";"";"Dielňa, náradie a záhrada > Meracia technika > Multimetre a kliešťové merače > Kliešťové merače";"";"";""
"084913";"";"Dielňa, náradie a záhrada > Meracia technika > Multimetre a kliešťové merače > Kliešťové merače";"";"";""
"084914";"";"Dielňa, náradie a záhrada > Meracia technika > Multimetre a kliešťové merače > Kliešťové merače";"";"";""
"084917";"";"Dielňa, náradie a záhrada > Meracia technika > Multimetre a kliešťové merače > Kliešťové merače";"";"";""
"084918";"";"Dielňa, náradie a záhrada > Meracia technika > Multimetre a kliešťové merače > Kliešťové merače";"";"";""
"084919";"";"Dielňa, náradie a záhrada > Meracia technika > Multimetre a kliešťové merače > Kliešťové merače";"";"";""
"084920";"";"Dielňa, náradie a záhrada > Meracia technika > Multimetre a kliešťové merače > Kliešťové merače";"";"";""
"084921";"";"Dielňa, náradie a záhrada > Meracia technika > Multimetre a kliešťové merače > Kliešťové merače";"";"";""
"080520";"";"Elektro, Smart Home a osvetlenie > Smart domácnosť – zariadenia > Smart zásuvky";"";"";""
"085205";"";"3D tlač a digitálna výroba > 3D tlačiarne a materiály > Tlačové struny a vlákna > PLA filamenty";"";"";""
"085137";"";"3D tlač a digitálna výroba > 3D tlačiarne a materiály > Tlačové struny a vlákna > PLA filamenty";"";"";""
"085138";"";"3D tlač a digitálna výroba > 3D tlačiarne a materiály > Tlačové struny a vlákna > PLA filamenty";"";"";""
"085139";"";"3D tlač a digitálna výroba > 3D tlačiarne a materiály > Tlačové struny a vlákna > PLA filamenty";"";"";""
"085140";"";"3D tlač a digitálna výroba > 3D tlačiarne a materiály > Tlačové struny a vlákna > PLA filamenty";"";"";""
"085141";"";"3D tlač a digitálna výroba > 3D tlačiarne a materiály > Tlačové struny a vlákna > PLA filamenty";"";"";""
"085142";"";"3D tlač a digitálna výroba > 3D tlačiarne a materiály > Tlačové struny a vlákna > PLA filamenty";"";"";""
"085143";"";"3D tlač a digitálna výroba > 3D tlačiarne a materiály > Tlačové struny a vlákna > PLA filamenty";"";"";""
"085144";"";"3D tlač a digitálna výroba > 3D tlačiarne a materiály > Tlačové struny a vlákna > PLA filamenty";"";"";""
"085145";"";"3D tlač a digitálna výroba > 3D tlačiarne a materiály > Tlačové struny a vlákna > PLA filamenty";"";"";""
"085146";"";"3D tlač a digitálna výroba > 3D tlačiarne a materiály > Tlačové struny a vlákna > PLA filamenty";"";"";""
"085147";"";"3D tlač a digitálna výroba > 3D tlačiarne a materiály > Tlačové struny a vlákna > PLA filamenty";"";"";""
"085148";"";"3D tlač a digitálna výroba > 3D tlačiarne a materiály > Tlačové struny a vlákna > PLA filamenty";"";"";""
"085149";"";"3D tlač a digitálna výroba > 3D tlačiarne a materiály > Tlačové struny a vlákna > PLA filamenty";"";"";""
"085150";"";"3D tlač a digitálna výroba > 3D tlačiarne a materiály > Tlačové struny a vlákna > PLA filamenty";"";"";""
"085151";"";"3D tlač a digitálna výroba > 3D tlačiarne a materiály > Tlačové struny a vlákna > PLA filamenty";"";"";""
"085152";"";"3D tlač a digitálna výroba > 3D tlačiarne a materiály > Tlačové struny a vlákna > PLA filamenty";"";"";""
"085153";"";"3D tlač a digitálna výroba > 3D tlačiarne a materiály > Tlačové struny a vlákna > PLA filamenty";"";"";""
"085154";"";"3D tlač a digitálna výroba > 3D tlačiarne a materiály > Tlačové struny a vlákna > PLA filamenty";"";"";""
"085155";"";"3D tlač a digitálna výroba > 3D tlačiarne a materiály > Tlačové struny a vlákna > PLA filamenty";"";"";""
"085156";"";"3D tlač a digitálna výroba > 3D tlačiarne a materiály > Tlačové struny a vlákna > PLA filamenty";"";"";""
"085157";"";"3D tlač a digitálna výroba > 3D tlačiarne a materiály > Tlačové struny a vlákna > PLA filamenty";"";"";""
"085158";"";"3D tlač a digitálna výroba > 3D tlačiarne a materiály > Tlačové struny a vlákna > PLA filamenty";"";"";""
"085159";"";"3D tlač a digitálna výroba > 3D tlačiarne a materiály > Tlačové struny a vlákna > PLA filamenty";"";"";""
"085160";"";"3D tlač a digitálna výroba > 3D tlačiarne a materiály > Tlačové struny a vlákna > PLA filamenty";"";"";""
"085161";"";"3D tlač a digitálna výroba > 3D tlačiarne a materiály > Tlačové struny a vlákna > PLA filamenty";"";"";""
"085162";"";"3D tlač a digitálna výroba > 3D tlačiarne a materiály > Tlačové struny a vlákna > PLA filamenty";"";"";""
"085163";"";"3D tlač a digitálna výroba > 3D tlačiarne a materiály > Tlačové struny a vlákna > PLA filamenty";"";"";""
"085164";"";"3D tlač a digitálna výroba > 3D tlačiarne a materiály > Tlačové struny a vlákna > PLA filamenty";"";"";""
"085165";"";"3D tlač a digitálna výroba > 3D tlačiarne a materiály > Tlačové struny a vlákna > PLA filamenty";"";"";""
"085166";"";"3D tlač a digitálna výroba > 3D tlačiarne a materiály > Tlačové struny a vlákna > PLA filamenty";"";"";""
"085167";"";"3D tlač a digitálna výroba > 3D tlačiarne a materiály > Tlačové struny a vlákna > PLA filamenty";"";"";""
"085168";"";"3D tlač a digitálna výroba > 3D tlačiarne a materiály > Tlačové struny a vlákna > PLA filamenty";"";"";""
"085177";"";"3D tlač a digitálna výroba > 3D tlačiarne a materiály > Tlačové struny a vlákna > PETG filamenty";"";"";""
"085179";"";"3D tlač a digitálna výroba > 3D tlačiarne a materiály > Tlačové struny a vlákna > PETG filamenty";"";"";""
"085180";"";"3D tlač a digitálna výroba > 3D tlačiarne a materiály > Tlačové struny a vlákna > PETG filamenty";"";"";""
"085182";"";"3D tlač a digitálna výroba > 3D tlačiarne a materiály > Tlačové struny a vlákna > PETG filamenty";"";"";""
"085183";"";"3D tlač a digitálna výroba > 3D tlačiarne a materiály > Tlačové struny a vlákna > PETG filamenty";"";"";""
"085184";"";"3D tlač a digitálna výroba > 3D tlačiarne a materiály > Tlačové struny a vlákna > PETG filamenty";"";"";""
"085186";"";"3D tlač a digitálna výroba > 3D tlačiarne a materiály > Tlačové struny a vlákna > PETG filamenty";"";"";""
"085190";"";"3D tlač a digitálna výroba > 3D tlačiarne a materiály > Tlačové struny a vlákna > PETG filamenty";"";"";""
"085192";"";"3D tlač a digitálna výroba > 3D tlačiarne a materiály > Tlačové struny a vlákna > PETG filamenty";"";"";""
"085193";"";"3D tlač a digitálna výroba > 3D tlačiarne a materiály > Tlačové struny a vlákna > PETG filamenty";"";"";""
"085198";"";"3D tlač a digitálna výroba > 3D tlačiarne a materiály > Tlačové struny a vlákna > PLA filamenty";"";"";""
"085202";"";"3D tlač a digitálna výroba > 3D tlačiarne a materiály > Tlačové struny a vlákna > PLA filamenty";"";"";""
"085203";"";"3D tlač a digitálna výroba > 3D tlačiarne a materiály > Tlačové struny a vlákna > PLA filamenty";"";"";""
"085206";"";"3D tlač a digitálna výroba > 3D tlačiarne a materiály > Tlačové struny a vlákna > PLA filamenty";"";"";""
"085207";"";"3D tlač a digitálna výroba > 3D tlačiarne a materiály > Tlačové struny a vlákna > PLA filamenty";"";"";""
"085208";"";"3D tlač a digitálna výroba > 3D tlačiarne a materiály > Tlačové struny a vlákna > PLA filamenty";"";"";""
"085209";"";"3D tlač a digitálna výroba > 3D tlačiarne a materiály > Tlačové struny a vlákna > PLA filamenty";"";"";""
"085210";"";"3D tlač a digitálna výroba > 3D tlačiarne a materiály > Tlačové struny a vlákna > PLA filamenty";"";"";""
"085211";"";"3D tlač a digitálna výroba > 3D tlačiarne a materiály > Tlačové struny a vlákna > PLA filamenty";"";"";""
"085212";"";"3D tlač a digitálna výroba > 3D tlačiarne a materiály > Tlačové struny a vlákna > PLA filamenty";"";"";""
"085213";"";"3D tlač a digitálna výroba > 3D tlačiarne a materiály > Tlačové struny a vlákna > PLA filamenty";"";"";""
"085214";"";"3D tlač a digitálna výroba > 3D tlačiarne a materiály > Tlačové struny a vlákna > PLA filamenty";"";"";""
"085215";"";"3D tlač a digitálna výroba > 3D tlačiarne a materiály > Tlačové struny a vlákna > PLA filamenty";"";"";""
"085216";"";"3D tlač a digitálna výroba > 3D tlačiarne a materiály > Tlačové struny a vlákna > PLA filamenty";"";"";""
"085218";"";"3D tlač a digitálna výroba > 3D tlačiarne a materiály > Tlačové struny a vlákna > PLA filamenty";"";"";""
"085219";"";"3D tlač a digitálna výroba > 3D tlačiarne a materiály > Tlačové struny a vlákna > PLA filamenty";"";"";""
"085220";"";"3D tlač a digitálna výroba > 3D tlačiarne a materiály > Tlačové struny a vlákna > PLA filamenty";"";"";""
"085221";"";"3D tlač a digitálna výroba > 3D tlačiarne a materiály > Tlačové struny a vlákna > PLA filamenty";"";"";""
"085222";"";"3D tlač a digitálna výroba > 3D tlačiarne a materiály > Tlačové struny a vlákna > PLA filamenty";"";"";""
"085223";"";"3D tlač a digitálna výroba > 3D tlačiarne a materiály > Tlačové struny a vlákna > PLA filamenty";"";"";""
"085227";"";"3D tlač a digitálna výroba > 3D tlačiarne a materiály > Tlačové struny a vlákna > PLA filamenty";"";"";""
"085557";"";"TV, audio, video a foto technika > Foto a príslušenstvo > Príslušenstvo pre fotoaparáty a akčné kamery > Ochranné sklá a fólie pre kamery";"";"";""
"083992";"";"Počítače, mobily a tablety > Herné príslušenstvo pre PC > Herné simulátory > Volanty a pretekárske ovládače";"";"";""
"085397";"";"TV, audio, video a foto technika > Audio technika > Slúchadlá > Bezdrôtové slúchadlá > TWS slúchadlá";"";"";""
"082843";"";"3D tlač a digitálna výroba > 3D tlačiarne a materiály > Tlačové struny a vlákna > PLA filamenty";"";"";""
"085237";"";"3D tlač a digitálna výroba > 3D tlačiarne a materiály > Tlačové struny a vlákna > PLA filamenty";"";"";""
"085241";"";"3D tlač a digitálna výroba > 3D tlačiarne a materiály > Tlačové struny a vlákna > ABS a ASA filamenty";"";"";""
"085242";"";"3D tlač a digitálna výroba > 3D tlačiarne a materiály > Tlačové struny a vlákna > ABS a ASA filamenty";"";"";""
"085243";"";"3D tlač a digitálna výroba > 3D tlačiarne a materiály > Tlačové struny a vlákna > ABS a ASA filamenty";"";"";""
"085247";"";"3D tlač a digitálna výroba > 3D tlačiarne a materiály > Tlačové struny a vlákna > TPU filamenty";"";"";""
"085204";"";"3D tlač a digitálna výroba > 3D tlačiarne a materiály > Tlačové struny a vlákna > PLA filamenty";"";"";""
"085868";"";"Počítače, mobily a tablety > Herné príslušenstvo pre PC > Herné simulátory > Volanty a pretekárske ovládače";"";"";""
"085867";"";"Počítače, mobily a tablety > Herné príslušenstvo pre PC > Herné simulátory > Volanty a pretekárske ovládače";"";"";""
"085866";"";"Počítače, mobily a tablety > Herné príslušenstvo pre PC > Herné simulátory > Volanty a pretekárske ovládače";"";"";""
"086042";"";"Elektro, Smart Home a osvetlenie > Smart domácnosť – zariadenia > Smart zásuvky";"";"";""
"084593";"";"Počítače, mobily a tablety > Herné príslušenstvo pre PC > Herné simulátory > Volanty a pretekárske ovládače";"";"";""
"087275";"";"Domáce spotrebiče > Kuchynské roboty a krájače > Mixéry a šľahače";"";"";""
"086216";"";"TV, audio, video a foto technika > Audio technika > Slúchadlá > Bezdrôtové slúchadlá > Náhlavné bezdrôtové slúchadlá";"";"";""
"085434";"";"Elektro, Smart Home a osvetlenie > Smart domácnosť – zariadenia > Smart termostaty a hlavice";"";"";""
"085269";"";"3D tlač a digitálna výroba > 3D tlačiarne a materiály > Tlačové struny a vlákna > PLA filamenty";"";"";""
"086690";"";"3D tlač a digitálna výroba > 3D tlačiarne a materiály > Tlačové struny a vlákna > ABS a ASA filamenty";"";"";""
"086691";"";"3D tlač a digitálna výroba > 3D tlačiarne a materiály > Tlačové struny a vlákna > ABS a ASA filamenty";"";"";""
"086692";"";"3D tlač a digitálna výroba > 3D tlačiarne a materiály > Tlačové struny a vlákna > ABS a ASA filamenty";"";"";""
"086693";"";"3D tlač a digitálna výroba > 3D tlačiarne a materiály > Tlačové struny a vlákna > PETG filamenty";"";"";""
"086694";"";"3D tlač a digitálna výroba > 3D tlačiarne a materiály > Tlačové struny a vlákna > PETG filamenty";"";"";""
"086695";"";"3D tlač a digitálna výroba > 3D tlačiarne a materiály > Tlačové struny a vlákna > PETG filamenty";"";"";""
"087403";"";"Elektro, Smart Home a osvetlenie > Smart domácnosť – zariadenia > Smart zásuvky";"";"";""
"087493";"";"Elektro, Smart Home a osvetlenie > Smart domácnosť – zariadenia > Smart termostaty a hlavice";"";"";""
"087494";"";"Elektro, Smart Home a osvetlenie > Smart domácnosť – zariadenia > Smart termostaty a hlavice";"";"";""
"087495";"";"Elektro, Smart Home a osvetlenie > Smart domácnosť – zariadenia > Smart termostaty a hlavice";"";"";""
"087496";"";"Elektro, Smart Home a osvetlenie > Smart domácnosť – zariadenia > Smart termostaty a hlavice";"";"";""
"087497";"";"Elektro, Smart Home a osvetlenie > Smart domácnosť – zariadenia > Smart termostaty a hlavice";"";"";""
"087554";"";"Elektro, Smart Home a osvetlenie > Smart domácnosť – zariadenia > Smart termostaty a hlavice";"";"";""
"087555";"";"Elektro, Smart Home a osvetlenie > Smart domácnosť – zariadenia > Smart termostaty a hlavice";"";"";""
"087556";"";"Elektro, Smart Home a osvetlenie > Smart domácnosť – zariadenia > Smart termostaty a hlavice";"";"";""
"087512";"";"Elektro, Smart Home a osvetlenie > Smart domácnosť – zariadenia > Senzory pohybu a otvorenia";"";"";""
"087515";"";"Elektro, Smart Home a osvetlenie > Smart domácnosť – zariadenia > Senzory teploty a vlhkosti";"";"";""
"087516";"";"Elektro, Smart Home a osvetlenie > Smart domácnosť – zariadenia > Senzory teploty a vlhkosti";"";"";""
"087529";"";"Elektro, Smart Home a osvetlenie > Smart domácnosť – zariadenia > Smart termostaty a hlavice";"";"";""
"087531";"";"Elektro, Smart Home a osvetlenie > Smart domácnosť – zariadenia > Smart termostaty a hlavice";"";"";""
"087761";"";"Elektro, Smart Home a osvetlenie > Smart domácnosť – zariadenia > Smart termostaty a hlavice";"";"";""
"083785";"";"TV, audio, video a foto technika > Foto a príslušenstvo > Statívy, držiaky a upevnenie pre kamery > Držiaky a montážne úchyty pre kamery";"";"";""
"083177";"";"TV, audio, video a foto technika > Foto a príslušenstvo > Fotoateliér > Fotografické a video svetlá";"";"";""
"083180";"";"TV, audio, video a foto technika > Foto a príslušenstvo > Fotoateliér > Fotografické a video svetlá";"";"";""
"083179";"";"TV, audio, video a foto technika > Foto a príslušenstvo > Fotoateliér > Fotografické a video svetlá";"";"";""
"083197";"";"TV, audio, video a foto technika > Foto a príslušenstvo > Fotoateliér > Fotografické a video svetlá";"";"";""
"083181";"";"TV, audio, video a foto technika > Foto a príslušenstvo > Fotoateliér > Fotografické a video svetlá";"";"";""
"083182";"";"TV, audio, video a foto technika > Foto a príslušenstvo > Fotoateliér > Fotografické a video svetlá";"";"";""
"083198";"";"TV, audio, video a foto technika > Foto a príslušenstvo > Fotoateliér > Fotografické a video svetlá";"";"";""
"083178";"";"TV, audio, video a foto technika > Foto a príslušenstvo > Fotoateliér > Fotografické a video svetlá";"";"";""
"083199";"";"TV, audio, video a foto technika > Foto a príslušenstvo > Fotoateliér > Fotografické a video svetlá";"";"";""
"083200";"";"TV, audio, video a foto technika > Foto a príslušenstvo > Fotoateliér > Fotografické a video svetlá";"";"";""
"083201";"";"TV, audio, video a foto technika > Foto a príslušenstvo > Fotoateliér > Fotografické a video svetlá";"";"";""
"083183";"";"TV, audio, video a foto technika > Foto a príslušenstvo > Fotoateliér > Fotografické a video svetlá";"";"";""
"083202";"";"TV, audio, video a foto technika > Foto a príslušenstvo > Fotoateliér > Fotografické a video svetlá";"";"";""
"083739";"";"TV, audio, video a foto technika > Foto a príslušenstvo > Statívy, držiaky a upevnenie pre kamery > Statívy pre fotoaparáty a kamery";"";"";""
"083203";"";"TV, audio, video a foto technika > Foto a príslušenstvo > Fotoateliér > Fotografické a video svetlá";"";"";""
"083187";"";"TV, audio, video a foto technika > Foto a príslušenstvo > Fotoateliér > Fotografické a video svetlá";"";"";""
"083188";"";"TV, audio, video a foto technika > Foto a príslušenstvo > Fotoateliér > Fotografické a video svetlá";"";"";""
"083204";"";"TV, audio, video a foto technika > Foto a príslušenstvo > Fotoateliér > Fotografické a video svetlá";"";"";""
"083189";"";"TV, audio, video a foto technika > Foto a príslušenstvo > Fotoateliér > Fotografické a video svetlá";"";"";""
"083737";"";"TV, audio, video a foto technika > Foto a príslušenstvo > Statívy, držiaky a upevnenie pre kamery > Selfie tyče pre kamery";"";"";""
"083736";"";"TV, audio, video a foto technika > Foto a príslušenstvo > Statívy, držiaky a upevnenie pre kamery > Selfie tyče pre kamery";"";"";""
"083191";"";"TV, audio, video a foto technika > Foto a príslušenstvo > Fotoateliér > Fotografické a video svetlá";"";"";""
"083192";"";"TV, audio, video a foto technika > Foto a príslušenstvo > Fotoateliér > Fotografické a video svetlá";"";"";""
"083759";"";"TV, audio, video a foto technika > Foto a príslušenstvo > Statívy, držiaky a upevnenie pre kamery > Statívy pre fotoaparáty a kamery";"";"";""
"083195";"";"TV, audio, video a foto technika > Foto a príslušenstvo > Fotoateliér > Fotografické a video svetlá";"";"";""
"083758";"";"TV, audio, video a foto technika > Foto a príslušenstvo > Statívy, držiaky a upevnenie pre kamery > Statívy pre fotoaparáty a kamery";"";"";""
"083734";"";"TV, audio, video a foto technika > Foto a príslušenstvo > Statívy, držiaky a upevnenie pre kamery > Statívy pre fotoaparáty a kamery";"";"";""
"083733";"";"TV, audio, video a foto technika > Foto a príslušenstvo > Statívy, držiaky a upevnenie pre kamery > Statívy pre fotoaparáty a kamery";"";"";""
"083731";"";"TV, audio, video a foto technika > Foto a príslušenstvo > Statívy, držiaky a upevnenie pre kamery > Statívy pre fotoaparáty a kamery";"";"";""
"083729";"";"TV, audio, video a foto technika > Foto a príslušenstvo > Statívy, držiaky a upevnenie pre kamery > Statívy pre fotoaparáty a kamery";"";"";""
"083726";"";"TV, audio, video a foto technika > Foto a príslušenstvo > Statívy, držiaky a upevnenie pre kamery > Statívy pre fotoaparáty a kamery";"";"";""
"083723";"";"TV, audio, video a foto technika > Foto a príslušenstvo > Fotoateliér > Fotografické a video svetlá";"";"";""
"083721";"";"TV, audio, video a foto technika > Foto a príslušenstvo > Fotoateliér > Fotografické a video svetlá";"";"";""
"083771";"";"TV, audio, video a foto technika > Foto a príslušenstvo > Príslušenstvo pre fotoaparáty a akčné kamery > Batérie a nabíjačky pre kamery";"";"";""
"083770";"";"TV, audio, video a foto technika > Foto a príslušenstvo > Príslušenstvo pre fotoaparáty a akčné kamery > Batérie a nabíjačky pre kamery";"";"";""
"083769";"";"TV, audio, video a foto technika > Foto a príslušenstvo > Príslušenstvo pre fotoaparáty a akčné kamery > Batérie a nabíjačky pre kamery";"";"";""
"083719";"";"TV, audio, video a foto technika > Foto a príslušenstvo > Fotoateliér > Fotografické a video svetlá";"";"";""
"086696";"";"3D tlač a digitálna výroba > 3D tlačiarne a materiály > Tlačové struny a vlákna > TPU filamenty";"";"";""
"086702";"";"3D tlač a digitálna výroba > 3D tlačiarne a materiály > Tlačové struny a vlákna > TPU filamenty";"";"";""
"086703";"";"3D tlač a digitálna výroba > 3D tlačiarne a materiály > Tlačové struny a vlákna > TPU filamenty";"";"";""
"086698";"";"3D tlač a digitálna výroba > 3D tlačiarne a materiály > Tlačové struny a vlákna > TPU filamenty";"";"";""
"086700";"";"3D tlač a digitálna výroba > 3D tlačiarne a materiály > Tlačové struny a vlákna > TPU filamenty";"";"";""
"086699";"";"3D tlač a digitálna výroba > 3D tlačiarne a materiály > Tlačové struny a vlákna > TPU filamenty";"";"";""
"086701";"";"3D tlač a digitálna výroba > 3D tlačiarne a materiály > Tlačové struny a vlákna > TPU filamenty";"";"";""
"083218";"";"TV, audio, video a foto technika > Foto a príslušenstvo > Fotoateliér > Fotografické a video svetlá";"";"";""
"083217";"";"TV, audio, video a foto technika > Foto a príslušenstvo > Fotoateliér > Fotografické a video svetlá";"";"";""
"083724";"";"TV, audio, video a foto technika > Foto a príslušenstvo > Statívy, držiaky a upevnenie pre kamery > Selfie tyče pre kamery";"";"";""
"083754";"";"TV, audio, video a foto technika > Foto a príslušenstvo > Fotoateliér > Fotografické a video svetlá";"";"";""
"083742";"";"TV, audio, video a foto technika > Foto a príslušenstvo > Statívy, držiaky a upevnenie pre kamery > Statívy pre fotoaparáty a kamery";"";"";""
"083743";"";"TV, audio, video a foto technika > Foto a príslušenstvo > Statívy, držiaky a upevnenie pre kamery > Statívy pre fotoaparáty a kamery";"";"";""
"083744";"";"TV, audio, video a foto technika > Foto a príslušenstvo > Statívy, držiaky a upevnenie pre kamery > Statívy pre fotoaparáty a kamery";"";"";""
"083745";"";"TV, audio, video a foto technika > Foto a príslušenstvo > Fotoateliér > Softboxy a modifikátory svetla";"";"";""
"083746";"";"TV, audio, video a foto technika > Foto a príslušenstvo > Fotoateliér > Softboxy a modifikátory svetla";"";"";""
"083747";"";"TV, audio, video a foto technika > Foto a príslušenstvo > Fotoateliér > Softboxy a modifikátory svetla";"";"";""
"083750";"";"TV, audio, video a foto technika > Foto a príslušenstvo > Statívy, držiaky a upevnenie pre kamery > Statívy pre fotoaparáty a kamery";"";"";""
"087815";"";"Auto-moto > Elektronika do auta > Kamery do auta";"";"";""
"087816";"";"Auto-moto > Elektronika do auta > Kamery do auta";"";"";""
"086697";"";"3D tlač a digitálna výroba > 3D tlačiarne a materiály > Tlačové struny a vlákna > TPU filamenty";"";"";""
"086704";"";"3D tlač a digitálna výroba > 3D tlačiarne a materiály > Tlačové struny a vlákna > TPU filamenty";"";"";""
"088341";"";"3D tlač a digitálna výroba > 3D tlačiarne a materiály > Tlačové struny a vlákna > PLA filamenty";"";"";""
"088344";"";"3D tlač a digitálna výroba > 3D tlačiarne a materiály > Tlačové struny a vlákna > PLA filamenty";"";"";""
"088345";"";"3D tlač a digitálna výroba > 3D tlačiarne a materiály > Tlačové struny a vlákna > PETG filamenty";"";"";""
"088603";"";"TV, audio, video a foto technika > Foto a príslušenstvo > Statívy, držiaky a upevnenie pre kamery > Držiaky a montážne úchyty pre kamery";"";"";""
"088616";"";"TV, audio, video a foto technika > Foto a príslušenstvo > Príslušenstvo pre fotoaparáty a akčné kamery > Ochranné sklá a fólie pre kamery";"";"";""
"088688";"";"Cestovanie, šport a outdoor > Príslušenstvo pre drony > Tašky a kufre pre drony";"";"";""
"088689";"";"Cestovanie, šport a outdoor > Príslušenstvo pre drony > Tašky a kufre pre drony";"";"";""
"088693";"";"TV, audio, video a foto technika > Foto a príslušenstvo > Príslušenstvo pre fotoaparáty a akčné kamery > Ochranné kryty a klietky pre kamery";"";"";""
"088700";"";"TV, audio, video a foto technika > Foto a príslušenstvo > Príslušenstvo pre fotoaparáty a akčné kamery > Ochranné sklá a fólie pre kamery";"";"";""
"088839";"";"TV, audio, video a foto technika > Foto a príslušenstvo > Statívy, držiaky a upevnenie pre kamery > Statívy pre fotoaparáty a kamery";"";"";""
"088840";"";"TV, audio, video a foto technika > Foto a príslušenstvo > Statívy, držiaky a upevnenie pre kamery > Držiaky a montážne úchyty pre kamery";"";"";""
"088841";"";"TV, audio, video a foto technika > Foto a príslušenstvo > Statívy, držiaky a upevnenie pre kamery > Statívy pre fotoaparáty a kamery";"";"";""
"088842";"";"TV, audio, video a foto technika > Foto a príslušenstvo > Filtre > Súpravy fotografických filtrov";"";"";""
"088843";"";"TV, audio, video a foto technika > Foto a príslušenstvo > Filtre > Súpravy fotografických filtrov";"";"";""
"088844";"";"TV, audio, video a foto technika > Foto a príslušenstvo > Príslušenstvo pre fotoaparáty a akčné kamery > Batérie a nabíjačky pre kamery";"";"";""
"088838";"";"TV, audio, video a foto technika > Audio technika > Slúchadlá > Bezdrôtové slúchadlá > Náhlavné bezdrôtové slúchadlá";"";"";""
"085806";"";"3D tlač a digitálna výroba > 3D tlačiarne a materiály > Tlačové struny a vlákna > PLA filamenty";"";"";""
"089019";"";"Chovateľské potreby > Fontány a napájačky > Fontány pre psy a mačky";"";"";""
"089029";"";"Chovateľské potreby > Fontány a napájačky > Fontány pre psy a mačky";"";"";""
"089027";"";"Chovateľské potreby > Fontány a napájačky > Filtre a čerpadlá do fontán";"";"";""
"089018";"";"Chovateľské potreby > Fontány a napájačky > Filtre a čerpadlá do fontán";"";"";""
"087012";"";"Zdravie a starostlivosť > Starostlivosť o zuby > Náhradné hlavice na zubné kefky";"";"";""
"087013";"";"Zdravie a starostlivosť > Starostlivosť o zuby > Náhradné hlavice na zubné kefky";"";"";""
"087014";"";"Zdravie a starostlivosť > Starostlivosť o zuby > Náhradné hlavice na zubné kefky";"";"";""
"088726";"";"Domáce spotrebiče > Vysávače > Robotické vysávače";"";"";""
"087242";"";"Zdravie a starostlivosť > Starostlivosť o vlasy > Fény a teplovzdušné kefy";"";"";""
"088466";"";"Domáce spotrebiče > Vysávače > Robotické vysávače";"";"";""
"088467";"";"Domáce spotrebiče > Vysávače > Robotické vysávače";"";"";""
"089028";"";"Chovateľské potreby > Fontány a napájačky > Fontány pre psy a mačky";"";"";""
"089017";"";"Chovateľské potreby > Fontány a napájačky > Filtre a čerpadlá do fontán";"";"";""
"089608";"";"TV, audio, video a foto technika > Foto a príslušenstvo > Statívy, držiaky a upevnenie pre kamery > Držiaky a montážne úchyty pre kamery";"";"";""
"089609";"";"TV, audio, video a foto technika > Foto a príslušenstvo > Príslušenstvo pre fotoaparáty a akčné kamery > Batérie a nabíjačky pre kamery";"";"";""
"089610";"";"TV, audio, video a foto technika > Foto a príslušenstvo > Príslušenstvo pre fotoaparáty a akčné kamery > Ochranné kryty a klietky pre kamery";"";"";""
"089619";"";"TV, audio, video a foto technika > Foto a príslušenstvo > Príslušenstvo pre fotoaparáty a akčné kamery > Ochranné kryty a klietky pre kamery";"";"";""
"089621";"";"TV, audio, video a foto technika > Foto a príslušenstvo > Statívy, držiaky a upevnenie pre kamery > Držiaky a montážne úchyty pre kamery";"";"";""
"089622";"";"TV, audio, video a foto technika > Foto a príslušenstvo > Príslušenstvo pre fotoaparáty a akčné kamery > Batérie a nabíjačky pre kamery";"";"";""
"089623";"";"TV, audio, video a foto technika > Foto a príslušenstvo > Príslušenstvo pre fotoaparáty a akčné kamery > Ochranné sklá a fólie pre kamery";"";"";""
"089624";"";"TV, audio, video a foto technika > Foto a príslušenstvo > Príslušenstvo pre fotoaparáty a akčné kamery > Ochranné sklá a fólie pre kamery";"";"";""
"089625";"";"TV, audio, video a foto technika > Foto a príslušenstvo > Statívy, držiaky a upevnenie pre kamery > Držiaky a montážne úchyty pre kamery";"";"";""
"089627";"";"TV, audio, video a foto technika > Foto a príslušenstvo > Príslušenstvo pre fotoaparáty a akčné kamery > Ochranné kryty a klietky pre kamery";"";"";""
"089628";"";"TV, audio, video a foto technika > Foto a príslušenstvo > Statívy, držiaky a upevnenie pre kamery > Statívy pre fotoaparáty a kamery";"";"";""
"089630";"";"TV, audio, video a foto technika > Foto a príslušenstvo > Statívy, držiaky a upevnenie pre kamery > Statívy pre fotoaparáty a kamery";"";"";""
"089631";"";"TV, audio, video a foto technika > Foto a príslušenstvo > Statívy, držiaky a upevnenie pre kamery > Držiaky a montážne úchyty pre kamery";"";"";""
"089632";"";"TV, audio, video a foto technika > Foto a príslušenstvo > Statívy, držiaky a upevnenie pre kamery > Držiaky a montážne úchyty pre kamery";"";"";""
"089633";"";"TV, audio, video a foto technika > Foto a príslušenstvo > Príslušenstvo pre fotoaparáty a akčné kamery > Ochranné sklá a fólie pre kamery";"";"";""
"089634";"";"TV, audio, video a foto technika > Foto a príslušenstvo > Príslušenstvo pre fotoaparáty a akčné kamery > Ochranné kryty a klietky pre kamery";"";"";""
"089635";"";"TV, audio, video a foto technika > Foto a príslušenstvo > Statívy, držiaky a upevnenie pre kamery > Držiaky a montážne úchyty pre kamery";"";"";""
"089637";"";"TV, audio, video a foto technika > Foto a príslušenstvo > Statívy, držiaky a upevnenie pre kamery > Držiaky a montážne úchyty pre kamery";"";"";""
"089639";"";"TV, audio, video a foto technika > Foto a príslušenstvo > Príslušenstvo pre fotoaparáty a akčné kamery > Ochranné kryty a klietky pre kamery";"";"";""
"089643";"";"TV, audio, video a foto technika > Foto a príslušenstvo > Príslušenstvo pre fotoaparáty a akčné kamery > Ochranné kryty a klietky pre kamery";"";"";""
"089645";"";"TV, audio, video a foto technika > Foto a príslušenstvo > Statívy, držiaky a upevnenie pre kamery > Držiaky a montážne úchyty pre kamery";"";"";""
"089651";"";"TV, audio, video a foto technika > Foto a príslušenstvo > Statívy, držiaky a upevnenie pre kamery > Držiaky a montážne úchyty pre kamery";"";"";""
"089653";"";"TV, audio, video a foto technika > Foto a príslušenstvo > Statívy, držiaky a upevnenie pre kamery > Popruhy a postroje pre kamery";"";"";""
"089658";"";"TV, audio, video a foto technika > Foto a príslušenstvo > Príslušenstvo pre fotoaparáty a akčné kamery > Ochranné kryty a klietky pre kamery";"";"";""
"089661";"";"TV, audio, video a foto technika > Foto a príslušenstvo > Príslušenstvo pre fotoaparáty a akčné kamery > Ochranné sklá a fólie pre kamery";"";"";""
"089663";"";"TV, audio, video a foto technika > Foto a príslušenstvo > Príslušenstvo pre fotoaparáty a akčné kamery > Ochranné sklá a fólie pre kamery";"";"";""
"089665";"";"TV, audio, video a foto technika > Foto a príslušenstvo > Príslušenstvo pre fotoaparáty a akčné kamery > Ochranné sklá a fólie pre kamery";"";"";""
"089669";"";"TV, audio, video a foto technika > Foto a príslušenstvo > Príslušenstvo pre fotoaparáty a akčné kamery > Ochranné sklá a fólie pre kamery";"";"";""
"089670";"";"TV, audio, video a foto technika > Foto a príslušenstvo > Statívy, držiaky a upevnenie pre kamery > Držiaky a montážne úchyty pre kamery";"";"";""
"089591";"";"TV, audio, video a foto technika > Foto a príslušenstvo > Statívy, držiaky a upevnenie pre kamery > Statívy pre fotoaparáty a kamery";"";"";""
"089596";"";"TV, audio, video a foto technika > Foto a príslušenstvo > Príslušenstvo pre fotoaparáty a akčné kamery > Ochranné kryty a klietky pre kamery";"";"";""
"089600";"";"TV, audio, video a foto technika > Foto a príslušenstvo > Statívy, držiaky a upevnenie pre kamery > Držiaky a montážne úchyty pre kamery";"";"";""
"089601";"";"TV, audio, video a foto technika > Foto a príslušenstvo > Statívy, držiaky a upevnenie pre kamery > Statívy pre fotoaparáty a kamery";"";"";""
"089603";"";"TV, audio, video a foto technika > Foto a príslušenstvo > Statívy, držiaky a upevnenie pre kamery > Držiaky a montážne úchyty pre kamery";"";"";""
"089604";"";"TV, audio, video a foto technika > Foto a príslušenstvo > Fotoateliér > Fotografické a video svetlá";"";"";""
"089588";"";"Domáce spotrebiče > Vysávače > Robotické vysávače";"";"";""
"089589";"";"Domáce spotrebiče > Vysávače > Robotické vysávače";"";"";""
"089912";"";"Cestovanie, šport a outdoor > Príslušenstvo pre drony > Filtre pre drony";"";"";""
"089913";"";"Cestovanie, šport a outdoor > Príslušenstvo pre drony > Filtre pre drony";"";"";""
"089915";"";"TV, audio, video a foto technika > Foto a príslušenstvo > Statívy, držiaky a upevnenie pre kamery > Popruhy a postroje pre kamery";"";"";""
"089916";"";"TV, audio, video a foto technika > Foto a príslušenstvo > Statívy, držiaky a upevnenie pre kamery > Držiaky a montážne úchyty pre kamery";"";"";""
"089924";"";"TV, audio, video a foto technika > Foto a príslušenstvo > Statívy, držiaky a upevnenie pre kamery > Držiaky a montážne úchyty pre kamery";"";"";""
"089925";"";"TV, audio, video a foto technika > Foto a príslušenstvo > Statívy, držiaky a upevnenie pre kamery > Držiaky a montážne úchyty pre kamery";"";"";""
"089929";"";"TV, audio, video a foto technika > Foto a príslušenstvo > Statívy, držiaky a upevnenie pre kamery > Držiaky a montážne úchyty pre kamery";"";"";""
"089882";"";"Cestovanie, šport a outdoor > Príslušenstvo pre drony > Tašky a kufre pre drony";"";"";""
"089883";"";"Cestovanie, šport a outdoor > Príslušenstvo pre drony > Tašky a kufre pre drony";"";"";""
"089884";"";"Cestovanie, šport a outdoor > Príslušenstvo pre drony > Tašky a kufre pre drony";"";"";""
"089890";"";"Cestovanie, šport a outdoor > Príslušenstvo pre drony > Tašky a kufre pre drony";"";"";""
"089891";"";"TV, audio, video a foto technika > Foto a príslušenstvo > Statívy, držiaky a upevnenie pre kamery > Držiaky a montážne úchyty pre kamery";"";"";""
"089892";"";"TV, audio, video a foto technika > Foto a príslušenstvo > Statívy, držiaky a upevnenie pre kamery > Držiaky a montážne úchyty pre kamery";"";"";""
"089895";"";"TV, audio, video a foto technika > Foto a príslušenstvo > Príslušenstvo pre fotoaparáty a akčné kamery > Ochranné kryty a klietky pre kamery";"";"";""
"089897";"";"TV, audio, video a foto technika > Foto a príslušenstvo > Statívy, držiaky a upevnenie pre kamery > Držiaky a montážne úchyty pre kamery";"";"";""
"089899";"";"TV, audio, video a foto technika > Foto a príslušenstvo > Statívy, držiaky a upevnenie pre kamery > Držiaky a montážne úchyty pre kamery";"";"";""
"089901";"";"TV, audio, video a foto technika > Foto a príslušenstvo > Statívy, držiaky a upevnenie pre kamery > Držiaky a montážne úchyty pre kamery";"";"";""
"089902";"";"Cestovanie, šport a outdoor > Príslušenstvo pre drony > Filtre pre drony";"";"";""
"089903";"";"Cestovanie, šport a outdoor > Príslušenstvo pre drony > Filtre pre drony";"";"";""
"089904";"";"Cestovanie, šport a outdoor > Príslušenstvo pre drony > Filtre pre drony";"";"";""
"089905";"";"Cestovanie, šport a outdoor > Príslušenstvo pre drony > Filtre pre drony";"";"";""
"089906";"";"Cestovanie, šport a outdoor > Príslušenstvo pre drony > Filtre pre drony";"";"";""
"089907";"";"Cestovanie, šport a outdoor > Príslušenstvo pre drony > Filtre pre drony";"";"";""
"089908";"";"Cestovanie, šport a outdoor > Príslušenstvo pre drony > Filtre pre drony";"";"";""
"089909";"";"Cestovanie, šport a outdoor > Príslušenstvo pre drony > Filtre pre drony";"";"";""
"089910";"";"Cestovanie, šport a outdoor > Príslušenstvo pre drony > Filtre pre drony";"";"";""
"089911";"";"Cestovanie, šport a outdoor > Príslušenstvo pre drony > Filtre pre drony";"";"";""
"090148";"";"TV, audio, video a foto technika > Foto a príslušenstvo > Statívy, držiaky a upevnenie pre kamery > Držiaky a montážne úchyty pre kamery";"";"";""
"090150";"";"TV, audio, video a foto technika > Foto a príslušenstvo > Statívy, držiaky a upevnenie pre kamery > Držiaky a montážne úchyty pre kamery";"";"";""
"090152";"";"TV, audio, video a foto technika > Foto a príslušenstvo > Statívy, držiaky a upevnenie pre kamery > Držiaky a montážne úchyty pre kamery";"";"";""
"090149";"";"TV, audio, video a foto technika > Foto a príslušenstvo > Statívy, držiaky a upevnenie pre kamery > Držiaky a montážne úchyty pre kamery";"";"";""
"090390";"";"TV, audio, video a foto technika > Audio technika > Slúchadlá > Bezdrôtové slúchadlá > TWS slúchadlá";"";"";""
"090391";"";"TV, audio, video a foto technika > Audio technika > Slúchadlá > Bezdrôtové slúchadlá > TWS slúchadlá";"";"";""
"090393";"";"TV, audio, video a foto technika > Audio technika > Slúchadlá > Bezdrôtové slúchadlá > TWS slúchadlá";"";"";""
"090394";"";"TV, audio, video a foto technika > Audio technika > Slúchadlá > Bezdrôtové slúchadlá > TWS slúchadlá";"";"";""
"087943";"";"Chovateľské potreby > Mačacie toalety a príslušenstvo";"";"";""
"088053";"";"Elektro, Smart Home a osvetlenie > Smart domácnosť – zariadenia > Senzory pohybu a otvorenia";"";"";""
"088054";"";"Elektro, Smart Home a osvetlenie > Smart domácnosť – zariadenia > Senzory pohybu a otvorenia";"";"";""
"088055";"";"Elektro, Smart Home a osvetlenie > Smart domácnosť – zariadenia > Smart zásuvky";"";"";""
"088056";"";"Elektro, Smart Home a osvetlenie > Smart domácnosť – zariadenia > Smart zásuvky";"";"";""
"088080";"";"Elektro, Smart Home a osvetlenie > Smart domácnosť – zariadenia > Senzory teploty a vlhkosti";"";"";""
"088083";"";"Elektro, Smart Home a osvetlenie > Smart domácnosť – zariadenia > Senzory teploty a vlhkosti";"";"";""
"091171";"";"Počítače, mobily a tablety > Herné príslušenstvo pre PC > Herné simulátory > Volanty a pretekárske ovládače";"";"";""
"090466";"";"TV, audio, video a foto technika > Foto a príslušenstvo > Filtre > ND a variabilné ND filtre";"";"";""
"090470";"";"TV, audio, video a foto technika > Foto a príslušenstvo > Statívy, držiaky a upevnenie pre kamery > Držiaky a montážne úchyty pre kamery";"";"";""
"090471";"";"TV, audio, video a foto technika > Foto a príslušenstvo > Statívy, držiaky a upevnenie pre kamery > Držiaky a montážne úchyty pre kamery";"";"";""
"090473";"";"TV, audio, video a foto technika > Foto a príslušenstvo > Filtre > ND a variabilné ND filtre";"";"";""
"090474";"";"TV, audio, video a foto technika > Foto a príslušenstvo > Statívy, držiaky a upevnenie pre kamery > Statívy pre fotoaparáty a kamery";"";"";""
"091352";"";"TV, audio, video a foto technika > Audio technika > Slúchadlá > Bezdrôtové slúchadlá > TWS slúchadlá";"";"";""
"091354";"";"TV, audio, video a foto technika > Audio technika > Slúchadlá > Bezdrôtové slúchadlá > Otvorené bezdrôtové slúchadlá";"";"";""
"091353";"";"TV, audio, video a foto technika > Audio technika > Slúchadlá > Bezdrôtové slúchadlá > TWS slúchadlá";"";"";""
"091355";"";"TV, audio, video a foto technika > Audio technika > Slúchadlá > Bezdrôtové slúchadlá > Otvorené bezdrôtové slúchadlá";"";"";""
"091043";"";"TV, audio, video a foto technika > Foto a príslušenstvo > Fotoateliér > Softboxy a modifikátory svetla";"";"";""
"091044";"";"TV, audio, video a foto technika > Foto a príslušenstvo > Fotoateliér > Softboxy a modifikátory svetla";"";"";""
"091050";"";"TV, audio, video a foto technika > Foto a príslušenstvo > Fotoateliér > Fotografické a video svetlá";"";"";""
"091051";"";"TV, audio, video a foto technika > Foto a príslušenstvo > Fotoateliér > Fotografické a video svetlá";"";"";""
"091053";"";"TV, audio, video a foto technika > Foto a príslušenstvo > Statívy, držiaky a upevnenie pre kamery > Držiaky a montážne úchyty pre kamery";"";"";""
"091055";"";"TV, audio, video a foto technika > Foto a príslušenstvo > Fotoateliér > Fotografické a video svetlá";"";"";""
"091056";"";"TV, audio, video a foto technika > Foto a príslušenstvo > Fotoateliér > Fotografické a video svetlá";"";"";""
"091057";"";"TV, audio, video a foto technika > Foto a príslušenstvo > Statívy, držiaky a upevnenie pre kamery > Držiaky a montážne úchyty pre kamery";"";"";""
"091058";"";"TV, audio, video a foto technika > Foto a príslušenstvo > Fotoateliér > Fotografické a video svetlá";"";"";""
"091059";"";"TV, audio, video a foto technika > Foto a príslušenstvo > Fotoateliér > Softboxy a modifikátory svetla";"";"";""
"091061";"";"TV, audio, video a foto technika > Foto a príslušenstvo > Fotoateliér > Softboxy a modifikátory svetla";"";"";""
"091065";"";"TV, audio, video a foto technika > Foto a príslušenstvo > Fotoateliér > Fotografické a video svetlá";"";"";""
"091066";"";"TV, audio, video a foto technika > Foto a príslušenstvo > Fotoateliér > Fotografické a video svetlá";"";"";""
"091067";"";"TV, audio, video a foto technika > Foto a príslušenstvo > Fotoateliér > Fotografické a video svetlá";"";"";""
"090936";"";"TV, audio, video a foto technika > Foto a príslušenstvo > Fotoateliér > Fotografické a video svetlá";"";"";""
"090939";"";"TV, audio, video a foto technika > Foto a príslušenstvo > Fotoateliér > Fotografické a video svetlá";"";"";""
"090940";"";"TV, audio, video a foto technika > Foto a príslušenstvo > Fotoateliér > Fotografické a video svetlá";"";"";""
"090941";"";"TV, audio, video a foto technika > Foto a príslušenstvo > Fotoateliér > Fotografické a video svetlá";"";"";""
"090966";"";"TV, audio, video a foto technika > Foto a príslušenstvo > Príslušenstvo pre fotoaparáty a akčné kamery > Batérie a nabíjačky pre kamery";"";"";""
"090971";"";"TV, audio, video a foto technika > Foto a príslušenstvo > Fotoateliér > Fotografické a video svetlá";"";"";""
"090976";"";"TV, audio, video a foto technika > Foto a príslušenstvo > Fotoateliér > Softboxy a modifikátory svetla";"";"";""
"090982";"";"TV, audio, video a foto technika > Foto a príslušenstvo > Fotoateliér > Fotografické a video svetlá";"";"";""
"090983";"";"TV, audio, video a foto technika > Foto a príslušenstvo > Fotoateliér > Fotografické a video svetlá";"";"";""
"090984";"";"TV, audio, video a foto technika > Foto a príslušenstvo > Fotoateliér > Fotografické a video svetlá";"";"";""
"090987";"";"TV, audio, video a foto technika > Foto a príslušenstvo > Fotoateliér > Fotografické a video svetlá";"";"";""
"090988";"";"TV, audio, video a foto technika > Foto a príslušenstvo > Fotoateliér > Fotografické a video svetlá";"";"";""
"090991";"";"TV, audio, video a foto technika > Foto a príslušenstvo > Fotoateliér > Fotografické a video svetlá";"";"";""
"090992";"";"TV, audio, video a foto technika > Foto a príslušenstvo > Fotoateliér > Softboxy a modifikátory svetla";"";"";""
"091069";"";"TV, audio, video a foto technika > Foto a príslušenstvo > Fotoateliér > Fotografické a video svetlá";"";"";""
"091084";"";"TV, audio, video a foto technika > Foto a príslušenstvo > Fotoateliér > Fotografické a video svetlá";"";"";""
"091085";"";"TV, audio, video a foto technika > Foto a príslušenstvo > Fotoateliér > Fotografické a video svetlá";"";"";""
"091086";"";"TV, audio, video a foto technika > Foto a príslušenstvo > Fotoateliér > Fotografické a video svetlá";"";"";""
"091087";"";"TV, audio, video a foto technika > Foto a príslušenstvo > Fotoateliér > Fotografické a video svetlá";"";"";""
"091088";"";"TV, audio, video a foto technika > Foto a príslušenstvo > Fotoateliér > Fotografické a video svetlá";"";"";""
"091018";"";"TV, audio, video a foto technika > Foto a príslušenstvo > Fotoateliér > Fotografické a video svetlá";"";"";""
"091020";"";"TV, audio, video a foto technika > Foto a príslušenstvo > Fotoateliér > Softboxy a modifikátory svetla";"";"";""
"091025";"";"TV, audio, video a foto technika > Foto a príslušenstvo > Fotoateliér > Fotografické a video svetlá";"";"";""
"091026";"";"TV, audio, video a foto technika > Foto a príslušenstvo > Príslušenstvo pre fotoaparáty a akčné kamery > Batérie a nabíjačky pre kamery";"";"";""
"091032";"";"TV, audio, video a foto technika > Foto a príslušenstvo > Fotoateliér > Fotografické a video svetlá";"";"";""
"091033";"";"TV, audio, video a foto technika > Foto a príslušenstvo > Fotoateliér > Softboxy a modifikátory svetla";"";"";""
"091035";"";"TV, audio, video a foto technika > Foto a príslušenstvo > Fotoateliér > Fotografické a video svetlá";"";"";""
"091037";"";"TV, audio, video a foto technika > Foto a príslušenstvo > Fotoateliér > Fotografické a video svetlá";"";"";""
"091041";"";"TV, audio, video a foto technika > Foto a príslušenstvo > Fotoateliér > Softboxy a modifikátory svetla";"";"";""
"091042";"";"TV, audio, video a foto technika > Foto a príslušenstvo > Fotoateliér > Softboxy a modifikátory svetla";"";"";""
"090993";"";"TV, audio, video a foto technika > Foto a príslušenstvo > Fotoateliér > Fotografické a video svetlá";"";"";""
"090995";"";"TV, audio, video a foto technika > Foto a príslušenstvo > Fotoateliér > Fotografické a video svetlá";"";"";""
"090997";"";"TV, audio, video a foto technika > Foto a príslušenstvo > Fotoateliér > Fotografické a video svetlá";"";"";""
"090998";"";"TV, audio, video a foto technika > Foto a príslušenstvo > Statívy, držiaky a upevnenie pre kamery > Statívy pre fotoaparáty a kamery";"";"";""
"090999";"";"TV, audio, video a foto technika > Foto a príslušenstvo > Fotoateliér > Fotografické a video svetlá";"";"";""
"091001";"";"TV, audio, video a foto technika > Foto a príslušenstvo > Fotoateliér > Fotografické a video svetlá";"";"";""
"091003";"";"TV, audio, video a foto technika > Foto a príslušenstvo > Fotoateliér > Fotografické a video svetlá";"";"";""
"091006";"";"TV, audio, video a foto technika > Foto a príslušenstvo > Fotoateliér > Softboxy a modifikátory svetla";"";"";""
"091010";"";"TV, audio, video a foto technika > Foto a príslušenstvo > Fotoateliér > Softboxy a modifikátory svetla";"";"";""
"091011";"";"TV, audio, video a foto technika > Foto a príslušenstvo > Príslušenstvo pre fotoaparáty a akčné kamery > Batérie a nabíjačky pre kamery";"";"";""
"091453";"";"TV, audio, video a foto technika > Foto a príslušenstvo > Filtre > Efektové a difúzne filtre";"";"";""
"091454";"";"TV, audio, video a foto technika > Foto a príslušenstvo > Filtre > Efektové a difúzne filtre";"";"";""
"091557";"";"TV, audio, video a foto technika > Foto a príslušenstvo > Filtre > ND a variabilné ND filtre";"";"";""
"091558";"";"TV, audio, video a foto technika > Foto a príslušenstvo > Filtre > ND a variabilné ND filtre";"";"";""
"091559";"";"TV, audio, video a foto technika > Foto a príslušenstvo > Filtre > ND a variabilné ND filtre";"";"";""
"091560";"";"TV, audio, video a foto technika > Foto a príslušenstvo > Filtre > ND a variabilné ND filtre";"";"";""
"091561";"";"TV, audio, video a foto technika > Foto a príslušenstvo > Filtre > ND a variabilné ND filtre";"";"";""
"091562";"";"TV, audio, video a foto technika > Foto a príslušenstvo > Filtre > ND a variabilné ND filtre";"";"";""
"091563";"";"TV, audio, video a foto technika > Foto a príslušenstvo > Filtre > ND a variabilné ND filtre";"";"";""
"091564";"";"TV, audio, video a foto technika > Foto a príslušenstvo > Filtre > ND a variabilné ND filtre";"";"";""
"091565";"";"TV, audio, video a foto technika > Foto a príslušenstvo > Filtre > ND a variabilné ND filtre";"";"";""
"091570";"";"TV, audio, video a foto technika > Foto a príslušenstvo > Filtre > Efektové a difúzne filtre";"";"";""
"091572";"";"TV, audio, video a foto technika > Foto a príslušenstvo > Filtre > Efektové a difúzne filtre";"";"";""
"091576";"";"TV, audio, video a foto technika > Foto a príslušenstvo > Filtre > ND a variabilné ND filtre";"";"";""
"091578";"";"TV, audio, video a foto technika > Foto a príslušenstvo > Filtre > ND a variabilné ND filtre";"";"";""
"091579";"";"TV, audio, video a foto technika > Foto a príslušenstvo > Filtre > ND a variabilné ND filtre";"";"";""
"091583";"";"TV, audio, video a foto technika > Foto a príslušenstvo > Filtre > ND a variabilné ND filtre";"";"";""
"091586";"";"TV, audio, video a foto technika > Foto a príslušenstvo > Filtre > Súpravy fotografických filtrov";"";"";""
"091589";"";"TV, audio, video a foto technika > Foto a príslušenstvo > Filtre > Efektové a difúzne filtre";"";"";""
"091590";"";"TV, audio, video a foto technika > Foto a príslušenstvo > Filtre > Efektové a difúzne filtre";"";"";""
"091591";"";"TV, audio, video a foto technika > Foto a príslušenstvo > Filtre > Súpravy fotografických filtrov";"";"";""
"091592";"";"TV, audio, video a foto technika > Foto a príslušenstvo > Filtre > Súpravy fotografických filtrov";"";"";""
"091593";"";"TV, audio, video a foto technika > Foto a príslušenstvo > Filtre > Súpravy fotografických filtrov";"";"";""
"091594";"";"TV, audio, video a foto technika > Foto a príslušenstvo > Filtre > Súpravy fotografických filtrov";"";"";""
"091595";"";"TV, audio, video a foto technika > Foto a príslušenstvo > Filtre > Súpravy fotografických filtrov";"";"";""
"091596";"";"TV, audio, video a foto technika > Foto a príslušenstvo > Filtre > Súpravy fotografických filtrov";"";"";""
"091597";"";"TV, audio, video a foto technika > Foto a príslušenstvo > Filtre > Súpravy fotografických filtrov";"";"";""
"091599";"";"TV, audio, video a foto technika > Foto a príslušenstvo > Filtre > Súpravy fotografických filtrov";"";"";""
"088325";"";"Počítače, mobily a tablety > Herné príslušenstvo pre PC > Herné simulátory > Volanty a pretekárske ovládače";"";"";""
"091948";"";"TV, audio, video a foto technika > Foto a príslušenstvo > Filtre > ND a variabilné ND filtre";"";"";""
"091950";"";"TV, audio, video a foto technika > Foto a príslušenstvo > Filtre > ND a variabilné ND filtre";"";"";""
"091952";"";"TV, audio, video a foto technika > Foto a príslušenstvo > Filtre > ND a variabilné ND filtre";"";"";""
"091955";"";"TV, audio, video a foto technika > Foto a príslušenstvo > Filtre > Efektové a difúzne filtre";"";"";""
"091956";"";"TV, audio, video a foto technika > Foto a príslušenstvo > Filtre > Efektové a difúzne filtre";"";"";""
"091960";"";"TV, audio, video a foto technika > Foto a príslušenstvo > Filtre > Súpravy fotografických filtrov";"";"";""
"091961";"";"TV, audio, video a foto technika > Foto a príslušenstvo > Filtre > Súpravy fotografických filtrov";"";"";""
"091962";"";"TV, audio, video a foto technika > Foto a príslušenstvo > Filtre > Súpravy fotografických filtrov";"";"";""
"091963";"";"TV, audio, video a foto technika > Foto a príslušenstvo > Filtre > Súpravy fotografických filtrov";"";"";""
"091964";"";"TV, audio, video a foto technika > Foto a príslušenstvo > Filtre > Súpravy fotografických filtrov";"";"";""
"091965";"";"TV, audio, video a foto technika > Foto a príslušenstvo > Filtre > Súpravy fotografických filtrov";"";"";""
"091966";"";"TV, audio, video a foto technika > Foto a príslušenstvo > Filtre > Súpravy fotografických filtrov";"";"";""
"091967";"";"TV, audio, video a foto technika > Foto a príslušenstvo > Príslušenstvo pre fotoaparáty a akčné kamery > Ochranné sklá a fólie pre kamery";"";"";""
"091972";"";"TV, audio, video a foto technika > Foto a príslušenstvo > Statívy, držiaky a upevnenie pre kamery > Držiaky a montážne úchyty pre kamery";"";"";""
"091777";"";"Počítače, mobily a tablety > Herné príslušenstvo pre PC > Herné simulátory > Volanty a pretekárske ovládače";"";"";""
"091498";"";"Domáce spotrebiče > Vysávače > Robotické vysávače";"";"";""
"092821";"";"Domáce spotrebiče > Vysávače > Robotické vysávače";"";"";""
"092822";"";"Domáce spotrebiče > Vysávače > Robotické vysávače";"";"";""
"092827";"";"Domáce spotrebiče > Vysávače > Robotické vysávače";"";"";""
"092828";"";"Domáce spotrebiče > Vysávače > Robotické vysávače";"";"";""
"092836";"";"Domáce spotrebiče > Vysávače > Robotické vysávače";"";"";""
"090102";"";"Domáce spotrebiče > Vysávače > Tyčové vysávače";"";"";""
"092906";"";"TV, audio, video a foto technika > Audio technika > Slúchadlá > Bezdrôtové slúchadlá > TWS slúchadlá";"";"";""
"093551";"";"Auto-moto > Elektronika do auta > Kamery do auta";"";"";""
"093552";"";"Auto-moto > Elektronika do auta > Kamery do auta";"";"";""
"093553";"";"Auto-moto > Elektronika do auta > Kamery do auta";"";"";""
"093559";"";"TV, audio, video a foto technika > Foto a príslušenstvo > Statívy, držiaky a upevnenie pre kamery > Držiaky a montážne úchyty pre kamery";"";"";""
"093560";"";"TV, audio, video a foto technika > Foto a príslušenstvo > Statívy, držiaky a upevnenie pre kamery > Držiaky a montážne úchyty pre kamery";"";"";""
"093561";"";"TV, audio, video a foto technika > Foto a príslušenstvo > Statívy, držiaky a upevnenie pre kamery > Držiaky a montážne úchyty pre kamery";"";"";""
"093562";"";"TV, audio, video a foto technika > Foto a príslušenstvo > Statívy, držiaky a upevnenie pre kamery > Držiaky a montážne úchyty pre kamery";"";"";""
"093563";"";"TV, audio, video a foto technika > Foto a príslušenstvo > Statívy, držiaky a upevnenie pre kamery > Popruhy a postroje pre kamery";"";"";""
"093564";"";"TV, audio, video a foto technika > Foto a príslušenstvo > Statívy, držiaky a upevnenie pre kamery > Popruhy a postroje pre kamery";"";"";""
"093566";"";"TV, audio, video a foto technika > Foto a príslušenstvo > Statívy, držiaky a upevnenie pre kamery > Popruhy a postroje pre kamery";"";"";""
"093567";"";"TV, audio, video a foto technika > Foto a príslušenstvo > Statívy, držiaky a upevnenie pre kamery > Držiaky a montážne úchyty pre kamery";"";"";""
"093569";"";"TV, audio, video a foto technika > Foto a príslušenstvo > Príslušenstvo pre fotoaparáty a akčné kamery > Batérie a nabíjačky pre kamery";"";"";""
"093571";"";"TV, audio, video a foto technika > Foto a príslušenstvo > Príslušenstvo pre fotoaparáty a akčné kamery > Batérie a nabíjačky pre kamery";"";"";""
"093572";"";"TV, audio, video a foto technika > Foto a príslušenstvo > Príslušenstvo pre fotoaparáty a akčné kamery > Batérie a nabíjačky pre kamery";"";"";""
"093573";"";"TV, audio, video a foto technika > Foto a príslušenstvo > Príslušenstvo pre fotoaparáty a akčné kamery > Batérie a nabíjačky pre kamery";"";"";""
"093576";"";"TV, audio, video a foto technika > Foto a príslušenstvo > Statívy, držiaky a upevnenie pre kamery > Držiaky a montážne úchyty pre kamery";"";"";""
"093577";"";"TV, audio, video a foto technika > Foto a príslušenstvo > Statívy, držiaky a upevnenie pre kamery > Držiaky a montážne úchyty pre kamery";"";"";""
"093578";"";"TV, audio, video a foto technika > Foto a príslušenstvo > Statívy, držiaky a upevnenie pre kamery > Statívy pre fotoaparáty a kamery";"";"";""
"093579";"";"TV, audio, video a foto technika > Foto a príslušenstvo > Statívy, držiaky a upevnenie pre kamery > Statívy pre fotoaparáty a kamery";"";"";""
"093711";"";"3D tlač a digitálna výroba > 3D tlačiarne a materiály > Tlačové struny a vlákna > PETG filamenty";"";"";""
"093819";"";"TV, audio, video a foto technika > Foto a príslušenstvo > Filtre > Súpravy fotografických filtrov";"";"";""
"093820";"";"TV, audio, video a foto technika > Foto a príslušenstvo > Filtre > Súpravy fotografických filtrov";"";"";""
"093821";"";"TV, audio, video a foto technika > Foto a príslušenstvo > Filtre > Súpravy fotografických filtrov";"";"";""
"093822";"";"TV, audio, video a foto technika > Foto a príslušenstvo > Filtre > Súpravy fotografických filtrov";"";"";""
"093823";"";"TV, audio, video a foto technika > Foto a príslušenstvo > Filtre > Súpravy fotografických filtrov";"";"";""
"093824";"";"TV, audio, video a foto technika > Foto a príslušenstvo > Filtre > Súpravy fotografických filtrov";"";"";""
"093825";"";"TV, audio, video a foto technika > Foto a príslušenstvo > Filtre > Súpravy fotografických filtrov";"";"";""
"093826";"";"TV, audio, video a foto technika > Foto a príslušenstvo > Filtre > Súpravy fotografických filtrov";"";"";""
"093827";"";"TV, audio, video a foto technika > Foto a príslušenstvo > Filtre > Súpravy fotografických filtrov";"";"";""
"093828";"";"TV, audio, video a foto technika > Foto a príslušenstvo > Filtre > Súpravy fotografických filtrov";"";"";""
"093838";"";"TV, audio, video a foto technika > Foto a príslušenstvo > Filtre > Súpravy fotografických filtrov";"";"";""
"093839";"";"TV, audio, video a foto technika > Foto a príslušenstvo > Filtre > Súpravy fotografických filtrov";"";"";""
"093840";"";"TV, audio, video a foto technika > Foto a príslušenstvo > Filtre > Efektové a difúzne filtre";"";"";""
"093878";"";"Auto-moto > Elektronika do auta > Kamery do auta";"";"";""
"093879";"";"Auto-moto > Elektronika do auta > Kamery do auta";"";"";""
"093880";"";"Auto-moto > Elektronika do auta > Kamery do auta";"";"";""
"093881";"";"Auto-moto > Elektronika do auta > Kamery do auta";"";"";""
"093882";"";"Auto-moto > Elektronika do auta > Kamery do auta";"";"";""
"093883";"";"Auto-moto > Elektronika do auta > Kamery do auta";"";"";""
"093884";"";"Auto-moto > Elektronika do auta > Kamery do auta";"";"";""
"093885";"";"Auto-moto > Elektronika do auta > Kamery do auta";"";"";""
"093886";"";"Auto-moto > Elektronika do auta > Kamery do auta";"";"";""
"093887";"";"Auto-moto > Elektronika do auta > Kamery do auta";"";"";""
"093888";"";"Auto-moto > Elektronika do auta > Kamery do auta";"";"";""
"093889";"";"Auto-moto > Elektronika do auta > Kamery do auta";"";"";""
"093890";"";"Auto-moto > Elektronika do auta > Kamery do auta";"";"";""
"093891";"";"Auto-moto > Elektronika do auta > Kamery do auta";"";"";""
"093892";"";"Auto-moto > Elektronika do auta > Kamery do auta";"";"";""
"093893";"";"Auto-moto > Elektronika do auta > Kamery do auta";"";"";""
"093894";"";"Auto-moto > Elektronika do auta > Kamery do auta";"";"";""
"092702";"";"Chovateľské potreby > Fontány a napájačky > Fontány pre psy a mačky";"";"";""
"092701";"";"Chovateľské potreby > Fontány a napájačky > Fontány pre psy a mačky";"";"";""
"093714";"";"TV, audio, video a foto technika > Foto a príslušenstvo > Statívy, držiaky a upevnenie pre kamery > Selfie tyče pre kamery";"";"";""
"082793";"";"TV, audio, video a foto technika > Audio technika > Slúchadlá > Bezdrôtové slúchadlá > TWS slúchadlá";"";"";""
"093696";"";"TV, audio, video a foto technika > Foto a príslušenstvo > Príslušenstvo pre fotoaparáty a akčné kamery > Batérie a nabíjačky pre kamery";"";"";""
"093697";"";"TV, audio, video a foto technika > Foto a príslušenstvo > Príslušenstvo pre fotoaparáty a akčné kamery > Batérie a nabíjačky pre kamery";"";"";""
"093698";"";"TV, audio, video a foto technika > Foto a príslušenstvo > Príslušenstvo pre fotoaparáty a akčné kamery > Batérie a nabíjačky pre kamery";"";"";""
"093713";"";"TV, audio, video a foto technika > Foto a príslušenstvo > Statívy, držiaky a upevnenie pre kamery > Selfie tyče pre kamery";"";"";""
"093699";"";"TV, audio, video a foto technika > Foto a príslušenstvo > Príslušenstvo pre fotoaparáty a akčné kamery > Batérie a nabíjačky pre kamery";"";"";""
"093705";"";"TV, audio, video a foto technika > Foto a príslušenstvo > Statívy, držiaky a upevnenie pre kamery > Držiaky a montážne úchyty pre kamery";"";"";""
"093704";"";"TV, audio, video a foto technika > Foto a príslušenstvo > Statívy, držiaky a upevnenie pre kamery > Držiaky a montážne úchyty pre kamery";"";"";""
"093710";"";"TV, audio, video a foto technika > Foto a príslušenstvo > Príslušenstvo pre fotoaparáty a akčné kamery > Batérie a nabíjačky pre kamery";"";"";""
