id;parentId;parentUrl;expandInMenu;visible;priority;access;title;linkText;url;topDescription;bottomDescription;metaTitle;metaDescription;
"";"";"";"0";"1";"1";"1";"3D tlač a digitálna výroba";"3D tlač a digitálna výroba";"3d-tlac-a-digitalna-vyroba";"<p>Všetko pre digitálnu výrobu – 3D tlačiarne a materiály (filamenty, živice), 3D skenery na prevod predlohy do modelu, laserové gravírovacie a rezacie stroje aj tlačiarne a lisy na potlač textilu. Značky AnyCubic, Creality, Revopoint, xTool, LaserPecker a HTVRONT.</p>";"";"3D tlačiarne, skenery a laserové gravírky | PremiumStore.sk";"3D tlačiarne a filamenty, živice, 3D skenery, laserové gravírovacie stroje a lisy na potlač textilu."
"";"";"3d-tlac-a-digitalna-vyroba";"0";"1";"1";"1";"3D tlačiarne a materiály";"3D tlačiarne a materiály";"3d-tlac";"<p>Kompletný sortiment pre 3D tlač – 3D tlačiarne, tlačové vlákna (filamenty rôznych materiálov), živice pre živicovú tlač a príslušenstvo, najmä značka AnyCubic. Pri výbere filamentu/živice zohľadnite typ vašej tlačiarne (FDM/živicová).</p>";"";"3D tlačiarne, filamenty a živice | PremiumStore.sk";"3D tlačiarne FDM a živicové, filamenty PLA, PETG a ABS, živice a príslušenstvo k 3D tlači."
"";"";"3d-tlac-a-digitalna-vyroba";"0";"1";"2";"1";"Tlačiarne a lisy na potlač textilu";"Tlačiarne a lisy na potlač textilu";"tlaciarne-a-lisy-na-potlac-textilu";"<p>Lisy na termotransfer (potlač textilu) a samolepiace/holografické fólie na prenos motívov, značka HTVRONT.</p>";"";"Lisy na termotransfer HTVRONT | PremiumStore.sk";"Lisy na termotransfer, fólie a príslušenstvo HTVRONT na domácu aj profesionálnu potlač textilu. Vyberte lis podľa formátu, tlaku a typu materiálu."
"";"";"3d-tlac-a-digitalna-vyroba";"0";"1";"3";"1";"Laserové gravírovacie a rezacie stroje";"Laserové gravírovacie a rezacie stroje";"laserove-gravirovacie-a-rezacie-stroje";"<p>Laserové gravírovacie a rezacie stroje pre domácu dielňu aj malovýrobu, značky xTool a LaserPecker, doplnené o príslušenstvo – odsávače dymu, pásové podávače a rozširujúce základne.</p>";"";"Laserové gravírovačky xTool a LaserPecker | PremiumStore.sk";"Laserové gravírovacie a rezacie stroje značiek xTool a LaserPecker vrátane príslušenstva (odsávače dymu, podávače)."
"";"";"3d-tlac-a-digitalna-vyroba";"0";"1";"4";"1";"3D skenery";"3D skenery";"3d-skenery";"<p>3D skenery značiek Creality a Revopoint na digitalizáciu fyzických predmetov – vytvorený 3D model môžete ďalej upraviť a vytlačiť na 3D tlačiarni.</p>";"";"3D skenery Creality a Revopoint | PremiumStore.sk";"3D skenery Creality a Revopoint na digitalizáciu fyzických predmetov pre 3D tlač."
"";"";"";"0";"1";"2";"1";"Chovateľské potreby";"Chovateľské potreby";"chovatelske-potreby";"<p>Chovateľské potreby pre domáce zvieratá – inteligentné (samočistiace) toalety a príslušenstvo pre mačky, doplnky pre psov (vodítka, vrecká na exkrementy) a prípravky na starostlivosť o zvieratá. Dominuje značka PetKit.</p>";"";"Smart toalety a doplnky pre domácich miláčikov PetKit | PremiumStore.sk";"Inteligentné toalety a príslušenstvo pre mačky, doplnky pre psov a prípravky na starostlivosť o zvieratá, značka PetKit."
"";"";"";"0";"1";"3";"1";"Počítače, mobily a tablety";"Počítače, mobily a tablety";"pocitace-mobily-a-tablety";"<p>Počítačová a mobilná technika – notebooky, mini PC a PC periférie, smartfóny a tablety, sieťové prvky a NAS servery, tlačiarne aj herné príslušenstvo. Vyberte si konkrétnu podkategóriu podľa typu zariadenia.</p>";"";"Počítače, notebooky, mobily a tablety | PremiumStore.sk";"Notebooky, mini PC, smartfóny, tablety, sieťové prvky aj kompletné príslušenstvo. Značky Samsung, Xiaomi, ASUS, Lenovo a ďalšie."
"";"";"pocitace-mobily-a-tablety";"0";"1";"1";"1";"Puzdrá, sklá a príslušenstvo pre mobily";"Puzdrá, sklá a príslušenstvo pre mobily";"prislusenstvo-pre-mobilne-telefony";"<p>Najširšia ponuka príslušenstva pre mobilné telefóny – puzdrá, tvrdené ochranné sklá, nabíjačky a držiaky na mobil, prevažne značka ALI.</p>";"";"Puzdrá, tvrdené sklá a príslušenstvo pre mobily | PremiumStore.sk";"Puzdrá a kryty, tvrdené ochranné sklá, držiaky do auta a káble pre mobilné telefóny všetkých bežných značiek."
"";"";"prislusenstvo-pre-mobilne-telefony";"0";"1";"1";"1";"Powerbanky";"Powerbanky";"powerbanky";"<p>Powerbanky na dobitie mobilu, tabletu či notebooku mimo zásuvky. Pri výbere sledujte kapacitu (mAh), výstupný výkon a podporu rýchleho nabíjania cez USB-C Power Delivery – tá rozhoduje, ako rýchlo sa zariadenie dobije a či powerbanka zvládne aj notebook.</p><p>Powerbanky sú tu zaradené k mobilnému príslušenstvu, teda tam, kde ich zákazník hľadá, nie medzi zdrojmi energie pre domácnosť.</p>";"";"Powerbanky a záložné nabíjanie mobilov | PremiumStore.sk";"Powerbanky pre mobily, tablety a notebooky – rôzne kapacity, USB-C Power Delivery aj rýchle nabíjanie."
"";"";"pocitace-mobily-a-tablety";"0";"1";"2";"1";"Herné príslušenstvo pre PC";"Herné príslušenstvo pre PC";"herne-prislusenstvo-3";"<p>Herné príslušenstvo pre stolné počítače – herné skrine, joysticky a sady pre letecké/jazdné simulátory, okuliare pre rozšírenú/virtuálnu realitu a chladenie počítača (chladiče, ventilátory).</p>";"";"Herné skrine, simulátory a chladenie počítača | PremiumStore.sk";"Počítačové skrine, joysticky a simulátory (lietanie, jazda), okuliare pre rozšírenú realitu a chladenie počítača."
"";"";"pocitace-mobily-a-tablety";"0";"1";"3";"1";"Nositeľná elektronika";"Nositeľná elektronika";"nositelna-elektronika-2";"<p>Nositeľná elektronika – smart hodinky a smart prstene (smart ringy) na sledovanie zdravia, spánku a aktivity, značky COLMI, Armodd a Samsung, doplnené o Bluetooth lokátory (trackery) FIXED a ALI MiTag.</p>";"";"Smart hodinky a smart prstene COLMI, Armodd | PremiumStore.sk";"Smart hodinky a smart prstene (smart ringy) na sledovanie zdravia a aktivity, značky COLMI, Armodd a Samsung."
"";"";"pocitace-mobily-a-tablety";"0";"1";"4";"1";"Tlačiarne, skenery a spotrebný materiál";"Tlačiarne, skenery a spotrebný materiál";"tlaciarne-a-skenery-2";"<p>Tlačiarne a skenery vrátane multifunkčných zariadení, značky CANON, EPSON a BROTHER, doplnené o alternatívne atramenty a tonery KMP.</p>";"";"Tlačiarne a atramenty CANON, EPSON, BROTHER | PremiumStore.sk";"Multifunkčné a atramentové tlačiarne, atramenty a tonery, značky CANON, EPSON, BROTHER a KMP."
"";"";"pocitace-mobily-a-tablety";"0";"1";"5";"1";"Smart telefóny";"Smart telefóny";"smart-telefony-2";"<p>Smartfóny – najmä Samsung Galaxy (vrátane radu S25), doplnené o Xiaomi, POCO, MOTOROLA a Apple.</p>";"";"Smartfóny Samsung Galaxy, Xiaomi | PremiumStore.sk";"Smartfóny Samsung Galaxy (aj S25), Xiaomi, POCO, MOTOROLA a Apple."
"";"";"pocitace-mobily-a-tablety";"0";"1";"6";"1";"WiFi routery a sieťové karty";"WiFi routery a sieťové karty";"sietove-prvky-2";"<p>Sieťové prvky pre domácu aj firemnú sieť – WiFi routery, sieťové karty a switche, značky TP-LINK, D-LINK, MERCUSYS a XIAOMI.</p>";"";"WiFi routery a switche TP-LINK, D-LINK | PremiumStore.sk";"WiFi routery, sieťové karty a switche, značky TP-LINK, D-LINK, MERCUSYS a XIAOMI."
"";"";"pocitace-mobily-a-tablety";"0";"1";"7";"1";"Kancelária a škola";"Kancelária a škola";"kancelaria-a-skola";"<p>Kancelárske a školské potreby – prenosné tlačiarne štítkov značky Niimbot, fototlačiarne a základné školské potreby.</p>";"";"Tlačiarne štítkov Niimbot a fototlačiarne | PremiumStore.sk";"Prenosné tlačiarne štítkov Niimbot, fototlačiarne a školské potreby."
"";"";"pocitace-mobily-a-tablety";"0";"1";"8";"1";"Pamäťové médiá";"Pamäťové médiá";"pamatove-media-2";"<p>Pamäťové médiá na prenos aj zálohovanie dát – <a href=""/externe-disky-2/"">externé disky</a>, <a href=""/usb-kluce/"">USB kľúče</a> a <a href=""/pamatove-karty-6/"">pamäťové karty</a> microSD a SDXC. Značky Kingston, Verbatim, Lexar a Samsung.</p>";"";"Pamäťové médiá – disky, USB kľúče, karty | PremiumStore.sk";"Externé disky, USB kľúče a pamäťové karty microSD a SDXC. Kingston, Verbatim, Lexar, Samsung."
"";"";"pamatove-media-2";"0";"1";"1";"1";"Pamäťové karty";"Pamäťové karty";"pamatove-karty-6";"<p>Pamäťové karty microSD a SD pre telefóny, tablety, fotoaparáty a akčné kamery, značky Samsung a Lexar Professional.</p>";"";"MicroSD a SD pamäťové karty Samsung, Lexar | PremiumStore.sk";"MicroSD a SD pamäťové karty pre telefóny, tablety a fotoaparáty, značky Samsung a Lexar."
"";"";"pamatove-media-2";"0";"1";"2";"1";"Externé disky";"Externé disky";"externe-disky-2";"<p>Externé pevné disky a SSD na zálohovanie a prenos väčších objemov dát, s pripojením USB 3.0 aj USB-C.</p>";"";"Externé disky a SSD na zálohovanie | PremiumStore.sk";"Externé pevné disky a SSD na zálohovanie a prenos dát, USB 3.0 aj USB-C."
"";"";"pamatove-media-2";"0";"1";"3";"1";"USB kľúče";"USB kľúče";"usb-kluce";"<p>USB kľúče (pendrive) od 32 do 256 GB s konektorom USB-A aj USB-C, vrátane modelov s čítačkou odtlačku prsta. Značky Lexar, Kingston a Verbatim.</p>";"";"USB kľúče a flash disky | PremiumStore.sk";"USB kľúče 32 až 256 GB, USB 3.0 aj USB-C, aj modely s čítačkou odtlačku. Lexar, Kingston, Verbatim."
"";"";"pocitace-mobily-a-tablety";"0";"1";"9";"1";"Tablety";"Tablety";"tablety-4";"<p>Tablety pre prácu aj zábavu, značky LENOVO (rad TAB PLUS), Xiaomi/Redmi a Samsung.</p>";"";"Tablety LENOVO, Xiaomi, Samsung | PremiumStore.sk";"Android tablety Lenovo, Xiaomi Redmi a Samsung na prácu, štúdium, filmy aj hranie. Porovnajte veľkosť displeja, pamäť, výkon a mobilné pripojenie."
"";"";"pocitace-mobily-a-tablety";"0";"1";"10";"1";"Herné konzoly";"Herné konzoly";"herne-zariadenia-2";"<p>Herné konzoly Nintendo Switch a PlayStation 5 vrátane hier, ovládačov (Joy-Con) a príslušenstva ku konzolám.</p>";"";"Konzoly Nintendo Switch a PS5 | PremiumStore.sk";"Herné konzoly a hry Nintendo Switch, PS5, ovládače a príslušenstvo ku konzolám."
"";"";"pocitace-mobily-a-tablety";"0";"1";"11";"1";"Mini PC";"Mini PC";"mini-pc-2";"<p>Kompaktné mini PC (barebone aj s vstavaným SSD/RAM) pre domácnosť, kanceláriu aj domácu serverovňu, značky GMKtec a Minisforum.</p>";"";"Mini PC GMKtec, Minisforum | PremiumStore.sk";"Kompaktné mini počítače pre domácnosť aj kanceláriu, značky GMKtec a Minisforum."
"";"";"pocitace-mobily-a-tablety";"0";"1";"12";"1";"Prenosné monitory";"Prenosné monitory";"prenosne-monitory-2";"<p>Prenosné monitory pripojiteľné k notebooku alebo telefónu cez USB-C, značka Arzopa, doplnené o ZEUSLAP a ANMITE, v uhlopriečkach 15,6"" a 17,3"".</p>";"";"Prenosné monitory Arzopa | PremiumStore.sk";"Prenosné USB-C monitory k notebooku, značka Arzopa, v rôznych uhlopriečkach."
"";"";"pocitace-mobily-a-tablety";"0";"1";"13";"1";"USB káble";"USB káble";"usb-kable-4";"<p>USB-C, USB-A a Lightning nabíjacie/dátové káble rôznych dĺžok, prevažne značka Baseus.</p>";"";"USB-C a Lightning káble Baseus | PremiumStore.sk";"USB-C a Lightning nabíjacie káble rôznych dĺžok, značka Baseus."
"";"";"pocitace-mobily-a-tablety";"0";"1";"14";"1";"Nabíjačky pre mobily";"Nabíjačky pre mobily";"nabijacky-pre-mobily";"<p>Nabíjačky na telefón a tablet na jednom mieste – sieťové USB a GaN nabíjačky s Power Delivery a Quick Charge, bezdrôtové nabíjačky Qi2 a MagSafe (stolové, vstavané aj cestovné) a nabíjačky do auta. Značky EMOS, Solight, Kruger&Matz a BLOW.</p>";"";"Nabíjačky pre mobily – USB, bezdrôtové, do auta | PremiumStore.sk";"Sieťové USB a GaN nabíjačky, bezdrôtové Qi2 a MagSafe nabíjačky aj nabíjačky do auta. EMOS, Solight, Kruger&Matz."
"";"";"pocitace-mobily-a-tablety";"0";"1";"15";"1";"Grafické tablety";"Grafické tablety";"graficke-tablety-3";"<p>Grafické tablety na digitálne kreslenie, ilustráciu a grafický dizajn, prevažne značka Huion, v rôznych veľkostiach pracovnej plochy.</p>";"";"Grafické tablety Huion | PremiumStore.sk";"Grafické tablety pre digitálne kreslenie a ilustráciu, značka Huion."
"";"";"pocitace-mobily-a-tablety";"0";"1";"16";"1";"Webkamery";"Webkamery";"webkamery-3";"<p>Webkamery pre videohovory a streamovanie, vrátane pokročilých PTZ konferenčných kamier so sledovaním osoby, značky OBSBOT a EMEET.</p>";"";"Webkamery a konferenčné kamery OBSBOT | PremiumStore.sk";"Webkamery a PTZ konferenčné kamery OBSBOT a EMEET pre videohovory, online výučbu a streamovanie. Vyberte rozlíšenie, zorný uhol a sledovanie osoby."
"";"";"pocitace-mobily-a-tablety";"0";"1";"17";"1";"Notebooky";"Notebooky";"notebooky-2";"<p>Notebooky pre prácu, štúdium aj hranie – značky Apple, ASUS, LENOVO, MSI a UMAX.</p>";"";"Notebooky Apple, ASUS, LENOVO | PremiumStore.sk";"Notebooky značiek Apple, ASUS, LENOVO, MSI a UMAX pre prácu, štúdium aj hranie."
"";"";"pocitace-mobily-a-tablety";"0";"1";"18";"1";"PC periférie";"PC periférie";"pc-periferie-2";"<p>Počítačové periférie – myši a klávesnice vrátane herných setov, značky Niceboy, Rapoo, Marvo a Razer.</p>";"";"Herné myši a klávesnice Niceboy, Rapoo | PremiumStore.sk";"Počítačové myši a klávesnice, aj herné súpravy, značky Niceboy, Rapoo, Marvo a Razer."
"";"";"pocitace-mobily-a-tablety";"0";"1";"19";"1";"Selfie tyče a statívy pre telefóny";"Selfie tyče a statívy pre telefóny";"selfie-tyce-4";"<p>Selfie tyče, statívy a modulárne držiaky pre telefón, tablet aj projektor, značky Nillkin a Blitzwolf.</p>";"";"Statívy a držiaky pre telefón a tablet Nillkin | PremiumStore.sk";"Selfie tyče, statívy a modulárne držiaky pre telefón, tablet aj projektor, značky Nillkin a Blitzwolf."
"";"";"pocitace-mobily-a-tablety";"0";"1";"20";"1";"Akumulátory a batérie do elektroniky";"Akumulátory a batérie do elektroniky";"akumulatory--baterie-2";"<p>Nabíjacie AA a AAA batérie (akumulátory) a nabíjačky k nim, značky LINOGY a Jupio – náhrada za jednorazové batérie do bežnej elektroniky.</p>";"";"Nabíjacie AA batérie a akumulátory | PremiumStore.sk";"Nabíjacie AA/AAA batérie a akumulátory pre bežnú elektroniku, značky LINOGY a Jupio."
"";"";"pocitace-mobily-a-tablety";"0";"1";"21";"1";"NAS servery a sieťové úložiská";"NAS servery a sieťové úložiská";"sietove-zariadenia-2";"<p>NAS súborové servery (sieťové úložiská) pre zálohovanie a zdieľanie dát v domácnosti či firme, značka TERRAMASTER, v 2 až 4-diskových prevedeniach.</p>";"";"NAS servery TERRAMASTER | PremiumStore.sk";"NAS súborové servery pre domácu aj firemnú zálohu dát, značka TERRAMASTER."
"";"";"pocitace-mobily-a-tablety";"0";"1";"22";"1";"Rackové skrine – príslušenstvo";"Rackové skrine – príslušenstvo";"rackove-skrine-a-prislusenstvo-2";"<p>Príslušenstvo k serverovým RACK skriniam – ventilačné panely s ventilátormi, patch panely a predlžovacie zásuvky do racku.</p>";"";"Ventilačné panely a patch panely do RACK skríň | PremiumStore.sk";"Ventilačné panely, patch panely a predlžovacie zásuvky do serverových RACK skríň."
"";"";"pocitace-mobily-a-tablety";"0";"1";"23";"1";"Monitory";"Monitory";"monitory-2";"<p>Monitory k počítaču a notebooku – herné monitory s vysokou obnovovacou frekvenciou, kancelárske a ultraširoké modely. Značky Samsung, MSI, Acer, iiyama a Verbatim. Ak hľadáte monitor na cesty, pozrite <a href=""/prenosne-monitory-2/"">prenosné monitory</a>; projektory nájdete v kategórii <a href=""/projektory-4/"">Projektory</a>.</p>";"";"Monitory k počítaču – herné a kancelárske | PremiumStore.sk";"LCD a herné monitory Samsung, MSI, Acer, iiyama a Verbatim pre prácu aj hranie."
"";"";"pocitace-mobily-a-tablety";"0";"1";"24";"1";"Disky a pamäťové karty pre NVR";"Disky a pamäťové karty pre NVR";"disky-a-pamatove-karty-2";"<p>Pevné disky (HDD) špeciálne určené na nepretržitý 24/7 záznam z kamerových systémov a NVR rekordérov – značky Seagate SkyHawk a Western Digital Purple.</p>";"";"HDD disky Seagate SkyHawk pre kamerové systémy | PremiumStore.sk";"Pevné disky určené pre nepretržitý záznam z kamerových systémov, značky Seagate SkyHawk a Western Digital Purple."
"";"";"pocitace-mobily-a-tablety";"0";"1";"25";"1";"Predlžovacie a rozbočovacie zásuvky k PC";"Predlžovacie a rozbočovacie zásuvky k PC";"predlzovacie-a-rozbocovacie-zasuvky";"<p>Predlžovacie a rozbočovacie zásuvky kombinujúce klasické 230V výstupy s USB-A/USB-C portmi, vhodné k počítačovej zostave. Značka BlitzWolf.</p>";"";"Rozbočovacie zásuvky s USB portmi BlitzWolf | PremiumStore.sk";"Predlžovacie a rozbočovacie zásuvky s AC aj USB výstupmi pre počítačovú zostavu, značka BlitzWolf."
"";"";"pocitace-mobily-a-tablety";"0";"1";"26";"1";"Cestovné a VPN routery";"Cestovné a VPN routery";"cestovne-a-vpn-routery";"<p>Malé cestovné routery GL.iNet so zabudovaným VPN klientom – pripoja vás bezpečne na hotelovej či kempingovej Wi-Fi, zdieľajú mobilné dáta a zvládnu aj domácu sieť na chate. Vyberajte podľa Wi-Fi štandardu, podpory 5G a podporovaných VPN protokolov. Bežné domáce routery a switche nájdete v kategórii <a href=""/sietove-prvky-2/"">WiFi routery a sieťové karty</a>.</p>";"";"Cestovné a VPN Wi-Fi routery GL.iNet | PremiumStore.sk";"Cestovné a VPN Wi-Fi routery GL.iNet pre bezpečné pripojenie doma, na chate aj na cestách. Vyberte podľa 5G, Wi-Fi štandardu a VPN funkcií."
"";"";"pocitace-mobily-a-tablety";"0";"1";"27";"1";"Herné kreslá";"Herné kreslá";"herne-kresla-2";"<p>Herné kreslá s nastaviteľným operadlom a bedrovou opierkou pre pohodlné dlhé hranie, značka KRUGER&MATZ.</p>";"";"Herné kreslá KRUGER&MATZ | PremiumStore.sk";"Herné kreslá s nastaviteľným operadlom, značka KRUGER&MATZ."
"";"";"pocitace-mobily-a-tablety";"0";"1";"28";"1";"Čítačky pamäťových kariet";"Čítačky pamäťových kariet";"citacky-kariet-2";"<p>USB čítačky pamäťových kariet (SD, microSD), značka Lexar, vrátane duálnych USB-A/USB-C modelov.</p>";"";"Čítačky SD a microSD kariet Lexar | PremiumStore.sk";"USB čítačky pamäťových kariet SD a microSD, značka Lexar."
"";"";"pocitace-mobily-a-tablety";"0";"1";"29";"1";"Herné ovládače pre mobily";"Herné ovládače pre mobily";"herne-ovladace-4";"<p>Herné ovládače pre mobilné telefóny – bezdrôtové gamepady s klipom na telefón, značka GameSir, pre pohodlné hranie mobilných hier.</p>";"";"Bluetooth herné ovládače pre smartfóny GameSir | PremiumStore.sk";"Bezdrôtové herné ovládače (gamepady) s držiakom na telefón pre mobilné hranie, značka GameSir."
"";"";"pocitace-mobily-a-tablety";"0";"1";"30";"1";"Tlačidlové telefóny";"Tlačidlové telefóny";"tlacidlove-telefony";"<p>Jednoduché tlačidlové telefóny vhodné pre seniorov aj deti, značky Aligator a Evolveo.</p>";"";"Tlačidlové telefóny Aligator, Evolveo | PremiumStore.sk";"Jednoduché tlačidlové telefóny pre seniorov aj deti, značky Aligator a Evolveo."
"";"";"pocitace-mobily-a-tablety";"0";"1";"31";"1";"Dokovacie stanice";"Dokovacie stanice";"dokovacie-stanice-2";"<p>USB-C dokovacie stanice pre notebooky a tablety – rozšíria počítač o ďalšie porty (HDMI, USB, sieť) a umožňujú rýchle nabíjanie cez jeden kábel.</p>";"";"USB-C dokovacie stanice | PremiumStore.sk";"USB-C dokovacie stanice pre notebooky a tablety s viacerými výstupmi a rýchlym nabíjaním."
"";"";"pocitace-mobily-a-tablety";"0";"1";"32";"1";"Príslušenstvo k notebookom";"Príslušenstvo k notebookom";"prislusenstvo-k-notebookom-2";"<p>Čistiace prípravky pre notebooky – čistiaci gél Cyber Clean na klávesnice a medzery, kam sa bežná handrička nedostane.</p>";"";"Čistiace prípravky na obrazovky Cyber Clean | PremiumStore.sk";"Čistiace gély a prípravky na klávesnice a obrazovky notebookov, značka Cyber Clean."
"";"";"";"0";"1";"4";"1";"Dielňa, náradie a záhrada";"Dielňa, náradie a záhrada";"dielna-a-zahrada";"<p>Kompletné vybavenie dielne aj záhrady – ručné a elektrické náradie, meracia technika od multimetrov po termokamery, spájkovacia technika, elektronické súčiastky, dielenská chémia a ochranné pomôcky, záhradné náradie, zavlažovanie a bazénová technika.</p>";"";"Náradie, dielenské vybavenie a záhrada | PremiumStore.sk";"Ručné a elektrické náradie, meracia a spájkovacia technika, elektronické súčiastky, vybavenie dielne a záhrada."
"";"";"dielna-a-zahrada";"0";"1";"1";"1";"Ručné a elektrické náradie";"Ručné a elektrické náradie";"rucne-a-elektricke-naradie";"<p>Náradie do dielne aj na stavbu – mechanické a akumulátorové náradie, náradie na brúsenie, vŕtanie, rezanie a pilovanie, kompletné sady náradia, stavebné a maliarske náradie, lepiace a horúcovzdušné pištole aj pneumatické náradie.</p>";"";"Ručné a elektrické náradie do dielne | PremiumStore.sk";"Mechanické a AKU náradie, brúsenie, vŕtanie a rezanie, sady náradia, stavebné a pneumatické náradie."
"";"";"rucne-a-elektricke-naradie";"0";"1";"1";"1";"Mechanické náradie";"Mechanické náradie";"mechanicke-naradie";"<p>Ručné mechanické náradie – kľúče, kliešte, gola sady s nástrčnými hlavicami a ich príslušenstvom, sťahováky a skrutkovače s bitmi. Základ pre mechanikov, autoservisy aj domácu dielňu.</p>";"";"Kľúče, kliešte a gola sady náradia | PremiumStore.sk";"Kľúče, kliešte, gola sady a príslušenstvo, sťahováky a nástrčné hlavice pre mechanikov aj domácich kutilov."
"";"";"rucne-a-elektricke-naradie";"0";"1";"2";"1";"Náradie pre brúsenie, vŕtanie, rezanie a pilovanie";"Náradie pre brúsenie, vŕtanie, rezanie a pilovanie";"naradie-pre-brusenie--vrtanie--rezanie-a-pilovanie";"<p>Spotrebné príslušenstvo k elektrickému náradiu – vrtáky, rezacie a brúsne kotúče, brúsivo (brúsne papiere) a pilníky. Vyberte podľa priemeru/rozmeru a typu opracovávaného materiálu.</p>";"";"Vrtáky, brúsivo a rezacie kotúče | PremiumStore.sk";"Vrtáky, brúsne a rezacie kotúče, brúsivo a pilníky pre elektrické náradie."
"";"";"rucne-a-elektricke-naradie";"0";"1";"3";"1";"Stavebné a maliarske náradie";"Stavebné a maliarske náradie";"stavebne-a-maliarske-naradie";"<p>Stavebné a maliarske náradie – štetce, valčeky a špachtle na maliarske práce, murárske nástroje aj rezače a odhrotovače trubiek na inštalatérske práce.</p>";"";"Maliarske a murárske náradie | PremiumStore.sk";"Štetce, valčeky, špachtle a murárske nástroje, rezače a odhrotovače trubiek."
"";"";"rucne-a-elektricke-naradie";"0";"1";"4";"1";"Sady náradia";"Sady náradia";"sady-naradia";"<p>Kompletné sady ručného a elektrického náradia a príslušenstvo pre stroje a náradie – značky Sixtol, Güde, BAHCO a Extol. Vhodné ako základná výbava dielne.</p>";"";"Sady ručného náradia a príslušenstvo | PremiumStore.sk";"Sady ručného a elektrického náradia, príslušenstvo pre stroje a náradie, značky Sixtol, Güde a BAHCO."
"";"";"rucne-a-elektricke-naradie";"0";"1";"5";"1";"Lepiace a horúcovzdušné pištole";"Lepiace a horúcovzdušné pištole";"lepiace-a-horucovzdusne-pistole";"<p>Elektrické lepiace (tavné) pištole a náhradné tavné tyčinky – vrátane farebných a trblietavých variantov pre kreatívne práce.</p>";"";"Tavné lepiace pištole a náplne | PremiumStore.sk";"Elektrické lepiace (tavné) pištole a náhradné tyčinky rôznych farieb a priemerov."
"";"";"rucne-a-elektricke-naradie";"0";"1";"6";"1";"Aku náradie a batérie";"Aku náradie a batérie";"rucne-aku-naradie";"<p>Akumulátorové ručné náradie a všetko, čo k nemu patrí – akumulátorové píly a záhradné nožnice, náhradné Li-Ion batérie 21V s kapacitou 2, 4 a 6 Ah a náhradné diely: reťaze, lišty a čeľuste.</p>";"";"Aku náradie, batérie a náhradné diely | PremiumStore.sk";"Akumulátorové píly a záhradné nožnice, Li-Ion batérie 21V, náhradné reťaze, lišty a čeľuste."
"";"";"rucne-a-elektricke-naradie";"0";"1";"7";"1";"Pneumatické náradie";"Pneumatické náradie";"pneumaticke-naradie";"<p>Pneumatické náradie a príslušenstvo ku kompresorom – vzduchové hadice, pneumatické ráčne a rýchlospojky.</p>";"";"Pneumatické náradie a vzduchové hadice | PremiumStore.sk";"Vzduchové hadice, pneumatické ráčne a rýchlospojky pre dielenské kompresory."
"";"";"dielna-a-zahrada";"0";"1";"2";"1";"Záhrada a bazén";"Záhrada a bazén";"zahrada";"<p>Vybavenie na záhradu aj k bazénu – záhradné náradie a doplnky, pestovateľské lampy a prípravky, zavlažovacie systémy, odpudzovače a lapače škodcov, zariadenia na čistenie bazénov a náhradné diely pre záhradné stroje.</p>";"";"Záhradné náradie, zavlažovanie a bazény | PremiumStore.sk";"Záhradné náradie a doplnky, zavlažovacie systémy, odpudzovače škodcov, čistenie bazénov a náhradné diely."
"";"";"zahrada";"0";"1";"1";"1";"Záhradné doplnky";"Záhradné doplnky";"zahradne-doplnky";"<p>Rôznorodé záhradné doplnky – bazény a ich príslušenstvo, pestovateľské LED lampy (grow lights), záhradné rukavice, prípravky na ochranu rastlín, zavlažovacie doplnky a tieniace plachty.</p>";"";"Bazény, pestovateľské LED lampy a záhradné rukavice | PremiumStore.sk";"Bazény a doplnky, pestovateľské LED lampy, záhradné rukavice, zavlažovanie a plachty."
"";"";"zahrada";"0";"1";"2";"1";"Odpudzovače škodcov";"Odpudzovače škodcov";"odpudzovace-a-lapace-hmyzu";"<p>Odpudzovače a návnady proti záhradným a domovým škodcom – krtkom, hlodavcom (myši, potkany) aj hmyzu, najmä značka BROS.</p>";"";"Odpudzovače krtkov, hlodavcov a hmyzu BROS | PremiumStore.sk";"Odpudzovače a návnady proti krtkom, hlodavcom a hmyzu, značka BROS."
"";"";"zahrada";"0";"1";"3";"1";"Náhradné diely pre záhradné stroje";"Náhradné diely pre záhradné stroje";"nahradne-diely-pre-zahradne-stroje";"<p>Náhradné diely a spotrebný materiál pre záhradné stroje – struny a kotúče do krovinorezov, trysky a tesnenia pre postrekovače.</p>";"";"Struny a náhradné diely pre krovinorezy | PremiumStore.sk";"Struny, kotúče a náhradné diely pre krovinorezy a záhradné postrekovače."
"";"";"zahrada";"0";"1";"4";"1";"Záhradné náradie";"Záhradné náradie";"zahradne-naradie-2";"<p>Ručné záhradné náradie – hrable, záhradné nožnice a ďalšie základné náradie na údržbu záhrady, najmä značka Fiskars.</p>";"";"Hrable, záhradné nožnice a náradie Fiskars | PremiumStore.sk";"Hrable, záhradné nožnice a ručné záhradné náradie, značka Fiskars."
"";"";"zahrada";"0";"1";"5";"1";"Záhradné zavlažovacie systémy";"Záhradné zavlažovacie systémy";"zahradne-zavlazovacie-systemy";"<p>Inteligentné zavlažovacie ovládače s ovládaním cez mobilnú aplikáciu, značka RainPoint – pre jednu zónu aj viaczónové systémy.</p>";"";"Inteligentné zavlažovacie ovládače RainPoint | PremiumStore.sk";"Inteligentné zavlažovacie ovládače s aplikáciou, značka RainPoint, pre 1 aj viac zavlažovacích zón."
"";"";"zahrada";"0";"1";"6";"1";"Zariadenia na čistenie bazénov";"Zariadenia na čistenie bazénov";"zariadenia-na-cistenie-bazenov";"<p>Bezdrôtové (akumulátorové) roboty na automatické čistenie bazénov, najmä značka Wybot.</p>";"";"Roboty na čistenie bazénov Wybot | PremiumStore.sk";"Bezdrôtové bazénové roboty Wybot na pravidelné čistenie dna a stien bazéna. Vyberte model podľa typu bazéna, plochy a výdrže batérie."
"";"";"dielna-a-zahrada";"0";"1";"3";"1";"Meracia technika";"Meracia technika";"meracie-technika";"<p>Kompletná meracia technika pre elektrikárov, servisných technikov aj stavbárov. Nájdete tu multimetre a kliešťové merače, laserové diaľkomery a nivelačné prístroje, infrateplomery a termokamery, detektory vedení, testery elektroinštalácie, osciloskopy a laboratórne zdroje aj prístroje na meranie neelektrických veličín (hluk, vlhkosť, prúdenie vzduchu).</p><p>Najsilnejšie zastúpené značky sú UNI-T (profesionálne meracie prístroje), Ermenrich (lasery, nivelácia, endoskopy), ďalej EMOS, Solight, Habotest a FNIRSI. Vyberte si podkategóriu podľa toho, akú veličinu potrebujete merať.</p>";"";"Meracia technika – multimetre, lasery, termokamery | PremiumStore.sk";"Meracie prístroje UNI-T a Ermenrich – multimetre, laserové diaľkomery, termokamery, detektory, osciloskopy aj nivelačné prístroje."
"";"";"meracie-technika";"0";"1";"1";"1";"Multimetre a kliešťové merače";"Multimetre a kliešťové merače";"multimetre-a-kliestove-merace";"<p>Digitálne multimetre a kliešťové merače prúdu na meranie napätia, prúdu, odporu, kapacity a testovanie diód. Najviac zastúpená je značka UNI-T (rady UT202, UT219M PRO Line a ďalšie), doplnená o multimetre EMOS a Solight vrátane profesionálnych True RMS modelov.</p><p>Kliešťový merač zvoľte vtedy, keď potrebujete merať prúd bez rozpojenia obvodu; klasický multimeter pri servisnej a dielenskej práci s priamym prístupom k vodičom.</p>";"";"Multimetre a kliešťové merače UNI-T, EMOS, Solight | PremiumStore.sk";"Digitálne multimetre a kliešťové merače prúdu UNI-T, EMOS a Solight – True RMS modely, meranie napätia, prúdu, odporu aj test diódy."
"";"";"meracie-technika";"0";"1";"2";"1";"Meranie neelektrických veličín";"Meranie neelektrických veličín";"meranie-neelektrickych-velicin";"<p>Meracie prístroje pre veličiny mimo elektriny: hlukomery (decibelmetre), vlhkomery na drevo a stavebné materiály, termohygrometre, anemometre na prúdenie vzduchu, luxmetre na intenzitu osvetlenia a bezkontaktné otáčkomery. Najviac je zastúpená značka UNI-T (rady UT333, UT353), ďalej Habotest.</p><p>Tieto prístroje sa využívajú pri kolaudáciách, meraní vnútorného prostredia budov, kontrole vlhkosti stavieb aj pri servise vzduchotechniky.</p>";"";"Hlukomery, vlhkomery, anemometre a luxmetre UNI-T | PremiumStore.sk";"Prístroje na meranie neelektrických veličín – hlukomery, vlhkomery, anemometre, luxmetre a otáčkomery UNI-T a Habotest."
"";"";"meracie-technika";"0";"1";"3";"1";"Detektory a lokátory";"Detektory a lokátory";"detektory";"<p>Detektory a lokátory na vyhľadávanie skrytých vedení a konštrukcií v stenách – elektrické vedenie pod napätím, kovy, výstuž aj drevené trámy. V ponuke sú detektory napätia a skúšačky EMOS (rad VT), nástenné skenery a detektory kovov Ermenrich, plus detektory únikov plynu.</p><p>Detektor použite vždy pred vŕtaním do steny – je to najlacnejšia poistka proti prevŕtaniu elektroinštalácie alebo vodovodného potrubia.</p>";"";"Detektory vedení, kovov a napätia – EMOS, Ermenrich | PremiumStore.sk";"Detektory elektrického vedenia, kovov, drevených trámov a napätia značiek EMOS a Ermenrich – bezpečné vŕtanie do stien."
"";"";"meracie-technika";"0";"1";"4";"1";"Testery a skúšačky";"Testery a skúšačky";"testery-a-skusacky";"<p>Testery na kontrolu elektroinštalácie a jej bezpečnosti: testery zásuviek a prúdových chráničov (RCD), merače zemného a izolačného odporu, testery sieťových káblov aj testery kvality ovzdušia. Prevažuje značka UNI-T (rady UT07B-EU, UT572), doplnená o skúšačky napätia EMOS a Solight.</p><p>Skúšačka napätia je základné bezpečnostné vybavenie pred každým zásahom do elektroinštalácie; tester zásuviek odhalí zámenu vodičov a chýbajúce uzemnenie za pár sekúnd.</p>";"";"Testery elektroinštalácie a skúšačky napätia UNI-T | PremiumStore.sk";"Testery zásuviek a RCD, merače zemného odporu a izolačného odporu UNI-T, skúšačky napätia EMOS a Solight."
"";"";"meracie-technika";"0";"1";"5";"1";"Infrateplomery a termokamery";"Infrateplomery a termokamery";"infrateplomery-a-termokamery";"<p>Bezkontaktné meranie teploty – od jednoduchých infrateplomerov (pyrometrov) po termokamery so zobrazením tepelného obrazu. Dominuje značka UNI-T (termokamery radu UTi, bezkontaktné teplomery UT309), doplnená o teplomery Solight.</p><p>Infrateplomer meria teplotu v jednom bode a stačí na rýchlu kontrolu; termokamera ukáže celú plochu naraz, čo je nevyhnutné pri hľadaní tepelných mostov, prehrievajúcich sa svoriek a porúch vo vykurovaní.</p>";"";"Termokamery a infrateplomery UNI-T, Solight | PremiumStore.sk";"Bezkontaktné infrateplomery a termokamery UNI-T (rad UTi, UT309) a Solight – kontrola úniku tepla, prehrievania rozvádzačov a strojov."
"";"";"meracie-technika";"0";"1";"6";"1";"Meracie lasery a diaľkomery";"Meracie lasery a diaľkomery";"meracie-lasery";"<p>Laserové diaľkomery na rýchle meranie vzdialenosti, plochy a objemu bez pásma, plus laserové vodováhy a krížové lasery pre presné vyznačenie roviny. V ponuke prevažujú značky Ermenrich (rady LG, PRO LR) a UNI-T (rad LM).</p><p>Pri výbere diaľkomera sledujte hlavne dosah a presnosť merania; pri laserovej vodováhe počet premietaných línií a to, či pracuje aj vo vonkajšom prostredí.</p>";"";"Laserové diaľkomery a meracie lasery Ermenrich | PremiumStore.sk";"Laserové diaľkomery a meracie lasery Ermenrich a UNI-T – meranie vzdialenosti, plochy a objemu, laserové vodováhy a krížové lasery."
"";"";"meracie-technika";"0";"1";"7";"1";"Meradlá a meracie pásma";"Meradlá a meracie pásma";"meradla-a-meracie-pasma";"<p>Klasické mechanické meradlá na dĺžkové meranie – predovšetkým pozemné meracie pásma Ermenrich radu Reel (SE, SH, SX) v rôznych dĺžkach a prevedeniach.</p><p>Meracie pásmo je stále najspoľahlivejšia voľba v teréne, kde laserový diaľkomer nemá na čo zamerať alebo mu prekáža priame slnko.</p>";"";"Meracie pásma a meradlá Ermenrich | PremiumStore.sk";"Pozemné meracie pásma Ermenrich (rad Reel) a ďalšie mechanické meradlá na dĺžkové meranie v teréne aj v dielni."
"";"";"meracie-technika";"0";"1";"8";"1";"Nivelačné prístroje";"Nivelačné prístroje";"nivelacne-pristroje";"<p>Nivelačné prístroje na presné výškové zameranie pri stavebných a terénnych prácach. V ponuke sú optické nivelačné prístroje (rad Ermenrich PL) aj laserové nivelačné prístroje (Ermenrich PRO LV, BASE LT).</p><p>Optický nivelačný prístroj je presnejší na dlhé vzdialenosti a nevyžaduje batérie; laserový nivelák je rýchlejší a zvládne ho obsluhovať jeden človek.</p>";"";"Nivelačné prístroje – optické a laserové Ermenrich | PremiumStore.sk";"Optické a laserové nivelačné prístroje Ermenrich (PL, PRO LV, BASE LT) na presné výškové zameranie na stavbe aj v teréne."
"";"";"meracie-technika";"0";"1";"9";"1";"Príslušenstvo k meracej technike";"Príslušenstvo k meracej technike";"prislusenstvo-k-meracej-technike";"<p>Náhradné a doplnkové príslušenstvo k meracím prístrojom: teplotné sondy (UNI-T rad T09K), meracie hroty a sady hrotov (UT-L30, UT-L33), meracie káble, kliešte a puzdrá.</p><p>Vhodné príslušenstvo často rozširuje možnosti existujúceho multimetra viac než kúpa nového prístroja – napríklad teplotná sonda z neho urobí aj teplomer.</p>";"";"Príslušenstvo k meracím prístrojom – sondy a hroty | PremiumStore.sk";"Príslušenstvo k meracej technike UNI-T – teplotné sondy, meracie hroty a sady, meracie káble a puzdrá."
"";"";"meracie-technika";"0";"1";"10";"1";"Osciloskopy, generátory a laboratórne zdroje";"Osciloskopy, generátory a laboratórne zdroje";"osciloskopy-a-generatory";"<p>Stolové aj prenosné prístroje pre vývoj a servis elektroniky: digitálne osciloskopy (UNI-T rady UTD, UPO, prenosné FNIRSI), funkčné a signálové generátory (UNI-T UTG) a laboratórne napájacie zdroje s regulovateľným napätím a prúdom (UNI-T UTP, UDP).</p><p>Pri osciloskope je kľúčová šírka pásma a počet kanálov, pri laboratórnom zdroji rozsah napätia/prúdu a počet nezávislých výstupov.</p>";"";"Osciloskopy, generátory a laboratórne zdroje UNI-T | PremiumStore.sk";"Digitálne osciloskopy, funkčné generátory a laboratórne napájacie zdroje UNI-T (UTD, UPO, UTG, UTP) a FNIRSI pre elektroniku a servis."
"";"";"meracie-technika";"0";"1";"11";"1";"Merače TV a satelitného signálu";"Merače TV a satelitného signálu";"merace-tv-a-satelitneho-signalu";"<p>Merače signálu pre inštaláciu a nastavenie satelitného (DVB-S/S2), pozemného (DVB-T/T2) a káblového (DVB-C) príjmu, vrátane náhradných batérií a napájacích zdrojov k meračom značiek AB CryptoBox, MEGASAT a DREAMSKY.</p><p>Merač signálu je nevyhnutný pri presnom nasmerovaní parabolickej antény – podľa oka sa optimálna kvalita signálu nastaviť nedá.</p>";"";"Merače DVB-S/S2/T/T2/C signálu a príslušenstvo | PremiumStore.sk";"Merače satelitného a pozemného TV signálu (DVB-S/S2, DVB-T/T2, DVB-C) a príslušenstvo k nim – batérie a napájacie zdroje."
"";"";"meracie-technika";"0";"1";"12";"1";"Inšpekčné kamery a endoskopy";"Inšpekčné kamery a endoskopy";"inspekcne-kamery-a-endoskopy";"<p>Inšpekčné kamery a priemyselné endoskopy na vizuálnu kontrolu miest, kam sa nedá pozrieť priamo – potrubia, dutiny v stenách, vnútro motorov a prevodoviek. V ponuke sú endoskopy Ermenrich radu Seek VE a UNI-T (UT665).</p><p>Sledujte priemer a dĺžku sondy (určuje, kam sa dostanete), rozlíšenie kamery a to, či je sonda ohybná alebo polotuhá.</p>";"";"Priemyselné endoskopy a inšpekčné kamery UNI-T | PremiumStore.sk";"Priemyselné endoskopy a inšpekčné kamery Ermenrich (rad Seek VE) a UNI-T na kontrolu potrubí, dutín a motorov."
"";"";"dielna-a-zahrada";"0";"1";"4";"1";"Elektronické súčiastky";"Elektronické súčiastky";"elektronicke-suciastky";"<p>Elektronické súčiastky pre kutilov a vývojárov – Arduino dosky a moduly, poistky a poistkové držiaky (vrátane autopoistiek) a priemyselné napájacie zdroje.</p>";"";"Arduino, moduly a poistky | PremiumStore.sk";"Arduino a elektronické moduly, poistky a poistkové držiaky, autopoistky a priemyselné zdroje."
"";"";"dielna-a-zahrada";"0";"1";"5";"1";"Dielenské vybavenie";"Dielenské vybavenie";"dielenske-vybavenie";"<p>Vybavenie dielne – pracovné stoly a úložné systémy, dielenská chémia, sťahovacie pásky a drobné príslušenstvo, ochranné pomôcky a pracovné odevy.</p>";"";"Organizéry, boxy a ultrazvukové čističky | PremiumStore.sk";"Prepravné boxy a organizéry na náradie, regály a ultrazvukové čističky pre dielňu."
"";"";"dielenske-vybavenie";"0";"1";"1";"1";"Ochranné pomôcky a odevy";"Ochranné pomôcky a odevy";"ochranne-pomocky-a-odevy";"<p>Osobné ochranné pomôcky – pracovné rukavice, ochranné okuliare a reflexné doplnky (prívesky, pásky) pre bezpečnú prácu aj pohyb v premávke za zníženej viditeľnosti.</p>";"";"Pracovné rukavice a reflexné doplnky | PremiumStore.sk";"Pracovné rukavice, ochranné okuliare a reflexné doplnky pre bezpečnú prácu aj pohyb za zníženej viditeľnosti."
"";"";"dielenske-vybavenie";"0";"1";"2";"1";"Sťahovacie pásky a drobné príslušenstvo";"Sťahovacie pásky a drobné príslušenstvo";"stahovacie-pasky-a-drobne-prislusenstvo";"<p>Drobné spojovacie a upevňovacie príslušenstvo – sťahovacie (káblové) pásky rôznych dĺžok a farieb, izolačné pásky, hadicové spony a zámky.</p>";"";"Sťahovacie pásky a izolačné pásky | PremiumStore.sk";"Sťahovacie (káblové) pásky, izolačné pásky, hadicové spony a zámky pre dielenské a domáce použitie."
"";"";"dielenske-vybavenie";"0";"1";"3";"1";"Chémia pre dielňu";"Chémia pre dielňu";"chemia-pre-dielnu";"<p>Chémia pre dielňu – priemyselné a špeciálne lepidlá, silikónové spreje a spájkovacie kvapaliny (na nerez, nikel) pre elektroniku a remeselné práce.</p>";"";"Lepidlá a spájkovacia chémia | PremiumStore.sk";"Priemyselné lepidlá, silikónové spreje a spájkovacie kvapaliny pre dielenské použitie."
"";"";"dielna-a-zahrada";"0";"1";"6";"1";"Spájkovacia technika";"Spájkovacia technika";"spajkovacie-technika";"<p>Všetko pre spájkovanie elektroniky – od ručných spájkovačiek a trafospájkovačiek cez spájkovacie a horúcovzdušné servisné stanice až po spotrebný materiál a pomôcky. Nájdete tu hroty, cín, spájkovacie podložky, odsávačky cínu, lupy aj držiaky typu „tretia ruka“.</p><p>Najviac zastúpené značky sú ZD, KEMOT, REBEL, TIPA a FNIRSI. Vyberte si podkategóriu podľa toho, či hľadáte samotný spájkovací nástroj alebo príslušenstvo k nemu.</p>";"";"Spájkovacia technika – spájkovačky a stanice | PremiumStore.sk";"Spájkovačky, spájkovacie a servisné stanice, mikrospájkovačky, hroty, cín a pomôcky pre spájkovanie elektroniky."
"";"";"spajkovacie-technika";"0";"1";"1";"1";"Príslušenstvo na spájkovanie";"Príslušenstvo na spájkovanie";"prislusenstvo-pre-spajkovacky";"<p>Spotrebný materiál a náhradné diely pre spájkovanie: hroty ku konkrétnym modelom spájkovačiek a staníc (ZD-708N, ZD-715L a ďalšie), spájkovací cín a tavidlá, silikónové spájkovacie podložky odolné voči teplu, odsávačky cínu a odsávacie lanká.</p><p>Hrot je spotrebný diel – jeho včasná výmena zlepší prestup tepla viac než kúpa silnejšej spájkovačky.</p>";"";"Spájkovacie hroty, cín, podložky a odsávačky cínu | PremiumStore.sk";"Príslušenstvo pre spájkovanie – náhradné hroty k spájkovačkám a staniciam, cín, tavidlá, silikónové podložky a odsávačky cínu."
"";"";"spajkovacie-technika";"0";"1";"2";"1";"Spájkovačky a trafospájkovačky";"Spájkovačky a trafospájkovačky";"spajkovacky";"<p>Ručné spájkovacie nástroje – klasické odporové spájkovačky (ZD, KEMOT), trafospájkovačky s rýchlym nábehom, plynové spájkovačky pre prácu bez elektrickej siete, spájkovacie kliešte pre SMD aj moderné inteligentné spájkovačky FNIRSI s rýchlym ohrevom a reguláciou.</p><p>Na bežnú elektroniku stačí spájkovačka s výkonom do 60 W; na hrubé vodiče a plechy sa hodí trafospájkovačka alebo spájkovačka s vyšším výkonom.</p>";"";"Spájkovačky a trafospájkovačky ZD, KEMOT, FNIRSI | PremiumStore.sk";"Ručné spájkovačky, trafospájkovačky, plynové spájkovačky a inteligentné spájkovačky FNIRSI, ZD a KEMOT."
"";"";"spajkovacie-technika";"0";"1";"3";"1";"Lupy";"Lupy";"lupy";"<p>Lupy pre prácu s drobnou elektronikou a jemnými remeslami – náhlavné lupy s LED osvetlením (Levenhuk Zeno Vizor, Discovery Crafts DHR), digitálne lupy so zobrazením na displeji (Levenhuk Ergo) aj klasické stolové lupy.</p><p>Náhlavná lupa necháva obe ruky voľné, čo je pri spájkovaní SMD súčiastok rozhodujúce; digitálna lupa sa hodí pri veľkom zväčšení a dlhšej práci.</p>";"";"Lupy a náhlavné lupy Levenhuk, Discovery | PremiumStore.sk";"Stolové, digitálne a náhlavné lupy Levenhuk (Zeno Vizor, Ergo) a Discovery Crafts s LED osvetlením pre prácu s elektronikou."
"";"";"spajkovacie-technika";"0";"1";"4";"1";"Spájkovacie stanice a mikrospájkovačky";"Spájkovacie stanice a mikrospájkovačky";"spajkovacie-stanice-a-mikrospajkovacky";"<p>Stolové spájkovacie prístroje s reguláciou teploty: mikrospájkovačky (ZD-916, ZD-8916), spájkovacie stanice s procesorom (Rebel 931), horúcovzdušné servisné stanice (KEMOT LUT0045) a odspájkovacie stanice s odsávačkou (ZD-915).</p><p>Regulovaná stanica je nevyhnutná pri práci s SMD súčiastkami a citlivou elektronikou, kde neregulovaná spájkovačka spoje aj súčiastky prehreje.</p>";"";"Spájkovacie a servisné stanice ZD, KEMOT, REBEL | PremiumStore.sk";"Spájkovacie stanice, horúcovzdušné a odspájkovacie servisné stanice a stolové mikrospájkovačky ZD, KEMOT a REBEL."
"";"";"spajkovacie-technika";"0";"1";"5";"1";"Tretia ruka a držiaky";"Tretia ruka a držiaky";"tretia-ruka-a-drziaky";"<p>Prípravky na fixáciu spájkovaného dielu – držiaky typu „tretia ruka“ s krokodílovými svorkami, často s integrovanou lupou a LED osvetlením (TIPA ZD-11P-1, ZD-11Y-USB), a malé zveráky na dosky plošných spojov.</p><p>Pevne uchytený diel je základná podmienka čistého spoja – pri spájkovaní jednou rukou držíte spájkovačku a druhou cín, na držanie súčiastky už ruka nezostáva.</p>";"";"Tretia ruka, držiaky a zveráky na spájkovanie TIPA | PremiumStore.sk";"Držiaky „tretia ruka“ s lupou a LED osvetlením, zveráky a prípravky TIPA na fixáciu dosiek pri spájkovaní."
"";"";"";"0";"1";"5";"1";"Zdravie a starostlivosť";"Zdravie a starostlivosť";"zdravie-a-starostlivost";"<p>Kategória pre osobnú starostlivosť a zdravie – starostlivosť o zuby, vlasy a pleť, holenie a epilácia, zdravotné pomôcky a potreby pre mamu a dieťa. Nájdete tu aj chovateľské potreby pre domácich miláčikov.</p>";"";"Zdravie, osobná starostlivosť a chovateľské potreby | PremiumStore.sk";"Starostlivosť o zuby, vlasy a pleť, zdravotné pomôcky, potreby pre mamu a dieťa aj chovateľské potreby."
"";"";"zdravie-a-starostlivost";"0";"1";"1";"1";"Starostlivosť o vlasy";"Starostlivosť o vlasy";"starostlivost-o-vlasy";"<p>Starostlivosť o vlasy – fény, kulmy, žehličky na vlasy a krepovacie kliešte, zastrihávače vlasov a brady. Značky Bellissima, Remington a Rowenta.</p>";"";"Fény, kulmy a žehličky na vlasy Bellissima, Remington | PremiumStore.sk";"Fény, kulmy, žehličky na vlasy a zastrihávače, značky Bellissima, Remington a Rowenta."
"";"";"zdravie-a-starostlivost";"0";"1";"2";"1";"Starostlivosť o zuby";"Starostlivosť o zuby";"starostlivost-o-zuby";"<p>Starostlivosť o zuby – elektrické (sonické) zubné kefky, ústne sprchy a náhradné kefkové hlavice. Značky Oral-B, Philips, TrueLife a Usmile.</p>";"";"Elektrické zubné kefky a ústne sprchy Oral-B, Philips | PremiumStore.sk";"Elektrické zubné kefky, ústne sprchy a náhradné hlavice, značky Oral-B, Philips a TrueLife."
"";"";"zdravie-a-starostlivost";"0";"1";"3";"1";"Holiace strojčeky a epilátory";"Holiace strojčeky a epilátory";"holiace-strojceky";"<p>Holiace strojčeky a epilátory pre pánov aj dámy, značky Braun, Remington a Rowenta, vrátane náhradných holiacich hlavíc a ďalšieho príslušenstva.</p>";"";"Holiace strojčeky a epilátory Braun, Remington | PremiumStore.sk";"Pánske aj dámske holiace strojčeky a epilátory, značky Braun, Remington a Rowenta."
"";"";"zdravie-a-starostlivost";"0";"1";"4";"1";"Osobné váhy";"Osobné váhy";"osobne-vahy";"<p>Digitálne osobné váhy pre domácnosť, značky Tefal, Leifheit, Niceboy a G3Ferrari.</p>";"";"Digitálne osobné váhy Tefal, Leifheit | PremiumStore.sk";"Digitálne osobné váhy, značky Tefal, Leifheit, Niceboy a G3Ferrari."
"";"";"zdravie-a-starostlivost";"0";"1";"5";"1";"Prístroje na tvár";"Prístroje na tvár";"pristroje-na-tvar";"<p>Prístroje na starostlivosť o tvár – masážne a spevňujúce prístroje, zoštíhľujúce a svetelné (LED) masky, prevažne značka ANLAN.</p>";"";"Masážne a spevňujúce prístroje na tvár ANLAN | PremiumStore.sk";"Masážne, zoštíhľujúce a svetelné prístroje na starostlivosť o tvár, značka ANLAN."
"";"";"zdravie-a-starostlivost";"0";"1";"6";"1";"Matka a dieťa";"Matka a dieťa";"matka-a-dieta";"<p>Potreby pre rodičov a bábätká – ohrievače dojčenských fliaš (jednoduché aj dvojité), značka Grownsy.</p>";"";"Ohrievače dojčenských fliaš Grownsy | PremiumStore.sk";"Ohrievače dojčenských fliaš a ďalšie potreby pre rodičov, značka Grownsy."
"";"";"zdravie-a-starostlivost";"0";"1";"7";"1";"Otoskopy a prístroje na čistenie pokožky";"Otoskopy a prístroje na čistenie pokožky";"otoskopy";"<p>Prístroje na čistenie pokožky a uší s kamerou pre presnú kontrolu na displeji telefónu – odstraňovače čiernych bodiek inFace a smart otoskopy Bebird.</p>";"";"Odstraňovače čiernych bodiek s kamerou inFace | PremiumStore.sk";"Odstraňovače čiernych bodiek s kamerou a smart otoskopy, značky inFace a Bebird."
"";"";"zdravie-a-starostlivost";"0";"1";"8";"1";"Monitorovanie dieťaťa";"Monitorovanie dieťaťa";"monitorovanie-dietata";"<p>Zariadenia na monitorovanie dieťaťa – detské opatrovateľské kamery (chôvičky) s prenosom obrazu aj zvuku, značky TrueLife, Owlet a EVOLVEO.</p>";"";"Detské opatrovateľské kamery TrueLife, Owlet | PremiumStore.sk";"Detské opatrovateľské kamery (chôvičky) a monitorovacie zariadenia, značky TrueLife, Owlet a EVOLVEO."
"";"";"zdravie-a-starostlivost";"0";"1";"9";"1";"Starostlivosť o zdravie";"Starostlivosť o zdravie";"starostlivost-o-zdravie";"<p>Zdravotné pomôcky pre domácnosť – digitálne teplomery, tlakomery a ďalšie prístroje na sledovanie zdravia. Značky Epicstar, SANITAS a TrueLife.</p>";"";"Teplomery a tlakomery Epicstar, SANITAS | PremiumStore.sk";"Digitálne teplomery, tlakomery a zdravotné pomôcky, značky Epicstar, SANITAS a TrueLife."
"";"";"";"0";"1";"6";"1";"Auto-moto";"Auto-moto";"auto-moto";"<p>Auto-moto sortiment – elektronika a audio do auta, autožiarovky a osvetlenie, autokozmetika a chémia, nabíjanie a batérie, vybavenie pre karavany a obytné autá aj nabíjacie riešenia pre elektromobily. Nájdete tu aj špecializované náradie pre servis a dielňu.</p>";"";"Auto-moto príslušenstvo a vybavenie | PremiumStore.sk";"Elektronika do auta, autožiarovky, autokozmetika, nabíjanie a batérie, vybavenie pre karavany aj elektromobilitu."
"";"";"auto-moto";"0";"1";"1";"1";"Príslušenstvo do auta";"Príslušenstvo do auta";"vybavenie-auta";"<p>Najžiadanejšie sú stierače, doplnené o autopoťahy, autokoberce, osviežovače vzduchu do klimatizácie a cestovné doplnky (organizéry, ochranné deky do kufra). Pri stieračoch zohľadnite presnú dĺžku podľa vášho vozidla.</p>";"";"Stierače, autopoťahy a cestovné doplnky | PremiumStore.sk";"Stierače, autopoťahy, autokoberce, osviežovače vzduchu a cestovné doplnky do auta."
"";"";"auto-moto";"0";"1";"2";"1";"Garáž, dielňa, servis";"Garáž, dielňa, servis";"garaz--dielna--servis";"<p>Vybavenie pre domácu garáž a servis vozidiel – autodiagnostika (OBD redukcie a čítačky), zdviháky (hevery), autoplachty a špeciálne servisné náradie a prípravky. Prevažne značka SIXTOL.</p>";"";"Autodiagnostika a servisné náradie SIXTOL | PremiumStore.sk";"Autodiagnostika (OBD), heváky, autoplachty a špeciálne servisné náradie a prípravky, značka SIXTOL."
"";"";"auto-moto";"0";"1";"3";"1";"Elektronika do auta";"Elektronika do auta";"elektronika-do-auta";"<p>Elektronika a audio do auta – autorádiá a reproduktory (prevažne značka Pioneer), bezdrôtové adaptéry CarPlay/Android Auto, displeje a držiaky na mobil do auta.</p>";"";"Autorádiá a car audio Pioneer | PremiumStore.sk";"Autorádiá, reproduktory do auta, bezdrôtové CarPlay/Android Auto adaptéry a displeje do auta, značka Pioneer."
"";"";"auto-moto";"0";"1";"4";"1";"Karavany a obytné autá";"Karavany a obytné autá";"karavany-a-obytne-auta";"<p>Vybavenie pre karavany a obytné autá – autochladničky (aj prenosné), meniče napätia, nabíjačky batérií a parkovacie asistenty. Značky COMPASS a PEIYING.</p>";"";"Autochladničky a meniče napätia do karavanu COMPASS | PremiumStore.sk";"Autochladničky, meniče napätia, nabíjačky batérií a parkovacie asistenty pre karavany a obytné autá, značka COMPASS."
"";"";"auto-moto";"0";"1";"5";"1";"Autobatérie, nabíjačky a štartovacie boxy";"Autobatérie, nabíjačky a štartovacie boxy";"autobaterie-nabijacky-a-startovacie-boxy";"<p>Nabíjanie a autobatérie – štartovacie káble a prenosné štartovacie boxy, autobatérie, testery a svorky na autobatérie. Značky COMPASS, GOOLOO a UTRAI.</p>";"";"Autobatérie, nabíjačky a štartovacie boxy | PremiumStore.sk";"Autobatérie, nabíjačky autobatérií a štartovacie boxy značiek COMPASS, EMOS a ďalších."
"";"";"auto-moto";"0";"1";"6";"1";"Autožiarovky a osvetlenie";"Autožiarovky a osvetlenie";"autoziarovky";"<p>Autožiarovky (klasické aj zosilnené či farebné varianty) pre hlavné a smerové svetlá vozidla, doplnené o ďalšie svetlá do auta. Pri výbere zohľadnite presný typ pätice podľa vášho vozidla.</p>";"";"Autožiarovky a svetlá do auta | PremiumStore.sk";"Autožiarovky rôznych typov a výkonov vrátane modrých a zosilnených variantov, aj svetlá do auta."
"";"";"auto-moto";"0";"1";"7";"1";"Autokozmetika a chémia";"Autokozmetika a chémia";"autokozmetika--chemia";"<p>Autokozmetika a chémia na starostlivosť o interiér aj exteriér vozidla – čistiace prostriedky, osviežovače vzduchu do klimatizácie a nanotechnológie na ochranu laku. Prevažne značka K2.</p>";"";"Autokozmetika – čistiace prostriedky K2 | PremiumStore.sk";"Autokozmetika na interiér aj exteriér auta, osviežovače a nanotechnológie na ochranu laku, značka K2."
"";"";"auto-moto";"0";"1";"8";"1";"Kolesá a pneumatiky";"Kolesá a pneumatiky";"kolesa";"<p>Príslušenstvo ku kolesám a pneumatikám – snehové reťaze, pokrievky na kolesá, obaly na pneumatiky a súpravy na opravu defektu pneumatiky. Značka Compass.</p>";"";"Snehové reťaze a súpravy na opravu pneumatík | PremiumStore.sk";"Snehové reťaze, pokrievky na kolesá a súpravy na opravu defektu pneumatiky, značka Compass."
"";"";"auto-moto";"0";"1";"9";"1";"Elektromobilita";"Elektromobilita";"elektromobilita";"<p>Nabíjacie riešenia pre elektromobily – nabíjacie káble, prenosné nabíjačky/redukcie a domáce wallboxy (11 a 22 kW), značka Grohm, vrátane príslušenstva pre Tesla.</p>";"";"Nabíjacie káble a wallboxy pre elektromobily Grohm | PremiumStore.sk";"Nabíjacie káble, prenosné nabíjačky a domáce wallboxy pre elektromobily, značka Grohm."
"";"";"auto-moto";"0";"1";"10";"1";"Nosiče bicyklov a strešné nosiče";"Nosiče bicyklov a strešné nosiče";"nosice-kol";"<p>Nosiče na prepravu bicyklov a príčne strešné nosníky, vrátane náhradných dielov a príslušenstva k nosičom kôl. Značka SIXTOL.</p>";"";"Nosiče bicyklov, strešné nosiče a boxy | PremiumStore.sk";"Nosiče bicyklov na ťažné zariadenie aj na strechu, strešné nosiče, priečniky a boxy na batožinu."
"";"";"auto-moto";"0";"1";"11";"1";"Detské autosedačky";"Detské autosedačky";"autosedacky";"<p>Detské autosedačky a podsedáky pre všetky hmotnostné skupiny, s upevnením bezpečnostným pásom aj systémom ISOFIX.</p>";"";"Detské autosedačky a podsedáky do auta | PremiumStore.sk";"Detské autosedačky a podsedáky pre všetky hmotnostné skupiny, s upevnením pásom aj ISOFIX."
"";"";"auto-moto";"0";"1";"12";"1";"Bezpečnostné a núdzové vybavenie";"Bezpečnostné a núdzové vybavenie";"bezpecnost";"<p>Vybavenie pre prípad, keď sa niečo pokazí alebo treba náklad bezpečne upevniť – <a href=""/tazne-lana/"">ťažné a vyprosťovacie laná</a>, <a href=""/upinacie-gumy-a-pasy/"">upínacie pásy a gumy</a> a <a href=""/zimne-vybavenie/"">zimné vybavenie</a>. Detské autosedačky nájdete v samostatnej kategórii <a href=""/autosedacky/"">Detské autosedačky</a>.</p>";"";"Núdzové a bezpečnostné vybavenie do auta | PremiumStore.sk";"Ťažné laná a vyprosťovanie, upínacie pásy a gumy, zimné vybavenie a povinná výbava do auta."
"";"";"bezpecnost";"0";"1";"1";"1";"Zimné vybavenie";"Zimné vybavenie";"zimne-vybavenie";"<p>Zimná výbava do auta – škrabky na ľad, snehové metly a zmetáky, plachty a clony na čelné sklo aj ďalšie doplnky na zimné mesiace.</p>";"";"Škrabky, snehové metly a zimné doplnky | PremiumStore.sk";"Škrabky na ľad, snehové metly, plachty na čelné sklo a ďalšie zimné vybavenie do auta."
"";"";"bezpecnost";"0";"1";"2";"1";"Upínacie pásy a gumy";"Upínacie pásy a gumy";"upinacie-gumy-a-pasy";"<p>Upínacie pásy s ráčnou, popruhy a gumené expandery na bezpečné upevnenie nákladu v kufri, na prívese aj na strešnom nosiči.</p>";"";"Upínacie pásy, ráčne a expandery na náklad | PremiumStore.sk";"Upínacie pásy s ráčnou, popruhy a gumené expandery na bezpečné upevnenie nákladu v aute aj na strešnom nosiči."
"";"";"bezpecnost";"0";"1";"3";"1";"Ťažné laná a vyprosťovanie";"Ťažné laná a vyprosťovanie";"tazne-lana";"<p>Ťažné a vyprosťovacie laná s nosnosťou od 2200 do 13 000 kg, pružné aj popruhové, ťažné tyče s certifikátom TÜV/GS a ťažné oká. Značka SIXTOL.</p>";"";"Ťažné a vyprosťovacie laná, ťažné oká | PremiumStore.sk";"Ťažné laná od 2200 do 5000 kg, vyprosťovacie laná, ťažné tyče a ťažné oká s certifikátom TÜV."
"";"";"";"0";"1";"7";"1";"Domáce spotrebiče";"Domáce spotrebiče";"domace-spotrebice";"<p>Veľké aj malé domáce spotrebiče – chladničky, práčky, sporáky a vstavané spotrebiče do kuchyne, ako aj drobné kuchynské roboty, kávovary, vysávače a upratovacie pomôcky. Pri vstavaných spotrebičoch odporúčame pred kúpou skontrolovať presné rozmery výklenku.</p>";"";"Domáce spotrebiče – veľké aj malé | PremiumStore.sk";"Chladničky, práčky, umývačky riadu, rúry a malé kuchynské spotrebiče značiek Gorenje, Beko a ďalších."
"";"";"domace-spotrebice";"0";"1";"1";"1";"Vysávače";"Vysávače";"vysavace";"<p>Vysávače všetkých typov – robotické vysávače (Roborock, MOVA, Viomi, Dreame), tyčové a akumulátorové vysávače (Rowenta) aj klasické podlahové modely. Doplnené o náhradné diely – filtre, mopy a kefy.</p>";"";"Robotické a tyčové vysávače Roborock, Rowenta | PremiumStore.sk";"Robotické, tyčové a akumulátorové vysávače, značky Roborock, Rowenta a MOVA, aj náhradné diely."
"";"";"domace-spotrebice";"0";"1";"2";"1";"Príslušenstvo k malým spotrebičom";"Príslušenstvo k malým spotrebičom";"prislusenstvo-k-malym-spotrebicom";"<p>Náhradné diely a spotrebný materiál k malým spotrebičom – vrecká a filtre do vysávačov, odvápňovače ku kávovarom a žehličkám. Značky Koma, Electrolux, ScanPart a Rowenta.</p>";"";"Vrecká do vysávačov a odvápňovače Koma, Electrolux | PremiumStore.sk";"Vrecká a filtre do vysávačov, odvápňovače ku kávovarom, značky Koma, Electrolux a Rowenta."
"";"";"domace-spotrebice";"0";"1";"3";"1";"Kávovary a espressá";"Kávovary a espressá";"kavovary-a-espressa";"<p>Kávovary na kávové kapsule aj automatické espressá, moka kanvice a frenchpressy, doplnené o samotné kávové kapsule (Nescafé, Lavazza). Značky ETA, Russell Hobbs a KRUPS.</p>";"";"Kávovary na kapsule a espressá KRUPS, Lavazza | PremiumStore.sk";"Kávovary na kapsule, automatické espressá, moka kanvice a kávové kapsule, značky Lavazza, Nescafé a KRUPS."
"";"";"domace-spotrebice";"0";"1";"4";"1";"Príprava nápojov";"Príprava nápojov";"priprava-napojov";"<p>Príprava nápojov – rýchlovarné kanvice, filtračné kanvice na vodu (BWT, Brita, Laica), odšťavovače a výrobníky ľadu. Značky Ariete a Bravo.</p>";"";"Rýchlovarné kanvice a filtračné kanvice BWT, Brita | PremiumStore.sk";"Rýchlovarné a filtračné kanvice na vodu, odšťavovače a výrobníky ľadu, značky BWT, Brita, Laica a Ariete."
"";"";"domace-spotrebice";"0";"1";"5";"1";"Kuchynské roboty a krájače";"Kuchynské roboty a krájače";"kuchynske-roboty-a-krajace";"<p>Kuchynské roboty, mixéry a šľahače aj krájače potravín – značky Tefal, Ariete, Nutribullet, Zelmer a G3Ferrari.</p>";"";"Kuchynské roboty a blendery Tefal, Zelmer | PremiumStore.sk";"Kuchynské roboty, mixéry, šľahače a krájače potravín, značky Tefal, Ariete, Nutribullet a Zelmer."
"";"";"domace-spotrebice";"0";"1";"6";"1";"Horúcovzdušné fritézy a multifunkčné hrnce";"Horúcovzdušné fritézy a multifunkčné hrnce";"fritezy-a-hrnce";"<p>Horúcovzdušné fritézy, multifunkčné (tlakové) a pomalé hrnce a elektrické panvice – značky Tefal, DOMO a TESLA. Vhodné na zdravšiu prípravu jedla s minimom oleja.</p>";"";"Horúcovzdušné fritézy a multifunkčné hrnce | PremiumStore.sk";"Horúcovzdušné fritézy, tlakové a multifunkčné hrnce na varenie bez oleja. Porovnajte objem, príkon a programy."
"";"";"domace-spotrebice";"0";"1";"7";"1";"Meteostanice";"Meteostanice";"meteostanice";"<p>Meteorologické stanice s bezdrôtovými vonkajšími čidlami, niektoré s pripojením k počítaču, a digitálne teplomery – značky GARNI a Solight.</p>";"";"Meteorologické stanice GARNI a Solight | PremiumStore.sk";"Meteorologické stanice s bezdrôtovými čidlami, digitálne teplomery, značky GARNI a Solight."
"";"";"domace-spotrebice";"0";"1";"8";"1";"Upratovacie pomôcky";"Upratovacie pomôcky";"upratovacie-pomocky";"<p>Upratovacie pomôcky – mopy a kompletné upratovacie súpravy, čistiace prostriedky a čističe okien. Dominuje značka Leifheit, doplnená o Vileda.</p>";"";"Mopy a čistiace súpravy Leifheit, Vileda | PremiumStore.sk";"Mopy a upratovacie súpravy, čistiace prostriedky a čističe okien, značky Leifheit a Vileda."
"";"";"domace-spotrebice";"0";"1";"9";"1";"Žehličky";"Žehličky";"zehlicky";"<p>Žehličky a starostlivosť o bielizeň – naparovacie žehličky, ručné naparovače odevov, žehliace dosky a sušiaky na bielizeň. Značky Leifheit, Tefal a Russell Hobbs.</p>";"";"Naparovacie žehličky a naparovače Leifheit, Tefal | PremiumStore.sk";"Naparovacie žehličky, naparovače odevov, žehliace dosky a sušiaky na bielizeň, značky Leifheit a Tefal."
"";"";"domace-spotrebice";"0";"1";"10";"1";"Chladničky";"Chladničky";"chladnicky";"<p>Voľne stojace chladničky – kombinované (chladnička s mrazničkou) aj jednoduchšie monoklimatické modely, značky Gorenje, Guzzanti, Beko, Samsung a AMICA. Pri výbere zohľadnite objem, energetickú triedu a rozmery.</p>";"";"Chladničky Gorenje, Beko, Samsung | PremiumStore.sk";"Kombinované aj monoklimatické chladničky značiek Gorenje, Guzzanti a ďalších."
"";"";"domace-spotrebice";"0";"1";"11";"1";"Grily, pekárne, variče";"Grily, pekárne, variče";"grily--pekarne--varice";"<p>Elektrické grily, domáce pece na pizzu, elektrické variče a palacinkovače – značky G3Ferrari, Tefal a DOMO.</p>";"";"Elektrické grily a pece na pizzu | PremiumStore.sk";"Elektrické grily, pece na pizzu, elektrické variče a palacinkovače, značky G3Ferrari a Tefal."
"";"";"domace-spotrebice";"0";"1";"12";"1";"Práčky";"Práčky";"pracky";"<p>Práčky s predným aj vrchným plnením – značky Beko, Electrolux, Candy, Gorenje a Whirlpool, doplnené o napúšťacie hadice a ďalšie príslušenstvo (KOMA).</p>";"";"Práčky Beko, Electrolux, Candy, Gorenje | PremiumStore.sk";"Práčky s predným aj vrchným plnením, značky Beko, Electrolux a ďalších, plus príslušenstvo."
"";"";"domace-spotrebice";"0";"1";"13";"1";"Vákuovačky a zváračky fólií";"Vákuovačky a zváračky fólií";"vakuovacky-a-zvaracky-folii";"<p>Vákuovačky a zváračky fólií na dlhšie skladovanie potravín, značky FoodSaver, Leifheit a Maxxo, vrátane vákuovacích vreciek a rolí.</p>";"";"Vákuovačky potravín FoodSaver, Leifheit | PremiumStore.sk";"Vákuovačky a zváračky fólií na skladovanie potravín, značky FoodSaver, Leifheit a Maxxo."
"";"";"domace-spotrebice";"0";"1";"14";"1";"Sendvičovače, hriankovače, vaflovače";"Sendvičovače, hriankovače, vaflovače";"sendvicovace--hriankovace--vaflovace";"<p>Raňajkové spotrebiče – hriankovače, sendvičovače a vaflovače, značky DOMO, Ariete a ETA.</p>";"";"Hriankovače a vaflovače DOMO, Ariete | PremiumStore.sk";"Hriankovače, sendvičovače a vaflovače, značky DOMO, Ariete a ETA."
"";"";"domace-spotrebice";"0";"1";"15";"1";"Hodiny a budíky";"Hodiny a budíky";"hodiny-2";"<p>Budíky (digitálne aj analógové, niektoré s teplomerom) a nástenné hodiny, prevažne značka TechnoLine.</p>";"";"Digitálne a analógové budíky TechnoLine | PremiumStore.sk";"Digitálne aj analógové budíky a nástenné hodiny, značka TechnoLine."
"";"";"domace-spotrebice";"0";"1";"16";"1";"Varné dosky";"Varné dosky";"varne-dosky";"<p>Varné dosky do kuchynskej linky – indukčné, sklokeramické aj plynové, značky Electrolux, BEKO, AMICA a Gorenje.</p>";"";"Indukčné a sklokeramické varné dosky Electrolux, BEKO | PremiumStore.sk";"Indukčné, sklokeramické a plynové varné dosky, značky Electrolux, BEKO, AMICA a Gorenje."
"";"";"domace-spotrebice";"0";"1";"17";"1";"Vstavané rúry";"Vstavané rúry";"vstavane-rury";"<p>Vstavané pečúce rúry do kuchynskej linky, značky Electrolux, Whirlpool, Candy, Gorenje a AMICA. Pred kúpou skontrolujte presné rozmery výklenku.</p>";"";"Vstavané pečúce rúry Electrolux, Whirlpool | PremiumStore.sk";"Vstavané pečúce rúry do kuchynskej linky, značky Electrolux, Whirlpool a ďalších."
"";"";"domace-spotrebice";"0";"1";"18";"1";"Vstavané umývačky riadu";"Vstavané umývačky riadu";"vstavane-umyvacky-riadu";"<p>Vstavané umývačky riadu do kuchynskej linky – bežné 60 cm aj úzke 45 cm modely, značky Electrolux, Gorenje, Candy a Whirlpool.</p>";"";"Vstavané umývačky riadu 60 a 45 cm | PremiumStore.sk";"Vstavané umývačky riadu šírky 60 cm aj úzke 45 cm, značky Electrolux, Gorenje a Whirlpool."
"";"";"domace-spotrebice";"0";"1";"19";"1";"Digestory";"Digestory";"digestory";"<p>Kuchynské digestory – komínové aj výsuvné/výklopné modely, značky Electrolux, AMICA a Candy. Pri výbere zohľadnite šírku (pod kuchynskú linku) a výkon odsávania.</p>";"";"Digestory Electrolux, AMICA, Candy | PremiumStore.sk";"Komínové, výsuvné a výklopné digestory značiek Electrolux, AMICA a Candy."
"";"";"domace-spotrebice";"0";"1";"20";"1";"Klimatizácia a vzduch";"Klimatizácia a vzduch";"vzduchotechnika";"<p>Všetko pre kvalitu a teplotu vzduchu v domácnosti – mobilné klimatizácie a ochladzovače, ventilátory, odvlhčovače, čističky a zvlhčovače vzduchu aj aróma difuzéry. Elektrické ohrievače a radiátory nájdete v kategórii <a href=""/vykurovanie-a-ohrev-vody/"">Vykurovanie a ohrev vody</a>.</p>";"";"Klimatizácia, ventilátory a čističky vzduchu | PremiumStore.sk";"Ventilátory, čističky a zvlhčovače vzduchu, odvlhčovače, ohrievače, klimatizácie a aróma difuzéry pre domácnosť."
"";"";"vzduchotechnika";"0";"1";"1";"1";"Aróma difuzéry";"Aróma difuzéry";"aroma-difuzery";"<p>Aróma difuzéry rozptyľujú esenciálny olej do vzduchu a zároveň ho jemne zvlhčujú. V ponuke sú ultrazvukové difuzéry rôznych objemov aj samotné esenciálne oleje.</p><p>Pri výbere sledujte objem nádržky – určuje, ako dlho difuzér vydrží bez dolievania – a veľkosť miestnosti, pre ktorú je určený.</p>";"";"Aróma difuzéry a esenciálne oleje | PremiumStore.sk";"Ultrazvukové aróma difuzéry a esenciálne oleje na prevoňanie a zvlhčenie vzduchu v miestnosti."
"";"";"vzduchotechnika";"0";"1";"2";"1";"Čističky a zvlhčovače vzduchu";"Čističky a zvlhčovače vzduchu";"cisticky-vzduchu";"<p>Čističky vzduchu odstraňujú z miestnosti prach, peľ a jemné častice PM2,5, zvlhčovače naopak dopĺňajú vlhkosť v prekúrených interiéroch. V ponuke sú prístroje GARNI a TEESA aj náhradné a predfiltre k nim.</p><p>Pri čističke je kľúčový typ filtra (HEPA) a výkon v m³/h vzhľadom na veľkosť miestnosti.</p>";"";"Čističky a zvlhčovače vzduchu – GARNI, TEESA | PremiumStore.sk";"Čističky vzduchu s HEPA filtrami a zvlhčovače vzduchu značiek GARNI a TEESA, vrátane náhradných filtrov."
"";"";"vzduchotechnika";"0";"1";"3";"1";"Ventilátory";"Ventilátory";"ventilatory";"<p>Ventilátory na prúdenie vzduchu v domácnosti – stolové, stojanové aj okenné, prevažne značky Solight. Dopĺňa ich príslušenstvo ako spätné klapky a mini kompresory.</p><p>Pri výbere zohľadnite priemer vrtule a počet rýchlostí; okenný ventilátor rieši odvod vzduchu, stojanový jeho premiešanie.</p>";"";"Stolové, stojanové a okenné ventilátory Solight | PremiumStore.sk";"Stolové, stojanové a okenné ventilátory Solight vrátane spätných klapiek a príslušenstva."
"";"";"vzduchotechnika";"0";"1";"4";"1";"Odvlhčovače vzduchu";"Odvlhčovače vzduchu";"odvlhcovace-vzduchu";"<p>Odvlhčovače odoberajú z miestnosti prebytočnú vlhkosť a bránia vzniku plesní. V ponuke sú elektrické odvlhčovače aj pasívne pohlcovače vlhkosti s náhradnými náplňami.</p><p>Výkon sa udáva v litroch odobratej vody za deň – pri pivnici alebo vlhkej kúpeľni volte vyšší.</p>";"";"Odvlhčovače vzduchu a pohlcovače vlhkosti | PremiumStore.sk";"Elektrické odvlhčovače vzduchu a pohlcovače vlhkosti do pivníc, kúpeľní a vlhkých miestností."
"";"";"vzduchotechnika";"0";"1";"5";"1";"Klimatizácia";"Klimatizácia";"klimatizacia";"<p>Mobilné klimatizácie a ochladzovače vzduchu, ktoré nevyžadujú pevnú inštaláciu – stačí vyviesť hadicu oknom. Vhodné do bytu, kancelárie aj na prenájom.</p><p>Rozhodujúci je chladiaci výkon v BTU alebo kW vzhľadom na objem miestnosti.</p>";"";"Mobilné klimatizácie a ochladzovače vzduchu | PremiumStore.sk";"Mobilné klimatizácie a ochladzovače vzduchu do bytu a kancelárie bez potreby pevnej inštalácie."
"";"";"domace-spotrebice";"0";"1";"21";"1";"Triedenie odpadu a domáce organizéry";"Triedenie odpadu a domáce organizéry";"triedenie-odpadu-a-organizery";"<p>Tašky a koše na triedený odpad SIXTOL SORT EASY na sklo, plast, papier aj kov – skladné, umývateľné a farebne odlíšené. Doplnené o organizéry a drobné doplnky do domácnosti.</p>";"";"Tašky na triedený odpad a domáce organizéry | PremiumStore.sk";"Tašky a koše na triedený odpad SIXTOL SORT EASY, organizéry a doplnky, ktoré udržia poriadok v domácnosti aj v pivnici."
"";"";"domace-spotrebice";"0";"1";"22";"1";"Sušičky bielizne";"Sušičky bielizne";"susicky";"<p>Sušičky bielizne – značky LG, Candy, Electrolux, Whirlpool, Beko a Samsung.</p>";"";"Sušičky bielizne LG, Candy, Electrolux | PremiumStore.sk";"Sušičky bielizne značiek LG, Candy, Electrolux a ďalších."
"";"";"domace-spotrebice";"0";"1";"23";"1";"Sanitárna technika";"Sanitárna technika";"sanitarna-technika";"<p>Umývadlové a sprchové batérie s vstavaným elektrickým ohrevom vody, značka TEESA – riešenie tam, kde nie je k dispozícii bojler alebo prietokový ohrievač.</p>";"";"Umývadlové batérie s ohrevom vody TEESA | PremiumStore.sk";"Umývadlové a sprchové batérie s elektrickým ohrevom vody, značka TEESA."
"";"";"domace-spotrebice";"0";"1";"24";"1";"Kuchynské vybavenie";"Kuchynské vybavenie";"kuchynske-vybavenie";"<p>Všetko do kuchyne okrem spotrebičov – <a href=""/hrnce-a-panvice/"">hrnce a panvice</a>, <a href=""/pecuce-formy/"">formy na pečenie</a>, <a href=""/termosky-a-termohrnceky/"">termosky a termohrnčeky</a>, <a href=""/pohare-a-flase/"">poháre a fľaše</a> a <a href=""/kuchynske-potreby/"">kuchynské pomôcky</a> od váh po nože. Kávovary nájdete v <a href=""/kavovary-a-espressa/"">Kávovary a espressá</a>, kanvice v <a href=""/priprava-napojov/"">Príprava nápojov</a>.</p>";"";"Kuchynské vybavenie – hrnce, formy, pomôcky | PremiumStore.sk";"Hrnce a panvice, formy na pečenie, termosky, poháre a fľaše aj kuchynské pomôcky, váhy a nože."
"";"";"kuchynske-vybavenie";"0";"1";"1";"1";"Kuchynské pomôcky";"Kuchynské pomôcky";"kuchynske-potreby";"<p>Drobné vybavenie, bez ktorého sa v kuchyni nezaobídete – <a href=""/kuchynske-vahy/"">kuchynské váhy</a> a teplomery, nože a nožnice, varešky, naberačky a obracačky, krájače a strúhadlá, cedníky, dózy na potraviny a misy.</p>";"";"Kuchynské pomôcky – váhy, nože, varešky | PremiumStore.sk";"Kuchynské váhy, nože a nožnice, varešky a obracačky, krájače, strúhadlá, dózy na potraviny a misy."
"";"";"kuchynske-potreby";"0";"1";"1";"1";"Kuchynské váhy";"Kuchynské váhy";"kuchynske-vahy";"<p>Digitálne kuchynské váhy s presnosťou na gram, závesné váhy na batožinu aj vreckové váhy. Značky EMOS, TEESA a GETI.</p>";"";"Kuchynské váhy digitálne aj závesné | PremiumStore.sk";"Digitálne kuchynské váhy s presnosťou na gram, závesné a vreckové váhy. EMOS, TEESA, GETI."
"";"";"kuchynske-vybavenie";"0";"1";"2";"1";"Hrnce a panvice";"Hrnce a panvice";"hrnce-a-panvice";"<p>Hrnce, rajnice a panvice s mramorovým aj nepriľnavým povrchom, sady riadu a pokrievky. Značky Tefal, Berlingerhaus a Orion.</p>";"";"Hrnce, panvice a pokrievky | PremiumStore.sk";"Hrnce, rajnice a panvice s mramorovým či nepriľnavým povrchom, sady riadu a pokrievky. Tefal, Berlingerhaus."
"";"";"kuchynske-vybavenie";"0";"1";"3";"1";"Termosky a termohrnčeky";"Termosky a termohrnčeky";"termosky-a-termohrnceky";"<p>Termosky na nápoje aj jedlo, termohrnčeky vhodné do držiaka v aute a nerezové termofľaše, ktoré udržia teplotu celý deň.</p>";"";"Termosky, termohrnčeky a termofľaše | PremiumStore.sk";"Termosky na nápoje aj jedlo, termohrnčeky do auta a nerezové termofľaše."
"";"";"kuchynske-vybavenie";"0";"1";"4";"1";"Formy na pečenie";"Formy na pečenie";"pecuce-formy";"<p>Silikónové aj plechové formy na pečenie – bábovky, muffiny, torty a chlieb – pekáče a zapekacie misy.</p>";"";"Formy na pečenie, pekáče a zapekacie misy | PremiumStore.sk";"Silikónové aj plechové formy na pečenie, formy na muffiny, bábovky, pekáče a zapekacie misy."
"";"";"kuchynske-vybavenie";"0";"1";"5";"1";"Poháre a fľaše";"Poháre a fľaše";"pohare-a-flase";"<p>Sklenené a plastové poháre, fľaše na vodu na cesty aj do práce, hrnčeky a šálky na kávu a čaj.</p>";"";"Poháre, fľaše na vodu, hrnčeky a šálky | PremiumStore.sk";"Sklenené a plastové poháre, fľaše na vodu, hrnčeky a šálky na kávu aj čaj."
"";"";"domace-spotrebice";"0";"1";"25";"1";"Sporáky a rúry";"Sporáky a rúry";"sporaky-a-rury";"<p>Voľne stojace sporáky s elektrickou rúrou, značky Gorenje, AMICA, Electrolux a G3Ferrari.</p>";"";"Elektrické sporáky Gorenje, AMICA | PremiumStore.sk";"Voľne stojace elektrické sporáky, značky Gorenje, AMICA a Electrolux."
"";"";"domace-spotrebice";"0";"1";"26";"1";"Umývačky riadu";"Umývačky riadu";"umyvacky-riadu";"<p>Voľne stojace umývačky riadu (najmä šírky 60 cm), značky Beko, Gorenje, AMICA a Electrolux.</p>";"";"Voľne stojace umývačky riadu Beko, Gorenje | PremiumStore.sk";"Voľne stojace umývačky riadu 60 cm, značky Beko, Gorenje, AMICA a Electrolux."
"";"";"domace-spotrebice";"0";"1";"27";"1";"Mikrovlnné rúry";"Mikrovlnné rúry";"mikrovlnne-rury";"<p>Voľne stojace mikrovlnné rúry, značky LG, Gorenje, CANDY a BEKO. Pri výbere zohľadnite objem a to, či potrebujete aj grilovaciu funkciu.</p>";"";"Mikrovlnné rúry LG, Gorenje, CANDY | PremiumStore.sk";"Voľne stojace mikrovlnné rúry značiek LG, Gorenje, CANDY a BEKO."
"";"";"domace-spotrebice";"0";"1";"28";"1";"Vinotéky a vitríny";"Vinotéky a vitríny";"vinoteky-a-vitriny";"<p>Vinotéky na skladovanie vína pri optimálnej teplote a chladiace vitríny, prevažne značka Guzzanti.</p>";"";"Vinotéky Guzzanti | PremiumStore.sk";"Voľne stojace vinotéky a chladiace vitríny, značka Guzzanti."
"";"";"domace-spotrebice";"0";"1";"29";"1";"Mrazničky";"Mrazničky";"mraznicky";"<p>Pultové (truhlicové) aj skriňové mrazničky, značky Guzzanti, Beko, Whirlpool a Gorenje.</p>";"";"Pultové mrazničky Guzzanti, Beko, Gorenje | PremiumStore.sk";"Pultové mrazničky Guzzanti, Beko a ďalších značiek pre domácnosť aj chalupu. Porovnajte objem, energetickú triedu a spôsob odmrazovania."
"";"";"domace-spotrebice";"0";"1";"30";"1";"Sušičky potravín";"Sušičky potravín";"susicky-potravin";"<p>Sušičky potravín (dehydratátory) na sušenie ovocia, zeleniny a mäsa, značky EZIDRI, DOMO a Guzzanti.</p>";"";"Sušičky ovocia a potravín EZIDRI, Guzzanti | PremiumStore.sk";"Sušičky ovocia, zeleniny a mäsa (dehydratátory), značky EZIDRI, DOMO a Guzzanti."
"";"";"domace-spotrebice";"0";"1";"31";"1";"Vstavané mikrovlnné rúry";"Vstavané mikrovlnné rúry";"vstavane-mikrovlnne-rury";"<p>Vstavané mikrovlnné rúry do kuchynskej linky, značky Whirlpool, BEKO, Gorenje a Electrolux. Pred kúpou skontrolujte presné rozmery výklenku.</p>";"";"Vstavané mikrovlnky Whirlpool, BEKO, Gorenje | PremiumStore.sk";"Vstavané mikrovlnné rúry do kuchynskej linky, značky Whirlpool, BEKO a Gorenje."
"";"";"domace-spotrebice";"0";"1";"32";"1";"Ostatné domáce spotrebiče";"Ostatné domáce spotrebiče";"ostatne-domace-spotrebice";"<p>Rôznorodé domáce spotrebiče mimo hlavných kategórií – napr. dehydratátory a grily TESLA Cook, značky Euhomy a Girmi.</p>";"";"Sušičky ovocia a ďalšie špeciálne spotrebiče | PremiumStore.sk";"Rôzne špeciálne domáce spotrebiče, ktoré nezapadajú do iných kategórií – Euhomy, Girmi, TESLA Cook."
"";"";"domace-spotrebice";"0";"1";"33";"1";"Vykurovanie a ohrev vody";"Vykurovanie a ohrev vody";"vykurovanie-a-ohrev-vody";"<p>Ohrev vody aj vykurovanie priestoru – prietokové ohrievače vody N'oveen na rýchly ohrev bez bojlera pre kuchyňu, kúpeľňu či chatu. Elektrické <a href=""/vykurovacie-telesa/"">ohrievače a vykurovacie telesá</a> (konvektory, olejové radiátory, keramické a teplovzdušné ohrievače) nájdete v podkategórii.</p>";"";"Ohrievače vody, konvektory a radiátory | PremiumStore.sk";"Prietokové ohrievače vody N'oveen, teplovzdušné konvektory, olejové radiátory a keramické ohrievače."
"";"";"vykurovanie-a-ohrev-vody";"0";"1";"1";"1";"Ohrievače a vykurovacie telesá";"Ohrievače a vykurovacie telesá";"vykurovacie-telesa";"<p>Elektrické vykurovanie na prikúrenie aj ako hlavný zdroj tepla – teplovzdušné konvektory, olejové radiátory, nástenné keramické ohrievače a teplovzdušné ventilátory. Vyberajte podľa výkonu, veľkosti miestnosti a spôsobu montáže (stojaté, nástenné). Značka Solight.</p>";"";"Konvektory, olejové radiátory a ohrievače | PremiumStore.sk";"Teplovzdušné konvektory, olejové radiátory, keramické a teplovzdušné ohrievače Solight na prikúrenie."
"";"";"domace-spotrebice";"0";"1";"34";"1";"Teplomery";"Teplomery";"teplomery-3";"<p>Teplomery pre domácnosť – teplomery na potraviny (Habotest) a solárne termohygrometre BALDRTHERM na meranie teploty a vlhkosti.</p>";"";"Teplomery na potraviny a termohygrometre | PremiumStore.sk";"Teplomery na potraviny a solárne termohygrometre, značky Habotest a BALDRTHERM."
"";"";"domace-spotrebice";"0";"1";"35";"1";"Spotrebiče na párty a oslavy";"Spotrebiče na párty a oslavy";"na-party-a-oslavy";"<p>Spotrebiče na párty a oslavy – fontány na čokoládu, stroje na popcorn a podobné príležitostné spotrebiče, značka Guzzanti.</p>";"";"Fontány na čokoládu a stroje na popcorn | PremiumStore.sk";"Fontány na čokoládu, stroje na popcorn a ďalšie spotrebiče na oslavy, značka Guzzanti."
"";"";"domace-spotrebice";"0";"1";"36";"1";"Vstavané chladenie";"Vstavané chladenie";"vstavane-chladenie";"<p>Vstavané chladničky do kuchynskej linky, značky Beko, Gorenje, Electrolux a Candy. Pred kúpou skontrolujte presné rozmery výklenku.</p>";"";"Vstavané chladničky Beko, Gorenje, Electrolux | PremiumStore.sk";"Vstavané chladničky a kombinácie do kuchynskej linky, značky Beko, Gorenje a ďalších."
"";"";"domace-spotrebice";"0";"0";"37";"1";"Čistiace prístroje a doplnky";"Čistiace prístroje a doplnky";"cistiace-pristroje-a-doplnky";"<p>Čistiace doplnky a náhradné diely – mopy pre robotické vysávače MOVA a ďalšie čistiace prípravky.</p>";"";"Mopy a čistiace doplnky MOVA | PremiumStore.sk";"Náhradné mopy a čistiace doplnky pre robotické vysávače, značka MOVA a HOTO."
"";"";"";"0";"1";"8";"1";"Cestovanie, šport a outdoor";"Cestovanie, šport a outdoor";"cestovanie-sport-a-outdoor";"<p>Kategória pre pohyb a voľný čas – fitness a posilňovanie, bojové športy, cyklistika a elektromobilita, turistika a outdoor, vodné športy aj príslušenstvo pre drony a RC modely. Vyberte si konkrétnu podkategóriu podľa športu alebo aktivity.</p>";"";"Šport, fitness, outdoor a cestovanie | PremiumStore.sk";"Fitness a posilňovanie, bojové športy, cyklistika, turistika, vodné športy aj príslušenstvo pre drony. Široký športový sortiment na PremiumStore.sk."
"";"";"cestovanie-sport-a-outdoor";"0";"1";"1";"1";"Posilňovanie a fitness";"Posilňovanie a fitness";"posilnovanie-a-fitness";"<p>Hlavná kategória posilňovacieho vybavenia – činky a príslušenstvo, posilňovacie lavice a stroje, trenažéry, podložky, stepy a steppery, najmä značka REBEL ACTIVE. Vyberte podľa toho, či budujete domácu posilňovňu alebo hľadáte doplnkové náradie.</p>";"";"Posilňovacie náradie – činky, lavice, trenažéry | PremiumStore.sk";"Činky, posilňovacie lavice, trenažéry, podložky a stepy pre domácu posilňovňu. Značka REBEL ACTIVE."
"";"";"posilnovanie-a-fitness";"0";"1";"1";"1";"Doplnkové posilňovacie pomôcky";"Doplnkové posilňovacie pomôcky";"doplnkove-posilnovacie-pomocky";"<p>Doplnkové posilňovacie pomôcky nadväzujúce na hlavnú ponuku fitness náradia – kettlebelly, gymnastické (odporové) gumy, masážne pomôcky a medicimbaly pre domáce cvičenie aj regeneráciu.</p>";"";"Kettlebelly, gymnastické gumy a masážne pomôcky | PremiumStore.sk";"Kettlebelly, gymnastické gumy, masážne pomôcky a ďalšie doplnkové vybavenie pre posilňovanie a regeneráciu."
"";"";"posilnovanie-a-fitness";"0";"1";"2";"1";"Fitness náradie a vybavenie";"Fitness náradie a vybavenie";"fitness-naradie-a-vybavenie";"<p>Fitness náradie na domáce cvičenie – veslovacie a eliptické trenažéry, smart bike trenažéry Cycplus a vibračné plošiny, najmä značka MERACH.</p>";"";"Veslovacie trenažéry a fitness náradie MERACH | PremiumStore.sk";"Veslovacie a eliptické trenažéry, smart bike trenažéry a vibračné plošiny, značky MERACH a Cycplus."
"";"";"posilnovanie-a-fitness";"0";"1";"3";"1";"Elektrické bežecké pásy";"Elektrické bežecké pásy";"elektricke-bezecke-pasy";"<p>Elektrické bežecké pásy, väčšinou skladacie modely značky UREVO, vhodné aj do menších bytov. Pri výbere zohľadnite maximálnu nosnosť a výkon motora.</p>";"";"Elektrické bežecké pásy UREVO | PremiumStore.sk";"Skladacie elektrické bežecké pásy UREVO pre domáce cvičenie."
"";"";"cestovanie-sport-a-outdoor";"0";"1";"2";"1";"Bojové športy";"Bojové športy";"bojove-sporty";"<p>Vybavenie pre box a MMA – boxerské a MMA rukavice, chrániče (na telo aj holene), lapy a tréningové bloky, boxovacie vaky. Dominuje značka DBX BUSHIDO. Pri výbere rukavíc zohľadnite váhu (oz) podľa typu tréningu.</p>";"";"Boxerské a MMA vybavenie DBX BUSHIDO | PremiumStore.sk";"Boxerské a MMA rukavice, chrániče, boxovacie vaky a tréningové pomôcky, najmä značka DBX BUSHIDO."
"";"";"cestovanie-sport-a-outdoor";"0";"1";"3";"1";"Turistika a outdoor";"Turistika a outdoor";"outdoor";"<p>Všetko na cestu do prírody na jednom mieste – čelovky a LED baterky (aj solárne a nabíjacie), kempingové a turistické vybavenie, rybárske potreby značky Flytec, impregnácie na obuv a odevy, chladiace tašky a boxy. Nájdete tu aj čiapky a čelenky so zabudovaným svetlom od SIXTOL, vákuové kompresné vaky na balenie a elektrické skútre.</p>";"";"Čelovky, kempingové a turistické vybavenie | PremiumStore.sk";"Čelovky a LED baterky, kempingové a turistické vybavenie, rybárske potreby, impregnácie a chladiace tašky."
"";"";"cestovanie-sport-a-outdoor";"0";"1";"4";"1";"Príslušenstvo pre drony";"Príslušenstvo pre drony";"prislusenstvo-pre-drony";"<p>Príslušenstvo pre drony DJI (Mavic, Mini a ďalšie modely) – ND a CPL filtre na objektív, prepravné tašky a kufre. Značky Sunnylife, Freewell a PGYTECH. Vyberte filter/kryt presne podľa modelu vášho dronu.</p>";"";"Filtre a príslušenstvo pre DJI drony | PremiumStore.sk";"ND/CPL filtre, tašky a kufre pre drony DJI (Mavic, Mini), značky Sunnylife, Freewell a PGYTECH."
"";"";"cestovanie-sport-a-outdoor";"0";"1";"5";"1";"Športové vybavenie";"Športové vybavenie";"sportove-vybavenie";"<p>Športové vybavenie – skladacie a freestyle kolobežky, paddleboardy, raketové športy (tenis, bedminton) a detské odrážadlá. Vyberte podľa veku používateľa a typu aktivity.</p>";"";"Kolobežky, paddleboardy a odrážadlá | PremiumStore.sk";"Kolobežky, paddleboardy, raketové športy a detské odrážadlá."
"";"";"cestovanie-sport-a-outdoor";"0";"1";"6";"1";"Hračky";"Hračky";"hracky";"<p>Detské hračky – autodráhy značky Carrera, edukatívne a kreatívne hračky, vzdelávacie podložky a školské pomôcky. Vhodné podľa veku dieťaťa a typu hry (aktívna/tvorivá/edukatívna).</p>";"";"Detské a edukatívne hračky Carrera | PremiumStore.sk";"Autodráhy Carrera, edukatívne a kreatívne hračky, vzdelávacie podložky a školské pomôcky pre deti."
"";"";"cestovanie-sport-a-outdoor";"0";"1";"7";"1";"Ďalekohľady";"Ďalekohľady";"dalekohlady";"<p>Ďalekohľady a teleskopy značky LEVENHUK – binokulárne aj hvezdárske modely, prístroje na nočné videnie a pozorovacie ďalekohľady, vrátane adaptérov na pripojenie smartfónu k ďalekohľadu.</p>";"";"Ďalekohľady a hvezdárske teleskopy LEVENHUK | PremiumStore.sk";"Binokulárne ďalekohľady, hvezdárske teleskopy a nočné videnie, značka LEVENHUK, vrátane teleokulárov pre smartfón."
"";"";"cestovanie-sport-a-outdoor";"0";"1";"8";"1";"Cyklistika";"Cyklistika";"cyklistika";"<p>Cyklistické príslušenstvo – predné a zadné LED svietidlá na bicykel, cyklotašky a reflexné prvky pre bezpečnú jazdu za zníženej viditeľnosti. Značky COMPASS a EMOS.</p>";"";"Cyklistické svetlá a príslušenstvo | PremiumStore.sk";"Predné a zadné svietidlá na bicykel, cyklotašky a reflexné prvky, značky COMPASS a EMOS."
"";"";"cestovanie-sport-a-outdoor";"0";"1";"9";"1";"Podvodné skútre";"Podvodné skútre";"podvodne-skutre";"<p>Podvodné (potápačské) skútre značky Waydoo Subnado, vrátane súprav na pripojenie k SUP doskám a náhradných akumulátorov.</p>";"";"Podvodné skútre Waydoo Subnado | PremiumStore.sk";"Podvodné skútre Waydoo Subnado vrátane príslušenstva pre SUP dosky."
"";"";"cestovanie-sport-a-outdoor";"0";"1";"10";"1";"Batérie pre drony a RC modely";"Batérie pre drony a RC modely";"baterie-pre-drony-a-rc-modely";"<p>Vysokovýkonné LiPo (lítium-polymérové) a NiMH batérie pre RC modely a drony, najmä značky Tattu a Gens ace. Pri výbere zohľadnite kapacitu (mAh), napätie (počet S-článkov) a vybíjací prúd (C) podľa nárokov vášho modelu.</p>";"";"LiPo batérie pre drony a RC modely – Tattu, Gens ace | PremiumStore.sk";"Vysokovýkonné LiPo a NiMH batérie pre RC modely a drony, značky Tattu a Gens ace, rôznych kapacít a vybíjacích prúdov."
"";"";"cestovanie-sport-a-outdoor";"0";"1";"11";"1";"Príslušenstvo pre bicykle";"Príslušenstvo pre bicykle";"prislusenstvo-pre-bicykle";"<p>Príslušenstvo pre bicykle – pumpy, lampy a GPS cyklopočítače značky Cycplus na sledovanie trasy a výkonu.</p>";"";"Cyklopumpy, lampy a GPS počítače Cycplus | PremiumStore.sk";"Cyklistické pumpy, svetlá, GPS bike computery a ďalšie doplnky Cycplus pre bezpečnejšiu a pohodlnejšiu jazdu na bicykli."
"";"";"cestovanie-sport-a-outdoor";"0";"1";"12";"1";"Zdravotné a rehabilitačné pomôcky";"Zdravotné a rehabilitačné pomôcky";"zdravotne-a-rehabilitacne-pomocky";"<p>Zdravotné a rehabilitačné pomôcky – masážne nástroje, zaťažové (gravitačné) deky na lepší spánok a rehabilitačné rotopedy.</p>";"";"Masážne pomôcky a zátažové deky | PremiumStore.sk";"Masážne nástroje, zaťažové (gravitačné) deky a rehabilitačné rotopedy pre domácu regeneráciu."
"";"";"cestovanie-sport-a-outdoor";"0";"1";"13";"1";"Nabíjačky pre drony a RC modely";"Nabíjačky pre drony a RC modely";"nabijacky-pre-drony-a-rc-modely";"<p>Nabíjačky LiPo a NiMH batérií pre RC modely a drony, najmä značka SkyRC (napr. iMax B6). Pri výbere zohľadnite maximálny nabíjací prúd a počet súčasne nabíjaných článkov.</p>";"";"Nabíjačky LiPo batérií SkyRC | PremiumStore.sk";"Nabíjačky LiPo a NiMH batérií pre RC modely a drony, značka SkyRC."
"";"";"cestovanie-sport-a-outdoor";"0";"1";"14";"1";"SUP dosky";"SUP dosky";"sup-dosky";"<p>Nafukovacie paddleboardy (SUP dosky) značky FunWater v rôznych dĺžkach a nosnostiach – pre rekreačné aj športové paddleboardovanie.</p>";"";"Nafukovacie paddleboardy FunWater | PremiumStore.sk";"Nafukovacie SUP paddleboardy značky FunWater rôznych dĺžok."
"";"";"cestovanie-sport-a-outdoor";"0";"1";"15";"1";"Elektrické bicykle a cyklotrenažéry";"Elektrické bicykle a cyklotrenažéry";"elektricke-bicykle";"<p>Elektrické bicykle značky ENGWE a interaktívne cyklotrenažéry Cycplus na pripojenie k domácemu bicyklu. Pri elektrobicykli zohľadnite dojazd a veľkosť kolies, pri trenažéri kompatibilitu s vaším bicyklom.</p>";"";"Elektrické bicykle ENGWE a cyklotrenažéry | PremiumStore.sk";"Elektrické bicykle ENGWE do mesta aj terénu a interaktívne cyklotrenažéry Cycplus na domáci tréning. Vyberte podľa dojazdu, výkonu a odpruženia."
"";"";"cestovanie-sport-a-outdoor";"0";"1";"16";"1";"Stacionárne bicykle";"Stacionárne bicykle";"stacionarne-bicykle";"<p>Stacionárne bicykle na domáce kardio cvičenie – klasické rotopedy, spinningové aj ležadlové modely, značky MERACH a DeerRun.</p>";"";"Rotopedy a spinningové bicykle MERACH | PremiumStore.sk";"Rotopedy, spinningové a ležadlové bicykle pre domáce kardio cvičenie, značky MERACH a DeerRun."
"";"";"";"0";"1";"9";"1";"Profesionálna audio technika";"Profesionálna audio technika";"profesionalna-audio-technika";"<p>Profesionálna audio a svetelná technika pre inštalatérov, DJ-ov a hudobníkov – ozvučenie pódií a diskoték, plošné (100V rozhlasové) ozvučenie budov, mikrofóny a bezdrôtové systémy JTS, DJ svetlá a hudobné nástroje. Dominuje značka Monacor/IMG Stage Line.</p>";"";"Profesionálna audio a svetelná technika Monacor, JTS | PremiumStore.sk";"Ozvučenie pódií a diskoték, 100V rozhlasové ozvučenie, mikrofóny, DJ svetlá a hudobné nástroje. Značky Monacor a JTS."
"";"";"profesionalna-audio-technika";"0";"1";"1";"1";"Pódium, diskotéka, DJ";"Pódium, diskotéka, DJ";"podium--diskoteka--dj";"<p>Vybavenie pre DJ-ov a pódiové vystúpenia – mikrofóny, reproduktorové systémy a zosilňovače, statívy a držiaky, audio procesory a mixážne pulty (powermixy). Značky Monacor, IMG, JTS a Behringer.</p>";"";"DJ mikrofóny, mixy a reproduktorové systémy | PremiumStore.sk";"Mikrofóny, reproduktorové systémy, statívy, audio procesory a mixážne pulty pre DJ a pódiové vystúpenia, značky Monacor, JTS a Behringer."
"";"";"profesionalna-audio-technika";"0";"1";"2";"1";"100 V rozhlasové ozvučenie";"100 V rozhlasové ozvučenie";"100v-rozhlasove-ozvucenie";"<p>Plošné (100V rozhlasové) ozvučenie budov a verejných priestorov – nástenné a stropné reproduktory, zosilňovače, regulátory hlasitosti a IP ozvučovacie systémy. Značky Monacor, BOSE a TANNOY.</p>";"";"100 V rozhlasové ozvučenie – reproduktory, zosilňovače | PremiumStore.sk";"Stropné a nástenné reproduktory, 100 V zosilňovače a transformátory pre plošné ozvučenie predajní, škôl a prevádzok."
"";"";"profesionalna-audio-technika";"0";"1";"3";"1";"Káble, konektory a redukcie";"Káble, konektory a redukcie";"kable--konektory-a-redukcie";"<p>Audio káble, konektory a redukcie pre profesionálne ozvučenie – prevažne značka Monacor, doplnená o profesionálne konektory Neutrik.</p>";"";"Audio káble a konektory Neutrik, Monacor | PremiumStore.sk";"Audio prepojovacie káble, konektory, redukcie a napájacie prvky, značky Monacor a Neutrik."
"";"";"profesionalna-audio-technika";"0";"1";"4";"1";"PA reproduktory";"PA reproduktory";"pa-reproduktory";"<p>Profesionálne PA reproduktory – univerzálne, stredo-basové, výškové aj širokopásmové, doplnené o príslušenstvo k reproduktorom. Prevažne značka Monacor.</p>";"";"PA reproduktory pre ozvučenie priestorov | PremiumStore.sk";"Profesionálne PA reproduktory na ozvučenie predajní, reštaurácií a hál – inštalačné, stropné aj pódiové."
"";"";"profesionalna-audio-technika";"0";"1";"5";"1";"Svetlá pre DJ a diskotéky";"Svetlá pre DJ a diskotéky";"svetla-2";"<p>Svetelná technika pre DJ-ov a diskotéky – špeciálne efekty (dymostroje), otočné hlavy a skenery (moving heads), diskotékové svetelné efekty a architektonické LED osvetlenie. Značky BoomTone, Evoli a MacMa.</p>";"";"DJ svetlá a moving heads BoomTone, Evoli | PremiumStore.sk";"Diskotékové a pódiové svetelné efekty, moving heads a architektonické LED osvetlenie, značky BoomTone, Evoli a MacMa."
"";"";"profesionalna-audio-technika";"0";"1";"6";"1";"Mikrofóny a bezdrôtové systémy";"Mikrofóny a bezdrôtové systémy";"mikrofony-a-bezdrotove-systemy";"<p>Kompletný sortiment značky JTS – mikrofóny a bezdrôtové systémy aj inštalačné príslušenstvo (káble, nabíjacie stanice).</p>";"";"Mikrofóny a bezdrôtové systémy JTS | PremiumStore.sk";"Dynamické a kondenzátorové mikrofóny, bezdrôtové sety a konferenčné systémy JTS pre pódium aj inštalácie."
"";"";"profesionalna-audio-technika";"0";"1";"7";"1";"Súčiastky, meracia technika a DIY pre audio";"Súčiastky, meracia technika a DIY pre audio";"suciastky-a-diy-pre-audio";"<p>Súčiastky a technika pre stavbu a servis audio zariadení – panelové meracie prístroje (VU metre), stavebnice reproduktorových skríň, akumulátory a nabíjačky, napájacie zdroje a potenciometre/prepínače. Prevažne značka Monacor.</p>";"";"Meracie prístroje a stavebnice reproduktorov Monacor | PremiumStore.sk";"Panelové meracie prístroje, stavebnice reproduktorových skríň, akumulátory a napájacie zdroje pre audio DIY, značka Monacor."
"";"";"profesionalna-audio-technika";"0";"1";"8";"1";"Hudobné nástroje a príslušenstvo";"Hudobné nástroje a príslušenstvo";"hudobne-nastroje-a-prislusenstvo";"<p>Hudobné nástroje a príslušenstvo – najmä gitarové príslušenstvo, doplnené o digitálne mixážne rozhrania (Digital Snake) a ovládacie pulty Behringer.</p>";"";"Gitarové príslušenstvo a MIDI rozhrania Behringer | PremiumStore.sk";"Gitarové príslušenstvo, digitálne mixážne rozhrania a ladičky, značka Behringer."
"";"";"profesionalna-audio-technika";"0";"1";"9";"1";"Tlmočnícke a konferenčné systémy";"Tlmočnícke a konferenčné systémy";"tlmocnicke--sprievodcovske-a-konferencne-systemy";"<p>Bezdrôtové tlmočnícke, sprievodcovské a konferenčné systémy s prenosnými prijímačmi – značky Monacor a JTS, vhodné pre sprievodcovské túry aj konferencie.</p>";"";"Bezdrôtové tlmočnícke a konferenčné systémy | PremiumStore.sk";"Bezdrôtové sprievodcovské a konferenčné systémy s prijímačmi, značky Monacor a JTS."
"";"";"profesionalna-audio-technika";"0";"1";"10";"1";"Car audio";"Car audio";"car-audio";"<p>Prídavné a bezdrôtové reproduktory do auta a ďalšie príslušenstvo pre autorádiá a car audio zostavy, značka Monacor.</p>";"";"Prídavné reproduktory do auta Monacor | PremiumStore.sk";"Prídavné a bezdrôtové reproduktory do auta a príslušenstvo pre autorádiá, značka Monacor."
"";"";"profesionalna-audio-technika";"0";"1";"11";"1";"Multi-room ozvučenie";"Multi-room ozvučenie";"multi-room-ozvucenie";"<p>Multi-room ozvučenie pre viac miestností/zón súčasne – bezdrôtové stereo zosilňovače a viaczónové predzosilňovače, značka ARY.</p>";"";"Multi-room zosilňovače a systémy ARY | PremiumStore.sk";"Bezdrôtové stereo zosilňovače a viaczónové multi-room predzosilňovače, značka ARY."
"";"";"";"0";"1";"10";"1";"Elektro, Smart Home a osvetlenie";"Elektro, Smart Home a osvetlenie";"elektro-smart-home-a-osvetlenie";"<p>Táto kategória spája elektroinštalačný materiál a osvetlenie (káble, ističe, rozvádzače, vypínače, LED svietidlá) so zabezpečovacou technikou a smart domácnosťou (kamery, senzory, inteligentné zásuvky a riadiace jednotky). Vyberte si konkrétnu podkategóriu podľa toho, či riešite elektroinštaláciu, osvetlenie, alebo zabezpečenie a automatizáciu domácnosti.</p>";"";"Elektroinštalačný materiál, osvetlenie a smart domácnosť | PremiumStore.sk";"Elektroinštalačný materiál, LED osvetlenie, kamerové systémy a smart domácnosť. Značky Solight, VENTS, EMOS a ďalšie."
"";"";"elektro-smart-home-a-osvetlenie";"0";"1";"1";"1";"Predlžovacie káble a vidlice";"Predlžovacie káble a vidlice";"predlzovacie-kable-a-vidlice";"<p>Predlžovacie káble a prívody, priemyselné aj bežné domáce vidlice a zásuvky, viaczásuvkové a jednozásuvkové predlžovačky – značky Solight, EMOS a ORNO.</p>";"";"Predlžovacie káble a priemyselné vidlice | PremiumStore.sk";"Predlžovacie prívody, priemyselné aj domáce vidlice a zásuvky, viaczásuvkové predlžovačky, značky Solight a ORNO."
"";"";"elektro-smart-home-a-osvetlenie";"0";"1";"2";"1";"Rozvádzačové prvky";"Rozvádzačové prvky";"rozvadzacove-prvky";"<p>Prvky do elektrických rozvádzačov – prepojovacie a rozbočovacie svorky, svorkovnice, DIN lišty s príslušenstvom a bloky pre rozdelenie fáz. Značka ORNO.</p>";"";"Svorkovnice a DIN lišty pre rozvádzače | PremiumStore.sk";"Prepojovacie a rozbočovacie svorky, svorkovnice, DIN lišty a prepojovacie lišty pre elektrické rozvádzače."
"";"";"elektro-smart-home-a-osvetlenie";"0";"1";"3";"1";"Vzduchotechnika a montážne príslušenstvo";"Vzduchotechnika a montážne príslušenstvo";"ventilacne-technika";"<p>Montážna vzduchotechnika – vzduchovody a potrubie, mriežky a anemostaty, spätné klapky, tlmiče hluku a priemyselné aj potrubné ventilátory VENTS. Je to inštalačný materiál pre rozvod vetrania. Stolové, stojanové a okenné ventilátory do domácnosti nájdete v kategórii <a href=""/ventilatory/"">Ventilátory</a>.</p>";"";"Vzduchotechnika – potrubie, mriežky, ventilátory | PremiumStore.sk";"Vzduchovody a potrubie, mriežky, spätné klapky a priemyselné ventilátory VENTS na montáž vetrania v dome, dielni aj prevádzke."
"";"";"elektro-smart-home-a-osvetlenie";"0";"1";"4";"1";"Montážne skrine a rozvádzače";"Montážne skrine a rozvádzače";"montazne-skrine-a-rozvadzace";"<p>Montážne skrine a rozvádzače – samostatné aj vopred osadené elektrické rozvádzače, zásuvkové skrine, revízne dvierka (aj kovové VENTS) a skrine pre kamerové systémy.</p>";"";"Elektrické rozvádzače a zásuvkové skrine | PremiumStore.sk";"Samostatné aj osadené elektrické rozvádzače, zásuvkové skrine, revízne dvierka a skrine pre kamerové systémy."
"";"";"elektro-smart-home-a-osvetlenie";"0";"1";"5";"1";"Smart domácnosť – zariadenia";"Smart domácnosť – zariadenia";"smart-domacnost";"<p>Konkrétne zariadenia smart domácnosti – inteligentné WiFi zásuvky a napájacie lišty, smart termostaty, zámky a senzory, značky Meross, EMOS GoSmart a GETI. Riadiace huby a ovládače nájdete v kategórii Riadiace jednotky.</p>";"";"Smart zásuvky, termostaty a senzory | PremiumStore.sk";"Inteligentné WiFi zásuvky, termostaty, zámky a senzory pre smart domácnosť, značky Meross, EMOS GoSmart a GETI."
"";"";"elektro-smart-home-a-osvetlenie";"0";"1";"6";"1";"Osvetlenie – svietidlá";"Osvetlenie – svietidlá";"osvetlenie";"<p>Svietidlá a lampy pre domácnosť aj exteriér – nabíjacie čelové svietidlá, stropné, stolové a nočné lampy, záhradné svietidlá, značky Solight a EMOS. Konkrétne typy LED žiaroviek a pások nájdete v podkategórii LED osvetlenie.</p>";"";"Svietidlá, lampy a záhradné osvetlenie Solight, EMOS | PremiumStore.sk";"Nabíjacie čelové svietidlá, stropné a stolové lampy a záhradné svietidlá, značky Solight a EMOS."
"";"";"osvetlenie";"0";"1";"1";"1";"LED osvetlenie";"LED osvetlenie";"led-osvetlenie";"<p>Najširšia ponuka LED osvetlenia – LED žiarovky do klasických aj špeciálnych pätíc, LED pásy, reflektory, stropné panely a kúpeľňové osvetlenie nad zrkadlo. Dominuje značka Solight, doplnená o Osram. Pri výbere zohľadnite pätice/rozmer a teplotu svetla (K).</p>";"";"LED žiarovky, pásy a reflektory Solight | PremiumStore.sk";"LED žiarovky, LED pásy, reflektory, panely a kúpeľňové osvetlenie, prevažne značka Solight a Osram."
"";"";"osvetlenie";"0";"1";"2";"1";"Vianočné osvetlenie a dekorácie";"Vianočné osvetlenie a dekorácie";"vianocne-osvetlenie";"<p>Vianočné LED reťaze (vonkajšie aj vnútorné, s viacerými svetelnými funkciami) a vianočné dekorácie, prevažne značka Solight.</p>";"";"Vianočné LED reťaze a dekorácie Solight | PremiumStore.sk";"Vonkajšie aj vnútorné LED vianočné reťaze a dekorácie, značka Solight."
"";"";"osvetlenie";"0";"1";"3";"1";"Komponenty pre svietidlá";"Komponenty pre svietidlá";"komponenty-pre-svietidla";"<p>Náhradné komponenty pre svietidlá – objímky, svorkovnice pre priemyselné svietidlá, kolískové svetelné vypínače a PIR pohybové senzory Solight na automatické spínanie osvetlenia.</p>";"";"Objímky, svorkovnice a PIR senzory Solight | PremiumStore.sk";"Objímky, svorkovnice pre priemyselné svietidlá, svetelné vypínače a PIR pohybové senzory Solight."
"";"";"elektro-smart-home-a-osvetlenie";"0";"1";"7";"1";"Profesionálne kamerové systémy";"Profesionálne kamerové systémy";"kamerove-systemy";"<p>Profesionálne kamerové systémy pre trvalý dohľad nad objektom – IP kamery CP PLUS (dome, PTZ, 4v1), sieťové videorekordéry (NVR) a inštalačné príslušenstvo (napájanie, UTP káble, sieťové prvky). Vhodné pre firmy aj rozsiahlejšie domáce inštalácie.</p>";"";"IP kamerové systémy CP PLUS a NVR rekordéry | PremiumStore.sk";"Profesionálne IP kamerové systémy CP PLUS – vonkajšie a vnútorné kamery, NVR videorekordéry a príslušenstvo."
"";"";"elektro-smart-home-a-osvetlenie";"0";"1";"8";"1";"Vypínače a nástenné zásuvky";"Vypínače a nástenné zásuvky";"vypinace--zasuvky--krabice";"<p>Nástenné vypínače a zásuvky do bytových aj vlhkých priestorov (rady GALATEA IP44, ATLAS IP55), zásuvkové bloky a lišty a elektroinštalačné krabice. Značky ORNO a EMOS.</p>";"";"Vypínače a zásuvky ORNO, GALATEA, ATLAS | PremiumStore.sk";"Nástenné vypínače a zásuvky (aj v prevedení IP44/IP55), elektroinštalačné krabice, značky ORNO, GALATEA a ATLAS."
"";"";"elektro-smart-home-a-osvetlenie";"0";"1";"9";"1";"Inštalačné príslušenstvo";"Inštalačné príslušenstvo";"instalacne-prislusenstvo";"<p>Drobné inštalačné príslušenstvo pre elektrikárov – káblové spojky a oká, hmoždinky a skrutky, elektroinštalačné rúrky a chráničky, sťahovacie a izolačné pásky.</p>";"";"Káblové spojky, hmoždinky a chráničky | PremiumStore.sk";"Káblové spojky a oká, hmoždinky a skrutky, rúrky a chráničky, sťahovacie a izolačné pásky pre elektroinštalačné práce."
"";"";"elektro-smart-home-a-osvetlenie";"0";"1";"10";"1";"Elektromery a spínacia technika";"Elektromery a spínacia technika";"elektromery-a-spinacie-technika";"<p>Elektromery a spínacia technika – súmrakové spínače (zapínanie podľa intenzity svetla), termostaty, spínacie a časové hodiny a pohybové čidlá. Slúžia na automatizované riadenie osvetlenia, kúrenia a ďalších spotrebičov bez potreby smart domácnosti.</p>";"";"Súmrakové spínače, termostaty a spínacie hodiny | PremiumStore.sk";"Súmrakové spínače, termostaty, spínacie hodiny a pohybové čidlá pre automatické riadenie osvetlenia a vykurovania."
"";"";"elektro-smart-home-a-osvetlenie";"0";"1";"11";"1";"Ističe a chrániče";"Ističe a chrániče";"istice-a-chranice";"<p>Ochranné prvky elektrickej inštalácie – ističe AC, prúdové chrániče, stykače, poistkové odpojovače a prepäťové ochrany AC/DC (vrátane ochrany fotovoltaických inštalácií).</p>";"";"Ističe, prúdové chrániče a prepäťové ochrany | PremiumStore.sk";"Ističe AC, prúdové chrániče, stykače a prepäťové ochrany pre domáce aj priemyselné rozvádzače."
"";"";"elektro-smart-home-a-osvetlenie";"0";"1";"12";"1";"Káble a vodiče";"Káble a vodiče";"kable-a-vodice";"<p>Elektroinštalačné a špeciálne káble – silové káble na rozvody, solárne (fotovoltaické) káble s MC4 konektormi, koaxiálne káble pre TV/SAT rozvody a dvojlinky.</p>";"";"Silové, solárne a koaxiálne káble | PremiumStore.sk";"Silové elektroinštalačné káble, solárne (fotovoltaické) káble, koaxiálne káble a dvojlinky."
"";"";"elektro-smart-home-a-osvetlenie";"0";"1";"13";"1";"Smart riadiace jednotky a huby";"Smart riadiace jednotky a huby";"riadiace-jednotky";"<p>Riadiace jednotky smart domácnosti – WiFi a Zigbee huby/brány (SONOFF ZBDongle, RF Bridge) a univerzálne smart diaľkové ovládače SwitchBot, ktoré prepájajú jednotlivé smart zariadenia do jedného systému.</p>";"";"Smart huby a ovládače SONOFF, SwitchBot | PremiumStore.sk";"WiFi/Zigbee smart huby, brány a diaľkové ovládače pre smart domácnosť, značky SONOFF a SwitchBot."
"";"";"elektro-smart-home-a-osvetlenie";"0";"1";"14";"1";"Viacnásobné zásuvky a izolačný materiál";"Viacnásobné zásuvky a izolačný materiál";"viacnasobne-zasuvky-a-izolacny-material";"<p>Viacnásobné zásuvky (rozdvojky) do jednej zásuvky, prevažne značka Solight, doplnené o izolačný materiál pre elektroinštalačné práce.</p>";"";"Viacnásobné zásuvky Solight a izolačný materiál | PremiumStore.sk";"Viacnásobné (rozdvojkové) zásuvky Solight a izolačný materiál pre elektroinštalačné práce."
"";"";"elektro-smart-home-a-osvetlenie";"0";"1";"15";"1";"IP kamery";"IP kamery";"ip-kamery-3";"<p>Jednoduché WiFi IP kamery pre domácu smart domácnosť – vnútorné aj vonkajšie modely značiek TP-Link, Imou a Gosund, ovládateľné cez mobilnú aplikáciu. Pre profesionálne CCTV riešenia s nahrávaním na NVR pozrite kategóriu Kamerové systémy.</p>";"";"Smart IP kamery TP-Link, Imou, Gosund | PremiumStore.sk";"Domáce WiFi IP kamery pre smart domácnosť, značky TP-Link, Imou a Gosund – vnútorné aj vonkajšie."
"";"";"elektro-smart-home-a-osvetlenie";"0";"1";"16";"1";"Zabezpečenie – detektory a senzory";"Zabezpečenie – detektory a senzory";"zabezpecenie";"<p>Bezpečnostné senzory a detektory – laserové a PIR senzory pohybu (F&F) a detektory úniku CO, CO2, plynu a vody (Solight) na včasné varovanie pred rizikom v domácnosti.</p>";"";"PIR senzory a detektory CO/plynu | PremiumStore.sk";"Laserové a PIR senzory pohybu, detektory CO, CO2, plynu a vody, značky F&F a Solight."
"";"";"elektro-smart-home-a-osvetlenie";"0";"1";"17";"1";"Pohony brán a vrát";"Pohony brán a vrát";"pohony-bran-a-vrat";"<p>Pohony posuvných, krídlových a sekčných brán a garážových vrát vrátane diaľkových ovládačov a príslušenstva. Doplnené o parkovacie zábrany a schránky na kľúče.</p>";"";"Pohony posuvných a krídlových brán | PremiumStore.sk";"Pohony posuvných, krídlových a sekčných brán, diaľkové ovládače, príslušenstvo a parkovacie zábrany."
"";"";"elektro-smart-home-a-osvetlenie";"0";"1";"18";"1";"Inštalačné náradie a materiál";"Inštalačné náradie a materiál";"instalacne-naradie-a-material";"<p>Náradie a materiál pre elektroinštaláciu – rozbehové kondenzátory, lisovacie kliešte na káblové oká, elektrické zámky a inštalačná chémia.</p>";"";"Inštalačné náradie, kondenzátory a zámky | PremiumStore.sk";"Rozbehové kondenzátory, lisovacie kliešte, elektrické zámky a chémia pre elektroinštaláciu."
"";"";"elektro-smart-home-a-osvetlenie";"0";"1";"19";"1";"Bezdrôtové zvončeky";"Bezdrôtové zvončeky";"zvonceky-2";"<p>Bezdrôtové zvončeky značky Solight s dosahom až 180 m, niektoré modely aj s nočným svetielkom a funkciou učenia kódu (learning code).</p>";"";"Bezdrôtové zvončeky Solight | PremiumStore.sk";"Bezdrôtové zvončeky Solight s dosahom až 180 m, aj s nočným svetielkom."
"";"";"elektro-smart-home-a-osvetlenie";"0";"1";"20";"1";"Príslušenstvo pre zabezpečovacie systémy";"Príslušenstvo pre zabezpečovacie systémy";"prislusenstvo-pre-zabezpecovacie-systemy";"<p>Doplnkové príslušenstvo k zabezpečovacím senzorom a systémom Sonoff – montážne konzoly na DIN lištu, predlžovacie káble senzorov a ochranné kryty.</p>";"";"Príslušenstvo Sonoff pre senzory a alarmy | PremiumStore.sk";"Montážne konzoly, predlžovacie káble a kryty pre senzory zabezpečovacích systémov Sonoff."
"";"";"elektro-smart-home-a-osvetlenie";"0";"1";"21";"1";"Cestovné adaptéry";"Cestovné adaptéry";"cestovne-adaptery-3";"<p>Cestovné elektrické adaptéry značky Solight pre rôzne regióny sveta (USA, Afrika, Blízky východ a ďalšie), vrátane univerzálnych a uzemnených variantov.</p>";"";"Cestovné elektrické adaptéry Solight | PremiumStore.sk";"Cestovné adaptéry Solight pre rôzne krajiny sveta – univerzálne aj uzemnené varianty."
"";"";"";"0";"1";"11";"1";"Energia a napájanie";"Energia a napájanie";"fotovoltaika-a-energie";"<p>Všetko pre výrobu, uskladnenie a zálohovanie elektrickej energie – fotovoltaika od panelov po konštrukcie, akumulátory a batérie, nabíjačky, meniče napätia, záložné zdroje UPS, napájacie zdroje a prenosné elektrické stanice. Vyberte si podkategóriu podľa toho, či riešite solárnu inštaláciu, nabíjanie akumulátorov alebo zálohovanie napájania pri výpadku siete.</p>";"";"Fotovoltaika, akumulátory a záložné zdroje | PremiumStore.sk";"Fotovoltaika, akumulátory a batérie, nabíjačky, meniče napätia, záložné zdroje UPS, napájacie zdroje a elektrické stanice."
"";"";"fotovoltaika-a-energie";"0";"1";"1";"1";"Fotovoltaika";"Fotovoltaika";"fotovoltaika";"<p>Kompletná fotovoltaika – solárne panely a solárne meniče napätia, regulátory nabíjania MPPT aj PWM, montážne konštrukcie pre panely, solárne káble a konektory, rozvádzače, elektromery a prepäťová aj blesková ochrana FV inštalácií. Nájdete tu aj hotové solárne zostavy.</p><p>Výber komponentu sa riadi typom a výkonom konkrétnej inštalácie.</p>";"";"Fotovoltaika – panely, regulátory a konštrukcie | PremiumStore.sk";"Solárne panely a meniče, regulátory nabíjania, montážne konštrukcie, solárne káble, konektory, rozvádzače a ochrana FV inštalácií."
"";"";"fotovoltaika-a-energie";"0";"1";"2";"1";"Akumulátory a batérie";"Akumulátory a batérie";"akumulatory-a-baterie";"<p>Ponuka zahŕňa akumulátory a batérie viacerých typov – olovené (najviac zastúpené), LiFePO4, gombíkové, NiMH nabíjacie aj klasické AA. Veľkú časť ponuky tvorí aj pripojovacie príslušenstvo pre ich zapojenie: káblové oká, dutinky, faston konektory a svorky rôznych priemerov a prierezov vodiča.</p><p>Pri výbere akumulátora zohľadnite kapacitu a napätie, pri príslušenstve priemer oka/dutinky a prierez kábla.</p>";"";"Akumulátory, batérie a pripojovacie príslušenstvo | PremiumStore.sk";"Olovené, LiFePO4, gombíkové aj AA batérie a akumulátory, plus káblové oká, dutinky a faston konektory na ich zapojenie."
"";"";"fotovoltaika-a-energie";"0";"1";"3";"1";"Záložné zdroje a UPS";"Záložné zdroje a UPS";"zalozne-zdroje-a-ups";"<p>Najžiadanejšie sú tu záložné zdroje pre obehové čerpadlá kúrenia – pri výpadku prúdu udržia kúrenie v prevádzke. Doplnené o UPS a stabilizátory napätia (VOLT, KRUGER), powerbanky a hybridné solárne/veterné nabíjacie turbíny VIVI. Pri UPS zohľadnite výkon (VA/W) a záložný čas.</p>";"";"Záložný zdroj pre obehové čerpadlo, UPS, powerbanky | PremiumStore.sk";"Záložné zdroje pre obehové čerpadlá kúrenia pri výpadku prúdu, UPS a stabilizátory VOLT/KRUGER, powerbanky aj hybridné solárne turbíny."
"";"";"fotovoltaika-a-energie";"0";"1";"4";"1";"Nabíjačky batérií a akumulátorov";"Nabíjačky batérií a akumulátorov";"nabijacky";"<p>Nabíjačky rozdelené podľa typu nabíjaného akumulátora – autobatérie, olovené akumulátory (napr. do UPS) a LiFePO4. V ponuke nájdete značky COMPASS, EMOS aj profesionálne nabíjačky Victron Energy. Pri výbere zvoľte nabíjačku podľa chémie a napätia vášho akumulátora.</p>";"";"Nabíjačky batérií a akumulátorov | PremiumStore.sk";"Nabíjačky tužkových batérií, olovených aj lítiových akumulátorov. Vyberte podľa typu článku, kapacity a nabíjacieho prúdu."
"";"";"fotovoltaika-a-energie";"0";"1";"5";"1";"Napájacie zdroje";"Napájacie zdroje";"napajacie-zdroje-2";"<p>Napájacie zdroje a USB adaptéry, v ponuke prevažne značka Solight, doplnené priemyselnými zdrojmi pre náročnejšie aplikácie. Pri výbere zohľadnite požadované výstupné napätie a prúd podľa napájaného zariadenia.</p>";"";"Napájacie zdroje a USB adaptéry Solight | PremiumStore.sk";"Napájacie a USB adaptéry prevažne značky Solight, plus priemyselné zdroje pre náročnejšie aplikácie."
"";"";"fotovoltaika-a-energie";"0";"1";"6";"1";"Meniče napätia";"Meniče napätia";"menice-napatia";"<p>Menič napätia prevádza jednosmerné napätie z batérie (12V/24V) na sieťové 230V. V ponuke nájdete meniče značiek Carspa, KEMOT a EPever vrátane modelov určených priamo pre solárne systémy. Pri výbere zohľadnite trvalý a špičkový výkon a typ priebehu (čistá vs. modifikovaná sínusovka).</p>";"";"Meniče napätia 12V/230V – Carspa, KEMOT, EPever | PremiumStore.sk";"Meniče napätia z 12V/24V na 230V značiek Carspa, KEMOT a EPever – do auta, karavanu, na solárne aj záložné systémy."
"";"";"fotovoltaika-a-energie";"0";"1";"7";"1";"Prenosné elektrické stanice";"Prenosné elektrické stanice";"prenosne-elektricke-stanice";"<p>Prenosné elektrické stanice FOSSIBOT s výkonom od 1200 W do 7200 W – záložný zdroj so vstavaným akumulátorom, meničom a viacerými výstupmi. Doplnené o nabíjacie káble a solárny panel pre DJI Power stanice.</p>";"";"Prenosné elektrické stanice a nabíjacie stanice | PremiumStore.sk";"Prenosné elektrické stanice s batériou na kemping, chatu aj zálohu pri výpadku. Vyberte podľa kapacity, výkonu a výstupov."
"";"";"";"0";"1";"12";"1";"TV, audio, video a foto technika";"TV, audio, video a foto technika";"tv-foto-audio-video";"<p>Táto kategória združuje televízory, projektory, audio techniku, anténnu a satelitnú techniku aj fotografiu a akčné kamery vrátane príslušenstva. Vyberte si konkrétnu podkategóriu podľa typu zariadenia, ktoré hľadáte.</p>";"";"TV, foto, audio a video technika | PremiumStore.sk";"Televízory, projektory, audio technika, fotoaparáty a príslušenstvo k akčným kamerám. Značky Samsung, TCL, BOSE, YAMAHA a ďalšie."
"";"";"tv-foto-audio-video";"0";"1";"1";"1";"Audio technika";"Audio technika";"audio-technika";"<p>Audio technika zahŕňa najmä slúchadlá (BOSE, MEZE, SONY), HiFi reproduktory a komponenty YAMAHA, soundbary, mikrofóny, rádiá a rádiobudíky aj domáce interkomy. Vyberte si podľa toho, či hľadáte počúvanie na cestách, domáce kino alebo hi-fi zostavu.</p><p>Pri slúchadlách zohľadnite typ (uzavreté/otvorené, bezdrôtové), pri reproduktoroch výkon a určenie (do miestnosti/vonku).</p>";"";"Audio technika – slúchadlá, reproduktory, mikrofóny | PremiumStore.sk";"Slúchadlá BOSE, MEZE a SONY, HiFi reproduktory YAMAHA, soundbary, mikrofóny a rádiá. Široká ponuka audio techniky pre domácnosť aj štúdio."
"";"";"audio-technika";"0";"1";"1";"1";"HiFi a domáce reproduktory";"HiFi a domáce reproduktory";"hifi-a-domace-reproduktory";"<p>Reproduktory pre domáce kino a HiFi zostavy – najmä značka YAMAHA (regálové aj do surround zostáv), doplnené o BOSE, Ultimea, EDIFIER a profesionálne Behringer. Pri výbere zohľadnite typ pripojenia (aktívne/pasívne) a určenie priestoru.</p>";"";"HiFi a domáce reproduktory – Edifier, Yamaha | PremiumStore.sk";"HiFi a domáce reproduktory značiek Edifier, Yamaha a Bose – aktívne poličkové, stĺpové aj štúdiové monitory."
"";"";"tv-foto-audio-video";"0";"1";"2";"1";"Antény a satelity";"Antény a satelity";"anteny-a-satelity";"<p>Táto kategória pokrýva celý reťazec príjmu televízneho signálu: montážne konzoly, stožiare a uzemnenie, koaxiálne káble a konektory, anténne zosilňovače, samotné antény, LNB konvertory a pasívne prvky (rozbočovače, slučky). Nájdete tu aj hotové satelitné a DVB-T2/T prijímače a set-top-boxy.</p><p>Pri výbere montážneho príslušenstva zohľadnite typ strechy/stožiara, pri zosilňovačoch počet pripojených zásuviek a útlm signálu.</p>";"";"Antény, satelitná technika a príslušenstvo | PremiumStore.sk";"Kompletné príslušenstvo pre príjem TV signálu – konzoly a stožiare, konektory, zosilňovače, antény, LNB konvertory aj satelitné a DVB-T2 prijímače."
"";"";"tv-foto-audio-video";"0";"1";"3";"1";"Televízory";"Televízory";"televizory";"<p>Televízory najmä značky Samsung (QLED a NEO QLED modely), doplnené o TCL a FINLUX. Pri výbere zohľadnite uhlopriečku, rozlíšenie a typ panela podľa veľkosti a osvetlenia vašej obývačky.</p>";"";"Televízory Samsung, TCL, FINLUX | PremiumStore.sk";"Televízory značiek Samsung (QLED, NEO QLED), TCL a FINLUX v rôznych uhlopriečkach a rozlíšeniach."
"";"";"tv-foto-audio-video";"0";"1";"4";"1";"AV káble";"AV káble";"av-kable";"<p>AV káble na prepojenie televízorov, počítačov a sieťových zariadení – v ponuke prevažne sieťové UTP CAT.5E káble a HDMI prepojenia značky Solight. Pri výbere zohľadnite typ konektora a potrebnú dĺžku kábla.</p>";"";"AV káble – HDMI, sieťové a koaxiálne | PremiumStore.sk";"AV káble a konektory, prevažne značky Solight – sieťové UTP káble, HDMI a video prepojenia."
"";"";"tv-foto-audio-video";"0";"1";"5";"1";"Projektory";"Projektory";"projektory-4";"<p>Projektory pre domáce kino aj prezentácie, doplnené o elektrické aj statické premietacie plátna značiek BlitzWolf a AURZEN. Pri výbere zohľadnite svetelnosť projektora a rozmer plátna podľa veľkosti miestnosti.</p>";"";"Projektory a premietacie plátna | PremiumStore.sk";"Projektory a premietacie plátna, značky AURZEN a BlitzWolf, aj mini prenosné modely."
"";"";"tv-foto-audio-video";"0";"1";"6";"1";"TV stolíky a držiaky";"TV stolíky a držiaky";"tv-stoliky-a-drziaky";"<p>Nástenné držiaky televízorov (pevné, s náklonom aj s odsadením a otáčaním) a TV stolíky – najmä značky Cabletech, doplnené o Solight a Barkan. Pri výbere zohľadnite VESA rozstup a hmotnosť vášho televízora.</p>";"";"TV držiaky a stolíky – Cabletech, Barkan | PremiumStore.sk";"Nástenné TV držiaky s náklonom aj odsadením a TV stolíky, značky Cabletech, Solight a Barkan."
"";"";"tv-foto-audio-video";"0";"1";"7";"1";"Príslušenstvo k TV, audio a video technike";"Príslušenstvo k TV, audio a video technike";"prislusenstvo-k-tv--audio--video";"<p>Doplnkové príslušenstvo k televíznej a audio technike – nástenné držiaky televízorov (Samsung), audio prevodníky a náhradné batérie do diaľkových ovládačov.</p>";"";"Príslušenstvo k TV a audio technike | PremiumStore.sk";"Držiaky televízorov Samsung, audio prevodníky a batérie do diaľkových ovládačov."
"";"";"tv-foto-audio-video";"0";"1";"8";"1";"Video technika";"Video technika";"video-technika";"<p>Multimediálne centrá a Android TV boxy, ktoré rozšíria starší televízor o smart funkcie a streamovanie – značky Homatics, Strong, MASCOM a TESLA, viaceré s vstavaným DVB-T2 tunerom.</p>";"";"Multimediálne prehrávače a TV boxy | PremiumStore.sk";"Android TV boxy a multimediálne prehrávače s DVB-T2 tunerom, značky Homatics, Strong, MASCOM a TESLA."
"";"";"tv-foto-audio-video";"0";"1";"9";"1";"Foto a príslušenstvo";"Foto a príslušenstvo";"foto-a-prislusenstvo";"<p>Fotografická kategória zahŕňa digitálne kompakty, fotoateliérové vybavenie, fotopasce, gimbaly a stabilizátory a najmä široké príslušenstvo pre akčné kamery (GoPro, Insta360, DJI Osmo Action) – selfie tyče, filtre, puzdrá a prepravné súpravy.</p>";"";"Fotoaparáty, akčné kamery a príslušenstvo | PremiumStore.sk";"Kompaktné fotoaparáty, akčné kamery, fotopasce, gimbaly a kompletné príslušenstvo pre fotografiu aj GoPro/Insta360/DJI Osmo."
"";"";"foto-a-prislusenstvo";"0";"1";"1";"1";"Príslušenstvo pre fotoaparáty a akčné kamery";"Príslušenstvo pre fotoaparáty a akčné kamery";"prislusenstvo-pre-fotoaparaty-a-akcne-kamery";"<p>Široké príslušenstvo najmä pre športové/akčné kamery (GoPro, Insta360, DJI Osmo Action) – ochranné a vodotesné kryty, magnetické adaptéry, slnečné clony a náhradné diely, značka Sunnylife. Doplnené o príslušenstvo pre klasické fotoaparáty a videokamery aj stabilizátory.</p>";"";"Príslušenstvo pre akčné kamery a fotoaparáty | PremiumStore.sk";"Krytky, filtre, magnetické a vodotesné puzdrá a ďalšie príslušenstvo pre športové kamery, fotoaparáty aj stabilizátory. Značka Sunnylife."
"";"";"foto-a-prislusenstvo";"0";"1";"2";"1";"Statívy, držiaky a upevnenie pre kamery";"Statívy, držiaky a upevnenie pre kamery";"stativy-drziaky-a-upevnenie";"<p>Upevnenie akčnej kamery kamkoľvek – hrudné a hlavové postroje, prísavky na sklo a držiaky na bicykel, statívy a trojnožky, selfie tyče aj adaptéry medzi systémami. Pre GoPro, DJI, Insta360 a ďalšie. Značky Puluz a Telesin.</p>";"";"Statívy, držiaky a postroje pre akčné kamery | PremiumStore.sk";"Statívy, hrudné a hlavové postroje, prísavky, selfie tyče a adaptéry pre GoPro, DJI a Insta360."
"";"";"foto-a-prislusenstvo";"0";"1";"3";"1";"Fotoateliér";"Fotoateliér";"fotoatelier-2";"<p>Vybavenie pre fotoateliér – svetlá a blesky GODOX a NEEWER, softboxy, stany bez tieňa, kruhové svetlá a fotografické pozadia. Vhodné pre produktovú fotografiu aj domáce mini-štúdio.</p>";"";"Fotoateliérové vybavenie – GODOX, Puluz, NEEWER | PremiumStore.sk";"Svetlá, blesky, softboxy, stany bez tieňa a fotografické pozadia pre domáce aj profesionálne fotoštúdio."
"";"";"foto-a-prislusenstvo";"0";"1";"4";"1";"Filtre";"Filtre";"filtre-2";"<p>Objektívové filtre (ND, CPL, polarizačné) najmä pre akčné kamery DJI Osmo Pocket a GoPro (Freewell, Neewer, Sunnylife), doplnené o filtre pre klasické zrkadlovky. Vyberte filter podľa presného modelu vašej kamery/objektívu.</p>";"";"Filtre pre akčné kamery a zrkadlovky | PremiumStore.sk";"ND, CPL a polarizačné filtre pre akčné kamery (DJI Osmo, GoPro) aj objektívy zrkadloviek, značky Freewell a Neewer."
"";"";"foto-a-prislusenstvo";"0";"1";"5";"1";"Gimbály a stabilizátory";"Gimbály a stabilizátory";"gimbaly-a-stabilizatory-2";"<p>Elektronické stabilizátory (gimbaly) značiek Insta360, Hohem a AOCHUAN – pre plynulé video zo smartfónu aj akčnej kamery bez trasenia obrazu.</p>";"";"Gimbaly pre telefóny a akčné kamery | PremiumStore.sk";"Elektronické stabilizátory (gimbaly) Insta360, Hohem a AOCHUAN pre smartfóny a akčné kamery."
"";"";"foto-a-prislusenstvo";"0";"1";"6";"1";"Skladovanie a preprava";"Skladovanie a preprava";"skladovanie-a-preprava-2";"<p>Ochranné a vodotesné puzdrá a obaly na prepravu akčných kamier (Insta360, DJI Osmo, GoPro) – Telesin a Sunnylife.</p>";"";"Puzdrá a obaly pre akčné kamery | PremiumStore.sk";"Ochranné a vodotesné puzdrá pre akčné kamery Insta360, DJI Osmo a GoPro, značky Telesin a Sunnylife."
"";"";"foto-a-prislusenstvo";"0";"1";"7";"1";"Fotopasce";"Fotopasce";"fotopasce-2";"<p>Fotopasce (lovecké kamery) prevažne značky Evolveo StrongVision, vrátane solárnej verzie a náhradných napájacích adaptérov. Určené na monitorovanie záhrady, pozemku či poľovného revíru.</p>";"";"Fotopasce Evolveo StrongVision | PremiumStore.sk";"Fotopasce (lovecké kamery) Evolveo StrongVision vrátane solárnych verzií a napájacích adaptérov."
"";"";"foto-a-prislusenstvo";"0";"1";"8";"1";"Súpravy príslušenstva pre akčné kamery";"Súpravy príslušenstva pre akčné kamery";"supravy-prislusenstva-pre-akcne-kamery";"<p>Súpravy príslušenstva Puluz pre akčné kamery Osmo Action a Insta360 – praktické balenia s držiakmi, adaptérmi a ďalšími doplnkami. Namiesto skladania dielov po jednom dostanete ucelenú sadu na bicykel, prilbu, vodu aj statív.</p>";"";"Súpravy príslušenstva pre akčné kamery Puluz | PremiumStore.sk";"Kompletné súpravy príslušenstva Puluz pre akčné kamery GoPro, DJI Osmo Action a Insta360 – držiaky, adaptéry a doplnky v jednom balení."
"";"";"foto-a-prislusenstvo";"0";"1";"9";"1";"Digitálne kompakty";"Digitálne kompakty";"digitalne-kompakty";"<p>Jednoduché digitálne kompaktné fotoaparáty značiek Kodak, Rollei a LAMAX – vhodné na bežné fotografovanie bez nutnosti nastavovať parametre manuálne.</p>";"";"Digitálne kompaktné fotoaparáty Kodak, Rollei | PremiumStore.sk";"Kompaktné digitálne fotoaparáty značiek Kodak, Rollei a LAMAX pre bežné fotografovanie."
"";"";"tv-foto-audio-video";"0";"1";"10";"1";"Diaľkové ovládače";"Diaľkové ovládače";"dialkove-ovladace";"<p>Náhradné diaľkové ovládače značky ALIEN, vyrábané ako kompatibilná náhrada k pôvodným ovládačom televízorov (Samsung, Sony, LG, Philips...), satelitných a DVB-T2 prijímačov, DVD prehrávačov aj audio zariadení. Vyberte podkategóriu podľa typu zariadenia, ku ktorému ovládač hľadáte, a pri výbere overte presnú zhodu s modelom vášho zariadenia.</p>";"";"Diaľkové ovládače ALIEN – náhrada k TV, satelitu, DVD | PremiumStore.sk";"Náhradné diaľkové ovládače ALIEN kompatibilné s televízormi, satelitnými a DVB-T2 prijímačmi, DVD prehrávačmi aj univerzálne modely."
"";"";"dialkove-ovladace";"0";"1";"1";"1";"Televízne ovládače";"Televízne ovládače";"televizne-ovladace";"<p>Najväčšia podkategória diaľkových ovládačov – náhradné ovládače ALIEN kompatibilné s televízormi väčšiny značiek, s výraznou ponukou pre Sony. Pred nákupom overte presné katalógové číslo pôvodného ovládača vášho televízora.</p>";"";"Diaľkové ovládače k televízorom | PremiumStore.sk";"Náhradné diaľkové ovládače ALIEN kompatibilné s televízormi väčšiny značiek, najmä Sony."
"";"";"dialkove-ovladace";"0";"1";"2";"1";"Satelitné ovládače";"Satelitné ovládače";"satelitne-ovladace";"<p>Diaľkové ovládače ALIEN kompatibilné so satelitnými prijímačmi – najmä Octagon, doplnené o VU+, Amiko, Topfield a ďalšie značky. Pred nákupom overte presné označenie modelu vášho prijímača.</p>";"";"Diaľkové ovládače k satelitným prijímačom | PremiumStore.sk";"Náhradné diaľkové ovládače ALIEN kompatibilné so satelitnými prijímačmi Octagon, VU+, Amiko a ďalšími."
"";"";"dialkove-ovladace";"0";"1";"3";"1";"Ovládače k DVB-T2";"Ovládače k DVB-T2";"ovladace-k-dvb-t2";"<p>Diaľkové ovládače ALIEN kompatibilné s DVB-T2 prijímačmi – najviac zastúpená je kompatibilita so Strong, doplnená o Mascom a ďalšie značky. Pred nákupom overte presné označenie modelu vášho prijímača.</p>";"";"Diaľkové ovládače k DVB-T2 prijímačom (Strong) | PremiumStore.sk";"Náhradné diaľkové ovládače ALIEN kompatibilné s DVB-T2 prijímačmi, najmä značky Strong."
"";"";"dialkove-ovladace";"0";"1";"4";"1";"Audio ovládače";"Audio ovládače";"audio-ovladace";"<p>Diaľkové ovládače ALIEN kompatibilné s audio zariadeniami a rádioprijímačmi značiek ako TechniSat, Philips či AIWA. Pred nákupom overte presné označenie modelu vášho zariadenia.</p>";"";"Diaľkové ovládače k audio technike (AUX) | PremiumStore.sk";"Náhradné diaľkové ovládače ALIEN kompatibilné s rádiami a audio prijímačmi (napr. TechniSat, Philips, AIWA)."
"";"";"dialkove-ovladace";"0";"1";"5";"1";"Univerzálne ovládače";"Univerzálne ovládače";"univerzalne-ovladace";"<p>Univerzálne diaľkové ovládače, ktoré si naprogramujete na konkrétnu značku televízora či prijímača (Samsung, Philips, LG a ďalšie) – v ponuke Superior, Atos, TESLA aj Homatics. Vhodné, ak pôvodný ovládač úplne chýba alebo hľadáte jeden ovládač na viac zariadení.</p>";"";"Univerzálne diaľkové ovládače | PremiumStore.sk";"Univerzálne diaľkové ovládače nastaviteľné na viacero značiek televízorov a prijímačov – Superior, Atos, TESLA a ďalšie."
"";"";"dialkove-ovladace";"0";"1";"6";"1";"DVD ovládače";"DVD ovládače";"dvd-ovladace";"<p>Diaľkové ovládače ALIEN kompatibilné s DVD prehrávačmi značiek Samsung, Philips a Sony. Pred nákupom overte presné katalógové číslo pôvodného ovládača vášho prehrávača.</p>";"";"Diaľkové ovládače k DVD prehrávačom | PremiumStore.sk";"Náhradné diaľkové ovládače ALIEN kompatibilné s DVD prehrávačmi Samsung, Philips a Sony."
"";"";"dialkove-ovladace";"0";"1";"7";"1";"Video ovládače";"Video ovládače";"video-ovladace";"<p>Diaľkové ovládače ALIEN kompatibilné so staršími videoprehrávačmi (VCR) značiek Samsung a Philips. Pred nákupom overte presné katalógové číslo pôvodného ovládača.</p>";"";"Diaľkové ovládače k videoprehrávačom (VCR) | PremiumStore.sk";"Náhradné diaľkové ovládače ALIEN kompatibilné s videorekordérmi a staršími prehrávačmi Samsung a Philips."
"";"";"audio-technika";"0";"1";"1";"1";"Slúchadlá";"Slúchadlá";"sluchadla";"<p>Slúchadlá pre hudbu, telefonovanie aj hranie – bezdrôtové aj drôtové. Nájdete tu náhlavné modely s potlačením hluku, TWS slúchadlá do uší aj športové prevedenia od značiek ako Sony, JBL, Philips, Edifier či Apple.</p>";"";"Slúchadlá – bezdrôtové aj drôtové | PremiumStore.sk";"Slúchadlá bezdrôtové, TWS aj drôtové – Sony, JBL, Philips, Edifier. Náhlavné, do uší aj športové modely."
"";"";"sluchadla";"0";"1";"1";"1";"Bezdrôtové slúchadlá";"Bezdrôtové slúchadlá";"bezdrotove-sluchadla";"<p>Bezdrôtové slúchadlá s Bluetooth – náhlavné aj TWS do uší. Modely s aktívnym potlačením hluku (ANC), dlhou výdržou batérie a nabíjacím puzdrom, vhodné na cestovanie, prácu aj šport.</p>";"";"Bezdrôtové slúchadlá – Bluetooth, TWS, ANC | PremiumStore.sk";"Bezdrôtové Bluetooth slúchadlá – náhlavné aj TWS s ANC. Sony, JBL, Philips, Edifier aj Apple AirPods."
"";"";"sluchadla";"0";"1";"1";"1";"Drôtové slúchadlá";"Drôtové slúchadlá";"drotove-sluchadla";"<p>Drôtové slúchadlá s konektorom 3,5 mm alebo USB-C – bez nabíjania a bez latencie. Vhodné na počúvanie hudby, do štúdia aj ako spoľahlivá záloha k bezdrôtovým.</p>";"";"Drôtové slúchadlá – 3,5 mm a USB-C | PremiumStore.sk";"Drôtové slúchadlá s jackom 3,5 mm aj USB-C – náhlavné aj do uší, bez nabíjania a bez latencie."
"";"";"audio-technika";"0";"1";"1";"1";"Soundbary";"Soundbary";"soundbary";"<p>Soundbary pre lepší zvuk televízora – od kompaktných modelov až po zostavy so samostatným subwooferom a priestorovým zvukom. Pripojenie cez HDMI ARC, optický kábel alebo Bluetooth.</p>";"";"Soundbary k televízoru – s subwooferom | PremiumStore.sk";"Soundbary k TV vrátane modelov so subwooferom a priestorovým zvukom. Pripojenie HDMI ARC, optika aj Bluetooth."
"";"";"audio-technika";"0";"1";"1";"1";"Rádiá";"Rádiá";"radia";"<p>Rádiá a rádiobudíky – klasické FM prijímače, digitálne DAB+ modely aj internetové rádiá. Prenosné prevedenia na batérie aj stolové rádiobudíky s budíkom a podsvieteným displejom.</p>";"";"Rádiá a rádiobudíky – FM, DAB+, internetové | PremiumStore.sk";"Rádiá FM, DAB+ aj internetové a rádiobudíky – prenosné na batérie aj stolové modely s budíkom."
"";"";"anteny-a-satelity";"0";"1";"1";"1";"Antény";"Antény";"anteny";"<p>TV a rozhlasové antény – vonkajšie aj izbové, pre DVB-T2, VKV/FM aj DAB+. Nájdete tu antény pre bežný príjem, smerové modely do oblastí so slabým signálom aj prevedenia pre karavany a lode.</p>";"";"Antény – TV, DVB-T2, DAB+ | PremiumStore.sk";"TV a rozhlasové antény vonkajšie aj izbové – DVB-T2, VKV/FM a DAB+, vrátane modelov pre karavany."
"";"";"anteny-a-satelity";"0";"1";"1";"1";"Satelitné paraboly";"Satelitné paraboly";"paraboly";"<p>Satelitné paraboly rôznych priemerov pre príjem zo Skylinku, Astry či Hotbirdu. V ponuke plechové aj hliníkové prevedenia vrátane držiakov a príslušenstva na montáž.</p>";"";"Satelitné paraboly – Skylink, Astra | PremiumStore.sk";"Satelitné paraboly rôznych priemerov, plechové aj hliníkové, vrátane držiakov a montážneho príslušenstva."
"";"";"anteny-a-satelity";"0";"1";"1";"1";"Satelitné prijímače a set-top boxy";"Satelitné prijímače a set-top boxy";"satelitne-prijimace";"<p>Satelitné prijímače a pozemné set-top boxy – DVB-S2, DVB-T2 H.265 HEVC aj kombinované COMBO modely. Prijímače pre Skylink a freeSAT, s UNI čítačkou, OS Linux, Ultra HD 4K aj podporou HbbTV.</p>";"";"Satelitné prijímače a set-top boxy DVB-T2 | PremiumStore.sk";"Satelitné prijímače DVB-S2 a set-top boxy DVB-T2 H.265 – Skylink ready, freeSAT, 4K aj COMBO modely."
"";"";"anteny-a-satelity";"0";"1";"1";"1";"LNB konvertory";"LNB konvertory";"lnb-konvertory";"<p>LNB konvertory na satelitné paraboly – single, twin, quad, quattro aj monoblok a octoblok. Podľa počtu pripojených prijímačov a typu rozvodu.</p>";"";"LNB konvertory – single, twin, quad, quattro | PremiumStore.sk";"LNB konvertory pre satelitný príjem – single, twin, quad, quattro, monoblok aj octoblok."
"";"";"anteny-a-satelity";"0";"1";"1";"1";"Zosilňovače";"Zosilňovače";"zosilnovace";"<p>Anténne zosilňovače – domové, linkové, kanálové aj programovateľné, vrátane predzosilňovačov priamo k anténe a hlavných staníc pre rozvody v bytových domoch.</p>";"";"Anténne zosilňovače – domové a linkové | PremiumStore.sk";"Anténne zosilňovače domové, linkové, kanálové aj programovateľné, vrátane predzosilňovačov k anténe."
"";"";"anteny-a-satelity";"0";"1";"1";"1";"Pasívne prvky a rozbočovače";"Pasívne prvky a rozbočovače";"pasivne-prvky";"<p>Pasívne prvky anténnych rozvodov – rozbočovače, odbočovače, zlučovače, útlmové články, LTE filtre a anténne bleskoistky.</p>";"";"Rozbočovače a pasívne prvky anténnych rozvodov | PremiumStore.sk";"Rozbočovače, odbočovače, zlučovače, útlmové články, LTE filtre a bleskoistky pre anténne rozvody."
"";"";"anteny-a-satelity";"0";"1";"1";"1";"Koaxiálne káble a konektory";"Koaxiálne káble a konektory";"koaxialne-kable";"<p>Koaxiálne káble a konektory – metráž aj hotové šnúry, vnútorné a vonkajšie prevedenia, F a IEC konektory, spojky, redukcie, kompresné a krimpovacie konektory aj montážne náradie.</p>";"";"Koaxiálne káble a konektory – F, IEC | PremiumStore.sk";"Koaxiálne káble v metráži aj hotové šnúry, F a IEC konektory, spojky, redukcie a montážne náradie."
"";"";"anteny-a-satelity";"0";"1";"1";"1";"Účastnícke zásuvky";"Účastnícke zásuvky";"ucastnicke-zasuvky";"<p>Účastnícke televízne zásuvky – koncové aj priebežné, vrátane viečok a inštalačných krabíc pre anténne rozvody.</p>";"";"Účastnícke TV zásuvky – koncové a priebežné | PremiumStore.sk";"Účastnícke televízne zásuvky koncové aj priebežné, vrátane viečok a inštalačných krabíc."
"";"";"anteny-a-satelity";"0";"1";"1";"1";"Satelitné príslušenstvo";"Satelitné príslušenstvo";"satelitne-prislusenstvo";"<p>Príslušenstvo k satelitnému príjmu – multiprepínače, DiSEqC prepínače, motory na paraboly, multifeed držiaky LNB, satelitné rozbočovače a zlučovače SAT+TV.</p>";"";"Satelitné príslušenstvo – multiprepínače, DiSEqC | PremiumStore.sk";"Multiprepínače, DiSEqC prepínače, motory na paraboly, multifeed držiaky LNB a satelitné rozbočovače."
"";"";"anteny-a-satelity";"0";"1";"1";"1";"Stožiare, konzoly a uzemnenie";"Stožiare, konzoly a uzemnenie";"stoziare-konzoly-a-uzemnenie";"<p>Montážny materiál pre antény – stožiare a trojnožky, konzoly na stenu aj so strmeňom, držiaky stožiarov, spojovací a kotviaci materiál a prvky uzemnenia a bleskozvodov.</p>";"";"Stožiare, konzoly a uzemnenie pre antény | PremiumStore.sk";"Stožiare, trojnožky, konzoly na stenu, držiaky stožiarov, kotviaci materiál a uzemnenie pre antény."
"";"";"anteny-a-satelity";"0";"1";"1";"1";"Napájacie zdroje a výhybky";"Napájacie zdroje a výhybky";"zdroje-a-vyhybky";"<p>Napájacie zdroje k anténnym zosilňovačom a napájacie výhybky pre vloženie napájania do koaxiálneho rozvodu.</p>";"";"Napájacie zdroje a výhybky k zosilňovačom | PremiumStore.sk";"Napájacie zdroje k anténnym zosilňovačom a výhybky pre napájanie po koaxiálnom rozvode."
"";"";"fotovoltaika";"0";"1";"1";"1";"Solárne panely";"Solárne panely";"solarne-panely";"<p>Fotovoltické panely pre domáce aj ostrovné inštalácie – monokryštalické a polykryštalické moduly rôznych výkonov.</p>";"";"Solárne panely – fotovoltické moduly | PremiumStore.sk";"Fotovoltické solárne panely rôznych výkonov pre domáce aj ostrovné inštalácie."
"";"";"fotovoltaika";"0";"1";"1";"1";"Konštrukcie pre solárne panely";"Konštrukcie pre solárne panely";"konstrukcie-pre-solarne-panely";"<p>Nosné konštrukcie a uchytenia pre fotovoltické panely – na šikmú aj plochú strechu, profily, lišty a kotviaci materiál.</p>";"";"Konštrukcie pre solárne panely | PremiumStore.sk";"Nosné konštrukcie pre fotovoltické panely na šikmú aj plochú strechu, profily a kotviaci materiál."
"";"";"fotovoltaika";"0";"1";"1";"1";"Káble a konektory pre fotovoltaiku";"Káble a konektory pre fotovoltaiku";"kable-pre-fotovoltaiku";"<p>Solárne káble a konektory MC4 pre prepojenie fotovoltických panelov – v metráži aj hotové prepojky, odolné voči UV a poveternosti.</p>";"";"Solárne káble a konektory MC4 | PremiumStore.sk";"Solárne káble a konektory MC4 pre fotovoltiku – metráž aj hotové prepojky odolné voči UV."
"";"";"fotovoltaika";"0";"1";"1";"1";"Solárne regulátory";"Solárne regulátory";"solarne-regulatory";"<p>Solárne regulátory nabíjania MPPT a PWM – riadia tok energie z panelov do akumulátorov a chránia ich pred prebitím.</p>";"";"Solárne regulátory nabíjania MPPT a PWM | PremiumStore.sk";"Solárne regulátory nabíjania MPPT a PWM pre fotovoltické systémy s akumulátormi."
"";"";"fotovoltaika";"0";"1";"1";"1";"Rozvádzače a ochrana FV inštalácií";"Rozvádzače a ochrana FV inštalácií";"ochrana-fv-instalacii";"<p>Rozvádzače pre fotovoltiku a prvky ochrany inštalácie – DC ističe, prepäťové ochrany, poistky a odpínače.</p>";"";"Rozvádzače a ochrana fotovoltických inštalácií | PremiumStore.sk";"DC rozvádzače, ističe, prepäťové ochrany a poistky pre fotovoltické inštalácie."
"";"";"fotovoltaika";"0";"1";"1";"1";"Elektromery pre fotovoltiku";"Elektromery pre fotovoltiku";"elektromery-pre-fotovoltiku";"<p>Elektromery a meracie prvky pre fotovoltické inštalácie – jednofázové aj trojfázové, vrátane modelov na DIN lištu.</p>";"";"Elektromery pre fotovoltické inštalácie | PremiumStore.sk";"Jednofázové aj trojfázové elektromery pre fotovoltiku, vrátane prevedení na DIN lištu."
"";"";"ventilacne-technika";"0";"1";"1";"1";"Domové ventilátory";"Domové ventilátory";"domove-ventilatory";"<p>Kúpeľňové a domové ventilátory na odvod vlhkosti a pachov – s časovačom, hygrostatom, spätnou klapkou aj tiché prevedenia do obytných miestností.</p>";"";"Domové a kúpeľňové ventilátory | PremiumStore.sk";"Kúpeľňové a domové ventilátory s časovačom, hygrostatom aj spätnou klapkou."
"";"";"ventilacne-technika";"0";"1";"1";"1";"Priemyselné ventilátory";"Priemyselné ventilátory";"priemyselne-ventilatory";"<p>Priemyselné a potrubné ventilátory s vyšším výkonom – pre dielne, sklady, prevádzky a technické priestory.</p>";"";"Priemyselné a potrubné ventilátory | PremiumStore.sk";"Výkonné priemyselné a potrubné ventilátory pre dielne, sklady a prevádzky."
"";"";"ventilacne-technika";"0";"1";"1";"1";"Vzduchovody a tvarovky";"Vzduchovody a tvarovky";"vzduchovody";"<p>Potrubie pre vzduchotechniku – pevné kruhové aj ploché rozvody, ohybné hadice, kolená, redukcie a spojky.</p>";"";"Vzduchovody, potrubie a tvarovky | PremiumStore.sk";"Kruhové aj ploché vzduchotechnické potrubie, ohybné hadice, kolená, redukcie a spojky."
"";"";"ventilacne-technika";"0";"1";"1";"1";"Mriežky, žalúzie a klapky";"Mriežky, žalúzie a klapky";"mriezky-zaluzie-a-klapky";"<p>Vetracie mriežky, gravitačné žalúzie a spätné klapky – koncové prvky rozvodov, ktoré bránia spätnému prúdeniu a vniknutiu hmyzu.</p>";"";"Vetracie mriežky, žalúzie a spätné klapky | PremiumStore.sk";"Vetracie mriežky, gravitačné žalúzie a spätné klapky pre vzduchotechnické rozvody."
"";"";"ventilacne-technika";"0";"1";"1";"1";"Revízne dvierka";"Revízne dvierka";"revizne-dvierka";"<p>Revízne dvierka pre prístup k inštaláciám – plastové aj kovové, v rôznych rozmeroch, na stenu aj do podhľadu.</p>";"";"Revízne dvierka plastové a kovové | PremiumStore.sk";"Revízne dvierka plastové aj kovové v rôznych rozmeroch, na stenu aj do podhľadu."
"";"";"ventilacne-technika";"0";"1";"1";"1";"Príslušenstvo k ventilátorom";"Príslušenstvo k ventilátorom";"prislusenstvo-k-ventilatorom";"<p>Doplnky k ventilátorom – regulátory otáčok, časovače, spätné klapky, redukcie a montážne prvky.</p>";"";"Príslušenstvo k ventilátorom | PremiumStore.sk";"Regulátory otáčok, časovače, spätné klapky a montážne prvky k ventilátorom."
"";"";"vybavenie-auta";"0";"1";"1";"1";"Stierače";"Stierače";"stierace";"<p>Stierače predné aj zadné – ploché, klasické aj hybridné, v sadách aj jednotlivo, pre bežné rozmery osobných vozidiel.</p>";"";"Stierače na auto – ploché aj klasické | PremiumStore.sk";"Predné aj zadné stierače – ploché, klasické a hybridné, v sadách aj jednotlivo."
"";"";"vybavenie-auta";"0";"1";"1";"1";"Autokoberce";"Autokoberce";"autokoberce";"<p>Autokoberce gumové aj textilné – univerzálne aj tvarované, vrátane vaní do batožinového priestoru.</p>";"";"Autokoberce gumové a textilné | PremiumStore.sk";"Gumové aj textilné autokoberce, univerzálne aj tvarované, vrátane vaní do kufra."
"";"";"vybavenie-auta";"0";"1";"1";"1";"Autopoťahy a ochrana sedadiel";"Autopoťahy a ochrana sedadiel";"autopotahy";"<p>Autopoťahy a ochranné návleky sedadiel – univerzálne sady, jednotlivé poťahy aj podložky pod detské sedačky.</p>";"";"Autopoťahy a ochrana sedadiel | PremiumStore.sk";"Univerzálne autopoťahy, jednotlivé návleky aj ochranné podložky pod detské sedačky."
"";"";"vybavenie-auta";"0";"1";"1";"1";"Osviežovače vzduchu";"Osviežovače vzduchu";"osviezovace-vzduchu";"<p>Osviežovače vzduchu do auta – závesné, do ventilácie aj gélové, v rôznych vôňach.</p>";"";"Osviežovače vzduchu do auta | PremiumStore.sk";"Závesné, ventilačné aj gélové osviežovače vzduchu do auta v rôznych vôňach."
"";"";"vybavenie-auta";"0";"1";"1";"1";"Cestovné doplnky";"Cestovné doplnky";"cestovne-doplnky";"<p>Doplnky na cesty – organizéry, chladiace tašky, držiaky nápojov, vešiaky a ďalšie vybavenie do interiéru.</p>";"";"Cestovné doplnky do auta | PremiumStore.sk";"Organizéry, chladiace tašky, držiaky nápojov a ďalšie cestovné doplnky do auta."
"";"";"vybavenie-auta";"0";"1";"1";"1";"Clony, roletky a poistky";"Clony, roletky a poistky";"clony-a-roletky";"<p>Slnečné clony a roletky na okná aj náhradné autopoistky – drobné vybavenie, ktoré sa hodí mať v aute.</p>";"";"Slnečné clony, roletky a autopoistky | PremiumStore.sk";"Slnečné clony a roletky na okná auta aj náhradné autopoistky."
"";"";"akumulatory-a-baterie";"0";"1";"1";"1";"Káblové očká, fastóny a dutinky";"Káblové očká, fastóny a dutinky";"ocka-fastony-dutinky";"<p>Koncovky a spojovací materiál pre akumulátorové a silové rozvody – káblové očká, fastóny, dutinky, vidličky a spojky v rôznych prierezoch.</p>";"";"Káblové očká, fastóny, dutinky a spojky | PremiumStore.sk";"Káblové očká, fastóny, dutinky, vidličky a spojky pre akumulátorové a silové rozvody."
"";"";"akumulatory-a-baterie";"0";"1";"1";"1";"Olovené akumulátory";"Olovené akumulátory";"olovene-akumulatory";"<p>Olovené akumulátory AGM, gélové aj trakčné – pre záložné zdroje, fotovoltiku, elektrocentrály a priemyselné použitie.</p>";"";"Olovené akumulátory AGM a gélové | PremiumStore.sk";"Olovené akumulátory AGM, gélové aj trakčné pre záložné zdroje, fotovoltiku a priemysel."
"";"";"akumulatory-a-baterie";"0";"1";"1";"1";"LiFePO4 akumulátory";"LiFePO4 akumulátory";"lifepo4-akumulatory";"<p>Lítiové akumulátory LiFePO4 – dlhá životnosť, nízka hmotnosť a stabilné napätie, vhodné pre fotovoltiku aj karavany.</p>";"";"LiFePO4 lítiové akumulátory | PremiumStore.sk";"Lítiové akumulátory LiFePO4 s dlhou životnosťou pre fotovoltiku, karavany a záložné zdroje."
"";"";"akumulatory-a-baterie";"0";"1";"1";"1";"Nabíjacie batérie a gombíkové články";"Nabíjacie batérie a gombíkové články";"nabijacie-baterie";"<p>Nabíjacie NiMH batérie veľkostí AA a AAA aj gombíkové články pre hodinky, váhy a diaľkové ovládače.</p>";"";"Nabíjacie NiMH batérie a gombíkové články | PremiumStore.sk";"Nabíjacie NiMH batérie AA a AAA aj gombíkové články pre hodinky, váhy a ovládače."
"";"";"3d-tlac";"0";"1";"1";"1";"3D tlačiarne";"3D tlačiarne";"3d-tlaciarne";"<p>3D tlačiarne pre domácnosť aj dielňu – FDM modely pre tlač z vlákien aj živicové pre jemné detaily.</p>";"";"3D tlačiarne FDM a živicové | PremiumStore.sk";"3D tlačiarne FDM pre tlač z vlákien aj živicové modely pre jemné detaily."
"";"";"3d-tlac";"0";"1";"1";"1";"Tlačové struny a vlákna";"Tlačové struny a vlákna";"vlakna-pre-3d-tlac";"<p>Tlačové struny pre FDM tlačiarne – PLA, PETG, ABS, ASA aj flexibilné a špeciálne materiály v rôznych farbách.</p>";"";"Vlákna pre 3D tlač – PLA, PETG, ABS | PremiumStore.sk";"Tlačové struny pre 3D tlač – PLA, PETG, ABS, ASA aj flexibilné materiály v rôznych farbách."
"";"";"3d-tlac";"0";"1";"1";"1";"Živice pre 3D tlač";"Živice pre 3D tlač";"zivice-pre-3d-tlac";"<p>Fotopolymérové živice pre živicové 3D tlačiarne – štandardné, pevné aj vymývateľné vodou, v rôznych farbách.</p>";"";"Živice pre 3D tlač – fotopolymérové | PremiumStore.sk";"Fotopolymérové živice pre 3D tlač – štandardné, pevné aj vodou vymývateľné."
"";"";"3d-tlac";"0";"1";"1";"1";"Príslušenstvo k 3D tlačiarňam";"Príslušenstvo k 3D tlačiarňam";"prislusenstvo-pre-3d-tlaciarne";"<p>Doplnky k 3D tlačiarňam – trysky, podložky, náhradné diely, nástroje na dokončovanie výtlačkov a čistiace prostriedky.</p>";"";"Príslušenstvo k 3D tlačiarňam | PremiumStore.sk";"Trysky, podložky, náhradné diely a nástroje na dokončovanie výtlačkov pre 3D tlačiarne."
"";"";"garaz--dielna--servis";"0";"1";"1";"1";"Špeciálne náradie a prípravky";"Špeciálne náradie a prípravky";"specialne-naradie-pre-servis";"<p>Špecializované servisné náradie a prípravky – aretačné sady na rozvody motora, sťahováky, prípravky na brzdy, karosériu aj podvozok.</p>";"";"Špeciálne servisné náradie pre auto | PremiumStore.sk";"Aretačné sady, sťahováky a prípravky na brzdy, karosériu aj podvozok pre autoservis."
"";"";"garaz--dielna--servis";"0";"1";"1";"1";"Autodiagnostika";"Autodiagnostika";"autodiagnostika";"<p>Diagnostické prístroje a nástroje – OBD čítačky chybových kódov, testery batérií a meracie prípravky pre servis.</p>";"";"Autodiagnostika – OBD čítačky a testery | PremiumStore.sk";"OBD diagnostické čítačky, testery batérií a meracie prípravky pre autoservis."
"";"";"garaz--dielna--servis";"0";"1";"1";"1";"Heváky a zdviháky";"Heváky a zdviháky";"hevaky-a-zdvihaky";"<p>Zdvíhacia technika pre servis – hydraulické heváky, pojazdné zdviháky, stojany a podpery.</p>";"";"Heváky a zdviháky do autoservisu | PremiumStore.sk";"Hydraulické heváky, pojazdné zdviháky, stojany a podpery pre autoservis."
"";"";"garaz--dielna--servis";"0";"1";"1";"1";"Autoplachty a ochranné kryty";"Autoplachty a ochranné kryty";"autoplachty";"<p>Plachty a ochranné kryty na vozidlá – celoplachty, polplachty aj plachty na čelné sklo proti námraze.</p>";"";"Autoplachty a ochranné kryty | PremiumStore.sk";"Celoplachty, polplachty aj plachty na čelné sklo proti námraze."
"";"";"garaz--dielna--servis";"0";"1";"1";"1";"Autonáradie a doplnky";"Autonáradie a doplnky";"autonaradie-a-doplnky";"<p>Bežné náradie a doplnky do garáže – sady kľúčov, olejničky, lieviky a pomôcky pri výmene oleja.</p>";"";"Autonáradie a doplnky do garáže | PremiumStore.sk";"Sady kľúčov, olejničky, lieviky a pomôcky pri výmene oleja a údržbe auta."
"";"";"garaz--dielna--servis";"0";"1";"1";"1";"Elektroinštalačný materiál pre auto";"Elektroinštalačný materiál pre auto";"elektroinstalacia-pre-auto";"<p>Elektroinštalačný materiál do vozidiel – vodiče, konektory, poistkové skrinky, odpojovače batérií a zmršťovacie bužírky.</p>";"";"Elektroinštalačný materiál pre auto | PremiumStore.sk";"Vodiče, konektory, poistkové skrinky, odpojovače batérií a bužírky do vozidiel."
"";"";"rozvadzacove-prvky";"0";"1";"1";"1";"Prepojovacie a rozbočovacie svorky";"Prepojovacie a rozbočovacie svorky";"prepojovacie-svorky";"<p>Svorky pre spájanie a rozbočovanie vodičov v rozvádzačoch – radové, krabicové, pružinové aj skrutkové v rôznych prierezoch.</p>";"";"Prepojovacie a rozbočovacie svorky | PremiumStore.sk";"Radové, krabicové, pružinové aj skrutkové svorky pre rozvádzače."
"";"";"rozvadzacove-prvky";"0";"1";"1";"1";"Prepojovacie lišty a mostíky";"Prepojovacie lišty a mostíky";"prepojovacie-listy";"<p>Hrebeňové prepojovacie lišty a mostíky na nosnú lištu – rýchle prepojenie ističov a modulárnych prístrojov.</p>";"";"Prepojovacie lišty a mostíky do rozvádzača | PremiumStore.sk";"Hrebeňové prepojovacie lišty a mostíky pre prepojenie ističov v rozvádzači."
"";"";"rozvadzacove-prvky";"0";"1";"1";"1";"Bloky pre rozdelenie fáz";"Bloky pre rozdelenie fáz";"bloky-pre-rozdelenie-faz";"<p>Rozbočovacie bloky a rozdeľovače fáz – rozvedenie napájania od hlavného prívodu k jednotlivým vývodom.</p>";"";"Bloky pre rozdelenie fáz | PremiumStore.sk";"Rozbočovacie bloky a rozdeľovače fáz pre rozvedenie napájania v rozvádzači."
"";"";"rozvadzacove-prvky";"0";"1";"1";"1";"DIN lišty a modulárne komponenty";"DIN lišty a modulárne komponenty";"din-listy-a-komponenty";"<p>Nosné DIN lišty, priechodky, krytky a modulárne komponenty vrátane zdrojov a zásuviek na lištu.</p>";"";"DIN lišty a modulárne komponenty | PremiumStore.sk";"Nosné DIN lišty, priechodky, krytky, zdroje a zásuvky na DIN lištu."
"";"";"predlzovacie-kable-a-vidlice";"0";"1";"1";"1";"Predlžovacie prívody";"Predlžovacie prívody";"predlzovacie-privody";"<p>Predlžovacie káble a prívody – jednozásuvkové aj viaczásuvkové, vnútorné aj vonkajšie prevedenia rôznych dĺžok.</p>";"";"Predlžovacie káble a prívody | PremiumStore.sk";"Predlžovacie prívody jednozásuvkové aj viaczásuvkové, vnútorné aj vonkajšie."
"";"";"predlzovacie-kable-a-vidlice";"0";"1";"1";"1";"Priemyselné vidlice a zásuvky";"Priemyselné vidlice a zásuvky";"priemyselne-vidlice-a-zasuvky";"<p>Priemyselné vidlice a zásuvky IP44 a IP67 – nástenné, vstavané aj mobilné, jednofázové a trojfázové.</p>";"";"Priemyselné vidlice a zásuvky IP44, IP67 | PremiumStore.sk";"Priemyselné vidlice a zásuvky IP44 a IP67, nástenné, vstavané aj mobilné."
"";"";"predlzovacie-kable-a-vidlice";"0";"1";"1";"1";"Vidlice, zásuvky a redukcie";"Vidlice, zásuvky a redukcie";"vidlice-zasuvky-a-redukcie";"<p>Vidlice a zásuvky na kábel, cestovné adaptéry a redukcie pre prepojenie rôznych typov zástrčiek.</p>";"";"Vidlice, zásuvky a redukcie | PremiumStore.sk";"Vidlice a zásuvky na kábel, adaptéry a redukcie medzi typmi zástrčiek."
"";"";"predlzovacie-kable-a-vidlice";"0";"1";"1";"1";"Spínacie a časové zásuvky";"Spínacie a časové zásuvky";"spinacie-zasuvky";"<p>Zásuvky so spínačom, časovačom alebo diaľkovým ovládaním – jednoduché ovládanie spotrebičov.</p>";"";"Spínacie a časové zásuvky | PremiumStore.sk";"Zásuvky so spínačom, časovačom alebo diaľkovým ovládaním spotrebičov."
"";"";"montazne-skrine-a-rozvadzace";"0";"1";"1";"1";"Rozvádzače prázdne";"Rozvádzače prázdne";"rozvadzace-prazdne";"<p>Neosadené rozvádzačové skrine – na omietku aj pod omietku, plastové aj kovové, v rôznych počtoch modulov.</p>";"";"Prázdne rozvádzače na omietku aj pod omietku | PremiumStore.sk";"Neosadené rozvádzačové skrine plastové aj kovové, na omietku aj pod omietku."
"";"";"montazne-skrine-a-rozvadzace";"0";"1";"1";"1";"Rozvádzače osadené";"Rozvádzače osadené";"rozvadzace-osadene";"<p>Rozvádzače dodávané už s osadenými prístrojmi – pripravené na zapojenie bez ďalšej kompletizácie.</p>";"";"Osadené rozvádzače pripravené na zapojenie | PremiumStore.sk";"Rozvádzače s už osadenými prístrojmi, pripravené na zapojenie."
"";"";"montazne-skrine-a-rozvadzace";"0";"1";"1";"1";"Zásuvkové skrine";"Zásuvkové skrine";"zasuvkove-skrine";"<p>Zásuvkové a staveniskové skrine – mobilné aj nástenné rozvody s priemyselnými zásuvkami a istením.</p>";"";"Zásuvkové a staveniskové skrine | PremiumStore.sk";"Mobilné aj nástenné zásuvkové skrine s priemyselnými zásuvkami a istením."
"";"";"osvetlenie";"0";"1";"1";"1";"LED žiarovky";"LED žiarovky";"led-ziarovky";"<p>LED žiarovky všetkých bežných pätíc – E27, E14, GU10, G9 aj lineárne trubice, v teplej, neutrálnej aj studenej bielej.</p>";"";"LED žiarovky E27, E14, GU10 | PremiumStore.sk";"LED žiarovky pätíc E27, E14, GU10 a G9 v teplej, neutrálnej aj studenej bielej."
"";"";"osvetlenie";"0";"1";"1";"1";"Baterky a ručné svietidlá";"Baterky a ručné svietidlá";"baterky-a-svietidla";"<p>Ručné svietidlá – baterky, čelovky, pracovné lampy aj nabíjacie modely pre dielňu, kemping a domácnosť.</p>";"";"Baterky, čelovky a ručné svietidlá | PremiumStore.sk";"Baterky, čelovky, pracovné lampy aj nabíjacie ručné svietidlá."
"";"";"osvetlenie";"0";"1";"1";"1";"LED reflektory";"LED reflektory";"led-reflektory";"<p>Vonkajšie LED reflektory – so senzorom pohybu aj bez, nabíjacie aj sieťové, pre osvetlenie dvora, fasády či pracoviska.</p>";"";"LED reflektory vonkajšie a so senzorom | PremiumStore.sk";"Vonkajšie LED reflektory so senzorom pohybu aj bez, nabíjacie aj sieťové."
"";"";"osvetlenie";"0";"1";"1";"1";"LED pásiky a profily";"LED pásiky a profily";"led-pasiky";"<p>LED pásiky a hliníkové profily – na nepriame osvetlenie, podsvietenie kuchynskej linky aj dekoračné použitie.</p>";"";"LED pásiky a hliníkové profily | PremiumStore.sk";"LED pásiky a hliníkové profily na nepriame osvetlenie a podsvietenie."
"";"";"osvetlenie";"0";"1";"1";"1";"LED panely a podhľadové svietidlá";"LED panely a podhľadové svietidlá";"led-panely";"<p>Podhľadové LED panely a zápustné svietidlá – do sadrokartónu aj na strop, v rôznych rozmeroch a teplotách svetla.</p>";"";"LED panely a podhľadové svietidlá | PremiumStore.sk";"Podhľadové LED panely a zápustné svietidlá do sadrokartónu aj na strop."
"";"";"posilnovanie-a-fitness";"0";"1";"1";"1";"Činky a závažia";"Činky a závažia";"cinky-a-zavazia";"<p>Jednoručné aj nakladacie činky, kettlebelly a závažia – pre domáce cvičenie aj vybavenú posilňovňu.</p>";"";"Činky, kettlebelly a závažia | PremiumStore.sk";"Jednoručné aj nakladacie činky, kettlebelly a závažia pre domáce cvičenie."
"";"";"posilnovanie-a-fitness";"0";"1";"1";"1";"Trenažéry";"Trenažéry";"trenazery";"<p>Kardio trenažéry – rotopedy, eliptické a veslovacie trenažéry pre domáce cvičenie.</p>";"";"Rotopedy a kardio trenažéry | PremiumStore.sk";"Rotopedy, eliptické a veslovacie trenažéry pre domáce kardio cvičenie."
"";"";"posilnovanie-a-fitness";"0";"1";"1";"1";"Posilňovacie lavice a podložky";"Posilňovacie lavice a podložky";"lavice-a-podlozky";"<p>Posilňovacie lavice, cvičebné podložky a žinenky – základ pre cvičenie doma.</p>";"";"Posilňovacie lavice a cvičebné podložky | PremiumStore.sk";"Posilňovacie lavice, cvičebné podložky a žinenky pre cvičenie doma."
"";"";"kamerove-systemy";"0";"1";"1";"1";"IP sieťové kamery";"IP sieťové kamery";"ip-sietove-kamery";"<p>IP kamery pre profesionálne systémy – vonkajšie aj vnútorné, s nočným videním, PoE napájaním a rôznym rozlíšením.</p>";"";"IP sieťové kamery pre kamerové systémy | PremiumStore.sk";"IP kamery vonkajšie aj vnútorné s nočným videním a PoE napájaním."
"";"";"kamerove-systemy";"0";"1";"1";"1";"Kamery 4v1";"Kamery 4v1";"kamery-4v1";"<p>Analógové kamery 4v1 s podporou AHD, TVI, CVI aj CVBS – kompatibilné s väčšinou existujúcich rozvodov.</p>";"";"Kamery 4v1 – AHD, TVI, CVI, CVBS | PremiumStore.sk";"Analógové kamery 4v1 s podporou AHD, TVI, CVI aj CVBS."
"";"";"kamerove-systemy";"0";"1";"1";"1";"Videorekordéry NVR a DVR";"Videorekordéry NVR a DVR";"videorekordery-nvr";"<p>Sieťové videorekordéry NVR a hybridné DVR – nahrávanie a správa záznamu z kamerových systémov.</p>";"";"Videorekordéry NVR a DVR pre kamery | PremiumStore.sk";"Sieťové videorekordéry NVR a hybridné DVR pre kamerové systémy."
"";"";"kamerove-systemy";"0";"1";"1";"1";"Príslušenstvo ku kamerovým systémom";"Príslušenstvo ku kamerovým systémom";"prislusenstvo-ku-kameram";"<p>Doplnky ku kamerovým systémom – napájacie zdroje, držiaky, konektory, káble, montážne skrine a racky.</p>";"";"Príslušenstvo ku kamerovým systémom | PremiumStore.sk";"Napájacie zdroje, držiaky, konektory, káble a racky ku kamerovým systémom."
"";"";"mechanicke-naradie";"0";"1";"1";"1";"Kľúče";"Kľúče";"kluce";"<p>Kľúče očkové, vidlicové, račňové aj nástrčné – jednotlivo aj v sadách, metrické a palcové rozmery.</p>";"";"Kľúče očkové, vidlicové a račňové | PremiumStore.sk";"Kľúče očkové, vidlicové, račňové aj nástrčné, jednotlivo aj v sadách."
"";"";"mechanicke-naradie";"0";"1";"1";"1";"Kliešte";"Kliešte";"klieste";"<p>Kliešte kombinované, štípacie, sikovky, klieštiny na poistné krúžky aj lisovacie – pre dielňu aj elektroinštaláciu.</p>";"";"Kliešte kombinované, štípacie a sikovky | PremiumStore.sk";"Kliešte kombinované, štípacie, sikovky aj lisovacie pre dielňu a elektroinštaláciu."
"";"";"mechanicke-naradie";"0";"1";"1";"1";"Gola sady a nástrčné hlavice";"Gola sady a nástrčné hlavice";"gola-sady";"<p>Nástrčné hlavice, račne, predĺženia a kompletné gola sady – pre servis aj bežnú údržbu.</p>";"";"Gola sady a nástrčné hlavice | PremiumStore.sk";"Nástrčné hlavice, račne, predĺženia a kompletné gola sady."
"";"";"mechanicke-naradie";"0";"1";"1";"1";"Skrutkovače, bity a imbusy";"Skrutkovače, bity a imbusy";"skrutkovace-a-bity";"<p>Skrutkovače, sady bitov, imbusové a torx kľúče – vrátane prevedení pre elektrikárov.</p>";"";"Skrutkovače, bity, imbusy a torx | PremiumStore.sk";"Skrutkovače, sady bitov, imbusové a torx kľúče vrátane prevedení pre elektrikárov."
"";"";"mechanicke-naradie";"0";"1";"1";"1";"Nitovačky a nity";"Nitovačky a nity";"nitovacky";"<p>Nitovacie kliešte a nity – trhacie, maticové aj sady pre spájanie plechov a profilov.</p>";"";"Nitovačky a nity trhacie aj maticové | PremiumStore.sk";"Nitovacie kliešte a nity trhacie aj maticové pre spájanie plechov a profilov."
"";"";"instalacne-prislusenstvo";"0";"1";"1";"1";"Káblové spojky a očká";"Káblové spojky a očká";"kablove-spojky";"<p>Spojky a koncovky vodičov – gélové a zmršťovacie spojky, káblové očká, dutinky a lisovacie koncovky.</p>";"";"Káblové spojky, očká a koncovky | PremiumStore.sk";"Gélové a zmršťovacie káblové spojky, očká, dutinky a lisovacie koncovky."
"";"";"instalacne-prislusenstvo";"0";"1";"1";"1";"Trubky a chráničky";"Trubky a chráničky";"trubky-a-chranicky";"<p>Inštalačné trubky a chráničky – tuhé aj ohybné husie krky, pre vedenie káblov v stene, v zemi aj na povrchu.</p>";"";"Inštalačné trubky a chráničky na káble | PremiumStore.sk";"Tuhé aj ohybné inštalačné trubky a chráničky pre vedenie káblov."
"";"";"instalacne-prislusenstvo";"0";"1";"1";"1";"Príchytky, pásky a hmoždinky";"Príchytky, pásky a hmoždinky";"prichytky-a-pasky";"<p>Upevňovací materiál pre elektroinštaláciu – káblové príchytky, držiaky, sťahovacie a izolačné pásky, hmoždinky a skrutky.</p>";"";"Káblové príchytky, pásky a hmoždinky | PremiumStore.sk";"Káblové príchytky, držiaky, sťahovacie a izolačné pásky, hmoždinky a skrutky."
"";"";"herne-prislusenstvo-3";"0";"1";"1";"1";"Herné simulátory";"Herné simulátory";"herne-simulatory";"<p>Volanty, pedále, joysticky a kokpity pre pretekárske a letecké simulátory.</p>";"";"Herné simulátory – volanty, joysticky | PremiumStore.sk";"Volanty, pedále, joysticky a kokpity pre pretekárske a letecké simulátory."
"";"";"herne-prislusenstvo-3";"0";"1";"1";"1";"Počítačové skrine";"Počítačové skrine";"pocitacove-skrine";"<p>Skrine pre stolové počítače – herné aj kancelárske, s presklenou bočnicou, prevzdušnením a miestom pre vodné chladenie.</p>";"";"Počítačové skrine herné aj kancelárske | PremiumStore.sk";"Skrine pre stolové počítače s presklenou bočnicou a miestom pre vodné chladenie."
"";"";"herne-prislusenstvo-3";"0";"1";"1";"1";"VR okuliare a príslušenstvo";"VR okuliare a príslušenstvo";"vr-okuliare";"<p>Okuliare pre virtuálnu a rozšírenú realitu a doplnky k nim – popruhy, kryty, nabíjacie stanice a ovládače.</p>";"";"VR okuliare a príslušenstvo | PremiumStore.sk";"Okuliare pre virtuálnu a rozšírenú realitu, popruhy, kryty a ovládače."
"";"";"herne-prislusenstvo-3";"0";"1";"1";"1";"Chladenie počítača";"Chladenie počítača";"chladenie-pocitaca";"<p>Chladiče procesorov, ventilátory a zostavy vodného chladenia pre stolové počítače.</p>";"";"Chladenie počítača – vzduchové aj vodné | PremiumStore.sk";"Chladiče procesorov, ventilátory a zostavy vodného chladenia pre PC."
"";"";"herne-prislusenstvo-3";"0";"1";"1";"1";"Herné podložky a mikrofóny";"Herné podložky a mikrofóny";"herne-podlozky";"<p>Podložky pod myš vrátane veľkoformátových a stolové mikrofóny pre streamovanie a hlasovú komunikáciu.</p>";"";"Herné podložky pod myš a mikrofóny | PremiumStore.sk";"Podložky pod myš vrátane veľkoformátových a stolové mikrofóny pre streamovanie."
"";"";"prislusenstvo-pre-mobilne-telefony";"0";"1";"1";"1";"Puzdrá na mobilné telefóny";"Puzdrá na mobilné telefóny";"puzdra-na-mobily";"<p>Puzdrá a kryty na mobily – silikónové, knižkové aj odolné prevedenia pre bežné modely telefónov.</p>";"";"Puzdrá a kryty na mobilné telefóny | PremiumStore.sk";"Silikónové, knižkové aj odolné puzdrá a kryty na mobilné telefóny."
"";"";"prislusenstvo-pre-mobilne-telefony";"0";"1";"1";"1";"Tvrdené sklá a fólie";"Tvrdené sklá a fólie";"tvrdene-skla";"<p>Ochranné tvrdené sklá a fólie na displej – vrátane prevedení s plným lepením a ochranou súkromia.</p>";"";"Tvrdené sklá a ochranné fólie na mobil | PremiumStore.sk";"Ochranné tvrdené sklá a fólie na displej vrátane plného lepenia a ochrany súkromia."
"";"";"prislusenstvo-pre-mobilne-telefony";"0";"1";"1";"1";"Držiaky na mobily";"Držiaky na mobily";"drziaky-na-mobily";"<p>Držiaky na telefón – do auta na mriežku či sklo, na bicykel aj stolové stojany.</p>";"";"Držiaky na mobil do auta a na stôl | PremiumStore.sk";"Držiaky na telefón do auta, na bicykel aj stolové stojany."
"";"";"televizne-ovladace";"0";"1";"1";"1";"LG";"LG";"tv-ovladace-lg";"<p>Náhradné diaľkové ovládače pre televízory značky LG. Fungujú bez párovania — stačí vložiť batérie.</p>";"";"Diaľkový ovládač LG na TV | PremiumStore.sk";"Náhradný diaľkový ovládač pre televízory LG – bez párovania, stačí vložiť batérie."
"";"";"televizne-ovladace";"0";"1";"1";"1";"Samsung";"Samsung";"tv-ovladace-samsung";"<p>Náhradné diaľkové ovládače pre televízory značky Samsung. Fungujú bez párovania — stačí vložiť batérie.</p>";"";"Diaľkový ovládač Samsung na TV | PremiumStore.sk";"Náhradný diaľkový ovládač pre televízory Samsung – bez párovania, stačí vložiť batérie."
"";"";"televizne-ovladace";"0";"1";"1";"1";"Panasonic";"Panasonic";"tv-ovladace-panasonic";"<p>Náhradné diaľkové ovládače pre televízory značky Panasonic. Fungujú bez párovania — stačí vložiť batérie.</p>";"";"Diaľkový ovládač Panasonic na TV | PremiumStore.sk";"Náhradný diaľkový ovládač pre televízory Panasonic – bez párovania, stačí vložiť batérie."
"";"";"televizne-ovladace";"0";"1";"1";"1";"Sencor";"Sencor";"tv-ovladace-sencor";"<p>Náhradné diaľkové ovládače pre televízory značky Sencor. Fungujú bez párovania — stačí vložiť batérie.</p>";"";"Diaľkový ovládač Sencor na TV | PremiumStore.sk";"Náhradný diaľkový ovládač pre televízory Sencor – bez párovania, stačí vložiť batérie."
"";"";"televizne-ovladace";"0";"1";"1";"1";"Sony";"Sony";"tv-ovladace-sony";"<p>Náhradné diaľkové ovládače pre televízory značky Sony. Fungujú bez párovania — stačí vložiť batérie.</p>";"";"Diaľkový ovládač Sony na TV | PremiumStore.sk";"Náhradný diaľkový ovládač pre televízory Sony – bez párovania, stačí vložiť batérie."
"";"";"televizne-ovladace";"0";"1";"1";"1";"Changhong";"Changhong";"tv-ovladace-changhong";"<p>Náhradné diaľkové ovládače pre televízory značky Changhong. Fungujú bez párovania — stačí vložiť batérie.</p>";"";"Diaľkový ovládač Changhong na TV | PremiumStore.sk";"Náhradný diaľkový ovládač pre televízory Changhong – bez párovania, stačí vložiť batérie."
"";"";"televizne-ovladace";"0";"1";"1";"1";"Gogen";"Gogen";"tv-ovladace-gogen";"<p>Náhradné diaľkové ovládače pre televízory značky Gogen. Fungujú bez párovania — stačí vložiť batérie.</p>";"";"Diaľkový ovládač Gogen na TV | PremiumStore.sk";"Náhradný diaľkový ovládač pre televízory Gogen – bez párovania, stačí vložiť batérie."
"";"";"televizne-ovladace";"0";"1";"1";"1";"Philips";"Philips";"tv-ovladace-philips";"<p>Náhradné diaľkové ovládače pre televízory značky Philips. Fungujú bez párovania — stačí vložiť batérie.</p>";"";"Diaľkový ovládač Philips na TV | PremiumStore.sk";"Náhradný diaľkový ovládač pre televízory Philips – bez párovania, stačí vložiť batérie."
"";"";"televizne-ovladace";"0";"1";"1";"1";"Sharp";"Sharp";"tv-ovladace-sharp";"<p>Náhradné diaľkové ovládače pre televízory značky Sharp. Fungujú bez párovania — stačí vložiť batérie.</p>";"";"Diaľkový ovládač Sharp na TV | PremiumStore.sk";"Náhradný diaľkový ovládač pre televízory Sharp – bez párovania, stačí vložiť batérie."
"";"";"televizne-ovladace";"0";"1";"1";"1";"Hyundai";"Hyundai";"tv-ovladace-hyundai";"<p>Náhradné diaľkové ovládače pre televízory značky Hyundai. Fungujú bez párovania — stačí vložiť batérie.</p>";"";"Diaľkový ovládač Hyundai na TV | PremiumStore.sk";"Náhradný diaľkový ovládač pre televízory Hyundai – bez párovania, stačí vložiť batérie."
"";"";"televizne-ovladace";"0";"1";"1";"1";"Finlux";"Finlux";"tv-ovladace-finlux";"<p>Náhradné diaľkové ovládače pre televízory značky Finlux. Fungujú bez párovania — stačí vložiť batérie.</p>";"";"Diaľkový ovládač Finlux na TV | PremiumStore.sk";"Náhradný diaľkový ovládač pre televízory Finlux – bez párovania, stačí vložiť batérie."
"";"";"televizne-ovladace";"0";"1";"1";"1";"Hitachi";"Hitachi";"tv-ovladace-hitachi";"<p>Náhradné diaľkové ovládače pre televízory značky Hitachi. Fungujú bez párovania — stačí vložiť batérie.</p>";"";"Diaľkový ovládač Hitachi na TV | PremiumStore.sk";"Náhradný diaľkový ovládač pre televízory Hitachi – bez párovania, stačí vložiť batérie."
"";"";"televizne-ovladace";"0";"1";"1";"1";"Toshiba";"Toshiba";"tv-ovladace-toshiba";"<p>Náhradné diaľkové ovládače pre televízory značky Toshiba. Fungujú bez párovania — stačí vložiť batérie.</p>";"";"Diaľkový ovládač Toshiba na TV | PremiumStore.sk";"Náhradný diaľkový ovládač pre televízory Toshiba – bez párovania, stačí vložiť batérie."
"";"";"televizne-ovladace";"0";"1";"1";"1";"Telefunken";"Telefunken";"tv-ovladace-telefunken";"<p>Náhradné diaľkové ovládače pre televízory značky Telefunken. Fungujú bez párovania — stačí vložiť batérie.</p>";"";"Diaľkový ovládač Telefunken na TV | PremiumStore.sk";"Náhradný diaľkový ovládač pre televízory Telefunken – bez párovania, stačí vložiť batérie."
"";"";"televizne-ovladace";"0";"1";"1";"1";"ECG";"ECG";"tv-ovladace-ecg";"<p>Náhradné diaľkové ovládače pre televízory značky ECG. Fungujú bez párovania — stačí vložiť batérie.</p>";"";"Diaľkový ovládač ECG na TV | PremiumStore.sk";"Náhradný diaľkový ovládač pre televízory ECG – bez párovania, stačí vložiť batérie."
"";"";"televizne-ovladace";"0";"1";"1";"1";"Orava";"Orava";"tv-ovladace-orava";"<p>Náhradné diaľkové ovládače pre televízory značky Orava. Fungujú bez párovania — stačí vložiť batérie.</p>";"";"Diaľkový ovládač Orava na TV | PremiumStore.sk";"Náhradný diaľkový ovládač pre televízory Orava – bez párovania, stačí vložiť batérie."
"";"";"televizne-ovladace";"0";"1";"1";"1";"Grundig";"Grundig";"tv-ovladace-grundig";"<p>Náhradné diaľkové ovládače pre televízory značky Grundig. Fungujú bez párovania — stačí vložiť batérie.</p>";"";"Diaľkový ovládač Grundig na TV | PremiumStore.sk";"Náhradný diaľkový ovládač pre televízory Grundig – bez párovania, stačí vložiť batérie."
"";"";"televizne-ovladace";"0";"1";"1";"1";"JVC";"JVC";"tv-ovladace-jvc";"<p>Náhradné diaľkové ovládače pre televízory značky JVC. Fungujú bez párovania — stačí vložiť batérie.</p>";"";"Diaľkový ovládač JVC na TV | PremiumStore.sk";"Náhradný diaľkový ovládač pre televízory JVC – bez párovania, stačí vložiť batérie."
"";"";"televizne-ovladace";"0";"1";"1";"1";"Hisense";"Hisense";"tv-ovladace-hisense";"<p>Náhradné diaľkové ovládače pre televízory značky Hisense. Fungujú bez párovania — stačí vložiť batérie.</p>";"";"Diaľkový ovládač Hisense na TV | PremiumStore.sk";"Náhradný diaľkový ovládač pre televízory Hisense – bez párovania, stačí vložiť batérie."
"";"";"televizne-ovladace";"0";"1";"1";"1";"OVP";"OVP";"tv-ovladace-ovp";"<p>Náhradné diaľkové ovládače pre televízory značky OVP. Fungujú bez párovania — stačí vložiť batérie.</p>";"";"Diaľkový ovládač OVP na TV | PremiumStore.sk";"Náhradný diaľkový ovládač pre televízory OVP – bez párovania, stačí vložiť batérie."
"";"";"televizne-ovladace";"0";"1";"1";"1";"Technika";"Technika";"tv-ovladace-technika";"<p>Náhradné diaľkové ovládače pre televízory značky Technika. Fungujú bez párovania — stačí vložiť batérie.</p>";"";"Diaľkový ovládač Technika na TV | PremiumStore.sk";"Náhradný diaľkový ovládač pre televízory Technika – bez párovania, stačí vložiť batérie."
"";"";"televizne-ovladace";"0";"1";"1";"1";"Vestel";"Vestel";"tv-ovladace-vestel";"<p>Náhradné diaľkové ovládače pre televízory značky Vestel. Fungujú bez párovania — stačí vložiť batérie.</p>";"";"Diaľkový ovládač Vestel na TV | PremiumStore.sk";"Náhradný diaľkový ovládač pre televízory Vestel – bez párovania, stačí vložiť batérie."
"";"";"televizne-ovladace";"0";"1";"1";"1";"BEKO";"BEKO";"tv-ovladace-beko";"<p>Náhradné diaľkové ovládače pre televízory značky BEKO. Fungujú bez párovania — stačí vložiť batérie.</p>";"";"Diaľkový ovládač BEKO na TV | PremiumStore.sk";"Náhradný diaľkový ovládač pre televízory BEKO – bez párovania, stačí vložiť batérie."
"";"";"televizne-ovladace";"0";"1";"1";"1";"GoSat";"GoSat";"tv-ovladace-gosat";"<p>Náhradné diaľkové ovládače pre televízory značky GoSat. Fungujú bez párovania — stačí vložiť batérie.</p>";"";"Diaľkový ovládač GoSat na TV | PremiumStore.sk";"Náhradný diaľkový ovládač pre televízory GoSat – bez párovania, stačí vložiť batérie."
"";"";"televizne-ovladace";"0";"1";"1";"1";"TCL";"TCL";"tv-ovladace-tcl";"<p>Náhradné diaľkové ovládače pre televízory značky TCL. Fungujú bez párovania — stačí vložiť batérie.</p>";"";"Diaľkový ovládač TCL na TV | PremiumStore.sk";"Náhradný diaľkový ovládač pre televízory TCL – bez párovania, stačí vložiť batérie."
"";"";"televizne-ovladace";"0";"1";"1";"1";"Thomson";"Thomson";"tv-ovladace-thomson";"<p>Náhradné diaľkové ovládače pre televízory značky Thomson. Fungujú bez párovania — stačí vložiť batérie.</p>";"";"Diaľkový ovládač Thomson na TV | PremiumStore.sk";"Náhradný diaľkový ovládač pre televízory Thomson – bez párovania, stačí vložiť batérie."
"";"";"televizne-ovladace";"0";"1";"1";"1";"Kruger & Matz";"Kruger & Matz";"tv-ovladace-kruger-matz";"<p>Náhradné diaľkové ovládače pre televízory značky Kruger & Matz. Fungujú bez párovania — stačí vložiť batérie.</p>";"";"Diaľkový ovládač Kruger & Matz na TV | PremiumStore.sk";"Náhradný diaľkový ovládač pre televízory Kruger & Matz – bez párovania, stačí vložiť batérie."
"";"";"televizne-ovladace";"0";"1";"1";"1";"Luxtronic";"Luxtronic";"tv-ovladace-luxtronic";"<p>Náhradné diaľkové ovládače pre televízory značky Luxtronic. Fungujú bez párovania — stačí vložiť batérie.</p>";"";"Diaľkový ovládač Luxtronic na TV | PremiumStore.sk";"Náhradný diaľkový ovládač pre televízory Luxtronic – bez párovania, stačí vložiť batérie."
"";"";"televizne-ovladace";"0";"1";"1";"1";"CHiQ";"CHiQ";"tv-ovladace-chiq";"<p>Náhradné diaľkové ovládače pre televízory značky CHiQ. Fungujú bez párovania — stačí vložiť batérie.</p>";"";"Diaľkový ovládač CHiQ na TV | PremiumStore.sk";"Náhradný diaľkový ovládač pre televízory CHiQ – bez párovania, stačí vložiť batérie."
"";"";"televizne-ovladace";"0";"1";"1";"1";"Daewoo";"Daewoo";"tv-ovladace-daewoo";"<p>Náhradné diaľkové ovládače pre televízory značky Daewoo. Fungujú bez párovania — stačí vložiť batérie.</p>";"";"Diaľkový ovládač Daewoo na TV | PremiumStore.sk";"Náhradný diaľkový ovládač pre televízory Daewoo – bez párovania, stačí vložiť batérie."
"";"";"satelitne-ovladace";"0";"1";"1";"1";"Amiko";"Amiko";"sat-ovladace-amiko";"<p>Náhradné diaľkové ovládače pre satelitné prijímače Amiko.</p>";"";"Diaľkový ovládač Amiko na satelit | PremiumStore.sk";"Náhradný diaľkový ovládač pre satelitné prijímače Amiko."
"";"";"satelitne-ovladace";"0";"1";"1";"1";"AB";"AB";"sat-ovladace-ab";"<p>Náhradné diaľkové ovládače pre satelitné prijímače AB.</p>";"";"Diaľkový ovládač AB na satelit | PremiumStore.sk";"Náhradný diaľkový ovládač pre satelitné prijímače AB."
"";"";"satelitne-ovladace";"0";"1";"1";"1";"GoSat";"GoSat";"sat-ovladace-gosat";"<p>Náhradné diaľkové ovládače pre satelitné prijímače GoSat.</p>";"";"Diaľkový ovládač GoSat na satelit | PremiumStore.sk";"Náhradný diaľkový ovládač pre satelitné prijímače GoSat."
"";"";"satelitne-ovladace";"0";"1";"1";"1";"Topfield";"Topfield";"sat-ovladace-topfield";"<p>Náhradné diaľkové ovládače pre satelitné prijímače Topfield.</p>";"";"Diaľkový ovládač Topfield na satelit | PremiumStore.sk";"Náhradný diaľkový ovládač pre satelitné prijímače Topfield."
"";"";"satelitne-ovladace";"0";"1";"1";"1";"Strong";"Strong";"sat-ovladace-strong";"<p>Náhradné diaľkové ovládače pre satelitné prijímače Strong.</p>";"";"Diaľkový ovládač Strong na satelit | PremiumStore.sk";"Náhradný diaľkový ovládač pre satelitné prijímače Strong."
"";"";"satelitne-ovladace";"0";"1";"1";"1";"Octagon";"Octagon";"sat-ovladace-octagon";"<p>Náhradné diaľkové ovládače pre satelitné prijímače Octagon.</p>";"";"Diaľkový ovládač Octagon na satelit | PremiumStore.sk";"Náhradný diaľkový ovládač pre satelitné prijímače Octagon."
"";"";"satelitne-ovladace";"0";"1";"1";"1";"Optibox";"Optibox";"sat-ovladace-optibox";"<p>Náhradné diaľkové ovládače pre satelitné prijímače Optibox.</p>";"";"Diaľkový ovládač Optibox na satelit | PremiumStore.sk";"Náhradný diaľkový ovládač pre satelitné prijímače Optibox."
"";"";"satelitne-ovladace";"0";"1";"1";"1";"HD-BOX";"HD-BOX";"sat-ovladace-hd-box";"<p>Náhradné diaľkové ovládače pre satelitné prijímače HD-BOX.</p>";"";"Diaľkový ovládač HD-BOX na satelit | PremiumStore.sk";"Náhradný diaľkový ovládač pre satelitné prijímače HD-BOX."
"";"";"satelitne-ovladace";"0";"1";"1";"1";"Zircon";"Zircon";"sat-ovladace-zircon";"<p>Náhradné diaľkové ovládače pre satelitné prijímače Zircon.</p>";"";"Diaľkový ovládač Zircon na satelit | PremiumStore.sk";"Náhradný diaľkový ovládač pre satelitné prijímače Zircon."
"";"";"satelitne-ovladace";"0";"1";"1";"1";"Ferguson";"Ferguson";"sat-ovladace-ferguson";"<p>Náhradné diaľkové ovládače pre satelitné prijímače Ferguson.</p>";"";"Diaľkový ovládač Ferguson na satelit | PremiumStore.sk";"Náhradný diaľkový ovládač pre satelitné prijímače Ferguson."
"";"";"satelitne-ovladace";"0";"1";"1";"1";"Globo";"Globo";"sat-ovladace-globo";"<p>Náhradné diaľkové ovládače pre satelitné prijímače Globo.</p>";"";"Diaľkový ovládač Globo na satelit | PremiumStore.sk";"Náhradný diaľkový ovládač pre satelitné prijímače Globo."
"";"";"satelitne-ovladace";"0";"1";"1";"1";"Opensat";"Opensat";"sat-ovladace-opensat";"<p>Náhradné diaľkové ovládače pre satelitné prijímače Opensat.</p>";"";"Diaľkový ovládač Opensat na satelit | PremiumStore.sk";"Náhradný diaľkový ovládač pre satelitné prijímače Opensat."
"";"";"satelitne-ovladace";"0";"1";"1";"1";"Opticum";"Opticum";"sat-ovladace-opticum";"<p>Náhradné diaľkové ovládače pre satelitné prijímače Opticum.</p>";"";"Diaľkový ovládač Opticum na satelit | PremiumStore.sk";"Náhradný diaľkový ovládač pre satelitné prijímače Opticum."
"";"";"satelitne-ovladace";"0";"1";"1";"1";"Dreambox";"Dreambox";"sat-ovladace-dreambox";"<p>Náhradné diaľkové ovládače pre satelitné prijímače Dreambox.</p>";"";"Diaľkový ovládač Dreambox na satelit | PremiumStore.sk";"Náhradný diaľkový ovládač pre satelitné prijímače Dreambox."
"";"";"satelitne-ovladace";"0";"1";"1";"1";"ATlink";"ATlink";"sat-ovladace-atlink";"<p>Náhradné diaľkové ovládače pre satelitné prijímače ATlink.</p>";"";"Diaľkový ovládač ATlink na satelit | PremiumStore.sk";"Náhradný diaľkový ovládač pre satelitné prijímače ATlink."
"";"";"satelitne-ovladace";"0";"1";"1";"1";"Formuler";"Formuler";"sat-ovladace-formuler";"<p>Náhradné diaľkové ovládače pre satelitné prijímače Formuler.</p>";"";"Diaľkový ovládač Formuler na satelit | PremiumStore.sk";"Náhradný diaľkový ovládač pre satelitné prijímače Formuler."
"";"";"satelitne-ovladace";"0";"1";"1";"1";"Homecast";"Homecast";"sat-ovladace-homecast";"<p>Náhradné diaľkové ovládače pre satelitné prijímače Homecast.</p>";"";"Diaľkový ovládač Homecast na satelit | PremiumStore.sk";"Náhradný diaľkový ovládač pre satelitné prijímače Homecast."
"";"";"satelitne-ovladace";"0";"1";"1";"1";"Humax";"Humax";"sat-ovladace-humax";"<p>Náhradné diaľkové ovládače pre satelitné prijímače Humax.</p>";"";"Diaľkový ovládač Humax na satelit | PremiumStore.sk";"Náhradný diaľkový ovládač pre satelitné prijímače Humax."
"";"";"satelitne-ovladace";"0";"1";"1";"1";"Kaon";"Kaon";"sat-ovladace-kaon";"<p>Náhradné diaľkové ovládače pre satelitné prijímače Kaon.</p>";"";"Diaľkový ovládač Kaon na satelit | PremiumStore.sk";"Náhradný diaľkový ovládač pre satelitné prijímače Kaon."
"";"";"satelitne-ovladace";"0";"1";"1";"1";"Zgemma";"Zgemma";"sat-ovladace-zgemma";"<p>Náhradné diaľkové ovládače pre satelitné prijímače Zgemma.</p>";"";"Diaľkový ovládač Zgemma na satelit | PremiumStore.sk";"Náhradný diaľkový ovládač pre satelitné prijímače Zgemma."
"";"";"satelitne-ovladace";"0";"1";"1";"1";"Bensat";"Bensat";"sat-ovladace-bensat";"<p>Náhradné diaľkové ovládače pre satelitné prijímače Bensat.</p>";"";"Diaľkový ovládač Bensat na satelit | PremiumStore.sk";"Náhradný diaľkový ovládač pre satelitné prijímače Bensat."
"";"";"satelitne-ovladace";"0";"1";"1";"1";"Mascom";"Mascom";"sat-ovladace-mascom";"<p>Náhradné diaľkové ovládače pre satelitné prijímače Mascom.</p>";"";"Diaľkový ovládač Mascom na satelit | PremiumStore.sk";"Náhradný diaľkový ovládač pre satelitné prijímače Mascom."
"";"";"satelitne-ovladace";"0";"1";"1";"1";"Golden Interstar";"Golden Interstar";"sat-ovladace-golden-interstar";"<p>Náhradné diaľkové ovládače pre satelitné prijímače Golden Interstar.</p>";"";"Diaľkový ovládač Golden Interstar na satelit | PremiumStore.sk";"Náhradný diaľkový ovládač pre satelitné prijímače Golden Interstar."
"";"";"satelitne-ovladace";"0";"1";"1";"1";"Ineos";"Ineos";"sat-ovladace-ineos";"<p>Náhradné diaľkové ovládače pre satelitné prijímače Ineos.</p>";"";"Diaľkový ovládač Ineos na satelit | PremiumStore.sk";"Náhradný diaľkový ovládač pre satelitné prijímače Ineos."
"";"";"satelitne-ovladace";"0";"1";"1";"1";"Openbox";"Openbox";"sat-ovladace-openbox";"<p>Náhradné diaľkové ovládače pre satelitné prijímače Openbox.</p>";"";"Diaľkový ovládač Openbox na satelit | PremiumStore.sk";"Náhradný diaľkový ovládač pre satelitné prijímače Openbox."
"";"";"satelitne-ovladace";"0";"1";"1";"1";"Showbox";"Showbox";"sat-ovladace-showbox";"<p>Náhradné diaľkové ovládače pre satelitné prijímače Showbox.</p>";"";"Diaľkový ovládač Showbox na satelit | PremiumStore.sk";"Náhradný diaľkový ovládač pre satelitné prijímače Showbox."
"";"";"satelitne-ovladace";"0";"1";"1";"1";"Technisat";"Technisat";"sat-ovladace-technisat";"<p>Náhradné diaľkové ovládače pre satelitné prijímače Technisat.</p>";"";"Diaľkový ovládač Technisat na satelit | PremiumStore.sk";"Náhradný diaľkový ovládač pre satelitné prijímače Technisat."
"";"";"satelitne-ovladace";"0";"1";"1";"1";"Tesla";"Tesla";"sat-ovladace-tesla";"<p>Náhradné diaľkové ovládače pre satelitné prijímače Tesla.</p>";"";"Diaľkový ovládač Tesla na satelit | PremiumStore.sk";"Náhradný diaľkový ovládač pre satelitné prijímače Tesla."
"";"";"satelitne-ovladace";"0";"1";"1";"1";"LinkBox";"LinkBox";"sat-ovladace-linkbox";"<p>Náhradné diaľkové ovládače pre satelitné prijímače LinkBox.</p>";"";"Diaľkový ovládač LinkBox na satelit | PremiumStore.sk";"Náhradný diaľkový ovládač pre satelitné prijímače LinkBox."
"";"";"satelitne-ovladace";"0";"1";"1";"1";"Polygon";"Polygon";"sat-ovladace-polygon";"<p>Náhradné diaľkové ovládače pre satelitné prijímače Polygon.</p>";"";"Diaľkový ovládač Polygon na satelit | PremiumStore.sk";"Náhradný diaľkový ovládač pre satelitné prijímače Polygon."
"";"";"satelitne-ovladace";"0";"1";"1";"1";"Synaps";"Synaps";"sat-ovladace-synaps";"<p>Náhradné diaľkové ovládače pre satelitné prijímače Synaps.</p>";"";"Diaľkový ovládač Synaps na satelit | PremiumStore.sk";"Náhradný diaľkový ovládač pre satelitné prijímače Synaps."
"";"";"satelitne-ovladace";"0";"1";"1";"1";"Thomson";"Thomson";"sat-ovladace-thomson";"<p>Náhradné diaľkové ovládače pre satelitné prijímače Thomson.</p>";"";"Diaľkový ovládač Thomson na satelit | PremiumStore.sk";"Náhradný diaľkový ovládač pre satelitné prijímače Thomson."
"";"";"satelitne-ovladace";"0";"1";"1";"1";"Vu+";"Vu+";"sat-ovladace-vu";"<p>Náhradné diaľkové ovládače pre satelitné prijímače Vu+.</p>";"";"Diaľkový ovládač Vu+ na satelit | PremiumStore.sk";"Náhradný diaľkový ovládač pre satelitné prijímače Vu+."
"";"";"satelitne-ovladace";"0";"1";"1";"1";"DIWAY";"DIWAY";"sat-ovladace-diway";"<p>Náhradné diaľkové ovládače pre satelitné prijímače DIWAY.</p>";"";"Diaľkový ovládač DIWAY na satelit | PremiumStore.sk";"Náhradný diaľkový ovládač pre satelitné prijímače DIWAY."
"";"";"satelitne-ovladace";"0";"1";"1";"1";"Medialink";"Medialink";"sat-ovladace-medialink";"<p>Náhradné diaľkové ovládače pre satelitné prijímače Medialink.</p>";"";"Diaľkový ovládač Medialink na satelit | PremiumStore.sk";"Náhradný diaľkový ovládač pre satelitné prijímače Medialink."
"";"";"satelitne-ovladace";"0";"1";"1";"1";"Skytec";"Skytec";"sat-ovladace-skytec";"<p>Náhradné diaľkové ovládače pre satelitné prijímače Skytec.</p>";"";"Diaľkový ovládač Skytec na satelit | PremiumStore.sk";"Náhradný diaľkový ovládač pre satelitné prijímače Skytec."
"";"";"satelitne-ovladace";"0";"1";"1";"1";"Vantage";"Vantage";"sat-ovladace-vantage";"<p>Náhradné diaľkové ovládače pre satelitné prijímače Vantage.</p>";"";"Diaľkový ovládač Vantage na satelit | PremiumStore.sk";"Náhradný diaľkový ovládač pre satelitné prijímače Vantage."
"";"";"satelitne-ovladace";"0";"1";"1";"1";"Allbox";"Allbox";"sat-ovladace-allbox";"<p>Náhradné diaľkové ovládače pre satelitné prijímače Allbox.</p>";"";"Diaľkový ovládač Allbox na satelit | PremiumStore.sk";"Náhradný diaľkový ovládač pre satelitné prijímače Allbox."
"";"";"satelitne-ovladace";"0";"1";"1";"1";"Alma";"Alma";"sat-ovladace-alma";"<p>Náhradné diaľkové ovládače pre satelitné prijímače Alma.</p>";"";"Diaľkový ovládač Alma na satelit | PremiumStore.sk";"Náhradný diaľkový ovládač pre satelitné prijímače Alma."
"";"";"satelitne-ovladace";"0";"1";"1";"1";"Apebox";"Apebox";"sat-ovladace-apebox";"<p>Náhradné diaľkové ovládače pre satelitné prijímače Apebox.</p>";"";"Diaľkový ovládač Apebox na satelit | PremiumStore.sk";"Náhradný diaľkový ovládač pre satelitné prijímače Apebox."
"";"";"satelitne-ovladace";"0";"1";"1";"1";"AZBox";"AZBox";"sat-ovladace-azbox";"<p>Náhradné diaľkové ovládače pre satelitné prijímače AZBox.</p>";"";"Diaľkový ovládač AZBox na satelit | PremiumStore.sk";"Náhradný diaľkový ovládač pre satelitné prijímače AZBox."
"";"";"satelitne-ovladace";"0";"1";"1";"1";"Dizipia";"Dizipia";"sat-ovladace-dizipia";"<p>Náhradné diaľkové ovládače pre satelitné prijímače Dizipia.</p>";"";"Diaľkový ovládač Dizipia na satelit | PremiumStore.sk";"Náhradný diaľkový ovládač pre satelitné prijímače Dizipia."
"";"";"satelitne-ovladace";"0";"1";"1";"1";"Dreamsky";"Dreamsky";"sat-ovladace-dreamsky";"<p>Náhradné diaľkové ovládače pre satelitné prijímače Dreamsky.</p>";"";"Diaľkový ovládač Dreamsky na satelit | PremiumStore.sk";"Náhradný diaľkový ovládač pre satelitné prijímače Dreamsky."
"";"";"satelitne-ovladace";"0";"1";"1";"1";"Edision";"Edision";"sat-ovladace-edision";"<p>Náhradné diaľkové ovládače pre satelitné prijímače Edision.</p>";"";"Diaľkový ovládač Edision na satelit | PremiumStore.sk";"Náhradný diaľkový ovládač pre satelitné prijímače Edision."
"";"";"satelitne-ovladace";"0";"1";"1";"1";"Evolve";"Evolve";"sat-ovladace-evolve";"<p>Náhradné diaľkové ovládače pre satelitné prijímače Evolve.</p>";"";"Diaľkový ovládač Evolve na satelit | PremiumStore.sk";"Náhradný diaľkový ovládač pre satelitné prijímače Evolve."
"";"";"satelitne-ovladace";"0";"1";"1";"1";"Inetbox";"Inetbox";"sat-ovladace-inetbox";"<p>Náhradné diaľkové ovládače pre satelitné prijímače Inetbox.</p>";"";"Diaľkový ovládač Inetbox na satelit | PremiumStore.sk";"Náhradný diaľkový ovládač pre satelitné prijímače Inetbox."
"";"";"satelitne-ovladace";"0";"1";"1";"1";"Multibox";"Multibox";"sat-ovladace-multibox";"<p>Náhradné diaľkové ovládače pre satelitné prijímače Multibox.</p>";"";"Diaľkový ovládač Multibox na satelit | PremiumStore.sk";"Náhradný diaľkový ovládač pre satelitné prijímače Multibox."
"";"";"satelitne-ovladace";"0";"1";"1";"1";"Samsung";"Samsung";"sat-ovladace-samsung";"<p>Náhradné diaľkové ovládače pre satelitné prijímače Samsung.</p>";"";"Diaľkový ovládač Samsung na satelit | PremiumStore.sk";"Náhradný diaľkový ovládač pre satelitné prijímače Samsung."
"";"";"satelitne-ovladace";"0";"1";"1";"1";"SatElita";"SatElita";"sat-ovladace-satelita";"<p>Náhradné diaľkové ovládače pre satelitné prijímače SatElita.</p>";"";"Diaľkový ovládač SatElita na satelit | PremiumStore.sk";"Náhradný diaľkový ovládač pre satelitné prijímače SatElita."
"";"";"satelitne-ovladace";"0";"1";"1";"1";"Smart";"Smart";"sat-ovladace-smart";"<p>Náhradné diaľkové ovládače pre satelitné prijímače Smart.</p>";"";"Diaľkový ovládač Smart na satelit | PremiumStore.sk";"Náhradný diaľkový ovládač pre satelitné prijímače Smart."
"";"";"ovladace-k-dvb-t2";"0";"1";"1";"1";"Tesla";"Tesla";"dvbt2-ovladace-tesla";"<p>Náhradné diaľkové ovládače pre DVB-T2 set-top boxy Tesla.</p>";"";"Diaľkový ovládač Tesla na DVB-T2 | PremiumStore.sk";"Náhradný diaľkový ovládač pre DVB-T2 set-top boxy Tesla."
"";"";"ovladace-k-dvb-t2";"0";"1";"1";"1";"Alma";"Alma";"dvbt2-ovladace-alma";"<p>Náhradné diaľkové ovládače pre DVB-T2 set-top boxy Alma.</p>";"";"Diaľkový ovládač Alma na DVB-T2 | PremiumStore.sk";"Náhradný diaľkový ovládač pre DVB-T2 set-top boxy Alma."
"";"";"ovladace-k-dvb-t2";"0";"1";"1";"1";"Telesystem";"Telesystem";"dvbt2-ovladace-telesystem";"<p>Náhradné diaľkové ovládače pre DVB-T2 set-top boxy Telesystem.</p>";"";"Diaľkový ovládač Telesystem na DVB-T2 | PremiumStore.sk";"Náhradný diaľkový ovládač pre DVB-T2 set-top boxy Telesystem."
"";"";"ovladace-k-dvb-t2";"0";"1";"1";"1";"Strong";"Strong";"dvbt2-ovladace-strong";"<p>Náhradné diaľkové ovládače pre DVB-T2 set-top boxy Strong.</p>";"";"Diaľkový ovládač Strong na DVB-T2 | PremiumStore.sk";"Náhradný diaľkový ovládač pre DVB-T2 set-top boxy Strong."
"";"";"ovladace-k-dvb-t2";"0";"1";"1";"1";"Amiko";"Amiko";"dvbt2-ovladace-amiko";"<p>Náhradné diaľkové ovládače pre DVB-T2 set-top boxy Amiko.</p>";"";"Diaľkový ovládač Amiko na DVB-T2 | PremiumStore.sk";"Náhradný diaľkový ovládač pre DVB-T2 set-top boxy Amiko."
"";"";"ovladace-k-dvb-t2";"0";"1";"1";"1";"Mascom";"Mascom";"dvbt2-ovladace-mascom";"<p>Náhradné diaľkové ovládače pre DVB-T2 set-top boxy Mascom.</p>";"";"Diaľkový ovládač Mascom na DVB-T2 | PremiumStore.sk";"Náhradný diaľkový ovládač pre DVB-T2 set-top boxy Mascom."
"";"";"ovladace-k-dvb-t2";"0";"1";"1";"1";"Wiwa";"Wiwa";"dvbt2-ovladace-wiwa";"<p>Náhradné diaľkové ovládače pre DVB-T2 set-top boxy Wiwa.</p>";"";"Diaľkový ovládač Wiwa na DVB-T2 | PremiumStore.sk";"Náhradný diaľkový ovládač pre DVB-T2 set-top boxy Wiwa."
"";"";"ovladace-k-dvb-t2";"0";"1";"1";"1";"Emos";"Emos";"dvbt2-ovladace-emos";"<p>Náhradné diaľkové ovládače pre DVB-T2 set-top boxy Emos.</p>";"";"Diaľkový ovládač Emos na DVB-T2 | PremiumStore.sk";"Náhradný diaľkový ovládač pre DVB-T2 set-top boxy Emos."
"";"";"ovladace-k-dvb-t2";"0";"1";"1";"1";"GoGEN";"GoGEN";"dvbt2-ovladace-gogen";"<p>Náhradné diaľkové ovládače pre DVB-T2 set-top boxy GoGEN.</p>";"";"Diaľkový ovládač GoGEN na DVB-T2 | PremiumStore.sk";"Náhradný diaľkový ovládač pre DVB-T2 set-top boxy GoGEN."
"";"";"ovladace-k-dvb-t2";"0";"1";"1";"1";"Opticum";"Opticum";"dvbt2-ovladace-opticum";"<p>Náhradné diaľkové ovládače pre DVB-T2 set-top boxy Opticum.</p>";"";"Diaľkový ovládač Opticum na DVB-T2 | PremiumStore.sk";"Náhradný diaľkový ovládač pre DVB-T2 set-top boxy Opticum."
"";"";"ovladace-k-dvb-t2";"0";"1";"1";"1";"Sencor";"Sencor";"dvbt2-ovladace-sencor";"<p>Náhradné diaľkové ovládače pre DVB-T2 set-top boxy Sencor.</p>";"";"Diaľkový ovládač Sencor na DVB-T2 | PremiumStore.sk";"Náhradný diaľkový ovládač pre DVB-T2 set-top boxy Sencor."
"";"";"ovladace-k-dvb-t2";"0";"1";"1";"1";"DIWAY";"DIWAY";"dvbt2-ovladace-diway";"<p>Náhradné diaľkové ovládače pre DVB-T2 set-top boxy DIWAY.</p>";"";"Diaľkový ovládač DIWAY na DVB-T2 | PremiumStore.sk";"Náhradný diaľkový ovládač pre DVB-T2 set-top boxy DIWAY."
"";"";"ovladace-k-dvb-t2";"0";"1";"1";"1";"Technisat";"Technisat";"dvbt2-ovladace-technisat";"<p>Náhradné diaľkové ovládače pre DVB-T2 set-top boxy Technisat.</p>";"";"Diaľkový ovládač Technisat na DVB-T2 | PremiumStore.sk";"Náhradný diaľkový ovládač pre DVB-T2 set-top boxy Technisat."
"";"";"ovladace-k-dvb-t2";"0";"1";"1";"1";"Zircon";"Zircon";"dvbt2-ovladace-zircon";"<p>Náhradné diaľkové ovládače pre DVB-T2 set-top boxy Zircon.</p>";"";"Diaľkový ovládač Zircon na DVB-T2 | PremiumStore.sk";"Náhradný diaľkový ovládač pre DVB-T2 set-top boxy Zircon."
"";"";"ovladace-k-dvb-t2";"0";"1";"1";"1";"GoSAT";"GoSAT";"dvbt2-ovladace-gosat";"<p>Náhradné diaľkové ovládače pre DVB-T2 set-top boxy GoSAT.</p>";"";"Diaľkový ovládač GoSAT na DVB-T2 | PremiumStore.sk";"Náhradný diaľkový ovládač pre DVB-T2 set-top boxy GoSAT."
"";"";"ovladace-k-dvb-t2";"0";"1";"1";"1";"Hyundai";"Hyundai";"dvbt2-ovladace-hyundai";"<p>Náhradné diaľkové ovládače pre DVB-T2 set-top boxy Hyundai.</p>";"";"Diaľkový ovládač Hyundai na DVB-T2 | PremiumStore.sk";"Náhradný diaľkový ovládač pre DVB-T2 set-top boxy Hyundai."
"";"";"ovladace-k-dvb-t2";"0";"1";"1";"1";"Thomson";"Thomson";"dvbt2-ovladace-thomson";"<p>Náhradné diaľkové ovládače pre DVB-T2 set-top boxy Thomson.</p>";"";"Diaľkový ovládač Thomson na DVB-T2 | PremiumStore.sk";"Náhradný diaľkový ovládač pre DVB-T2 set-top boxy Thomson."
"";"";"ovladace-k-dvb-t2";"0";"1";"1";"1";"AB";"AB";"dvbt2-ovladace-ab";"<p>Náhradné diaľkové ovládače pre DVB-T2 set-top boxy AB.</p>";"";"Diaľkový ovládač AB na DVB-T2 | PremiumStore.sk";"Náhradný diaľkový ovládač pre DVB-T2 set-top boxy AB."
"";"";"ovladace-k-dvb-t2";"0";"1";"1";"1";"Evolve";"Evolve";"dvbt2-ovladace-evolve";"<p>Náhradné diaľkové ovládače pre DVB-T2 set-top boxy Evolve.</p>";"";"Diaľkový ovládač Evolve na DVB-T2 | PremiumStore.sk";"Náhradný diaľkový ovládač pre DVB-T2 set-top boxy Evolve."
"";"";"ovladace-k-dvb-t2";"0";"1";"1";"1";"Ferguson";"Ferguson";"dvbt2-ovladace-ferguson";"<p>Náhradné diaľkové ovládače pre DVB-T2 set-top boxy Ferguson.</p>";"";"Diaľkový ovládač Ferguson na DVB-T2 | PremiumStore.sk";"Náhradný diaľkový ovládač pre DVB-T2 set-top boxy Ferguson."
"";"";"ovladace-k-dvb-t2";"0";"1";"1";"1";"Golden Media";"Golden Media";"dvbt2-ovladace-golden-media";"<p>Náhradné diaľkové ovládače pre DVB-T2 set-top boxy Golden Media.</p>";"";"Diaľkový ovládač Golden Media na DVB-T2 | PremiumStore.sk";"Náhradný diaľkový ovládač pre DVB-T2 set-top boxy Golden Media."
"";"";"ovladace-k-dvb-t2";"0";"1";"1";"1";"Optex";"Optex";"dvbt2-ovladace-optex";"<p>Náhradné diaľkové ovládače pre DVB-T2 set-top boxy Optex.</p>";"";"Diaľkový ovládač Optex na DVB-T2 | PremiumStore.sk";"Náhradný diaľkový ovládač pre DVB-T2 set-top boxy Optex."
"";"";"ovladace-k-dvb-t2";"0";"1";"1";"1";"Cabletech";"Cabletech";"dvbt2-ovladace-cabletech";"<p>Náhradné diaľkové ovládače pre DVB-T2 set-top boxy Cabletech.</p>";"";"Diaľkový ovládač Cabletech na DVB-T2 | PremiumStore.sk";"Náhradný diaľkový ovládač pre DVB-T2 set-top boxy Cabletech."
"";"";"ovladace-k-dvb-t2";"0";"1";"1";"1";"Dreambox";"Dreambox";"dvbt2-ovladace-dreambox";"<p>Náhradné diaľkové ovládače pre DVB-T2 set-top boxy Dreambox.</p>";"";"Diaľkový ovládač Dreambox na DVB-T2 | PremiumStore.sk";"Náhradný diaľkový ovládač pre DVB-T2 set-top boxy Dreambox."
"";"";"ovladace-k-dvb-t2";"0";"1";"1";"1";"Edision";"Edision";"dvbt2-ovladace-edision";"<p>Náhradné diaľkové ovládače pre DVB-T2 set-top boxy Edision.</p>";"";"Diaľkový ovládač Edision na DVB-T2 | PremiumStore.sk";"Náhradný diaľkový ovládač pre DVB-T2 set-top boxy Edision."
"";"";"ovladace-k-dvb-t2";"0";"1";"1";"1";"Fte";"Fte";"dvbt2-ovladace-fte";"<p>Náhradné diaľkové ovládače pre DVB-T2 set-top boxy Fte.</p>";"";"Diaľkový ovládač Fte na DVB-T2 | PremiumStore.sk";"Náhradný diaľkový ovládač pre DVB-T2 set-top boxy Fte."
"";"";"ovladace-k-dvb-t2";"0";"1";"1";"1";"Fuba";"Fuba";"dvbt2-ovladace-fuba";"<p>Náhradné diaľkové ovládače pre DVB-T2 set-top boxy Fuba.</p>";"";"Diaľkový ovládač Fuba na DVB-T2 | PremiumStore.sk";"Náhradný diaľkový ovládač pre DVB-T2 set-top boxy Fuba."
"";"";"ovladace-k-dvb-t2";"0";"1";"1";"1";"Humax";"Humax";"dvbt2-ovladace-humax";"<p>Náhradné diaľkové ovládače pre DVB-T2 set-top boxy Humax.</p>";"";"Diaľkový ovládač Humax na DVB-T2 | PremiumStore.sk";"Náhradný diaľkový ovládač pre DVB-T2 set-top boxy Humax."
"";"";"ovladace-k-dvb-t2";"0";"1";"1";"1";"Maxxo";"Maxxo";"dvbt2-ovladace-maxxo";"<p>Náhradné diaľkové ovládače pre DVB-T2 set-top boxy Maxxo.</p>";"";"Diaľkový ovládač Maxxo na DVB-T2 | PremiumStore.sk";"Náhradný diaľkový ovládač pre DVB-T2 set-top boxy Maxxo."
"";"";"ovladace-k-dvb-t2";"0";"1";"1";"1";"Medialink";"Medialink";"dvbt2-ovladace-medialink";"<p>Náhradné diaľkové ovládače pre DVB-T2 set-top boxy Medialink.</p>";"";"Diaľkový ovládač Medialink na DVB-T2 | PremiumStore.sk";"Náhradný diaľkový ovládač pre DVB-T2 set-top boxy Medialink."
"";"";"ovladace-k-dvb-t2";"0";"1";"1";"1";"New Digital";"New Digital";"dvbt2-ovladace-new-digital";"<p>Náhradné diaľkové ovládače pre DVB-T2 set-top boxy New Digital.</p>";"";"Diaľkový ovládač New Digital na DVB-T2 | PremiumStore.sk";"Náhradný diaľkový ovládač pre DVB-T2 set-top boxy New Digital."
"";"";"ovladace-k-dvb-t2";"0";"1";"1";"1";"Philips";"Philips";"dvbt2-ovladace-philips";"<p>Náhradné diaľkové ovládače pre DVB-T2 set-top boxy Philips.</p>";"";"Diaľkový ovládač Philips na DVB-T2 | PremiumStore.sk";"Náhradný diaľkový ovládač pre DVB-T2 set-top boxy Philips."
"";"";"ovladace-k-dvb-t2";"0";"1";"1";"1";"Skyworth";"Skyworth";"dvbt2-ovladace-skyworth";"<p>Náhradné diaľkové ovládače pre DVB-T2 set-top boxy Skyworth.</p>";"";"Diaľkový ovládač Skyworth na DVB-T2 | PremiumStore.sk";"Náhradný diaľkový ovládač pre DVB-T2 set-top boxy Skyworth."
"";"";"ovladace-k-dvb-t2";"0";"1";"1";"1";"Solight";"Solight";"dvbt2-ovladace-solight";"<p>Náhradné diaľkové ovládače pre DVB-T2 set-top boxy Solight.</p>";"";"Diaľkový ovládač Solight na DVB-T2 | PremiumStore.sk";"Náhradný diaľkový ovládač pre DVB-T2 set-top boxy Solight."
"";"";"audio-ovladace";"0";"1";"1";"1";"Panasonic";"Panasonic";"audio-ovladace-panasonic";"<p>Náhradné diaľkové ovládače pre audio techniku Panasonic.</p>";"";"Diaľkový ovládač Panasonic na audio | PremiumStore.sk";"Náhradný diaľkový ovládač pre audio techniku Panasonic."
"";"";"audio-ovladace";"0";"1";"1";"1";"AIWA";"AIWA";"audio-ovladace-aiwa";"<p>Náhradné diaľkové ovládače pre audio techniku AIWA.</p>";"";"Diaľkový ovládač AIWA na audio | PremiumStore.sk";"Náhradný diaľkový ovládač pre audio techniku AIWA."
"";"";"audio-ovladace";"0";"1";"1";"1";"Philips";"Philips";"audio-ovladace-philips";"<p>Náhradné diaľkové ovládače pre audio techniku Philips.</p>";"";"Diaľkový ovládač Philips na audio | PremiumStore.sk";"Náhradný diaľkový ovládač pre audio techniku Philips."
"";"";"audio-ovladace";"0";"1";"1";"1";"TechniSat";"TechniSat";"audio-ovladace-technisat";"<p>Náhradné diaľkové ovládače pre audio techniku TechniSat.</p>";"";"Diaľkový ovládač TechniSat na audio | PremiumStore.sk";"Náhradný diaľkový ovládač pre audio techniku TechniSat."
"";"";"dvd-ovladace";"0";"1";"1";"1";"Philips";"Philips";"dvd-ovladace-philips";"<p>Náhradné diaľkové ovládače pre DVD prehrávače Philips.</p>";"";"Diaľkový ovládač Philips na DVD | PremiumStore.sk";"Náhradný diaľkový ovládač pre DVD prehrávače Philips."
"";"";"dvd-ovladace";"0";"1";"1";"1";"Samsung";"Samsung";"dvd-ovladace-samsung";"<p>Náhradné diaľkové ovládače pre DVD prehrávače Samsung.</p>";"";"Diaľkový ovládač Samsung na DVD | PremiumStore.sk";"Náhradný diaľkový ovládač pre DVD prehrávače Samsung."
"";"";"dvd-ovladace";"0";"1";"1";"1";"LG";"LG";"dvd-ovladace-lg";"<p>Náhradné diaľkové ovládače pre DVD prehrávače LG.</p>";"";"Diaľkový ovládač LG na DVD | PremiumStore.sk";"Náhradný diaľkový ovládač pre DVD prehrávače LG."
"";"";"dvd-ovladace";"0";"1";"1";"1";"Denon";"Denon";"dvd-ovladace-denon";"<p>Náhradné diaľkové ovládače pre DVD prehrávače Denon.</p>";"";"Diaľkový ovládač Denon na DVD | PremiumStore.sk";"Náhradný diaľkový ovládač pre DVD prehrávače Denon."
"";"";"dvd-ovladace";"0";"1";"1";"1";"Sony";"Sony";"dvd-ovladace-sony";"<p>Náhradné diaľkové ovládače pre DVD prehrávače Sony.</p>";"";"Diaľkový ovládač Sony na DVD | PremiumStore.sk";"Náhradný diaľkový ovládač pre DVD prehrávače Sony."
"";"";"dvd-ovladace";"0";"1";"1";"1";"Sharp";"Sharp";"dvd-ovladace-sharp";"<p>Náhradné diaľkové ovládače pre DVD prehrávače Sharp.</p>";"";"Diaľkový ovládač Sharp na DVD | PremiumStore.sk";"Náhradný diaľkový ovládač pre DVD prehrávače Sharp."
"";"";"dvd-ovladace";"0";"1";"1";"1";"Technics";"Technics";"dvd-ovladace-technics";"<p>Náhradné diaľkové ovládače pre DVD prehrávače Technics.</p>";"";"Diaľkový ovládač Technics na DVD | PremiumStore.sk";"Náhradný diaľkový ovládač pre DVD prehrávače Technics."
"";"";"univerzalne-ovladace";"0";"1";"1";"1";"Programovateľné";"Programovateľné";"uni-ovladace-programovatelne";"<p>Univerzálne diaľkové ovládače Programovateľné – naprogramovateľné pre viacero zariadení.</p>";"";"Univerzálny diaľkový ovládač Programovateľné | PremiumStore.sk";"Univerzálny diaľkový ovládač Programovateľné pre viacero zariadení."
"";"";"univerzalne-ovladace";"0";"1";"1";"1";"Samsung";"Samsung";"uni-ovladace-samsung";"<p>Univerzálne diaľkové ovládače Samsung – naprogramovateľné pre viacero zariadení.</p>";"";"Univerzálny diaľkový ovládač Samsung | PremiumStore.sk";"Univerzálny diaľkový ovládač Samsung pre viacero zariadení."
"";"";"univerzalne-ovladace";"0";"1";"1";"1";"LG";"LG";"uni-ovladace-lg";"<p>Univerzálne diaľkové ovládače LG – naprogramovateľné pre viacero zariadení.</p>";"";"Univerzálny diaľkový ovládač LG | PremiumStore.sk";"Univerzálny diaľkový ovládač LG pre viacero zariadení."
"";"";"univerzalne-ovladace";"0";"1";"1";"1";"Panasonic";"Panasonic";"uni-ovladace-panasonic";"<p>Univerzálne diaľkové ovládače Panasonic – naprogramovateľné pre viacero zariadení.</p>";"";"Univerzálny diaľkový ovládač Panasonic | PremiumStore.sk";"Univerzálny diaľkový ovládač Panasonic pre viacero zariadení."
"";"";"univerzalne-ovladace";"0";"1";"1";"1";"PHILIPS";"PHILIPS";"uni-ovladace-philips";"<p>Univerzálne diaľkové ovládače PHILIPS – naprogramovateľné pre viacero zariadení.</p>";"";"Univerzálny diaľkový ovládač PHILIPS | PremiumStore.sk";"Univerzálny diaľkový ovládač PHILIPS pre viacero zariadení."
"";"";"univerzalne-ovladace";"0";"1";"1";"1";"Sharp";"Sharp";"uni-ovladace-sharp";"<p>Univerzálne diaľkové ovládače Sharp – naprogramovateľné pre viacero zariadení.</p>";"";"Univerzálny diaľkový ovládač Sharp | PremiumStore.sk";"Univerzálny diaľkový ovládač Sharp pre viacero zariadení."
"";"";"univerzalne-ovladace";"0";"1";"1";"1";"SONY";"SONY";"uni-ovladace-sony";"<p>Univerzálne diaľkové ovládače SONY – naprogramovateľné pre viacero zariadení.</p>";"";"Univerzálny diaľkový ovládač SONY | PremiumStore.sk";"Univerzálny diaľkový ovládač SONY pre viacero zariadení."
"";"";"univerzalne-ovladace";"0";"1";"1";"1";"Toshiba";"Toshiba";"uni-ovladace-toshiba";"<p>Univerzálne diaľkové ovládače Toshiba – naprogramovateľné pre viacero zariadení.</p>";"";"Univerzálny diaľkový ovládač Toshiba | PremiumStore.sk";"Univerzálny diaľkový ovládač Toshiba pre viacero zariadení."
"";"";"chovatelske-potreby";"0";"1";"1";"1";"Misky a dávkovače krmiva";"Misky a dávkovače krmiva";"misky-a-davkovace-krmiva";"<p>Misky, automatické kŕmidlá a dávkovače krmiva pre psov a mačky. Nájdete tu jednoduché nerezové a keramické misky aj inteligentné dávkovače s časovačom, ktoré nakŕmia zviera aj počas vašej neprítomnosti.</p>";"";"Misky a dávkovače krmiva pre psov a mačky";"Misky, automatické kŕmidlá a dávkovače krmiva pre psov a mačky. Inteligentné dávkovače s časovačom aj klasické nerezové misky."
"";"";"chovatelske-potreby";"0";"1";"1";"1";"Fontány a napájačky";"Fontány a napájačky";"fontany-a-napajacky";"<p>Fontány a napájačky pre psov a mačky. Prúdiaca voda zvieratá povzbudzuje piť viac, čo pomáha najmä mačkám s obličkami; v ponuke sú modely s filtráciou aj náhradné filtre.</p>";"";"Fontány a napájačky pre psov a mačky";"Fontány a napájačky pre psov a mačky s filtráciou vody. Prúdiaca voda podporuje pitný režim zvieraťa."
"";"";"chovatelske-potreby";"0";"1";"1";"1";"Mačacie toalety a príslušenstvo";"Mačacie toalety a príslušenstvo";"macacie-toalety";"<p>Mačacie toalety od klasických po samočistiace inteligentné modely, plus príslušenstvo — vrecká, filtre, lopatky a schodíky. Samočistiace toalety odstránia každodenné vyberanie a výrazne obmedzia zápach.</p>";"";"Mačacie toalety a príslušenstvo";"Mačacie toalety vrátane samočistiacich inteligentných modelov. Vrecká, filtre, lopatky a schodíky k toaletám."
"";"";"chovatelske-potreby";"0";"1";"1";"1";"Venčenie a transport";"Venčenie a transport";"vencenie-a-transport";"<p>Vodítka, obojky, postroje, prepravky a tašky na prenášanie. Všetko pre bezpečné venčenie a cestovanie so psom či mačkou — vrátane prepraviek vhodných do auta.</p>";"";"Venčenie a transport psov a mačiek";"Vodítka, obojky, postroje, prepravky a tašky na prenášanie psov a mačiek. Bezpečné venčenie aj cestovanie."
"";"";"chovatelske-potreby";"0";"1";"1";"1";"Pelechy, škrabadlá a klietky";"Pelechy, škrabadlá a klietky";"pelechy-skrabadla-klietky";"<p>Pelechy, škrabadlá, klietky a ohrádky. Škrabadlo je pre mačku nevyhnutnosť, nie doplnok — bez neho si nájde nábytok; v ponuke sú od malých stĺpikov po viacposchodové domčeky.</p>";"";"Pelechy, škrabadlá a klietky pre zvieratá";"Pelechy, škrabadlá, klietky a ohrádky pre psov a mačky. Od malých škrabacích stĺpikov po viacposchodové domčeky."
"";"";"chovatelske-potreby";"0";"1";"1";"1";"Starostlivosť o zvieratá";"Starostlivosť o zvieratá";"starostlivost-o-zvierata";"<p>Hygiena a starostlivosť o srsť — vysávače na chlpy, strihacie strojčeky, česadlá, šampóny a pohlcovače zápachu. Pravidelné vyčesávanie výrazne zníži množstvo chlpov v byte.</p>";"";"Starostlivosť o zvieratá — hygiena a srsť";"Vysávače na chlpy, strihacie strojčeky, česadlá a pohlcovače zápachu. Starostlivosť o srsť a hygienu psov a mačiek."
"";"";"chovatelske-potreby";"0";"1";"1";"1";"Hračky pre zvieratá";"Hračky pre zvieratá";"hracky-pre-zvierata";"<p>Hračky pre psov a mačky — interaktívne, laserové, plyšové aj odolné žuvacie. Interaktívna hračka zamestná zviera aj vtedy, keď nie ste doma.</p>";"";"Hračky pre psov a mačky";"Interaktívne, laserové, plyšové a žuvacie hračky pre psov a mačky. Zamestnajú zviera aj počas vašej neprítomnosti."
"";"";"chovatelske-potreby";"0";"1";"1";"1";"Ostatné chovateľské potreby";"Ostatné chovateľské potreby";"ostatne-chovatelske-potreby";"<p>Chovateľské potreby, ktoré nepatria do ostatných kategórií — doplnky pre psov, mačky aj drobné zvieratá.</p>";"";"Ostatné chovateľské potreby";"Doplnky a príslušenstvo pre psov, mačky a drobné zvieratá, ktoré nepatria do ostatných kategórií."
"";"";"3d-tlac-a-digitalna-vyroba";"0";"1";"1";"1";"CNC frézy a gravírovačky";"CNC frézy a gravírovačky";"cnc-frezy-a-gravirovacky";"<p>CNC frézy a gravírovacie stroje pre dielňu aj malú výrobu. Na rozdiel od laseru zvládnu obrábať do hĺbky — drevo, plasty aj mäkké kovy.</p>";"";"CNC frézy a gravírovacie stroje";"CNC frézy a gravírovacie stroje pre dielňu a malú výrobu. Obrábanie dreva, plastov a mäkkých kovov."
"";"";"meracie-technika";"0";"1";"1";"1";"Mikroskopy";"Mikroskopy";"mikroskopy";"<p>Digitálne a optické mikroskopy pre dielňu, servis elektroniky aj školu. Digitálny mikroskop s displejom je praktickejší pri spájkovaní a kontrole spojov než klasický okulárový.</p>";"";"Mikroskopy — digitálne a optické";"Digitálne a optické mikroskopy pre dielňu, servis elektroniky a školu. Modely s displejom aj pripojením k PC."
"";"";"vzduchotechnika";"0";"1";"1";"1";"Dezinfekčné UV lampy";"Dezinfekčné UV lampy";"dezinfekcne-uv-lampy";"<p>Germicídne UV-C lampy na dezinfekciu vzduchu a povrchov, ozónové aj bezozónové, vrátane náhradných trubíc. Ozónové modely sú účinnejšie, ale miestnosť sa po nich musí vyvetrať.</p>";"";"Dezinfekčné UV lampy — germicídne žiariče";"Germicídne UV-C lampy na dezinfekciu vzduchu a povrchov. Ozónové aj bezozónové modely a náhradné trubice."
"";"";"chovatelske-potreby";"0";"1";"1";"1";"Akvaristika";"Akvaristika";"akvaristika";"<p>Akvária, filtre, čerpadlá, osvetlenie a ohrievače pre sladkovodné aj morské nádrže. Filtrácia je pri akváriu dôležitejšia než samotná nádrž — poddimenzovaný filter znamená zakalenú vodu a choré ryby, preto vyberajte s rezervou na objem.</p>";"";"Akvaristika — akváriá, filtre a čerpadlá";"Akváriá, filtre, čerpadlá, osvetlenie a ohrievače pre sladkovodné aj morské nádrže. Vybavenie pre akvaristov."
"";"";"chovatelske-potreby";"0";"1";"1";"1";"Inteligentné toalety pre zvieratá";"Inteligentné toalety pre zvieratá";"inteligentne-toalety-pre-zvierata";"<p>Samočistiace a inteligentné mačacie toalety so senzormi a aplikáciou. Odstránia každodenné vyberanie, obmedzia zápach a časť modelov sleduje aj hmotnosť a frekvenciu návštev — čo vie včas upozorniť na zdravotný problém.</p>";"";"Inteligentné samočistiace toalety pre mačky";"Samočistiace a inteligentné mačacie toalety so senzormi a ovládaním cez aplikáciu. Bez každodenného vyberania."
"";"";"chovatelske-potreby";"0";"1";"1";"1";"Pohlcovače zápachu";"Pohlcovače zápachu";"pohlcovace-zapachu";"<p>Pohlcovače a neutralizátory zápachu pre domácnosti so zvieratami — do priestoru aj priamo do toalety. Neutralizátor zápach rozkladá, na rozdiel od osviežovača, ktorý ho len prekryje.</p>";"";"Pohlcovače zápachu pre chovateľov";"Pohlcovače a neutralizátory zápachu do priestoru aj do mačacej toalety. Pre domácnosti so zvieratami."
"";"";"zahrada";"0";"1";"1";"1";"Jazierka a jazierková technika";"Jazierka a jazierková technika";"jazierka-a-jazierkova-technika";"<p>Čerpadlá, UV filtre a tlakové filtre pre záhradné jazierka a fontány. UV lampa nie je doplnok — bez nej sa jazierko v lete zazelená od rias a samotná filtrácia to nezvládne.</p>";"";"Jazierka a jazierková technika";"Čerpadlá, UV filtre a tlakové filtre pre záhradné jazierka a fontány. Čistá voda bez rias."
