id;parentId;parentUrl;expandInMenu;visible;priority;access;title;linkText;url;topDescription;bottomDescription;metaTitle;metaDescription
"41301";"39432";"male-spotrebice";"0";"0";"";"1";"Ostatné spotrebiče";"Ostatné spotrebiče";"ostatne-spotrebice";"";"";"Ostatné spotrebiče | PremiumStore.sk";"Ostatné spotrebiče v ponuke PremiumStore.sk. Prehľadné parametre, rýchle dodanie po celom Slovensku.";
"46551";"39432";"male-spotrebice";"0";"0";"";"1";"Čistenie";"Čistenie";"cistenie";"";"";"Čistenie | PremiumStore.sk";"Čistenie: široký sortiment a rýchle dodanie. Nájdite si ten pravý produkt na PremiumStore.sk.";
"46746";"39432";"male-spotrebice";"0";"0";"";"1";"Pre dieťa";"Pre dieťa";"pre-dieta";"";"";"Pre dieťa | PremiumStore.sk";"Pre dieťa v ponuke PremiumStore.sk. Prehľadné parametre, rýchle dodanie po celom Slovensku.";
"46755";"39432";"male-spotrebice";"0";"0";"";"1";"Mini chladničky";"Mini chladničky";"mini-chladnicky";"";"";"Mini chladničky | PremiumStore.sk";"Mini chladničky: široký sortiment a rýchle dodanie. Nájdite si ten pravý produkt na PremiumStore.sk.";
"47775";"39432";"male-spotrebice";"0";"0";"";"1";"Dezinfekčné lampy";"Dezinfekčné lampy";"dezinfekcne-lampy";"";"";"Dezinfekčné lampy | PremiumStore.sk";"Dezinfekčné lampy – veľký výber skladom, rýchle dodanie a výhodné ceny na PremiumStore.sk.";
"48117";"39432";"male-spotrebice";"0";"0";"";"1";"Płyty gazowe";"Płyty gazowe";"plyty-gazowe";"";"";"";"";
"39948";"39435";"priprava-napojov";"0";"0";"";"1";"Sirupy a fľaše pre výrobníky sódy";"Sirupy a fľaše pre výrobníky sódy";"sirupy-a-flase-pre-vyrobniky-sody";"";"";"Sirupy a fľaše pre výrobníky sódy | PremiumStore.sk";"Sirupy a fľaše pre výrobníky sódy v ponuke PremiumStore.sk. Prehľadné parametre, rýchle dodanie po celom Slovensku.";
"40707";"39435";"priprava-napojov";"0";"0";"";"1";"Čajová sitká";"Čajová sitká";"cajova-sitka";"";"";"Čajová sitká | PremiumStore.sk";"Čajová sitká skladom na PremiumStore.sk. Porovnajte parametre aj ceny a vyberte si presne to, čo potrebujete.";
"48066";"39441";"auto-moto";"0";"0";"";"1";"Vysielače do auta";"Vysielače do auta";"vysielace-do-auta-2";"";"";"";"";
"39969";"39441";"auto-moto";"0";"0";"2";"1";"GPS navigácie";"GPS navigácie";"gps-navigacie";"";"";"GPS navigácie | PremiumStore.sk";"GPS navigácie na PremiumStore.sk – overené produkty, výhodné ceny a odborné poradenstvo pri výbere.";
"43725";"39441";"auto-moto";"0";"0";"4";"1";"Nosiče bicyklov";"Nosiče bicyklov";"nosice-bicyklov";"";"";"Nosiče bicyklov | PremiumStore.sk";"Nosiče bicyklov na PremiumStore.sk – overené produkty, výhodné ceny a odborné poradenstvo pri výbere.";
"40713";"39441";"auto-moto";"0";"0";"5";"1";"Elektrovozidlá";"Elektrovozidlá";"elektrovozidla";"";"";"Elektrovozidlá | PremiumStore.sk";"Elektrovozidlá skladom na PremiumStore.sk. Porovnajte parametre aj ceny a vyberte si presne to, čo potrebujete.";
"41163";"39441";"auto-moto";"0";"0";"9";"1";"Karavany a obytné autá";"Karavany a obytná autá";"karavany-a-obytne-auta";"";"";"Karavany a obytná autá | PremiumStore.sk";"Karavany a obytná autá skladom na PremiumStore.sk. Porovnajte parametre aj ceny a vyberte si presne to, čo potrebujete.";
"42834";"39441";"auto-moto";"0";"0";"15";"1";"Prenosné chladničky";"Prenosné lednice";"prenosne-chladnicky";"";"";"Prenosné lednice | PremiumStore.sk";"Prenosné lednice – veľký výber skladom, rýchle dodanie a výhodné ceny na PremiumStore.sk.";
"45777";"39441";"auto-moto";"0";"0";"16";"1";"Držiaky telefónov";"Držiaky telefónov";"drziaky-telefonov";"";"";"Auto-moto – Držiaky telefónov | PremiumStore.sk";"Auto-moto – Držiaky telefónov na PremiumStore.sk – overené produkty, výhodné ceny a odborné poradenstvo pri výbere.";
"45918";"39441";"auto-moto";"0";"0";"17";"1";"Mini kompresory";"Mini kompresory";"mini-kompresory";"";"";"Mini kompresory | PremiumStore.sk";"Mini kompresory: široký sortiment a rýchle dodanie. Nájdite si ten pravý produkt na PremiumStore.sk.";
"46062";"39441";"auto-moto";"0";"0";"18";"1";"Ostatné";"Ostatné";"ostatne-17";"";"";"Auto-moto – Ostatné | PremiumStore.sk";"Auto-moto – Ostatné – veľký výber skladom, rýchle dodanie a výhodné ceny na PremiumStore.sk.";
"46233";"39441";"auto-moto";"0";"0";"20";"1";"Videorekordéry";"Videorekordéry";"videorekordery";"";"";"Auto-moto – Videorekordéry | PremiumStore.sk";"Auto-moto – Videorekordéry na PremiumStore.sk – overené produkty, výhodné ceny a odborné poradenstvo pri výbere.";
"46596";"39441";"auto-moto";"0";"0";"23";"1";"Nabíjačky do auta";"Nabíjačky do auta";"nabijacky-do-auta-2";"";"";"Auto-moto – Nabíjačky do auta | PremiumStore.sk";"Auto-moto – Nabíjačky do auta – veľký výber skladom, rýchle dodanie a výhodné ceny na PremiumStore.sk.";
"46677";"39441";"auto-moto";"0";"0";"24";"1";"Umývanie a čistenie";"Umývanie a čistenie";"umyvanie-a-cistenie";"";"";"Umývanie a čistenie | PremiumStore.sk";"Umývanie a čistenie skladom na PremiumStore.sk. Porovnajte parametre aj ceny a vyberte si presne to, čo potrebujete.";
"46815";"39441";"auto-moto";"0";"0";"25";"1";"Monitory automobilov";"Monitory automobilov";"monitory-automobilov";"";"";"Monitory automobilov | PremiumStore.sk";"Monitory automobilov skladom na PremiumStore.sk. Porovnajte parametre aj ceny a vyberte si presne to, čo potrebujete.";
"40023";"39444";"autoradia";"0";"0";"";"1";"Autorádiá s CD";"Autorádiá s CD";"autoradia-s-cd";"";"";"Autorádiá s CD | PremiumStore.sk";"Autorádiá s CD v ponuke PremiumStore.sk. Prehľadné parametre, rýchle dodanie po celom Slovensku.";
"40086";"39444";"autoradia";"0";"0";"";"1";"Subwoofery do autá";"Subwoofery do autá";"subwoofery-do-auta";"";"";"Subwoofery do autá | PremiumStore.sk";"Subwoofery do autá: široký sortiment a rýchle dodanie. Nájdite si ten pravý produkt na PremiumStore.sk.";
"40755";"39444";"autoradia";"0";"0";"";"1";"Príslušenstvo do autá";"Príslušenstvo do autá";"prislusenstvo-do-auta";"";"";"Príslušenstvo do autá | PremiumStore.sk";"Príslušenstvo do autá na PremiumStore.sk – overené produkty, výhodné ceny a odborné poradenstvo pri výbere.";
"40902";"39444";"autoradia";"0";"0";"";"1";"Autorádiá s DVD";"Autorádiá s DVD";"autoradia-s-dvd";"";"";"Autorádiá s DVD | PremiumStore.sk";"Autorádiá s DVD v ponuke PremiumStore.sk. Prehľadné parametre, rýchle dodanie po celom Slovensku.";
"39786";"39483";"prislusenstvo-k-malym-spotrebicom";"0";"0";"";"1";"Príslušenstvo ku grilom";"Príslušenstvo ku grilom";"prislusenstvo-ku-grilom";"";"";"Príslušenstvo ku grilom | PremiumStore.sk";"Príslušenstvo ku grilom – veľký výber skladom, rýchle dodanie a výhodné ceny na PremiumStore.sk.";
"39870";"39483";"prislusenstvo-k-malym-spotrebicom";"0";"0";"";"1";"Vône do vysávače";"Vône do vysávače";"vone-do-vysavace";"";"";"Vône do vysávače | PremiumStore.sk";"Vône do vysávače v ponuke PremiumStore.sk. Prehľadné parametre, rýchle dodanie po celom Slovensku.";
"40875";"39483";"prislusenstvo-k-malym-spotrebicom";"0";"0";"";"1";"Príslušenstvo ku vzduchotechnike";"Príslušenstvo ku vzduchotechnike";"prislusenstvo-ku-vzduchotechnike";"";"";"Príslušenstvo ku vzduchotechnike | PremiumStore.sk";"Príslušenstvo ku vzduchotechnike skladom na PremiumStore.sk. Porovnajte parametre aj ceny a vyberte si presne to, čo potrebujete.";
"39675";"39489";"kavovary-a-espressa";"0";"0";"";"1";"Mlynčeky na kávu";"Mlynčeky na kávu";"mlynceky-na-kavu";"";"";"Mlynčeky na kávu | PremiumStore.sk";"Mlynčeky na kávu – nakupujte výhodne na PremiumStore.sk. Overené produkty a jasný popis parametrov.";
"39918";"39489";"kavovary-a-espressa";"0";"0";"";"1";"Napěňovače mlieka";"Napěňovače mlieka";"napenovace-mlieka";"";"";"Napěňovače mlieka | PremiumStore.sk";"Napěňovače mlieka skladom na PremiumStore.sk. Porovnajte parametre aj ceny a vyberte si presne to, čo potrebujete.";
"40851";"39549";"varne-dosky";"0";"0";"";"1";"Elektrické varné dosky";"Elektrické varné dosky";"elektricke-varne-dosky";"";"";"Elektrické varné dosky | PremiumStore.sk";"Elektrické varné dosky – nakupujte výhodne na PremiumStore.sk. Overené produkty a jasný popis parametrov.";
"39657";"39567";"fritezy-a-hrnce";"0";"0";"";"1";"Zaváracie hrnce";"Zaváracie hrnce";"zavaracie-hrnce";"";"";"Zaváracie hrnce | PremiumStore.sk";"Zaváracie hrnce: široký sortiment a rýchle dodanie. Nájdite si ten pravý produkt na PremiumStore.sk.";
"39984";"39567";"fritezy-a-hrnce";"0";"0";"";"1";"Ryžovary";"Ryžovary";"ryzovary";"";"";"Ryžovary | PremiumStore.sk";"Ryžovary skladom na PremiumStore.sk. Porovnajte parametre aj ceny a vyberte si presne to, čo potrebujete.";
"40044";"39567";"fritezy-a-hrnce";"0";"0";"";"1";"Polievkovary";"Polievkovary";"polievkovary";"";"";"Polievkovary | PremiumStore.sk";"Polievkovary: široký sortiment a rýchle dodanie. Nájdite si ten pravý produkt na PremiumStore.sk.";
"40062";"39567";"fritezy-a-hrnce";"0";"0";"";"1";"Variče vajec";"Variče vajec";"varice-vajec";"";"";"Variče vajec | PremiumStore.sk";"Variče vajec – veľký výber skladom, rýchle dodanie a výhodné ceny na PremiumStore.sk.";
"40467";"39567";"fritezy-a-hrnce";"0";"0";"";"1";"Sous-Vide";"Sous-Vide";"sous-vide";"";"";"Sous-Vide | PremiumStore.sk";"Sous-Vide: široký sortiment a rýchle dodanie. Nájdite si ten pravý produkt na PremiumStore.sk.";
"39810";"39582";"zdravie-a-starostlivost";"0";"0";"";"1";"Elektrické deky";"Elektrické deky";"elektricke-deky";"";"";"Elektrické deky | PremiumStore.sk";"Elektrické deky – nakupujte výhodne na PremiumStore.sk. Overené produkty a jasný popis parametrov.";
"39996";"39582";"zdravie-a-starostlivost";"0";"0";"";"1";"Elektrické manikúry a pedikúry";"Elektrické manikúry a pedikúry";"elektricke-manikury-a-pedikury";"";"";"Elektrické manikúry a pedikúry | PremiumStore.sk";"Elektrické manikúry a pedikúry v ponuke PremiumStore.sk. Prehľadné parametre, rýchle dodanie po celom Slovensku.";
"40281";"39582";"zdravie-a-starostlivost";"0";"0";"";"1";"Stop koronavírusu";"Stop koronavírusu";"stop-koronavirusu";"";"";"Stop koronavírusu | PremiumStore.sk";"Stop koronavírusu v ponuke PremiumStore.sk. Prehľadné parametre, rýchle dodanie po celom Slovensku.";
"40371";"39582";"zdravie-a-starostlivost";"0";"0";"";"1";"Parfumy a kozmetika";"Parfumy a kozmetika";"parfumy-a-kozmetika";"";"";"Parfumy a kozmetika | PremiumStore.sk";"Parfumy a kozmetika na PremiumStore.sk – overené produkty, výhodné ceny a odborné poradenstvo pri výbere.";
"40452";"39582";"zdravie-a-starostlivost";"0";"0";"";"1";"Čistenie pleti";"Čistenie pleti";"cistenie-pleti";"";"";"Čistenie pleti | PremiumStore.sk";"Čistenie pleti v ponuke PremiumStore.sk. Prehľadné parametre, rýchle dodanie po celom Slovensku.";
"40461";"39582";"zdravie-a-starostlivost";"0";"0";"";"1";"Masážne prístroje";"Masážne prístroje";"masazne-pristroje";"";"";"Zdravie a starostlivosť – Masážne prístroje | PremiumStore.sk";"Zdravie a starostlivosť – Masážne prístroje: široký sortiment a rýchle dodanie. Nájdite si ten pravý produkt na PremiumStore.sk.";
"45972";"39582";"zdravie-a-starostlivost";"0";"0";"";"1";"Holiace strojčeky a zastrihávače";"Holiace strojčeky a zastrihávače";"holiace-strojceky-a-zastrihavace";"";"";"Holiace strojčeky a zastrihávače | PremiumStore.sk";"Holiace strojčeky a zastrihávače skladom na PremiumStore.sk. Porovnajte parametre aj ceny a vyberte si presne to, čo potrebujete.";
"45978";"39582";"zdravie-a-starostlivost";"0";"0";"";"1";"Starostlivosť o pleť";"Starostlivosť o pleť";"starostlivost-o-plet";"";"";"Starostlivosť o pleť | PremiumStore.sk";"Starostlivosť o pleť v ponuke PremiumStore.sk. Prehľadné parametre, rýchle dodanie po celom Slovensku.";
"46080";"39582";"zdravie-a-starostlivost";"0";"0";"";"1";"Sonické zubné kefky";"Sonické zubné kefky";"sonicke-zubne-kefky";"";"";"Zdravie a starostlivosť – Sonické zubné kefky | PremiumStore.sk";"Zdravie a starostlivosť – Sonické zubné kefky: široký sortiment a rýchle dodanie. Nájdite si ten pravý produkt na PremiumStore.sk.";
"46086";"39582";"zdravie-a-starostlivost";"0";"0";"";"1";"Osobná starostlivosť";"Osobná starostlivosť";"osobna-starostlivost";"";"";"Osobná starostlivosť | PremiumStore.sk";"Osobná starostlivosť – nakupujte výhodne na PremiumStore.sk. Overené produkty a jasný popis parametrov.";
"46260";"39582";"zdravie-a-starostlivost";"0";"0";"";"1";"Predlžovanie rias";"Predlžovanie rias";"predlzovanie-rias";"";"";"Predlžovanie rias | PremiumStore.sk";"Predlžovanie rias – veľký výber skladom, rýchle dodanie a výhodné ceny na PremiumStore.sk.";
"46329";"39582";"zdravie-a-starostlivost";"0";"0";"";"1";"Ústne sprchy";"Ústne sprchy";"ustne-sprchy-2";"";"";"Zdravie a starostlivosť – Ústne sprchy | PremiumStore.sk";"Zdravie a starostlivosť – Ústne sprchy na PremiumStore.sk – overené produkty, výhodné ceny a odborné poradenstvo pri výbere.";
"46506";"39582";"zdravie-a-starostlivost";"0";"0";"";"5";"Erotika";"Erotika";"erotika";"";"";"Erotika | PremiumStore.sk";"Erotika: široký sortiment a rýchle dodanie. Nájdite si ten pravý produkt na PremiumStore.sk.";
"46740";"39582";"zdravie-a-starostlivost";"0";"0";"";"1";"Váhy";"Váhy";"vahy";"";"";"Váhy | PremiumStore.sk";"Váhy v ponuke PremiumStore.sk. Prehľadné parametre, rýchle dodanie po celom Slovensku.";
"40650";"39591";"starostlivost-o-vlasy";"0";"0";"";"1";"Hrebene na vlasy";"Hrebene na vlasy";"hrebene-na-vlasy";"";"";"Hrebene na vlasy | PremiumStore.sk";"Hrebene na vlasy skladom na PremiumStore.sk. Porovnajte parametre aj ceny a vyberte si presne to, čo potrebujete.";
"46542";"39591";"starostlivost-o-vlasy";"0";"0";"";"1";"Žehličky na vlasy a kulmy";"Žehličky na vlasy a kulmy";"zehlicky-na-vlasy-a-kulmy";"";"";"Žehličky na vlasy a kulmy | PremiumStore.sk";"Žehličky na vlasy a kulmy skladom na PremiumStore.sk. Porovnajte parametre aj ceny a vyberte si presne to, čo potrebujete.";
"40389";"39597";"kuchynske-roboty-a-krajace";"0";"0";"";"1";"Mlynčeky na mäso";"Mlynčeky na mäso";"mlynceky-na-maso";"";"";"Mlynčeky na mäso | PremiumStore.sk";"Mlynčeky na mäso: široký sortiment a rýchle dodanie. Nájdite si ten pravý produkt na PremiumStore.sk.";
"39624";"39621";"digestory";"0";"0";"";"1";"Filtre do digestorov";"Filtre do digestorov";"filtre-do-digestorov";"";"";"Filtre do digestorov | PremiumStore.sk";"Filtre do digestorov: široký sortiment a rýchle dodanie. Nájdite si ten pravý produkt na PremiumStore.sk.";
"40146";"39621";"digestory";"0";"0";"";"1";"Závesné digestory";"Závesné digestory";"zavesne-digestory";"";"";"Závesné digestory | PremiumStore.sk";"Závesné digestory na PremiumStore.sk – overené produkty, výhodné ceny a odborné poradenstvo pri výbere.";
"40383";"39621";"digestory";"0";"0";"";"1";"Ostrovčekové digestory";"Ostrovčekové digestory";"ostrovcekove-digestory";"";"";"Ostrovčekové digestory | PremiumStore.sk";"Ostrovčekové digestory v ponuke PremiumStore.sk. Prehľadné parametre, rýchle dodanie po celom Slovensku.";
"40503";"39621";"digestory";"0";"0";"";"1";"Príslušenstvo k digestorom";"Príslušenstvo k digestorom";"prislusenstvo-k-digestorom";"";"";"Príslušenstvo k digestorom | PremiumStore.sk";"Príslušenstvo k digestorom: široký sortiment a rýchle dodanie. Nájdite si ten pravý produkt na PremiumStore.sk.";
"39633";"39630";"nadobie";"0";"0";"";"1";"Pekáče a zapekacie misy";"Pekáče a zapekacie misy";"pekace-a-zapekacie-misy";"";"";"Pekáče a zapekacie misy | PremiumStore.sk";"Pekáče a zapekacie misy – nakupujte výhodne na PremiumStore.sk. Overené produkty a jasný popis parametrov.";
"40080";"39630";"nadobie";"0";"0";"";"1";"Dózy na potraviny";"Dózy na potraviny";"dozy-na-potraviny";"";"";"Dózy na potraviny | PremiumStore.sk";"Dózy na potraviny skladom na PremiumStore.sk. Porovnajte parametre aj ceny a vyberte si presne to, čo potrebujete.";
"40329";"39630";"nadobie";"0";"0";"";"1";"Hrnčeky a šálky";"Hrnčeky a šálky";"hrnceky-a-salky";"";"";"Hrnčeky a šálky | PremiumStore.sk";"Hrnčeky a šálky na PremiumStore.sk – overené produkty, výhodné ceny a odborné poradenstvo pri výbere.";
"40617";"39630";"nadobie";"0";"0";"";"1";"Pokrievky";"Pokrievky";"pokrievky";"";"";"Pokrievky | PremiumStore.sk";"Pokrievky v ponuke PremiumStore.sk. Prehľadné parametre, rýchle dodanie po celom Slovensku.";
"40881";"39630";"nadobie";"0";"0";"";"1";"Misy a misky";"Misy a misky";"misy-a-misky";"";"";"Misy a misky | PremiumStore.sk";"Misy a misky v ponuke PremiumStore.sk. Prehľadné parametre, rýchle dodanie po celom Slovensku.";
"40095";"39639";"zehlicky";"0";"0";"";"1";"Šijacie stroje a príslušenstvo";"Šijacie stroje a príslušenstvo";"sijacie-stroje-a-prislusenstvo";"";"";"Šijacie stroje a príslušenstvo | PremiumStore.sk";"Šijacie stroje a príslušenstvo v ponuke PremiumStore.sk. Prehľadné parametre, rýchle dodanie po celom Slovensku.";
"40203";"39639";"zehlicky";"0";"0";"";"1";"Parné generátory";"Parné generátory";"parne-generatory";"";"";"Parné generátory | PremiumStore.sk";"Parné generátory na PremiumStore.sk – overené produkty, výhodné ceny a odborné poradenstvo pri výbere.";
"40692";"39639";"zehlicky";"0";"0";"";"1";"Domové alarmy a zvončeky";"Domové alarmy a zvončeky";"domove-alarmy-a-zvonceky";"";"";"Domové alarmy a zvončeky | PremiumStore.sk";"Domové alarmy a zvončeky – veľký výber skladom, rýchle dodanie a výhodné ceny na PremiumStore.sk.";
"40779";"39639";"zehlicky";"0";"0";"";"1";"Žehličky na suché žehlenie";"Žehličky na suché žehlenie";"zehlicky-na-suche-zehlenie";"";"";"Žehličky na suché žehlenie | PremiumStore.sk";"Žehličky na suché žehlenie skladom na PremiumStore.sk. Porovnajte parametre aj ceny a vyberte si presne to, čo potrebujete.";
"40809";"39639";"zehlicky";"0";"0";"";"1";"Cestovné žehličky";"Cestovné žehličky";"cestovne-zehlicky";"";"";"Cestovné žehličky | PremiumStore.sk";"Cestovné žehličky na PremiumStore.sk – overené produkty, výhodné ceny a odborné poradenstvo pri výbere.";
"40863";"39639";"zehlicky";"0";"0";"";"1";"Hodiny a budíky";"Hodiny a budíky";"hodiny-a-budiky";"";"";"Žehličky – Hodiny a budíky | PremiumStore.sk";"Žehličky – Hodiny a budíky: široký sortiment a rýchle dodanie. Nájdite si ten pravý produkt na PremiumStore.sk.";
"39693";"39651";"grily--pekarne--varice";"0";"0";"";"1";"Lávové a raclettové grily";"Lávové a raclettové grily";"lavove-a-raclettove-grily";"";"";"Lávové a raclettové grily | PremiumStore.sk";"Lávové a raclettové grily – veľký výber skladom, rýchle dodanie a výhodné ceny na PremiumStore.sk.";
"40317";"39651";"grily--pekarne--varice";"0";"0";"";"1";"Domáce pekárne";"Domáce pekárne";"domace-pekarne";"";"";"Domáce pekárne | PremiumStore.sk";"Domáce pekárne – nakupujte výhodne na PremiumStore.sk. Overené produkty a jasný popis parametrov.";
"46773";"39651";"grily--pekarne--varice";"0";"0";"";"1";"Varné platne";"Varné platne";"varne-platne";"";"";"Varné platne | PremiumStore.sk";"Varné platne na PremiumStore.sk – overené produkty, výhodné ceny a odborné poradenstvo pri výbere.";
"39678";"39660";"holiace-strojceky";"0";"0";"";"1";"Dámske holiace strojčeky a depilátory";"Dámske holiace strojčeky a depilátory";"damske-holiace-strojceky-a-depilatory";"";"";"Dámske holiace strojčeky a depilátory | PremiumStore.sk";"Dámske holiace strojčeky a depilátory v ponuke PremiumStore.sk. Prehľadné parametre, rýchle dodanie po celom Slovensku.";
"39681";"39660";"holiace-strojceky";"0";"0";"";"1";"Pánske holiace strojčeky";"Pánske holiace strojčeky";"panske-holiace-strojceky";"";"";"Pánske holiace strojčeky | PremiumStore.sk";"Pánske holiace strojčeky na PremiumStore.sk – overené produkty, výhodné ceny a odborné poradenstvo pri výbere.";
"40443";"39684";"vysavace";"0";"0";"";"1";"Viacúčelové vysávače";"Viacúčelové vysávače";"viacucelove-vysavace";"";"";"Viacúčelové vysávače | PremiumStore.sk";"Viacúčelové vysávače: široký sortiment a rýchle dodanie. Nájdite si ten pravý produkt na PremiumStore.sk.";
"46494";"39684";"vysavace";"0";"0";"";"1";"Ostatné";"Ostatné";"ostatne-22";"";"";"Vysávače – Ostatné | PremiumStore.sk";"Vysávače – Ostatné v ponuke PremiumStore.sk. Prehľadné parametre, rýchle dodanie po celom Slovensku.";
"47982";"39684";"vysavace";"0";"0";"";"1";"Ručné vysávače";"Ručné vysávače";"rucne-vysavace-2";"";"";"Vysávače – Ručné vysávače | PremiumStore.sk";"Vysávače – Ručné vysávače v ponuke PremiumStore.sk. Prehľadné parametre, rýchle dodanie po celom Slovensku.";
"47610";"39717";"elektroinstalacny-material";"0";"0";"";"1";"Predlžovacie káble a zásuvky";"Predlžovacie káble a zásuvky";"predlzovacie-kable-a-zasuvky";"";"";"Predlžovacie káble a zásuvky | PremiumStore.sk";"Predlžovacie káble a zásuvky – veľký výber skladom, rýchle dodanie a výhodné ceny na PremiumStore.sk.";
"47856";"39717";"elektroinstalacny-material";"0";"0";"";"1";"Elektromery";"Elektromery";"elektromery-2";"";"";"Elektroinštalačný materiál – Elektromery | PremiumStore.sk";"Elektroinštalačný materiál – Elektromery: široký sortiment a rýchle dodanie. Nájdite si ten pravý produkt na PremiumStore.sk.";
"40446";"39720";"osvetlenie";"0";"0";"";"1";"Zásuvky";"Zásuvky";"zasuvky";"";"";"Osvetlenie – Zásuvky | PremiumStore.sk";"Osvetlenie – Zásuvky skladom na PremiumStore.sk. Porovnajte parametre aj ceny a vyberte si presne to, čo potrebujete.";
"40530";"39720";"osvetlenie";"0";"0";"";"1";"Lampy a lampičky";"Lampy a lampičky";"lampy-a-lampicky";"";"";"Lampy a lampičky | PremiumStore.sk";"Lampy a lampičky – veľký výber skladom, rýchle dodanie a výhodné ceny na PremiumStore.sk.";
"40872";"39720";"osvetlenie";"0";"0";"";"1";"Cestovné adaptéry";"Cestovné adaptéry";"cestovne-adaptery";"";"";"Osvetlenie – Cestovné adaptéry | PremiumStore.sk";"Osvetlenie – Cestovné adaptéry skladom na PremiumStore.sk. Porovnajte parametre aj ceny a vyberte si presne to, čo potrebujete.";
"43938";"39720";"osvetlenie";"0";"0";"";"1";"LED sviečky";"LED sviečky";"led-sviecky";"";"";"LED sviečky | PremiumStore.sk";"LED sviečky na PremiumStore.sk – overené produkty, výhodné ceny a odborné poradenstvo pri výbere.";
"44289";"39720";"osvetlenie";"0";"0";"";"1";"Stojace lampy";"Stojace lampy";"stojace-lampy";"";"";"Stojace lampy | PremiumStore.sk";"Stojace lampy skladom na PremiumStore.sk. Porovnajte parametre aj ceny a vyberte si presne to, čo potrebujete.";
"45285";"39720";"osvetlenie";"0";"0";"";"1";"Patice, Redukcie";"Patice, Redukcie";"patice--redukcie";"";"";"Patice, Redukcie | PremiumStore.sk";"Patice, Redukcie na PremiumStore.sk – overené produkty, výhodné ceny a odborné poradenstvo pri výbere.";
"45579";"39720";"osvetlenie";"0";"0";"";"1";"Infra žiarovky";"Infra žiarovky";"infra-ziarovky";"";"";"Infra žiarovky | PremiumStore.sk";"Infra žiarovky na PremiumStore.sk – overené produkty, výhodné ceny a odborné poradenstvo pri výbere.";
"41694";"39723";"led-ziarovky";"0";"0";"";"1";"G9 patice";"G9 patice";"g9-patice";"";"";"G9 patice | PremiumStore.sk";"G9 patice – nakupujte výhodne na PremiumStore.sk. Overené produkty a jasný popis parametrov.";
"45042";"39723";"led-ziarovky";"0";"0";"";"1";"MR16 patice";"MR16 patice";"mr16-patice";"";"";"MR16 patice | PremiumStore.sk";"MR16 patice na PremiumStore.sk – overené produkty, výhodné ceny a odborné poradenstvo pri výbere.";
"45465";"39723";"led-ziarovky";"0";"0";"";"1";"G4 patice";"G4 patice";"g4-patice";"";"";"G4 patice | PremiumStore.sk";"G4 patice: široký sortiment a rýchle dodanie. Nájdite si ten pravý produkt na PremiumStore.sk.";
"47829";"39723";"led-ziarovky";"0";"0";"";"1";"G9&G4";"G9&G4";"g9-g4";"";"";"G9&G4 | PremiumStore.sk";"G9&G4 – veľký výber skladom, rýchle dodanie a výhodné ceny na PremiumStore.sk.";
"47937";"39723";"led-ziarovky";"0";"0";"";"1";"Ostatné svetelné zdroje";"Ostatné svetelné zdroje";"ostatne-svetelne-zdroje";"";"";"Ostatné svetelné zdroje | PremiumStore.sk";"Ostatné svetelné zdroje na PremiumStore.sk – overené produkty, výhodné ceny a odborné poradenstvo pri výbere.";
"39747";"39735";"upratovacie-pomocky";"0";"0";"";"1";"Košťata a metly";"Košťata a metly";"kostata-a-metly";"";"";"Košťata a metly | PremiumStore.sk";"Košťata a metly v ponuke PremiumStore.sk. Prehľadné parametre, rýchle dodanie po celom Slovensku.";
"43215";"39762";"naradie-a-dielna";"0";"0";"";"1";"Ostatné";"Ostatné";"ostatne-4";"";"";"Náradie a dielňa – Ostatné | PremiumStore.sk";"Náradie a dielňa – Ostatné – nakupujte výhodne na PremiumStore.sk. Overené produkty a jasný popis parametrov.";
"45954";"39762";"naradie-a-dielna";"0";"0";"";"1";"Meracie nástroje";"Meracie nástroje";"meracie-nastroje";"";"";"Meracie nástroje | PremiumStore.sk";"Meracie nástroje – nakupujte výhodne na PremiumStore.sk. Overené produkty a jasný popis parametrov.";
"46053";"39762";"naradie-a-dielna";"0";"0";"";"1";"Stavebné náradie";"Stavebné náradie";"stavebne-naradie";"";"";"Stavebné náradie | PremiumStore.sk";"Stavebné náradie – nakupujte výhodne na PremiumStore.sk. Overené produkty a jasný popis parametrov.";
"46212";"39762";"naradie-a-dielna";"0";"0";"";"1";"Výtlačné a kartušové pištole";"Výtlačné a kartušové pištole";"vytlacne-a-kartusove-pistole";"";"";"Výtlačné a kartušové pištole | PremiumStore.sk";"Výtlačné a kartušové pištole – nakupujte výhodne na PremiumStore.sk. Overené produkty a jasný popis parametrov.";
"46251";"39762";"naradie-a-dielna";"0";"0";"";"1";"Rezacie nástroje";"Rezacie nástroje";"rezacie-nastroje";"";"";"Rezacie nástroje | PremiumStore.sk";"Rezacie nástroje na PremiumStore.sk – overené produkty, výhodné ceny a odborné poradenstvo pri výbere.";
"46671";"39762";"naradie-a-dielna";"0";"0";"";"1";"Skrutkovače";"Skrutkovače";"skrutkovace";"";"";"Skrutkovače | PremiumStore.sk";"Skrutkovače na PremiumStore.sk – overené produkty, výhodné ceny a odborné poradenstvo pri výbere.";
"46674";"39762";"naradie-a-dielna";"0";"0";"";"1";"Vrtáky a skrutkovače";"Vrtáky a skrutkovače";"vrtaky-a-skrutkovace";"";"";"Vrtáky a skrutkovače | PremiumStore.sk";"Vrtáky a skrutkovače v ponuke PremiumStore.sk. Prehľadné parametre, rýchle dodanie po celom Slovensku.";
"46779";"39762";"naradie-a-dielna";"0";"0";"";"1";"Brúsky";"Brúsky";"brusky-3";"";"";"Náradie a dielňa – Brúsky | PremiumStore.sk";"Náradie a dielňa – Brúsky skladom na PremiumStore.sk. Porovnajte parametre aj ceny a vyberte si presne to, čo potrebujete.";
"46812";"39762";"naradie-a-dielna";"0";"0";"";"1";"Tašky a boxy na náradie";"Tašky a boxy na náradie";"tasky-a-boxy-na-naradie";"";"";"Tašky a boxy na náradie | PremiumStore.sk";"Tašky a boxy na náradie skladom na PremiumStore.sk. Porovnajte parametre aj ceny a vyberte si presne to, čo potrebujete.";
"47925";"39762";"naradie-a-dielna";"0";"0";"";"1";"Spájkovacia technika";"Spájkovacia technika";"spajkovacia-technika";"";"";"Spájkovacia technika | PremiumStore.sk";"Spájkovacia technika – veľký výber skladom, rýchle dodanie a výhodné ceny na PremiumStore.sk.";
"48069";"39762";"naradie-a-dielna";"0";"0";"";"1";"Wykrywacze metalu";"Wykrywacze metalu";"wykrywacze-metalu";"";"";"";"";
"48072";"39762";"naradie-a-dielna";"0";"0";"";"1";"Zváranie";"Zváranie";"zvaranie";"";"";"";"";
"40182";"39765";"naradie";"0";"0";"";"1";"Pneumatické a hydraulické náradie";"Pneumatické a hydraulické náradie";"pneumaticke-a-hydraulicke-naradie";"";"";"Pneumatické a hydraulické náradie | PremiumStore.sk";"Pneumatické a hydraulické náradie – nakupujte výhodne na PremiumStore.sk. Overené produkty a jasný popis parametrov.";
"40485";"39765";"naradie";"0";"0";"";"1";"Stavebné materiál, chémia a technika";"Stavebné materiál, chémia a technika";"stavebne-material--chemia-a-technika";"";"";"Stavebné materiál, chémia a technika | PremiumStore.sk";"Stavebné materiál, chémia a technika: široký sortiment a rýchle dodanie. Nájdite si ten pravý produkt na PremiumStore.sk.";
"40611";"39765";"naradie";"0";"0";"";"1";"Aku náradie";"Aku náradie";"aku-naradie";"";"";"Aku náradie | PremiumStore.sk";"Aku náradie v ponuke PremiumStore.sk. Prehľadné parametre, rýchle dodanie po celom Slovensku.";
"40623";"39765";"naradie";"0";"0";"";"1";"Svietidlá";"Svietidlá";"svietidla-2";"";"";"Náradie – Svietidlá | PremiumStore.sk";"Náradie – Svietidlá v ponuke PremiumStore.sk. Prehľadné parametre, rýchle dodanie po celom Slovensku.";
"40857";"39765";"naradie";"0";"0";"";"1";"Upratovanie, čistenie a umývanie";"Upratovanie, čistenie a umývanie";"upratovanie--cistenie-a-umyvanie";"";"";"Upratovanie, čistenie a umývanie | PremiumStore.sk";"Upratovanie, čistenie a umývanie: široký sortiment a rýchle dodanie. Nájdite si ten pravý produkt na PremiumStore.sk.";
"39771";"39768";"elektricke-naradie";"0";"0";"";"1";"Tavné a horúcovzdušné pištole";"Tavné a horúcovzdušné pištole";"tavne-a-horucovzdusne-pistole";"";"";"Elektrické náradie – Tavné a horúcovzdušné pištole | PremiumStore.sk";"Elektrické náradie – Tavné a horúcovzdušné pištole: široký sortiment a rýchle dodanie. Nájdite si ten pravý produkt na PremiumStore.sk.";
"40263";"39768";"elektricke-naradie";"0";"0";"";"1";"Brúsky";"Brúsky";"brusky";"";"";"Elektrické náradie – Brúsky | PremiumStore.sk";"Elektrické náradie – Brúsky – nakupujte výhodne na PremiumStore.sk. Overené produkty a jasný popis parametrov.";
"40512";"39768";"elektricke-naradie";"0";"0";"";"1";"Spájky";"Spájky";"spajky";"";"";"Spájky | PremiumStore.sk";"Spájky – veľký výber skladom, rýchle dodanie a výhodné ceny na PremiumStore.sk.";
"40569";"39768";"elektricke-naradie";"0";"0";"";"1";"Bourací a vŕtacie kladivá";"Bourací a vŕtacie kladivá";"bouraci-a-vrtacie-kladiva";"";"";"Bourací a vŕtacie kladivá | PremiumStore.sk";"Bourací a vŕtacie kladivá – nakupujte výhodne na PremiumStore.sk. Overené produkty a jasný popis parametrov.";
"40818";"39768";"elektricke-naradie";"0";"0";"";"1";"Autonabíjačky a štartovacie zdroje";"Autonabíjačky a štartovacie zdroje";"autonabijacky-a-startovacie-zdroje";"";"";"Autonabíjačky a štartovacie zdroje | PremiumStore.sk";"Autonabíjačky a štartovacie zdroje – nakupujte výhodne na PremiumStore.sk. Overené produkty a jasný popis parametrov.";
"40833";"39768";"elektricke-naradie";"0";"0";"";"1";"Frézy a frézky";"Frézy a frézky";"frezy-a-frezky";"";"";"Frézy a frézky | PremiumStore.sk";"Frézy a frézky na PremiumStore.sk – overené produkty, výhodné ceny a odborné poradenstvo pri výbere.";
"40899";"39768";"elektricke-naradie";"0";"0";"";"1";"Vŕtačky";"Vŕtačky";"vrtacky";"";"";"Vŕtačky | PremiumStore.sk";"Vŕtačky – veľký výber skladom, rýchle dodanie a výhodné ceny na PremiumStore.sk.";
"39792";"39789";"zahrada";"0";"0";"";"1";"Záhradné potreby";"Záhradné potreby";"zahradne-potreby";"";"";"Záhradné potreby | PremiumStore.sk";"Záhradné potreby – nakupujte výhodne na PremiumStore.sk. Overené produkty a jasný popis parametrov.";
"46587";"39789";"zahrada";"0";"0";"";"1";"Zavlažovacie systémy";"Zavlažovacie systémy";"zavlazovacie-systemy";"";"";"Zavlažovacie systémy | PremiumStore.sk";"Zavlažovacie systémy – veľký výber skladom, rýchle dodanie a výhodné ceny na PremiumStore.sk.";
"39795";"39792";"zahradne-potreby";"0";"0";"";"1";"Zavlažovanie";"Zavlažovanie";"zavlazovanie";"";"";"Záhradné potreby – Zavlažovanie | PremiumStore.sk";"Záhradné potreby – Zavlažovanie – veľký výber skladom, rýchle dodanie a výhodné ceny na PremiumStore.sk.";
"40254";"39792";"zahradne-potreby";"0";"0";"";"1";"Záhradné náradie";"Záhradné náradie";"zahradne-naradie";"";"";"Záhradné potreby – Záhradné náradie | PremiumStore.sk";"Záhradné potreby – Záhradné náradie: široký sortiment a rýchle dodanie. Nájdite si ten pravý produkt na PremiumStore.sk.";
"40401";"39792";"zahradne-potreby";"0";"0";"";"1";"Lapače, odpudzovače hmyzu a škodcov";"Lapače, odpudzovače hmyzu a škodcov";"lapace--odpudzovace-hmyzu-a-skodcov";"";"";"Lapače, odpudzovače hmyzu a škodcov | PremiumStore.sk";"Lapače, odpudzovače hmyzu a škodcov v ponuke PremiumStore.sk. Prehľadné parametre, rýchle dodanie po celom Slovensku.";
"39798";"39795";"zavlazovanie";"0";"0";"";"1";"Čerpadlá";"Čerpadlá";"cerpadla";"";"";"Zavlažovanie – Čerpadlá | PremiumStore.sk";"Zavlažovanie – Čerpadlá skladom na PremiumStore.sk. Porovnajte parametre aj ceny a vyberte si presne to, čo potrebujete.";
"39804";"39801";"sporaky-a-rury";"0";"0";"";"1";"Príslušenstvo ku sporákom a rúram";"Príslušenstvo ku sporákom a rúram";"prislusenstvo-ku-sporakom-a-ruram";"";"";"Príslušenstvo ku sporákom a rúram | PremiumStore.sk";"Príslušenstvo ku sporákom a rúram – veľký výber skladom, rýchle dodanie a výhodné ceny na PremiumStore.sk.";
"40092";"39801";"sporaky-a-rury";"0";"0";"";"1";"Stolové rúry";"Stolové rúry";"stolove-rury";"";"";"Stolové rúry | PremiumStore.sk";"Stolové rúry – veľký výber skladom, rýchle dodanie a výhodné ceny na PremiumStore.sk.";
"40434";"39801";"sporaky-a-rury";"0";"0";"";"1";"Kombinované sporáky";"Kombinované sporáky";"kombinovane-sporaky";"";"";"Kombinované sporáky | PremiumStore.sk";"Kombinované sporáky – veľký výber skladom, rýchle dodanie a výhodné ceny na PremiumStore.sk.";
"39891";"39819";"kuchynske-potreby";"0";"0";"";"1";"Kuchynské minútky";"Kuchynské minútky";"kuchynske-minutky";"";"";"Kuchynské minútky | PremiumStore.sk";"Kuchynské minútky na PremiumStore.sk – overené produkty, výhodné ceny a odborné poradenstvo pri výbere.";
"39906";"39819";"kuchynske-potreby";"0";"0";"";"1";"Otvárače na konzervy";"Otvárače na konzervy";"otvarace-na-konzervy";"";"";"Otvárače na konzervy | PremiumStore.sk";"Otvárače na konzervy v ponuke PremiumStore.sk. Prehľadné parametre, rýchle dodanie po celom Slovensku.";
"39933";"39819";"kuchynske-potreby";"0";"0";"";"1";"Cedníky, Lieviky, Sitá";"Cedníky, Lieviky, Sitá";"cedniky--lieviky--sita";"";"";"Cedníky, Lieviky, Sitá | PremiumStore.sk";"Cedníky, Lieviky, Sitá skladom na PremiumStore.sk. Porovnajte parametre aj ceny a vyberte si presne to, čo potrebujete.";
"40002";"39819";"kuchynske-potreby";"0";"0";"";"1";"Obrusy a prestieranie";"Obrusy a prestieranie";"obrusy-a-prestieranie";"";"";"Obrusy a prestieranie | PremiumStore.sk";"Obrusy a prestieranie na PremiumStore.sk – overené produkty, výhodné ceny a odborné poradenstvo pri výbere.";
"40029";"39819";"kuchynske-potreby";"0";"0";"";"1";"Brousky na nože";"Brousky na nože";"brousky-na-noze";"";"";"Kuchynské potreby – Brousky na nože | PremiumStore.sk";"Kuchynské potreby – Brousky na nože – nakupujte výhodne na PremiumStore.sk. Overené produkty a jasný popis parametrov.";
"40089";"39819";"kuchynske-potreby";"0";"0";"";"1";"Vývrtky a otvárače";"Vývrtky a otvárače";"vyvrtky-a-otvarace";"";"";"Vývrtky a otvárače | PremiumStore.sk";"Vývrtky a otvárače – nakupujte výhodne na PremiumStore.sk. Overené produkty a jasný popis parametrov.";
"40233";"39819";"kuchynske-potreby";"0";"0";"";"1";"Valčeky na cesto";"Valčeky na cesto";"valceky-na-cesto";"";"";"Valčeky na cesto | PremiumStore.sk";"Valčeky na cesto na PremiumStore.sk – overené produkty, výhodné ceny a odborné poradenstvo pri výbere.";
"40332";"39819";"kuchynske-potreby";"0";"0";"";"1";"Lisy na potraviny";"Lisy na potraviny";"lisy-na-potraviny";"";"";"Lisy na potraviny | PremiumStore.sk";"Lisy na potraviny skladom na PremiumStore.sk. Porovnajte parametre aj ceny a vyberte si presne to, čo potrebujete.";
"40350";"39819";"kuchynske-potreby";"0";"0";"";"1";"Doštičky, Podložky, Krájacie dosky";"Doštičky, Podložky, Krájacie dosky";"dosticky--podlozky--krajacie-dosky";"";"";"Doštičky, Podložky, Krájacie dosky | PremiumStore.sk";"Doštičky, Podložky, Krájacie dosky – veľký výber skladom, rýchle dodanie a výhodné ceny na PremiumStore.sk.";
"40404";"39819";"kuchynske-potreby";"0";"0";"";"1";"Mlynčeky na korenie";"Mlynčeky na korenie";"mlynceky-na-korenie";"";"";"Mlynčeky na korenie | PremiumStore.sk";"Mlynčeky na korenie – veľký výber skladom, rýchle dodanie a výhodné ceny na PremiumStore.sk.";
"40455";"39819";"kuchynske-potreby";"0";"0";"";"1";"Chlebníky, Košíky, Košíky (ošatky)";"Chlebníky, Košíky, Košíky (ošatky)";"chlebniky--kosiky--kosiky--osatky";"";"";"Chlebníky, Košíky, Košíky (ošatky) | PremiumStore.sk";"Chlebníky, Košíky, Košíky (ošatky) – veľký výber skladom, rýchle dodanie a výhodné ceny na PremiumStore.sk.";
"40527";"39819";"kuchynske-potreby";"0";"0";"";"1";"Kuchynské teplomery";"Kuchynské teplomery";"kuchynske-teplomery";"";"";"Kuchynské teplomery | PremiumStore.sk";"Kuchynské teplomery: široký sortiment a rýchle dodanie. Nájdite si ten pravý produkt na PremiumStore.sk.";
"40776";"39819";"kuchynske-potreby";"0";"0";"";"1";"Odkôstkovače";"Odkôstkovače";"odkostkovace";"";"";"Odkôstkovače | PremiumStore.sk";"Odkôstkovače skladom na PremiumStore.sk. Porovnajte parametre aj ceny a vyberte si presne to, čo potrebujete.";
"40890";"39819";"kuchynske-potreby";"0";"0";"";"1";"Handry, Houby, Kefy";"Handry, Houby, Kefy";"handry--houby--kefy";"";"";"Handry, Houby, Kefy | PremiumStore.sk";"Handry, Houby, Kefy – veľký výber skladom, rýchle dodanie a výhodné ceny na PremiumStore.sk.";
"40893";"39819";"kuchynske-potreby";"0";"0";"";"1";"Škrabky a strúhadlá";"Škrabky a strúhadlá";"skrabky-a-struhadla";"";"";"Škrabky a strúhadlá | PremiumStore.sk";"Škrabky a strúhadlá: široký sortiment a rýchle dodanie. Nájdite si ten pravý produkt na PremiumStore.sk.";
"48096";"39819";"kuchynske-potreby";"0";"0";"";"1";"Krájače a porcovače";"Krájače a porcovače";"krajace-a-porcovace";"";"";"";"";
"39936";"39879";"chladnicky";"0";"0";"";"1";"Chladničky s mraziace priehradkou";"Chladničky s mraziace priehradkou";"chladnicky-s-mraziace-priehradkou";"";"";"Chladničky s mraziace priehradkou | PremiumStore.sk";"Chladničky s mraziace priehradkou na PremiumStore.sk – overené produkty, výhodné ceny a odborné poradenstvo pri výbere.";
"40071";"39879";"chladnicky";"0";"0";"";"1";"Príslušenstvo k chladničkám";"Príslušenstvo k chladničkám";"prislusenstvo-k-chladnickam";"";"";"Príslušenstvo k chladničkám | PremiumStore.sk";"Príslušenstvo k chladničkám – nakupujte výhodne na PremiumStore.sk. Overené produkty a jasný popis parametrov.";
"40398";"39879";"chladnicky";"0";"0";"";"1";"Americké chladničky";"Americké chladničky";"americke-chladnicky";"";"";"Americké chladničky | PremiumStore.sk";"Americké chladničky v ponuke PremiumStore.sk. Prehľadné parametre, rýchle dodanie po celom Slovensku.";
"39927";"39924";"starostlivost-o-zdravie";"0";"0";"";"1";"Teplomery";"Teplomery";"teplomery";"";"";"Starostlivosť o zdravie – Teplomery | PremiumStore.sk";"Starostlivosť o zdravie – Teplomery v ponuke PremiumStore.sk. Prehľadné parametre, rýchle dodanie po celom Slovensku.";
"40164";"39924";"starostlivost-o-zdravie";"0";"0";"";"1";"Tlakomery, tonometre";"Tlakomery, tonometre";"tlakomery--tonometre";"";"";"Tlakomery, tonometre | PremiumStore.sk";"Tlakomery, tonometre v ponuke PremiumStore.sk. Prehľadné parametre, rýchle dodanie po celom Slovensku.";
"40458";"39924";"starostlivost-o-zdravie";"0";"0";"";"1";"Ostatné starostlivosť o zdravie";"Ostatné starostlivosť o zdravie";"ostatne-starostlivost-o-zdravie";"";"";"Ostatné starostlivosť o zdravie | PremiumStore.sk";"Ostatné starostlivosť o zdravie – nakupujte výhodne na PremiumStore.sk. Overené produkty a jasný popis parametrov.";
"40680";"39924";"starostlivost-o-zdravie";"0";"0";"";"1";"Inhalátory";"Inhalátory";"inhalatory";"";"";"Inhalátory | PremiumStore.sk";"Inhalátory v ponuke PremiumStore.sk. Prehľadné parametre, rýchle dodanie po celom Slovensku.";
"40734";"39924";"starostlivost-o-zdravie";"0";"0";"";"1";"Vložky do bot";"Vložky do bot";"vlozky-do-bot";"";"";"Vložky do bot | PremiumStore.sk";"Vložky do bot – nakupujte výhodne na PremiumStore.sk. Overené produkty a jasný popis parametrov.";
"40161";"39939";"mraznicky";"0";"0";"";"1";"Zásuvkové mrazničky";"Zásuvkové mrazničky";"zasuvkove-mraznicky";"";"";"Zásuvkové mrazničky | PremiumStore.sk";"Zásuvkové mrazničky – veľký výber skladom, rýchle dodanie a výhodné ceny na PremiumStore.sk.";
"39960";"39957";"kombinovane-chladnicky";"0";"0";"";"1";"Chladničky s mrazákom nahoře";"Chladničky s mrazákom nahoře";"chladnicky-s-mrazakom-nahore";"";"";"Chladničky s mrazákom nahoře | PremiumStore.sk";"Chladničky s mrazákom nahoře skladom na PremiumStore.sk. Porovnajte parametre aj ceny a vyberte si presne to, čo potrebujete.";
"40428";"40032";"vzduchotechnika";"0";"0";"";"1";"Zvlhčovače vzduchu";"Zvlhčovače vzduchu";"zvlhcovace-vzduchu";"";"";"Zvlhčovače vzduchu | PremiumStore.sk";"Zvlhčovače vzduchu na PremiumStore.sk – overené produkty, výhodné ceny a odborné poradenstvo pri výbere.";
"45369";"40032";"vzduchotechnika";"0";"0";"";"1";"Zvlhčovače";"Zvlhčovače";"zvlhcovace";"";"";"Zvlhčovače | PremiumStore.sk";"Zvlhčovače – veľký výber skladom, rýchle dodanie a výhodné ceny na PremiumStore.sk.";
"48093";"40032";"vzduchotechnika";"0";"0";"";"1";"Sušiaky";"Sušiaky";"susiaky";"";"";"";"";
"40557";"40035";"vykurovacie-telesa";"0";"0";"";"1";"Elektrická krbová kachle";"Elektrická krbová kachle";"elektricka-krbova-kachle";"";"";"Elektrická krbová kachle | PremiumStore.sk";"Elektrická krbová kachle skladom na PremiumStore.sk. Porovnajte parametre aj ceny a vyberte si presne to, čo potrebujete.";
"40278";"40038";"vykurovacie-telesa--radiatory";"0";"0";"";"1";"Olejové radiátory";"Olejové radiátory";"olejove-radiatory";"";"";"Olejové radiátory | PremiumStore.sk";"Olejové radiátory skladom na PremiumStore.sk. Porovnajte parametre aj ceny a vyberte si presne to, čo potrebujete.";
"40326";"40038";"vykurovacie-telesa--radiatory";"0";"0";"";"1";"Konvektory";"Konvektory";"konvektory";"";"";"Konvektory | PremiumStore.sk";"Konvektory: široký sortiment a rýchle dodanie. Nájdite si ten pravý produkt na PremiumStore.sk.";
"40098";"40095";"sijacie-stroje-a-prislusenstvo";"0";"0";"";"1";"Šijacie stroje";"Šijacie stroje";"sijacie-stroje";"";"";"Šijacie stroje | PremiumStore.sk";"Šijacie stroje v ponuke PremiumStore.sk. Prehľadné parametre, rýchle dodanie po celom Slovensku.";
"40107";"40104";"potreby-pre-domacnost";"0";"0";"";"1";"Elektrické nože";"Elektrické nože";"elektricke-noze";"";"";"Elektrické nože | PremiumStore.sk";"Elektrické nože na PremiumStore.sk – overené produkty, výhodné ceny a odborné poradenstvo pri výbere.";
"40746";"40104";"potreby-pre-domacnost";"0";"0";"";"1";"Meteostanice, teplomery, vlhkomery";"Meteostanice, teplomery, vlhkomery";"meteostanice--teplomery--vlhkomery";"";"";"Meteostanice, teplomery, vlhkomery | PremiumStore.sk";"Meteostanice, teplomery, vlhkomery skladom na PremiumStore.sk. Porovnajte parametre aj ceny a vyberte si presne to, čo potrebujete.";
"40938";"40104";"potreby-pre-domacnost";"0";"0";"";"1";"Testery alkoholu";"Testery alkoholu";"testery-alkoholu";"";"";"Potreby pre domácnosť – Testery alkoholu | PremiumStore.sk";"Potreby pre domácnosť – Testery alkoholu: široký sortiment a rýchle dodanie. Nájdite si ten pravý produkt na PremiumStore.sk.";
"41253";"40104";"potreby-pre-domacnost";"0";"0";"";"1";"Upratovanie";"Upratovanie";"upratovanie";"";"";"Upratovanie | PremiumStore.sk";"Upratovanie na PremiumStore.sk – overené produkty, výhodné ceny a odborné poradenstvo pri výbere.";
"41472";"40104";"potreby-pre-domacnost";"0";"0";"";"1";"Vonné oleje";"Vonné oleje";"vonne-oleje";"";"";"Vonné oleje | PremiumStore.sk";"Vonné oleje: široký sortiment a rýchle dodanie. Nájdite si ten pravý produkt na PremiumStore.sk.";
"41610";"40104";"potreby-pre-domacnost";"0";"0";"";"1";"Filtračné kanvice";"Filtračné kanvice";"filtracne-kanvice-2";"";"";"Potreby pre domácnosť – Filtračné kanvice | PremiumStore.sk";"Potreby pre domácnosť – Filtračné kanvice – nakupujte výhodne na PremiumStore.sk. Overené produkty a jasný popis parametrov.";
"42243";"40104";"potreby-pre-domacnost";"0";"0";"";"1";"Aroma difuzéry";"Aroma difuzéry";"aroma-difuzery-2";"";"";"Potreby pre domácnosť – Aroma difuzéry | PremiumStore.sk";"Potreby pre domácnosť – Aroma difuzéry – nakupujte výhodne na PremiumStore.sk. Overené produkty a jasný popis parametrov.";
"42618";"40104";"potreby-pre-domacnost";"0";"0";"";"1";"Hodiny a budíky";"Hodiny a budíky";"hodiny-a-budiky-2";"";"";"Potreby pre domácnosť – Hodiny a budíky | PremiumStore.sk";"Potreby pre domácnosť – Hodiny a budíky: široký sortiment a rýchle dodanie. Nájdite si ten pravý produkt na PremiumStore.sk.";
"42762";"40104";"potreby-pre-domacnost";"0";"0";"";"1";"Termosky, termohrnčeky";"Termosky, termohrnčeky";"termosky--termohrnceky";"";"";"Termosky, termohrnčeky | PremiumStore.sk";"Termosky, termohrnčeky skladom na PremiumStore.sk. Porovnajte parametre aj ceny a vyberte si presne to, čo potrebujete.";
"43161";"40104";"potreby-pre-domacnost";"0";"0";"";"1";"Kuchynské váhy";"Kuchynské váhy";"kuchynske-vahy-2";"";"";"Potreby pre domácnosť – Kuchynské váhy | PremiumStore.sk";"Potreby pre domácnosť – Kuchynské váhy v ponuke PremiumStore.sk. Prehľadné parametre, rýchle dodanie po celom Slovensku.";
"43173";"40104";"potreby-pre-domacnost";"0";"0";"";"1";"Formy na pečení";"Formy na pečení";"formy-na-peceni";"";"";"Formy na pečení | PremiumStore.sk";"Formy na pečení – nakupujte výhodne na PremiumStore.sk. Overené produkty a jasný popis parametrov.";
"43815";"40104";"potreby-pre-domacnost";"0";"0";"";"1";"Osobné váhy";"Osobné váhy";"osobne-vahy-2";"";"";"Potreby pre domácnosť – Osobné váhy | PremiumStore.sk";"Potreby pre domácnosť – Osobné váhy: široký sortiment a rýchle dodanie. Nájdite si ten pravý produkt na PremiumStore.sk.";
"43923";"40104";"potreby-pre-domacnost";"0";"0";"";"1";"Kuchynské pomôcky";"Kuchynské pomôcky";"kuchynske-pomocky";"";"";"Kuchynské pomôcky | PremiumStore.sk";"Kuchynské pomôcky v ponuke PremiumStore.sk. Prehľadné parametre, rýchle dodanie po celom Slovensku.";
"44778";"40104";"potreby-pre-domacnost";"0";"0";"";"1";"Starostlivosť o telo";"Starostlivosť o telo";"starostlivost-o-telo";"";"";"Starostlivosť o telo | PremiumStore.sk";"Starostlivosť o telo – veľký výber skladom, rýchle dodanie a výhodné ceny na PremiumStore.sk.";
"45384";"40104";"potreby-pre-domacnost";"0";"0";"";"1";"Kanvice na čaj";"Kanvice na čaj";"kanvice-na-caj";"";"";"Kanvice na čaj | PremiumStore.sk";"Kanvice na čaj na PremiumStore.sk – overené produkty, výhodné ceny a odborné poradenstvo pri výbere.";
"45459";"40104";"potreby-pre-domacnost";"0";"0";"";"1";"Efekty a dekorácie";"Efekty a dekorácie";"efekty-a-dekoracie";"";"";"Efekty a dekorácie | PremiumStore.sk";"Efekty a dekorácie: široký sortiment a rýchle dodanie. Nájdite si ten pravý produkt na PremiumStore.sk.";
"45561";"40104";"potreby-pre-domacnost";"0";"0";"";"1";"Těsnění do okien a dveří";"Těsnění do okien a dveří";"tesneni-do-okien-a-dveri";"";"";"Těsnění do okien a dveří | PremiumStore.sk";"Těsnění do okien a dveří – nakupujte výhodne na PremiumStore.sk. Overené produkty a jasný popis parametrov.";
"45675";"40104";"potreby-pre-domacnost";"0";"0";"";"1";"Kuchynské riad";"Kuchynské riad";"kuchynske-riad";"";"";"Kuchynské riad | PremiumStore.sk";"Kuchynské riad skladom na PremiumStore.sk. Porovnajte parametre aj ceny a vyberte si presne to, čo potrebujete.";
"45720";"40104";"potreby-pre-domacnost";"0";"0";"";"1";"Nože a příbory";"Nože a příbory";"noze-a-pribory";"";"";"Nože a příbory | PremiumStore.sk";"Nože a příbory skladom na PremiumStore.sk. Porovnajte parametre aj ceny a vyberte si presne to, čo potrebujete.";
"40653";"40110";"prislusenstvo-pre-stroje-a-naradie";"0";"0";"";"1";"Kufre, tašky a montážne boxy";"Kufre, tašky a montážne boxy";"kufre--tasky-a-montazne-boxy";"";"";"Kufre, tašky a montážne boxy | PremiumStore.sk";"Kufre, tašky a montážne boxy na PremiumStore.sk – overené produkty, výhodné ceny a odborné poradenstvo pri výbere.";
"40116";"40113";"prislusenstvo-aku-a-elektricke-naradie";"0";"0";"";"1";"Príslušenstvo pre Čerpadlá a Miešadlá";"Príslušenstvo pre Čerpadlá a Miešadlá";"prislusenstvo-pre-cerpadla-a-miesadla";"";"";"Príslušenstvo pre Čerpadlá a Miešadlá | PremiumStore.sk";"Príslušenstvo pre Čerpadlá a Miešadlá na PremiumStore.sk – overené produkty, výhodné ceny a odborné poradenstvo pri výbere.";
"40137";"40113";"prislusenstvo-aku-a-elektricke-naradie";"0";"0";"";"1";"Príslušenstvo pre Sponkovačky, nastreľovačky";"Príslušenstvo pre Sponkovačky, nastreľovačky";"prislusenstvo-pre-sponkovacky--nastrelovacky";"";"";"Príslušenstvo pre Sponkovačky, nastreľovačky | PremiumStore.sk";"Príslušenstvo pre Sponkovačky, nastreľovačky: široký sortiment a rýchle dodanie. Nájdite si ten pravý produkt na PremiumStore.sk.";
"40206";"40113";"prislusenstvo-aku-a-elektricke-naradie";"0";"0";"";"1";"Príslušenstvo pre Brúsky";"Príslušenstvo pre Brúsky";"prislusenstvo-pre-brusky";"";"";"Príslušenstvo pre Brúsky | PremiumStore.sk";"Príslušenstvo pre Brúsky skladom na PremiumStore.sk. Porovnajte parametre aj ceny a vyberte si presne to, čo potrebujete.";
"40335";"40113";"prislusenstvo-aku-a-elektricke-naradie";"0";"0";"";"1";"Príslušenstvo pre Píly";"Príslušenstvo pre Píly";"prislusenstvo-pre-pily";"";"";"Príslušenstvo pre Píly | PremiumStore.sk";"Príslušenstvo pre Píly – veľký výber skladom, rýchle dodanie a výhodné ceny na PremiumStore.sk.";
"40515";"40113";"prislusenstvo-aku-a-elektricke-naradie";"0";"0";"";"1";"Príslušenstvo pre Rezačky obkladov";"Príslušenstvo pre Rezačky obkladov";"prislusenstvo-pre-rezacky-obkladov";"";"";"Príslušenstvo pre Rezačky obkladov | PremiumStore.sk";"Príslušenstvo pre Rezačky obkladov: široký sortiment a rýchle dodanie. Nájdite si ten pravý produkt na PremiumStore.sk.";
"40518";"40113";"prislusenstvo-aku-a-elektricke-naradie";"0";"0";"";"1";"Príslušenstvo Vŕtačky, skrutkovače, uťahováky";"Príslušenstvo Vŕtačky, skrutkovače, uťahováky";"prislusenstvo-vrtacky--skrutkovace--utahovaky";"";"";"Príslušenstvo Vŕtačky, skrutkovače, uťahováky | PremiumStore.sk";"Príslušenstvo Vŕtačky, skrutkovače, uťahováky na PremiumStore.sk – overené produkty, výhodné ceny a odborné poradenstvo pri výbere.";
"40629";"40113";"prislusenstvo-aku-a-elektricke-naradie";"0";"0";"";"1";"AKU batérie a nabíjačky";"AKU batérie a nabíjačky";"aku-baterie-a-nabijacky";"";"";"AKU batérie a nabíjačky | PremiumStore.sk";"AKU batérie a nabíjačky v ponuke PremiumStore.sk. Prehľadné parametre, rýchle dodanie po celom Slovensku.";
"40722";"40113";"prislusenstvo-aku-a-elektricke-naradie";"0";"0";"";"1";"Príslušenstvo pre hoblíky a sústruhy";"Príslušenstvo pre hoblíky a sústruhy";"prislusenstvo-pre-hobliky-a-sustruhy";"";"";"Príslušenstvo pre hoblíky a sústruhy | PremiumStore.sk";"Príslušenstvo pre hoblíky a sústruhy – veľký výber skladom, rýchle dodanie a výhodné ceny na PremiumStore.sk.";
"45957";"40119";"bezpecnost-a-smart-domacnost";"0";"0";"";"1";"Príslušenstvo";"Príslušenstvo";"prislusenstvo-18";"";"";"Bezpečnosť a smart domácnosť – Príslušenstvo | PremiumStore.sk";"Bezpečnosť a smart domácnosť – Príslušenstvo – nakupujte výhodne na PremiumStore.sk. Overené produkty a jasný popis parametrov.";
"46257";"40119";"bezpecnost-a-smart-domacnost";"0";"0";"";"1";"Smart záhrada";"Smart záhrada";"smart-zahrada";"";"";"Smart záhrada | PremiumStore.sk";"Smart záhrada skladom na PremiumStore.sk. Porovnajte parametre aj ceny a vyberte si presne to, čo potrebujete.";
"40125";"40122";"smart-domacnost";"0";"0";"";"1";"Smart zabezpečenie";"Smart zabezpečenie";"smart-zabezpecenie";"";"";"Smart zabezpečenie | PremiumStore.sk";"Smart zabezpečenie – veľký výber skladom, rýchle dodanie a výhodné ceny na PremiumStore.sk.";
"40299";"40122";"smart-domacnost";"0";"0";"";"1";"Smart žiarovky";"Smart žiarovky";"smart-ziarovky";"";"";"Smart žiarovky | PremiumStore.sk";"Smart žiarovky: široký sortiment a rýchle dodanie. Nájdite si ten pravý produkt na PremiumStore.sk.";
"40683";"40122";"smart-domacnost";"0";"0";"";"1";"Smart potreby do domácnosti";"Smart potreby do domácnosti";"smart-potreby-do-domacnosti";"";"";"Smart potreby do domácnosti | PremiumStore.sk";"Smart potreby do domácnosti: široký sortiment a rýchle dodanie. Nájdite si ten pravý produkt na PremiumStore.sk.";
"42027";"40122";"smart-domacnost";"0";"0";"";"1";"IP kamery";"IP kamery";"ip-kamery-2";"";"";"Smart domácnosť – IP kamery | PremiumStore.sk";"Smart domácnosť – IP kamery – nakupujte výhodne na PremiumStore.sk. Overené produkty a jasný popis parametrov.";
"43137";"40122";"smart-domacnost";"0";"0";"";"1";"Zásuvky";"Zásuvky";"zasuvky-2";"";"";"Smart domácnosť – Zásuvky | PremiumStore.sk";"Smart domácnosť – Zásuvky – nakupujte výhodne na PremiumStore.sk. Overené produkty a jasný popis parametrov.";
"43239";"40122";"smart-domacnost";"0";"0";"";"1";"Vypínače";"Vypínače";"vypinace";"";"";"Smart domácnosť – Vypínače | PremiumStore.sk";"Smart domácnosť – Vypínače – nakupujte výhodne na PremiumStore.sk. Overené produkty a jasný popis parametrov.";
"43563";"40122";"smart-domacnost";"0";"0";"";"1";"Čističky vzduchu";"Čističky vzduchu";"cisticky-vzduchu-2";"";"";"Smart domácnosť – Čističky vzduchu | PremiumStore.sk";"Smart domácnosť – Čističky vzduchu v ponuke PremiumStore.sk. Prehľadné parametre, rýchle dodanie po celom Slovensku.";
"43650";"40122";"smart-domacnost";"0";"0";"";"1";"Ostatné smart elektronika";"Ostatné smart elektronika";"ostatne-smart-elektronika";"";"";"Ostatné smart elektronika | PremiumStore.sk";"Ostatné smart elektronika: široký sortiment a rýchle dodanie. Nájdite si ten pravý produkt na PremiumStore.sk.";
"43950";"40122";"smart-domacnost";"0";"0";"";"1";"Príslušenstvo";"Príslušenstvo";"prislusenstvo-14";"";"";"Smart domácnosť – Príslušenstvo | PremiumStore.sk";"Smart domácnosť – Príslušenstvo – veľký výber skladom, rýchle dodanie a výhodné ceny na PremiumStore.sk.";
"44505";"40122";"smart-domacnost";"0";"0";"";"1";"Klávesnice";"Klávesnice";"klavesnice-3";"";"";"Smart domácnosť – Klávesnice | PremiumStore.sk";"Smart domácnosť – Klávesnice v ponuke PremiumStore.sk. Prehľadné parametre, rýchle dodanie po celom Slovensku.";
"44589";"40122";"smart-domacnost";"0";"0";"";"1";"Robotické vysávače";"Robotické vysávače";"roboticke-vysavace-3";"";"";"Smart domácnosť – Robotické vysávače | PremiumStore.sk";"Smart domácnosť – Robotické vysávače v ponuke PremiumStore.sk. Prehľadné parametre, rýchle dodanie po celom Slovensku.";
"44859";"40122";"smart-domacnost";"0";"0";"";"1";"Meteostanice";"Meteostanice";"meteostanice-2";"";"";"Smart domácnosť – Meteostanice | PremiumStore.sk";"Smart domácnosť – Meteostanice skladom na PremiumStore.sk. Porovnajte parametre aj ceny a vyberte si presne to, čo potrebujete.";
"45207";"40122";"smart-domacnost";"0";"0";"";"1";"Prenosné lednice, chladiace boxy";"Prenosné lednice, chladiace boxy";"prenosne-lednice--chladiace-boxy";"";"";"Prenosné lednice, chladiace boxy | PremiumStore.sk";"Prenosné lednice, chladiace boxy na PremiumStore.sk – overené produkty, výhodné ceny a odborné poradenstvo pri výbere.";
"45741";"40122";"smart-domacnost";"0";"0";"";"1";"Rádiá";"Rádiá";"radia-2";"";"";"Smart domácnosť – Rádiá | PremiumStore.sk";"Smart domácnosť – Rádiá na PremiumStore.sk – overené produkty, výhodné ceny a odborné poradenstvo pri výbere.";
"47997";"40122";"smart-domacnost";"0";"0";"";"1";"Smart zásuvky";"Smart zásuvky";"smart-zasuvky-2";"";"";"";"";
"40128";"40125";"smart-zabezpecenie";"0";"0";"";"1";"Kamery";"Kamery";"kamery";"";"";"Smart zabezpečenie – Kamery | PremiumStore.sk";"Smart zabezpečenie – Kamery v ponuke PremiumStore.sk. Prehľadné parametre, rýchle dodanie po celom Slovensku.";
"40662";"40125";"smart-zabezpecenie";"0";"0";"";"1";"Detektor pohybu";"Detektor pohybu";"detektor-pohybu";"";"";"Detektor pohybu | PremiumStore.sk";"Detektor pohybu na PremiumStore.sk – overené produkty, výhodné ceny a odborné poradenstvo pri výbere.";
"40791";"40125";"smart-zabezpecenie";"0";"0";"";"1";"Smart senzory";"Smart senzory";"smart-senzory";"";"";"Smart senzory | PremiumStore.sk";"Smart senzory – veľký výber skladom, rýchle dodanie a výhodné ceny na PremiumStore.sk.";
"40173";"40170";"rucne-naradie";"0";"0";"";"1";"Kľúče";"Kľúče";"kluce";"";"";"Ručné náradie – Kľúče | PremiumStore.sk";"Ručné náradie – Kľúče – veľký výber skladom, rýchle dodanie a výhodné ceny na PremiumStore.sk.";
"40230";"40170";"rucne-naradie";"0";"0";"";"1";"Zveráky a svorky";"Zveráky a svorky";"zveraky-a-svorky";"";"";"Zveráky a svorky | PremiumStore.sk";"Zveráky a svorky v ponuke PremiumStore.sk. Prehľadné parametre, rýchle dodanie po celom Slovensku.";
"40545";"40170";"rucne-naradie";"0";"0";"";"1";"Sady náradie";"Sady náradie";"sady-naradie";"";"";"Ručné náradie – Sady náradie | PremiumStore.sk";"Ručné náradie – Sady náradie na PremiumStore.sk – overené produkty, výhodné ceny a odborné poradenstvo pri výbere.";
"40578";"40170";"rucne-naradie";"0";"0";"";"1";"Bity + sety sa skrutkovačom alebo račňou";"Bity + sety sa skrutkovačom alebo račňou";"bity-sety-sa-skrutkovacom-alebo-racnou";"";"";"Bity + sety sa skrutkovačom alebo račňou | PremiumStore.sk";"Bity + sety sa skrutkovačom alebo račňou na PremiumStore.sk – overené produkty, výhodné ceny a odborné poradenstvo pri výbere.";
"40581";"40170";"rucne-naradie";"0";"0";"";"1";"Gola sady, račne a hlavice";"Gola sady, račne a hlavice";"gola-sady--racne-a-hlavice";"";"";"Gola sady, račne a hlavice | PremiumStore.sk";"Gola sady, račne a hlavice – veľký výber skladom, rýchle dodanie a výhodné ceny na PremiumStore.sk.";
"40584";"40170";"rucne-naradie";"0";"0";"";"1";"Rudle";"Rudle";"rudle";"";"";"Rudle | PremiumStore.sk";"Rudle v ponuke PremiumStore.sk. Prehľadné parametre, rýchle dodanie po celom Slovensku.";
"40719";"40170";"rucne-naradie";"0";"0";"";"1";"Nože, nožnice, skalpely, rezačky";"Nože, nožnice, skalpely, rezačky";"noze--noznice--skalpely--rezacky";"";"";"Nože, nožnice, skalpely, rezačky | PremiumStore.sk";"Nože, nožnice, skalpely, rezačky – veľký výber skladom, rýchle dodanie a výhodné ceny na PremiumStore.sk.";
"40731";"40170";"rucne-naradie";"0";"0";"";"1";"Vŕtačky, kolovrátky a nebozezy";"Vŕtačky, kolovrátky a nebozezy";"vrtacky--kolovratky-a-nebozezy";"";"";"Vŕtačky, kolovrátky a nebozezy | PremiumStore.sk";"Vŕtačky, kolovrátky a nebozezy – veľký výber skladom, rýchle dodanie a výhodné ceny na PremiumStore.sk.";
"40176";"40173";"kluce";"0";"0";"";"1";"Stranové a očká";"Stranové a očká";"stranove-a-ocka";"";"";"Stranové a očká | PremiumStore.sk";"Stranové a očká skladom na PremiumStore.sk. Porovnajte parametre aj ceny a vyberte si presne to, čo potrebujete.";
"40185";"40182";"pneumaticke-a-hydraulicke-naradie";"0";"0";"";"1";"Vzduchové hadice, Regulátory a spojk";"Vzduchové hadice, Regulátory a spojk";"vzduchove-hadice--regulatory-a-spojk";"";"";"Vzduchové hadice, Regulátory a spojk | PremiumStore.sk";"Vzduchové hadice, Regulátory a spojk na PremiumStore.sk – overené produkty, výhodné ceny a odborné poradenstvo pri výbere.";
"48090";"40182";"pneumaticke-a-hydraulicke-naradie";"0";"0";"";"1";"Rázové uťahováky skrutkovače kladivá";"Rázové uťahováky skrutkovače kladivá";"razove-utahovaky-skrutkovace-kladiva";"";"";"";"";
"40209";"40206";"prislusenstvo-pre-brusky";"0";"0";"";"1";"02 Brúsne a rezacie kotúče";"02 Brúsne a rezacie kotúče";"02-brusne-a-rezacie-kotuce";"";"";"02 Brúsne a rezacie kotúče | PremiumStore.sk";"02 Brúsne a rezacie kotúče: široký sortiment a rýchle dodanie. Nájdite si ten pravý produkt na PremiumStore.sk.";
"40224";"40212";"sport--hracky-a-volny-cas";"0";"0";"";"1";"Oblečenie a obuv";"Oblečenie a obuv";"oblecenie-a-obuv";"";"";"Oblečenie a obuv | PremiumStore.sk";"Oblečenie a obuv – veľký výber skladom, rýchle dodanie a výhodné ceny na PremiumStore.sk.";
"42846";"40212";"sport--hracky-a-volny-cas";"0";"0";"";"1";"Mikroskopy";"Mikroskopy";"mikroskopy";"";"";"Mikroskopy | PremiumStore.sk";"Mikroskopy: široký sortiment a rýchle dodanie. Nájdite si ten pravý produkt na PremiumStore.sk.";
"43104";"40212";"sport--hracky-a-volny-cas";"0";"0";"";"1";"Hudební nástroje";"Hudební nástroje";"hudebni-nastroje";"";"";"Hudební nástroje | PremiumStore.sk";"Hudební nástroje v ponuke PremiumStore.sk. Prehľadné parametre, rýchle dodanie po celom Slovensku.";
"45138";"40212";"sport--hracky-a-volny-cas";"0";"0";"";"1";"Elektrické kolobežky";"Elektrické kolobežky";"elektricke-kolobezky";"";"";"Elektrické kolobežky | PremiumStore.sk";"Elektrické kolobežky skladom na PremiumStore.sk. Porovnajte parametre aj ceny a vyberte si presne to, čo potrebujete.";
"46560";"40212";"sport--hracky-a-volny-cas";"0";"0";"";"1";"Fitness Vybavenie";"Fitness Vybavenie";"fitness-vybavenie";"";"";"Fitness Vybavenie | PremiumStore.sk";"Fitness Vybavenie – veľký výber skladom, rýchle dodanie a výhodné ceny na PremiumStore.sk.";
"46725";"40212";"sport--hracky-a-volny-cas";"0";"0";"";"1";"Turizmus";"Turizmus";"turizmus";"";"";"Turizmus | PremiumStore.sk";"Turizmus: široký sortiment a rýchle dodanie. Nájdite si ten pravý produkt na PremiumStore.sk.";
"46797";"40212";"sport--hracky-a-volny-cas";"0";"0";"";"1";"Elektrické surfy";"Elektrické surfy";"elektricke-surfy";"";"";"Elektrické surfy | PremiumStore.sk";"Elektrické surfy skladom na PremiumStore.sk. Porovnajte parametre aj ceny a vyberte si presne to, čo potrebujete.";
"46833";"40212";"sport--hracky-a-volny-cas";"0";"0";"";"1";"Golf";"Golf";"golf";"";"";"Golf | PremiumStore.sk";"Golf – veľký výber skladom, rýchle dodanie a výhodné ceny na PremiumStore.sk.";
"48081";"40212";"sport--hracky-a-volny-cas";"0";"0";"";"1";"Exoskelety";"Exoskelety";"exoskelety";"";"";"";"";
"40290";"40215";"hracky";"0";"0";"";"1";"Stavebnice";"Stavebnice";"stavebnice";"";"";"Stavebnice | PremiumStore.sk";"Stavebnice: široký sortiment a rýchle dodanie. Nájdite si ten pravý produkt na PremiumStore.sk.";
"40587";"40215";"hracky";"0";"0";"";"1";"Hračky pre kluky";"Hračky pre kluky";"hracky-pre-kluky";"";"";"Hračky pre kluky | PremiumStore.sk";"Hračky pre kluky – veľký výber skladom, rýchle dodanie a výhodné ceny na PremiumStore.sk.";
"40686";"40215";"hracky";"0";"0";"";"1";"Elektronické hračky";"Elektronické hračky";"elektronicke-hracky";"";"";"Elektronické hračky | PremiumStore.sk";"Elektronické hračky – veľký výber skladom, rýchle dodanie a výhodné ceny na PremiumStore.sk.";
"40704";"40215";"hracky";"0";"0";"";"1";"Autá, letadla, lode";"Autá, letadla, lode";"auta--letadla--lode";"";"";"Autá, letadla, lode | PremiumStore.sk";"Autá, letadla, lode: široký sortiment a rýchle dodanie. Nájdite si ten pravý produkt na PremiumStore.sk.";
"41202";"40215";"hracky";"0";"0";"";"1";"Autá, bagry, traktory pre deti";"Autá, bagry, traktory pre deti";"auta--bagry--traktory-pre-deti";"";"";"Autá, bagry, traktory pre deti | PremiumStore.sk";"Autá, bagry, traktory pre deti na PremiumStore.sk – overené produkty, výhodné ceny a odborné poradenstvo pri výbere.";
"42306";"40215";"hracky";"0";"0";"";"1";"Plyšové hračky";"Plyšové hračky";"plysove-hracky";"";"";"Plyšové hračky | PremiumStore.sk";"Plyšové hračky v ponuke PremiumStore.sk. Prehľadné parametre, rýchle dodanie po celom Slovensku.";
"43098";"40215";"hracky";"0";"0";"";"1";"Detské hudební nástroje";"Detské hudební nástroje";"detske-hudebni-nastroje";"";"";"Detské hudební nástroje | PremiumStore.sk";"Detské hudební nástroje skladom na PremiumStore.sk. Porovnajte parametre aj ceny a vyberte si presne to, čo potrebujete.";
"43755";"40215";"hracky";"0";"0";"";"1";"Zvieratká, farmy";"Zvieratká, farmy";"zvieratka--farmy";"";"";"Zvieratká, farmy | PremiumStore.sk";"Zvieratká, farmy: široký sortiment a rýchle dodanie. Nájdite si ten pravý produkt na PremiumStore.sk.";
"43932";"40215";"hracky";"0";"0";"";"1";"Vonkajšie hračky";"Vonkajšie hračky";"vonkajsie-hracky";"";"";"Vonkajšie hračky | PremiumStore.sk";"Vonkajšie hračky – veľký výber skladom, rýchle dodanie a výhodné ceny na PremiumStore.sk.";
"45303";"40215";"hracky";"0";"0";"";"1";"Puzzle";"Puzzle";"puzzle";"";"";"Puzzle | PremiumStore.sk";"Puzzle – nakupujte výhodne na PremiumStore.sk. Overené produkty a jasný popis parametrov.";
"46365";"40215";"hracky";"0";"0";"";"1";"Vzdelávacie a interaktívne";"Vzdelávacie a interaktívne";"vzdelavacie-a-interaktivne";"";"";"Vzdelávacie a interaktívne | PremiumStore.sk";"Vzdelávacie a interaktívne – nakupujte výhodne na PremiumStore.sk. Overené produkty a jasný popis parametrov.";
"46371";"40215";"hracky";"0";"0";"";"1";"Pre kojencov";"Pre kojencov";"pre-kojencov";"";"";"Pre kojencov | PremiumStore.sk";"Pre kojencov skladom na PremiumStore.sk. Porovnajte parametre aj ceny a vyberte si presne to, čo potrebujete.";
"48171";"40215";"hracky";"0";"0";"";"1";"Sportovní hračky";"Sportovní hračky";"sportovni-hracky";"";"";"";"";
"40227";"40224";"oblecenie-a-obuv";"0";"0";"";"1";"Boty";"Boty";"boty";"";"";"Boty | PremiumStore.sk";"Boty skladom na PremiumStore.sk. Porovnajte parametre aj ceny a vyberte si presne to, čo potrebujete.";
"40251";"40248";"umyvacky-riadu";"0";"0";"";"1";"Príslušenstvo k umývačke";"Príslušenstvo k umývačke";"prislusenstvo-k-umyvacke";"";"";"Príslušenstvo k umývačke | PremiumStore.sk";"Príslušenstvo k umývačke skladom na PremiumStore.sk. Porovnajte parametre aj ceny a vyberte si presne to, čo potrebujete.";
"40311";"40248";"umyvacky-riadu";"0";"0";"";"1";"Stolové umývačky riad";"Stolové umývačky riad";"stolove-umyvacky-riad";"";"";"Stolové umývačky riad | PremiumStore.sk";"Stolové umývačky riad v ponuke PremiumStore.sk. Prehľadné parametre, rýchle dodanie po celom Slovensku.";
"40344";"40248";"umyvacky-riadu";"0";"0";"";"1";"Umývačky riad 45 cm";"Umývačky riad 45 cm";"umyvacky-riad-45-cm";"";"";"Umývačky riad 45 cm | PremiumStore.sk";"Umývačky riad 45 cm – nakupujte výhodne na PremiumStore.sk. Overené produkty a jasný popis parametrov.";
"40257";"40254";"zahradne-naradie";"0";"0";"";"1";"Rýle a rycie vidle";"Rýle a rycie vidle";"ryle-a-rycie-vidle";"";"";"Rýle a rycie vidle | PremiumStore.sk";"Rýle a rycie vidle – veľký výber skladom, rýchle dodanie a výhodné ceny na PremiumStore.sk.";
"40323";"40254";"zahradne-naradie";"0";"0";"";"1";"Krompáče, motyky, kultivátory";"Krompáče, motyky, kultivátory";"krompace--motyky--kultivatory";"";"";"Krompáče, motyky, kultivátory | PremiumStore.sk";"Krompáče, motyky, kultivátory v ponuke PremiumStore.sk. Prehľadné parametre, rýchle dodanie po celom Slovensku.";
"40788";"40254";"zahradne-naradie";"0";"0";"";"1";"Záhradné nožnice";"Záhradné nožnice";"zahradne-noznice";"";"";"Záhradné náradie – Záhradné nožnice | PremiumStore.sk";"Záhradné náradie – Záhradné nožnice: široký sortiment a rýchle dodanie. Nájdite si ten pravý produkt na PremiumStore.sk.";
"40266";"40263";"brusky";"0";"0";"";"1";"Kotúčové";"Kotúčové";"kotucove";"";"";"Kotúčové | PremiumStore.sk";"Kotúčové na PremiumStore.sk – overené produkty, výhodné ceny a odborné poradenstvo pri výbere.";
"40710";"40263";"brusky";"0";"0";"";"1";"Oscilačné";"Oscilačné";"oscilacne";"";"";"Oscilačné | PremiumStore.sk";"Oscilačné v ponuke PremiumStore.sk. Prehľadné parametre, rýchle dodanie po celom Slovensku.";
"40785";"40263";"brusky";"0";"0";"";"1";"Vibračné";"Vibračné";"vibracne";"";"";"Vibračné | PremiumStore.sk";"Vibračné – nakupujte výhodne na PremiumStore.sk. Overené produkty a jasný popis parametrov.";
"40293";"40290";"stavebnice";"0";"0";"";"1";"Ostatné stavebnice";"Ostatné stavebnice";"ostatne-stavebnice";"";"";"Ostatné stavebnice | PremiumStore.sk";"Ostatné stavebnice: široký sortiment a rýchle dodanie. Nájdite si ten pravý produkt na PremiumStore.sk.";
"45228";"40305";"meteostanice";"0";"0";"";"1";"Dataloggery";"Dataloggery";"dataloggery";"";"";"Dataloggery | PremiumStore.sk";"Dataloggery: široký sortiment a rýchle dodanie. Nájdite si ten pravý produkt na PremiumStore.sk.";
"45636";"40305";"meteostanice";"0";"0";"";"1";"Náhradné diely";"Náhradné diely";"nahradne-diely-2";"";"";"Meteostanice – Náhradné diely | PremiumStore.sk";"Meteostanice – Náhradné diely: široký sortiment a rýchle dodanie. Nájdite si ten pravý produkt na PremiumStore.sk.";
"40338";"40335";"prislusenstvo-pre-pily";"0";"0";"";"1";"03 Pílové listy a pásy";"03 Pílové listy a pásy";"03-pilove-listy-a-pasy";"";"";"03 Pílové listy a pásy | PremiumStore.sk";"03 Pílové listy a pásy – nakupujte výhodne na PremiumStore.sk. Overené produkty a jasný popis parametrov.";
"40374";"40371";"parfumy-a-kozmetika";"0";"0";"";"1";"Pánske parfumy";"Pánske parfumy";"panske-parfumy";"";"";"Pánske parfumy | PremiumStore.sk";"Pánske parfumy – veľký výber skladom, rýchle dodanie a výhodné ceny na PremiumStore.sk.";
"40884";"40371";"parfumy-a-kozmetika";"0";"0";"";"1";"Vlasová kozmetika";"Vlasová kozmetika";"vlasova-kozmetika";"";"";"Vlasová kozmetika | PremiumStore.sk";"Vlasová kozmetika skladom na PremiumStore.sk. Porovnajte parametre aj ceny a vyberte si presne to, čo potrebujete.";
"40377";"40374";"panske-parfumy";"0";"0";"";"1";"Pánske balzámy po holenie";"Pánske balzámy po holenie";"panske-balzamy-po-holenie";"";"";"Pánske balzámy po holenie | PremiumStore.sk";"Pánske balzámy po holenie – veľký výber skladom, rýchle dodanie a výhodné ceny na PremiumStore.sk.";
"43185";"40407";"svietidla";"0";"0";"";"1";"Kempingové";"Kempingové";"kempingove";"";"";"Kempingové | PremiumStore.sk";"Kempingové skladom na PremiumStore.sk. Porovnajte parametre aj ceny a vyberte si presne to, čo potrebujete.";
"47628";"40407";"svietidla";"0";"0";"";"1";"Lampáše";"Lampáše";"lampase";"";"";"Lampáše | PremiumStore.sk";"Lampáše skladom na PremiumStore.sk. Porovnajte parametre aj ceny a vyberte si presne to, čo potrebujete.";
"47766";"40407";"svietidla";"0";"0";"";"1";"Nenabíjacie";"Nenabíjacie";"nenabijacie";"";"";"Nenabíjacie | PremiumStore.sk";"Nenabíjacie na PremiumStore.sk – overené produkty, výhodné ceny a odborné poradenstvo pri výbere.";
"47889";"40407";"svietidla";"0";"0";"";"1";"Montážne a nabíjacie svetla";"Montážne a nabíjacie svetla";"montazne-a-nabijacie-svetla";"";"";"Montážne a nabíjacie svetla | PremiumStore.sk";"Montážne a nabíjacie svetla – veľký výber skladom, rýchle dodanie a výhodné ceny na PremiumStore.sk.";
"40413";"40410";"vnutorne-osvetlenie";"0";"0";"";"1";"Stropné a nástenná svietidlá";"Stropné a nástenná svietidlá";"stropne-a-nastenna-svietidla";"";"";"Stropné a nástenná svietidlá | PremiumStore.sk";"Stropné a nástenná svietidlá skladom na PremiumStore.sk. Porovnajte parametre aj ceny a vyberte si presne to, čo potrebujete.";
"40560";"40410";"vnutorne-osvetlenie";"0";"0";"";"1";"SMART osvetlenie";"SMART osvetlenie";"smart-osvetlenie";"";"";"SMART osvetlenie | PremiumStore.sk";"SMART osvetlenie: široký sortiment a rýchle dodanie. Nájdite si ten pravý produkt na PremiumStore.sk.";
"40566";"40410";"vnutorne-osvetlenie";"0";"0";"";"1";"Dekoratívne osvetlenie";"Dekoratívne osvetlenie";"dekorativne-osvetlenie";"";"";"Vnútorné osvetlenie – Dekoratívne osvetlenie | PremiumStore.sk";"Vnútorné osvetlenie – Dekoratívne osvetlenie – nakupujte výhodne na PremiumStore.sk. Overené produkty a jasný popis parametrov.";
"40665";"40410";"vnutorne-osvetlenie";"0";"0";"";"1";"Ostatné svietidlá";"Ostatné svietidlá";"ostatne-svietidla";"";"";"Ostatné svietidlá | PremiumStore.sk";"Ostatné svietidlá v ponuke PremiumStore.sk. Prehľadné parametre, rýchle dodanie po celom Slovensku.";
"40668";"40410";"vnutorne-osvetlenie";"0";"0";"";"1";"Stojace a stolové lampy";"Stojace a stolové lampy";"stojace-a-stolove-lampy";"";"";"Stojace a stolové lampy | PremiumStore.sk";"Stojace a stolové lampy na PremiumStore.sk – overené produkty, výhodné ceny a odborné poradenstvo pri výbere.";
"40464";"40461";"masazne-pristroje";"0";"0";"";"1";"Masážne prístroje na celé telo";"Masážne prístroje na celé telo";"masazne-pristroje-na-cele-telo";"";"";"Masážne prístroje na celé telo | PremiumStore.sk";"Masážne prístroje na celé telo v ponuke PremiumStore.sk. Prehľadné parametre, rýchle dodanie po celom Slovensku.";
"40638";"40461";"masazne-pristroje";"0";"0";"";"1";"Masážne podložky";"Masážne podložky";"masazne-podlozky";"";"";"Masážne podložky | PremiumStore.sk";"Masážne podložky skladom na PremiumStore.sk. Porovnajte parametre aj ceny a vyberte si presne to, čo potrebujete.";
"40839";"40461";"masazne-pristroje";"0";"0";"";"1";"Masážne prístroje na chrbát a šiji";"Masážne prístroje na chrbát a šiji";"masazne-pristroje-na-chrbat-a-siji";"";"";"Masážne prístroje na chrbát a šiji | PremiumStore.sk";"Masážne prístroje na chrbát a šiji na PremiumStore.sk – overené produkty, výhodné ceny a odborné poradenstvo pri výbere.";
"40482";"40479";"starostlivost-o-dieta";"0";"0";"";"1";"Ostatné detské tovar";"Ostatné detské tovar";"ostatne-detske-tovar";"";"";"Ostatné detské tovar | PremiumStore.sk";"Ostatné detské tovar v ponuke PremiumStore.sk. Prehľadné parametre, rýchle dodanie po celom Slovensku.";
"40605";"40479";"starostlivost-o-dieta";"0";"0";"";"1";"Detské opatrovateľky (chůvičky)";"Detské opatrovateľky (chůvičky)";"detske-opatrovatelky--chuvicky";"";"";"Starostlivosť o dieťa – Detské opatrovateľky (chůvičky)";"Starostlivosť o dieťa – Detské opatrovateľky (chůvičky) v ponuke PremiumStore.sk. Prehľadné parametre, rýchle dodanie po celom Slovensku.";
"40488";"40485";"stavebne-material--chemia-a-technika";"0";"0";"";"1";"Elektroinštalačný materiál";"Elektroinštalačný materiál";"elektroinstalacny-material-2";"";"";"Stavebné materiál, chémia a technika – Elektroinštalačný materiál";"Stavebné materiál, chémia a technika – Elektroinštalačný materiál na PremiumStore.sk – overené produkty, výhodné ceny a odborné poradenstvo pri výbere.";
"40491";"40488";"elektroinstalacny-material-2";"0";"0";"";"1";"Predlžovacie káble";"Predlžovacie káble";"predlzovacie-kable";"";"";"Elektroinštalačný materiál – Predlžovacie káble | PremiumStore.sk";"Elektroinštalačný materiál – Predlžovacie káble – veľký výber skladom, rýchle dodanie a výhodné ceny na PremiumStore.sk.";
"40536";"40488";"elektroinstalacny-material-2";"0";"0";"";"1";"Ističe, inštalačné krabice, rozvádzače";"Ističe, inštalačné krabice, rozvádzače";"istice--instalacne-krabice--rozvadzace";"";"";"Ističe, inštalačné krabice, rozvádzače | PremiumStore.sk";"Ističe, inštalačné krabice, rozvádzače – veľký výber skladom, rýchle dodanie a výhodné ceny na PremiumStore.sk.";
"40878";"40488";"elektroinstalacny-material-2";"0";"0";"";"1";"Svorkovnice a Wago svorky";"Svorkovnice a Wago svorky";"svorkovnice-a-wago-svorky";"";"";"Svorkovnice a Wago svorky | PremiumStore.sk";"Svorkovnice a Wago svorky: široký sortiment a rýchle dodanie. Nájdite si ten pravý produkt na PremiumStore.sk.";
"40521";"40518";"prislusenstvo-vrtacky--skrutkovace--utahovaky";"0";"0";"";"1";"005 Vykružovače a vŕtacie korunky";"005 Vykružovače a vŕtacie korunky";"005-vykruzovace-a-vrtacie-korunky";"";"";"005 Vykružovače a vŕtacie korunky | PremiumStore.sk";"005 Vykružovače a vŕtacie korunky na PremiumStore.sk – overené produkty, výhodné ceny a odborné poradenstvo pri výbere.";
"40590";"40587";"hracky-pre-kluky";"0";"0";"";"1";"Detské zbrane";"Detské zbrane";"detske-zbrane";"";"";"Detské zbrane | PremiumStore.sk";"Detské zbrane v ponuke PremiumStore.sk. Prehľadné parametre, rýchle dodanie po celom Slovensku.";
"40614";"40611";"aku-naradie";"0";"0";"";"1";"AKU Svetlá a svietidlá";"AKU Svetlá a svietidlá";"aku-svetla-a-svietidla";"";"";"AKU Svetlá a svietidlá | PremiumStore.sk";"AKU Svetlá a svietidlá: široký sortiment a rýchle dodanie. Nájdite si ten pravý produkt na PremiumStore.sk.";
"40647";"40644";"vstavane-chladenie";"0";"0";"";"1";"Vstavané kombinované chladničky";"Vstavané kombinované chladničky";"vstavane-kombinovane-chladnicky";"";"";"Vstavané kombinované chladničky | PremiumStore.sk";"Vstavané kombinované chladničky: široký sortiment a rýchle dodanie. Nájdite si ten pravý produkt na PremiumStore.sk.";
"48129";"40644";"vstavane-chladenie";"0";"0";"";"1";"Vstavané chladničky s mraziace priehradkou";"Vstavané chladničky s mraziace priehradkou";"vstavane-chladnicky-s-mraziace-priehradkou";"";"";"";"";
"48141";"40644";"vstavane-chladenie";"0";"0";"";"1";"Vstavané monoklimatické chladničky";"Vstavané monoklimatické chladničky";"vstavane-monoklimaticke-chladnicky";"";"";"";"";
"46191";"40671";"fotovoltaika-a-energie";"0";"0";"";"1";"Powerbanky";"Powerbanky";"powerbanky-3";"";"";"Fotovoltaika a energie – Powerbanky | PremiumStore.sk";"Fotovoltaika a energie – Powerbanky: široký sortiment a rýchle dodanie. Nájdite si ten pravý produkt na PremiumStore.sk.";
"46611";"40671";"fotovoltaika-a-energie";"0";"0";"";"1";"Fotovoltaické panely";"Fotovoltaické panely";"fotovoltaicke-panely";"";"";"Fotovoltaika a energie – Fotovoltaické panely | PremiumStore.sk";"Fotovoltaika a energie – Fotovoltaické panely v ponuke PremiumStore.sk. Prehľadné parametre, rýchle dodanie po celom Slovensku.";
"40677";"40674";"nabijacky";"0";"0";"";"1";"Powerbanky";"Powerbanky";"powerbanky";"";"";"Nabíjačky – Powerbanky | PremiumStore.sk";"Nabíjačky – Powerbanky – veľký výber skladom, rýchle dodanie a výhodné ceny na PremiumStore.sk.";
"42369";"40674";"nabijacky";"0";"0";"";"1";"Stanice pre elektrokola";"Stanice pre elektrokola";"stanice-pre-elektrokola";"";"";"Stanice pre elektrokola | PremiumStore.sk";"Stanice pre elektrokola – nakupujte výhodne na PremiumStore.sk. Overené produkty a jasný popis parametrov.";
"43470";"40674";"nabijacky";"0";"0";"";"1";"Nabíjačky NiCd, NiMh, NiZn";"Nabíjačky NiCd, NiMh, NiZn";"nabijacky-nicd--nimh--nizn";"";"";"Nabíjačky NiCd, NiMh, NiZn | PremiumStore.sk";"Nabíjačky NiCd, NiMh, NiZn – veľký výber skladom, rýchle dodanie a výhodné ceny na PremiumStore.sk.";
"43692";"40674";"nabijacky";"0";"0";"";"1";"Ochrana batérií";"Ochrana batérií";"ochrana-baterii";"";"";"Ochrana batérií | PremiumStore.sk";"Ochrana batérií: široký sortiment a rýchle dodanie. Nájdite si ten pravý produkt na PremiumStore.sk.";
"44514";"40674";"nabijacky";"0";"0";"";"1";"Solárne nabíjačky";"Solárne nabíjačky";"solarne-nabijacky";"";"";"Nabíjačky – Solárne nabíjačky | PremiumStore.sk";"Nabíjačky – Solárne nabíjačky – nakupujte výhodne na PremiumStore.sk. Overené produkty a jasný popis parametrov.";
"44541";"40674";"nabijacky";"0";"0";"";"1";"Nabíjačky DC-DC";"Nabíjačky DC-DC";"nabijacky-dc-dc";"";"";"Nabíjačky DC-DC | PremiumStore.sk";"Nabíjačky DC-DC – nakupujte výhodne na PremiumStore.sk. Overené produkty a jasný popis parametrov.";
"40695";"40692";"domove-alarmy-a-zvonceky";"0";"0";"";"1";"Bezpečnostní kamery";"Bezpečnostní kamery";"bezpecnostni-kamery";"";"";"Bezpečnostní kamery | PremiumStore.sk";"Bezpečnostní kamery na PremiumStore.sk – overené produkty, výhodné ceny a odborné poradenstvo pri výbere.";
"40716";"40713";"elektrovozidla";"0";"0";"";"1";"Elektrokolobežky";"Elektrokolobežky";"elektrokolobezky";"";"";"Elektrokolobežky | PremiumStore.sk";"Elektrokolobežky na PremiumStore.sk – overené produkty, výhodné ceny a odborné poradenstvo pri výbere.";
"45888";"40749";"chovatelske-potreby";"0";"0";"";"1";"Ostatné príslušenstvo";"Ostatné príslušenstvo";"ostatne-prislusenstvo";"";"";"Ostatné príslušenstvo | PremiumStore.sk";"Ostatné príslušenstvo skladom na PremiumStore.sk. Porovnajte parametre aj ceny a vyberte si presne to, čo potrebujete.";
"45900";"40749";"chovatelske-potreby";"0";"0";"";"1";"Pohlcovače zápachu";"Pohlcovače zápachu";"pohlcovace-zapachu";"";"";"Pohlcovače zápachu | PremiumStore.sk";"Pohlcovače zápachu: široký sortiment a rýchle dodanie. Nájdite si ten pravý produkt na PremiumStore.sk.";
"45936";"40749";"chovatelske-potreby";"0";"0";"";"1";"Hračky";"Hračky";"hracky-2";"";"";"Chovateľské potreby – Hračky | PremiumStore.sk";"Chovateľské potreby – Hračky – nakupujte výhodne na PremiumStore.sk. Overené produkty a jasný popis parametrov.";
"46032";"40749";"chovatelske-potreby";"0";"0";"";"1";"Starostlivosť o zvieratá";"Starostlivosť o zvieratá";"starostlivost-o-zvierata";"";"";"Starostlivosť o zvieratá | PremiumStore.sk";"Starostlivosť o zvieratá – nakupujte výhodne na PremiumStore.sk. Overené produkty a jasný popis parametrov.";
"48189";"40749";"chovatelske-potreby";"0";"0";"";"1";"Prepravky";"Prepravky";"prepravky";"";"";"";"";
"48192";"40749";"chovatelske-potreby";"0";"0";"";"1";"Klece a ohrádky";"Klece a ohrádky";"klece-a-ohradky";"";"";"";"";
"40836";"40833";"frezy-a-frezky";"0";"0";"";"1";"Príslušenstvo";"Príslušenstvo";"prislusenstvo-3";"";"";"Frézy a frézky – Príslušenstvo | PremiumStore.sk";"Frézy a frézky – Príslušenstvo – veľký výber skladom, rýchle dodanie a výhodné ceny na PremiumStore.sk.";
"42876";"40854";"posilnovanie-a-fitness";"0";"0";"";"1";"Príslušenstvo pre posilňovanie";"Príslušenstvo pre posilňovanie";"prislusenstvo-pre-posilnovanie";"";"";"Príslušenstvo pre posilňovanie | PremiumStore.sk";"Príslušenstvo pre posilňovanie: široký sortiment a rýchle dodanie. Nájdite si ten pravý produkt na PremiumStore.sk.";
"40860";"40857";"upratovanie--cistenie-a-umyvanie";"0";"0";"";"1";"Čističe";"Čističe";"cistice";"";"";"Čističe | PremiumStore.sk";"Čističe – nakupujte výhodne na PremiumStore.sk. Overené produkty a jasný popis parametrov.";
"40887";"40884";"vlasova-kozmetika";"0";"0";"";"1";"Balzámy a kondicionéry";"Balzámy a kondicionéry";"balzamy-a-kondicionery";"";"";"Balzámy a kondicionéry | PremiumStore.sk";"Balzámy a kondicionéry v ponuke PremiumStore.sk. Prehľadné parametre, rýchle dodanie po celom Slovensku.";
"44652";"40905";"vybavenie-auta";"0";"0";"";"1";"Ventilátory";"Ventilátory";"ventilatory-2";"";"";"Vybavenie autá – Ventilátory | PremiumStore.sk";"Vybavenie autá – Ventilátory v ponuke PremiumStore.sk. Prehľadné parametre, rýchle dodanie po celom Slovensku.";
"44832";"40905";"vybavenie-auta";"0";"0";"";"1";"Odpojovač batérie";"Odpojovač batérie";"odpojovac-baterie";"";"";"Odpojovač batérie | PremiumStore.sk";"Odpojovač batérie – nakupujte výhodne na PremiumStore.sk. Overené produkty a jasný popis parametrov.";
"44448";"40908";"autoziarovky";"0";"0";"";"1";"CSP LED žiarovky";"CSP LED žiarovky";"csp-led-ziarovky";"";"";"CSP LED žiarovky | PremiumStore.sk";"CSP LED žiarovky – nakupujte výhodne na PremiumStore.sk. Overené produkty a jasný popis parametrov.";
"44610";"40908";"autoziarovky";"0";"0";"";"1";"24V";"24V";"24v";"";"";"Autožiarovky – 24V | PremiumStore.sk";"Autožiarovky – 24V skladom na PremiumStore.sk. Porovnajte parametre aj ceny a vyberte si presne to, čo potrebujete.";
"45090";"40908";"autoziarovky";"0";"0";"";"1";"12V Excelite";"12V Excelite";"12v-excelite";"";"";"12V Excelite | PremiumStore.sk";"12V Excelite na PremiumStore.sk – overené produkty, výhodné ceny a odborné poradenstvo pri výbere.";
"44406";"40926";"ochranne-pomocky-a-odevy";"0";"0";"";"1";"Kukly a štíty";"Kukly a štíty";"kukly-a-stity";"";"";"Kukly a štíty | PremiumStore.sk";"Kukly a štíty na PremiumStore.sk – overené produkty, výhodné ceny a odborné poradenstvo pri výbere.";
"44616";"40926";"ochranne-pomocky-a-odevy";"0";"0";"";"1";"Okuliare";"Okuliare";"okuliare";"";"";"Okuliare | PremiumStore.sk";"Okuliare – nakupujte výhodne na PremiumStore.sk. Overené produkty a jasný popis parametrov.";
"45486";"40926";"ochranne-pomocky-a-odevy";"0";"0";"";"1";"Chrániče sluchu";"Chrániče sluchu";"chranice-sluchu";"";"";"Ochranné pomôcky a odevy – Chrániče sluchu | PremiumStore.sk";"Ochranné pomôcky a odevy – Chrániče sluchu skladom na PremiumStore.sk. Porovnajte parametre aj ceny a vyberte si presne to, čo potrebujete.";
"42372";"40932";"cyklistika";"0";"0";"";"1";"Elektrokola";"Elektrokola";"elektrokola";"";"";"Elektrokola | PremiumStore.sk";"Elektrokola na PremiumStore.sk – overené produkty, výhodné ceny a odborné poradenstvo pri výbere.";
"43428";"40932";"cyklistika";"0";"0";"";"1";"Pumpy na kolo";"Pumpy na kolo";"pumpy-na-kolo";"";"";"Pumpy na kolo | PremiumStore.sk";"Pumpy na kolo – nakupujte výhodne na PremiumStore.sk. Overené produkty a jasný popis parametrov.";
"44670";"40932";"cyklistika";"0";"0";"";"1";"Zámky na kolo";"Zámky na kolo";"zamky-na-kolo";"";"";"Zámky na kolo | PremiumStore.sk";"Zámky na kolo – veľký výber skladom, rýchle dodanie a výhodné ceny na PremiumStore.sk.";
"45123";"40932";"cyklistika";"0";"0";"";"1";"Stojany a držiaky na kolesá";"Stojany a držiaky na kolesá";"stojany-a-drziaky-na-kolesa";"";"";"Stojany a držiaky na kolesá | PremiumStore.sk";"Stojany a držiaky na kolesá na PremiumStore.sk – overené produkty, výhodné ceny a odborné poradenstvo pri výbere.";
"45126";"40932";"cyklistika";"0";"0";"";"1";"Ostatné cyklo doplnky";"Ostatné cyklo doplnky";"ostatne-cyklo-doplnky";"";"";"Ostatné cyklo doplnky | PremiumStore.sk";"Ostatné cyklo doplnky skladom na PremiumStore.sk. Porovnajte parametre aj ceny a vyberte si presne to, čo potrebujete.";
"45135";"40932";"cyklistika";"0";"0";"";"1";"Cyklodržáky";"Cyklodržáky";"cyklodrzaky";"";"";"Cyklodržáky | PremiumStore.sk";"Cyklodržáky: široký sortiment a rýchle dodanie. Nájdite si ten pravý produkt na PremiumStore.sk.";
"43275";"40941";"bezpecnost";"0";"0";"";"1";"Testery alkoholu";"Testery alkoholu";"testery-alkoholu-2";"";"";"Bezpečnosť – Testery alkoholu | PremiumStore.sk";"Bezpečnosť – Testery alkoholu – veľký výber skladom, rýchle dodanie a výhodné ceny na PremiumStore.sk.";
"44682";"40941";"bezpecnost";"0";"0";"";"1";"Kamery do autá";"Kamery do autá";"kamery-do-auta-2";"";"";"Bezpečnosť – Kamery do autá | PremiumStore.sk";"Bezpečnosť – Kamery do autá: široký sortiment a rýchle dodanie. Nájdite si ten pravý produkt na PremiumStore.sk.";
"44349";"40950";"istice-a-chranice";"0";"0";"";"1";"Motorové ističe";"Motorové ističe";"motorove-istice";"";"";"Motorové ističe | PremiumStore.sk";"Motorové ističe na PremiumStore.sk – overené produkty, výhodné ceny a odborné poradenstvo pri výbere.";
"44751";"40950";"istice-a-chranice";"0";"0";"";"1";"Pojistné odpojovače";"Pojistné odpojovače";"pojistne-odpojovace";"";"";"Pojistné odpojovače | PremiumStore.sk";"Pojistné odpojovače na PremiumStore.sk – overené produkty, výhodné ceny a odborné poradenstvo pri výbere.";
"44829";"40950";"istice-a-chranice";"0";"0";"";"1";"Odpojovače batérií";"Odpojovače batérií";"odpojovace-baterii-2";"";"";"Ističe a chrániče – Odpojovače batérií | PremiumStore.sk";"Ističe a chrániče – Odpojovače batérií – nakupujte výhodne na PremiumStore.sk. Overené produkty a jasný popis parametrov.";
"45144";"40950";"istice-a-chranice";"0";"0";"";"1";"Pojistková puzdrá";"Pojistková puzdrá";"pojistkova-puzdra";"";"";"Pojistková puzdrá | PremiumStore.sk";"Pojistková puzdrá na PremiumStore.sk – overené produkty, výhodné ceny a odborné poradenstvo pri výbere.";
"45168";"40950";"istice-a-chranice";"0";"0";"";"1";"Ističe DC";"Ističe DC";"istice-dc";"";"";"Ističe DC | PremiumStore.sk";"Ističe DC na PremiumStore.sk – overené produkty, výhodné ceny a odborné poradenstvo pri výbere.";
"44925";"40956";"fotovoltaika";"0";"0";"";"1";"Solárne nabíjačky";"Solárne nabíjačky";"solarne-nabijacky-2";"";"";"Fotovoltaika – Solárne nabíjačky | PremiumStore.sk";"Fotovoltaika – Solárne nabíjačky: široký sortiment a rýchle dodanie. Nájdite si ten pravý produkt na PremiumStore.sk.";
"45360";"40956";"fotovoltaika";"0";"0";"";"1";"Solárne batérie";"Solárne batérie";"solarne-baterie-2";"";"";"Fotovoltaika – Solárne batérie | PremiumStore.sk";"Fotovoltaika – Solárne batérie na PremiumStore.sk – overené produkty, výhodné ceny a odborné poradenstvo pri výbere.";
"47934";"40956";"fotovoltaika";"0";"0";"";"1";"Batérie a príslušenstvo";"Batérie a príslušenstvo";"baterie-a-prislusenstvo";"";"";"Batérie a príslušenstvo | PremiumStore.sk";"Batérie a príslušenstvo na PremiumStore.sk – overené produkty, výhodné ceny a odborné poradenstvo pri výbere.";
"47940";"40956";"fotovoltaika";"0";"0";"";"1";"Meniče";"Meniče";"menice";"";"";"Meniče | PremiumStore.sk";"Meniče na PremiumStore.sk – overené produkty, výhodné ceny a odborné poradenstvo pri výbere.";
"44625";"40962";"brany-a-zvonceky";"0";"0";"";"1";"Poštovní schránky";"Poštovní schránky";"postovni-schranky";"";"";"Poštovní schránky | PremiumStore.sk";"Poštovní schránky skladom na PremiumStore.sk. Porovnajte parametre aj ceny a vyberte si presne to, čo potrebujete.";
"44964";"40962";"brany-a-zvonceky";"0";"0";"";"1";"Pohony pre garážová vrata";"Pohony pre garážová vrata";"pohony-pre-garazova-vrata";"";"";"Pohony pre garážová vrata | PremiumStore.sk";"Pohony pre garážová vrata: široký sortiment a rýchle dodanie. Nájdite si ten pravý produkt na PremiumStore.sk.";
"45222";"40962";"brany-a-zvonceky";"0";"0";"";"1";"Schránky na kľúče";"Schránky na kľúče";"schranky-na-kluce";"";"";"Schránky na kľúče | PremiumStore.sk";"Schránky na kľúče v ponuke PremiumStore.sk. Prehľadné parametre, rýchle dodanie po celom Slovensku.";
"45327";"40962";"brany-a-zvonceky";"0";"0";"";"1";"Pohony posuvné vrata";"Pohony posuvné vrata";"pohony-posuvne-vrata";"";"";"Pohony posuvné vrata | PremiumStore.sk";"Pohony posuvné vrata na PremiumStore.sk – overené produkty, výhodné ceny a odborné poradenstvo pri výbere.";
"48180";"40962";"brany-a-zvonceky";"0";"0";"";"1";"Visací zámky";"Visací zámky";"visaci-zamky";"";"";"";"";
"44061";"40968";"zahradne-naradie-2";"0";"0";"";"1";"Lopaty";"Lopaty";"lopaty";"";"";"Lopaty | PremiumStore.sk";"Lopaty – nakupujte výhodne na PremiumStore.sk. Overené produkty a jasný popis parametrov.";
"44712";"40968";"zahradne-naradie-2";"0";"0";"";"1";"Sady záhradného náradie";"Sady záhradného náradie";"sady-zahradneho-naradie";"";"";"Sady záhradného náradie | PremiumStore.sk";"Sady záhradného náradie – nakupujte výhodne na PremiumStore.sk. Overené produkty a jasný popis parametrov.";
"45423";"40968";"zahradne-naradie-2";"0";"0";"";"1";"Hrable";"Hrable";"hrable";"";"";"Hrable | PremiumStore.sk";"Hrable v ponuke PremiumStore.sk. Prehľadné parametre, rýchle dodanie po celom Slovensku.";
"42069";"40980";"garaz--dielna--servis";"0";"0";"";"1";"Kanystry";"Kanystry";"kanystry";"";"";"Kanystry | PremiumStore.sk";"Kanystry – nakupujte výhodne na PremiumStore.sk. Overené produkty a jasný popis parametrov.";
"42549";"40980";"garaz--dielna--servis";"0";"0";"";"1";"Čerpadlá";"Čerpadlá";"cerpadla-3";"";"";"Garáž, Dielňa, Servis – Čerpadlá | PremiumStore.sk";"Garáž, Dielňa, Servis – Čerpadlá – nakupujte výhodne na PremiumStore.sk. Overené produkty a jasný popis parametrov.";
"44847";"40980";"garaz--dielna--servis";"0";"0";"";"1";"Hasicí prístroje";"Hasicí prístroje";"hasici-pristroje-2";"";"";"Hasicí prístroje | PremiumStore.sk";"Hasicí prístroje: široký sortiment a rýchle dodanie. Nájdite si ten pravý produkt na PremiumStore.sk.";
"44301";"40983";"specialne-naradie-a-pripravky";"0";"0";"";"1";"Navijaky a zdviháky";"Navijaky a zdviháky";"navijaky-a-zdvihaky";"";"";"Navijaky a zdviháky | PremiumStore.sk";"Navijaky a zdviháky – veľký výber skladom, rýchle dodanie a výhodné ceny na PremiumStore.sk.";
"44583";"40983";"specialne-naradie-a-pripravky";"0";"0";"";"1";"Testery";"Testery";"testery-3";"";"";"Špeciálne náradie a prípravky – Testery | PremiumStore.sk";"Špeciálne náradie a prípravky – Testery: široký sortiment a rýchle dodanie. Nájdite si ten pravý produkt na PremiumStore.sk.";
"44937";"40983";"specialne-naradie-a-pripravky";"0";"0";"";"1";"Exteriér";"Exteriér";"exterier-2";"";"";"Exteriér | PremiumStore.sk";"Exteriér v ponuke PremiumStore.sk. Prehľadné parametre, rýchle dodanie po celom Slovensku.";
"41541";"40986";"brzdy";"0";"0";"";"1";"Výměna brzdové kvapaliny";"Výměna brzdové kvapaliny";"vymena-brzdove-kvapaliny";"";"";"Výměna brzdové kvapaliny | PremiumStore.sk";"Výměna brzdové kvapaliny skladom na PremiumStore.sk. Porovnajte parametre aj ceny a vyberte si presne to, čo potrebujete.";
"45651";"40986";"brzdy";"0";"0";"";"1";"Ostatné prípravky na brzdy";"Ostatné prípravky na brzdy";"ostatne-pripravky-na-brzdy";"";"";"Ostatné prípravky na brzdy | PremiumStore.sk";"Ostatné prípravky na brzdy v ponuke PremiumStore.sk. Prehľadné parametre, rýchle dodanie po celom Slovensku.";
"43944";"40992";"zalozne-zdroje-a-ups";"0";"0";"";"1";"Hybridní zdroje energia";"Hybridní zdroje energia";"hybridni-zdroje-energia";"";"";"Hybridní zdroje energia | PremiumStore.sk";"Hybridní zdroje energia v ponuke PremiumStore.sk. Prehľadné parametre, rýchle dodanie po celom Slovensku.";
"43818";"40998";"meracie-technika";"0";"0";"";"1";"Meranie vody, plynu, vykurovanie, elektřiny";"Meranie vody, plynu, vykurovanie, elektřiny";"meranie-vody--plynu--vykurovanie--elektriny";"";"";"Meranie vody, plynu, vykurovanie, elektřiny | PremiumStore.sk";"Meranie vody, plynu, vykurovanie, elektřiny skladom na PremiumStore.sk. Porovnajte parametre aj ceny a vyberte si presne to, čo potrebujete.";
"44571";"41004";"kable-a-vodice";"0";"0";"";"1";"Auto káble";"Auto káble";"auto-kable";"";"";"Auto káble | PremiumStore.sk";"Auto káble: široký sortiment a rýchle dodanie. Nájdite si ten pravý produkt na PremiumStore.sk.";
"45198";"41004";"kable-a-vodice";"0";"0";"";"1";"Mikrofonní káble";"Mikrofonní káble";"mikrofonni-kable";"";"";"Mikrofonní káble | PremiumStore.sk";"Mikrofonní káble v ponuke PremiumStore.sk. Prehľadné parametre, rýchle dodanie po celom Slovensku.";
"41088";"41016";"kamerove-systemy";"0";"0";"";"1";"HDCVI, HDTVI, AHD kamery";"HDCVI, HDTVI, AHD kamery";"hdcvi--hdtvi--ahd-kamery";"";"";"HDCVI, HDTVI, AHD kamery | PremiumStore.sk";"HDCVI, HDTVI, AHD kamery – nakupujte výhodne na PremiumStore.sk. Overené produkty a jasný popis parametrov.";
"41571";"41016";"kamerove-systemy";"0";"0";"";"1";"Kamerové sety";"Kamerové sety";"kamerove-sety";"";"";"Kamerové sety | PremiumStore.sk";"Kamerové sety: široký sortiment a rýchle dodanie. Nájdite si ten pravý produkt na PremiumStore.sk.";
"43566";"41016";"kamerove-systemy";"0";"0";"";"1";"HDCVI a 5v1 videorekordéry";"HDCVI a 5v1 videorekordéry";"hdcvi-a-5v1-videorekordery";"";"";"HDCVI a 5v1 videorekordéry | PremiumStore.sk";"HDCVI a 5v1 videorekordéry na PremiumStore.sk – overené produkty, výhodné ceny a odborné poradenstvo pri výbere.";
"43779";"41016";"kamerove-systemy";"0";"0";"";"1";"Atrapy kamer";"Atrapy kamer";"atrapy-kamer";"";"";"Atrapy kamer | PremiumStore.sk";"Atrapy kamer v ponuke PremiumStore.sk. Prehľadné parametre, rýchle dodanie po celom Slovensku.";
"44934";"41016";"kamerove-systemy";"0";"0";"";"1";"Akční kamery";"Akční kamery";"akcni-kamery";"";"";"Akční kamery | PremiumStore.sk";"Akční kamery: široký sortiment a rýchle dodanie. Nájdite si ten pravý produkt na PremiumStore.sk.";
"43461";"41019";"prislusenstvo-4";"0";"0";"";"1";"Držiaky";"Držiaky";"drziaky";"";"";"PRÍSLUŠENSTVO – Držiaky | PremiumStore.sk";"PRÍSLUŠENSTVO – Držiaky na PremiumStore.sk – overené produkty, výhodné ceny a odborné poradenstvo pri výbere.";
"44595";"41019";"prislusenstvo-4";"0";"0";"";"1";"Prevodníky";"Prevodníky";"prevodniky";"";"";"Prevodníky | PremiumStore.sk";"Prevodníky na PremiumStore.sk – overené produkty, výhodné ceny a odborné poradenstvo pri výbere.";
"44727";"41019";"prislusenstvo-4";"0";"0";"";"1";"Nálepky, knihy";"Nálepky, knihy";"nalepky--knihy";"";"";"Nálepky, knihy | PremiumStore.sk";"Nálepky, knihy: široký sortiment a rýchle dodanie. Nájdite si ten pravý produkt na PremiumStore.sk.";
"44730";"41019";"prislusenstvo-4";"0";"0";"";"1";"Ostatné";"Ostatné";"ostatne-9";"";"";"PRÍSLUŠENSTVO – Ostatné | PremiumStore.sk";"PRÍSLUŠENSTVO – Ostatné na PremiumStore.sk – overené produkty, výhodné ceny a odborné poradenstvo pri výbere.";
"45708";"41019";"prislusenstvo-4";"0";"0";"";"1";"Pamäťové karty";"Pamäťové karty";"pamatove-karty-3";"";"";"PRÍSLUŠENSTVO – Pamäťové karty | PremiumStore.sk";"PRÍSLUŠENSTVO – Pamäťové karty – veľký výber skladom, rýchle dodanie a výhodné ceny na PremiumStore.sk.";
"48438";"41019";"prislusenstvo-4";"0";"0";"";"1";"Ostatné príslušenstvo ku kamerám";"Ostatné príslušenstvo ku kamerám";"ostatne-prislusenstvo-ku-kameram";"";"";"";"";
"43308";"41052";"bloky-pre-rozdeleni-fazi";"0";"0";"";"1";"Typ PVB (""hranaté"") 160 - 500 A";"Typ PVB (""hranaté"") 160 - 500 A";"typ-pvb-hranate-160-500-a";"";"";"Typ PVB (""hranaté"") 160 - 500 A | PremiumStore.sk";"Typ PVB (""hranaté"") 160 - 500 A skladom na PremiumStore.sk. Porovnajte parametre aj ceny a vyberte si presne to, čo potrebujete.";
"43323";"41052";"bloky-pre-rozdeleni-fazi";"0";"0";"";"1";"Typ PDB 160 - 490 A";"Typ PDB 160 - 490 A";"typ-pdb-160-490-a";"";"";"Typ PDB 160 - 490 A | PremiumStore.sk";"Typ PDB 160 - 490 A na PremiumStore.sk – overené produkty, výhodné ceny a odborné poradenstvo pri výbere.";
"45681";"41052";"bloky-pre-rozdeleni-fazi";"0";"0";"";"1";"Typ PVBS";"Typ PVBS";"typ-pvbs";"";"";"Typ PVBS | PremiumStore.sk";"Typ PVBS v ponuke PremiumStore.sk. Prehľadné parametre, rýchle dodanie po celom Slovensku.";
"41814";"41070";"akumulatory-a-baterie";"0";"0";"";"1";"D veľké monočlánky";"D veľké monočlánky";"d-velke-monoclanky";"";"";"D veľké monočlánky | PremiumStore.sk";"D veľké monočlánky v ponuke PremiumStore.sk. Prehľadné parametre, rýchle dodanie po celom Slovensku.";
"41817";"41070";"akumulatory-a-baterie";"0";"0";"";"1";"9V";"9V";"9v";"";"";"9V | PremiumStore.sk";"9V na PremiumStore.sk – overené produkty, výhodné ceny a odborné poradenstvo pri výbere.";
"42171";"41070";"akumulatory-a-baterie";"0";"0";"";"1";"Autobatérie";"Autobatérie";"autobaterie";"";"";"Akumulátory a batérie – Autobatérie | PremiumStore.sk";"Akumulátory a batérie – Autobatérie na PremiumStore.sk – overené produkty, výhodné ceny a odborné poradenstvo pri výbere.";
"43422";"41070";"akumulatory-a-baterie";"0";"0";"";"1";"C malé monočlánky";"C malé monočlánky";"c-male-monoclanky";"";"";"C malé monočlánky | PremiumStore.sk";"C malé monočlánky v ponuke PremiumStore.sk. Prehľadné parametre, rýchle dodanie po celom Slovensku.";
"43464";"41070";"akumulatory-a-baterie";"0";"0";"";"1";"AAA mikrotužkové";"AAA mikrotužkové";"aaa-mikrotuzkove";"";"";"Akumulátory a batérie – AAA mikrotužkové | PremiumStore.sk";"Akumulátory a batérie – AAA mikrotužkové v ponuke PremiumStore.sk. Prehľadné parametre, rýchle dodanie po celom Slovensku.";
"44079";"41070";"akumulatory-a-baterie";"0";"0";"";"1";"Li-Ion nabíjacie akumulátory";"Li-Ion nabíjacie akumulátory";"li-ion-nabijacie-akumulatory";"";"";"Li-Ion nabíjacie akumulátory | PremiumStore.sk";"Li-Ion nabíjacie akumulátory: široký sortiment a rýchle dodanie. Nájdite si ten pravý produkt na PremiumStore.sk.";
"44457";"41070";"akumulatory-a-baterie";"0";"0";"";"1";"Batérie do AKU náradie";"Batérie do AKU náradie";"baterie-do-aku-naradie";"";"";"Batérie do AKU náradie | PremiumStore.sk";"Batérie do AKU náradie na PremiumStore.sk – overené produkty, výhodné ceny a odborné poradenstvo pri výbere.";
"45357";"41070";"akumulatory-a-baterie";"0";"0";"";"1";"Solárne batérie";"Solárne batérie";"solarne-baterie";"";"";"Akumulátory a batérie – Solárne batérie | PremiumStore.sk";"Akumulátory a batérie – Solárne batérie v ponuke PremiumStore.sk. Prehľadné parametre, rýchle dodanie po celom Slovensku.";
"44871";"41073";"olovene-akumulatory";"0";"0";"";"1";"48V";"48V";"48v";"";"";"48V | PremiumStore.sk";"48V na PremiumStore.sk – overené produkty, výhodné ceny a odborné poradenstvo pri výbere.";
"45432";"41073";"olovene-akumulatory";"0";"0";"";"1";"4V";"4V";"4v";"";"";"4V | PremiumStore.sk";"4V skladom na PremiumStore.sk. Porovnajte parametre aj ceny a vyberte si presne to, čo potrebujete.";
"45558";"41073";"olovene-akumulatory";"0";"0";"";"1";"36V";"36V";"36v";"";"";"36V | PremiumStore.sk";"36V skladom na PremiumStore.sk. Porovnajte parametre aj ceny a vyberte si presne to, čo potrebujete.";
"48177";"41073";"olovene-akumulatory";"0";"0";"";"1";"24V";"24V";"24v-3";"";"";"";"";
"41085";"41082";"kable-pre-fotovoltaiku";"0";"0";"";"1";"Fotovoltaické káble";"Fotovoltaické káble";"fotovoltaicke-kable-2";"";"";"Káble pre fotovoltaiku – Fotovoltaické káble | PremiumStore.sk";"Káble pre fotovoltaiku – Fotovoltaické káble – nakupujte výhodne na PremiumStore.sk. Overené produkty a jasný popis parametrov.";
"41091";"41088";"hdcvi--hdtvi--ahd-kamery";"0";"0";"";"1";"2.0 Mpix (Full HD)";"2.0 Mpix (Full HD)";"2-0-mpix--full-hd";"";"";"2.0 Mpix (Full HD) | PremiumStore.sk";"2.0 Mpix (Full HD) skladom na PremiumStore.sk. Porovnajte parametre aj ceny a vyberte si presne to, čo potrebujete.";
"42750";"41088";"hdcvi--hdtvi--ahd-kamery";"0";"0";"";"1";"Otočné";"Otočné";"otocne";"";"";"Otočné | PremiumStore.sk";"Otočné na PremiumStore.sk – overené produkty, výhodné ceny a odborné poradenstvo pri výbere.";
"41499";"41094";"zahradne-doplnky";"0";"0";"";"1";"Záhradné sloupky";"Záhradné sloupky";"zahradne-sloupky";"";"";"Záhradné sloupky | PremiumStore.sk";"Záhradné sloupky skladom na PremiumStore.sk. Porovnajte parametre aj ceny a vyberte si presne to, čo potrebujete.";
"44193";"41094";"zahradne-doplnky";"0";"0";"";"1";"Grily";"Grily";"grily-2";"";"";"Záhradné doplnky – Grily | PremiumStore.sk";"Záhradné doplnky – Grily – nakupujte výhodne na PremiumStore.sk. Overené produkty a jasný popis parametrov.";
"44196";"41094";"zahradne-doplnky";"0";"0";"";"1";"Přenosná ohniště";"Přenosná ohniště";"prenosna-ohniste";"";"";"Přenosná ohniště | PremiumStore.sk";"Přenosná ohniště skladom na PremiumStore.sk. Porovnajte parametre aj ceny a vyberte si presne to, čo potrebujete.";
"44784";"41094";"zahradne-doplnky";"0";"0";"";"1";"Záhradné nábytok";"Záhradné nábytok";"zahradne-nabytok";"";"";"Záhradné nábytok | PremiumStore.sk";"Záhradné nábytok – nakupujte výhodne na PremiumStore.sk. Overené produkty a jasný popis parametrov.";
"45081";"41094";"zahradne-doplnky";"0";"0";"";"1";"Čerpadlá";"Čerpadlá";"cerpadla-4";"";"";"Záhradné doplnky – Čerpadlá | PremiumStore.sk";"Záhradné doplnky – Čerpadlá v ponuke PremiumStore.sk. Prehľadné parametre, rýchle dodanie po celom Slovensku.";
"44688";"41097";"bazeny-a-doplnky";"0";"0";"";"1";"Teplomery do bazénů";"Teplomery do bazénů";"teplomery-do-bazenu";"";"";"Teplomery do bazénů | PremiumStore.sk";"Teplomery do bazénů na PremiumStore.sk – overené produkty, výhodné ceny a odborné poradenstvo pri výbere.";
"45171";"41097";"bazeny-a-doplnky";"0";"0";"";"1";"Záhradné bazény";"Záhradné bazény";"zahradne-bazeny";"";"";"Záhradné bazény | PremiumStore.sk";"Záhradné bazény – veľký výber skladom, rýchle dodanie a výhodné ceny na PremiumStore.sk.";
"43221";"41103";"prepatove-ochrany";"0";"0";"";"1";"Koaxiálne ochrany";"Koaxiálne ochrany";"koaxialne-ochrany";"";"";"Koaxiálne ochrany | PremiumStore.sk";"Koaxiálne ochrany – nakupujte výhodne na PremiumStore.sk. Overené produkty a jasný popis parametrov.";
"45021";"41103";"prepatove-ochrany";"0";"0";"";"1";"Zásuvkové ochrany 230V";"Zásuvkové ochrany 230V";"zasuvkove-ochrany-230v";"";"";"Zásuvkové ochrany 230V | PremiumStore.sk";"Zásuvkové ochrany 230V skladom na PremiumStore.sk. Porovnajte parametre aj ceny a vyberte si presne to, čo potrebujete.";
"41652";"41112";"zabezpecenie";"0";"0";"";"1";"Domové alarmy";"Domové alarmy";"domove-alarmy";"";"";"Domové alarmy | PremiumStore.sk";"Domové alarmy na PremiumStore.sk – overené produkty, výhodné ceny a odborné poradenstvo pri výbere.";
"43467";"41112";"zabezpecenie";"0";"0";"";"1";"Požarní hlásiče";"Požarní hlásiče";"pozarni-hlasice";"";"";"Požarní hlásiče | PremiumStore.sk";"Požarní hlásiče v ponuke PremiumStore.sk. Prehľadné parametre, rýchle dodanie po celom Slovensku.";
"43746";"41112";"zabezpecenie";"0";"0";"";"1";"Ostatné";"Ostatné";"ostatne-5";"";"";"Zabezpečenie – Ostatné | PremiumStore.sk";"Zabezpečenie – Ostatné: široký sortiment a rýchle dodanie. Nájdite si ten pravý produkt na PremiumStore.sk.";
"44844";"41112";"zabezpecenie";"0";"0";"";"1";"Hasící prístroje";"Hasící prístroje";"hasici-pristroje";"";"";"Hasící prístroje | PremiumStore.sk";"Hasící prístroje – veľký výber skladom, rýchle dodanie a výhodné ceny na PremiumStore.sk.";
"47772";"41112";"zabezpecenie";"0";"0";"";"1";"Kamery";"Kamery";"kamery-3";"";"";"Zabezpečenie – Kamery | PremiumStore.sk";"Zabezpečenie – Kamery v ponuke PremiumStore.sk. Prehľadné parametre, rýchle dodanie po celom Slovensku.";
"44775";"41121";"dalekohlady";"0";"0";"";"1";"Monokulární";"Monokulární";"monokularni";"";"";"Ďalekohľady – Monokulární | PremiumStore.sk";"Ďalekohľady – Monokulární: široký sortiment a rýchle dodanie. Nájdite si ten pravý produkt na PremiumStore.sk.";
"45411";"41121";"dalekohlady";"0";"0";"";"1";"S termovizí";"S termovizí";"s-termovizi";"";"";"S termovizí | PremiumStore.sk";"S termovizí v ponuke PremiumStore.sk. Prehľadné parametre, rýchle dodanie po celom Slovensku.";
"42966";"41139";"predlzovacky--zasuvky--vidlica";"0";"0";"";"1";"Predlžovačky 3 fázové";"Predlžovačky 3 fázové";"predlzovacky-3-fazove";"";"";"Predlžovačky 3 fázové | PremiumStore.sk";"Predlžovačky 3 fázové – veľký výber skladom, rýchle dodanie a výhodné ceny na PremiumStore.sk.";
"45414";"41139";"predlzovacky--zasuvky--vidlica";"0";"0";"";"1";"Flexo šnúry";"Flexo šnúry";"flexo-snury";"";"";"Predlžovačky, zásuvky, vidlica – Flexo šnúry | PremiumStore.sk";"Predlžovačky, zásuvky, vidlica – Flexo šnúry v ponuke PremiumStore.sk. Prehľadné parametre, rýchle dodanie po celom Slovensku.";
"41724";"41142";"predlzovacie-privody";"0";"0";"";"1";"Dĺžka 15m";"Dĺžka 15m";"dlzka-15m";"";"";"Dĺžka 15m | PremiumStore.sk";"Dĺžka 15m na PremiumStore.sk – overené produkty, výhodné ceny a odborné poradenstvo pri výbere.";
"42963";"41142";"predlzovacie-privody";"0";"0";"";"1";"Dĺžka 30m";"Dĺžka 30m";"dlzka-30m";"";"";"Dĺžka 30m | PremiumStore.sk";"Dĺžka 30m – nakupujte výhodne na PremiumStore.sk. Overené produkty a jasný popis parametrov.";
"44529";"41142";"predlzovacie-privody";"0";"0";"";"1";"Dĺžka 40m";"Dĺžka 40m";"dlzka-40m";"";"";"Dĺžka 40m | PremiumStore.sk";"Dĺžka 40m: široký sortiment a rýchle dodanie. Nájdite si ten pravý produkt na PremiumStore.sk.";
"44538";"41142";"predlzovacie-privody";"0";"0";"";"1";"Dĺžka 1,4m";"Dĺžka 1,4m";"dlzka-1-4m";"";"";"Dĺžka 1,4m | PremiumStore.sk";"Dĺžka 1,4m – nakupujte výhodne na PremiumStore.sk. Overené produkty a jasný popis parametrov.";
"42036";"41160";"autokoberce";"0";"0";"";"1";"Auto koberce Volkswagen";"Auto koberce Volkswagen";"auto-koberce-volkswagen";"";"";"Auto koberce Volkswagen | PremiumStore.sk";"Auto koberce Volkswagen skladom na PremiumStore.sk. Porovnajte parametre aj ceny a vyberte si presne to, čo potrebujete.";
"42042";"41160";"autokoberce";"0";"0";"";"1";"Auto koberce BMW";"Auto koberce BMW";"auto-koberce-bmw";"";"";"Auto koberce BMW | PremiumStore.sk";"Auto koberce BMW skladom na PremiumStore.sk. Porovnajte parametre aj ceny a vyberte si presne to, čo potrebujete.";
"42048";"41160";"autokoberce";"0";"0";"";"1";"Auto koberce Mercedes-Benz";"Auto koberce Mercedes-Benz";"auto-koberce-mercedes-benz";"";"";"Auto koberce Mercedes-Benz | PremiumStore.sk";"Auto koberce Mercedes-Benz: široký sortiment a rýchle dodanie. Nájdite si ten pravý produkt na PremiumStore.sk.";
"42054";"41160";"autokoberce";"0";"0";"";"1";"Auto koberce Audi";"Auto koberce Audi";"auto-koberce-audi";"";"";"Auto koberce Audi | PremiumStore.sk";"Auto koberce Audi v ponuke PremiumStore.sk. Prehľadné parametre, rýchle dodanie po celom Slovensku.";
"42063";"41160";"autokoberce";"0";"0";"";"1";"Auto koberce Jeep";"Auto koberce Jeep";"auto-koberce-jeep";"";"";"Auto koberce Jeep | PremiumStore.sk";"Auto koberce Jeep skladom na PremiumStore.sk. Porovnajte parametre aj ceny a vyberte si presne to, čo potrebujete.";
"43437";"41160";"autokoberce";"0";"0";"";"1";"Auto koberce Renault";"Auto koberce Renault";"auto-koberce-renault";"";"";"Auto koberce Renault | PremiumStore.sk";"Auto koberce Renault v ponuke PremiumStore.sk. Prehľadné parametre, rýchle dodanie po celom Slovensku.";
"43443";"41160";"autokoberce";"0";"0";"";"1";"Auto koberce Nissan";"Auto koberce Nissan";"auto-koberce-nissan";"";"";"Auto koberce Nissan | PremiumStore.sk";"Auto koberce Nissan – veľký výber skladom, rýchle dodanie a výhodné ceny na PremiumStore.sk.";
"43449";"41160";"autokoberce";"0";"0";"";"1";"Auto koberce Dacia";"Auto koberce Dacia";"auto-koberce-dacia";"";"";"Auto koberce Dacia | PremiumStore.sk";"Auto koberce Dacia: široký sortiment a rýchle dodanie. Nájdite si ten pravý produkt na PremiumStore.sk.";
"43455";"41160";"autokoberce";"0";"0";"";"1";"Auto koberce Opel";"Auto koberce Opel";"auto-koberce-opel";"";"";"Auto koberce Opel | PremiumStore.sk";"Auto koberce Opel: široký sortiment a rýchle dodanie. Nájdite si ten pravý produkt na PremiumStore.sk.";
"43620";"41160";"autokoberce";"0";"0";"";"1";"Auto koberce Hyundai";"Auto koberce Hyundai";"auto-koberce-hyundai";"";"";"Auto koberce Hyundai | PremiumStore.sk";"Auto koberce Hyundai v ponuke PremiumStore.sk. Prehľadné parametre, rýchle dodanie po celom Slovensku.";
"43629";"41160";"autokoberce";"0";"0";"";"1";"Auto koberce Peugeot";"Auto koberce Peugeot";"auto-koberce-peugeot";"";"";"Auto koberce Peugeot | PremiumStore.sk";"Auto koberce Peugeot skladom na PremiumStore.sk. Porovnajte parametre aj ceny a vyberte si presne to, čo potrebujete.";
"44463";"41160";"autokoberce";"0";"0";"";"1";"Auto koberce Kia";"Auto koberce Kia";"auto-koberce-kia";"";"";"Auto koberce Kia | PremiumStore.sk";"Auto koberce Kia na PremiumStore.sk – overené produkty, výhodné ceny a odborné poradenstvo pri výbere.";
"45510";"41160";"autokoberce";"0";"0";"";"1";"Auto koberce Citroën";"Auto koberce Citroën";"auto-koberce-citroen";"";"";"Auto koberce Citroën | PremiumStore.sk";"Auto koberce Citroën skladom na PremiumStore.sk. Porovnajte parametre aj ceny a vyberte si presne to, čo potrebujete.";
"45525";"41160";"autokoberce";"0";"0";"";"1";"Auto koberce Ford";"Auto koberce Ford";"auto-koberce-ford";"";"";"Auto koberce Ford | PremiumStore.sk";"Auto koberce Ford – nakupujte výhodne na PremiumStore.sk. Overené produkty a jasný popis parametrov.";
"45660";"41160";"autokoberce";"0";"0";"";"1";"Auto koberce Volvo";"Auto koberce Volvo";"auto-koberce-volvo";"";"";"Auto koberce Volvo | PremiumStore.sk";"Auto koberce Volvo – nakupujte výhodne na PremiumStore.sk. Overené produkty a jasný popis parametrov.";
"45666";"41160";"autokoberce";"0";"0";"";"1";"Auto koberce Toyota";"Auto koberce Toyota";"auto-koberce-toyota";"";"";"Auto koberce Toyota | PremiumStore.sk";"Auto koberce Toyota skladom na PremiumStore.sk. Porovnajte parametre aj ceny a vyberte si presne to, čo potrebujete.";
"47964";"41160";"autokoberce";"0";"0";"";"1";"Auto koberce SsangYong";"Auto koberce SsangYong";"auto-koberce-ssangyong";"";"";"Auto koberce SsangYong | PremiumStore.sk";"Auto koberce SsangYong – veľký výber skladom, rýchle dodanie a výhodné ceny na PremiumStore.sk.";
"41166";"41163";"karavany-a-obytne-auta";"0";"0";"";"1";"Grily a variče";"Grily a variče";"grily-a-varice";"";"";"Grily a variče | PremiumStore.sk";"Grily a variče skladom na PremiumStore.sk. Porovnajte parametre aj ceny a vyberte si presne to, čo potrebujete.";
"41595";"41163";"karavany-a-obytne-auta";"0";"0";"";"1";"Parkovací asistenti";"Parkovací asistenti";"parkovaci-asistenti";"";"";"Parkovací asistenti | PremiumStore.sk";"Parkovací asistenti – nakupujte výhodne na PremiumStore.sk. Overené produkty a jasný popis parametrov.";
"41646";"41163";"karavany-a-obytne-auta";"0";"0";"";"1";"Kempingový nábytok";"Kempingový nábytok";"kempingovy-nabytok";"";"";"Kempingový nábytok | PremiumStore.sk";"Kempingový nábytok skladom na PremiumStore.sk. Porovnajte parametre aj ceny a vyberte si presne to, čo potrebujete.";
"42225";"41163";"karavany-a-obytne-auta";"0";"0";"";"1";"Autochladničky";"Autochladničky";"autochladnicky";"";"";"Autochladničky | PremiumStore.sk";"Autochladničky skladom na PremiumStore.sk. Porovnajte parametre aj ceny a vyberte si presne to, čo potrebujete.";
"43053";"41163";"karavany-a-obytne-auta";"0";"0";"";"1";"Batérie do karavanu";"Batérie do karavanu";"baterie-do-karavanu";"";"";"Batérie do karavanu | PremiumStore.sk";"Batérie do karavanu: široký sortiment a rýchle dodanie. Nájdite si ten pravý produkt na PremiumStore.sk.";
"43359";"41163";"karavany-a-obytne-auta";"0";"0";"";"1";"Meniče napätie";"Meniče napätie";"menice-napatie";"";"";"Karavany a obytná autá – Meniče napätie | PremiumStore.sk";"Karavany a obytná autá – Meniče napätie – nakupujte výhodne na PremiumStore.sk. Overené produkty a jasný popis parametrov.";
"43374";"41163";"karavany-a-obytne-auta";"0";"0";"";"1";"Redukcie a adaptéry";"Redukcie a adaptéry";"redukcie-a-adaptery-2";"";"";"Karavany a obytná autá – Redukcie a adaptéry | PremiumStore.sk";"Karavany a obytná autá – Redukcie a adaptéry – veľký výber skladom, rýchle dodanie a výhodné ceny na PremiumStore.sk.";
"43512";"41163";"karavany-a-obytne-auta";"0";"0";"";"1";"Nabíjačky batérií";"Nabíjačky batérií";"nabijacky-baterii";"";"";"Karavany a obytná autá – Nabíjačky batérií | PremiumStore.sk";"Karavany a obytná autá – Nabíjačky batérií v ponuke PremiumStore.sk. Prehľadné parametre, rýchle dodanie po celom Slovensku.";
"43548";"41163";"karavany-a-obytne-auta";"0";"0";"";"1";"Ostatné doplnky";"Ostatné doplnky";"ostatne-doplnky";"";"";"Ostatné doplnky | PremiumStore.sk";"Ostatné doplnky: široký sortiment a rýchle dodanie. Nájdite si ten pravý produkt na PremiumStore.sk.";
"44157";"41163";"karavany-a-obytne-auta";"0";"0";"";"1";"Lapače hmyzu";"Lapače hmyzu";"lapace-hmyzu";"";"";"Lapače hmyzu | PremiumStore.sk";"Lapače hmyzu v ponuke PremiumStore.sk. Prehľadné parametre, rýchle dodanie po celom Slovensku.";
"44340";"41163";"karavany-a-obytne-auta";"0";"0";"";"1";"Mobilné TV a SAT antény";"Mobilné TV a SAT antény";"mobilne-tv-a-sat-anteny";"";"";"Mobilné TV a SAT antény | PremiumStore.sk";"Mobilné TV a SAT antény – nakupujte výhodne na PremiumStore.sk. Overené produkty a jasný popis parametrov.";
"44400";"41163";"karavany-a-obytne-auta";"0";"0";"";"1";"Televízory na 12V";"Televízory na 12V";"televizory-na-12v-2";"";"";"Karavany a obytná autá – Televízory na 12V | PremiumStore.sk";"Karavany a obytná autá – Televízory na 12V – nakupujte výhodne na PremiumStore.sk. Overené produkty a jasný popis parametrov.";
"41589";"41175";"elektronicke-suciastky";"0";"0";"";"1";"Konektory";"Konektory";"konektory-3";"";"";"Elektronické súčiastky – Konektory | PremiumStore.sk";"Elektronické súčiastky – Konektory skladom na PremiumStore.sk. Porovnajte parametre aj ceny a vyberte si presne to, čo potrebujete.";
"43134";"41178";"arduino-a-moduly";"0";"0";"";"1";"Stavebnice Arduino";"Stavebnice Arduino";"stavebnice-arduino";"";"";"Stavebnice Arduino | PremiumStore.sk";"Stavebnice Arduino skladom na PremiumStore.sk. Porovnajte parametre aj ceny a vyberte si presne to, čo potrebujete.";
"45141";"41178";"arduino-a-moduly";"0";"0";"";"1";"Sety Arduino";"Sety Arduino";"sety-arduino";"";"";"Sety Arduino | PremiumStore.sk";"Sety Arduino na PremiumStore.sk – overené produkty, výhodné ceny a odborné poradenstvo pri výbere.";
"42159";"41220";"dielenske-vybavenie";"0";"0";"";"1";"Přeprava a skladování";"Přeprava a skladování";"preprava-a-skladovani";"";"";"Přeprava a skladování | PremiumStore.sk";"Přeprava a skladování na PremiumStore.sk – overené produkty, výhodné ceny a odborné poradenstvo pri výbere.";
"43701";"41220";"dielenske-vybavenie";"0";"0";"";"1";"Přísavky manipulační";"Přísavky manipulační";"prisavky-manipulacni";"";"";"Přísavky manipulační | PremiumStore.sk";"Přísavky manipulační skladom na PremiumStore.sk. Porovnajte parametre aj ceny a vyberte si presne to, čo potrebujete.";
"43821";"41220";"dielenske-vybavenie";"0";"0";"";"1";"Pytle na odpad";"Pytle na odpad";"pytle-na-odpad";"";"";"Pytle na odpad | PremiumStore.sk";"Pytle na odpad – nakupujte výhodne na PremiumStore.sk. Overené produkty a jasný popis parametrov.";
"44865";"41220";"dielenske-vybavenie";"0";"0";"";"1";"Svářecí stroje";"Svářecí stroje";"svareci-stroje";"";"";"Svářecí stroje | PremiumStore.sk";"Svářecí stroje – nakupujte výhodne na PremiumStore.sk. Overené produkty a jasný popis parametrov.";
"41241";"41238";"zavlazovanie-2";"0";"0";"";"1";"Rozprašovače";"Rozprašovače";"rozprasovace";"";"";"Rozprašovače | PremiumStore.sk";"Rozprašovače – nakupujte výhodne na PremiumStore.sk. Overené produkty a jasný popis parametrov.";
"43254";"41238";"zavlazovanie-2";"0";"0";"";"1";"Postrekovače";"Postrekovače";"postrekovace";"";"";"Zavlažovanie – Postrekovače | PremiumStore.sk";"Zavlažovanie – Postrekovače – nakupujte výhodne na PremiumStore.sk. Overené produkty a jasný popis parametrov.";
"43647";"41238";"zavlazovanie-2";"0";"0";"";"1";"Zavlažovače";"Zavlažovače";"zavlazovace";"";"";"Zavlažovače | PremiumStore.sk";"Zavlažovače v ponuke PremiumStore.sk. Prehľadné parametre, rýchle dodanie po celom Slovensku.";
"43794";"41238";"zavlazovanie-2";"0";"0";"";"1";"Hadice";"Hadice";"hadice-2";"";"";"Zavlažovanie – Hadice | PremiumStore.sk";"Zavlažovanie – Hadice skladom na PremiumStore.sk. Porovnajte parametre aj ceny a vyberte si presne to, čo potrebujete.";
"43797";"41238";"zavlazovanie-2";"0";"0";"";"1";"Príslušenstvo";"Príslušenstvo";"prislusenstvo-12";"";"";"Zavlažovanie – Príslušenstvo | PremiumStore.sk";"Zavlažovanie – Príslušenstvo – veľký výber skladom, rýchle dodanie a výhodné ceny na PremiumStore.sk.";
"41592";"41247";"audio--hi-fi";"0";"0";"";"1";"Reproduktory do autá";"Reproduktory do autá";"reproduktory-do-auta-2";"";"";"Audio, Hi-Fi – Reproduktory do autá | PremiumStore.sk";"Audio, Hi-Fi – Reproduktory do autá na PremiumStore.sk – overené produkty, výhodné ceny a odborné poradenstvo pri výbere.";
"42822";"41247";"audio--hi-fi";"0";"0";"";"1";"Autorádiá";"Autorádiá";"autoradia-2";"";"";"Audio, Hi-Fi – Autorádiá | PremiumStore.sk";"Audio, Hi-Fi – Autorádiá v ponuke PremiumStore.sk. Prehľadné parametre, rýchle dodanie po celom Slovensku.";
"41256";"41253";"upratovanie";"0";"0";"";"1";"Metly a mopy na upratovanie";"Metly a mopy na upratovanie";"metly-a-mopy-na-upratovanie";"";"";"Metly a mopy na upratovanie | PremiumStore.sk";"Metly a mopy na upratovanie skladom na PremiumStore.sk. Porovnajte parametre aj ceny a vyberte si presne to, čo potrebujete.";
"44988";"41253";"upratovanie";"0";"0";"";"1";"Handry, houbičky a utěrky na upratovanie";"Handry, houbičky a utěrky na upratovanie";"handry--houbicky-a-uterky-na-upratovanie";"";"";"Handry, houbičky a utěrky na upratovanie | PremiumStore.sk";"Handry, houbičky a utěrky na upratovanie – veľký výber skladom, rýchle dodanie a výhodné ceny na PremiumStore.sk.";
"45405";"41259";"vypinace--zasuvky--krabice";"0";"0";"";"1";"Rámečky";"Rámečky";"ramecky";"";"";"Rámečky | PremiumStore.sk";"Rámečky v ponuke PremiumStore.sk. Prehľadné parametre, rýchle dodanie po celom Slovensku.";
"42444";"41283";"instalacne-naradie-a-ostatne-material";"0";"0";"";"1";"Organizéry";"Organizéry";"organizery-2";"";"";"Inštalačné náradie a ostatné materiál – Organizéry | PremiumStore.sk";"Inštalačné náradie a ostatné materiál – Organizéry na PremiumStore.sk – overené produkty, výhodné ceny a odborné poradenstvo pri výbere.";
"42684";"41283";"instalacne-naradie-a-ostatne-material";"0";"0";"";"1";"Kľúče na F konektory";"Kľúče na F konektory";"kluce-na-f-konektory";"";"";"Kľúče na F konektory | PremiumStore.sk";"Kľúče na F konektory na PremiumStore.sk – overené produkty, výhodné ceny a odborné poradenstvo pri výbere.";
"42942";"41283";"instalacne-naradie-a-ostatne-material";"0";"0";"";"1";"Ořezávače káblov";"Ořezávače káblov";"orezavace-kablov";"";"";"Ořezávače káblov | PremiumStore.sk";"Ořezávače káblov v ponuke PremiumStore.sk. Prehľadné parametre, rýchle dodanie po celom Slovensku.";
"43776";"41283";"instalacne-naradie-a-ostatne-material";"0";"0";"";"1";"Ostatné";"Ostatné";"ostatne-6";"";"";"Inštalačné náradie a ostatné materiál – Ostatné | PremiumStore.sk";"Inštalačné náradie a ostatné materiál – Ostatné – veľký výber skladom, rýchle dodanie a výhodné ceny na PremiumStore.sk.";
"44031";"41283";"instalacne-naradie-a-ostatne-material";"0";"0";"";"1";"Náradie pre fotovoltaiku";"Náradie pre fotovoltaiku";"naradie-pre-fotovoltaiku-2";"";"";"Inštalačné náradie a ostatné materiál – Náradie pre fotovoltaiku";"Inštalačné náradie a ostatné materiál – Náradie pre fotovoltaiku – nakupujte výhodne na PremiumStore.sk. Overené produkty a jasný popis parametrov.";
"41304";"41301";"ostatne-spotrebice";"0";"0";"";"1";"Pece na pizzu";"Pece na pizzu";"pece-na-pizzu-2";"";"";"Ostatné spotrebiče – Pece na pizzu | PremiumStore.sk";"Ostatné spotrebiče – Pece na pizzu na PremiumStore.sk – overené produkty, výhodné ceny a odborné poradenstvo pri výbere.";
"42216";"41301";"ostatne-spotrebice";"0";"0";"";"1";"Grily";"Grily";"grily";"";"";"Ostatné spotrebiče – Grily | PremiumStore.sk";"Ostatné spotrebiče – Grily na PremiumStore.sk – overené produkty, výhodné ceny a odborné poradenstvo pri výbere.";
"42837";"41301";"ostatne-spotrebice";"0";"0";"";"1";"Mixéry";"Mixéry";"mixery-2";"";"";"Ostatné spotrebiče – Mixéry | PremiumStore.sk";"Ostatné spotrebiče – Mixéry skladom na PremiumStore.sk. Porovnajte parametre aj ceny a vyberte si presne to, čo potrebujete.";
"42954";"41301";"ostatne-spotrebice";"0";"0";"";"1";"Kávovary";"Kávovary";"kavovary";"";"";"Kávovary | PremiumStore.sk";"Kávovary – nakupujte výhodne na PremiumStore.sk. Overené produkty a jasný popis parametrov.";
"42999";"41301";"ostatne-spotrebice";"0";"0";"";"1";"Palacinkovače";"Palacinkovače";"palacinkovace-2";"";"";"Ostatné spotrebiče – Palacinkovače | PremiumStore.sk";"Ostatné spotrebiče – Palacinkovače – veľký výber skladom, rýchle dodanie a výhodné ceny na PremiumStore.sk.";
"43008";"41301";"ostatne-spotrebice";"0";"0";"";"1";"Kuchynské roboty";"Kuchynské roboty";"kuchynske-roboty-2";"";"";"Ostatné spotrebiče – Kuchynské roboty | PremiumStore.sk";"Ostatné spotrebiče – Kuchynské roboty skladom na PremiumStore.sk. Porovnajte parametre aj ceny a vyberte si presne to, čo potrebujete.";
"43191";"41301";"ostatne-spotrebice";"0";"0";"";"1";"Vaflovače";"Vaflovače";"vaflovace-2";"";"";"Ostatné spotrebiče – Vaflovače | PremiumStore.sk";"Ostatné spotrebiče – Vaflovače v ponuke PremiumStore.sk. Prehľadné parametre, rýchle dodanie po celom Slovensku.";
"43761";"41301";"ostatne-spotrebice";"0";"0";"";"1";"Sušičky potravín";"Sušičky potravín";"susicky-potravin-2";"";"";"Ostatné spotrebiče – Sušičky potravín | PremiumStore.sk";"Ostatné spotrebiče – Sušičky potravín: široký sortiment a rýchle dodanie. Nájdite si ten pravý produkt na PremiumStore.sk.";
"43812";"41301";"ostatne-spotrebice";"0";"0";"";"1";"Hriankovače";"Hriankovače";"hriankovace-2";"";"";"Ostatné spotrebiče – Hriankovače | PremiumStore.sk";"Ostatné spotrebiče – Hriankovače v ponuke PremiumStore.sk. Prehľadné parametre, rýchle dodanie po celom Slovensku.";
"44199";"41301";"ostatne-spotrebice";"0";"0";"";"1";"Sendvičovače";"Sendvičovače";"sendvicovace-2";"";"";"Ostatné spotrebiče – Sendvičovače | PremiumStore.sk";"Ostatné spotrebiče – Sendvičovače skladom na PremiumStore.sk. Porovnajte parametre aj ceny a vyberte si presne to, čo potrebujete.";
"44319";"41301";"ostatne-spotrebice";"0";"0";"";"1";"Zváračky folií";"Zváračky folií";"zvaracky-folii";"";"";"Zváračky folií | PremiumStore.sk";"Zváračky folií: široký sortiment a rýchle dodanie. Nájdite si ten pravý produkt na PremiumStore.sk.";
"44352";"41301";"ostatne-spotrebice";"0";"0";"";"1";"Fritézy";"Fritézy";"fritezy-2";"";"";"Ostatné spotrebiče – Fritézy | PremiumStore.sk";"Ostatné spotrebiče – Fritézy na PremiumStore.sk – overené produkty, výhodné ceny a odborné poradenstvo pri výbere.";
"44376";"41301";"ostatne-spotrebice";"0";"0";"";"1";"Vysávače";"Vysávače";"vysavace-2";"";"";"Ostatné spotrebiče – Vysávače | PremiumStore.sk";"Ostatné spotrebiče – Vysávače – nakupujte výhodne na PremiumStore.sk. Overené produkty a jasný popis parametrov.";
"44451";"41301";"ostatne-spotrebice";"0";"0";"";"1";"Elektrické hrnce";"Elektrické hrnce";"elektricke-hrnce";"";"";"Elektrické hrnce | PremiumStore.sk";"Elektrické hrnce: široký sortiment a rýchle dodanie. Nájdite si ten pravý produkt na PremiumStore.sk.";
"44562";"41301";"ostatne-spotrebice";"0";"0";"";"1";"Variče";"Variče";"varice";"";"";"Variče | PremiumStore.sk";"Variče – nakupujte výhodne na PremiumStore.sk. Overené produkty a jasný popis parametrov.";
"44760";"41301";"ostatne-spotrebice";"0";"0";"";"1";"Rýchlovarné kanvice";"Rýchlovarné kanvice";"rychlovarne-kanvice-2";"";"";"Ostatné spotrebiče – Rýchlovarné kanvice | PremiumStore.sk";"Ostatné spotrebiče – Rýchlovarné kanvice – nakupujte výhodne na PremiumStore.sk. Overené produkty a jasný popis parametrov.";
"44763";"41301";"ostatne-spotrebice";"0";"0";"";"1";"Drobné kuchynské spotrebiče";"Drobné kuchynské spotrebiče";"drobne-kuchynske-spotrebice";"";"";"Drobné kuchynské spotrebiče | PremiumStore.sk";"Drobné kuchynské spotrebiče: široký sortiment a rýchle dodanie. Nájdite si ten pravý produkt na PremiumStore.sk.";
"45354";"41301";"ostatne-spotrebice";"0";"0";"";"1";"Elektrické panvice";"Elektrické panvice";"elektricke-panvice-2";"";"";"Ostatné spotrebiče – Elektrické panvice | PremiumStore.sk";"Ostatné spotrebiče – Elektrické panvice na PremiumStore.sk – overené produkty, výhodné ceny a odborné poradenstvo pri výbere.";
"45501";"41301";"ostatne-spotrebice";"0";"0";"";"1";"Výrobníky ľadu";"Výrobníky ľadu";"vyrobniky-ladu-2";"";"";"Ostatné spotrebiče – Výrobníky ľadu | PremiumStore.sk";"Ostatné spotrebiče – Výrobníky ľadu v ponuke PremiumStore.sk. Prehľadné parametre, rýchle dodanie po celom Slovensku.";
"45621";"41301";"ostatne-spotrebice";"0";"0";"";"1";"Rúry";"Rúry";"rury";"";"";"Rúry | PremiumStore.sk";"Rúry na PremiumStore.sk – overené produkty, výhodné ceny a odborné poradenstvo pri výbere.";
"43089";"41307";"elektromobilita";"0";"0";"";"1";"AC nabíjacie stanice Wallbox";"AC nabíjacie stanice Wallbox";"ac-nabijacie-stanice-wallbox";"";"";"AC nabíjacie stanice Wallbox | PremiumStore.sk";"AC nabíjacie stanice Wallbox skladom na PremiumStore.sk. Porovnajte parametre aj ceny a vyberte si presne to, čo potrebujete.";
"41316";"41313";"adaptery-a-redukcie";"0";"0";"";"1";"Cestovné adaptéry";"Cestovné adaptéry";"cestovne-adaptery-2";"";"";"Adaptéry a redukcie – Cestovné adaptéry | PremiumStore.sk";"Adaptéry a redukcie – Cestovné adaptéry – nakupujte výhodne na PremiumStore.sk. Overené produkty a jasný popis parametrov.";
"44436";"41358";"rozvadzace";"0";"0";"";"1";"Výhodné sety rozvaděč + komponenty";"Výhodné sety rozvaděč + komponenty";"vyhodne-sety-rozvadec-komponenty";"";"";"Výhodné sety rozvaděč + komponenty | PremiumStore.sk";"Výhodné sety rozvaděč + komponenty – veľký výber skladom, rýchle dodanie a výhodné ceny na PremiumStore.sk.";
"41376";"41373";"ip-sietove-kamery";"0";"0";"";"1";"5.0 Mpix.";"5.0 Mpix.";"5-0-mpix";"";"";"IP sieťové kamery – 5.0 Mpix. | PremiumStore.sk";"IP sieťové kamery – 5.0 Mpix. v ponuke PremiumStore.sk. Prehľadné parametre, rýchle dodanie po celom Slovensku.";
"44337";"41373";"ip-sietove-kamery";"0";"0";"";"1";"1.0 Mpix. (HD) / 1.3 Mpix.";"1.0 Mpix. (HD) / 1.3 Mpix.";"1-0-mpix-hd--1-3-mpix";"";"";"1.0 Mpix. (HD) / 1.3 Mpix. | PremiumStore.sk";"1.0 Mpix. (HD) / 1.3 Mpix. – veľký výber skladom, rýchle dodanie a výhodné ceny na PremiumStore.sk.";
"44643";"41373";"ip-sietove-kamery";"0";"0";"";"1";"8.0 Mpix. (4K)";"8.0 Mpix. (4K)";"8-0-mpix-4k";"";"";"IP sieťové kamery – 8.0 Mpix. (4K) | PremiumStore.sk";"IP sieťové kamery – 8.0 Mpix. (4K) skladom na PremiumStore.sk. Porovnajte parametre aj ceny a vyberte si presne to, čo potrebujete.";
"45624";"41373";"ip-sietove-kamery";"0";"0";"";"1";"6.0 Mpix.";"6.0 Mpix.";"6-0-mpix";"";"";"6.0 Mpix. | PremiumStore.sk";"6.0 Mpix.: široký sortiment a rýchle dodanie. Nájdite si ten pravý produkt na PremiumStore.sk.";
"45657";"41373";"ip-sietove-kamery";"0";"0";"";"1";"3.0 Mpix.";"3.0 Mpix.";"3-0-mpix";"";"";"3.0 Mpix. | PremiumStore.sk";"3.0 Mpix.: široký sortiment a rýchle dodanie. Nájdite si ten pravý produkt na PremiumStore.sk.";
"48084";"41373";"ip-sietove-kamery";"0";"0";"";"1";"PTZ kamery";"PTZ kamery";"ptz-kamery";"";"";"";"";
"42189";"41397";"koaxialne-kable-2";"0";"0";"";"1";"Metráž";"Metráž";"metraz";"";"";"Koaxiálne káble – Metráž | PremiumStore.sk";"Koaxiálne káble – Metráž skladom na PremiumStore.sk. Porovnajte parametre aj ceny a vyberte si presne to, čo potrebujete.";
"42474";"41397";"koaxialne-kable-2";"0";"0";"";"1";"Vícenásobné káble";"Vícenásobné káble";"vicenasobne-kable";"";"";"Vícenásobné káble | PremiumStore.sk";"Vícenásobné káble na PremiumStore.sk – overené produkty, výhodné ceny a odborné poradenstvo pri výbere.";
"42738";"41397";"koaxialne-kable-2";"0";"0";"";"1";"Železné";"Železné";"zelezne";"";"";"Železné | PremiumStore.sk";"Železné na PremiumStore.sk – overené produkty, výhodné ceny a odborné poradenstvo pri výbere.";
"42741";"41397";"koaxialne-kable-2";"0";"0";"";"1";"Vonkajšie";"Vonkajšie";"vonkajsie-2";"";"";"Koaxiálne káble – Vonkajšie | PremiumStore.sk";"Koaxiálne káble – Vonkajšie v ponuke PremiumStore.sk. Prehľadné parametre, rýchle dodanie po celom Slovensku.";
"43785";"41397";"koaxialne-kable-2";"0";"0";"";"1";"Koaxiálne průchodky";"Koaxiálne průchodky";"koaxialne-pruchodky";"";"";"Koaxiálne káble – Koaxiálne průchodky | PremiumStore.sk";"Koaxiálne káble – Koaxiálne průchodky v ponuke PremiumStore.sk. Prehľadné parametre, rýchle dodanie po celom Slovensku.";
"45747";"41397";"koaxialne-kable-2";"0";"0";"";"1";"Boxy a stojany";"Boxy a stojany";"boxy-a-stojany";"";"";"Boxy a stojany | PremiumStore.sk";"Boxy a stojany – veľký výber skladom, rýchle dodanie a výhodné ceny na PremiumStore.sk.";
"41436";"41433";"tv-sat-zasuvky";"0";"0";"";"1";"Průběžné";"Průběžné";"prubezne";"";"";"TV SAT zásuvky – Průběžné | PremiumStore.sk";"TV SAT zásuvky – Průběžné skladom na PremiumStore.sk. Porovnajte parametre aj ceny a vyberte si presne to, čo potrebujete.";
"42651";"41433";"tv-sat-zasuvky";"0";"0";"";"1";"Koncové";"Koncové";"koncove";"";"";"TV SAT zásuvky – Koncové | PremiumStore.sk";"TV SAT zásuvky – Koncové v ponuke PremiumStore.sk. Prehľadné parametre, rýchle dodanie po celom Slovensku.";
"43803";"41475";"stierace";"0";"0";"";"1";"Stierače HYBRID";"Stierače HYBRID";"stierace-hybrid";"";"";"Stierače HYBRID | PremiumStore.sk";"Stierače HYBRID – veľký výber skladom, rýchle dodanie a výhodné ceny na PremiumStore.sk.";
"43809";"41475";"stierace";"0";"0";"";"1";"Sady stieračov FLAT DOUBLE";"Sady stieračov FLAT DOUBLE";"sady-stieracov-flat-double";"";"";"Sady stieračov FLAT DOUBLE | PremiumStore.sk";"Sady stieračov FLAT DOUBLE – nakupujte výhodne na PremiumStore.sk. Overené produkty a jasný popis parametrov.";
"43302";"41481";"pomocky-na-cvicenie";"0";"0";"";"1";"Švihadlá";"Švihadlá";"svihadla";"";"";"Švihadlá | PremiumStore.sk";"Švihadlá: široký sortiment a rýchle dodanie. Nájdite si ten pravý produkt na PremiumStore.sk.";
"44445";"41481";"pomocky-na-cvicenie";"0";"0";"";"1";"Závažia na kotníky a zápěstí";"Závažia na kotníky a zápěstí";"zavazia-na-kotniky-a-zapesti";"";"";"Závažia na kotníky a zápěstí | PremiumStore.sk";"Závažia na kotníky a zápěstí: široký sortiment a rýchle dodanie. Nájdite si ten pravý produkt na PremiumStore.sk.";
"42603";"41490";"mustky-na-nosnou-listu";"0";"0";"";"1";"Nekryté můstky (IP00)";"Nekryté můstky (IP00)";"nekryte-mustky--ip00";"";"";"Nekryté můstky (IP00) | PremiumStore.sk";"Nekryté můstky (IP00) – nakupujte výhodne na PremiumStore.sk. Overené produkty a jasný popis parametrov.";
"43971";"41490";"mustky-na-nosnou-listu";"0";"0";"";"1";"Bezšroubové kryté můstky (IP20)";"Bezšroubové kryté můstky (IP20)";"bezsroubove-kryte-mustky--ip20";"";"";"Bezšroubové kryté můstky (IP20) | PremiumStore.sk";"Bezšroubové kryté můstky (IP20) – veľký výber skladom, rýchle dodanie a výhodné ceny na PremiumStore.sk.";
"41505";"41502";"pestovanie";"0";"0";"";"1";"Herbicidy proti plevelům";"Herbicidy proti plevelům";"herbicidy-proti-plevelum";"";"";"Herbicidy proti plevelům | PremiumStore.sk";"Herbicidy proti plevelům na PremiumStore.sk – overené produkty, výhodné ceny a odborné poradenstvo pri výbere.";
"41928";"41502";"pestovanie";"0";"0";"";"1";"Záhradné hnojivá";"Záhradné hnojivá";"zahradne-hnojiva";"";"";"Záhradné hnojivá | PremiumStore.sk";"Záhradné hnojivá: široký sortiment a rýchle dodanie. Nájdite si ten pravý produkt na PremiumStore.sk.";
"42858";"41502";"pestovanie";"0";"0";"";"1";"Insekticidy proti škůdcům";"Insekticidy proti škůdcům";"insekticidy-proti-skudcum";"";"";"Insekticidy proti škůdcům | PremiumStore.sk";"Insekticidy proti škůdcům na PremiumStore.sk – overené produkty, výhodné ceny a odborné poradenstvo pri výbere.";
"43059";"41502";"pestovanie";"0";"0";"";"1";"Fungicidy proti houbám a plísním";"Fungicidy proti houbám a plísním";"fungicidy-proti-houbam-a-plisnim";"";"";"Fungicidy proti houbám a plísním | PremiumStore.sk";"Fungicidy proti houbám a plísním skladom na PremiumStore.sk. Porovnajte parametre aj ceny a vyberte si presne to, čo potrebujete.";
"43731";"41502";"pestovanie";"0";"0";"";"1";"Pěstební lampy";"Pěstební lampy";"pestebni-lampy";"";"";"Pěstební lampy | PremiumStore.sk";"Pěstební lampy v ponuke PremiumStore.sk. Prehľadné parametre, rýchle dodanie po celom Slovensku.";
"44556";"41502";"pestovanie";"0";"0";"";"1";"Travní směsi";"Travní směsi";"travni-smesi";"";"";"Travní směsi | PremiumStore.sk";"Travní směsi v ponuke PremiumStore.sk. Prehľadné parametre, rýchle dodanie po celom Slovensku.";
"42315";"41526";"ochrana-fv-instalaci";"0";"0";"";"1";"Poistky";"Poistky";"poistky-2";"";"";"Ochrana FV instalací – Poistky | PremiumStore.sk";"Ochrana FV instalací – Poistky na PremiumStore.sk – overené produkty, výhodné ceny a odborné poradenstvo pri výbere.";
"44823";"41526";"ochrana-fv-instalaci";"0";"0";"";"1";"Ističe";"Ističe";"istice";"";"";"Ističe | PremiumStore.sk";"Ističe na PremiumStore.sk – overené produkty, výhodné ceny a odborné poradenstvo pri výbere.";
"42381";"41544";"rozvadzace-samostatne";"0";"0";"";"1";"Gumové skrine RubberBOX IP65";"Gumové skrine RubberBOX IP65";"gumove-skrine-rubberbox-ip65";"";"";"Gumové skrine RubberBOX IP65 | PremiumStore.sk";"Gumové skrine RubberBOX IP65 na PremiumStore.sk – overené produkty, výhodné ceny a odborné poradenstvo pri výbere.";
"43110";"41544";"rozvadzace-samostatne";"0";"0";"";"1";"Rozvodnice NEPTUN IP65";"Rozvodnice NEPTUN IP65";"rozvodnice-neptun-ip65";"";"";"Rozvodnice NEPTUN IP65 | PremiumStore.sk";"Rozvodnice NEPTUN IP65 v ponuke PremiumStore.sk. Prehľadné parametre, rýchle dodanie po celom Slovensku.";
"44256";"41544";"rozvadzace-samostatne";"0";"0";"";"1";"Rozvodnice AcquaPLUS IP65";"Rozvodnice AcquaPLUS IP65";"rozvodnice-acquaplus-ip65";"";"";"Rozvodnice AcquaPLUS IP65 | PremiumStore.sk";"Rozvodnice AcquaPLUS IP65: široký sortiment a rýchle dodanie. Nájdite si ten pravý produkt na PremiumStore.sk.";
"45363";"41544";"rozvadzace-samostatne";"0";"0";"";"1";"Ostatné skrine a rozvodnice";"Ostatné skrine a rozvodnice";"ostatne-skrine-a-rozvodnice";"";"";"Ostatné skrine a rozvodnice | PremiumStore.sk";"Ostatné skrine a rozvodnice na PremiumStore.sk – overené produkty, výhodné ceny a odborné poradenstvo pri výbere.";
"43551";"41562";"instalacne-prislusenstvo";"0";"0";"";"1";"Organizéry káblov";"Organizéry káblov";"organizery-kablov";"";"";"Organizéry káblov | PremiumStore.sk";"Organizéry káblov skladom na PremiumStore.sk. Porovnajte parametre aj ceny a vyberte si presne to, čo potrebujete.";
"42168";"41601";"chemia";"0";"0";"";"1";"Chémia pre pájení";"Chémia pre pájení";"chemia-pre-pajeni-2";"";"";"Chémia – Chémia pre pájení | PremiumStore.sk";"Chémia – Chémia pre pájení: široký sortiment a rýchle dodanie. Nájdite si ten pravý produkt na PremiumStore.sk.";
"42792";"41601";"chemia";"0";"0";"";"1";"Ostatné chemické prípravky";"Ostatné chemické prípravky";"ostatne-chemicke-pripravky";"";"";"Ostatné chemické prípravky | PremiumStore.sk";"Ostatné chemické prípravky – nakupujte výhodne na PremiumStore.sk. Overené produkty a jasný popis parametrov.";
"44994";"41601";"chemia";"0";"0";"";"1";"Mazivá";"Mazivá";"maziva";"";"";"Mazivá | PremiumStore.sk";"Mazivá skladom na PremiumStore.sk. Porovnajte parametre aj ceny a vyberte si presne to, čo potrebujete.";
"41616";"41613";"elektricke-a-aku-naradie";"0";"0";"";"1";"Nožnice AKU";"Nožnice AKU";"noznice-aku";"";"";"Nožnice AKU | PremiumStore.sk";"Nožnice AKU – veľký výber skladom, rýchle dodanie a výhodné ceny na PremiumStore.sk.";
"41619";"41613";"elektricke-a-aku-naradie";"0";"0";"";"1";"Nabíjačky k AKU náradie";"Nabíjačky k AKU náradie";"nabijacky-k-aku-naradie";"";"";"Nabíjačky k AKU náradie | PremiumStore.sk";"Nabíjačky k AKU náradie na PremiumStore.sk – overené produkty, výhodné ceny a odborné poradenstvo pri výbere.";
"43050";"41613";"elektricke-a-aku-naradie";"0";"0";"";"1";"Vŕtačky, akušroubováky";"Vŕtačky, akušroubováky";"vrtacky--akusroubovaky";"";"";"Vŕtačky, akušroubováky | PremiumStore.sk";"Vŕtačky, akušroubováky v ponuke PremiumStore.sk. Prehľadné parametre, rýchle dodanie po celom Slovensku.";
"43839";"41613";"elektricke-a-aku-naradie";"0";"0";"";"1";"Píly";"Píly";"pily-2";"";"";"Elektrické a AKU náradie – Píly | PremiumStore.sk";"Elektrické a AKU náradie – Píly na PremiumStore.sk – overené produkty, výhodné ceny a odborné poradenstvo pri výbere.";
"44454";"41613";"elektricke-a-aku-naradie";"0";"0";"";"1";"Batérie k AKU náradie";"Batérie k AKU náradie";"baterie-k-aku-naradie";"";"";"Batérie k AKU náradie | PremiumStore.sk";"Batérie k AKU náradie: široký sortiment a rýchle dodanie. Nájdite si ten pravý produkt na PremiumStore.sk.";
"44805";"41613";"elektricke-a-aku-naradie";"0";"0";"";"1";"Brúsky";"Brúsky";"brusky-2";"";"";"Elektrické a AKU náradie – Brúsky | PremiumStore.sk";"Elektrické a AKU náradie – Brúsky: široký sortiment a rýchle dodanie. Nájdite si ten pravý produkt na PremiumStore.sk.";
"45048";"41613";"elektricke-a-aku-naradie";"0";"0";"";"1";"Príslušenstvo k vrtačkám";"Príslušenstvo k vrtačkám";"prislusenstvo-k-vrtackam";"";"";"Príslušenstvo k vrtačkám | PremiumStore.sk";"Príslušenstvo k vrtačkám na PremiumStore.sk – overené produkty, výhodné ceny a odborné poradenstvo pri výbere.";
"47991";"41613";"elektricke-a-aku-naradie";"0";"0";"";"1";"Rázové uťahováky";"Rázové uťahováky";"razove-utahovaky-2";"";"";"Elektrické a AKU náradie – Rázové uťahováky | PremiumStore.sk";"Elektrické a AKU náradie – Rázové uťahováky: široký sortiment a rýchle dodanie. Nájdite si ten pravý produkt na PremiumStore.sk.";
"41625";"41622";"zahradne-stroje";"0";"0";"";"1";"Vysokotlakové umývačky";"Vysokotlakové umývačky";"vysokotlakove-umyvacky";"";"";"Vysokotlakové umývačky | PremiumStore.sk";"Vysokotlakové umývačky – veľký výber skladom, rýchle dodanie a výhodné ceny na PremiumStore.sk.";
"42543";"41622";"zahradne-stroje";"0";"0";"";"1";"Čerpadlá";"Čerpadlá";"cerpadla-2";"";"";"Záhradné stroje – Čerpadlá | PremiumStore.sk";"Záhradné stroje – Čerpadlá – nakupujte výhodne na PremiumStore.sk. Overené produkty a jasný popis parametrov.";
"42813";"41622";"zahradne-stroje";"0";"0";"";"1";"Príslušenstvo";"Príslušenstvo";"prislusenstvo-9";"";"";"Záhradné stroje – Príslušenstvo | PremiumStore.sk";"Záhradné stroje – Príslušenstvo na PremiumStore.sk – overené produkty, výhodné ceny a odborné poradenstvo pri výbere.";
"43257";"41622";"zahradne-stroje";"0";"0";"";"1";"Postrekovače";"Postrekovače";"postrekovace-2";"";"";"Záhradné stroje – Postrekovače | PremiumStore.sk";"Záhradné stroje – Postrekovače v ponuke PremiumStore.sk. Prehľadné parametre, rýchle dodanie po celom Slovensku.";
"43830";"41622";"zahradne-stroje";"0";"0";"";"1";"Píly";"Píly";"pily";"";"";"Záhradné stroje – Píly | PremiumStore.sk";"Záhradné stroje – Píly skladom na PremiumStore.sk. Porovnajte parametre aj ceny a vyberte si presne to, čo potrebujete.";
"44130";"41622";"zahradne-stroje";"0";"0";"";"1";"Krovinorezy";"Krovinorezy";"krovinorezy";"";"";"Krovinorezy | PremiumStore.sk";"Krovinorezy – veľký výber skladom, rýchle dodanie a výhodné ceny na PremiumStore.sk.";
"45546";"41622";"zahradne-stroje";"0";"0";"";"1";"Záhradné nožnice";"Záhradné nožnice";"zahradne-noznice-4";"";"";"Záhradné stroje – Záhradné nožnice | PremiumStore.sk";"Záhradné stroje – Záhradné nožnice: široký sortiment a rýchle dodanie. Nájdite si ten pravý produkt na PremiumStore.sk.";
"45735";"41622";"zahradne-stroje";"0";"0";"";"1";"Vysávače lístie";"Vysávače lístie";"vysavace-listie";"";"";"Vysávače lístie | PremiumStore.sk";"Vysávače lístie – nakupujte výhodne na PremiumStore.sk. Overené produkty a jasný popis parametrov.";
"41643";"41640";"turistika";"0";"0";"";"1";"Kempingové stoly, stoličky, ležadlá";"Kempingové stoly, stoličky, ležadlá";"kempingove-stoly--stolicky--lezadla";"";"";"Kempingové stoly, stoličky, ležadlá | PremiumStore.sk";"Kempingové stoly, stoličky, ležadlá – nakupujte výhodne na PremiumStore.sk. Overené produkty a jasný popis parametrov.";
"42936";"41640";"turistika";"0";"0";"";"1";"Stany";"Stany";"stany";"";"";"Stany | PremiumStore.sk";"Stany – nakupujte výhodne na PremiumStore.sk. Overené produkty a jasný popis parametrov.";
"43752";"41640";"turistika";"0";"0";"";"1";"Cestování a outdoor";"Cestování a outdoor";"cestovani-a-outdoor";"";"";"Cestování a outdoor | PremiumStore.sk";"Cestování a outdoor skladom na PremiumStore.sk. Porovnajte parametre aj ceny a vyberte si presne to, čo potrebujete.";
"44034";"41640";"turistika";"0";"0";"";"1";"Karimatky, matrace, vankúše";"Karimatky, matrace, vankúše";"karimatky--matrace--vankuse";"";"";"Karimatky, matrace, vankúše | PremiumStore.sk";"Karimatky, matrace, vankúše na PremiumStore.sk – overené produkty, výhodné ceny a odborné poradenstvo pri výbere.";
"44040";"41640";"turistika";"0";"0";"";"1";"Hojdacie siete";"Hojdacie siete";"hojdacie-siete";"";"";"Hojdacie siete | PremiumStore.sk";"Hojdacie siete: široký sortiment a rýchle dodanie. Nájdite si ten pravý produkt na PremiumStore.sk.";
"44916";"41640";"turistika";"0";"0";"";"1";"Vysielačky";"Vysielačky";"vysielacky-2";"";"";"Turistika – Vysielačky | PremiumStore.sk";"Turistika – Vysielačky skladom na PremiumStore.sk. Porovnajte parametre aj ceny a vyberte si presne to, čo potrebujete.";
"43890";"41655";"elektroinstalacny-material-3";"0";"0";"";"1";"Smršťovací bužírky";"Smršťovací bužírky";"smrstovaci-buzirky";"";"";"Elektroinštalačný materiál – Smršťovací bužírky | PremiumStore.sk";"Elektroinštalačný materiál – Smršťovací bužírky v ponuke PremiumStore.sk. Prehľadné parametre, rýchle dodanie po celom Slovensku.";
"44238";"41655";"elektroinstalacny-material-3";"0";"0";"";"1";"Silové káble";"Silové káble";"silove-kable-3";"";"";"Elektroinštalačný materiál – Silové káble | PremiumStore.sk";"Elektroinštalačný materiál – Silové káble v ponuke PremiumStore.sk. Prehľadné parametre, rýchle dodanie po celom Slovensku.";
"44574";"41655";"elektroinstalacny-material-3";"0";"0";"";"1";"Izolačné pásky";"Izolačné pásky";"izolacne-pasky-3";"";"";"Elektroinštalačný materiál – Izolačné pásky | PremiumStore.sk";"Elektroinštalačný materiál – Izolačné pásky – veľký výber skladom, rýchle dodanie a výhodné ceny na PremiumStore.sk.";
"44826";"41655";"elektroinstalacny-material-3";"0";"0";"";"1";"Odpojovače batérií";"Odpojovače batérií";"odpojovace-baterii";"";"";"Elektroinštalačný materiál – Odpojovače batérií | PremiumStore.sk";"Elektroinštalačný materiál – Odpojovače batérií – nakupujte výhodne na PremiumStore.sk. Overené produkty a jasný popis parametrov.";
"45615";"41655";"elektroinstalacny-material-3";"0";"0";"";"1";"Propojovače batérií";"Propojovače batérií";"propojovace-baterii";"";"";"Propojovače batérií | PremiumStore.sk";"Propojovače batérií v ponuke PremiumStore.sk. Prehľadné parametre, rýchle dodanie po celom Slovensku.";
"43494";"41664";"prislusenstvo-6";"0";"0";"";"1";"Prepojovacie káble";"Prepojovacie káble";"prepojovacie-kable";"";"";"Prepojovacie káble | PremiumStore.sk";"Prepojovacie káble skladom na PremiumStore.sk. Porovnajte parametre aj ceny a vyberte si presne to, čo potrebujete.";
"43704";"41664";"prislusenstvo-6";"0";"0";"";"1";"Boxy a obaly na akumulátory";"Boxy a obaly na akumulátory";"boxy-a-obaly-na-akumulatory";"";"";"Boxy a obaly na akumulátory | PremiumStore.sk";"Boxy a obaly na akumulátory – nakupujte výhodne na PremiumStore.sk. Overené produkty a jasný popis parametrov.";
"41670";"41667";"ocka--fastony--dutinky--spojky";"0";"0";"";"1";"Káblové spojky";"Káblové spojky";"kablove-spojky-2";"";"";"Očká, fastóny, dutinky, spojky – Káblové spojky | PremiumStore.sk";"Očká, fastóny, dutinky, spojky – Káblové spojky: široký sortiment a rýchle dodanie. Nájdite si ten pravý produkt na PremiumStore.sk.";
"41682";"41667";"ocka--fastony--dutinky--spojky";"0";"0";"";"1";"Káblová očká";"Káblová očká";"kablova-ocka";"";"";"Očká, fastóny, dutinky, spojky – Káblová očká | PremiumStore.sk";"Očká, fastóny, dutinky, spojky – Káblová očká v ponuke PremiumStore.sk. Prehľadné parametre, rýchle dodanie po celom Slovensku.";
"43209";"41667";"ocka--fastony--dutinky--spojky";"0";"0";"";"1";"Fastóny";"Fastóny";"fastony";"";"";"Fastóny | PremiumStore.sk";"Fastóny v ponuke PremiumStore.sk. Prehľadné parametre, rýchle dodanie po celom Slovensku.";
"44205";"41667";"ocka--fastony--dutinky--spojky";"0";"0";"";"1";"Sady konektorů";"Sady konektorů";"sady-konektoru";"";"";"Sady konektorů | PremiumStore.sk";"Sady konektorů: široký sortiment a rýchle dodanie. Nájdite si ten pravý produkt na PremiumStore.sk.";
"44412";"41667";"ocka--fastony--dutinky--spojky";"0";"0";"";"1";"Sady fastonů";"Sady fastonů";"sady-fastonu";"";"";"Sady fastonů | PremiumStore.sk";"Sady fastonů na PremiumStore.sk – overené produkty, výhodné ceny a odborné poradenstvo pri výbere.";
"44820";"41667";"ocka--fastony--dutinky--spojky";"0";"0";"";"1";"Kolíky";"Kolíky";"koliky";"";"";"Kolíky | PremiumStore.sk";"Kolíky – nakupujte výhodne na PremiumStore.sk. Overené produkty a jasný popis parametrov.";
"43881";"41697";"mechanicke-naradie";"0";"0";"";"1";"Náradie pre elektrikáře";"Náradie pre elektrikáře";"naradie-pre-elektrikare";"";"";"Náradie pre elektrikáře | PremiumStore.sk";"Náradie pre elektrikáře – veľký výber skladom, rýchle dodanie a výhodné ceny na PremiumStore.sk.";
"44328";"41697";"mechanicke-naradie";"0";"0";"";"1";"Sešívání";"Sešívání";"sesivani";"";"";"Sešívání | PremiumStore.sk";"Sešívání – veľký výber skladom, rýchle dodanie a výhodné ceny na PremiumStore.sk.";
"44715";"41697";"mechanicke-naradie";"0";"0";"";"1";"Vodo-topo";"Vodo-topo";"vodo-topo";"";"";"Vodo-topo | PremiumStore.sk";"Vodo-topo v ponuke PremiumStore.sk. Prehľadné parametre, rýchle dodanie po celom Slovensku.";
"44748";"41697";"mechanicke-naradie";"0";"0";"";"1";"Kefy";"Kefy";"kefy-2";"";"";"Mechanické náradie – Kefy | PremiumStore.sk";"Mechanické náradie – Kefy na PremiumStore.sk – overené produkty, výhodné ceny a odborné poradenstvo pri výbere.";
"44976";"41697";"mechanicke-naradie";"0";"0";"";"1";"Náradie pre ženy";"Náradie pre ženy";"naradie-pre-zeny";"";"";"Náradie pre ženy | PremiumStore.sk";"Náradie pre ženy v ponuke PremiumStore.sk. Prehľadné parametre, rýchle dodanie po celom Slovensku.";
"45261";"41697";"mechanicke-naradie";"0";"0";"";"1";"Svěrky, zveráky";"Svěrky, zveráky";"sverky--zveraky";"";"";"Svěrky, zveráky | PremiumStore.sk";"Svěrky, zveráky – nakupujte výhodne na PremiumStore.sk. Overené produkty a jasný popis parametrov.";
"41703";"41700";"noze-a-noznice";"0";"0";"";"1";"Ulamovací a zasouvací nože";"Ulamovací a zasouvací nože";"ulamovaci-a-zasouvaci-noze";"";"";"Ulamovací a zasouvací nože | PremiumStore.sk";"Ulamovací a zasouvací nože: široký sortiment a rýchle dodanie. Nájdite si ten pravý produkt na PremiumStore.sk.";
"44622";"41700";"noze-a-noznice";"0";"0";"";"1";"Ostatné nože";"Ostatné nože";"ostatne-noze";"";"";"Ostatné nože | PremiumStore.sk";"Ostatné nože – nakupujte výhodne na PremiumStore.sk. Overené produkty a jasný popis parametrov.";
"44745";"41700";"noze-a-noznice";"0";"0";"";"1";"Náhradné břity";"Náhradné břity";"nahradne-brity";"";"";"Náhradné břity | PremiumStore.sk";"Náhradné břity v ponuke PremiumStore.sk. Prehľadné parametre, rýchle dodanie po celom Slovensku.";
"41796";"41706";"spajkovacie-technika";"0";"0";"";"1";"Chémia pre pájení";"Chémia pre pájení";"chemia-pre-pajeni";"";"";"SPÁJKOVACIE TECHNIKA – Chémia pre pájení | PremiumStore.sk";"SPÁJKOVACIE TECHNIKA – Chémia pre pájení: široký sortiment a rýchle dodanie. Nájdite si ten pravý produkt na PremiumStore.sk.";
"41925";"41706";"spajkovacie-technika";"0";"0";"";"1";"Odsávačky cínu";"Odsávačky cínu";"odsavacky-cinu";"";"";"Odsávačky cínu | PremiumStore.sk";"Odsávačky cínu v ponuke PremiumStore.sk. Prehľadné parametre, rýchle dodanie po celom Slovensku.";
"42363";"41706";"spajkovacie-technika";"0";"0";"";"1";"Plynové spájkovačky";"Plynové spájkovačky";"plynove-spajkovacky";"";"";"Plynové spájkovačky | PremiumStore.sk";"Plynové spájkovačky: široký sortiment a rýchle dodanie. Nájdite si ten pravý produkt na PremiumStore.sk.";
"45726";"41706";"spajkovacie-technika";"0";"0";"";"1";"Tavné a horúcovzdušné pištole";"Tavné a horúcovzdušné pištole";"tavne-a-horucovzdusne-pistole-2";"";"";"SPÁJKOVACIE TECHNIKA – Tavné a horúcovzdušné pištole | PremiumStore.sk";"SPÁJKOVACIE TECHNIKA – Tavné a horúcovzdušné pištole na PremiumStore.sk – overené produkty, výhodné ceny a odborné poradenstvo pri výbere.";
"42195";"41715";"nabijanie";"0";"0";"";"1";"Štartovacie káble";"Štartovacie káble";"startovacie-kable";"";"";"Nabíjanie – Štartovacie káble | PremiumStore.sk";"Nabíjanie – Štartovacie káble v ponuke PremiumStore.sk. Prehľadné parametre, rýchle dodanie po celom Slovensku.";
"41754";"41748";"bojove-sporty";"0";"0";"";"1";"Tréninková lana";"Tréninková lana";"treninkova-lana";"";"";"Tréninková lana | PremiumStore.sk";"Tréninková lana – veľký výber skladom, rýchle dodanie a výhodné ceny na PremiumStore.sk.";
"43506";"41748";"bojove-sporty";"0";"0";"";"1";"Pytlovky";"Pytlovky";"pytlovky";"";"";"Pytlovky | PremiumStore.sk";"Pytlovky – nakupujte výhodne na PremiumStore.sk. Overené produkty a jasný popis parametrov.";
"43509";"41748";"bojove-sporty";"0";"0";"";"1";"Montážne prvky";"Montážne prvky";"montazne-prvky";"";"";"Montážne prvky | PremiumStore.sk";"Montážne prvky v ponuke PremiumStore.sk. Prehľadné parametre, rýchle dodanie po celom Slovensku.";
"43782";"41790";"pistole-lepici-a-horucovzdusne";"0";"0";"";"1";"Horúcovzdušné pištole";"Horúcovzdušné pištole";"horucovzdusne-pistole";"";"";"Horúcovzdušné pištole | PremiumStore.sk";"Horúcovzdušné pištole na PremiumStore.sk – overené produkty, výhodné ceny a odborné poradenstvo pri výbere.";
"45471";"41790";"pistole-lepici-a-horucovzdusne";"0";"0";"";"1";"Lepící pištole";"Lepící pištole";"lepici-pistole";"";"";"Lepící pištole | PremiumStore.sk";"Lepící pištole – veľký výber skladom, rýchle dodanie a výhodné ceny na PremiumStore.sk.";
"42525";"41826";"stavebne-a-maliarske-naradie";"0";"0";"";"1";"Pokrývačské práce";"Pokrývačské práce";"pokryvacske-prace";"";"";"Pokrývačské práce | PremiumStore.sk";"Pokrývačské práce skladom na PremiumStore.sk. Porovnajte parametre aj ceny a vyberte si presne to, čo potrebujete.";
"43695";"41826";"stavebne-a-maliarske-naradie";"0";"0";"";"1";"Přeprava";"Přeprava";"preprava";"";"";"Přeprava | PremiumStore.sk";"Přeprava – veľký výber skladom, rýchle dodanie a výhodné ceny na PremiumStore.sk.";
"44091";"41826";"stavebne-a-maliarske-naradie";"0";"0";"";"1";"Obkladačské práce";"Obkladačské práce";"obkladacske-prace";"";"";"Obkladačské práce | PremiumStore.sk";"Obkladačské práce na PremiumStore.sk – overené produkty, výhodné ceny a odborné poradenstvo pri výbere.";
"44952";"41826";"stavebne-a-maliarske-naradie";"0";"0";"";"1";"Sadrokartón";"Sadrokartón";"sadrokarton";"";"";"Sadrokartón | PremiumStore.sk";"Sadrokartón: široký sortiment a rýchle dodanie. Nájdite si ten pravý produkt na PremiumStore.sk.";
"45078";"41826";"stavebne-a-maliarske-naradie";"0";"0";"";"1";"Sťahováky";"Sťahováky";"stahovaky-4";"";"";"Stavebné a maliarske náradie – Sťahováky | PremiumStore.sk";"Stavebné a maliarske náradie – Sťahováky – veľký výber skladom, rýchle dodanie a výhodné ceny na PremiumStore.sk.";
"45255";"41826";"stavebne-a-maliarske-naradie";"0";"0";"";"1";"Truhlářské práce";"Truhlářské práce";"truhlarske-prace";"";"";"Truhlářské práce | PremiumStore.sk";"Truhlářské práce – nakupujte výhodne na PremiumStore.sk. Overené produkty a jasný popis parametrov.";
"45576";"41826";"stavebne-a-maliarske-naradie";"0";"0";"";"1";"Rudle a kolieska";"Rudle a kolieska";"rudle-a-kolieska";"";"";"Rudle a kolieska | PremiumStore.sk";"Rudle a kolieska – veľký výber skladom, rýchle dodanie a výhodné ceny na PremiumStore.sk.";
"45627";"41826";"stavebne-a-maliarske-naradie";"0";"0";"";"1";"Sponkovačky a nastreľovačky";"Sponkovačky a nastreľovačky";"sponkovacky-a-nastrelovacky";"";"";"Sponkovačky a nastreľovačky | PremiumStore.sk";"Sponkovačky a nastreľovačky – veľký výber skladom, rýchle dodanie a výhodné ceny na PremiumStore.sk.";
"45690";"41826";"stavebne-a-maliarske-naradie";"0";"0";"";"1";"Upínacie prostriedky";"Upínacie prostriedky";"upinacie-prostriedky";"";"";"Upínacie prostriedky | PremiumStore.sk";"Upínacie prostriedky na PremiumStore.sk – overené produkty, výhodné ceny a odborné poradenstvo pri výbere.";
"47955";"41826";"stavebne-a-maliarske-naradie";"0";"0";"";"1";"Těsnenie do okien a dverí";"Těsnenie do okien a dverí";"tesnenie-do-okien-a-dveri";"";"";"Těsnenie do okien a dverí | PremiumStore.sk";"Těsnenie do okien a dverí na PremiumStore.sk – overené produkty, výhodné ceny a odborné poradenstvo pri výbere.";
"41832";"41829";"potrubie";"0";"0";"";"1";"Odhrotování";"Odhrotování";"odhrotovani";"";"";"Odhrotování | PremiumStore.sk";"Odhrotování na PremiumStore.sk – overené produkty, výhodné ceny a odborné poradenstvo pri výbere.";
"44331";"41829";"potrubie";"0";"0";"";"1";"Těsnění";"Těsnění";"tesneni";"";"";"Těsnění | PremiumStore.sk";"Těsnění: široký sortiment a rýchle dodanie. Nájdite si ten pravý produkt na PremiumStore.sk.";
"44646";"41829";"potrubie";"0";"0";"";"1";"Řezáky";"Řezáky";"rezaky";"";"";"Řezáky | PremiumStore.sk";"Řezáky – veľký výber skladom, rýchle dodanie a výhodné ceny na PremiumStore.sk.";
"44970";"41829";"potrubie";"0";"0";"";"1";"Spájky na rúrky";"Spájky na rúrky";"spajky-na-rurky";"";"";"Spájky na rúrky | PremiumStore.sk";"Spájky na rúrky v ponuke PremiumStore.sk. Prehľadné parametre, rýchle dodanie po celom Slovensku.";
"45183";"41829";"potrubie";"0";"0";"";"1";"Kefy";"Kefy";"kefy-3";"";"";"Potrubie – Kefy | PremiumStore.sk";"Potrubie – Kefy v ponuke PremiumStore.sk. Prehľadné parametre, rýchle dodanie po celom Slovensku.";
"41991";"41835";"skrutkovace--bity--imbusy";"0";"0";"";"1";"Skrutkovače pre jemnou mechaniku";"Skrutkovače pre jemnou mechaniku";"skrutkovace-pre-jemnou-mechaniku";"";"";"Skrutkovače pre jemnou mechaniku | PremiumStore.sk";"Skrutkovače pre jemnou mechaniku v ponuke PremiumStore.sk. Prehľadné parametre, rýchle dodanie po celom Slovensku.";
"43968";"41835";"skrutkovace--bity--imbusy";"0";"0";"";"1";"Skrutkovače křížové";"Skrutkovače křížové";"skrutkovace-krizove";"";"";"Skrutkovače křížové | PremiumStore.sk";"Skrutkovače křížové skladom na PremiumStore.sk. Porovnajte parametre aj ceny a vyberte si presne to, čo potrebujete.";
"45507";"41835";"skrutkovace--bity--imbusy";"0";"0";"";"1";"L-klíče";"L-klíče";"l-klice";"";"";"L-klíče | PremiumStore.sk";"L-klíče skladom na PremiumStore.sk. Porovnajte parametre aj ceny a vyberte si presne to, čo potrebujete.";
"45594";"41835";"skrutkovace--bity--imbusy";"0";"0";"";"1";"Skrutkovače úderové";"Skrutkovače úderové";"skrutkovace-uderove";"";"";"Skrutkovače úderové | PremiumStore.sk";"Skrutkovače úderové – nakupujte výhodne na PremiumStore.sk. Overené produkty a jasný popis parametrov.";
"48165";"41835";"skrutkovace--bity--imbusy";"0";"0";"";"1";"Skrutkovače elektrikárske";"Skrutkovače elektrikárske";"skrutkovace-elektrikarske";"";"";"";"";
"42270";"41841";"naradie-pre-brusenie--vrtanie--rezanie-a-pilovanie";"0";"0";"";"1";"Rotačné kefy";"Rotačné kefy";"rotacne-kefy";"";"";"Rotačné kefy | PremiumStore.sk";"Rotačné kefy – veľký výber skladom, rýchle dodanie a výhodné ceny na PremiumStore.sk.";
"44109";"41841";"naradie-pre-brusenie--vrtanie--rezanie-a-pilovanie";"0";"0";"";"1";"Drátěné kefy";"Drátěné kefy";"dratene-kefy";"";"";"Drátěné kefy | PremiumStore.sk";"Drátěné kefy: široký sortiment a rýchle dodanie. Nájdite si ten pravý produkt na PremiumStore.sk.";
"44910";"41841";"naradie-pre-brusenie--vrtanie--rezanie-a-pilovanie";"0";"0";"";"1";"Pilníky";"Pilníky";"pilniky";"";"";"Pilníky | PremiumStore.sk";"Pilníky na PremiumStore.sk – overené produkty, výhodné ceny a odborné poradenstvo pri výbere.";
"45264";"41841";"naradie-pre-brusenie--vrtanie--rezanie-a-pilovanie";"0";"0";"";"1";"Píly";"Píly";"pily-3";"";"";"Náradie pre brúsenie, vŕtanie, rezanie a pilovanie – Píly";"Náradie pre brúsenie, vŕtanie, rezanie a pilovanie – Píly na PremiumStore.sk – overené produkty, výhodné ceny a odborné poradenstvo pri výbere.";
"45336";"41841";"naradie-pre-brusenie--vrtanie--rezanie-a-pilovanie";"0";"0";"";"1";"Závitníky, príslušenstvo";"Závitníky, príslušenstvo";"zavitniky--prislusenstvo";"";"";"Závitníky, príslušenstvo | PremiumStore.sk";"Závitníky, príslušenstvo na PremiumStore.sk – overené produkty, výhodné ceny a odborné poradenstvo pri výbere.";
"45684";"41841";"naradie-pre-brusenie--vrtanie--rezanie-a-pilovanie";"0";"0";"";"1";"Nožnice";"Nožnice";"noznice";"";"";"Náradie pre brúsenie, vŕtanie, rezanie a pilovanie – Nožnice";"Náradie pre brúsenie, vŕtanie, rezanie a pilovanie – Nožnice – veľký výber skladom, rýchle dodanie a výhodné ceny na PremiumStore.sk.";
"41847";"41844";"vrtaky";"0";"0";"";"1";"Vrtáky do dreva";"Vrtáky do dreva";"vrtaky-do-dreva";"";"";"Vrtáky do dreva | PremiumStore.sk";"Vrtáky do dreva na PremiumStore.sk – overené produkty, výhodné ceny a odborné poradenstvo pri výbere.";
"41850";"41844";"vrtaky";"0";"0";"";"1";"Vŕtacie korunky";"Vŕtacie korunky";"vrtacie-korunky";"";"";"Vŕtacie korunky | PremiumStore.sk";"Vŕtacie korunky – veľký výber skladom, rýchle dodanie a výhodné ceny na PremiumStore.sk.";
"43236";"41844";"vrtaky";"0";"0";"";"1";"Vrtáky na kov";"Vrtáky na kov";"vrtaky-na-kov";"";"";"Vrtáky na kov | PremiumStore.sk";"Vrtáky na kov na PremiumStore.sk – overené produkty, výhodné ceny a odborné poradenstvo pri výbere.";
"44088";"41844";"vrtaky";"0";"0";"";"1";"Vrtáky do sklá";"Vrtáky do sklá";"vrtaky-do-skla";"";"";"Vrtáky do sklá | PremiumStore.sk";"Vrtáky do sklá – nakupujte výhodne na PremiumStore.sk. Overené produkty a jasný popis parametrov.";
"45246";"41844";"vrtaky";"0";"0";"";"1";"Vrtáky do betonu";"Vrtáky do betonu";"vrtaky-do-betonu";"";"";"Vrtáky do betonu | PremiumStore.sk";"Vrtáky do betonu v ponuke PremiumStore.sk. Prehľadné parametre, rýchle dodanie po celom Slovensku.";
"45633";"41844";"vrtaky";"0";"0";"";"1";"Vykružovací vrtáky";"Vykružovací vrtáky";"vykruzovaci-vrtaky";"";"";"Vykružovací vrtáky | PremiumStore.sk";"Vykružovací vrtáky – veľký výber skladom, rýchle dodanie a výhodné ceny na PremiumStore.sk.";
"41859";"41856";"kladiva--dlata--sekery";"0";"0";"";"1";"Kladivá";"Kladivá";"kladiva";"";"";"Kladivá | PremiumStore.sk";"Kladivá – nakupujte výhodne na PremiumStore.sk. Overené produkty a jasný popis parametrov.";
"44901";"41856";"kladiva--dlata--sekery";"0";"0";"";"1";"Paličky";"Paličky";"palicky";"";"";"Paličky | PremiumStore.sk";"Paličky – veľký výber skladom, rýchle dodanie a výhodné ceny na PremiumStore.sk.";
"45243";"41856";"kladiva--dlata--sekery";"0";"0";"";"1";"Sekáče SDS";"Sekáče SDS";"sekace-sds";"";"";"Sekáče SDS | PremiumStore.sk";"Sekáče SDS v ponuke PremiumStore.sk. Prehľadné parametre, rýchle dodanie po celom Slovensku.";
"45270";"41856";"kladiva--dlata--sekery";"0";"0";"";"1";"Dláta";"Dláta";"dlata";"";"";"Dláta | PremiumStore.sk";"Dláta skladom na PremiumStore.sk. Porovnajte parametre aj ceny a vyberte si presne to, čo potrebujete.";
"48144";"41856";"kladiva--dlata--sekery";"0";"0";"";"1";"Výsečníky";"Výsečníky";"vysecniky";"";"";"";"";
"41865";"41862";"murarske-prace";"0";"0";"";"1";"Pištole na kartuše";"Pištole na kartuše";"pistole-na-kartuse";"";"";"Pištole na kartuše | PremiumStore.sk";"Pištole na kartuše – veľký výber skladom, rýchle dodanie a výhodné ceny na PremiumStore.sk.";
"44097";"41862";"murarske-prace";"0";"0";"";"1";"Špachtle, stierky";"Špachtle, stierky";"spachtle--stierky";"";"";"Špachtle, stierky | PremiumStore.sk";"Špachtle, stierky na PremiumStore.sk – overené produkty, výhodné ceny a odborné poradenstvo pri výbere.";
"44100";"41862";"murarske-prace";"0";"0";"";"1";"Hladidlá a stierky";"Hladidlá a stierky";"hladidla-a-stierky";"";"";"Hladidlá a stierky | PremiumStore.sk";"Hladidlá a stierky – veľký výber skladom, rýchle dodanie a výhodné ceny na PremiumStore.sk.";
"44961";"41862";"murarske-prace";"0";"0";"";"1";"Vedrá";"Vedrá";"vedra";"";"";"Murárske práce – Vedrá | PremiumStore.sk";"Murárske práce – Vedrá – nakupujte výhodne na PremiumStore.sk. Overené produkty a jasný popis parametrov.";
"45399";"41862";"murarske-prace";"0";"0";"";"1";"Pištole na mont. pěnu";"Pištole na mont. pěnu";"pistole-na-mont--penu";"";"";"Pištole na mont. pěnu | PremiumStore.sk";"Pištole na mont. pěnu v ponuke PremiumStore.sk. Prehľadné parametre, rýchle dodanie po celom Slovensku.";
"41871";"41868";"nastroje";"0";"0";"";"1";"Lepící pásky";"Lepící pásky";"lepici-pasky";"";"";"Lepící pásky | PremiumStore.sk";"Lepící pásky: široký sortiment a rýchle dodanie. Nájdite si ten pravý produkt na PremiumStore.sk.";
"42516";"41868";"nastroje";"0";"0";"";"1";"Lana a murárske křídy";"Lana a murárske křídy";"lana-a-murarske-kridy";"";"";"Lana a murárske křídy | PremiumStore.sk";"Lana a murárske křídy skladom na PremiumStore.sk. Porovnajte parametre aj ceny a vyberte si presne to, čo potrebujete.";
"44904";"41868";"nastroje";"0";"0";"";"1";"Dláta, sekáče";"Dláta, sekáče";"dlata--sekace";"";"";"Dláta, sekáče | PremiumStore.sk";"Dláta, sekáče skladom na PremiumStore.sk. Porovnajte parametre aj ceny a vyberte si presne to, čo potrebujete.";
"45252";"41868";"nastroje";"0";"0";"";"1";"Páčidlá";"Páčidlá";"pacidla";"";"";"Páčidlá | PremiumStore.sk";"Páčidlá skladom na PremiumStore.sk. Porovnajte parametre aj ceny a vyberte si presne to, čo potrebujete.";
"42009";"41877";"autokozmetika--chemia";"0";"0";"";"1";"Rozmrazovače";"Rozmrazovače";"rozmrazovace";"";"";"Rozmrazovače | PremiumStore.sk";"Rozmrazovače – veľký výber skladom, rýchle dodanie a výhodné ceny na PremiumStore.sk.";
"42795";"41877";"autokozmetika--chemia";"0";"0";"";"1";"Oleje, mazivá";"Oleje, mazivá";"oleje--maziva";"";"";"Oleje, mazivá | PremiumStore.sk";"Oleje, mazivá – veľký výber skladom, rýchle dodanie a výhodné ceny na PremiumStore.sk.";
"42798";"41877";"autokozmetika--chemia";"0";"0";"";"1";"Renovace";"Renovace";"renovace";"";"";"Renovace | PremiumStore.sk";"Renovace na PremiumStore.sk – overené produkty, výhodné ceny a odborné poradenstvo pri výbere.";
"41931";"41928";"zahradne-hnojiva";"0";"0";"";"1";"Krystalická hnojivá";"Krystalická hnojivá";"krystalicka-hnojiva";"";"";"Krystalická hnojivá | PremiumStore.sk";"Krystalická hnojivá – nakupujte výhodne na PremiumStore.sk. Overené produkty a jasný popis parametrov.";
"41934";"41928";"zahradne-hnojiva";"0";"0";"";"1";"Tekuté hnojivá";"Tekuté hnojivá";"tekute-hnojiva";"";"";"Tekuté hnojivá | PremiumStore.sk";"Tekuté hnojivá skladom na PremiumStore.sk. Porovnajte parametre aj ceny a vyberte si presne to, čo potrebujete.";
"41937";"41928";"zahradne-hnojiva";"0";"0";"";"1";"Organominerální hnojivá";"Organominerální hnojivá";"organomineralni-hnojiva";"";"";"Organominerální hnojivá | PremiumStore.sk";"Organominerální hnojivá: široký sortiment a rýchle dodanie. Nájdite si ten pravý produkt na PremiumStore.sk.";
"42903";"41928";"zahradne-hnojiva";"0";"0";"";"1";"Granulovaná hnojivá na záhradu";"Granulovaná hnojivá na záhradu";"granulovana-hnojiva-na-zahradu";"";"";"Granulovaná hnojivá na záhradu | PremiumStore.sk";"Granulovaná hnojivá na záhradu – veľký výber skladom, rýchle dodanie a výhodné ceny na PremiumStore.sk.";
"42930";"41928";"zahradne-hnojiva";"0";"0";"";"1";"Organická hnojivá";"Organická hnojivá";"organicka-hnojiva";"";"";"Organická hnojivá | PremiumStore.sk";"Organická hnojivá: široký sortiment a rýchle dodanie. Nájdite si ten pravý produkt na PremiumStore.sk.";
"45516";"41946";"autopotahy";"0";"0";"";"1";"Univerzálne autopotahy - dvě sedadla";"Univerzálne autopotahy - dvě sedadla";"univerzalne-autopotahy-dve-sedadla";"";"";"Univerzálne autopotahy - dvě sedadla | PremiumStore.sk";"Univerzálne autopotahy - dvě sedadla – veľký výber skladom, rýchle dodanie a výhodné ceny na PremiumStore.sk.";
"45522";"41946";"autopotahy";"0";"0";"";"1";"Opěrky hlavy";"Opěrky hlavy";"operky-hlavy";"";"";"Opěrky hlavy | PremiumStore.sk";"Opěrky hlavy – nakupujte výhodne na PremiumStore.sk. Overené produkty a jasný popis parametrov.";
"45534";"41946";"autopotahy";"0";"0";"";"1";"Univerzálne autopotahy - dodávky";"Univerzálne autopotahy - dodávky";"univerzalne-autopotahy-dodavky";"";"";"Univerzálne autopotahy - dodávky | PremiumStore.sk";"Univerzálne autopotahy - dodávky na PremiumStore.sk – overené produkty, výhodné ceny a odborné poradenstvo pri výbere.";
"45597";"41946";"autopotahy";"0";"0";"";"1";"Univerzálne autopotahy";"Univerzálne autopotahy";"univerzalne-autopotahy";"";"";"Univerzálne autopotahy | PremiumStore.sk";"Univerzálne autopotahy v ponuke PremiumStore.sk. Prehľadné parametre, rýchle dodanie po celom Slovensku.";
"44724";"41949";"kolesa";"0";"0";"";"1";"Měřiče tlaku";"Měřiče tlaku";"merice-tlaku";"";"";"Měřiče tlaku | PremiumStore.sk";"Měřiče tlaku na PremiumStore.sk – overené produkty, výhodné ceny a odborné poradenstvo pri výbere.";
"42228";"41982";"kluce-2";"0";"0";"";"1";"Momentové kľúče";"Momentové kľúče";"momentove-kluce";"";"";"Momentové kľúče | PremiumStore.sk";"Momentové kľúče skladom na PremiumStore.sk. Porovnajte parametre aj ceny a vyberte si presne to, čo potrebujete.";
"44580";"41982";"kluce-2";"0";"0";"";"1";"Nadstavce";"Nadstavce";"nadstavce";"";"";"Nadstavce | PremiumStore.sk";"Nadstavce v ponuke PremiumStore.sk. Prehľadné parametre, rýchle dodanie po celom Slovensku.";
"45033";"41982";"kluce-2";"0";"0";"";"1";"Nastaviteľné kľúče";"Nastaviteľné kľúče";"nastavitelne-kluce";"";"";"Nastaviteľné kľúče | PremiumStore.sk";"Nastaviteľné kľúče v ponuke PremiumStore.sk. Prehľadné parametre, rýchle dodanie po celom Slovensku.";
"45570";"41982";"kluce-2";"0";"0";"";"1";"Rúrkové kľúče";"Rúrkové kľúče";"rurkove-kluce";"";"";"Rúrkové kľúče | PremiumStore.sk";"Rúrkové kľúče skladom na PremiumStore.sk. Porovnajte parametre aj ceny a vyberte si presne to, čo potrebujete.";
"42039";"42036";"auto-koberce-volkswagen";"0";"0";"";"1";"Crafter";"Crafter";"crafter";"";"";"Crafter | PremiumStore.sk";"Crafter – nakupujte výhodne na PremiumStore.sk. Overené produkty a jasný popis parametrov.";
"43434";"42036";"auto-koberce-volkswagen";"0";"0";"";"1";"Amarok";"Amarok";"amarok";"";"";"Amarok | PremiumStore.sk";"Amarok v ponuke PremiumStore.sk. Prehľadné parametre, rýchle dodanie po celom Slovensku.";
"43635";"42036";"auto-koberce-volkswagen";"0";"0";"";"1";"Polo";"Polo";"polo";"";"";"Polo | PremiumStore.sk";"Polo – nakupujte výhodne na PremiumStore.sk. Overené produkty a jasný popis parametrov.";
"43644";"42036";"auto-koberce-volkswagen";"0";"0";"";"1";"Transporter";"Transporter";"transporter";"";"";"Transporter | PremiumStore.sk";"Transporter skladom na PremiumStore.sk. Porovnajte parametre aj ceny a vyberte si presne to, čo potrebujete.";
"42045";"42042";"auto-koberce-bmw";"0";"0";"";"1";"X1, X3, X4, X5, X6";"X1, X3, X4, X5, X6";"x1--x3--x4--x5--x6";"";"";"X1, X3, X4, X5, X6 | PremiumStore.sk";"X1, X3, X4, X5, X6 na PremiumStore.sk – overené produkty, výhodné ceny a odborné poradenstvo pri výbere.";
"42051";"42048";"auto-koberce-mercedes-benz";"0";"0";"";"1";"Sprinter";"Sprinter";"sprinter";"";"";"Sprinter | PremiumStore.sk";"Sprinter skladom na PremiumStore.sk. Porovnajte parametre aj ceny a vyberte si presne to, čo potrebujete.";
"44469";"42048";"auto-koberce-mercedes-benz";"0";"0";"";"1";"Třída G";"Třída G";"trida-g";"";"";"Třída G | PremiumStore.sk";"Třída G: široký sortiment a rýchle dodanie. Nájdite si ten pravý produkt na PremiumStore.sk.";
"45531";"42048";"auto-koberce-mercedes-benz";"0";"0";"";"1";"Třída C";"Třída C";"trida-c";"";"";"Třída C | PremiumStore.sk";"Třída C v ponuke PremiumStore.sk. Prehľadné parametre, rýchle dodanie po celom Slovensku.";
"45672";"42048";"auto-koberce-mercedes-benz";"0";"0";"";"1";"Třída A";"Třída A";"trida-a";"";"";"Třída A | PremiumStore.sk";"Třída A – nakupujte výhodne na PremiumStore.sk. Overené produkty a jasný popis parametrov.";
"42057";"42054";"auto-koberce-audi";"0";"0";"";"1";"Audi Q3";"Audi Q3";"audi-q3";"";"";"Audi Q3 | PremiumStore.sk";"Audi Q3 skladom na PremiumStore.sk. Porovnajte parametre aj ceny a vyberte si presne to, čo potrebujete.";
"42060";"42054";"auto-koberce-audi";"0";"0";"";"1";"Audi Q8";"Audi Q8";"audi-q8";"";"";"Audi Q8 | PremiumStore.sk";"Audi Q8 v ponuke PremiumStore.sk. Prehľadné parametre, rýchle dodanie po celom Slovensku.";
"43638";"42054";"auto-koberce-audi";"0";"0";"";"1";"Audi Q2";"Audi Q2";"audi-q2";"";"";"Audi Q2 | PremiumStore.sk";"Audi Q2 – nakupujte výhodne na PremiumStore.sk. Overené produkty a jasný popis parametrov.";
"42066";"42063";"auto-koberce-jeep";"0";"0";"";"1";"Cherokee";"Cherokee";"cherokee";"";"";"Cherokee | PremiumStore.sk";"Cherokee na PremiumStore.sk – overené produkty, výhodné ceny a odborné poradenstvo pri výbere.";
"45618";"42063";"auto-koberce-jeep";"0";"0";"";"1";"Liberty";"Liberty";"liberty";"";"";"Liberty | PremiumStore.sk";"Liberty – veľký výber skladom, rýchle dodanie a výhodné ceny na PremiumStore.sk.";
"42426";"42099";"ventilacne-technika";"0";"0";"";"1";"Pre rackové skrine";"Pre rackové skrine";"pre-rackove-skrine";"";"";"Pre rackové skrine | PremiumStore.sk";"Pre rackové skrine skladom na PremiumStore.sk. Porovnajte parametre aj ceny a vyberte si presne to, čo potrebujete.";
"42429";"42099";"ventilacne-technika";"0";"0";"";"1";"Pokojové rekuperační jednotky";"Pokojové rekuperační jednotky";"pokojove-rekuperacni-jednotky";"";"";"Pokojové rekuperační jednotky | PremiumStore.sk";"Pokojové rekuperační jednotky skladom na PremiumStore.sk. Porovnajte parametre aj ceny a vyberte si presne to, čo potrebujete.";
"44175";"42099";"ventilacne-technika";"0";"0";"";"1";"Talířové ventily a difuzéry";"Talířové ventily a difuzéry";"talirove-ventily-a-difuzery";"";"";"Talířové ventily a difuzéry | PremiumStore.sk";"Talířové ventily a difuzéry na PremiumStore.sk – overené produkty, výhodné ceny a odborné poradenstvo pri výbere.";
"44553";"42099";"ventilacne-technika";"0";"0";"";"1";"Osoušeče rukou";"Osoušeče rukou";"osousece-rukou";"";"";"Osoušeče rukou | PremiumStore.sk";"Osoušeče rukou – veľký výber skladom, rýchle dodanie a výhodné ceny na PremiumStore.sk.";
"45156";"42099";"ventilacne-technika";"0";"0";"";"1";"Krbové ventilátory";"Krbové ventilátory";"krbove-ventilatory";"";"";"Krbové ventilátory | PremiumStore.sk";"Krbové ventilátory – nakupujte výhodne na PremiumStore.sk. Overené produkty a jasný popis parametrov.";
"42105";"42102";"vzduchovody";"0";"0";"";"1";"Flexipotrubí kruhové";"Flexipotrubí kruhové";"flexipotrubi-kruhove";"";"";"Flexipotrubí kruhové | PremiumStore.sk";"Flexipotrubí kruhové – nakupujte výhodne na PremiumStore.sk. Overené produkty a jasný popis parametrov.";
"42909";"42102";"vzduchovody";"0";"0";"";"1";"Kovové potrubie";"Kovové potrubie";"kovove-potrubie";"";"";"Kovové potrubie | PremiumStore.sk";"Kovové potrubie na PremiumStore.sk – overené produkty, výhodné ceny a odborné poradenstvo pri výbere.";
"44997";"42102";"vzduchovody";"0";"0";"";"1";"Flexipotrubí ploché";"Flexipotrubí ploché";"flexipotrubi-ploche";"";"";"Flexipotrubí ploché | PremiumStore.sk";"Flexipotrubí ploché: široký sortiment a rýchle dodanie. Nájdite si ten pravý produkt na PremiumStore.sk.";
"45600";"42102";"vzduchovody";"0";"0";"";"1";"Ohebné potrubie - POLYVENT";"Ohebné potrubie - POLYVENT";"ohebne-potrubie-polyvent";"";"";"Ohebné potrubie - POLYVENT | PremiumStore.sk";"Ohebné potrubie - POLYVENT skladom na PremiumStore.sk. Porovnajte parametre aj ceny a vyberte si presne to, čo potrebujete.";
"42129";"42126";"odpudzovace-a-lapace-hmyzu";"0";"0";"";"1";"Odpudzovače a lapače hmyzu";"Odpudzovače a lapače hmyzu";"odpudzovace-a-lapace-hmyzu-2";"";"";"Odpudzovače a lapače hmyzu – Odpudzovače a lapače hmyzu";"Odpudzovače a lapače hmyzu – Odpudzovače a lapače hmyzu skladom na PremiumStore.sk. Porovnajte parametre aj ceny a vyberte si presne to, čo potrebujete.";
"42747";"42126";"odpudzovace-a-lapace-hmyzu";"0";"0";"";"1";"Odpudzovače ptáků";"Odpudzovače ptáků";"odpudzovace-ptaku";"";"";"Odpudzovače ptáků | PremiumStore.sk";"Odpudzovače ptáků – veľký výber skladom, rýchle dodanie a výhodné ceny na PremiumStore.sk.";
"42840";"42126";"odpudzovace-a-lapace-hmyzu";"0";"0";"";"1";"Odpudzovače a lapače slimáků";"Odpudzovače a lapače slimáků";"odpudzovace-a-lapace-slimaku";"";"";"Odpudzovače a lapače slimáků | PremiumStore.sk";"Odpudzovače a lapače slimáků na PremiumStore.sk – overené produkty, výhodné ceny a odborné poradenstvo pri výbere.";
"45012";"42126";"odpudzovace-a-lapace-hmyzu";"0";"0";"";"1";"Odpudzovače psů, mačiek a zvěře";"Odpudzovače psů, mačiek a zvěře";"odpudzovace-psu--maciek-a-zvere";"";"";"Odpudzovače psů, mačiek a zvěře | PremiumStore.sk";"Odpudzovače psů, mačiek a zvěře – veľký výber skladom, rýchle dodanie a výhodné ceny na PremiumStore.sk.";
"44316";"42138";"podvozek";"0";"0";"";"1";"Ostatné";"Ostatné";"ostatne-8";"";"";"Podvozek – Ostatné | PremiumStore.sk";"Podvozek – Ostatné na PremiumStore.sk – overené produkty, výhodné ceny a odborné poradenstvo pri výbere.";
"44391";"42141";"hevaky-a-zdvihaky";"0";"0";"";"1";"Náhradné diely k heverům";"Náhradné diely k heverům";"nahradne-diely-k-heverum";"";"";"Náhradné diely k heverům | PremiumStore.sk";"Náhradné diely k heverům – nakupujte výhodne na PremiumStore.sk. Overené produkty a jasný popis parametrov.";
"44010";"42150";"domove-ventilatory";"0";"0";"";"1";"Ventilátory do koupelny/WC - do potrubie";"Ventilátory do koupelny/WC - do potrubie";"ventilatory-do-koupelny-wc-do-potrubie";"";"";"Ventilátory do koupelny/WC - do potrubie | PremiumStore.sk";"Ventilátory do koupelny/WC - do potrubie na PremiumStore.sk – overené produkty, výhodné ceny a odborné poradenstvo pri výbere.";
"42156";"42153";"ventilatory-podla-typove-rady-vents";"0";"0";"";"1";"Ventilátory - typ VKO";"Ventilátory - typ VKO";"ventilatory-typ-vko";"";"";"Ventilátory - typ VKO | PremiumStore.sk";"Ventilátory - typ VKO v ponuke PremiumStore.sk. Prehľadné parametre, rýchle dodanie po celom Slovensku.";
"43980";"42153";"ventilatory-podla-typove-rady-vents";"0";"0";"";"1";"Ventilátory - typ QUIET";"Ventilátory - typ QUIET";"ventilatory-typ-quiet";"";"";"Ventilátory - typ QUIET | PremiumStore.sk";"Ventilátory - typ QUIET na PremiumStore.sk – overené produkty, výhodné ceny a odborné poradenstvo pri výbere.";
"45108";"42153";"ventilatory-podla-typove-rady-vents";"0";"0";"";"1";"Ventilátory - typ PF";"Ventilátory - typ PF";"ventilatory-typ-pf";"";"";"Ventilátory - typ PF | PremiumStore.sk";"Ventilátory - typ PF: široký sortiment a rýchle dodanie. Nájdite si ten pravý produkt na PremiumStore.sk.";
"45153";"42153";"ventilatory-podla-typove-rady-vents";"0";"0";"";"1";"Ventilátory - typ QUIETLINE";"Ventilátory - typ QUIETLINE";"ventilatory-typ-quietline";"";"";"Ventilátory - typ QUIETLINE | PremiumStore.sk";"Ventilátory - typ QUIETLINE na PremiumStore.sk – overené produkty, výhodné ceny a odborné poradenstvo pri výbere.";
"45201";"42153";"ventilatory-podla-typove-rady-vents";"0";"0";"";"1";"Ventilátory - typ CF";"Ventilátory - typ CF";"ventilatory-typ-cf";"";"";"Ventilátory - typ CF | PremiumStore.sk";"Ventilátory - typ CF skladom na PremiumStore.sk. Porovnajte parametre aj ceny a vyberte si presne to, čo potrebujete.";
"45330";"42153";"ventilatory-podla-typove-rady-vents";"0";"0";"";"1";"Ventilátory - typ VKOk";"Ventilátory - typ VKOk";"ventilatory-typ-vkok";"";"";"Ventilátory - typ VKOk | PremiumStore.sk";"Ventilátory - typ VKOk v ponuke PremiumStore.sk. Prehľadné parametre, rýchle dodanie po celom Slovensku.";
"45372";"42153";"ventilatory-podla-typove-rady-vents";"0";"0";"";"1";"Ventilátory - typ VN";"Ventilátory - typ VN";"ventilatory-typ-vn";"";"";"Ventilátory - typ VN | PremiumStore.sk";"Ventilátory - typ VN v ponuke PremiumStore.sk. Prehľadné parametre, rýchle dodanie po celom Slovensku.";
"45438";"42153";"ventilatory-podla-typove-rady-vents";"0";"0";"";"1";"Ventilátory - typ VVR";"Ventilátory - typ VVR";"ventilatory-typ-vvr";"";"";"Ventilátory - typ VVR | PremiumStore.sk";"Ventilátory - typ VVR skladom na PremiumStore.sk. Porovnajte parametre aj ceny a vyberte si presne to, čo potrebujete.";
"45753";"42153";"ventilatory-podla-typove-rady-vents";"0";"0";"";"1";"Ventilátory - typ MAO1";"Ventilátory - typ MAO1";"ventilatory-typ-mao1";"";"";"Ventilátory - typ MAO1 | PremiumStore.sk";"Ventilátory - typ MAO1 na PremiumStore.sk – overené produkty, výhodné ceny a odborné poradenstvo pri výbere.";
"42162";"42159";"preprava-a-skladovani";"0";"0";"";"1";"Organizéry";"Organizéry";"organizery";"";"";"Přeprava a skladování – Organizéry | PremiumStore.sk";"Přeprava a skladování – Organizéry v ponuke PremiumStore.sk. Prehľadné parametre, rýchle dodanie po celom Slovensku.";
"45645";"42159";"preprava-a-skladovani";"0";"0";"";"1";"Magnetické pořadače a lišty";"Magnetické pořadače a lišty";"magneticke-poradace-a-listy";"";"";"Magnetické pořadače a lišty | PremiumStore.sk";"Magnetické pořadače a lišty – veľký výber skladom, rýchle dodanie a výhodné ceny na PremiumStore.sk.";
"43749";"42183";"drobne-naradie-a-prislusenstvo";"0";"0";"";"1";"Zámky";"Zámky";"zamky";"";"";"Zámky | PremiumStore.sk";"Zámky na PremiumStore.sk – overené produkty, výhodné ceny a odborné poradenstvo pri výbere.";
"44430";"42183";"drobne-naradie-a-prislusenstvo";"0";"0";"";"1";"Podložky a krúžky";"Podložky a krúžky";"podlozky-a-kruzky";"";"";"Podložky a krúžky | PremiumStore.sk";"Podložky a krúžky: široký sortiment a rýchle dodanie. Nájdite si ten pravý produkt na PremiumStore.sk.";
"45072";"42183";"drobne-naradie-a-prislusenstvo";"0";"0";"";"1";"Razidlá";"Razidlá";"razidla";"";"";"Razidlá | PremiumStore.sk";"Razidlá skladom na PremiumStore.sk. Porovnajte parametre aj ceny a vyberte si presne to, čo potrebujete.";
"43380";"42201";"motor";"0";"0";"";"1";"Prípravky";"Prípravky";"pripravky";"";"";"Prípravky | PremiumStore.sk";"Prípravky na PremiumStore.sk – overené produkty, výhodné ceny a odborné poradenstvo pri výbere.";
"43065";"42204";"olej";"0";"0";"";"1";"Olejové vany";"Olejové vany";"olejove-vany";"";"";"Olejové vany | PremiumStore.sk";"Olejové vany – nakupujte výhodne na PremiumStore.sk. Overené produkty a jasný popis parametrov.";
"45027";"42204";"olej";"0";"0";"";"1";"Olejničky a maznice";"Olejničky a maznice";"olejnicky-a-maznice";"";"";"Olejničky a maznice | PremiumStore.sk";"Olejničky a maznice na PremiumStore.sk – overené produkty, výhodné ceny a odborné poradenstvo pri výbere.";
"42282";"42279";"pneumaticke-naradie";"0";"0";"";"1";"Príslušenstvo k pneu náradie";"Príslušenstvo k pneu náradie";"prislusenstvo-k-pneu-naradie";"";"";"Príslušenstvo k pneu náradie | PremiumStore.sk";"Príslušenstvo k pneu náradie – nakupujte výhodne na PremiumStore.sk. Overené produkty a jasný popis parametrov.";
"44190";"42279";"pneumaticke-naradie";"0";"0";"";"1";"Rázové uťahováky";"Rázové uťahováky";"razove-utahovaky";"";"";"Pneumatické náradie – Rázové uťahováky | PremiumStore.sk";"Pneumatické náradie – Rázové uťahováky – nakupujte výhodne na PremiumStore.sk. Overené produkty a jasný popis parametrov.";
"44739";"42279";"pneumaticke-naradie";"0";"0";"";"1";"Pištole";"Pištole";"pistole";"";"";"Pištole | PremiumStore.sk";"Pištole skladom na PremiumStore.sk. Porovnajte parametre aj ceny a vyberte si presne to, čo potrebujete.";
"42285";"42282";"prislusenstvo-k-pneu-naradie";"0";"0";"";"1";"Rýchlospojky";"Rýchlospojky";"rychlospojky";"";"";"Rýchlospojky | PremiumStore.sk";"Rýchlospojky v ponuke PremiumStore.sk. Prehľadné parametre, rýchle dodanie po celom Slovensku.";
"42807";"42282";"prislusenstvo-k-pneu-naradie";"0";"0";"";"1";"Hadice";"Hadice";"hadice";"";"";"Príslušenstvo k pneu náradie – Hadice | PremiumStore.sk";"Príslušenstvo k pneu náradie – Hadice na PremiumStore.sk – overené produkty, výhodné ceny a odborné poradenstvo pri výbere.";
"42309";"42306";"plysove-hracky";"0";"0";"";"1";"Plyšáky ostatné";"Plyšáky ostatné";"plysaky-ostatne";"";"";"Plyšáky ostatné | PremiumStore.sk";"Plyšáky ostatné – veľký výber skladom, rýchle dodanie a výhodné ceny na PremiumStore.sk.";
"42339";"42324";"elektromery-a-spinacie-technika";"0";"0";"";"1";"Schodišťové automaty";"Schodišťové automaty";"schodistove-automaty";"";"";"Schodišťové automaty | PremiumStore.sk";"Schodišťové automaty: široký sortiment a rýchle dodanie. Nájdite si ten pravý produkt na PremiumStore.sk.";
"42414";"42324";"elektromery-a-spinacie-technika";"0";"0";"";"1";"Impulzní spínače";"Impulzní spínače";"impulzni-spinace";"";"";"Impulzní spínače | PremiumStore.sk";"Impulzní spínače – nakupujte výhodne na PremiumStore.sk. Overené produkty a jasný popis parametrov.";
"43653";"42324";"elektromery-a-spinacie-technika";"0";"0";"";"1";"Zásuvkové elektromery";"Zásuvkové elektromery";"zasuvkove-elektromery";"";"";"Zásuvkové elektromery | PremiumStore.sk";"Zásuvkové elektromery skladom na PremiumStore.sk. Porovnajte parametre aj ceny a vyberte si presne to, čo potrebujete.";
"45219";"42324";"elektromery-a-spinacie-technika";"0";"0";"";"1";"Hladinvé spínače";"Hladinvé spínače";"hladinve-spinace";"";"";"Hladinvé spínače | PremiumStore.sk";"Hladinvé spínače v ponuke PremiumStore.sk. Prehľadné parametre, rýchle dodanie po celom Slovensku.";
"44142";"42333";"spinacie-zasuvky";"0";"0";"";"1";"Smart zásuvky";"Smart zásuvky";"smart-zasuvky";"";"";"Smart zásuvky | PremiumStore.sk";"Smart zásuvky: široký sortiment a rýchle dodanie. Nájdite si ten pravý produkt na PremiumStore.sk.";
"42345";"42342";"kablove-gelove-spojky";"0";"0";"";"1";"Káblové gelové spojky PAGURO IP68";"Káblové gelové spojky PAGURO IP68";"kablove-gelove-spojky-paguro-ip68";"";"";"Káblové gelové spojky PAGURO IP68 | PremiumStore.sk";"Káblové gelové spojky PAGURO IP68 na PremiumStore.sk – overené produkty, výhodné ceny a odborné poradenstvo pri výbere.";
"43107";"42342";"kablove-gelove-spojky";"0";"0";"";"1";"Jednosložkové vyplňovací gély";"Jednosložkové vyplňovací gély";"jednoslozkove-vyplnovaci-gely";"";"";"Jednosložkové vyplňovací gély | PremiumStore.sk";"Jednosložkové vyplňovací gély – veľký výber skladom, rýchle dodanie a výhodné ceny na PremiumStore.sk.";
"43320";"42342";"kablove-gelove-spojky";"0";"0";"";"1";"Protahovací gély na káble";"Protahovací gély na káble";"protahovaci-gely-na-kable";"";"";"Protahovací gély na káble | PremiumStore.sk";"Protahovací gély na káble v ponuke PremiumStore.sk. Prehľadné parametre, rýchle dodanie po celom Slovensku.";
"43677";"42342";"kablove-gelove-spojky";"0";"0";"";"1";"Káblové gelové spojky LEDJOY IP68";"Káblové gelové spojky LEDJOY IP68";"kablove-gelove-spojky-ledjoy-ip68";"";"";"Káblové gelové spojky LEDJOY IP68 | PremiumStore.sk";"Káblové gelové spojky LEDJOY IP68 skladom na PremiumStore.sk. Porovnajte parametre aj ceny a vyberte si presne to, čo potrebujete.";
"43680";"42342";"kablove-gelove-spojky";"0";"0";"";"1";"Káblové spojky SHARK IP68";"Káblové spojky SHARK IP68";"kablove-spojky-shark-ip68";"";"";"Káblové spojky SHARK IP68 | PremiumStore.sk";"Káblové spojky SHARK IP68: široký sortiment a rýchle dodanie. Nájdite si ten pravý produkt na PremiumStore.sk.";
"43734";"42342";"kablove-gelove-spojky";"0";"0";"";"1";"Ochranné gelové krabičky";"Ochranné gelové krabičky";"ochranne-gelove-krabicky";"";"";"Ochranné gelové krabičky | PremiumStore.sk";"Ochranné gelové krabičky na PremiumStore.sk – overené produkty, výhodné ceny a odborné poradenstvo pri výbere.";
"44895";"42342";"kablove-gelove-spojky";"0";"0";"";"1";"Príslušenstvo pre káblové gelové spojky";"Príslušenstvo pre káblové gelové spojky";"prislusenstvo-pre-kablove-gelove-spojky";"";"";"Príslušenstvo pre káblové gelové spojky | PremiumStore.sk";"Príslušenstvo pre káblové gelové spojky skladom na PremiumStore.sk. Porovnajte parametre aj ceny a vyberte si presne to, čo potrebujete.";
"42408";"42405";"prislusenstvo-k-ventilatorum";"0";"0";"";"1";"Časová, doběhová relé";"Časová, doběhová relé";"casova--dobehova-rele";"";"";"Časová, doběhová relé | PremiumStore.sk";"Časová, doběhová relé na PremiumStore.sk – overené produkty, výhodné ceny a odborné poradenstvo pri výbere.";
"43764";"42405";"prislusenstvo-k-ventilatorum";"0";"0";"";"1";"Zpětné klapky, filtračné boxy";"Zpětné klapky, filtračné boxy";"zpetne-klapky--filtracne-boxy";"";"";"Zpětné klapky, filtračné boxy | PremiumStore.sk";"Zpětné klapky, filtračné boxy: široký sortiment a rýchle dodanie. Nájdite si ten pravý produkt na PremiumStore.sk.";
"45174";"42519";"nytovani";"0";"0";"";"1";"Nitovacie matice";"Nitovacie matice";"nitovacie-matice";"";"";"Nitovacie matice | PremiumStore.sk";"Nitovacie matice v ponuke PremiumStore.sk. Prehľadné parametre, rýchle dodanie po celom Slovensku.";
"45177";"42519";"nytovani";"0";"0";"";"1";"Nitovacie kliešte";"Nitovacie kliešte";"nitovacie-klieste";"";"";"Nitovacie kliešte | PremiumStore.sk";"Nitovacie kliešte: široký sortiment a rýchle dodanie. Nájdite si ten pravý produkt na PremiumStore.sk.";
"42528";"42525";"pokryvacske-prace";"0";"0";"";"1";"Spájky, horáky";"Spájky, horáky";"spajky--horaky";"";"";"Spájky, horáky | PremiumStore.sk";"Spájky, horáky – veľký výber skladom, rýchle dodanie a výhodné ceny na PremiumStore.sk.";
"42534";"42531";"sanitarna-technika";"0";"0";"";"1";"Sprchové hadice";"Sprchové hadice";"sprchove-hadice";"";"";"Sprchové hadice | PremiumStore.sk";"Sprchové hadice – nakupujte výhodne na PremiumStore.sk. Overené produkty a jasný popis parametrov.";
"42537";"42531";"sanitarna-technika";"0";"0";"";"1";"Sprchové hlavice";"Sprchové hlavice";"sprchove-hlavice";"";"";"Sprchové hlavice | PremiumStore.sk";"Sprchové hlavice – nakupujte výhodne na PremiumStore.sk. Overené produkty a jasný popis parametrov.";
"43095";"42531";"sanitarna-technika";"0";"0";"";"1";"Dávkovače mydlá";"Dávkovače mydlá";"davkovace-mydla";"";"";"Dávkovače mydlá | PremiumStore.sk";"Dávkovače mydlá skladom na PremiumStore.sk. Porovnajte parametre aj ceny a vyberte si presne to, čo potrebujete.";
"42546";"42543";"cerpadla-2";"0";"0";"";"1";"Palivová a olejová čerpadlá";"Palivová a olejová čerpadlá";"palivova-a-olejova-cerpadla";"";"";"Palivová a olejová čerpadlá | PremiumStore.sk";"Palivová a olejová čerpadlá – nakupujte výhodne na PremiumStore.sk. Overené produkty a jasný popis parametrov.";
"43674";"42552";"klieste";"0";"0";"";"1";"Kliešte ploché";"Kliešte ploché";"klieste-ploche";"";"";"Kliešte ploché | PremiumStore.sk";"Kliešte ploché – nakupujte výhodne na PremiumStore.sk. Overené produkty a jasný popis parametrov.";
"43860";"42552";"klieste";"0";"0";"";"1";"Kliešte špeciálne";"Kliešte špeciálne";"klieste-specialne";"";"";"Kliešte špeciálne | PremiumStore.sk";"Kliešte špeciálne – nakupujte výhodne na PremiumStore.sk. Overené produkty a jasný popis parametrov.";
"44544";"42552";"klieste";"0";"0";"";"1";"Kliešte lisovací";"Kliešte lisovací";"klieste-lisovaci";"";"";"Kliešte lisovací | PremiumStore.sk";"Kliešte lisovací skladom na PremiumStore.sk. Porovnajte parametre aj ceny a vyberte si presne to, čo potrebujete.";
"44649";"42552";"klieste";"0";"0";"";"1";"Kliešte konektorové";"Kliešte konektorové";"klieste-konektorove";"";"";"Kliešte konektorové | PremiumStore.sk";"Kliešte konektorové na PremiumStore.sk – overené produkty, výhodné ceny a odborné poradenstvo pri výbere.";
"44700";"42552";"klieste";"0";"0";"";"1";"Kliešte štiepacie";"Kliešte štiepacie";"klieste-stiepacie";"";"";"Kliešte štiepacie | PremiumStore.sk";"Kliešte štiepacie skladom na PremiumStore.sk. Porovnajte parametre aj ceny a vyberte si presne to, čo potrebujete.";
"44811";"42552";"klieste";"0";"0";"";"1";"Kliešte kombinované";"Kliešte kombinované";"klieste-kombinovane";"";"";"Kliešte kombinované | PremiumStore.sk";"Kliešte kombinované na PremiumStore.sk – overené produkty, výhodné ceny a odborné poradenstvo pri výbere.";
"45390";"42552";"klieste";"0";"0";"";"1";"Kliešte seeger";"Kliešte seeger";"klieste-seeger";"";"";"Kliešte seeger | PremiumStore.sk";"Kliešte seeger – nakupujte výhodne na PremiumStore.sk. Overené produkty a jasný popis parametrov.";
"45468";"42552";"klieste";"0";"0";"";"1";"Kliešte SIKO";"Kliešte SIKO";"klieste-siko";"";"";"Kliešte SIKO | PremiumStore.sk";"Kliešte SIKO: široký sortiment a rýchle dodanie. Nájdite si ten pravý produkt na PremiumStore.sk.";
"45750";"42552";"klieste";"0";"0";"";"1";"Nožnice na plech";"Nožnice na plech";"noznice-na-plech-2";"";"";"Kliešte – Nožnice na plech | PremiumStore.sk";"Kliešte – Nožnice na plech: široký sortiment a rýchle dodanie. Nájdite si ten pravý produkt na PremiumStore.sk.";
"42561";"42558";"solarne-panely";"0";"0";"";"1";"Prenosné a skládací";"Prenosné a skládací";"prenosne-a-skladaci";"";"";"Prenosné a skládací | PremiumStore.sk";"Prenosné a skládací na PremiumStore.sk – overené produkty, výhodné ceny a odborné poradenstvo pri výbere.";
"44388";"42558";"solarne-panely";"0";"0";"";"1";"Monokrystalické s rámem";"Monokrystalické s rámem";"monokrystalicke-s-ramem";"";"";"Monokrystalické s rámem | PremiumStore.sk";"Monokrystalické s rámem v ponuke PremiumStore.sk. Prehľadné parametre, rýchle dodanie po celom Slovensku.";
"43557";"42570";"sportovni-vybavenie";"0";"0";"";"1";"Sportovní okuliare";"Sportovní okuliare";"sportovni-okuliare";"";"";"Sportovní okuliare | PremiumStore.sk";"Sportovní okuliare skladom na PremiumStore.sk. Porovnajte parametre aj ceny a vyberte si presne to, čo potrebujete.";
"43737";"42570";"sportovni-vybavenie";"0";"0";"";"1";"Vodné športy, hračky do vody";"Vodné športy, hračky do vody";"vodne-sporty--hracky-do-vody";"";"";"Vodné športy, hračky do vody | PremiumStore.sk";"Vodné športy, hračky do vody v ponuke PremiumStore.sk. Prehľadné parametre, rýchle dodanie po celom Slovensku.";
"44862";"42570";"sportovni-vybavenie";"0";"0";"";"1";"Hoverboardy";"Hoverboardy";"hoverboardy";"";"";"Hoverboardy | PremiumStore.sk";"Hoverboardy skladom na PremiumStore.sk. Porovnajte parametre aj ceny a vyberte si presne to, čo potrebujete.";
"45099";"42570";"sportovni-vybavenie";"0";"0";"";"1";"Bazény a vířivky";"Bazény a vířivky";"bazeny-a-virivky";"";"";"Bazény a vířivky | PremiumStore.sk";"Bazény a vířivky na PremiumStore.sk – overené produkty, výhodné ceny a odborné poradenstvo pri výbere.";
"48123";"42570";"sportovni-vybavenie";"0";"0";"";"1";"Odražedla";"Odražedla";"odrazedla";"";"";"";"";
"42576";"42573";"raketove-sporty";"0";"0";"";"1";"Badminton";"Badminton";"badminton";"";"";"Badminton | PremiumStore.sk";"Badminton na PremiumStore.sk – overené produkty, výhodné ceny a odborné poradenstvo pri výbere.";
"42996";"42597";"pristrojove-prepojovacie-svorky";"0";"0";"";"1";"Tvar konektoru ""vidlička""";"Tvar konektoru ""vidlička""";"tvar-konektoru--vidlicka";"";"";"Tvar konektoru ""vidlička"" | PremiumStore.sk";"Tvar konektoru ""vidlička"" – veľký výber skladom, rýchle dodanie a výhodné ceny na PremiumStore.sk.";
"42621";"42618";"hodiny-a-budiky-2";"0";"0";"";"1";"Budíky";"Budíky";"budiky";"";"";"Hodiny a budíky – Budíky | PremiumStore.sk";"Hodiny a budíky – Budíky na PremiumStore.sk – overené produkty, výhodné ceny a odborné poradenstvo pri výbere.";
"43911";"42618";"hodiny-a-budiky-2";"0";"0";"";"1";"Hodiny";"Hodiny";"hodiny";"";"";"Hodiny a budíky – Hodiny | PremiumStore.sk";"Hodiny a budíky – Hodiny: široký sortiment a rýchle dodanie. Nájdite si ten pravý produkt na PremiumStore.sk.";
"44508";"42618";"hodiny-a-budiky-2";"0";"0";"";"1";"Časovače, minútky";"Časovače, minútky";"casovace--minutky";"";"";"Hodiny a budíky – Časovače, minútky | PremiumStore.sk";"Hodiny a budíky – Časovače, minútky skladom na PremiumStore.sk. Porovnajte parametre aj ceny a vyberte si presne to, čo potrebujete.";
"42672";"42669";"kufre-a-organizery-na-naradie";"0";"0";"";"1";"Kufre na náradie";"Kufre na náradie";"kufre-na-naradie";"";"";"Kufre na náradie | PremiumStore.sk";"Kufre na náradie na PremiumStore.sk – overené produkty, výhodné ceny a odborné poradenstvo pri výbere.";
"45030";"42669";"kufre-a-organizery-na-naradie";"0";"0";"";"1";"Kapsáře na náradie";"Kapsáře na náradie";"kapsare-na-naradie";"";"";"Kapsáře na náradie | PremiumStore.sk";"Kapsáře na náradie na PremiumStore.sk – overené produkty, výhodné ceny a odborné poradenstvo pri výbere.";
"45075";"42669";"kufre-a-organizery-na-naradie";"0";"0";"";"1";"Organizéry na náradie";"Organizéry na náradie";"organizery-na-naradie";"";"";"Organizéry na náradie | PremiumStore.sk";"Organizéry na náradie – veľký výber skladom, rýchle dodanie a výhodné ceny na PremiumStore.sk.";
"44409";"42753";"kamery-4v1";"0";"0";"";"1";"5.0 Mpix.";"5.0 Mpix.";"5-0-mpix-2";"";"";"KAMERY 4v1 – 5.0 Mpix. | PremiumStore.sk";"KAMERY 4v1 – 5.0 Mpix.: široký sortiment a rýchle dodanie. Nájdite si ten pravý produkt na PremiumStore.sk.";
"44511";"42753";"kamery-4v1";"0";"0";"";"1";"4.0 Mpix.";"4.0 Mpix.";"4-0-mpix-2";"";"";"KAMERY 4v1 – 4.0 Mpix. | PremiumStore.sk";"KAMERY 4v1 – 4.0 Mpix. – nakupujte výhodne na PremiumStore.sk. Overené produkty a jasný popis parametrov.";
"45699";"42753";"kamery-4v1";"0";"0";"";"1";"8.0 Mpix. (4K)";"8.0 Mpix. (4K)";"8-0-mpix-4k-2";"";"";"KAMERY 4v1 – 8.0 Mpix. (4K) | PremiumStore.sk";"KAMERY 4v1 – 8.0 Mpix. (4K) skladom na PremiumStore.sk. Porovnajte parametre aj ceny a vyberte si presne to, čo potrebujete.";
"42804";"42801";"priemyselne-zdroje";"0";"0";"";"1";"12v";"12v";"12v-2";"";"";"Priemyselné zdroje – 12v | PremiumStore.sk";"Priemyselné zdroje – 12v – veľký výber skladom, rýchle dodanie a výhodné ceny na PremiumStore.sk.";
"44868";"42801";"priemyselne-zdroje";"0";"0";"";"1";"24v";"24v";"24v-2";"";"";"Priemyselné zdroje – 24v | PremiumStore.sk";"Priemyselné zdroje – 24v skladom na PremiumStore.sk. Porovnajte parametre aj ceny a vyberte si presne to, čo potrebujete.";
"42819";"42816";"osviezovace-vzduchu";"0";"0";"";"1";"Různé";"Různé";"ruzne";"";"";"Různé | PremiumStore.sk";"Různé v ponuke PremiumStore.sk. Prehľadné parametre, rýchle dodanie po celom Slovensku.";
"44307";"42816";"osviezovace-vzduchu";"0";"0";"";"1";"Vône CAR CITY";"Vône CAR CITY";"vone-car-city";"";"";"Vône CAR CITY | PremiumStore.sk";"Vône CAR CITY na PremiumStore.sk – overené produkty, výhodné ceny a odborné poradenstvo pri výbere.";
"44313";"42816";"osviezovace-vzduchu";"0";"0";"";"1";"Vône FRESH POINT";"Vône FRESH POINT";"vone-fresh-point";"";"";"Vône FRESH POINT | PremiumStore.sk";"Vône FRESH POINT na PremiumStore.sk – overené produkty, výhodné ceny a odborné poradenstvo pri výbere.";
"44427";"42816";"osviezovace-vzduchu";"0";"0";"";"1";"Vône AROMA CAR";"Vône AROMA CAR";"vone-aroma-car";"";"";"Vône AROMA CAR | PremiumStore.sk";"Vône AROMA CAR – nakupujte výhodne na PremiumStore.sk. Overené produkty a jasný popis parametrov.";
"44487";"42816";"osviezovace-vzduchu";"0";"0";"";"1";"Vône INTENSO";"Vône INTENSO";"vone-intenso";"";"";"Vône INTENSO | PremiumStore.sk";"Vône INTENSO: široký sortiment a rýchle dodanie. Nájdite si ten pravý produkt na PremiumStore.sk.";
"44493";"42816";"osviezovace-vzduchu";"0";"0";"";"1";"Vône CITY";"Vône CITY";"vone-city";"";"";"Vône CITY | PremiumStore.sk";"Vône CITY na PremiumStore.sk – overené produkty, výhodné ceny a odborné poradenstvo pri výbere.";
"45591";"42816";"osviezovace-vzduchu";"0";"0";"";"1";"Vône LUCKY TOP";"Vône LUCKY TOP";"vone-lucky-top";"";"";"Vône LUCKY TOP | PremiumStore.sk";"Vône LUCKY TOP: široký sortiment a rýchle dodanie. Nájdite si ten pravý produkt na PremiumStore.sk.";
"42828";"42825";"ip-sietove-videorekordery--nvr";"0";"0";"";"1";"8 kanálů";"8 kanálů";"8-kanalu";"";"";"IP sieťové videorekordéry (NVR) – 8 kanálů | PremiumStore.sk";"IP sieťové videorekordéry (NVR) – 8 kanálů v ponuke PremiumStore.sk. Prehľadné parametre, rýchle dodanie po celom Slovensku.";
"43182";"42825";"ip-sietove-videorekordery--nvr";"0";"0";"";"1";"64 kanálů";"64 kanálů";"64-kanalu";"";"";"64 kanálů | PremiumStore.sk";"64 kanálů – veľký výber skladom, rýchle dodanie a výhodné ceny na PremiumStore.sk.";
"43707";"42825";"ip-sietove-videorekordery--nvr";"0";"0";"";"1";"4 kanály";"4 kanály";"4-kanaly-2";"";"";"IP sieťové videorekordéry (NVR) – 4 kanály | PremiumStore.sk";"IP sieťové videorekordéry (NVR) – 4 kanály – veľký výber skladom, rýchle dodanie a výhodné ceny na PremiumStore.sk.";
"44838";"42825";"ip-sietove-videorekordery--nvr";"0";"0";"";"1";"16 kanálů";"16 kanálů";"16-kanalu";"";"";"IP sieťové videorekordéry (NVR) – 16 kanálů | PremiumStore.sk";"IP sieťové videorekordéry (NVR) – 16 kanálů na PremiumStore.sk – overené produkty, výhodné ceny a odborné poradenstvo pri výbere.";
"48087";"42825";"ip-sietove-videorekordery--nvr";"0";"0";"";"1";"32 kanálů";"32 kanálů";"32-kanalu";"";"";"";"";
"42849";"42846";"mikroskopy";"0";"0";"";"1";"Digitálne fotoaparáty";"Digitálne fotoaparáty";"digitalne-fotoaparaty";"";"";"Mikroskopy – Digitálne fotoaparáty | PremiumStore.sk";"Mikroskopy – Digitálne fotoaparáty – veľký výber skladom, rýchle dodanie a výhodné ceny na PremiumStore.sk.";
"44769";"42846";"mikroskopy";"0";"0";"";"1";"Príslušenstvo";"Príslušenstvo";"prislusenstvo-16";"";"";"Mikroskopy – Príslušenstvo | PremiumStore.sk";"Mikroskopy – Príslušenstvo v ponuke PremiumStore.sk. Prehľadné parametre, rýchle dodanie po celom Slovensku.";
"44772";"42846";"mikroskopy";"0";"0";"";"1";"LCD displej / PC monitor";"LCD displej / PC monitor";"lcd-displej-pc-monitor";"";"";"LCD displej / PC monitor | PremiumStore.sk";"LCD displej / PC monitor v ponuke PremiumStore.sk. Prehľadné parametre, rýchle dodanie po celom Slovensku.";
"45729";"42846";"mikroskopy";"0";"0";"";"1";"Monokulární";"Monokulární";"monokularni-2";"";"";"Mikroskopy – Monokulární | PremiumStore.sk";"Mikroskopy – Monokulární: široký sortiment a rýchle dodanie. Nájdite si ten pravý produkt na PremiumStore.sk.";
"42867";"42864";"aretace";"0";"0";"";"1";"Alfa Romeo";"Alfa Romeo";"alfa-romeo";"";"";"Alfa Romeo | PremiumStore.sk";"Alfa Romeo skladom na PremiumStore.sk. Porovnajte parametre aj ceny a vyberte si presne to, čo potrebujete.";
"43119";"42864";"aretace";"0";"0";"";"1";"Volkswagen";"Volkswagen";"volkswagen";"";"";"Volkswagen | PremiumStore.sk";"Volkswagen skladom na PremiumStore.sk. Porovnajte parametre aj ceny a vyberte si presne to, čo potrebujete.";
"43125";"42864";"aretace";"0";"0";"";"1";"Fiat";"Fiat";"fiat";"";"";"Fiat | PremiumStore.sk";"Fiat – nakupujte výhodne na PremiumStore.sk. Overené produkty a jasný popis parametrov.";
"43131";"42864";"aretace";"0";"0";"";"1";"Ford";"Ford";"ford";"";"";"Ford | PremiumStore.sk";"Ford: široký sortiment a rýchle dodanie. Nájdite si ten pravý produkt na PremiumStore.sk.";
"43140";"42864";"aretace";"0";"0";"";"1";"Chevrolet";"Chevrolet";"chevrolet";"";"";"Chevrolet | PremiumStore.sk";"Chevrolet na PremiumStore.sk – overené produkty, výhodné ceny a odborné poradenstvo pri výbere.";
"43686";"42864";"aretace";"0";"0";"";"1";"Škoda";"Škoda";"skoda";"";"";"Škoda | PremiumStore.sk";"Škoda: široký sortiment a rýchle dodanie. Nájdite si ten pravý produkt na PremiumStore.sk.";
"43689";"42864";"aretace";"0";"0";"";"1";"Seat";"Seat";"seat";"";"";"Seat | PremiumStore.sk";"Seat skladom na PremiumStore.sk. Porovnajte parametre aj ceny a vyberte si presne to, čo potrebujete.";
"44259";"42864";"aretace";"0";"0";"";"1";"Chrysler";"Chrysler";"chrysler";"";"";"Chrysler | PremiumStore.sk";"Chrysler v ponuke PremiumStore.sk. Prehľadné parametre, rýchle dodanie po celom Slovensku.";
"44298";"42864";"aretace";"0";"0";"";"1";"Citroën";"Citroën";"citroen";"";"";"Citroën | PremiumStore.sk";"Citroën – veľký výber skladom, rýchle dodanie a výhodné ceny na PremiumStore.sk.";
"44490";"42864";"aretace";"0";"0";"";"1";"Lancia";"Lancia";"lancia";"";"";"Lancia | PremiumStore.sk";"Lancia na PremiumStore.sk – overené produkty, výhodné ceny a odborné poradenstvo pri výbere.";
"44709";"42864";"aretace";"0";"0";"";"1";"Volvo";"Volvo";"volvo";"";"";"Volvo | PremiumStore.sk";"Volvo – veľký výber skladom, rýchle dodanie a výhodné ceny na PremiumStore.sk.";
"45342";"42864";"aretace";"0";"0";"";"1";"Nissan";"Nissan";"nissan";"";"";"Nissan | PremiumStore.sk";"Nissan na PremiumStore.sk – overené produkty, výhodné ceny a odborné poradenstvo pri výbere.";
"45345";"42864";"aretace";"0";"0";"";"1";"Land Rover";"Land Rover";"land-rover";"";"";"Land Rover | PremiumStore.sk";"Land Rover v ponuke PremiumStore.sk. Prehľadné parametre, rýchle dodanie po celom Slovensku.";
"45738";"42864";"aretace";"0";"0";"";"1";"Renault";"Renault";"renault";"";"";"Renault | PremiumStore.sk";"Renault – veľký výber skladom, rýchle dodanie a výhodné ceny na PremiumStore.sk.";
"44265";"42879";"zdravotni-potreby";"0";"0";"";"1";"Rehabilitační rotopedy";"Rehabilitační rotopedy";"rehabilitacni-rotopedy";"";"";"Rehabilitační rotopedy | PremiumStore.sk";"Rehabilitační rotopedy skladom na PremiumStore.sk. Porovnajte parametre aj ceny a vyberte si presne to, čo potrebujete.";
"45555";"42879";"zdravotni-potreby";"0";"0";"";"1";"Detské opatrovateľky (chůvičky)";"Detské opatrovateľky (chůvičky)";"detske-opatrovatelky--chuvicky-2";"";"";"Zdravotní potreby – Detské opatrovateľky (chůvičky) | PremiumStore.sk";"Zdravotní potreby – Detské opatrovateľky (chůvičky) – veľký výber skladom, rýchle dodanie a výhodné ceny na PremiumStore.sk.";
"42888";"42885";"kablove-prichytky-a-drziaky";"0";"0";"";"1";"Káblové příchytky";"Káblové příchytky";"kablove-prichytky";"";"";"Káblové příchytky a držiaky – Káblové příchytky | PremiumStore.sk";"Káblové příchytky a držiaky – Káblové příchytky v ponuke PremiumStore.sk. Prehľadné parametre, rýchle dodanie po celom Slovensku.";
"47970";"42885";"kablove-prichytky-a-drziaky";"0";"0";"";"1";"Páskové hmoždinky";"Páskové hmoždinky";"paskove-hmozdinky";"";"";"Páskové hmoždinky | PremiumStore.sk";"Páskové hmoždinky v ponuke PremiumStore.sk. Prehľadné parametre, rýchle dodanie po celom Slovensku.";
"44523";"42894";"svorky-a-svorkovnice";"0";"0";"";"1";"WAGO svorky";"WAGO svorky";"wago-svorky";"";"";"WAGO svorky | PremiumStore.sk";"WAGO svorky – nakupujte výhodne na PremiumStore.sk. Overené produkty a jasný popis parametrov.";
"43062";"42897";"solarne-zostavy";"0";"0";"";"1";"Zostavy pre ostrovní systémy (OFF-GRID)";"Zostavy pre ostrovní systémy (OFF-GRID)";"zostavy-pre-ostrovni-systemy--off-grid-";"";"";"Zostavy pre ostrovní systémy (OFF-GRID) | PremiumStore.sk";"Zostavy pre ostrovní systémy (OFF-GRID): široký sortiment a rýchle dodanie. Nájdite si ten pravý produkt na PremiumStore.sk.";
"45105";"42912";"ohebne-potrubie-alu";"0";"0";"";"1";"Príslušenstvo pre ohebné potrubie - ALU";"Príslušenstvo pre ohebné potrubie - ALU";"prislusenstvo-pre-ohebne-potrubie-alu";"";"";"Príslušenstvo pre ohebné potrubie - ALU | PremiumStore.sk";"Príslušenstvo pre ohebné potrubie - ALU v ponuke PremiumStore.sk. Prehľadné parametre, rýchle dodanie po celom Slovensku.";
"44076";"42924";"napajacie-zdroje-2";"0";"0";"";"1";"Zdroje pre LED pásky";"Zdroje pre LED pásky";"zdroje-pre-led-pasky";"";"";"Zdroje pre LED pásky | PremiumStore.sk";"Zdroje pre LED pásky v ponuke PremiumStore.sk. Prehľadné parametre, rýchle dodanie po celom Slovensku.";
"45654";"42924";"napajacie-zdroje-2";"0";"0";"";"1";"Adaptéry pre notebooky";"Adaptéry pre notebooky";"adaptery-pre-notebooky";"";"";"Adaptéry pre notebooky | PremiumStore.sk";"Adaptéry pre notebooky – veľký výber skladom, rýchle dodanie a výhodné ceny na PremiumStore.sk.";
"47739";"42924";"napajacie-zdroje-2";"0";"0";"";"1";"Nabíjačky notebookov";"Nabíjačky notebookov";"nabijacky-notebookov";"";"";"Nabíjačky notebookov | PremiumStore.sk";"Nabíjačky notebookov v ponuke PremiumStore.sk. Prehľadné parametre, rýchle dodanie po celom Slovensku.";
"47832";"42924";"napajacie-zdroje-2";"0";"0";"";"1";"Sieťové adaptéry";"Sieťové adaptéry";"sietove-adaptery";"";"";"Sieťové adaptéry | PremiumStore.sk";"Sieťové adaptéry – nakupujte výhodne na PremiumStore.sk. Overené produkty a jasný popis parametrov.";
"47841";"42924";"napajacie-zdroje-2";"0";"0";"";"1";"Nabíjačky batérií";"Nabíjačky batérií";"nabijacky-baterii-2";"";"";"Napájacie zdroje – Nabíjačky batérií | PremiumStore.sk";"Napájacie zdroje – Nabíjačky batérií: široký sortiment a rýchle dodanie. Nájdite si ten pravý produkt na PremiumStore.sk.";
"47910";"42924";"napajacie-zdroje-2";"0";"0";"";"1";"Pre mobily a tablety";"Pre mobily a tablety";"pre-mobily-a-tablety";"";"";"Pre mobily a tablety | PremiumStore.sk";"Pre mobily a tablety skladom na PremiumStore.sk. Porovnajte parametre aj ceny a vyberte si presne to, čo potrebujete.";
"47916";"42924";"napajacie-zdroje-2";"0";"0";"";"1";"Powerbanky";"Powerbanky";"powerbanky-5";"";"";"Napájacie zdroje – Powerbanky | PremiumStore.sk";"Napájacie zdroje – Powerbanky – nakupujte výhodne na PremiumStore.sk. Overené produkty a jasný popis parametrov.";
"48186";"42924";"napajacie-zdroje-2";"0";"0";"";"1";"Adaptéry cestovné";"Adaptéry cestovné";"adaptery-cestovne";"";"";"";"";
"45120";"43017";"poistky--pojistkove-drziaky";"0";"0";"";"1";"Pojistková puzdrá a držiaky";"Pojistková puzdrá a držiaky";"pojistkova-puzdra-a-drziaky";"";"";"Pojistková puzdrá a držiaky | PremiumStore.sk";"Pojistková puzdrá a držiaky skladom na PremiumStore.sk. Porovnajte parametre aj ceny a vyberte si presne to, čo potrebujete.";
"43203";"43077";"rurky-a-chranicky";"0";"0";"";"1";"Plastové rúrky";"Plastové rúrky";"plastove-rurky";"";"";"Plastové rúrky | PremiumStore.sk";"Plastové rúrky na PremiumStore.sk – overené produkty, výhodné ceny a odborné poradenstvo pri výbere.";
"43101";"43098";"detske-hudebni-nastroje";"0";"0";"";"1";"Sady";"Sady";"sady";"";"";"Sady | PremiumStore.sk";"Sady skladom na PremiumStore.sk. Porovnajte parametre aj ceny a vyberte si presne to, čo potrebujete.";
"44472";"43104";"hudebni-nastroje";"0";"0";"";"1";"Digitálne piana";"Digitálne piana";"digitalne-piana";"";"";"Digitálne piana | PremiumStore.sk";"Digitálne piana: široký sortiment a rýchle dodanie. Nájdite si ten pravý produkt na PremiumStore.sk.";
"43314";"43143";"elektroinstalacny-krabice";"0";"0";"";"1";"Krabice do SDK (sádrokartonu)";"Krabice do SDK (sádrokartonu)";"krabice-do-sdk--sadrokartonu";"";"";"Krabice do SDK (sádrokartonu) | PremiumStore.sk";"Krabice do SDK (sádrokartonu) skladom na PremiumStore.sk. Porovnajte parametre aj ceny a vyberte si presne to, čo potrebujete.";
"45291";"43143";"elektroinstalacny-krabice";"0";"0";"";"1";"Krabice do zateplených fasád";"Krabice do zateplených fasád";"krabice-do-zateplenych-fasad";"";"";"Krabice do zateplených fasád | PremiumStore.sk";"Krabice do zateplených fasád: široký sortiment a rýchle dodanie. Nájdite si ten pravý produkt na PremiumStore.sk.";
"43155";"43152";"termostaty";"0";"0";"";"1";"Příložné";"Příložné";"prilozne";"";"";"Příložné | PremiumStore.sk";"Příložné na PremiumStore.sk – overené produkty, výhodné ceny a odborné poradenstvo pri výbere.";
"44676";"43152";"termostaty";"0";"0";"";"1";"Termostatické hlavice";"Termostatické hlavice";"termostaticke-hlavice";"";"";"Termostaty – Termostatické hlavice | PremiumStore.sk";"Termostaty – Termostatické hlavice: široký sortiment a rýchle dodanie. Nájdite si ten pravý produkt na PremiumStore.sk.";
"43227";"43224";"kancelaria-a-skola";"0";"0";"";"1";"Trezory";"Trezory";"trezory";"";"";"Trezory | PremiumStore.sk";"Trezory na PremiumStore.sk – overené produkty, výhodné ceny a odborné poradenstvo pri výbere.";
"45309";"43224";"kancelaria-a-skola";"0";"0";"";"1";"Pokladny";"Pokladny";"pokladny";"";"";"Pokladny | PremiumStore.sk";"Pokladny skladom na PremiumStore.sk. Porovnajte parametre aj ceny a vyberte si presne to, čo potrebujete.";
"45585";"43224";"kancelaria-a-skola";"0";"0";"";"1";"Skartovače";"Skartovače";"skartovace";"";"";"Skartovače | PremiumStore.sk";"Skartovače – veľký výber skladom, rýchle dodanie a výhodné ceny na PremiumStore.sk.";
"45744";"43224";"kancelaria-a-skola";"0";"0";"";"1";"Obalový materiál";"Obalový materiál";"obalovy-material";"";"";"Obalový materiál | PremiumStore.sk";"Obalový materiál skladom na PremiumStore.sk. Porovnajte parametre aj ceny a vyberte si presne to, čo potrebujete.";
"44535";"43287";"podstavce";"0";"0";"";"1";"Príslušenstvo k podstavcům";"Príslušenstvo k podstavcům";"prislusenstvo-k-podstavcum";"";"";"Príslušenstvo k podstavcům | PremiumStore.sk";"Príslušenstvo k podstavcům na PremiumStore.sk – overené produkty, výhodné ceny a odborné poradenstvo pri výbere.";
"43299";"43296";"zahradne-noznice-2";"0";"0";"";"1";"Pákové nožnice";"Pákové nožnice";"pakove-noznice";"";"";"Pákové nožnice | PremiumStore.sk";"Pákové nožnice na PremiumStore.sk – overené produkty, výhodné ceny a odborné poradenstvo pri výbere.";
"44928";"43296";"zahradne-noznice-2";"0";"0";"";"1";"Záhradné nožnice";"Záhradné nožnice";"zahradne-noznice-3";"";"";"Záhradné nožnice – Záhradné nožnice | PremiumStore.sk";"Záhradné nožnice – Záhradné nožnice na PremiumStore.sk – overené produkty, výhodné ceny a odborné poradenstvo pri výbere.";
"44367";"43383";"komponenty-pre-svietidla";"0";"0";"";"1";"Tlumivky, předřadníky, zapalovače";"Tlumivky, předřadníky, zapalovače";"tlumivky--predradniky--zapalovace";"";"";"Tlumivky, předřadníky, zapalovače | PremiumStore.sk";"Tlumivky, předřadníky, zapalovače – nakupujte výhodne na PremiumStore.sk. Overené produkty a jasný popis parametrov.";
"45582";"43383";"komponenty-pre-svietidla";"0";"0";"";"1";"LED světelné zdroje";"LED světelné zdroje";"led-svetelne-zdroje";"";"";"LED světelné zdroje | PremiumStore.sk";"LED světelné zdroje: široký sortiment a rýchle dodanie. Nájdite si ten pravý produkt na PremiumStore.sk.";
"44943";"43386";"svorky-pre-prumyslova-svietidla";"0";"0";"";"1";"Svorky - SLK 5";"Svorky - SLK 5";"svorky-slk-5";"";"";"Svorky - SLK 5 | PremiumStore.sk";"Svorky - SLK 5 na PremiumStore.sk – overené produkty, výhodné ceny a odborné poradenstvo pri výbere.";
"43392";"43389";"svorky-slk-3";"0";"0";"";"1";"3-pólové svorky - SLK 3/3";"3-pólové svorky - SLK 3/3";"3-polove-svorky-slk-3-3";"";"";"3-pólové svorky - SLK 3/3 | PremiumStore.sk";"3-pólové svorky - SLK 3/3 – veľký výber skladom, rýchle dodanie a výhodné ceny na PremiumStore.sk.";
"44358";"43389";"svorky-slk-3";"0";"0";"";"1";"2-pólové svorky - SLK 3/2";"2-pólové svorky - SLK 3/2";"2-polove-svorky-slk-3-2";"";"";"2-pólové svorky - SLK 3/2 | PremiumStore.sk";"2-pólové svorky - SLK 3/2: široký sortiment a rýchle dodanie. Nájdite si ten pravý produkt na PremiumStore.sk.";
"44361";"43389";"svorky-slk-3";"0";"0";"";"1";"4-pólové svorky - SLK 3/4";"4-pólové svorky - SLK 3/4";"4-polove-svorky-slk-3-4";"";"";"4-pólové svorky - SLK 3/4 | PremiumStore.sk";"4-pólové svorky - SLK 3/4 – veľký výber skladom, rýchle dodanie a výhodné ceny na PremiumStore.sk.";
"47973";"43389";"svorky-slk-3";"0";"0";"";"1";"5-pólové svorky - SLK 3/5";"5-pólové svorky - SLK 3/5";"5-polove-svorky-slk-3-5";"";"";"5-pólové svorky - SLK 3/5 | PremiumStore.sk";"5-pólové svorky - SLK 3/5 – nakupujte výhodne na PremiumStore.sk. Overené produkty a jasný popis parametrov.";
"43398";"43395";"svitidlove-spinace--kolebkove";"0";"0";"";"1";"Spínače šňůrové - průchozí";"Spínače šňůrové - průchozí";"spinace-snurove-pruchozi";"";"";"Spínače šňůrové - průchozí | PremiumStore.sk";"Spínače šňůrové - průchozí na PremiumStore.sk – overené produkty, výhodné ceny a odborné poradenstvo pri výbere.";
"43407";"43395";"svitidlove-spinace--kolebkove";"0";"0";"";"1";"Spínače šňůrové - s flexi kabelem";"Spínače šňůrové - s flexi kabelem";"spinace-snurove-s-flexi-kabelem";"";"";"Spínače šňůrové - s flexi kabelem | PremiumStore.sk";"Spínače šňůrové - s flexi kabelem na PremiumStore.sk – overené produkty, výhodné ceny a odborné poradenstvo pri výbere.";
"44364";"43395";"svitidlove-spinace--kolebkove";"0";"0";"";"1";"Spínače šňůrové - nožní";"Spínače šňůrové - nožní";"spinace-snurove-nozni";"";"";"Spínače šňůrové - nožní | PremiumStore.sk";"Spínače šňůrové - nožní – nakupujte výhodne na PremiumStore.sk. Overené produkty a jasný popis parametrov.";
"43404";"43401";"objimky";"0";"0";"";"1";"Príslušenstvo k objímkám";"Príslušenstvo k objímkám";"prislusenstvo-k-objimkam";"";"";"Príslušenstvo k objímkám | PremiumStore.sk";"Príslušenstvo k objímkám – nakupujte výhodne na PremiumStore.sk. Overené produkty a jasný popis parametrov.";
"47976";"43401";"objimky";"0";"0";"";"1";"Plastové objímky E14";"Plastové objímky E14";"plastove-objimky-e14";"";"";"Plastové objímky E14 | PremiumStore.sk";"Plastové objímky E14 – veľký výber skladom, rýchle dodanie a výhodné ceny na PremiumStore.sk.";
"43440";"43437";"auto-koberce-renault";"0";"0";"";"1";"Duster";"Duster";"duster";"";"";"Duster | PremiumStore.sk";"Duster – nakupujte výhodne na PremiumStore.sk. Overené produkty a jasný popis parametrov.";
"43617";"43437";"auto-koberce-renault";"0";"0";"";"1";"Symbol";"Symbol";"symbol";"";"";"Symbol | PremiumStore.sk";"Symbol na PremiumStore.sk – overené produkty, výhodné ceny a odborné poradenstvo pri výbere.";
"43446";"43443";"auto-koberce-nissan";"0";"0";"";"1";"Pathfinder";"Pathfinder";"pathfinder";"";"";"Pathfinder | PremiumStore.sk";"Pathfinder – nakupujte výhodne na PremiumStore.sk. Overené produkty a jasný popis parametrov.";
"43452";"43449";"auto-koberce-dacia";"0";"0";"";"1";"Dokker";"Dokker";"dokker";"";"";"Dokker | PremiumStore.sk";"Dokker – nakupujte výhodne na PremiumStore.sk. Overené produkty a jasný popis parametrov.";
"43458";"43455";"auto-koberce-opel";"0";"0";"";"1";"Zafira";"Zafira";"zafira";"";"";"Zafira | PremiumStore.sk";"Zafira – veľký výber skladom, rýchle dodanie a výhodné ceny na PremiumStore.sk.";
"47646";"43476";"led-reflektory";"0";"0";"";"1";"Reflektory so senzorom";"Reflektory so senzorom";"reflektory-so-senzorom";"";"";"Reflektory so senzorom | PremiumStore.sk";"Reflektory so senzorom – nakupujte výhodne na PremiumStore.sk. Overené produkty a jasný popis parametrov.";
"43515";"43512";"nabijacky-baterii";"0";"0";"";"1";"Autonabíjačky";"Autonabíjačky";"autonabijacky";"";"";"Autonabíjačky | PremiumStore.sk";"Autonabíjačky – nakupujte výhodne na PremiumStore.sk. Overené produkty a jasný popis parametrov.";
"43527";"43524";"ventilatory-do-koupelny-wc-s-dobehem--casovac-";"0";"0";"";"1";"Pre průměr potrubie 100 mm";"Pre průměr potrubie 100 mm";"pre-prumer-potrubie-100-mm";"";"";"Ventilátory do koupelny/WC - s doběhem (časovač) – Pre průměr potrubie 100 mm";"Ventilátory do koupelny/WC - s doběhem (časovač) – Pre průměr potrubie 100 mm – veľký výber skladom, rýchle dodanie a výhodné ceny na PremiumStore.sk.";
"44007";"43524";"ventilatory-do-koupelny-wc-s-dobehem--casovac-";"0";"0";"";"1";"Pre průměr potrubie 150 mm";"Pre průměr potrubie 150 mm";"pre-prumer-potrubie-150-mm";"";"";"Ventilátory do koupelny/WC - s doběhem (časovač) – Pre průměr potrubie 150 mm";"Ventilátory do koupelny/WC - s doběhem (časovač) – Pre průměr potrubie 150 mm – veľký výber skladom, rýchle dodanie a výhodné ceny na PremiumStore.sk.";
"45498";"43524";"ventilatory-do-koupelny-wc-s-dobehem--casovac-";"0";"0";"";"1";"Pre průměr potrubie 125 mm";"Pre průměr potrubie 125 mm";"pre-prumer-potrubie-125-mm-3";"";"";"Ventilátory do koupelny/WC - s doběhem (časovač) – Pre průměr potrubie 125 mm";"Ventilátory do koupelny/WC - s doběhem (časovač) – Pre průměr potrubie 125 mm – veľký výber skladom, rýchle dodanie a výhodné ceny na PremiumStore.sk.";
"44685";"43539";"trenazery";"0";"0";"";"1";"Spinningová kolesá";"Spinningová kolesá";"spinningova-kolesa";"";"";"Spinningová kolesá | PremiumStore.sk";"Spinningová kolesá skladom na PremiumStore.sk. Porovnajte parametre aj ceny a vyberte si presne to, čo potrebujete.";
"48147";"43539";"trenazery";"0";"0";"";"1";"Veslařské trenažéry";"Veslařské trenažéry";"veslarske-trenazery";"";"";"";"";
"43569";"43566";"hdcvi-a-5v1-videorekordery";"0";"0";"";"1";"4 kanály";"4 kanály";"4-kanaly";"";"";"HDCVI a 5v1 videorekordéry – 4 kanály | PremiumStore.sk";"HDCVI a 5v1 videorekordéry – 4 kanály v ponuke PremiumStore.sk. Prehľadné parametre, rýchle dodanie po celom Slovensku.";
"44967";"43566";"hdcvi-a-5v1-videorekordery";"0";"0";"";"1";"8 kanálů";"8 kanálů";"8-kanalu-2";"";"";"HDCVI a 5v1 videorekordéry – 8 kanálů | PremiumStore.sk";"HDCVI a 5v1 videorekordéry – 8 kanálů – veľký výber skladom, rýchle dodanie a výhodné ceny na PremiumStore.sk.";
"45711";"43566";"hdcvi-a-5v1-videorekordery";"0";"0";"";"1";"16 kanálů";"16 kanálů";"16-kanalu-2";"";"";"HDCVI a 5v1 videorekordéry – 16 kanálů | PremiumStore.sk";"HDCVI a 5v1 videorekordéry – 16 kanálů na PremiumStore.sk – overené produkty, výhodné ceny a odborné poradenstvo pri výbere.";
"43578";"43575";"kotuce-rezacie--pilove--brusne";"0";"0";"";"1";"Kotúče lamelové na stopce";"Kotúče lamelové na stopce";"kotuce-lamelove-na-stopce";"";"";"Kotúče lamelové na stopce | PremiumStore.sk";"Kotúče lamelové na stopce: široký sortiment a rýchle dodanie. Nájdite si ten pravý produkt na PremiumStore.sk.";
"43965";"43575";"kotuce-rezacie--pilove--brusne";"0";"0";"";"1";"Kotúče brúsne diamantové";"Kotúče brúsne diamantové";"kotuce-brusne-diamantove";"";"";"Kotúče brúsne diamantové | PremiumStore.sk";"Kotúče brúsne diamantové – nakupujte výhodne na PremiumStore.sk. Overené produkty a jasný popis parametrov.";
"44112";"43575";"kotuce-rezacie--pilove--brusne";"0";"0";"";"1";"Kotúče brúsne";"Kotúče brúsne";"kotuce-brusne";"";"";"Kotúče brúsne | PremiumStore.sk";"Kotúče brúsne – nakupujte výhodne na PremiumStore.sk. Overené produkty a jasný popis parametrov.";
"44814";"43575";"kotuce-rezacie--pilove--brusne";"0";"0";"";"1";"Kotúče rezacie diamantové";"Kotúče rezacie diamantové";"kotuce-rezacie-diamantove";"";"";"Kotúče rezacie diamantové | PremiumStore.sk";"Kotúče rezacie diamantové v ponuke PremiumStore.sk. Prehľadné parametre, rýchle dodanie po celom Slovensku.";
"43623";"43620";"auto-koberce-hyundai";"0";"0";"";"1";"Santa Fe";"Santa Fe";"santa-fe";"";"";"Santa Fe | PremiumStore.sk";"Santa Fe – nakupujte výhodne na PremiumStore.sk. Overené produkty a jasný popis parametrov.";
"43722";"43620";"auto-koberce-hyundai";"0";"0";"";"1";"Sonata";"Sonata";"sonata";"";"";"Sonata | PremiumStore.sk";"Sonata v ponuke PremiumStore.sk. Prehľadné parametre, rýchle dodanie po celom Slovensku.";
"43632";"43629";"auto-koberce-peugeot";"0";"0";"";"1";"Boxer";"Boxer";"boxer";"";"";"Boxer | PremiumStore.sk";"Boxer – nakupujte výhodne na PremiumStore.sk. Overené produkty a jasný popis parametrov.";
"43641";"43629";"auto-koberce-peugeot";"0";"0";"";"1";"408";"408";"408";"";"";"408 | PremiumStore.sk";"408 – veľký výber skladom, rýchle dodanie a výhodné ceny na PremiumStore.sk.";
"43698";"43695";"preprava";"0";"0";"";"1";"Madla na sklo";"Madla na sklo";"madla-na-sklo";"";"";"Madla na sklo | PremiumStore.sk";"Madla na sklo na PremiumStore.sk – overené produkty, výhodné ceny a odborné poradenstvo pri výbere.";
"43728";"43725";"nosice-bicyklov";"0";"0";"";"1";"Príslušenstvo";"Príslušenstvo";"prislusenstvo-11";"";"";"Nosiče kol – Príslušenstvo | PremiumStore.sk";"Nosiče kol – Príslušenstvo na PremiumStore.sk – overené produkty, výhodné ceny a odborné poradenstvo pri výbere.";
"43800";"43725";"nosice-bicyklov";"0";"0";"";"1";"Příčné nosníky";"Příčné nosníky";"pricne-nosniky";"";"";"Příčné nosníky | PremiumStore.sk";"Příčné nosníky na PremiumStore.sk – overené produkty, výhodné ceny a odborné poradenstvo pri výbere.";
"44631";"43725";"nosice-bicyklov";"0";"0";"";"1";"Nosiče na tažné zariadenie";"Nosiče na tažné zariadenie";"nosice-na-tazne-zariadenie";"";"";"Nosiče na tažné zariadenie | PremiumStore.sk";"Nosiče na tažné zariadenie v ponuke PremiumStore.sk. Prehľadné parametre, rýchle dodanie po celom Slovensku.";
"45189";"43725";"nosice-bicyklov";"0";"0";"";"1";"Střešní nosiče";"Střešní nosiče";"stresni-nosice";"";"";"Střešní nosiče | PremiumStore.sk";"Střešní nosiče: široký sortiment a rýchle dodanie. Nájdite si ten pravý produkt na PremiumStore.sk.";
"45315";"43755";"zvieratka--farmy";"0";"0";"";"1";"Zvieratká";"Zvieratká";"zvieratka";"";"";"Zvieratká | PremiumStore.sk";"Zvieratká – nakupujte výhodne na PremiumStore.sk. Overené produkty a jasný popis parametrov.";
"44268";"43770";"doplnky-do-domacnosti";"0";"0";"";"1";"Sušiaky na bielizeň";"Sušiaky na bielizeň";"susiaky-na-bielizen-2";"";"";"Doplnky do domácnosti – Sušiaky na bielizeň | PremiumStore.sk";"Doplnky do domácnosti – Sušiaky na bielizeň na PremiumStore.sk – overené produkty, výhodné ceny a odborné poradenstvo pri výbere.";
"45504";"43770";"doplnky-do-domacnosti";"0";"0";"";"1";"Koše na bielizeň";"Koše na bielizeň";"kose-na-bielizen";"";"";"Koše na bielizeň | PremiumStore.sk";"Koše na bielizeň – veľký výber skladom, rýchle dodanie a výhodné ceny na PremiumStore.sk.";
"43833";"43830";"pily";"0";"0";"";"1";"Lišty, reťaze, pilníky";"Lišty, reťaze, pilníky";"listy--retaze--pilniky";"";"";"Lišty, reťaze, pilníky | PremiumStore.sk";"Lišty, reťaze, pilníky v ponuke PremiumStore.sk. Prehľadné parametre, rýchle dodanie po celom Slovensku.";
"43836";"43833";"listy--retaze--pilniky";"0";"0";"";"1";"Lišty";"Lišty";"listy";"";"";"Lišty | PremiumStore.sk";"Lišty: široký sortiment a rýchle dodanie. Nájdite si ten pravý produkt na PremiumStore.sk.";
"43842";"43839";"pily-2";"0";"0";"";"1";"Píly reťazové";"Píly reťazové";"pily-retazove";"";"";"Píly reťazové | PremiumStore.sk";"Píly reťazové skladom na PremiumStore.sk. Porovnajte parametre aj ceny a vyberte si presne to, čo potrebujete.";
"45273";"43839";"pily-2";"0";"0";"";"1";"Píly priamočiare";"Píly priamočiare";"pily-priamociare";"";"";"Píly priamočiare | PremiumStore.sk";"Píly priamočiare v ponuke PremiumStore.sk. Prehľadné parametre, rýchle dodanie po celom Slovensku.";
"43902";"43899";"nimh-nabijacie-akumulatory";"0";"0";"";"1";"Sub-C";"Sub-C";"sub-c";"";"";"Sub-C | PremiumStore.sk";"Sub-C skladom na PremiumStore.sk. Porovnajte parametre aj ceny a vyberte si presne to, čo potrebujete.";
"44883";"43899";"nimh-nabijacie-akumulatory";"0";"0";"";"1";"AAA mikrotužkové";"AAA mikrotužkové";"aaa-mikrotuzkove-2";"";"";"NiMh nabíjacie akumulátory – AAA mikrotužkové | PremiumStore.sk";"NiMh nabíjacie akumulátory – AAA mikrotužkové skladom na PremiumStore.sk. Porovnajte parametre aj ceny a vyberte si presne to, čo potrebujete.";
"43926";"43923";"kuchynske-pomocky";"0";"0";"";"1";"Ostatné kuchynské pomôcky";"Ostatné kuchynské pomôcky";"ostatne-kuchynske-pomocky";"";"";"Ostatné kuchynské pomôcky | PremiumStore.sk";"Ostatné kuchynské pomôcky – nakupujte výhodne na PremiumStore.sk. Overené produkty a jasný popis parametrov.";
"44283";"43923";"kuchynske-pomocky";"0";"0";"";"1";"Lúskačky";"Lúskačky";"luskacky";"";"";"Lúskačky | PremiumStore.sk";"Lúskačky skladom na PremiumStore.sk. Porovnajte parametre aj ceny a vyberte si presne to, čo potrebujete.";
"45216";"43923";"kuchynske-pomocky";"0";"0";"";"1";"Teplomery";"Teplomery";"teplomery-2";"";"";"Kuchynské pomôcky – Teplomery | PremiumStore.sk";"Kuchynské pomôcky – Teplomery – veľký výber skladom, rýchle dodanie a výhodné ceny na PremiumStore.sk.";
"45318";"43923";"kuchynske-pomocky";"0";"0";"";"1";"Varešky a obracačky";"Varešky a obracačky";"varesky-a-obracacky";"";"";"Varešky a obracačky | PremiumStore.sk";"Varešky a obracačky – veľký výber skladom, rýchle dodanie a výhodné ceny na PremiumStore.sk.";
"43935";"43932";"vonkajsie-hracky";"0";"0";"";"1";"Detská ihrisko a doplnky";"Detská ihrisko a doplnky";"detska-ihrisko-a-doplnky";"";"";"Detská ihrisko a doplnky | PremiumStore.sk";"Detská ihrisko a doplnky: široký sortiment a rýchle dodanie. Nájdite si ten pravý produkt na PremiumStore.sk.";
"48168";"43932";"vonkajsie-hracky";"0";"0";"";"1";"Šport";"Šport";"sport-2";"";"";"";"";
"43962";"43959";"pocitadla-provoznich-hodin";"0";"0";"";"1";"Počítadla provozních hodin do panelu";"Počítadla provozních hodin do panelu";"pocitadla-provoznich-hodin-do-panelu";"";"";"Počítadla provozních hodin do panelu | PremiumStore.sk";"Počítadla provozních hodin do panelu – nakupujte výhodne na PremiumStore.sk. Overené produkty a jasný popis parametrov.";
"44559";"43959";"pocitadla-provoznich-hodin";"0";"0";"";"1";"Počítadla provozních hodin na DIN lištu";"Počítadla provozních hodin na DIN lištu";"pocitadla-provoznich-hodin-na-din-listu";"";"";"Počítadla provozních hodin na DIN lištu | PremiumStore.sk";"Počítadla provozních hodin na DIN lištu: široký sortiment a rýchle dodanie. Nájdite si ten pravý produkt na PremiumStore.sk.";
"43989";"43983";"gravitacni-zaluzie-a-klapky";"0";"0";"";"1";"Gravitační klapky s kruhovým nástavcem";"Gravitační klapky s kruhovým nástavcem";"gravitacni-klapky-s-kruhovym-nastavcem";"";"";"Gravitační klapky s kruhovým nástavcem | PremiumStore.sk";"Gravitační klapky s kruhovým nástavcem – nakupujte výhodne na PremiumStore.sk. Overené produkty a jasný popis parametrov.";
"44799";"43983";"gravitacni-zaluzie-a-klapky";"0";"0";"";"1";"Gravitační žaluzie s nástavcem (na omítku)";"Gravitační žaluzie s nástavcem (na omítku)";"gravitacni-zaluzie-s-nastavcem--na-omitku";"";"";"Gravitační žaluzie s nástavcem (na omítku) | PremiumStore.sk";"Gravitační žaluzie s nástavcem (na omítku) – veľký výber skladom, rýchle dodanie a výhodné ceny na PremiumStore.sk.";
"45444";"43983";"gravitacni-zaluzie-a-klapky";"0";"0";"";"1";"Kovová gravitační žaluzie s nástavcem z hliníku";"Kovová gravitační žaluzie s nástavcem z hliníku";"kovova-gravitacni-zaluzie-s-nastavcem-z-hliniku";"";"";"Kovová gravitační žaluzie s nástavcem z hliníku | PremiumStore.sk";"Kovová gravitační žaluzie s nástavcem z hliníku – nakupujte výhodne na PremiumStore.sk. Overené produkty a jasný popis parametrov.";
"45450";"43983";"gravitacni-zaluzie-a-klapky";"0";"0";"";"1";"Gravitační klapky bez kruhového nadstavce";"Gravitační klapky bez kruhového nadstavce";"gravitacni-klapky-bez-kruhoveho-nadstavce";"";"";"Gravitační klapky bez kruhového nadstavce | PremiumStore.sk";"Gravitační klapky bez kruhového nadstavce: široký sortiment a rýchle dodanie. Nájdite si ten pravý produkt na PremiumStore.sk.";
"44004";"43992";"ventilatory-podla-typove-rady-dospel";"0";"0";"";"1";"Ventilátory - typ STYL";"Ventilátory - typ STYL";"ventilatory-typ-styl";"";"";"Ventilátory - typ STYL | PremiumStore.sk";"Ventilátory - typ STYL – nakupujte výhodne na PremiumStore.sk. Overené produkty a jasný popis parametrov.";
"44802";"43992";"ventilatory-podla-typove-rady-dospel";"0";"0";"";"1";"Ventilátory - typ EURO";"Ventilátory - typ EURO";"ventilatory-typ-euro";"";"";"Ventilátory - typ EURO | PremiumStore.sk";"Ventilátory - typ EURO v ponuke PremiumStore.sk. Prehľadné parametre, rýchle dodanie po celom Slovensku.";
"45492";"43992";"ventilatory-podla-typove-rady-dospel";"0";"0";"";"1";"Ventilátory - typ RICO";"Ventilátory - typ RICO";"ventilatory-typ-rico";"";"";"Ventilátory - typ RICO | PremiumStore.sk";"Ventilátory - typ RICO – nakupujte výhodne na PremiumStore.sk. Overené produkty a jasný popis parametrov.";
"45453";"43998";"ventilatory-do-koupelny-wc-zakladni";"0";"0";"";"1";"Pre průměr potrubie 150 mm";"Pre průměr potrubie 150 mm";"pre-prumer-potrubie-150-mm-3";"";"";"Ventilátory do koupelny/WC - základní – Pre průměr potrubie 150 mm";"Ventilátory do koupelny/WC - základní – Pre průměr potrubie 150 mm – veľký výber skladom, rýchle dodanie a výhodné ceny na PremiumStore.sk.";
"45495";"43998";"ventilatory-do-koupelny-wc-zakladni";"0";"0";"";"1";"Pre průměr potrubie 125 mm";"Pre průměr potrubie 125 mm";"pre-prumer-potrubie-125-mm-2";"";"";"Ventilátory do koupelny/WC - základní – Pre průměr potrubie 125 mm";"Ventilátory do koupelny/WC - základní – Pre průměr potrubie 125 mm – nakupujte výhodne na PremiumStore.sk. Overené produkty a jasný popis parametrov.";
"44013";"44010";"ventilatory-do-koupelny-wc-do-potrubie";"0";"0";"";"1";"Pre průměr potrubie 150 mm";"Pre průměr potrubie 150 mm";"pre-prumer-potrubie-150-mm-2";"";"";"Ventilátory do koupelny/WC - do potrubie – Pre průměr potrubie 150 mm";"Ventilátory do koupelny/WC - do potrubie – Pre průměr potrubie 150 mm v ponuke PremiumStore.sk. Prehľadné parametre, rýchle dodanie po celom Slovensku.";
"44016";"44010";"ventilatory-do-koupelny-wc-do-potrubie";"0";"0";"";"1";"Pre průměr potrubie 125 mm";"Pre průměr potrubie 125 mm";"pre-prumer-potrubie-125-mm";"";"";"Ventilátory do koupelny/WC - do potrubie – Pre průměr potrubie 125 mm";"Ventilátory do koupelny/WC - do potrubie – Pre průměr potrubie 125 mm na PremiumStore.sk – overené produkty, výhodné ceny a odborné poradenstvo pri výbere.";
"44277";"44010";"ventilatory-do-koupelny-wc-do-potrubie";"0";"0";"";"1";"Pre průměr potrubie 100 mm";"Pre průměr potrubie 100 mm";"pre-prumer-potrubie-100-mm-3";"";"";"Ventilátory do koupelny/WC - do potrubie – Pre průměr potrubie 100 mm";"Ventilátory do koupelny/WC - do potrubie – Pre průměr potrubie 100 mm – veľký výber skladom, rýchle dodanie a výhodné ceny na PremiumStore.sk.";
"44022";"44019";"priemyselne-ventilatory";"0";"0";"";"1";"Ventilátory podľa typové rady DOSPEL";"Ventilátory podľa typové rady DOSPEL";"ventilatory-podla-typove-rady-dospel-2";"";"";"Priemyselné ventilátory – Ventilátory podľa typové rady DOSPEL";"Priemyselné ventilátory – Ventilátory podľa typové rady DOSPEL – veľký výber skladom, rýchle dodanie a výhodné ceny na PremiumStore.sk.";
"44025";"44022";"ventilatory-podla-typove-rady-dospel-2";"0";"0";"";"1";"Ventilátory - typ TURBO";"Ventilátory - typ TURBO";"ventilatory-typ-turbo";"";"";"Ventilátory - typ TURBO | PremiumStore.sk";"Ventilátory - typ TURBO – nakupujte výhodne na PremiumStore.sk. Overené produkty a jasný popis parametrov.";
"44850";"44043";"skolske-potreby";"0";"0";"";"1";"Školské batohy, aktovky";"Školské batohy, aktovky";"skolske-batohy--aktovky";"";"";"Školské batohy, aktovky | PremiumStore.sk";"Školské batohy, aktovky skladom na PremiumStore.sk. Porovnajte parametre aj ceny a vyberte si presne to, čo potrebujete.";
"45552";"44043";"skolske-potreby";"0";"0";"";"1";"Peračníky";"Peračníky";"peracniky";"";"";"Peračníky | PremiumStore.sk";"Peračníky skladom na PremiumStore.sk. Porovnajte parametre aj ceny a vyberte si presne to, čo potrebujete.";
"45312";"44055";"vytvarne-hracky-a-tvoreni";"0";"0";"";"1";"Detská razítka";"Detská razítka";"detska-razitka";"";"";"Detská razítka | PremiumStore.sk";"Detská razítka v ponuke PremiumStore.sk. Prehľadné parametre, rýchle dodanie po celom Slovensku.";
"45339";"44055";"vytvarne-hracky-a-tvoreni";"0";"0";"";"1";"Kreativní sady";"Kreativní sady";"kreativni-sady";"";"";"Kreativní sady | PremiumStore.sk";"Kreativní sady: široký sortiment a rýchle dodanie. Nájdite si ten pravý produkt na PremiumStore.sk.";
"44094";"44091";"obkladacske-prace";"0";"0";"";"1";"Vrtáky";"Vrtáky";"vrtaky-2";"";"";"Obkladačské práce – Vrtáky | PremiumStore.sk";"Obkladačské práce – Vrtáky – nakupujte výhodne na PremiumStore.sk. Overené produkty a jasný popis parametrov.";
"44907";"44091";"obkladacske-prace";"0";"0";"";"1";"Spárování";"Spárování";"sparovani";"";"";"Spárování | PremiumStore.sk";"Spárování na PremiumStore.sk – overené produkty, výhodné ceny a odborné poradenstvo pri výbere.";
"45054";"44091";"obkladacske-prace";"0";"0";"";"1";"Kříže a klinky";"Kříže a klinky";"krize-a-klinky";"";"";"Kříže a klinky | PremiumStore.sk";"Kříže a klinky: široký sortiment a rýchle dodanie. Nájdite si ten pravý produkt na PremiumStore.sk.";
"45180";"44091";"obkladacske-prace";"0";"0";"";"1";"Pomôcky";"Pomôcky";"pomocky";"";"";"Pomôcky | PremiumStore.sk";"Pomôcky v ponuke PremiumStore.sk. Prehľadné parametre, rýchle dodanie po celom Slovensku.";
"44106";"44103";"malirstvi-a-nateracstvi";"0";"0";"";"1";"Kefy";"Kefy";"kefy";"";"";"Malířství a natěračství – Kefy | PremiumStore.sk";"Malířství a natěračství – Kefy v ponuke PremiumStore.sk. Prehľadné parametre, rýchle dodanie po celom Slovensku.";
"44133";"44103";"malirstvi-a-nateracstvi";"0";"0";"";"1";"Valčeky";"Valčeky";"valceky";"";"";"Valčeky | PremiumStore.sk";"Valčeky skladom na PremiumStore.sk. Porovnajte parametre aj ceny a vyberte si presne to, čo potrebujete.";
"44136";"44103";"malirstvi-a-nateracstvi";"0";"0";"";"1";"Ochranné fólie";"Ochranné fólie";"ochranne-folie";"";"";"Ochranné fólie | PremiumStore.sk";"Ochranné fólie skladom na PremiumStore.sk. Porovnajte parametre aj ceny a vyberte si presne to, čo potrebujete.";
"45057";"44103";"malirstvi-a-nateracstvi";"0";"0";"";"1";"Škrabky";"Škrabky";"skrabky";"";"";"Škrabky | PremiumStore.sk";"Škrabky na PremiumStore.sk – overené produkty, výhodné ceny a odborné poradenstvo pri výbere.";
"45069";"44103";"malirstvi-a-nateracstvi";"0";"0";"";"1";"Vedrá";"Vedrá";"vedra-2";"";"";"Malířství a natěračství – Vedrá | PremiumStore.sk";"Malířství a natěračství – Vedrá skladom na PremiumStore.sk. Porovnajte parametre aj ceny a vyberte si presne to, čo potrebujete.";
"44139";"44118";"prislusenstvo-ku-gola-sadam";"0";"0";"";"1";"Adaptéry a príslušenstvo";"Adaptéry a príslušenstvo";"adaptery-a-prislusenstvo";"";"";"Adaptéry a príslušenstvo | PremiumStore.sk";"Adaptéry a príslušenstvo na PremiumStore.sk – overené produkty, výhodné ceny a odborné poradenstvo pri výbere.";
"45483";"44118";"prislusenstvo-ku-gola-sadam";"0";"0";"";"1";"Rázové hlavice";"Rázové hlavice";"razove-hlavice";"";"";"Rázové hlavice | PremiumStore.sk";"Rázové hlavice v ponuke PremiumStore.sk. Prehľadné parametre, rýchle dodanie po celom Slovensku.";
"45549";"44118";"prislusenstvo-ku-gola-sadam";"0";"0";"";"1";"Sady bitů";"Sady bitů";"sady-bitu";"";"";"Sady bitů | PremiumStore.sk";"Sady bitů skladom na PremiumStore.sk. Porovnajte parametre aj ceny a vyberte si presne to, čo potrebujete.";
"44124";"44121";"nastrcne-hlavice";"0";"0";"";"1";"1/4"" nadstavce";"1/4"" nadstavce";"1-4--nadstavce";"";"";"1/4"" nadstavce | PremiumStore.sk";"1/4"" nadstavce – veľký výber skladom, rýchle dodanie a výhodné ceny na PremiumStore.sk.";
"45642";"44121";"nastrcne-hlavice";"0";"0";"";"1";"3/8"" bity";"3/8"" bity";"3-8--bity";"";"";"3/8"" bity | PremiumStore.sk";"3/8"" bity: široký sortiment a rýchle dodanie. Nájdite si ten pravý produkt na PremiumStore.sk.";
"44172";"44169";"mrizky";"0";"0";"";"1";"Mřížka kruhová s nástavcem";"Mřížka kruhová s nástavcem";"mrizka-kruhova-s-nastavcem";"";"";"Mřížka kruhová s nástavcem | PremiumStore.sk";"Mřížka kruhová s nástavcem na PremiumStore.sk – overené produkty, výhodné ceny a odborné poradenstvo pri výbere.";
"44184";"44169";"mrizky";"0";"0";"";"1";"Plastové mřížky do dveří";"Plastové mřížky do dveří";"plastove-mrizky-do-dveri";"";"";"Plastové mřížky do dveří | PremiumStore.sk";"Plastové mřížky do dveří: široký sortiment a rýchle dodanie. Nájdite si ten pravý produkt na PremiumStore.sk.";
"44790";"44169";"mrizky";"0";"0";"";"1";"Kovové mřížky";"Kovové mřížky";"kovove-mrizky";"";"";"Kovové mřížky | PremiumStore.sk";"Kovové mřížky skladom na PremiumStore.sk. Porovnajte parametre aj ceny a vyberte si presne to, čo potrebujete.";
"44793";"44169";"mrizky";"0";"0";"";"1";"Mřížka sa síťkou s nástavcem";"Mřížka sa síťkou s nástavcem";"mrizka-sa-sitkou-s-nastavcem";"";"";"Mřížka sa síťkou s nástavcem | PremiumStore.sk";"Mřížka sa síťkou s nástavcem skladom na PremiumStore.sk. Porovnajte parametre aj ceny a vyberte si presne to, čo potrebujete.";
"44796";"44169";"mrizky";"0";"0";"";"1";"Mřížka sa síťkou s nástavcem a s regulací";"Mřížka sa síťkou s nástavcem a s regulací";"mrizka-sa-sitkou-s-nastavcem-a-s-regulaci";"";"";"Mřížka sa síťkou s nástavcem a s regulací | PremiumStore.sk";"Mřížka sa síťkou s nástavcem a s regulací: široký sortiment a rýchle dodanie. Nájdite si ten pravý produkt na PremiumStore.sk.";
"45162";"44169";"mrizky";"0";"0";"";"1";"Mřížka sa síťkou bez nadstavce";"Mřížka sa síťkou bez nadstavce";"mrizka-sa-sitkou-bez-nadstavce";"";"";"Mřížka sa síťkou bez nadstavce | PremiumStore.sk";"Mřížka sa síťkou bez nadstavce na PremiumStore.sk – overené produkty, výhodné ceny a odborné poradenstvo pri výbere.";
"45165";"44169";"mrizky";"0";"0";"";"1";"Mřížka sa síťkou bez nadstavce s regulací";"Mřížka sa síťkou bez nadstavce s regulací";"mrizka-sa-sitkou-bez-nadstavce-s-regulaci";"";"";"Mřížka sa síťkou bez nadstavce s regulací | PremiumStore.sk";"Mřížka sa síťkou bez nadstavce s regulací – nakupujte výhodne na PremiumStore.sk. Overené produkty a jasný popis parametrov.";
"45441";"44169";"mrizky";"0";"0";"";"1";"Mřížka kruhová s regulovatelným nástavcem";"Mřížka kruhová s regulovatelným nástavcem";"mrizka-kruhova-s-regulovatelnym-nastavcem";"";"";"Mřížka kruhová s regulovatelným nástavcem | PremiumStore.sk";"Mřížka kruhová s regulovatelným nástavcem – nakupujte výhodne na PremiumStore.sk. Overené produkty a jasný popis parametrov.";
"44178";"44175";"talirove-ventily-a-difuzery";"0";"0";"";"1";"Plastové talířové difuzéry";"Plastové talířové difuzéry";"plastove-talirove-difuzery";"";"";"Plastové talířové difuzéry | PremiumStore.sk";"Plastové talířové difuzéry na PremiumStore.sk – overené produkty, výhodné ceny a odborné poradenstvo pri výbere.";
"44733";"44175";"talirove-ventily-a-difuzery";"0";"0";"";"1";"Plastové talířové ventily";"Plastové talířové ventily";"plastove-talirove-ventily";"";"";"Plastové talířové ventily | PremiumStore.sk";"Plastové talířové ventily – nakupujte výhodne na PremiumStore.sk. Overené produkty a jasný popis parametrov.";
"45447";"44175";"talirove-ventily-a-difuzery";"0";"0";"";"1";"Kovové talířové ventily";"Kovové talířové ventily";"kovove-talirove-ventily";"";"";"Kovové talířové ventily | PremiumStore.sk";"Kovové talířové ventily skladom na PremiumStore.sk. Porovnajte parametre aj ceny a vyberte si presne to, čo potrebujete.";
"48126";"44208";"ventilatory";"0";"0";"";"1";"Stolové ventilátory";"Stolové ventilátory";"stolove-ventilatory";"";"";"";"";
"44304";"44301";"navijaky-a-zdvihaky";"0";"0";"";"1";"Navijaky";"Navijaky";"navijaky";"";"";"Navijaky | PremiumStore.sk";"Navijaky na PremiumStore.sk – overené produkty, výhodné ceny a odborné poradenstvo pri výbere.";
"44640";"44301";"navijaky-a-zdvihaky";"0";"0";"";"1";"Zdviháky a heváky";"Zdviháky a heváky";"zdvihaky-a-hevaky";"";"";"Zdviháky a heváky | PremiumStore.sk";"Zdviháky a heváky – veľký výber skladom, rýchle dodanie a výhodné ceny na PremiumStore.sk.";
"44343";"44340";"mobilne-tv-a-sat-anteny";"0";"0";"";"1";"Antény pre DVB-T2 príjem";"Antény pre DVB-T2 príjem";"anteny-pre-dvb-t2-prijem";"";"";"Antény pre DVB-T2 príjem | PremiumStore.sk";"Antény pre DVB-T2 príjem v ponuke PremiumStore.sk. Prehľadné parametre, rýchle dodanie po celom Slovensku.";
"44370";"44367";"tlumivky--predradniky--zapalovace";"0";"0";"";"1";"Magnetické předřadníky - tlumivky";"Magnetické předřadníky - tlumivky";"magneticke-predradniky-tlumivky";"";"";"Magnetické předřadníky - tlumivky | PremiumStore.sk";"Magnetické předřadníky - tlumivky: široký sortiment a rýchle dodanie. Nájdite si ten pravý produkt na PremiumStore.sk.";
"44379";"44376";"vysavace-2";"0";"0";"";"1";"Ručné vysávače";"Ručné vysávače";"rucne-vysavace";"";"";"Vysávače – Ručné vysávače | PremiumStore.sk";"Vysávače – Ručné vysávače skladom na PremiumStore.sk. Porovnajte parametre aj ceny a vyberte si presne to, čo potrebujete.";
"44475";"44376";"vysavace-2";"0";"0";"";"1";"Tyčové vysávače";"Tyčové vysávače";"tycove-vysavace-2";"";"";"Vysávače – Tyčové vysávače | PremiumStore.sk";"Vysávače – Tyčové vysávače – nakupujte výhodne na PremiumStore.sk. Overené produkty a jasný popis parametrov.";
"44586";"44376";"vysavace-2";"0";"0";"";"1";"Robotické vysávače";"Robotické vysávače";"roboticke-vysavace-2";"";"";"Vysávače – Robotické vysávače | PremiumStore.sk";"Vysávače – Robotické vysávače na PremiumStore.sk – overené produkty, výhodné ceny a odborné poradenstvo pri výbere.";
"45003";"44376";"vysavace-2";"0";"0";"";"1";"Podlahové vysávače";"Podlahové vysávače";"podlahove-vysavace-2";"";"";"Vysávače – Podlahové vysávače | PremiumStore.sk";"Vysávače – Podlahové vysávače – veľký výber skladom, rýchle dodanie a výhodné ceny na PremiumStore.sk.";
"44787";"44439";"ventilatory-podla-typove-rady-vents-2";"0";"0";"";"1";"Ventilátory - typ OVK";"Ventilátory - typ OVK";"ventilatory-typ-ovk";"";"";"Ventilátory - typ OVK | PremiumStore.sk";"Ventilátory - typ OVK v ponuke PremiumStore.sk. Prehľadné parametre, rýchle dodanie po celom Slovensku.";
"45111";"44439";"ventilatory-podla-typove-rady-vents-2";"0";"0";"";"1";"Ventilátory - typ TT";"Ventilátory - typ TT";"ventilatory-typ-tt";"";"";"Ventilátory - typ TT | PremiumStore.sk";"Ventilátory - typ TT v ponuke PremiumStore.sk. Prehľadné parametre, rýchle dodanie po celom Slovensku.";
"45150";"44439";"ventilatory-podla-typove-rady-vents-2";"0";"0";"";"1";"Ventilátory - typ OVK1";"Ventilátory - typ OVK1";"ventilatory-typ-ovk1";"";"";"Ventilátory - typ OVK1 | PremiumStore.sk";"Ventilátory - typ OVK1 – veľký výber skladom, rýchle dodanie a výhodné ceny na PremiumStore.sk.";
"45333";"44439";"ventilatory-podla-typove-rady-vents-2";"0";"0";"";"1";"Ventilátory - typ VKOMz";"Ventilátory - typ VKOMz";"ventilatory-typ-vkomz";"";"";"Ventilátory - typ VKOMz | PremiumStore.sk";"Ventilátory - typ VKOMz: široký sortiment a rýchle dodanie. Nájdite si ten pravý produkt na PremiumStore.sk.";
"45435";"44439";"ventilatory-podla-typove-rady-vents-2";"0";"0";"";"1";"Ventilátory - typ VK EC";"Ventilátory - typ VK EC";"ventilatory-typ-vk-ec";"";"";"Ventilátory - typ VK EC | PremiumStore.sk";"Ventilátory - typ VK EC skladom na PremiumStore.sk. Porovnajte parametre aj ceny a vyberte si presne to, čo potrebujete.";
"45489";"44439";"ventilatory-podla-typove-rady-vents-2";"0";"0";"";"1";"Ventilátory - typ VCN";"Ventilátory - typ VCN";"ventilatory-typ-vcn";"";"";"Ventilátory - typ VCN | PremiumStore.sk";"Ventilátory - typ VCN v ponuke PremiumStore.sk. Prehľadné parametre, rýchle dodanie po celom Slovensku.";
"45603";"44439";"ventilatory-podla-typove-rady-vents-2";"0";"0";"";"1";"Ventilátory - typ VKMz";"Ventilátory - typ VKMz";"ventilatory-typ-vkmz";"";"";"Ventilátory - typ VKMz | PremiumStore.sk";"Ventilátory - typ VKMz – veľký výber skladom, rýchle dodanie a výhodné ceny na PremiumStore.sk.";
"45606";"44439";"ventilatory-podla-typove-rady-vents-2";"0";"0";"";"1";"Ventilátory - typ VK";"Ventilátory - typ VK";"ventilatory-typ-vk";"";"";"Ventilátory - typ VK | PremiumStore.sk";"Ventilátory - typ VK: široký sortiment a rýchle dodanie. Nájdite si ten pravý produkt na PremiumStore.sk.";
"45732";"44439";"ventilatory-podla-typove-rady-vents-2";"0";"0";"";"1";"Ventilátory - typ OV1";"Ventilátory - typ OV1";"ventilatory-typ-ov1";"";"";"Ventilátory - typ OV1 | PremiumStore.sk";"Ventilátory - typ OV1 v ponuke PremiumStore.sk. Prehľadné parametre, rýchle dodanie po celom Slovensku.";
"44466";"44463";"auto-koberce-kia";"0";"0";"";"1";"Optima";"Optima";"optima";"";"";"Optima | PremiumStore.sk";"Optima: široký sortiment a rýchle dodanie. Nájdite si ten pravý produkt na PremiumStore.sk.";
"45474";"44463";"auto-koberce-kia";"0";"0";"";"1";"Cerato";"Cerato";"cerato";"";"";"Cerato | PremiumStore.sk";"Cerato – nakupujte výhodne na PremiumStore.sk. Overené produkty a jasný popis parametrov.";
"44637";"44634";"vybavenie-pokojicku-a-skolek";"0";"0";"";"1";"Hracie funkční nábytok";"Hracie funkční nábytok";"hracie-funkcni-nabytok";"";"";"Hracie funkční nábytok | PremiumStore.sk";"Hracie funkční nábytok skladom na PremiumStore.sk. Porovnajte parametre aj ceny a vyberte si presne to, čo potrebujete.";
"44703";"44700";"klieste-stiepacie";"0";"0";"";"1";"Kliešte štiepacie boční";"Kliešte štiepacie boční";"klieste-stiepacie-bocni";"";"";"Kliešte štiepacie boční | PremiumStore.sk";"Kliešte štiepacie boční – veľký výber skladom, rýchle dodanie a výhodné ceny na PremiumStore.sk.";
"45387";"44700";"klieste-stiepacie";"0";"0";"";"1";"Kliešte štiepacie čelné";"Kliešte štiepacie čelné";"klieste-stiepacie-celne";"";"";"Kliešte štiepacie čelné | PremiumStore.sk";"Kliešte štiepacie čelné na PremiumStore.sk – overené produkty, výhodné ceny a odborné poradenstvo pri výbere.";
"44718";"44715";"vodo-topo";"0";"0";"";"1";"Horáky";"Horáky";"horaky";"";"";"Horáky | PremiumStore.sk";"Horáky na PremiumStore.sk – overené produkty, výhodné ceny a odborné poradenstvo pri výbere.";
"45288";"44715";"vodo-topo";"0";"0";"";"1";"Rezačky";"Rezačky";"rezacky";"";"";"Rezačky | PremiumStore.sk";"Rezačky na PremiumStore.sk – overené produkty, výhodné ceny a odborné poradenstvo pri výbere.";
"44742";"44739";"pistole";"0";"0";"";"1";"Foukací pištole";"Foukací pištole";"foukaci-pistole";"";"";"Foukací pištole | PremiumStore.sk";"Foukací pištole – veľký výber skladom, rýchle dodanie a výhodné ceny na PremiumStore.sk.";
"44781";"44778";"starostlivost-o-telo";"0";"0";"";"1";"Kulmy a sušiče vlasů";"Kulmy a sušiče vlasů";"kulmy-a-susice-vlasu";"";"";"Kulmy a sušiče vlasů | PremiumStore.sk";"Kulmy a sušiče vlasů na PremiumStore.sk – overené produkty, výhodné ceny a odborné poradenstvo pri výbere.";
"44853";"44850";"skolske-batohy--aktovky";"0";"0";"";"1";"Školské aktovky";"Školské aktovky";"skolske-aktovky";"";"";"Školské aktovky | PremiumStore.sk";"Školské aktovky skladom na PremiumStore.sk. Porovnajte parametre aj ceny a vyberte si presne to, čo potrebujete.";
"44940";"44937";"exterier-2";"0";"0";"";"1";"Oprava karoserie";"Oprava karoserie";"oprava-karoserie";"";"";"Oprava karoserie | PremiumStore.sk";"Oprava karoserie: široký sortiment a rýchle dodanie. Nájdite si ten pravý produkt na PremiumStore.sk.";
"44955";"44952";"sadrokarton";"0";"0";"";"1";"Hoblíky";"Hoblíky";"hobliky";"";"";"Hoblíky | PremiumStore.sk";"Hoblíky skladom na PremiumStore.sk. Porovnajte parametre aj ceny a vyberte si presne to, čo potrebujete.";
"44982";"44979";"domove-videotelefony";"0";"0";"";"1";"Analogové";"Analogové";"analogove";"";"";"Analogové | PremiumStore.sk";"Analogové na PremiumStore.sk – overené produkty, výhodné ceny a odborné poradenstvo pri výbere.";
"45588";"44979";"domove-videotelefony";"0";"0";"";"1";"IP videotelefony";"IP videotelefony";"ip-videotelefony";"";"";"IP videotelefony | PremiumStore.sk";"IP videotelefony – nakupujte výhodne na PremiumStore.sk. Overené produkty a jasný popis parametrov.";
"45051";"45048";"prislusenstvo-k-vrtackam";"0";"0";"";"1";"Sklíčidla";"Sklíčidla";"sklicidla";"";"";"Sklíčidla | PremiumStore.sk";"Sklíčidla – nakupujte výhodne na PremiumStore.sk. Overené produkty a jasný popis parametrov.";
"45063";"45060";"brusivo";"0";"0";"";"1";"Príslušenstvo";"Príslušenstvo";"prislusenstvo-17";"";"";"Brusivo – Príslušenstvo | PremiumStore.sk";"Brusivo – Príslušenstvo – veľký výber skladom, rýchle dodanie a výhodné ceny na PremiumStore.sk.";
"45066";"45060";"brusivo";"0";"0";"";"1";"Brúsne papiere";"Brúsne papiere";"brusne-papiere";"";"";"Brúsne papiere | PremiumStore.sk";"Brúsne papiere – veľký výber skladom, rýchle dodanie a výhodné ceny na PremiumStore.sk.";
"45297";"45060";"brusivo";"0";"0";"";"1";"Brúsne kotúče";"Brúsne kotúče";"brusne-kotuce";"";"";"Brúsne kotúče | PremiumStore.sk";"Brúsne kotúče – nakupujte výhodne na PremiumStore.sk. Overené produkty a jasný popis parametrov.";
"45366";"45060";"brusivo";"0";"0";"";"1";"Brúsne výseky delta";"Brúsne výseky delta";"brusne-vyseky-delta";"";"";"Brúsne výseky delta | PremiumStore.sk";"Brúsne výseky delta v ponuke PremiumStore.sk. Prehľadné parametre, rýchle dodanie po celom Slovensku.";
"45159";"45156";"krbove-ventilatory";"0";"0";"";"1";"Ventilátory KAM";"Ventilátory KAM";"ventilatory-kam";"";"";"Ventilátory KAM | PremiumStore.sk";"Ventilátory KAM skladom na PremiumStore.sk. Porovnajte parametre aj ceny a vyberte si presne to, čo potrebujete.";
"45258";"45255";"truhlarske-prace";"0";"0";"";"1";"Svěrky";"Svěrky";"sverky";"";"";"Svěrky | PremiumStore.sk";"Svěrky skladom na PremiumStore.sk. Porovnajte parametre aj ceny a vyberte si presne to, čo potrebujete.";
"45267";"45264";"pily-3";"0";"0";"";"1";"Pílové kotúče na dřevo";"Pílové kotúče na dřevo";"pilove-kotuce-na-drevo";"";"";"Pílové kotúče na dřevo | PremiumStore.sk";"Pílové kotúče na dřevo na PremiumStore.sk – overené produkty, výhodné ceny a odborné poradenstvo pri výbere.";
"45540";"45264";"pily-3";"0";"0";"";"1";"Píly na dřevo";"Píly na dřevo";"pily-na-drevo";"";"";"Píly na dřevo | PremiumStore.sk";"Píly na dřevo na PremiumStore.sk – overené produkty, výhodné ceny a odborné poradenstvo pri výbere.";
"45543";"45264";"pily-3";"0";"0";"";"1";"Píly na kov";"Píly na kov";"pily-na-kov";"";"";"Píly na kov | PremiumStore.sk";"Píly na kov – veľký výber skladom, rýchle dodanie a výhodné ceny na PremiumStore.sk.";
"45306";"45303";"puzzle";"0";"0";"";"1";"Puzzle klasické drevené";"Puzzle klasické drevené";"puzzle-klasicke-drevene";"";"";"Puzzle klasické drevené | PremiumStore.sk";"Puzzle klasické drevené: široký sortiment a rýchle dodanie. Nájdite si ten pravý produkt na PremiumStore.sk.";
"45462";"45459";"efekty-a-dekoracie";"0";"0";"";"1";"Na párty";"Na párty";"na-party";"";"";"Na párty | PremiumStore.sk";"Na párty: široký sortiment a rýchle dodanie. Nájdite si ten pravý produkt na PremiumStore.sk.";
"45717";"45459";"efekty-a-dekoracie";"0";"0";"";"1";"Do bytu";"Do bytu";"do-bytu";"";"";"Do bytu | PremiumStore.sk";"Do bytu – nakupujte výhodne na PremiumStore.sk. Overené produkty a jasný popis parametrov.";
"48156";"45459";"efekty-a-dekoracie";"0";"0";"";"1";"Halloween";"Halloween";"halloween";"";"";"";"";
"45513";"45510";"auto-koberce-citroen";"0";"0";"";"1";"Jumper";"Jumper";"jumper";"";"";"Jumper | PremiumStore.sk";"Jumper – veľký výber skladom, rýchle dodanie a výhodné ceny na PremiumStore.sk.";
"45519";"45516";"univerzalne-autopotahy-dve-sedadla";"0";"0";"";"1";"Autotrička BAVLNA";"Autotrička BAVLNA";"autotricka-bavlna";"";"";"Autotrička BAVLNA | PremiumStore.sk";"Autotrička BAVLNA: široký sortiment a rýchle dodanie. Nájdite si ten pravý produkt na PremiumStore.sk.";
"45528";"45525";"auto-koberce-ford";"0";"0";"";"1";"Explorer";"Explorer";"explorer";"";"";"Explorer | PremiumStore.sk";"Explorer – veľký výber skladom, rýchle dodanie a výhodné ceny na PremiumStore.sk.";
"45537";"45534";"univerzalne-autopotahy-dodavky";"0";"0";"";"1";"Autopotahy PRACTICAL dodávka";"Autopotahy PRACTICAL dodávka";"autopotahy-practical-dodavka";"";"";"Autopotahy PRACTICAL dodávka | PremiumStore.sk";"Autopotahy PRACTICAL dodávka v ponuke PremiumStore.sk. Prehľadné parametre, rýchle dodanie po celom Slovensku.";
"45630";"45627";"sponkovacky-a-nastrelovacky";"0";"0";"";"1";"Spony";"Spony";"spony";"";"";"Spony | PremiumStore.sk";"Spony – nakupujte výhodne na PremiumStore.sk. Overené produkty a jasný popis parametrov.";
"45663";"45660";"auto-koberce-volvo";"0";"0";"";"1";"S60";"S60";"s60";"";"";"S60 | PremiumStore.sk";"S60 – nakupujte výhodne na PremiumStore.sk. Overené produkty a jasný popis parametrov.";
"45669";"45666";"auto-koberce-toyota";"0";"0";"";"1";"Land Cruiser";"Land Cruiser";"land-cruiser";"";"";"Land Cruiser | PremiumStore.sk";"Land Cruiser – nakupujte výhodne na PremiumStore.sk. Overené produkty a jasný popis parametrov.";
"47979";"45666";"auto-koberce-toyota";"0";"0";"";"1";"Camry";"Camry";"camry";"";"";"Camry | PremiumStore.sk";"Camry na PremiumStore.sk – overené produkty, výhodné ceny a odborné poradenstvo pri výbere.";
"45678";"45675";"kuchynske-riad";"0";"0";"";"1";"Panvice";"Panvice";"panvice-2";"";"";"Kuchynské riad – Panvice | PremiumStore.sk";"Kuchynské riad – Panvice skladom na PremiumStore.sk. Porovnajte parametre aj ceny a vyberte si presne to, čo potrebujete.";
"45687";"45684";"noznice";"0";"0";"";"1";"Nožnice na plech";"Nožnice na plech";"noznice-na-plech";"";"";"Nožnice – Nožnice na plech | PremiumStore.sk";"Nožnice – Nožnice na plech skladom na PremiumStore.sk. Porovnajte parametre aj ceny a vyberte si presne to, čo potrebujete.";
"45693";"45690";"upinacie-prostriedky";"0";"0";"";"1";"Háčiky";"Háčiky";"haciky";"";"";"Háčiky | PremiumStore.sk";"Háčiky skladom na PremiumStore.sk. Porovnajte parametre aj ceny a vyberte si presne to, čo potrebujete.";
"45723";"45720";"noze-a-pribory";"0";"0";"";"1";"Brousky na nože";"Brousky na nože";"brousky-na-noze-2";"";"";"Nože a příbory – Brousky na nože | PremiumStore.sk";"Nože a příbory – Brousky na nože: široký sortiment a rýchle dodanie. Nájdite si ten pravý produkt na PremiumStore.sk.";
"45768";"45756";"drony-a-rc-modely";"0";"0";"";"1";"Nástroje a meradlá";"Nástroje a meradlá";"nastroje-a-meradla";"";"";"Nástroje a meradlá | PremiumStore.sk";"Nástroje a meradlá: široký sortiment a rýchle dodanie. Nájdite si ten pravý produkt na PremiumStore.sk.";
"46608";"45756";"drony-a-rc-modely";"0";"0";"";"1";"Podvodné drony";"Podvodné drony";"podvodne-drony";"";"";"Podvodné drony | PremiumStore.sk";"Podvodné drony na PremiumStore.sk – overené produkty, výhodné ceny a odborné poradenstvo pri výbere.";
"46734";"45756";"drony-a-rc-modely";"0";"0";"";"1";"Náhradné diely";"Náhradné diely";"nahradne-diely-4";"";"";"Dróny a RC modely – Náhradné diely | PremiumStore.sk";"Dróny a RC modely – Náhradné diely: široký sortiment a rýchle dodanie. Nájdite si ten pravý produkt na PremiumStore.sk.";
"45765";"45759";"nacitanie";"0";"0";"";"1";"Napájacie zdroje";"Napájacie zdroje";"napajacie-zdroje-3";"";"";"Načítanie – Napájacie zdroje | PremiumStore.sk";"Načítanie – Napájacie zdroje skladom na PremiumStore.sk. Porovnajte parametre aj ceny a vyberte si presne to, čo potrebujete.";
"46317";"45759";"nacitanie";"0";"0";"";"1";"Príslušenstvo";"Príslušenstvo";"prislusenstvo-21";"";"";"Načítanie – Príslušenstvo | PremiumStore.sk";"Načítanie – Príslušenstvo v ponuke PremiumStore.sk. Prehľadné parametre, rýchle dodanie po celom Slovensku.";
"46167";"45771";"prislusenstvo-pre-drony";"0";"0";"";"1";"Pristátie";"Pristátie";"pristatie";"";"";"Pristátie | PremiumStore.sk";"Pristátie – nakupujte výhodne na PremiumStore.sk. Overené produkty a jasný popis parametrov.";
"45798";"45795";"outdoor";"0";"0";"";"1";"Ostatné";"Ostatné";"ostatne-13";"";"";"Outdoor – Ostatné | PremiumStore.sk";"Outdoor – Ostatné – nakupujte výhodne na PremiumStore.sk. Overené produkty a jasný popis parametrov.";
"46650";"45795";"outdoor";"0";"0";"";"1";"Kempovanie";"Kempovanie";"kempovanie";"";"";"Kempovanie | PremiumStore.sk";"Kempovanie v ponuke PremiumStore.sk. Prehľadné parametre, rýchle dodanie po celom Slovensku.";
"46770";"45795";"outdoor";"0";"0";"";"1";"Príslušenstvo na kľuky";"Príslušenstvo na kľuky";"prislusenstvo-na-kluky";"";"";"Príslušenstvo na kľuky | PremiumStore.sk";"Príslušenstvo na kľuky na PremiumStore.sk – overené produkty, výhodné ceny a odborné poradenstvo pri výbere.";
"46785";"45795";"outdoor";"0";"0";"";"1";"Elektrické skútre";"Elektrické skútre";"elektricke-skutre";"";"";"Elektrické skútre | PremiumStore.sk";"Elektrické skútre na PremiumStore.sk – overené produkty, výhodné ceny a odborné poradenstvo pri výbere.";
"46800";"45795";"outdoor";"0";"0";"";"1";"Batohy";"Batohy";"batohy-3";"";"";"Outdoor – Batohy | PremiumStore.sk";"Outdoor – Batohy na PremiumStore.sk – overené produkty, výhodné ceny a odborné poradenstvo pri výbere.";
"48432";"45795";"outdoor";"0";"0";"";"1";"Príslušenstvo k bicyklovým kľukám";"Príslušenstvo k bicyklovým kľukám";"prislusenstvo-k-bicyklovym-klukam";"";"";"";"";
"45951";"45819";"osvetlenie-3";"0";"0";"";"1";"LED žiarovky";"LED žiarovky";"led-ziarovky-3";"";"";"Osvetlenie – LED žiarovky | PremiumStore.sk";"Osvetlenie – LED žiarovky – veľký výber skladom, rýchle dodanie a výhodné ceny na PremiumStore.sk.";
"46119";"45819";"osvetlenie-3";"0";"0";"";"1";"Dekoratívne osvetlenie";"Dekoratívne osvetlenie";"dekorativne-osvetlenie-2";"";"";"Osvetlenie – Dekoratívne osvetlenie | PremiumStore.sk";"Osvetlenie – Dekoratívne osvetlenie – nakupujte výhodne na PremiumStore.sk. Overené produkty a jasný popis parametrov.";
"46131";"45819";"osvetlenie-3";"0";"0";"";"1";"Svietidlá";"Svietidlá";"svietidla-5";"";"";"Osvetlenie – Svietidlá | PremiumStore.sk";"Osvetlenie – Svietidlá na PremiumStore.sk – overené produkty, výhodné ceny a odborné poradenstvo pri výbere.";
"46206";"45819";"osvetlenie-3";"0";"0";"";"1";"Stojacie lampy";"Stojacie lampy";"stojacie-lampy";"";"";"Stojacie lampy | PremiumStore.sk";"Stojacie lampy skladom na PremiumStore.sk. Porovnajte parametre aj ceny a vyberte si presne to, čo potrebujete.";
"46578";"45819";"osvetlenie-3";"0";"0";"";"1";"Iné";"Iné";"ine-3";"";"";"Osvetlenie – Iné | PremiumStore.sk";"Osvetlenie – Iné: široký sortiment a rýchle dodanie. Nájdite si ten pravý produkt na PremiumStore.sk.";
"45909";"45825";"prvky-vykonu";"0";"0";"";"1";"Senzory";"Senzory";"senzory";"";"";"Prvky výkonu – Senzory | PremiumStore.sk";"Prvky výkonu – Senzory: široký sortiment a rýchle dodanie. Nájdite si ten pravý produkt na PremiumStore.sk.";
"46563";"45828";"smart-zastrcky";"0";"0";"";"1";"Napájacie lišty";"Napájacie lišty";"napajacie-listy-2";"";"";"Smart zástrčky – Napájacie lišty | PremiumStore.sk";"Smart zástrčky – Napájacie lišty na PremiumStore.sk – overené produkty, výhodné ceny a odborné poradenstvo pri výbere.";
"45855";"45846";"svietidla-3";"0";"0";"";"1";"Pracovné svetlá";"Pracovné svetlá";"pracovne-svetla";"";"";"Pracovné svetlá | PremiumStore.sk";"Pracovné svetlá – veľký výber skladom, rýchle dodanie a výhodné ceny na PremiumStore.sk.";
"45948";"45846";"svietidla-3";"0";"0";"";"1";"UV svietidlá";"UV svietidlá";"uv-svietidla";"";"";"UV svietidlá | PremiumStore.sk";"UV svietidlá skladom na PremiumStore.sk. Porovnajte parametre aj ceny a vyberte si presne to, čo potrebujete.";
"46716";"45846";"svietidla-3";"0";"0";"";"1";"Svetlá na bicykel";"Svetlá na bicykel";"svetla-na-bicykel";"";"";"Svetlá na bicykel | PremiumStore.sk";"Svetlá na bicykel – nakupujte výhodne na PremiumStore.sk. Overené produkty a jasný popis parametrov.";
"46089";"45894";"riadiace-jednotky";"0";"0";"";"1";"Ovládacie panely";"Ovládacie panely";"ovladacie-panely";"";"";"Ovládacie panely | PremiumStore.sk";"Ovládacie panely – veľký výber skladom, rýchle dodanie a výhodné ceny na PremiumStore.sk.";
"45975";"45972";"holiace-strojceky-a-zastrihavace";"0";"0";"";"1";"Zastrihávače";"Zastrihávače";"zastrihavace-2";"";"";"Holiace strojčeky a zastrihávače – Zastrihávače | PremiumStore.sk";"Holiace strojčeky a zastrihávače – Zastrihávače – veľký výber skladom, rýchle dodanie a výhodné ceny na PremiumStore.sk.";
"46104";"45972";"holiace-strojceky-a-zastrihavace";"0";"0";"";"1";"Holiace strojčeky";"Holiace strojčeky";"holiace-strojceky-2";"";"";"Holiace strojčeky a zastrihávače – Holiace strojčeky | PremiumStore.sk";"Holiace strojčeky a zastrihávače – Holiace strojčeky v ponuke PremiumStore.sk. Prehľadné parametre, rýchle dodanie po celom Slovensku.";
"46038";"46035";"pristroje-na-tvar";"0";"0";"";"1";"Kavitačné peelingy";"Kavitačné peelingy";"kavitacne-peelingy";"";"";"Kavitačné peelingy | PremiumStore.sk";"Kavitačné peelingy na PremiumStore.sk – overené produkty, výhodné ceny a odborné poradenstvo pri výbere.";
"46545";"46035";"pristroje-na-tvar";"0";"0";"";"1";"Iné";"Iné";"ine";"";"";"Prístroje na tvár – Iné | PremiumStore.sk";"Prístroje na tvár – Iné – nakupujte výhodne na PremiumStore.sk. Overené produkty a jasný popis parametrov.";
"46194";"46041";"prislusenstvo-pre-bicykle";"0";"0";"";"1";"Cyklotašky";"Cyklotašky";"cyklotasky-2";"";"";"Príslušenstvo pre bicykle – Cyklotašky | PremiumStore.sk";"Príslušenstvo pre bicykle – Cyklotašky – veľký výber skladom, rýchle dodanie a výhodné ceny na PremiumStore.sk.";
"46200";"46041";"prislusenstvo-pre-bicykle";"0";"0";"";"1";"Náhradné diely a nástroje";"Náhradné diely a nástroje";"nahradne-diely-a-nastroje";"";"";"Náhradné diely a nástroje | PremiumStore.sk";"Náhradné diely a nástroje skladom na PremiumStore.sk. Porovnajte parametre aj ceny a vyberte si presne to, čo potrebujete.";
"46224";"46041";"prislusenstvo-pre-bicykle";"0";"0";"";"1";"Oblečenie";"Oblečenie";"oblecenie";"";"";"Oblečenie | PremiumStore.sk";"Oblečenie – nakupujte výhodne na PremiumStore.sk. Overené produkty a jasný popis parametrov.";
"46422";"46041";"prislusenstvo-pre-bicykle";"0";"0";"";"1";"Cyklopočítače";"Cyklopočítače";"cyklopocitace";"";"";"Cyklopočítače | PremiumStore.sk";"Cyklopočítače v ponuke PremiumStore.sk. Prehľadné parametre, rýchle dodanie po celom Slovensku.";
"46425";"46041";"prislusenstvo-pre-bicykle";"0";"0";"";"1";"Senzory";"Senzory";"senzory-2";"";"";"Príslušenstvo pre bicykle – Senzory | PremiumStore.sk";"Príslušenstvo pre bicykle – Senzory na PremiumStore.sk – overené produkty, výhodné ceny a odborné poradenstvo pri výbere.";
"46428";"46041";"prislusenstvo-pre-bicykle";"0";"0";"";"1";"Rukoväte";"Rukoväte";"rukovate";"";"";"Rukoväte | PremiumStore.sk";"Rukoväte skladom na PremiumStore.sk. Porovnajte parametre aj ceny a vyberte si presne to, čo potrebujete.";
"46050";"46047";"smart-kurenie";"0";"0";"";"1";"Termostatické hlavice";"Termostatické hlavice";"termostaticke-hlavice-2";"";"";"Smart kúrenie – Termostatické hlavice | PremiumStore.sk";"Smart kúrenie – Termostatické hlavice: široký sortiment a rýchle dodanie. Nájdite si ten pravý produkt na PremiumStore.sk.";
"46356";"46047";"smart-kurenie";"0";"0";"";"1";"Ovládače klimatizácie";"Ovládače klimatizácie";"ovladace-klimatizacie";"";"";"Ovládače klimatizácie | PremiumStore.sk";"Ovládače klimatizácie: široký sortiment a rýchle dodanie. Nájdite si ten pravý produkt na PremiumStore.sk.";
"48405";"46047";"smart-kurenie";"0";"0";"";"1";"Ovládače klimatizácie a tepelného čerpadla";"Ovládače klimatizácie a tepelného čerpadla";"ovladace-klimatizacie-a-tepelneho-cerpadla";"";"";"";"";
"46083";"46080";"sonicke-zubne-kefky";"0";"0";"";"1";"Sonické zubné kefky";"Sonické zubné kefky";"sonicke-zubne-kefky-2";"";"";"Sonické zubné kefky – Sonické zubné kefky | PremiumStore.sk";"Sonické zubné kefky – Sonické zubné kefky: široký sortiment a rýchle dodanie. Nájdite si ten pravý produkt na PremiumStore.sk.";
"46377";"46080";"sonicke-zubne-kefky";"0";"0";"";"1";"Príslušenstvo";"Príslušenstvo";"prislusenstvo-23";"";"";"Sonické zubné kefky – Príslušenstvo | PremiumStore.sk";"Sonické zubné kefky – Príslušenstvo: široký sortiment a rýchle dodanie. Nájdite si ten pravý produkt na PremiumStore.sk.";
"46218";"46215";"kuchynske-prislusenstvo";"0";"0";"";"1";"Ostatné";"Ostatné";"ostatne-19";"";"";"Kuchynské príslušenstvo – Ostatné | PremiumStore.sk";"Kuchynské príslušenstvo – Ostatné – nakupujte výhodne na PremiumStore.sk. Overené produkty a jasný popis parametrov.";
"46236";"46233";"videorekordery";"0";"0";"";"1";"Príslušenstvo";"Príslušenstvo";"prislusenstvo-19";"";"";"Videorekordéry – Príslušenstvo | PremiumStore.sk";"Videorekordéry – Príslušenstvo skladom na PremiumStore.sk. Porovnajte parametre aj ceny a vyberte si presne to, čo potrebujete.";
"46818";"46233";"videorekordery";"0";"0";"";"1";"Videorekordéry";"Videorekordéry";"videorekordery-2";"";"";"Videorekordéry – Videorekordéry | PremiumStore.sk";"Videorekordéry – Videorekordéry – nakupujte výhodne na PremiumStore.sk. Overené produkty a jasný popis parametrov.";
"46521";"46272";"tlaciarne-stitkov";"0";"0";"";"1";"Tlačiarne štítkov";"Tlačiarne štítkov";"tlaciarne-stitkov-2";"";"";"Tlačiarne štítkov – Tlačiarne štítkov | PremiumStore.sk";"Tlačiarne štítkov – Tlačiarne štítkov – nakupujte výhodne na PremiumStore.sk. Overené produkty a jasný popis parametrov.";
"46332";"46329";"ustne-sprchy-2";"0";"0";"";"1";"Ústne sprchy";"Ústne sprchy";"ustne-sprchy-3";"";"";"Ústne sprchy – Ústne sprchy | PremiumStore.sk";"Ústne sprchy – Ústne sprchy – veľký výber skladom, rýchle dodanie a výhodné ceny na PremiumStore.sk.";
"46635";"46347";"kreativne-technologie";"0";"0";"";"1";"3D SLAM ručné skenery";"3D SLAM ručné skenery";"3d-slam-rucne-skenery";"";"";"3D SLAM ručné skenery | PremiumStore.sk";"3D SLAM ručné skenery v ponuke PremiumStore.sk. Prehľadné parametre, rýchle dodanie po celom Slovensku.";
"46686";"46347";"kreativne-technologie";"0";"0";"";"1";"Potlač textilu";"Potlač textilu";"potlac-textilu";"";"";"Potlač textilu | PremiumStore.sk";"Potlač textilu – nakupujte výhodne na PremiumStore.sk. Overené produkty a jasný popis parametrov.";
"46689";"46347";"kreativne-technologie";"0";"0";"";"1";"Metalurgia";"Metalurgia";"metalurgia";"";"";"Metalurgia | PremiumStore.sk";"Metalurgia – nakupujte výhodne na PremiumStore.sk. Overené produkty a jasný popis parametrov.";
"46707";"46347";"kreativne-technologie";"0";"0";"";"1";"Roboty";"Roboty";"roboty";"";"";"Roboty | PremiumStore.sk";"Roboty: široký sortiment a rýchle dodanie. Nájdite si ten pravý produkt na PremiumStore.sk.";
"46776";"46347";"kreativne-technologie";"0";"0";"";"1";"CNC stroje";"CNC stroje";"cnc-stroje";"";"";"CNC stroje | PremiumStore.sk";"CNC stroje – veľký výber skladom, rýchle dodanie a výhodné ceny na PremiumStore.sk.";
"46359";"46356";"ovladace-klimatizacie";"0";"0";"";"1";"tepelného čerpadla";"tepelného čerpadla";"tepelneho-cerpadla";"";"";"tepelného čerpadla | PremiumStore.sk";"tepelného čerpadla skladom na PremiumStore.sk. Porovnajte parametre aj ceny a vyberte si presne to, čo potrebujete.";
"46407";"46404";"matka-a-dieta";"0";"0";"";"1";"Detská izba";"Detská izba";"detska-izba";"";"";"Detská izba | PremiumStore.sk";"Detská izba: široký sortiment a rýchle dodanie. Nájdite si ten pravý produkt na PremiumStore.sk.";
"46743";"46404";"matka-a-dieta";"0";"0";"";"1";"Kŕmenie dieťaťa";"Kŕmenie dieťaťa";"krmenie-dietata";"";"";"Kŕmenie dieťaťa | PremiumStore.sk";"Kŕmenie dieťaťa v ponuke PremiumStore.sk. Prehľadné parametre, rýchle dodanie po celom Slovensku.";
"46749";"46404";"matka-a-dieta";"0";"0";"";"1";"Odsávačky mlieka a masážne prístroje";"Odsávačky mlieka a masážne prístroje";"odsavacky-mlieka-a-masazne-pristroje";"";"";"Odsávačky mlieka a masážne prístroje | PremiumStore.sk";"Odsávačky mlieka a masážne prístroje: široký sortiment a rýchle dodanie. Nájdite si ten pravý produkt na PremiumStore.sk.";
"46824";"46404";"matka-a-dieta";"0";"0";"";"1";"Elektronické príslušenstvo";"Elektronické príslušenstvo";"elektronicke-prislusenstvo";"";"";"Elektronické príslušenstvo | PremiumStore.sk";"Elektronické príslušenstvo: široký sortiment a rýchle dodanie. Nájdite si ten pravý produkt na PremiumStore.sk.";
"46410";"46407";"detska-izba";"0";"0";"";"1";"Hodinky a budíky";"Hodinky a budíky";"hodinky-a-budiky";"";"";"Hodinky a budíky | PremiumStore.sk";"Hodinky a budíky v ponuke PremiumStore.sk. Prehľadné parametre, rýchle dodanie po celom Slovensku.";
"46668";"46413";"3d-tlac";"0";"0";"";"1";"Diely";"Diely";"diely";"";"";"Diely | PremiumStore.sk";"Diely skladom na PremiumStore.sk. Porovnajte parametre aj ceny a vyberte si presne to, čo potrebujete.";
"46437";"46434";"elektricke-stanice";"0";"0";"";"1";"Príslušenstvo";"Príslušenstvo";"prislusenstvo-24";"";"";"Elektrické stanice – Príslušenstvo | PremiumStore.sk";"Elektrické stanice – Príslušenstvo na PremiumStore.sk – overené produkty, výhodné ceny a odborné poradenstvo pri výbere.";
"46830";"46434";"elektricke-stanice";"0";"0";"";"1";"Elektrické stanice";"Elektrické stanice";"elektricke-stanice-2";"";"";"Elektrické stanice – Elektrické stanice | PremiumStore.sk";"Elektrické stanice – Elektrické stanice skladom na PremiumStore.sk. Porovnajte parametre aj ceny a vyberte si presne to, čo potrebujete.";
"48408";"46434";"elektricke-stanice";"0";"0";"";"1";"Príslušenstvo k elektrickým staniciam";"Príslušenstvo k elektrickým staniciam";"prislusenstvo-k-elektrickym-staniciam";"";"";"";"";
"46509";"46506";"erotika";"0";"0";"";"1";"Vibrátory";"Vibrátory";"vibratory";"";"";"Vibrátory | PremiumStore.sk";"Vibrátory – nakupujte výhodne na PremiumStore.sk. Overené produkty a jasný popis parametrov.";
"46614";"46611";"fotovoltaicke-panely";"0";"0";"";"1";"Príslušenstvo";"Príslušenstvo";"prislusenstvo-26";"";"";"Fotovoltaické panely – Príslušenstvo | PremiumStore.sk";"Fotovoltaické panely – Príslušenstvo – nakupujte výhodne na PremiumStore.sk. Overené produkty a jasný popis parametrov.";
"46683";"46611";"fotovoltaicke-panely";"0";"0";"";"1";"Fotovoltaické panely";"Fotovoltaické panely";"fotovoltaicke-panely-2";"";"";"Fotovoltaické panely – Fotovoltaické panely | PremiumStore.sk";"Fotovoltaické panely – Fotovoltaické panely – nakupujte výhodne na PremiumStore.sk. Overené produkty a jasný popis parametrov.";
"46692";"46611";"fotovoltaicke-panely";"0";"0";"";"1";"Balkónové systémy";"Balkónové systémy";"balkonove-systemy";"";"";"Balkónové systémy | PremiumStore.sk";"Balkónové systémy: široký sortiment a rýchle dodanie. Nájdite si ten pravý produkt na PremiumStore.sk.";
"46680";"46677";"umyvanie-a-cistenie";"0";"0";"";"1";"Vysávače do auta";"Vysávače do auta";"vysavace-do-auta";"";"";"Vysávače do auta | PremiumStore.sk";"Vysávače do auta skladom na PremiumStore.sk. Porovnajte parametre aj ceny a vyberte si presne to, čo potrebujete.";
"46704";"46698";"rybarcenie";"0";"0";"";"1";"Ostatné";"Ostatné";"ostatne-24";"";"";"Rybárčenie – Ostatné | PremiumStore.sk";"Rybárčenie – Ostatné skladom na PremiumStore.sk. Porovnajte parametre aj ceny a vyberte si presne to, čo potrebujete.";
"46710";"46707";"roboty";"0";"0";"";"1";"Roboty Humanoidalne";"Roboty Humanoidalne";"roboty-humanoidalne";"";"";"Roboty Humanoidalne | PremiumStore.sk";"Roboty Humanoidalne: široký sortiment a rýchle dodanie. Nájdite si ten pravý produkt na PremiumStore.sk.";
"46713";"46710";"roboty-humanoidalne";"0";"0";"";"1";"Seria R1";"Seria R1";"seria-r1";"";"";"Seria R1 | PremiumStore.sk";"Seria R1 skladom na PremiumStore.sk. Porovnajte parametre aj ceny a vyberte si presne to, čo potrebujete.";
"48429";"46710";"roboty-humanoidalne";"0";"0";"";"1";"Humanoidné roboty séria R1";"Humanoidné roboty séria R1";"humanoidne-roboty-seria-r1";"";"";"";"";
"46752";"46749";"odsavacky-mlieka-a-masazne-pristroje";"0";"0";"";"1";"Odsávačky mlieka";"Odsávačky mlieka";"odsavacky-mlieka";"";"";"Odsávačky mlieka | PremiumStore.sk";"Odsávačky mlieka na PremiumStore.sk – overené produkty, výhodné ceny a odborné poradenstvo pri výbere.";
"46803";"46800";"batohy-3";"0";"0";"";"1";"tašky";"tašky";"tasky-2";"";"";"Batohy – tašky | PremiumStore.sk";"Batohy – tašky – veľký výber skladom, rýchle dodanie a výhodné ceny na PremiumStore.sk.";
"46827";"46824";"elektronicke-prislusenstvo";"0";"0";"";"1";"Slúchadlá a reproduktory";"Slúchadlá a reproduktory";"sluchadla-a-reproduktory";"";"";"Slúchadlá a reproduktory | PremiumStore.sk";"Slúchadlá a reproduktory skladom na PremiumStore.sk. Porovnajte parametre aj ceny a vyberte si presne to, čo potrebujete.";
"46986";"46839";"profesionalna-audio-technika";"0";"0";"";"1";"Výpredaj";"Výpredaj";"vypredaj";"";"";"Výpredaj | PremiumStore.sk";"Výpredaj – veľký výber skladom, rýchle dodanie a výhodné ceny na PremiumStore.sk.";
"47055";"46839";"profesionalna-audio-technika";"0";"0";"";"1";"Špeciálna ponuka + Akciové sety";"Špeciálna ponuka + Akciové sety";"specialna-ponuka-akciove-sety";"";"";"Špeciálna ponuka + Akciové sety | PremiumStore.sk";"Špeciálna ponuka + Akciové sety – nakupujte výhodne na PremiumStore.sk. Overené produkty a jasný popis parametrov.";
"47487";"46839";"profesionalna-audio-technika";"0";"0";"";"1";"Multi-room";"Multi-room";"multi-room";"";"";"Multi-room | PremiumStore.sk";"Multi-room – nakupujte výhodne na PremiumStore.sk. Overené produkty a jasný popis parametrov.";
"47493";"46839";"profesionalna-audio-technika";"0";"0";"";"1";"ZZIPP";"ZZIPP";"zzipp";"";"";"ZZIPP | PremiumStore.sk";"ZZIPP skladom na PremiumStore.sk. Porovnajte parametre aj ceny a vyberte si presne to, čo potrebujete.";
"47499";"46839";"profesionalna-audio-technika";"0";"0";"";"1";"Nové produkty";"Nové produkty";"nove-produkty";"";"";"Nové produkty | PremiumStore.sk";"Nové produkty na PremiumStore.sk – overené produkty, výhodné ceny a odborné poradenstvo pri výbere.";
"47502";"46839";"profesionalna-audio-technika";"0";"0";"";"1";"BZBGEAR";"BZBGEAR";"bzbgear";"";"";"BZBGEAR | PremiumStore.sk";"BZBGEAR na PremiumStore.sk – overené produkty, výhodné ceny a odborné poradenstvo pri výbere.";
"46845";"46842";"naradia--do-it-yourself--napajanie--meracia-technika";"0";"0";"";"1";"Skrinky Do It Yourself";"Skrinky Do It Yourself";"skrinky-do-it-yourself";"";"";"Skrinky Do It Yourself | PremiumStore.sk";"Skrinky Do It Yourself v ponuke PremiumStore.sk. Prehľadné parametre, rýchle dodanie po celom Slovensku.";
"46998";"46842";"naradia--do-it-yourself--napajanie--meracia-technika";"0";"0";"";"1";"Príslušenstvo a iné";"Príslušenstvo a iné";"prislusenstvo-a-ine";"";"";"Príslušenstvo a iné | PremiumStore.sk";"Príslušenstvo a iné – nakupujte výhodne na PremiumStore.sk. Overené produkty a jasný popis parametrov.";
"47013";"46842";"naradia--do-it-yourself--napajanie--meracia-technika";"0";"0";"";"1";"Náradie";"Náradie";"naradie-2";"";"";"Náradia, Do It Yourself, napájanie, meracia technika – Náradie";"Náradia, Do It Yourself, napájanie, meracia technika – Náradie: široký sortiment a rýchle dodanie. Nájdite si ten pravý produkt na PremiumStore.sk.";
"47121";"46842";"naradia--do-it-yourself--napajanie--meracia-technika";"0";"0";"";"1";"Vysielačky";"Vysielačky";"vysielacky-3";"";"";"Náradia, Do It Yourself, napájanie, meracia technika – Vysielačky";"Náradia, Do It Yourself, napájanie, meracia technika – Vysielačky – veľký výber skladom, rýchle dodanie a výhodné ceny na PremiumStore.sk.";
"47157";"46842";"naradia--do-it-yourself--napajanie--meracia-technika";"0";"0";"";"1";"Chémia";"Chémia";"chemia-4";"";"";"Náradia, Do It Yourself, napájanie, meracia technika – Chémia";"Náradia, Do It Yourself, napájanie, meracia technika – Chémia – veľký výber skladom, rýchle dodanie a výhodné ceny na PremiumStore.sk.";
"47244";"46842";"naradia--do-it-yourself--napajanie--meracia-technika";"0";"0";"";"1";"Spájkovacie stanice";"Spájkovacie stanice";"spajkovacie-stanice";"";"";"Spájkovacie stanice | PremiumStore.sk";"Spájkovacie stanice – nakupujte výhodne na PremiumStore.sk. Overené produkty a jasný popis parametrov.";
"47310";"46842";"naradia--do-it-yourself--napajanie--meracia-technika";"0";"0";"";"1";"Napájanie";"Napájanie";"napajanie-2";"";"";"Náradia, Do It Yourself, napájanie, meracia technika – Napájanie";"Náradia, Do It Yourself, napájanie, meracia technika – Napájanie – veľký výber skladom, rýchle dodanie a výhodné ceny na PremiumStore.sk.";
"48291";"46842";"naradia--do-it-yourself--napajanie--meracia-technika";"0";"0";"";"1";"Ostatné príslušenstvo pre náradie a DIY";"Ostatné príslušenstvo pre náradie a DIY";"ostatne-prislusenstvo-pre-naradie-a-diy";"";"";"";"";
"48315";"46842";"naradia--do-it-yourself--napajanie--meracia-technika";"0";"0";"";"1";"Technická chémia";"Technická chémia";"technicka-chemia";"";"";"";"";
"46938";"46848";"podium--diskoteka--dj";"0";"0";"";"1";"Pódiové, DJ príslušenstvo";"Pódiové, DJ príslušenstvo";"podiove--dj-prislusenstvo";"";"";"Pódiové, DJ príslušenstvo | PremiumStore.sk";"Pódiové, DJ príslušenstvo skladom na PremiumStore.sk. Porovnajte parametre aj ceny a vyberte si presne to, čo potrebujete.";
"47025";"46848";"podium--diskoteka--dj";"0";"0";"";"1";"Gramofóny";"Gramofóny";"gramofony-3";"";"";"Pódium, diskotéka, DJ – Gramofóny | PremiumStore.sk";"Pódium, diskotéka, DJ – Gramofóny – nakupujte výhodne na PremiumStore.sk. Overené produkty a jasný popis parametrov.";
"47118";"46848";"podium--diskoteka--dj";"0";"0";"";"1";"Káble a príslušenstvo";"Káble a príslušenstvo";"kable-a-prislusenstvo";"";"";"Káble a príslušenstvo | PremiumStore.sk";"Káble a príslušenstvo: široký sortiment a rýchle dodanie. Nájdite si ten pravý produkt na PremiumStore.sk.";
"47148";"46848";"podium--diskoteka--dj";"0";"0";"";"1";"Predzosilňovače audio";"Predzosilňovače audio";"predzosilnovace-audio";"";"";"Predzosilňovače audio | PremiumStore.sk";"Predzosilňovače audio skladom na PremiumStore.sk. Porovnajte parametre aj ceny a vyberte si presne to, čo potrebujete.";
"47172";"46848";"podium--diskoteka--dj";"0";"0";"";"1";"Distribútory";"Distribútory";"distributory";"";"";"Distribútory | PremiumStore.sk";"Distribútory: široký sortiment a rýchle dodanie. Nájdite si ten pravý produkt na PremiumStore.sk.";
"47178";"46848";"podium--diskoteka--dj";"0";"0";"";"1";"ozvučovacie systémy";"ozvučovacie systémy";"ozvucovacie-systemy";"";"";"ozvučovacie systémy | PremiumStore.sk";"ozvučovacie systémy na PremiumStore.sk – overené produkty, výhodné ceny a odborné poradenstvo pri výbere.";
"47355";"46848";"podium--diskoteka--dj";"0";"0";"";"1";"Chrániče sluchu";"Chrániče sluchu";"chranice-sluchu-2";"";"";"Pódium, diskotéka, DJ – Chrániče sluchu | PremiumStore.sk";"Pódium, diskotéka, DJ – Chrániče sluchu – nakupujte výhodne na PremiumStore.sk. Overené produkty a jasný popis parametrov.";
"47496";"46848";"podium--diskoteka--dj";"0";"0";"";"1";"Prehrávače CD a MP3";"Prehrávače CD a MP3";"prehravace-cd-a-mp3";"";"";"Prehrávače CD a MP3 | PremiumStore.sk";"Prehrávače CD a MP3 na PremiumStore.sk – overené produkty, výhodné ceny a odborné poradenstvo pri výbere.";
"47196";"46851";"transportne-kufre-a-racky";"0";"0";"";"1";"transportné skrine";"transportné skrine";"transportne-skrine";"";"";"transportné skrine | PremiumStore.sk";"transportné skrine – nakupujte výhodne na PremiumStore.sk. Overené produkty a jasný popis parametrov.";
"47478";"46851";"transportne-kufre-a-racky";"0";"0";"";"1";"tašky";"tašky";"tasky-3";"";"";"transportné kufre a racky – tašky | PremiumStore.sk";"transportné kufre a racky – tašky skladom na PremiumStore.sk. Porovnajte parametre aj ceny a vyberte si presne to, čo potrebujete.";
"47124";"46854";"prislusenstvo-27";"0";"0";"";"1";"Kolieska";"Kolieska";"kolieska";"";"";"Kolieska | PremiumStore.sk";"Kolieska – veľký výber skladom, rýchle dodanie a výhodné ceny na PremiumStore.sk.";
"47250";"46854";"prislusenstvo-27";"0";"0";"";"1";"rohy a profily";"rohy a profily";"rohy-a-profily";"";"";"rohy a profily | PremiumStore.sk";"rohy a profily v ponuke PremiumStore.sk. Prehľadné parametre, rýchle dodanie po celom Slovensku.";
"46902";"46863";"kable-3";"0";"0";"";"1";"adaptéry";"adaptéry";"adaptery-3";"";"";"Káble – adaptéry | PremiumStore.sk";"Káble – adaptéry skladom na PremiumStore.sk. Porovnajte parametre aj ceny a vyberte si presne to, čo potrebujete.";
"46908";"46863";"kable-3";"0";"0";"";"1";"3.5/2.5mm";"3.5/2.5mm";"3-5-2-5mm";"";"";"Káble – 3.5/2.5mm | PremiumStore.sk";"Káble – 3.5/2.5mm v ponuke PremiumStore.sk. Prehľadné parametre, rýchle dodanie po celom Slovensku.";
"47139";"46863";"kable-3";"0";"0";"";"1";"HDMI, DVI-D, SVHS";"HDMI, DVI-D, SVHS";"hdmi--dvi-d--svhs";"";"";"HDMI, DVI-D, SVHS | PremiumStore.sk";"HDMI, DVI-D, SVHS na PremiumStore.sk – overené produkty, výhodné ceny a odborné poradenstvo pri výbere.";
"47154";"46863";"kable-3";"0";"0";"";"1";"Sieťové";"Sieťové";"sietove";"";"";"Sieťové | PremiumStore.sk";"Sieťové – veľký výber skladom, rýchle dodanie a výhodné ceny na PremiumStore.sk.";
"47385";"46863";"kable-3";"0";"0";"";"1";"BNC";"BNC";"bnc-2";"";"";"Káble – BNC | PremiumStore.sk";"Káble – BNC – veľký výber skladom, rýchle dodanie a výhodné ceny na PremiumStore.sk.";
"47469";"46863";"kable-3";"0";"0";"";"1";"video na kotúči";"video na kotúči";"video-na-kotuci";"";"";"video na kotúči | PremiumStore.sk";"video na kotúči: široký sortiment a rýchle dodanie. Nájdite si ten pravý produkt na PremiumStore.sk.";
"47481";"46863";"kable-3";"0";"0";"";"1";"USB";"USB";"usb";"";"";"Káble – USB | PremiumStore.sk";"Káble – USB – nakupujte výhodne na PremiumStore.sk. Overené produkty a jasný popis parametrov.";
"46899";"46869";"konektory-a-redukcie";"0";"0";"";"1";"iné";"iné";"ine-5";"";"";"Konektory a redukcie – iné | PremiumStore.sk";"Konektory a redukcie – iné na PremiumStore.sk – overené produkty, výhodné ceny a odborné poradenstvo pri výbere.";
"46971";"46869";"konektory-a-redukcie";"0";"0";"";"1";"BNC";"BNC";"bnc";"";"";"Konektory a redukcie – BNC | PremiumStore.sk";"Konektory a redukcie – BNC na PremiumStore.sk – overené produkty, výhodné ceny a odborné poradenstvo pri výbere.";
"46887";"46884";"car-audio";"0";"0";"";"1";"Káble";"Káble";"kable-4";"";"";"Car audio – Káble | PremiumStore.sk";"Car audio – Káble na PremiumStore.sk – overené produkty, výhodné ceny a odborné poradenstvo pri výbere.";
"46911";"46884";"car-audio";"0";"0";"";"1";"Príslušenstvo Car audio";"Príslušenstvo Car audio";"prislusenstvo-car-audio";"";"";"Príslušenstvo Car audio | PremiumStore.sk";"Príslušenstvo Car audio: široký sortiment a rýchle dodanie. Nájdite si ten pravý produkt na PremiumStore.sk.";
"47010";"46884";"car-audio";"0";"0";"";"1";"Poistky, púzdra, distribútory";"Poistky, púzdra, distribútory";"poistky--puzdra--distributory";"";"";"Poistky, púzdra, distribútory | PremiumStore.sk";"Poistky, púzdra, distribútory: široký sortiment a rýchle dodanie. Nájdite si ten pravý produkt na PremiumStore.sk.";
"47058";"46884";"car-audio";"0";"0";"";"1";"Reproduktory";"Reproduktory";"reproduktory-7";"";"";"Car audio – Reproduktory | PremiumStore.sk";"Car audio – Reproduktory skladom na PremiumStore.sk. Porovnajte parametre aj ceny a vyberte si presne to, čo potrebujete.";
"46890";"46887";"kable-4";"0";"0";"";"1";"signálové";"signálové";"signalove";"";"";"signálové | PremiumStore.sk";"signálové – nakupujte výhodne na PremiumStore.sk. Overené produkty a jasný popis parametrov.";
"47214";"46914";"reproduktory-5";"0";"0";"";"1";"náhradné cievky";"náhradné cievky";"nahradne-cievky";"";"";"náhradné cievky | PremiumStore.sk";"náhradné cievky v ponuke PremiumStore.sk. Prehľadné parametre, rýchle dodanie po celom Slovensku.";
"47235";"46914";"reproduktory-5";"0";"0";"";"1";"drivery";"drivery";"drivery";"";"";"drivery | PremiumStore.sk";"drivery: široký sortiment a rýchle dodanie. Nájdite si ten pravý produkt na PremiumStore.sk.";
"47241";"46914";"reproduktory-5";"0";"0";"";"1";"stredové";"stredové";"stredove";"";"";"stredové | PremiumStore.sk";"stredové – veľký výber skladom, rýchle dodanie a výhodné ceny na PremiumStore.sk.";
"47484";"46914";"reproduktory-5";"0";"0";"";"1";"Reproduktorové stavebnice";"Reproduktorové stavebnice";"reproduktorove-stavebnice";"";"";"Reproduktorové stavebnice | PremiumStore.sk";"Reproduktorové stavebnice – veľký výber skladom, rýchle dodanie a výhodné ceny na PremiumStore.sk.";
"47169";"46920";"plosne-ozvucenie--100v-rozhlasove-ozvucenie";"0";"0";"";"1";"Bezdrôtové zosilňovacie systémy (Loop)";"Bezdrôtové zosilňovacie systémy (Loop)";"bezdrotove-zosilnovacie-systemy--loop";"";"";"Bezdrôtové zosilňovacie systémy (Loop) | PremiumStore.sk";"Bezdrôtové zosilňovacie systémy (Loop) na PremiumStore.sk – overené produkty, výhodné ceny a odborné poradenstvo pri výbere.";
"47289";"46920";"plosne-ozvucenie--100v-rozhlasove-ozvucenie";"0";"0";"";"1";"Iné 100V zariadenia";"Iné 100V zariadenia";"ine-100v-zariadenia";"";"";"Iné 100V zariadenia | PremiumStore.sk";"Iné 100V zariadenia skladom na PremiumStore.sk. Porovnajte parametre aj ceny a vyberte si presne to, čo potrebujete.";
"47322";"46920";"plosne-ozvucenie--100v-rozhlasove-ozvucenie";"0";"0";"";"1";"Bezdrôtový prenos zvuku";"Bezdrôtový prenos zvuku";"bezdrotovy-prenos-zvuku";"";"";"Bezdrôtový prenos zvuku | PremiumStore.sk";"Bezdrôtový prenos zvuku skladom na PremiumStore.sk. Porovnajte parametre aj ceny a vyberte si presne to, čo potrebujete.";
"47364";"46920";"plosne-ozvucenie--100v-rozhlasove-ozvucenie";"0";"0";"";"1";"Megafóny";"Megafóny";"megafony";"";"";"Megafóny | PremiumStore.sk";"Megafóny na PremiumStore.sk – overené produkty, výhodné ceny a odborné poradenstvo pri výbere.";
"47367";"46920";"plosne-ozvucenie--100v-rozhlasove-ozvucenie";"0";"0";"";"1";"Transformátory 100V";"Transformátory 100V";"transformatory-100v";"";"";"Transformátory 100V | PremiumStore.sk";"Transformátory 100V – nakupujte výhodne na PremiumStore.sk. Overené produkty a jasný popis parametrov.";
"47370";"46920";"plosne-ozvucenie--100v-rozhlasove-ozvucenie";"0";"0";"";"1";"Prenosné ozvučovacie systémy";"Prenosné ozvučovacie systémy";"prenosne-ozvucovacie-systemy";"";"";"Prenosné ozvučovacie systémy | PremiumStore.sk";"Prenosné ozvučovacie systémy – nakupujte výhodne na PremiumStore.sk. Overené produkty a jasný popis parametrov.";
"47388";"46920";"plosne-ozvucenie--100v-rozhlasove-ozvucenie";"0";"0";"";"1";"Zosilňovače hlasu";"Zosilňovače hlasu";"zosilnovace-hlasu";"";"";"Zosilňovače hlasu | PremiumStore.sk";"Zosilňovače hlasu na PremiumStore.sk – overené produkty, výhodné ceny a odborné poradenstvo pri výbere.";
"47394";"46920";"plosne-ozvucenie--100v-rozhlasove-ozvucenie";"0";"0";"";"1";"IP ozvučenie";"IP ozvučenie";"ip-ozvucenie";"";"";"IP ozvučenie | PremiumStore.sk";"IP ozvučenie v ponuke PremiumStore.sk. Prehľadné parametre, rýchle dodanie po celom Slovensku.";
"47088";"46929";"reproduktory-6";"0";"0";"";"1";"projektory zvuku 100V";"projektory zvuku 100V";"projektory-zvuku-100v";"";"";"projektory zvuku 100V | PremiumStore.sk";"projektory zvuku 100V v ponuke PremiumStore.sk. Prehľadné parametre, rýchle dodanie po celom Slovensku.";
"47127";"46929";"reproduktory-6";"0";"0";"";"1";"záhradné";"záhradné";"zahradne";"";"";"záhradné | PremiumStore.sk";"záhradné – veľký výber skladom, rýchle dodanie a výhodné ceny na PremiumStore.sk.";
"47391";"46941";"tlmocnicke--sprievodcovske-a-konferencne-systemy";"0";"0";"";"1";"Sprievodcovský systém";"Sprievodcovský systém";"sprievodcovsky-system";"";"";"Sprievodcovský systém | PremiumStore.sk";"Sprievodcovský systém skladom na PremiumStore.sk. Porovnajte parametre aj ceny a vyberte si presne to, čo potrebujete.";
"47448";"46941";"tlmocnicke--sprievodcovske-a-konferencne-systemy";"0";"0";"";"1";"Tlmočnícky systém";"Tlmočnícky systém";"tlmocnicky-system";"";"";"Tlmočnícky systém | PremiumStore.sk";"Tlmočnícky systém – veľký výber skladom, rýchle dodanie a výhodné ceny na PremiumStore.sk.";
"47472";"46941";"tlmocnicke--sprievodcovske-a-konferencne-systemy";"0";"0";"";"1";"Rečnícke pulty";"Rečnícke pulty";"recnicke-pulty";"";"";"Rečnícke pulty | PremiumStore.sk";"Rečnícke pulty – nakupujte výhodne na PremiumStore.sk. Overené produkty a jasný popis parametrov.";
"46947";"46944";"bezdrotovy--sprievodcovsky-system";"0";"0";"";"1";"nabíjačky a príslušenstvo";"nabíjačky a príslušenstvo";"nabijacky-a-prislusenstvo";"";"";"nabíjačky a príslušenstvo | PremiumStore.sk";"nabíjačky a príslušenstvo: široký sortiment a rýchle dodanie. Nájdite si ten pravý produkt na PremiumStore.sk.";
"46953";"46944";"bezdrotovy--sprievodcovsky-system";"0";"0";"";"1";"prijímače";"prijímače";"prijimace";"";"";"prijímače | PremiumStore.sk";"prijímače – nakupujte výhodne na PremiumStore.sk. Overené produkty a jasný popis parametrov.";
"46962";"46959";"stativy-drziaky";"0";"0";"";"1";"príslušenstvo";"príslušenstvo";"prislusenstvo-29";"";"";"Statívy/držiaky – príslušenstvo | PremiumStore.sk";"Statívy/držiaky – príslušenstvo v ponuke PremiumStore.sk. Prehľadné parametre, rýchle dodanie po celom Slovensku.";
"47130";"46959";"stativy-drziaky";"0";"0";"";"1";"mikrofónové husí krk";"mikrofónové husí krk";"mikrofonove-husi-krk";"";"";"mikrofónové husí krk | PremiumStore.sk";"mikrofónové husí krk: široký sortiment a rýchle dodanie. Nájdite si ten pravý produkt na PremiumStore.sk.";
"47133";"46959";"stativy-drziaky";"0";"0";"";"1";"hudobných nástrojov a nôt";"hudobných nástrojov a nôt";"hudobnych-nastrojov-a-not";"";"";"hudobných nástrojov a nôt | PremiumStore.sk";"hudobných nástrojov a nôt – nakupujte výhodne na PremiumStore.sk. Overené produkty a jasný popis parametrov.";
"46968";"46965";"sluchadla-4";"0";"0";"";"1";"s mikrofónom";"s mikrofónom";"s-mikrofonom";"";"";"s mikrofónom | PremiumStore.sk";"s mikrofónom – nakupujte výhodne na PremiumStore.sk. Overené produkty a jasný popis parametrov.";
"47106";"46965";"sluchadla-4";"0";"0";"";"1";"na ucho";"na ucho";"na-ucho";"";"";"na ucho | PremiumStore.sk";"na ucho: široký sortiment a rýchle dodanie. Nájdite si ten pravý produkt na PremiumStore.sk.";
"47208";"46965";"sluchadla-4";"0";"0";"";"1";"špeciálne";"špeciálne";"specialne-3";"";"";"Slúchadlá – špeciálne | PremiumStore.sk";"Slúchadlá – špeciálne skladom na PremiumStore.sk. Porovnajte parametre aj ceny a vyberte si presne to, čo potrebujete.";
"47328";"46965";"sluchadla-4";"0";"0";"";"1";"do ucha";"do ucha";"do-ucha";"";"";"do ucha | PremiumStore.sk";"do ucha na PremiumStore.sk – overené produkty, výhodné ceny a odborné poradenstvo pri výbere.";
"46977";"46974";"prislusenstvo-k-reproduktorom";"0";"0";"";"1";"konektory";"konektory";"konektory-4";"";"";"Príslušenstvo k reproduktorom – konektory | PremiumStore.sk";"Príslušenstvo k reproduktorom – konektory na PremiumStore.sk – overené produkty, výhodné ceny a odborné poradenstvo pri výbere.";
"46983";"46974";"prislusenstvo-k-reproduktorom";"0";"0";"";"1";"bassreflexy";"bassreflexy";"bassreflexy";"";"";"bassreflexy | PremiumStore.sk";"bassreflexy – veľký výber skladom, rýchle dodanie a výhodné ceny na PremiumStore.sk.";
"47052";"46974";"prislusenstvo-k-reproduktorom";"0";"0";"";"1";"výhybky";"výhybky";"vyhybky-2";"";"";"Príslušenstvo k reproduktorom – výhybky | PremiumStore.sk";"Príslušenstvo k reproduktorom – výhybky: široký sortiment a rýchle dodanie. Nájdite si ten pravý produkt na PremiumStore.sk.";
"47184";"46974";"prislusenstvo-k-reproduktorom";"0";"0";"";"1";"transformátory";"transformátory";"transformatory";"";"";"transformátory | PremiumStore.sk";"transformátory – veľký výber skladom, rýchle dodanie a výhodné ceny na PremiumStore.sk.";
"47211";"46974";"prislusenstvo-k-reproduktorom";"0";"0";"";"1";"tlmiaci materiál a  pásky";"tlmiaci materiál a  pásky";"tlmiaci-material-a--pasky";"";"";"tlmiaci materiál a  pásky | PremiumStore.sk";"tlmiaci materiál a  pásky na PremiumStore.sk – overené produkty, výhodné ceny a odborné poradenstvo pri výbere.";
"47226";"46974";"prislusenstvo-k-reproduktorom";"0";"0";"";"1";"zvukovody";"zvukovody";"zvukovody";"";"";"zvukovody | PremiumStore.sk";"zvukovody v ponuke PremiumStore.sk. Prehľadné parametre, rýchle dodanie po celom Slovensku.";
"47325";"46974";"prislusenstvo-k-reproduktorom";"0";"0";"";"1";"zosilňovacie moduly";"zosilňovacie moduly";"zosilnovacie-moduly";"";"";"zosilňovacie moduly | PremiumStore.sk";"zosilňovacie moduly na PremiumStore.sk – overené produkty, výhodné ceny a odborné poradenstvo pri výbere.";
"47331";"46974";"prislusenstvo-k-reproduktorom";"0";"0";"";"1";"ochranné grily";"ochranné grily";"ochranne-grily";"";"";"ochranné grily | PremiumStore.sk";"ochranné grily – veľký výber skladom, rýchle dodanie a výhodné ceny na PremiumStore.sk.";
"46992";"46989";"meracie-pristroje-2";"0";"0";"";"1";"Meracie káble a konektory";"Meracie káble a konektory";"meracie-kable-a-konektory";"";"";"Meracie káble a konektory | PremiumStore.sk";"Meracie káble a konektory: široký sortiment a rýchle dodanie. Nájdite si ten pravý produkt na PremiumStore.sk.";
"47016";"46989";"meracie-pristroje-2";"0";"0";"";"1";"Merače iné, detektory a testery";"Merače iné, detektory a testery";"merace-ine--detektory-a-testery";"";"";"Merače iné, detektory a testery | PremiumStore.sk";"Merače iné, detektory a testery – nakupujte výhodne na PremiumStore.sk. Overené produkty a jasný popis parametrov.";
"47049";"46989";"meracie-pristroje-2";"0";"0";"";"1";"Multimetre";"Multimetre";"multimetre";"";"";"Multimetre | PremiumStore.sk";"Multimetre v ponuke PremiumStore.sk. Prehľadné parametre, rýchle dodanie po celom Slovensku.";
"47307";"46989";"meracie-pristroje-2";"0";"0";"";"1";"Merače panelové";"Merače panelové";"merace-panelove";"";"";"Merače panelové | PremiumStore.sk";"Merače panelové: široký sortiment a rýchle dodanie. Nájdite si ten pravý produkt na PremiumStore.sk.";
"47337";"46989";"meracie-pristroje-2";"0";"0";"";"1";"Merače úrovne zvuku";"Merače úrovne zvuku";"merace-urovne-zvuku";"";"";"Merače úrovne zvuku | PremiumStore.sk";"Merače úrovne zvuku – nakupujte výhodne na PremiumStore.sk. Overené produkty a jasný popis parametrov.";
"47340";"47001";"reproduktorove-systemy";"0";"0";"";"1";"štúdiové";"štúdiové";"studiove";"";"";"štúdiové | PremiumStore.sk";"štúdiové – nakupujte výhodne na PremiumStore.sk. Overené produkty a jasný popis parametrov.";
"47022";"47019";"svetla-2";"0";"0";"";"1";"Statívy a príslušenstvo";"Statívy a príslušenstvo";"stativy-a-prislusenstvo";"";"";"Statívy a príslušenstvo | PremiumStore.sk";"Statívy a príslušenstvo: široký sortiment a rýchle dodanie. Nájdite si ten pravý produkt na PremiumStore.sk.";
"47508";"47019";"svetla-2";"0";"0";"";"1";"Architektonické osvetlenie";"Architektonické osvetlenie";"architektonicke-osvetlenie";"";"";"Architektonické osvetlenie | PremiumStore.sk";"Architektonické osvetlenie: široký sortiment a rýchle dodanie. Nájdite si ten pravý produkt na PremiumStore.sk.";
"47511";"47019";"svetla-2";"0";"0";"";"1";"Svetelné efekty";"Svetelné efekty";"svetelne-efekty";"";"";"Svetelné efekty | PremiumStore.sk";"Svetelné efekty v ponuke PremiumStore.sk. Prehľadné parametre, rýchle dodanie po celom Slovensku.";
"47523";"47019";"svetla-2";"0";"0";"";"1";"Ovládače a kontroléry";"Ovládače a kontroléry";"ovladace-a-kontrolery";"";"";"Ovládače a kontroléry | PremiumStore.sk";"Ovládače a kontroléry: široký sortiment a rýchle dodanie. Nájdite si ten pravý produkt na PremiumStore.sk.";
"47529";"47019";"svetla-2";"0";"0";"";"1";"Kufre a tašky k svetlám";"Kufre a tašky k svetlám";"kufre-a-tasky-k-svetlam";"";"";"Kufre a tašky k svetlám | PremiumStore.sk";"Kufre a tašky k svetlám skladom na PremiumStore.sk. Porovnajte parametre aj ceny a vyberte si presne to, čo potrebujete.";
"47544";"47019";"svetla-2";"0";"0";"";"1";"UV svetlá a stroboskopy";"UV svetlá a stroboskopy";"uv-svetla-a-stroboskopy";"";"";"UV svetlá a stroboskopy | PremiumStore.sk";"UV svetlá a stroboskopy: široký sortiment a rýchle dodanie. Nájdite si ten pravý produkt na PremiumStore.sk.";
"47571";"47019";"svetla-2";"0";"0";"";"1";"Divadelné a profesionálne osvetlenie";"Divadelné a profesionálne osvetlenie";"divadelne-a-profesionalne-osvetlenie";"";"";"Divadelné a profesionálne osvetlenie | PremiumStore.sk";"Divadelné a profesionálne osvetlenie – nakupujte výhodne na PremiumStore.sk. Overené produkty a jasný popis parametrov.";
"47577";"47019";"svetla-2";"0";"0";"";"1";"Žiarovky";"Žiarovky";"ziarovky-2";"";"";"Svetlá – Žiarovky | PremiumStore.sk";"Svetlá – Žiarovky – veľký výber skladom, rýchle dodanie a výhodné ceny na PremiumStore.sk.";
"48339";"47019";"svetla-2";"0";"0";"";"1";"Otočné hlavy a skenery – ostatné";"Otočné hlavy a skenery – ostatné";"otocne-hlavy-a-skenery---ostatne";"";"";"";"";
"48357";"47019";"svetla-2";"0";"0";"";"1";"Ovládače a DMX kontroléry svetiel";"Ovládače a DMX kontroléry svetiel";"ovladace-a-dmx-kontrolery-svetiel";"";"";"";"";
"47085";"47037";"mikrofony-3";"0";"0";"";"1";"kravatové";"kravatové";"kravatove";"";"";"kravatové | PremiumStore.sk";"kravatové – nakupujte výhodne na PremiumStore.sk. Overené produkty a jasný popis parametrov.";
"47061";"47058";"reproduktory-7";"0";"0";"";"1";"výškové";"výškové";"vyskove-2";"";"";"Reproduktory – výškové | PremiumStore.sk";"Reproduktory – výškové – nakupujte výhodne na PremiumStore.sk. Overené produkty a jasný popis parametrov.";
"47067";"47064";"prislusenstvo-k-reproduktorom-2";"0";"0";"";"1";"Iné";"Iné";"ine-7";"";"";"Príslušenstvo k reproduktorom – Iné | PremiumStore.sk";"Príslušenstvo k reproduktorom – Iné: široký sortiment a rýchle dodanie. Nájdite si ten pravý produkt na PremiumStore.sk.";
"48303";"47064";"prislusenstvo-k-reproduktorom-2";"0";"0";"";"1";"Ostatné príslušenstvo k reproduktorom";"Ostatné príslušenstvo k reproduktorom";"ostatne-prislusenstvo-k-reproduktorom";"";"";"";"";
"47286";"47073";"mikrofony-4";"0";"0";"";"1";"zónové";"zónové";"zonove-2";"";"";"Mikrofóny – zónové | PremiumStore.sk";"Mikrofóny – zónové skladom na PremiumStore.sk. Porovnajte parametre aj ceny a vyberte si presne to, čo potrebujete.";
"47301";"47094";"systemy-poziarneho-a-evakuacneho-rozhlasu";"0";"0";"";"1";"Mikrofóny";"Mikrofóny";"mikrofony-5";"";"";"Systémy požiarneho a evakuačného rozhlasu – Mikrofóny";"Systémy požiarneho a evakuačného rozhlasu – Mikrofóny v ponuke PremiumStore.sk. Prehľadné parametre, rýchle dodanie po celom Slovensku.";
"47397";"47094";"systemy-poziarneho-a-evakuacneho-rozhlasu";"0";"0";"";"1";"systémové kontroléry";"systémové kontroléry";"systemove-kontrolery";"";"";"systémové kontroléry | PremiumStore.sk";"systémové kontroléry – nakupujte výhodne na PremiumStore.sk. Overené produkty a jasný popis parametrov.";
"47229";"47220";"mixy-a-powermixy";"0";"0";"";"1";"dj (MPX-)";"dj (MPX-)";"dj--mpx-";"";"";"dj (MPX-) | PremiumStore.sk";"dj (MPX-) – nakupujte výhodne na PremiumStore.sk. Overené produkty a jasný popis parametrov.";
"47232";"47220";"mixy-a-powermixy";"0";"0";"";"1";"Zónové mixy";"Zónové mixy";"zonove-mixy";"";"";"Zónové mixy | PremiumStore.sk";"Zónové mixy na PremiumStore.sk – overené produkty, výhodné ceny a odborné poradenstvo pri výbere.";
"47247";"47244";"spajkovacie-stanice";"0";"0";"";"1";"príslušenstvo";"príslušenstvo";"prislusenstvo-33";"";"";"Spájkovacie stanice – príslušenstvo | PremiumStore.sk";"Spájkovacie stanice – príslušenstvo skladom na PremiumStore.sk. Porovnajte parametre aj ceny a vyberte si presne to, čo potrebujete.";
"47334";"47244";"spajkovacie-stanice";"0";"0";"";"1";"Spajkovacie stanice";"Spajkovacie stanice";"spajkovacie-stanice-2";"";"";"Spajkovacie stanice | PremiumStore.sk";"Spajkovacie stanice – nakupujte výhodne na PremiumStore.sk. Overené produkty a jasný popis parametrov.";
"48327";"47244";"spajkovacie-stanice";"0";"0";"";"1";"Príslušenstvo k spájkovacím staniciam";"Príslušenstvo k spájkovacím staniciam";"prislusenstvo-k-spajkovacim-staniciam";"";"";"";"";
"47271";"47253";"neutrik";"0";"0";"";"1";"RCA";"RCA";"rca-3";"";"";"Neutrik – RCA | PremiumStore.sk";"Neutrik – RCA skladom na PremiumStore.sk. Porovnajte parametre aj ceny a vyberte si presne to, čo potrebujete.";
"47277";"47253";"neutrik";"0";"0";"";"1";"Speakon";"Speakon";"speakon";"";"";"Speakon | PremiumStore.sk";"Speakon na PremiumStore.sk – overené produkty, výhodné ceny a odborné poradenstvo pri výbere.";
"47292";"47289";"ine-100v-zariadenia";"0";"0";"";"1";"monitorujúce zariadenia";"monitorujúce zariadenia";"monitorujuce-zariadenia";"";"";"monitorujúce zariadenia | PremiumStore.sk";"monitorujúce zariadenia – veľký výber skladom, rýchle dodanie a výhodné ceny na PremiumStore.sk.";
"47298";"47289";"ine-100v-zariadenia";"0";"0";"";"1";"núdzové napájanie";"núdzové napájanie";"nudzove-napajanie";"";"";"núdzové napájanie | PremiumStore.sk";"núdzové napájanie – veľký výber skladom, rýchle dodanie a výhodné ceny na PremiumStore.sk.";
"47304";"47289";"ine-100v-zariadenia";"0";"0";"";"1";"eliminátor spätnej väzby";"eliminátor spätnej väzby";"eliminator-spatnej-vazby";"";"";"eliminátor spätnej väzby | PremiumStore.sk";"eliminátor spätnej väzby na PremiumStore.sk – overené produkty, výhodné ceny a odborné poradenstvo pri výbere.";
"47526";"47400";"otocne-hlavy-a-skenery";"0";"0";"";"1";"Skenery";"Skenery";"skenery";"";"";"Skenery | PremiumStore.sk";"Skenery – veľký výber skladom, rýchle dodanie a výhodné ceny na PremiumStore.sk.";
"47562";"47400";"otocne-hlavy-a-skenery";"0";"0";"";"1";"Moving Heads Wash";"Moving Heads Wash";"moving-heads-wash";"";"";"Moving Heads Wash | PremiumStore.sk";"Moving Heads Wash: široký sortiment a rýchle dodanie. Nájdite si ten pravý produkt na PremiumStore.sk.";
"47433";"47403";"jts";"0";"0";"";"1";"Slúchadlá";"Slúchadlá";"sluchadla-5";"";"";"JTS – Slúchadlá | PremiumStore.sk";"JTS – Slúchadlá v ponuke PremiumStore.sk. Prehľadné parametre, rýchle dodanie po celom Slovensku.";
"47457";"47403";"jts";"0";"0";"";"1";"Inštrumentálne mikrofóny";"Inštrumentálne mikrofóny";"instrumentalne-mikrofony";"";"";"Inštrumentálne mikrofóny | PremiumStore.sk";"Inštrumentálne mikrofóny skladom na PremiumStore.sk. Porovnajte parametre aj ceny a vyberte si presne to, čo potrebujete.";
"47412";"47406";"mikrofony-a-bezdrotove-systemy";"0";"0";"";"1";"Náhlavové a klopové mikrofóny";"Náhlavové a klopové mikrofóny";"nahlavove-a-klopove-mikrofony";"";"";"Náhlavové a klopové mikrofóny | PremiumStore.sk";"Náhlavové a klopové mikrofóny: široký sortiment a rýchle dodanie. Nájdite si ten pravý produkt na PremiumStore.sk.";
"47439";"47406";"mikrofony-a-bezdrotove-systemy";"0";"0";"";"1";"In-ear monitorovacie systémy";"In-ear monitorovacie systémy";"in-ear-monitorovacie-systemy";"";"";"In-ear monitorovacie systémy | PremiumStore.sk";"In-ear monitorovacie systémy skladom na PremiumStore.sk. Porovnajte parametre aj ceny a vyberte si presne to, čo potrebujete.";
"47424";"47415";"instalacie";"0";"0";"";"1";"Konferenčné systémy";"Konferenčné systémy";"konferencne-systemy";"";"";"Konferenčné systémy | PremiumStore.sk";"Konferenčné systémy – veľký výber skladom, rýchle dodanie a výhodné ceny na PremiumStore.sk.";
"47430";"47415";"instalacie";"0";"0";"";"1";"Príslušenstvo";"Príslušenstvo";"prislusenstvo-35";"";"";"Inštalácie – Príslušenstvo | PremiumStore.sk";"Inštalácie – Príslušenstvo: široký sortiment a rýchle dodanie. Nájdite si ten pravý produkt na PremiumStore.sk.";
"47445";"47415";"instalacie";"0";"0";"";"1";"Tlmočnicke systémy";"Tlmočnicke systémy";"tlmocnicke-systemy";"";"";"Tlmočnicke systémy | PremiumStore.sk";"Tlmočnicke systémy – veľký výber skladom, rýchle dodanie a výhodné ceny na PremiumStore.sk.";
"47454";"47415";"instalacie";"0";"0";"";"1";"Bezdrôtový systém pre kamery";"Bezdrôtový systém pre kamery";"bezdrotovy-system-pre-kamery";"";"";"Bezdrôtový systém pre kamery | PremiumStore.sk";"Bezdrôtový systém pre kamery – veľký výber skladom, rýchle dodanie a výhodné ceny na PremiumStore.sk.";
"47460";"47415";"instalacie";"0";"0";"";"1";"Systémy pre sprievodcov";"Systémy pre sprievodcov";"systemy-pre-sprievodcov";"";"";"Systémy pre sprievodcov | PremiumStore.sk";"Systémy pre sprievodcov: široký sortiment a rýchle dodanie. Nájdite si ten pravý produkt na PremiumStore.sk.";
"47436";"47433";"sluchadla-5";"0";"0";"";"1";"Slúchadlá";"Slúchadlá";"sluchadla-6";"";"";"Slúchadlá – Slúchadlá | PremiumStore.sk";"Slúchadlá – Slúchadlá – veľký výber skladom, rýchle dodanie a výhodné ceny na PremiumStore.sk.";
"47442";"47433";"sluchadla-5";"0";"0";"";"1";"In-ear slúchadlá";"In-ear slúchadlá";"in-ear-sluchadla";"";"";"In-ear slúchadlá | PremiumStore.sk";"In-ear slúchadlá: široký sortiment a rýchle dodanie. Nájdite si ten pravý produkt na PremiumStore.sk.";
"47547";"47463";"reflektory-par";"0";"0";"";"1";"LED reflektory";"LED reflektory";"led-reflektory-2";"";"";"Reflektory PAR – LED reflektory | PremiumStore.sk";"Reflektory PAR – LED reflektory – veľký výber skladom, rýchle dodanie a výhodné ceny na PremiumStore.sk.";
"47550";"47463";"reflektory-par";"0";"0";"";"1";"príslušenstvo";"príslušenstvo";"prislusenstvo-36";"";"";"Reflektory PAR – príslušenstvo | PremiumStore.sk";"Reflektory PAR – príslušenstvo: široký sortiment a rýchle dodanie. Nájdite si ten pravý produkt na PremiumStore.sk.";
"47574";"47463";"reflektory-par";"0";"0";"";"1";"LED reflektory exteriérové";"LED reflektory exteriérové";"led-reflektory-exterierove";"";"";"LED reflektory exteriérové | PremiumStore.sk";"LED reflektory exteriérové: široký sortiment a rýchle dodanie. Nájdite si ten pravý produkt na PremiumStore.sk.";
"47505";"47502";"bzbgear";"0";"0";"";"1";"HDMI spracovanie a distribúcia";"HDMI spracovanie a distribúcia";"hdmi-spracovanie-a-distribucia";"";"";"HDMI spracovanie a distribúcia | PremiumStore.sk";"HDMI spracovanie a distribúcia skladom na PremiumStore.sk. Porovnajte parametre aj ceny a vyberte si presne to, čo potrebujete.";
"47535";"47514";"specialne-efekty-a-naplne";"0";"0";"";"1";"Výrobníky hmly";"Výrobníky hmly";"vyrobniky-hmly";"";"";"Výrobníky hmly | PremiumStore.sk";"Výrobníky hmly v ponuke PremiumStore.sk. Prehľadné parametre, rýchle dodanie po celom Slovensku.";
"47565";"47514";"specialne-efekty-a-naplne";"0";"0";"";"1";"Výrobníky snehu";"Výrobníky snehu";"vyrobniky-snehu";"";"";"Výrobníky snehu | PremiumStore.sk";"Výrobníky snehu na PremiumStore.sk – overené produkty, výhodné ceny a odborné poradenstvo pri výbere.";
"47568";"47514";"specialne-efekty-a-naplne";"0";"0";"";"1";"Ohňostroje";"Ohňostroje";"ohnostroje";"";"";"Ohňostroje | PremiumStore.sk";"Ohňostroje – nakupujte výhodne na PremiumStore.sk. Overené produkty a jasný popis parametrov.";
"48369";"47514";"specialne-efekty-a-naplne";"0";"0";"";"1";"Pyrotechnické efekty (ohňostroje)";"Pyrotechnické efekty (ohňostroje)";"pyrotechnicke-efekty--ohnostroje";"";"";"";"";
"47541";"47538";"lasery";"0";"0";"";"1";"Multicolor Laser";"Multicolor Laser";"multicolor-laser";"";"";"Multicolor Laser | PremiumStore.sk";"Multicolor Laser – nakupujte výhodne na PremiumStore.sk. Overené produkty a jasný popis parametrov.";
"47559";"47538";"lasery";"0";"0";"";"1";"Multipoint Laser a Gobo";"Multipoint Laser a Gobo";"multipoint-laser-a-gobo";"";"";"Multipoint Laser a Gobo | PremiumStore.sk";"Multipoint Laser a Gobo na PremiumStore.sk – overené produkty, výhodné ceny a odborné poradenstvo pri výbere.";
"47580";"47538";"lasery";"0";"0";"";"1";"Green Laser";"Green Laser";"green-laser";"";"";"Green Laser | PremiumStore.sk";"Green Laser v ponuke PremiumStore.sk. Prehľadné parametre, rýchle dodanie po celom Slovensku.";
"47583";"47538";"lasery";"0";"0";"";"1";"Red Laser";"Red Laser";"red-laser";"";"";"Red Laser | PremiumStore.sk";"Red Laser v ponuke PremiumStore.sk. Prehľadné parametre, rýchle dodanie po celom Slovensku.";
"47586";"47538";"lasery";"0";"0";"";"1";"Blue Laser";"Blue Laser";"blue-laser";"";"";"Blue Laser | PremiumStore.sk";"Blue Laser na PremiumStore.sk – overené produkty, výhodné ceny a odborné poradenstvo pri výbere.";
"47598";"47595";"ostatne-27";"0";"0";"";"1";"Káble";"Káble";"kable-5";"";"";"Ostatné – Káble | PremiumStore.sk";"Ostatné – Káble skladom na PremiumStore.sk. Porovnajte parametre aj ceny a vyberte si presne to, čo potrebujete.";
"47673";"47595";"ostatne-27";"0";"0";"";"1";"400V";"400V";"400v";"";"";"400V | PremiumStore.sk";"400V v ponuke PremiumStore.sk. Prehľadné parametre, rýchle dodanie po celom Slovensku.";
"47601";"47598";"kable-5";"0";"0";"";"1";"Koaxiálne";"Koaxiálne";"koaxialne";"";"";"Koaxiálne | PremiumStore.sk";"Koaxiálne skladom na PremiumStore.sk. Porovnajte parametre aj ceny a vyberte si presne to, čo potrebujete.";
"47784";"47604";"led-osvetlenie";"0";"0";"";"1";"Núdzové osvetlenie";"Núdzové osvetlenie";"nudzove-osvetlenie";"";"";"Núdzové osvetlenie | PremiumStore.sk";"Núdzové osvetlenie: široký sortiment a rýchle dodanie. Nájdite si ten pravý produkt na PremiumStore.sk.";
"47919";"47604";"led-osvetlenie";"0";"0";"";"1";"Kúpeľňové osvetlenie";"Kúpeľňové osvetlenie";"kupelnove-osvetlenie";"";"";"Kúpeľňové osvetlenie | PremiumStore.sk";"Kúpeľňové osvetlenie skladom na PremiumStore.sk. Porovnajte parametre aj ceny a vyberte si presne to, čo potrebujete.";
"47613";"47610";"predlzovacie-kable-a-zasuvky";"0";"0";"";"1";"Viaczásuvkové";"Viaczásuvkové";"viaczasuvkove";"";"";"Viaczásuvkové | PremiumStore.sk";"Viaczásuvkové – veľký výber skladom, rýchle dodanie a výhodné ceny na PremiumStore.sk.";
"47622";"47610";"predlzovacie-kable-a-zasuvky";"0";"0";"";"1";"Výsuvné a vstavané zásuvky";"Výsuvné a vstavané zásuvky";"vysuvne-a-vstavane-zasuvky";"";"";"Výsuvné a vstavané zásuvky | PremiumStore.sk";"Výsuvné a vstavané zásuvky na PremiumStore.sk – overené produkty, výhodné ceny a odborné poradenstvo pri výbere.";
"47637";"47610";"predlzovacie-kable-a-zasuvky";"0";"0";"";"1";"Navíjacie bubny";"Navíjacie bubny";"navijacie-bubny";"";"";"Navíjacie bubny | PremiumStore.sk";"Navíjacie bubny na PremiumStore.sk – overené produkty, výhodné ceny a odborné poradenstvo pri výbere.";
"47712";"47610";"predlzovacie-kable-a-zasuvky";"0";"0";"";"1";"Jednozásuvkové";"Jednozásuvkové";"jednozasuvkove";"";"";"Jednozásuvkové | PremiumStore.sk";"Jednozásuvkové: široký sortiment a rýchle dodanie. Nájdite si ten pravý produkt na PremiumStore.sk.";
"47733";"47610";"predlzovacie-kable-a-zasuvky";"0";"0";"";"1";"Prepäťové ochrany";"Prepäťové ochrany";"prepatove-ochrany-3";"";"";"Predlžovacie káble a zásuvky – Prepäťové ochrany | PremiumStore.sk";"Predlžovacie káble a zásuvky – Prepäťové ochrany skladom na PremiumStore.sk. Porovnajte parametre aj ceny a vyberte si presne to, čo potrebujete.";
"47835";"47610";"predlzovacie-kable-a-zasuvky";"0";"0";"";"1";"Záhradné stĺpiky";"Záhradné stĺpiky";"zahradne-stlpiky";"";"";"Záhradné stĺpiky | PremiumStore.sk";"Záhradné stĺpiky – veľký výber skladom, rýchle dodanie a výhodné ceny na PremiumStore.sk.";
"47616";"47613";"viaczasuvkove";"0";"0";"";"1";"Ostatné";"Ostatné";"ostatne-28";"";"";"Viaczásuvkové – Ostatné | PremiumStore.sk";"Viaczásuvkové – Ostatné v ponuke PremiumStore.sk. Prehľadné parametre, rýchle dodanie po celom Slovensku.";
"47709";"47613";"viaczasuvkove";"0";"0";"";"1";"Klasické";"Klasické";"klasicke";"";"";"Klasické | PremiumStore.sk";"Klasické: široký sortiment a rýchle dodanie. Nájdite si ten pravý produkt na PremiumStore.sk.";
"47844";"47640";"230v";"0";"0";"";"1";"Držiaky zásuviek";"Držiaky zásuviek";"drziaky-zasuviek";"";"";"Držiaky zásuviek | PremiumStore.sk";"Držiaky zásuviek – nakupujte výhodne na PremiumStore.sk. Overené produkty a jasný popis parametrov.";
"47703";"47667";"izolacny-material";"0";"0";"";"1";"Káblové príchytky";"Káblové príchytky";"kablove-prichytky-3";"";"";"Káblové príchytky | PremiumStore.sk";"Káblové príchytky – veľký výber skladom, rýchle dodanie a výhodné ceny na PremiumStore.sk.";
"47886";"47667";"izolacny-material";"0";"0";"";"1";"Izolačné PVC pásky";"Izolačné PVC pásky";"izolacne-pvc-pasky";"";"";"Izolačné PVC pásky | PremiumStore.sk";"Izolačné PVC pásky – nakupujte výhodne na PremiumStore.sk. Overené produkty a jasný popis parametrov.";
"47913";"47691";"priemyselne-led-osvetlenie";"0";"0";"";"1";"LED lineárne osvetlenie";"LED lineárne osvetlenie";"led-linearne-osvetlenie";"";"";"LED lineárne osvetlenie | PremiumStore.sk";"LED lineárne osvetlenie: široký sortiment a rýchle dodanie. Nájdite si ten pravý produkt na PremiumStore.sk.";
"47715";"47712";"jednozasuvkove";"0";"0";"";"1";"Jednozásuvkové  400V";"Jednozásuvkové  400V";"jednozasuvkove--400v";"";"";"Jednozásuvkové  400V | PremiumStore.sk";"Jednozásuvkové  400V v ponuke PremiumStore.sk. Prehľadné parametre, rýchle dodanie po celom Slovensku.";
"47781";"47712";"jednozasuvkove";"0";"0";"";"1";"Jednozásuvkové 230V";"Jednozásuvkové 230V";"jednozasuvkove-230v";"";"";"Jednozásuvkové 230V | PremiumStore.sk";"Jednozásuvkové 230V v ponuke PremiumStore.sk. Prehľadné parametre, rýchle dodanie po celom Slovensku.";
"47928";"47736";"autoprislusenstvo";"0";"0";"";"1";"Měniče napätia";"Měniče napätia";"menice-napatia-2";"";"";"Měniče napätia | PremiumStore.sk";"Měniče napätia: široký sortiment a rýchle dodanie. Nájdite si ten pravý produkt na PremiumStore.sk.";
"47820";"47745";"led-panely-a-podhladova-svetla";"0";"0";"";"1";"Příslušenstvo";"Příslušenstvo";"prislusenstvo-39";"";"";"Příslušenstvo | PremiumStore.sk";"Příslušenstvo – veľký výber skladom, rýchle dodanie a výhodné ceny na PremiumStore.sk.";
"48462";"47745";"led-panely-a-podhladova-svetla";"0";"0";"";"1";"Príslušenstvo k LED panelom";"Príslušenstvo k LED panelom";"prislusenstvo-k-led-panelom";"";"";"";"";
"47778";"47775";"dezinfekcne-lampy";"0";"0";"";"1";"Ozónové";"Ozónové";"ozonove";"";"";"Ozónové | PremiumStore.sk";"Ozónové na PremiumStore.sk – overené produkty, výhodné ceny a odborné poradenstvo pri výbere.";
"47877";"47775";"dezinfekcne-lampy";"0";"0";"";"1";"Bezozónové";"Bezozónové";"bezozonove";"";"";"Bezozónové | PremiumStore.sk";"Bezozónové – nakupujte výhodne na PremiumStore.sk. Overené produkty a jasný popis parametrov.";
"47898";"47775";"dezinfekcne-lampy";"0";"0";"";"1";"Príslušenstvo, náhradné diely";"Príslušenstvo, náhradné diely";"prislusenstvo--nahradne-diely";"";"";"Príslušenstvo, náhradné diely | PremiumStore.sk";"Príslušenstvo, náhradné diely na PremiumStore.sk – overené produkty, výhodné ceny a odborné poradenstvo pri výbere.";
"47883";"47799";"rucne-aku-naradie";"0";"0";"";"1";"Pily";"Pily";"pily-4";"";"";"Pily | PremiumStore.sk";"Pily v ponuke PremiumStore.sk. Prehľadné parametre, rýchle dodanie po celom Slovensku.";
"47922";"47799";"rucne-aku-naradie";"0";"0";"";"1";"Nožnice";"Nožnice";"noznice-2";"";"";"Ručné AKU náradie – Nožnice | PremiumStore.sk";"Ručné AKU náradie – Nožnice – nakupujte výhodne na PremiumStore.sk. Overené produkty a jasný popis parametrov.";
"47808";"47805";"vypinace-a-zasuvky";"0";"0";"";"1";"Slim";"Slim";"slim";"";"";"Slim | PremiumStore.sk";"Slim – nakupujte výhodne na PremiumStore.sk. Overené produkty a jasný popis parametrov.";
"47931";"47805";"vypinace-a-zasuvky";"0";"0";"";"1";"Do vlhka";"Do vlhka";"do-vlhka";"";"";"Do vlhka | PremiumStore.sk";"Do vlhka: široký sortiment a rýchle dodanie. Nájdite si ten pravý produkt na PremiumStore.sk.";
"47859";"47850";"meracia-technika";"0";"0";"";"1";"Laserové merače vzdialenosti";"Laserové merače vzdialenosti";"laserove-merace-vzdialenosti";"";"";"Laserové merače vzdialenosti | PremiumStore.sk";"Laserové merače vzdialenosti: široký sortiment a rýchle dodanie. Nájdite si ten pravý produkt na PremiumStore.sk.";
"47865";"47850";"meracia-technika";"0";"0";"";"1";"Teplomery";"Teplomery";"teplomery-4";"";"";"Meracia technika – Teplomery | PremiumStore.sk";"Meracia technika – Teplomery skladom na PremiumStore.sk. Porovnajte parametre aj ceny a vyberte si presne to, čo potrebujete.";
"47880";"47850";"meracia-technika";"0";"0";"";"1";"Laserové vodováhy";"Laserové vodováhy";"laserove-vodovahy";"";"";"Laserové vodováhy | PremiumStore.sk";"Laserové vodováhy na PremiumStore.sk – overené produkty, výhodné ceny a odborné poradenstvo pri výbere.";
"47967";"47958";"hodiny-a-budiky-3";"0";"0";"";"1";"Časovače, minútky";"Časovače, minútky";"casovace--minutky-2";"";"";"Hodiny a budíky – Časovače, minútky | PremiumStore.sk";"Hodiny a budíky – Časovače, minútky – veľký výber skladom, rýchle dodanie a výhodné ceny na PremiumStore.sk.";
"48012";"48000";"karavany-a-obytna-auta";"0";"0";"";"1";"Grily a variče";"Grily a variče";"grily-a-varice-2";"";"";"";"";
"48033";"48000";"karavany-a-obytna-auta";"0";"0";"";"1";"Mobilné TV a SAT antény";"Mobilné TV a SAT antény";"mobilne-tv-a-sat-anteny-2";"";"";"";"";
"48039";"48000";"karavany-a-obytna-auta";"0";"0";"";"1";"Kempingový nábytok";"Kempingový nábytok";"kempingovy-nabytok-2";"";"";"";"";
"48042";"48000";"karavany-a-obytna-auta";"0";"0";"";"1";"Redukcie a adaptéry";"Redukcie a adaptéry";"redukcie-a-adaptery-3";"";"";"";"";
"48048";"48000";"karavany-a-obytna-auta";"0";"0";"";"1";"Televízory na 12V";"Televízory na 12V";"televizory-na-12v-3";"";"";"";"";
"48051";"48021";"nosice-kol";"0";"0";"";"1";"Střešní nosiče";"Střešní nosiče";"stresni-nosice-2";"";"";"";"";
"48060";"48021";"nosice-kol";"0";"0";"";"1";"Nosiče na tažné zariadenie";"Nosiče na tažné zariadenie";"nosice-na-tazne-zariadenie-2";"";"";"";"";
"48036";"48033";"mobilne-tv-a-sat-anteny-2";"0";"0";"";"1";"Antény pre DVB-T2 príjem";"Antény pre DVB-T2 príjem";"anteny-pre-dvb-t2-prijem-2";"";"";"";"";
"48105";"48099";"hudobne-nastroje-a-prislusenstvo";"0";"0";"";"1";"Klávesové zosilňovače";"Klávesové zosilňovače";"klavesove-zosilnovace";"";"";"";"";
"48108";"48099";"hudobne-nastroje-a-prislusenstvo";"0";"0";"";"1";"MIDI kontroléry";"MIDI kontroléry";"midi-kontrolery";"";"";"";"";
"48111";"48099";"hudobne-nastroje-a-prislusenstvo";"0";"0";"";"1";"Gitarové ladičky";"Gitarové ladičky";"gitarove-ladicky";"";"";"";"";
"48114";"48099";"hudobne-nastroje-a-prislusenstvo";"0";"0";"";"1";"Basové zosilňovače a reproduktory";"Basové zosilňovače a reproduktory";"basove-zosilnovace-a-reproduktory";"";"";"";"";
"48153";"48150";"druhy";"0";"0";"";"1";"AKCE ATOS 35 LET";"AKCE ATOS 35 LET";"akce-atos-35-let";"";"";"";"";
"49449";"48513";"pocitace-a-notebooky";"0";"0";"";"1";"Príslušenstvo k tabletom";"Príslušenstvo k tabletom";"prislusenstvo-k-tabletom";"";"";"";"";
"48801";"48513";"pocitace-a-notebooky";"0";"0";"16";"1";"Držiaky na TV";"Držiaky na TV";"drziaky-na-tv-2";"";"";"";"";
"48891";"48516";"sietove-prvky-2";"0";"0";"";"1";"Konektory, zásuvky";"Konektory, zásuvky";"konektory--zasuvky-2";"";"";"";"";
"49461";"48522";"tlaciarne-a-skenery-2";"0";"0";"";"1";"Laserové tlačiarne";"Laserové tlačiarne";"laserove-tlaciarne";"";"";"";"";
"49443";"48543";"mobily--smart-hodinky-a-tablety";"0";"0";"";"1";"Smartfóny";"Smartfóny";"smartfony";"";"";"";"";
"49455";"48543";"mobily--smart-hodinky-a-tablety";"0";"0";"";"1";"Powerbanky";"Powerbanky";"powerbanky-4";"";"";"";"";
"48612";"48609";"prislusenstvo-k-notebookom-2";"0";"0";"";"1";"Tašky k notebookom";"Tašky k notebookom";"tasky-k-notebookom-2";"";"";"";"";
"48636";"48633";"monitory-2";"0";"0";"";"1";"LCD monitory";"LCD monitory";"lcd-monitory-2";"";"";"";"";
"48996";"48951";"reproduktory-2";"0";"0";"";"1";"Párty reproduktory";"Párty reproduktory";"party-reproduktory";"";"";"";"";
"49311";"49137";"satelitne-prislusenstvo";"0";"0";"";"1";"Motory";"Motory";"motory";"";"";"";"";
