id;parentId;depth;is_leaf;visible;full_path;url;direct_products;subtree_products;empty
48936;1;0;0;1;TV, audio a video;tv--audio-a-video;1;4109;0
48150;1;0;0;0;Druhy;druhy;0;0;1
39423;1;0;0;1;Domáce spotrebiče;domace-spotrebice;2;3287;0
48513;1;0;0;1;Počítače a notebooky;pocitace-a-notebooky;78;1495;0
39582;1;0;0;1;Zdravie a starostlivosť;zdravie-a-starostlivost;37;710;0
40119;1;0;0;1;Bezpečnosť a smart domácnosť;bezpecnost-a-smart-domacnost;2;1240;0
48543;1;0;0;1;Mobily, smart hodinky a tablety;mobily--smart-hodinky-a-tablety;38;1250;0
48585;1;0;0;1;Foto a príslušenstvo;foto-a-prislusenstvo;7;890;0
40671;1;0;0;1;Fotovoltaika a energie;fotovoltaika-a-energie;5;1498;0
39717;1;0;0;1;Elektroinštalačný materiál;elektroinstalacny-material;7;4840;0
46839;1;0;0;1;Profesionálna audio technika;profesionalna-audio-technika;19;2669;0
39762;1;0;0;1;Náradie a dielňa;naradie-a-dielna;22;2176;0
45756;1;0;0;1;Dróny a RC modely;drony-a-rc-modely;4;290;0
39789;1;0;0;1;Záhrada;zahrada;6;479;0
40212;1;0;0;1;Šport, hračky a voľný čas;sport--hracky-a-volny-cas;18;2355;0
39441;1;0;0;1;Auto-moto;auto-moto;28;2803;0
46347;1;0;0;1;Kreatívne technológie;kreativne-technologie;10;501;0
39426;39423;1;0;1;Domáce spotrebiče > Veľké spotrebiče;velke-spotrebice;0;356;0
39432;39423;1;0;1;Domáce spotrebiče > Malé spotrebiče;male-spotrebice;22;2735;0
39546;39423;1;0;1;Domáce spotrebiče > Vstavané spotrebiče;vstavane-spotrebice;0;194;0
39429;39426;2;1;1;Domáce spotrebiče > Veľké spotrebiče > Mikrovlnné rúry;mikrovlnne-rury;21;21;0
39774;39426;2;0;1;Domáce spotrebiče > Veľké spotrebiče > Práčky;pracky;0;91;0
39801;39426;2;0;1;Domáce spotrebiče > Veľké spotrebiče > Sporáky a rúry;sporaky-a-rury;14;24;0
39879;39426;2;0;1;Domáce spotrebiče > Veľké spotrebiče > Chladničky;chladnicky;17;114;0
39939;39426;2;0;1;Domáce spotrebiče > Veľké spotrebiče > Mrazničky;mraznicky;7;18;0
40014;39426;2;1;1;Domáce spotrebiče > Veľké spotrebiče > Vinotéky a vitríny;vinoteky-a-vitriny;20;20;0
40248;39426;2;0;1;Domáce spotrebiče > Veľké spotrebiče > Umývačky riadu;umyvacky-riadu;9;23;0
40533;39426;2;1;1;Domáce spotrebiče > Veľké spotrebiče > Sušičky;susicky;33;33;0
40827;39426;2;0;1;Domáce spotrebiče > Veľké spotrebiče > Vykurovanie a ohrev vody;vykurovanie-a-ohrev-vody;0;12;0
39435;39432;2;0;1;Domáce spotrebiče > Malé spotrebiče > Príprava nápojov;priprava-napojov;5;192;0
39483;39432;2;0;1;Domáce spotrebiče > Malé spotrebiče > Príslušenstvo k malým spotrebičom;prislusenstvo-k-malym-spotrebicom;26;225;0
39489;39432;2;0;1;Domáce spotrebiče > Malé spotrebiče > Kávovary a espressá;kavovary-a-espressa;37;224;0
39495;39432;2;0;1;Domáce spotrebiče > Malé spotrebiče > Sendvičovače, hriankovače, vaflovače;sendvicovace--hriankovace--vaflovace;0;68;0
39567;39432;2;0;1;Domáce spotrebiče > Malé spotrebiče > Fritézy a hrnce;fritezy-a-hrnce;18;150;0
39576;39432;2;0;1;Domáce spotrebiče > Malé spotrebiče > Vákuovačky a zváračky fólií;vakuovacky-a-zvaracky-folii;10;75;0
39597;39432;2;0;1;Domáce spotrebiče > Malé spotrebiče > Kuchynské roboty a krájače;kuchynske-roboty-a-krajace;7;181;0
39630;39432;2;0;1;Domáce spotrebiče > Malé spotrebiče > Nádobie;nadobie;0;126;0
39639;39432;2;0;1;Domáce spotrebiče > Malé spotrebiče > Žehličky;zehlicky;23;131;0
39651;39432;2;0;1;Domáce spotrebiče > Malé spotrebiče > Grily, pekárne, variče;grily--pekarne--varice;16;105;0
39684;39432;2;0;1;Domáce spotrebiče > Malé spotrebiče > Vysávače;vysavace;8;312;0
39735;39432;2;0;1;Domáce spotrebiče > Malé spotrebiče > Upratovacie pomôcky;upratovacie-pomocky;11;135;0
39819;39432;2;0;1;Domáce spotrebiče > Malé spotrebiče > Kuchynské potreby;kuchynske-potreby;35;117;0
39828;39432;2;1;1;Domáce spotrebiče > Malé spotrebiče > Na párty a oslavy;na-party-a-oslavy;9;9;0
40032;39432;2;0;1;Domáce spotrebiče > Malé spotrebiče > Vzduchotechnika;vzduchotechnika;35;208;0
40104;39432;2;0;1;Domáce spotrebiče > Malé spotrebiče > Potreby pre domácnosť;potreby-pre-domacnost;10;34;0
40179;39432;2;1;1;Domáce spotrebiče > Malé spotrebiče > Sušičky potravín;susicky-potravin;18;18;0
40305;39432;2;0;1;Domáce spotrebiče > Malé spotrebiče > Meteostanice;meteostanice;37;147;0
40494;39432;2;1;1;Domáce spotrebiče > Malé spotrebiče > Ostatné domáce spotrebiče;ostatne-domace-spotrebice;14;14;0
41301;39432;2;0;1;Domáce spotrebiče > Malé spotrebiče > Ostatné spotrebiče;ostatne-spotrebice;0;0;1
46215;39432;2;0;1;Domáce spotrebiče > Malé spotrebiče > Kuchynské príslušenstvo;kuchynske-prislusenstvo;7;31;0
46551;39432;2;1;0;Domáce spotrebiče > Malé spotrebiče > Čistenie;cistenie;0;0;1
46593;39432;2;1;1;Domáce spotrebiče > Malé spotrebiče > Teplomery;teplomery-3;10;10;0
46746;39432;2;1;1;Domáce spotrebiče > Malé spotrebiče > Pre dieťa;pre-dieta;0;0;1
46755;39432;2;1;1;Domáce spotrebiče > Malé spotrebiče > Mini chladničky;mini-chladnicky;0;0;1
47775;39432;2;0;1;Domáce spotrebiče > Malé spotrebiče > Dezinfekčné lampy;dezinfekcne-lampy;0;0;1
47826;39432;2;1;1;Domáce spotrebiče > Malé spotrebiče > Vybavenie domácnosti;vybavenie-domacnosti;12;12;0
47958;39432;2;0;1;Domáce spotrebiče > Malé spotrebiče > Hodiny a budíky;hodiny-a-budiky-3;0;59;0
48117;39432;2;1;1;Domáce spotrebiče > Malé spotrebiče > Płyty gazowe;plyty-gazowe;0;0;1
48270;39432;2;1;1;Domáce spotrebiče > Malé spotrebiče > Kuchynské nádobie;kuchynske-nadobie;122;122;0
48411;39432;2;1;1;Domáce spotrebiče > Malé spotrebiče > Čistiace prístroje a doplnky;cistiace-pristroje-a-doplnky;8;8;0
39438;39435;3;1;1;Domáce spotrebiče > Malé spotrebiče > Príprava nápojov > Rýchlovarné kanvice;rychlovarne-kanvice;85;85;0
39726;39435;3;1;1;Domáce spotrebiče > Malé spotrebiče > Príprava nápojov > Odšťavovače;odstavovace;12;12;0
39756;39435;3;1;1;Domáce spotrebiče > Malé spotrebiče > Príprava nápojov > Príslušenstvo pre filtračné kanvice;prislusenstvo-pre-filtracne-kanvice;24;24;0
39780;39435;3;1;1;Domáce spotrebiče > Malé spotrebiče > Príprava nápojov > Filtračné kanvice;filtracne-kanvice;38;38;0
39945;39435;3;1;1;Domáce spotrebiče > Malé spotrebiče > Príprava nápojov > Výrobníky ľadu;vyrobniky-ladu;12;12;0
39948;39435;3;1;1;Domáce spotrebiče > Malé spotrebiče > Príprava nápojov > Sirupy a fľaše pre výrobníky sódy;sirupy-a-flase-pre-vyrobniky-sody;0;0;1
39981;39435;3;1;1;Domáce spotrebiče > Malé spotrebiče > Príprava nápojov > Výrobníky sódy;vyrobniky-sody;8;8;0
40707;39435;3;1;1;Domáce spotrebiče > Malé spotrebiče > Príprava nápojov > Čajová sitká;cajova-sitka;0;0;1
40797;39435;3;1;1;Domáce spotrebiče > Malé spotrebiče > Príprava nápojov > Lisy na citrusy;lisy-na-citrusy;8;8;0
48000;39441;1;0;1;Auto-moto > Karavany a obytná autá;karavany-a-obytna-auta;25;218;0
48018;39441;1;1;1;Auto-moto > Prenosné lednice;prenosne-lednice;23;23;0
48021;39441;1;0;1;Auto-moto > Nosiče kol;nosice-kol;9;50;0
48066;39441;1;1;1;Auto-moto > Vysielače do auta;vysielace-do-auta-2;0;0;1
39444;39441;1;0;1;Auto-moto > Autorádiá;autoradia;50;127;0
39969;39441;1;1;1;Auto-moto > GPS navigácie;gps-navigacie;0;0;1
46281;39441;1;0;1;Auto-moto > Bezdrôtové adaptéry CarPlay;bezdrotove-adaptery-carplay;0;31;0
43725;39441;1;0;0;Auto-moto > Nosiče bicyklov;nosice-bicyklov;0;0;1
40713;39441;1;0;1;Auto-moto > Elektrovozidlá;elektrovozidla;0;0;1
40905;39441;1;0;1;Auto-moto > Vybavenie auta;vybavenie-auta;5;986;0
40941;39441;1;0;1;Auto-moto > Bezpečnosť;bezpecnost;4;126;0
40980;39441;1;0;1;Auto-moto > Garáž, Dielňa, Servis;garaz--dielna--servis;16;664;0
41163;39441;1;0;0;Auto-moto > Karavany a obytné autá;karavany-a-obytne-auta;0;0;1
41247;39441;1;0;1;Auto-moto > Audio, Hi-Fi;audio--hi-fi;35;67;0
41307;39441;1;0;1;Auto-moto > Elektromobilita;elektromobilita;6;49;0
41715;39441;1;0;1;Auto-moto > Nabíjanie;nabijanie;0;129;0
41877;39441;1;0;1;Auto-moto > Autokozmetika, Chémia;autokozmetika--chemia;12;121;0
41949;39441;1;0;1;Auto-moto > Kolesá;kolesa;6;65;0
42834;39441;1;1;0;Auto-moto > Prenosné chladničky;prenosne-chladnicky;0;0;1
45777;39441;1;1;1;Auto-moto > Držiaky telefónov;drziaky-telefonov;0;0;1
45918;39441;1;1;1;Auto-moto > Mini kompresory;mini-kompresory;0;0;1
46062;39441;1;1;0;Auto-moto > Ostatné;ostatne-17;0;0;1
46197;39441;1;1;1;Auto-moto > Štartovacie káble;startovacie-kable-2;51;51;0
46233;39441;1;0;1;Auto-moto > Videorekordéry;videorekordery;0;0;1
46530;39441;1;1;1;Auto-moto > Diagnostické nástroje;diagnosticke-nastroje;46;46;0
46548;39441;1;1;1;Auto-moto > Káble a nabíjačky pre elektromobily;kable-a-nabijacky-pre-elektromobily;10;10;0
46596;39441;1;1;1;Auto-moto > Nabíjačky do auta;nabijacky-do-auta-2;0;0;1
46677;39441;1;0;1;Auto-moto > Umývanie a čistenie;umyvanie-a-cistenie;0;0;1
46815;39441;1;1;1;Auto-moto > Monitory automobilov;monitory-automobilov;0;0;1
47736;39441;1;0;1;Auto-moto > Autopríslušenstvo;autoprislusenstvo;2;12;0
39447;39444;2;1;1;Auto-moto > Autorádiá > Autorádiá s USB;autoradia-s-usb;15;15;0
40023;39444;2;1;1;Auto-moto > Autorádiá > Autorádiá s CD;autoradia-s-cd;0;0;1
40086;39444;2;1;0;Auto-moto > Autorádiá > Subwoofery do autá;subwoofery-do-auta;0;0;1
40140;39444;2;1;1;Auto-moto > Autorádiá > Reproduktory do autá;reproduktory-do-auta;62;62;0
40755;39444;2;1;1;Auto-moto > Autorádiá > Príslušenstvo do autá;prislusenstvo-do-auta;0;0;1
40902;39444;2;1;1;Auto-moto > Autorádiá > Autorádiá s DVD;autoradia-s-dvd;0;0;1
39486;39483;3;1;1;Domáce spotrebiče > Malé spotrebiče > Príslušenstvo k malým spotrebičom > Vrecká do vysávačov;vrecka-do-vysavacov;77;77;0
39513;39483;3;1;1;Domáce spotrebiče > Malé spotrebiče > Príslušenstvo k malým spotrebičom > Príslušenstvo k vysávačom;prislusenstvo-k-vysavacom;51;51;0
39609;39483;3;1;1;Domáce spotrebiče > Malé spotrebiče > Príslušenstvo k malým spotrebičom > Príslušenstvo ku kávovarom;prislusenstvo-ku-kavovarom;26;26;0
39618;39483;3;1;1;Domáce spotrebiče > Malé spotrebiče > Príslušenstvo k malým spotrebičom > Filtre do vysávačov;filtre-do-vysavacov;24;24;0
39732;39483;3;1;1;Domáce spotrebiče > Malé spotrebiče > Príslušenstvo k malým spotrebičom > Príslušenstvo k žehlenie;prislusenstvo-k-zehlenie;13;13;0
39786;39483;3;1;1;Domáce spotrebiče > Malé spotrebiče > Príslušenstvo k malým spotrebičom > Príslušenstvo ku grilom;prislusenstvo-ku-grilom;0;0;1
39831;39483;3;1;1;Domáce spotrebiče > Malé spotrebiče > Príslušenstvo k malým spotrebičom > Príslušenstvo ku kuchynským robotom;prislusenstvo-ku-kuchynskym-robotom;8;8;0
39870;39483;3;1;1;Domáce spotrebiče > Malé spotrebiče > Príslušenstvo k malým spotrebičom > Vône do vysávače;vone-do-vysavace;0;0;1
40875;39483;3;1;1;Domáce spotrebiče > Malé spotrebiče > Príslušenstvo k malým spotrebičom > Príslušenstvo ku vzduchotechnike;prislusenstvo-ku-vzduchotechnike;0;0;1
39492;39489;3;1;1;Domáce spotrebiče > Malé spotrebiče > Kávovary a espressá > Kávové kapsle;kavove-kapsle;64;64;0
39675;39489;3;1;1;Domáce spotrebiče > Malé spotrebiče > Kávovary a espressá > Mlynčeky na kávu;mlynceky-na-kavu;7;7;0
39729;39489;3;1;1;Domáce spotrebiče > Malé spotrebiče > Kávovary a espressá > Automatická espressá;automaticka-espressa;15;15;0
39816;39489;3;1;1;Domáce spotrebiče > Malé spotrebiče > Kávovary a espressá > Prekvapkávače;prekvapkavace;11;11;0
39903;39489;3;1;1;Domáce spotrebiče > Malé spotrebiče > Kávovary a espressá > Kávovary na kapsle;kavovary-na-kapsle;13;13;0
39918;39489;3;1;1;Domáce spotrebiče > Malé spotrebiče > Kávovary a espressá > Napěňovače mlieka;napenovace-mlieka;0;0;1
39951;39489;3;1;1;Domáce spotrebiče > Malé spotrebiče > Kávovary a espressá > Káva;kava;44;44;0
40167;39489;3;1;1;Domáce spotrebiče > Malé spotrebiče > Kávovary a espressá > Pákové kávovary;pakove-kavovary;13;13;0
40221;39489;3;1;1;Domáce spotrebiče > Malé spotrebiče > Kávovary a espressá > Moka kanvice a frenchpressy;moka-kanvice-a-frenchpressy;20;20;0
39498;39495;3;1;1;Domáce spotrebiče > Malé spotrebiče > Sendvičovače, hriankovače, vaflovače > Hriankovače;hriankovace;30;30;0
39501;39495;3;1;1;Domáce spotrebiče > Malé spotrebiče > Sendvičovače, hriankovače, vaflovače > Sendvičovače;sendvicovace;22;22;0
39627;39495;3;1;1;Domáce spotrebiče > Malé spotrebiče > Sendvičovače, hriankovače, vaflovače > Vaflovače;vaflovace;16;16;0
39549;39546;2;0;1;Domáce spotrebiče > Vstavané spotrebiče > Varné dosky;varne-dosky;1;54;0
39621;39546;2;0;1;Domáce spotrebiče > Vstavané spotrebiče > Digestory;digestory;8;35;0
39972;39546;2;0;1;Domáce spotrebiče > Vstavané spotrebiče > Vstavané umývačky riadu;vstavane-umyvacky-riadu;0;39;0
39990;39546;2;0;1;Domáce spotrebiče > Vstavané spotrebiče > Vstavané rúry;vstavane-rury;2;42;0
40059;39546;2;1;1;Domáce spotrebiče > Vstavané spotrebiče > Vstavané mikrovlnné rúry;vstavane-mikrovlnne-rury;15;15;0
40644;39546;2;0;1;Domáce spotrebiče > Vstavané spotrebiče > Vstavané chladenie;vstavane-chladenie;9;9;0
39552;39549;3;1;1;Domáce spotrebiče > Vstavané spotrebiče > Varné dosky > Sklokeramické varné dosky;sklokeramicke-varne-dosky;9;9;0
39615;39549;3;1;1;Domáce spotrebiče > Vstavané spotrebiče > Varné dosky > Plynové varné dosky;plynove-varne-dosky;14;14;0
39894;39549;3;1;1;Domáce spotrebiče > Vstavané spotrebiče > Varné dosky > Indukčné varné dosky;indukcne-varne-dosky;30;30;0
40851;39549;3;1;1;Domáce spotrebiče > Vstavané spotrebiče > Varné dosky > Elektrické varné dosky;elektricke-varne-dosky;0;0;1
39570;39567;3;1;1;Domáce spotrebiče > Malé spotrebiče > Fritézy a hrnce > Elektrické panvice;elektricke-panvice;12;12;0
39573;39567;3;1;1;Domáce spotrebiče > Malé spotrebiče > Fritézy a hrnce > Multifunkčné hrnce;multifunkcne-hrnce;34;34;0
39657;39567;3;1;1;Domáce spotrebiče > Malé spotrebiče > Fritézy a hrnce > Zaváracie hrnce;zavaracie-hrnce;0;0;1
39672;39567;3;1;1;Domáce spotrebiče > Malé spotrebiče > Fritézy a hrnce > Fritézy;fritezy;64;64;0
39813;39567;3;1;1;Domáce spotrebiče > Malé spotrebiče > Fritézy a hrnce > Parné hrnce;parne-hrnce;9;9;0
39984;39567;3;1;1;Domáce spotrebiče > Malé spotrebiče > Fritézy a hrnce > Ryžovary;ryzovary;0;0;1
40044;39567;3;1;1;Domáce spotrebiče > Malé spotrebiče > Fritézy a hrnce > Polievkovary;polievkovary;0;0;1
40062;39567;3;1;1;Domáce spotrebiče > Malé spotrebiče > Fritézy a hrnce > Variče vajec;varice-vajec;0;0;1
40467;39567;3;1;1;Domáce spotrebiče > Malé spotrebiče > Fritézy a hrnce > Sous-Vide;sous-vide;0;0;1
40500;39567;3;1;1;Domáce spotrebiče > Malé spotrebiče > Fritézy a hrnce > Pomalé hrnce;pomale-hrnce;13;13;0
39579;39576;3;1;1;Domáce spotrebiče > Malé spotrebiče > Vákuovačky a zváračky fólií > Vákuovačky a zváračky;vakuovacky-a-zvaracky;47;47;0
40287;39576;3;1;1;Domáce spotrebiče > Malé spotrebiče > Vákuovačky a zváračky fólií > Príslušenstvo pre vákuovačky a zváračky;prislusenstvo-pre-vakuovacky-a-zvaracky;18;18;0
39585;39582;1;0;1;Zdravie a starostlivosť > Starostlivosť o zuby;starostlivost-o-zuby;0;130;0
39591;39582;1;0;1;Zdravie a starostlivosť > Starostlivosť o vlasy;starostlivost-o-vlasy;6;222;0
39660;39582;1;0;1;Zdravie a starostlivosť > Holiace strojčeky;holiace-strojceky;11;38;0
39810;39582;1;1;1;Zdravie a starostlivosť > Elektrické deky;elektricke-deky;0;0;1
39924;39582;1;0;1;Zdravie a starostlivosť > Starostlivosť o zdravie;starostlivost-o-zdravie;11;11;0
39996;39582;1;1;1;Zdravie a starostlivosť > Elektrické manikúry a pedikúry;elektricke-manikury-a-pedikury;0;0;1
40281;39582;1;1;1;Zdravie a starostlivosť > Stop koronavírusu;stop-koronavirusu;0;0;1
40308;39582;1;1;1;Zdravie a starostlivosť > Osobné váhy;osobne-vahy;36;36;0
40371;39582;1;0;1;Zdravie a starostlivosť > Parfumy a kozmetika;parfumy-a-kozmetika;0;0;1
40452;39582;1;1;1;Zdravie a starostlivosť > Čistenie pleti;cistenie-pleti;0;0;1
40461;39582;1;0;1;Zdravie a starostlivosť > Masážne prístroje;masazne-pristroje;0;0;1
40479;39582;1;0;1;Zdravie a starostlivosť > Starostlivosť o dieťa;starostlivost-o-dieta;11;11;0
40749;39582;1;0;1;Zdravie a starostlivosť > Chovateľské potreby;chovatelske-potreby;36;186;0
45972;39582;1;0;0;Zdravie a starostlivosť > Holiace strojčeky a zastrihávače;holiace-strojceky-a-zastrihavace;0;0;1
45978;39582;1;1;1;Zdravie a starostlivosť > Starostlivosť o pleť;starostlivost-o-plet;0;0;1
46035;39582;1;0;1;Zdravie a starostlivosť > Prístroje na tvár;pristroje-na-tvar;3;14;0
46080;39582;1;0;1;Zdravie a starostlivosť > Sonické zubné kefky;sonicke-zubne-kefky;0;0;1
46086;39582;1;1;1;Zdravie a starostlivosť > Osobná starostlivosť;osobna-starostlivost;0;0;1
46260;39582;1;1;1;Zdravie a starostlivosť > Predlžovanie rias;predlzovanie-rias;0;0;1
46329;39582;1;0;0;Zdravie a starostlivosť > Ústne sprchy;ustne-sprchy-2;0;0;1
46341;39582;1;1;1;Zdravie a starostlivosť > Otoskopy;otoskopy;12;12;0
46404;39582;1;0;1;Zdravie a starostlivosť > Matka a dieťa;matka-a-dieta;13;13;0
46506;39582;1;0;0;Zdravie a starostlivosť > Erotika;erotika;0;0;1
46740;39582;1;1;1;Zdravie a starostlivosť > Váhy;vahy;0;0;1
39588;39585;2;1;1;Zdravie a starostlivosť > Starostlivosť o zuby > Elektrické zubné kefky;elektricke-zubne-kefky;46;46;0
39873;39585;2;1;1;Zdravie a starostlivosť > Starostlivosť o zuby > Príslušenstvo k zubným kefkám;prislusenstvo-k-zubnym-kefkam;65;65;0
40260;39585;2;1;1;Zdravie a starostlivosť > Starostlivosť o zuby > Ústne sprchy;ustne-sprchy;10;10;0
40602;39585;2;1;1;Zdravie a starostlivosť > Starostlivosť o zuby > Zubné kefky;zubne-kefky;9;9;0
39594;39591;2;1;1;Zdravie a starostlivosť > Starostlivosť o vlasy > Fény na vlasy;feny-na-vlasy;63;63;0
39645;39591;2;1;1;Zdravie a starostlivosť > Starostlivosť o vlasy > Zastrihávače;zastrihavace;34;34;0
39648;39591;2;1;1;Zdravie a starostlivosť > Starostlivosť o vlasy > Kulmy na vlasy;kulmy-na-vlasy;58;58;0
39711;39591;2;1;1;Zdravie a starostlivosť > Starostlivosť o vlasy > Žehličky na vlasy, krepovací kliešte;zehlicky-na-vlasy--krepovaci-klieste;34;34;0
39858;39591;2;1;1;Zdravie a starostlivosť > Starostlivosť o vlasy > Príslušenstvo k starostlivosť o vlasy;prislusenstvo-k-starostlivost-o-vlasy;15;15;0
40650;39591;2;1;1;Zdravie a starostlivosť > Starostlivosť o vlasy > Hrebene na vlasy;hrebene-na-vlasy;0;0;1
46539;39591;2;1;1;Zdravie a starostlivosť > Starostlivosť o vlasy > Fény;feny;12;12;0
46542;39591;2;1;1;Zdravie a starostlivosť > Starostlivosť o vlasy > Žehličky na vlasy a kulmy;zehlicky-na-vlasy-a-kulmy;0;0;1
39600;39597;3;0;1;Domáce spotrebiče > Malé spotrebiče > Kuchynské roboty a krájače > Mixéry a šľahače;mixery-a-slahace;14;122;0
39867;39597;3;1;1;Domáce spotrebiče > Malé spotrebiče > Kuchynské roboty a krájače > Kuchynské roboty;kuchynske-roboty;31;31;0
39888;39597;3;1;1;Domáce spotrebiče > Malé spotrebiče > Kuchynské roboty a krájače > Krájače potravín;krajace-potravin;21;21;0
40389;39597;3;1;1;Domáce spotrebiče > Malé spotrebiče > Kuchynské roboty a krájače > Mlynčeky na mäso;mlynceky-na-maso;0;0;1
39603;39600;4;0;1;Domáce spotrebiče > Malé spotrebiče > Kuchynské roboty a krájače > Mixéry a šľahače > Mixéry;mixery;6;64;0
39741;39600;4;1;1;Domáce spotrebiče > Malé spotrebiče > Kuchynské roboty a krájače > Mixéry a šľahače > Elektrické sekáčiky;elektricke-sekaciky;13;13;0
39840;39600;4;1;1;Domáce spotrebiče > Malé spotrebiče > Kuchynské roboty a krájače > Mixéry a šľahače > Šľahače;slahace;18;18;0
40143;39600;4;1;1;Domáce spotrebiče > Malé spotrebiče > Kuchynské roboty a krájače > Mixéry a šľahače > Zmrzlinovače a jogurtovače;zmrzlinovace-a-jogurtovace;13;13;0
39606;39603;5;1;1;Domáce spotrebiče > Malé spotrebiče > Kuchynské roboty a krájače > Mixéry a šľahače > Mixéry > Stolové mixéry;stolove-mixery;44;44;0
39843;39603;5;1;1;Domáce spotrebiče > Malé spotrebiče > Kuchynské roboty a krájače > Mixéry a šľahače > Mixéry > Tyčové mixéry;tycove-mixery;14;14;0
39624;39621;3;1;1;Domáce spotrebiče > Vstavané spotrebiče > Digestory > Filtre do digestorov;filtre-do-digestorov;0;0;1
39963;39621;3;1;1;Domáce spotrebiče > Vstavané spotrebiče > Digestory > Komínové digestory;kominove-digestory;11;11;0
40056;39621;3;1;1;Domáce spotrebiče > Vstavané spotrebiče > Digestory > Výsuvné, výklopné digestory;vysuvne--vyklopne-digestory;16;16;0
40146;39621;3;1;1;Domáce spotrebiče > Vstavané spotrebiče > Digestory > Závesné digestory;zavesne-digestory;0;0;1
40383;39621;3;1;1;Domáce spotrebiče > Vstavané spotrebiče > Digestory > Ostrovčekové digestory;ostrovcekove-digestory;0;0;1
40503;39621;3;1;1;Domáce spotrebiče > Vstavané spotrebiče > Digestory > Príslušenstvo k digestorom;prislusenstvo-k-digestorom;0;0;1
39633;39630;3;1;1;Domáce spotrebiče > Malé spotrebiče > Nádobie > Pekáče a zapekacie misy;pekace-a-zapekacie-misy;0;0;1
39636;39630;3;1;1;Domáce spotrebiče > Malé spotrebiče > Nádobie > Poháre a fľaše;pohare-a-flase;14;14;0
39876;39630;3;1;1;Domáce spotrebiče > Malé spotrebiče > Nádobie > Panvice;panvice;28;28;0
40080;39630;3;1;1;Domáce spotrebiče > Malé spotrebiče > Nádobie > Dózy na potraviny;dozy-na-potraviny;6;6;0
40194;39630;3;1;1;Domáce spotrebiče > Malé spotrebiče > Nádobie > Hrnce;hrnce;36;36;0
40296;39630;3;1;1;Domáce spotrebiče > Malé spotrebiče > Nádobie > Termosky a termohrnčeky;termosky-a-termohrnceky;23;23;0
40329;39630;3;1;1;Domáce spotrebiče > Malé spotrebiče > Nádobie > Hrnčeky a šálky;hrnceky-a-salky;0;0;1
40392;39630;3;1;1;Domáce spotrebiče > Malé spotrebiče > Nádobie > Pečúce formy;pecuce-formy;19;19;0
40617;39630;3;1;1;Domáce spotrebiče > Malé spotrebiče > Nádobie > Pokrievky;pokrievky;0;0;1
40881;39630;3;1;1;Domáce spotrebiče > Malé spotrebiče > Nádobie > Misy a misky;misy-a-misky;0;0;1
39642;39639;3;1;1;Domáce spotrebiče > Malé spotrebiče > Žehličky > Naparovacie žehličky;naparovacie-zehlicky;29;29;0
39690;39639;3;1;1;Domáce spotrebiče > Malé spotrebiče > Žehličky > Žehliace dosky;zehliace-dosky;17;17;0
39759;39639;3;1;1;Domáce spotrebiče > Malé spotrebiče > Žehličky > Sušiaky na bielizeň;susiaky-na-bielizen;46;46;0
40095;39639;3;0;1;Domáce spotrebiče > Malé spotrebiče > Žehličky > Šijacie stroje a príslušenstvo;sijacie-stroje-a-prislusenstvo;0;0;1
40200;39639;3;1;1;Domáce spotrebiče > Malé spotrebiče > Žehličky > Naparovače odevov;naparovace-odevov;16;16;0
40203;39639;3;1;1;Domáce spotrebiče > Malé spotrebiče > Žehličky > Parné generátory;parne-generatory;0;0;1
40692;39639;3;0;0;Domáce spotrebiče > Malé spotrebiče > Žehličky > Domové alarmy a zvončeky;domove-alarmy-a-zvonceky;0;0;1
40779;39639;3;1;1;Domáce spotrebiče > Malé spotrebiče > Žehličky > Žehličky na suché žehlenie;zehlicky-na-suche-zehlenie;0;0;1
40809;39639;3;1;1;Domáce spotrebiče > Malé spotrebiče > Žehličky > Cestovné žehličky;cestovne-zehlicky;0;0;1
40863;39639;3;1;1;Domáce spotrebiče > Malé spotrebiče > Žehličky > Hodiny a budíky;hodiny-a-budiky;0;0;1
39654;39651;3;1;1;Domáce spotrebiče > Malé spotrebiče > Grily, pekárne, variče > Palacinkovače;palacinkovace;8;8;0
39669;39651;3;1;1;Domáce spotrebiče > Malé spotrebiče > Grily, pekárne, variče > Elektrické grily;elektricke-grily;31;31;0
39693;39651;3;1;1;Domáce spotrebiče > Malé spotrebiče > Grily, pekárne, variče > Lávové a raclettové grily;lavove-a-raclettove-grily;0;0;1
39696;39651;3;1;1;Domáce spotrebiče > Malé spotrebiče > Grily, pekárne, variče > Elektrické variče;elektricke-varice;22;22;0
40317;39651;3;1;1;Domáce spotrebiče > Malé spotrebiče > Grily, pekárne, variče > Domáce pekárne;domace-pekarne;0;0;1
40599;39651;3;1;1;Domáce spotrebiče > Malé spotrebiče > Grily, pekárne, variče > Pece na pizzu;pece-na-pizzu;28;28;0
46773;39651;3;1;1;Domáce spotrebiče > Malé spotrebiče > Grily, pekárne, variče > Varné platne;varne-platne;0;0;1
39663;39660;2;1;1;Zdravie a starostlivosť > Holiace strojčeky > Epilátory;epilatory;17;17;0
39666;39660;2;1;1;Zdravie a starostlivosť > Holiace strojčeky > Príslušenstvo k holiacim strojčekom;prislusenstvo-k-holiacim-strojcekom;10;10;0
39678;39660;2;1;1;Zdravie a starostlivosť > Holiace strojčeky > Dámske holiace strojčeky a depilátory;damske-holiace-strojceky-a-depilatory;0;0;1
39681;39660;2;1;1;Zdravie a starostlivosť > Holiace strojčeky > Pánske holiace strojčeky;panske-holiace-strojceky;0;0;1
39687;39684;3;1;1;Domáce spotrebiče > Malé spotrebiče > Vysávače > Podlahové vysávače;podlahove-vysavace;22;22;0
39855;39684;3;1;1;Domáce spotrebiče > Malé spotrebiče > Vysávače > Tyčové vysávače;tycove-vysavace;66;66;0
39999;39684;3;1;1;Domáce spotrebiče > Malé spotrebiče > Vysávače > Parné mopy a čističe;parne-mopy-a-cistice;9;9;0
40188;39684;3;1;1;Domáce spotrebiče > Malé spotrebiče > Vysávače > Aku vysávače;aku-vysavace;12;12;0
40416;39684;3;1;1;Domáce spotrebiče > Malé spotrebiče > Vysávače > Robotické vysávače;roboticke-vysavace;125;125;0
40443;39684;3;1;1;Domáce spotrebiče > Malé spotrebiče > Vysávače > Viacúčelové vysávače;viacucelove-vysavace;0;0;1
45993;39684;3;1;1;Domáce spotrebiče > Malé spotrebiče > Vysávače > Náhradné diely;nahradne-diely-3;70;70;0
46494;39684;3;1;1;Domáce spotrebiče > Malé spotrebiče > Vysávače > Ostatné;ostatne-22;0;0;1
47982;39684;3;1;1;Domáce spotrebiče > Malé spotrebiče > Vysávače > Ručné vysávače;rucne-vysavace-2;0;0;1
39720;39717;1;0;1;Elektroinštalačný materiál > Osvetlenie;osvetlenie;13;1288;0
40950;39717;1;0;1;Elektroinštalačný materiál > Ističe a chrániče;istice-a-chranice;15;198;0
41004;39717;1;0;1;Elektroinštalačný materiál > Káble a vodiče;kable-a-vodice;1;220;0
41028;39717;1;0;1;Elektroinštalačný materiál > Rozvádzačové prvky;rozvadzacove-prvky;0;505;0
41103;39717;1;0;1;Elektroinštalačný materiál > Prepäťové ochrany;prepatove-ochrany;5;15;0
41139;39717;1;0;1;Elektroinštalačný materiál > Predlžovačky, zásuvky, vidlica;predlzovacky--zasuvky--vidlica;6;633;0
41199;39717;1;1;1;Elektroinštalačný materiál > Kompenzátory jalového výkonu;kompenzatory-jaloveho-vykonu;8;8;0
41259;39717;1;0;1;Elektroinštalačný materiál > Vypínače, zásuvky, krabice;vypinace--zasuvky--krabice;3;287;0
41283;39717;1;0;1;Elektroinštalačný materiál > Inštalačné náradie a ostatné materiál;instalacne-naradie-a-ostatne-material;24;74;0
41325;39717;1;0;1;Elektroinštalačný materiál > Montážne skrine a rozvádzače;montazne-skrine-a-rozvadzace;1;382;0
41562;39717;1;0;1;Elektroinštalačný materiál > Inštalačné príslušenstvo;instalacne-prislusenstvo;3;278;0
42099;39717;1;0;1;Elektroinštalačný materiál > Ventilačné technika;ventilacne-technika;18;464;0
42324;39717;1;0;1;Elektroinštalačný materiál > Elektromery a spínacie technika;elektromery-a-spinacie-technika;13;239;0
43383;39717;1;0;1;Elektroinštalačný materiál > Komponenty pre svietidlá;komponenty-pre-svietidla;3;29;0
47595;39717;1;0;1;Elektroinštalačný materiál > Ostatné;ostatne-27;6;141;0
47610;39717;1;0;1;Elektroinštalačný materiál > Predlžovacie káble a zásuvky;predlzovacie-kable-a-zasuvky;0;0;1
47625;39717;1;1;1;Elektroinštalačný materiál > Zvončeky;zvonceky-2;51;51;0
47631;39717;1;1;1;Elektroinštalačný materiál > Cestovné adaptéry;cestovne-adaptery-3;12;12;0
47634;39717;1;1;1;Elektroinštalačný materiál > Časové spínače;casove-spinace-2;9;9;0
47856;39717;1;1;1;Elektroinštalačný materiál > Elektromery;elektromery-2;0;0;1
39723;39720;2;0;1;Elektroinštalačný materiál > Osvetlenie > LED Žiarovky;led-ziarovky;46;260;0
40302;39720;2;1;1;Elektroinštalačný materiál > Osvetlenie > Ostatné žiarovky a žiarivky;ostatne-ziarovky-a-ziarivky;7;7;0
40407;39720;2;0;1;Elektroinštalačný materiál > Osvetlenie > Svietidlá;svietidla;18;181;0
40446;39720;2;1;1;Elektroinštalačný materiál > Osvetlenie > Zásuvky;zasuvky;0;0;1
40530;39720;2;1;1;Elektroinštalačný materiál > Osvetlenie > Lampy a lampičky;lampy-a-lampicky;0;0;1
40872;39720;2;1;1;Elektroinštalačný materiál > Osvetlenie > Cestovné adaptéry;cestovne-adaptery;0;0;1
41010;39720;2;1;1;Elektroinštalačný materiál > Osvetlenie > Stolové lampy;stolove-lampy;18;18;0
41214;39720;2;1;1;Elektroinštalačný materiál > Osvetlenie > Vianočné dekorácie;vianocne-dekoracie;172;172;0
41520;39720;2;1;1;Elektroinštalačný materiál > Osvetlenie > LED svietidlá;led-svietidla;78;78;0
41556;39720;2;1;1;Elektroinštalačný materiál > Osvetlenie > Záhradné svietidlá;zahradne-svietidla-2;21;21;0
42177;39720;2;1;1;Elektroinštalačný materiál > Osvetlenie > Žiarovky;ziarovky;11;11;0
43476;39720;2;0;1;Elektroinštalačný materiál > Osvetlenie > LED reflektory;led-reflektory;4;77;0
43908;39720;2;0;1;Elektroinštalačný materiál > Osvetlenie > LED pásky;led-pasky;3;78;0
43938;39720;2;1;1;Elektroinštalačný materiál > Osvetlenie > LED sviečky;led-sviecky;0;0;1
44289;39720;2;1;1;Elektroinštalačný materiál > Osvetlenie > Stojace lampy;stojace-lampy;0;0;1
45285;39720;2;1;1;Elektroinštalačný materiál > Osvetlenie > Patice, Redukcie;patice--redukcie;0;0;1
45579;39720;2;1;1;Elektroinštalačný materiál > Osvetlenie > Infra žiarovky;infra-ziarovky;0;0;1
47604;39720;2;0;1;Elektroinštalačný materiál > Osvetlenie > LED osvetlenie;led-osvetlenie;5;135;0
47679;39720;2;0;1;Elektroinštalačný materiál > Osvetlenie > Vianocne osvetlenie;vianocne-osvetlenie;8;138;0
47691;39720;2;0;1;Elektroinštalačný materiál > Osvetlenie > Priemyselné LED osvetlenie;priemyselne-led-osvetlenie;3;11;0
47727;39720;2;1;1;Elektroinštalačný materiál > Osvetlenie > LED stolové lampy;led-stolove-lampy;27;27;0
47742;39720;2;1;1;Elektroinštalačný materiál > Osvetlenie > LED trubicové žiarivky;led-trubicove-ziarivky;9;9;0
47745;39720;2;0;1;Elektroinštalačný materiál > Osvetlenie > LED panely a podhľadová svetla;led-panely-a-podhladova-svetla;6;42;0
47754;39720;2;1;1;Elektroinštalačný materiál > Osvetlenie > Senzory a konektory;senzory-a-konektory;10;10;0
41157;39723;3;1;1;Elektroinštalačný materiál > Osvetlenie > LED Žiarovky > E14 závit;e14-zavit;50;50;0
41694;39723;3;1;1;Elektroinštalačný materiál > Osvetlenie > LED Žiarovky > G9 patice;g9-patice;0;0;1
42267;39723;3;1;1;Elektroinštalačný materiál > Osvetlenie > LED Žiarovky > E27 závit;e27-zavit;90;90;0
42771;39723;3;1;1;Elektroinštalačný materiál > Osvetlenie > LED Žiarovky > GU10 patice;gu10-patice;21;21;0
45042;39723;3;1;1;Elektroinštalačný materiál > Osvetlenie > LED Žiarovky > MR16 patice;mr16-patice;0;0;1
45465;39723;3;1;1;Elektroinštalačný materiál > Osvetlenie > LED Žiarovky > G4 patice;g4-patice;0;0;1
47787;39723;3;1;1;Elektroinštalačný materiál > Osvetlenie > LED Žiarovky > GU10;gu10;8;8;0
47790;39723;3;1;1;Elektroinštalačný materiál > Osvetlenie > LED Žiarovky > E14;e14;17;17;0
47796;39723;3;1;1;Elektroinštalačný materiál > Osvetlenie > LED Žiarovky > E27;e27;28;28;0
47829;39723;3;1;1;Elektroinštalačný materiál > Osvetlenie > LED Žiarovky > G9&G4;g9-g4;0;0;1
47937;39723;3;1;1;Elektroinštalačný materiál > Osvetlenie > LED Žiarovky > Ostatné svetelné zdroje;ostatne-svetelne-zdroje;0;0;1
39738;39735;3;1;1;Domáce spotrebiče > Malé spotrebiče > Upratovacie pomôcky > Čističe okien;cistice-okien;17;17;0
39744;39735;3;1;1;Domáce spotrebiče > Malé spotrebiče > Upratovacie pomôcky > Mopy a upratovacie súpravy;mopy-a-upratovacie-supravy;82;82;0
39747;39735;3;1;1;Domáce spotrebiče > Malé spotrebiče > Upratovacie pomôcky > Košťata a metly;kostata-a-metly;0;0;1
40245;39735;3;1;1;Domáce spotrebiče > Malé spotrebiče > Upratovacie pomôcky > Čistiace prostriedky;cistiace-prostriedky;25;25;0
39765;39762;1;0;1;Náradie a dielňa > Náradie;naradie;20;62;0
40926;39762;1;0;1;Náradie a dielňa > Ochranné pomôcky a odevy;ochranne-pomocky-a-odevy;11;64;0
40998;39762;1;0;1;Náradie a dielňa > MERACIE TECHNIKA;meracie-technika;1;461;0
41175;39762;1;0;1;Náradie a dielňa > Elektronické súčiastky;elektronicke-suciastky;4;241;0
41220;39762;1;0;1;Náradie a dielňa > Dielenské vybavenie;dielenske-vybavenie;9;107;0
41601;39762;1;0;1;Náradie a dielňa > Chémia;chemia;14;31;0
41613;39762;1;0;1;Náradie a dielňa > Elektrické a AKU náradie;elektricke-a-aku-naradie;11;22;0
41697;39762;1;0;1;Náradie a dielňa > Mechanické náradie;mechanicke-naradie;22;274;0
41706;39762;1;0;1;Náradie a dielňa > SPÁJKOVACIE TECHNIKA;spajkovacie-technika;12;186;0
41826;39762;1;0;1;Náradie a dielňa > Stavebné a maliarske náradie;stavebne-a-maliarske-naradie;25;79;0
41841;39762;1;0;1;Náradie a dielňa > Náradie pre brúsenie, vŕtanie, rezanie a pilovanie;naradie-pre-brusenie--vrtanie--rezanie-a-pilovanie;17;148;0
42183;39762;1;0;1;Náradie a dielňa > Drobné náradie a príslušenstvo;drobne-naradie-a-prislusenstvo;6;62;0
42279;39762;1;0;1;Náradie a dielňa > Pneumatické náradie;pneumaticke-naradie;9;9;0
43215;39762;1;1;0;Náradie a dielňa > Ostatné;ostatne-4;0;0;1
43224;39762;1;0;1;Náradie a dielňa > Kancelária a škola;kancelaria-a-skola;10;79;0
45954;39762;1;1;0;Náradie a dielňa > Meracie nástroje;meracie-nastroje;0;0;1
46053;39762;1;1;0;Náradie a dielňa > Stavebné náradie;stavebne-naradie;0;0;1
46212;39762;1;1;0;Náradie a dielňa > Výtlačné a kartušové pištole;vytlacne-a-kartusove-pistole;0;0;1
46251;39762;1;1;1;Náradie a dielňa > Rezacie nástroje;rezacie-nastroje;0;0;1
46653;39762;1;1;1;Náradie a dielňa > Spájkovačky;spajkovacky;16;16;0
46671;39762;1;1;1;Náradie a dielňa > Skrutkovače;skrutkovace;0;0;1
46674;39762;1;1;1;Náradie a dielňa > Vrtáky a skrutkovače;vrtaky-a-skrutkovace;0;0;1
46779;39762;1;1;1;Náradie a dielňa > Brúsky;brusky-3;0;0;1
46812;39762;1;1;1;Náradie a dielňa > Tašky a boxy na náradie;tasky-a-boxy-na-naradie;0;0;1
47799;39762;1;0;1;Náradie a dielňa > Ručné AKU náradie;rucne-aku-naradie;3;14;0
47850;39762;1;0;1;Náradie a dielňa > Meracia technika;meracia-technika;6;19;0
47925;39762;1;1;1;Náradie a dielňa > Spájkovacia technika;spajkovacia-technika;0;0;1
48069;39762;1;1;1;Náradie a dielňa > Wykrywacze metalu;wykrywacze-metalu;0;0;1
48072;39762;1;1;1;Náradie a dielňa > Zváranie;zvaranie;0;0;1
48387;39762;1;1;1;Náradie a dielňa > Meracie prístroje;meracie-pristroje-3;253;253;0
48417;39762;1;1;1;Náradie a dielňa > Ostatné náradie a vybavenie dielne;ostatne-naradie-a-vybavenie-dielne;27;27;0
39768;39765;2;0;1;Náradie a dielňa > Náradie > Elektrické náradie;elektricke-naradie;14;14;0
40110;39765;2;0;1;Náradie a dielňa > Náradie > Príslušenstvo pre stroje a náradie;prislusenstvo-pre-stroje-a-naradie;5;15;0
40170;39765;2;0;1;Náradie a dielňa > Náradie > Ručné náradie;rucne-naradie;13;13;0
40182;39765;2;0;1;Náradie a dielňa > Náradie > Pneumatické a hydraulické náradie;pneumaticke-a-hydraulicke-naradie;0;0;1
40485;39765;2;0;1;Náradie a dielňa > Náradie > Stavebné materiál, chémia a technika;stavebne-material--chemia-a-technika;0;0;1
40611;39765;2;0;1;Náradie a dielňa > Náradie > Aku náradie;aku-naradie;0;0;1
40623;39765;2;1;1;Náradie a dielňa > Náradie > Svietidlá;svietidla-2;0;0;1
40857;39765;2;0;1;Náradie a dielňa > Náradie > Upratovanie, čistenie a umývanie;upratovanie--cistenie-a-umyvanie;0;0;1
39771;39768;3;1;1;Náradie a dielňa > Náradie > Elektrické náradie > Tavné a horúcovzdušné pištole;tavne-a-horucovzdusne-pistole;0;0;1
40263;39768;3;0;1;Náradie a dielňa > Náradie > Elektrické náradie > Brúsky;brusky;0;0;1
40512;39768;3;1;1;Náradie a dielňa > Náradie > Elektrické náradie > Spájky;spajky;0;0;1
40569;39768;3;1;1;Náradie a dielňa > Náradie > Elektrické náradie > Bourací a vŕtacie kladivá;bouraci-a-vrtacie-kladiva;0;0;1
40818;39768;3;1;1;Náradie a dielňa > Náradie > Elektrické náradie > Autonabíjačky a štartovacie zdroje;autonabijacky-a-startovacie-zdroje;0;0;1
40833;39768;3;0;1;Náradie a dielňa > Náradie > Elektrické náradie > Frézy a frézky;frezy-a-frezky;0;0;1
40899;39768;3;1;0;Náradie a dielňa > Náradie > Elektrické náradie > Vŕtačky;vrtacky;0;0;1
39777;39774;3;1;1;Domáce spotrebiče > Veľké spotrebiče > Práčky > Príslušenstvo k práčkam a sušičkám;prislusenstvo-k-prackam-a-susickam;28;28;0
40239;39774;3;1;1;Domáce spotrebiče > Veľké spotrebiče > Práčky > Práčky zepředu plnené;pracky-zepredu-plnene;48;48;0
40395;39774;3;1;1;Domáce spotrebiče > Veľké spotrebiče > Práčky > Práčky s vrchným plnením;pracky-s-vrchnym-plnenim;15;15;0
39792;39789;1;0;1;Záhrada > Záhradné potreby;zahradne-potreby;0;0;1
40962;39789;1;0;1;Záhrada > Brány a zvončeky;brany-a-zvonceky;9;94;0
40968;39789;1;0;1;Záhrada > Záhradné náradie;zahradne-naradie-2;7;33;0
41094;39789;1;0;1;Záhrada > Záhradné doplnky;zahradne-doplnky;16;148;0
41622;39789;1;0;1;Záhrada > Záhradné stroje;zahradne-stroje;11;46;0
42126;39789;1;0;1;Záhrada > Odpudzovače a lapače hmyzu;odpudzovace-a-lapace-hmyzu;44;67;0
42531;39789;1;0;1;Záhrada > Sanitárna technika;sanitarna-technika;10;30;0
46587;39789;1;1;0;Záhrada > Zavlažovacie systémy;zavlazovacie-systemy;0;0;1
46617;39789;1;1;1;Záhrada > Zariadenia na čistenie bazénov;zariadenia-na-cistenie-bazenov;26;26;0
48423;39789;1;1;1;Záhrada > Záhradné zavlažovacie systémy;zahradne-zavlazovacie-systemy;29;29;0
39795;39792;2;0;1;Záhrada > Záhradné potreby > Zavlažovanie;zavlazovanie;0;0;1
40254;39792;2;0;1;Záhrada > Záhradné potreby > Záhradné náradie;zahradne-naradie;0;0;1
40401;39792;2;1;0;Záhrada > Záhradné potreby > Lapače, odpudzovače hmyzu a škodcov;lapace--odpudzovace-hmyzu-a-skodcov;0;0;1
39798;39795;3;1;1;Záhrada > Záhradné potreby > Zavlažovanie > Čerpadlá;cerpadla;0;0;1
39804;39801;3;1;1;Domáce spotrebiče > Veľké spotrebiče > Sporáky a rúry > Príslušenstvo ku sporákom a rúram;prislusenstvo-ku-sporakom-a-ruram;0;0;1
39900;39801;3;1;1;Domáce spotrebiče > Veľké spotrebiče > Sporáky a rúry > Elektrické sporáky;elektricke-sporaky;10;10;0
40092;39801;3;1;1;Domáce spotrebiče > Veľké spotrebiče > Sporáky a rúry > Stolové rúry;stolove-rury;0;0;1
40434;39801;3;1;1;Domáce spotrebiče > Veľké spotrebiče > Sporáky a rúry > Kombinované sporáky;kombinovane-sporaky;0;0;1
39822;39819;3;1;1;Domáce spotrebiče > Malé spotrebiče > Kuchynské potreby > Ostatné kuchynské potreby;ostatne-kuchynske-potreby;22;22;0
39891;39819;3;1;1;Domáce spotrebiče > Malé spotrebiče > Kuchynské potreby > Kuchynské minútky;kuchynske-minutky;0;0;1
39897;39819;3;1;1;Domáce spotrebiče > Malé spotrebiče > Kuchynské potreby > Kuchynské váhy;kuchynske-vahy;37;37;0
39906;39819;3;1;1;Domáce spotrebiče > Malé spotrebiče > Kuchynské potreby > Otvárače na konzervy;otvarace-na-konzervy;0;0;1
39933;39819;3;1;1;Domáce spotrebiče > Malé spotrebiče > Kuchynské potreby > Cedníky, Lieviky, Sitá;cedniky--lieviky--sita;0;0;1
40002;39819;3;1;1;Domáce spotrebiče > Malé spotrebiče > Kuchynské potreby > Obrusy a prestieranie;obrusy-a-prestieranie;0;0;1
40005;39819;3;1;1;Domáce spotrebiče > Malé spotrebiče > Kuchynské potreby > Kuchynské nože a nožnice;kuchynske-noze-a-noznice;13;13;0
40029;39819;3;1;1;Domáce spotrebiče > Malé spotrebiče > Kuchynské potreby > Brousky na nože;brousky-na-noze;0;0;1
40089;39819;3;1;1;Domáce spotrebiče > Malé spotrebiče > Kuchynské potreby > Vývrtky a otvárače;vyvrtky-a-otvarace;0;0;1
40233;39819;3;1;1;Domáce spotrebiče > Malé spotrebiče > Kuchynské potreby > Valčeky na cesto;valceky-na-cesto;0;0;1
40332;39819;3;1;1;Domáce spotrebiče > Malé spotrebiče > Kuchynské potreby > Lisy na potraviny;lisy-na-potraviny;0;0;1
40350;39819;3;1;1;Domáce spotrebiče > Malé spotrebiče > Kuchynské potreby > Doštičky, Podložky, Krájacie dosky;dosticky--podlozky--krajacie-dosky;0;0;1
40404;39819;3;1;1;Domáce spotrebiče > Malé spotrebiče > Kuchynské potreby > Mlynčeky na korenie;mlynceky-na-korenie;0;0;1
40455;39819;3;1;1;Domáce spotrebiče > Malé spotrebiče > Kuchynské potreby > Chlebníky, Košíky, Košíky (ošatky);chlebniky--kosiky--kosiky--osatky;0;0;1
40527;39819;3;1;1;Domáce spotrebiče > Malé spotrebiče > Kuchynské potreby > Kuchynské teplomery;kuchynske-teplomery;0;0;1
40776;39819;3;1;0;Domáce spotrebiče > Malé spotrebiče > Kuchynské potreby > Odkôstkovače;odkostkovace;0;0;1
40824;39819;3;1;1;Domáce spotrebiče > Malé spotrebiče > Kuchynské potreby > Varešky, Naberačky, Obracačky, Kliešte;varesky--naberacky--obracacky--klieste;10;10;0
40890;39819;3;1;1;Domáce spotrebiče > Malé spotrebiče > Kuchynské potreby > Handry, Houby, Kefy;handry--houby--kefy;0;0;1
40893;39819;3;1;1;Domáce spotrebiče > Malé spotrebiče > Kuchynské potreby > Škrabky a strúhadlá;skrabky-a-struhadla;0;0;1
48096;39819;3;1;0;Domáce spotrebiče > Malé spotrebiče > Kuchynské potreby > Krájače a porcovače;krajace-a-porcovace;0;0;1
39882;39879;3;1;1;Domáce spotrebiče > Veľké spotrebiče > Chladničky > Chladiace tašky a boxy;chladiace-tasky-a-boxy;10;10;0
39930;39879;3;1;1;Domáce spotrebiče > Veľké spotrebiče > Chladničky > Monoklimatické chladničky;monoklimaticke-chladnicky;22;22;0
39936;39879;3;1;1;Domáce spotrebiče > Veľké spotrebiče > Chladničky > Chladničky s mraziace priehradkou;chladnicky-s-mraziace-priehradkou;0;0;1
39957;39879;3;0;1;Domáce spotrebiče > Veľké spotrebiče > Chladničky > Kombinované chladničky;kombinovane-chladnicky;7;65;0
40071;39879;3;1;1;Domáce spotrebiče > Veľké spotrebiče > Chladničky > Príslušenstvo k chladničkám;prislusenstvo-k-chladnickam;0;0;1
40398;39879;3;1;1;Domáce spotrebiče > Veľké spotrebiče > Chladničky > Americké chladničky;americke-chladnicky;0;0;1
39927;39924;2;1;1;Zdravie a starostlivosť > Starostlivosť o zdravie > Teplomery;teplomery;0;0;1
40164;39924;2;1;1;Zdravie a starostlivosť > Starostlivosť o zdravie > Tlakomery, tonometre;tlakomery--tonometre;0;0;1
40458;39924;2;1;1;Zdravie a starostlivosť > Starostlivosť o zdravie > Ostatné starostlivosť o zdravie;ostatne-starostlivost-o-zdravie;0;0;1
40680;39924;2;1;1;Zdravie a starostlivosť > Starostlivosť o zdravie > Inhalátory;inhalatory;0;0;1
40734;39924;2;1;1;Zdravie a starostlivosť > Starostlivosť o zdravie > Vložky do bot;vlozky-do-bot;0;0;1
39942;39939;3;1;1;Domáce spotrebiče > Veľké spotrebiče > Mrazničky > Pultové mrazničky;pultove-mraznicky;11;11;0
40161;39939;3;1;1;Domáce spotrebiče > Veľké spotrebiče > Mrazničky > Zásuvkové mrazničky;zasuvkove-mraznicky;0;0;1
39960;39957;4;1;1;Domáce spotrebiče > Veľké spotrebiče > Chladničky > Kombinované chladničky > Chladničky s mrazákom nahoře;chladnicky-s-mrazakom-nahore;0;0;1
40341;39957;4;1;1;Domáce spotrebiče > Veľké spotrebiče > Chladničky > Kombinované chladničky > Chladničky s mrazákom dole;chladnicky-s-mrazakom-dole;58;58;0
39975;39972;3;1;1;Domáce spotrebiče > Vstavané spotrebiče > Vstavané umývačky riadu > Vstavané umývačky 60 cm;vstavane-umyvacky-60-cm;22;22;0
40101;39972;3;1;1;Domáce spotrebiče > Vstavané spotrebiče > Vstavané umývačky riadu > Vstavané umývačky 45 cm;vstavane-umyvacky-45-cm;17;17;0
39993;39990;3;1;1;Domáce spotrebiče > Vstavané spotrebiče > Vstavané rúry > Vstavané pečúce rúry;vstavane-pecuce-rury;40;40;0
40035;40032;3;0;1;Domáce spotrebiče > Malé spotrebiče > Vzduchotechnika > Vykurovacie telesá;vykurovacie-telesa;2;20;0
40197;40032;3;1;1;Domáce spotrebiče > Malé spotrebiče > Vzduchotechnika > Čističky vzduchu;cisticky-vzduchu;25;25;0
40242;40032;3;1;1;Domáce spotrebiče > Malé spotrebiče > Vzduchotechnika > Aroma difuzéry;aroma-difuzery;54;54;0
40428;40032;3;1;1;Domáce spotrebiče > Malé spotrebiče > Vzduchotechnika > Zvlhčovače vzduchu;zvlhcovace-vzduchu;0;0;1
40554;40032;3;1;1;Domáce spotrebiče > Malé spotrebiče > Vzduchotechnika > Odvlhčovače vzduchu;odvlhcovace-vzduchu;15;15;0
41217;40032;3;1;1;Domáce spotrebiče > Malé spotrebiče > Vzduchotechnika > Vykurovanie;vykurovanie;23;23;0
43866;40032;3;1;1;Domáce spotrebiče > Malé spotrebiče > Vzduchotechnika > Klimatizácia;klimatizacia-2;11;11;0
44208;40032;3;0;1;Domáce spotrebiče > Malé spotrebiče > Vzduchotechnika > Ventilátory;ventilatory;14;14;0
44679;40032;3;1;1;Domáce spotrebiče > Malé spotrebiče > Vzduchotechnika > Príslušenstvo;prislusenstvo-15;11;11;0
45369;40032;3;1;1;Domáce spotrebiče > Malé spotrebiče > Vzduchotechnika > Zvlhčovače;zvlhcovace;0;0;1
48093;40032;3;1;1;Domáce spotrebiče > Malé spotrebiče > Vzduchotechnika > Sušiaky;susiaky;0;0;1
40038;40035;4;0;1;Domáce spotrebiče > Malé spotrebiče > Vzduchotechnika > Vykurovacie telesá > Vykurovacie telesá, radiátory;vykurovacie-telesa--radiatory;9;18;0
40557;40035;4;1;1;Domáce spotrebiče > Malé spotrebiče > Vzduchotechnika > Vykurovacie telesá > Elektrická krbová kachle;elektricka-krbova-kachle;0;0;1
40041;40038;5;1;1;Domáce spotrebiče > Malé spotrebiče > Vzduchotechnika > Vykurovacie telesá > Vykurovacie telesá, radiátory > Teplovzdušné ventilátory;teplovzdusne-ventilatory;9;9;0
40278;40038;5;1;1;Domáce spotrebiče > Malé spotrebiče > Vzduchotechnika > Vykurovacie telesá > Vykurovacie telesá, radiátory > Olejové radiátory;olejove-radiatory;0;0;1
40326;40038;5;1;1;Domáce spotrebiče > Malé spotrebiče > Vzduchotechnika > Vykurovacie telesá > Vykurovacie telesá, radiátory > Konvektory;konvektory;0;0;1
40098;40095;4;1;1;Domáce spotrebiče > Malé spotrebiče > Žehličky > Šijacie stroje a príslušenstvo > Šijacie stroje;sijacie-stroje;0;0;1
40107;40104;3;1;1;Domáce spotrebiče > Malé spotrebiče > Potreby pre domácnosť > Elektrické nože;elektricke-noze;0;0;1
40746;40104;3;1;0;Domáce spotrebiče > Malé spotrebiče > Potreby pre domácnosť > Meteostanice, teplomery, vlhkomery;meteostanice--teplomery--vlhkomery;0;0;1
40938;40104;3;1;0;Domáce spotrebiče > Malé spotrebiče > Potreby pre domácnosť > Testery alkoholu;testery-alkoholu;0;0;1
41253;40104;3;0;1;Domáce spotrebiče > Malé spotrebiče > Potreby pre domácnosť > Upratovanie;upratovanie;0;0;1
41472;40104;3;1;0;Domáce spotrebiče > Malé spotrebiče > Potreby pre domácnosť > Vonné oleje;vonne-oleje;0;0;1
41610;40104;3;1;0;Domáce spotrebiče > Malé spotrebiče > Potreby pre domácnosť > Filtračné kanvice;filtracne-kanvice-2;0;0;1
42243;40104;3;1;0;Domáce spotrebiče > Malé spotrebiče > Potreby pre domácnosť > Aroma difuzéry;aroma-difuzery-2;0;0;1
42618;40104;3;0;0;Domáce spotrebiče > Malé spotrebiče > Potreby pre domácnosť > Hodiny a budíky;hodiny-a-budiky-2;0;0;1
42762;40104;3;1;1;Domáce spotrebiče > Malé spotrebiče > Potreby pre domácnosť > Termosky, termohrnčeky;termosky--termohrnceky;0;0;1
43161;40104;3;1;0;Domáce spotrebiče > Malé spotrebiče > Potreby pre domácnosť > Kuchynské váhy;kuchynske-vahy-2;0;0;1
43173;40104;3;1;0;Domáce spotrebiče > Malé spotrebiče > Potreby pre domácnosť > Formy na pečení;formy-na-peceni;0;0;1
43770;40104;3;0;1;Domáce spotrebiče > Malé spotrebiče > Potreby pre domácnosť > Doplnky do domácnosti;doplnky-do-domacnosti;0;24;0
43815;40104;3;1;0;Domáce spotrebiče > Malé spotrebiče > Potreby pre domácnosť > Osobné váhy;osobne-vahy-2;0;0;1
43923;40104;3;0;0;Domáce spotrebiče > Malé spotrebiče > Potreby pre domácnosť > Kuchynské pomôcky;kuchynske-pomocky;0;0;1
44778;40104;3;0;0;Domáce spotrebiče > Malé spotrebiče > Potreby pre domácnosť > Starostlivosť o telo;starostlivost-o-telo;0;0;1
45384;40104;3;1;0;Domáce spotrebiče > Malé spotrebiče > Potreby pre domácnosť > Kanvice na čaj;kanvice-na-caj;0;0;1
45459;40104;3;0;1;Domáce spotrebiče > Malé spotrebiče > Potreby pre domácnosť > Efekty a dekorácie;efekty-a-dekoracie;0;0;1
45561;40104;3;1;0;Domáce spotrebiče > Malé spotrebiče > Potreby pre domácnosť > Těsnění do okien a dveří;tesneni-do-okien-a-dveri;0;0;1
45675;40104;3;0;1;Domáce spotrebiče > Malé spotrebiče > Potreby pre domácnosť > Kuchynské riad;kuchynske-riad;0;0;1
45720;40104;3;0;0;Domáce spotrebiče > Malé spotrebiče > Potreby pre domácnosť > Nože a příbory;noze-a-pribory;0;0;1
40113;40110;3;0;1;Náradie a dielňa > Náradie > Príslušenstvo pre stroje a náradie > Príslušenstvo AKU a Elektrické náradie;prislusenstvo-aku-a-elektricke-naradie;10;10;0
40653;40110;3;1;1;Náradie a dielňa > Náradie > Príslušenstvo pre stroje a náradie > Kufre, tašky a montážne boxy;kufre--tasky-a-montazne-boxy;0;0;1
40116;40113;4;1;1;Náradie a dielňa > Náradie > Príslušenstvo pre stroje a náradie > Príslušenstvo AKU a Elektrické náradie > Príslušenstvo pre Čerpadlá a Miešadlá;prislusenstvo-pre-cerpadla-a-miesadla;0;0;1
40137;40113;4;1;1;Náradie a dielňa > Náradie > Príslušenstvo pre stroje a náradie > Príslušenstvo AKU a Elektrické náradie > Príslušenstvo pre Sponkovačky, nastreľovačky;prislusenstvo-pre-sponkovacky--nastrelovacky;0;0;1
40206;40113;4;0;1;Náradie a dielňa > Náradie > Príslušenstvo pre stroje a náradie > Príslušenstvo AKU a Elektrické náradie > Príslušenstvo pre Brúsky;prislusenstvo-pre-brusky;0;0;1
40335;40113;4;0;1;Náradie a dielňa > Náradie > Príslušenstvo pre stroje a náradie > Príslušenstvo AKU a Elektrické náradie > Príslušenstvo pre Píly;prislusenstvo-pre-pily;0;0;1
40515;40113;4;1;1;Náradie a dielňa > Náradie > Príslušenstvo pre stroje a náradie > Príslušenstvo AKU a Elektrické náradie > Príslušenstvo pre Rezačky obkladov;prislusenstvo-pre-rezacky-obkladov;0;0;1
40518;40113;4;0;1;Náradie a dielňa > Náradie > Príslušenstvo pre stroje a náradie > Príslušenstvo AKU a Elektrické náradie > Príslušenstvo Vŕtačky, skrutkovače, uťahováky;prislusenstvo-vrtacky--skrutkovace--utahovaky;0;0;1
40629;40113;4;1;1;Náradie a dielňa > Náradie > Príslušenstvo pre stroje a náradie > Príslušenstvo AKU a Elektrické náradie > AKU batérie a nabíjačky;aku-baterie-a-nabijacky;0;0;1
40722;40113;4;1;0;Náradie a dielňa > Náradie > Príslušenstvo pre stroje a náradie > Príslušenstvo AKU a Elektrické náradie > Príslušenstvo pre hoblíky a sústruhy;prislusenstvo-pre-hobliky-a-sustruhy;0;0;1
40122;40119;1;0;1;Bezpečnosť a smart domácnosť > Smart domácnosť;smart-domacnost;78;160;0
41016;40119;1;0;1;Bezpečnosť a smart domácnosť > Kamerové systémy;kamerove-systemy;19;328;0
41112;40119;1;0;1;Bezpečnosť a smart domácnosť > Zabezpečenie;zabezpecenie;36;102;0
45819;40119;1;0;1;Bezpečnosť a smart domácnosť > Osvetlenie;osvetlenie-3;32;94;0
45825;40119;1;0;1;Bezpečnosť a smart domácnosť > Prvky výkonu;prvky-vykonu;0;206;0
45894;40119;1;0;1;Bezpečnosť a smart domácnosť > Riadiace jednotky;riadiace-jednotky;5;191;0
45957;40119;1;1;0;Bezpečnosť a smart domácnosť > Príslušenstvo;prislusenstvo-18;0;0;1
46185;40119;1;1;1;Bezpečnosť a smart domácnosť > IP kamery;ip-kamery-3;129;129;0
46257;40119;1;1;1;Bezpečnosť a smart domácnosť > Smart záhrada;smart-zahrada;0;0;1
48390;40119;1;1;1;Bezpečnosť a smart domácnosť > Príslušenstvo pre zabezpečovacie systémy;prislusenstvo-pre-zabezpecovacie-systemy;28;28;0
40125;40122;2;0;1;Bezpečnosť a smart domácnosť > Smart domácnosť > Smart zabezpečenie;smart-zabezpecenie;0;0;1
40299;40122;2;1;1;Bezpečnosť a smart domácnosť > Smart domácnosť > Smart žiarovky;smart-ziarovky;0;0;1
40683;40122;2;1;0;Bezpečnosť a smart domácnosť > Smart domácnosť > Smart potreby do domácnosti;smart-potreby-do-domacnosti;0;0;1
41148;40122;2;1;1;Bezpečnosť a smart domácnosť > Smart domácnosť > Detektory a alarmy;detektory-a-alarmy;14;14;0
42027;40122;2;1;0;Bezpečnosť a smart domácnosť > Smart domácnosť > IP kamery;ip-kamery-2;0;0;1
42513;40122;2;1;1;Bezpečnosť a smart domácnosť > Smart domácnosť > Osvetlenie;osvetlenie-2;21;21;0
42987;40122;2;1;1;Bezpečnosť a smart domácnosť > Smart domácnosť > Vykurovanie;vykurovanie-2;9;9;0
43137;40122;2;1;1;Bezpečnosť a smart domácnosť > Smart domácnosť > Zásuvky;zasuvky-2;0;0;1
43239;40122;2;1;1;Bezpečnosť a smart domácnosť > Smart domácnosť > Vypínače;vypinace;0;0;1
43563;40122;2;1;1;Bezpečnosť a smart domácnosť > Smart domácnosť > Čističky vzduchu;cisticky-vzduchu-2;0;0;1
43650;40122;2;1;0;Bezpečnosť a smart domácnosť > Smart domácnosť > Ostatné smart elektronika;ostatne-smart-elektronika;0;0;1
43950;40122;2;1;1;Bezpečnosť a smart domácnosť > Smart domácnosť > Príslušenstvo;prislusenstvo-14;0;0;1
44247;40122;2;1;1;Bezpečnosť a smart domácnosť > Smart domácnosť > Televízory;televizory-2;8;8;0
44280;40122;2;1;1;Bezpečnosť a smart domácnosť > Smart domácnosť > Zvončeky;zvonceky;13;13;0
44505;40122;2;1;1;Bezpečnosť a smart domácnosť > Smart domácnosť > Klávesnice;klavesnice-3;0;0;1
44589;40122;2;1;0;Bezpečnosť a smart domácnosť > Smart domácnosť > Robotické vysávače;roboticke-vysavace-3;0;0;1
44859;40122;2;1;1;Bezpečnosť a smart domácnosť > Smart domácnosť > Meteostanice;meteostanice-2;0;0;1
45207;40122;2;1;1;Bezpečnosť a smart domácnosť > Smart domácnosť > Prenosné lednice, chladiace boxy;prenosne-lednice--chladiace-boxy;0;0;1
45741;40122;2;1;1;Bezpečnosť a smart domácnosť > Smart domácnosť > Rádiá;radia-2;0;0;1
47997;40122;2;1;1;Bezpečnosť a smart domácnosť > Smart domácnosť > Smart zásuvky;smart-zasuvky-2;0;0;1
48453;40122;2;1;1;Bezpečnosť a smart domácnosť > Smart domácnosť > Smart domácnosť – doplnková elektronika;smart-domacnost---doplnkova-elektronika;17;17;0
40128;40125;3;1;1;Bezpečnosť a smart domácnosť > Smart domácnosť > Smart zabezpečenie > Kamery;kamery;0;0;1
40662;40125;3;1;1;Bezpečnosť a smart domácnosť > Smart domácnosť > Smart zabezpečenie > Detektor pohybu;detektor-pohybu;0;0;1
40791;40125;3;1;1;Bezpečnosť a smart domácnosť > Smart domácnosť > Smart zabezpečenie > Smart senzory;smart-senzory;0;0;1
40173;40170;3;0;1;Náradie a dielňa > Náradie > Ručné náradie > Kľúče;kluce;0;0;1
40230;40170;3;1;1;Náradie a dielňa > Náradie > Ručné náradie > Zveráky a svorky;zveraky-a-svorky;0;0;1
40545;40170;3;1;1;Náradie a dielňa > Náradie > Ručné náradie > Sady náradie;sady-naradie;0;0;1
40578;40170;3;1;1;Náradie a dielňa > Náradie > Ručné náradie > Bity + sety sa skrutkovačom alebo račňou;bity-sety-sa-skrutkovacom-alebo-racnou;0;0;1
40581;40170;3;1;1;Náradie a dielňa > Náradie > Ručné náradie > Gola sady, račne a hlavice;gola-sady--racne-a-hlavice;0;0;1
40584;40170;3;1;1;Náradie a dielňa > Náradie > Ručné náradie > Rudle;rudle;0;0;1
40719;40170;3;1;1;Náradie a dielňa > Náradie > Ručné náradie > Nože, nožnice, skalpely, rezačky;noze--noznice--skalpely--rezacky;0;0;1
40731;40170;3;1;1;Náradie a dielňa > Náradie > Ručné náradie > Vŕtačky, kolovrátky a nebozezy;vrtacky--kolovratky-a-nebozezy;0;0;1
40176;40173;4;1;1;Náradie a dielňa > Náradie > Ručné náradie > Kľúče > Stranové a očká;stranove-a-ocka;0;0;1
40185;40182;3;1;1;Náradie a dielňa > Náradie > Pneumatické a hydraulické náradie > Vzduchové hadice, Regulátory a spojk;vzduchove-hadice--regulatory-a-spojk;0;0;1
48090;40182;3;1;1;Náradie a dielňa > Náradie > Pneumatické a hydraulické náradie > Rázové uťahováky skrutkovače kladivá;razove-utahovaky-skrutkovace-kladiva;0;0;1
40209;40206;5;1;1;Náradie a dielňa > Náradie > Príslušenstvo pre stroje a náradie > Príslušenstvo AKU a Elektrické náradie > Príslušenstvo pre Brúsky > 02 Brúsne a rezacie kotúče;02-brusne-a-rezacie-kotuce;0;0;1
40215;40212;1;0;1;Šport, hračky a voľný čas > Hračky;hracky;32;122;0
40224;40212;1;0;1;Šport, hračky a voľný čas > Oblečenie a obuv;oblecenie-a-obuv;0;0;1
40854;40212;1;0;1;Šport, hračky a voľný čas > Posilňovanie a fitness;posilnovanie-a-fitness;0;563;0
40932;40212;1;0;1;Šport, hračky a voľný čas > Cyklistika;cyklistika;16;60;0
41121;40212;1;0;1;Šport, hračky a voľný čas > Ďalekohľady;dalekohlady;5;89;0
41640;40212;1;0;1;Šport, hračky a voľný čas > Turistika;turistika;16;140;0
41748;40212;1;0;1;Šport, hračky a voľný čas > Bojové športy;bojove-sporty;17;377;0
42570;40212;1;0;1;Šport, hračky a voľný čas > Sportovní vybavenie;sportovni-vybavenie;19;139;0
42846;40212;1;0;1;Šport, hračky a voľný čas > Mikroskopy;mikroskopy;0;0;1
42879;40212;1;0;1;Šport, hračky a voľný čas > Zdravotní potreby;zdravotni-potreby;6;40;0
43104;40212;1;0;1;Šport, hračky a voľný čas > Hudební nástroje;hudebni-nastroje;0;0;1
45138;40212;1;1;1;Šport, hračky a voľný čas > Elektrické kolobežky;elektricke-kolobezky;0;0;1
45795;40212;1;0;1;Šport, hračky a voľný čas > Outdoor;outdoor;14;203;0
46041;40212;1;0;1;Šport, hračky a voľný čas > Príslušenstvo pre bicykle;prislusenstvo-pre-bicykle;13;41;0
46368;40212;1;1;1;Šport, hračky a voľný čas > Podvodné skútre;podvodne-skutre;57;57;0
46560;40212;1;1;0;Šport, hračky a voľný čas > Fitness Vybavenie;fitness-vybavenie;0;0;1
46584;40212;1;1;1;Šport, hračky a voľný čas > Elektrické bežecké pásy;elektricke-bezecke-pasy;40;40;0
46725;40212;1;1;0;Šport, hračky a voľný čas > Turizmus;turizmus;0;0;1
46728;40212;1;1;1;Šport, hračky a voľný čas > SUP dosky;sup-dosky;13;13;0
46731;40212;1;1;1;Šport, hračky a voľný čas > Elektrické bicykle;elektricke-bicykle;9;9;0
46764;40212;1;1;1;Šport, hračky a voľný čas > Stacionárne Bicykle;stacionarne-bicykle;9;9;0
46797;40212;1;1;1;Šport, hračky a voľný čas > Elektrické surfy;elektricke-surfy;0;0;1
46833;40212;1;1;1;Šport, hračky a voľný čas > Golf;golf;0;0;1
48081;40212;1;1;0;Šport, hračky a voľný čas > Exoskelety;exoskelety;0;0;1
48273;40212;1;1;1;Šport, hračky a voľný čas > Posilňovanie a fitness – vybavenie;posilnovanie-a-fitness---vybavenie;393;393;0
48414;40212;1;1;1;Šport, hračky a voľný čas > Fitness náradie a vybavenie;fitness-naradie-a-vybavenie;42;42;0
40218;40215;2;1;1;Šport, hračky a voľný čas > Hračky > Autodráhy;autodrahy;28;28;0
40290;40215;2;0;1;Šport, hračky a voľný čas > Hračky > Stavebnice;stavebnice;0;0;1
40587;40215;2;0;1;Šport, hračky a voľný čas > Hračky > Hračky pre kluky;hracky-pre-kluky;0;9;0
40686;40215;2;1;1;Šport, hračky a voľný čas > Hračky > Elektronické hračky;elektronicke-hracky;0;0;1
40704;40215;2;1;1;Šport, hračky a voľný čas > Hračky > Autá, letadla, lode;auta--letadla--lode;0;0;1
41202;40215;2;1;1;Šport, hračky a voľný čas > Hračky > Autá, bagry, traktory pre deti;auta--bagry--traktory-pre-deti;0;0;1
42306;40215;2;0;1;Šport, hračky a voľný čas > Hračky > Plyšové hračky;plysove-hracky;0;0;1
43098;40215;2;0;1;Šport, hračky a voľný čas > Hračky > Detské hudební nástroje;detske-hudebni-nastroje;0;0;1
43572;40215;2;1;1;Šport, hračky a voľný čas > Hračky > Kreativní hračky;kreativni-hracky;11;11;0
43755;40215;2;0;1;Šport, hračky a voľný čas > Hračky > Zvieratká, farmy;zvieratka--farmy;0;0;1
43932;40215;2;0;1;Šport, hračky a voľný čas > Hračky > Vonkajšie hračky;vonkajsie-hracky;0;0;1
44049;40215;2;0;1;Šport, hračky a voľný čas > Hračky > Školské pomôcky, tabule;skolske-pomocky--tabule;0;11;0
44055;40215;2;0;1;Šport, hračky a voľný čas > Hračky > Výtvarné hračky a tvoření;vytvarne-hracky-a-tvoreni;1;9;0
44634;40215;2;0;1;Šport, hračky a voľný čas > Hračky > Vybavenie pokojíčků a školek;vybavenie-pokojicku-a-skolek;0;9;0
45303;40215;2;0;1;Šport, hračky a voľný čas > Hračky > Puzzle;puzzle;0;0;1
46143;40215;2;0;1;Šport, hračky a voľný čas > Hračky > Edukatívne;edukativne;0;13;0
46365;40215;2;1;1;Šport, hračky a voľný čas > Hračky > Vzdelávacie a interaktívne;vzdelavacie-a-interaktivne;0;0;1
46371;40215;2;1;0;Šport, hračky a voľný čas > Hračky > Pre kojencov;pre-kojencov;0;0;1
48171;40215;2;1;1;Šport, hračky a voľný čas > Hračky > Sportovní hračky;sportovni-hracky;0;0;1
40227;40224;2;1;1;Šport, hračky a voľný čas > Oblečenie a obuv > Boty;boty;0;0;1
40251;40248;3;1;0;Domáce spotrebiče > Veľké spotrebiče > Umývačky riadu > Príslušenstvo k umývačke;prislusenstvo-k-umyvacke;0;0;1
40311;40248;3;1;1;Domáce spotrebiče > Veľké spotrebiče > Umývačky riadu > Stolové umývačky riad;stolove-umyvacky-riad;0;0;1
40344;40248;3;1;1;Domáce spotrebiče > Veľké spotrebiče > Umývačky riadu > Umývačky riad 45 cm;umyvacky-riad-45-cm;0;0;1
40368;40248;3;1;1;Domáce spotrebiče > Veľké spotrebiče > Umývačky riadu > Umývačky riad 60 cm;umyvacky-riad-60-cm;14;14;0
40257;40254;3;1;1;Záhrada > Záhradné potreby > Záhradné náradie > Rýle a rycie vidle;ryle-a-rycie-vidle;0;0;1
40323;40254;3;1;1;Záhrada > Záhradné potreby > Záhradné náradie > Krompáče, motyky, kultivátory;krompace--motyky--kultivatory;0;0;1
40788;40254;3;1;1;Záhrada > Záhradné potreby > Záhradné náradie > Záhradné nožnice;zahradne-noznice;0;0;1
40266;40263;4;1;1;Náradie a dielňa > Náradie > Elektrické náradie > Brúsky > Kotúčové;kotucove;0;0;1
40710;40263;4;1;1;Náradie a dielňa > Náradie > Elektrické náradie > Brúsky > Oscilačné;oscilacne;0;0;1
40785;40263;4;1;1;Náradie a dielňa > Náradie > Elektrické náradie > Brúsky > Vibračné;vibracne;0;0;1
40293;40290;3;1;1;Šport, hračky a voľný čas > Hračky > Stavebnice > Ostatné stavebnice;ostatne-stavebnice;0;0;1
41184;40305;3;1;1;Domáce spotrebiče > Malé spotrebiče > Meteostanice > Stanice s připojením k počítači;stanice-s-pripojenim-k-pocitaci;21;21;0
42024;40305;3;1;1;Domáce spotrebiče > Malé spotrebiče > Meteostanice > Bezdrátová čidlá;bezdratova-cidla;31;31;0
42321;40305;3;1;1;Domáce spotrebiče > Malé spotrebiče > Meteostanice > Meteorologické stanice;meteorologicke-stanice;41;41;0
43176;40305;3;1;1;Domáce spotrebiče > Malé spotrebiče > Meteostanice > Teplomery digitálne;teplomery-digitalne;15;15;0
45228;40305;3;1;1;Domáce spotrebiče > Malé spotrebiče > Meteostanice > Dataloggery;dataloggery;0;0;1
45636;40305;3;1;1;Domáce spotrebiče > Malé spotrebiče > Meteostanice > Náhradné diely;nahradne-diely-2;2;2;0
40338;40335;5;1;1;Náradie a dielňa > Náradie > Príslušenstvo pre stroje a náradie > Príslušenstvo AKU a Elektrické náradie > Príslušenstvo pre Píly > 03 Pílové listy a pásy;03-pilove-listy-a-pasy;0;0;1
40374;40371;2;0;1;Zdravie a starostlivosť > Parfumy a kozmetika > Pánske parfumy;panske-parfumy;0;0;1
40884;40371;2;0;1;Zdravie a starostlivosť > Parfumy a kozmetika > Vlasová kozmetika;vlasova-kozmetika;0;0;1
40377;40374;3;1;1;Zdravie a starostlivosť > Parfumy a kozmetika > Pánske parfumy > Pánske balzámy po holenie;panske-balzamy-po-holenie;0;0;1
40410;40407;3;0;1;Elektroinštalačný materiál > Osvetlenie > Svietidlá > Vnútorné osvetlenie;vnutorne-osvetlenie;9;9;0
41733;40407;3;1;1;Elektroinštalačný materiál > Osvetlenie > Svietidlá > Nabíjacie;nabijacie;63;63;0
42015;40407;3;1;1;Elektroinštalačný materiál > Osvetlenie > Svietidlá > Čelovky;celovky;46;46;0
43116;40407;3;1;1;Elektroinštalačný materiál > Osvetlenie > Svietidlá > Ručné;rucne;34;34;0
43185;40407;3;1;1;Elektroinštalačný materiál > Osvetlenie > Svietidlá > Kempingové;kempingove;0;0;1
47628;40407;3;1;1;Elektroinštalačný materiál > Osvetlenie > Svietidlá > Lampáše;lampase;0;0;1
47766;40407;3;1;1;Elektroinštalačný materiál > Osvetlenie > Svietidlá > Nenabíjacie;nenabijacie;0;0;1
47823;40407;3;1;1;Elektroinštalačný materiál > Osvetlenie > Svietidlá > Čelové;celove;11;11;0
47889;40407;3;1;1;Elektroinštalačný materiál > Osvetlenie > Svietidlá > Montážne a nabíjacie svetla;montazne-a-nabijacie-svetla;0;0;1
40413;40410;4;1;1;Elektroinštalačný materiál > Osvetlenie > Svietidlá > Vnútorné osvetlenie > Stropné a nástenná svietidlá;stropne-a-nastenna-svietidla;0;0;1
40560;40410;4;1;1;Elektroinštalačný materiál > Osvetlenie > Svietidlá > Vnútorné osvetlenie > SMART osvetlenie;smart-osvetlenie;0;0;1
40566;40410;4;1;1;Elektroinštalačný materiál > Osvetlenie > Svietidlá > Vnútorné osvetlenie > Dekoratívne osvetlenie;dekorativne-osvetlenie;0;0;1
40665;40410;4;1;1;Elektroinštalačný materiál > Osvetlenie > Svietidlá > Vnútorné osvetlenie > Ostatné svietidlá;ostatne-svietidla;0;0;1
40668;40410;4;1;1;Elektroinštalačný materiál > Osvetlenie > Svietidlá > Vnútorné osvetlenie > Stojace a stolové lampy;stojace-a-stolove-lampy;0;0;1
40464;40461;2;1;1;Zdravie a starostlivosť > Masážne prístroje > Masážne prístroje na celé telo;masazne-pristroje-na-cele-telo;0;0;1
40638;40461;2;1;1;Zdravie a starostlivosť > Masážne prístroje > Masážne podložky;masazne-podlozky;0;0;1
40839;40461;2;1;1;Zdravie a starostlivosť > Masážne prístroje > Masážne prístroje na chrbát a šiji;masazne-pristroje-na-chrbat-a-siji;0;0;1
40482;40479;2;1;1;Zdravie a starostlivosť > Starostlivosť o dieťa > Ostatné detské tovar;ostatne-detske-tovar;0;0;1
40605;40479;2;1;1;Zdravie a starostlivosť > Starostlivosť o dieťa > Detské opatrovateľky (chůvičky);detske-opatrovatelky--chuvicky;0;0;1
40488;40485;3;0;0;Náradie a dielňa > Náradie > Stavebné materiál, chémia a technika > Elektroinštalačný materiál;elektroinstalacny-material-2;0;0;1
40491;40488;4;1;0;Náradie a dielňa > Náradie > Stavebné materiál, chémia a technika > Elektroinštalačný materiál > Predlžovacie káble;predlzovacie-kable;0;0;1
40536;40488;4;1;0;Náradie a dielňa > Náradie > Stavebné materiál, chémia a technika > Elektroinštalačný materiál > Ističe, inštalačné krabice, rozvádzače;istice--instalacne-krabice--rozvadzace;0;0;1
40878;40488;4;1;0;Náradie a dielňa > Náradie > Stavebné materiál, chémia a technika > Elektroinštalačný materiál > Svorkovnice a Wago svorky;svorkovnice-a-wago-svorky;0;0;1
40521;40518;5;1;1;Náradie a dielňa > Náradie > Príslušenstvo pre stroje a náradie > Príslušenstvo AKU a Elektrické náradie > Príslušenstvo Vŕtačky, skrutkovače, uťahováky > 005 Vykružovače a vŕtacie korunky;005-vykruzovace-a-vrtacie-korunky;0;0;1
40590;40587;3;1;1;Šport, hračky a voľný čas > Hračky > Hračky pre kluky > Detské zbrane;detske-zbrane;9;9;0
40614;40611;3;1;1;Náradie a dielňa > Náradie > Aku náradie > AKU Svetlá a svietidlá;aku-svetla-a-svietidla;0;0;1
40647;40644;3;1;1;Domáce spotrebiče > Vstavané spotrebiče > Vstavané chladenie > Vstavané kombinované chladničky;vstavane-kombinovane-chladnicky;0;0;1
48129;40644;3;1;1;Domáce spotrebiče > Vstavané spotrebiče > Vstavané chladenie > Vstavané chladničky s mraziace priehradkou;vstavane-chladnicky-s-mraziace-priehradkou;0;0;1
48141;40644;3;1;1;Domáce spotrebiče > Vstavané spotrebiče > Vstavané chladenie > Vstavané monoklimatické chladničky;vstavane-monoklimaticke-chladnicky;0;0;1
40674;40671;1;0;1;Fotovoltaika a energie > Nabíjačky;nabijacky;17;100;0
40956;40671;1;0;1;Fotovoltaika a energie > Fotovoltaika;fotovoltaika;6;639;0
40992;40671;1;0;1;Fotovoltaika a energie > Záložné zdroje a UPS;zalozne-zdroje-a-ups;2;123;0
41070;40671;1;0;1;Fotovoltaika a energie > Akumulátory a batérie;akumulatory-a-baterie;20;491;0
42924;40671;1;0;1;Fotovoltaika a energie > Napájacie zdroje;napajacie-zdroje-2;25;93;0
43365;40671;1;1;1;Fotovoltaika a energie > Meniče napätia;menice-napatia;37;37;0
46191;40671;1;1;1;Fotovoltaika a energie > Powerbanky;powerbanky-3;0;0;1
46434;40671;1;0;1;Fotovoltaika a energie > Elektrické stanice;elektricke-stanice;10;10;0
46611;40671;1;0;1;Fotovoltaika a energie > Fotovoltaické panely;fotovoltaicke-panely;0;0;1
40677;40674;2;1;1;Fotovoltaika a energie > Nabíjačky > Powerbanky;powerbanky;0;0;1
42210;40674;2;1;1;Fotovoltaika a energie > Nabíjačky > Nabíjačky pre olovené akumulátory;nabijacky-pre-olovene-akumulatory;31;31;0
42369;40674;2;1;0;Fotovoltaika a energie > Nabíjačky > Stanice pre elektrokola;stanice-pre-elektrokola;0;0;1
43470;40674;2;1;1;Fotovoltaika a energie > Nabíjačky > Nabíjačky NiCd, NiMh, NiZn;nabijacky-nicd--nimh--nizn;0;0;1
43518;40674;2;1;1;Fotovoltaika a energie > Nabíjačky > Nabíjačky autobaterií;nabijacky-autobaterii;33;33;0
43521;40674;2;1;1;Fotovoltaika a energie > Nabíjačky > Nabíjačky LiFePO4;nabijacky-lifepo4;19;19;0
43692;40674;2;1;1;Fotovoltaika a energie > Nabíjačky > Ochrana batérií;ochrana-baterii;0;0;1
44514;40674;2;1;1;Fotovoltaika a energie > Nabíjačky > Solárne nabíjačky;solarne-nabijacky;0;0;1
44541;40674;2;1;1;Fotovoltaika a energie > Nabíjačky > Nabíjačky DC-DC;nabijacky-dc-dc;0;0;1
40695;40692;4;1;0;Domáce spotrebiče > Malé spotrebiče > Žehličky > Domové alarmy a zvončeky > Bezpečnostní kamery;bezpecnostni-kamery;0;0;1
40716;40713;2;1;1;Auto-moto > Elektrovozidlá > Elektrokolobežky;elektrokolobezky;0;0;1
40752;40749;2;1;1;Zdravie a starostlivosť > Chovateľské potreby > Pre psov;pre-psov;18;18;0
41649;40749;2;1;1;Zdravie a starostlivosť > Chovateľské potreby > Pre mačky;pre-macky;16;16;0
45888;40749;2;1;0;Zdravie a starostlivosť > Chovateľské potreby > Ostatné príslušenstvo;ostatne-prislusenstvo;0;0;1
45900;40749;2;1;1;Zdravie a starostlivosť > Chovateľské potreby > Pohlcovače zápachu;pohlcovace-zapachu;0;0;1
45930;40749;2;0;1;Zdravie a starostlivosť > Chovateľské potreby > Fontány;fontany;0;14;0
45936;40749;2;1;1;Zdravie a starostlivosť > Chovateľské potreby > Hračky;hracky-2;0;0;1
45987;40749;2;0;1;Zdravie a starostlivosť > Chovateľské potreby > Dávkovače krmiva;davkovace-krmiva;0;14;0
46032;40749;2;1;0;Zdravie a starostlivosť > Chovateľské potreby > Starostlivosť o zvieratá;starostlivost-o-zvierata;0;0;1
46059;40749;2;1;1;Zdravie a starostlivosť > Chovateľské potreby > Inteligentné toalety pre zvieratá;inteligentne-toalety-pre-zvierata;18;18;0
46065;40749;2;1;1;Zdravie a starostlivosť > Chovateľské potreby > Príslušenstvo pre mačacie toalety;prislusenstvo-pre-macacie-toalety;19;19;0
46137;40749;2;1;1;Zdravie a starostlivosť > Chovateľské potreby > Venčenie a transport;vencenie-a-transport;15;15;0
48189;40749;2;1;1;Zdravie a starostlivosť > Chovateľské potreby > Prepravky;prepravky;0;0;1
48192;40749;2;1;1;Zdravie a starostlivosť > Chovateľské potreby > Klece a ohrádky;klece-a-ohradky;0;0;1
48378;40749;2;1;1;Zdravie a starostlivosť > Chovateľské potreby > Ostatné príslušenstvo pre zvieratá;ostatne-prislusenstvo-pre-zvierata;16;16;0
48393;40749;2;1;1;Zdravie a starostlivosť > Chovateľské potreby > Prípravky na starostlivosť o zvieratá;pripravky-na-starostlivost-o-zvierata;20;20;0
40830;40827;3;1;1;Domáce spotrebiče > Veľké spotrebiče > Vykurovanie a ohrev vody > Ohrievače vody;ohrievace-vody;12;12;0
40836;40833;4;1;1;Náradie a dielňa > Náradie > Elektrické náradie > Frézy a frézky > Príslušenstvo;prislusenstvo-3;0;0;1
41481;40854;2;0;1;Šport, hračky a voľný čas > Posilňovanie a fitness > Pomôcky na cvičenie;pomocky-na-cvicenie;6;240;0
41598;40854;2;1;1;Šport, hračky a voľný čas > Posilňovanie a fitness > Posilňovacie stroje;posilnovacie-stroje;14;14;0
41631;40854;2;1;1;Šport, hračky a voľný čas > Posilňovanie a fitness > Posilňovacie lavice;posilnovacie-lavice;29;29;0
42582;40854;2;0;1;Šport, hračky a voľný čas > Posilňovanie a fitness > Činky a príslušenstvo;cinky-a-prislusenstvo;7;132;0
42876;40854;2;1;0;Šport, hračky a voľný čas > Posilňovanie a fitness > Príslušenstvo pre posilňovanie;prislusenstvo-pre-posilnovanie;0;0;1
43014;40854;2;1;1;Šport, hračky a voľný čas > Posilňovanie a fitness > Podložky;podlozky;34;34;0
43194;40854;2;1;1;Šport, hračky a voľný čas > Posilňovanie a fitness > Stepy a steppery;stepy-a-steppery;17;17;0
43539;40854;2;0;1;Šport, hračky a voľný čas > Posilňovanie a fitness > Trenažéry;trenazery;9;46;0
48138;40854;2;1;1;Šport, hračky a voľný čas > Posilňovanie a fitness > Vibračné plošiny;vibracne-plosiny;11;11;0
48441;40854;2;1;1;Šport, hračky a voľný čas > Posilňovanie a fitness > Príslušenstvo pre posilňovanie – ostatné;prislusenstvo-pre-posilnovanie---ostatne;40;40;0
40860;40857;3;1;1;Náradie a dielňa > Náradie > Upratovanie, čistenie a umývanie > Čističe;cistice;0;0;1
40887;40884;3;1;1;Zdravie a starostlivosť > Parfumy a kozmetika > Vlasová kozmetika > Balzámy a kondicionéry;balzamy-a-kondicionery;0;0;1
40908;40905;2;0;1;Auto-moto > Vybavenie auta > Autožiarovky;autoziarovky;19;155;0
41013;40905;2;1;1;Auto-moto > Vybavenie auta > Cestovné doplnky;cestovne-doplnky;91;91;0
41160;40905;2;0;1;Auto-moto > Vybavenie auta > Autokoberce;autokoberce;49;49;0
41211;40905;2;1;1;Auto-moto > Vybavenie auta > Adaptéry napájení;adaptery-napajeni;57;57;0
41370;40905;2;1;1;Auto-moto > Vybavenie auta > Clony a roletky;clony-a-roletky;25;25;0
41475;40905;2;0;1;Auto-moto > Vybavenie auta > Stierače;stierace;14;336;0
41514;40905;2;1;1;Auto-moto > Vybavenie auta > Svetlá;svetla;12;12;0
41577;40905;2;1;1;Auto-moto > Vybavenie auta > Podložky SPZ;podlozky-spz;20;20;0
41946;40905;2;0;1;Auto-moto > Vybavenie auta > Autopotahy;autopotahy;32;69;0
42072;40905;2;1;1;Auto-moto > Vybavenie auta > Povinná výbava;povinna-vybava;15;15;0
42501;40905;2;1;1;Auto-moto > Vybavenie auta > Držiaky na mobily;drziaky-na-mobily-2;17;17;0
42816;40905;2;0;1;Auto-moto > Vybavenie auta > Osviežovače vzduchu;osviezovace-vzduchu;32;58;0
43023;40905;2;1;1;Auto-moto > Vybavenie auta > Poistky;poistky-3;34;34;0
43188;40905;2;1;1;Auto-moto > Vybavenie auta > Organizéry do kufru;organizery-do-kufru;15;15;0
43362;40905;2;1;1;Auto-moto > Vybavenie auta > Meniče napätie;menice-napatie-2;28;28;0
44652;40905;2;1;1;Auto-moto > Vybavenie auta > Ventilátory;ventilatory-2;0;0;1
44832;40905;2;1;1;Auto-moto > Vybavenie auta > Odpojovač batérie;odpojovac-baterie;0;0;1
40911;40908;3;1;1;Auto-moto > Vybavenie auta > Autožiarovky > 12V White Laser;12v-white-laser;8;8;0
42978;40908;3;1;1;Auto-moto > Vybavenie auta > Autožiarovky > LED žiarovky;led-ziarovky-2;19;19;0
42981;40908;3;1;1;Auto-moto > Vybavenie auta > Autožiarovky > SMD LED žiarovky;smd-led-ziarovky;45;45;0
43605;40908;3;1;1;Auto-moto > Vybavenie auta > Autožiarovky > 12V halogenové;12v-halogenove;24;24;0
43611;40908;3;1;1;Auto-moto > Vybavenie auta > Autožiarovky > 12V;12v-3;27;27;0
44448;40908;3;1;1;Auto-moto > Vybavenie auta > Autožiarovky > CSP LED žiarovky;csp-led-ziarovky;0;0;1
44610;40908;3;1;1;Auto-moto > Vybavenie auta > Autožiarovky > 24V;24v;0;0;1
44613;40908;3;1;1;Auto-moto > Vybavenie auta > Autožiarovky > Sady žárovek;sady-zarovek;13;13;0
45090;40908;3;1;1;Auto-moto > Vybavenie auta > Autožiarovky > 12V Excelite;12v-excelite;0;0;1
40929;40926;2;1;1;Náradie a dielňa > Ochranné pomôcky a odevy > Reflexní doplnky;reflexni-doplnky;35;35;0
42387;40926;2;1;1;Náradie a dielňa > Ochranné pomôcky a odevy > Pracovné rukavice;pracovne-rukavice;18;18;0
44406;40926;2;1;1;Náradie a dielňa > Ochranné pomôcky a odevy > Kukly a štíty;kukly-a-stity;0;0;1
44616;40926;2;1;1;Náradie a dielňa > Ochranné pomôcky a odevy > Okuliare;okuliare;0;0;1
45486;40926;2;1;1;Náradie a dielňa > Ochranné pomôcky a odevy > Chrániče sluchu;chranice-sluchu;0;0;1
40935;40932;2;1;1;Šport, hračky a voľný čas > Cyklistika > Reflexní prvky;reflexni-prvky;14;14;0
42372;40932;2;1;0;Šport, hračky a voľný čas > Cyklistika > Elektrokola;elektrokola;0;0;1
43263;40932;2;1;1;Šport, hračky a voľný čas > Cyklistika > Cyklotašky;cyklotasky;18;18;0
43428;40932;2;1;1;Šport, hračky a voľný čas > Cyklistika > Pumpy na kolo;pumpy-na-kolo;0;0;1
44670;40932;2;1;1;Šport, hračky a voľný čas > Cyklistika > Zámky na kolo;zamky-na-kolo;0;0;1
45018;40932;2;1;1;Šport, hračky a voľný čas > Cyklistika > Svietidlá na kolo;svietidla-na-kolo;12;12;0
45123;40932;2;1;1;Šport, hračky a voľný čas > Cyklistika > Stojany a držiaky na kolesá;stojany-a-drziaky-na-kolesa;0;0;1
45126;40932;2;1;1;Šport, hračky a voľný čas > Cyklistika > Ostatné cyklo doplnky;ostatne-cyklo-doplnky;0;0;1
45135;40932;2;1;1;Šport, hračky a voľný čas > Cyklistika > Cyklodržáky;cyklodrzaky;0;0;1
40944;40941;2;1;1;Auto-moto > Bezpečnosť > Upínacie gumy a pásy;upinacie-gumy-a-pasy;38;38;0
41244;40941;2;1;1;Auto-moto > Bezpečnosť > Parkovací senzory;parkovaci-senzory;14;14;0
42012;40941;2;1;1;Auto-moto > Bezpečnosť > Zimní doplnky;zimni-doplnky;43;43;0
43149;40941;2;1;1;Auto-moto > Bezpečnosť > Tažná lana;tazna-lana;15;15;0
43275;40941;2;1;1;Auto-moto > Bezpečnosť > Testery alkoholu;testery-alkoholu-2;0;0;1
44682;40941;2;1;1;Auto-moto > Bezpečnosť > Kamery do autá;kamery-do-auta-2;0;0;1
44766;40941;2;1;1;Auto-moto > Bezpečnosť > Autosedačky;autosedacky;12;12;0
40953;40950;2;1;1;Elektroinštalačný materiál > Ističe a chrániče > Prepínače napájení;prepinace-napajeni;24;24;0
41730;40950;2;1;1;Elektroinštalačný materiál > Ističe a chrániče > Poistky;poistky;23;23;0
41739;40950;2;1;1;Elektroinštalačný materiál > Ističe a chrániče > Stykače;stykace;22;22;0
42498;40950;2;1;1;Elektroinštalačný materiál > Ističe a chrániče > Prepäťové ochrany DC;prepatove-ochrany-dc;15;15;0
43074;40950;2;1;1;Elektroinštalačný materiál > Ističe a chrániče > Prepäťové ochrany AC;prepatove-ochrany-ac;23;23;0
43248;40950;2;1;1;Elektroinštalačný materiál > Ističe a chrániče > Odpínače/odpojovače;odpinace-odpojovace;10;10;0
43419;40950;2;1;1;Elektroinštalačný materiál > Ističe a chrániče > Proudové chrániče;proudove-chranice;27;27;0
43554;40950;2;1;1;Elektroinštalačný materiál > Ističe a chrániče > Ističe AC;istice-ac;39;39;0
44349;40950;2;1;1;Elektroinštalačný materiál > Ističe a chrániče > Motorové ističe;motorove-istice;0;0;1
44751;40950;2;1;1;Elektroinštalačný materiál > Ističe a chrániče > Pojistné odpojovače;pojistne-odpojovace;0;0;1
44829;40950;2;1;1;Elektroinštalačný materiál > Ističe a chrániče > Odpojovače batérií;odpojovace-baterii-2;0;0;1
45144;40950;2;1;1;Elektroinštalačný materiál > Ističe a chrániče > Pojistková puzdrá;pojistkova-puzdra;0;0;1
45168;40950;2;1;1;Elektroinštalačný materiál > Ističe a chrániče > Ističe DC;istice-dc;0;0;1
40959;40956;2;1;1;Fotovoltaika a energie > Fotovoltaika > Fotovoltaické príslušenstvo;fotovoltaicke-prislusenstvo;37;37;0
40974;40956;2;0;1;Fotovoltaika a energie > Fotovoltaika > Konštrukcia pre solárne panely;konstrukcia-pre-solarne-panely;0;123;0
41082;40956;2;0;1;Fotovoltaika a energie > Fotovoltaika > Káble pre fotovoltaiku;kable-pre-fotovoltaiku;54;104;0
41358;40956;2;0;1;Fotovoltaika a energie > Fotovoltaika > Rozvádzače;rozvadzace;4;86;0
41526;40956;2;0;1;Fotovoltaika a energie > Fotovoltaika > Ochrana FV instalací;ochrana-fv-instalaci;11;58;0
41676;40956;2;0;1;Fotovoltaika a energie > Fotovoltaika > Konektory pre fotovoltaiku;konektory-pre-fotovoltaiku;0;44;0
42237;40956;2;0;1;Fotovoltaika a energie > Fotovoltaika > Solárne regulátory;solarne-regulatory;0;71;0
42558;40956;2;0;1;Fotovoltaika a energie > Fotovoltaika > Solárne panely;solarne-panely;10;19;0
42897;40956;2;0;1;Fotovoltaika a energie > Fotovoltaika > Solárne zostavy;solarne-zostavy;7;16;0
43092;40956;2;1;1;Fotovoltaika a energie > Fotovoltaika > Nabíjacie stanice;nabijacie-stanice;10;10;0
43278;40956;2;1;1;Fotovoltaika a energie > Fotovoltaika > Náradie pre fotovoltaiku;naradie-pre-fotovoltaiku;9;9;0
43368;40956;2;1;1;Fotovoltaika a energie > Fotovoltaika > Solárne meniče napätie;solarne-menice-napatie;27;27;0
43533;40956;2;0;1;Fotovoltaika a energie > Fotovoltaika > Elektromery;elektromery;0;29;0
44925;40956;2;1;1;Fotovoltaika a energie > Fotovoltaika > Solárne nabíjačky;solarne-nabijacky-2;0;0;1
45360;40956;2;1;1;Fotovoltaika a energie > Fotovoltaika > Solárne batérie;solarne-baterie-2;0;0;1
47934;40956;2;1;1;Fotovoltaika a energie > Fotovoltaika > Batérie a príslušenstvo;baterie-a-prislusenstvo;0;0;1
47940;40956;2;1;1;Fotovoltaika a energie > Fotovoltaika > Meniče;menice;0;0;1
40965;40962;2;1;1;Záhrada > Brány a zvončeky > Bezdrátové zvončeky;bezdratove-zvonceky;44;44;0
41742;40962;2;1;1;Záhrada > Brány a zvončeky > Parkovací zábrany;parkovaci-zabrany;11;11;0
43170;40962;2;1;1;Záhrada > Brány a zvončeky > Príslušenstvo pre pohony vrat;prislusenstvo-pre-pohony-vrat;22;22;0
44202;40962;2;1;1;Záhrada > Brány a zvončeky > Pohony křídlová vrata;pohony-kridlova-vrata;8;8;0
44625;40962;2;1;1;Záhrada > Brány a zvončeky > Poštovní schránky;postovni-schranky;0;0;1
44964;40962;2;1;1;Záhrada > Brány a zvončeky > Pohony pre garážová vrata;pohony-pre-garazova-vrata;0;0;1
45222;40962;2;1;1;Záhrada > Brány a zvončeky > Schránky na kľúče;schranky-na-kluce;0;0;1
45327;40962;2;1;1;Záhrada > Brány a zvončeky > Pohony posuvné vrata;pohony-posuvne-vrata;0;0;1
48180;40962;2;1;1;Záhrada > Brány a zvončeky > Visací zámky;visaci-zamky;0;0;1
40971;40968;2;1;1;Záhrada > Záhradné náradie > Ostatné;ostatne;10;10;0
43296;40968;2;0;1;Záhrada > Záhradné náradie > Záhradné nožnice;zahradne-noznice-2;11;11;0
44061;40968;2;1;1;Záhrada > Záhradné náradie > Lopaty;lopaty;0;0;1
44712;40968;2;1;1;Záhrada > Záhradné náradie > Sady záhradného náradie;sady-zahradneho-naradie;0;0;1
45423;40968;2;1;1;Záhrada > Záhradné náradie > Hrable;hrable;5;5;0
40977;40974;3;1;1;Fotovoltaika a energie > Fotovoltaika > Konštrukcia pre solárne panely > Na šikmou střechu;na-sikmou-strechu;26;26;0
42234;40974;3;1;1;Fotovoltaika a energie > Fotovoltaika > Konštrukcia pre solárne panely > Spojovacie materiál;spojovacie-material;42;42;0
42312;40974;3;1;1;Fotovoltaika a energie > Fotovoltaika > Konštrukcia pre solárne panely > Profily a lišty;profily-a-listy;16;16;0
42774;40974;3;1;1;Fotovoltaika a energie > Fotovoltaika > Konštrukcia pre solárne panely > Doplnky a príslušenstvo;doplnky-a-prislusenstvo;25;25;0
43482;40974;3;1;1;Fotovoltaika a energie > Fotovoltaika > Konštrukcia pre solárne panely > Na rovnou střechu;na-rovnou-strechu;14;14;0
40983;40980;2;0;1;Auto-moto > Garáž, Dielňa, Servis > Špeciálne náradie a prípravky;specialne-naradie-a-pripravky;8;312;0
41109;40980;2;1;1;Auto-moto > Garáž, Dielňa, Servis > Autodiagnostika;autodiagnostika;53;53;0
41169;40980;2;1;1;Auto-moto > Garáž, Dielňa, Servis > Kompresory, hustilky;kompresory--hustilky;24;24;0
41655;40980;2;0;1;Auto-moto > Garáž, Dielňa, Servis > Elektroinštalačný materiál;elektroinstalacny-material-3;28;72;0
41661;40980;2;1;1;Auto-moto > Garáž, Dielňa, Servis > Autoplachty;autoplachty;47;47;0
41736;40980;2;1;1;Auto-moto > Garáž, Dielňa, Servis > Autonářadí, doplnky;autonaradi--doplnky;57;57;0
41745;40980;2;1;1;Auto-moto > Garáž, Dielňa, Servis > Parkovací zábrany;parkovaci-zabrany-2;10;10;0
42069;40980;2;1;1;Auto-moto > Garáž, Dielňa, Servis > Kanystry;kanystry;0;0;1
42147;40980;2;1;1;Auto-moto > Garáž, Dielňa, Servis > Heváky;hevaky;57;57;0
42549;40980;2;1;1;Auto-moto > Garáž, Dielňa, Servis > Čerpadlá;cerpadla-3;0;0;1
43071;40980;2;1;1;Auto-moto > Garáž, Dielňa, Servis > Sťahováky;stahovaky-2;16;16;0
44847;40980;2;1;1;Auto-moto > Garáž, Dielňa, Servis > Hasicí prístroje;hasici-pristroje-2;0;0;1
40986;40983;3;0;1;Auto-moto > Garáž, Dielňa, Servis > Špeciálne náradie a prípravky > Brzdy;brzdy;2;14;0
41172;40983;3;1;1;Auto-moto > Garáž, Dielňa, Servis > Špeciálne náradie a prípravky > Interiér;interier;21;21;0
42138;40983;3;0;1;Auto-moto > Garáž, Dielňa, Servis > Špeciálne náradie a prípravky > Podvozek;podvozek;3;94;0
42201;40983;3;0;1;Auto-moto > Garáž, Dielňa, Servis > Špeciálne náradie a prípravky > Motor;motor;6;150;0
43305;40983;3;1;1;Auto-moto > Garáž, Dielňa, Servis > Špeciálne náradie a prípravky > Ostatné prípravky;ostatne-pripravky;25;25;0
44301;40983;3;0;1;Auto-moto > Garáž, Dielňa, Servis > Špeciálne náradie a prípravky > Navijaky a zdviháky;navijaky-a-zdvihaky;0;0;1
44583;40983;3;1;1;Auto-moto > Garáž, Dielňa, Servis > Špeciálne náradie a prípravky > Testery;testery-3;0;0;1
44937;40983;3;0;1;Auto-moto > Garáž, Dielňa, Servis > Špeciálne náradie a prípravky > Exteriér;exterier-2;0;0;1
40989;40986;4;1;1;Auto-moto > Garáž, Dielňa, Servis > Špeciálne náradie a prípravky > Brzdy > Stlačováky brzdových pístů;stlacovaky-brzdovych-pistu;12;12;0
41541;40986;4;1;1;Auto-moto > Garáž, Dielňa, Servis > Špeciálne náradie a prípravky > Brzdy > Výměna brzdové kvapaliny;vymena-brzdove-kvapaliny;0;0;1
45651;40986;4;1;1;Auto-moto > Garáž, Dielňa, Servis > Špeciálne náradie a prípravky > Brzdy > Ostatné prípravky na brzdy;ostatne-pripravky-na-brzdy;0;0;1
40995;40992;2;1;1;Fotovoltaika a energie > Záložné zdroje a UPS > Záložné zdroje pre oběhová čerpadlá;zalozne-zdroje-pre-obehova-cerpadla;60;60;0
42231;40992;2;1;1;Fotovoltaika a energie > Záložné zdroje a UPS > Powerbanky;powerbanky-2;37;37;0
42579;40992;2;1;1;Fotovoltaika a energie > Záložné zdroje a UPS > Stabilizátory napätie;stabilizatory-napatie;14;14;0
43944;40992;2;1;1;Fotovoltaika a energie > Záložné zdroje a UPS > Hybridní zdroje energia;hybridni-zdroje-energia;0;0;1
44187;40992;2;1;1;Fotovoltaika a energie > Záložné zdroje a UPS > UPS;ups;10;10;0
41001;40998;2;1;1;Náradie a dielňa > MERACIE TECHNIKA > Ampérmetre a voltmetre;ampermetre-a-voltmetre;134;134;0
41151;40998;2;1;1;Náradie a dielňa > MERACIE TECHNIKA > Detektory;detektory;49;49;0
41154;40998;2;1;1;Náradie a dielňa > MERACIE TECHNIKA > Infrateploměry a termokamery;infrateplomery-a-termokamery;29;29;0
41289;40998;2;1;1;Náradie a dielňa > MERACIE TECHNIKA > Meranie neelektrických veličin;meranie-neelektrickych-velicin;63;63;0
41469;40998;2;1;1;Náradie a dielňa > MERACIE TECHNIKA > Osciloskopy a Generátory;osciloskopy-a-generatory;11;11;0
41574;40998;2;1;1;Náradie a dielňa > MERACIE TECHNIKA > Príslušenstvo k meracie technice;prislusenstvo-k-meracie-technice;21;21;0
42264;40998;2;1;1;Náradie a dielňa > MERACIE TECHNIKA > Laboratorní zdroje;laboratorni-zdroje;9;9;0
42492;40998;2;1;1;Náradie a dielňa > MERACIE TECHNIKA > Testery;testery-2;48;48;0
42606;40998;2;1;1;Náradie a dielňa > MERACIE TECHNIKA > Meracie lasery;meracie-lasery;29;29;0
42609;40998;2;1;1;Náradie a dielňa > MERACIE TECHNIKA > Nivelačné prístroje;nivelacne-pristroje;22;22;0
42918;40998;2;1;1;Náradie a dielňa > MERACIE TECHNIKA > Měřidla;meridla;22;22;0
43332;40998;2;1;1;Náradie a dielňa > MERACIE TECHNIKA > Inspekční kamery, endoskopy;inspekcni-kamery--endoskopy-2;11;11;0
43818;40998;2;1;1;Náradie a dielňa > MERACIE TECHNIKA > Meranie vody, plynu, vykurovanie, elektřiny;meranie-vody--plynu--vykurovanie--elektriny;0;0;1
44229;40998;2;1;1;Náradie a dielňa > MERACIE TECHNIKA > DVB-S/S2/T/T2/C;dvb-s-s2-t-t2-c;12;12;0
41007;41004;2;1;1;Elektroinštalačný materiál > Káble a vodiče > Silové káble;silove-kable;63;63;0
41025;41004;2;1;1;Elektroinštalačný materiál > Káble a vodiče > UTP a FTP káble;utp-a-ftp-kable;16;16;0
41079;41004;2;1;1;Elektroinštalačný materiál > Káble a vodiče > Fotovoltaické káble;fotovoltaicke-kable;54;54;0
41394;41004;2;1;1;Elektroinštalačný materiál > Káble a vodiče > Patch káble;patch-kable-2;8;8;0
41397;41004;2;0;1;Elektroinštalačný materiál > Káble a vodiče > Koaxiálne káble;koaxialne-kable-2;10;50;0
41586;41004;2;1;1;Elektroinštalačný materiál > Káble a vodiče > Dvojlinky;dvojlinky;28;28;0
44571;41004;2;1;1;Elektroinštalačný materiál > Káble a vodiče > Auto káble;auto-kable;0;0;1
45198;41004;2;1;1;Elektroinštalačný materiál > Káble a vodiče > Mikrofonní káble;mikrofonni-kable;0;0;1
41019;41016;2;0;1;Bezpečnosť a smart domácnosť > Kamerové systémy > PRÍSLUŠENSTVO;prislusenstvo-4;42;153;0
41088;41016;2;0;1;Bezpečnosť a smart domácnosť > Kamerové systémy > HDCVI, HDTVI, AHD kamery;hdcvi--hdtvi--ahd-kamery;0;0;1
41373;41016;2;0;1;Bezpečnosť a smart domácnosť > Kamerové systémy > IP sieťové kamery;ip-sietove-kamery;47;81;0
41571;41016;2;1;1;Bezpečnosť a smart domácnosť > Kamerové systémy > Kamerové sety;kamerove-sety;0;0;1
42030;41016;2;1;1;Bezpečnosť a smart domácnosť > Kamerové systémy > IP SMART kamery;ip-smart-kamery;23;23;0
42753;41016;2;0;1;Bezpečnosť a smart domácnosť > Kamerové systémy > KAMERY 4v1;kamery-4v1;7;17;0
42825;41016;2;0;1;Bezpečnosť a smart domácnosť > Kamerové systémy > IP sieťové videorekordéry (NVR);ip-sietove-videorekordery--nvr;16;16;0
43329;41016;2;1;1;Bezpečnosť a smart domácnosť > Kamerové systémy > Inspekční kamery, endoskopy;inspekcni-kamery--endoskopy;11;11;0
43566;41016;2;0;1;Bezpečnosť a smart domácnosť > Kamerové systémy > HDCVI a 5v1 videorekordéry;hdcvi-a-5v1-videorekordery;0;0;1
43779;41016;2;1;1;Bezpečnosť a smart domácnosť > Kamerové systémy > Atrapy kamer;atrapy-kamer;0;0;1
44934;41016;2;1;1;Bezpečnosť a smart domácnosť > Kamerové systémy > Akční kamery;akcni-kamery;0;0;1
44979;41016;2;0;1;Bezpečnosť a smart domácnosť > Kamerové systémy > Domové videotelefony;domove-videotelefony;8;8;0
41022;41019;3;1;1;Bezpečnosť a smart domácnosť > Kamerové systémy > PRÍSLUŠENSTVO > Káble;kable;20;20;0
41418;41019;3;1;1;Bezpečnosť a smart domácnosť > Kamerové systémy > PRÍSLUŠENSTVO > Konektory;konektory;9;9;0
41691;41019;3;1;1;Bezpečnosť a smart domácnosť > Kamerové systémy > PRÍSLUŠENSTVO > Napájacie zdroje;napajacie-zdroje;36;36;0
41961;41019;3;1;1;Bezpečnosť a smart domácnosť > Kamerové systémy > PRÍSLUŠENSTVO > Montážne skrine a racky;montazne-skrine-a-racky;21;21;0
42297;41019;3;1;1;Bezpečnosť a smart domácnosť > Kamerové systémy > PRÍSLUŠENSTVO > Interné pevné disky;interne-pevne-disky;12;12;0
42810;41019;3;1;1;Bezpečnosť a smart domácnosť > Kamerové systémy > PRÍSLUŠENSTVO > PoE switche;poe-switche;13;13;0
43461;41019;3;1;1;Bezpečnosť a smart domácnosť > Kamerové systémy > PRÍSLUŠENSTVO > Držiaky;drziaky;0;0;1
44595;41019;3;1;1;Bezpečnosť a smart domácnosť > Kamerové systémy > PRÍSLUŠENSTVO > Prevodníky;prevodniky;0;0;1
44727;41019;3;1;1;Bezpečnosť a smart domácnosť > Kamerové systémy > PRÍSLUŠENSTVO > Nálepky, knihy;nalepky--knihy;0;0;1
44730;41019;3;1;0;Bezpečnosť a smart domácnosť > Kamerové systémy > PRÍSLUŠENSTVO > Ostatné;ostatne-9;0;0;1
45708;41019;3;1;1;Bezpečnosť a smart domácnosť > Kamerové systémy > PRÍSLUŠENSTVO > Pamäťové karty;pamatove-karty-3;0;0;1
48438;41019;3;1;1;Bezpečnosť a smart domácnosť > Kamerové systémy > PRÍSLUŠENSTVO > Ostatné príslušenstvo ku kamerám;ostatne-prislusenstvo-ku-kameram;0;0;1
41031;41028;2;0;1;Elektroinštalačný materiál > Rozvádzačové prvky > Prepojovacie lišty;prepojovacie-listy;1;57;0
41040;41028;2;0;1;Elektroinštalačný materiál > Rozvádzačové prvky > Prepojovacie a rozbočovacie svorky;prepojovacie-a-rozbocovacie-svorky;0;251;0
41052;41028;2;0;1;Elektroinštalačný materiál > Rozvádzačové prvky > Bloky pre rozdělení fází;bloky-pre-rozdeleni-fazi;14;34;0
41322;41028;2;1;1;Elektroinštalačný materiál > Rozvádzačové prvky > Podpěrné a distanční izolátory;podperne-a-distancni-izolatory;17;17;0
41349;41028;2;1;1;Elektroinštalačný materiál > Rozvádzačové prvky > DIN lišty, průchodky a príslušenstvo;din-listy--pruchodky-a-prislusenstvo;34;34;0
41490;41028;2;0;1;Elektroinštalačný materiál > Rozvádzačové prvky > Můstky na nosnou lištu;mustky-na-nosnou-listu;16;28;0
42402;41028;2;1;1;Elektroinštalačný materiál > Rozvádzačové prvky > Modulární komponenty;modularni-komponenty;37;37;0
43251;41028;2;1;1;Elektroinštalačný materiál > Rozvádzačové prvky > Zdroje a zásuvky na DIN lištu;zdroje-a-zasuvky-na-din-listu;37;37;0
44028;41028;2;1;1;Elektroinštalačný materiál > Rozvádzačové prvky > Distribuční bloky;distribucni-bloky;10;10;0
41034;41031;3;1;1;"Elektroinštalačný materiál > Rozvádzačové prvky > Prepojovacie lišty > Prepojovacie lišty tvar kontaktu ""kolík/jazýček""";prepojovacie-listy-tvar-kontaktu--kolik-jazycek;25;25;0
41037;41031;3;1;1;"Elektroinštalačný materiál > Rozvádzačové prvky > Prepojovacie lišty > Prepojovacie lišty tvar kontaktu ""vidlička""";prepojovacie-listy-tvar-kontaktu--vidlicka;22;22;0
42600;41031;3;1;1;Elektroinštalačný materiál > Rozvádzačové prvky > Prepojovacie lišty > Príslušenstvo pre prepojovacie lišty;prislusenstvo-pre-prepojovacie-listy;9;9;0
41043;41040;3;0;1;Elektroinštalačný materiál > Rozvádzačové prvky > Prepojovacie a rozbočovacie svorky > Rozbočovacie svorky;rozbocovacie-svorky;0;75;0
41061;41040;3;0;1;Elektroinštalačný materiál > Rozvádzačové prvky > Prepojovacie a rozbočovacie svorky > Univerzálne svorky;univerzalne-svorky;0;109;0
41319;41040;3;1;1;Elektroinštalačný materiál > Rozvádzačové prvky > Prepojovacie a rozbočovacie svorky > Třmenové svorky;trmenove-svorky;19;19;0
42597;41040;3;0;1;Elektroinštalačný materiál > Rozvádzačové prvky > Prepojovacie a rozbočovacie svorky > Přístrojové prepojovacie svorky;pristrojove-prepojovacie-svorky;10;28;0
43041;41040;3;0;1;Elektroinštalačný materiál > Rozvádzačové prvky > Prepojovacie a rozbočovacie svorky > Stoupací svorky;stoupaci-svorky;1;20;0
41046;41043;4;1;1;Elektroinštalačný materiál > Rozvádzačové prvky > Prepojovacie a rozbočovacie svorky > Rozbočovacie svorky > Typová rad HLAK typ - M2;typova-rad-hlak-typ-m2;52;52;0
41049;41043;4;1;1;Elektroinštalačný materiál > Rozvádzačové prvky > Prepojovacie a rozbočovacie svorky > Rozbočovacie svorky > Typová rad HLAK typ - C;typova-rad-hlak-typ-c;23;23;0
41055;41052;3;1;1;Elektroinštalačný materiál > Rozvádzačové prvky > Bloky pre rozdělení fází > Typ UVB 100 A;typ-uvb-100-a;10;10;0
41058;41052;3;1;1;Elektroinštalačný materiál > Rozvádzačové prvky > Bloky pre rozdělení fází > Typ UVB 200 A;typ-uvb-200-a;10;10;0
43308;41052;3;1;1;"Elektroinštalačný materiál > Rozvádzačové prvky > Bloky pre rozdělení fází > Typ PVB (""hranaté"") 160 - 500 A";typ-pvb-hranate-160-500-a;0;0;1
43323;41052;3;1;1;Elektroinštalačný materiál > Rozvádzačové prvky > Bloky pre rozdělení fází > Typ PDB 160 - 490 A;typ-pdb-160-490-a;0;0;1
45681;41052;3;1;1;Elektroinštalačný materiál > Rozvádzačové prvky > Bloky pre rozdělení fází > Typ PVBS;typ-pvbs;0;0;1
41064;41061;4;1;1;Elektroinštalačný materiál > Rozvádzačové prvky > Prepojovacie a rozbočovacie svorky > Univerzálne svorky > Typová rad RKA;typova-rad-rka;57;57;0
41067;41061;4;1;1;Elektroinštalačný materiál > Rozvádzačové prvky > Prepojovacie a rozbočovacie svorky > Univerzálne svorky > Typová rad UK;typova-rad-uk;52;52;0
41073;41070;2;0;1;Fotovoltaika a energie > Akumulátory a batérie > Olovené akumulátory;olovene-akumulatory;4;102;0
41664;41070;2;0;1;Fotovoltaika a energie > Akumulátory a batérie > Príslušenstvo;prislusenstvo-6;9;272;0
41814;41070;2;1;1;Fotovoltaika a energie > Akumulátory a batérie > D veľké monočlánky;d-velke-monoclanky;0;0;1
41817;41070;2;1;1;Fotovoltaika a energie > Akumulátory a batérie > 9V;9v;0;0;1
41916;41070;2;1;1;Fotovoltaika a energie > Akumulátory a batérie > Gombíkové;gombikove;32;32;0
42171;41070;2;1;1;Fotovoltaika a energie > Akumulátory a batérie > Autobatérie;autobaterie;0;0;1
42489;41070;2;1;1;Fotovoltaika a energie > Akumulátory a batérie > Špeciálne;specialne;14;14;0
42843;41070;2;1;1;Fotovoltaika a energie > Akumulátory a batérie > LiFePO4 akumulátory;lifepo4-akumulatory;30;30;0
42945;41070;2;1;1;Fotovoltaika a energie > Akumulátory a batérie > AA ceruzkové;aa-ceruzkove;8;8;0
43422;41070;2;1;1;Fotovoltaika a energie > Akumulátory a batérie > C malé monočlánky;c-male-monoclanky;0;0;1
43464;41070;2;1;1;Fotovoltaika a energie > Akumulátory a batérie > AAA mikrotužkové;aaa-mikrotuzkove;0;0;1
43899;41070;2;0;1;Fotovoltaika a energie > Akumulátory a batérie > NiMh nabíjacie akumulátory;nimh-nabijacie-akumulatory;5;13;0
44079;41070;2;1;1;Fotovoltaika a energie > Akumulátory a batérie > Li-Ion nabíjacie akumulátory;li-ion-nabijacie-akumulatory;0;0;1
44457;41070;2;1;1;Fotovoltaika a energie > Akumulátory a batérie > Batérie do AKU náradie;baterie-do-aku-naradie;0;0;1
45357;41070;2;1;1;Fotovoltaika a energie > Akumulátory a batérie > Solárne batérie;solarne-baterie;0;0;1
41076;41073;3;1;1;Fotovoltaika a energie > Akumulátory a batérie > Olovené akumulátory > 12V;12v;84;84;0
41823;41073;3;1;1;Fotovoltaika a energie > Akumulátory a batérie > Olovené akumulátory > 6V;6v;14;14;0
44871;41073;3;1;1;Fotovoltaika a energie > Akumulátory a batérie > Olovené akumulátory > 48V;48v;0;0;1
45432;41073;3;1;1;Fotovoltaika a energie > Akumulátory a batérie > Olovené akumulátory > 4V;4v;0;0;1
45558;41073;3;1;1;Fotovoltaika a energie > Akumulátory a batérie > Olovené akumulátory > 36V;36v;0;0;1
48177;41073;3;1;1;Fotovoltaika a energie > Akumulátory a batérie > Olovené akumulátory > 24V;24v-3;0;0;1
41085;41082;3;1;1;Fotovoltaika a energie > Fotovoltaika > Káble pre fotovoltaiku > Fotovoltaické káble;fotovoltaicke-kable-2;0;0;1
43083;41082;3;1;1;Fotovoltaika a energie > Fotovoltaika > Káble pre fotovoltaiku > Chráničky;chranicky;13;13;0
43716;41082;3;1;1;Fotovoltaika a energie > Fotovoltaika > Káble pre fotovoltaiku > Silové káble;silove-kable-2;37;37;0
41091;41088;3;1;1;Bezpečnosť a smart domácnosť > Kamerové systémy > HDCVI, HDTVI, AHD kamery > 2.0 Mpix (Full HD);2-0-mpix--full-hd;0;0;1
42750;41088;3;1;1;Bezpečnosť a smart domácnosť > Kamerové systémy > HDCVI, HDTVI, AHD kamery > Otočné;otocne;0;0;1
41097;41094;2;0;1;Záhrada > Záhradné doplnky > Bazény a doplnky;bazeny-a-doplnky;3;42;0
41238;41094;2;0;1;Záhrada > Záhradné doplnky > Zavlažovanie;zavlazovanie-2;16;16;0
41499;41094;2;1;1;Záhrada > Záhradné doplnky > Záhradné sloupky;zahradne-sloupky;0;0;1
41502;41094;2;0;1;Záhrada > Záhradné doplnky > Pestovanie;pestovanie;8;18;0
41517;41094;2;1;1;Záhrada > Záhradné doplnky > Plachty a textilie;plachty-a-textilie;14;14;0
41553;41094;2;1;1;Záhrada > Záhradné doplnky > Záhradné svietidlá;zahradne-svietidla;8;8;0
42384;41094;2;1;1;Záhrada > Záhradné doplnky > Záhradné rukavice;zahradne-rukavice;17;17;0
43245;41094;2;1;1;Záhrada > Záhradné doplnky > Sluneční clony;slunecni-clony;9;9;0
43767;41094;2;1;1;Záhrada > Záhradné doplnky > Doplnky na záhradu;doplnky-na-zahradu;8;8;0
44193;41094;2;1;1;Záhrada > Záhradné doplnky > Grily;grily-2;0;0;1
44196;41094;2;1;1;Záhrada > Záhradné doplnky > Přenosná ohniště;prenosna-ohniste;0;0;1
44784;41094;2;1;1;Záhrada > Záhradné doplnky > Záhradné nábytok;zahradne-nabytok;0;0;1
45081;41094;2;1;1;Záhrada > Záhradné doplnky > Čerpadlá;cerpadla-4;0;0;1
41100;41097;3;1;1;Záhrada > Záhradné doplnky > Bazény a doplnky > Bazénová chémia;bazenova-chemia;39;39;0
44688;41097;3;1;0;Záhrada > Záhradné doplnky > Bazény a doplnky > Teplomery do bazénů;teplomery-do-bazenu;0;0;1
45171;41097;3;1;1;Záhrada > Záhradné doplnky > Bazény a doplnky > Záhradné bazény;zahradne-bazeny;0;0;1
41106;41103;2;1;1;Elektroinštalačný materiál > Prepäťové ochrany > Predlžovačky 230V s ochranou;predlzovacky-230v-s-ochranou;10;10;0
43221;41103;2;1;1;Elektroinštalačný materiál > Prepäťové ochrany > Koaxiálne ochrany;koaxialne-ochrany;0;0;1
45021;41103;2;1;1;Elektroinštalačný materiál > Prepäťové ochrany > Zásuvkové ochrany 230V;zasuvkove-ochrany-230v;0;0;1
41115;41112;2;1;1;Bezpečnosť a smart domácnosť > Zabezpečenie > Detektory CO, CO2, plynu a vody;detektory-co--co2--plynu-a-vody;20;20;0
41136;41112;2;1;1;Bezpečnosť a smart domácnosť > Zabezpečenie > PIR čidlá;pir-cidla;37;37;0
41652;41112;2;1;1;Bezpečnosť a smart domácnosť > Zabezpečenie > Domové alarmy;domove-alarmy;0;0;1
42852;41112;2;1;1;Bezpečnosť a smart domácnosť > Zabezpečenie > Laserové senzory pohybu;laserove-senzory-pohybu;9;9;0
43467;41112;2;1;1;Bezpečnosť a smart domácnosť > Zabezpečenie > Požarní hlásiče;pozarni-hlasice;0;0;1
43746;41112;2;1;1;Bezpečnosť a smart domácnosť > Zabezpečenie > Ostatné;ostatne-5;0;0;1
44844;41112;2;1;1;Bezpečnosť a smart domácnosť > Zabezpečenie > Hasící prístroje;hasici-pristroje;0;0;1
47772;41112;2;1;1;Bezpečnosť a smart domácnosť > Zabezpečenie > Kamery;kamery-3;0;0;1
41124;41121;2;1;1;Šport, hračky a voľný čas > Ďalekohľady > Pozorovací;pozorovaci;12;12;0
41523;41121;2;1;1;Šport, hračky a voľný čas > Ďalekohľady > Pre noční vidění;pre-nocni-videni;15;15;0
41712;41121;2;1;1;Šport, hračky a voľný čas > Ďalekohľady > Binokulární;binokularni;20;20;0
42003;41121;2;1;1;Šport, hračky a voľný čas > Ďalekohľady > Hvězdářské;hvezdarske;14;14;0
43875;41121;2;1;1;Šport, hračky a voľný čas > Ďalekohľady > Príslušenstvo;prislusenstvo-13;14;14;0
44355;41121;2;1;1;Šport, hračky a voľný čas > Ďalekohľady > Digitálne fotoaparáty;digitalne-fotoaparaty-2;9;9;0
44775;41121;2;1;1;Šport, hračky a voľný čas > Ďalekohľady > Monokulární;monokularni;0;0;1
45411;41121;2;1;1;Šport, hračky a voľný čas > Ďalekohľady > S termovizí;s-termovizi;0;0;1
41142;41139;2;0;1;Elektroinštalačný materiál > Predlžovačky, zásuvky, vidlica > Predlžovacie prívody;predlzovacie-privody;15;182;0
41313;41139;2;0;1;Elektroinštalačný materiál > Predlžovačky, zásuvky, vidlica > Adaptéry a redukcie;adaptery-a-redukcie;4;24;0
41331;41139;2;0;1;Elektroinštalačný materiál > Predlžovačky, zásuvky, vidlica > Priemyselné vidlica a zásuvky;priemyselne-vidlica-a-zasuvky;0;130;0
42300;41139;2;1;1;Elektroinštalačný materiál > Predlžovačky, zásuvky, vidlica > Vidlica a zásuvky;vidlica-a-zasuvky;74;74;0
42333;41139;2;0;1;Elektroinštalačný materiál > Predlžovačky, zásuvky, vidlica > Spínacie zásuvky;spinacie-zasuvky;0;33;0
42966;41139;2;1;1;Elektroinštalačný materiál > Predlžovačky, zásuvky, vidlica > Predlžovačky 3 fázové;predlzovacky-3-fazove;0;0;1
43353;41139;2;1;1;Elektroinštalačný materiál > Predlžovačky, zásuvky, vidlica > Napájacie káble;napajacie-kable-2;10;10;0
45414;41139;2;1;0;Elektroinštalačný materiál > Predlžovačky, zásuvky, vidlica > Flexo šnúry;flexo-snury;0;0;1
48486;41139;2;0;1;Elektroinštalačný materiál > Predlžovačky, zásuvky, vidlica > Viaczásuvkové;viaczasuvkove-2;0;65;0
48492;41139;2;1;1;Elektroinštalačný materiál > Predlžovačky, zásuvky, vidlica > Výsuvné a vstavané zásuvky;vysuvne-a-vstavane-zasuvky-2;28;28;0
48495;41139;2;1;1;Elektroinštalačný materiál > Predlžovačky, zásuvky, vidlica > Navíjacie bubny;navijacie-bubny-2;24;24;0
48501;41139;2;0;1;Elektroinštalačný materiál > Predlžovačky, zásuvky, vidlica > Jednozásuvkové;jednozasuvkove-2;4;33;0
48504;41139;2;1;1;Elektroinštalačný materiál > Predlžovačky, zásuvky, vidlica > Prepäťové ochrany;prepatove-ochrany-4;13;13;0
48510;41139;2;1;1;Elektroinštalačný materiál > Predlžovačky, zásuvky, vidlica > Záhradné stĺpiky;zahradne-stlpiky-2;11;11;0
41145;41142;3;1;1;Elektroinštalačný materiál > Predlžovačky, zásuvky, vidlica > Predlžovacie prívody > Dĺžka 10m;dlzka-10m;20;20;0
41496;41142;3;1;1;Elektroinštalačný materiál > Predlžovačky, zásuvky, vidlica > Predlžovacie prívody > Dĺžka 1,5m;dlzka-1-5m;20;20;0
41724;41142;3;1;1;Elektroinštalačný materiál > Predlžovačky, zásuvky, vidlica > Predlžovacie prívody > Dĺžka 15m;dlzka-15m;0;0;1
41727;41142;3;1;1;Elektroinštalačný materiál > Predlžovačky, zásuvky, vidlica > Predlžovacie prívody > Dĺžka 20m;dlzka-20m;8;8;0
41886;41142;3;1;1;Elektroinštalačný materiál > Predlžovačky, zásuvky, vidlica > Predlžovacie prívody > Dĺžka 50m;dlzka-50m;11;11;0
42096;41142;3;1;1;Elektroinštalačný materiál > Predlžovačky, zásuvky, vidlica > Predlžovacie prívody > Dĺžka 25m;dlzka-25m;15;15;0
42246;41142;3;1;1;Elektroinštalačný materiál > Predlžovačky, zásuvky, vidlica > Predlžovacie prívody > Dĺžka 7m;dlzka-7m;15;15;0
42249;41142;3;1;1;Elektroinštalačný materiál > Predlžovačky, zásuvky, vidlica > Predlžovacie prívody > Dĺžka 3m;dlzka-3m;28;28;0
42303;41142;3;1;1;Elektroinštalačný materiál > Predlžovačky, zásuvky, vidlica > Predlžovacie prívody > Dĺžka 2m;dlzka-2m;20;20;0
42717;41142;3;1;1;Elektroinštalačný materiál > Predlžovačky, zásuvky, vidlica > Predlžovacie prívody > Dĺžka 5m;dlzka-5m;30;30;0
42963;41142;3;1;1;Elektroinštalačný materiál > Predlžovačky, zásuvky, vidlica > Predlžovacie prívody > Dĺžka 30m;dlzka-30m;0;0;1
44529;41142;3;1;1;Elektroinštalačný materiál > Predlžovačky, zásuvky, vidlica > Predlžovacie prívody > Dĺžka 40m;dlzka-40m;0;0;1
44538;41142;3;1;1;Elektroinštalačný materiál > Predlžovačky, zásuvky, vidlica > Predlžovacie prívody > Dĺžka 1,4m;dlzka-1-4m;0;0;1
42036;41160;3;0;1;Auto-moto > Vybavenie auta > Autokoberce > Auto koberce Volkswagen;auto-koberce-volkswagen;0;0;1
42042;41160;3;0;1;Auto-moto > Vybavenie auta > Autokoberce > Auto koberce BMW;auto-koberce-bmw;0;0;1
42048;41160;3;0;1;Auto-moto > Vybavenie auta > Autokoberce > Auto koberce Mercedes-Benz;auto-koberce-mercedes-benz;0;0;1
42054;41160;3;0;1;Auto-moto > Vybavenie auta > Autokoberce > Auto koberce Audi;auto-koberce-audi;0;0;1
42063;41160;3;0;1;Auto-moto > Vybavenie auta > Autokoberce > Auto koberce Jeep;auto-koberce-jeep;0;0;1
43437;41160;3;0;1;Auto-moto > Vybavenie auta > Autokoberce > Auto koberce Renault;auto-koberce-renault;0;0;1
43443;41160;3;0;1;Auto-moto > Vybavenie auta > Autokoberce > Auto koberce Nissan;auto-koberce-nissan;0;0;1
43449;41160;3;0;1;Auto-moto > Vybavenie auta > Autokoberce > Auto koberce Dacia;auto-koberce-dacia;0;0;1
43455;41160;3;0;1;Auto-moto > Vybavenie auta > Autokoberce > Auto koberce Opel;auto-koberce-opel;0;0;1
43620;41160;3;0;1;Auto-moto > Vybavenie auta > Autokoberce > Auto koberce Hyundai;auto-koberce-hyundai;0;0;1
43629;41160;3;0;1;Auto-moto > Vybavenie auta > Autokoberce > Auto koberce Peugeot;auto-koberce-peugeot;0;0;1
44463;41160;3;0;1;Auto-moto > Vybavenie auta > Autokoberce > Auto koberce Kia;auto-koberce-kia;0;0;1
45510;41160;3;0;1;Auto-moto > Vybavenie auta > Autokoberce > Auto koberce Citroën;auto-koberce-citroen;0;0;1
45525;41160;3;0;1;Auto-moto > Vybavenie auta > Autokoberce > Auto koberce Ford;auto-koberce-ford;0;0;1
45660;41160;3;0;1;Auto-moto > Vybavenie auta > Autokoberce > Auto koberce Volvo;auto-koberce-volvo;0;0;1
45666;41160;3;0;1;Auto-moto > Vybavenie auta > Autokoberce > Auto koberce Toyota;auto-koberce-toyota;0;0;1
47964;41160;3;1;1;Auto-moto > Vybavenie auta > Autokoberce > Auto koberce SsangYong;auto-koberce-ssangyong;0;0;1
41166;41163;2;1;0;Auto-moto > Karavany a obytné autá > Grily a variče;grily-a-varice;0;0;1
41595;41163;2;1;0;Auto-moto > Karavany a obytné autá > Parkovací asistenti;parkovaci-asistenti;0;0;1
41646;41163;2;1;0;Auto-moto > Karavany a obytné autá > Kempingový nábytok;kempingovy-nabytok;0;0;1
42225;41163;2;1;0;Auto-moto > Karavany a obytné autá > Autochladničky;autochladnicky;0;0;1
43053;41163;2;1;0;Auto-moto > Karavany a obytné autá > Batérie do karavanu;baterie-do-karavanu;0;0;1
43359;41163;2;1;0;Auto-moto > Karavany a obytné autá > Meniče napätie;menice-napatie;0;0;1
43374;41163;2;1;0;Auto-moto > Karavany a obytné autá > Redukcie a adaptéry;redukcie-a-adaptery-2;0;0;1
43512;41163;2;0;0;Auto-moto > Karavany a obytné autá > Nabíjačky batérií;nabijacky-baterii;0;0;1
43548;41163;2;1;0;Auto-moto > Karavany a obytné autá > Ostatné doplnky;ostatne-doplnky;0;0;1
44157;41163;2;1;0;Auto-moto > Karavany a obytné autá > Lapače hmyzu;lapace-hmyzu;0;0;1
44340;41163;2;0;0;Auto-moto > Karavany a obytné autá > Mobilné TV a SAT antény;mobilne-tv-a-sat-anteny;0;0;1
44400;41163;2;1;0;Auto-moto > Karavany a obytné autá > Televízory na 12V;televizory-na-12v-2;0;0;1
41178;41175;2;0;1;Náradie a dielňa > Elektronické súčiastky > Arduino a moduly;arduino-a-moduly;9;149;0
41589;41175;2;1;1;Náradie a dielňa > Elektronické súčiastky > Konektory;konektory-3;0;0;1
42801;41175;2;0;1;Náradie a dielňa > Elektronické súčiastky > Priemyselné zdroje;priemyselne-zdroje;8;8;0
43017;41175;2;0;1;Náradie a dielňa > Elektronické súčiastky > Poistky, pojistkové držiaky;poistky--pojistkove-drziaky;5;80;0
41181;41178;3;1;1;Náradie a dielňa > Elektronické súčiastky > Arduino a moduly > Príslušenstvo Arduino;prislusenstvo-arduino;72;72;0
43134;41178;3;1;1;Náradie a dielňa > Elektronické súčiastky > Arduino a moduly > Stavebnice Arduino;stavebnice-arduino;0;0;1
43659;41178;3;1;1;Náradie a dielňa > Elektronické súčiastky > Arduino a moduly > Snímače a prevodníky Arduino;snimace-a-prevodniky-arduino;34;34;0
43662;41178;3;1;1;Náradie a dielňa > Elektronické súčiastky > Arduino a moduly > Programovatelné moduly Arduino;programovatelne-moduly-arduino;18;18;0
43827;41178;3;1;1;Náradie a dielňa > Elektronické súčiastky > Arduino a moduly > Výstupní jednotky Arduino;vystupni-jednotky-arduino;16;16;0
45141;41178;3;1;1;Náradie a dielňa > Elektronické súčiastky > Arduino a moduly > Sety Arduino;sety-arduino;0;0;1
41223;41220;2;1;1;Náradie a dielňa > Dielenské vybavenie > Ultrazvukové čističe;ultrazvukove-cistice;23;23;0
41367;41220;2;1;1;Náradie a dielňa > Dielenské vybavenie > Regály, police;regaly--police;11;11;0
42159;41220;2;0;1;Náradie a dielňa > Dielenské vybavenie > Přeprava a skladování;preprava-a-skladovani;0;43;0
42669;41220;2;0;1;Náradie a dielňa > Dielenské vybavenie > Kufre a organizéry na náradie;kufre-a-organizery-na-naradie;16;21;0
43701;41220;2;1;1;Náradie a dielňa > Dielenské vybavenie > Přísavky manipulační;prisavky-manipulacni;0;0;1
43821;41220;2;1;1;Náradie a dielňa > Dielenské vybavenie > Pytle na odpad;pytle-na-odpad;0;0;1
44865;41220;2;1;1;Náradie a dielňa > Dielenské vybavenie > Svářecí stroje;svareci-stroje;0;0;1
41241;41238;3;1;1;Záhrada > Záhradné doplnky > Zavlažovanie > Rozprašovače;rozprasovace;0;0;1
43254;41238;3;1;1;Záhrada > Záhradné doplnky > Zavlažovanie > Postrekovače;postrekovace;0;0;1
43647;41238;3;1;1;Záhrada > Záhradné doplnky > Zavlažovanie > Zavlažovače;zavlazovace;0;0;1
43794;41238;3;1;0;Záhrada > Záhradné doplnky > Zavlažovanie > Hadice;hadice-2;0;0;1
43797;41238;3;1;1;Záhrada > Záhradné doplnky > Zavlažovanie > Príslušenstvo;prislusenstvo-12;0;0;1
41250;41247;2;1;1;Auto-moto > Audio, Hi-Fi > Displeje do autá;displeje-do-auta;32;32;0
41592;41247;2;1;0;Auto-moto > Audio, Hi-Fi > Reproduktory do autá;reproduktory-do-auta-2;0;0;1
42822;41247;2;1;0;Auto-moto > Audio, Hi-Fi > Autorádiá;autoradia-2;0;0;1
41256;41253;4;1;0;Domáce spotrebiče > Malé spotrebiče > Potreby pre domácnosť > Upratovanie > Metly a mopy na upratovanie;metly-a-mopy-na-upratovanie;0;0;1
44988;41253;4;1;0;Domáce spotrebiče > Malé spotrebiče > Potreby pre domácnosť > Upratovanie > Handry, houbičky a utěrky na upratovanie;handry--houbicky-a-uterky-na-upratovanie;0;0;1
41262;41259;2;0;1;Elektroinštalačný materiál > Vypínače, zásuvky, krabice > Zásuvkové bloky a lišty;zasuvkove-bloky-a-listy;60;70;0
41433;41259;2;0;1;Elektroinštalačný materiál > Vypínače, zásuvky, krabice > TV SAT zásuvky;tv-sat-zasuvky;10;10;0
42114;41259;2;1;1;Elektroinštalačný materiál > Vypínače, zásuvky, krabice > Vypínače a zásuvky GALATEA IP44;vypinace-a-zasuvky-galatea-ip44;61;61;0
42390;41259;2;1;1;Elektroinštalačný materiál > Vypínače, zásuvky, krabice > Zásuvky 230V;zasuvky-230v;31;31;0
42894;41259;2;0;1;Elektroinštalačný materiál > Vypínače, zásuvky, krabice > Svorky a svorkovnice;svorky-a-svorkovnice;16;16;0
43143;41259;2;0;1;Elektroinštalačný materiál > Vypínače, zásuvky, krabice > Elektroinštalačný krabice;elektroinstalacny-krabice;14;50;0
43242;41259;2;1;1;Elektroinštalačný materiál > Vypínače, zásuvky, krabice > Vypínače;vypinace-2;15;15;0
44151;41259;2;1;1;Elektroinštalačný materiál > Vypínače, zásuvky, krabice > Vypínače a zásuvky ATLAS IP55;vypinace-a-zasuvky-atlas-ip55;16;16;0
44181;41259;2;1;1;Elektroinštalačný materiál > Vypínače, zásuvky, krabice > Vypínače a zásuvky ATLAS IP65;vypinace-a-zasuvky-atlas-ip65;15;15;0
45405;41259;2;1;1;Elektroinštalačný materiál > Vypínače, zásuvky, krabice > Rámečky;ramecky;0;0;1
44931;41262;3;1;1;Elektroinštalačný materiál > Vypínače, zásuvky, krabice > Zásuvkové bloky a lišty > Vymeniteľné moduly ORNO;vymenitelne-moduly-orno;10;10;0
41286;41283;2;1;1;Elektroinštalačný materiál > Inštalačné náradie a ostatné materiál > Rozběhové kondenzátory;rozbehove-kondenzatory;23;23;0
42351;41283;2;1;1;Elektroinštalačný materiál > Inštalačné náradie a ostatné materiál > Chémia;chemia-2;8;8;0
42444;41283;2;1;1;Elektroinštalačný materiál > Inštalačné náradie a ostatné materiál > Organizéry;organizery-2;0;0;1
42684;41283;2;1;1;Elektroinštalačný materiál > Inštalačné náradie a ostatné materiál > Kľúče na F konektory;kluce-na-f-konektory;0;0;1
42942;41283;2;1;1;Elektroinštalačný materiál > Inštalačné náradie a ostatné materiál > Ořezávače káblov;orezavace-kablov;0;0;1
43164;41283;2;1;1;Elektroinštalačný materiál > Inštalačné náradie a ostatné materiál > Lisovací kliešte;lisovaci-klieste;11;11;0
43776;41283;2;1;1;Elektroinštalačný materiál > Inštalačné náradie a ostatné materiál > Ostatné;ostatne-6;0;0;1
44031;41283;2;1;1;Elektroinštalačný materiál > Inštalačné náradie a ostatné materiál > Náradie pre fotovoltaiku;naradie-pre-fotovoltaiku-2;0;0;1
44817;41283;2;1;1;Elektroinštalačný materiál > Inštalačné náradie a ostatné materiál > Elektrické zámky;elektricke-zamky;8;8;0
41304;41301;3;1;0;Domáce spotrebiče > Malé spotrebiče > Ostatné spotrebiče > Pece na pizzu;pece-na-pizzu-2;0;0;1
42216;41301;3;1;0;Domáce spotrebiče > Malé spotrebiče > Ostatné spotrebiče > Grily;grily;0;0;1
42837;41301;3;1;0;Domáce spotrebiče > Malé spotrebiče > Ostatné spotrebiče > Mixéry;mixery-2;0;0;1
42954;41301;3;1;0;Domáce spotrebiče > Malé spotrebiče > Ostatné spotrebiče > Kávovary;kavovary;0;0;1
42999;41301;3;1;0;Domáce spotrebiče > Malé spotrebiče > Ostatné spotrebiče > Palacinkovače;palacinkovace-2;0;0;1
43008;41301;3;1;0;Domáce spotrebiče > Malé spotrebiče > Ostatné spotrebiče > Kuchynské roboty;kuchynske-roboty-2;0;0;1
43191;41301;3;1;0;Domáce spotrebiče > Malé spotrebiče > Ostatné spotrebiče > Vaflovače;vaflovace-2;0;0;1
43761;41301;3;1;0;Domáce spotrebiče > Malé spotrebiče > Ostatné spotrebiče > Sušičky potravín;susicky-potravin-2;0;0;1
43812;41301;3;1;0;Domáce spotrebiče > Malé spotrebiče > Ostatné spotrebiče > Hriankovače;hriankovace-2;0;0;1
44199;41301;3;1;0;Domáce spotrebiče > Malé spotrebiče > Ostatné spotrebiče > Sendvičovače;sendvicovace-2;0;0;1
44319;41301;3;1;0;Domáce spotrebiče > Malé spotrebiče > Ostatné spotrebiče > Zváračky folií;zvaracky-folii;0;0;1
44352;41301;3;1;0;Domáce spotrebiče > Malé spotrebiče > Ostatné spotrebiče > Fritézy;fritezy-2;0;0;1
44376;41301;3;0;0;Domáce spotrebiče > Malé spotrebiče > Ostatné spotrebiče > Vysávače;vysavace-2;0;0;1
44451;41301;3;1;0;Domáce spotrebiče > Malé spotrebiče > Ostatné spotrebiče > Elektrické hrnce;elektricke-hrnce;0;0;1
44562;41301;3;1;0;Domáce spotrebiče > Malé spotrebiče > Ostatné spotrebiče > Variče;varice;0;0;1
44760;41301;3;1;0;Domáce spotrebiče > Malé spotrebiče > Ostatné spotrebiče > Rýchlovarné kanvice;rychlovarne-kanvice-2;0;0;1
44763;41301;3;1;1;Domáce spotrebiče > Malé spotrebiče > Ostatné spotrebiče > Drobné kuchynské spotrebiče;drobne-kuchynske-spotrebice;0;0;1
45354;41301;3;1;0;Domáce spotrebiče > Malé spotrebiče > Ostatné spotrebiče > Elektrické panvice;elektricke-panvice-2;0;0;1
45501;41301;3;1;0;Domáce spotrebiče > Malé spotrebiče > Ostatné spotrebiče > Výrobníky ľadu;vyrobniky-ladu-2;0;0;1
45621;41301;3;1;1;Domáce spotrebiče > Malé spotrebiče > Ostatné spotrebiče > Rúry;rury;0;0;1
41310;41307;2;1;1;Auto-moto > Elektromobilita > Nabíjacie káble pre elektromobily;nabijacie-kable-pre-elektromobily;18;18;0
43089;41307;2;1;1;Auto-moto > Elektromobilita > AC nabíjacie stanice Wallbox;ac-nabijacie-stanice-wallbox;0;0;1
43356;41307;2;1;1;Auto-moto > Elektromobilita > Prenosné nabíjačky a redukcie;prenosne-nabijacky-a-redukcie;17;17;0
44067;41307;2;1;1;Auto-moto > Elektromobilita > Tesla;tesla-3;8;8;0
41316;41313;3;1;1;Elektroinštalačný materiál > Predlžovačky, zásuvky, vidlica > Adaptéry a redukcie > Cestovné adaptéry;cestovne-adaptery-2;0;0;1
43371;41313;3;1;1;Elektroinštalačný materiál > Predlžovačky, zásuvky, vidlica > Adaptéry a redukcie > Redukcie a adaptéry;redukcie-a-adaptery;10;10;0
44520;41313;3;1;1;Elektroinštalačný materiál > Predlžovačky, zásuvky, vidlica > Adaptéry a redukcie > Rozbočovacie zásuvky;rozbocovacie-zasuvky;10;10;0
41328;41325;2;1;1;Elektroinštalačný materiál > Montážne skrine a rozvádzače > Plastové skrine;plastove-skrine;17;17;0
41352;41325;2;0;1;Elektroinštalačný materiál > Montážne skrine a rozvádzače > Rozvádzače osadené;rozvadzace-osadene;35;62;0
41544;41325;2;0;1;Elektroinštalačný materiál > Montážne skrine a rozvádzače > Rozvádzače samostatné;rozvadzace-samostatne;11;159;0
41964;41325;2;1;1;Elektroinštalačný materiál > Montážne skrine a rozvádzače > Skrine pre kamerové systémy;skrine-pre-kamerove-systemy;21;21;0
42366;41325;2;1;1;Elektroinštalačný materiál > Montážne skrine a rozvádzače > Zásuvkové skrine;zasuvkove-skrine;64;64;0
42732;41325;2;1;1;Elektroinštalačný materiál > Montážne skrine a rozvádzače > Kovové skrine;kovove-skrine;14;14;0
43026;41325;2;0;1;Elektroinštalačný materiál > Montážne skrine a rozvádzače > Revízne dvierka;revizne-dvierka;0;44;0
41334;41331;3;1;1;Elektroinštalačný materiál > Predlžovačky, zásuvky, vidlica > Priemyselné vidlica a zásuvky > Priemyselné vidlica;priemyselne-vidlica;19;19;0
41337;41331;3;1;1;Elektroinštalačný materiál > Predlžovačky, zásuvky, vidlica > Priemyselné vidlica a zásuvky > Priemyselné spojky;priemyselne-spojky;14;14;0
41340;41331;3;0;1;Elektroinštalačný materiál > Predlžovačky, zásuvky, vidlica > Priemyselné vidlica a zásuvky > Priemyselné zásuvky;priemyselne-zasuvky;0;66;0
43977;41331;3;1;1;Elektroinštalačný materiál > Predlžovačky, zásuvky, vidlica > Priemyselné vidlica a zásuvky > Priemyselné přívodky;priemyselne-privodky;31;31;0
41343;41340;4;1;1;Elektroinštalačný materiál > Predlžovačky, zásuvky, vidlica > Priemyselné vidlica a zásuvky > Priemyselné zásuvky > Vstavané priemyselné zásuvky;vstavane-priemyselne-zasuvky;50;50;0
41346;41340;4;1;1;Elektroinštalačný materiál > Predlžovačky, zásuvky, vidlica > Priemyselné vidlica a zásuvky > Priemyselné zásuvky > Nástenné priemyselné zásuvky;nastenne-priemyselne-zasuvky;16;16;0
41355;41352;3;1;1;Elektroinštalačný materiál > Montážne skrine a rozvádzače > Rozvádzače osadené > DC rozvádzače;dc-rozvadzace;15;15;0
43488;41352;3;1;1;Elektroinštalačný materiál > Montážne skrine a rozvádzače > Rozvádzače osadené > AC rozvádzače;ac-rozvadzace;12;12;0
41361;41358;3;1;1;Fotovoltaika a energie > Fotovoltaika > Rozvádzače > Osadené DC rozvádzače;osadene-dc-rozvadzace;17;17;0
41550;41358;3;1;1;Fotovoltaika a energie > Fotovoltaika > Rozvádzače > Samostatné rozvádzače;samostatne-rozvadzace;51;51;0
43491;41358;3;1;1;Fotovoltaika a energie > Fotovoltaika > Rozvádzače > Osadené AC rozvádzače;osadene-ac-rozvadzace;14;14;0
44436;41358;3;1;1;Fotovoltaika a energie > Fotovoltaika > Rozvádzače > Výhodné sety rozvaděč + komponenty;vyhodne-sety-rozvadec-komponenty;0;0;1
41376;41373;3;1;1;Bezpečnosť a smart domácnosť > Kamerové systémy > IP sieťové kamery > 5.0 Mpix.;5-0-mpix;0;0;1
43740;41373;3;1;1;Bezpečnosť a smart domácnosť > Kamerové systémy > IP sieťové kamery > 4.0 Mpix.;4-0-mpix;15;15;0
43743;41373;3;1;1;Bezpečnosť a smart domácnosť > Kamerové systémy > IP sieťové kamery > 2.0 Mpix. (Full HD) / 2.4 Mpix;2-0-mpix-full-hd--2-4-mpix;19;19;0
44337;41373;3;1;1;Bezpečnosť a smart domácnosť > Kamerové systémy > IP sieťové kamery > 1.0 Mpix. (HD) / 1.3 Mpix.;1-0-mpix-hd--1-3-mpix;0;0;1
44643;41373;3;1;1;Bezpečnosť a smart domácnosť > Kamerové systémy > IP sieťové kamery > 8.0 Mpix. (4K);8-0-mpix-4k;0;0;1
45624;41373;3;1;1;Bezpečnosť a smart domácnosť > Kamerové systémy > IP sieťové kamery > 6.0 Mpix.;6-0-mpix;0;0;1
45657;41373;3;1;1;Bezpečnosť a smart domácnosť > Kamerové systémy > IP sieťové kamery > 3.0 Mpix.;3-0-mpix;0;0;1
48084;41373;3;1;1;Bezpečnosť a smart domácnosť > Kamerové systémy > IP sieťové kamery > PTZ kamery;ptz-kamery;0;0;1
41400;41397;3;1;1;Elektroinštalačný materiál > Káble a vodiče > Koaxiálne káble > Včetně konektorů;vcetne-konektoru;11;11;0
41508;41397;3;1;1;Elektroinštalačný materiál > Káble a vodiče > Koaxiálne káble > Měděné;medene;29;29;0
42189;41397;3;1;1;Elektroinštalačný materiál > Káble a vodiče > Koaxiálne káble > Metráž;metraz;0;0;1
42474;41397;3;1;1;Elektroinštalačný materiál > Káble a vodiče > Koaxiálne káble > Vícenásobné káble;vicenasobne-kable;0;0;1
42738;41397;3;1;0;Elektroinštalačný materiál > Káble a vodiče > Koaxiálne káble > Železné;zelezne;0;0;1
42741;41397;3;1;1;Elektroinštalačný materiál > Káble a vodiče > Koaxiálne káble > Vonkajšie;vonkajsie-2;0;0;1
43785;41397;3;1;1;Elektroinštalačný materiál > Káble a vodiče > Koaxiálne káble > Koaxiálne průchodky;koaxialne-pruchodky;0;0;1
45747;41397;3;1;1;Elektroinštalačný materiál > Káble a vodiče > Koaxiálne káble > Boxy a stojany;boxy-a-stojany;0;0;1
41436;41433;3;1;1;Elektroinštalačný materiál > Vypínače, zásuvky, krabice > TV SAT zásuvky > Průběžné;prubezne;0;0;1
42651;41433;3;1;1;Elektroinštalačný materiál > Vypínače, zásuvky, krabice > TV SAT zásuvky > Koncové;koncove;0;0;1
41478;41475;3;1;1;Auto-moto > Vybavenie auta > Stierače > Sady stieračov FLAT SET;sady-stieracov-flat-set;153;153;0
41874;41475;3;1;1;Auto-moto > Vybavenie auta > Stierače > Gumičky stieračov;gumicky-stieracov;10;10;0
41940;41475;3;1;1;Auto-moto > Vybavenie auta > Stierače > Ploché FLAT Flexi;ploche-flat-flexi;15;15;0
41943;41475;3;1;1;Auto-moto > Vybavenie auta > Stierače > Ploché FLAT Multi;ploche-flat-multi;16;16;0
42033;41475;3;1;1;Auto-moto > Vybavenie auta > Stierače > Stierače BULK;stierace-bulk;76;76;0
43803;41475;3;1;1;Auto-moto > Vybavenie auta > Stierače > Stierače HYBRID;stierace-hybrid;0;0;1
43806;41475;3;1;1;Auto-moto > Vybavenie auta > Stierače > HELLA Cleantech;hella-cleantech;13;13;0
43809;41475;3;1;1;Auto-moto > Vybavenie auta > Stierače > Sady stieračov FLAT DOUBLE;sady-stieracov-flat-double;0;0;1
44385;41475;3;1;1;Auto-moto > Vybavenie auta > Stierače > Stierače zadního okna;stierace-zadniho-okna;9;9;0
44874;41475;3;1;1;Auto-moto > Vybavenie auta > Stierače > Klasické kovové;klasicke-kovove;30;30;0
41484;41481;3;1;1;Šport, hračky a voľný čas > Posilňovanie a fitness > Pomôcky na cvičenie > Gumy a pásy na cvičenie;gumy-a-pasy-na-cvicenie;27;27;0
41487;41481;3;1;1;Šport, hračky a voľný čas > Posilňovanie a fitness > Pomôcky na cvičenie > Pomôcky na cvičenie doma;pomocky-na-cvicenie-doma;77;77;0
41628;41481;3;1;1;Šport, hračky a voľný čas > Posilňovanie a fitness > Pomôcky na cvičenie > Pomôcky na cvičenie břicha;pomocky-na-cvicenie-bricha;11;11;0
43011;41481;3;1;1;Šport, hračky a voľný čas > Posilňovanie a fitness > Pomôcky na cvičenie > Pomôcky na jógu;pomocky-na-jogu;18;18;0
43206;41481;3;1;1;Šport, hračky a voľný čas > Posilňovanie a fitness > Pomôcky na cvičenie > Valce, kolieska a masážne lopty;valce--kolieska-a-masazne-lopty;46;46;0
43290;41481;3;1;1;Šport, hračky a voľný čas > Posilňovanie a fitness > Pomôcky na cvičenie > Lopty na cvičenie;lopty-na-cvicenie;44;44;0
43293;41481;3;1;1;Šport, hračky a voľný čas > Posilňovanie a fitness > Pomôcky na cvičenie > Pomôcky na pilates;pomocky-na-pilates;11;11;0
43302;41481;3;1;1;Šport, hračky a voľný čas > Posilňovanie a fitness > Pomôcky na cvičenie > Švihadlá;svihadla;0;0;1
44445;41481;3;1;1;Šport, hračky a voľný čas > Posilňovanie a fitness > Pomôcky na cvičenie > Závažia na kotníky a zápěstí;zavazia-na-kotniky-a-zapesti;0;0;1
41493;41490;3;1;1;Elektroinštalačný materiál > Rozvádzačové prvky > Můstky na nosnou lištu > Kryté můstky (IP20);kryte-mustky--ip20;12;12;0
42603;41490;3;1;1;Elektroinštalačný materiál > Rozvádzačové prvky > Můstky na nosnou lištu > Nekryté můstky (IP00);nekryte-mustky--ip00;0;0;1
43971;41490;3;1;1;Elektroinštalačný materiál > Rozvádzačové prvky > Můstky na nosnou lištu > Bezšroubové kryté můstky (IP20);bezsroubove-kryte-mustky--ip20;0;0;1
41505;41502;3;1;1;Záhrada > Záhradné doplnky > Pestovanie > Herbicidy proti plevelům;herbicidy-proti-plevelum;0;0;1
41928;41502;3;0;1;Záhrada > Záhradné doplnky > Pestovanie > Záhradné hnojivá;zahradne-hnojiva;0;0;1
42858;41502;3;1;1;Záhrada > Záhradné doplnky > Pestovanie > Insekticidy proti škůdcům;insekticidy-proti-skudcum;0;0;1
43056;41502;3;1;1;Záhrada > Záhradné doplnky > Pestovanie > Prípravky proti mravencům;pripravky-proti-mravencum;10;10;0
43059;41502;3;1;1;Záhrada > Záhradné doplnky > Pestovanie > Fungicidy proti houbám a plísním;fungicidy-proti-houbam-a-plisnim;0;0;1
43731;41502;3;1;1;Záhrada > Záhradné doplnky > Pestovanie > Pěstební lampy;pestebni-lampy;0;0;1
44556;41502;3;1;1;Záhrada > Záhradné doplnky > Pestovanie > Travní směsi;travni-smesi;0;0;1
41529;41526;3;1;1;Fotovoltaika a energie > Fotovoltaika > Ochrana FV instalací > Uzemňovací prvky;uzemnovaci-prvky;19;19;0
42123;41526;3;1;1;Fotovoltaika a energie > Fotovoltaika > Ochrana FV instalací > Prepäťové ochrany;prepatove-ochrany-2;18;18;0
42315;41526;3;1;1;Fotovoltaika a energie > Fotovoltaika > Ochrana FV instalací > Poistky;poistky-2;0;0;1
44754;41526;3;1;1;Fotovoltaika a energie > Fotovoltaika > Ochrana FV instalací > Pojistné odpínače/odpojovače;pojistne-odpinace-odpojovace;10;10;0
44823;41526;3;1;1;Fotovoltaika a energie > Fotovoltaika > Ochrana FV instalací > Ističe;istice;0;0;1
41547;41544;3;1;1;Elektroinštalačný materiál > Montážne skrine a rozvádzače > Rozvádzače samostatné > Rozvodnice Acqua IP65;rozvodnice-acqua-ip65;12;12;0
42375;41544;3;1;1;Elektroinštalačný materiál > Montážne skrine a rozvádzače > Rozvádzače samostatné > Skrine MAGNA IP65;skrine-magna-ip65;29;29;0
42378;41544;3;1;1;Elektroinštalačný materiál > Montážne skrine a rozvádzače > Rozvádzače samostatné > Skrine AcquaCOMBI IP65 s otvory;skrine-acquacombi-ip65-s-otvory;9;9;0
42381;41544;3;1;1;Elektroinštalačný materiál > Montážne skrine a rozvádzače > Rozvádzače samostatné > Gumové skrine RubberBOX IP65;gumove-skrine-rubberbox-ip65;0;0;1
42591;41544;3;1;1;Elektroinštalačný materiál > Montážne skrine a rozvádzače > Rozvádzače samostatné > Rozvodnice FlatBOX IP65;rozvodnice-flatbox-ip65;10;10;0
43110;41544;3;1;1;Elektroinštalačný materiál > Montážne skrine a rozvádzače > Rozvádzače samostatné > Rozvodnice NEPTUN IP65;rozvodnice-neptun-ip65;0;0;1
43113;41544;3;1;1;Elektroinštalačný materiál > Montážne skrine a rozvádzače > Rozvádzače samostatné > Skrine STONE IP55 - IP66;skrine-stone-ip55-ip66;22;22;0
43668;41544;3;1;1;Elektroinštalačný materiál > Montážne skrine a rozvádzače > Rozvádzače samostatné > Rozvodnice TSM;rozvodnice-tsm;12;12;0
43974;41544;3;1;1;Elektroinštalačný materiál > Montážne skrine a rozvádzače > Rozvádzače samostatné > Rozvodnice ELEKTRO-PLAST;rozvodnice-elektro-plast;18;18;0
44250;41544;3;1;1;Elektroinštalačný materiál > Montážne skrine a rozvádzače > Rozvádzače samostatné > Rozvodnice NUOVA IP40 (bytové);rozvodnice-nuova-ip40--bytove;23;23;0
44253;41544;3;1;1;Elektroinštalačný materiál > Montážne skrine a rozvádzače > Rozvádzače samostatné > Skrine AcquaCOMBI IP65;skrine-acquacombi-ip65;13;13;0
44256;41544;3;1;1;Elektroinštalačný materiál > Montážne skrine a rozvádzače > Rozvádzače samostatné > Rozvodnice AcquaPLUS IP65;rozvodnice-acquaplus-ip65;0;0;1
45363;41544;3;1;1;Elektroinštalačný materiál > Montážne skrine a rozvádzače > Rozvádzače samostatné > Ostatné skrine a rozvodnice;ostatne-skrine-a-rozvodnice;0;0;1
41565;41562;2;0;1;Elektroinštalačný materiál > Inštalačné príslušenstvo > Káblové spojky;kablove-spojky;0;72;0
41607;41562;2;1;1;Elektroinštalačný materiál > Inštalačné príslušenstvo > Izolačné pásky;izolacne-pasky;25;25;0
41685;41562;2;1;1;Elektroinštalačný materiál > Inštalačné príslušenstvo > Káblová oká;kablova-oka;57;57;0
42348;41562;2;1;1;Elektroinštalačný materiál > Inštalačné príslušenstvo > Hmoždinky a skrutky;hmozdinky-a-skrutky;34;34;0
42657;41562;2;0;1;Elektroinštalačný materiál > Inštalačné príslušenstvo > Sťahovacie pásky;stahovacie-pasky;0;29;0
42885;41562;2;0;1;Elektroinštalačný materiál > Inštalačné príslušenstvo > Káblové příchytky a držiaky;kablove-prichytky-a-drziaky;9;17;0
43077;41562;2;0;1;Elektroinštalačný materiál > Inštalačné príslušenstvo > Rúrky a chráničky;rurky-a-chranicky;2;32;0
43551;41562;2;1;1;Elektroinštalačný materiál > Inštalačné príslušenstvo > Organizéry káblov;organizery-kablov;0;0;1
43893;41562;2;1;1;Elektroinštalačný materiál > Inštalačné príslušenstvo > Smršťovací bužírky;smrstovaci-buzirky-2;9;9;0
41568;41565;3;1;1;Elektroinštalačný materiál > Inštalačné príslušenstvo > Káblové spojky > Ostatné káblové spojky;ostatne-kablove-spojky;15;15;0
42342;41565;3;0;1;Elektroinštalačný materiál > Inštalačné príslušenstvo > Káblové spojky > Káblové gelové spojky;kablove-gelove-spojky;26;57;0
41604;41601;2;1;1;Náradie a dielňa > Chémia > Lepidlá;lepidla;17;17;0
42168;41601;2;1;1;Náradie a dielňa > Chémia > Chémia pre pájení;chemia-pre-pajeni-2;0;0;1
42792;41601;2;1;1;Náradie a dielňa > Chémia > Ostatné chemické prípravky;ostatne-chemicke-pripravky;0;0;1
44994;41601;2;1;1;Náradie a dielňa > Chémia > Mazivá;maziva;0;0;1
41616;41613;2;1;1;Náradie a dielňa > Elektrické a AKU náradie > Nožnice AKU;noznice-aku;0;0;1
41619;41613;2;1;1;Náradie a dielňa > Elektrické a AKU náradie > Nabíjačky k AKU náradie;nabijacky-k-aku-naradie;0;0;1
41790;41613;2;0;1;Náradie a dielňa > Elektrické a AKU náradie > Pištole lepící a horúcovzdušné;pistole-lepici-a-horucovzdusne;3;11;0
43050;41613;2;1;1;Náradie a dielňa > Elektrické a AKU náradie > Vŕtačky, akušroubováky;vrtacky--akusroubovaky;0;0;1
43839;41613;2;0;1;Náradie a dielňa > Elektrické a AKU náradie > Píly;pily-2;0;0;1
44454;41613;2;1;1;Náradie a dielňa > Elektrické a AKU náradie > Batérie k AKU náradie;baterie-k-aku-naradie;0;0;1
44805;41613;2;1;1;Náradie a dielňa > Elektrické a AKU náradie > Brúsky;brusky-2;0;0;1
45048;41613;2;0;1;Náradie a dielňa > Elektrické a AKU náradie > Príslušenstvo k vrtačkám;prislusenstvo-k-vrtackam;0;0;1
47991;41613;2;1;1;Náradie a dielňa > Elektrické a AKU náradie > Rázové uťahováky;razove-utahovaky-2;0;0;1
41625;41622;2;1;1;Záhrada > Záhradné stroje > Vysokotlakové umývačky;vysokotlakove-umyvacky;0;0;1
41634;41622;2;1;1;Záhrada > Záhradné stroje > Náhradné diely pre krovinorezy;nahradne-diely-pre-krovinorezy;25;25;0
41637;41622;2;1;1;Záhrada > Záhradné stroje > Struny a kotúče;struny-a-kotuce;10;10;0
42543;41622;2;0;1;Záhrada > Záhradné stroje > Čerpadlá;cerpadla-2;0;0;1
42813;41622;2;1;1;Záhrada > Záhradné stroje > Príslušenstvo;prislusenstvo-9;0;0;1
43257;41622;2;1;1;Záhrada > Záhradné stroje > Postrekovače;postrekovace-2;0;0;1
43830;41622;2;0;0;Záhrada > Záhradné stroje > Píly;pily;0;0;1
44130;41622;2;1;1;Záhrada > Záhradné stroje > Krovinorezy;krovinorezy;0;0;1
45546;41622;2;1;0;Záhrada > Záhradné stroje > Záhradné nožnice;zahradne-noznice-4;0;0;1
45735;41622;2;1;1;Záhrada > Záhradné stroje > Vysávače lístie;vysavace-listie;0;0;1
41643;41640;2;1;1;Šport, hračky a voľný čas > Turistika > Kempingové stoly, stoličky, ležadlá;kempingove-stoly--stolicky--lezadla;0;0;1
42018;41640;2;1;1;Šport, hračky a voľný čas > Turistika > Čelové svietidlá;celove-svietidla;42;42;0
42180;41640;2;1;1;Šport, hračky a voľný čas > Turistika > Impregnace;impregnace;12;12;0
42831;41640;2;1;1;Šport, hračky a voľný čas > Turistika > Chladiace tašky a boxy;chladiace-tasky-a-boxy-2;10;10;0
42936;41640;2;1;1;Šport, hračky a voľný čas > Turistika > Stany;stany;0;0;1
43545;41640;2;1;1;Šport, hračky a voľný čas > Turistika > Turistické vybavenie;turisticke-vybavenie;41;41;0
43752;41640;2;1;0;Šport, hračky a voľný čas > Turistika > Cestování a outdoor;cestovani-a-outdoor;0;0;1
44034;41640;2;1;1;Šport, hračky a voľný čas > Turistika > Karimatky, matrace, vankúše;karimatky--matrace--vankuse;0;0;1
44040;41640;2;1;1;Šport, hračky a voľný čas > Turistika > Hojdacie siete;hojdacie-siete;0;0;1
44916;41640;2;1;1;Šport, hračky a voľný čas > Turistika > Vysielačky;vysielacky-2;0;0;1
48447;41640;2;1;1;Šport, hračky a voľný čas > Turistika > Turistické a outdoorové vybavenie;turisticke-a-outdoorove-vybavenie;19;19;0
41658;41655;3;1;1;Auto-moto > Garáž, Dielňa, Servis > Elektroinštalačný materiál > Redukcie, predlžovacie káble pre připojení přívěsu;redukcie--predlzovacie-kable-pre-pripojeni-privesu;25;25;0
43710;41655;3;1;1;Auto-moto > Garáž, Dielňa, Servis > Elektroinštalačný materiál > Poistky;poistky-4;9;9;0
43890;41655;3;1;1;Auto-moto > Garáž, Dielňa, Servis > Elektroinštalačný materiál > Smršťovací bužírky;smrstovaci-buzirky;0;0;1
44238;41655;3;1;1;Auto-moto > Garáž, Dielňa, Servis > Elektroinštalačný materiál > Silové káble;silove-kable-3;0;0;1
44526;41655;3;1;1;Auto-moto > Garáž, Dielňa, Servis > Elektroinštalačný materiál > Káblová oká;kablova-oka-2;10;10;0
44574;41655;3;1;1;Auto-moto > Garáž, Dielňa, Servis > Elektroinštalačný materiál > Izolačné pásky;izolacne-pasky-3;0;0;1
44826;41655;3;1;1;Auto-moto > Garáž, Dielňa, Servis > Elektroinštalačný materiál > Odpojovače batérií;odpojovace-baterii;0;0;1
45615;41655;3;1;1;Auto-moto > Garáž, Dielňa, Servis > Elektroinštalačný materiál > Propojovače batérií;propojovace-baterii;0;0;1
41667;41664;3;0;1;Fotovoltaika a energie > Akumulátory a batérie > Príslušenstvo > Očká, fastóny, dutinky, spojky;ocka--fastony--dutinky--spojky;3;258;0
43494;41664;3;1;1;Fotovoltaika a energie > Akumulátory a batérie > Príslušenstvo > Prepojovacie káble;prepojovacie-kable;5;5;0
43704;41664;3;1;1;Fotovoltaika a energie > Akumulátory a batérie > Príslušenstvo > Boxy a obaly na akumulátory;boxy-a-obaly-na-akumulatory;0;0;1
41670;41667;4;1;0;Fotovoltaika a energie > Akumulátory a batérie > Príslušenstvo > Očká, fastóny, dutinky, spojky > Káblové spojky;kablove-spojky-2;0;0;1
41673;41667;4;1;1;Fotovoltaika a energie > Akumulátory a batérie > Príslušenstvo > Očká, fastóny, dutinky, spojky > Káblové dutinky;kablove-dutinky;55;55;0
41682;41667;4;1;0;Fotovoltaika a energie > Akumulátory a batérie > Príslušenstvo > Očká, fastóny, dutinky, spojky > Káblová očká;kablova-ocka;0;0;1
43209;41667;4;1;0;Fotovoltaika a energie > Akumulátory a batérie > Príslušenstvo > Očká, fastóny, dutinky, spojky > Fastóny;fastony;0;0;1
43713;41667;4;1;1;Fotovoltaika a energie > Akumulátory a batérie > Príslušenstvo > Očká, fastóny, dutinky, spojky > Káblové vidličky;kablove-vidlicky;37;37;0
44205;41667;4;1;1;Fotovoltaika a energie > Akumulátory a batérie > Príslušenstvo > Očká, fastóny, dutinky, spojky > Sady konektorů;sady-konektoru;0;0;1
44412;41667;4;1;0;Fotovoltaika a energie > Akumulátory a batérie > Príslušenstvo > Očká, fastóny, dutinky, spojky > Sady fastonů;sady-fastonu;0;0;1
44415;41667;4;1;1;Fotovoltaika a energie > Akumulátory a batérie > Príslušenstvo > Očká, fastóny, dutinky, spojky > Svorky;svorky;20;20;0
44820;41667;4;1;0;Fotovoltaika a energie > Akumulátory a batérie > Príslušenstvo > Očká, fastóny, dutinky, spojky > Kolíky;koliky;0;0;1
48435;41667;4;1;1;Fotovoltaika a energie > Akumulátory a batérie > Príslušenstvo > Očká, fastóny, dutinky, spojky > Káblové očká (konektory pre akumulátory);kablove-ocka--konektory-pre-akumulatory;83;83;0
48444;41667;4;1;1;Fotovoltaika a energie > Akumulátory a batérie > Príslušenstvo > Očká, fastóny, dutinky, spojky > Sady fastónov (konektorov);sady-fastonov--konektorov;9;9;0
48450;41667;4;1;1;Fotovoltaika a energie > Akumulátory a batérie > Príslušenstvo > Očká, fastóny, dutinky, spojky > Káblové spojky (konektory);kablove-spojky--konektory;21;21;0
48456;41667;4;1;1;Fotovoltaika a energie > Akumulátory a batérie > Príslušenstvo > Očká, fastóny, dutinky, spojky > Fastónové konektory;fastonove-konektory;30;30;0
41679;41676;3;1;1;Fotovoltaika a energie > Fotovoltaika > Konektory pre fotovoltaiku > Dutinky na kabel;dutinky-na-kabel;11;11;0
41688;41676;3;1;1;Fotovoltaika a energie > Fotovoltaika > Konektory pre fotovoltaiku > Káblová očká;kablova-ocka-2;18;18;0
43929;41676;3;1;1;Fotovoltaika a energie > Fotovoltaika > Konektory pre fotovoltaiku > Konektory MC4;konektory-mc4;15;15;0
41700;41697;2;0;1;Náradie a dielňa > Mechanické náradie > Nože a nožnice;noze-a-noznice;9;9;0
41835;41697;2;0;1;Náradie a dielňa > Mechanické náradie > Skrutkovače, bity, imbusy;skrutkovace--bity--imbusy;6;18;0
41853;41697;2;1;1;Náradie a dielňa > Mechanické náradie > Sady náradie;sady-naradie-2;19;19;0
41856;41697;2;0;1;Náradie a dielňa > Mechanické náradie > Kladivá, dláta, sekery;kladiva--dlata--sekery;11;12;0
41982;41697;2;0;1;Náradie a dielňa > Mechanické náradie > Kľúče;kluce-2;11;50;0
41988;41697;2;1;1;Náradie a dielňa > Mechanické náradie > Gola sady náradie;gola-sady-naradie;14;14;0
42519;41697;2;0;1;Náradie a dielňa > Mechanické náradie > Nýtování;nytovani;7;15;0
42552;41697;2;0;1;Náradie a dielňa > Mechanické náradie > Kliešte;klieste;27;48;0
43068;41697;2;1;1;Náradie a dielňa > Mechanické náradie > Sťahováky;stahovaky;16;16;0
43881;41697;2;1;1;Náradie a dielňa > Mechanické náradie > Náradie pre elektrikáře;naradie-pre-elektrikare;0;0;1
44118;41697;2;0;1;Náradie a dielňa > Mechanické náradie > Príslušenstvo ku gola sadám;prislusenstvo-ku-gola-sadam;10;51;0
44328;41697;2;1;1;Náradie a dielňa > Mechanické náradie > Sešívání;sesivani;0;0;1
44715;41697;2;0;1;Náradie a dielňa > Mechanické náradie > Vodo-topo;vodo-topo;0;0;1
44748;41697;2;1;1;Náradie a dielňa > Mechanické náradie > Kefy;kefy-2;0;0;1
44976;41697;2;1;1;Náradie a dielňa > Mechanické náradie > Náradie pre ženy;naradie-pre-zeny;0;0;1
45261;41697;2;1;1;Náradie a dielňa > Mechanické náradie > Svěrky, zveráky;sverky--zveraky;0;0;1
41703;41700;3;1;1;Náradie a dielňa > Mechanické náradie > Nože a nožnice > Ulamovací a zasouvací nože;ulamovaci-a-zasouvaci-noze;0;0;1
44622;41700;3;1;1;Náradie a dielňa > Mechanické náradie > Nože a nožnice > Ostatné nože;ostatne-noze;0;0;1
44745;41700;3;1;1;Náradie a dielňa > Mechanické náradie > Nože a nožnice > Náhradné břity;nahradne-brity;0;0;1
41709;41706;2;1;1;Náradie a dielňa > SPÁJKOVACIE TECHNIKA > Ručné spájkovačky, trafopájky;rucne-spajkovacky--trafopajky;44;44;0
41787;41706;2;1;1;Náradie a dielňa > SPÁJKOVACIE TECHNIKA > Príslušenstvo pre spájkovačky;prislusenstvo-pre-spajkovacky;64;64;0
41796;41706;2;1;1;Náradie a dielňa > SPÁJKOVACIE TECHNIKA > Chémia pre pájení;chemia-pre-pajeni;0;0;1
41919;41706;2;1;1;Náradie a dielňa > SPÁJKOVACIE TECHNIKA > Stolové mikropájky;stolove-mikropajky;11;11;0
41922;41706;2;1;1;Náradie a dielňa > SPÁJKOVACIE TECHNIKA > Servisní stanice;servisni-stanice;13;13;0
41925;41706;2;1;1;Náradie a dielňa > SPÁJKOVACIE TECHNIKA > Odsávačky cínu;odsavacky-cinu;0;0;1
42363;41706;2;1;1;Náradie a dielňa > SPÁJKOVACIE TECHNIKA > Plynové spájkovačky;plynove-spajkovacky;0;0;1
42861;41706;2;1;1;Náradie a dielňa > SPÁJKOVACIE TECHNIKA > Lupy;lupy;31;31;0
45039;41706;2;1;1;Náradie a dielňa > SPÁJKOVACIE TECHNIKA > Zveráky;zveraky;11;11;0
45726;41706;2;1;1;Náradie a dielňa > SPÁJKOVACIE TECHNIKA > Tavné a horúcovzdušné pištole;tavne-a-horucovzdusne-pistole-2;0;0;1
41718;41715;2;1;1;Auto-moto > Nabíjanie > Testery autobaterií;testery-autobaterii;14;14;0
41721;41715;2;1;1;Auto-moto > Nabíjanie > Nabíjačky a štartovacie boxy;nabijacky-a-startovacie-boxy;45;45;0
42174;41715;2;1;1;Auto-moto > Nabíjanie > Autobatérie;autobaterie-2;41;41;0
42195;41715;2;1;0;Auto-moto > Nabíjanie > Štartovacie káble;startovacie-kable;0;0;1
44418;41715;2;1;1;Auto-moto > Nabíjanie > Svorky na autobatérie;svorky-na-autobaterie;29;29;0
41751;41748;2;1;1;Šport, hračky a voľný čas > Bojové športy > Lapy a bloky;lapy-a-bloky;25;25;0
41754;41748;2;1;1;Šport, hračky a voľný čas > Bojové športy > Tréninková lana;treninkova-lana;0;0;1
41757;41748;2;1;1;Šport, hračky a voľný čas > Bojové športy > Príslušenstvo;prislusenstvo-7;19;19;0
41760;41748;2;1;1;Šport, hračky a voľný čas > Bojové športy > MMA rukavice;mma-rukavice;43;43;0
41763;41748;2;1;1;Šport, hračky a voľný čas > Bojové športy > Boxerské rukavice;boxerske-rukavice;116;116;0
41766;41748;2;1;1;Šport, hračky a voľný čas > Bojové športy > Chrániče;chranice;53;53;0
41769;41748;2;1;1;Šport, hračky a voľný čas > Bojové športy > Boxovací pytle - prázdné;boxovaci-pytle-prazdne;10;10;0
41772;41748;2;1;1;Šport, hračky a voľný čas > Bojové športy > Chrániče holenie;chranice-holenie;37;37;0
41775;41748;2;1;1;Šport, hračky a voľný čas > Bojové športy > Boxovací pytle - plné;boxovaci-pytle-plne;19;19;0
42990;41748;2;1;1;Šport, hračky a voľný čas > Bojové športy > Rukavice na karate;rukavice-na-karate;12;12;0
43506;41748;2;1;1;Šport, hračky a voľný čas > Bojové športy > Pytlovky;pytlovky;0;0;1
43509;41748;2;1;1;Šport, hračky a voľný čas > Bojové športy > Montážne prvky;montazne-prvky;0;0;1
44064;41748;2;1;1;Šport, hračky a voľný čas > Bojové športy > Hrušky a speedbagy;hrusky-a-speedbagy;13;13;0
44577;41748;2;1;1;Šport, hračky a voľný čas > Bojové športy > Zátěžové vesty;zatezove-vesty;13;13;0
41793;41790;3;1;1;Náradie a dielňa > Elektrické a AKU náradie > Pištole lepící a horúcovzdušné > Príslušenstvo pre tavné pištole;prislusenstvo-pre-tavne-pistole;8;8;0
43782;41790;3;1;1;Náradie a dielňa > Elektrické a AKU náradie > Pištole lepící a horúcovzdušné > Horúcovzdušné pištole;horucovzdusne-pistole;0;0;1
45471;41790;3;1;1;Náradie a dielňa > Elektrické a AKU náradie > Pištole lepící a horúcovzdušné > Lepící pištole;lepici-pistole;0;0;1
41829;41826;2;0;1;Náradie a dielňa > Stavebné a maliarske náradie > Potrubie;potrubie;8;8;0
41862;41826;2;0;1;Náradie a dielňa > Stavebné a maliarske náradie > Murárske práce;murarske-prace;12;12;0
41868;41826;2;0;1;Náradie a dielňa > Stavebné a maliarske náradie > Nástroje;nastroje;12;12;0
42525;41826;2;0;1;Náradie a dielňa > Stavebné a maliarske náradie > Pokrývačské práce;pokryvacske-prace;0;0;1
43695;41826;2;0;1;Náradie a dielňa > Stavebné a maliarske náradie > Přeprava;preprava;0;0;1
44091;41826;2;0;1;Náradie a dielňa > Stavebné a maliarske náradie > Obkladačské práce;obkladacske-prace;0;0;1
44103;41826;2;0;1;Náradie a dielňa > Stavebné a maliarske náradie > Malířství a natěračství;malirstvi-a-nateracstvi;14;22;0
44952;41826;2;0;0;Náradie a dielňa > Stavebné a maliarske náradie > Sadrokartón;sadrokarton;0;0;1
45078;41826;2;1;1;Náradie a dielňa > Stavebné a maliarske náradie > Sťahováky;stahovaky-4;0;0;1
45255;41826;2;0;1;Náradie a dielňa > Stavebné a maliarske náradie > Truhlářské práce;truhlarske-prace;0;0;1
45576;41826;2;1;1;Náradie a dielňa > Stavebné a maliarske náradie > Rudle a kolieska;rudle-a-kolieska;0;0;1
45627;41826;2;0;1;Náradie a dielňa > Stavebné a maliarske náradie > Sponkovačky a nastreľovačky;sponkovacky-a-nastrelovacky;0;0;1
45690;41826;2;0;1;Náradie a dielňa > Stavebné a maliarske náradie > Upínacie prostriedky;upinacie-prostriedky;0;0;1
47955;41826;2;1;1;Náradie a dielňa > Stavebné a maliarske náradie > Těsnenie do okien a dverí;tesnenie-do-okien-a-dveri;0;0;1
41832;41829;3;1;1;Náradie a dielňa > Stavebné a maliarske náradie > Potrubie > Odhrotování;odhrotovani;0;0;1
44331;41829;3;1;1;Náradie a dielňa > Stavebné a maliarske náradie > Potrubie > Těsnění;tesneni;0;0;1
44646;41829;3;1;1;Náradie a dielňa > Stavebné a maliarske náradie > Potrubie > Řezáky;rezaky;0;0;1
44970;41829;3;1;1;Náradie a dielňa > Stavebné a maliarske náradie > Potrubie > Spájky na rúrky;spajky-na-rurky;0;0;1
45183;41829;3;1;1;Náradie a dielňa > Stavebné a maliarske náradie > Potrubie > Kefy;kefy-3;0;0;1
41838;41835;3;1;1;Náradie a dielňa > Mechanické náradie > Skrutkovače, bity, imbusy > Sady skrutkovačov;sady-skrutkovacov;12;12;0
41991;41835;3;1;1;Náradie a dielňa > Mechanické náradie > Skrutkovače, bity, imbusy > Skrutkovače pre jemnou mechaniku;skrutkovace-pre-jemnou-mechaniku;0;0;1
43968;41835;3;1;1;Náradie a dielňa > Mechanické náradie > Skrutkovače, bity, imbusy > Skrutkovače křížové;skrutkovace-krizove;0;0;1
45507;41835;3;1;1;Náradie a dielňa > Mechanické náradie > Skrutkovače, bity, imbusy > L-klíče;l-klice;0;0;1
45594;41835;3;1;1;Náradie a dielňa > Mechanické náradie > Skrutkovače, bity, imbusy > Skrutkovače úderové;skrutkovace-uderove;0;0;1
48165;41835;3;1;1;Náradie a dielňa > Mechanické náradie > Skrutkovače, bity, imbusy > Skrutkovače elektrikárske;skrutkovace-elektrikarske;0;0;1
41844;41841;2;0;1;Náradie a dielňa > Náradie pre brúsenie, vŕtanie, rezanie a pilovanie > Vrtáky;vrtaky;18;28;0
42270;41841;2;1;1;Náradie a dielňa > Náradie pre brúsenie, vŕtanie, rezanie a pilovanie > Rotačné kefy;rotacne-kefy;0;0;1
43212;41841;2;1;1;Náradie a dielňa > Náradie pre brúsenie, vŕtanie, rezanie a pilovanie > Ostatné;ostatne-3;16;16;0
43575;41841;2;0;1;Náradie a dielňa > Náradie pre brúsenie, vŕtanie, rezanie a pilovanie > Kotúče rezacie, pílové, brúsne;kotuce-rezacie--pilove--brusne;16;44;0
44109;41841;2;1;1;Náradie a dielňa > Náradie pre brúsenie, vŕtanie, rezanie a pilovanie > Drátěné kefy;dratene-kefy;0;0;1
44910;41841;2;1;1;Náradie a dielňa > Náradie pre brúsenie, vŕtanie, rezanie a pilovanie > Pilníky;pilniky;0;0;1
45060;41841;2;0;1;Náradie a dielňa > Náradie pre brúsenie, vŕtanie, rezanie a pilovanie > Brusivo;brusivo;12;43;0
45264;41841;2;0;1;Náradie a dielňa > Náradie pre brúsenie, vŕtanie, rezanie a pilovanie > Píly;pily-3;0;0;1
45336;41841;2;1;1;Náradie a dielňa > Náradie pre brúsenie, vŕtanie, rezanie a pilovanie > Závitníky, príslušenstvo;zavitniky--prislusenstvo;0;0;1
45684;41841;2;0;1;Náradie a dielňa > Náradie pre brúsenie, vŕtanie, rezanie a pilovanie > Nožnice;noznice;0;0;1
41847;41844;3;1;1;Náradie a dielňa > Náradie pre brúsenie, vŕtanie, rezanie a pilovanie > Vrtáky > Vrtáky do dreva;vrtaky-do-dreva;1;1;0
41850;41844;3;1;1;Náradie a dielňa > Náradie pre brúsenie, vŕtanie, rezanie a pilovanie > Vrtáky > Vŕtacie korunky;vrtacie-korunky;0;0;1
41958;41844;3;1;1;Náradie a dielňa > Náradie pre brúsenie, vŕtanie, rezanie a pilovanie > Vrtáky > Sady vrtáků;sady-vrtaku;9;9;0
43236;41844;3;1;1;Náradie a dielňa > Náradie pre brúsenie, vŕtanie, rezanie a pilovanie > Vrtáky > Vrtáky na kov;vrtaky-na-kov;0;0;1
44088;41844;3;1;1;Náradie a dielňa > Náradie pre brúsenie, vŕtanie, rezanie a pilovanie > Vrtáky > Vrtáky do sklá;vrtaky-do-skla;0;0;1
45246;41844;3;1;1;Náradie a dielňa > Náradie pre brúsenie, vŕtanie, rezanie a pilovanie > Vrtáky > Vrtáky do betonu;vrtaky-do-betonu;0;0;1
45633;41844;3;1;1;Náradie a dielňa > Náradie pre brúsenie, vŕtanie, rezanie a pilovanie > Vrtáky > Vykružovací vrtáky;vykruzovaci-vrtaky;0;0;1
41859;41856;3;1;1;Náradie a dielňa > Mechanické náradie > Kladivá, dláta, sekery > Kladivá;kladiva;1;1;0
44901;41856;3;1;1;Náradie a dielňa > Mechanické náradie > Kladivá, dláta, sekery > Paličky;palicky;0;0;1
45243;41856;3;1;1;Náradie a dielňa > Mechanické náradie > Kladivá, dláta, sekery > Sekáče SDS;sekace-sds;0;0;1
45270;41856;3;1;1;Náradie a dielňa > Mechanické náradie > Kladivá, dláta, sekery > Dláta;dlata;0;0;1
48144;41856;3;1;0;Náradie a dielňa > Mechanické náradie > Kladivá, dláta, sekery > Výsečníky;vysecniky;0;0;1
41865;41862;3;1;1;Náradie a dielňa > Stavebné a maliarske náradie > Murárske práce > Pištole na kartuše;pistole-na-kartuse;0;0;1
44097;41862;3;1;1;Náradie a dielňa > Stavebné a maliarske náradie > Murárske práce > Špachtle, stierky;spachtle--stierky;0;0;1
44100;41862;3;1;1;Náradie a dielňa > Stavebné a maliarske náradie > Murárske práce > Hladidlá a stierky;hladidla-a-stierky;0;0;1
44961;41862;3;1;1;Náradie a dielňa > Stavebné a maliarske náradie > Murárske práce > Vedrá;vedra;0;0;1
45399;41862;3;1;1;Náradie a dielňa > Stavebné a maliarske náradie > Murárske práce > Pištole na mont. pěnu;pistole-na-mont--penu;0;0;1
41871;41868;3;1;1;Náradie a dielňa > Stavebné a maliarske náradie > Nástroje > Lepící pásky;lepici-pasky;0;0;1
42516;41868;3;1;1;Náradie a dielňa > Stavebné a maliarske náradie > Nástroje > Lana a murárske křídy;lana-a-murarske-kridy;0;0;1
44904;41868;3;1;1;Náradie a dielňa > Stavebné a maliarske náradie > Nástroje > Dláta, sekáče;dlata--sekace;0;0;1
45252;41868;3;1;1;Náradie a dielňa > Stavebné a maliarske náradie > Nástroje > Páčidlá;pacidla;0;0;1
41880;41877;2;1;1;Auto-moto > Autokozmetika, Chémia > Exterier;exterier;32;32;0
42006;41877;2;1;1;Auto-moto > Autokozmetika, Chémia > Interier;interier-2;34;34;0
42009;41877;2;1;1;Auto-moto > Autokozmetika, Chémia > Rozmrazovače;rozmrazovace;0;0;1
42795;41877;2;1;1;Auto-moto > Autokozmetika, Chémia > Oleje, mazivá;oleje--maziva;0;0;1
42798;41877;2;1;1;Auto-moto > Autokozmetika, Chémia > Renovace;renovace;0;0;1
43431;41877;2;1;1;Auto-moto > Autokozmetika, Chémia > Nanotechnologie;nanotechnologie;10;10;0
43614;41877;2;1;1;Auto-moto > Autokozmetika, Chémia > Umývacie a čistiace pomôcky;umyvacie-a-cistiace-pomocky;25;25;0
43626;41877;2;1;1;Auto-moto > Autokozmetika, Chémia > Aditiva;aditiva;8;8;0
41931;41928;4;1;1;Záhrada > Záhradné doplnky > Pestovanie > Záhradné hnojivá > Krystalická hnojivá;krystalicka-hnojiva;0;0;1
41934;41928;4;1;1;Záhrada > Záhradné doplnky > Pestovanie > Záhradné hnojivá > Tekuté hnojivá;tekute-hnojiva;0;0;1
41937;41928;4;1;1;Záhrada > Záhradné doplnky > Pestovanie > Záhradné hnojivá > Organominerální hnojivá;organomineralni-hnojiva;0;0;1
42903;41928;4;1;1;Záhrada > Záhradné doplnky > Pestovanie > Záhradné hnojivá > Granulovaná hnojivá na záhradu;granulovana-hnojiva-na-zahradu;0;0;1
42930;41928;4;1;1;Záhrada > Záhradné doplnky > Pestovanie > Záhradné hnojivá > Organická hnojivá;organicka-hnojiva;0;0;1
43863;41946;3;1;1;Auto-moto > Vybavenie auta > Autopotahy > Ochrany sedadel;ochrany-sedadel;21;21;0
43947;41946;3;1;1;Auto-moto > Vybavenie auta > Autopotahy > Vyhřívané autopotahy;vyhrivane-autopotahy;16;16;0
45516;41946;3;0;1;Auto-moto > Vybavenie auta > Autopotahy > Univerzálne autopotahy - dvě sedadla;univerzalne-autopotahy-dve-sedadla;0;0;1
45522;41946;3;1;1;Auto-moto > Vybavenie auta > Autopotahy > Opěrky hlavy;operky-hlavy;0;0;1
45534;41946;3;0;1;Auto-moto > Vybavenie auta > Autopotahy > Univerzálne autopotahy - dodávky;univerzalne-autopotahy-dodavky;0;0;1
45597;41946;3;1;1;Auto-moto > Vybavenie auta > Autopotahy > Univerzálne autopotahy;univerzalne-autopotahy;0;0;1
41952;41949;2;1;1;Auto-moto > Kolesá > Pokrievky na kolesá;pokrievky-na-kolesa;15;15;0
42198;41949;2;1;1;Auto-moto > Kolesá > Snehové reťaze;snehove-retaze;16;16;0
44496;41949;2;1;1;Auto-moto > Kolesá > Oprava pneumatik;oprava-pneumatik;8;8;0
44724;41949;2;1;1;Auto-moto > Kolesá > Měřiče tlaku;merice-tlaku;0;0;1
44886;41949;2;1;1;Auto-moto > Kolesá > Kolové skrutky a matice;kolove-skrutky-a-matice;8;8;0
48120;41949;2;1;1;Auto-moto > Kolesá > Obaly na pneumatiky;obaly-na-pneumatiky;12;12;0
41985;41982;3;1;1;Náradie a dielňa > Mechanické náradie > Kľúče > Očkoploché kľúče;ockoploche-kluce;12;12;0
42165;41982;3;1;1;Náradie a dielňa > Mechanické náradie > Kľúče > HEX, IMBUS, TORX;hex--imbus--torx;9;9;0
42228;41982;3;1;1;Náradie a dielňa > Mechanické náradie > Kľúče > Momentové kľúče;momentove-kluce;0;0;1
42273;41982;3;1;1;Náradie a dielňa > Mechanické náradie > Kľúče > Ploché kľúče;ploche-kluce;8;8;0
42276;41982;3;1;1;Náradie a dielňa > Mechanické náradie > Kľúče > Očkové kľúče;ockove-kluce;10;10;0
44580;41982;3;1;1;Náradie a dielňa > Mechanické náradie > Kľúče > Nadstavce;nadstavce;0;0;1
45033;41982;3;1;1;Náradie a dielňa > Mechanické náradie > Kľúče > Nastaviteľné kľúče;nastavitelne-kluce;0;0;1
45570;41982;3;1;1;Náradie a dielňa > Mechanické náradie > Kľúče > Rúrkové kľúče;rurkove-kluce;0;0;1
42039;42036;4;1;1;Auto-moto > Vybavenie auta > Autokoberce > Auto koberce Volkswagen > Crafter;crafter;0;0;1
43434;42036;4;1;1;Auto-moto > Vybavenie auta > Autokoberce > Auto koberce Volkswagen > Amarok;amarok;0;0;1
43635;42036;4;1;1;Auto-moto > Vybavenie auta > Autokoberce > Auto koberce Volkswagen > Polo;polo;0;0;1
43644;42036;4;1;1;Auto-moto > Vybavenie auta > Autokoberce > Auto koberce Volkswagen > Transporter;transporter;0;0;1
42045;42042;4;1;1;Auto-moto > Vybavenie auta > Autokoberce > Auto koberce BMW > X1, X3, X4, X5, X6;x1--x3--x4--x5--x6;0;0;1
42051;42048;4;1;1;Auto-moto > Vybavenie auta > Autokoberce > Auto koberce Mercedes-Benz > Sprinter;sprinter;0;0;1
44469;42048;4;1;1;Auto-moto > Vybavenie auta > Autokoberce > Auto koberce Mercedes-Benz > Třída G;trida-g;0;0;1
45531;42048;4;1;1;Auto-moto > Vybavenie auta > Autokoberce > Auto koberce Mercedes-Benz > Třída C;trida-c;0;0;1
45672;42048;4;1;1;Auto-moto > Vybavenie auta > Autokoberce > Auto koberce Mercedes-Benz > Třída A;trida-a;0;0;1
42057;42054;4;1;1;Auto-moto > Vybavenie auta > Autokoberce > Auto koberce Audi > Audi Q3;audi-q3;0;0;1
42060;42054;4;1;1;Auto-moto > Vybavenie auta > Autokoberce > Auto koberce Audi > Audi Q8;audi-q8;0;0;1
43638;42054;4;1;1;Auto-moto > Vybavenie auta > Autokoberce > Auto koberce Audi > Audi Q2;audi-q2;0;0;1
42066;42063;4;1;1;Auto-moto > Vybavenie auta > Autokoberce > Auto koberce Jeep > Cherokee;cherokee;0;0;1
45618;42063;4;1;1;Auto-moto > Vybavenie auta > Autokoberce > Auto koberce Jeep > Liberty;liberty;0;0;1
42102;42099;2;0;1;Elektroinštalačný materiál > Ventilačné technika > Vzduchovody;vzduchovody;17;99;0
42150;42099;2;0;1;Elektroinštalačný materiál > Ventilačné technika > Domové ventilátory;domove-ventilatory;3;180;0
42405;42099;2;0;1;Elektroinštalačný materiál > Ventilačné technika > Príslušenstvo k ventilátorům;prislusenstvo-k-ventilatorum;9;19;0
42426;42099;2;1;1;Elektroinštalačný materiál > Ventilačné technika > Pre rackové skrine;pre-rackove-skrine;0;0;1
42429;42099;2;1;1;Elektroinštalačný materiál > Ventilačné technika > Pokojové rekuperační jednotky;pokojove-rekuperacni-jednotky;0;0;1
43032;42099;2;0;1;Elektroinštalačný materiál > Ventilačné technika > Revízne dvierka;revizne-dvierka-2;0;58;0
43983;42099;2;0;1;Elektroinštalačný materiál > Ventilačné technika > Gravitační žaluzie a klapky;gravitacni-zaluzie-a-klapky;8;22;0
44019;42099;2;0;1;Elektroinštalačný materiál > Ventilačné technika > Priemyselné ventilátory;priemyselne-ventilatory;2;43;0
44169;42099;2;0;1;Elektroinštalačný materiál > Ventilačné technika > Mřížky;mrizky;25;25;0
44175;42099;2;0;1;Elektroinštalačný materiál > Ventilačné technika > Talířové ventily a difuzéry;talirove-ventily-a-difuzery;0;0;1
44553;42099;2;1;1;Elektroinštalačný materiál > Ventilačné technika > Osoušeče rukou;osousece-rukou;0;0;1
45156;42099;2;0;0;Elektroinštalačný materiál > Ventilačné technika > Krbové ventilátory;krbove-ventilatory;0;0;1
42105;42102;3;1;1;Elektroinštalačný materiál > Ventilačné technika > Vzduchovody > Flexipotrubí kruhové;flexipotrubi-kruhove;0;0;1
42108;42102;3;0;1;Elektroinštalačný materiál > Ventilačné technika > Vzduchovody > Pevné kruhové potrubie - PVC;pevne-kruhove-potrubie-pvc;9;44;0
42132;42102;3;0;1;Elektroinštalačný materiál > Ventilačné technika > Vzduchovody > Pevné ploché potrubie - PVC;pevne-ploche-potrubie-pvc;4;21;0
42909;42102;3;1;1;Elektroinštalačný materiál > Ventilačné technika > Vzduchovody > Kovové potrubie;kovove-potrubie;0;0;1
42912;42102;3;0;1;Elektroinštalačný materiál > Ventilačné technika > Vzduchovody > Ohebné potrubie - ALU;ohebne-potrubie-alu;8;8;0
42915;42102;3;1;1;Elektroinštalačný materiál > Ventilačné technika > Vzduchovody > Príslušenstvo pre vzduchovody;prislusenstvo-pre-vzduchovody;9;9;0
44997;42102;3;1;1;Elektroinštalačný materiál > Ventilačné technika > Vzduchovody > Flexipotrubí ploché;flexipotrubi-ploche;0;0;1
45600;42102;3;1;1;Elektroinštalačný materiál > Ventilačné technika > Vzduchovody > Ohebné potrubie - POLYVENT;ohebne-potrubie-polyvent;0;0;1
42111;42108;4;1;1;Elektroinštalačný materiál > Ventilačné technika > Vzduchovody > Pevné kruhové potrubie - PVC > Príslušenstvo pre pevné kruhové potrubie - PVC;prislusenstvo-pre-pevne-kruhove-potrubie-pvc;35;35;0
42129;42126;2;1;0;Záhrada > Odpudzovače a lapače hmyzu > Odpudzovače a lapače hmyzu;odpudzovace-a-lapace-hmyzu-2;0;0;1
42447;42126;2;1;1;Záhrada > Odpudzovače a lapače hmyzu > Odpudzovače kun a hlodavců;odpudzovace-kun-a-hlodavcu;23;23;0
42747;42126;2;1;1;Záhrada > Odpudzovače a lapače hmyzu > Odpudzovače ptáků;odpudzovace-ptaku;0;0;1
42840;42126;2;1;1;Záhrada > Odpudzovače a lapače hmyzu > Odpudzovače a lapače slimáků;odpudzovace-a-lapace-slimaku;0;0;1
45012;42126;2;1;1;Záhrada > Odpudzovače a lapače hmyzu > Odpudzovače psů, mačiek a zvěře;odpudzovace-psu--maciek-a-zvere;0;0;1
42135;42132;4;1;1;Elektroinštalačný materiál > Ventilačné technika > Vzduchovody > Pevné ploché potrubie - PVC > Príslušenstvo pre pevné ploché potrubie - PVC;prislusenstvo-pre-pevne-ploche-potrubie-pvc;17;17;0
42141;42138;4;0;1;Auto-moto > Garáž, Dielňa, Servis > Špeciálne náradie a prípravky > Podvozek > Heváky a zdviháky;hevaky-a-zdvihaky;41;61;0
43287;42138;4;0;1;Auto-moto > Garáž, Dielňa, Servis > Špeciálne náradie a prípravky > Podvozek > Podstavce;podstavce;11;11;0
43377;42138;4;1;1;Auto-moto > Garáž, Dielňa, Servis > Špeciálne náradie a prípravky > Podvozek > Sťahováky;stahovaky-3;19;19;0
44316;42138;4;1;1;Auto-moto > Garáž, Dielňa, Servis > Špeciálne náradie a prípravky > Podvozek > Ostatné;ostatne-8;0;0;1
42144;42141;5;1;1;Auto-moto > Garáž, Dielňa, Servis > Špeciálne náradie a prípravky > Podvozek > Heváky a zdviháky > Príslušenstvo k heverům;prislusenstvo-k-heverum;20;20;0
44391;42141;5;1;1;Auto-moto > Garáž, Dielňa, Servis > Špeciálne náradie a prípravky > Podvozek > Heváky a zdviháky > Náhradné diely k heverům;nahradne-diely-k-heverum;0;0;1
42153;42150;3;0;1;Elektroinštalačný materiál > Ventilačné technika > Domové ventilátory > Ventilátory podľa typové rady VENTS;ventilatory-podla-typove-rady-vents;28;138;0
43524;42150;3;0;1;Elektroinštalačný materiál > Ventilačné technika > Domové ventilátory > Ventilátory do koupelny/WC - s doběhem (časovač);ventilatory-do-koupelny-wc-s-dobehem--casovac-;11;11;0
43992;42150;3;0;1;Elektroinštalačný materiál > Ventilačné technika > Domové ventilátory > Ventilátory podľa typové rady DOSPEL;ventilatory-podla-typove-rady-dospel;6;14;0
43998;42150;3;0;1;Elektroinštalačný materiál > Ventilačné technika > Domové ventilátory > Ventilátory do koupelny/WC - základní;ventilatory-do-koupelny-wc-zakladni;2;14;0
44010;42150;3;0;1;Elektroinštalačný materiál > Ventilačné technika > Domové ventilátory > Ventilátory do koupelny/WC - do potrubie;ventilatory-do-koupelny-wc-do-potrubie;0;0;1
42156;42153;4;1;1;Elektroinštalačný materiál > Ventilačné technika > Domové ventilátory > Ventilátory podľa typové rady VENTS > Ventilátory - typ VKO;ventilatory-typ-vko;0;0;1
43002;42153;4;1;1;Elektroinštalačný materiál > Ventilačné technika > Domové ventilátory > Ventilátory podľa typové rady VENTS > Ventilátory - typ MA;ventilatory-typ-ma;37;37;0
43005;42153;4;1;1;Elektroinštalačný materiál > Ventilačné technika > Domové ventilátory > Ventilátory podľa typové rady VENTS > Ventilátory - typ M;ventilatory-typ-m;9;9;0
43038;42153;4;1;1;Elektroinštalačný materiál > Ventilačné technika > Domové ventilátory > Ventilátory podľa typové rady VENTS > Ventilátory - typ S;ventilatory-typ-s;26;26;0
43047;42153;4;1;1;Elektroinštalačný materiál > Ventilačné technika > Domové ventilátory > Ventilátory podľa typové rady VENTS > Ventilátory - typ VKO1;ventilatory-typ-vko1;11;11;0
43530;42153;4;1;1;Elektroinštalačný materiál > Ventilačné technika > Domové ventilátory > Ventilátory podľa typové rady VENTS > Ventilátory - typ LD;ventilatory-typ-ld;27;27;0
43980;42153;4;1;1;Elektroinštalačný materiál > Ventilačné technika > Domové ventilátory > Ventilátory podľa typové rady VENTS > Ventilátory - typ QUIET;ventilatory-typ-quiet;0;0;1
45108;42153;4;1;0;Elektroinštalačný materiál > Ventilačné technika > Domové ventilátory > Ventilátory podľa typové rady VENTS > Ventilátory - typ PF;ventilatory-typ-pf;0;0;1
45153;42153;4;1;1;Elektroinštalačný materiál > Ventilačné technika > Domové ventilátory > Ventilátory podľa typové rady VENTS > Ventilátory - typ QUIETLINE;ventilatory-typ-quietline;0;0;1
45201;42153;4;1;1;Elektroinštalačný materiál > Ventilačné technika > Domové ventilátory > Ventilátory podľa typové rady VENTS > Ventilátory - typ CF;ventilatory-typ-cf;0;0;1
45330;42153;4;1;1;Elektroinštalačný materiál > Ventilačné technika > Domové ventilátory > Ventilátory podľa typové rady VENTS > Ventilátory - typ VKOk;ventilatory-typ-vkok;0;0;1
45372;42153;4;1;1;Elektroinštalačný materiál > Ventilačné technika > Domové ventilátory > Ventilátory podľa typové rady VENTS > Ventilátory - typ VN;ventilatory-typ-vn;0;0;1
45438;42153;4;1;1;Elektroinštalačný materiál > Ventilačné technika > Domové ventilátory > Ventilátory podľa typové rady VENTS > Ventilátory - typ VVR;ventilatory-typ-vvr;0;0;1
45753;42153;4;1;1;Elektroinštalačný materiál > Ventilačné technika > Domové ventilátory > Ventilátory podľa typové rady VENTS > Ventilátory - typ MAO1;ventilatory-typ-mao1;0;0;1
42162;42159;3;1;1;Náradie a dielňa > Dielenské vybavenie > Přeprava a skladování > Organizéry;organizery;43;43;0
45645;42159;3;1;1;Náradie a dielňa > Dielenské vybavenie > Přeprava a skladování > Magnetické pořadače a lišty;magneticke-poradace-a-listy;0;0;1
42186;42183;2;1;1;Náradie a dielňa > Drobné náradie a príslušenstvo > Pásky a odvíječe;pasky-a-odvijece;20;20;0
42663;42183;2;1;1;Náradie a dielňa > Drobné náradie a príslušenstvo > Sťahovacie pásky a spony;stahovacie-pasky-a-spony;33;33;0
43749;42183;2;1;1;Náradie a dielňa > Drobné náradie a príslušenstvo > Zámky;zamky;3;3;0
44430;42183;2;1;1;Náradie a dielňa > Drobné náradie a príslušenstvo > Podložky a krúžky;podlozky-a-kruzky;0;0;1
45072;42183;2;1;1;Náradie a dielňa > Drobné náradie a príslušenstvo > Razidlá;razidla;0;0;1
42204;42201;4;0;1;Auto-moto > Garáž, Dielňa, Servis > Špeciálne náradie a prípravky > Motor > Olej;olej;5;17;0
42360;42201;4;1;1;Auto-moto > Garáž, Dielňa, Servis > Špeciálne náradie a prípravky > Motor > Testery;testery;17;17;0
42864;42201;4;0;1;Auto-moto > Garáž, Dielňa, Servis > Špeciálne náradie a prípravky > Motor > Aretace;aretace;45;78;0
42933;42201;4;1;1;Auto-moto > Garáž, Dielňa, Servis > Špeciálne náradie a prípravky > Motor > Kľúče a prípravky;kluce-a-pripravky;32;32;0
43380;42201;4;1;1;Auto-moto > Garáž, Dielňa, Servis > Špeciálne náradie a prípravky > Motor > Prípravky;pripravky;0;0;1
42207;42204;5;1;1;Auto-moto > Garáž, Dielňa, Servis > Špeciálne náradie a prípravky > Motor > Olej > Misky, nádoby a lieviky;misky--nadoby-a-lieviky;12;12;0
43065;42204;5;1;1;Auto-moto > Garáž, Dielňa, Servis > Špeciálne náradie a prípravky > Motor > Olej > Olejové vany;olejove-vany;0;0;1
45027;42204;5;1;1;Auto-moto > Garáž, Dielňa, Servis > Špeciálne náradie a prípravky > Motor > Olej > Olejničky a maznice;olejnicky-a-maznice;0;0;1
42240;42237;3;1;1;Fotovoltaika a energie > Fotovoltaika > Solárne regulátory > Solárne regulátory MPPT;solarne-regulatory-mppt;47;47;0
42921;42237;3;1;1;Fotovoltaika a energie > Fotovoltaika > Solárne regulátory > Solárne regulátory PWM;solarne-regulatory-pwm;11;11;0
44214;42237;3;1;1;Fotovoltaika a energie > Fotovoltaika > Solárne regulátory > Solárne regulátory pre ohrev vody;solarne-regulatory-pre-ohrev-vody;13;13;0
42282;42279;2;0;1;Náradie a dielňa > Pneumatické náradie > Príslušenstvo k pneu náradie;prislusenstvo-k-pneu-naradie;0;0;1
44190;42279;2;1;1;Náradie a dielňa > Pneumatické náradie > Rázové uťahováky;razove-utahovaky;0;0;1
44739;42279;2;0;1;Náradie a dielňa > Pneumatické náradie > Pištole;pistole;0;0;1
42285;42282;3;1;1;Náradie a dielňa > Pneumatické náradie > Príslušenstvo k pneu náradie > Rýchlospojky;rychlospojky;0;0;1
42807;42282;3;1;1;Náradie a dielňa > Pneumatické náradie > Príslušenstvo k pneu náradie > Hadice;hadice;0;0;1
42309;42306;3;1;1;Šport, hračky a voľný čas > Hračky > Plyšové hračky > Plyšáky ostatné;plysaky-ostatne;0;0;1
42327;42324;2;0;1;Elektroinštalačný materiál > Elektromery a spínacie technika > Spínacie hodiny;spinacie-hodiny;0;41;0
42339;42324;2;1;1;Elektroinštalačný materiál > Elektromery a spínacie technika > Schodišťové automaty;schodistove-automaty;0;0;1
42411;42324;2;1;1;Elektroinštalačný materiál > Elektromery a spínacie technika > Časové spínače;casove-spinace;13;13;0
42414;42324;2;1;1;Elektroinštalačný materiál > Elektromery a spínacie technika > Impulzní spínače;impulzni-spinace;0;0;1
42417;42324;2;0;1;Elektroinštalačný materiál > Elektromery a spínacie technika > Elektromery na DIN lištu;elektromery-na-din-listu;0;62;0
42483;42324;2;1;1;Elektroinštalačný materiál > Elektromery a spínacie technika > Pohybová čidlá;pohybova-cidla;22;22;0
42855;42324;2;1;1;Elektroinštalačný materiál > Elektromery a spínacie technika > Laserové senzory pohybu;laserove-senzory-pohybu-2;9;9;0
43152;42324;2;0;1;Elektroinštalačný materiál > Elektromery a spínacie technika > Termostaty;termostaty;8;48;0
43653;42324;2;1;1;Elektroinštalačný materiál > Elektromery a spínacie technika > Zásuvkové elektromery;zasuvkove-elektromery;0;0;1
43656;42324;2;1;1;Elektroinštalačný materiál > Elektromery a spínacie technika > SMART elektromery;smart-elektromery;12;12;0
43956;42324;2;1;1;Elektroinštalačný materiál > Elektromery a spínacie technika > Soumrakové spínače;soumrakove-spinace;8;8;0
43959;42324;2;0;1;Elektroinštalačný materiál > Elektromery a spínacie technika > Počítadla provozních hodin;pocitadla-provoznich-hodin;11;11;0
45219;42324;2;1;1;Elektroinštalačný materiál > Elektromery a spínacie technika > Hladinvé spínače;hladinve-spinace;0;0;1
42330;42327;3;1;1;Elektroinštalačný materiál > Elektromery a spínacie technika > Spínacie hodiny > Časové spínače na DIN;casove-spinace-na-din;22;22;0
42399;42327;3;1;1;Elektroinštalačný materiál > Elektromery a spínacie technika > Spínacie hodiny > Analogové spínacie hodiny;analogove-spinacie-hodiny;11;11;0
43344;42327;3;1;1;Elektroinštalačný materiál > Elektromery a spínacie technika > Spínacie hodiny > Digitálne spínacie hodiny;digitalne-spinacie-hodiny;8;8;0
42336;42333;3;1;1;Elektroinštalačný materiál > Predlžovačky, zásuvky, vidlica > Spínacie zásuvky > Na DIN lištu;na-din-listu;11;11;0
43347;42333;3;1;1;Elektroinštalačný materiál > Predlžovačky, zásuvky, vidlica > Spínacie zásuvky > Do zásuvky;do-zasuvky;13;13;0
43941;42333;3;1;1;Elektroinštalačný materiál > Predlžovačky, zásuvky, vidlica > Spínacie zásuvky > Dálkově ovládané;dalkove-ovladane;9;9;0
44142;42333;3;1;1;Elektroinštalačný materiál > Predlžovačky, zásuvky, vidlica > Spínacie zásuvky > Smart zásuvky;smart-zasuvky;0;0;1
42345;42342;4;1;1;Elektroinštalačný materiál > Inštalačné príslušenstvo > Káblové spojky > Káblové gelové spojky > Káblové gelové spojky PAGURO IP68;kablove-gelove-spojky-paguro-ip68;0;0;1
43107;42342;4;1;1;Elektroinštalačný materiál > Inštalačné príslušenstvo > Káblové spojky > Káblové gelové spojky > Jednosložkové vyplňovací gély;jednoslozkove-vyplnovaci-gely;0;0;1
43317;42342;4;1;1;Elektroinštalačný materiál > Inštalačné príslušenstvo > Káblové spojky > Káblové gelové spojky > Káblové gelové spojky SHARK;kablove-gelove-spojky-shark;12;12;0
43320;42342;4;1;1;Elektroinštalačný materiál > Inštalačné príslušenstvo > Káblové spojky > Káblové gelové spojky > Protahovací gély na káble;protahovaci-gely-na-kable;0;0;1
43326;42342;4;1;1;Elektroinštalačný materiál > Inštalačné príslušenstvo > Káblové spojky > Káblové gelové spojky > Dvousložkové zalévací gély;dvouslozkove-zalevaci-gely;10;10;0
43503;42342;4;1;1;Elektroinštalačný materiál > Inštalačné príslušenstvo > Káblové spojky > Káblové gelové spojky > Káblové gelové spojky EVO IP68;kablove-gelove-spojky-evo-ip68;9;9;0
43677;42342;4;1;1;Elektroinštalačný materiál > Inštalačné príslušenstvo > Káblové spojky > Káblové gelové spojky > Káblové gelové spojky LEDJOY IP68;kablove-gelove-spojky-ledjoy-ip68;0;0;1
43680;42342;4;1;1;Elektroinštalačný materiál > Inštalačné príslušenstvo > Káblové spojky > Káblové gelové spojky > Káblové spojky SHARK IP68;kablove-spojky-shark-ip68;0;0;1
43734;42342;4;1;1;Elektroinštalačný materiál > Inštalačné príslušenstvo > Káblové spojky > Káblové gelové spojky > Ochranné gelové krabičky;ochranne-gelove-krabicky;0;0;1
44895;42342;4;1;1;Elektroinštalačný materiál > Inštalačné príslušenstvo > Káblové spojky > Káblové gelové spojky > Príslušenstvo pre káblové gelové spojky;prislusenstvo-pre-kablove-gelove-spojky;0;0;1
42408;42405;3;1;1;Elektroinštalačný materiál > Ventilačné technika > Príslušenstvo k ventilátorům > Časová, doběhová relé;casova--dobehova-rele;0;0;1
43764;42405;3;1;1;Elektroinštalačný materiál > Ventilačné technika > Príslušenstvo k ventilátorům > Zpětné klapky, filtračné boxy;zpetne-klapky--filtracne-boxy;0;0;1
44898;42405;3;1;1;Elektroinštalačný materiál > Ventilačné technika > Príslušenstvo k ventilátorům > Regulátory otáček, termostaty;regulatory-otacek--termostaty;10;10;0
42420;42417;3;1;1;Elektroinštalačný materiál > Elektromery a spínacie technika > Elektromery na DIN lištu > 1-fázové elektromery;1-fazove-elektromery;22;22;0
43086;42417;3;1;1;Elektroinštalačný materiál > Elektromery a spínacie technika > Elektromery na DIN lištu > 3-fázové elektromery;3-fazove-elektromery;40;40;0
42522;42519;3;1;1;Náradie a dielňa > Mechanické náradie > Nýtování > Nity;nity;8;8;0
45174;42519;3;1;1;Náradie a dielňa > Mechanické náradie > Nýtování > Nitovacie matice;nitovacie-matice;0;0;1
45177;42519;3;1;1;Náradie a dielňa > Mechanické náradie > Nýtování > Nitovacie kliešte;nitovacie-klieste;0;0;1
42528;42525;3;1;1;Náradie a dielňa > Stavebné a maliarske náradie > Pokrývačské práce > Spájky, horáky;spajky--horaky;0;0;1
42534;42531;2;1;1;Záhrada > Sanitárna technika > Sprchové hadice;sprchove-hadice;0;0;1
42537;42531;2;1;1;Záhrada > Sanitárna technika > Sprchové hlavice;sprchove-hlavice;0;0;1
43095;42531;2;1;1;Záhrada > Sanitárna technika > Dávkovače mydlá;davkovace-mydla;0;0;1
43719;42531;2;1;1;Záhrada > Sanitárna technika > Batérie;baterie;11;11;0
44973;42531;2;1;1;Záhrada > Sanitárna technika > Ostatné;ostatne-11;9;9;0
42546;42543;3;1;1;Záhrada > Záhradné stroje > Čerpadlá > Palivová a olejová čerpadlá;palivova-a-olejova-cerpadla;0;0;1
42555;42552;3;1;1;Náradie a dielňa > Mechanické náradie > Kliešte > Kliešte montážne;klieste-montazne;12;12;0
42777;42552;3;1;1;Náradie a dielňa > Mechanické náradie > Kliešte > Kliešte odizolovacie;klieste-odizolovacie;9;9;0
43674;42552;3;1;1;Náradie a dielňa > Mechanické náradie > Kliešte > Kliešte ploché;klieste-ploche;0;0;1
43860;42552;3;1;1;Náradie a dielňa > Mechanické náradie > Kliešte > Kliešte špeciálne;klieste-specialne;0;0;1
44544;42552;3;1;1;Náradie a dielňa > Mechanické náradie > Kliešte > Kliešte lisovací;klieste-lisovaci;0;0;1
44649;42552;3;1;1;Náradie a dielňa > Mechanické náradie > Kliešte > Kliešte konektorové;klieste-konektorove;0;0;1
44700;42552;3;0;1;Náradie a dielňa > Mechanické náradie > Kliešte > Kliešte štiepacie;klieste-stiepacie;0;0;1
44811;42552;3;1;1;Náradie a dielňa > Mechanické náradie > Kliešte > Kliešte kombinované;klieste-kombinovane;0;0;1
45390;42552;3;1;1;Náradie a dielňa > Mechanické náradie > Kliešte > Kliešte seeger;klieste-seeger;0;0;1
45468;42552;3;1;1;Náradie a dielňa > Mechanické náradie > Kliešte > Kliešte SIKO;klieste-siko;0;0;1
45750;42552;3;1;1;Náradie a dielňa > Mechanické náradie > Kliešte > Nožnice na plech;noznice-na-plech-2;0;0;1
42561;42558;3;1;1;Fotovoltaika a energie > Fotovoltaika > Solárne panely > Prenosné a skládací;prenosne-a-skladaci;0;0;1
44388;42558;3;1;1;Fotovoltaika a energie > Fotovoltaika > Solárne panely > Monokrystalické s rámem;monokrystalicke-s-ramem;0;0;1
44841;42558;3;1;0;Fotovoltaika a energie > Fotovoltaika > Solárne panely > Flexibilní solárne panely;flexibilni-solarne-panely;9;9;0
42573;42570;2;0;1;Šport, hračky a voľný čas > Sportovní vybavenie > Raketové športy;raketove-sporty;6;15;0
42870;42570;2;1;1;Šport, hračky a voľný čas > Sportovní vybavenie > Paddleboardy;paddleboardy;42;42;0
42873;42570;2;1;1;Šport, hračky a voľný čas > Sportovní vybavenie > Ostatné športy;ostatne-sporty;11;11;0
43557;42570;2;1;1;Šport, hračky a voľný čas > Sportovní vybavenie > Sportovní okuliare;sportovni-okuliare;0;0;1
43737;42570;2;1;1;Šport, hračky a voľný čas > Sportovní vybavenie > Vodné športy, hračky do vody;vodne-sporty--hracky-do-vody;0;0;1
43758;42570;2;1;1;Šport, hračky a voľný čas > Sportovní vybavenie > Kolobežky;kolobezky;43;43;0
44862;42570;2;1;1;Šport, hračky a voľný čas > Sportovní vybavenie > Hoverboardy;hoverboardy;0;0;1
45099;42570;2;1;1;Šport, hračky a voľný čas > Sportovní vybavenie > Bazény a vířivky;bazeny-a-virivky;0;0;1
48123;42570;2;1;0;Šport, hračky a voľný čas > Sportovní vybavenie > Odražedla;odrazedla;0;0;1
48135;42570;2;1;1;Šport, hračky a voľný čas > Sportovní vybavenie > Odrážadlá;odrazadla;9;9;0
42576;42573;3;1;1;Šport, hračky a voľný čas > Sportovní vybavenie > Raketové športy > Badminton;badminton;0;0;1
44568;42573;3;1;1;Šport, hračky a voľný čas > Sportovní vybavenie > Raketové športy > Stolové tenis;stolove-tenis;9;9;0
42585;42582;3;1;1;Šport, hračky a voľný čas > Posilňovanie a fitness > Činky a príslušenstvo > Činky jednoruční;cinky-jednorucni;51;51;0
42588;42582;3;1;1;Šport, hračky a voľný čas > Posilňovanie a fitness > Činky a príslušenstvo > Činky nastaviteľné;cinky-nastavitelne;28;28;0
43416;42582;3;1;1;Šport, hračky a voľný čas > Posilňovanie a fitness > Činky a príslušenstvo > Kettlebell;kettlebell;21;21;0
44154;42582;3;1;1;Šport, hračky a voľný čas > Posilňovanie a fitness > Činky a príslušenstvo > Činky obouruční, osy;cinky-obourucni--osy;9;9;0
45195;42582;3;1;1;Šport, hračky a voľný čas > Posilňovanie a fitness > Činky a príslušenstvo > Závažia;zavazia;16;16;0
42993;42597;4;1;1;"Elektroinštalačný materiál > Rozvádzačové prvky > Prepojovacie a rozbočovacie svorky > Přístrojové prepojovacie svorky > Tvar konektoru ""jazýček/kolík""";tvar-konektoru--jazycek-kolik;18;18;0
42996;42597;4;1;1;"Elektroinštalačný materiál > Rozvádzačové prvky > Prepojovacie a rozbočovacie svorky > Přístrojové prepojovacie svorky > Tvar konektoru ""vidlička""";tvar-konektoru--vidlicka;0;0;1
42621;42618;4;1;0;Domáce spotrebiče > Malé spotrebiče > Potreby pre domácnosť > Hodiny a budíky > Budíky;budiky;0;0;1
43911;42618;4;1;0;Domáce spotrebiče > Malé spotrebiče > Potreby pre domácnosť > Hodiny a budíky > Hodiny;hodiny;0;0;1
44508;42618;4;1;0;Domáce spotrebiče > Malé spotrebiče > Potreby pre domácnosť > Hodiny a budíky > Časovače, minútky;casovace--minutky;0;0;1
42660;42657;3;1;1;Elektroinštalačný materiál > Inštalačné príslušenstvo > Sťahovacie pásky > Plastové sťahovacie pásky;plastove-stahovacie-pasky;15;15;0
44166;42657;3;1;1;Elektroinštalačný materiál > Inštalačné príslušenstvo > Sťahovacie pásky > Kovové sťahovacie pásky;kovove-stahovacie-pasky;14;14;0
42672;42669;3;1;1;Náradie a dielňa > Dielenské vybavenie > Kufre a organizéry na náradie > Kufre na náradie;kufre-na-naradie;5;5;0
45030;42669;3;1;1;Náradie a dielňa > Dielenské vybavenie > Kufre a organizéry na náradie > Kapsáře na náradie;kapsare-na-naradie;0;0;1
45075;42669;3;1;1;Náradie a dielňa > Dielenské vybavenie > Kufre a organizéry na náradie > Organizéry na náradie;organizery-na-naradie;0;0;1
42756;42753;3;1;1;Bezpečnosť a smart domácnosť > Kamerové systémy > KAMERY 4v1 > 2.0 Mpix. / 2.4 Mpix.;2-0-mpix--2-4-mpix;10;10;0
44409;42753;3;1;1;Bezpečnosť a smart domácnosť > Kamerové systémy > KAMERY 4v1 > 5.0 Mpix.;5-0-mpix-2;0;0;1
44511;42753;3;1;1;Bezpečnosť a smart domácnosť > Kamerové systémy > KAMERY 4v1 > 4.0 Mpix.;4-0-mpix-2;0;0;1
45699;42753;3;1;1;Bezpečnosť a smart domácnosť > Kamerové systémy > KAMERY 4v1 > 8.0 Mpix. (4K);8-0-mpix-4k-2;0;0;1
42804;42801;3;1;1;Náradie a dielňa > Elektronické súčiastky > Priemyselné zdroje > 12v;12v-2;0;0;1
44868;42801;3;1;1;Náradie a dielňa > Elektronické súčiastky > Priemyselné zdroje > 24v;24v-2;0;0;1
42819;42816;3;1;1;Auto-moto > Vybavenie auta > Osviežovače vzduchu > Různé;ruzne;0;0;1
44292;42816;3;1;1;Auto-moto > Vybavenie auta > Osviežovače vzduchu > Vône Mr&Mrs CESARE;vone-mr-mrs-cesare;8;8;0
44307;42816;3;1;1;Auto-moto > Vybavenie auta > Osviežovače vzduchu > Vône CAR CITY;vone-car-city;0;0;1
44310;42816;3;1;1;Auto-moto > Vybavenie auta > Osviežovače vzduchu > Vône FRESH BAG;vone-fresh-bag;10;10;0
44313;42816;3;1;1;Auto-moto > Vybavenie auta > Osviežovače vzduchu > Vône FRESH POINT;vone-fresh-point;0;0;1
44322;42816;3;1;1;Auto-moto > Vybavenie auta > Osviežovače vzduchu > Vône SPEED;vone-speed;8;8;0
44427;42816;3;1;1;Auto-moto > Vybavenie auta > Osviežovače vzduchu > Vône AROMA CAR;vone-aroma-car;0;0;1
44487;42816;3;1;1;Auto-moto > Vybavenie auta > Osviežovače vzduchu > Vône INTENSO;vone-intenso;0;0;1
44493;42816;3;1;1;Auto-moto > Vybavenie auta > Osviežovače vzduchu > Vône CITY;vone-city;0;0;1
45591;42816;3;1;1;Auto-moto > Vybavenie auta > Osviežovače vzduchu > Vône LUCKY TOP;vone-lucky-top;0;0;1
42828;42825;3;1;1;Bezpečnosť a smart domácnosť > Kamerové systémy > IP sieťové videorekordéry (NVR) > 8 kanálů;8-kanalu;0;0;1
43182;42825;3;1;0;Bezpečnosť a smart domácnosť > Kamerové systémy > IP sieťové videorekordéry (NVR) > 64 kanálů;64-kanalu;0;0;1
43707;42825;3;1;1;Bezpečnosť a smart domácnosť > Kamerové systémy > IP sieťové videorekordéry (NVR) > 4 kanály;4-kanaly-2;0;0;1
44838;42825;3;1;1;Bezpečnosť a smart domácnosť > Kamerové systémy > IP sieťové videorekordéry (NVR) > 16 kanálů;16-kanalu;0;0;1
48087;42825;3;1;1;Bezpečnosť a smart domácnosť > Kamerové systémy > IP sieťové videorekordéry (NVR) > 32 kanálů;32-kanalu;0;0;1
42849;42846;2;1;1;Šport, hračky a voľný čas > Mikroskopy > Digitálne fotoaparáty;digitalne-fotoaparaty;0;0;1
44769;42846;2;1;1;Šport, hračky a voľný čas > Mikroskopy > Príslušenstvo;prislusenstvo-16;0;0;1
44772;42846;2;1;1;Šport, hračky a voľný čas > Mikroskopy > LCD displej / PC monitor;lcd-displej-pc-monitor;0;0;1
45729;42846;2;1;1;Šport, hračky a voľný čas > Mikroskopy > Monokulární;monokularni-2;0;0;1
42867;42864;5;1;1;Auto-moto > Garáž, Dielňa, Servis > Špeciálne náradie a prípravky > Motor > Aretace > Alfa Romeo;alfa-romeo;0;0;1
42906;42864;5;1;1;Auto-moto > Garáž, Dielňa, Servis > Špeciálne náradie a prípravky > Motor > Aretace > BMW;bmw;13;13;0
43119;42864;5;1;1;Auto-moto > Garáž, Dielňa, Servis > Špeciálne náradie a prípravky > Motor > Aretace > Volkswagen;volkswagen;0;0;1
43122;42864;5;1;1;Auto-moto > Garáž, Dielňa, Servis > Špeciálne náradie a prípravky > Motor > Aretace > Opel;opel;12;12;0
43125;42864;5;1;1;Auto-moto > Garáž, Dielňa, Servis > Špeciálne náradie a prípravky > Motor > Aretace > Fiat;fiat;0;0;1
43128;42864;5;1;1;Auto-moto > Garáž, Dielňa, Servis > Špeciálne náradie a prípravky > Motor > Aretace > Audi;audi;8;8;0
43131;42864;5;1;1;Auto-moto > Garáž, Dielňa, Servis > Špeciálne náradie a prípravky > Motor > Aretace > Ford;ford;0;0;1
43140;42864;5;1;1;Auto-moto > Garáž, Dielňa, Servis > Špeciálne náradie a prípravky > Motor > Aretace > Chevrolet;chevrolet;0;0;1
43686;42864;5;1;1;Auto-moto > Garáž, Dielňa, Servis > Špeciálne náradie a prípravky > Motor > Aretace > Škoda;skoda;0;0;1
43689;42864;5;1;1;Auto-moto > Garáž, Dielňa, Servis > Špeciálne náradie a prípravky > Motor > Aretace > Seat;seat;0;0;1
44259;42864;5;1;1;Auto-moto > Garáž, Dielňa, Servis > Špeciálne náradie a prípravky > Motor > Aretace > Chrysler;chrysler;0;0;1
44298;42864;5;1;1;Auto-moto > Garáž, Dielňa, Servis > Špeciálne náradie a prípravky > Motor > Aretace > Citroën;citroen;0;0;1
44490;42864;5;1;1;Auto-moto > Garáž, Dielňa, Servis > Špeciálne náradie a prípravky > Motor > Aretace > Lancia;lancia;0;0;1
44709;42864;5;1;1;Auto-moto > Garáž, Dielňa, Servis > Špeciálne náradie a prípravky > Motor > Aretace > Volvo;volvo;0;0;1
45342;42864;5;1;1;Auto-moto > Garáž, Dielňa, Servis > Špeciálne náradie a prípravky > Motor > Aretace > Nissan;nissan;0;0;1
45345;42864;5;1;1;Auto-moto > Garáž, Dielňa, Servis > Špeciálne náradie a prípravky > Motor > Aretace > Land Rover;land-rover;0;0;1
45738;42864;5;1;1;Auto-moto > Garáž, Dielňa, Servis > Špeciálne náradie a prípravky > Motor > Aretace > Renault;renault;0;0;1
42882;42879;2;1;1;Šport, hračky a voľný čas > Zdravotní potreby > Masážne nástroje;masazne-nastroje;19;19;0
44265;42879;2;1;1;Šport, hračky a voľný čas > Zdravotní potreby > Rehabilitační rotopedy;rehabilitacni-rotopedy;0;0;1
44550;42879;2;1;1;Šport, hračky a voľný čas > Zdravotní potreby > Zátěžové deky;zatezove-deky;15;15;0
45555;42879;2;1;1;Šport, hračky a voľný čas > Zdravotní potreby > Detské opatrovateľky (chůvičky);detske-opatrovatelky--chuvicky-2;0;0;1
42888;42885;3;1;1;Elektroinštalačný materiál > Inštalačné príslušenstvo > Káblové příchytky a držiaky > Káblové příchytky;kablove-prichytky;0;0;1
44373;42885;3;1;1;Elektroinštalačný materiál > Inštalačné príslušenstvo > Káblové příchytky a držiaky > Sběrné káblové držiaky;sberne-kablove-drziaky;8;8;0
47970;42885;3;1;0;Elektroinštalačný materiál > Inštalačné príslušenstvo > Káblové příchytky a držiaky > Páskové hmoždinky;paskove-hmozdinky;0;0;1
44523;42894;3;1;1;Elektroinštalačný materiál > Vypínače, zásuvky, krabice > Svorky a svorkovnice > WAGO svorky;wago-svorky;0;0;1
42900;42897;3;1;1;Fotovoltaika a energie > Fotovoltaika > Solárne zostavy > Zostavy pre solárne ohrev vody;zostavy-pre-solarne-ohrev-vody;9;9;0
43062;42897;3;1;1;Fotovoltaika a energie > Fotovoltaika > Solárne zostavy > Zostavy pre ostrovní systémy (OFF-GRID);zostavy-pre-ostrovni-systemy--off-grid-;0;0;1
45105;42912;4;1;1;Elektroinštalačný materiál > Ventilačné technika > Vzduchovody > Ohebné potrubie - ALU > Príslušenstvo pre ohebné potrubie - ALU;prislusenstvo-pre-ohebne-potrubie-alu;0;0;1
42927;42924;2;1;1;Fotovoltaika a energie > Napájacie zdroje > Adaptéry USB;adaptery-usb;17;17;0
43350;42924;2;1;1;Fotovoltaika a energie > Napájacie zdroje > Priemyselné zdroje;priemyselne-zdroje-2;17;17;0
43791;42924;2;1;1;Fotovoltaika a energie > Napájacie zdroje > Adaptéry pulzní;adaptery-pulzni;13;13;0
44076;42924;2;1;1;Fotovoltaika a energie > Napájacie zdroje > Zdroje pre LED pásky;zdroje-pre-led-pasky;0;0;1
45654;42924;2;1;1;Fotovoltaika a energie > Napájacie zdroje > Adaptéry pre notebooky;adaptery-pre-notebooky;0;0;1
47739;42924;2;1;1;Fotovoltaika a energie > Napájacie zdroje > Nabíjačky notebookov;nabijacky-notebookov;0;0;1
47817;42924;2;1;1;Fotovoltaika a energie > Napájacie zdroje > USB adaptéry;usb-adaptery;21;21;0
47832;42924;2;1;1;Fotovoltaika a energie > Napájacie zdroje > Sieťové adaptéry;sietove-adaptery;0;0;1
47841;42924;2;1;1;Fotovoltaika a energie > Napájacie zdroje > Nabíjačky batérií;nabijacky-baterii-2;0;0;1
47910;42924;2;1;1;Fotovoltaika a energie > Napájacie zdroje > Pre mobily a tablety;pre-mobily-a-tablety;0;0;1
47916;42924;2;1;1;Fotovoltaika a energie > Napájacie zdroje > Powerbanky;powerbanky-5;0;0;1
48186;42924;2;1;1;Fotovoltaika a energie > Napájacie zdroje > Adaptéry cestovné;adaptery-cestovne;0;0;1
43020;43017;3;1;1;Náradie a dielňa > Elektronické súčiastky > Poistky, pojistkové držiaky > Autopojistky;autopojistky;25;25;0
45084;43017;3;1;0;Náradie a dielňa > Elektronické súčiastky > Poistky, pojistkové držiaky > Poistky 5x20mm rychlé (F);poistky-5x20mm-rychle--f;25;25;0
45114;43017;3;1;0;Náradie a dielňa > Elektronické súčiastky > Poistky, pojistkové držiaky > Poistky 5x20mm pomalé (T);poistky-5x20mm-pomale--t;15;15;0
45117;43017;3;1;0;Náradie a dielňa > Elektronické súčiastky > Poistky, pojistkové držiaky > Poistky 6x30mm;poistky-6x30mm;10;10;0
45120;43017;3;1;1;Náradie a dielňa > Elektronické súčiastky > Poistky, pojistkové držiaky > Pojistková puzdrá a držiaky;pojistkova-puzdra-a-drziaky;0;0;1
43029;43026;3;1;1;Elektroinštalačný materiál > Montážne skrine a rozvádzače > Revízne dvierka > Plastová revízne dvierka;plastova-revizne-dvierka;19;19;0
44145;43026;3;1;1;Elektroinštalačný materiál > Montážne skrine a rozvádzače > Revízne dvierka > Kovová revízne dvierka;kovova-revizne-dvierka;25;25;0
43035;43032;3;1;1;Elektroinštalačný materiál > Ventilačné technika > Revízne dvierka > Plastová revízne dvierka;plastova-revizne-dvierka-2;33;33;0
44148;43032;3;1;1;Elektroinštalačný materiál > Ventilačné technika > Revízne dvierka > Kovová revízne dvierka;kovova-revizne-dvierka-2;25;25;0
43044;43041;4;1;1;Elektroinštalačný materiál > Rozvádzačové prvky > Prepojovacie a rozbočovacie svorky > Stoupací svorky > Stoupací svorky (stupačkové) kryté;stoupaci-svorky--stupackove--kryte;9;9;0
43683;43041;4;1;1;Elektroinštalačný materiál > Rozvádzačové prvky > Prepojovacie a rozbočovacie svorky > Stoupací svorky > Stoupací svorky (stupačkové) nekryté;stoupaci-svorky--stupackove--nekryte;10;10;0
43080;43077;3;1;1;Elektroinštalačný materiál > Inštalačné príslušenstvo > Rúrky a chráničky > Chráničky (husí krk);chranicky--husi-krk;30;30;0
43203;43077;3;1;1;Elektroinštalačný materiál > Inštalačné príslušenstvo > Rúrky a chráničky > Plastové rúrky;plastove-rurky;0;0;1
43101;43098;3;1;1;Šport, hračky a voľný čas > Hračky > Detské hudební nástroje > Sady;sady;0;0;1
44472;43104;2;1;1;Šport, hračky a voľný čas > Hudební nástroje > Digitálne piana;digitalne-piana;0;0;1
43146;43143;3;1;1;Elektroinštalačný materiál > Vypínače, zásuvky, krabice > Elektroinštalačný krabice > Krabice na povrch;krabice-na-povrch;21;21;0
43311;43143;3;1;1;Elektroinštalačný materiál > Vypínače, zásuvky, krabice > Elektroinštalačný krabice > Krabice zapuštěné (pod omítku);krabice-zapustene--pod-omitku;15;15;0
43314;43143;3;1;1;Elektroinštalačný materiál > Vypínače, zásuvky, krabice > Elektroinštalačný krabice > Krabice do SDK (sádrokartonu);krabice-do-sdk--sadrokartonu;0;0;1
45291;43143;3;1;1;Elektroinštalačný materiál > Vypínače, zásuvky, krabice > Elektroinštalačný krabice > Krabice do zateplených fasád;krabice-do-zateplenych-fasad;0;0;1
43155;43152;3;1;1;Elektroinštalačný materiál > Elektromery a spínacie technika > Termostaty > Příložné;prilozne;0;0;1
43953;43152;3;1;1;Elektroinštalačný materiál > Elektromery a spínacie technika > Termostaty > Zásuvkové;zasuvkove;8;8;0
44517;43152;3;1;1;Elektroinštalačný materiál > Elektromery a spínacie technika > Termostaty > Drátové;dratove;18;18;0
44676;43152;3;1;1;Elektroinštalačný materiál > Elektromery a spínacie technika > Termostaty > Termostatické hlavice;termostaticke-hlavice;0;0;1
44808;43152;3;1;1;Elektroinštalačný materiál > Elektromery a spínacie technika > Termostaty > Bezdrátové;bezdratove;14;14;0
43227;43224;2;1;1;Náradie a dielňa > Kancelária a škola > Trezory;trezory;0;0;1
44043;43224;2;0;1;Náradie a dielňa > Kancelária a škola > Školské potreby;skolske-potreby;1;11;0
45309;43224;2;1;1;Náradie a dielňa > Kancelária a škola > Pokladny;pokladny;0;0;1
45585;43224;2;1;1;Náradie a dielňa > Kancelária a škola > Skartovače;skartovace;0;0;1
45744;43224;2;1;1;Náradie a dielňa > Kancelária a škola > Obalový materiál;obalovy-material;0;0;1
46272;43224;2;0;1;Náradie a dielňa > Kancelária a škola > Tlačiarne štítkov;tlaciarne-stitkov;12;39;0
46767;43224;2;1;1;Náradie a dielňa > Kancelária a škola > Fototlačiarne;fototlaciarne-2;19;19;0
44535;43287;5;1;1;Auto-moto > Garáž, Dielňa, Servis > Špeciálne náradie a prípravky > Podvozek > Podstavce > Príslušenstvo k podstavcům;prislusenstvo-k-podstavcum;0;0;1
43299;43296;3;1;1;Záhrada > Záhradné náradie > Záhradné nožnice > Pákové nožnice;pakove-noznice;0;0;1
44928;43296;3;1;0;Záhrada > Záhradné náradie > Záhradné nožnice > Záhradné nožnice;zahradne-noznice-3;0;0;1
43386;43383;2;0;1;Elektroinštalačný materiál > Komponenty pre svietidlá > Svorky pre průmyslová svietidlá;svorky-pre-prumyslova-svietidla;1;9;0
43395;43383;2;0;1;Elektroinštalačný materiál > Komponenty pre svietidlá > Svítidlové spínače (kolébkové);svitidlove-spinace--kolebkove;9;9;0
43401;43383;2;0;1;Elektroinštalačný materiál > Komponenty pre svietidlá > Objímky;objimky;8;8;0
44367;43383;2;0;1;Elektroinštalačný materiál > Komponenty pre svietidlá > Tlumivky, předřadníky, zapalovače;tlumivky--predradniky--zapalovace;0;0;1
45582;43383;2;1;0;Elektroinštalačný materiál > Komponenty pre svietidlá > LED světelné zdroje;led-svetelne-zdroje;0;0;1
43389;43386;3;0;1;Elektroinštalačný materiál > Komponenty pre svietidlá > Svorky pre průmyslová svietidlá > Svorky - SLK 3;svorky-slk-3;8;8;0
44943;43386;3;1;1;Elektroinštalačný materiál > Komponenty pre svietidlá > Svorky pre průmyslová svietidlá > Svorky - SLK 5;svorky-slk-5;0;0;1
43392;43389;4;1;1;Elektroinštalačný materiál > Komponenty pre svietidlá > Svorky pre průmyslová svietidlá > Svorky - SLK 3 > 3-pólové svorky - SLK 3/3;3-polove-svorky-slk-3-3;0;0;1
44358;43389;4;1;0;Elektroinštalačný materiál > Komponenty pre svietidlá > Svorky pre průmyslová svietidlá > Svorky - SLK 3 > 2-pólové svorky - SLK 3/2;2-polove-svorky-slk-3-2;0;0;1
44361;43389;4;1;1;Elektroinštalačný materiál > Komponenty pre svietidlá > Svorky pre průmyslová svietidlá > Svorky - SLK 3 > 4-pólové svorky - SLK 3/4;4-polove-svorky-slk-3-4;0;0;1
47973;43389;4;1;1;Elektroinštalačný materiál > Komponenty pre svietidlá > Svorky pre průmyslová svietidlá > Svorky - SLK 3 > 5-pólové svorky - SLK 3/5;5-polove-svorky-slk-3-5;0;0;1
43398;43395;3;1;1;Elektroinštalačný materiál > Komponenty pre svietidlá > Svítidlové spínače (kolébkové) > Spínače šňůrové - průchozí;spinace-snurove-pruchozi;0;0;1
43407;43395;3;1;1;Elektroinštalačný materiál > Komponenty pre svietidlá > Svítidlové spínače (kolébkové) > Spínače šňůrové - s flexi kabelem;spinace-snurove-s-flexi-kabelem;0;0;1
44364;43395;3;1;1;Elektroinštalačný materiál > Komponenty pre svietidlá > Svítidlové spínače (kolébkové) > Spínače šňůrové - nožní;spinace-snurove-nozni;0;0;1
43404;43401;3;1;0;Elektroinštalačný materiál > Komponenty pre svietidlá > Objímky > Príslušenstvo k objímkám;prislusenstvo-k-objimkam;0;0;1
47976;43401;3;1;1;Elektroinštalačný materiál > Komponenty pre svietidlá > Objímky > Plastové objímky E14;plastove-objimky-e14;0;0;1
43440;43437;4;1;1;Auto-moto > Vybavenie auta > Autokoberce > Auto koberce Renault > Duster;duster;0;0;1
43617;43437;4;1;1;Auto-moto > Vybavenie auta > Autokoberce > Auto koberce Renault > Symbol;symbol;0;0;1
43446;43443;4;1;1;Auto-moto > Vybavenie auta > Autokoberce > Auto koberce Nissan > Pathfinder;pathfinder;0;0;1
43452;43449;4;1;1;Auto-moto > Vybavenie auta > Autokoberce > Auto koberce Dacia > Dokker;dokker;0;0;1
43458;43455;4;1;1;Auto-moto > Vybavenie auta > Autokoberce > Auto koberce Opel > Zafira;zafira;0;0;1
43479;43476;3;1;1;Elektroinštalačný materiál > Osvetlenie > LED reflektory > Bílé svetlo;bile-svetlo;39;39;0
43485;43476;3;1;1;Elektroinštalačný materiál > Osvetlenie > LED reflektory > Prenosné;prenosne;11;11;0
47646;43476;3;1;1;Elektroinštalačný materiál > Osvetlenie > LED reflektory > Reflektory so senzorom;reflektory-so-senzorom;0;0;1
47676;43476;3;1;1;Elektroinštalačný materiál > Osvetlenie > LED reflektory > Reflektory so stojanom;reflektory-so-stojanom;12;12;0
47730;43476;3;1;1;Elektroinštalačný materiál > Osvetlenie > LED reflektory > Reflektory bez senzora;reflektory-bez-senzora;11;11;0
43515;43512;3;1;0;Auto-moto > Karavany a obytné autá > Nabíjačky batérií > Autonabíjačky;autonabijacky;0;0;1
43527;43524;4;1;1;Elektroinštalačný materiál > Ventilačné technika > Domové ventilátory > Ventilátory do koupelny/WC - s doběhem (časovač) > Pre průměr potrubie 100 mm;pre-prumer-potrubie-100-mm;0;0;1
44007;43524;4;1;1;Elektroinštalačný materiál > Ventilačné technika > Domové ventilátory > Ventilátory do koupelny/WC - s doběhem (časovač) > Pre průměr potrubie 150 mm;pre-prumer-potrubie-150-mm;0;0;1
45498;43524;4;1;1;Elektroinštalačný materiál > Ventilačné technika > Domové ventilátory > Ventilátory do koupelny/WC - s doběhem (časovač) > Pre průměr potrubie 125 mm;pre-prumer-potrubie-125-mm-3;0;0;1
43536;43533;3;1;1;Fotovoltaika a energie > Fotovoltaika > Elektromery > 3 fázové elektromery;3-fazove-elektromery-2;14;14;0
43560;43533;3;1;1;Fotovoltaika a energie > Fotovoltaika > Elektromery > 1 fázové elektromery;1-fazove-elektromery-2;15;15;0
43542;43539;3;1;1;Šport, hračky a voľný čas > Posilňovanie a fitness > Trenažéry > Běžecké pásy;bezecke-pasy;9;9;0
44262;43539;3;1;1;Šport, hračky a voľný čas > Posilňovanie a fitness > Trenažéry > Rotopedy;rotopedy;28;28;0
44685;43539;3;1;1;Šport, hračky a voľný čas > Posilňovanie a fitness > Trenažéry > Spinningová kolesá;spinningova-kolesa;0;0;1
48147;43539;3;1;1;Šport, hračky a voľný čas > Posilňovanie a fitness > Trenažéry > Veslařské trenažéry;veslarske-trenazery;0;0;1
43569;43566;3;1;1;Bezpečnosť a smart domácnosť > Kamerové systémy > HDCVI a 5v1 videorekordéry > 4 kanály;4-kanaly;0;0;1
44967;43566;3;1;1;Bezpečnosť a smart domácnosť > Kamerové systémy > HDCVI a 5v1 videorekordéry > 8 kanálů;8-kanalu-2;0;0;1
45711;43566;3;1;1;Bezpečnosť a smart domácnosť > Kamerové systémy > HDCVI a 5v1 videorekordéry > 16 kanálů;16-kanalu-2;0;0;1
43578;43575;3;1;1;Náradie a dielňa > Náradie pre brúsenie, vŕtanie, rezanie a pilovanie > Kotúče rezacie, pílové, brúsne > Kotúče lamelové na stopce;kotuce-lamelove-na-stopce;0;0;1
43965;43575;3;1;1;Náradie a dielňa > Náradie pre brúsenie, vŕtanie, rezanie a pilovanie > Kotúče rezacie, pílové, brúsne > Kotúče brúsne diamantové;kotuce-brusne-diamantove;0;0;1
44112;43575;3;1;1;Náradie a dielňa > Náradie pre brúsenie, vŕtanie, rezanie a pilovanie > Kotúče rezacie, pílové, brúsne > Kotúče brúsne;kotuce-brusne;0;0;1
44115;43575;3;1;1;Náradie a dielňa > Náradie pre brúsenie, vŕtanie, rezanie a pilovanie > Kotúče rezacie, pílové, brúsne > Kotúče rezacie na kov;kotuce-rezacie-na-kov;17;17;0
44736;43575;3;1;1;Náradie a dielňa > Náradie pre brúsenie, vŕtanie, rezanie a pilovanie > Kotúče rezacie, pílové, brúsne > Kotúče lamelové;kotuce-lamelove;11;11;0
44814;43575;3;1;1;Náradie a dielňa > Náradie pre brúsenie, vŕtanie, rezanie a pilovanie > Kotúče rezacie, pílové, brúsne > Kotúče rezacie diamantové;kotuce-rezacie-diamantove;0;0;1
43623;43620;4;1;1;Auto-moto > Vybavenie auta > Autokoberce > Auto koberce Hyundai > Santa Fe;santa-fe;0;0;1
43722;43620;4;1;1;Auto-moto > Vybavenie auta > Autokoberce > Auto koberce Hyundai > Sonata;sonata;0;0;1
43632;43629;4;1;1;Auto-moto > Vybavenie auta > Autokoberce > Auto koberce Peugeot > Boxer;boxer;0;0;1
43641;43629;4;1;1;Auto-moto > Vybavenie auta > Autokoberce > Auto koberce Peugeot > 408;408;0;0;1
43698;43695;3;1;1;Náradie a dielňa > Stavebné a maliarske náradie > Přeprava > Madla na sklo;madla-na-sklo;0;0;1
43728;43725;2;1;0;Auto-moto > Nosiče bicyklov > Príslušenstvo;prislusenstvo-11;0;0;1
43800;43725;2;1;0;Auto-moto > Nosiče bicyklov > Příčné nosníky;pricne-nosniky;0;0;1
44631;43725;2;1;0;Auto-moto > Nosiče bicyklov > Nosiče na tažné zariadenie;nosice-na-tazne-zariadenie;0;0;1
45189;43725;2;1;0;Auto-moto > Nosiče bicyklov > Střešní nosiče;stresni-nosice;0;0;1
45315;43755;3;1;1;Šport, hračky a voľný čas > Hračky > Zvieratká, farmy > Zvieratká;zvieratka;0;0;1
43773;43770;4;1;1;Domáce spotrebiče > Malé spotrebiče > Potreby pre domácnosť > Doplnky do domácnosti > Ostatné doplnky do domácnosti;ostatne-doplnky-do-domacnosti;14;14;0
44268;43770;4;1;0;Domáce spotrebiče > Malé spotrebiče > Potreby pre domácnosť > Doplnky do domácnosti > Sušiaky na bielizeň;susiaky-na-bielizen-2;0;0;1
45417;43770;4;1;1;Domáce spotrebiče > Malé spotrebiče > Potreby pre domácnosť > Doplnky do domácnosti > Koše na tříděný odpad;kose-na-trideny-odpad;10;10;0
45504;43770;4;1;0;Domáce spotrebiče > Malé spotrebiče > Potreby pre domácnosť > Doplnky do domácnosti > Koše na bielizeň;kose-na-bielizen;0;0;1
43833;43830;3;0;0;Záhrada > Záhradné stroje > Píly > Lišty, reťaze, pilníky;listy--retaze--pilniky;0;0;1
43836;43833;4;1;0;Záhrada > Záhradné stroje > Píly > Lišty, reťaze, pilníky > Lišty;listy;0;0;1
43842;43839;3;1;0;Náradie a dielňa > Elektrické a AKU náradie > Píly > Píly reťazové;pily-retazove;0;0;1
45273;43839;3;1;1;Náradie a dielňa > Elektrické a AKU náradie > Píly > Píly priamočiare;pily-priamociare;0;0;1
43902;43899;3;1;1;Fotovoltaika a energie > Akumulátory a batérie > NiMh nabíjacie akumulátory > Sub-C;sub-c;0;0;1
44532;43899;3;1;1;Fotovoltaika a energie > Akumulátory a batérie > NiMh nabíjacie akumulátory > AA ceruzkové;aa-ceruzkove-2;8;8;0
44883;43899;3;1;1;Fotovoltaika a energie > Akumulátory a batérie > NiMh nabíjacie akumulátory > AAA mikrotužkové;aaa-mikrotuzkove-2;0;0;1
47619;43908;3;1;1;Elektroinštalačný materiál > Osvetlenie > LED pásky > Napájacie zdroje 12V;napajacie-zdroje-12v;14;14;0
47664;43908;3;1;1;Elektroinštalačný materiál > Osvetlenie > LED pásky > LED pásiky;led-pasiky;38;38;0
47769;43908;3;1;1;Elektroinštalačný materiál > Osvetlenie > LED pásky > Príslušenstvo;prislusenstvo-37;23;23;0
43926;43923;4;1;0;Domáce spotrebiče > Malé spotrebiče > Potreby pre domácnosť > Kuchynské pomôcky > Ostatné kuchynské pomôcky;ostatne-kuchynske-pomocky;0;0;1
44283;43923;4;1;0;Domáce spotrebiče > Malé spotrebiče > Potreby pre domácnosť > Kuchynské pomôcky > Lúskačky;luskacky;0;0;1
45216;43923;4;1;0;Domáce spotrebiče > Malé spotrebiče > Potreby pre domácnosť > Kuchynské pomôcky > Teplomery;teplomery-2;0;0;1
45318;43923;4;1;0;Domáce spotrebiče > Malé spotrebiče > Potreby pre domácnosť > Kuchynské pomôcky > Varešky a obracačky;varesky-a-obracacky;0;0;1
43935;43932;3;1;1;Šport, hračky a voľný čas > Hračky > Vonkajšie hračky > Detská ihrisko a doplnky;detska-ihrisko-a-doplnky;0;0;1
48168;43932;3;1;1;Šport, hračky a voľný čas > Hračky > Vonkajšie hračky > Šport;sport-2;0;0;1
43962;43959;3;1;1;Elektroinštalačný materiál > Elektromery a spínacie technika > Počítadla provozních hodin > Počítadla provozních hodin do panelu;pocitadla-provoznich-hodin-do-panelu;0;0;1
44559;43959;3;1;1;Elektroinštalačný materiál > Elektromery a spínacie technika > Počítadla provozních hodin > Počítadla provozních hodin na DIN lištu;pocitadla-provoznich-hodin-na-din-listu;0;0;1
43986;43983;3;1;1;Elektroinštalačný materiál > Ventilačné technika > Gravitační žaluzie a klapky > Gravitační žaluzie bez nadstavce (na omítku);gravitacni-zaluzie-bez-nadstavce--na-omitku;14;14;0
43989;43983;3;1;1;Elektroinštalačný materiál > Ventilačné technika > Gravitační žaluzie a klapky > Gravitační klapky s kruhovým nástavcem;gravitacni-klapky-s-kruhovym-nastavcem;0;0;1
44799;43983;3;1;1;Elektroinštalačný materiál > Ventilačné technika > Gravitační žaluzie a klapky > Gravitační žaluzie s nástavcem (na omítku);gravitacni-zaluzie-s-nastavcem--na-omitku;0;0;1
45444;43983;3;1;1;Elektroinštalačný materiál > Ventilačné technika > Gravitační žaluzie a klapky > Kovová gravitační žaluzie s nástavcem z hliníku;kovova-gravitacni-zaluzie-s-nastavcem-z-hliniku;0;0;1
45450;43983;3;1;1;Elektroinštalačný materiál > Ventilačné technika > Gravitační žaluzie a klapky > Gravitační klapky bez kruhového nadstavce;gravitacni-klapky-bez-kruhoveho-nadstavce;0;0;1
43995;43992;4;1;1;Elektroinštalačný materiál > Ventilačné technika > Domové ventilátory > Ventilátory podľa typové rady DOSPEL > Ventilátory - typ POLO;ventilatory-typ-polo;8;8;0
44004;43992;4;1;1;Elektroinštalačný materiál > Ventilačné technika > Domové ventilátory > Ventilátory podľa typové rady DOSPEL > Ventilátory - typ STYL;ventilatory-typ-styl;0;0;1
44802;43992;4;1;1;Elektroinštalačný materiál > Ventilačné technika > Domové ventilátory > Ventilátory podľa typové rady DOSPEL > Ventilátory - typ EURO;ventilatory-typ-euro;0;0;1
45492;43992;4;1;1;Elektroinštalačný materiál > Ventilačné technika > Domové ventilátory > Ventilátory podľa typové rady DOSPEL > Ventilátory - typ RICO;ventilatory-typ-rico;0;0;1
44001;43998;4;1;1;Elektroinštalačný materiál > Ventilačné technika > Domové ventilátory > Ventilátory do koupelny/WC - základní > Pre průměr potrubie 100 mm;pre-prumer-potrubie-100-mm-2;12;12;0
45453;43998;4;1;1;Elektroinštalačný materiál > Ventilačné technika > Domové ventilátory > Ventilátory do koupelny/WC - základní > Pre průměr potrubie 150 mm;pre-prumer-potrubie-150-mm-3;0;0;1
45495;43998;4;1;1;Elektroinštalačný materiál > Ventilačné technika > Domové ventilátory > Ventilátory do koupelny/WC - základní > Pre průměr potrubie 125 mm;pre-prumer-potrubie-125-mm-2;0;0;1
44013;44010;4;1;1;Elektroinštalačný materiál > Ventilačné technika > Domové ventilátory > Ventilátory do koupelny/WC - do potrubie > Pre průměr potrubie 150 mm;pre-prumer-potrubie-150-mm-2;0;0;1
44016;44010;4;1;1;Elektroinštalačný materiál > Ventilačné technika > Domové ventilátory > Ventilátory do koupelny/WC - do potrubie > Pre průměr potrubie 125 mm;pre-prumer-potrubie-125-mm;0;0;1
44277;44010;4;1;1;Elektroinštalačný materiál > Ventilačné technika > Domové ventilátory > Ventilátory do koupelny/WC - do potrubie > Pre průměr potrubie 100 mm;pre-prumer-potrubie-100-mm-3;0;0;1
44022;44019;3;0;1;Elektroinštalačný materiál > Ventilačné technika > Priemyselné ventilátory > Ventilátory podľa typové rady DOSPEL;ventilatory-podla-typove-rady-dospel-2;0;0;1
44439;44019;3;0;1;Elektroinštalačný materiál > Ventilačné technika > Priemyselné ventilátory > Ventilátory podľa typové rady VENTS;ventilatory-podla-typove-rady-vents-2;24;41;0
44025;44022;4;1;1;Elektroinštalačný materiál > Ventilačné technika > Priemyselné ventilátory > Ventilátory podľa typové rady DOSPEL > Ventilátory - typ TURBO;ventilatory-typ-turbo;0;0;1
44046;44043;3;1;1;Náradie a dielňa > Kancelária a škola > Školské potreby > Malování a kreslení;malovani-a-kresleni;10;10;0
44850;44043;3;0;1;Náradie a dielňa > Kancelária a škola > Školské potreby > Školské batohy, aktovky;skolske-batohy--aktovky;0;0;1
45552;44043;3;1;0;Náradie a dielňa > Kancelária a škola > Školské potreby > Peračníky;peracniky;0;0;1
44052;44049;3;1;1;Šport, hračky a voľný čas > Hračky > Školské pomôcky, tabule > Výtvarné potreby;vytvarne-potreby;11;11;0
44058;44055;3;1;1;Šport, hračky a voľný čas > Hračky > Výtvarné hračky a tvoření > Malování, barvy, šablony;malovani--barvy--sablony;8;8;0
45312;44055;3;1;1;Šport, hračky a voľný čas > Hračky > Výtvarné hračky a tvoření > Detská razítka;detska-razitka;0;0;1
45339;44055;3;1;1;Šport, hračky a voľný čas > Hračky > Výtvarné hračky a tvoření > Kreativní sady;kreativni-sady;0;0;1
44094;44091;3;1;1;Náradie a dielňa > Stavebné a maliarske náradie > Obkladačské práce > Vrtáky;vrtaky-2;0;0;1
44907;44091;3;1;1;Náradie a dielňa > Stavebné a maliarske náradie > Obkladačské práce > Spárování;sparovani;0;0;1
45054;44091;3;1;1;Náradie a dielňa > Stavebné a maliarske náradie > Obkladačské práce > Kříže a klinky;krize-a-klinky;0;0;1
45180;44091;3;1;1;Náradie a dielňa > Stavebné a maliarske náradie > Obkladačské práce > Pomôcky;pomocky;0;0;1
44106;44103;3;1;1;Náradie a dielňa > Stavebné a maliarske náradie > Malířství a natěračství > Kefy;kefy;0;0;1
44133;44103;3;1;1;Náradie a dielňa > Stavebné a maliarske náradie > Malířství a natěračství > Valčeky;valceky;0;0;1
44136;44103;3;1;1;Náradie a dielňa > Stavebné a maliarske náradie > Malířství a natěračství > Ochranné fólie;ochranne-folie;0;0;1
45057;44103;3;1;1;Náradie a dielňa > Stavebné a maliarske náradie > Malířství a natěračství > Škrabky;skrabky;0;0;1
45069;44103;3;1;1;Náradie a dielňa > Stavebné a maliarske náradie > Malířství a natěračství > Vedrá;vedra-2;0;0;1
45249;44103;3;1;1;Náradie a dielňa > Stavebné a maliarske náradie > Malířství a natěračství > Štětky;stetky;8;8;0
44121;44118;3;0;1;Náradie a dielňa > Mechanické náradie > Príslušenstvo ku gola sadám > Nástrčné hlavice;nastrcne-hlavice;3;41;0
44139;44118;3;1;1;Náradie a dielňa > Mechanické náradie > Príslušenstvo ku gola sadám > Adaptéry a príslušenstvo;adaptery-a-prislusenstvo;0;0;1
45483;44118;3;1;1;Náradie a dielňa > Mechanické náradie > Príslušenstvo ku gola sadám > Rázové hlavice;razove-hlavice;0;0;1
45549;44118;3;1;1;Náradie a dielňa > Mechanické náradie > Príslušenstvo ku gola sadám > Sady bitů;sady-bitu;0;0;1
44124;44121;4;1;1;"Náradie a dielňa > Mechanické náradie > Príslušenstvo ku gola sadám > Nástrčné hlavice > 1/4"" nadstavce";1-4--nadstavce;0;0;1
44127;44121;4;1;1;"Náradie a dielňa > Mechanické náradie > Príslušenstvo ku gola sadám > Nástrčné hlavice > 1/2"" nadstavce";1-2--nadstavce;38;38;0
45642;44121;4;1;1;"Náradie a dielňa > Mechanické náradie > Príslušenstvo ku gola sadám > Nástrčné hlavice > 3/8"" bity";3-8--bity;0;0;1
44172;44169;3;1;1;Elektroinštalačný materiál > Ventilačné technika > Mřížky > Mřížka kruhová s nástavcem;mrizka-kruhova-s-nastavcem;0;0;1
44184;44169;3;1;1;Elektroinštalačný materiál > Ventilačné technika > Mřížky > Plastové mřížky do dveří;plastove-mrizky-do-dveri;0;0;1
44790;44169;3;1;1;Elektroinštalačný materiál > Ventilačné technika > Mřížky > Kovové mřížky;kovove-mrizky;0;0;1
44793;44169;3;1;1;Elektroinštalačný materiál > Ventilačné technika > Mřížky > Mřížka sa síťkou s nástavcem;mrizka-sa-sitkou-s-nastavcem;0;0;1
44796;44169;3;1;1;Elektroinštalačný materiál > Ventilačné technika > Mřížky > Mřížka sa síťkou s nástavcem a s regulací;mrizka-sa-sitkou-s-nastavcem-a-s-regulaci;0;0;1
45162;44169;3;1;1;Elektroinštalačný materiál > Ventilačné technika > Mřížky > Mřížka sa síťkou bez nadstavce;mrizka-sa-sitkou-bez-nadstavce;0;0;1
45165;44169;3;1;1;Elektroinštalačný materiál > Ventilačné technika > Mřížky > Mřížka sa síťkou bez nadstavce s regulací;mrizka-sa-sitkou-bez-nadstavce-s-regulaci;0;0;1
45441;44169;3;1;1;Elektroinštalačný materiál > Ventilačné technika > Mřížky > Mřížka kruhová s regulovatelným nástavcem;mrizka-kruhova-s-regulovatelnym-nastavcem;0;0;1
44178;44175;3;1;1;Elektroinštalačný materiál > Ventilačné technika > Talířové ventily a difuzéry > Plastové talířové difuzéry;plastove-talirove-difuzery;0;0;1
44733;44175;3;1;1;Elektroinštalačný materiál > Ventilačné technika > Talířové ventily a difuzéry > Plastové talířové ventily;plastove-talirove-ventily;0;0;1
45447;44175;3;1;1;Elektroinštalačný materiál > Ventilačné technika > Talířové ventily a difuzéry > Kovové talířové ventily;kovove-talirove-ventily;0;0;1
48126;44208;4;1;1;Domáce spotrebiče > Malé spotrebiče > Vzduchotechnika > Ventilátory > Stolové ventilátory;stolove-ventilatory;0;0;1
44304;44301;4;1;1;Auto-moto > Garáž, Dielňa, Servis > Špeciálne náradie a prípravky > Navijaky a zdviháky > Navijaky;navijaky;0;0;1
44640;44301;4;1;1;Auto-moto > Garáž, Dielňa, Servis > Špeciálne náradie a prípravky > Navijaky a zdviháky > Zdviháky a heváky;zdvihaky-a-hevaky;0;0;1
44343;44340;3;1;0;Auto-moto > Karavany a obytné autá > Mobilné TV a SAT antény > Antény pre DVB-T2 príjem;anteny-pre-dvb-t2-prijem;0;0;1
44370;44367;3;1;1;Elektroinštalačný materiál > Komponenty pre svietidlá > Tlumivky, předřadníky, zapalovače > Magnetické předřadníky - tlumivky;magneticke-predradniky-tlumivky;0;0;1
44379;44376;4;1;0;Domáce spotrebiče > Malé spotrebiče > Ostatné spotrebiče > Vysávače > Ručné vysávače;rucne-vysavace;0;0;1
44475;44376;4;1;0;Domáce spotrebiče > Malé spotrebiče > Ostatné spotrebiče > Vysávače > Tyčové vysávače;tycove-vysavace-2;0;0;1
44586;44376;4;1;0;Domáce spotrebiče > Malé spotrebiče > Ostatné spotrebiče > Vysávače > Robotické vysávače;roboticke-vysavace-2;0;0;1
45003;44376;4;1;0;Domáce spotrebiče > Malé spotrebiče > Ostatné spotrebiče > Vysávače > Podlahové vysávače;podlahove-vysavace-2;0;0;1
44442;44439;4;1;0;Elektroinštalačný materiál > Ventilačné technika > Priemyselné ventilátory > Ventilátory podľa typové rady VENTS > Ventilátory - typ OV;ventilatory-typ-ov;9;9;0
44787;44439;4;1;1;Elektroinštalačný materiál > Ventilačné technika > Priemyselné ventilátory > Ventilátory podľa typové rady VENTS > Ventilátory - typ OVK;ventilatory-typ-ovk;0;0;1
45024;44439;4;1;1;Elektroinštalačný materiál > Ventilačné technika > Priemyselné ventilátory > Ventilátory podľa typové rady VENTS > Ventilátory - typ TT pre;ventilatory-typ-tt-pre;8;8;0
45111;44439;4;1;1;Elektroinštalačný materiál > Ventilačné technika > Priemyselné ventilátory > Ventilátory podľa typové rady VENTS > Ventilátory - typ TT;ventilatory-typ-tt;0;0;1
45150;44439;4;1;1;Elektroinštalačný materiál > Ventilačné technika > Priemyselné ventilátory > Ventilátory podľa typové rady VENTS > Ventilátory - typ OVK1;ventilatory-typ-ovk1;0;0;1
45333;44439;4;1;1;Elektroinštalačný materiál > Ventilačné technika > Priemyselné ventilátory > Ventilátory podľa typové rady VENTS > Ventilátory - typ VKOMz;ventilatory-typ-vkomz;0;0;1
45435;44439;4;1;1;Elektroinštalačný materiál > Ventilačné technika > Priemyselné ventilátory > Ventilátory podľa typové rady VENTS > Ventilátory - typ VK EC;ventilatory-typ-vk-ec;0;0;1
45489;44439;4;1;1;Elektroinštalačný materiál > Ventilačné technika > Priemyselné ventilátory > Ventilátory podľa typové rady VENTS > Ventilátory - typ VCN;ventilatory-typ-vcn;0;0;1
45603;44439;4;1;1;Elektroinštalačný materiál > Ventilačné technika > Priemyselné ventilátory > Ventilátory podľa typové rady VENTS > Ventilátory - typ VKMz;ventilatory-typ-vkmz;0;0;1
45606;44439;4;1;1;Elektroinštalačný materiál > Ventilačné technika > Priemyselné ventilátory > Ventilátory podľa typové rady VENTS > Ventilátory - typ VK;ventilatory-typ-vk;0;0;1
45732;44439;4;1;1;Elektroinštalačný materiál > Ventilačné technika > Priemyselné ventilátory > Ventilátory podľa typové rady VENTS > Ventilátory - typ OV1;ventilatory-typ-ov1;0;0;1
44466;44463;4;1;1;Auto-moto > Vybavenie auta > Autokoberce > Auto koberce Kia > Optima;optima;0;0;1
45474;44463;4;1;1;Auto-moto > Vybavenie auta > Autokoberce > Auto koberce Kia > Cerato;cerato;0;0;1
44637;44634;3;1;0;Šport, hračky a voľný čas > Hračky > Vybavenie pokojíčků a školek > Hracie funkční nábytok;hracie-funkcni-nabytok;0;0;1
48459;44634;3;1;1;Šport, hračky a voľný čas > Hračky > Vybavenie pokojíčků a školek > Detský hrací nábytok pre škôlky;detsky-hraci-nabytok-pre-skolky;9;9;0
44703;44700;4;1;1;Náradie a dielňa > Mechanické náradie > Kliešte > Kliešte štiepacie > Kliešte štiepacie boční;klieste-stiepacie-bocni;0;0;1
45387;44700;4;1;1;Náradie a dielňa > Mechanické náradie > Kliešte > Kliešte štiepacie > Kliešte štiepacie čelné;klieste-stiepacie-celne;0;0;1
44718;44715;3;1;0;Náradie a dielňa > Mechanické náradie > Vodo-topo > Horáky;horaky;0;0;1
45288;44715;3;1;1;Náradie a dielňa > Mechanické náradie > Vodo-topo > Rezačky;rezacky;0;0;1
44742;44739;3;1;1;Náradie a dielňa > Pneumatické náradie > Pištole > Foukací pištole;foukaci-pistole;0;0;1
44781;44778;4;1;0;Domáce spotrebiče > Malé spotrebiče > Potreby pre domácnosť > Starostlivosť o telo > Kulmy a sušiče vlasů;kulmy-a-susice-vlasu;0;0;1
44853;44850;4;1;1;Náradie a dielňa > Kancelária a škola > Školské potreby > Školské batohy, aktovky > Školské aktovky;skolske-aktovky;0;0;1
44940;44937;4;1;1;Auto-moto > Garáž, Dielňa, Servis > Špeciálne náradie a prípravky > Exteriér > Oprava karoserie;oprava-karoserie;0;0;1
44955;44952;3;1;0;Náradie a dielňa > Stavebné a maliarske náradie > Sadrokartón > Hoblíky;hobliky;0;0;1
44982;44979;3;1;1;Bezpečnosť a smart domácnosť > Kamerové systémy > Domové videotelefony > Analogové;analogove;0;0;1
45588;44979;3;1;1;Bezpečnosť a smart domácnosť > Kamerové systémy > Domové videotelefony > IP videotelefony;ip-videotelefony;0;0;1
45051;45048;3;1;1;Náradie a dielňa > Elektrické a AKU náradie > Príslušenstvo k vrtačkám > Sklíčidla;sklicidla;0;0;1
45063;45060;3;1;1;Náradie a dielňa > Náradie pre brúsenie, vŕtanie, rezanie a pilovanie > Brusivo > Príslušenstvo;prislusenstvo-17;0;0;1
45066;45060;3;1;1;Náradie a dielňa > Náradie pre brúsenie, vŕtanie, rezanie a pilovanie > Brusivo > Brúsne papiere;brusne-papiere;29;29;0
45297;45060;3;1;1;Náradie a dielňa > Náradie pre brúsenie, vŕtanie, rezanie a pilovanie > Brusivo > Brúsne kotúče;brusne-kotuce;2;2;0
45366;45060;3;1;1;Náradie a dielňa > Náradie pre brúsenie, vŕtanie, rezanie a pilovanie > Brusivo > Brúsne výseky delta;brusne-vyseky-delta;0;0;1
45159;45156;3;1;0;Elektroinštalačný materiál > Ventilačné technika > Krbové ventilátory > Ventilátory KAM;ventilatory-kam;0;0;1
45258;45255;3;1;1;Náradie a dielňa > Stavebné a maliarske náradie > Truhlářské práce > Svěrky;sverky;0;0;1
45267;45264;3;1;1;Náradie a dielňa > Náradie pre brúsenie, vŕtanie, rezanie a pilovanie > Píly > Pílové kotúče na dřevo;pilove-kotuce-na-drevo;0;0;1
45540;45264;3;1;1;Náradie a dielňa > Náradie pre brúsenie, vŕtanie, rezanie a pilovanie > Píly > Píly na dřevo;pily-na-drevo;0;0;1
45543;45264;3;1;1;Náradie a dielňa > Náradie pre brúsenie, vŕtanie, rezanie a pilovanie > Píly > Píly na kov;pily-na-kov;0;0;1
45306;45303;3;1;1;Šport, hračky a voľný čas > Hračky > Puzzle > Puzzle klasické drevené;puzzle-klasicke-drevene;0;0;1
45462;45459;4;1;0;Domáce spotrebiče > Malé spotrebiče > Potreby pre domácnosť > Efekty a dekorácie > Na párty;na-party;0;0;1
45717;45459;4;1;0;Domáce spotrebiče > Malé spotrebiče > Potreby pre domácnosť > Efekty a dekorácie > Do bytu;do-bytu;0;0;1
48156;45459;4;1;1;Domáce spotrebiče > Malé spotrebiče > Potreby pre domácnosť > Efekty a dekorácie > Halloween;halloween;0;0;1
45513;45510;4;1;1;Auto-moto > Vybavenie auta > Autokoberce > Auto koberce Citroën > Jumper;jumper;0;0;1
45519;45516;4;1;1;Auto-moto > Vybavenie auta > Autopotahy > Univerzálne autopotahy - dvě sedadla > Autotrička BAVLNA;autotricka-bavlna;0;0;1
45528;45525;4;1;1;Auto-moto > Vybavenie auta > Autokoberce > Auto koberce Ford > Explorer;explorer;0;0;1
45537;45534;4;1;1;Auto-moto > Vybavenie auta > Autopotahy > Univerzálne autopotahy - dodávky > Autopotahy PRACTICAL dodávka;autopotahy-practical-dodavka;0;0;1
45630;45627;3;1;1;Náradie a dielňa > Stavebné a maliarske náradie > Sponkovačky a nastreľovačky > Spony;spony;0;0;1
45663;45660;4;1;1;Auto-moto > Vybavenie auta > Autokoberce > Auto koberce Volvo > S60;s60;0;0;1
45669;45666;4;1;1;Auto-moto > Vybavenie auta > Autokoberce > Auto koberce Toyota > Land Cruiser;land-cruiser;0;0;1
47979;45666;4;1;1;Auto-moto > Vybavenie auta > Autokoberce > Auto koberce Toyota > Camry;camry;0;0;1
45678;45675;4;1;1;Domáce spotrebiče > Malé spotrebiče > Potreby pre domácnosť > Kuchynské riad > Panvice;panvice-2;0;0;1
45687;45684;3;1;1;Náradie a dielňa > Náradie pre brúsenie, vŕtanie, rezanie a pilovanie > Nožnice > Nožnice na plech;noznice-na-plech;0;0;1
45693;45690;3;1;1;Náradie a dielňa > Stavebné a maliarske náradie > Upínacie prostriedky > Háčiky;haciky;0;0;1
45723;45720;4;1;0;Domáce spotrebiče > Malé spotrebiče > Potreby pre domácnosť > Nože a příbory > Brousky na nože;brousky-na-noze-2;0;0;1
45759;45756;1;0;1;Dróny a RC modely > Načítanie;nacitanie;3;17;0
45768;45756;1;1;1;Dróny a RC modely > Nástroje a meradlá;nastroje-a-meradla;0;0;1
45771;45756;1;0;1;Dróny a RC modely > Príslušenstvo pre drony;prislusenstvo-pre-drony;6;228;0
46383;45756;1;0;1;Dróny a RC modely > Batérie;baterie-2;0;41;0
46608;45756;1;1;1;Dróny a RC modely > Podvodné drony;podvodne-drony;0;0;1
46734;45756;1;1;1;Dróny a RC modely > Náhradné diely;nahradne-diely-4;0;0;1
45762;45759;2;1;1;Dróny a RC modely > Načítanie > Nabíjačky;nabijacky-2;14;14;0
45765;45759;2;1;1;Dróny a RC modely > Načítanie > Napájacie zdroje;napajacie-zdroje-3;0;0;1
46317;45759;2;1;1;Dróny a RC modely > Načítanie > Príslušenstvo;prislusenstvo-21;0;0;1
45774;45771;2;1;1;Dróny a RC modely > Príslušenstvo pre drony > Tašky a kufre;tasky-a-kufre;37;37;0
45912;45771;2;1;1;Dróny a RC modely > Príslušenstvo pre drony > DJI;dji;73;73;0
46068;45771;2;1;1;Dróny a RC modely > Príslušenstvo pre drony > Filtre pre drony;filtre-pre-drony;112;112;0
46167;45771;2;1;1;Dróny a RC modely > Príslušenstvo pre drony > Pristátie;pristatie;0;0;1
45798;45795;2;1;1;Šport, hračky a voľný čas > Outdoor > Ostatné;ostatne-13;0;0;1
45846;45795;2;0;1;Šport, hračky a voľný čas > Outdoor > Svietidlá;svietidla-3;13;101;0
45924;45795;2;0;1;Šport, hračky a voľný čas > Outdoor > Osvetlenie;osvetlenie-5;0;18;0
46650;45795;2;1;0;Šport, hračky a voľný čas > Outdoor > Kempovanie;kempovanie;0;0;1
46698;45795;2;0;1;Šport, hračky a voľný čas > Outdoor > Rybárčenie;rybarcenie;2;31;0
46770;45795;2;1;0;Šport, hračky a voľný čas > Outdoor > Príslušenstvo na kľuky;prislusenstvo-na-kluky;0;0;1
46785;45795;2;1;1;Šport, hračky a voľný čas > Outdoor > Elektrické skútre;elektricke-skutre;0;0;1
46800;45795;2;0;1;Šport, hračky a voľný čas > Outdoor > Batohy;batohy-3;0;0;1
48420;45795;2;1;1;Šport, hračky a voľný čas > Outdoor > Kempingové vybavenie;kempingove-vybavenie;39;39;0
48432;45795;2;1;1;Šport, hračky a voľný čas > Outdoor > Príslušenstvo k bicyklovým kľukám;prislusenstvo-k-bicyklovym-klukam;0;0;1
45822;45819;2;1;1;Bezpečnosť a smart domácnosť > Osvetlenie > LED pásy;led-pasy;14;14;0
45870;45819;2;1;1;Bezpečnosť a smart domácnosť > Osvetlenie > Stolové a nočné lampy;stolove-a-nocne-lampy;15;15;0
45951;45819;2;1;1;Bezpečnosť a smart domácnosť > Osvetlenie > LED žiarovky;led-ziarovky-3;0;0;1
45960;45819;2;1;1;Bezpečnosť a smart domácnosť > Osvetlenie > Stropné svietidlá;stropne-svietidla;22;22;0
46008;45819;2;1;1;Bezpečnosť a smart domácnosť > Osvetlenie > Nábytkové svietidlá;nabytkove-svietidla;11;11;0
46119;45819;2;1;1;Bezpečnosť a smart domácnosť > Osvetlenie > Dekoratívne osvetlenie;dekorativne-osvetlenie-2;0;0;1
46131;45819;2;1;1;Bezpečnosť a smart domácnosť > Osvetlenie > Svietidlá;svietidla-5;0;0;1
46206;45819;2;1;1;Bezpečnosť a smart domácnosť > Osvetlenie > Stojacie lampy;stojacie-lampy;0;0;1
46578;45819;2;1;1;Bezpečnosť a smart domácnosť > Osvetlenie > Iné;ine-3;0;0;1
45828;45825;2;0;1;Bezpečnosť a smart domácnosť > Prvky výkonu > Smart zástrčky;smart-zastrcky;1;62;0
45909;45825;2;1;0;Bezpečnosť a smart domácnosť > Prvky výkonu > Senzory;senzory;0;0;1
46047;45825;2;0;1;Bezpečnosť a smart domácnosť > Prvky výkonu > Smart kúrenie;smart-kurenie;9;38;0
46095;45825;2;1;1;Bezpečnosť a smart domácnosť > Prvky výkonu > Smart zámky;smart-zamky;22;22;0
48381;45825;2;1;1;Bezpečnosť a smart domácnosť > Prvky výkonu > Senzory pre smart domácnosť;senzory-pre-smart-domacnost;84;84;0
45831;45828;3;1;1;Bezpečnosť a smart domácnosť > Prvky výkonu > Smart zástrčky > Zásuvky;zasuvky-3;61;61;0
46563;45828;3;1;1;Bezpečnosť a smart domácnosť > Prvky výkonu > Smart zástrčky > Napájacie lišty;napajacie-listy-2;0;0;1
45849;45846;3;1;1;Šport, hračky a voľný čas > Outdoor > Svietidlá > Ostatné;ostatne-14;41;41;0
45852;45846;3;1;1;Šport, hračky a voľný čas > Outdoor > Svietidlá > Čelovky;celovky-2;47;47;0
45855;45846;3;1;1;Šport, hračky a voľný čas > Outdoor > Svietidlá > Pracovné svetlá;pracovne-svetla;0;0;1
45948;45846;3;1;1;Šport, hračky a voľný čas > Outdoor > Svietidlá > UV svietidlá;uv-svietidla;0;0;1
46716;45846;3;1;1;Šport, hračky a voľný čas > Outdoor > Svietidlá > Svetlá na bicykel;svetla-na-bicykel;0;0;1
45897;45894;2;1;1;Bezpečnosť a smart domácnosť > Riadiace jednotky > Smart ovládače;smart-ovladace;98;98;0
45942;45894;2;1;1;Bezpečnosť a smart domácnosť > Riadiace jednotky > Prepínače;prepinace;66;66;0
45945;45894;2;1;1;Bezpečnosť a smart domácnosť > Riadiace jednotky > Smart centrály;smart-centraly;22;22;0
46089;45894;2;1;1;Bezpečnosť a smart domácnosť > Riadiace jednotky > Ovládacie panely;ovladacie-panely;0;0;1
45927;45924;3;1;1;Šport, hračky a voľný čas > Outdoor > Osvetlenie > Kempingové svetlá;kempingove-svetla;10;10;0
46056;45924;3;1;1;Šport, hračky a voľný čas > Outdoor > Osvetlenie > Vonkajšie svetlá;vonkajsie-svetla;8;8;0
45933;45930;3;1;1;Zdravie a starostlivosť > Chovateľské potreby > Fontány > napájačky;napajacky;14;14;0
45975;45972;2;1;0;Zdravie a starostlivosť > Holiace strojčeky a zastrihávače > Zastrihávače;zastrihavace-2;0;0;1
46104;45972;2;1;0;Zdravie a starostlivosť > Holiace strojčeky a zastrihávače > Holiace strojčeky;holiace-strojceky-2;0;0;1
45990;45987;3;1;1;Zdravie a starostlivosť > Chovateľské potreby > Dávkovače krmiva > misky;misky;14;14;0
46038;46035;2;1;0;Zdravie a starostlivosť > Prístroje na tvár > Kavitačné peelingy;kavitacne-peelingy;0;0;1
46122;46035;2;1;1;Zdravie a starostlivosť > Prístroje na tvár > Masážne prístroje;masazne-pristroje-2;11;11;0
46545;46035;2;1;1;Zdravie a starostlivosť > Prístroje na tvár > Iné;ine;0;0;1
46044;46041;2;1;1;Šport, hračky a voľný čas > Príslušenstvo pre bicykle > Lampy;lampy;10;10;0
46194;46041;2;1;1;Šport, hračky a voľný čas > Príslušenstvo pre bicykle > Cyklotašky;cyklotasky-2;0;0;1
46200;46041;2;1;1;Šport, hračky a voľný čas > Príslušenstvo pre bicykle > Náhradné diely a nástroje;nahradne-diely-a-nastroje;0;0;1
46224;46041;2;1;1;Šport, hračky a voľný čas > Príslušenstvo pre bicykle > Oblečenie;oblecenie;0;0;1
46422;46041;2;1;1;Šport, hračky a voľný čas > Príslušenstvo pre bicykle > Cyklopočítače;cyklopocitace;0;0;1
46425;46041;2;1;1;Šport, hračky a voľný čas > Príslušenstvo pre bicykle > Senzory;senzory-2;0;0;1
46428;46041;2;1;1;Šport, hračky a voľný čas > Príslušenstvo pre bicykle > Rukoväte;rukovate;0;0;1
46431;46041;2;1;1;Šport, hračky a voľný čas > Príslušenstvo pre bicykle > Pumpy;pumpy;18;18;0
46050;46047;3;1;1;Bezpečnosť a smart domácnosť > Prvky výkonu > Smart kúrenie > Termostatické hlavice;termostaticke-hlavice-2;0;0;1
46140;46047;3;1;1;Bezpečnosť a smart domácnosť > Prvky výkonu > Smart kúrenie > Termostaty;termostaty-2;29;29;0
46356;46047;3;0;1;Bezpečnosť a smart domácnosť > Prvky výkonu > Smart kúrenie > Ovládače klimatizácie;ovladace-klimatizacie;0;0;1
48405;46047;3;1;1;Bezpečnosť a smart domácnosť > Prvky výkonu > Smart kúrenie > Ovládače klimatizácie a tepelného čerpadla;ovladace-klimatizacie-a-tepelneho-cerpadla;0;0;1
46083;46080;2;1;0;Zdravie a starostlivosť > Sonické zubné kefky > Sonické zubné kefky;sonicke-zubne-kefky-2;0;0;1
46377;46080;2;1;1;Zdravie a starostlivosť > Sonické zubné kefky > Príslušenstvo;prislusenstvo-23;0;0;1
46146;46143;3;1;1;Šport, hračky a voľný čas > Hračky > Edukatívne > Programovateľní roboti;programovatelni-roboti;13;13;0
46218;46215;3;1;1;Domáce spotrebiče > Malé spotrebiče > Kuchynské príslušenstvo > Ostatné;ostatne-19;0;0;1
46335;46215;3;1;1;Domáce spotrebiče > Malé spotrebiče > Kuchynské príslušenstvo > Na varenie;na-varenie;24;24;0
46236;46233;2;1;1;Auto-moto > Videorekordéry > Príslušenstvo;prislusenstvo-19;0;0;1
46818;46233;2;1;0;Auto-moto > Videorekordéry > Videorekordéry;videorekordery-2;0;0;1
46275;46272;3;1;1;Náradie a dielňa > Kancelária a škola > Tlačiarne štítkov > Štítky;stitky;27;27;0
46521;46272;3;1;0;Náradie a dielňa > Kancelária a škola > Tlačiarne štítkov > Tlačiarne štítkov;tlaciarne-stitkov-2;0;0;1
46284;46281;2;1;1;Auto-moto > Bezdrôtové adaptéry CarPlay > Android Auto;android-auto;31;31;0
46332;46329;2;1;0;Zdravie a starostlivosť > Ústne sprchy > Ústne sprchy;ustne-sprchy-3;0;0;1
46350;46347;1;0;1;Kreatívne technológie > Laserové gravírovacie a rezacie stroje;laserove-gravirovacie-a-rezacie-stroje;0;51;0
46413;46347;1;0;1;Kreatívne technológie > 3D tlač;3d-tlac;5;348;0
46533;46347;1;1;1;Kreatívne technológie > 3D skenery;3d-skenery;31;31;0
46635;46347;1;1;1;Kreatívne technológie > 3D SLAM ručné skenery;3d-slam-rucne-skenery;0;0;1
46686;46347;1;1;0;Kreatívne technológie > Potlač textilu;potlac-textilu;0;0;1
46689;46347;1;1;1;Kreatívne technológie > Metalurgia;metalurgia;0;0;1
46707;46347;1;0;0;Kreatívne technológie > Roboty;roboty;0;0;1
46776;46347;1;1;1;Kreatívne technológie > CNC stroje;cnc-stroje;0;0;1
48426;46347;1;1;1;Kreatívne technológie > Tlačiarne a lisy na potlač textilu;tlaciarne-a-lisy-na-potlac-textilu;61;61;0
46353;46350;2;1;1;Kreatívne technológie > Laserové gravírovacie a rezacie stroje > Zariadenie;zariadenie;33;33;0
46362;46350;2;1;1;Kreatívne technológie > Laserové gravírovacie a rezacie stroje > Príslušenstvo;prislusenstvo-22;18;18;0
46359;46356;4;1;0;Bezpečnosť a smart domácnosť > Prvky výkonu > Smart kúrenie > Ovládače klimatizácie > tepelného čerpadla;tepelneho-cerpadla;0;0;1
46386;46383;2;1;1;Dróny a RC modely > Batérie > Lítiové a NiMH;litiove-a-nimh;41;41;0
46407;46404;2;0;0;Zdravie a starostlivosť > Matka a dieťa > Detská izba;detska-izba;0;0;1
46743;46404;2;1;1;Zdravie a starostlivosť > Matka a dieťa > Kŕmenie dieťaťa;krmenie-dietata;0;0;1
46749;46404;2;0;1;Zdravie a starostlivosť > Matka a dieťa > Odsávačky mlieka a masážne prístroje;odsavacky-mlieka-a-masazne-pristroje;0;0;1
46824;46404;2;0;1;Zdravie a starostlivosť > Matka a dieťa > Elektronické príslušenstvo;elektronicke-prislusenstvo;0;0;1
46410;46407;3;1;0;Zdravie a starostlivosť > Matka a dieťa > Detská izba > Hodinky a budíky;hodinky-a-budiky;0;0;1
46416;46413;2;1;1;Kreatívne technológie > 3D tlač > 3D tlačiarne;3d-tlaciarne;47;47;0
46443;46413;2;1;1;Kreatívne technológie > 3D tlač > Vlákna;vlakna;229;229;0
46446;46413;2;1;1;Kreatívne technológie > 3D tlač > Príslušenstvo pre 3D tlačiarne;prislusenstvo-pre-3d-tlaciarne;53;53;0
46449;46413;2;1;1;Kreatívne technológie > 3D tlač > Živice;zivice;14;14;0
46668;46413;2;1;1;Kreatívne technológie > 3D tlač > Diely;diely;0;0;1
46437;46434;2;1;0;Fotovoltaika a energie > Elektrické stanice > Príslušenstvo;prislusenstvo-24;0;0;1
46830;46434;2;1;0;Fotovoltaika a energie > Elektrické stanice > Elektrické stanice;elektricke-stanice-2;0;0;1
48408;46434;2;1;1;Fotovoltaika a energie > Elektrické stanice > Príslušenstvo k elektrickým staniciam;prislusenstvo-k-elektrickym-staniciam;0;0;1
46509;46506;2;1;0;Zdravie a starostlivosť > Erotika > Vibrátory;vibratory;0;0;1
46614;46611;2;1;0;Fotovoltaika a energie > Fotovoltaické panely > Príslušenstvo;prislusenstvo-26;0;0;1
46683;46611;2;1;0;Fotovoltaika a energie > Fotovoltaické panely > Fotovoltaické panely;fotovoltaicke-panely-2;0;0;1
46692;46611;2;1;0;Fotovoltaika a energie > Fotovoltaické panely > Balkónové systémy;balkonove-systemy;0;0;1
46680;46677;2;1;1;Auto-moto > Umývanie a čistenie > Vysávače do auta;vysavace-do-auta;0;0;1
46701;46698;3;1;1;Šport, hračky a voľný čas > Outdoor > Rybárčenie > Návnada lode;navnada-lode;29;29;0
46704;46698;3;1;1;Šport, hračky a voľný čas > Outdoor > Rybárčenie > Ostatné;ostatne-24;0;0;1
46710;46707;2;0;0;Kreatívne technológie > Roboty > Roboty Humanoidalne;roboty-humanoidalne;0;0;1
46713;46710;3;1;0;Kreatívne technológie > Roboty > Roboty Humanoidalne > Seria R1;seria-r1;0;0;1
48429;46710;3;1;1;Kreatívne technológie > Roboty > Roboty Humanoidalne > Humanoidné roboty séria R1;humanoidne-roboty-seria-r1;0;0;1
46752;46749;3;1;1;Zdravie a starostlivosť > Matka a dieťa > Odsávačky mlieka a masážne prístroje > Odsávačky mlieka;odsavacky-mlieka;0;0;1
46803;46800;3;1;1;Šport, hračky a voľný čas > Outdoor > Batohy > tašky;tasky-2;0;0;1
46827;46824;3;1;1;Zdravie a starostlivosť > Matka a dieťa > Elektronické príslušenstvo > Slúchadlá a reproduktory;sluchadla-a-reproduktory;0;0;1
46842;46839;1;0;1;Profesionálna audio technika > Náradia, Do It Yourself, napájanie, meracia technika;naradia--do-it-yourself--napajanie--meracia-technika;21;85;0
46848;46839;1;0;1;Profesionálna audio technika > Pódium, diskotéka, DJ;podium--diskoteka--dj;28;956;0
46860;46839;1;0;1;Profesionálna audio technika > Káble, konektory a redukcie;kable--konektory-a-redukcie;0;341;0
46884;46839;1;0;1;Profesionálna audio technika > Car audio;car-audio;0;12;0
46914;46839;1;0;1;Profesionálna audio technika > Reproduktory;reproduktory-5;21;243;0
46920;46839;1;0;1;Profesionálna audio technika > Plošné ozvučenie (100V rozhlasové ozvučenie);plosne-ozvucenie--100v-rozhlasove-ozvucenie;110;517;0
46941;46839;1;0;1;Profesionálna audio technika > Tlmočnícke, sprievodcovské a konferenčné systémy;tlmocnicke--sprievodcovske-a-konferencne-systemy;11;67;0
46986;46839;1;1;1;Profesionálna audio technika > Výpredaj;vypredaj;4;4;0
47019;46839;1;0;1;Profesionálna audio technika > Svetlá;svetla-2;0;212;0
47055;46839;1;1;0;Profesionálna audio technika > Špeciálna ponuka + Akciové sety;specialna-ponuka-akciove-sety;0;0;1
47403;46839;1;0;1;Profesionálna audio technika > JTS;jts;0;105;0
47487;46839;1;1;0;Profesionálna audio technika > Multi-room;multi-room;0;0;1
47493;46839;1;1;1;Profesionálna audio technika > ZZIPP;zzipp;0;0;1
47499;46839;1;1;1;Profesionálna audio technika > Nové produkty;nove-produkty;7;7;0
47502;46839;1;0;1;Profesionálna audio technika > BZBGEAR;bzbgear;0;0;1
48099;46839;1;0;1;Profesionálna audio technika > Hudobné nástroje a príslušenstvo;hudobne-nastroje-a-prislusenstvo;11;79;0
48342;46839;1;1;1;Profesionálna audio technika > JTS – mikrofóny a bezdrôtové systémy;jts---mikrofony-a-bezdrotove-systemy;14;14;0
48348;46839;1;1;1;Profesionálna audio technika > Multi-room ozvučenie;multi-room-ozvucenie;8;8;0
46845;46842;2;1;0;Profesionálna audio technika > Náradia, Do It Yourself, napájanie, meracia technika > Skrinky Do It Yourself;skrinky-do-it-yourself;0;0;1
46875;46842;2;1;1;Profesionálna audio technika > Náradia, Do It Yourself, napájanie, meracia technika > Akumulátory, batérie a nabíjačky;akumulatory--baterie-a-nabijacky;13;13;0
46989;46842;2;0;1;Profesionálna audio technika > Náradia, Do It Yourself, napájanie, meracia technika > Meracie prístroje;meracie-pristroje-2;8;16;0
46998;46842;2;1;0;Profesionálna audio technika > Náradia, Do It Yourself, napájanie, meracia technika > Príslušenstvo a iné;prislusenstvo-a-ine;0;0;1
47013;46842;2;1;1;Profesionálna audio technika > Náradia, Do It Yourself, napájanie, meracia technika > Náradie;naradie-2;0;0;1
47121;46842;2;1;1;Profesionálna audio technika > Náradia, Do It Yourself, napájanie, meracia technika > Vysielačky;vysielacky-3;0;0;1
47157;46842;2;1;0;Profesionálna audio technika > Náradia, Do It Yourself, napájanie, meracia technika > Chémia;chemia-4;0;0;1
47166;46842;2;1;1;Profesionálna audio technika > Náradia, Do It Yourself, napájanie, meracia technika > Potenciometre, prepínače a gombíky;potenciometre--prepinace-a-gombiky;9;9;0
47244;46842;2;0;1;Profesionálna audio technika > Náradia, Do It Yourself, napájanie, meracia technika > Spájkovacie stanice;spajkovacie-stanice;0;0;1
47310;46842;2;1;0;Profesionálna audio technika > Náradia, Do It Yourself, napájanie, meracia technika > Napájanie;napajanie-2;0;0;1
48276;46842;2;1;1;Profesionálna audio technika > Náradia, Do It Yourself, napájanie, meracia technika > Stavebnice reproduktorových skríň DIY;stavebnice-reproduktorovych-skrin-diy;16;16;0
48291;46842;2;1;1;Profesionálna audio technika > Náradia, Do It Yourself, napájanie, meracia technika > Ostatné príslušenstvo pre náradie a DIY;ostatne-prislusenstvo-pre-naradie-a-diy;0;0;1
48315;46842;2;1;1;Profesionálna audio technika > Náradia, Do It Yourself, napájanie, meracia technika > Technická chémia;technicka-chemia;0;0;1
48330;46842;2;1;1;Profesionálna audio technika > Náradia, Do It Yourself, napájanie, meracia technika > Napájacie zdroje;napajacie-zdroje-5;10;10;0
46851;46848;2;0;1;Profesionálna audio technika > Pódium, diskotéka, DJ > transportné kufre a racky;transportne-kufre-a-racky;0;44;0
46938;46848;2;1;0;Profesionálna audio technika > Pódium, diskotéka, DJ > Pódiové, DJ príslušenstvo;podiove--dj-prislusenstvo;0;0;1
46959;46848;2;0;1;Profesionálna audio technika > Pódium, diskotéka, DJ > Statívy/držiaky;stativy-drziaky;0;91;0
46965;46848;2;0;1;Profesionálna audio technika > Pódium, diskotéka, DJ > Slúchadlá;sluchadla-4;11;38;0
47001;46848;2;0;1;Profesionálna audio technika > Pódium, diskotéka, DJ > reproduktorové systémy;reproduktorove-systemy;3;104;0
47025;46848;2;1;1;Profesionálna audio technika > Pódium, diskotéka, DJ > Gramofóny;gramofony-3;0;0;1
47034;46848;2;1;1;Profesionálna audio technika > Pódium, diskotéka, DJ > DI boxy a transformátory;di-boxy-a-transformatory;8;8;0
47037;46848;2;0;1;Profesionálna audio technika > Pódium, diskotéka, DJ > mikrofóny;mikrofony-3;53;264;0
47064;46848;2;0;1;Profesionálna audio technika > Pódium, diskotéka, DJ > Príslušenstvo k reproduktorom;prislusenstvo-k-reproduktorom-2;26;26;0
47118;46848;2;1;0;Profesionálna audio technika > Pódium, diskotéka, DJ > Káble a príslušenstvo;kable-a-prislusenstvo;0;0;1
47148;46848;2;1;1;Profesionálna audio technika > Pódium, diskotéka, DJ > Predzosilňovače audio;predzosilnovace-audio;0;0;1
47172;46848;2;1;0;Profesionálna audio technika > Pódium, diskotéka, DJ > Distribútory;distributory;0;0;1
47178;46848;2;1;0;Profesionálna audio technika > Pódium, diskotéka, DJ > ozvučovacie systémy;ozvucovacie-systemy;0;0;1
47202;46848;2;1;1;Profesionálna audio technika > Pódium, diskotéka, DJ > Audio procesory;audio-procesory;79;79;0
47220;46848;2;0;1;Profesionálna audio technika > Pódium, diskotéka, DJ > mixy a powermixy;mixy-a-powermixy;35;59;0
47316;46848;2;0;1;Profesionálna audio technika > Pódium, diskotéka, DJ > zosilňovače;zosilnovace-5;0;72;0
47355;46848;2;1;1;Profesionálna audio technika > Pódium, diskotéka, DJ > Chrániče sluchu;chranice-sluchu-2;0;0;1
47475;46848;2;1;1;Profesionálna audio technika > Pódium, diskotéka, DJ > Audio rekordéry;audio-rekordery;17;17;0
47496;46848;2;1;1;Profesionálna audio technika > Pódium, diskotéka, DJ > Prehrávače CD a MP3;prehravace-cd-a-mp3;0;0;1
48282;46848;2;1;1;Profesionálna audio technika > Pódium, diskotéka, DJ > Príslušenstvo pre pódiové a DJ vybavenie;prislusenstvo-pre-podiove-a-dj-vybavenie;26;26;0
48300;46848;2;1;1;Profesionálna audio technika > Pódium, diskotéka, DJ > Transportné kufre a racky pre audio techniku;transportne-kufre-a-racky-pre-audio-techniku;26;26;0
48306;46848;2;1;1;Profesionálna audio technika > Pódium, diskotéka, DJ > Audio káble a konektory;audio-kable-a-konektory;10;10;0
48318;46848;2;1;1;Profesionálna audio technika > Pódium, diskotéka, DJ > Statívy a držiaky pre reproduktory;stativy-a-drziaky-pre-reproduktory;33;33;0
48321;46848;2;1;1;Profesionálna audio technika > Pódium, diskotéka, DJ > Distribútory audio signálu;distributory-audio-signalu;9;9;0
48324;46848;2;1;1;Profesionálna audio technika > Pódium, diskotéka, DJ > PA ozvučovacie systémy pre pódium a DJ;pa-ozvucovacie-systemy-pre-podium-a-dj;22;22;0
46854;46851;3;0;1;Profesionálna audio technika > Pódium, diskotéka, DJ > transportné kufre a racky > príslušenstvo;prislusenstvo-27;0;27;0
47196;46851;3;1;1;Profesionálna audio technika > Pódium, diskotéka, DJ > transportné kufre a racky > transportné skrine;transportne-skrine;0;0;1
47313;46851;3;1;1;Profesionálna audio technika > Pódium, diskotéka, DJ > transportné kufre a racky > rackové skrine;rackove-skrine;9;9;0
47478;46851;3;1;1;Profesionálna audio technika > Pódium, diskotéka, DJ > transportné kufre a racky > tašky;tasky-3;0;0;1
48297;46851;3;1;1;Profesionálna audio technika > Pódium, diskotéka, DJ > transportné kufre a racky > Príslušenstvo k transportným kufrom a rackom;prislusenstvo-k-transportnym-kufrom-a-rackom;8;8;0
46857;46854;4;1;1;Profesionálna audio technika > Pódium, diskotéka, DJ > transportné kufre a racky > príslušenstvo > ostatné;ostatne-25;27;27;0
47124;46854;4;1;1;Profesionálna audio technika > Pódium, diskotéka, DJ > transportné kufre a racky > príslušenstvo > Kolieska;kolieska;0;0;1
47250;46854;4;1;1;Profesionálna audio technika > Pódium, diskotéka, DJ > transportné kufre a racky > príslušenstvo > rohy a profily;rohy-a-profily;0;0;1
46863;46860;2;0;1;Profesionálna audio technika > Káble, konektory a redukcie > Káble;kable-3;39;164;0
46869;46860;2;0;1;Profesionálna audio technika > Káble, konektory a redukcie > Konektory a redukcie;konektory-a-redukcie;13;124;0
46881;46860;2;1;1;Profesionálna audio technika > Káble, konektory a redukcie > Napájanie;napajanie;11;11;0
47253;46860;2;0;1;Profesionálna audio technika > Káble, konektory a redukcie > Neutrik;neutrik;0;42;0
46866;46863;3;1;1;Profesionálna audio technika > Káble, konektory a redukcie > Káble > reproduktorové na kotúči;reproduktorove-na-kotuci;24;24;0
46878;46863;3;1;1;Profesionálna audio technika > Káble, konektory a redukcie > Káble > napájacie;napajacie;12;12;0
46893;46863;3;1;1;Profesionálna audio technika > Káble, konektory a redukcie > Káble > mikrofónové / audio na kotúči;mikrofonove-audio-na-kotuci;14;14;0
46896;46863;3;1;1;Profesionálna audio technika > Káble, konektory a redukcie > Káble > RCA;rca;9;9;0
46902;46863;3;1;1;Profesionálna audio technika > Káble, konektory a redukcie > Káble > adaptéry;adaptery-3;0;0;1
46905;46863;3;1;1;Profesionálna audio technika > Káble, konektory a redukcie > Káble > 6,3mm;6-3mm-2;12;12;0
46908;46863;3;1;1;Profesionálna audio technika > Káble, konektory a redukcie > Káble > 3.5/2.5mm;3-5-2-5mm;0;0;1
46995;46863;3;1;1;Profesionálna audio technika > Káble, konektory a redukcie > Káble > iné;ine-6;10;10;0
47139;46863;3;1;1;Profesionálna audio technika > Káble, konektory a redukcie > Káble > HDMI, DVI-D, SVHS;hdmi--dvi-d--svhs;0;0;1
47154;46863;3;1;1;Profesionálna audio technika > Káble, konektory a redukcie > Káble > Sieťové;sietove;0;0;1
47199;46863;3;1;1;Profesionálna audio technika > Káble, konektory a redukcie > Káble > XLR;xlr;26;26;0
47238;46863;3;1;1;Profesionálna audio technika > Káble, konektory a redukcie > Káble > reproduktorové;reproduktorove;18;18;0
47385;46863;3;1;1;Profesionálna audio technika > Káble, konektory a redukcie > Káble > BNC;bnc-2;0;0;1
47469;46863;3;1;1;Profesionálna audio technika > Káble, konektory a redukcie > Káble > video na kotúči;video-na-kotuci;0;0;1
47481;46863;3;1;1;Profesionálna audio technika > Káble, konektory a redukcie > Káble > USB;usb;0;0;1
46872;46869;3;1;1;Profesionálna audio technika > Káble, konektory a redukcie > Konektory a redukcie > 6.3mm;6-3mm;31;31;0
46899;46869;3;1;1;Profesionálna audio technika > Káble, konektory a redukcie > Konektory a redukcie > iné;ine-5;0;0;1
46971;46869;3;1;1;Profesionálna audio technika > Káble, konektory a redukcie > Konektory a redukcie > BNC;bnc;0;0;1
47136;46869;3;1;1;Profesionálna audio technika > Káble, konektory a redukcie > Konektory a redukcie > 3.5/2.5mm;3-5-2-5mm-2;8;8;0
47259;46869;3;1;1;Profesionálna audio technika > Káble, konektory a redukcie > Konektory a redukcie > XLR;xlr-2;41;41;0
47265;46869;3;1;1;Profesionálna audio technika > Káble, konektory a redukcie > Konektory a redukcie > RCA;rca-2;23;23;0
47274;46869;3;1;1;Profesionálna audio technika > Káble, konektory a redukcie > Konektory a redukcie > Speakon/Powercon;speakon-powercon;8;8;0
46887;46884;2;0;1;Profesionálna audio technika > Car audio > Káble;kable-4;0;0;1
46911;46884;2;1;0;Profesionálna audio technika > Car audio > Príslušenstvo Car audio;prislusenstvo-car-audio;0;0;1
47010;46884;2;1;1;Profesionálna audio technika > Car audio > Poistky, púzdra, distribútory;poistky--puzdra--distributory;0;0;1
47058;46884;2;0;1;Profesionálna audio technika > Car audio > Reproduktory;reproduktory-7;0;0;1
48279;46884;2;1;1;Profesionálna audio technika > Car audio > Príslušenstvo pre autorádiá a car audio;prislusenstvo-pre-autoradia-a-car-audio;12;12;0
46890;46887;3;1;1;Profesionálna audio technika > Car audio > Káble > signálové;signalove;0;0;1
46917;46914;2;1;1;Profesionálna audio technika > Reproduktory > výškové;vyskove;26;26;0
46974;46914;2;0;1;Profesionálna audio technika > Reproduktory > Príslušenstvo k reproduktorom;prislusenstvo-k-reproduktorom;31;131;0
47214;46914;2;1;1;Profesionálna audio technika > Reproduktory > náhradné cievky;nahradne-cievky;0;0;1
47235;46914;2;1;1;Profesionálna audio technika > Reproduktory > drivery;drivery;0;0;1
47241;46914;2;1;1;Profesionálna audio technika > Reproduktory > stredové;stredove;0;0;1
47343;46914;2;1;1;Profesionálna audio technika > Reproduktory > basové/subwoofery;basove-subwoofery;11;11;0
47346;46914;2;1;1;Profesionálna audio technika > Reproduktory > univerzálne;univerzalne-3;14;14;0
47349;46914;2;1;1;Profesionálna audio technika > Reproduktory > stredo-basové;stredo-basove;27;27;0
47352;46914;2;1;1;Profesionálna audio technika > Reproduktory > širokopásmové;sirokopasmove;13;13;0
47484;46914;2;1;1;Profesionálna audio technika > Reproduktory > Reproduktorové stavebnice;reproduktorove-stavebnice;0;0;1
46923;46920;2;0;1;Profesionálna audio technika > Plošné ozvučenie (100V rozhlasové ozvučenie) > Zosilňovače;zosilnovace-4;2;71;0
46929;46920;2;0;1;Profesionálna audio technika > Plošné ozvučenie (100V rozhlasové ozvučenie) > Reproduktory;reproduktory-6;23;199;0
46935;46920;2;1;1;Profesionálna audio technika > Plošné ozvučenie (100V rozhlasové ozvučenie) > Matrix/mixy audio;matrix-mixy-audio;19;19;0
46956;46920;2;1;1;Profesionálna audio technika > Plošné ozvučenie (100V rozhlasové ozvučenie) > Regulátory hlasitosti;regulatory-hlasitosti;24;24;0
47073;46920;2;0;1;Profesionálna audio technika > Plošné ozvučenie (100V rozhlasové ozvučenie) > Mikrofóny;mikrofony-4;10;18;0
47094;46920;2;0;1;Profesionálna audio technika > Plošné ozvučenie (100V rozhlasové ozvučenie) > Systémy požiarneho a evakuačného rozhlasu;systemy-poziarneho-a-evakuacneho-rozhlasu;5;17;0
47169;46920;2;1;1;Profesionálna audio technika > Plošné ozvučenie (100V rozhlasové ozvučenie) > Bezdrôtové zosilňovacie systémy (Loop);bezdrotove-zosilnovacie-systemy--loop;0;0;1
47289;46920;2;0;1;Profesionálna audio technika > Plošné ozvučenie (100V rozhlasové ozvučenie) > Iné 100V zariadenia;ine-100v-zariadenia;0;0;1
47322;46920;2;1;1;Profesionálna audio technika > Plošné ozvučenie (100V rozhlasové ozvučenie) > Bezdrôtový prenos zvuku;bezdrotovy-prenos-zvuku;0;0;1
47364;46920;2;1;1;Profesionálna audio technika > Plošné ozvučenie (100V rozhlasové ozvučenie) > Megafóny;megafony;0;0;1
47367;46920;2;1;1;Profesionálna audio technika > Plošné ozvučenie (100V rozhlasové ozvučenie) > Transformátory 100V;transformatory-100v;0;0;1
47370;46920;2;1;0;Profesionálna audio technika > Plošné ozvučenie (100V rozhlasové ozvučenie) > Prenosné ozvučovacie systémy;prenosne-ozvucovacie-systemy;0;0;1
47388;46920;2;1;1;Profesionálna audio technika > Plošné ozvučenie (100V rozhlasové ozvučenie) > Zosilňovače hlasu;zosilnovace-hlasu;0;0;1
47394;46920;2;1;0;Profesionálna audio technika > Plošné ozvučenie (100V rozhlasové ozvučenie) > IP ozvučenie;ip-ozvucenie;0;0;1
47466;46920;2;1;1;Profesionálna audio technika > Plošné ozvučenie (100V rozhlasové ozvučenie) > Zdroje zvuku;zdroje-zvuku;8;8;0
47490;46920;2;1;1;Profesionálna audio technika > Plošné ozvučenie (100V rozhlasové ozvučenie) > Bezdrôtové ozvučenie;bezdrotove-ozvucenie;8;8;0
48333;46920;2;1;1;Profesionálna audio technika > Plošné ozvučenie (100V rozhlasové ozvučenie) > Prenosné PA ozvučovacie systémy;prenosne-pa-ozvucovacie-systemy;20;20;0
48336;46920;2;1;1;Profesionálna audio technika > Plošné ozvučenie (100V rozhlasové ozvučenie) > IP reproduktory a ozvučovacie systémy;ip-reproduktory-a-ozvucovacie-systemy;23;23;0
46926;46923;3;1;1;Profesionálna audio technika > Plošné ozvučenie (100V rozhlasové ozvučenie) > Zosilňovače > s malým výkonom;s-malym-vykonom;9;9;0
47031;46923;3;1;1;Profesionálna audio technika > Plošné ozvučenie (100V rozhlasové ozvučenie) > Zosilňovače > príslušenstvo;prislusenstvo-30;10;10;0
47280;46923;3;1;1;Profesionálna audio technika > Plošné ozvučenie (100V rozhlasové ozvučenie) > Zosilňovače > mixážne;mixazne;16;16;0
47283;46923;3;1;1;Profesionálna audio technika > Plošné ozvučenie (100V rozhlasové ozvučenie) > Zosilňovače > zónové;zonove;20;20;0
47295;46923;3;1;1;Profesionálna audio technika > Plošné ozvučenie (100V rozhlasové ozvučenie) > Zosilňovače > koncové;koncove-3;14;14;0
46932;46929;3;1;1;Profesionálna audio technika > Plošné ozvučenie (100V rozhlasové ozvučenie) > Reproduktory > príslušenstvo;prislusenstvo-28;13;13;0
47028;46929;3;1;1;Profesionálna audio technika > Plošné ozvučenie (100V rozhlasové ozvučenie) > Reproduktory > tlakové;tlakove;15;15;0
47088;46929;3;1;1;Profesionálna audio technika > Plošné ozvučenie (100V rozhlasové ozvučenie) > Reproduktory > projektory zvuku 100V;projektory-zvuku-100v;0;0;1
47091;46929;3;1;1;Profesionálna audio technika > Plošné ozvučenie (100V rozhlasové ozvučenie) > Reproduktory > podhľadové 100V;podhladove-100v;31;31;0
47100;46929;3;1;1;Profesionálna audio technika > Plošné ozvučenie (100V rozhlasové ozvučenie) > Reproduktory > závesné;zavesne;8;8;0
47109;46929;3;1;1;Profesionálna audio technika > Plošné ozvučenie (100V rozhlasové ozvučenie) > Reproduktory > nástenné 100V;nastenne-100v;32;32;0
47112;46929;3;1;1;Profesionálna audio technika > Plošné ozvučenie (100V rozhlasové ozvučenie) > Reproduktory > reproduktorové stĺpiky 100V;reproduktorove-stlpiky-100v;17;17;0
47115;46929;3;1;1;Profesionálna audio technika > Plošné ozvučenie (100V rozhlasové ozvučenie) > Reproduktory > nástenné;nastenne;23;23;0
47127;46929;3;1;1;Profesionálna audio technika > Plošné ozvučenie (100V rozhlasové ozvučenie) > Reproduktory > záhradné;zahradne;0;0;1
47151;46929;3;1;1;Profesionálna audio technika > Plošné ozvučenie (100V rozhlasové ozvučenie) > Reproduktory > tlakové 100V;tlakove-100v;18;18;0
47358;46929;3;1;1;Profesionálna audio technika > Plošné ozvučenie (100V rozhlasové ozvučenie) > Reproduktory > podhľadové;podhladove;19;19;0
46944;46941;2;0;1;Profesionálna audio technika > Tlmočnícke, sprievodcovské a konferenčné systémy > Bezdrôtový, sprievodcovský systém;bezdrotovy--sprievodcovsky-system;14;34;0
47391;46941;2;1;1;Profesionálna audio technika > Tlmočnícke, sprievodcovské a konferenčné systémy > Sprievodcovský systém;sprievodcovsky-system;0;0;1
47427;46941;2;1;1;Profesionálna audio technika > Tlmočnícke, sprievodcovské a konferenčné systémy > Konferenčný systém;konferencny-system;22;22;0
47448;46941;2;1;1;Profesionálna audio technika > Tlmočnícke, sprievodcovské a konferenčné systémy > Tlmočnícky systém;tlmocnicky-system;0;0;1
47472;46941;2;1;1;Profesionálna audio technika > Tlmočnícke, sprievodcovské a konferenčné systémy > Rečnícke pulty;recnicke-pulty;0;0;1
46947;46944;3;1;0;Profesionálna audio technika > Tlmočnícke, sprievodcovské a konferenčné systémy > Bezdrôtový, sprievodcovský systém > nabíjačky a príslušenstvo;nabijacky-a-prislusenstvo;0;0;1
46950;46944;3;1;1;Profesionálna audio technika > Tlmočnícke, sprievodcovské a konferenčné systémy > Bezdrôtový, sprievodcovský systém > vysielače;vysielace;11;11;0
46953;46944;3;1;1;Profesionálna audio technika > Tlmočnícke, sprievodcovské a konferenčné systémy > Bezdrôtový, sprievodcovský systém > prijímače;prijimace;0;0;1
48285;46944;3;1;1;Profesionálna audio technika > Tlmočnícke, sprievodcovské a konferenčné systémy > Bezdrôtový, sprievodcovský systém > Nabíjačky a príslušenstvo k sprievodcovským systémom;nabijacky-a-prislusenstvo-k-sprievodcovskym-systemom;9;9;0
46962;46959;3;1;0;Profesionálna audio technika > Pódium, diskotéka, DJ > Statívy/držiaky > príslušenstvo;prislusenstvo-29;0;0;1
47046;46959;3;1;1;Profesionálna audio technika > Pódium, diskotéka, DJ > Statívy/držiaky > mikrofónové stolové;mikrofonove-stolove;10;10;0
47130;46959;3;1;1;Profesionálna audio technika > Pódium, diskotéka, DJ > Statívy/držiaky > mikrofónové husí krk;mikrofonove-husi-krk;0;0;1
47133;46959;3;1;0;Profesionálna audio technika > Pódium, diskotéka, DJ > Statívy/držiaky > hudobných nástrojov a nôt;hudobnych-nastrojov-a-not;0;0;1
47160;46959;3;1;1;Profesionálna audio technika > Pódium, diskotéka, DJ > Statívy/držiaky > reproduktorov;reproduktorov;35;35;0
47163;46959;3;1;1;Profesionálna audio technika > Pódium, diskotéka, DJ > Statívy/držiaky > mikrofónové podlahové;mikrofonove-podlahove;12;12;0
48288;46959;3;1;1;Profesionálna audio technika > Pódium, diskotéka, DJ > Statívy/držiaky > Príslušenstvo k statívom a držiakom;prislusenstvo-k-stativom-a-drziakom;24;24;0
48312;46959;3;1;1;Profesionálna audio technika > Pódium, diskotéka, DJ > Statívy/držiaky > Statívy pre hudobné nástroje a noty;stativy-pre-hudobne-nastroje-a-noty;10;10;0
46968;46965;3;1;1;Profesionálna audio technika > Pódium, diskotéka, DJ > Slúchadlá > s mikrofónom;s-mikrofonom;0;0;1
47106;46965;3;1;1;Profesionálna audio technika > Pódium, diskotéka, DJ > Slúchadlá > na ucho;na-ucho;0;0;1
47205;46965;3;1;1;Profesionálna audio technika > Pódium, diskotéka, DJ > Slúchadlá > náhlavové;nahlavove-2;27;27;0
47208;46965;3;1;1;Profesionálna audio technika > Pódium, diskotéka, DJ > Slúchadlá > špeciálne;specialne-3;0;0;1
47328;46965;3;1;1;Profesionálna audio technika > Pódium, diskotéka, DJ > Slúchadlá > do ucha;do-ucha;0;0;1
46977;46974;3;1;1;Profesionálna audio technika > Reproduktory > Príslušenstvo k reproduktorom > konektory;konektory-4;0;0;1
46980;46974;3;1;1;Profesionálna audio technika > Reproduktory > Príslušenstvo k reproduktorom > terminály;terminaly;18;18;0
46983;46974;3;1;1;Profesionálna audio technika > Reproduktory > Príslušenstvo k reproduktorom > bassreflexy;bassreflexy;0;0;1
47052;46974;3;1;1;Profesionálna audio technika > Reproduktory > Príslušenstvo k reproduktorom > výhybky;vyhybky-2;0;0;1
47142;46974;3;1;1;Profesionálna audio technika > Reproduktory > Príslušenstvo k reproduktorom > nožičky a hroty;nozicky-a-hroty;10;10;0
47181;46974;3;1;1;Profesionálna audio technika > Reproduktory > Príslušenstvo k reproduktorom > kondenzátory;kondenzatory;22;22;0
47184;46974;3;1;1;Profesionálna audio technika > Reproduktory > Príslušenstvo k reproduktorom > transformátory;transformatory;0;0;1
47187;46974;3;1;1;Profesionálna audio technika > Reproduktory > Príslušenstvo k reproduktorom > cievky;cievky;22;22;0
47190;46974;3;1;1;Profesionálna audio technika > Reproduktory > Príslušenstvo k reproduktorom > rezistory;rezistory;20;20;0
47193;46974;3;1;1;Profesionálna audio technika > Reproduktory > Príslušenstvo k reproduktorom > iné;ine-8;8;8;0
47211;46974;3;1;1;Profesionálna audio technika > Reproduktory > Príslušenstvo k reproduktorom > tlmiaci materiál a  pásky;tlmiaci-material-a--pasky;0;0;1
47226;46974;3;1;1;Profesionálna audio technika > Reproduktory > Príslušenstvo k reproduktorom > zvukovody;zvukovody;0;0;1
47325;46974;3;1;1;Profesionálna audio technika > Reproduktory > Príslušenstvo k reproduktorom > zosilňovacie moduly;zosilnovacie-moduly;0;0;1
47331;46974;3;1;1;Profesionálna audio technika > Reproduktory > Príslušenstvo k reproduktorom > ochranné grily;ochranne-grily;0;0;1
46992;46989;3;1;1;Profesionálna audio technika > Náradia, Do It Yourself, napájanie, meracia technika > Meracie prístroje > Meracie káble a konektory;meracie-kable-a-konektory;0;0;1
47016;46989;3;1;1;Profesionálna audio technika > Náradia, Do It Yourself, napájanie, meracia technika > Meracie prístroje > Merače iné, detektory a testery;merace-ine--detektory-a-testery;0;0;1
47049;46989;3;1;1;Profesionálna audio technika > Náradia, Do It Yourself, napájanie, meracia technika > Meracie prístroje > Multimetre;multimetre;0;0;1
47307;46989;3;1;1;Profesionálna audio technika > Náradia, Do It Yourself, napájanie, meracia technika > Meracie prístroje > Merače panelové;merace-panelove;8;8;0
47337;46989;3;1;1;Profesionálna audio technika > Náradia, Do It Yourself, napájanie, meracia technika > Meracie prístroje > Merače úrovne zvuku;merace-urovne-zvuku;0;0;1
47004;47001;3;1;1;Profesionálna audio technika > Pódium, diskotéka, DJ > reproduktorové systémy > subwoofery;subwoofery-3;14;14;0
47007;47001;3;1;1;Profesionálna audio technika > Pódium, diskotéka, DJ > reproduktorové systémy > pasívne;pasivne;22;22;0
47175;47001;3;1;1;Profesionálna audio technika > Pódium, diskotéka, DJ > reproduktorové systémy > príslušenstvo;prislusenstvo-32;34;34;0
47217;47001;3;1;1;Profesionálna audio technika > Pódium, diskotéka, DJ > reproduktorové systémy > aktívne;aktivne;31;31;0
47340;47001;3;1;1;Profesionálna audio technika > Pódium, diskotéka, DJ > reproduktorové systémy > štúdiové;studiove;0;0;1
47022;47019;2;1;0;Profesionálna audio technika > Svetlá > Statívy a príslušenstvo;stativy-a-prislusenstvo;0;0;1
47400;47019;2;0;1;Profesionálna audio technika > Svetlá > Otočné hlavy a skenery;otocne-hlavy-a-skenery;0;36;0
47463;47019;2;0;1;Profesionálna audio technika > Svetlá > Reflektory PAR;reflektory-par;0;10;0
47508;47019;2;1;0;Profesionálna audio technika > Svetlá > Architektonické osvetlenie;architektonicke-osvetlenie;0;0;1
47511;47019;2;1;0;Profesionálna audio technika > Svetlá > Svetelné efekty;svetelne-efekty;0;0;1
47514;47019;2;0;1;Profesionálna audio technika > Svetlá > Špeciálne efekty a náplne;specialne-efekty-a-naplne;7;68;0
47523;47019;2;1;0;Profesionálna audio technika > Svetlá > Ovládače a kontroléry;ovladace-a-kontrolery;0;0;1
47529;47019;2;1;1;Profesionálna audio technika > Svetlá > Kufre a tašky k svetlám;kufre-a-tasky-k-svetlam;0;0;1
47538;47019;2;0;1;Profesionálna audio technika > Svetlá > Lasery;lasery;0;9;0
47544;47019;2;1;1;Profesionálna audio technika > Svetlá > UV svetlá a stroboskopy;uv-svetla-a-stroboskopy;0;0;1
47571;47019;2;1;1;Profesionálna audio technika > Svetlá > Divadelné a profesionálne osvetlenie;divadelne-a-profesionalne-osvetlenie;0;0;1
47577;47019;2;1;1;Profesionálna audio technika > Svetlá > Žiarovky;ziarovky-2;0;0;1
48294;47019;2;1;1;Profesionálna audio technika > Svetlá > Statívy a príslušenstvo pre svetlá;stativy-a-prislusenstvo-pre-svetla;19;19;0
48309;47019;2;1;1;Profesionálna audio technika > Svetlá > Svetlá – ostatné produkty;svetla---ostatne-produkty;31;31;0
48339;47019;2;1;1;Profesionálna audio technika > Svetlá > Otočné hlavy a skenery – ostatné;otocne-hlavy-a-skenery---ostatne;0;0;1
48351;47019;2;1;1;Profesionálna audio technika > Svetlá > Architektonické LED osvetlenie;architektonicke-led-osvetlenie;17;17;0
48354;47019;2;1;1;Profesionálna audio technika > Svetlá > Diskotékové a pódiové svetelné efekty;diskotekove-a-podiove-svetelne-efekty;22;22;0
48357;47019;2;1;1;Profesionálna audio technika > Svetlá > Ovládače a DMX kontroléry svetiel;ovladace-a-dmx-kontrolery-svetiel;0;0;1
47040;47037;3;1;1;Profesionálna audio technika > Pódium, diskotéka, DJ > mikrofóny > dynamické;dynamicke;28;28;0
47043;47037;3;1;1;Profesionálna audio technika > Pódium, diskotéka, DJ > mikrofóny > husí krk;husi-krk;22;22;0
47070;47037;3;1;1;Profesionálna audio technika > Pódium, diskotéka, DJ > mikrofóny > elektretové/veľkomembránové;elektretove-velkomembranove;21;21;0
47079;47037;3;1;1;Profesionálna audio technika > Pódium, diskotéka, DJ > mikrofóny > na stôl;na-stol;8;8;0
47082;47037;3;1;1;Profesionálna audio technika > Pódium, diskotéka, DJ > mikrofóny > pre hudobné nástroje;pre-hudobne-nastroje;15;15;0
47085;47037;3;1;1;Profesionálna audio technika > Pódium, diskotéka, DJ > mikrofóny > kravatové;kravatove;0;0;1
47103;47037;3;1;1;Profesionálna audio technika > Pódium, diskotéka, DJ > mikrofóny > príslušenstvo;prislusenstvo-31;37;37;0
47145;47037;3;1;1;Profesionálna audio technika > Pódium, diskotéka, DJ > mikrofóny > náhlavové;nahlavove;23;23;0
47373;47037;3;0;1;Profesionálna audio technika > Pódium, diskotéka, DJ > mikrofóny > bezdrôtové;bezdrotove;0;57;0
47061;47058;3;1;1;Profesionálna audio technika > Car audio > Reproduktory > výškové;vyskove-2;0;0;1
47067;47064;3;1;0;Profesionálna audio technika > Pódium, diskotéka, DJ > Príslušenstvo k reproduktorom > Iné;ine-7;0;0;1
48303;47064;3;1;1;Profesionálna audio technika > Pódium, diskotéka, DJ > Príslušenstvo k reproduktorom > Ostatné príslušenstvo k reproduktorom;ostatne-prislusenstvo-k-reproduktorom;0;0;1
47076;47073;3;1;1;Profesionálna audio technika > Plošné ozvučenie (100V rozhlasové ozvučenie) > Mikrofóny > PTT;ptt;8;8;0
47286;47073;3;1;1;Profesionálna audio technika > Plošné ozvučenie (100V rozhlasové ozvučenie) > Mikrofóny > zónové;zonove-2;0;0;1
47097;47094;3;1;1;Profesionálna audio technika > Plošné ozvučenie (100V rozhlasové ozvučenie) > Systémy požiarneho a evakuačného rozhlasu > EN54;en54;12;12;0
47301;47094;3;1;1;Profesionálna audio technika > Plošné ozvučenie (100V rozhlasové ozvučenie) > Systémy požiarneho a evakuačného rozhlasu > Mikrofóny;mikrofony-5;0;0;1
47397;47094;3;1;1;Profesionálna audio technika > Plošné ozvučenie (100V rozhlasové ozvučenie) > Systémy požiarneho a evakuačného rozhlasu > systémové kontroléry;systemove-kontrolery;0;0;1
47223;47220;3;1;1;Profesionálna audio technika > Pódium, diskotéka, DJ > mixy a powermixy > audio (MMX-);audio--mmx-;24;24;0
47229;47220;3;1;1;Profesionálna audio technika > Pódium, diskotéka, DJ > mixy a powermixy > dj (MPX-);dj--mpx-;0;0;1
47232;47220;3;1;1;Profesionálna audio technika > Pódium, diskotéka, DJ > mixy a powermixy > Zónové mixy;zonove-mixy;0;0;1
47247;47244;3;1;0;Profesionálna audio technika > Náradia, Do It Yourself, napájanie, meracia technika > Spájkovacie stanice > príslušenstvo;prislusenstvo-33;0;0;1
47334;47244;3;1;0;Profesionálna audio technika > Náradia, Do It Yourself, napájanie, meracia technika > Spájkovacie stanice > Spajkovacie stanice;spajkovacie-stanice-2;0;0;1
48327;47244;3;1;1;Profesionálna audio technika > Náradia, Do It Yourself, napájanie, meracia technika > Spájkovacie stanice > Príslušenstvo k spájkovacím staniciam;prislusenstvo-k-spajkovacim-staniciam;0;0;1
47256;47253;3;1;1;Profesionálna audio technika > Káble, konektory a redukcie > Neutrik > Jack;jack;9;9;0
47262;47253;3;1;1;Profesionálna audio technika > Káble, konektory a redukcie > Neutrik > XLR;xlr-3;21;21;0
47268;47253;3;1;1;Profesionálna audio technika > Káble, konektory a redukcie > Neutrik > Ostatné;ostatne-26;12;12;0
47271;47253;3;1;1;Profesionálna audio technika > Káble, konektory a redukcie > Neutrik > RCA;rca-3;0;0;1
47277;47253;3;1;0;Profesionálna audio technika > Káble, konektory a redukcie > Neutrik > Speakon;speakon;0;0;1
47292;47289;3;1;1;Profesionálna audio technika > Plošné ozvučenie (100V rozhlasové ozvučenie) > Iné 100V zariadenia > monitorujúce zariadenia;monitorujuce-zariadenia;0;0;1
47298;47289;3;1;1;Profesionálna audio technika > Plošné ozvučenie (100V rozhlasové ozvučenie) > Iné 100V zariadenia > núdzové napájanie;nudzove-napajanie;0;0;1
47304;47289;3;1;1;Profesionálna audio technika > Plošné ozvučenie (100V rozhlasové ozvučenie) > Iné 100V zariadenia > eliminátor spätnej väzby;eliminator-spatnej-vazby;0;0;1
47319;47316;3;1;1;Profesionálna audio technika > Pódium, diskotéka, DJ > zosilňovače > stereo;stereo;30;30;0
47361;47316;3;1;1;Profesionálna audio technika > Pódium, diskotéka, DJ > zosilňovače > viackanálové;viackanalove;42;42;0
47376;47373;4;1;1;Profesionálna audio technika > Pódium, diskotéka, DJ > mikrofóny > bezdrôtové > frekvencie povolené v SR;frekvencie-povolene-v-sr;12;12;0
47379;47373;4;1;1;Profesionálna audio technika > Pódium, diskotéka, DJ > mikrofóny > bezdrôtové > Príslušenstvo k bezdrôtovým mikrofónom;prislusenstvo-k-bezdrotovym-mikrofonom;14;14;0
47382;47373;4;1;1;Profesionálna audio technika > Pódium, diskotéka, DJ > mikrofóny > bezdrôtové > frekvencie vyžadujúce povolenie na prevádzku v SR;frekvencie-vyzadujuce-povolenie-na-prevadzku-v-sr;31;31;0
47526;47400;3;1;1;Profesionálna audio technika > Svetlá > Otočné hlavy a skenery > Skenery;skenery;0;0;1
47553;47400;3;1;1;Profesionálna audio technika > Svetlá > Otočné hlavy a skenery > Moving Heads Beam;moving-heads-beam;13;13;0
47556;47400;3;1;1;Profesionálna audio technika > Svetlá > Otočné hlavy a skenery > Moving Heads Spot;moving-heads-spot;12;12;0
47562;47400;3;1;0;Profesionálna audio technika > Svetlá > Otočné hlavy a skenery > Moving Heads Wash;moving-heads-wash;0;0;1
48366;47400;3;1;1;Profesionálna audio technika > Svetlá > Otočné hlavy a skenery > Moving Heads Wash (pohyblivé hlavy);moving-heads-wash--pohyblive-hlavy;11;11;0
47406;47403;2;0;1;Profesionálna audio technika > JTS > Mikrofóny a bezdrôtové systémy;mikrofony-a-bezdrotove-systemy;11;56;0
47415;47403;2;0;1;Profesionálna audio technika > JTS > Inštalácie;instalacie;11;49;0
47433;47403;2;0;1;Profesionálna audio technika > JTS > Slúchadlá;sluchadla-5;0;0;1
47457;47403;2;1;1;Profesionálna audio technika > JTS > Inštrumentálne mikrofóny;instrumentalne-mikrofony;0;0;1
47409;47406;3;1;1;Profesionálna audio technika > JTS > Mikrofóny a bezdrôtové systémy > Príslušenstvo;prislusenstvo-34;20;20;0
47412;47406;3;1;1;Profesionálna audio technika > JTS > Mikrofóny a bezdrôtové systémy > Náhlavové a klopové mikrofóny;nahlavove-a-klopove-mikrofony;0;0;1
47421;47406;3;1;1;Profesionálna audio technika > JTS > Mikrofóny a bezdrôtové systémy > Káblové mikrofóny;kablove-mikrofony;10;10;0
47439;47406;3;1;1;Profesionálna audio technika > JTS > Mikrofóny a bezdrôtové systémy > In-ear monitorovacie systémy;in-ear-monitorovacie-systemy;0;0;1
47451;47406;3;1;1;Profesionálna audio technika > JTS > Mikrofóny a bezdrôtové systémy > Bezdrôtové systémy;bezdrotove-systemy;15;15;0
47418;47415;3;1;1;Profesionálna audio technika > JTS > Inštalácie > Inštalačné mikrofóny;instalacne-mikrofony;23;23;0
47424;47415;3;1;0;Profesionálna audio technika > JTS > Inštalácie > Konferenčné systémy;konferencne-systemy;0;0;1
47430;47415;3;1;1;Profesionálna audio technika > JTS > Inštalácie > Príslušenstvo;prislusenstvo-35;0;0;1
47445;47415;3;1;1;Profesionálna audio technika > JTS > Inštalácie > Tlmočnicke systémy;tlmocnicke-systemy;0;0;1
47454;47415;3;1;1;Profesionálna audio technika > JTS > Inštalácie > Bezdrôtový systém pre kamery;bezdrotovy-system-pre-kamery;0;0;1
47460;47415;3;1;1;Profesionálna audio technika > JTS > Inštalácie > Systémy pre sprievodcov;systemy-pre-sprievodcov;0;0;1
48345;47415;3;1;1;Profesionálna audio technika > JTS > Inštalácie > Inštalačné konferenčné systémy JTS;instalacne-konferencne-systemy-jts;15;15;0
47436;47433;3;1;0;Profesionálna audio technika > JTS > Slúchadlá > Slúchadlá;sluchadla-6;0;0;1
47442;47433;3;1;1;Profesionálna audio technika > JTS > Slúchadlá > In-ear slúchadlá;in-ear-sluchadla;0;0;1
47547;47463;3;1;0;Profesionálna audio technika > Svetlá > Reflektory PAR > LED reflektory;led-reflektory-2;0;0;1
47550;47463;3;1;1;Profesionálna audio technika > Svetlá > Reflektory PAR > príslušenstvo;prislusenstvo-36;0;0;1
47574;47463;3;1;1;Profesionálna audio technika > Svetlá > Reflektory PAR > LED reflektory exteriérové;led-reflektory-exterierove;0;0;1
48363;47463;3;1;1;Profesionálna audio technika > Svetlá > Reflektory PAR > LED PAR reflektory;led-par-reflektory;10;10;0
47505;47502;2;1;1;Profesionálna audio technika > BZBGEAR > HDMI spracovanie a distribúcia;hdmi-spracovanie-a-distribucia;0;0;1
47517;47514;3;1;1;Profesionálna audio technika > Svetlá > Špeciálne efekty a náplne > Príslušenstvo k špeciálnym efektom;prislusenstvo-k-specialnym-efektom;38;38;0
47520;47514;3;1;1;Profesionálna audio technika > Svetlá > Špeciálne efekty a náplne > Výrobníky ťažkého dymu;vyrobniky-tazkeho-dymu;8;8;0
47532;47514;3;1;1;Profesionálna audio technika > Svetlá > Špeciálne efekty a náplne > Výrobníky dymu;vyrobniky-dymu;15;15;0
47535;47514;3;1;1;Profesionálna audio technika > Svetlá > Špeciálne efekty a náplne > Výrobníky hmly;vyrobniky-hmly;0;0;1
47565;47514;3;1;1;Profesionálna audio technika > Svetlá > Špeciálne efekty a náplne > Výrobníky snehu;vyrobniky-snehu;0;0;1
47568;47514;3;1;0;Profesionálna audio technika > Svetlá > Špeciálne efekty a náplne > Ohňostroje;ohnostroje;0;0;1
48369;47514;3;1;1;Profesionálna audio technika > Svetlá > Špeciálne efekty a náplne > Pyrotechnické efekty (ohňostroje);pyrotechnicke-efekty--ohnostroje;0;0;1
47541;47538;3;1;0;Profesionálna audio technika > Svetlá > Lasery > Multicolor Laser;multicolor-laser;0;0;1
47559;47538;3;1;1;Profesionálna audio technika > Svetlá > Lasery > Multipoint Laser a Gobo;multipoint-laser-a-gobo;0;0;1
47580;47538;3;1;1;Profesionálna audio technika > Svetlá > Lasery > Green Laser;green-laser;0;0;1
47583;47538;3;1;1;Profesionálna audio technika > Svetlá > Lasery > Red Laser;red-laser;0;0;1
47586;47538;3;1;1;Profesionálna audio technika > Svetlá > Lasery > Blue Laser;blue-laser;0;0;1
48360;47538;3;1;1;Profesionálna audio technika > Svetlá > Lasery > Multicolor diskotékové lasery;multicolor-diskotekove-lasery;9;9;0
47598;47595;2;0;1;Elektroinštalačný materiál > Ostatné > Káble;kable-5;0;0;1
47640;47595;2;0;1;Elektroinštalačný materiál > Ostatné > 230V;230v;4;123;0
47667;47595;2;0;1;Elektroinštalačný materiál > Ostatné > Izolačný materiál;izolacny-material;3;12;0
47673;47595;2;1;1;Elektroinštalačný materiál > Ostatné > 400V;400v;0;0;1
47601;47598;3;1;1;Elektroinštalačný materiál > Ostatné > Káble > Koaxiálne;koaxialne;0;0;1
47607;47604;3;1;1;Elektroinštalačný materiál > Osvetlenie > LED osvetlenie > Interiérové osvetlenie;interierove-osvetlenie;56;56;0
47700;47604;3;1;1;Elektroinštalačný materiál > Osvetlenie > LED osvetlenie > Kuchynské osvetlenie;kuchynske-osvetlenie;10;10;0
47784;47604;3;1;1;Elektroinštalačný materiál > Osvetlenie > LED osvetlenie > Núdzové osvetlenie;nudzove-osvetlenie;0;0;1
47811;47604;3;0;1;Elektroinštalačný materiál > Osvetlenie > LED osvetlenie > Vonkajšie osvetlenie;vonkajsie-osvetlenie;1;41;0
47838;47604;3;1;1;Elektroinštalačný materiál > Osvetlenie > LED osvetlenie > Nočné a dekoratívne svetielka;nocne-a-dekorativne-svetielka;10;10;0
47874;47604;3;1;1;Elektroinštalačný materiál > Osvetlenie > LED osvetlenie > Technické osvetlenie;technicke-osvetlenie;13;13;0
47919;47604;3;1;1;Elektroinštalačný materiál > Osvetlenie > LED osvetlenie > Kúpeľňové osvetlenie;kupelnove-osvetlenie;0;0;1
47613;47610;2;0;1;Elektroinštalačný materiál > Predlžovacie káble a zásuvky > Viaczásuvkové;viaczasuvkove;0;0;1
47622;47610;2;1;1;Elektroinštalačný materiál > Predlžovacie káble a zásuvky > Výsuvné a vstavané zásuvky;vysuvne-a-vstavane-zasuvky;0;0;1
47637;47610;2;1;1;Elektroinštalačný materiál > Predlžovacie káble a zásuvky > Navíjacie bubny;navijacie-bubny;0;0;1
47712;47610;2;0;1;Elektroinštalačný materiál > Predlžovacie káble a zásuvky > Jednozásuvkové;jednozasuvkove;0;0;1
47733;47610;2;1;1;Elektroinštalačný materiál > Predlžovacie káble a zásuvky > Prepäťové ochrany;prepatove-ochrany-3;0;0;1
47835;47610;2;1;1;Elektroinštalačný materiál > Predlžovacie káble a zásuvky > Záhradné stĺpiky;zahradne-stlpiky;0;0;1
47616;47613;3;1;1;Elektroinštalačný materiál > Predlžovacie káble a zásuvky > Viaczásuvkové > Ostatné;ostatne-28;0;0;1
47709;47613;3;1;1;Elektroinštalačný materiál > Predlžovacie káble a zásuvky > Viaczásuvkové > Klasické;klasicke;0;0;1
47643;47640;3;1;1;Elektroinštalačný materiál > Ostatné > 230V > Rozbočky;rozbocky;43;43;0
47724;47640;3;1;1;Elektroinštalačný materiál > Ostatné > 230V > Viacnásobné zásuvky;viacnasobne-zasuvky;8;8;0
47757;47640;3;1;1;Elektroinštalačný materiál > Ostatné > 230V > Koncovky;koncovky;25;25;0
47760;47640;3;1;1;Elektroinštalačný materiál > Ostatné > 230V > Flexo šnúry;flexo-snury-2;32;32;0
47805;47640;3;0;1;Elektroinštalačný materiál > Ostatné > 230V > Vypínače a zásuvky;vypinace-a-zasuvky;11;11;0
47844;47640;3;1;1;Elektroinštalačný materiál > Ostatné > 230V > Držiaky zásuviek;drziaky-zasuviek;0;0;1
47670;47667;3;1;1;Elektroinštalačný materiál > Ostatné > Izolačný materiál > Viazacie pásky;viazacie-pasky;9;9;0
47703;47667;3;1;0;Elektroinštalačný materiál > Ostatné > Izolačný materiál > Káblové príchytky;kablove-prichytky-3;0;0;1
47886;47667;3;1;1;Elektroinštalačný materiál > Ostatné > Izolačný materiál > Izolačné PVC pásky;izolacne-pvc-pasky;0;0;1
47682;47679;3;1;1;Elektroinštalačný materiál > Osvetlenie > Vianocne osvetlenie > Vianočné LED dekorácie;vianocne-led-dekoracie;75;75;0
47718;47679;3;0;1;Elektroinštalačný materiál > Osvetlenie > Vianocne osvetlenie > Vianočné reťaze;vianocne-retaze;0;55;0
47694;47691;3;1;1;Elektroinštalačný materiál > Osvetlenie > Priemyselné LED osvetlenie > High Bay;high-bay;8;8;0
47913;47691;3;1;1;Elektroinštalačný materiál > Osvetlenie > Priemyselné LED osvetlenie > LED lineárne osvetlenie;led-linearne-osvetlenie;0;0;1
47715;47712;3;1;1;Elektroinštalačný materiál > Predlžovacie káble a zásuvky > Jednozásuvkové > Jednozásuvkové  400V;jednozasuvkove--400v;0;0;1
47781;47712;3;1;1;Elektroinštalačný materiál > Predlžovacie káble a zásuvky > Jednozásuvkové > Jednozásuvkové 230V;jednozasuvkove-230v;0;0;1
47721;47718;4;1;1;Elektroinštalačný materiál > Osvetlenie > Vianocne osvetlenie > Vianočné reťaze > Sieťové 230V;sietove-230v;25;25;0
47751;47718;4;1;1;Elektroinštalačný materiál > Osvetlenie > Vianocne osvetlenie > Vianočné reťaze > Batériové;bateriove;30;30;0
47862;47736;2;1;1;Auto-moto > Autopríslušenstvo > Alkohol testery;alkohol-testery;10;10;0
47928;47736;2;1;1;Auto-moto > Autopríslušenstvo > Měniče napätia;menice-napatia-2;0;0;1
47748;47745;3;1;1;Elektroinštalačný materiál > Osvetlenie > LED panely a podhľadová svetla > LED podhľadové panely a svetlá;led-podhladove-panely-a-svetla;36;36;0
47820;47745;3;1;0;Elektroinštalačný materiál > Osvetlenie > LED panely a podhľadová svetla > Příslušenstvo;prislusenstvo-39;0;0;1
48462;47745;3;1;1;Elektroinštalačný materiál > Osvetlenie > LED panely a podhľadová svetla > Príslušenstvo k LED panelom;prislusenstvo-k-led-panelom;0;0;1
47778;47775;3;1;1;Domáce spotrebiče > Malé spotrebiče > Dezinfekčné lampy > Ozónové;ozonove;0;0;1
47877;47775;3;1;1;Domáce spotrebiče > Malé spotrebiče > Dezinfekčné lampy > Bezozónové;bezozonove;0;0;1
47898;47775;3;1;1;Domáce spotrebiče > Malé spotrebiče > Dezinfekčné lampy > Príslušenstvo, náhradné diely;prislusenstvo--nahradne-diely;0;0;1
47802;47799;2;1;1;Náradie a dielňa > Ručné AKU náradie > Príslušenstvo;prislusenstvo-38;11;11;0
47883;47799;2;1;1;Náradie a dielňa > Ručné AKU náradie > Pily;pily-4;0;0;1
47922;47799;2;1;1;Náradie a dielňa > Ručné AKU náradie > Nožnice;noznice-2;0;0;1
47808;47805;4;1;1;Elektroinštalačný materiál > Ostatné > 230V > Vypínače a zásuvky > Slim;slim;0;0;1
47931;47805;4;1;1;Elektroinštalačný materiál > Ostatné > 230V > Vypínače a zásuvky > Do vlhka;do-vlhka;0;0;1
47814;47811;4;1;1;Elektroinštalačný materiál > Osvetlenie > LED osvetlenie > Vonkajšie osvetlenie > Prisadené osvetlenie;prisadene-osvetlenie;21;21;0
47895;47811;4;1;1;Elektroinštalačný materiál > Osvetlenie > LED osvetlenie > Vonkajšie osvetlenie > Solárne osvetlenie;solarne-osvetlenie;9;9;0
47904;47811;4;1;1;Elektroinštalačný materiál > Osvetlenie > LED osvetlenie > Vonkajšie osvetlenie > Fasádne a záhradné osvetlenie;fasadne-a-zahradne-osvetlenie;10;10;0
47853;47850;2;1;1;Náradie a dielňa > Meracia technika > Multimetre a zkúšačky;multimetre-a-zkusacky;13;13;0
47859;47850;2;1;1;Náradie a dielňa > Meracia technika > Laserové merače vzdialenosti;laserove-merace-vzdialenosti;0;0;1
47865;47850;2;1;1;Náradie a dielňa > Meracia technika > Teplomery;teplomery-4;0;0;1
47880;47850;2;1;1;Náradie a dielňa > Meracia technika > Laserové vodováhy;laserove-vodovahy;0;0;1
47961;47958;3;1;1;Domáce spotrebiče > Malé spotrebiče > Hodiny a budíky > Budíky;budiky-2;35;35;0
47967;47958;3;1;1;Domáce spotrebiče > Malé spotrebiče > Hodiny a budíky > Časovače, minútky;casovace--minutky-2;0;0;1
47988;47958;3;1;1;Domáce spotrebiče > Malé spotrebiče > Hodiny a budíky > Hodiny;hodiny-2;24;24;0
48003;48000;2;0;1;Auto-moto > Karavany a obytná autá > Nabíjačky batérií;nabijacky-baterii-3;0;32;0
48009;48000;2;1;1;Auto-moto > Karavany a obytná autá > Meniče napätie;menice-napatie-3;69;69;0
48012;48000;2;1;1;Auto-moto > Karavany a obytná autá > Grily a variče;grily-a-varice-2;0;0;1
48015;48000;2;1;1;Auto-moto > Karavany a obytná autá > Autochladničky;autochladnicky-2;34;34;0
48030;48000;2;1;1;Auto-moto > Karavany a obytná autá > Ostatné doplnky;ostatne-doplnky-2;21;21;0
48033;48000;2;0;1;Auto-moto > Karavany a obytná autá > Mobilné TV a SAT antény;mobilne-tv-a-sat-anteny-2;0;0;1
48039;48000;2;1;1;Auto-moto > Karavany a obytná autá > Kempingový nábytok;kempingovy-nabytok-2;0;0;1
48042;48000;2;1;1;Auto-moto > Karavany a obytná autá > Redukcie a adaptéry;redukcie-a-adaptery-3;0;0;1
48045;48000;2;1;1;Auto-moto > Karavany a obytná autá > Batérie do karavanu;baterie-do-karavanu-2;8;8;0
48048;48000;2;1;1;Auto-moto > Karavany a obytná autá > Televízory na 12V;televizory-na-12v-3;0;0;1
48054;48000;2;1;1;Auto-moto > Karavany a obytná autá > Lapače hmyzu;lapace-hmyzu-2;19;19;0
48057;48000;2;1;1;Auto-moto > Karavany a obytná autá > Parkovací asistenti;parkovaci-asistenti-2;10;10;0
48006;48003;3;1;1;Auto-moto > Karavany a obytná autá > Nabíjačky batérií > Autonabíjačky;autonabijacky-2;32;32;0
48024;48021;2;1;1;Auto-moto > Nosiče kol > Příčné nosníky;pricne-nosniky-2;16;16;0
48027;48021;2;1;1;Auto-moto > Nosiče kol > Príslušenstvo;prislusenstvo-40;25;25;0
48051;48021;2;1;1;Auto-moto > Nosiče kol > Střešní nosiče;stresni-nosice-2;0;0;1
48060;48021;2;1;1;Auto-moto > Nosiče kol > Nosiče na tažné zariadenie;nosice-na-tazne-zariadenie-2;0;0;1
48036;48033;3;1;1;Auto-moto > Karavany a obytná autá > Mobilné TV a SAT antény > Antény pre DVB-T2 príjem;anteny-pre-dvb-t2-prijem-2;0;0;1
48102;48099;2;1;1;Profesionálna audio technika > Hudobné nástroje a príslušenstvo > Gitarové príslušenstvo;gitarove-prislusenstvo;68;68;0
48105;48099;2;1;0;Profesionálna audio technika > Hudobné nástroje a príslušenstvo > Klávesové zosilňovače;klavesove-zosilnovace;0;0;1
48108;48099;2;1;1;Profesionálna audio technika > Hudobné nástroje a príslušenstvo > MIDI kontroléry;midi-kontrolery;0;0;1
48111;48099;2;1;1;Profesionálna audio technika > Hudobné nástroje a príslušenstvo > Gitarové ladičky;gitarove-ladicky;0;0;1
48114;48099;2;1;1;Profesionálna audio technika > Hudobné nástroje a príslušenstvo > Basové zosilňovače a reproduktory;basove-zosilnovace-a-reproduktory;0;0;1
48153;48150;1;1;0;Druhy > AKCE ATOS 35 LET;akce-atos-35-let;0;0;1
48489;48486;3;1;1;Elektroinštalačný materiál > Predlžovačky, zásuvky, vidlica > Viaczásuvkové > Ostatné;ostatne-29;22;22;0
48498;48486;3;1;1;Elektroinštalačný materiál > Predlžovačky, zásuvky, vidlica > Viaczásuvkové > Klasické;klasicke-2;43;43;0
48507;48501;3;1;1;Elektroinštalačný materiál > Predlžovačky, zásuvky, vidlica > Jednozásuvkové > Jednozásuvkové 230V;jednozasuvkove-230v-2;29;29;0
49449;48513;1;1;1;Počítače a notebooky > Príslušenstvo k tabletom;prislusenstvo-k-tabletom;0;0;1
49458;48513;1;1;1;Počítače a notebooky > Pendrive;pendrive;13;13;0
48630;48513;1;1;1;Počítače a notebooky > Notebooky;notebooky-2;37;37;0
48609;48513;1;0;1;Počítače a notebooky > Príslušenstvo k notebookom;prislusenstvo-k-notebookom-2;9;9;0
48522;48513;1;0;1;Počítače a notebooky > Tlačiarne a skenery;tlaciarne-a-skenery-2;23;229;0
48516;48513;1;0;1;Počítače a notebooky > Sieťové prvky;sietove-prvky-2;28;134;0
48528;48513;1;0;1;Počítače a notebooky > Pamäťové médiá;pamatove-media-2;9;42;0
48537;48513;1;0;1;Počítače a notebooky > PC periférie;pc-periferie-2;12;37;0
48576;48513;1;0;1;Počítače a notebooky > Herné zariadenia;herne-zariadenia-2;8;70;0
48633;48513;1;0;1;Počítače a notebooky > Monitory;monitory-2;7;14;0
48654;48513;1;1;1;Počítače a notebooky > Tablety;tablety-4;79;79;0
48660;48513;1;0;1;Počítače a notebooky > Projektory a plátna;projektory-a-platna-2;4;67;0
48714;48513;1;0;1;Počítače a notebooky > Herné príslušenstvo;herne-prislusenstvo-3;30;393;0
48741;48513;1;1;1;Počítače a notebooky > Čítačky kariet;citacky-kariet-2;11;11;0
48750;48513;1;1;1;Počítače a notebooky > Prenosné monitory;prenosne-monitory-2;68;68;0
48783;48513;1;1;1;Počítače a notebooky > Mini PC;mini-pc-2;69;69;0
48786;48513;1;1;1;Počítače a notebooky > Dokovacie stanice;dokovacie-stanice-2;9;9;0
48801;48513;1;1;1;Počítače a notebooky > Držiaky na TV;drziaky-na-tv-2;0;0;1
48819;48513;1;1;1;Počítače a notebooky > Predlžovacie káble;predlzovacie-kable-3;13;13;0
48825;48513;1;1;1;Počítače a notebooky > Webkamery;webkamery-3;42;42;0
48831;48513;1;0;1;Počítače a notebooky > Akumulátory, batérie;akumulatory--baterie-2;0;15;0
48837;48513;1;1;1;Počítače a notebooky > Routery;routery-3;12;12;0
48840;48513;1;1;1;Počítače a notebooky > Sieťové zariadenia;sietove-zariadenia-2;15;15;0
48873;48513;1;0;1;Počítače a notebooky > Disky a pamäťové karty;disky-a-pamatove-karty-2;1;13;0
48894;48513;1;0;1;Počítače a notebooky > Rackové skrine a príslušenstvo;rackove-skrine-a-prislusenstvo-2;0;15;0
48918;48513;1;1;1;Počítače a notebooky > Herné kreslá;herne-kresla-2;11;11;0
48519;48516;2;1;1;Počítače a notebooky > Sieťové prvky > Switche;switche-2;17;17;0
48534;48516;2;1;1;Počítače a notebooky > Sieťové prvky > WiFi routery;wifi-routery-2;70;70;0
48540;48516;2;1;1;Počítače a notebooky > Sieťové prvky > Sieťové karty;sietove-karty-2;19;19;0
48891;48516;2;1;1;Počítače a notebooky > Sieťové prvky > Konektory, zásuvky;konektory--zasuvky-2;0;0;1
48525;48522;2;1;1;Počítače a notebooky > Tlačiarne a skenery > Atramenty;atramenty-2;122;122;0
48552;48522;2;1;1;Počítače a notebooky > Tlačiarne a skenery > Tonery;tonery-2;17;17;0
48555;48522;2;0;1;Počítače a notebooky > Tlačiarne a skenery > Multifunkčné tlačiarne;multifunkcne-tlaciarne-2;0;57;0
48603;48522;2;1;1;Počítače a notebooky > Tlačiarne a skenery > Atramentové tlačiarne;atramentove-tlaciarne-2;10;10;0
49446;48522;2;1;1;Počítače a notebooky > Tlačiarne a skenery > Príslušenstvo - tlačiarne;prislusenstvo-tlaciarne;0;0;1
49461;48522;2;1;1;Počítače a notebooky > Tlačiarne a skenery > Laserové tlačiarne;laserove-tlaciarne;0;0;1
48531;48528;2;1;1;Počítače a notebooky > Pamäťové médiá > Externé disky;externe-disky-2;22;22;0
48564;48528;2;1;1;Počítače a notebooky > Pamäťové médiá > Pamäťové karty;pamatove-karty-5;11;11;0
48600;48537;2;1;1;Počítače a notebooky > PC periférie > Myši;mysi-4;13;13;0
48606;48537;2;1;1;Počítače a notebooky > PC periférie > Klávesnice;klavesnice-5;12;12;0
48546;48543;1;0;1;Mobily, smart hodinky a tablety > Príslušenstvo;prislusenstvo-10;24;575;0
48639;48543;1;0;1;Mobily, smart hodinky a tablety > Nositeľná elektronika;nositelna-elektronika-2;4;265;0
48657;48543;1;1;1;Mobily, smart hodinky a tablety > Smart telefóny;smart-telefony-2;164;164;0
48669;48543;1;0;1;Mobily, smart hodinky a tablety > USB káble;usb-kable-4;21;56;0
48675;48543;1;0;1;Mobily, smart hodinky a tablety > Nabíjačky;nabijacky-4;5;17;0
48756;48543;1;1;1;Mobily, smart hodinky a tablety > Selfie tyče;selfie-tyce-4;20;20;0
48765;48543;1;1;1;Mobily, smart hodinky a tablety > Pamäťové karty;pamatove-karty-6;24;24;0
48807;48543;1;1;1;Mobily, smart hodinky a tablety > Herné ovládače;herne-ovladace-4;10;10;0
48810;48543;1;0;1;Mobily, smart hodinky a tablety > Tablety;tablety-5;0;49;0
48882;48543;1;1;1;Mobily, smart hodinky a tablety > GSM nabíjačky;gsm-nabijacky-2;22;22;0
49443;48543;1;1;1;Mobily, smart hodinky a tablety > Smartfóny;smartfony;0;0;1
49455;48543;1;1;1;Mobily, smart hodinky a tablety > Powerbanky;powerbanky-4;0;0;1
49464;48543;1;1;1;Mobily, smart hodinky a tablety > Tlačidlové telefóny;tlacidlove-telefony;10;10;0
48549;48546;2;1;1;Mobily, smart hodinky a tablety > Príslušenstvo > Držiaky na mobily;drziaky-na-mobily-3;27;27;0
48567;48546;2;1;1;Mobily, smart hodinky a tablety > Príslušenstvo > Káble pre mobily;kable-pre-mobily-2;18;18;0
48570;48546;2;1;1;Mobily, smart hodinky a tablety > Príslušenstvo > Puzdrá na mobilné telefóny;puzdra-na-mobilne-telefony-2;312;312;0
48597;48546;2;1;1;Mobily, smart hodinky a tablety > Príslušenstvo > Nabíjačky pre mobily;nabijacky-pre-mobily-2;48;48;0
48624;48546;2;1;1;Mobily, smart hodinky a tablety > Príslušenstvo > Tvrdené sklá pre mobilné telefóny;tvrdene-skla-pre-mobilne-telefony-2;135;135;0
48627;48546;2;1;1;Mobily, smart hodinky a tablety > Príslušenstvo > Príslušenstvo pre smart hodinky;prislusenstvo-pre-smart-hodinky-2;11;11;0
48558;48555;3;1;1;Počítače a notebooky > Tlačiarne a skenery > Multifunkčné tlačiarne > Laserové multifunkčné tlačiarne;laserove-multifunkcne-tlaciarne-2;9;9;0
48615;48555;3;1;1;Počítače a notebooky > Tlačiarne a skenery > Multifunkčné tlačiarne > Atramentové multifunkčné tlačiarne;atramentove-multifunkcne-tlaciarne-2;48;48;0
48579;48576;2;0;1;Počítače a notebooky > Herné zariadenia > Konzolové hry;konzolove-hry-2;3;35;0
48618;48576;2;0;1;Počítače a notebooky > Herné zariadenia > Herné ovládače;herne-ovladace-3;8;18;0
48645;48576;2;1;1;Počítače a notebooky > Herné zariadenia > Príslušenstvo ku konzolám;prislusenstvo-ku-konzolam-2;9;9;0
48582;48579;3;1;1;Počítače a notebooky > Herné zariadenia > Konzolové hry > Nintendo Switch - hry;nintendo-switch-hry-2;24;24;0
48666;48579;3;1;1;Počítače a notebooky > Herné zariadenia > Konzolové hry > Nintendo DS, 2DS, 3DS - hry;nintendo-ds--2ds--3ds-hry-2;8;8;0
48588;48585;1;0;1;Foto a príslušenstvo > Príslušenstvo;prislusenstvo-43;2;364;0
48648;48585;1;1;1;Foto a príslušenstvo > Fotopasce;fotopasce-2;16;16;0
48678;48585;1;0;1;Foto a príslušenstvo > Selfie tyče;selfie-tyce-3;2;173;0
48684;48585;1;0;1;Foto a príslušenstvo > Fotoateliér;fotoatelier-2;7;148;0
48690;48585;1;1;1;Foto a príslušenstvo > Súpravy;supravy-2;11;11;0
48747;48585;1;0;1;Foto a príslušenstvo > Filtre;filtre-2;6;77;0
48780;48585;1;1;1;Foto a príslušenstvo > Gimbály a stabilizátory;gimbaly-a-stabilizatory-2;46;46;0
48795;48585;1;0;1;Foto a príslušenstvo > Skladovanie a preprava;skladovanie-a-preprava-2;10;40;0
49452;48585;1;1;1;Foto a príslušenstvo > Digitálne kompakty;digitalne-kompakty;8;8;0
48591;48588;2;1;1;Foto a príslušenstvo > Príslušenstvo > Ostatné príslušenstvo k fotoaparátom;ostatne-prislusenstvo-k-fotoaparatom-2;29;29;0
48699;48588;2;1;1;Foto a príslušenstvo > Príslušenstvo > Pre športové kamery;pre-sportove-kamery-3;199;199;0
48744;48588;2;1;1;Foto a príslušenstvo > Príslušenstvo > Pre stabilizátory;pre-stabilizatory-2;25;25;0
48804;48588;2;1;1;Foto a príslušenstvo > Príslušenstvo > Pre fotoaparáty a videokamery;pre-fotoaparaty-a-videokamery-2;109;109;0
48612;48609;2;1;1;Počítače a notebooky > Príslušenstvo k notebookom > Tašky k notebookom;tasky-k-notebookom-2;0;0;1
48621;48618;3;1;1;Počítače a notebooky > Herné zariadenia > Herné ovládače > Gamepady;gamepady-2;10;10;0
48636;48633;2;1;1;Počítače a notebooky > Monitory > LCD monitory;lcd-monitory-2;7;7;0
48642;48639;2;1;1;Mobily, smart hodinky a tablety > Nositeľná elektronika > Smart hodinky;smart-hodinky-4;177;177;0
48651;48639;2;1;1;Mobily, smart hodinky a tablety > Nositeľná elektronika > Smart prstene;smart-prstene-3;84;84;0
48663;48660;2;1;1;Počítače a notebooky > Projektory a plátna > Projektory;projektory-4;63;63;0
48672;48669;2;1;1;Mobily, smart hodinky a tablety > USB káble > USB na Lightning;usb-na-lightning-2;13;13;0
48885;48669;2;1;1;Mobily, smart hodinky a tablety > USB káble > USB-C káble;usb-c-kable-2;22;22;0
48702;48675;2;1;1;Mobily, smart hodinky a tablety > Nabíjačky > sieťové nabíjačky;sietove-nabijacky-2;12;12;0
48681;48678;2;1;1;Foto a príslušenstvo > Selfie tyče > Selfie tyče a držiaky;selfie-tyce-a-drziaky-2;29;29;0
48705;48678;2;1;1;Foto a príslušenstvo > Selfie tyče > Postroje, upevňovacie prvky a držiaky;postroje--upevnovacie-prvky-a-drziaky-2;93;93;0
48762;48678;2;1;1;Foto a príslušenstvo > Selfie tyče > Adaptéry;adaptery-4;18;18;0
48816;48678;2;1;1;Foto a príslušenstvo > Selfie tyče > Statívy;stativy-4;31;31;0
48687;48684;2;1;1;Foto a príslušenstvo > Fotoateliér > Stany bez tieňa;stany-bez-tiena-2;13;13;0
48693;48684;2;1;1;Foto a príslušenstvo > Fotoateliér > Softboxy;softboxy-2;21;21;0
48696;48684;2;1;1;Foto a príslušenstvo > Fotoateliér > Svietidlá;svietidla-6;88;88;0
48708;48684;2;1;1;Foto a príslušenstvo > Fotoateliér > Kruhové svetlá;kruhove-svetla-3;8;8;0
48711;48684;2;1;1;Foto a príslušenstvo > Fotoateliér > Fotografické pozadia;fotograficke-pozadia-2;11;11;0
48717;48714;2;0;1;Počítače a notebooky > Herné príslušenstvo > Chladenie počítača;chladenie-pocitaca-2;4;38;0
48723;48714;2;0;1;Počítače a notebooky > Herné príslušenstvo > Skrine;skrine-2;0;99;0
48729;48714;2;0;1;Počítače a notebooky > Herné príslušenstvo > Simulátory;simulatory-2;0;91;0
48753;48714;2;1;1;Počítače a notebooky > Herné príslušenstvo > Myši;mysi-5;10;10;0
48759;48714;2;1;1;Počítače a notebooky > Herné príslušenstvo > Príslušenstvo VR;prislusenstvo-vr-2;29;29;0
48771;48714;2;1;1;Počítače a notebooky > Herné príslušenstvo > Mikrofóny;mikrofony-6;23;23;0
48789;48714;2;0;1;Počítače a notebooky > Herné príslušenstvo > Herné podložky;herne-podlozky-2;2;26;0
48822;48714;2;1;1;Počítače a notebooky > Herné príslušenstvo > Okuliare pre rozšírenú realitu;okuliare-pre-rozsirenu-realitu-2;47;47;0
48720;48717;3;1;1;Počítače a notebooky > Herné príslušenstvo > Chladenie počítača > Ventilátory;ventilatory-4;14;14;0
48774;48717;3;1;1;Počítače a notebooky > Herné príslušenstvo > Chladenie počítača > Chladenie vodou;chladenie-vodou-2;20;20;0
48726;48723;3;1;1;Počítače a notebooky > Herné príslušenstvo > Skrine > Bez ventilátora;bez-ventilatora-2;46;46;0
48738;48723;3;1;1;Počítače a notebooky > Herné príslušenstvo > Skrine > S ventilátorom;s-ventilatorom-2;53;53;0
48732;48729;3;1;1;Počítače a notebooky > Herné príslušenstvo > Simulátory > Simulácia pretekov;simulacia-pretekov-2;70;70;0
48735;48729;3;1;1;Počítače a notebooky > Herné príslušenstvo > Simulátory > Simulácia letu;simulacia-letu-2;21;21;0
48768;48747;2;1;1;Foto a príslušenstvo > Filtre > Pre zrkadlovky;pre-zrkadlovky-2;18;18;0
48777;48747;2;1;1;Foto a príslušenstvo > Filtre > Pre športové kamery;pre-sportove-kamery-4;53;53;0
48792;48789;3;1;1;Počítače a notebooky > Herné príslušenstvo > Herné podložky > Podložky;podlozky-4;24;24;0
48798;48795;2;1;1;Foto a príslušenstvo > Skladovanie a preprava > Puzdrá a obaly;puzdra-a-obaly-2;30;30;0
48813;48810;2;1;1;Mobily, smart hodinky a tablety > Tablety > Iné;ine-9;11;11;0
48828;48810;2;1;1;Mobily, smart hodinky a tablety > Tablety > Grafické tablety;graficke-tablety-3;38;38;0
48834;48831;2;1;1;Počítače a notebooky > Akumulátory, batérie > Batérie;baterie-4;15;15;0
48876;48873;2;1;1;Počítače a notebooky > Disky a pamäťové karty > HDD;hdd-2;12;12;0
48897;48894;2;0;1;Počítače a notebooky > Rackové skrine a príslušenstvo > Príslušenstvo;prislusenstvo-44;5;15;0
48915;48897;3;1;1;Počítače a notebooky > Rackové skrine a príslušenstvo > Príslušenstvo > Napájacie lišty;napajacie-listy-3;10;10;0
49020;48936;1;1;1;TV, audio a video > Televízory;televizory;153;153;0
49029;48936;1;0;1;TV, audio a video > TV stolíky a držiaky;tv-stoliky-a-drziaky;33;67;0
49005;48936;1;0;1;TV, audio a video > Diaľkové ovládače;dialkove-ovladace;21;1091;0
48948;48936;1;0;1;TV, audio a video > Audio technika;audio-technika;0;1626;0
48942;48936;1;0;1;TV, audio a video > Reproduktory;reproduktory;1;33;0
48939;48936;1;0;1;TV, audio a video > Video technika;video-technika;4;48;0
48978;48936;1;0;1;TV, audio a video > Antény a satelity;anteny-a-satelity;11;920;0
48987;48936;1;1;1;TV, audio a video > Digitálny príjem;digitalny-prijem;19;19;0
48990;48936;1;1;1;TV, audio a video > Príslušenstvo k TV, audio, video;prislusenstvo-k-tv--audio--video;41;41;0
49017;48936;1;0;1;TV, audio a video > AV káble;av-kable;51;110;0
49008;48939;2;1;1;TV, audio a video > Video technika > Kamery do autá;kamery-do-auta;24;24;0
49023;48939;2;1;1;TV, audio a video > Video technika > Multimediálne centra;multimedialne-centra;20;20;0
48945;48942;2;1;1;TV, audio a video > Reproduktory > Drátové reproduktory;dratove-reproduktory;32;32;0
48951;48948;2;0;1;TV, audio a video > Audio technika > Reproduktory;reproduktory-2;147;226;0
48954;48948;2;0;1;TV, audio a video > Audio technika > HiFi komponenty;hifi-komponenty;5;53;0
48957;48948;2;1;1;TV, audio a video > Audio technika > Audio technika – ostatné produkty;audio-technika---ostatne-produkty;501;501;0
48966;48948;2;1;1;TV, audio a video > Audio technika > Rádioprijímače;radioprijimace;25;25;0
48969;48948;2;1;1;TV, audio a video > Audio technika > Rádiobudíky;radiobudiky;8;8;0
48972;48948;2;0;1;TV, audio a video > Audio technika > Slúchadlá;sluchadla;120;492;0
48993;48948;2;1;1;TV, audio a video > Audio technika > Soundbary;soundbary;54;54;0
49011;48948;2;0;1;TV, audio a video > Audio technika > Mikrofóny;mikrofony;58;84;0
49032;48948;2;1;1;TV, audio a video > Audio technika > Príslušenstvo k audio technike;prislusenstvo-k-audio-technike;102;102;0
49035;48948;2;1;1;TV, audio a video > Audio technika > Stojany pre reproduktory a slúchadlá;stojany-pre-reproduktory-a-sluchadla;23;23;0
49062;48948;2;1;1;TV, audio a video > Audio technika > Interkomy;interkomy;9;9;0
49296;48948;2;1;1;TV, audio a video > Audio technika > Rádiá;radia;49;49;0
48996;48951;3;1;1;TV, audio a video > Audio technika > Reproduktory > Párty reproduktory;party-reproduktory;0;0;1
49044;48951;3;1;1;TV, audio a video > Audio technika > Reproduktory > Počítačové reproduktory;pocitacove-reproduktory;30;30;0
49047;48951;3;1;1;TV, audio a video > Audio technika > Reproduktory > Aktívne reproduktory;aktivne-reproduktory;20;20;0
49050;48951;3;1;1;TV, audio a video > Audio technika > Reproduktory > Sady reproduktorov;sady-reproduktorov;11;11;0
49053;48951;3;1;1;TV, audio a video > Audio technika > Reproduktory > Prenosné Bluetooth reproduktory;prenosne-bluetooth-reproduktory;18;18;0
48960;48954;3;1;1;TV, audio a video > Audio technika > HiFi komponenty > AV receivery;av-receivery;19;19;0
48963;48954;3;1;1;TV, audio a video > Audio technika > HiFi komponenty > Zosilňovače;zosilnovace;17;17;0
48999;48954;3;1;1;TV, audio a video > Audio technika > HiFi komponenty > Gramofóny;gramofony;12;12;0
48975;48972;3;1;1;TV, audio a video > Audio technika > Slúchadlá > Drôtové slúchadlá;drotove-sluchadla;53;53;0
49002;48972;3;0;1;TV, audio a video > Audio technika > Slúchadlá > Bezdrôtové slúchadlá;bezdrotove-sluchadla;93;194;0
49014;48972;3;1;1;TV, audio a video > Audio technika > Slúchadlá > True Bezdrôtové;true-bezdrotove;26;26;0
49038;48972;3;1;1;TV, audio a video > Audio technika > Slúchadlá > Príslušenstvo;prislusenstvo;99;99;0
48981;48978;2;0;1;TV, audio a video > Antény a satelity > Antény;anteny;10;89;0
49068;48978;2;0;1;TV, audio a video > Antény a satelity > Účastnické zásuvky;ucastnicke-zasuvky;11;20;0
49074;48978;2;0;1;TV, audio a video > Antény a satelity > Pasívne prvky;pasivne-prvky;19;55;0
49098;48978;2;0;1;TV, audio a video > Antény a satelity > Koaxiálne káble;koaxialne-kable;15;60;0
49116;48978;2;0;1;TV, audio a video > Antény a satelity > LNB konvertory;lnb-konvertory;31;40;0
49125;48978;2;0;1;TV, audio a video > Antény a satelity > Konektory;konektory-2;8;88;0
49131;48978;2;0;1;TV, audio a video > Antény a satelity > ZOSILŇOVAČE;zosilnovace-2;11;83;0
49137;48978;2;0;1;TV, audio a video > Antény a satelity > Satelitné príslušenstvo;satelitne-prislusenstvo;12;61;0
49182;48978;2;0;1;TV, audio a video > Antény a satelity > Zdroje a výhybky;zdroje-a-vyhybky;2;10;0
49191;48978;2;0;1;TV, audio a video > Antény a satelity > Konzoly, stožiare, uzemnenie;konzoly--stoziare--uzemnenie;1;293;0
49224;48978;2;0;1;TV, audio a video > Antény a satelity > SET-TOP-BOXY;set-top-boxy;6;26;0
49227;48978;2;0;1;TV, audio a video > Antény a satelity > SATELITNÉ PRIJÍMAČE;satelitne-prijimace;8;47;0
49335;48978;2;0;1;TV, audio a video > Antény a satelity > Satelitné antény;satelitne-anteny;3;12;0
49350;48978;2;1;1;TV, audio a video > Antény a satelity > Meracie prístroje;meracie-pristroje;10;10;0
49353;48978;2;0;1;TV, audio a video > Antény a satelity > Servis;servis;3;15;0
48984;48981;3;1;1;TV, audio a video > Antény a satelity > Antény > DVB-T antény;dvb-t-anteny;12;12;0
49071;48981;3;1;1;TV, audio a video > Antény a satelity > Antény > Antény VKV - FM - DAB+;anteny-vkv-fm-dab-;11;11;0
49158;48981;3;1;1;TV, audio a video > Antény a satelity > Antény > TV antény pokojové;tv-anteny-pokojove;13;13;0
49212;48981;3;1;1;TV, audio a video > Antény a satelity > Antény > TV antény vonkajšie;tv-anteny-vonkajsie;34;34;0
49215;48981;3;1;1;TV, audio a video > Antény a satelity > Antény > Antény pre obytné autá a lode;anteny-pre-obytne-auta-a-lode;9;9;0
49056;49002;4;1;1;TV, audio a video > Audio technika > Slúchadlá > Bezdrôtové slúchadlá > Náhlavné slúchadlá;nahlavne-sluchadla;45;45;0
49059;49002;4;1;1;TV, audio a video > Audio technika > Slúchadlá > Bezdrôtové slúchadlá > TWS slúchadlá;tws-sluchadla;56;56;0
49077;49005;2;0;1;TV, audio a video > Diaľkové ovládače > Satelitné ovládače;satelitne-ovladace;110;285;0
49104;49005;2;0;1;TV, audio a video > Diaľkové ovládače > Televízne ovládače;televizne-ovladace;52;474;0
49110;49005;2;0;1;TV, audio a video > Diaľkové ovládače > AUDIO (AUX);audio--aux;4;48;0
49119;49005;2;0;1;TV, audio a video > Diaľkové ovládače > Ovládače k DVB-T2;ovladace-k-dvb-t2;83;210;0
49152;49005;2;0;1;TV, audio a video > Diaľkové ovládače > Univerzálne ovládače;univerzalne-ovladace;8;17;0
49251;49005;2;1;1;TV, audio a video > Diaľkové ovládače > DVD;dvd;22;22;0
49383;49005;2;1;1;TV, audio a video > Diaľkové ovládače > VIDEO (VCR);video--vcr;14;14;0
49041;49011;3;1;1;TV, audio a video > Audio technika > Mikrofóny > Klopové mikrofóny;klopove-mikrofony;18;18;0
49065;49011;3;1;1;TV, audio a video > Audio technika > Mikrofóny > Hry;hry;8;8;0
49026;49017;2;1;1;TV, audio a video > AV káble > HDMI káble;hdmi-kable;14;14;0
49428;49017;2;0;1;TV, audio a video > AV káble > Video;video;1;10;0
49434;49017;2;0;1;TV, audio a video > AV káble > Computer;computer;5;27;0
49440;49017;2;1;1;TV, audio a video > AV káble > Anténa;antena;8;8;0
49257;49029;2;1;1;TV, audio a video > TV stolíky a držiaky > S odsazením a náklonem;s-odsazenim-a-naklonem;22;22;0
49398;49029;2;1;1;TV, audio a video > TV stolíky a držiaky > S náklonem;s-naklonem;12;12;0
49269;49068;3;1;1;TV, audio a video > Antény a satelity > Účastnické zásuvky > Víčka, krabice;vicka--krabice;9;9;0
49140;49074;3;0;1;TV, audio a video > Antény a satelity > Pasívne prvky > Rozbočovače;rozbocovace;6;28;0
49413;49074;3;1;1;TV, audio a video > Antény a satelity > Pasívne prvky > Odbočovače;odbocovace;8;8;0
49080;49077;3;1;1;TV, audio a video > Diaľkové ovládače > Satelitné ovládače > Amiko;amiko;36;36;0
49083;49077;3;1;1;TV, audio a video > Diaľkové ovládače > Satelitné ovládače > Ferguson;ferguson;9;9;0
49086;49077;3;1;1;TV, audio a video > Diaľkové ovládače > Satelitné ovládače > Globo;globo;9;9;0
49089;49077;3;1;1;TV, audio a video > Diaľkové ovládače > Satelitné ovládače > Opticum;opticum;9;9;0
49092;49077;3;1;1;TV, audio a video > Diaľkové ovládače > Satelitné ovládače > Optibox;optibox;12;12;0
49095;49077;3;1;1;TV, audio a video > Diaľkové ovládače > Satelitné ovládače > AB;ab;18;18;0
49188;49077;3;1;1;TV, audio a video > Diaľkové ovládače > Satelitné ovládače > Zircon;zircon;10;10;0
49245;49077;3;1;1;TV, audio a video > Diaľkové ovládače > Satelitné ovládače > Strong;strong;13;13;0
49299;49077;3;1;1;TV, audio a video > Diaľkové ovládače > Satelitné ovládače > Octagon;octagon;12;12;0
49302;49077;3;1;1;TV, audio a video > Diaľkové ovládače > Satelitné ovládače > Topfield;topfield;14;14;0
49374;49077;3;1;1;TV, audio a video > Diaľkové ovládače > Satelitné ovládače > GoSat;gosat;14;14;0
49380;49077;3;1;1;TV, audio a video > Diaľkové ovládače > Satelitné ovládače > Opensat;opensat;9;9;0
49416;49077;3;1;1;TV, audio a video > Diaľkové ovládače > Satelitné ovládače > HD-BOX;hd-box;10;10;0
49101;49098;3;1;1;TV, audio a video > Antény a satelity > Koaxiálne káble > Vonkajšie;vonkajsie;9;9;0
49164;49098;3;1;1;TV, audio a video > Antény a satelity > Koaxiálne káble > Vnútorné;vnutorne;24;24;0
49392;49098;3;1;1;TV, audio a video > Antény a satelity > Koaxiálne káble > Metráž;metraz-2;12;12;0
49107;49104;3;1;1;TV, audio a video > Diaľkové ovládače > Televízne ovládače > Panasonic;panasonic;56;56;0
49149;49104;3;1;1;TV, audio a video > Diaľkové ovládače > Televízne ovládače > Hyundai;hyundai;14;14;0
49197;49104;3;1;1;TV, audio a video > Diaľkové ovládače > Televízne ovládače > Samsung;samsung;66;66;0
49200;49104;3;1;1;TV, audio a video > Diaľkové ovládače > Televízne ovládače > LG;lg;102;102;0
49209;49104;3;1;1;TV, audio a video > Diaľkové ovládače > Televízne ovládače > Finlux;finlux;12;12;0
49248;49104;3;1;1;TV, audio a video > Diaľkové ovládače > Televízne ovládače > Toshiba;toshiba;11;11;0
49254;49104;3;1;1;TV, audio a video > Diaľkové ovládače > Televízne ovládače > Orava;orava;8;8;0
49281;49104;3;1;1;TV, audio a video > Diaľkové ovládače > Televízne ovládače > Philips;philips;14;14;0
49308;49104;3;1;1;TV, audio a video > Diaľkové ovládače > Televízne ovládače > Sencor;sencor-2;33;33;0
49317;49104;3;1;1;TV, audio a video > Diaľkové ovládače > Televízne ovládače > Sony;sony;30;30;0
49377;49104;3;1;1;TV, audio a video > Diaľkové ovládače > Televízne ovládače > Sharp;sharp;15;15;0
49386;49104;3;1;1;TV, audio a video > Diaľkové ovládače > Televízne ovládače > Changhong;changhong;16;16;0
49389;49104;3;1;1;TV, audio a video > Diaľkové ovládače > Televízne ovládače > Telefunken;telefunken;10;10;0
49401;49104;3;1;1;TV, audio a video > Diaľkové ovládače > Televízne ovládače > Gogen;gogen-2;16;16;0
49404;49104;3;1;1;TV, audio a video > Diaľkové ovládače > Televízne ovládače > Hitachi;hitachi;11;11;0
49425;49104;3;1;1;TV, audio a video > Diaľkové ovládače > Televízne ovládače > ECG;ecg;8;8;0
49113;49110;3;1;1;TV, audio a video > Diaľkové ovládače > AUDIO (AUX) > Panasonic;panasonic-2;44;44;0
49365;49116;3;1;1;TV, audio a video > Antény a satelity > LNB konvertory > Singl 1 TV;singl-1-tv;9;9;0
49122;49119;3;1;1;TV, audio a video > Diaľkové ovládače > Ovládače k DVB-T2 > Amiko;amiko-2;11;11;0
49155;49119;3;1;1;TV, audio a video > Diaľkové ovládače > Ovládače k DVB-T2 > Alma;alma;15;15;0
49161;49119;3;1;1;TV, audio a video > Diaľkové ovládače > Ovládače k DVB-T2 > Tesla;tesla;23;23;0
49236;49119;3;1;1;TV, audio a video > Diaľkové ovládače > Ovládače k DVB-T2 > Mascom;mascom;11;11;0
49275;49119;3;1;1;TV, audio a video > Diaľkové ovládače > Ovládače k DVB-T2 > GoGEN;gogen;8;8;0
49278;49119;3;1;1;TV, audio a video > Diaľkové ovládače > Ovládače k DVB-T2 > Sencor;sencor;8;8;0
49329;49119;3;1;1;TV, audio a video > Diaľkové ovládače > Ovládače k DVB-T2 > Emos;emos;8;8;0
49359;49119;3;1;1;TV, audio a video > Diaľkové ovládače > Ovládače k DVB-T2 > Strong;strong-2;12;12;0
49395;49119;3;1;1;TV, audio a video > Diaľkové ovládače > Ovládače k DVB-T2 > Telesystem;telesystem;14;14;0
49407;49119;3;1;1;TV, audio a video > Diaľkové ovládače > Ovládače k DVB-T2 > Opticum;opticum-2;8;8;0
49422;49119;3;1;1;TV, audio a video > Diaľkové ovládače > Ovládače k DVB-T2 > Wiwa;wiwa;9;9;0
49128;49125;3;1;1;TV, audio a video > Antény a satelity > Konektory > Montážne náradie;montazne-naradie;14;14;0
49170;49125;3;1;1;TV, audio a video > Antény a satelity > Konektory > F konektory;f-konektory;22;22;0
49179;49125;3;1;1;TV, audio a video > Antény a satelity > Konektory > Redukcie;redukcie;20;20;0
49266;49125;3;1;1;TV, audio a video > Antény a satelity > Konektory > Kompresné a krimpovacie;kompresne-a-krimpovacie;12;12;0
49272;49125;3;1;1;TV, audio a video > Antény a satelity > Konektory > IEC konektory;iec-konektory;12;12;0
49134;49131;3;1;1;TV, audio a video > Antény a satelity > ZOSILŇOVAČE > Programovatelné;programovatelne;16;16;0
49143;49131;3;1;1;TV, audio a video > Antény a satelity > ZOSILŇOVAČE > K anténě;k-antene;20;20;0
49146;49131;3;1;1;TV, audio a video > Antény a satelity > ZOSILŇOVAČE > Domové;domove;36;36;0
49176;49137;3;1;1;TV, audio a video > Antény a satelity > Satelitné príslušenstvo > Rozbočovače satelitné;rozbocovace-satelitne;8;8;0
49311;49137;3;1;1;TV, audio a video > Antény a satelity > Satelitné príslušenstvo > Motory;motory;0;0;1
49314;49137;3;0;1;TV, audio a video > Antény a satelity > Satelitné príslušenstvo > Multipřepínače;multiprepinace;24;32;0
49332;49137;3;1;1;TV, audio a video > Antény a satelity > Satelitné príslušenstvo > Multifeed LNB držiaky;multifeed-lnb-drziaky;9;9;0
49167;49140;4;1;1;TV, audio a video > Antény a satelity > Pasívne prvky > Rozbočovače > Televízne;televizne;14;14;0
49173;49140;4;1;1;TV, audio a video > Antény a satelity > Pasívne prvky > Rozbočovače > Satelitné;satelitne;8;8;0
49362;49152;3;1;1;TV, audio a video > Diaľkové ovládače > Univerzálne ovládače > Programovatelné;programovatelne-2;9;9;0
49185;49182;3;1;1;TV, audio a video > Antény a satelity > Zdroje a výhybky > Napájacie zdroje k zesilovači;napajacie-zdroje-k-zesilovaci;8;8;0
49194;49191;3;0;1;TV, audio a video > Antény a satelity > Konzoly, stožiare, uzemnenie > Držiaky stožiarov;drziaky-stoziarov;15;75;0
49203;49191;3;0;1;TV, audio a video > Antény a satelity > Konzoly, stožiare, uzemnenie > Konzoly so strmeňom;konzoly-so-strmenom;3;28;0
49218;49191;3;0;1;TV, audio a video > Antény a satelity > Konzoly, stožiare, uzemnenie > Spojovací a kotviaci materiál, chémia;spojovaci-a-kotviaci-material--chemia;12;57;0
49239;49191;3;0;1;TV, audio a video > Antény a satelity > Konzoly, stožiare, uzemnenie > Konzoly na stěnu;konzoly-na-stenu;16;36;0
49320;49191;3;0;1;TV, audio a video > Antény a satelity > Konzoly, stožiare, uzemnenie > Stožiare a trojnožky;stoziare-a-trojnozky;10;41;0
49326;49191;3;1;1;TV, audio a video > Antény a satelity > Konzoly, stožiare, uzemnenie > Strmene a spojky;strmene-a-spojky;15;15;0
49368;49191;3;0;1;TV, audio a video > Antény a satelity > Konzoly, stožiare, uzemnenie > Uzemnenie, hromosvody;uzemnenie--hromosvody;12;29;0
49419;49191;3;1;1;TV, audio a video > Antény a satelity > Konzoly, stožiare, uzemnenie > Príslušenstvo k stožiarom;prislusenstvo-k-stoziarom;11;11;0
49206;49194;4;1;1;TV, audio a video > Antény a satelity > Konzoly, stožiare, uzemnenie > Držiaky stožiarov > Vlnky a objímky;vlnky-a-objimky;9;9;0
49341;49194;4;1;1;TV, audio a video > Antény a satelity > Konzoly, stožiare, uzemnenie > Držiaky stožiarov > Na stenu pevné;na-stenu-pevne;18;18;0
49347;49194;4;1;1;TV, audio a video > Antény a satelity > Konzoly, stožiare, uzemnenie > Držiaky stožiarov > Na stenu nastaviteľné;na-stenu-nastavitelne;33;33;0
49287;49203;4;1;1;TV, audio a video > Antény a satelity > Konzoly, stožiare, uzemnenie > Konzoly so strmeňom > Na balkón (horizontálne);na-balkon--horizontalne;10;10;0
49290;49203;4;1;1;TV, audio a video > Antény a satelity > Konzoly, stožiare, uzemnenie > Konzoly so strmeňom > Na stožiar (vertikálne);na-stoziar--vertikalne;15;15;0
49221;49218;4;1;1;TV, audio a video > Antény a satelity > Konzoly, stožiare, uzemnenie > Spojovací a kotviaci materiál, chémia > Vruty, hmoždinky;vruty--hmozdinky;17;17;0
49263;49218;4;1;1;TV, audio a video > Antény a satelity > Konzoly, stožiare, uzemnenie > Spojovací a kotviaci materiál, chémia > Izolačné pásky;izolacne-pasky-2;17;17;0
49305;49218;4;1;1;TV, audio a video > Antény a satelity > Konzoly, stožiare, uzemnenie > Spojovací a kotviaci materiál, chémia > Sťahovacie pásky;stahovacie-pasky-2;11;11;0
49260;49224;3;1;1;TV, audio a video > Antény a satelity > SET-TOP-BOXY > DVB-T2 H.265 HEVC;dvb-t2-h-265-hevc;20;20;0
49230;49227;3;1;1;TV, audio a video > Antény a satelity > SATELITNÉ PRIJÍMAČE > Prijímače s OS Linux;prijimace-s-os-linux;14;14;0
49233;49227;3;1;1;TV, audio a video > Antény a satelity > SATELITNÉ PRIJÍMAČE > Prijímače ULTRA HD 4K;prijimace-ultra-hd-4k;12;12;0
49284;49227;3;1;1;TV, audio a video > Antény a satelity > SATELITNÉ PRIJÍMAČE > Prijímače s UNI čítačkou;prijimace-s-uni-citackou;13;13;0
49242;49239;4;1;1;TV, audio a video > Antény a satelity > Konzoly, stožiare, uzemnenie > Konzoly na stěnu > Držiaky k oknu;drziaky-k-oknu;10;10;0
49293;49239;4;1;1;TV, audio a video > Antény a satelity > Konzoly, stožiare, uzemnenie > Konzoly na stěnu > S T základnou;s-t-zakladnou;10;10;0
49410;49314;4;1;1;TV, audio a video > Antény a satelity > Satelitné príslušenstvo > Multipřepínače > 2 družice;2-druzice;8;8;0
49323;49320;4;1;1;TV, audio a video > Antény a satelity > Konzoly, stožiare, uzemnenie > Stožiare a trojnožky > Trojnožky na rovné střechy;trojnozky-na-rovne-strechy;9;9;0
49344;49320;4;1;1;TV, audio a video > Antény a satelity > Konzoly, stožiare, uzemnenie > Stožiare a trojnožky > Jednodílné stožiare;jednodilne-stoziare;22;22;0
49338;49335;3;1;1;TV, audio a video > Antény a satelity > Satelitné antény > Paraboly;paraboly;9;9;0
49356;49353;3;1;1;TV, audio a video > Antény a satelity > Servis > Náhradné diely;nahradne-diely;12;12;0
49371;49368;4;1;1;TV, audio a video > Antény a satelity > Konzoly, stožiare, uzemnenie > Uzemnenie, hromosvody > Zemniace svorky;zemniace-svorky;17;17;0
49431;49428;3;1;1;TV, audio a video > AV káble > Video > HDMI;hdmi;9;9;0
49437;49434;3;1;1;TV, audio a video > AV káble > Computer > USB;usb-2;22;22;0
