id;name;indexName;description;webUrl;inMenu;inList;metaTitle;metaDescription;manufacturingCompanyName;postalAddress;contactEmail;europeanResellerManufacturingCompanyName;europeanResellerPostalAddress;europeanResellerContactEmail;
"129";"Solight";"solight";"<p>Solight je česká značka spotrebnej elektroinštalácie a osvetlenia s veľmi širokým záberom – od LED žiaroviek a svietidiel cez predlžovacie káble, zásuvky a vidlice až po vianočné osvetlenie, zvončeky, anténnu techniku a meraciu techniku. Ide o dostupný sortiment pre bežnú domácnosť aj drobné inštalačné práce.</p><p>Značku Solight nájdete na PremiumStore.sk v kategóriách <a href=""/led-osvetlenie/"">LED osvetlenie</a>, <a href=""/predlzovacky--zasuvky--vidlica/"">Predlžovacie káble a vidlice</a>, <a href=""/ostatne-27/"">Ostatné</a> a <a href=""/vianocne-osvetlenie/"">Vianočné osvetlenie</a>.</p>";"";"0";"1";"Solight – LED osvetlenie a elektroinštalácia | PremiumStore.sk";"Solight je česká značka spotrebnej elektroinštalácie a osvetlenia s veľmi širokým záberom – od LED žiaroviek a svietidiel cez predlžovacie káble, zásuvky a…";"";"";"";"";"";"";
"96";"Emos";"emos";"<p>EMOS je jeden z najväčších českých dodávateľov elektroinštalačného materiálu a osvetlenia. Ponuka zahŕňa LED žiarovky a svietidlá, predlžovacie káble a prívodné šnúry, vianočné osvetlenie, batérie, meraciu techniku aj prvky smart domácnosti pod radom EMOS GoSmart.</p><p>Značku Emos nájdete na PremiumStore.sk v kategóriách <a href=""/led-osvetlenie/"">LED osvetlenie</a>, <a href=""/predlzovacky--zasuvky--vidlica/"">Predlžovacie káble a vidlice</a>, <a href=""/vianocne-osvetlenie/"">Vianočné osvetlenie</a> a <a href=""/osvetlenie/"">Osvetlenie</a>.</p>";"";"0";"1";"Emos – osvetlenie, káble a smart domácnosť | PremiumStore.sk";"EMOS je jeden z najväčších českých dodávateľov elektroinštalačného materiálu a osvetlenia. Ponuka zahŕňa LED žiarovky a svietidlá, predlžovacie káble a…";"";"";"";"";"";"";
"1734";"Monacor";"monacor";"<p>Monacor International je nemecký výrobca profesionálnej audio techniky s vyše päťdesiatročnou históriou. Pokrýva celý reťazec ozvučenia – 100V rozhlasové a evakuačné systémy, reproduktory a reproduktorové meniče, zosilňovače, mixpulty, pódiovú a DJ techniku, káble, konektory a inštalačný materiál. Popri vlastnej značke zastrešuje aj rady IMG Stage Line a JTS.</p><p>Značku Monacor nájdete na PremiumStore.sk v kategóriách <a href=""/plosne-ozvucenie--100v-rozhlasove-ozvucenie/"">Plošné ozvučenie (100V rozhlasové ozvučenie)</a>, <a href=""/reproduktory-5/"">Reproduktory</a>, <a href=""/podium--diskoteka--dj/"">Pódium, diskotéka, DJ</a> a <a href=""/kable--konektory-a-redukcie/"">Káble, konektory a redukcie</a>.</p>";"";"0";"1";"Monacor – profesionálna audio technika | PremiumStore.sk";"Monacor International je nemecký výrobca profesionálnej audio techniky s vyše päťdesiatročnou históriou. Pokrýva celý reťazec ozvučenia – 100V rozhlasové a…";"";"";"";"";"";"";
"198";"Compass";"compass";"<p>COMPASS je česká značka autopríslušenstva a vybavenia do garáže. Najsilnejšia je v stieračoch, poťahoch, organizéroch, autokozmetike a povinnej výbave, dopĺňa ju dielenské náradie, zdviháky, štartovacie káble a bezpečnostné prvky do vozidla.</p><p>Značku Compass nájdete na PremiumStore.sk v kategóriách <a href=""/vybavenie-auta/"">Príslušenstvo do auta</a>, <a href=""/garaz--dielna--servis/"">Garáž, dielňa, servis</a>, <a href=""/bezpecnost/"">Bezpečnosť</a> a <a href=""/autoradia/"">Elektronika do auta</a>.</p>";"";"0";"1";"Compass – autopríslušenstvo a dielenské vybavenie | PremiumStore.sk";"COMPASS je česká značka autopríslušenstva a vybavenia do garáže. Najsilnejšia je v stieračoch, poťahoch, organizéroch, autokozmetike a povinnej výbave…";"";"";"";"";"";"";
"273";"Alien";"alien";"<p>ALIEN je značka náhradných diaľkových ovládačov, ktorá pokrýva stovky konkrétnych modelov televízorov, satelitných a DVB-T2 prijímačov aj DVD prehrávačov. Ovládač je vyrobený ako presná náhrada originálu pre daný model – netreba ho programovať ani párovať.</p><p>Značku Alien nájdete na PremiumStore.sk v kategóriách <a href=""/televizne-ovladace/"">Televízne ovládače</a>, <a href=""/satelitne-ovladace/"">Satelitné ovládače</a> a <a href=""/ovladace-k-dvb-t2/"">Ovládače k DVB-T2</a>.</p>";"";"0";"1";"Alien – náhradné diaľkové ovládače | PremiumStore.sk";"ALIEN je značka náhradných diaľkových ovládačov, ktorá pokrýva stovky konkrétnych modelov televízorov, satelitných a DVB-T2 prijímačov aj DVD prehrávačov…";"";"";"";"";"";"";
"78";"Sixtol";"sixtol";"<p>SIXTOL je česká značka náradia a vybavenia do dielne a garáže. V ponuke sú momentové kľúče, špeciálne servisné prípravky, gola sady, autokozmetika, odvlhčovače, ale aj záhradné náradie a drobná vzduchotechnika.</p><p>Značku Sixtol nájdete na PremiumStore.sk v kategóriách <a href=""/garaz--dielna--servis/"">Garáž, dielňa, servis</a>, <a href=""/vybavenie-auta/"">Príslušenstvo do auta</a>, <a href=""/vzduchotechnika/"">Vzduchotechnika</a> a <a href=""/osvetlenie/"">Osvetlenie</a>.</p>";"";"0";"1";"Sixtol – dielenské náradie a autopríslušenstvo | PremiumStore.sk";"SIXTOL je česká značka náradia a vybavenia do dielne a garáže. V ponuke sú momentové kľúče, špeciálne servisné prípravky, gola sady, autokozmetika…";"";"";"";"";"";"";
"66";"Eleman";"eleman";"<p>ELEMAN je český dodávateľ elektroinštalačného materiálu so zameraním na rozvádzačové prvky – svorky, svorkovnice, lišty, viečka a krabice, uzemňovacie svorky a montážny materiál pre elektrikárov. Dopĺňajú ho elektromery, spínacia technika a komponenty pre svietidlá.</p><p>Značku Eleman nájdete na PremiumStore.sk v kategóriách <a href=""/rozvadzacove-prvky/"">Rozvádzačové prvky</a>, <a href=""/elektromery-a-spinacie-technika/"">Elektromery a spínacie technika</a>, <a href=""/komponenty-pre-svietidla/"">Komponenty pre svietidlá</a> a <a href=""/vypinace--zasuvky--krabice/"">Vypínače a nástenné zásuvky</a>.</p>";"";"0";"1";"Eleman – rozvádzačové prvky a inštalačný materiál | PremiumStore.sk";"ELEMAN je český dodávateľ elektroinštalačného materiálu so zameraním na rozvádzačové prvky – svorky, svorkovnice, lišty, viečka a krabice, uzemňovacie svorky…";"";"";"";"";"";"";
"105";"Famatel";"famatel";"<p>Famatel je španielsky výrobca priemyselnej elektroinštalácie. Ťažiskom sú priemyselné zásuvky, vidlice a spojky radu SpeedPRO v krytí IP44 až IP67 pre 230 V aj 400 V, plus rozvodné skrine, rozvádzače a nástenné zásuvkové kombinácie.</p><p>Značku Famatel nájdete na PremiumStore.sk v kategóriách <a href=""/montazne-skrine-a-rozvadzace/"">Montážne skrine a rozvádzače</a>, <a href=""/predlzovacky--zasuvky--vidlica/"">Predlžovacie káble a vidlice</a> a <a href=""/vypinace--zasuvky--krabice/"">Vypínače a nástenné zásuvky</a>.</p>";"";"0";"1";"Famatel – priemyselné zásuvky a rozvádzače | PremiumStore.sk";"Famatel je španielsky výrobca priemyselnej elektroinštalácie. Ťažiskom sú priemyselné zásuvky, vidlice a spojky radu SpeedPRO v krytí IP44 až IP67 pre 230 V…";"";"";"";"";"";"";
"393";"Vents";"vents";"<p>VENTS je jeden z najväčších európskych výrobcov ventilačnej techniky. V ponuke sú kúpeľňové a kuchynské ventilátory, potrubné a priemyselné ventilátory, radiálne jednotky, rekuperácia a príslušenstvo k vzduchotechnickému potrubiu.</p><p>Značku Vents nájdete na PremiumStore.sk v kategóriách <a href=""/ventilacne-technika/"">Ventilačné technika</a> a <a href=""/montazne-skrine-a-rozvadzace/"">Montážne skrine a rozvádzače</a>.</p>";"";"0";"1";"Vents – ventilátory a vzduchotechnika | PremiumStore.sk";"VENTS je jeden z najväčších európskych výrobcov ventilačnej techniky. V ponuke sú kúpeľňové a kuchynské ventilátory, potrubné a priemyselné ventilátory…";"";"";"";"";"";"";
"1518";"Fixed";"fixed";"<p>FIXED je česká značka príslušenstva k mobilným telefónom. Sústreďuje sa na tvrdené ochranné sklá a fólie, kryty a puzdrá pre konkrétne modely telefónov, ďalej nabíjačky s technológiou GaN, káble a držiaky.</p><p>Značku Fixed nájdete na PremiumStore.sk v kategórii <a href=""/prislusenstvo-10/"">Príslušenstvo</a>.</p>";"";"0";"1";"Fixed – ochranné sklá a kryty na mobily | PremiumStore.sk";"FIXED je česká značka príslušenstva k mobilným telefónom. Sústreďuje sa na tvrdené ochranné sklá a fólie, kryty a puzdrá pre konkrétne modely telefónov…";"";"";"";"";"";"";
"291";"Uni-T";"uni-t";"<p>UNI-T (Uni-Trend) je popredný ázijský výrobca meracej techniky pre elektrikárov, servisných technikov aj laboratóriá. Sortiment siaha od digitálnych a kliešťových multimetrov cez termokamery, bezkontaktné teplomery, testery elektroinštalácie a detektory až po osciloskopy, laboratórne zdroje a endoskopy. Rad PRO Line je určený na každodennú profesionálnu prevádzku.</p><p>Značku Uni-T nájdete na PremiumStore.sk v kategóriách <a href=""/meracie-technika/"">Meracia technika</a>, <a href=""/multimetre-a-klestove-merace/"">Multimetre a kliešťové merače</a>, <a href=""/infrateplomery-a-termokamery/"">Infrateplomery a termokamery</a> a <a href=""/meranie-neelektrickych-velicin/"">Meranie neelektrických veličín</a>.</p>";"";"0";"1";"Uni-T – profesionálna meracia technika | PremiumStore.sk";"UNI-T (Uni-Trend) je popredný ázijský výrobca meracej techniky pre elektrikárov, servisných technikov aj laboratóriá. Sortiment siaha od digitálnych a…";"";"";"";"";"";"";
"2901";"DBX BUSHIDO";"dbx-bushido";"<p>DBX BUSHIDO je poľská značka výstroje pre bojové športy a MMA. Vyrába rukavice, chrániče holení a hlavy, suspenzory, boxovacie vrecia, tréningové bloky aj doplnky pre grappling a box.</p><p>Značku DBX BUSHIDO nájdete na PremiumStore.sk v kategórii <a href=""/bojove-sporty/"">Bojové športy</a>.</p>";"";"0";"1";"DBX BUSHIDO – vybavenie pre bojové športy | PremiumStore.sk";"DBX BUSHIDO je poľská značka výstroje pre bojové športy a MMA. Vyrába rukavice, chrániče holení a hlavy, suspenzory, boxovacie vrecia, tréningové bloky aj…";"";"";"";"";"";"";
"2340";"Sunnylife";"sunnylife";"<p>Sunnylife vyrába príslušenstvo pre drony DJI a športové kamery GoPro, Insta360 aj DJI Osmo. Nájdete tu pristávacie podložky, ochranné kryty vrtúľ a gimbalov, držiaky tabletov k ovládačom, filtre, prepravné puzdrá a montážne adaptéry.</p><p>Značku Sunnylife nájdete na PremiumStore.sk v kategóriách <a href=""/prislusenstvo-pre-drony/"">Príslušenstvo pre drony</a>, <a href=""/pre-sportove-kamery-3/"">Príslušenstvo</a>, <a href=""/postroje--upevnovacie-prvky-a-drziaky-2/"">Selfie tyče</a> a <a href=""/filtre-2/"">Filtre</a>.</p>";"";"0";"1";"Sunnylife – príslušenstvo pre drony a akčné kamery | PremiumStore.sk";"Sunnylife vyrába príslušenstvo pre drony DJI a športové kamery GoPro, Insta360 aj DJI Osmo. Nájdete tu pristávacie podložky, ochranné kryty vrtúľ a gimbalov…";"";"";"";"";"";"";
"114";"Atos";"atos";"<p>ATOS je značka dodávateľa rovnakého mena, pod ktorou sa predávajú predovšetkým olovené a lítiové akumulátory, spájkovačky a spájkovacie príslušenstvo, konektory a drobné elektronické diely.</p><p>Značku Atos nájdete na PremiumStore.sk v kategóriách <a href=""/akumulatory-a-baterie/"">Akumulátory a batérie</a> a <a href=""/spajkovacky/"">Spájkovačky a trafospájkovačky</a>.</p>";"";"0";"1";"Atos – akumulátory a elektronické príslušenstvo | PremiumStore.sk";"ATOS je značka dodávateľa rovnakého mena, pod ktorou sa predávajú predovšetkým olovené a lítiové akumulátory, spájkovačky a spájkovacie príslušenstvo…";"";"";"";"";"";"";
"99";"Rebel Active";"rebel-active";"<p>REBEL ACTIVE je fitness rad značky Rebel. Zahŕňa liatinové kotúče a činky, nastaviteľné stojany, medicinbaly, gumy a expandéry, lavičky a doplnky pre domáce aj klubové posilňovanie.</p><p>Značku Rebel Active nájdete na PremiumStore.sk v kategóriách <a href=""/posilnovanie-a-fitness/"">Posilňovanie a fitness</a> a <a href=""/sportovni-vybavenie/"">Sportovní vybavenie</a>.</p>";"";"0";"1";"Rebel Active – posilňovanie a fitness vybavenie | PremiumStore.sk";"REBEL ACTIVE je fitness rad značky Rebel. Zahŕňa liatinové kotúče a činky, nastaviteľné stojany, medicinbaly, gumy a expandéry, lavičky a doplnky pre domáce…";"";"";"";"";"";"";
"2271";"Puluz";"puluz";"<p>PULUZ sa špecializuje na príslušenstvo pre športové kamery a fotografov. V ponuke sú selfie tyče a stabilizačné držiaky pre GoPro, DJI a Insta360, viackusové sady príslušenstva, fotoateliérové boxy, svetlá, statívy a prepravné puzdrá.</p><p>Značku Puluz nájdete na PremiumStore.sk v kategóriách <a href=""/pre-sportove-kamery-3/"">Príslušenstvo</a>, <a href=""/postroje--upevnovacie-prvky-a-drziaky-2/"">Selfie tyče</a>, <a href=""/fotoatelier-2/"">Fotoateliér</a> a <a href=""/audio-technika/"">Audio technika</a>.</p>";"";"0";"1";"Puluz – príslušenstvo pre akčné kamery a foto | PremiumStore.sk";"PULUZ sa špecializuje na príslušenstvo pre športové kamery a fotografov. V ponuke sú selfie tyče a stabilizačné držiaky pre GoPro, DJI a Insta360, viackusové…";"";"";"";"";"";"";
"126";"Orno";"orno";"<p>ORNO je poľský výrobca elektroinštalačného materiálu. Ťažiskom sú vypínače a zásuvky vrátane zapustených verzií s USB, predlžovacie prívody, domové videovrátniky a zvončeky, elektromery, časové spínače a rozvádzačové prvky.</p><p>Značku Orno nájdete na PremiumStore.sk v kategóriách <a href=""/vypinace--zasuvky--krabice/"">Vypínače a nástenné zásuvky</a>, <a href=""/predlzovacky--zasuvky--vidlica/"">Predlžovacie káble a vidlice</a>, <a href=""/zabezpecenie/"">Zabezpečenie</a> a <a href=""/elektromery-a-spinacie-technika/"">Elektromery a spínacie technika</a>.</p>";"";"0";"1";"Orno – vypínače, zásuvky a spínacia technika | PremiumStore.sk";"ORNO je poľský výrobca elektroinštalačného materiálu. Ťažiskom sú vypínače a zásuvky vrátane zapustených verzií s USB, predlžovacie prívody, domové…";"";"";"";"";"";"";
"252";"Cp Plus";"cp-plus";"<p>CP PLUS je výrobca kamerových a zabezpečovacích systémov pre domácnosti aj firmy. Ponúka analógové 4v1 aj IP kamery (dome, bullet, antivandal), rekordéry, napájacie zdroje a montážne držiaky.</p><p>Značku Cp Plus nájdete na PremiumStore.sk v kategórii <a href=""/kamerove-systemy/"">Kamerové systémy</a>.</p>";"";"0";"1";"Cp Plus – kamerové a zabezpečovacie systémy | PremiumStore.sk";"CP PLUS je výrobca kamerových a zabezpečovacích systémov pre domácnosti aj firmy. Ponúka analógové 4v1 aj IP kamery (dome, bullet, antivandal), rekordéry…";"";"";"";"";"";"";
"1197";"Leifheit";"leifheit";"<p>Leifheit je nemecká značka pomôcok pre domácnosť s dôrazom na kvalitu spracovania. Špecializuje sa na upratovanie – mopy radu Twist a Clean Twist, sušiaky Pegasus, umývače okien – a na žehlenie, kde ponúka žehliace dosky a poťahy. Dopĺňajú ju kuchynské pomôcky a vákuovanie potravín.</p><p>Značku Leifheit nájdete na PremiumStore.sk v kategóriách <a href=""/upratovacie-pomocky/"">Upratovacie pomôcky</a>, <a href=""/zehlicky/"">Žehličky</a> a <a href=""/kuchynske-potreby/"">Kuchynské potreby</a>.</p>";"";"0";"1";"Leifheit – upratovacie pomôcky a žehlenie | PremiumStore.sk";"Leifheit je nemecká značka pomôcok pre domácnosť s dôrazom na kvalitu spracovania. Špecializuje sa na upratovanie – mopy radu Twist a Clean Twist, sušiaky…";"";"";"";"";"";"";
"1350";"Aligator";"aligator";"<p>Aligator je česká značka mobilného príslušenstva a jednoduchých telefónov. Vyrába ochranné sklá a kryty pre konkrétne modely, GaN nabíjačky, káble, powerbanky a tlačidlové telefóny so zjednodušeným ovládaním, vhodné aj pre seniorov.</p><p>Značku Aligator nájdete na PremiumStore.sk v kategórii <a href=""/prislusenstvo-10/"">Príslušenstvo</a>.</p>";"";"0";"1";"Aligator – príslušenstvo k mobilom a tlačidlové telefóny | PremiumStore.sk";"Aligator je česká značka mobilného príslušenstva a jednoduchých telefónov. Vyrába ochranné sklá a kryty pre konkrétne modely, GaN nabíjačky, káble…";"";"";"";"";"";"";
"243";"Arduino";"arduino";"<p>Pod hlavičkou Arduino nájdete vývojové dosky a hlavne moduly pre elektroniku a kutilské projekty – napájacie a step-down meniče, stabilizované zdroje, senzory, displeje, ultrazvukové merače vzdialenosti a držiaky k nim.</p><p>Značku Arduino nájdete na PremiumStore.sk v kategórii <a href=""/elektronicke-suciastky/"">Elektronické súčiastky</a>.</p>";"";"0";"1";"Arduino – elektronické moduly a súčiastky | PremiumStore.sk";"Pod hlavičkou Arduino nájdete vývojové dosky a hlavne moduly pre elektroniku a kutilské projekty – napájacie a step-down meniče, stabilizované zdroje…";"";"";"";"";"";"";
"582";"Console";"console";"<p>CONSOLE je značka montážneho materiálu pre anténnu a satelitnú techniku. Ponúka stožiare, nástenné a balkónové konzoly, krížové spojky trubiek, vzpery a strmene v žiarovo zinkovanom prevedení pre vonkajšie použitie.</p><p>Značku Console nájdete na PremiumStore.sk v kategórii <a href=""/anteny-a-satelity/"">Antény a satelity</a>.</p>";"";"0";"1";"Console – anténne stožiare a konzoly | PremiumStore.sk";"CONSOLE je značka montážneho materiálu pre anténnu a satelitnú techniku. Ponúka stožiare, nástenné a balkónové konzoly, krížové spojky trubiek, vzpery a…";"";"";"";"";"";"";
"903";"Pioneer";"pioneer";"<p>Pioneer je japonská značka car audio s dlhou históriou. V našej ponuke sú predovšetkým autorádiá, multimediálne jednotky, reproduktory do auta a príslušenstvo k nim vrátane diaľkových ovládaní.</p><p>Značku Pioneer nájdete na PremiumStore.sk v kategórii <a href=""/autoradia/"">Elektronika do auta</a>.</p>";"";"0";"1";"Pioneer – autorádiá a reproduktory do auta | PremiumStore.sk";"Pioneer je japonská značka car audio s dlhou históriou. V našej ponuke sú predovšetkým autorádiá, multimediálne jednotky, reproduktory do auta a…";"";"";"";"";"";"";
"900";"Bose Pro";"bose-pro";"<p>Bose Professional je profesionálna vetva značky Bose. Zahŕňa inštalačné reproduktory, modulárne line array systémy Panaray, zónové zosilňovače a procesory pre ozvučenie reštaurácií, predajní, hotelov a konferenčných priestorov.</p><p>Značku Bose Pro nájdete na PremiumStore.sk v kategóriách <a href=""/plosne-ozvucenie--100v-rozhlasove-ozvucenie/"">Plošné ozvučenie (100V rozhlasové ozvučenie)</a>, <a href=""/audio-technika/"">Audio technika</a>, <a href=""/podium--diskoteka--dj/"">Pódium, diskotéka, DJ</a> a <a href=""/reproduktory-2/"">Reproduktory</a>.</p>";"";"0";"1";"Bose Pro – profesionálne ozvučenie Bose | PremiumStore.sk";"Bose Professional je profesionálna vetva značky Bose. Zahŕňa inštalačné reproduktory, modulárne line array systémy Panaray, zónové zosilňovače a procesory…";"";"";"";"";"";"";
"81";"Rebel";"rebel";"<p>REBEL je široká značka dostupnej spotrebnej elektroniky a potrieb pre domácnosť. V ponuke nájdete chovateľské potreby, hračky, inštalačné náradie a drobný sortiment do dielne aj domácnosti.</p><p>Značku Rebel nájdete na PremiumStore.sk v kategóriách <a href=""/chovatelske-potreby/"">Chovateľské potreby</a>, <a href=""/hracky/"">Hračky</a>, <a href=""/instalacne-naradie-a-ostatne-material/"">Inštalačné náradie a ostatné materiál</a> a <a href=""/zdravotni-potreby/"">Zdravotní potreby</a>.</p>";"";"0";"1";"Rebel – domáce a chovateľské potreby | PremiumStore.sk";"REBEL je široká značka dostupnej spotrebnej elektroniky a potrieb pre domácnosť. V ponuke nájdete chovateľské potreby, hračky, inštalačné náradie a drobný…";"";"";"";"";"";"";
"2373";"Freewell";"freewell";"<p>Freewell vyrába optické filtre a príslušenstvo pre drony DJI a akčné kamery. Špecializuje sa na ND a polarizačné filtre v sadách pre konkrétne modely, ktoré umožňujú natáčať s korektnou expozíciou a plynulým pohybom aj v silnom svetle.</p><p>Značku Freewell nájdete na PremiumStore.sk v kategóriách <a href=""/prislusenstvo-pre-drony/"">Príslušenstvo pre drony</a>, <a href=""/filtre-2/"">Filtre</a> a <a href=""/pre-sportove-kamery-3/"">Príslušenstvo</a>.</p>";"";"0";"1";"Freewell – filtre pre drony a akčné kamery | PremiumStore.sk";"Freewell vyrába optické filtre a príslušenstvo pre drony DJI a akčné kamery. Špecializuje sa na ND a polarizačné filtre v sadách pre konkrétne modely, ktoré…";"";"";"";"";"";"";
"636";"Tp-Link";"tp-link";"<p>TP-Link je jeden z najrozšírenejších výrobcov sieťových zariadení. Ponúka Wi-Fi routery a mesh systémy, switche, prístupové body, powerline adaptéry, IP kamery Tapo a prvky smart domácnosti.</p><p>Značku Tp-Link nájdete na PremiumStore.sk v kategóriách <a href=""/sietove-prvky-2/"">Sieťové prvky</a>, <a href=""/ip-kamery-3/"">IP kamery</a>, <a href=""/smart-domacnost/"">Smart domácnosť</a> a <a href=""/vysavace/"">Vysávače</a>.</p>";"";"0";"1";"Tp-Link – sieťové prvky a IP kamery | PremiumStore.sk";"TP-Link je jeden z najrozšírenejších výrobcov sieťových zariadení. Ponúka Wi-Fi routery a mesh systémy, switche, prístupové body, powerline adaptéry, IP…";"";"";"";"";"";"";
"84";"Kruger & Matz";"kruger-matz";"<p>Kruger & Matz je poľská značka dostupnej spotrebnej elektroniky. Záber má široký – slúchadlá a reproduktory, autorádiá a car audio, AV káble, televízory, tablety aj drobné spotrebiče.</p><p>Značku Kruger & Matz nájdete na PremiumStore.sk v kategóriách <a href=""/audio-technika/"">Audio technika</a>, <a href=""/av-kable/"">AV káble</a>, <a href=""/autoradia/"">Elektronika do auta</a> a <a href=""/usb-kable-4/"">USB káble</a>.</p>";"";"0";"1";"Kruger & Matz – spotrebná elektronika a audio | PremiumStore.sk";"Kruger & Matz je poľská značka dostupnej spotrebnej elektroniky. Záber má široký – slúchadlá a reproduktory, autorádiá a car audio, AV káble, televízory…";"";"";"";"";"";"";
"753";"Toya";"toya";"<p>TOYA je poľská skupina stojaca za náradím značiek YATO a VOREL. V ponuke nájdete stavebné a maliarske náradie, mechanické ručné náradie, brúsenie, vŕtanie a rezanie aj dielenské vybavenie pre profesionálov.</p><p>Značku Toya nájdete na PremiumStore.sk v kategóriách <a href=""/stavebne-a-maliarske-naradie/"">Stavebné a maliarske náradie</a>, <a href=""/mechanicke-naradie/"">Mechanické náradie</a>, <a href=""/naradie-pre-brusenie--vrtanie--rezanie-a-pilovanie/"">Náradie pre brúsenie, vŕtanie, rezanie a pilovanie</a> a <a href=""/sanitarna-technika/"">Sanitárna technika</a>.</p>";"";"0";"1";"Toya – ručné a elektrické náradie | PremiumStore.sk";"TOYA je poľská skupina stojaca za náradím značiek YATO a VOREL. V ponuke nájdete stavebné a maliarske náradie, mechanické ručné náradie, brúsenie, vŕtanie a…";"";"";"";"";"";"";
"1968";"JTS";"jts";"<p>JTS je výrobca mikrofónov a bezdrôtových prenosových systémov zo skupiny Monacor. Zameriava sa na dynamické a kondenzátorové mikrofóny, bezdrôtové sety, konferenčné a diskusné systémy a príslušenstvo pre pódiá aj inštalácie.</p><p>Značku JTS nájdete na PremiumStore.sk v kategóriách <a href=""/podium--diskoteka--dj/"">Pódium, diskotéka, DJ</a>, <a href=""/jts/"">JTS</a> a <a href=""/tlmocnicke--sprievodcovske-a-konferencne-systemy/"">Tlmočnícke, sprievodcovské a konferenčné systémy</a>.</p>";"";"0";"1";"JTS – mikrofóny a bezdrôtové systémy | PremiumStore.sk";"JTS je výrobca mikrofónov a bezdrôtových prenosových systémov zo skupiny Monacor. Zameriava sa na dynamické a kondenzátorové mikrofóny, bezdrôtové sety…";"";"";"";"";"";"";
"993";"Tefal";"tefal";"<p>Tefal je francúzska značka, ktorá preslávila nepriľnavý povrch panvíc. Dnes pokrýva široký rad kuchynských spotrebičov – fritézy a horkovzdušné fritézy, žehličky a naparovacie systémy, kuchynské roboty, hrnce a panvice.</p><p>Značku Tefal nájdete na PremiumStore.sk v kategóriách <a href=""/fritezy-a-hrnce/"">Fritézy a hrnce</a>, <a href=""/kuchynske-roboty-a-krajace/"">Kuchynské roboty a krájače</a>, <a href=""/zehlicky/"">Žehličky</a> a <a href=""/kuchynske-potreby/"">Kuchynské potreby</a>.</p>";"";"0";"1";"Tefal – kuchynské spotrebiče a riad | PremiumStore.sk";"Tefal je francúzska značka, ktorá preslávila nepriľnavý povrch panvíc. Dnes pokrýva široký rad kuchynských spotrebičov – fritézy a horkovzdušné fritézy…";"";"";"";"";"";"";
"2292";"Sonoff";"sonoff";"<p>SONOFF (ITEAD) je značka cenovo dostupnej smart domácnosti. Vyrába Wi-Fi a ZigBee spínače, relé moduly do rozvádzača, zásuvky, senzory teploty a pohybu, termostatické hlavice a bránu ZigBee, ovládateľné cez aplikáciu eWeLink.</p><p>Značku Sonoff nájdete na PremiumStore.sk v kategóriách <a href=""/riadiace-jednotky/"">Riadiace jednotky</a>, <a href=""/smart-domacnost/"">Smart domácnosť</a> a <a href=""/prislusenstvo-pre-zabezpecovacie-systemy/"">Príslušenstvo pre zabezpečovacie systémy</a>.</p>";"";"0";"1";"Sonoff – smart domácnosť a Wi-Fi spínače | PremiumStore.sk";"SONOFF (ITEAD) je značka cenovo dostupnej smart domácnosti. Vyrába Wi-Fi a ZigBee spínače, relé moduly do rozvádzača, zásuvky, senzory teploty a pohybu…";"";"";"";"";"";"";
"87";"Hms";"hms";"<p>HMS je poľská značka fitness vybavenia pre domáce cvičenie. Ponúka bežecké pásy, rotopedy a eliptické trenažéry, činky a kotúče, posilňovacie lavičky, steppery a masážne prístroje.</p><p>Značku Hms nájdete na PremiumStore.sk v kategóriách <a href=""/posilnovanie-a-fitness/"">Posilňovanie a fitness</a> a <a href=""/bojove-sporty/"">Bojové športy</a>.</p>";"";"0";"1";"Hms – fitness a posilňovacie vybavenie | PremiumStore.sk";"HMS je poľská značka fitness vybavenia pre domáce cvičenie. Ponúka bežecké pásy, rotopedy a eliptické trenažéry, činky a kotúče, posilňovacie lavičky…";"";"";"";"";"";"";
"2310";"darkFlash";"darkflash";"<p>darkFlash vyrába komponenty pre stavbu počítačov s dôrazom na vzhľad. V ponuke sú PC skrine s presklením, ARGB ventilátory a chladiče procesora, vodné chladenie a zdroje.</p><p>Značku darkFlash nájdete na PremiumStore.sk v kategórii <a href=""/herne-prislusenstvo-3/"">Herné príslušenstvo</a>.</p>";"";"0";"1";"darkFlash – PC skrine, chladenie a napájanie | PremiumStore.sk";"darkFlash vyrába komponenty pre stavbu počítačov s dôrazom na vzhľad. V ponuke sú PC skrine s presklením, ARGB ventilátory a chladiče procesora, vodné…";"";"";"";"";"";"";
"1062";"Samsung";"samsung";"<p>Samsung je globálny výrobca elektroniky. V našej ponuke sú televízory, monitory, domáce spotrebiče, dátové úložiská a pamäťové karty aj mobilné zariadenia a nositeľná elektronika.</p><p>Značku Samsung nájdete na PremiumStore.sk v kategóriách <a href=""/televizory/"">Televízory</a>, <a href=""/smart-telefony-2/"">Smart telefóny</a>, <a href=""/audio-technika/"">Audio technika</a> a <a href=""/prislusenstvo-k-tv--audio--video/"">Príslušenstvo</a>.</p>";"";"0";"1";"Samsung – spotrebná elektronika a spotrebiče | PremiumStore.sk";"Samsung je globálny výrobca elektroniky. V našej ponuke sú televízory, monitory, domáce spotrebiče, dátové úložiská a pamäťové karty aj mobilné zariadenia a…";"";"";"";"";"";"";
"897";"Behringer";"behringer";"<p>Behringer je značka dostupnej audio techniky pre štúdio aj pódium. Vyrába analógové a digitálne mixpulty, zosilňovače, aktívne reproboxy, zvukové karty, mikrofóny a efektové procesory.</p><p>Značku Behringer nájdete na PremiumStore.sk v kategóriách <a href=""/podium--diskoteka--dj/"">Pódium, diskotéka, DJ</a>, <a href=""/audio-technika/"">Audio technika</a>, <a href=""/kable--konektory-a-redukcie/"">Káble, konektory a redukcie</a> a <a href=""/profesionalna-audio-technika/"">Profesionálna audio technika</a>.</p>";"";"0";"1";"Behringer – mixpulty a štúdiová technika | PremiumStore.sk";"Behringer je značka dostupnej audio techniky pre štúdio aj pódium. Vyrába analógové a digitálne mixpulty, zosilňovače, aktívne reproboxy, zvukové karty…";"";"";"";"";"";"";
"204";"Ermenrich";"ermenrich";"<p>Ermenrich je značka meracej techniky a optiky zo skupiny Levenhuk. Ťažiskom sú laserové diaľkomery a vodováhy, optické aj laserové nivelačné prístroje, meracie pásma, priemyselné endoskopy a detektory vedení v stenách.</p><p>Značku Ermenrich nájdete na PremiumStore.sk v kategóriách <a href=""/meranie-neelektrickych-velicin/"">Meranie neelektrických veličín</a>, <a href=""/detektory/"">Detektory a lokátory</a>, <a href=""/nivelacne-pristroje/"">Nivelačné prístroje</a> a <a href=""/meradla-a-meracie-pasma/"">Meradlá a meracie pásma</a>.</p>";"";"0";"1";"Ermenrich – meracia technika a optika | PremiumStore.sk";"Ermenrich je značka meracej techniky a optiky zo skupiny Levenhuk. Ťažiskom sú laserové diaľkomery a vodováhy, optické aj laserové nivelačné prístroje…";"";"";"";"";"";"";
"2490";"MOVA";"mova";"<p>MOVA je značka robotiky pre domácnosť zo skupiny Dreame. Vyrába robotické vysávače s umývaním podláh a automatickými dokovacími stanicami, tyčové vysávače aj robotické kosačky na trávu.</p><p>Značku MOVA nájdete na PremiumStore.sk v kategóriách <a href=""/vysavace/"">Vysávače</a>, <a href=""/starostlivost-o-vlasy/"">Starostlivosť o vlasy</a>, <a href=""/domace-spotrebice/"">Domáce spotrebiče</a> a <a href=""/akumulatory--baterie-2/"">Akumulátory, batérie</a>.</p>";"";"0";"1";"MOVA – robotické vysávače a kosačky | PremiumStore.sk";"MOVA je značka robotiky pre domácnosť zo skupiny Dreame. Vyrába robotické vysávače s umývaním podláh a automatickými dokovacími stanicami, tyčové vysávače aj…";"";"";"";"";"";"";
"2697";"Sunlu";"sunlu";"<p>SUNLU je výrobca spotrebného materiálu pre 3D tlač. Ponúka filamenty PLA, PETG, ABS, TPU aj špeciálne varianty, živice pre SLA tlačiarne, sušičky filamentu a príslušenstvo.</p><p>Značku Sunlu nájdete na PremiumStore.sk v kategórii <a href=""/3d-tlac/"">3D tlač</a>.</p>";"";"0";"1";"Sunlu – filamenty a 3D tlač | PremiumStore.sk";"SUNLU je výrobca spotrebného materiálu pre 3D tlač. Ponúka filamenty PLA, PETG, ABS, TPU aj špeciálne varianty, živice pre SLA tlačiarne, sušičky filamentu a…";"";"";"";"";"";"";
"990";"Electrolux";"electrolux";"<p>Electrolux je švédsky výrobca domácich spotrebičov. V ponuke sú práčky a sušičky, umývačky riadu, chladničky a mrazničky, vstavané rúry a varné dosky aj vysávače a drobné kuchynské spotrebiče.</p><p>Značku Electrolux nájdete na PremiumStore.sk v kategóriách <a href=""/prislusenstvo-k-malym-spotrebicom/"">Príslušenstvo k malým spotrebičom</a>, <a href=""/varne-dosky/"">Varné dosky</a>, <a href=""/pracky/"">Práčky</a> a <a href=""/vstavane-umyvacky-riadu/"">Vstavané umývačky riadu</a>.</p>";"";"0";"1";"Electrolux – domáce spotrebiče | PremiumStore.sk";"Electrolux je švédsky výrobca domácich spotrebičov. V ponuke sú práčky a sušičky, umývačky riadu, chladničky a mrazničky, vstavané rúry a varné dosky aj…";"";"";"";"";"";"";
"2910";"GODOX";"godox";"<p>Godox je výrobca osvetľovacej techniky pre fotografov a filmárov. Vyrába systémové a štúdiové blesky, LED panely a videosvetlá, softboxy, statívy a rádiové odpaľovače kompatibilné s hlavnými značkami fotoaparátov.</p><p>Značku GODOX nájdete na PremiumStore.sk v kategóriách <a href=""/pre-sportove-kamery-3/"">Príslušenstvo</a> a <a href=""/fotoatelier-2/"">Fotoateliér</a>.</p>";"";"0";"1";"GODOX – fotografické osvetlenie a blesky | PremiumStore.sk";"Godox je výrobca osvetľovacej techniky pre fotografov a filmárov. Vyrába systémové a štúdiové blesky, LED panely a videosvetlá, softboxy, statívy a rádiové…";"";"";"";"";"";"";
"1731";"Img Stage Line";"img-stage-line";"<p>IMG Stage Line je pódiová a DJ značka skupiny Monacor. Zahŕňa aktívne a pasívne reproboxy, koncové zosilňovače, mixpulty, efektové a svetelné zariadenia, prehrávacie moduly a príslušenstvo pre živé ozvučenie.</p><p>Značku Img Stage Line nájdete na PremiumStore.sk v kategórii <a href=""/podium--diskoteka--dj/"">Pódium, diskotéka, DJ</a>.</p>";"";"0";"1";"Img Stage Line – pódiová a DJ technika | PremiumStore.sk";"IMG Stage Line je pódiová a DJ značka skupiny Monacor. Zahŕňa aktívne a pasívne reproboxy, koncové zosilňovače, mixpulty, efektové a svetelné zariadenia…";"";"";"";"";"";"";
"117";"Vcx";"vcx";"<p>VCX je značka komponentov pre elektroinštaláciu a fotovoltaiku. Ponúka MC4 konektory a rozbočovače pre solárne panely, manuálne prepínače sietí na DIN lištu, ističe a rozvádzačové prvky.</p><p>Značku Vcx nájdete na PremiumStore.sk v kategóriách <a href=""/istice-a-chranice/"">Ističe a chrániče</a>, <a href=""/rozvadzacove-prvky/"">Rozvádzačové prvky</a>, <a href=""/fotovoltaika/"">Fotovoltaika</a> a <a href=""/montazne-skrine-a-rozvadzace/"">Montážne skrine a rozvádzače</a>.</p>";"";"0";"1";"Vcx – fotovoltaické konektory a prepínače | PremiumStore.sk";"VCX je značka komponentov pre elektroinštaláciu a fotovoltaiku. Ponúka MC4 konektory a rozbočovače pre solárne panely, manuálne prepínače sietí na DIN lištu…";"";"";"";"";"";"";
"2004";"BoomTone DJ";"boomtone-dj";"<p>BoomTone DJ je francúzska značka svetelnej a DJ techniky. Vyrába LED svetelné efekty, pohyblivé hlavy, laserové projektory, výrobníky dymu a hmly a príslušenstvo pre mobilné diskotéky.</p><p>Značku BoomTone DJ nájdete na PremiumStore.sk v kategóriách <a href=""/svetla-2/"">Svetlá</a> a <a href=""/podium--diskoteka--dj/"">Pódium, diskotéka, DJ</a>.</p>";"";"0";"1";"BoomTone DJ – svetelné efekty a DJ technika | PremiumStore.sk";"BoomTone DJ je francúzska značka svetelnej a DJ techniky. Vyrába LED svetelné efekty, pohyblivé hlavy, laserové projektory, výrobníky dymu a hmly a…";"";"";"";"";"";"";
"2475";"Neewer";"neewer";"<p>Neewer je výrobca cenovo dostupného foto a video príslušenstva. Sortiment tvoria LED svetlá a softboxy, statívy a stabilizátory, mikrofóny, pozadia do fotoateliéru a držiaky pre kamery aj smartfóny.</p><p>Značku Neewer nájdete na PremiumStore.sk v kategóriách <a href=""/fotoatelier-2/"">Fotoateliér</a>, <a href=""/postroje--upevnovacie-prvky-a-drziaky-2/"">Selfie tyče</a>, <a href=""/pre-sportove-kamery-3/"">Príslušenstvo</a> a <a href=""/skladovanie-a-preprava-2/"">Skladovanie a preprava</a>.</p>";"";"0";"1";"Neewer – foto a video príslušenstvo | PremiumStore.sk";"Neewer je výrobca cenovo dostupného foto a video príslušenstva. Sortiment tvoria LED svetlá a softboxy, statívy a stabilizátory, mikrofóny, pozadia do…";"";"";"";"";"";"";
"186";"Levenhuk";"levenhuk";"<p>Levenhuk je značka optických prístrojov. Vyrába binokulárne ďalekohľady vrátane modelov s nočným videním, puškohľady, astronomické teleskopy, mikroskopy pre školy aj hobby a stolové či náhlavné lupy s LED osvetlením.</p><p>Značku Levenhuk nájdete na PremiumStore.sk v kategóriách <a href=""/dalekohlady/"">Ďalekohľady</a> a <a href=""/lupy/"">Lupy</a>.</p>";"";"0";"1";"Levenhuk – ďalekohľady, mikroskopy a lupy | PremiumStore.sk";"Levenhuk je značka optických prístrojov. Vyrába binokulárne ďalekohľady vrátane modelov s nočným videním, puškohľady, astronomické teleskopy, mikroskopy pre…";"";"";"";"";"";"";
"1068";"Niceboy";"niceboy";"<p>Niceboy je česká značka dostupnej spotrebnej elektroniky. Najznámejšia je slúchadlami a reproduktormi radu HIVE, tyčovými a robotickými vysávačmi ION Charles, elektrickými zubnými kefkami a autokamerami.</p><p>Značku Niceboy nájdete na PremiumStore.sk v kategóriách <a href=""/audio-technika/"">Audio technika</a>, <a href=""/starostlivost-o-zuby/"">Starostlivosť o zuby</a>, <a href=""/domace-spotrebice/"">Domáce spotrebiče</a> a <a href=""/starostlivost-o-vlasy/"">Starostlivosť o vlasy</a>.</p>";"";"0";"1";"Niceboy – spotrebná elektronika a vysávače | PremiumStore.sk";"Niceboy je česká značka dostupnej spotrebnej elektroniky. Najznámejšia je slúchadlami a reproduktormi radu HIVE, tyčovými a robotickými vysávačmi ION…";"";"";"";"";"";"";
"948";"Koma";"koma";"<p>KOMA je český výrobca náhradných dielov a spotrebného materiálu k domácim spotrebičom. Ponúka vrecká do vysávačov pre konkrétne modely ETA, Zelmer či Electrolux, filtre, hadice, kefky k elektrickým zubným kefkám a diely k práčkam.</p><p>Značku Koma nájdete na PremiumStore.sk v kategóriách <a href=""/prislusenstvo-k-malym-spotrebicom/"">Príslušenstvo k malým spotrebičom</a>, <a href=""/starostlivost-o-zuby/"">Starostlivosť o zuby</a> a <a href=""/pracky/"">Práčky</a>.</p>";"";"0";"1";"Koma – náhradné diely k spotrebičom | PremiumStore.sk";"KOMA je český výrobca náhradných dielov a spotrebného materiálu k domácim spotrebičom. Ponúka vrecká do vysávačov pre konkrétne modely ETA, Zelmer či…";"";"";"";"";"";"";
"192";"Teesa";"teesa";"<p>TEESA je poľská značka dostupných malých spotrebičov. Záber má široký – kuchynské pomôcky a variče, filtračné kanvice, lapače hmyzu, ventilátory a ohrievače, sanitárnu techniku aj drobnú elektroniku do domácnosti.</p><p>Značku Teesa nájdete na PremiumStore.sk v kategóriách <a href=""/grily--pekarne--varice/"">Grily, pekárne, variče</a>, <a href=""/vzduchotechnika/"">Vzduchotechnika</a>, <a href=""/sanitarna-technika/"">Sanitárna technika</a> a <a href=""/sendvicovace--hriankovace--vaflovace/"">Sendvičovače, hriankovače, vaflovače</a>.</p>";"";"0";"1";"Teesa – malé spotrebiče pre domácnosť | PremiumStore.sk";"TEESA je poľská značka dostupných malých spotrebičov. Záber má široký – kuchynské pomôcky a variče, filtračné kanvice, lapače hmyzu, ventilátory a ohrievače…";"";"";"";"";"";"";
"921";"Bose";"bose";"<p>Bose je americká značka, ktorá stavila na výskum akustiky a potlačenie hluku. V spotrebnej ponuke sú soundbary radu Smart a Lifestyle, prenosné aj domáce reproduktory, slúchadlá QuietComfort s aktívnym potlačením hluku a držiaky k nim.</p><p>Značku Bose nájdete na PremiumStore.sk v kategóriách <a href=""/audio-technika/"">Audio technika</a>, <a href=""/reproduktory-2/"">Reproduktory</a> a <a href=""/tv-stoliky-a-drziaky/"">TV stolíky a držiaky</a>.</p>";"";"0";"1";"Bose – soundbary, reproduktory a slúchadlá | PremiumStore.sk";"Bose je americká značka, ktorá stavila na výskum akustiky a potlačenie hluku. V spotrebnej ponuke sú soundbary radu Smart a Lifestyle, prenosné aj domáce…";"";"";"";"";"";"";
"2280";"Superfire";"superfire";"<p>Superfire vyrába výkonné LED svietidlá pre outdoor a prácu. Ponuka zahŕňa ručné baterky s dosahom cez 200 metrov, čelovky, pracovné a cyklistické svetlomety, väčšinou s USB nabíjaním a viacerými režimami svietenia.</p><p>Značku Superfire nájdete na PremiumStore.sk v kategóriách <a href=""/outdoor/"">Outdoor</a> a <a href=""/prislusenstvo-pre-bicykle/"">Príslušenstvo pre bicykle</a>.</p>";"";"0";"1";"Superfire – baterky, čelovky a svetlomety | PremiumStore.sk";"Superfire vyrába výkonné LED svietidlá pre outdoor a prácu. Ponuka zahŕňa ručné baterky s dosahom cez 200 metrov, čelovky, pracovné a cyklistické svetlomety…";"";"";"";"";"";"";
"2481";"ANYCUBIC";"anycubic";"<p>Anycubic je jeden z najrozšírenejších výrobcov 3D tlačiarní pre domácnosť a malé dielne. Vyrába FDM tlačiarne radu Kobra, živicové (SLA/MSLA) tlačiarne Photon, umývacie a vytvrdzovacie stanice Wash & Cure a spotrebný materiál.</p><p>Značku ANYCUBIC nájdete na PremiumStore.sk v kategórii <a href=""/3d-tlac/"">3D tlač</a>.</p>";"";"0";"1";"ANYCUBIC – 3D tlačiarne a príslušenstvo | PremiumStore.sk";"Anycubic je jeden z najrozšírenejších výrobcov 3D tlačiarní pre domácnosť a malé dielne. Vyrába FDM tlačiarne radu Kobra, živicové (SLA/MSLA) tlačiarne…";"";"";"";"";"";"";
"693";"Geko";"geko";"<p>GEKO je poľská značka dostupného náradia a záhradného vybavenia. V ponuke sú rezné a brúsne kotúče, ručné aj elektrické náradie, záhradné stroje, nepremokavé plachty, dielenské doplnky a autopríslušenstvo.</p><p>Značku Geko nájdete na PremiumStore.sk v kategóriách <a href=""/naradie-pre-brusenie--vrtanie--rezanie-a-pilovanie/"">Náradie pre brúsenie, vŕtanie, rezanie a pilovanie</a>, <a href=""/zahradne-doplnky/"">Záhradné doplnky</a>, <a href=""/zahradne-stroje/"">Záhradné stroje</a> a <a href=""/mechanicke-naradie/"">Mechanické náradie</a>.</p>";"";"0";"1";"Geko – náradie a záhradné vybavenie | PremiumStore.sk";"GEKO je poľská značka dostupného náradia a záhradného vybavenia. V ponuke sú rezné a brúsne kotúče, ručné aj elektrické náradie, záhradné stroje, nepremokavé…";"";"";"";"";"";"";
"372";"Yato";"yato";"<p>YATO je profesionálna značka náradia zo skupiny TOYA. Špecializuje sa na ručné náradie pre dielňu a servis – sady kľúčov (TORX, imbus, gola), kliešte, skrutkovače, momentové kľúče, brúsne a rezné príslušenstvo a dielenské vybavenie.</p><p>Značku Yato nájdete na PremiumStore.sk v kategóriách <a href=""/mechanicke-naradie/"">Mechanické náradie</a>, <a href=""/naradie-pre-brusenie--vrtanie--rezanie-a-pilovanie/"">Náradie pre brúsenie, vŕtanie, rezanie a pilovanie</a> a <a href=""/stavebne-a-maliarske-naradie/"">Stavebné a maliarske náradie</a>.</p>";"";"0";"1";"Yato – profesionálne ručné náradie | PremiumStore.sk";"YATO je profesionálna značka náradia zo skupiny TOYA. Špecializuje sa na ručné náradie pre dielňu a servis – sady kľúčov (TORX, imbus, gola), kliešte…";"";"";"";"";"";"";
"942";"Gorenje";"gorenje";"<p>Gorenje je slovinský výrobca domácich spotrebičov. V ponuke sú chladničky a mrazničky, práčky a sušičky, vstavané aj voľne stojace umývačky riadu, rúry a varné dosky.</p><p>Značku Gorenje nájdete na PremiumStore.sk v kategóriách <a href=""/chladnicky/"">Chladničky</a>, <a href=""/pracky/"">Práčky</a>, <a href=""/vstavane-umyvacky-riadu/"">Vstavané umývačky riadu</a> a <a href=""/umyvacky-riadu/"">Umývačky riadu</a>.</p>";"";"0";"1";"Gorenje – domáce spotrebiče | PremiumStore.sk";"Gorenje je slovinský výrobca domácich spotrebičov. V ponuke sú chladničky a mrazničky, práčky a sušičky, vstavané aj voľne stojace umývačky riadu, rúry a…";"";"";"";"";"";"";
"1074";"Domo";"domo";"<p>DOMO je belgická značka malých domácich spotrebičov. Zameriava sa na kuchyňu – fritézy a multifunkčné hrnce, grily, pekárne a variče, sendvičovače a vaflovače, mixéry, kávovary a prístroje na prípravu nápojov.</p><p>Značku Domo nájdete na PremiumStore.sk v kategóriách <a href=""/fritezy-a-hrnce/"">Fritézy a hrnce</a>, <a href=""/grily--pekarne--varice/"">Grily, pekárne, variče</a>, <a href=""/sendvicovace--hriankovace--vaflovace/"">Sendvičovače, hriankovače, vaflovače</a> a <a href=""/vysavace/"">Vysávače</a>.</p>";"";"0";"1";"Domo – malé kuchynské spotrebiče | PremiumStore.sk";"DOMO je belgická značka malých domácich spotrebičov. Zameriava sa na kuchyňu – fritézy a multifunkčné hrnce, grily, pekárne a variče, sendvičovače a…";"";"";"";"";"";"";
"57";"Tesla";"tesla";"<p>TESLA je tradičná česká elektrotechnická značka, ktorá dnes pokrýva širokú spotrebnú elektroniku. V ponuke sú satelitné a DVB-T2 prijímače a ovládače k nim, meracie prístroje, malé kuchynské spotrebiče a prvky smart domácnosti.</p><p>Značku Tesla nájdete na PremiumStore.sk v kategóriách <a href=""/fritezy-a-hrnce/"">Fritézy a hrnce</a>, <a href=""/anteny-a-satelity/"">Antény a satelity</a>, <a href=""/smart-domacnost/"">Smart domácnosť</a> a <a href=""/ovladace-k-dvb-t2/"">Ovládače k DVB-T2</a>.</p>";"";"0";"1";"Tesla – elektronika, spotrebiče a smart domácnosť | PremiumStore.sk";"TESLA je tradičná česká elektrotechnická značka, ktorá dnes pokrýva širokú spotrebnú elektroniku. V ponuke sú satelitné a DVB-T2 prijímače a ovládače k nim…";"";"";"";"";"";"";
"342";"Cabletech";"cabletech";"<p>Cabletech je značka káblov a inštalačného príslušenstva. Ponúka reproduktorové dvojlinky, silové a AV káble, koaxiál, redukcie a konektory, a tiež nástenné držiaky a stolíky pre televízory.</p><p>Značku Cabletech nájdete na PremiumStore.sk v kategóriách <a href=""/tv-stoliky-a-drziaky/"">TV stolíky a držiaky</a>, <a href=""/kable-a-vodice/"">Káble a vodiče</a>, <a href=""/av-kable/"">AV káble</a> a <a href=""/kamerove-systemy/"">Kamerové systémy</a>.</p>";"";"0";"1";"Cabletech – káble, vodiče a TV držiaky | PremiumStore.sk";"Cabletech je značka káblov a inštalačného príslušenstva. Ponúka reproduktorové dvojlinky, silové a AV káble, koaxiál, redukcie a konektory, a tiež nástenné…";"";"";"";"";"";"";
"1716";"Edifier";"edifier";"<p>Edifier je výrobca reproduktorov a slúchadiel s dobrým pomerom ceny a zvuku. Najznámejšie sú aktívne poličkové reproduktory radu R (napr. R1280DB s Bluetooth a optickým vstupom), ďalej štúdiové monitory, soundbary a bezdrôtové slúchadlá.</p><p>Značku Edifier nájdete na PremiumStore.sk v kategóriách <a href=""/reproduktory-2/"">Reproduktory</a>, <a href=""/audio-technika/"">Audio technika</a> a <a href=""/herne-prislusenstvo-3/"">Herné príslušenstvo</a>.</p>";"";"0";"1";"Edifier – reproduktory a slúchadlá | PremiumStore.sk";"Edifier je výrobca reproduktorov a slúchadiel s dobrým pomerom ceny a zvuku. Najznámejšie sú aktívne poličkové reproduktory radu R (napr. R1280DB s Bluetooth…";"";"";"";"";"";"";
"2355";"AVATTO";"avatto";"<p>AVATTO vyrába zariadenia pre smart domácnosť v ekosystéme Tuya. Ťažiskom sú inteligentné termostaty a termostatické radiátorové hlavice, ktoré umožňujú riadiť kúrenie po miestnostiach z mobilu, ďalej Wi-Fi a ZigBee vypínače, zásuvky a IR ovládače.</p><p>Značku AVATTO nájdete na PremiumStore.sk v kategóriách <a href=""/riadiace-jednotky/"">Riadiace jednotky</a> a <a href=""/smart-domacnost/"">Smart domácnosť</a>.</p>";"";"0";"1";"AVATTO – smart termostaty a riadenie kúrenia | PremiumStore.sk";"AVATTO vyrába zariadenia pre smart domácnosť v ekosystéme Tuya. Ťažiskom sú inteligentné termostaty a termostatické radiátorové hlavice, ktoré umožňujú…";"";"";"";"";"";"";
"2394";"COLMi";"colmi";"<p>COLMi je značka cenovo dostupných smart hodiniek. Modely radu P, V a i ponúkajú meranie tepu a okysličenia krvi, sledovanie spánku a športových aktivít, notifikácie z telefónu a v drahších verziách aj volanie cez Bluetooth.</p><p>Značku COLMi nájdete na PremiumStore.sk v kategóriách <a href=""/nositelna-elektronika-2/"">Nositeľná elektronika</a> a <a href=""/herne-prislusenstvo-3/"">Herné príslušenstvo</a>.</p>";"";"0";"1";"COLMi – smart hodinky | PremiumStore.sk";"COLMi je značka cenovo dostupných smart hodiniek. Modely radu P, V a i ponúkajú meranie tepu a okysličenia krvi, sledovanie spánku a športových aktivít…";"";"";"";"";"";"";
"1095";"Xiaomi";"xiaomi";"<p>Xiaomi je globálny výrobca mobilnej a spotrebnej elektroniky. V ponuke sú smartfóny radu Xiaomi a Redmi, tablety Redmi Pad, bezdrôtové slúchadlá Buds, nositeľná elektronika a zariadenia pre smart domácnosť.</p><p>Značku Xiaomi nájdete na PremiumStore.sk v kategóriách <a href=""/smart-telefony-2/"">Smart telefóny</a>, <a href=""/tablety-4/"">Tablety</a>, <a href=""/audio-technika/"">Audio technika</a> a <a href=""/sietove-prvky-2/"">Sieťové prvky</a>.</p>";"";"0";"1";"Xiaomi – smartfóny, tablety a elektronika | PremiumStore.sk";"Xiaomi je globálny výrobca mobilnej a spotrebnej elektroniky. V ponuke sú smartfóny radu Xiaomi a Redmi, tablety Redmi Pad, bezdrôtové slúchadlá Buds…";"";"";"";"";"";"";
"894";"Beyerdynamic";"beyerdynamic";"<p>beyerdynamic je nemecký výrobca profesionálnej audio techniky vyrábajúci od roku 1924. Preslávili ho štúdiové slúchadlá radu DT a dynamické mikrofóny TG pre pódium, k tomu vyrába konferenčné systémy a headsety.</p><p>Značku Beyerdynamic nájdete na PremiumStore.sk v kategóriách <a href=""/audio-technika/"">Audio technika</a> a <a href=""/podium--diskoteka--dj/"">Pódium, diskotéka, DJ</a>.</p>";"";"0";"1";"Beyerdynamic – mikrofóny a štúdiové slúchadlá | PremiumStore.sk";"beyerdynamic je nemecký výrobca profesionálnej audio techniky vyrábajúci od roku 1924. Preslávili ho štúdiové slúchadlá radu DT a dynamické mikrofóny TG pre…";"";"";"";"";"";"";
"1458";"Samsung It";"samsung-it";"<p>Pod označením Samsung IT sú na PremiumStore vedené mobilné zariadenia Samsung – smartfóny radu Galaxy S a Galaxy A, tablety Galaxy Tab a smart hodinky Galaxy Watch.</p><p>Značku Samsung It nájdete na PremiumStore.sk v kategóriách <a href=""/smart-telefony-2/"">Smart telefóny</a>, <a href=""/tablety-4/"">Tablety</a> a <a href=""/nositelna-elektronika-2/"">Nositeľná elektronika</a>.</p>";"";"0";"1";"Samsung It – smartfóny, tablety a hodinky Samsung | PremiumStore.sk";"Pod označením Samsung IT sú na PremiumStore vedené mobilné zariadenia Samsung – smartfóny radu Galaxy S a Galaxy A, tablety Galaxy Tab a smart hodinky Galaxy…";"";"";"";"";"";"";
"318";"Mhpower";"mhpower";"<p>MHPower je značka trakčných a záložných akumulátorov. Ťažiskom sú lítiové LiFePO4 batérie 12,8 V s kapacitou do 200 Ah pre karavany, lodě a fotovoltaiku, plus olovené a gélové batérie pre záložné zdroje a solárne systémy.</p><p>Značku Mhpower nájdete na PremiumStore.sk v kategóriách <a href=""/akumulatory-a-baterie/"">Akumulátory a batérie</a>, <a href=""/karavany-a-obytne-auta/"">Karavany a obytné autá</a>, <a href=""/zalozne-zdroje-a-ups/"">Záložné zdroje a UPS</a> a <a href=""/kamerove-systemy/"">Kamerové systémy</a>.</p>";"";"0";"1";"Mhpower – LiFePO4 a olovené akumulátory | PremiumStore.sk";"MHPower je značka trakčných a záložných akumulátorov. Ťažiskom sú lítiové LiFePO4 batérie 12,8 V s kapacitou do 200 Ah pre karavany, lodě a fotovoltaiku…";"";"";"";"";"";"";
"939";"Beko";"beko";"<p>Beko je turecký výrobca domácich spotrebičov a jeden z najpredávanejších v Európe. Ponúka práčky a sušičky, chladničky a mrazničky, umývačky riadu, vstavané rúry a varné dosky.</p><p>Značku Beko nájdete na PremiumStore.sk v kategóriách <a href=""/pracky/"">Práčky</a>, <a href=""/chladnicky/"">Chladničky</a>, <a href=""/varne-dosky/"">Varné dosky</a> a <a href=""/vstavane-rury/"">Vstavané rúry</a>.</p>";"";"0";"1";"Beko – domáce spotrebiče | PremiumStore.sk";"Beko je turecký výrobca domácich spotrebičov a jeden z najpredávanejších v Európe. Ponúka práčky a sušičky, chladničky a mrazničky, umývačky riadu, vstavané…";"";"";"";"";"";"";
"123";"Geti";"geti";"<p>GETI je česká značka elektroinštalačného a dielenského materiálu. V ponuke sú rozbehové a motorové kondenzátory, stolové lupy s osvetlením, spínacia technika, elektromery, inštalačné náradie a dielenské vybavenie.</p><p>Značku Geti nájdete na PremiumStore.sk v kategóriách <a href=""/instalacne-naradie-a-ostatne-material/"">Inštalačné náradie a ostatné materiál</a>, <a href=""/dielenske-vybavenie/"">Dielenské vybavenie</a>, <a href=""/elektromery-a-spinacie-technika/"">Elektromery a spínacie technika</a> a <a href=""/akumulatory-a-baterie/"">Akumulátory a batérie</a>.</p>";"";"0";"1";"Geti – elektroinštalačný a dielenský materiál | PremiumStore.sk";"GETI je česká značka elektroinštalačného a dielenského materiálu. V ponuke sú rozbehové a motorové kondenzátory, stolové lupy s osvetlením, spínacia…";"";"";"";"";"";"";
"1023";"G21";"g21";"<p>G21 je česká značka s veľmi širokým záberom pre dom a záhradu. Patria sem záhradné domky a nábytok, WPC podlahy, kuchynské roboty a krájače, vákuovačky, vybavenie pre karavany aj fitness doplnky.</p><p>Značku G21 nájdete na PremiumStore.sk v kategóriách <a href=""/kuchynske-roboty-a-krajace/"">Kuchynské roboty a krájače</a>, <a href=""/karavany-a-obytne-auta/"">Karavany a obytné autá</a>, <a href=""/vakuovacky-a-zvaracky-folii/"">Vákuovačky a zváračky fólií</a> a <a href=""/nadobie/"">Nádobie</a>.</p>";"";"0";"1";"G21 – záhrada, domácnosť a fitness | PremiumStore.sk";"G21 je česká značka s veľmi širokým záberom pre dom a záhradu. Patria sem záhradné domky a nábytok, WPC podlahy, kuchynské roboty a krájače, vákuovačky…";"";"";"";"";"";"";
"1008";"Guzzanti";"guzzanti";"<p>Guzzanti je značka dostupnej chladiacej techniky. Špecializuje sa na chladničky a mrazničky vrátane kompaktných a retro modelov, vinotéky a chladiace vitríny, dopĺňajú ju malé kuchynské spotrebiče.</p><p>Značku Guzzanti nájdete na PremiumStore.sk v kategóriách <a href=""/chladnicky/"">Chladničky</a>, <a href=""/vinoteky-a-vitriny/"">Vinotéky a vitríny</a>, <a href=""/mraznicky/"">Mrazničky</a> a <a href=""/priprava-napojov/"">Príprava nápojov</a>.</p>";"";"0";"1";"Guzzanti – chladničky, mrazničky a vinotéky | PremiumStore.sk";"Guzzanti je značka dostupnej chladiacej techniky. Špecializuje sa na chladničky a mrazničky vrátane kompaktných a retro modelov, vinotéky a chladiace…";"";"";"";"";"";"";
"1506";"HP";"hp";"<p>HP je globálny výrobca výpočtovej techniky. V našej ponuke prevažujú atramentové a laserové tlačiarne a multifunkčné zariadenia radu ENVY a OfficeJet, originálne tlačové náplne a notebooky s príslušenstvom.</p><p>Značku HP nájdete na PremiumStore.sk v kategóriách <a href=""/tlaciarne-a-skenery-2/"">Tlačiarne a skenery</a> a <a href=""/notebooky-2/"">Notebooky</a>.</p>";"";"0";"1";"HP – tlačiarne, náplne a notebooky | PremiumStore.sk";"HP je globálny výrobca výpočtovej techniky. V našej ponuke prevažujú atramentové a laserové tlačiarne a multifunkčné zariadenia radu ENVY a OfficeJet…";"";"";"";"";"";"";
"1740";"G3Ferrari";"g3ferrari";"<p>G3Ferrari je talianska značka kuchynských spotrebičov. Najznámejšia je pizza pecou Delizia, ktorá pečie pizzu na kameni za pár minút, ďalej vyrába pákové kávovary, mixéry, hriankovače a kuchynské roboty.</p><p>Značku G3Ferrari nájdete na PremiumStore.sk v kategóriách <a href=""/grily--pekarne--varice/"">Grily, pekárne, variče</a>, <a href=""/kuchynske-roboty-a-krajace/"">Kuchynské roboty a krájače</a>, <a href=""/fritezy-a-hrnce/"">Fritézy a hrnce</a> a <a href=""/priprava-napojov/"">Príprava nápojov</a>.</p>";"";"0";"1";"G3Ferrari – talianske kuchynské spotrebiče | PremiumStore.sk";"G3Ferrari je talianska značka kuchynských spotrebičov. Najznámejšia je pizza pecou Delizia, ktorá pečie pizzu na kameni za pár minút, ďalej vyrába pákové…";"";"";"";"";"";"";
"1020";"Eta";"eta";"<p>ETA je tradičná česká značka domácich spotrebičov. Ponuka zahŕňa vysávače, kuchynské roboty a mixéry, žehličky, rýchlovarné kanvice, multifunkčné hrnce a spotrebný materiál k nim.</p><p>Značku Eta nájdete na PremiumStore.sk v kategóriách <a href=""/prislusenstvo-k-malym-spotrebicom/"">Príslušenstvo k malým spotrebičom</a>, <a href=""/vysavace/"">Vysávače</a>, <a href=""/kuchynske-roboty-a-krajace/"">Kuchynské roboty a krájače</a> a <a href=""/starostlivost-o-vlasy/"">Starostlivosť o vlasy</a>.</p>";"";"0";"1";"Eta – české domáce spotrebiče | PremiumStore.sk";"ETA je tradičná česká značka domácich spotrebičov. Ponuka zahŕňa vysávače, kuchynské roboty a mixéry, žehličky, rýchlovarné kanvice, multifunkčné hrnce a…";"";"";"";"";"";"";
"1065";"Rowenta";"rowenta";"<p>Rowenta je nemecká značka spotrebičov pre domácnosť a osobnú starostlivosť. Silná je vo vysávačoch, naparovacích žehličkách a parných čističoch a v starostlivosti o vlasy – sušiče, kulmy a žehličky na vlasy.</p><p>Značku Rowenta nájdete na PremiumStore.sk v kategóriách <a href=""/vysavace/"">Vysávače</a>, <a href=""/starostlivost-o-vlasy/"">Starostlivosť o vlasy</a>, <a href=""/prislusenstvo-k-malym-spotrebicom/"">Príslušenstvo k malým spotrebičom</a> a <a href=""/holiace-strojceky/"">Holiace strojčeky</a>.</p>";"";"0";"1";"Rowenta – vysávače, žehličky a starostlivosť o vlasy | PremiumStore.sk";"Rowenta je nemecká značka spotrebičov pre domácnosť a osobnú starostlivosť. Silná je vo vysávačoch, naparovacích žehličkách a parných čističoch a v…";"";"";"";"";"";"";
"2304";"Telesin";"telesin";"<p>TELESIN vyrába príslušenstvo pre športové kamery GoPro, DJI Osmo Action a Insta360. V ponuke sú vodotesné puzdrá, sady filtrov, hlavové a hrudné popruhy, selfie tyče, plávajúce rukoväte a batérie s nabíjačkami.</p><p>Značku Telesin nájdete na PremiumStore.sk v kategóriách <a href=""/postroje--upevnovacie-prvky-a-drziaky-2/"">Selfie tyče</a>, <a href=""/pre-sportove-kamery-3/"">Príslušenstvo</a> a <a href=""/skladovanie-a-preprava-2/"">Skladovanie a preprava</a>.</p>";"";"0";"1";"Telesin – príslušenstvo pre akčné kamery | PremiumStore.sk";"TELESIN vyrába príslušenstvo pre športové kamery GoPro, DJI Osmo Action a Insta360. V ponuke sú vodotesné puzdrá, sady filtrov, hlavové a hrudné popruhy…";"";"";"";"";"";"";
"2397";"ONIKUMA";"onikuma";"<p>ONIKUMA je značka herných slúchadiel s RGB podsvietením a odnímateľným mikrofónom. Modely radu K a X sú určené pre PC aj konzoly a patria k cenovo najdostupnejším gamingovým headsetom.</p><p>Značku ONIKUMA nájdete na PremiumStore.sk v kategóriách <a href=""/audio-technika/"">Audio technika</a>, <a href=""/herne-prislusenstvo-3/"">Herné príslušenstvo</a> a <a href=""/matka-a-dieta/"">Matka a dieťa</a>.</p>";"";"0";"1";"ONIKUMA – herné slúchadlá | PremiumStore.sk";"ONIKUMA je značka herných slúchadiel s RGB podsvietením a odnímateľným mikrofónom. Modely radu K a X sú určené pre PC aj konzoly a patria k cenovo…";"";"";"";"";"";"";
"2589";"Moza Racing";"moza-racing";"<p>MOZA Racing vyrába pretekárske volanty a príslušenstvo pre simracing. Ponúka direct-drive bázy radu R, výmenné vence volantov, pedálové sady a upevňovacie konštrukcie pre PC aj Xbox.</p><p>Značku Moza Racing nájdete na PremiumStore.sk v kategórii <a href=""/herne-prislusenstvo-3/"">Herné príslušenstvo</a>.</p>";"";"0";"1";"Moza Racing – volanty a simracing vybavenie | PremiumStore.sk";"MOZA Racing vyrába pretekárske volanty a príslušenstvo pre simracing. Ponúka direct-drive bázy radu R, výmenné vence volantov, pedálové sady a upevňovacie…";"";"";"";"";"";"";
"696";"Technoline";"technoline";"<p>TechnoLine je nemecká značka meracích a časomerných prístrojov pre domácnosť. Vyrába nástenné hodiny a digitálne projekčné budíky, rádiom riadené hodiny, meteostanice a teplomery.</p><p>Značku Technoline nájdete na PremiumStore.sk v kategóriách <a href=""/hodiny-2/"">Hodiny a budíky</a>, <a href=""/meteostanice/"">Meteostanice</a> a <a href=""/osvetlenie/"">Osvetlenie</a>.</p>";"";"0";"1";"Technoline – hodiny, budíky a meteostanice | PremiumStore.sk";"TechnoLine je nemecká značka meracích a časomerných prístrojov pre domácnosť. Vyrába nástenné hodiny a digitálne projekčné budíky, rádiom riadené hodiny…";"";"";"";"";"";"";
"552";"Garni";"garni";"<p>GARNI technology je česká značka profesionálnych meteostaníc. Ponúka domáce aj poloprofesionálne meteostanice s bezdrôtovými senzormi vetra, zrážok a vlhkosti, k tomu čističky vzduchu a náhradné filtre.</p><p>Značku Garni nájdete na PremiumStore.sk v kategóriách <a href=""/meteostanice/"">Meteostanice</a>, <a href=""/vzduchotechnika/"">Vzduchotechnika</a>, <a href=""/smart-domacnost/"">Smart domácnosť</a> a <a href=""/hodiny-2/"">Hodiny a budíky</a>.</p>";"";"0";"1";"Garni – meteostanice a čističky vzduchu | PremiumStore.sk";"GARNI technology je česká značka profesionálnych meteostaníc. Ponúka domáce aj poloprofesionálne meteostanice s bezdrôtovými senzormi vetra, zrážok a…";"";"";"";"";"";"";
"2466";"CREALITY";"creality";"<p>Creality je jeden z najväčších výrobcov 3D tlačiarní na svete. Preslávil ho rad Ender, dnes ponúka aj rýchle uzavreté tlačiarne K1, živicové tlačiarne, 3D skenery, laserové gravírky a vlastné filamenty.</p><p>Značku CREALITY nájdete na PremiumStore.sk v kategóriách <a href=""/3d-tlac/"">3D tlač</a>, <a href=""/3d-skenery/"">3D skenery</a> a <a href=""/laserove-gravirovacie-a-rezacie-stroje/"">Laserové gravírovacie a rezacie stroje</a>.</p>";"";"0";"1";"CREALITY – 3D tlačiarne a 3D skenery | PremiumStore.sk";"Creality je jeden z najväčších výrobcov 3D tlačiarní na svete. Preslávil ho rad Ender, dnes ponúka aj rýchle uzavreté tlačiarne K1, živicové tlačiarne, 3D…";"";"";"";"";"";"";
"1005";"Tc Electronic";"tc-electronic";"<p>TC Electronic je dánska značka hudobnej elektroniky. Najznámejšia je gitarovými efektovými pedálmi (delay Flashback, reverb Hall of Fame) a polyfonickými ladičkami PolyTune, vyrába aj štúdiové procesory a basové zosilňovače.</p><p>Značku Tc Electronic nájdete na PremiumStore.sk v kategóriách <a href=""/hudobne-nastroje-a-prislusenstvo/"">Hudobné nástroje a príslušenstvo</a>, <a href=""/audio-technika/"">Audio technika</a> a <a href=""/podium--diskoteka--dj/"">Pódium, diskotéka, DJ</a>.</p>";"";"0";"1";"Tc Electronic – gitarové efekty a ladičky | PremiumStore.sk";"TC Electronic je dánska značka hudobnej elektroniky. Najznámejšia je gitarovými efektovými pedálmi (delay Flashback, reverb Hall of Fame) a polyfonickými…";"";"";"";"";"";"";
"93";"Gacia";"gacia";"<p>GACIA je výrobca modulárnych prístrojov na DIN lištu. Ťažiskom sú ističe s charakteristikou B a C, prúdové chrániče, odpínače a zvodiče prepätia pre domové aj priemyselné rozvádzače.</p><p>Značku Gacia nájdete na PremiumStore.sk v kategóriách <a href=""/istice-a-chranice/"">Ističe a chrániče</a> a <a href=""/rozvadzacove-prvky/"">Rozvádzačové prvky</a>.</p>";"";"0";"1";"Gacia – ističe a prúdové chrániče | PremiumStore.sk";"GACIA je výrobca modulárnych prístrojov na DIN lištu. Ťažiskom sú ističe s charakteristikou B a C, prúdové chrániče, odpínače a zvodiče prepätia pre domové…";"";"";"";"";"";"";
"684";"Extol";"extol";"<p>EXTOL je česká značka náradia v radoch Craft, Premium a Industrial. Ponúka ručné a elektrické náradie, brúsne a rezné príslušenstvo, hadicové rýchlospojky, plachty a doplnky pre dielňu aj záhradu.</p><p>Značku Extol nájdete na PremiumStore.sk v kategóriách <a href=""/mechanicke-naradie/"">Mechanické náradie</a>, <a href=""/naradie-pre-brusenie--vrtanie--rezanie-a-pilovanie/"">Náradie pre brúsenie, vŕtanie, rezanie a pilovanie</a>, <a href=""/zahradne-doplnky/"">Záhradné doplnky</a> a <a href=""/drobne-naradie-a-prislusenstvo/"">Drobné náradie a príslušenstvo</a>.</p>";"";"0";"1";"Extol – ručné náradie a záhradné doplnky | PremiumStore.sk";"EXTOL je česká značka náradia v radoch Craft, Premium a Industrial. Ponúka ručné a elektrické náradie, brúsne a rezné príslušenstvo, hadicové rýchlospojky…";"";"";"";"";"";"";
"2022";"MacMa";"macma";"<p>MacMa je značka svetelnej a zvukovej techniky pre mobilné diskotéky a menšie pódiá. Vyrába LED svetelné efekty a pohyblivé hlavy, aktívne reproboxy a príslušenstvo pre eventovú produkciu.</p><p>Značku MacMa nájdete na PremiumStore.sk v kategóriách <a href=""/svetla-2/"">Svetlá</a> a <a href=""/podium--diskoteka--dj/"">Pódium, diskotéka, DJ</a>.</p>";"";"0";"1";"MacMa – svetelné efekty a ozvučenie | PremiumStore.sk";"MacMa je značka svetelnej a zvukovej techniky pre mobilné diskotéky a menšie pódiá. Vyrába LED svetelné efekty a pohyblivé hlavy, aktívne reproboxy a…";"";"";"";"";"";"";
"951";"Ariete";"ariete";"<p>Ariete je talianska značka malých spotrebičov s dôrazom na dizajn. Vyrába pákové kávovary a prístroje na prípravu nápojov, mixéry a kuchynské roboty radu Vintage a Positano, hriankovače, vaflovače a rýchlovarné kanvice.</p><p>Značku Ariete nájdete na PremiumStore.sk v kategóriách <a href=""/kuchynske-roboty-a-krajace/"">Kuchynské roboty a krájače</a>, <a href=""/priprava-napojov/"">Príprava nápojov</a>, <a href=""/sendvicovace--hriankovace--vaflovace/"">Sendvičovače, hriankovače, vaflovače</a> a <a href=""/kavovary-a-espressa/"">Kávovary a espressá</a>.</p>";"";"0";"1";"Ariete – talianske kuchynské spotrebiče | PremiumStore.sk";"Ariete je talianska značka malých spotrebičov s dôrazom na dizajn. Vyrába pákové kávovary a prístroje na prípravu nápojov, mixéry a kuchynské roboty radu…";"";"";"";"";"";"";
"2634";"FNIRSI";"fnirsi";"<p>FNIRSI je výrobca kompaktnej meracej techniky pre elektroniku a servis. Špecializuje sa na prenosné a mini osciloskopy (DSO152, 1013D, 2C53T), multifunkčné testery súčiastok, USB testery, inteligentné spájkovačky a detektory.</p><p>Značku FNIRSI nájdete na PremiumStore.sk v kategóriách <a href=""/meracie-technika/"">Meracia technika</a>, <a href=""/spajkovacky/"">Spájkovačky a trafospájkovačky</a>, <a href=""/garaz--dielna--servis/"">Garáž, dielňa, servis</a> a <a href=""/dielna-a-zahrada/"">Dielňa a záhrada</a>.</p>";"";"0";"1";"FNIRSI – prenosné osciloskopy a meracie prístroje | PremiumStore.sk";"FNIRSI je výrobca kompaktnej meracej techniky pre elektroniku a servis. Špecializuje sa na prenosné a mini osciloskopy (DSO152, 1013D, 2C53T), multifunkčné…";"";"";"";"";"";"";
"2274";"YEELIGHT";"yeelight";"<p>Yeelight je značka inteligentného osvetlenia z ekosystému Xiaomi. Ponúka Wi-Fi a Bluetooth žiarovky s nastaviteľnou farbou a teplotou svetla, LED pásy, stropné svietidlá, stolové lampy a herné svetelné panely.</p><p>Značku YEELIGHT nájdete na PremiumStore.sk v kategóriách <a href=""/osvetlenie/"">Osvetlenie</a>, <a href=""/led-osvetlenie/"">LED osvetlenie</a>, <a href=""/herne-prislusenstvo-3/"">Herné príslušenstvo</a> a <a href=""/riadiace-jednotky/"">Riadiace jednotky</a>.</p>";"";"0";"1";"YEELIGHT – smart osvetlenie | PremiumStore.sk";"Yeelight je značka inteligentného osvetlenia z ekosystému Xiaomi. Ponúka Wi-Fi a Bluetooth žiarovky s nastaviteľnou farbou a teplotou svetla, LED pásy…";"";"";"";"";"";"";
"1071";"Remington";"remington";"<p>Remington je značka prístrojov pre osobnú starostlivosť. Ťažiskom sú sušiče, kulmy a žehličky na vlasy, zastrihávače vlasov a brady a holiace strojčeky.</p><p>Značku Remington nájdete na PremiumStore.sk v kategóriách <a href=""/starostlivost-o-vlasy/"">Starostlivosť o vlasy</a> a <a href=""/holiace-strojceky/"">Holiace strojčeky</a>.</p>";"";"0";"1";"Remington – starostlivosť o vlasy a holenie | PremiumStore.sk";"Remington je značka prístrojov pre osobnú starostlivosť. Ťažiskom sú sušiče, kulmy a žehličky na vlasy, zastrihávače vlasov a brady a holiace strojčeky.";"";"";"";"";"";"";
"1125";"Maxxo";"maxxo";"<p>Maxxo je česká značka spotrebnej elektroniky a potrieb pre domácnosť. V ponuke sú DAB+ a internetové rádiá, DVB-T2 prijímače, vákuovačky a zváračky fólií, nádobie a príslušenstvo k malým spotrebičom.</p><p>Značku Maxxo nájdete na PremiumStore.sk v kategóriách <a href=""/nadobie/"">Nádobie</a>, <a href=""/prislusenstvo-k-malym-spotrebicom/"">Príslušenstvo k malým spotrebičom</a>, <a href=""/vakuovacky-a-zvaracky-folii/"">Vákuovačky a zváračky fólií</a> a <a href=""/priprava-napojov/"">Príprava nápojov</a>.</p>";"";"0";"1";"Maxxo – DAB rádiá a spotrebiče do domácnosti | PremiumStore.sk";"Maxxo je česká značka spotrebnej elektroniky a potrieb pre domácnosť. V ponuke sú DAB+ a internetové rádiá, DVB-T2 prijímače, vákuovačky a zváračky fólií…";"";"";"";"";"";"";
"303";"Nedis";"nedis";"<p>NEDIS je holandská značka s veľmi širokým sortimentom spotrebnej elektroniky a príslušenstva. Nájdete tu USB huby a káble, antény a domové zosilňovače, audio príslušenstvo, prvky smart domácnosti a drobné spotrebiče.</p><p>Značku Nedis nájdete na PremiumStore.sk v kategóriách <a href=""/anteny-a-satelity/"">Antény a satelity</a>, <a href=""/smart-domacnost/"">Smart domácnosť</a>, <a href=""/audio-technika/"">Audio technika</a> a <a href=""/usb-kable-4/"">USB káble</a>.</p>";"";"0";"1";"Nedis – elektronika a príslušenstvo | PremiumStore.sk";"NEDIS je holandská značka s veľmi širokým sortimentom spotrebnej elektroniky a príslušenstva. Nájdete tu USB huby a káble, antény a domové zosilňovače, audio…";"";"";"";"";"";"";
"2448";"Waydoo";"waydoo";"<p>Waydoo vyrába elektrické vodné športové zariadenia. Hlavným produktom sú podvodné skútre radu Subnado, ktoré ťahajú plavca pod hladinou aj pri SUP, a elektrické hydrofoily (eFoil).</p><p>Značku Waydoo nájdete na PremiumStore.sk v kategóriách <a href=""/podvodne-skutre/"">Podvodné skútre</a> a <a href=""/cestovanie-sport-a-outdoor/"">Cestovanie, šport a outdoor</a>.</p>";"";"0";"1";"Waydoo – podvodné skútre a elektrické foily | PremiumStore.sk";"Waydoo vyrába elektrické vodné športové zariadenia. Hlavným produktom sú podvodné skútre radu Subnado, ktoré ťahajú plavca pod hladinou aj pri SUP, a…";"";"";"";"";"";"";
"2892";"HTVRONT";"htvront";"<p>HTVRONT sa špecializuje na termotransferovú potlač textilu. Vyrába kompaktné aj veľkoformátové tepelné lisy (rad HPM Mini), kotúčové lisy na hrnčeky a čiapky, rezacie fólie a spotrebný materiál.</p><p>Značku HTVRONT nájdete na PremiumStore.sk v kategórii <a href=""/tlaciarne-a-lisy-na-potlac-textilu/"">Tlačiarne a lisy na potlač textilu</a>.</p>";"";"0";"1";"HTVRONT – lisy na potlač textilu | PremiumStore.sk";"HTVRONT sa špecializuje na termotransferovú potlač textilu. Vyrába kompaktné aj veľkoformátové tepelné lisy (rad HPM Mini), kotúčové lisy na hrnčeky a…";"";"";"";"";"";"";
"2937";"Moes";"moes";"<p>MOES vyrába zariadenia pre smart domácnosť kompatibilné s Tuya a ZigBee. V ponuke sú inteligentné vypínače vrátane ovládania roliet, zásuvky, relé moduly, termostaty, senzory a IP kamery.</p><p>Značku Moes nájdete na PremiumStore.sk v kategóriách <a href=""/smart-domacnost/"">Smart domácnosť</a>, <a href=""/riadiace-jednotky/"">Riadiace jednotky</a> a <a href=""/ip-kamery-3/"">IP kamery</a>.</p>";"";"0";"1";"Moes – smart domácnosť Tuya a ZigBee | PremiumStore.sk";"MOES vyrába zariadenia pre smart domácnosť kompatibilné s Tuya a ZigBee. V ponuke sú inteligentné vypínače vrátane ovládania roliet, zásuvky, relé moduly…";"";"";"";"";"";"";
"930";"Meze";"meze";"<p>Meze Audio je rumunský výrobca prémiových slúchadiel s dôrazom na remeselné spracovanie z dreva a kovu. Rad 99 Classics a 99 Neo patrí k referenciám v strednej triede, modely Elite a Empyrean cielia na high-end.</p><p>Značku Meze nájdete na PremiumStore.sk v kategórii <a href=""/audio-technika/"">Audio technika</a>.</p>";"";"0";"1";"Meze – prémiové slúchadlá | PremiumStore.sk";"Meze Audio je rumunský výrobca prémiových slúchadiel s dôrazom na remeselné spracovanie z dreva a kovu. Rad 99 Classics a 99 Neo patrí k referenciám v…";"";"";"";"";"";"";
"2028";"KMP";"kmp";"<p>KMP je nemecký výrobca alternatívnych tlačových náplní. Vyrába kompatibilné atramentové kazety a tonery pre tlačiarne HP, Canon, Epson a Brother za nižšiu cenu než originál.</p><p>Značku KMP nájdete na PremiumStore.sk v kategórii <a href=""/tlaciarne-a-skenery-2/"">Tlačiarne a skenery</a>.</p>";"";"0";"1";"KMP – alternatívne tlačové náplne | PremiumStore.sk";"KMP je nemecký výrobca alternatívnych tlačových náplní. Vyrába kompatibilné atramentové kazety a tonery pre tlačiarne HP, Canon, Epson a Brother za nižšiu…";"";"";"";"";"";"";
"2640";"RainPoint";"rainpoint";"<p>RainPoint sa špecializuje na automatické zavlažovanie. Ponúka hadicové časovače s jednou aj viacerými zónami, Wi-Fi riadiace jednotky, pôdne a dažďové senzory a kvapkové zavlažovacie sety.</p><p>Značku RainPoint nájdete na PremiumStore.sk v kategóriách <a href=""/zahradne-zavlazovacie-systemy/"">Záhradné zavlažovacie systémy</a> a <a href=""/teplomery-3/"">Teplomery</a>.</p>";"";"0";"1";"RainPoint – automatické zavlažovanie záhrady | PremiumStore.sk";"RainPoint sa špecializuje na automatické zavlažovanie. Ponúka hadicové časovače s jednou aj viacerými zónami, Wi-Fi riadiace jednotky, pôdne a dažďové…";"";"";"";"";"";"";
"2445";"XTOOL";"xtool";"<p>xTool vyrába stolové laserové gravírky a rezacie stroje pre kutilov aj malé dielne. K strojom radu P, S a F ponúka odsávače dymu, pásové podávače, rozširujúce základne a bezpečnostné kryty.</p><p>Značku XTOOL nájdete na PremiumStore.sk v kategóriách <a href=""/laserove-gravirovacie-a-rezacie-stroje/"">Laserové gravírovacie a rezacie stroje</a>, <a href=""/hracky/"">Hračky</a>, <a href=""/3d-tlac/"">3D tlač</a> a <a href=""/vzduchotechnika/"">Vzduchotechnika</a>.</p>";"";"0";"1";"XTOOL – laserové gravírky a rezacie stroje | PremiumStore.sk";"xTool vyrába stolové laserové gravírky a rezacie stroje pre kutilov aj malé dielne. K strojom radu P, S a F ponúka odsávače dymu, pásové podávače…";"";"";"";"";"";"";
"264";"Nkt Cables";"nkt-cables";"<p>NKT Cables je európsky výrobca silových káblov. V ponuke sú inštalačné káble H05VV-F (CYSY) a jednožilové vodiče H07V-K (CYA) v rôznych prierezoch a farbách pre domové aj priemyselné rozvody.</p><p>Značku Nkt Cables nájdete na PremiumStore.sk v kategórii <a href=""/kable-a-vodice/"">Káble a vodiče</a>.</p>";"";"0";"1";"Nkt Cables – silové káble a vodiče | PremiumStore.sk";"NKT Cables je európsky výrobca silových káblov. V ponuke sú inštalačné káble H05VV-F (CYSY) a jednožilové vodiče H07V-K (CYA) v rôznych prierezoch a farbách…";"";"";"";"";"";"";
"330";"Kemot";"kemot";"<p>KEMOT je značka napájacej a dielenskej techniky. Ťažiskom sú záložné zdroje PROsinus s čistou sínusovkou pre obehové čerpadlá a kúrenie, stabilizátory napätia, meniče, nabíjačky a spájkovacie stanice.</p><p>Značku Kemot nájdete na PremiumStore.sk v kategóriách <a href=""/zalozne-zdroje-a-ups/"">Záložné zdroje a UPS</a>, <a href=""/spajkovacky/"">Spájkovačky a trafospájkovačky</a> a <a href=""/karavany-a-obytne-auta/"">Karavany a obytné autá</a>.</p>";"";"0";"1";"Kemot – záložné zdroje a meniče napätia | PremiumStore.sk";"KEMOT je značka napájacej a dielenskej techniky. Ťažiskom sú záložné zdroje PROsinus s čistou sínusovkou pre obehové čerpadlá a kúrenie, stabilizátory…";"";"";"";"";"";"";
"180";"F&f";"f-f";"<p>F&F Filipowski je poľský výrobca modulárnych prístrojov pre rozvádzače. Ponúka elektromagnetické a časové relé, prepínače, stýkače, elektromery, hlídače napätia a prúdu a spínaciu techniku na DIN lištu.</p><p>Značku F&f nájdete na PremiumStore.sk v kategóriách <a href=""/elektromery-a-spinacie-technika/"">Elektromery a spínacie technika</a>, <a href=""/istice-a-chranice/"">Ističe a chrániče</a>, <a href=""/rozvadzacove-prvky/"">Rozvádzačové prvky</a> a <a href=""/zabezpecenie/"">Zabezpečenie</a>.</p>";"";"0";"1";"F&f – modulárne prístroje na DIN lištu | PremiumStore.sk";"F&F Filipowski je poľský výrobca modulárnych prístrojov pre rozvádzače. Ponúka elektromagnetické a časové relé, prepínače, stýkače, elektromery, hlídače…";"";"";"";"";"";"";
"741";"Quatros";"quatros";"<p>QUATROS je značka špeciálneho autoservisného náradia. Špecializuje sa na aretačné sady rozvodov pre konkrétne značky a motory (Fiat, Opel, Land Rover a ďalšie), sťahováky, prípravky a dielenské vybavenie.</p><p>Značku Quatros nájdete na PremiumStore.sk v kategóriách <a href=""/garaz--dielna--servis/"">Garáž, dielňa, servis</a> a <a href=""/mechanicke-naradie/"">Mechanické náradie</a>.</p>";"";"0";"1";"Quatros – špeciálne servisné náradie pre autá | PremiumStore.sk";"QUATROS je značka špeciálneho autoservisného náradia. Špecializuje sa na aretačné sady rozvodov pre konkrétne značky a motory (Fiat, Opel, Land Rover a…";"";"";"";"";"";"";
"2565";"ELEGOO";"elegoo";"<p>ELEGOO je výrobca 3D tlačiarní so zameraním na živicovú (MSLA) technológiu. Rady Mars a Saturn patria k najrozšírenejším živicovým tlačiarňam, k nim ponúka živice, umývacie a vytvrdzovacie stanice.</p><p>Značku ELEGOO nájdete na PremiumStore.sk v kategórii <a href=""/3d-tlac/"">3D tlač</a>.</p>";"";"0";"1";"ELEGOO – živicové 3D tlačiarne | PremiumStore.sk";"ELEGOO je výrobca 3D tlačiarní so zameraním na živicovú (MSLA) technológiu. Rady Mars a Saturn patria k najrozšírenejším živicovým tlačiarňam, k nim ponúka…";"";"";"";"";"";"";
"2013";"Evoli";"evoli";"<p>Evoli je značka architektonického LED osvetlenia. Rad ARCHITECH tvoria výkonové LED projektory od 150 W vyššie, určené na osvetlenie fasád, pamiatok, priemyselných hál a exteriérových plôch.</p><p>Značku Evoli nájdete na PremiumStore.sk v kategórii <a href=""/svetla-2/"">Svetlá</a>.</p>";"";"0";"1";"Evoli – architektonické LED projektory | PremiumStore.sk";"Evoli je značka architektonického LED osvetlenia. Rad ARCHITECH tvoria výkonové LED projektory od 150 W vyššie, určené na osvetlenie fasád, pamiatok…";"";"";"";"";"";"";
"2289";"BliTZWOlF";"blitzwolf";"<p>BlitzWolf je značka dostupného elektronického príslušenstva. Ponuka zahŕňa viacportové USB nabíjačky s Quick Charge, powerbanky, Bluetooth prijímače a vysielače, projektory a inteligentné zásuvky.</p><p>Značku BliTZWOlF nájdete na PremiumStore.sk v kategóriách <a href=""/nabijacky-4/"">Nabíjačky</a>, <a href=""/projektory-4/"">Projektory</a>, <a href=""/pocitace-mobily-a-tablety/"">Počítače, mobily a tablety</a> a <a href=""/herne-prislusenstvo-3/"">Herné príslušenstvo</a>.</p>";"";"0";"1";"BliTZWOlF – nabíjačky a smart príslušenstvo | PremiumStore.sk";"BlitzWolf je značka dostupného elektronického príslušenstva. Ponuka zahŕňa viacportové USB nabíjačky s Quick Charge, powerbanky, Bluetooth prijímače a…";"";"";"";"";"";"";
"1509";"Canon";"canon";"<p>Canon je japonský výrobca zobrazovacej techniky. V našej ponuke sú atramentové tlačiarne a multifunkčné zariadenia vrátane radu MAXIFY s doplniteľnými nádržkami, originálne náplne a kompaktné fototlačiarne SELPHY.</p><p>Značku Canon nájdete na PremiumStore.sk v kategórii <a href=""/tlaciarne-a-skenery-2/"">Tlačiarne a skenery</a>.</p>";"";"0";"1";"Canon – tlačiarne, náplne a fototlač | PremiumStore.sk";"Canon je japonský výrobca zobrazovacej techniky. V našej ponuke sú atramentové tlačiarne a multifunkčné zariadenia vrátane radu MAXIFY s doplniteľnými…";"";"";"";"";"";"";
"2001";"Elokance";"elokance";"<p>Elokance je francúzska značka mobilného ozvučenia. Špecializuje sa na kompaktné stĺpové PA systémy radu TOWER pre kapely, DJ a eventy, k nim dodáva stojany a náhradné diely.</p><p>Značku Elokance nájdete na PremiumStore.sk v kategórii <a href=""/podium--diskoteka--dj/"">Pódium, diskotéka, DJ</a>.</p>";"";"0";"1";"Elokance – kompaktné PA systémy | PremiumStore.sk";"Elokance je francúzska značka mobilného ozvučenia. Špecializuje sa na kompaktné stĺpové PA systémy radu TOWER pre kapely, DJ a eventy, k nim dodáva stojany a…";"";"";"";"";"";"";
"2025";"Plugg";"plugg";"<p>Plugg je značka pripojovacieho a montážneho materiálu pre audio techniku a pódiá. Ponúka konektory a redukcie, káble, karabíny a závesné háky, stojany a drobný materiál pre eventovú produkciu.</p><p>Značku Plugg nájdete na PremiumStore.sk v kategóriách <a href=""/kable--konektory-a-redukcie/"">Káble, konektory a redukcie</a> a <a href=""/podium--diskoteka--dj/"">Pódium, diskotéka, DJ</a>.</p>";"";"0";"1";"Plugg – konektory, káble a pódiový materiál | PremiumStore.sk";"Plugg je značka pripojovacieho a montážneho materiálu pre audio techniku a pódiá. Ponúka konektory a redukcie, káble, karabíny a závesné háky, stojany a…";"";"";"";"";"";"";
"2442";"Flextail";"flextail";"<p>Flextail vyrába kompaktné vybavenie pre kemping a outdoor. Najznámejšie sú prenosné repelenty proti komárom, miniatúrne elektrické pumpy na karimatky a nafukovacie vybavenie, kempingové svetlá a nafukovacie karimatky.</p><p>Značku Flextail nájdete na PremiumStore.sk v kategóriách <a href=""/outdoor/"">Outdoor</a> a <a href=""/prislusenstvo-pre-bicykle/"">Príslušenstvo pre bicykle</a>.</p>";"";"0";"1";"Flextail – outdoor a kempingové vybavenie | PremiumStore.sk";"Flextail vyrába kompaktné vybavenie pre kemping a outdoor. Najznámejšie sú prenosné repelenty proti komárom, miniatúrne elektrické pumpy na karimatky a…";"";"";"";"";"";"";
"2967";"BOYA";"boya";"<p>BOYA vyrába mikrofóny pre video, podcast a mobilné natáčanie. V ponuke sú klopové (lavalier) mikrofóny, bezdrôtové sety, smerové mikrofóny na fotoaparát a protivetrné kryty.</p><p>Značku BOYA nájdete na PremiumStore.sk v kategórii <a href=""/audio-technika/"">Audio technika</a>.</p>";"";"0";"1";"BOYA – mikrofóny pre video a podcast | PremiumStore.sk";"BOYA vyrába mikrofóny pre video, podcast a mobilné natáčanie. V ponuke sú klopové (lavalier) mikrofóny, bezdrôtové sety, smerové mikrofóny na fotoaparát a…";"";"";"";"";"";"";
"147";"Trizand";"trizand";"<p>TRIZAND je poľská značka športového a outdoorového vybavenia. Ponúka doplnky pre cyklistiku, paddleboardy a pumpy k nim, turistické a kempingové vybavenie a pomôcky pre domáce cvičenie.</p><p>Značku Trizand nájdete na PremiumStore.sk v kategóriách <a href=""/sportovni-vybavenie/"">Sportovní vybavenie</a>, <a href=""/turistika/"">Turistika</a>, <a href=""/posilnovanie-a-fitness/"">Posilňovanie a fitness</a> a <a href=""/cyklistika/"">Cyklistika</a>.</p>";"";"0";"1";"Trizand – šport, turistika a outdoor | PremiumStore.sk";"TRIZAND je poľská značka športového a outdoorového vybavenia. Ponúka doplnky pre cyklistiku, paddleboardy a pumpy k nim, turistické a kempingové vybavenie a…";"";"";"";"";"";"";
"2409";"QCY";"qcy";"<p>QCY je čínska značka cenovo dostupných bezdrôtových slúchadiel. Rady T a H zahŕňajú TWS slúchadlá do uší aj náhlavné modely, mnohé s aktívnym potlačením hluku (ANC) a dlhou výdržou.</p><p>Značku QCY nájdete na PremiumStore.sk v kategóriách <a href=""/audio-technika/"">Audio technika</a> a <a href=""/reproduktory-2/"">Reproduktory</a>.</p>";"";"0";"1";"QCY – bezdrôtové slúchadlá | PremiumStore.sk";"QCY je čínska značka cenovo dostupných bezdrôtových slúchadiel. Rady T a H zahŕňajú TWS slúchadlá do uší aj náhlavné modely, mnohé s aktívnym potlačením…";"";"";"";"";"";"";
"1194";"Banquet";"banquet";"<p>Banquet je česká značka kuchynského vybavenia. V ponuke sú smaltované a nerezové hrnce a kanvice, termohrnce, digitálne kuchynské váhy, nože, pečivo a doplnky do kuchyne.</p><p>Značku Banquet nájdete na PremiumStore.sk v kategóriách <a href=""/nadobie/"">Nádobie</a>, <a href=""/kuchynske-potreby/"">Kuchynské potreby</a>, <a href=""/kavovary-a-espressa/"">Kávovary a espressá</a> a <a href=""/kuchynske-nadobie/"">Kuchynské nádobie</a>.</p>";"";"0";"1";"Banquet – nádobie a kuchynské potreby | PremiumStore.sk";"Banquet je česká značka kuchynského vybavenia. V ponuke sú smaltované a nerezové hrnce a kanvice, termohrnce, digitálne kuchynské váhy, nože, pečivo a…";"";"";"";"";"";"";
"564";"Mg Wires";"mg-wires";"<p>MG WIRES je výrobca káblov pre fotovoltaické inštalácie. Ponúka solárne káble H1Z2Z2-K na 1500 V v prierezoch 4 a 6 mm² v čiernom aj červenom prevedení, odolné voči UV a poveternostným vplyvom.</p><p>Značku Mg Wires nájdete na PremiumStore.sk v kategórii <a href=""/kable-a-vodice/"">Káble a vodiče</a>.</p>";"";"0";"1";"Mg Wires – solárne káble pre fotovoltaiku | PremiumStore.sk";"MG WIRES je výrobca káblov pre fotovoltaické inštalácie. Ponúka solárne káble H1Z2Z2-K na 1500 V v prierezoch 4 a 6 mm² v čiernom aj červenom prevedení…";"";"";"";"";"";"";
"1086";"Salente";"salente";"<p>SALENTE je česká značka dostupných domácich spotrebičov. Ponuka zahŕňa tyčové a robotické vysávače, horúcovzdušné fritézy, multifunkčné hrnce a príslušenstvo k malým spotrebičom.</p><p>Značku Salente nájdete na PremiumStore.sk v kategóriách <a href=""/vysavace/"">Vysávače</a>, <a href=""/fritezy-a-hrnce/"">Fritézy a hrnce</a>, <a href=""/prislusenstvo-k-malym-spotrebicom/"">Príslušenstvo k malým spotrebičom</a> a <a href=""/osobne-vahy/"">Osobné váhy</a>.</p>";"";"0";"1";"Salente – malé spotrebiče pre domácnosť | PremiumStore.sk";"SALENTE je česká značka dostupných domácich spotrebičov. Ponuka zahŕňa tyčové a robotické vysávače, horúcovzdušné fritézy, multifunkčné hrnce a príslušenstvo…";"";"";"";"";"";"";
"1038";"Candy";"candy";"<p>Candy je talianska značka domácich spotrebičov. V ponuke sú práčky a sušičky, chladničky, umývačky riadu, vstavané rúry a varné dosky.</p><p>Značku Candy nájdete na PremiumStore.sk v kategóriách <a href=""/pracky/"">Práčky</a>, <a href=""/susicky/"">Sušičky</a>, <a href=""/varne-dosky/"">Varné dosky</a> a <a href=""/vstavane-rury/"">Vstavané rúry</a>.</p>";"";"0";"1";"Candy – práčky, sušičky a vstavané spotrebiče | PremiumStore.sk";"Candy je talianska značka domácich spotrebičov. V ponuke sú práčky a sušičky, chladničky, umývačky riadu, vstavané rúry a varné dosky.";"";"";"";"";"";"";
"1098";"Russell Hobbs";"russell-hobbs";"<p>Russell Hobbs je britská značka malých spotrebičov, ktorá preslávila rýchlovarnú kanvicu. Dnes ponúka kanvice a kávovary, hriankovače a sendvičovače, mixéry, žehličky a naparovače.</p><p>Značku Russell Hobbs nájdete na PremiumStore.sk v kategóriách <a href=""/priprava-napojov/"">Príprava nápojov</a>, <a href=""/zehlicky/"">Žehličky</a>, <a href=""/sendvicovace--hriankovace--vaflovace/"">Sendvičovače, hriankovače, vaflovače</a> a <a href=""/fritezy-a-hrnce/"">Fritézy a hrnce</a>.</p>";"";"0";"1";"Russell Hobbs – kuchynské spotrebiče a žehličky | PremiumStore.sk";"Russell Hobbs je britská značka malých spotrebičov, ktorá preslávila rýchlovarnú kanvicu. Dnes ponúka kanvice a kávovary, hriankovače a sendvičovače, mixéry…";"";"";"";"";"";"";
"2904";"NILS";"nils";"<p>NILS je poľská značka športového vybavenia. Najsilnejšia je v kolobežkách radu Extreme – skladacích mestských aj triedy freestyle – dopĺňajú ju korčule, skateboardy a ochranné prvky.</p><p>Značku NILS nájdete na PremiumStore.sk v kategórii <a href=""/sportovni-vybavenie/"">Sportovní vybavenie</a>.</p>";"";"0";"1";"NILS – kolobežky a športové vybavenie | PremiumStore.sk";"NILS je poľská značka športového vybavenia. Najsilnejšia je v kolobežkách radu Extreme – skladacích mestských aj triedy freestyle – dopĺňajú ju korčule…";"";"";"";"";"";"";
"2715";"MERACH";"merach";"<p>MERACH vyrába stroje pre domáce cvičenie. Ponúka spinningové a ležérne rotopedy, veslovacie trenažéry, bežecké pásy a masážne pomôcky, väčšinou s pripojením do vlastnej tréningovej aplikácie.</p><p>Značku MERACH nájdete na PremiumStore.sk v kategóriách <a href=""/fitness-naradie-a-vybavenie/"">Fitness náradie a vybavenie</a>, <a href=""/stacionarne-bicykle/"">Stacionárne Bicykle</a> a <a href=""/elektricke-bezecke-pasy/"">Elektrické bežecké pásy</a>.</p>";"";"0";"1";"MERACH – domáce fitness stroje | PremiumStore.sk";"MERACH vyrába stroje pre domáce cvičenie. Ponúka spinningové a ležérne rotopedy, veslovacie trenažéry, bežecké pásy a masážne pomôcky, väčšinou s pripojením…";"";"";"";"";"";"";
"1179";"Bravo";"bravo";"<p>BRAVO je česká značka dostupných malých spotrebičov. V ponuke sú rýchlovarné kanvice a kávovary, kúpeľňové infražiariče, sušiče vlasov, mixéry a kuchynské roboty.</p><p>Značku Bravo nájdete na PremiumStore.sk v kategóriách <a href=""/priprava-napojov/"">Príprava nápojov</a>, <a href=""/starostlivost-o-vlasy/"">Starostlivosť o vlasy</a>, <a href=""/kuchynske-roboty-a-krajace/"">Kuchynské roboty a krájače</a> a <a href=""/zehlicky/"">Žehličky</a>.</p>";"";"0";"1";"Bravo – malé spotrebiče do domácnosti | PremiumStore.sk";"BRAVO je česká značka dostupných malých spotrebičov. V ponuke sú rýchlovarné kanvice a kávovary, kúpeľňové infražiariče, sušiče vlasov, mixéry a kuchynské…";"";"";"";"";"";"";
"1056";"Bellissima";"bellissima";"<p>Bellissima je talianska značka prístrojov na úpravu vlasov zo skupiny Imetec. Ponúka sušiče, žehličky a kulmy vrátane automatických modelov na tvorbu vĺn a kučier radu Ricci&Curl.</p><p>Značku Bellissima nájdete na PremiumStore.sk v kategórii <a href=""/starostlivost-o-vlasy/"">Starostlivosť o vlasy</a>.</p>";"";"0";"1";"Bellissima – starostlivosť o vlasy | PremiumStore.sk";"Bellissima je talianska značka prístrojov na úpravu vlasov zo skupiny Imetec. Ponúka sušiče, žehličky a kulmy vrátane automatických modelov na tvorbu vĺn a…";"";"";"";"";"";"";
"2118";"Oral-B";"oral-b";"<p>Oral-B je značka ústnej hygieny zo skupiny Procter & Gamble. Vyrába rotačno-oscilačné elektrické zubné kefky vrátane prémiového radu iO s magnetickým pohonom, detské kefky a náhradné hlavice.</p><p>Značku Oral-B nájdete na PremiumStore.sk v kategórii <a href=""/starostlivost-o-zuby/"">Starostlivosť o zuby</a>.</p>";"";"0";"1";"Oral-B – elektrické zubné kefky | PremiumStore.sk";"Oral-B je značka ústnej hygieny zo skupiny Procter & Gamble. Vyrába rotačno-oscilačné elektrické zubné kefky vrátane prémiového radu iO s magnetickým…";"";"";"";"";"";"";
"2613";"Lexar";"lexar";"<p>Lexar je výrobca pamäťových médií. V ponuke sú microSD a SD karty vrátane rýchlych fotografických a video radov, USB kľúče a prenosné SSD disky radu SL s rýchlosťami až v tisícoch MB/s.</p><p>Značku Lexar nájdete na PremiumStore.sk v kategóriách <a href=""/pamatove-karty-6/"">Pamäťové karty</a>, <a href=""/pendrive/"">Pendrive</a>, <a href=""/pocitace-mobily-a-tablety/"">Počítače, mobily a tablety</a> a <a href=""/citacky-kariet-2/"">Čítačky kariet</a>.</p>";"";"0";"1";"Lexar – pamäťové karty a SSD disky | PremiumStore.sk";"Lexar je výrobca pamäťových médií. V ponuke sú microSD a SD karty vrátane rýchlych fotografických a video radov, USB kľúče a prenosné SSD disky radu SL s…";"";"";"";"";"";"";
"918";"Braun";"braun";"<p>Braun je nemecká značka prístrojov pre osobnú starostlivosť. Ťažiskom sú holiace strojčeky radu Series 5 až 9 a náhradné planžety a hlavice k nim, ďalej zastrihávače, epilátory a teplomery.</p><p>Značku Braun nájdete na PremiumStore.sk v kategóriách <a href=""/holiace-strojceky/"">Holiace strojčeky</a>, <a href=""/starostlivost-o-vlasy/"">Starostlivosť o vlasy</a>, <a href=""/zehlicky/"">Žehličky</a> a <a href=""/grily--pekarne--varice/"">Grily, pekárne, variče</a>.</p>";"";"0";"1";"Braun – holiace strojčeky a osobná starostlivosť | PremiumStore.sk";"Braun je nemecká značka prístrojov pre osobnú starostlivosť. Ťažiskom sú holiace strojčeky radu Series 5 až 9 a náhradné planžety a hlavice k nim, ďalej…";"";"";"";"";"";"";
"1044";"Whirlpool";"whirlpool";"<p>Whirlpool je americký výrobca domácich spotrebičov. V ponuke sú práčky a sušičky, chladničky, umývačky riadu, vstavané rúry, varné dosky a mikrovlnné rúry.</p><p>Značku Whirlpool nájdete na PremiumStore.sk v kategóriách <a href=""/vstavane-rury/"">Vstavané rúry</a>, <a href=""/pracky/"">Práčky</a>, <a href=""/vstavane-umyvacky-riadu/"">Vstavané umývačky riadu</a> a <a href=""/vstavane-mikrovlnne-rury/"">Vstavané mikrovlnné rúry</a>.</p>";"";"0";"1";"Whirlpool – domáce spotrebiče | PremiumStore.sk";"Whirlpool je americký výrobca domácich spotrebičov. V ponuke sú práčky a sušičky, chladničky, umývačky riadu, vstavané rúry, varné dosky a mikrovlnné rúry.";"";"";"";"";"";"";
"915";"Yamaha";"yamaha";"<p>Yamaha je japonský výrobca s presahom od hudobných nástrojov po audio techniku. V našej ponuke sú hi-fi a AV zosilňovače, receivery, reproduktorové sústavy, soundbary a sieťové prehrávače.</p><p>Značku Yamaha nájdete na PremiumStore.sk v kategóriách <a href=""/audio-technika/"">Audio technika</a>, <a href=""/reproduktory-2/"">Reproduktory</a> a <a href=""/prislusenstvo-k-tv--audio--video/"">Príslušenstvo</a>.</p>";"";"0";"1";"Yamaha – hi-fi zosilňovače a reproduktory | PremiumStore.sk";"Yamaha je japonský výrobca s presahom od hudobných nástrojov po audio techniku. V našej ponuke sú hi-fi a AV zosilňovače, receivery, reproduktorové sústavy…";"";"";"";"";"";"";
"156";"Dospel";"dospel";"<p>DOSPEL je poľský výrobca ventilačnej techniky. Vyrába kúpeľňové a kuchynské ventilátory radu POLO vrátane verzií s automatickou žalúziou a časovačom, potrubné ventilátory a vzduchotechnické príslušenstvo.</p><p>Značku Dospel nájdete na PremiumStore.sk v kategóriách <a href=""/ventilacne-technika/"">Ventilačné technika</a> a <a href=""/zalozne-zdroje-a-ups/"">Záložné zdroje a UPS</a>.</p>";"";"0";"1";"Dospel – ventilátory a vzduchotechnika | PremiumStore.sk";"DOSPEL je poľský výrobca ventilačnej techniky. Vyrába kúpeľňové a kuchynské ventilátory radu POLO vrátane verzií s automatickou žalúziou a časovačom…";"";"";"";"";"";"";
"912";"Energy Sistem";"energy-sistem";"<p>Energy Sistem je španielska značka spotrebnej audio techniky. Ponúka bezdrôtové aj drôtové slúchadlá radu Urban, prenosné Bluetooth reproduktory vrátane odolných outdoorových modelov a autorádiá.</p><p>Značku Energy Sistem nájdete na PremiumStore.sk v kategóriách <a href=""/audio-technika/"">Audio technika</a> a <a href=""/reproduktory-2/"">Reproduktory</a>.</p>";"";"0";"1";"Energy Sistem – slúchadlá a bezdrôtové reproduktory | PremiumStore.sk";"Energy Sistem je španielska značka spotrebnej audio techniky. Ponúka bezdrôtové aj drôtové slúchadlá radu Urban, prenosné Bluetooth reproduktory vrátane…";"";"";"";"";"";"";
"1959";"Neutrik";"neutrik";"<p>Neutrik je lichtenštajnský výrobca konektorov a referenčný štandard v profesionálnom audiu. Vyrába XLR konektory a panelové zásuvky, jacky 6,3 mm, speakON, adaptéry a redukcie s vysokou mechanickou odolnosťou.</p><p>Značku Neutrik nájdete na PremiumStore.sk v kategóriách <a href=""/kable--konektory-a-redukcie/"">Káble, konektory a redukcie</a> a <a href=""/podium--diskoteka--dj/"">Pódium, diskotéka, DJ</a>.</p>";"";"0";"1";"Neutrik – profesionálne audio konektory | PremiumStore.sk";"Neutrik je lichtenštajnský výrobca konektorov a referenčný štandard v profesionálnom audiu. Vyrába XLR konektory a panelové zásuvky, jacky 6,3 mm, speakON…";"";"";"";"";"";"";
"1284";"Sony";"sony";"<p>Sony je japonský výrobca spotrebnej elektroniky. V našej ponuke sú slúchadlá radu WH a LinkBuds s potlačením hluku, prenosné reproduktory a herné príslušenstvo pre konzoly PlayStation.</p><p>Značku Sony nájdete na PremiumStore.sk v kategóriách <a href=""/audio-technika/"">Audio technika</a>, <a href=""/herne-zariadenia-2/"">Herné zariadenia</a> a <a href=""/reproduktory-2/"">Reproduktory</a>.</p>";"";"0";"1";"Sony – slúchadlá, audio a PlayStation | PremiumStore.sk";"Sony je japonský výrobca spotrebnej elektroniky. V našej ponuke sú slúchadlá radu WH a LinkBuds s potlačením hluku, prenosné reproduktory a herné…";"";"";"";"";"";"";
"2301";"Habotest";"habotest";"<p>Habotest vyrába cenovo dostupnú meraciu techniku pre elektrikárov a domáce použitie. V ponuke sú digitálne a kliešťové multimetre, testery zásuviek, skúšačky napätia, pyrometre, decibelmetre, anemometre, vlhkomery a detektory úniku plynu.</p><p>Značku Habotest nájdete na PremiumStore.sk v kategóriách <a href=""/meracie-technika/"">Meracia technika</a> a <a href=""/teplomery-3/"">Teplomery</a>.</p>";"";"0";"1";"Habotest – meracie prístroje a detektory | PremiumStore.sk";"Habotest vyrába cenovo dostupnú meraciu techniku pre elektrikárov a domáce použitie. V ponuke sú digitálne a kliešťové multimetre, testery zásuviek, skúšačky…";"";"";"";"";"";"";
"2268";"baseus";"baseus";"<p>Baseus je značka mobilného príslušenstva so silným dizajnom. Ponuka zahŕňa nabíjacie a dátové káble radu Cafule, USB a GaN nabíjačky do siete aj do auta, powerbanky, držiaky a USB huby.</p><p>Značku baseus nájdete na PremiumStore.sk v kategóriách <a href=""/usb-kable-4/"">USB káble</a>, <a href=""/pocitace-mobily-a-tablety/"">Počítače, mobily a tablety</a>, <a href=""/prislusenstvo-10/"">Príslušenstvo</a> a <a href=""/nabijacky-4/"">Nabíjačky</a>.</p>";"";"0";"1";"baseus – nabíjačky, káble a príslušenstvo | PremiumStore.sk";"Baseus je značka mobilného príslušenstva so silným dizajnom. Ponuka zahŕňa nabíjacie a dátové káble radu Cafule, USB a GaN nabíjačky do siete aj do auta…";"";"";"";"";"";"";
"2622";"Huion";"huion";"<p>Huion vyrába grafické tablety pre digitálne kreslenie a retuš. Rady H a Kamvas zahŕňajú tablety bez displeja aj pero-displeje s citlivosťou na prítlak, bezbatériovými perami a podporou hlavných grafických programov.</p><p>Značku Huion nájdete na PremiumStore.sk v kategóriách <a href=""/graficke-tablety-3/"">Grafické tablety</a> a <a href=""/tablety-4/"">Tablety</a>.</p>";"";"0";"1";"Huion – grafické tablety | PremiumStore.sk";"Huion vyrába grafické tablety pre digitálne kreslenie a retuš. Rady H a Kamvas zahŕňajú tablety bez displeja aj pero-displeje s citlivosťou na prítlak…";"";"";"";"";"";"";
"1512";"Verbatim";"verbatim";"<p>Verbatim je tradičná značka záznamových médií. Ponúka optické médiá CD-R, DVD a Blu-ray, USB kľúče, pamäťové karty a prenosné SSD disky radu Store'n'Go.</p><p>Značku Verbatim nájdete na PremiumStore.sk v kategóriách <a href=""/pamatove-media-2/"">Pamäťové médiá</a>, <a href=""/monitory-2/"">Monitory</a>, <a href=""/prislusenstvo-10/"">Príslušenstvo</a> a <a href=""/pc-periferie-2/"">PC periférie</a>.</p>";"";"0";"1";"Verbatim – pamäťové médiá a SSD | PremiumStore.sk";"Verbatim je tradičná značka záznamových médií. Ponúka optické médiá CD-R, DVD a Blu-ray, USB kľúče, pamäťové karty a prenosné SSD disky radu Store'n'Go.";"";"";"";"";"";"";
"2046";"Nintendo";"nintendo";"<p>Nintendo je japonský výrobca herných konzol a hier. V ponuke sú konzoly Nintendo Switch, hry k nim vrátane sérií Zelda, Mario a Pokémon a originálne herné príslušenstvo.</p><p>Značku Nintendo nájdete na PremiumStore.sk v kategórii <a href=""/herne-zariadenia-2/"">Herné zariadenia</a>.</p>";"";"0";"1";"Nintendo – konzoly a hry Nintendo Switch | PremiumStore.sk";"Nintendo je japonský výrobca herných konzol a hier. V ponuke sú konzoly Nintendo Switch, hry k nim vrátane sérií Zelda, Mario a Pokémon a originálne herné…";"";"";"";"";"";"";
"2316";"Meross";"meross";"<p>Meross vyrába zariadenia pre smart domácnosť s podporou Apple HomeKit, Google Home aj Alexa. V ponuke sú inteligentné zásuvky a vypínače, LED pásy a žiarovky, termostaty a termostatické radiátorové hlavice.</p><p>Značku Meross nájdete na PremiumStore.sk v kategóriách <a href=""/smart-domacnost/"">Smart domácnosť</a>, <a href=""/riadiace-jednotky/"">Riadiace jednotky</a>, <a href=""/osvetlenie/"">Osvetlenie</a> a <a href=""/led-osvetlenie/"">LED osvetlenie</a>.</p>";"";"0";"1";"Meross – smart domácnosť a termostaty | PremiumStore.sk";"Meross vyrába zariadenia pre smart domácnosť s podporou Apple HomeKit, Google Home aj Alexa. V ponuke sú inteligentné zásuvky a vypínače, LED pásy a…";"";"";"";"";"";"";
"2391";"NIIMBOT";"niimbot";"<p>NIIMBOT vyrába kompaktné termotlačiarne štítkov ovládané cez mobil. K modelom radu B a D dodáva široký sortiment nalepovacích termoetikiet v rôznych rozmeroch a farbách.</p><p>Značku NIIMBOT nájdete na PremiumStore.sk v kategórii <a href=""/kancelaria-a-skola/"">Kancelária a škola</a>.</p>";"";"0";"1";"NIIMBOT – štítkovače a termoetikety | PremiumStore.sk";"NIIMBOT vyrába kompaktné termotlačiarne štítkov ovládané cez mobil. K modelom radu B a D dodáva široký sortiment nalepovacích termoetikiet v rôznych…";"";"";"";"";"";"";
"1794";"Girmi";"girmi";"<p>Girmi je talianska značka malých kuchynských spotrebičov. Ponúka mixéry a kuchynské roboty, fritézy a hrnce, kávovary a prístroje na prípravu nápojov, zmrzlinovače a hriankovače.</p><p>Značku Girmi nájdete na PremiumStore.sk v kategóriách <a href=""/kuchynske-roboty-a-krajace/"">Kuchynské roboty a krájače</a>, <a href=""/fritezy-a-hrnce/"">Fritézy a hrnce</a>, <a href=""/priprava-napojov/"">Príprava nápojov</a> a <a href=""/starostlivost-o-vlasy/"">Starostlivosť o vlasy</a>.</p>";"";"0";"1";"Girmi – talianske malé spotrebiče | PremiumStore.sk";"Girmi je talianska značka malých kuchynských spotrebičov. Ponúka mixéry a kuchynské roboty, fritézy a hrnce, kávovary a prístroje na prípravu nápojov…";"";"";"";"";"";"";
"2352";"SwitchBot";"switchbot";"<p>SwitchBot rieši smart domácnosť bez zásahu do elektroinštalácie. Vyrába robotické spínače na existujúce vypínače, senzory teploty a vlhkosti, motorizované ovládanie závesov a rolet, bezdrôtové diaľkové spínače a rozbočovače.</p><p>Značku SwitchBot nájdete na PremiumStore.sk v kategóriách <a href=""/riadiace-jednotky/"">Riadiace jednotky</a>, <a href=""/smart-domacnost/"">Smart domácnosť</a>, <a href=""/led-osvetlenie/"">LED osvetlenie</a> a <a href=""/osvetlenie/"">Osvetlenie</a>.</p>";"";"0";"1";"SwitchBot – smart domácnosť bez rekonštrukcie | PremiumStore.sk";"SwitchBot rieši smart domácnosť bez zásahu do elektroinštalácie. Vyrába robotické spínače na existujúce vypínače, senzory teploty a vlhkosti, motorizované…";"";"";"";"";"";"";
"2187";"GameSir";"gamesir";"<p>GameSir vyrába herné ovládače pre PC, konzoly aj mobilné hranie. Ponúka bezdrôtové a drôtové gamepady vrátane modelov s Hall-effect páčkami, mobilné držiaky a herné adaptéry.</p><p>Značku GameSir nájdete na PremiumStore.sk v kategóriách <a href=""/herne-prislusenstvo-3/"">Herné príslušenstvo</a>, <a href=""/herne-ovladace-4/"">Herné ovládače</a> a <a href=""/herne-zariadenia-2/"">Herné zariadenia</a>.</p>";"";"0";"1";"GameSir – herné ovládače a volanty | PremiumStore.sk";"GameSir vyrába herné ovládače pre PC, konzoly aj mobilné hranie. Ponúka bezdrôtové a drôtové gamepady vrátane modelov s Hall-effect páčkami, mobilné držiaky…";"";"";"";"";"";"";
"1128";"Scanpart";"scanpart";"<p>ScanPart je holandská značka spotrebného materiálu k domácim spotrebičom. Ponúka odvápňovače a čistiace tablety pre kávovary, opakovane plniteľné kapsuly pre Nespresso a Dolce Gusto, filtre a náhradné diely k práčkam.</p><p>Značku Scanpart nájdete na PremiumStore.sk v kategóriách <a href=""/prislusenstvo-k-malym-spotrebicom/"">Príslušenstvo k malým spotrebičom</a>, <a href=""/priprava-napojov/"">Príprava nápojov</a>, <a href=""/pracky/"">Práčky</a> a <a href=""/kuchynske-potreby/"">Kuchynské potreby</a>.</p>";"";"0";"1";"Scanpart – príslušenstvo a čistenie spotrebičov | PremiumStore.sk";"ScanPart je holandská značka spotrebného materiálu k domácim spotrebičom. Ponúka odvápňovače a čistiace tablety pre kávovary, opakovane plniteľné kapsuly pre…";"";"";"";"";"";"";
"591";"Etelec";"etelec";"<p>etelec je taliansky výrobca spojovacieho materiálu pre elektroinštaláciu. Špecializuje sa na gélové káblové spojky radu EVO s krytím IP68, vhodné na priame uloženie do zeme aj do vlhkého prostredia.</p><p>Značku Etelec nájdete na PremiumStore.sk v kategórii <a href=""/instalacne-prislusenstvo/"">Inštalačné príslušenstvo</a>.</p>";"";"0";"1";"Etelec – gélové káblové spojky | PremiumStore.sk";"etelec je taliansky výrobca spojovacieho materiálu pre elektroinštaláciu. Špecializuje sa na gélové káblové spojky radu EVO s krytím IP68, vhodné na priame…";"";"";"";"";"";"";
"555";"Philips";"philips";"<p>Philips je holandská značka s veľmi širokým záberom. V našej ponuke sú žiarovky a svietidlá, mini projektory, elektrické zubné kefky Sonicare a drobná spotrebná elektronika.</p><p>Značku Philips nájdete na PremiumStore.sk v kategóriách <a href=""/starostlivost-o-zuby/"">Starostlivosť o zuby</a>, <a href=""/projektory-4/"">Projektory</a>, <a href=""/osvetlenie/"">Osvetlenie</a> a <a href=""/audio-technika/"">Audio technika</a>.</p>";"";"0";"1";"Philips – osvetlenie, projektory a ústna hygiena | PremiumStore.sk";"Philips je holandská značka s veľmi širokým záberom. V našej ponuke sú žiarovky a svietidlá, mini projektory, elektrické zubné kefky Sonicare a drobná…";"";"";"";"";"";"";
"996";"Evolveo";"evolveo";"<p>EVOLVEO je česká značka spotrebnej elektroniky. Najznámejšia je fotopascami StrongVision vrátane solárnych verzií, ďalej ponúka antény a DVB-T2 prijímače, baby monitory a telefóny pre seniorov.</p><p>Značku Evolveo nájdete na PremiumStore.sk v kategóriách <a href=""/anteny-a-satelity/"">Antény a satelity</a>, <a href=""/fotopasce-2/"">Fotopasce</a>, <a href=""/starostlivost-o-dieta/"">Starostlivosť o dieťa</a> a <a href=""/tlacidlove-telefony/"">Tlačidlové telefóny</a>.</p>";"";"0";"1";"Evolveo – fotopasce, antény a baby monitory | PremiumStore.sk";"EVOLVEO je česká značka spotrebnej elektroniky. Najznámejšia je fotopascami StrongVision vrátane solárnych verzií, ďalej ponúka antény a DVB-T2 prijímače…";"";"";"";"";"";"";
"1032";"Amica";"amica";"<p>Amica je poľský výrobca domácich spotrebičov. V ponuke sú chladničky a mrazničky, vstavané rúry a varné dosky, odsávače pár, sporáky a umývačky riadu.</p><p>Značku Amica nájdete na PremiumStore.sk v kategóriách <a href=""/chladnicky/"">Chladničky</a>, <a href=""/varne-dosky/"">Varné dosky</a>, <a href=""/vstavane-rury/"">Vstavané rúry</a> a <a href=""/digestory/"">Digestory</a>.</p>";"";"0";"1";"Amica – vstavané spotrebiče a chladničky | PremiumStore.sk";"Amica je poľský výrobca domácich spotrebičov. V ponuke sú chladničky a mrazničky, vstavané rúry a varné dosky, odsávače pár, sporáky a umývačky riadu.";"";"";"";"";"";"";
"51";"Virone";"virone";"<p>VIRONE je poľská značka elektroinštalačného materiálu. Ponúka elektromery na DIN lištu, PIR pohybové snímače, revízne dvierka, ventilačné mriežky, predlžovacie prívody a drobnú spínaciu techniku.</p><p>Značku Virone nájdete na PremiumStore.sk v kategóriách <a href=""/ventilacne-technika/"">Ventilačné technika</a>, <a href=""/elektromery-a-spinacie-technika/"">Elektromery a spínacie technika</a>, <a href=""/predlzovacky--zasuvky--vidlica/"">Predlžovacie káble a vidlice</a> a <a href=""/zabezpecenie/"">Zabezpečenie</a>.</p>";"";"0";"1";"Virone – elektroinštalačný materiál | PremiumStore.sk";"VIRONE je poľská značka elektroinštalačného materiálu. Ponúka elektromery na DIN lištu, PIR pohybové snímače, revízne dvierka, ventilačné mriežky…";"";"";"";"";"";"";
"255";"Technisat";"technisat";"<p>TechniSat je nemecký výrobca prijímacej techniky. Ponúka DAB+ a internetové rádiá radu DIGITRADIO, satelitné a DVB-T2 prijímače, antény, meteostanice a domáce reproduktory.</p><p>Značku Technisat nájdete na PremiumStore.sk v kategóriách <a href=""/audio-technika/"">Audio technika</a>, <a href=""/anteny-a-satelity/"">Antény a satelity</a> a <a href=""/meteostanice/"">Meteostanice</a>.</p>";"";"0";"1";"Technisat – digitálne rádiá a satelitná technika | PremiumStore.sk";"TechniSat je nemecký výrobca prijímacej techniky. Ponúka DAB+ a internetové rádiá radu DIGITRADIO, satelitné a DVB-T2 prijímače, antény, meteostanice a…";"";"";"";"";"";"";
"2298";"Petkit";"petkit";"<p>PETKIT vyrába inteligentné potreby pre psy a mačky. V ponuke sú automatické kŕmidlá a fontánky na vodu, samočistiace toalety s eliminátorom zápachu Pura, zastrihávače a nožnice na pazúriky s LED osvetlením.</p><p>Značku Petkit nájdete na PremiumStore.sk v kategórii <a href=""/chovatelske-potreby/"">Chovateľské potreby</a>.</p>";"";"0";"1";"Petkit – smart potreby pre zvieratá | PremiumStore.sk";"PETKIT vyrába inteligentné potreby pre psy a mačky. V ponuke sú automatické kŕmidlá a fontánky na vodu, samočistiace toalety s eliminátorom zápachu Pura…";"";"";"";"";"";"";
"2664";"RingConn";"ringconn";"<p>RingConn vyrába smart prstene – alternatívu k smart hodinkám. Generácia Gen 2 meria tep, okysličenie krvi, spánok a jeho fázy a aktivitu, s výdržou na jedno nabitie okolo týždňa.</p><p>Značku RingConn nájdete na PremiumStore.sk v kategórii <a href=""/nositelna-elektronika-2/"">Nositeľná elektronika</a>.</p>";"";"0";"1";"RingConn – smart prstene | PremiumStore.sk";"RingConn vyrába smart prstene – alternatívu k smart hodinkám. Generácia Gen 2 meria tep, okysličenie krvi, spánok a jeho fázy a aktivitu, s výdržou na jedno…";"";"";"";"";"";"";
"429";"Transmedia";"transmedia";"<p>Transmedia je nemecká značka prepojovacieho materiálu pre TV a satelit. Ponúka anténne konektory a spojky, F redukcie, účastnícke zásuvky SAT/TV/R, rozbočovače a koaxiálne káble.</p><p>Značku Transmedia nájdete na PremiumStore.sk v kategóriách <a href=""/anteny-a-satelity/"">Antény a satelity</a>, <a href=""/vypinace--zasuvky--krabice/"">Vypínače a nástenné zásuvky</a> a <a href=""/kable-a-vodice/"">Káble a vodiče</a>.</p>";"";"0";"1";"Transmedia – anténne konektory a redukcie | PremiumStore.sk";"Transmedia je nemecká značka prepojovacieho materiálu pre TV a satelit. Ponúka anténne konektory a spojky, F redukcie, účastnícke zásuvky SAT/TV/R…";"";"";"";"";"";"";
"90";"In";"in";"<p>IN je značka pohonov pre brány a vráta. Vyrába pohony pre posuvné brány s nosnosťou do 2500 kg vrátane Wi-Fi verzií, pohony pre krídlové brány, diaľkové ovládače a bezpečnostné fotobunky.</p><p>Značku In nájdete na PremiumStore.sk v kategóriách <a href=""/brany-a-zvonceky/"">Brány a zvončeky</a> a <a href=""/univerzalne-ovladace/"">Univerzálne ovládače</a>.</p>";"";"0";"1";"In – pohony brán a vrát | PremiumStore.sk";"IN je značka pohonov pre brány a vráta. Vyrába pohony pre posuvné brány s nosnosťou do 2500 kg vrátane Wi-Fi verzií, pohony pre krídlové brány, diaľkové…";"";"";"";"";"";"";
"789";"Gp";"gp";"<p>GP Batteries je jeden z najväčších svetových výrobcov batérií. Ponúka alkalické a zinkové články AA a AAA, lítiové fotobatérie CR123A a CR2, gombíkové články, nabíjateľné NiMH akumulátory a nabíjačky.</p><p>Značku Gp nájdete na PremiumStore.sk v kategórii <a href=""/akumulatory-a-baterie/"">Akumulátory a batérie</a>.</p>";"";"0";"1";"Gp – batérie a akumulátory | PremiumStore.sk";"GP Batteries je jeden z najväčších svetových výrobcov batérií. Ponúka alkalické a zinkové články AA a AAA, lítiové fotobatérie CR123A a CR2, gombíkové…";"";"";"";"";"";"";
"2265";"PGYTECH";"pgytech";"<p>PGYTECH vyrába príslušenstvo pre drony DJI a akčné kamery. V ponuke sú sady ND a polarizačných filtrov pre konkrétne modely dronov, prepravné puzdrá, držiaky, statívy a káble.</p><p>Značku PGYTECH nájdete na PremiumStore.sk v kategóriách <a href=""/prislusenstvo-pre-drony/"">Príslušenstvo pre drony</a>, <a href=""/graficke-tablety-3/"">Grafické tablety</a>, <a href=""/pre-sportove-kamery-3/"">Príslušenstvo</a> a <a href=""/selfie-tyce-4/"">Selfie tyče</a>.</p>";"";"0";"1";"PGYTECH – príslušenstvo pre drony a kamery | PremiumStore.sk";"PGYTECH vyrába príslušenstvo pre drony DJI a akčné kamery. V ponuke sú sady ND a polarizačných filtrov pre konkrétne modely dronov, prepravné puzdrá…";"";"";"";"";"";"";
"2277";"Gosund";"gosund";"<p>Gosund je značka cenovo dostupnej smart domácnosti v ekosystéme Tuya. Vyrába Wi-Fi zásuvky s meraním spotreby a USB portami, nástenné vypínače svetla, spínacie moduly a LED žiarovky.</p><p>Značku Gosund nájdete na PremiumStore.sk v kategóriách <a href=""/smart-domacnost/"">Smart domácnosť</a>, <a href=""/riadiace-jednotky/"">Riadiace jednotky</a>, <a href=""/osvetlenie/"">Osvetlenie</a> a <a href=""/ip-kamery-3/"">IP kamery</a>.</p>";"";"0";"1";"Gosund – smart zásuvky a vypínače | PremiumStore.sk";"Gosund je značka cenovo dostupnej smart domácnosti v ekosystéme Tuya. Vyrába Wi-Fi zásuvky s meraním spotreby a USB portami, nástenné vypínače svetla…";"";"";"";"";"";"";
"2334";"PXN";"pxn";"<p>PXN vyrába herné ovládacie prvky pre PC a konzoly. Špecializuje sa na pretekárske volanty s pedálmi pre PC, PlayStation aj Xbox, letecké joysticky a stojany k volantom.</p><p>Značku PXN nájdete na PremiumStore.sk v kategóriách <a href=""/herne-prislusenstvo-3/"">Herné príslušenstvo</a> a <a href=""/herne-ovladace-4/"">Herné ovládače</a>.</p>";"";"0";"1";"PXN – herné volanty a joysticky | PremiumStore.sk";"PXN vyrába herné ovládacie prvky pre PC a konzoly. Špecializuje sa na pretekárske volanty s pedálmi pre PC, PlayStation aj Xbox, letecké joysticky a stojany…";"";"";"";"";"";"";
"2379";"IMOU";"imou";"<p>IMOU je značka kamerových a zabezpečovacích zariadení pre domácnosť zo skupiny Dahua. Ponúka vnútorné aj vonkajšie Wi-Fi IP kamery, videozvončeky, ZigBee senzory pohybu, dverí a úniku vody.</p><p>Značku IMOU nájdete na PremiumStore.sk v kategóriách <a href=""/ip-kamery-3/"">IP kamery</a>, <a href=""/smart-domacnost/"">Smart domácnosť</a>, <a href=""/pamatove-karty-6/"">Pamäťové karty</a> a <a href=""/pocitace-mobily-a-tablety/"">Počítače, mobily a tablety</a>.</p>";"";"0";"1";"IMOU – IP kamery a senzory | PremiumStore.sk";"IMOU je značka kamerových a zabezpečovacích zariadení pre domácnosť zo skupiny Dahua. Ponúka vnútorné aj vonkajšie Wi-Fi IP kamery, videozvončeky, ZigBee…";"";"";"";"";"";"";
"2454";"Gens ace";"gens-ace";"<p>Gens ace a sesterská značka TATTU patria k referenciám v LiPo batériách pre RC modely a drony. Ponúkajú články 2S až 6S s kapacitami do 10 000 mAh a vysokým vybíjacím prúdom pre autá, lietadlá a FPV drony.</p><p>Značku Gens ace nájdete na PremiumStore.sk v kategórii <a href=""/litiove-a-nimh/"">Batérie</a>.</p>";"";"0";"1";"Gens ace – LiPo batérie pre RC modely | PremiumStore.sk";"Gens ace a sesterská značka TATTU patria k referenciám v LiPo batériách pre RC modely a drony. Ponúkajú články 2S až 6S s kapacitami do 10 000 mAh a vysokým…";"";"";"";"";"";"";
"1593";"Lenovo";"lenovo";"<p>Lenovo je globálny výrobca výpočtovej techniky. V našej ponuke sú tablety radu Tab a IdeaTab vrátane 5G verzií, notebooky IdeaPad a príslušenstvo k nim.</p><p>Značku Lenovo nájdete na PremiumStore.sk v kategóriách <a href=""/tablety-4/"">Tablety</a>, <a href=""/notebooky-2/"">Notebooky</a> a <a href=""/pocitace-mobily-a-tablety/"">Počítače, mobily a tablety</a>.</p>";"";"0";"1";"Lenovo – notebooky a tablety | PremiumStore.sk";"Lenovo je globálny výrobca výpočtovej techniky. V našej ponuke sú tablety radu Tab a IdeaTab vrátane 5G verzií, notebooky IdeaPad a príslušenstvo k nim.";"";"";"";"";"";"";
"1104";"Truelife";"truelife";"<p>TrueLife je česká značka zdravotnej a hygienickej elektroniky. Najsilnejšia je v ústnej hygiene – sonické zubné kefky SonicBrush vrátane detských a ústne sprchy AquaFloss – ponúka aj baby monitory a čističky vzduchu.</p><p>Značku Truelife nájdete na PremiumStore.sk v kategóriách <a href=""/starostlivost-o-zuby/"">Starostlivosť o zuby</a>, <a href=""/starostlivost-o-dieta/"">Starostlivosť o dieťa</a>, <a href=""/vzduchotechnika/"">Vzduchotechnika</a> a <a href=""/zdravie-a-starostlivost/"">Zdravie a starostlivosť</a>.</p>";"";"0";"1";"Truelife – ústna hygiena a starostlivosť | PremiumStore.sk";"TrueLife je česká značka zdravotnej a hygienickej elektroniky. Najsilnejšia je v ústnej hygiene – sonické zubné kefky SonicBrush vrátane detských a ústne…";"";"";"";"";"";"";
"498";"Elektro-Plast";"elektro-plast";"<p>ELEKTRO-PLAST Nasielsk je poľský výrobca plastových rozvádzačov. Ponúka nástenné aj zapustené rozvodnice s krytím IP40 až IP65 vrátane radu určeného pre fotovoltaické inštalácie a UV odolných vonkajších skríň.</p><p>Značku Elektro-Plast nájdete na PremiumStore.sk v kategóriách <a href=""/montazne-skrine-a-rozvadzace/"">Montážne skrine a rozvádzače</a>, <a href=""/rozvadzacove-prvky/"">Rozvádzačové prvky</a> a <a href=""/instalacne-prislusenstvo/"">Inštalačné príslušenstvo</a>.</p>";"";"0";"1";"Elektro-Plast – rozvádzače a rozvodné skrine | PremiumStore.sk";"ELEKTRO-PLAST Nasielsk je poľský výrobca plastových rozvádzačov. Ponúka nástenné aj zapustené rozvodnice s krytím IP40 až IP65 vrátane radu určeného pre…";"";"";"";"";"";"";
"135";"Vipow";"vipow";"<p>VIPOW je značka bezúdržbových olovených akumulátorov. Ponúka články 6 V a 12 V s kapacitou od 1,2 do 26 Ah pre záložné zdroje, alarmy, elektrické vozidlá a solárne systémy, plus nabíjačky k nim.</p><p>Značku Vipow nájdete na PremiumStore.sk v kategórii <a href=""/akumulatory-a-baterie/"">Akumulátory a batérie</a>.</p>";"";"0";"1";"Vipow – olovené akumulátory a nabíjačky | PremiumStore.sk";"VIPOW je značka bezúdržbových olovených akumulátorov. Ponúka články 6 V a 12 V s kapacitou od 1,2 do 26 Ah pre záložné zdroje, alarmy, elektrické vozidlá a…";"";"";"";"";"";"";
"108";"A-Z Traders S.r.o.";"a-z-traders-s-r-o-";"<p>A-Z TRADERS dodáva hotové rozvádzače pre fotovoltaické inštalácie. Rad R-FVE je predpripravený vrátane prepäťovej ochrany triedy I+II, v DC aj AC variantoch pre jedno- a trojfázové zapojenie.</p><p>Značku A-Z Traders S.r.o. nájdete na PremiumStore.sk v kategóriách <a href=""/montazne-skrine-a-rozvadzace/"">Montážne skrine a rozvádzače</a> a <a href=""/fotovoltaika/"">Fotovoltaika</a>.</p>";"";"0";"1";"A-Z Traders S.r.o. – rozvádzače pre fotovoltaiku | PremiumStore.sk";"A-Z TRADERS dodáva hotové rozvádzače pre fotovoltaické inštalácie. Rad R-FVE je predpripravený vrátane prepäťovej ochrany triedy I+II, v DC aj AC variantoch…";"";"";"";"";"";"";
"258";"Ruhhy";"ruhhy";"<p>Ruhhy je poľská značka drobných potrieb pre domácnosť. Ponúka dávkovače mydla, digitálne váhy, elektrické grily, osvetlenie, ventilátory a praktické doplnky do kuchyne a kúpeľne.</p><p>Značku Ruhhy nájdete na PremiumStore.sk v kategóriách <a href=""/potreby-pre-domacnost/"">Potreby pre domácnosť</a>, <a href=""/osvetlenie/"">Osvetlenie</a>, <a href=""/vzduchotechnika/"">Vzduchotechnika</a> a <a href=""/sanitarna-technika/"">Sanitárna technika</a>.</p>";"";"0";"1";"Ruhhy – doplnky do domácnosti | PremiumStore.sk";"Ruhhy je poľská značka drobných potrieb pre domácnosť. Ponúka dávkovače mydla, digitálne váhy, elektrické grily, osvetlenie, ventilátory a praktické doplnky…";"";"";"";"";"";"";
"2415";"Maono";"maono";"<p>Maono vyrába mikrofóny pre streaming, podcast a hranie. Dynamický rad PD (napr. PD200x) je určený na hlasový prejav s USB aj XLR pripojením, herné modely DM majú RGB podsvietenie.</p><p>Značku Maono nájdete na PremiumStore.sk v kategóriách <a href=""/herne-prislusenstvo-3/"">Herné príslušenstvo</a>, <a href=""/pocitace-mobily-a-tablety/"">Počítače, mobily a tablety</a> a <a href=""/audio-technika/"">Audio technika</a>.</p>";"";"0";"1";"Maono – mikrofóny pre streaming a podcast | PremiumStore.sk";"Maono vyrába mikrofóny pre streaming, podcast a hranie. Dynamický rad PD (napr. PD200x) je určený na hlasový prejav s USB aj XLR pripojením, herné modely DM…";"";"";"";"";"";"";
"2526";"ANCEL";"ancel";"<p>ANCEL vyrába diagnostické prístroje pre autoservis. Ťažiskom sú testery autobatérií a štartovacích systémov vrátane Bluetooth a tlačiarňových verzií, a OBD2 diagnostické jednotky.</p><p>Značku ANCEL nájdete na PremiumStore.sk v kategórii <a href=""/garaz--dielna--servis/"">Garáž, dielňa, servis</a>.</p>";"";"0";"1";"ANCEL – diagnostika a testery autobatérií | PremiumStore.sk";"ANCEL vyrába diagnostické prístroje pre autoservis. Ťažiskom sú testery autobatérií a štartovacích systémov vrátane Bluetooth a tlačiarňových verzií, a OBD2…";"";"";"";"";"";"";
"1815";"Roborock";"roborock";"<p>Roborock je jeden z popredných výrobcov robotických vysávačov. Modely radu Q a S kombinujú vysávanie s mopovaním, LiDAR navigáciu s mapovaním bytu a samovyprázdňovacie dokovacie stanice.</p><p>Značku Roborock nájdete na PremiumStore.sk v kategórii <a href=""/vysavace/"">Vysávače</a>.</p>";"";"0";"1";"Roborock – robotické vysávače | PremiumStore.sk";"Roborock je jeden z popredných výrobcov robotických vysávačov. Modely radu Q a S kombinujú vysávanie s mopovaním, LiDAR navigáciu s mapovaním bytu a…";"";"";"";"";"";"";
"2646";"Flytec";"flytec";"<p>Flytec vyrába zavážacie loďky pre rybárov a príslušenstvo k nim. Modely radu 2011 dovezú návnadu na dlhú vzdialenosť, k nim značka dodáva náhradné batérie s kapacitou 12 000 až 20 000 mAh.</p><p>Značku Flytec nájdete na PremiumStore.sk v kategórii <a href=""/outdoor/"">Outdoor</a>.</p>";"";"0";"1";"Flytec – zavážacie loďky a rybárska elektronika | PremiumStore.sk";"Flytec vyrába zavážacie loďky pre rybárov a príslušenstvo k nim. Modely radu 2011 dovezú návnadu na dlhú vzdialenosť, k nim značka dodáva náhradné batérie s…";"";"";"";"";"";"";
"2703";"AOCHUAN";"aochuan";"<p>AOCHUAN vyrába gimbaly a stabilizátory pre smartfóny a kompaktné kamery. Modely radu X, S a XE využívajú AI sledovanie objektu, sú skladacie a určené na mobilné natáčanie a vlogovanie.</p><p>Značku AOCHUAN nájdete na PremiumStore.sk v kategórii <a href=""/gimbaly-a-stabilizatory-2/"">Gimbály a stabilizátory</a>.</p>";"";"0";"1";"AOCHUAN – gimbaly a stabilizátory | PremiumStore.sk";"AOCHUAN vyrába gimbaly a stabilizátory pre smartfóny a kompaktné kamery. Modely radu X, S a XE využívajú AI sledovanie objektu, sú skladacie a určené na…";"";"";"";"";"";"";
"1233";"Tcl";"tcl";"<p>TCL je jeden z najväčších svetových výrobcov televízorov. V ponuke sú QLED a QD-MiniLED modely so systémom Google TV v uhlopriečkach od 50 do 85 palcov, vrátane herných modelov s vysokou obnovovacou frekvenciou.</p><p>Značku Tcl nájdete na PremiumStore.sk v kategórii <a href=""/televizory/"">Televízory</a>.</p>";"";"0";"1";"Tcl – televízory QLED a MiniLED | PremiumStore.sk";"TCL je jeden z najväčších svetových výrobcov televízorov. V ponuke sú QLED a QD-MiniLED modely so systémom Google TV v uhlopriečkach od 50 do 85 palcov…";"";"";"";"";"";"";
"486";"Bros";"bros";"<p>BROS je poľská značka prípravkov proti hmyzu a škodcom. Ponúka repelenty proti komárom a kliešťom vrátane sprejov na odev, lapače múch, prípravky proti mravcom, hlodavcom a moliam.</p><p>Značku Bros nájdete na PremiumStore.sk v kategórii <a href=""/odpudzovace-a-lapace-hmyzu/"">Odpudzovače a lapače hmyzu</a>.</p>";"";"0";"1";"Bros – ochrana proti hmyzu a škodcom | PremiumStore.sk";"BROS je poľská značka prípravkov proti hmyzu a škodcom. Ponúka repelenty proti komárom a kliešťom vrátane sprejov na odev, lapače múch, prípravky proti…";"";"";"";"";"";"";
"279";"Teletek";"teletek";"<p>TeleTek je výrobca komponentov pre spoločné televízne a satelitné rozvody. Špecializuje sa na multiprepínače v konfiguráciách od 5/8 po 9/48 účastníkov, zosilňovače a rozbočovače pre bytové domy.</p><p>Značku Teletek nájdete na PremiumStore.sk v kategórii <a href=""/anteny-a-satelity/"">Antény a satelity</a>.</p>";"";"0";"1";"Teletek – multiprepínače a satelitné rozvody | PremiumStore.sk";"TeleTek je výrobca komponentov pre spoločné televízne a satelitné rozvody. Špecializuje sa na multiprepínače v konfiguráciách od 5/8 po 9/48 účastníkov…";"";"";"";"";"";"";
"2019";"HPA";"hpa";"<p>HPA je francúzska značka profesionálneho ozvučenia. Vyrába výkonové PA zosilňovače radu AM, 100V rozhlasové systémy, reproduktory a konferenčné a tlmočnícke zariadenia.</p><p>Značku HPA nájdete na PremiumStore.sk v kategóriách <a href=""/podium--diskoteka--dj/"">Pódium, diskotéka, DJ</a>, <a href=""/plosne-ozvucenie--100v-rozhlasove-ozvucenie/"">Plošné ozvučenie (100V rozhlasové ozvučenie)</a> a <a href=""/tlmocnicke--sprievodcovske-a-konferencne-systemy/"">Tlmočnícke, sprievodcovské a konferenčné systémy</a>.</p>";"";"0";"1";"HPA – PA zosilňovače a ozvučenie | PremiumStore.sk";"HPA je francúzska značka profesionálneho ozvučenia. Vyrába výkonové PA zosilňovače radu AM, 100V rozhlasové systémy, reproduktory a konferenčné a tlmočnícke…";"";"";"";"";"";"";
"2367";"OneOdio";"oneodio";"<p>OneOdio vyrába náhlavné slúchadlá pre DJ, štúdio aj bežné počúvanie. Rad A zahŕňa drôtové monitorovacie modely s dvojitým vstupom 3,5 a 6,3 mm aj bezdrôtové Bluetooth verzie s dlhou výdržou.</p><p>Značku OneOdio nájdete na PremiumStore.sk v kategórii <a href=""/audio-technika/"">Audio technika</a>.</p>";"";"0";"1";"OneOdio – štúdiové a bezdrôtové slúchadlá | PremiumStore.sk";"OneOdio vyrába náhlavné slúchadlá pre DJ, štúdio aj bežné počúvanie. Rad A zahŕňa drôtové monitorovacie modely s dvojitým vstupom 3,5 a 6,3 mm aj bezdrôtové…";"";"";"";"";"";"";
"2478";"CYCPLUS";"cycplus";"<p>CYCPLUS vyrába elektroniku pre cyklistov. Ponúka GPS cyklopočítače radu M s mapami a navigáciou, senzory kadencie a rýchlosti a miniatúrne elektrické pumpy na pneumatiky.</p><p>Značku CYCPLUS nájdete na PremiumStore.sk v kategóriách <a href=""/prislusenstvo-pre-bicykle/"">Príslušenstvo pre bicykle</a>, <a href=""/fitness-naradie-a-vybavenie/"">Fitness náradie a vybavenie</a> a <a href=""/elektricke-bicykle/"">Elektrické bicykle</a>.</p>";"";"0";"1";"CYCPLUS – cyklopočítače a mini pumpy | PremiumStore.sk";"CYCPLUS vyrába elektroniku pre cyklistov. Ponúka GPS cyklopočítače radu M s mapami a navigáciou, senzory kadencie a rýchlosti a miniatúrne elektrické pumpy…";"";"";"";"";"";"";
"2583";"IsEasy";"iseasy";"<p>IsEasy je značka vstavaných varných spotrebičov. Ponúka sklokeramické, elektrické a indukčné varné dosky v dvoj- až päťzónových prevedeniach a kuchynské príslušenstvo.</p><p>Značku IsEasy nájdete na PremiumStore.sk v kategóriách <a href=""/kuchynske-prislusenstvo/"">Kuchynské príslušenstvo</a> a <a href=""/domace-spotrebice/"">Domáce spotrebiče</a>.</p>";"";"0";"1";"IsEasy – varné dosky a kuchynské spotrebiče | PremiumStore.sk";"IsEasy je značka vstavaných varných spotrebičov. Ponúka sklokeramické, elektrické a indukčné varné dosky v dvoj- až päťzónových prevedeniach a kuchynské…";"";"";"";"";"";"";
"1002";"Tannoy";"tannoy";"<p>Tannoy je britská značka reproduktorov s vyše storočnou históriou a charakteristickou koaxiálnou konštrukciou Dual Concentric. Ponúka štúdiové monitory radov Reveal a Gold a inštalačné 100V reproduktory.</p><p>Značku Tannoy nájdete na PremiumStore.sk v kategóriách <a href=""/plosne-ozvucenie--100v-rozhlasove-ozvucenie/"">Plošné ozvučenie (100V rozhlasové ozvučenie)</a> a <a href=""/reproduktory-2/"">Reproduktory</a>.</p>";"";"0";"1";"Tannoy – štúdiové monitory a inštalačné reproduktory | PremiumStore.sk";"Tannoy je britská značka reproduktorov s vyše storočnou históriou a charakteristickou koaxiálnou konštrukciou Dual Concentric. Ponúka štúdiové monitory radov…";"";"";"";"";"";"";
"1170";"Beper";"beper";"<p>Beper je talianska značka dostupných spotrebičov a vybavenia domácnosti. V ponuke sú hriankovače a sendvičovače, kuchynské pomôcky, nádobie, ventilátory a prístroje pre osobnú starostlivosť.</p><p>Značku Beper nájdete na PremiumStore.sk v kategóriách <a href=""/nadobie/"">Nádobie</a>, <a href=""/sendvicovace--hriankovace--vaflovace/"">Sendvičovače, hriankovače, vaflovače</a>, <a href=""/starostlivost-o-vlasy/"">Starostlivosť o vlasy</a> a <a href=""/kuchynske-roboty-a-krajace/"">Kuchynské roboty a krájače</a>.</p>";"";"0";"1";"Beper – malé spotrebiče a nádobie | PremiumStore.sk";"Beper je talianska značka dostupných spotrebičov a vybavenia domácnosti. V ponuke sú hriankovače a sendvičovače, kuchynské pomôcky, nádobie, ventilátory a…";"";"";"";"";"";"";
